2026/10/09 03:53:10.263, 0, 23, 97871, 0, 93.93
2026/10/09 03:53:10.267, 1, 9, 97871, 0, 93.03
2026/10/09 03:53:10.271, 2, 15, 97871, 0, 91.30
2026/10/09 03:53:10.274, 3, 16, 97871, 0, 97.33
2026/10/09 03:53:11.278, 0, 23, 97871, 0, 93.72
2026/10/09 03:53:11.278, 1, 9, 97871, 0, 92.84
2026/10/09 03:53:11.278, 2, 15, 97871, 0, 91.14
2026/10/09 03:53:11.278, 3, 16, 97871, 0, 97.27
2026/10/09 03:53:12.278, 0, 23, 97871, 0, 93.81
2026/10/09 03:53:12.278, 1, 9, 97871, 0, 92.62
2026/10/09 03:53:12.278, 2, 15, 97871, 0, 91.16
2026/10/09 03:53:12.278, 3, 16, 97871, 0, 97.26
2026/10/09 03:53:13.278, 0, 23, 97871, 0, 93.81
2026/10/09 03:53:13.278, 1, 9, 97871, 0, 92.78
2026/10/09 03:53:13.278, 2, 15, 97871, 0, 91.17
2026/10/09 03:53:13.278, 3, 16, 97871, 0, 97.45
2026/10/09 03:53:14.278, 0, 23, 97871, 0, 93.73
2026/10/09 03:53:14.278, 1, 9, 97871, 0, 92.80
2026/10/09 03:53:14.278, 2, 15, 97871, 0, 91.06
2026/10/09 03:53:14.279, 3, 16, 97871, 0, 97.43
2026/10/09 03:53:15.279, 0, 23, 97871, 0, 93.75
2026/10/09 03:53:15.279, 1, 9, 97871, 0, 92.86
2026/10/09 03:53:15.279, 2, 15, 97871, 0, 91.14
2026/10/09 03:53:15.279, 3, 16, 97871, 0, 97.32
2026/10/09 03:53:16.279, 0, 23, 97871, 0, 93.76
2026/10/09 03:53:16.308, 1, 9, 97871, 0, 92.97
2026/10/09 03:53:16.352, 2, 15, 97871, 0, 91.17
2026/10/09 03:53:16.352, 3, 16, 97871, 0, 97.47
2026/10/09 03:53:17.352, 0, 23, 97871, 0, 93.59
2026/10/09 03:53:17.352, 1, 9, 97871, 0, 92.75
2026/10/09 03:53:17.352, 2, 15, 97871, 0, 91.31
2026/10/09 03:53:17.352, 3, 16, 97871, 0, 97.31
2026/10/09 03:53:18.352, 0, 23, 97871, 0, 93.66
2026/10/09 03:53:18.353, 1, 9, 97871, 0, 92.51
2026/10/09 03:53:18.353, 2, 15, 97871, 0, 91.22
2026/10/09 03:53:18.353, 3, 16, 97871, 0, 97.30
2026/10/09 03:53:19.353, 0, 23, 97871, 0, 93.76
2026/10/09 03:53:19.353, 1, 9, 97871, 0, 93.06
2026/10/09 03:53:19.353, 2, 15, 97871, 0, 91.50
2026/10/09 03:53:19.353, 3, 16, 97871, 0, 97.41
2026/10/09 03:53:20.353, 0, 23, 97871, 0, 93.88
2026/10/09 03:53:20.353, 1, 9, 97871, 0, 92.82
2026/10/09 03:53:20.353, 2, 15, 97871, 0, 91.60
2026/10/09 03:53:20.353, 3, 16, 97871, 0, 97.60
2026/10/09 03:53:21.353, 0, 23, 97871, 0, 93.76
2026/10/09 03:53:21.353, 1, 9, 97871, 0, 92.91
2026/10/09 03:53:21.353, 2, 15, 97871, 0, 91.61
2026/10/09 03:53:21.353, 3, 16, 97871, 0, 97.54
2026/10/09 03:53:22.354, 0, 23, 97871, 0, 93.86
2026/10/09 03:53:22.354, 1, 9, 97871, 0, 92.69
2026/10/09 03:53:22.354, 2, 15, 97871, 0, 91.64
2026/10/09 03:53:22.354, 3, 16, 97871, 0, 97.44
2026/10/09 03:53:23.354, 0, 23, 97871, 0, 93.81
2026/10/09 03:53:23.354, 1, 9, 97871, 0, 92.61
2026/10/09 03:53:23.354, 2, 15, 97871, 0, 91.65
2026/10/09 03:53:23.354, 3, 16, 97871, 0, 97.49
2026/10/09 03:53:24.354, 0, 23, 97871, 0, 93.74
2026/10/09 03:53:24.354, 1, 9, 97871, 0, 93.05
2026/10/09 03:53:24.354, 2, 15, 97871, 0, 91.73
2026/10/09 03:53:24.355, 3, 16, 97871, 0, 97.41
2026/10/09 03:53:25.355, 0, 23, 97871, 0, 94.33
2026/10/09 03:53:25.355, 1, 9, 97871, 0, 93.20
2026/10/09 03:53:25.355, 2, 15, 97871, 0, 91.90
2026/10/09 03:53:25.355, 3, 16, 97871, 0, 97.70
2026/10/09 03:53:26.355, 0, 23, 97871, 0, 94.27
2026/10/09 03:53:26.355, 1, 9, 97871, 0, 92.98
2026/10/09 03:53:26.355, 2, 15, 97871, 0, 91.59
2026/10/09 03:53:26.355, 3, 16, 97871, 0, 97.46
2026/10/09 03:53:27.355, 0, 23, 97871, 0, 93.81
2026/10/09 03:53:27.383, 1, 9, 97871, 0, 92.96
2026/10/09 03:53:27.427, 2, 15, 97871, 0, 91.35
2026/10/09 03:53:27.472, 3, 16, 97871, 0, 97.33
2026/10/09 03:53:28.520, 0, 23, 97871, 0, 93.79
2026/10/09 03:53:28.520, 1, 9, 97871, 0, 92.75
2026/10/09 03:53:28.520, 2, 15, 97871, 0, 91.46
2026/10/09 03:53:28.520, 3, 16, 97871, 0, 97.33
2026/10/09 03:53:29.520, 0, 23, 97871, 0, 93.86
2026/10/09 03:53:29.557, 1, 9, 97871, 0, 92.73
2026/10/09 03:53:29.605, 2, 15, 97871, 0, 91.41
2026/10/09 03:53:29.741, 3, 16, 97871, 0, 97.16
2026/10/09 03:53:30.857, 0, 23, 97871, 0, 93.90
2026/10/09 03:53:30.857, 1, 9, 97871, 0, 93.25
2026/10/09 03:53:30.857, 2, 15, 97871, 0, 91.32
2026/10/09 03:53:30.857, 3, 16, 97871, 0, 97.25
2026/10/09 03:53:31.857, 0, 23, 97871, 0, 94.04
2026/10/09 03:53:31.857, 1, 9, 97871, 0, 93.32
2026/10/09 03:53:31.857, 2, 15, 97871, 0, 91.52
2026/10/09 03:53:31.857, 3, 16, 97871, 0, 97.32
2026/10/09 03:53:32.858, 0, 23, 97871, 0, 93.88
2026/10/09 03:53:32.858, 1, 9, 97871, 0, 93.35
2026/10/09 03:53:32.858, 2, 15, 97871, 0, 91.44
2026/10/09 03:53:32.858, 3, 16, 97871, 0, 97.18
2026/10/09 03:53:33.858, 0, 23, 97871, 0, 94.07
2026/10/09 03:53:33.858, 1, 9, 97871, 0, 93.36
2026/10/09 03:53:33.858, 2, 15, 97871, 0, 91.50
2026/10/09 03:53:33.858, 3, 16, 97871, 0, 97.19
2026/10/09 03:53:34.858, 0, 23, 97871, 0, 94.14
2026/10/09 03:53:34.896, 1, 9, 97871, 0, 93.52
2026/10/09 03:53:35.037, 2, 15, 97871, 0, 91.46
2026/10/09 03:53:35.153, 3, 16, 97871, 0, 97.24
2026/10/09 03:53:36.175, 0, 23, 97871, 0, 94.13
2026/10/09 03:53:36.175, 1, 9, 97871, 0, 94.00
2026/10/09 03:53:36.175, 2, 15, 97871, 0, 91.48
2026/10/09 03:53:36.175, 3, 16, 97871, 0, 97.33
2026/10/09 03:53:37.175, 0, 23, 97871, 0, 94.02
2026/10/09 03:53:37.176, 1, 9, 97871, 0, 93.67
2026/10/09 03:53:37.176, 2, 15, 97871, 0, 91.47
2026/10/09 03:53:37.176, 3, 16, 97871, 0, 97.29
2026/10/09 03:53:38.176, 0, 23, 97871, 0, 93.89
2026/10/09 03:53:38.176, 1, 9, 97871, 0, 93.35
2026/10/09 03:53:38.176, 2, 15, 97871, 0, 91.44
2026/10/09 03:53:38.176, 3, 16, 97871, 0, 97.27
2026/10/09 03:53:39.176, 0, 23, 97871, 0, 93.95
2026/10/09 03:53:39.176, 1, 9, 97871, 0, 93.25
2026/10/09 03:53:39.176, 2, 15, 97871, 0, 91.55
2026/10/09 03:53:39.176, 3, 16, 97871, 0, 97.40
2026/10/09 03:53:40.176, 0, 23, 97871, 0, 93.85
2026/10/09 03:53:40.176, 1, 9, 97871, 0, 93.06
2026/10/09 03:53:40.176, 2, 15, 97871, 0, 91.63
2026/10/09 03:53:40.176, 3, 16, 97871, 0, 97.46
2026/10/09 03:53:41.176, 0, 23, 97871, 0, 93.97
2026/10/09 03:53:41.177, 1, 9, 97871, 0, 92.87
2026/10/09 03:53:41.177, 2, 15, 97871, 0, 91.66
2026/10/09 03:53:41.177, 3, 16, 97871, 0, 97.37
2026/10/09 03:53:42.177, 0, 23, 97871, 0, 93.95
2026/10/09 03:53:42.177, 1, 9, 97871, 0, 93.00
2026/10/09 03:53:42.177, 2, 15, 97871, 0, 91.72
2026/10/09 03:53:42.177, 3, 16, 97871, 0, 97.24
2026/10/09 03:53:43.177, 0, 23, 97871, 0, 93.99
2026/10/09 03:53:43.177, 1, 9, 97871, 0, 92.94
2026/10/09 03:53:43.177, 2, 15, 97871, 0, 91.61
2026/10/09 03:53:43.177, 3, 16, 97871, 0, 97.26
2026/10/09 03:53:44.177, 0, 23, 97871, 0, 93.91
2026/10/09 03:53:44.177, 1, 9, 97871, 0, 92.99
2026/10/09 03:53:44.177, 2, 15, 97871, 0, 91.76
2026/10/09 03:53:44.177, 3, 16, 97871, 0, 97.18
2026/10/09 03:53:45.177, 0, 23, 97871, 0, 93.93
2026/10/09 03:53:45.177, 1, 9, 97871, 0, 92.97
2026/10/09 03:53:45.177, 2, 15, 97871, 0, 91.78
2026/10/09 03:53:45.177, 3, 16, 97871, 0, 97.31
2026/10/09 03:53:46.178, 0, 23, 97871, 0, 93.89
2026/10/09 03:53:46.178, 1, 9, 97871, 0, 92.97
2026/10/09 03:53:46.178, 2, 15, 97871, 0, 91.63
2026/10/09 03:53:46.178, 3, 16, 97871, 0, 97.09
2026/10/09 03:53:47.178, 0, 23, 97871, 0, 93.94
2026/10/09 03:53:47.178, 1, 9, 97871, 0, 93.27
2026/10/09 03:53:47.178, 2, 15, 97871, 0, 91.63
2026/10/09 03:53:47.178, 3, 16, 97871, 0, 97.21
2026/10/09 03:53:48.178, 0, 23, 97871, 0, 94.26
2026/10/09 03:53:48.178, 1, 9, 97871, 0, 93.81
2026/10/09 03:53:48.178, 2, 15, 97871, 0, 91.58
2026/10/09 03:53:48.178, 3, 16, 97871, 0, 97.44
2026/10/09 03:53:49.178, 0, 23, 97871, 0, 94.42
2026/10/09 03:53:49.179, 1, 9, 97871, 0, 93.62
2026/10/09 03:53:49.179, 2, 15, 97871, 0, 91.93
2026/10/09 03:53:49.179, 3, 16, 97871, 0, 97.78
2026/10/09 03:53:50.179, 0, 23, 97871, 0, 94.10
2026/10/09 03:53:50.179, 1, 9, 97871, 0, 93.12
2026/10/09 03:53:50.179, 2, 15, 97871, 0, 91.83
2026/10/09 03:53:50.179, 3, 16, 97871, 0, 97.37
2026/10/09 03:53:51.179, 0, 23, 97871, 0, 94.08
2026/10/09 03:53:51.179, 1, 9, 97871, 0, 93.00
2026/10/09 03:53:51.179, 2, 15, 97871, 0, 91.68
2026/10/09 03:53:51.179, 3, 16, 97871, 0, 97.46
2026/10/09 03:53:52.179, 0, 23, 97871, 0, 94.32
2026/10/09 03:53:52.180, 1, 9, 97871, 0, 93.67
2026/10/09 03:53:52.180, 2, 15, 97871, 0, 91.89
2026/10/09 03:53:52.180, 3, 16, 97871, 0, 97.55
2026/10/09 03:53:53.180, 0, 23, 97871, 0, 94.01
2026/10/09 03:53:53.180, 1, 9, 97871, 0, 93.19
2026/10/09 03:53:53.180, 2, 15, 97871, 0, 91.56
2026/10/09 03:53:53.180, 3, 16, 97871, 0, 97.32
2026/10/09 03:53:54.180, 0, 23, 97871, 0, 93.85
2026/10/09 03:53:54.180, 1, 9, 97871, 0, 93.74
2026/10/09 03:53:54.180, 2, 15, 97871, 0, 91.55
2026/10/09 03:53:54.180, 3, 16, 97871, 0, 97.26
2026/10/09 03:53:55.180, 0, 23, 97871, 0, 94.14
2026/10/09 03:53:55.180, 1, 9, 97871, 0, 92.86
2026/10/09 03:53:55.180, 2, 15, 97871, 0, 91.79
2026/10/09 03:53:55.180, 3, 16, 97871, 0, 97.72
2026/10/09 03:53:56.180, 0, 23, 97871, 0, 94.25
2026/10/09 03:53:56.181, 1, 9, 97871, 0, 92.80
2026/10/09 03:53:56.181, 2, 15, 97871, 0, 91.48
2026/10/09 03:53:56.181, 3, 16, 97871, 0, 97.44
2026/10/09 03:53:57.181, 0, 23, 97871, 0, 94.15
2026/10/09 03:53:57.181, 1, 9, 97871, 0, 93.02
2026/10/09 03:53:57.181, 2, 15, 97871, 0, 91.46
2026/10/09 03:53:57.181, 3, 16, 97871, 0, 97.37
2026/10/09 03:53:58.181, 0, 23, 97871, 0, 94.06
2026/10/09 03:53:58.181, 1, 9, 97871, 0, 93.84
2026/10/09 03:53:58.181, 2, 15, 97871, 0, 91.56
2026/10/09 03:53:58.181, 3, 16, 97871, 0, 97.33
2026/10/09 03:53:59.181, 0, 23, 97871, 0, 93.82
2026/10/09 03:53:59.181, 1, 9, 97871, 0, 93.08
2026/10/09 03:53:59.181, 2, 15, 97871, 0, 91.67
2026/10/09 03:53:59.181, 3, 16, 97871, 0, 97.29
2026/10/09 03:54:00.182, 0, 23, 97871, 0, 94.08
2026/10/09 03:54:00.182, 1, 9, 97871, 0, 93.96
2026/10/09 03:54:00.182, 2, 15, 97871, 0, 91.88
2026/10/09 03:54:00.182, 3, 16, 97871, 0, 97.33
2026/10/09 03:54:01.182, 0, 23, 97871, 0, 93.80
2026/10/09 03:54:01.214, 1, 9, 97871, 0, 92.76
2026/10/09 03:54:01.259, 2, 15, 97871, 0, 91.46
2026/10/09 03:54:01.325, 3, 16, 97871, 0, 97.14
2026/10/09 03:54:02.371, 0, 23, 97871, 0, 93.65
2026/10/09 03:54:02.407, 1, 9, 97871, 0, 92.72
2026/10/09 03:54:02.451, 2, 15, 97871, 0, 91.50
2026/10/09 03:54:02.570, 3, 16, 97871, 0, 97.13
2026/10/09 03:54:03.571, 0, 23, 97871, 0, 93.85
2026/10/09 03:54:03.661, 1, 9, 97871, 0, 93.79
2026/10/09 03:54:03.708, 2, 15, 97871, 0, 91.67
2026/10/09 03:54:03.756, 3, 16, 97871, 0, 97.19
2026/10/09 03:54:04.802, 0, 23, 97871, 0, 93.82
2026/10/09 03:54:04.802, 1, 9, 97871, 0, 93.31
2026/10/09 03:54:04.802, 2, 15, 97871, 0, 91.53
2026/10/09 03:54:04.802, 3, 16, 97871, 0, 97.07
2026/10/09 03:54:05.803, 0, 23, 97871, 0, 93.84
2026/10/09 03:54:05.803, 1, 9, 97871, 0, 93.20
2026/10/09 03:54:05.803, 2, 15, 97871, 0, 91.64
2026/10/09 03:54:05.803, 3, 16, 97871, 0, 97.04
2026/10/09 03:54:06.803, 0, 23, 97871, 0, 93.92
2026/10/09 03:54:06.803, 1, 9, 97871, 0, 93.17
2026/10/09 03:54:06.803, 2, 15, 97871, 0, 91.61
2026/10/09 03:54:06.803, 3, 16, 97871, 0, 97.11
2026/10/09 03:54:07.803, 0, 23, 97871, 0, 93.82
2026/10/09 03:54:07.803, 1, 9, 97871, 0, 93.34
2026/10/09 03:54:07.803, 2, 15, 97871, 0, 91.66
2026/10/09 03:54:07.803, 3, 16, 97871, 0, 97.09
2026/10/09 03:54:08.803, 0, 23, 97871, 0, 93.85
2026/10/09 03:54:08.803, 1, 9, 97871, 0, 94.31
2026/10/09 03:54:08.803, 2, 15, 97871, 0, 91.93
2026/10/09 03:54:08.803, 3, 16, 97871, 0, 97.64
2026/10/09 03:54:09.804, 0, 23, 97871, 0, 93.89
2026/10/09 03:54:09.804, 1, 9, 97871, 0, 94.25
2026/10/09 03:54:09.804, 2, 15, 97871, 0, 91.59
2026/10/09 03:54:09.804, 3, 16, 97871, 0, 97.51
2026/10/09 03:54:10.804, 0, 23, 97871, 0, 93.94
2026/10/09 03:54:10.804, 1, 9, 97871, 0, 93.51
2026/10/09 03:54:10.804, 2, 15, 97871, 0, 91.51
2026/10/09 03:54:10.804, 3, 16, 97871, 0, 97.26
2026/10/09 03:54:11.804, 0, 23, 97871, 0, 94.16
2026/10/09 03:54:11.804, 1, 9, 97871, 0, 93.39
2026/10/09 03:54:11.804, 2, 15, 97871, 0, 91.55
2026/10/09 03:54:11.804, 3, 16, 97871, 0, 97.25
2026/10/09 03:54:12.805, 0, 23, 97871, 0, 94.46
2026/10/09 03:54:12.805, 1, 9, 97871, 0, 94.61
2026/10/09 03:54:12.805, 2, 15, 97871, 0, 91.86
2026/10/09 03:54:12.805, 3, 16, 97871, 0, 97.65
2026/10/09 03:54:13.805, 0, 23, 97871, 0, 94.39
2026/10/09 03:54:13.805, 1, 9, 97871, 0, 94.02
2026/10/09 03:54:13.805, 2, 15, 97871, 0, 91.54
2026/10/09 03:54:13.805, 3, 16, 97871, 0, 97.32
2026/10/09 03:54:14.805, 0, 23, 97871, 0, 93.91
2026/10/09 03:54:14.805, 1, 9, 97871, 0, 92.94
2026/10/09 03:54:14.805, 2, 15, 97871, 0, 91.53
2026/10/09 03:54:14.805, 3, 16, 97871, 0, 97.14
2026/10/09 03:54:15.805, 0, 23, 97871, 0, 93.63
2026/10/09 03:54:15.805, 1, 9, 97871, 0, 92.57
2026/10/09 03:54:15.805, 2, 15, 97871, 0, 91.41
2026/10/09 03:54:15.805, 3, 16, 97871, 0, 97.03
2026/10/09 03:54:16.806, 0, 23, 97871, 0, 93.77
2026/10/09 03:54:16.806, 1, 9, 97871, 0, 92.75
2026/10/09 03:54:16.806, 2, 15, 97871, 0, 91.50
2026/10/09 03:54:16.806, 3, 16, 97871, 0, 97.51
2026/10/09 03:54:17.806, 0, 23, 97871, 0, 93.79
2026/10/09 03:54:17.806, 1, 9, 97871, 0, 92.74
2026/10/09 03:54:17.806, 2, 15, 97871, 0, 91.65
2026/10/09 03:54:17.806, 3, 16, 97871, 0, 97.66
2026/10/09 03:54:18.806, 0, 23, 97871, 0, 93.79
2026/10/09 03:54:18.806, 1, 9, 97871, 0, 92.66
2026/10/09 03:54:18.806, 2, 15, 97871, 0, 91.63
2026/10/09 03:54:18.806, 3, 16, 97871, 0, 97.46
2026/10/09 03:54:19.806, 0, 23, 97871, 0, 93.74
2026/10/09 03:54:19.806, 1, 9, 97871, 0, 92.54
2026/10/09 03:54:19.807, 2, 15, 97871, 0, 91.60
2026/10/09 03:54:19.807, 3, 16, 97871, 0, 97.43
2026/10/09 03:54:20.807, 0, 23, 97871, 0, 93.86
2026/10/09 03:54:20.807, 1, 9, 97871, 0, 92.75
2026/10/09 03:54:20.807, 2, 15, 97871, 0, 91.72
2026/10/09 03:54:20.807, 3, 16, 97871, 0, 97.50
2026/10/09 03:54:21.807, 0, 23, 97871, 0, 93.84
2026/10/09 03:54:21.807, 1, 9, 97871, 0, 92.68
2026/10/09 03:54:21.807, 2, 15, 97871, 0, 91.77
2026/10/09 03:54:21.807, 3, 16, 97871, 0, 97.51
2026/10/09 03:54:22.807, 0, 23, 97871, 0, 93.70
2026/10/09 03:54:22.807, 1, 9, 97871, 0, 92.66
2026/10/09 03:54:22.807, 2, 15, 97871, 0, 91.59
2026/10/09 03:54:22.807, 3, 16, 97871, 0, 97.24
2026/10/09 03:54:23.808, 0, 23, 97871, 0, 93.74
2026/10/09 03:54:23.808, 1, 9, 97871, 0, 92.71
2026/10/09 03:54:23.808, 2, 15, 97871, 0, 91.60
2026/10/09 03:54:23.808, 3, 15, 97871, 0, 97.36
2026/10/09 03:54:24.808, 0, 23, 97871, 0, 93.91
2026/10/09 03:54:24.808, 1, 9, 97871, 0, 93.88
2026/10/09 03:54:24.808, 2, 15, 97871, 0, 91.83
2026/10/09 03:54:24.808, 3, 15, 97871, 0, 97.41
2026/10/09 03:54:25.808, 0, 23, 97871, 0, 93.78
2026/10/09 03:54:25.844, 1, 9, 97871, 0, 93.73
2026/10/09 03:54:25.844, 2, 15, 97871, 0, 91.51
2026/10/09 03:54:25.844, 3, 15, 97871, 0, 97.19
2026/10/09 03:54:26.845, 0, 23, 97871, 0, 93.93
2026/10/09 03:54:26.867, 1, 9, 97871, 0, 93.29
2026/10/09 03:54:26.915, 2, 15, 97871, 0, 91.47
2026/10/09 03:54:27.010, 3, 15, 97871, 0, 97.15
2026/10/09 03:54:28.148, 0, 23, 97871, 0, 93.76
2026/10/09 03:54:28.149, 1, 9, 97871, 0, 93.73
2026/10/09 03:54:28.149, 2, 15, 97871, 0, 91.50
2026/10/09 03:54:28.149, 3, 15, 97871, 0, 97.19
2026/10/09 03:54:29.149, 0, 23, 97871, 0, 93.81
2026/10/09 03:54:29.149, 1, 9, 97871, 0, 93.71
2026/10/09 03:54:29.149, 2, 15, 97871, 0, 91.46
2026/10/09 03:54:29.149, 3, 15, 97871, 0, 97.09
2026/10/09 03:54:30.149, 0, 23, 97871, 0, 93.81
2026/10/09 03:54:30.149, 1, 9, 97871, 0, 93.94
2026/10/09 03:54:30.149, 2, 15, 97871, 0, 91.53
2026/10/09 03:54:30.149, 3, 15, 97871, 0, 97.19
2026/10/09 03:54:31.149, 0, 23, 97871, 0, 93.84
2026/10/09 03:54:31.150, 1, 9, 97871, 0, 93.49
2026/10/09 03:54:31.150, 2, 15, 97871, 0, 91.58
2026/10/09 03:54:31.150, 3, 15, 97871, 0, 97.30
2026/10/09 03:54:32.150, 0, 23, 97871, 0, 93.98
2026/10/09 03:54:32.150, 1, 9, 97871, 0, 94.12
2026/10/09 03:54:32.150, 2, 15, 97871, 0, 91.54
2026/10/09 03:54:32.150, 3, 15, 97871, 0, 97.35
2026/10/09 03:54:33.151, 0, 23, 97871, 0, 93.87
2026/10/09 03:54:33.151, 1, 9, 97871, 0, 94.04
2026/10/09 03:54:33.151, 2, 15, 97871, 0, 91.51
2026/10/09 03:54:33.151, 3, 15, 97871, 0, 97.19
2026/10/09 03:54:34.151, 0, 23, 97871, 0, 94.05
2026/10/09 03:54:34.151, 1, 9, 97871, 0, 94.35
2026/10/09 03:54:34.151, 2, 15, 97871, 0, 91.80
2026/10/09 03:54:34.151, 3, 15, 97871, 0, 97.55
2026/10/09 03:54:35.151, 0, 23, 97871, 0, 93.98
2026/10/09 03:54:35.152, 1, 9, 97871, 0, 94.57
2026/10/09 03:54:35.152, 2, 15, 97871, 0, 91.49
2026/10/09 03:54:35.152, 3, 15, 97871, 0, 97.15
2026/10/09 03:54:36.152, 0, 23, 97871, 0, 93.73
2026/10/09 03:54:36.152, 1, 9, 97871, 0, 94.40
2026/10/09 03:54:36.152, 2, 15, 97871, 0, 91.48
2026/10/09 03:54:36.152, 3, 15, 97871, 0, 97.12
2026/10/09 03:54:37.152, 0, 23, 97871, 0, 93.72
2026/10/09 03:54:37.152, 1, 9, 97871, 0, 94.15
2026/10/09 03:54:37.152, 2, 15, 97871, 0, 91.45
2026/10/09 03:54:37.152, 3, 15, 97871, 0, 97.18
2026/10/09 03:54:38.152, 0, 23, 97871, 0, 93.94
2026/10/09 03:54:38.152, 1, 9, 97871, 0, 94.04
2026/10/09 03:54:38.152, 2, 15, 97871, 0, 91.44
2026/10/09 03:54:38.152, 3, 15, 97871, 0, 97.25
2026/10/09 03:54:39.152, 0, 23, 97871, 0, 93.74
2026/10/09 03:54:39.152, 1, 9, 97871, 0, 94.03
2026/10/09 03:54:39.152, 2, 15, 97871, 0, 91.47
2026/10/09 03:54:39.152, 3, 15, 97871, 0, 97.12
2026/10/09 03:54:40.152, 0, 23, 97871, 0, 93.77
2026/10/09 03:54:40.152, 1, 9, 97871, 0, 94.07
2026/10/09 03:54:40.153, 2, 15, 97871, 0, 91.44
2026/10/09 03:54:40.153, 3, 15, 97871, 0, 97.17
2026/10/09 03:54:41.153, 0, 23, 97871, 0, 93.68
2026/10/09 03:54:41.153, 1, 9, 97871, 0, 94.56
2026/10/09 03:54:41.153, 2, 15, 97871, 0, 91.50
2026/10/09 03:54:41.153, 3, 15, 97871, 0, 97.16
2026/10/09 03:54:42.153, 0, 23, 97871, 0, 93.81
2026/10/09 03:54:42.153, 1, 9, 97871, 0, 94.65
2026/10/09 03:54:42.153, 2, 15, 97871, 0, 91.59
2026/10/09 03:54:42.153, 3, 15, 97871, 0, 97.14
2026/10/09 03:54:43.153, 0, 23, 97871, 0, 93.97
2026/10/09 03:54:43.153, 1, 9, 97871, 0, 94.27
2026/10/09 03:54:43.153, 2, 15, 97871, 0, 91.56
2026/10/09 03:54:43.153, 3, 15, 97871, 0, 97.07
2026/10/09 03:54:44.153, 0, 23, 97871, 0, 93.80
2026/10/09 03:54:44.154, 1, 9, 97871, 0, 94.08
2026/10/09 03:54:44.154, 2, 15, 97871, 0, 91.44
2026/10/09 03:54:44.154, 3, 15, 97871, 0, 97.02
2026/10/09 03:54:45.154, 0, 23, 97871, 0, 93.61
2026/10/09 03:54:45.154, 1, 9, 97871, 0, 94.13
2026/10/09 03:54:45.154, 2, 15, 97871, 0, 91.38
2026/10/09 03:54:45.154, 3, 15, 97871, 0, 97.04
2026/10/09 03:54:46.154, 0, 23, 97871, 0, 93.71
2026/10/09 03:54:46.154, 1, 9, 97871, 0, 94.15
2026/10/09 03:54:46.154, 2, 15, 97871, 0, 91.60
2026/10/09 03:54:46.154, 3, 15, 97871, 0, 97.34
2026/10/09 03:54:47.154, 0, 23, 97871, 0, 93.74
2026/10/09 03:54:47.154, 1, 9, 97871, 0, 93.89
2026/10/09 03:54:47.154, 2, 15, 97871, 0, 91.53
2026/10/09 03:54:47.154, 3, 15, 97871, 0, 97.46
2026/10/09 03:54:48.154, 0, 23, 97871, 0, 93.67
2026/10/09 03:54:48.154, 1, 9, 97871, 0, 94.37
2026/10/09 03:54:48.154, 2, 15, 97871, 0, 91.59
2026/10/09 03:54:48.154, 3, 15, 97871, 0, 97.41
2026/10/09 03:54:49.154, 0, 23, 97871, 0, 93.75
2026/10/09 03:54:49.154, 1, 9, 97871, 0, 94.01
2026/10/09 03:54:49.154, 2, 15, 97871, 0, 91.49
2026/10/09 03:54:49.154, 3, 15, 97871, 0, 97.26
2026/10/09 03:54:50.155, 0, 23, 97871, 0, 93.75
2026/10/09 03:54:50.155, 1, 9, 97871, 0, 94.00
2026/10/09 03:54:50.155, 2, 15, 97871, 0, 91.65
2026/10/09 03:54:50.155, 3, 15, 97871, 0, 97.47
2026/10/09 03:54:51.155, 0, 23, 97871, 0, 93.81
2026/10/09 03:54:51.155, 1, 9, 97871, 0, 94.11
2026/10/09 03:54:51.155, 2, 15, 97871, 0, 91.62
2026/10/09 03:54:51.155, 3, 15, 97871, 0, 97.43
2026/10/09 03:54:52.155, 0, 23, 97871, 0, 93.64
2026/10/09 03:54:52.155, 1, 9, 97871, 0, 94.03
2026/10/09 03:54:52.155, 2, 15, 97871, 0, 91.44
2026/10/09 03:54:52.155, 3, 15, 97871, 0, 97.18
2026/10/09 03:54:53.155, 0, 23, 97871, 0, 93.63
2026/10/09 03:54:53.155, 1, 9, 97871, 0, 94.49
2026/10/09 03:54:53.155, 2, 15, 97871, 0, 91.45
2026/10/09 03:54:53.155, 3, 15, 97871, 0, 97.29
2026/10/09 03:54:54.155, 0, 23, 97871, 0, 93.63
2026/10/09 03:54:54.155, 1, 9, 97871, 0, 94.25
2026/10/09 03:54:54.156, 2, 15, 97871, 0, 91.44
2026/10/09 03:54:54.156, 3, 15, 97871, 0, 97.25
2026/10/09 03:54:55.156, 0, 23, 97871, 0, 93.54
2026/10/09 03:54:55.156, 1, 9, 97871, 0, 93.94
2026/10/09 03:54:55.156, 2, 15, 97871, 0, 91.47
2026/10/09 03:54:55.156, 3, 15, 97871, 0, 97.14
2026/10/09 03:54:56.156, 0, 23, 97871, 0, 93.91
2026/10/09 03:54:56.156, 1, 9, 97871, 0, 94.21
2026/10/09 03:54:56.156, 2, 15, 97871, 0, 91.53
2026/10/09 03:54:56.156, 3, 15, 97871, 0, 97.22
2026/10/09 03:54:57.156, 0, 23, 97871, 0, 93.51
2026/10/09 03:54:57.156, 1, 9, 97871, 0, 93.90
2026/10/09 03:54:57.156, 2, 15, 97871, 0, 91.48
2026/10/09 03:54:57.156, 3, 15, 97871, 0, 97.21
2026/10/09 03:54:58.156, 0, 23, 97871, 0, 93.49
2026/10/09 03:54:58.157, 1, 9, 97871, 0, 93.82
2026/10/09 03:54:58.157, 2, 15, 97871, 0, 91.51
2026/10/09 03:54:58.157, 3, 15, 97871, 0, 97.29
2026/10/09 03:54:59.157, 0, 23, 97871, 0, 93.58
2026/10/09 03:54:59.157, 1, 9, 97871, 0, 94.08
2026/10/09 03:54:59.157, 2, 15, 97871, 0, 91.50
2026/10/09 03:54:59.157, 3, 15, 97871, 0, 97.17
2026/10/09 03:55:00.157, 0, 23, 97871, 0, 93.61
2026/10/09 03:55:00.157, 1, 9, 97871, 0, 93.97
2026/10/09 03:55:00.157, 2, 15, 97871, 0, 91.38
2026/10/09 03:55:00.157, 3, 15, 97871, 0, 97.19
2026/10/09 03:55:01.157, 0, 23, 97871, 0, 93.60
2026/10/09 03:55:01.157, 1, 9, 97871, 0, 94.08
2026/10/09 03:55:01.157, 2, 15, 97871, 0, 91.52
2026/10/09 03:55:01.157, 3, 15, 97871, 0, 97.26
2026/10/09 03:55:02.157, 0, 23, 97871, 0, 93.64
2026/10/09 03:55:02.158, 1, 9, 97871, 0, 94.01
2026/10/09 03:55:02.158, 2, 15, 97871, 0, 91.42
2026/10/09 03:55:02.158, 3, 15, 97871, 0, 97.21
2026/10/09 03:55:03.158, 0, 23, 97871, 0, 93.65
2026/10/09 03:55:03.158, 1, 9, 97871, 0, 94.08
2026/10/09 03:55:03.158, 2, 15, 97871, 0, 91.42
2026/10/09 03:55:03.158, 3, 15, 97871, 0, 97.31
2026/10/09 03:55:04.158, 0, 23, 97871, 0, 93.66
2026/10/09 03:55:04.158, 1, 9, 97871, 0, 94.01
2026/10/09 03:55:04.158, 2, 15, 97871, 0, 91.45
2026/10/09 03:55:04.158, 3, 15, 97871, 0, 97.17
2026/10/09 03:55:05.158, 0, 23, 97871, 0, 93.87
2026/10/09 03:55:05.158, 1, 9, 97871, 0, 93.99
2026/10/09 03:55:05.158, 2, 15, 97871, 0, 91.35
2026/10/09 03:55:05.158, 3, 15, 97871, 0, 97.13
2026/10/09 03:55:06.159, 0, 23, 97871, 0, 93.70
2026/10/09 03:55:06.159, 1, 9, 97871, 0, 94.16
2026/10/09 03:55:06.159, 2, 15, 97871, 0, 91.47
2026/10/09 03:55:06.159, 3, 15, 97871, 0, 97.30
2026/10/09 03:55:07.159, 0, 23, 97871, 0, 93.62
2026/10/09 03:55:07.159, 1, 9, 97871, 0, 93.80
2026/10/09 03:55:07.159, 2, 15, 97871, 0, 91.40
2026/10/09 03:55:07.159, 3, 15, 97871, 0, 97.40
2026/10/09 03:55:08.159, 0, 23, 97871, 0, 93.81
2026/10/09 03:55:08.159, 1, 9, 97871, 0, 94.20
2026/10/09 03:55:08.159, 2, 15, 97871, 0, 91.40
2026/10/09 03:55:08.159, 3, 15, 97871, 0, 97.33
2026/10/09 03:55:09.159, 0, 23, 97871, 0, 93.73
2026/10/09 03:55:09.159, 1, 9, 97871, 0, 94.05
2026/10/09 03:55:09.159, 2, 15, 97871, 0, 91.53
2026/10/09 03:55:09.159, 3, 15, 97871, 0, 97.23
2026/10/09 03:55:10.159, 0, 23, 97871, 0, 93.78
2026/10/09 03:55:10.180, 1, 9, 97871, 0, 94.02
2026/10/09 03:55:10.228, 2, 15, 97871, 0, 91.53
2026/10/09 03:55:10.253, 3, 15, 97871, 0, 97.22
2026/10/09 03:55:11.253, 0, 23, 97871, 0, 93.79
2026/10/09 03:55:11.253, 1, 9, 97871, 0, 94.03
2026/10/09 03:55:11.253, 2, 15, 97871, 0, 91.52
2026/10/09 03:55:11.253, 3, 15, 97871, 0, 97.22
2026/10/09 03:55:12.253, 0, 0, 97871, 0, 93.80
2026/10/09 03:55:12.253, 1, 0, 97871, 0, 93.76
2026/10/09 03:55:12.253, 2, 0, 97871, 0, 91.62
2026/10/09 03:55:12.253, 3, 0, 97871, 0, 97.44
2026/10/09 03:55:13.253, 0, 0, 97871, 0, 93.82
2026/10/09 03:55:13.253, 1, 0, 97871, 0, 94.60
2026/10/09 03:55:13.254, 2, 0, 97871, 0, 91.63
2026/10/09 03:55:13.254, 3, 0, 97871, 0, 97.37
2026/10/09 03:55:14.254, 0, 0, 97871, 0, 93.56
2026/10/09 03:55:14.254, 1, 0, 97871, 0, 94.36
2026/10/09 03:55:14.254, 2, 0, 97871, 0, 91.53
2026/10/09 03:55:14.254, 3, 0, 97871, 0, 97.24
2026/10/09 03:55:15.254, 0, 0, 97871, 0, 93.56
2026/10/09 03:55:15.254, 1, 0, 97871, 0, 94.09
2026/10/09 03:55:15.254, 2, 0, 97871, 0, 91.57
2026/10/09 03:55:15.254, 3, 0, 97871, 0, 97.24
2026/10/09 03:55:16.254, 0, 0, 97871, 0, 93.76
2026/10/09 03:55:16.254, 1, 0, 97871, 0, 93.99
2026/10/09 03:55:16.255, 2, 0, 97871, 0, 91.63
2026/10/09 03:55:16.255, 3, 0, 97871, 0, 97.49
2026/10/09 03:55:17.255, 0, 0, 97871, 0, 94.09
2026/10/09 03:55:17.255, 1, 0, 97871, 0, 94.19
2026/10/09 03:55:17.255, 2, 0, 97871, 0, 91.77
2026/10/09 03:55:17.255, 3, 0, 97871, 0, 97.46
2026/10/09 03:55:18.255, 0, 0, 97871, 0, 93.91
2026/10/09 03:55:18.255, 1, 0, 97871, 0, 94.78
2026/10/09 03:55:18.255, 2, 0, 97871, 0, 91.97
2026/10/09 03:55:18.255, 3, 0, 97871, 0, 97.49
2026/10/09 03:55:19.255, 0, 0, 97871, 0, 93.89
2026/10/09 03:55:19.256, 1, 0, 97871, 0, 94.33
2026/10/09 03:55:19.256, 2, 0, 97871, 0, 91.67
2026/10/09 03:55:19.256, 3, 0, 97871, 0, 97.53
2026/10/09 03:55:20.256, 0, 0, 97871, 0, 93.83
2026/10/09 03:55:20.256, 1, 0, 97871, 0, 94.68
2026/10/09 03:55:20.256, 2, 0, 97871, 0, 91.67
2026/10/09 03:55:20.256, 3, 0, 97871, 0, 97.56
2026/10/09 03:55:21.256, 0, 0, 97871, 0, 93.78
2026/10/09 03:55:21.256, 1, 0, 97871, 0, 94.17
2026/10/09 03:55:21.256, 2, 0, 97871, 0, 91.66
2026/10/09 03:55:21.256, 3, 0, 97871, 0, 97.52
2026/10/09 03:55:22.256, 0, 0, 97871, 0, 93.81
2026/10/09 03:55:22.257, 1, 0, 97871, 0, 94.42
2026/10/09 03:55:22.257, 2, 0, 97871, 0, 91.75
2026/10/09 03:55:22.257, 3, 0, 97871, 0, 97.25
2026/10/09 03:55:23.257, 0, 1, 97871, 0, 93.84
2026/10/09 03:55:23.585, 1, 1, 97871, 0, 92.94
2026/10/09 03:55:23.585, 2, 1, 97871, 0, 91.60
2026/10/09 03:55:23.587, 3, 1, 97871, 0, 97.52
2026/10/09 03:55:24.588, 0, 1, 97871, 0, 93.83
2026/10/09 03:55:24.616, 1, 1, 97871, 0, 92.68
2026/10/09 03:55:24.616, 2, 1, 97871, 0, 91.57
2026/10/09 03:55:24.616, 3, 1, 97871, 0, 97.25
2026/10/09 03:55:25.617, 0, 727, 97871, 2, 106.83
2026/10/09 03:55:25.618, 1, 1, 97871, 0, 93.21
2026/10/09 03:55:25.618, 2, 1, 97871, 0, 91.48
2026/10/09 03:55:25.618, 3, 1, 97871, 0, 97.28
2026/10/09 03:55:26.618, 0, 3211, 97871, 0, 137.93
2026/10/09 03:55:26.618, 1, 1, 97871, 0, 93.22
2026/10/09 03:55:26.618, 2, 1, 97871, 0, 91.68
2026/10/09 03:55:26.618, 3, 1, 97871, 0, 97.33
2026/10/09 03:55:27.618, 0, 3211, 97871, 0, 137.32
2026/10/09 03:55:27.618, 1, 1, 97871, 0, 93.94
2026/10/09 03:55:27.618, 2, 1, 97871, 0, 91.83
2026/10/09 03:55:27.618, 3, 1, 97871, 0, 97.45
2026/10/09 03:55:28.618, 0, 16347, 97871, 0, 138.12
2026/10/09 03:55:28.618, 1, 1, 97871, 0, 93.93
2026/10/09 03:55:28.618, 2, 1, 97871, 0, 91.93
2026/10/09 03:55:28.619, 3, 1, 97871, 0, 97.70
2026/10/09 03:55:29.619, 0, 16347, 97871, 0, 137.29
2026/10/09 03:55:29.619, 1, 1, 97871, 0, 93.46
2026/10/09 03:55:29.619, 2, 1, 97871, 0, 91.56
2026/10/09 03:55:29.619, 3, 1, 97871, 0, 97.46
2026/10/09 03:55:30.619, 0, 20623, 97871, 0, 138.44
2026/10/09 03:55:30.619, 1, 1, 97871, 0, 93.14
2026/10/09 03:55:30.619, 2, 1, 97871, 0, 91.49
2026/10/09 03:55:30.619, 3, 1, 97871, 0, 97.56
2026/10/09 03:55:31.619, 0, 20623, 97871, 0, 137.15
2026/10/09 03:55:31.620, 1, 1, 97871, 0, 93.76
2026/10/09 03:55:31.620, 2, 1, 97871, 0, 91.49
2026/10/09 03:55:31.620, 3, 1, 97871, 0, 97.19
2026/10/09 03:55:32.620, 0, 20623, 97871, 3, 137.85
2026/10/09 03:55:32.620, 1, 1, 97871, 0, 95.58
2026/10/09 03:55:32.620, 2, 1, 97871, 0, 92.03
2026/10/09 03:55:32.620, 3, 1, 97871, 0, 97.62
2026/10/09 03:55:33.620, 0, 20623, 97871, 3, 138.55
2026/10/09 03:55:33.620, 1, 1, 97871, 0, 96.98
2026/10/09 03:55:33.620, 2, 1, 97871, 0, 93.82
2026/10/09 03:55:33.620, 3, 1, 97871, 0, 97.96
2026/10/09 03:55:34.620, 0, 20623, 97871, 2, 138.33
2026/10/09 03:55:34.691, 1, 1, 97871, 0, 95.15
2026/10/09 03:55:34.760, 2, 1, 97871, 0, 92.68
2026/10/09 03:55:34.761, 3, 1, 97871, 0, 97.99
2026/10/09 03:55:35.761, 0, 20623, 97871, 11, 138.42
2026/10/09 03:55:35.761, 1, 1, 97871, 0, 96.05
2026/10/09 03:55:35.761, 2, 1, 97871, 0, 91.89
2026/10/09 03:55:35.761, 3, 1, 97871, 0, 97.47
2026/10/09 03:55:36.761, 0, 20623, 97871, 2, 137.90
2026/10/09 03:55:36.762, 1, 1, 97871, 0, 94.84
2026/10/09 03:55:36.762, 2, 1, 97871, 0, 91.72
2026/10/09 03:55:36.762, 3, 1, 97871, 0, 97.52
2026/10/09 03:55:37.762, 0, 18933, 97871, 0, 137.23
2026/10/09 03:55:38.099, 1, 1, 97871, 0, 93.94
2026/10/09 03:55:38.101, 2, 1, 97871, 0, 91.49
2026/10/09 03:55:38.102, 3, 1, 97871, 0, 97.24
2026/10/09 03:55:39.103, 0, 18933, 97871, 0, 137.22
2026/10/09 03:55:39.104, 1, 1, 97871, 0, 93.07
2026/10/09 03:55:39.108, 2, 1, 97871, 0, 91.60
2026/10/09 03:55:39.109, 3, 1, 97871, 0, 97.28
2026/10/09 03:55:40.110, 0, 18933, 97871, 0, 137.39
2026/10/09 03:55:40.161, 1, 4, 97871, 0, 93.29
2026/10/09 03:55:40.191, 2, 3, 97871, 0, 121.80
2026/10/09 03:55:40.218, 3, 4, 97871, 0, 97.65
2026/10/09 03:55:41.218, 0, 18933, 97871, 0, 137.26
2026/10/09 03:55:41.218, 1, 3339, 97871, 1, 136.90
2026/10/09 03:55:41.218, 2, 3339, 97871, 0, 141.15
2026/10/09 03:55:41.218, 3, 983, 97871, 0, 111.50
2026/10/09 03:55:42.218, 0, 18933, 97871, 0, 137.25
2026/10/09 03:55:42.218, 1, 20751, 97871, 3, 142.14
2026/10/09 03:55:42.218, 2, 20751, 97871, 10, 141.27
2026/10/09 03:55:42.218, 3, 20531, 97871, 6, 145.69
2026/10/09 03:55:43.218, 0, 18933, 97871, 0, 136.95
2026/10/09 03:55:43.218, 1, 20751, 97871, 2, 146.44
2026/10/09 03:55:43.218, 2, 20751, 97871, 7, 142.38
2026/10/09 03:55:43.219, 3, 20751, 97871, 28, 145.41
2026/10/09 03:55:44.219, 0, 18933, 97871, 0, 137.21
2026/10/09 03:55:44.219, 1, 20751, 97871, 2, 142.83
2026/10/09 03:55:44.219, 2, 20751, 97871, 8, 141.44
2026/10/09 03:55:44.219, 3, 20751, 97871, 7, 144.84
2026/10/09 03:55:45.219, 0, 18933, 97871, 0, 137.42
2026/10/09 03:55:45.219, 1, 25051, 97871, 0, 141.23
2026/10/09 03:55:45.219, 2, 25051, 97871, 0, 140.41
2026/10/09 03:55:45.219, 3, 25051, 97871, 3, 145.52
2026/10/09 03:55:46.219, 0, 18933, 97871, 0, 137.20
2026/10/09 03:55:46.219, 1, 25051, 97871, 1, 138.97
2026/10/09 03:55:46.219, 2, 25051, 97871, 4, 139.24
2026/10/09 03:55:46.219, 3, 25051, 97871, 4, 143.89
2026/10/09 03:55:47.220, 0, 18933, 97871, 0, 137.22
2026/10/09 03:55:47.220, 1, 25051, 97871, 0, 139.91
2026/10/09 03:55:47.220, 2, 25051, 97871, 2, 139.32
2026/10/09 03:55:47.220, 3, 25051, 97871, 0, 143.95
2026/10/09 03:55:48.220, 0, 19125, 97871, 0, 137.38
2026/10/09 03:55:48.220, 1, 25051, 97871, 1, 140.65
2026/10/09 03:55:48.220, 2, 25051, 97871, 0, 139.79
2026/10/09 03:55:48.220, 3, 25051, 97871, 3, 144.24
2026/10/09 03:55:49.220, 0, 19185, 97871, 0, 171.10
2026/10/09 03:55:49.220, 1, 22433, 97871, 0, 140.18
2026/10/09 03:55:49.220, 2, 22465, 97871, 0, 139.20
2026/10/09 03:55:49.220, 3, 22465, 97871, 0, 144.03
2026/10/09 03:55:50.220, 0, 19185, 97871, 0, 172.76
2026/10/09 03:55:50.221, 1, 22433, 97871, 0, 139.52
2026/10/09 03:55:50.221, 2, 22465, 97871, 0, 139.19
2026/10/09 03:55:50.221, 3, 22465, 97871, 0, 143.92
2026/10/09 03:55:51.221, 0, 19597, 97871, 30, 194.38
2026/10/09 03:55:51.221, 1, 22433, 97871, 0, 139.24
2026/10/09 03:55:51.221, 2, 22465, 97871, 0, 138.83
2026/10/09 03:55:51.221, 3, 22465, 97871, 0, 143.65
2026/10/09 03:55:52.221, 0, 19597, 97871, 0, 169.65
2026/10/09 03:55:52.221, 1, 22433, 97871, 0, 139.14
2026/10/09 03:55:52.221, 2, 22465, 97871, 0, 138.95
2026/10/09 03:55:52.221, 3, 22465, 97871, 0, 143.75
2026/10/09 03:55:53.221, 0, 19597, 97871, 0, 137.27
2026/10/09 03:55:53.221, 1, 22433, 97871, 0, 139.19
2026/10/09 03:55:53.221, 2, 22465, 97871, 0, 139.03
2026/10/09 03:55:53.222, 3, 22465, 97871, 0, 143.80
2026/10/09 03:55:54.222, 0, 19597, 97871, 0, 202.61
2026/10/09 03:55:54.222, 1, 22433, 97871, 0, 139.39
2026/10/09 03:55:54.222, 2, 22465, 97871, 0, 139.15
2026/10/09 03:55:54.222, 3, 22465, 97871, 0, 143.56
2026/10/09 03:55:55.222, 0, 19597, 97871, 0, 137.24
2026/10/09 03:55:55.222, 1, 22433, 97871, 0, 138.84
2026/10/09 03:55:55.222, 2, 22465, 97871, 0, 138.99
2026/10/09 03:55:55.222, 3, 22465, 97871, 0, 143.69
2026/10/09 03:55:56.222, 0, 19597, 97871, 0, 137.17
2026/10/09 03:55:56.222, 1, 22433, 97871, 0, 139.04
2026/10/09 03:55:56.222, 2, 22465, 97871, 0, 139.09
2026/10/09 03:55:56.223, 3, 22465, 97871, 0, 143.61
2026/10/09 03:55:57.223, 0, 20269, 97871, 73, 176.18
2026/10/09 03:55:57.223, 1, 22685, 97871, 0, 139.98
2026/10/09 03:55:57.223, 2, 22717, 97871, 72, 161.72
2026/10/09 03:55:57.223, 3, 22717, 97871, 79, 168.73
2026/10/09 03:55:58.223, 0, 20269, 97871, 0, 211.73
2026/10/09 03:55:58.223, 1, 22685, 97871, 0, 188.26
2026/10/09 03:55:58.223, 2, 22717, 97871, 0, 167.36
2026/10/09 03:55:58.223, 3, 22717, 97871, 0, 170.13
2026/10/09 03:55:59.223, 0, 20269, 97871, 0, 137.41
2026/10/09 03:55:59.224, 1, 23097, 97871, 25, 187.05
2026/10/09 03:55:59.224, 2, 23129, 97871, 0, 189.75
2026/10/09 03:55:59.224, 3, 23129, 97871, 1, 192.32
2026/10/09 03:56:00.224, 0, 20269, 97871, 0, 185.34
2026/10/09 03:56:00.224, 1, 23097, 97871, 25, 174.34
2026/10/09 03:56:00.224, 2, 23129, 97871, 0, 196.55
2026/10/09 03:56:00.224, 3, 23129, 97871, 0, 202.29
2026/10/09 03:56:01.224, 0, 20269, 97871, 0, 137.50
2026/10/09 03:56:01.224, 1, 23097, 97871, 0, 161.66
2026/10/09 03:56:01.224, 2, 23129, 97871, 0, 139.71
2026/10/09 03:56:01.224, 3, 23129, 97871, 0, 144.72
2026/10/09 03:56:02.225, 0, 20269, 97871, 0, 137.34
2026/10/09 03:56:02.225, 1, 23097, 97871, 0, 205.92
2026/10/09 03:56:02.225, 2, 23129, 97871, 0, 207.47
2026/10/09 03:56:02.225, 3, 23129, 97871, 0, 215.89
2026/10/09 03:56:03.225, 0, 20269, 97871, 0, 137.18
2026/10/09 03:56:03.225, 1, 23097, 97871, 0, 138.63
2026/10/09 03:56:03.225, 2, 23129, 97871, 0, 139.37
2026/10/09 03:56:03.225, 3, 23129, 97871, 0, 142.95
2026/10/09 03:56:04.225, 0, 20333, 97871, 94, 227.12
2026/10/09 03:56:04.225, 1, 23097, 97871, 0, 138.53
2026/10/09 03:56:04.225, 2, 23129, 97871, 0, 139.52
2026/10/09 03:56:04.225, 3, 23129, 97871, 0, 142.94
2026/10/09 03:56:05.226, 0, 21005, 97871, 0, 383.07
2026/10/09 03:56:05.226, 1, 23097, 97871, 0, 138.43
2026/10/09 03:56:05.226, 2, 23129, 97871, 0, 139.32
2026/10/09 03:56:05.226, 3, 23801, 97871, 33, 155.34
2026/10/09 03:56:06.226, 0, 21005, 97871, 0, 137.82
2026/10/09 03:56:06.226, 1, 23769, 97871, 0, 253.56
2026/10/09 03:56:06.226, 2, 23801, 97871, 0, 246.89
2026/10/09 03:56:06.226, 3, 23801, 97871, 0, 244.12
2026/10/09 03:56:07.226, 0, 77781, 97871, 14, 145.06
2026/10/09 03:56:07.226, 1, 23769, 97871, 0, 138.96
2026/10/09 03:56:07.226, 2, 23801, 97871, 0, 139.57
2026/10/09 03:56:07.227, 3, 23801, 97871, 0, 143.04
2026/10/09 03:56:08.227, 0, 77979, 97871, 21, 362.49
2026/10/09 03:56:08.227, 1, 23769, 97871, 0, 249.57
2026/10/09 03:56:08.227, 2, 23801, 97871, 0, 239.25
2026/10/09 03:56:08.227, 3, 23801, 97871, 0, 249.41
2026/10/09 03:56:09.227, 0, 78065, 97871, 16, 212.95
2026/10/09 03:56:09.227, 1, 23769, 97871, 0, 139.24
2026/10/09 03:56:09.227, 2, 23801, 97871, 0, 139.82
2026/10/09 03:56:09.227, 3, 23801, 97871, 0, 143.21
2026/10/09 03:56:10.227, 0, 78407, 97871, 28, 196.62
2026/10/09 03:56:10.227, 1, 23769, 97871, 0, 138.74
2026/10/09 03:56:10.228, 2, 23801, 97871, 0, 139.17
2026/10/09 03:56:10.228, 3, 23801, 97871, 0, 142.89
2026/10/09 03:56:11.228, 0, 78361, 97871, 15, 196.71
2026/10/09 03:56:11.228, 1, 23769, 97871, 0, 197.35
2026/10/09 03:56:11.228, 2, 23801, 97871, 0, 188.72
2026/10/09 03:56:11.228, 3, 23801, 97871, 0, 195.28
2026/10/09 03:56:12.228, 0, 78361, 97871, 0, 137.75
2026/10/09 03:56:12.228, 1, 23769, 97871, 0, 138.63
2026/10/09 03:56:12.228, 2, 23801, 97871, 0, 139.18
2026/10/09 03:56:12.228, 3, 23801, 97871, 0, 143.59
2026/10/09 03:56:13.228, 0, 78361, 97871, 0, 137.21
2026/10/09 03:56:13.228, 1, 23769, 97871, 0, 138.17
2026/10/09 03:56:13.228, 2, 23801, 97871, 0, 139.49
2026/10/09 03:56:13.228, 3, 23801, 97871, 0, 143.33
2026/10/09 03:56:14.229, 0, 78879, 97871, 0, 145.83
2026/10/09 03:56:14.229, 1, 25177, 97871, 92, 330.70
2026/10/09 03:56:14.229, 2, 23865, 97871, 89, 202.24
2026/10/09 03:56:14.229, 3, 23865, 97871, 94, 264.00
2026/10/09 03:56:15.229, 0, 78879, 97871, 0, 138.54
2026/10/09 03:56:15.229, 1, 25177, 97871, 0, 321.61
2026/10/09 03:56:15.229, 2, 25209, 97871, 54, 448.17
2026/10/09 03:56:15.229, 3, 25209, 97871, 0, 384.73
2026/10/09 03:56:16.229, 0, 79405, 97871, 1, 139.06
2026/10/09 03:56:16.229, 1, 25177, 97871, 0, 139.48
2026/10/09 03:56:16.229, 2, 25209, 97871, 0, 140.74
2026/10/09 03:56:16.229, 3, 25209, 97871, 0, 143.53
2026/10/09 03:56:17.230, 0, 79407, 97871, 0, 142.57
2026/10/09 03:56:17.230, 1, 25177, 97871, 0, 138.99
2026/10/09 03:56:17.230, 2, 25209, 97871, 0, 139.99
2026/10/09 03:56:17.230, 3, 25209, 97871, 0, 143.15
2026/10/09 03:56:18.230, 0, 79407, 97871, 0, 140.38
2026/10/09 03:56:18.230, 1, 25177, 97871, 0, 152.86
2026/10/09 03:56:18.230, 2, 25209, 97871, 0, 149.05
2026/10/09 03:56:18.230, 3, 25209, 97871, 0, 158.01
2026/10/09 03:56:19.230, 0, 79407, 97871, 0, 137.96
2026/10/09 03:56:19.231, 1, 25177, 97871, 0, 153.95
2026/10/09 03:56:19.231, 2, 25209, 97871, 0, 158.46
2026/10/09 03:56:19.231, 3, 25209, 97871, 2, 156.72
2026/10/09 03:56:20.231, 0, 79407, 97871, 0, 137.95
2026/10/09 03:56:20.231, 1, 25177, 97871, 0, 143.82
2026/10/09 03:56:20.231, 2, 25209, 97871, 18, 154.01
2026/10/09 03:56:20.231, 3, 25209, 97871, 0, 153.57
2026/10/09 03:56:21.231, 0, 79407, 97871, 0, 137.77
2026/10/09 03:56:21.231, 1, 27261, 97871, 0, 148.45
2026/10/09 03:56:21.231, 2, 25209, 97871, 0, 139.88
2026/10/09 03:56:21.231, 3, 27293, 97871, 4, 155.71
2026/10/09 03:56:22.231, 0, 79407, 97871, 0, 137.84
2026/10/09 03:56:22.232, 1, 27261, 97871, 0, 138.88
2026/10/09 03:56:22.232, 2, 27293, 97871, 0, 152.25
2026/10/09 03:56:22.232, 3, 27293, 97871, 0, 142.88
2026/10/09 03:56:23.232, 0, 79407, 97871, 0, 137.72
2026/10/09 03:56:23.232, 1, 27261, 97871, 0, 157.93
2026/10/09 03:56:23.232, 2, 27293, 97871, 0, 139.68
2026/10/09 03:56:23.232, 3, 27293, 97871, 0, 142.62
2026/10/09 03:56:24.232, 0, 79407, 97871, 0, 138.01
2026/10/09 03:56:24.232, 1, 27261, 97871, 0, 150.27
2026/10/09 03:56:24.232, 2, 27293, 97871, 11, 149.68
2026/10/09 03:56:24.232, 3, 27293, 97871, 0, 171.16
2026/10/09 03:56:25.233, 0, 79407, 97871, 0, 137.61
2026/10/09 03:56:25.233, 1, 27261, 97871, 0, 174.55
2026/10/09 03:56:25.233, 2, 27293, 97871, 0, 176.64
2026/10/09 03:56:25.233, 3, 27293, 97871, 0, 160.78
2026/10/09 03:56:26.233, 0, 79407, 97871, 0, 137.52
2026/10/09 03:56:26.233, 1, 27261, 97871, 0, 139.54
2026/10/09 03:56:26.233, 2, 27293, 97871, 0, 190.13
2026/10/09 03:56:26.233, 3, 27293, 97871, 0, 191.98
2026/10/09 03:56:27.233, 0, 79407, 97871, 0, 137.50
2026/10/09 03:56:27.233, 1, 78725, 97871, 30, 163.14
2026/10/09 03:56:27.233, 2, 27293, 97871, 0, 139.59
2026/10/09 03:56:27.233, 3, 27293, 97871, 0, 144.13
2026/10/09 03:56:28.234, 0, 79407, 97871, 0, 137.49
2026/10/09 03:56:28.234, 1, 76325, 97871, 11, 291.17
2026/10/09 03:56:28.234, 2, 78737, 97871, 100, 265.79
2026/10/09 03:56:28.234, 3, 78737, 97871, 48, 318.08
2026/10/09 03:56:29.234, 0, 79407, 97871, 0, 137.38
2026/10/09 03:56:29.234, 1, 76423, 97871, 20, 237.89
2026/10/09 03:56:29.234, 2, 76377, 97871, 22, 240.14
2026/10/09 03:56:29.234, 3, 76385, 97871, 23, 215.78
2026/10/09 03:56:30.234, 0, 79407, 97871, 0, 137.22
2026/10/09 03:56:30.234, 1, 76537, 97871, 15, 199.87
2026/10/09 03:56:30.234, 2, 76483, 97871, 13, 233.40
2026/10/09 03:56:30.234, 3, 76501, 97871, 18, 223.93
2026/10/09 03:56:31.234, 0, 79407, 97871, 0, 137.37
2026/10/09 03:56:31.235, 1, 77229, 97871, 23, 282.36
2026/10/09 03:56:31.235, 2, 77129, 97871, 33, 242.58
2026/10/09 03:56:31.235, 3, 77137, 97871, 43, 285.10
2026/10/09 03:56:32.235, 0, 79407, 97871, 0, 137.37
2026/10/09 03:56:32.235, 1, 77223, 97871, 25, 214.28
2026/10/09 03:56:32.235, 2, 77331, 97871, 31, 319.45
2026/10/09 03:56:32.235, 3, 77179, 97871, 38, 348.15
2026/10/09 03:56:33.235, 0, 79407, 97871, 0, 137.37
2026/10/09 03:56:33.235, 1, 77235, 97871, 0, 183.93
2026/10/09 03:56:33.235, 2, 77211, 97871, 25, 274.25
2026/10/09 03:56:33.235, 3, 77219, 97871, 34, 322.12
2026/10/09 03:56:34.235, 0, 79407, 97871, 0, 137.49
2026/10/09 03:56:34.236, 1, 77235, 97871, 0, 140.37
2026/10/09 03:56:34.236, 2, 77253, 97871, 19, 240.27
2026/10/09 03:56:34.236, 3, 77261, 97871, 29, 298.79
2026/10/09 03:56:35.236, 0, 79407, 97871, 0, 137.51
2026/10/09 03:56:35.236, 1, 77235, 97871, 0, 140.08
2026/10/09 03:56:35.236, 2, 77345, 97871, 16, 213.00
2026/10/09 03:56:35.236, 3, 77421, 97871, 21, 275.68
2026/10/09 03:56:36.236, 0, 79407, 97871, 0, 137.57
2026/10/09 03:56:36.236, 1, 77891, 97871, 0, 158.92
2026/10/09 03:56:36.236, 2, 77821, 97871, 17, 196.69
2026/10/09 03:56:36.236, 3, 77345, 97871, 28, 269.72
2026/10/09 03:56:37.236, 0, 79407, 97871, 0, 137.25
2026/10/09 03:56:37.237, 1, 77891, 97871, 0, 139.12
2026/10/09 03:56:37.237, 2, 77853, 97871, 24, 293.44
2026/10/09 03:56:37.237, 3, 77481, 97871, 21, 251.44
2026/10/09 03:56:38.237, 0, 79407, 97871, 0, 137.48
2026/10/09 03:56:38.237, 1, 78417, 97871, 0, 139.39
2026/10/09 03:56:38.237, 2, 77885, 97871, 3, 206.56
2026/10/09 03:56:38.237, 3, 77425, 97871, 19, 238.73
2026/10/09 03:56:39.237, 0, 79407, 97871, 0, 137.56
2026/10/09 03:56:39.237, 1, 78939, 97871, 0, 145.35
2026/10/09 03:56:39.237, 2, 77885, 97871, 0, 140.26
2026/10/09 03:56:39.237, 3, 77529, 97871, 15, 218.52
2026/10/09 03:56:40.237, 0, 79407, 97871, 0, 137.56
2026/10/09 03:56:40.238, 1, 79981, 97871, 0, 158.06
2026/10/09 03:56:40.238, 2, 77885, 97871, 0, 139.76
2026/10/09 03:56:40.238, 3, 77569, 97871, 17, 221.20
2026/10/09 03:56:41.238, 0, 79407, 97871, 0, 137.43
2026/10/09 03:56:41.238, 1, 79981, 97871, 0, 138.80
2026/10/09 03:56:41.238, 2, 78369, 97871, 8, 174.21
2026/10/09 03:56:41.238, 3, 77599, 97871, 17, 207.32
2026/10/09 03:56:42.238, 0, 79407, 97871, 0, 137.36
2026/10/09 03:56:42.238, 1, 79981, 97871, 0, 138.58
2026/10/09 03:56:42.238, 2, 78631, 97871, 0, 141.19
2026/10/09 03:56:42.238, 3, 77587, 97871, 13, 202.73
2026/10/09 03:56:43.238, 0, 79407, 97871, 0, 137.70
2026/10/09 03:56:43.238, 1, 79981, 97871, 0, 138.71
2026/10/09 03:56:43.239, 2, 79159, 97871, 0, 140.97
2026/10/09 03:56:43.239, 3, 77643, 97871, 15, 201.78
2026/10/09 03:56:44.239, 0, 79407, 97871, 0, 137.75
2026/10/09 03:56:44.239, 1, 79983, 97871, 0, 142.87
2026/10/09 03:56:44.239, 2, 80203, 97871, 1, 146.91
2026/10/09 03:56:44.239, 3, 77669, 97871, 16, 192.80
2026/10/09 03:56:45.239, 0, 79407, 97871, 0, 137.64
2026/10/09 03:56:45.239, 1, 79985, 97871, 0, 138.51
2026/10/09 03:56:45.239, 2, 83329, 97871, 0, 176.91
2026/10/09 03:56:45.239, 3, 77821, 97871, 20, 204.17
2026/10/09 03:56:46.239, 0, 79407, 97871, 0, 137.66
2026/10/09 03:56:46.239, 1, 79985, 97871, 0, 139.25
2026/10/09 03:56:46.240, 2, 83329, 97871, 0, 139.68
2026/10/09 03:56:46.240, 3, 77741, 97871, 0, 159.74
2026/10/09 03:56:47.240, 0, 79407, 97871, 12, 145.66
2026/10/09 03:56:47.240, 1, 79985, 97871, 0, 142.02
2026/10/09 03:56:47.240, 2, 83329, 97871, 0, 139.58
2026/10/09 03:56:47.240, 3, 77741, 97871, 0, 143.23
2026/10/09 03:56:48.240, 0, 79407, 97871, 99, 349.78
2026/10/09 03:56:48.240, 1, 79985, 97871, 0, 139.95
2026/10/09 03:56:48.240, 2, 83329, 97871, 0, 139.40
2026/10/09 03:56:48.240, 3, 77741, 97871, 0, 143.16
2026/10/09 03:56:49.240, 0, 79407, 97871, 99, 454.19
2026/10/09 03:56:49.241, 1, 79985, 97871, 0, 139.45
2026/10/09 03:56:49.241, 2, 83331, 97871, 0, 147.88
2026/10/09 03:56:49.241, 3, 78487, 97871, 0, 172.97
2026/10/09 03:56:50.241, 0, 79407, 97871, 99, 444.41
2026/10/09 03:56:50.241, 1, 79985, 97871, 0, 139.21
2026/10/09 03:56:50.241, 2, 83331, 97871, 0, 139.54
2026/10/09 03:56:50.241, 3, 78489, 97871, 0, 144.11
2026/10/09 03:56:51.241, 0, 79407, 97871, 99, 455.68
2026/10/09 03:56:51.241, 1, 79985, 97871, 0, 138.99
2026/10/09 03:56:51.241, 2, 83331, 97871, 0, 140.97
2026/10/09 03:56:51.241, 3, 80059, 97871, 8, 149.65
2026/10/09 03:56:52.241, 0, 79407, 97871, 93, 451.19
2026/10/09 03:56:52.242, 1, 79985, 97871, 0, 139.37
2026/10/09 03:56:52.242, 2, 83331, 97871, 0, 150.20
2026/10/09 03:56:52.242, 3, 83185, 97871, 0, 183.31
2026/10/09 03:56:53.242, 0, 79407, 97871, 99, 455.59
2026/10/09 03:56:53.242, 1, 79985, 97871, 0, 139.18
2026/10/09 03:56:53.242, 2, 83331, 97871, 0, 139.48
2026/10/09 03:56:53.242, 3, 83185, 97871, 0, 143.28
2026/10/09 03:56:54.242, 0, 79407, 97871, 81, 450.20
2026/10/09 03:56:54.242, 1, 79985, 97871, 0, 139.20
2026/10/09 03:56:54.242, 2, 83331, 97871, 0, 139.44
2026/10/09 03:56:54.242, 3, 83185, 97871, 0, 143.28
2026/10/09 03:56:55.242, 0, 79407, 97871, 99, 455.69
2026/10/09 03:56:55.242, 1, 79985, 97871, 0, 139.35
2026/10/09 03:56:55.242, 2, 83331, 97871, 0, 139.39
2026/10/09 03:56:55.243, 3, 83185, 97871, 0, 143.12
2026/10/09 03:56:56.243, 0, 79407, 97871, 99, 457.20
2026/10/09 03:56:56.243, 1, 79985, 97871, 0, 139.49
2026/10/09 03:56:56.243, 2, 83331, 97871, 0, 139.24
2026/10/09 03:56:56.243, 3, 83185, 97871, 0, 143.13
2026/10/09 03:56:57.243, 0, 79407, 97871, 99, 446.95
2026/10/09 03:56:57.243, 1, 79985, 97871, 0, 139.75
2026/10/09 03:56:57.243, 2, 83331, 97871, 0, 139.40
2026/10/09 03:56:57.243, 3, 83187, 97871, 0, 151.12
2026/10/09 03:56:58.243, 0, 79407, 97871, 95, 457.08
2026/10/09 03:56:58.243, 1, 79985, 97871, 0, 139.29
2026/10/09 03:56:58.243, 2, 83331, 97871, 0, 139.30
2026/10/09 03:56:58.243, 3, 83187, 97871, 0, 142.64
2026/10/09 03:56:59.244, 0, 79407, 97871, 87, 450.23
2026/10/09 03:56:59.244, 1, 79985, 97871, 0, 139.70
2026/10/09 03:56:59.244, 2, 83331, 97871, 0, 139.63
2026/10/09 03:56:59.244, 3, 83187, 97871, 0, 152.17
2026/10/09 03:57:00.244, 0, 79407, 97871, 95, 458.09
2026/10/09 03:57:00.244, 1, 79985, 97871, 0, 139.52
2026/10/09 03:57:00.244, 2, 83331, 97871, 0, 139.27
2026/10/09 03:57:00.244, 3, 83187, 97871, 0, 143.38
2026/10/09 03:57:01.244, 0, 79407, 97871, 99, 461.40
2026/10/09 03:57:01.244, 1, 79985, 97871, 0, 139.16
2026/10/09 03:57:01.244, 2, 83331, 97871, 0, 139.26
2026/10/09 03:57:01.244, 3, 83187, 97871, 0, 143.29
2026/10/09 03:57:02.245, 0, 79407, 97871, 95, 456.20
2026/10/09 03:57:02.245, 1, 79985, 97871, 0, 139.41
2026/10/09 03:57:02.245, 2, 83331, 97871, 0, 139.21
2026/10/09 03:57:02.245, 3, 83187, 97871, 0, 143.29
2026/10/09 03:57:03.245, 0, 79407, 97871, 99, 456.27
2026/10/09 03:57:03.245, 1, 79985, 97871, 0, 139.05
2026/10/09 03:57:03.245, 2, 83331, 97871, 0, 139.30
2026/10/09 03:57:03.245, 3, 83187, 97871, 0, 143.29
2026/10/09 03:57:04.245, 0, 79407, 97871, 99, 456.98
2026/10/09 03:57:04.245, 1, 79985, 97871, 0, 139.21
2026/10/09 03:57:04.245, 2, 83331, 97871, 0, 139.30
2026/10/09 03:57:04.245, 3, 83187, 97871, 0, 143.25
2026/10/09 03:57:05.245, 0, 79407, 97871, 0, 317.90
2026/10/09 03:57:05.246, 1, 79985, 97871, 0, 139.56
2026/10/09 03:57:05.246, 2, 83331, 97871, 0, 139.33
2026/10/09 03:57:05.246, 3, 83187, 97871, 0, 143.36
2026/10/09 03:57:06.246, 0, 79407, 97871, 99, 429.44
2026/10/09 03:57:06.246, 1, 79985, 97871, 0, 139.23
2026/10/09 03:57:06.246, 2, 83331, 97871, 0, 139.33
2026/10/09 03:57:06.246, 3, 83187, 97871, 0, 143.32
2026/10/09 03:57:07.246, 0, 79407, 97871, 99, 461.36
2026/10/09 03:57:07.246, 1, 79985, 97871, 0, 139.39
2026/10/09 03:57:07.246, 2, 83331, 97871, 0, 139.26
2026/10/09 03:57:07.246, 3, 83187, 97871, 0, 143.26
2026/10/09 03:57:08.246, 0, 79407, 97871, 99, 459.10
2026/10/09 03:57:08.247, 1, 79985, 97871, 0, 138.94
2026/10/09 03:57:08.247, 2, 83331, 97871, 0, 139.39
2026/10/09 03:57:08.247, 3, 83187, 97871, 0, 143.32
2026/10/09 03:57:09.247, 0, 79407, 97871, 99, 464.78
2026/10/09 03:57:09.247, 1, 79985, 97871, 0, 139.05
2026/10/09 03:57:09.247, 2, 83331, 97871, 0, 139.26
2026/10/09 03:57:09.247, 3, 83187, 97871, 0, 143.32
2026/10/09 03:57:10.247, 0, 79407, 97871, 99, 463.82
2026/10/09 03:57:10.247, 1, 79985, 97871, 0, 139.18
2026/10/09 03:57:10.247, 2, 83331, 97871, 0, 139.24
2026/10/09 03:57:10.247, 3, 83187, 97871, 0, 143.39
2026/10/09 03:57:11.247, 0, 79407, 97871, 99, 466.37
2026/10/09 03:57:11.247, 1, 79985, 97871, 0, 139.28
2026/10/09 03:57:11.247, 2, 83331, 97871, 0, 139.20
2026/10/09 03:57:11.247, 3, 83187, 97871, 0, 143.36
2026/10/09 03:57:12.248, 0, 79407, 97871, 99, 456.91
2026/10/09 03:57:12.248, 1, 79985, 97871, 0, 139.47
2026/10/09 03:57:12.248, 2, 83331, 97871, 0, 139.45
2026/10/09 03:57:12.248, 3, 83187, 97871, 0, 143.49
2026/10/09 03:57:13.248, 0, 79407, 97871, 99, 460.80
2026/10/09 03:57:13.248, 1, 79985, 97871, 0, 138.91
2026/10/09 03:57:13.248, 2, 83331, 97871, 0, 139.55
2026/10/09 03:57:13.248, 3, 83187, 97871, 0, 143.41
2026/10/09 03:57:14.248, 0, 79407, 97871, 99, 458.12
2026/10/09 03:57:14.248, 1, 79985, 97871, 0, 138.89
2026/10/09 03:57:14.248, 2, 83331, 97871, 0, 139.59
2026/10/09 03:57:14.248, 3, 83187, 97871, 0, 143.68
2026/10/09 03:57:15.248, 0, 79407, 97871, 99, 464.06
2026/10/09 03:57:15.248, 1, 79985, 97871, 0, 138.88
2026/10/09 03:57:15.248, 2, 83331, 97871, 0, 139.42
2026/10/09 03:57:15.248, 3, 83187, 97871, 0, 143.70
2026/10/09 03:57:16.249, 0, 79407, 97871, 99, 453.00
2026/10/09 03:57:16.249, 1, 79985, 97871, 0, 139.00
2026/10/09 03:57:16.249, 2, 83331, 97871, 0, 139.76
2026/10/09 03:57:16.249, 3, 83187, 97871, 0, 143.62
2026/10/09 03:57:17.249, 0, 79407, 97871, 99, 458.10
2026/10/09 03:57:17.249, 1, 79985, 97871, 0, 138.99
2026/10/09 03:57:17.249, 2, 83331, 97871, 0, 139.82
2026/10/09 03:57:17.249, 3, 83187, 97871, 0, 143.68
2026/10/09 03:57:18.249, 0, 79407, 97871, 99, 459.09
2026/10/09 03:57:18.249, 1, 79985, 97871, 0, 146.47
2026/10/09 03:57:18.249, 2, 83331, 97871, 0, 139.65
2026/10/09 03:57:18.249, 3, 83187, 97871, 0, 143.47
2026/10/09 03:57:19.249, 0, 79407, 97871, 99, 464.11
2026/10/09 03:57:19.250, 1, 79985, 97871, 100, 255.48
2026/10/09 03:57:19.250, 2, 83331, 97871, 0, 139.63
2026/10/09 03:57:19.250, 3, 83187, 97871, 0, 143.38
2026/10/09 03:57:20.250, 0, 79407, 97871, 99, 465.91
2026/10/09 03:57:20.250, 1, 79985, 97871, 100, 491.26
2026/10/09 03:57:20.250, 2, 83331, 97871, 0, 139.51
2026/10/09 03:57:20.250, 3, 83187, 97871, 0, 143.40
2026/10/09 03:57:21.250, 0, 79407, 97871, 99, 462.44
2026/10/09 03:57:21.250, 1, 79985, 97871, 88, 485.58
2026/10/09 03:57:21.250, 2, 83331, 97871, 0, 139.53
2026/10/09 03:57:21.250, 3, 83187, 97871, 0, 143.24
2026/10/09 03:57:22.250, 0, 79407, 97871, 99, 458.62
2026/10/09 03:57:22.250, 1, 79985, 97871, 100, 502.05
2026/10/09 03:57:22.250, 2, 83337, 97871, 0, 147.93
2026/10/09 03:57:22.250, 3, 83187, 97871, 0, 143.19
2026/10/09 03:57:23.251, 0, 79407, 97871, 99, 467.80
2026/10/09 03:57:23.251, 1, 79985, 97871, 88, 508.34
2026/10/09 03:57:23.251, 2, 83337, 97871, 95, 428.65
2026/10/09 03:57:23.251, 3, 83187, 97871, 0, 143.21
2026/10/09 03:57:24.251, 0, 79407, 97871, 99, 453.58
2026/10/09 03:57:24.251, 1, 79985, 97871, 100, 515.13
2026/10/09 03:57:24.251, 2, 83337, 97871, 100, 509.60
2026/10/09 03:57:24.251, 3, 83187, 97871, 0, 143.04
2026/10/09 03:57:25.251, 0, 79407, 97871, 99, 464.55
2026/10/09 03:57:25.251, 1, 79985, 97871, 100, 498.24
2026/10/09 03:57:25.251, 2, 83337, 97871, 100, 516.28
2026/10/09 03:57:25.251, 3, 83187, 97871, 0, 143.43
2026/10/09 03:57:26.251, 0, 79407, 97871, 99, 462.38
2026/10/09 03:57:26.251, 1, 79985, 97871, 84, 366.77
2026/10/09 03:57:26.252, 2, 83337, 97871, 100, 515.21
2026/10/09 03:57:26.252, 3, 83187, 97871, 0, 143.21
2026/10/09 03:57:27.252, 0, 79407, 97871, 99, 464.11
2026/10/09 03:57:27.252, 1, 79985, 97871, 100, 459.60
2026/10/09 03:57:27.252, 2, 83337, 97871, 100, 514.92
2026/10/09 03:57:27.252, 3, 83193, 97871, 0, 154.13
2026/10/09 03:57:28.252, 0, 79407, 97871, 99, 456.84
2026/10/09 03:57:28.252, 1, 79985, 97871, 100, 483.88
2026/10/09 03:57:28.252, 2, 83337, 97871, 100, 520.61
2026/10/09 03:57:28.252, 3, 83193, 97871, 98, 409.59
2026/10/09 03:57:29.252, 0, 79407, 97871, 99, 460.78
2026/10/09 03:57:29.252, 1, 79985, 97871, 100, 461.32
2026/10/09 03:57:29.252, 2, 83337, 97871, 45, 405.67
2026/10/09 03:57:29.252, 3, 83193, 97871, 76, 510.39
2026/10/09 03:57:30.252, 0, 79407, 97871, 99, 461.34
2026/10/09 03:57:30.252, 1, 79985, 97871, 100, 469.45
2026/10/09 03:57:30.253, 2, 83337, 97871, 99, 478.48
2026/10/09 03:57:30.253, 3, 83193, 97871, 88, 527.31
2026/10/09 03:57:31.253, 0, 79407, 97871, 99, 463.15
2026/10/09 03:57:31.253, 1, 79985, 97871, 99, 473.42
2026/10/09 03:57:31.253, 2, 83337, 97871, 99, 480.93
2026/10/09 03:57:31.253, 3, 83193, 97871, 70, 506.75
2026/10/09 03:57:32.253, 0, 79407, 97871, 99, 369.04
2026/10/09 03:57:32.253, 1, 79985, 97871, 100, 375.70
2026/10/09 03:57:32.253, 2, 83337, 97871, 98, 415.19
2026/10/09 03:57:32.253, 3, 83193, 97871, 79, 344.80
2026/10/09 03:57:33.253, 0, 79407, 97871, 99, 455.26
2026/10/09 03:57:33.253, 1, 79985, 97871, 99, 473.72
2026/10/09 03:57:33.253, 2, 83337, 97871, 99, 468.90
2026/10/09 03:57:33.253, 3, 83193, 97871, 82, 395.15
2026/10/09 03:57:34.253, 0, 79407, 97871, 99, 465.72
2026/10/09 03:57:34.253, 1, 79985, 97871, 99, 475.89
2026/10/09 03:57:34.253, 2, 83337, 97871, 99, 488.77
2026/10/09 03:57:34.253, 3, 83193, 97871, 99, 470.37
2026/10/09 03:57:35.254, 0, 79407, 97871, 99, 461.92
2026/10/09 03:57:35.254, 1, 79985, 97871, 100, 489.14
2026/10/09 03:57:35.254, 2, 83337, 97871, 96, 488.50
2026/10/09 03:57:35.254, 3, 83193, 97871, 99, 478.65
2026/10/09 03:57:36.254, 0, 79407, 97871, 99, 460.25
2026/10/09 03:57:36.254, 1, 79985, 97871, 100, 484.63
2026/10/09 03:57:36.254, 2, 83337, 97871, 98, 485.55
2026/10/09 03:57:36.254, 3, 83193, 97871, 95, 477.02
2026/10/09 03:57:37.254, 0, 79407, 97871, 95, 462.03
2026/10/09 03:57:37.254, 1, 79985, 97871, 99, 470.51
2026/10/09 03:57:37.254, 2, 83337, 97871, 99, 477.48
2026/10/09 03:57:37.254, 3, 83193, 97871, 97, 478.98
2026/10/09 03:57:38.254, 0, 79407, 97871, 94, 464.61
2026/10/09 03:57:38.254, 1, 79985, 97871, 100, 476.56
2026/10/09 03:57:38.254, 2, 83337, 97871, 99, 483.43
2026/10/09 03:57:38.254, 3, 83193, 97871, 99, 471.70
2026/10/09 03:57:39.255, 0, 79407, 97871, 100, 466.75
2026/10/09 03:57:39.255, 1, 79985, 97871, 99, 463.64
2026/10/09 03:57:39.255, 2, 83337, 97871, 100, 489.95
2026/10/09 03:57:39.255, 3, 83193, 97871, 99, 468.77
2026/10/09 03:57:40.255, 0, 79407, 97871, 99, 468.09
2026/10/09 03:57:40.255, 1, 79985, 97871, 99, 468.60
2026/10/09 03:57:40.255, 2, 83337, 97871, 99, 474.30
2026/10/09 03:57:40.255, 3, 83193, 97871, 99, 481.46
2026/10/09 03:57:41.255, 0, 79407, 97871, 99, 474.85
2026/10/09 03:57:41.255, 1, 79985, 97871, 99, 476.38
2026/10/09 03:57:41.255, 2, 83337, 97871, 99, 478.67
2026/10/09 03:57:41.255, 3, 83193, 97871, 99, 476.04
2026/10/09 03:57:42.255, 0, 79407, 97871, 99, 455.23
2026/10/09 03:57:42.255, 1, 79985, 97871, 99, 473.57
2026/10/09 03:57:42.255, 2, 83337, 97871, 99, 486.07
2026/10/09 03:57:42.255, 3, 83193, 97871, 96, 479.91
2026/10/09 03:57:43.255, 0, 79407, 97871, 99, 462.70
2026/10/09 03:57:43.256, 1, 79985, 97871, 98, 474.66
2026/10/09 03:57:43.256, 2, 83337, 97871, 99, 482.10
2026/10/09 03:57:43.256, 3, 83193, 97871, 99, 471.95
2026/10/09 03:57:44.256, 0, 79407, 97871, 99, 464.62
2026/10/09 03:57:44.256, 1, 79985, 97871, 100, 461.60
2026/10/09 03:57:44.256, 2, 83337, 97871, 99, 477.21
2026/10/09 03:57:44.256, 3, 83193, 97871, 96, 481.76
2026/10/09 03:57:45.256, 0, 79407, 97871, 99, 469.20
2026/10/09 03:57:45.256, 1, 79985, 97871, 100, 479.68
2026/10/09 03:57:45.256, 2, 83337, 97871, 99, 483.57
2026/10/09 03:57:45.256, 3, 83193, 97871, 99, 458.52
2026/10/09 03:57:46.256, 0, 79407, 97871, 100, 474.62
2026/10/09 03:57:46.256, 1, 79985, 97871, 100, 479.62
2026/10/09 03:57:46.256, 2, 83337, 97871, 99, 484.01
2026/10/09 03:57:46.256, 3, 83193, 97871, 99, 477.52
2026/10/09 03:57:47.256, 0, 79407, 97871, 99, 455.21
2026/10/09 03:57:47.256, 1, 79985, 97871, 99, 468.55
2026/10/09 03:57:47.256, 2, 83337, 97871, 100, 488.86
2026/10/09 03:57:47.257, 3, 83193, 97871, 100, 476.10
2026/10/09 03:57:48.257, 0, 79407, 97871, 99, 462.40
2026/10/09 03:57:48.260, 1, 79985, 97871, 97, 480.83
2026/10/09 03:57:48.260, 2, 83337, 97871, 99, 489.97
2026/10/09 03:57:48.260, 3, 83193, 97871, 99, 468.74
2026/10/09 03:57:49.260, 0, 79407, 97871, 99, 468.52
2026/10/09 03:57:49.260, 1, 79985, 97871, 100, 472.14
2026/10/09 03:57:49.261, 2, 83337, 97871, 99, 473.37
2026/10/09 03:57:49.261, 3, 83193, 97871, 97, 484.62
2026/10/09 03:57:50.261, 0, 79407, 97871, 99, 468.06
2026/10/09 03:57:50.261, 1, 79985, 97871, 100, 467.69
2026/10/09 03:57:50.261, 2, 83337, 97871, 99, 487.18
2026/10/09 03:57:50.261, 3, 83193, 97871, 99, 476.64
2026/10/09 03:57:51.261, 0, 79407, 97871, 99, 470.40
2026/10/09 03:57:51.261, 1, 79985, 97871, 98, 484.23
2026/10/09 03:57:51.261, 2, 83337, 97871, 99, 481.89
2026/10/09 03:57:51.261, 3, 83193, 97871, 100, 484.26
2026/10/09 03:57:52.261, 0, 79407, 97871, 99, 464.52
2026/10/09 03:57:52.261, 1, 79985, 97871, 100, 472.36
2026/10/09 03:57:52.261, 2, 83337, 97871, 98, 494.55
2026/10/09 03:57:52.261, 3, 83193, 97871, 99, 469.98
2026/10/09 03:57:53.261, 0, 79407, 97871, 95, 464.11
2026/10/09 03:57:53.261, 1, 79985, 97871, 99, 476.25
2026/10/09 03:57:53.261, 2, 83337, 97871, 99, 475.59
2026/10/09 03:57:53.261, 3, 83193, 97871, 99, 479.94
2026/10/09 03:57:54.261, 0, 79407, 97871, 99, 450.89
2026/10/09 03:57:54.262, 1, 79985, 97871, 100, 481.38
2026/10/09 03:57:54.262, 2, 83337, 97871, 99, 483.55
2026/10/09 03:57:54.262, 3, 83193, 97871, 99, 469.07
2026/10/09 03:57:55.262, 0, 79407, 97871, 99, 468.72
2026/10/09 03:57:55.262, 1, 79985, 97871, 100, 478.98
2026/10/09 03:57:55.262, 2, 83337, 97871, 99, 490.65
2026/10/09 03:57:55.262, 3, 83193, 97871, 99, 480.37
2026/10/09 03:57:56.262, 0, 79407, 97871, 99, 466.22
2026/10/09 03:57:56.262, 1, 79985, 97871, 100, 472.05
2026/10/09 03:57:56.262, 2, 83337, 97871, 99, 475.77
2026/10/09 03:57:56.262, 3, 83193, 97871, 99, 483.78
2026/10/09 03:57:57.262, 0, 79407, 97871, 99, 463.64
2026/10/09 03:57:57.262, 1, 79985, 97871, 99, 478.53
2026/10/09 03:57:57.262, 2, 83337, 97871, 99, 488.21
2026/10/09 03:57:57.262, 3, 83193, 97871, 99, 468.75
2026/10/09 03:57:58.262, 0, 79407, 97871, 100, 469.25
2026/10/09 03:57:58.269, 1, 79985, 97871, 100, 482.35
2026/10/09 03:57:58.269, 2, 83337, 97871, 99, 479.92
2026/10/09 03:57:58.269, 3, 83193, 97871, 98, 476.11
2026/10/09 03:57:59.269, 0, 79407, 97871, 100, 465.41
2026/10/09 03:57:59.269, 1, 79985, 97871, 100, 474.24
2026/10/09 03:57:59.269, 2, 83337, 97871, 99, 495.61
2026/10/09 03:57:59.269, 3, 83193, 97871, 99, 469.98
2026/10/09 03:58:00.269, 0, 79407, 97871, 99, 457.40
2026/10/09 03:58:00.269, 1, 79985, 97871, 99, 473.81
2026/10/09 03:58:00.269, 2, 83337, 97871, 99, 482.85
2026/10/09 03:58:00.269, 3, 83193, 97871, 99, 469.53
2026/10/09 03:58:01.270, 0, 79407, 97871, 99, 465.02
2026/10/09 03:58:01.270, 1, 79985, 97871, 100, 470.03
2026/10/09 03:58:01.270, 2, 83337, 97871, 99, 492.32
2026/10/09 03:58:01.270, 3, 83193, 97871, 99, 476.90
2026/10/09 03:58:02.270, 0, 79407, 97871, 99, 467.61
2026/10/09 03:58:02.270, 1, 79985, 97871, 100, 469.81
2026/10/09 03:58:02.270, 2, 83337, 97871, 100, 480.67
2026/10/09 03:58:02.270, 3, 83193, 97871, 99, 477.09
2026/10/09 03:58:03.270, 0, 79407, 97871, 99, 465.59
2026/10/09 03:58:03.270, 1, 79985, 97871, 100, 480.22
2026/10/09 03:58:03.270, 2, 83337, 97871, 99, 471.71
2026/10/09 03:58:03.270, 3, 83193, 97871, 96, 486.19
2026/10/09 03:58:04.270, 0, 79407, 97871, 99, 465.41
2026/10/09 03:58:04.270, 1, 79985, 97871, 99, 466.31
2026/10/09 03:58:04.270, 2, 83337, 97871, 99, 480.10
2026/10/09 03:58:04.270, 3, 83193, 97871, 96, 474.50
2026/10/09 03:58:05.270, 0, 79407, 97871, 99, 460.08
2026/10/09 03:58:05.270, 1, 79985, 97871, 100, 475.10
2026/10/09 03:58:05.270, 2, 83337, 97871, 99, 479.06
2026/10/09 03:58:05.270, 3, 83193, 97871, 99, 471.60
2026/10/09 03:58:06.271, 0, 79407, 97871, 99, 465.07
2026/10/09 03:58:06.271, 1, 79985, 97871, 100, 466.11
2026/10/09 03:58:06.271, 2, 83337, 97871, 99, 478.91
2026/10/09 03:58:06.271, 3, 83193, 97871, 99, 465.58
2026/10/09 03:58:07.271, 0, 79407, 97871, 99, 461.42
2026/10/09 03:58:07.271, 1, 79985, 97871, 100, 467.58
2026/10/09 03:58:07.271, 2, 83337, 97871, 98, 476.90
2026/10/09 03:58:07.271, 3, 83193, 97871, 99, 462.78
2026/10/09 03:58:08.271, 0, 79407, 97871, 99, 461.69
2026/10/09 03:58:08.282, 1, 79985, 97871, 100, 472.93
2026/10/09 03:58:08.282, 2, 83337, 97871, 99, 476.00
2026/10/09 03:58:08.283, 3, 83193, 97871, 99, 468.90
2026/10/09 03:58:09.283, 0, 79407, 97871, 99, 456.28
2026/10/09 03:58:09.283, 1, 79985, 97871, 100, 472.08
2026/10/09 03:58:09.283, 2, 83337, 97871, 99, 480.05
2026/10/09 03:58:09.283, 3, 83193, 97871, 99, 459.98
2026/10/09 03:58:10.283, 0, 79407, 97871, 99, 463.35
2026/10/09 03:58:10.283, 1, 79985, 97871, 98, 473.58
2026/10/09 03:58:10.283, 2, 83337, 97871, 99, 472.16
2026/10/09 03:58:10.283, 3, 83193, 97871, 99, 466.58
2026/10/09 03:58:11.283, 0, 79407, 97871, 99, 459.86
2026/10/09 03:58:11.283, 1, 79985, 97871, 99, 458.35
2026/10/09 03:58:11.283, 2, 83337, 97871, 99, 477.85
2026/10/09 03:58:11.283, 3, 83193, 97871, 96, 467.89
2026/10/09 03:58:12.283, 0, 79407, 97871, 99, 461.33
2026/10/09 03:58:12.283, 1, 79985, 97871, 100, 469.40
2026/10/09 03:58:12.283, 2, 83337, 97871, 99, 478.65
2026/10/09 03:58:12.283, 3, 83193, 97871, 99, 465.82
2026/10/09 03:58:13.283, 0, 79407, 97871, 95, 467.97
2026/10/09 03:58:13.284, 1, 79985, 97871, 100, 472.54
2026/10/09 03:58:13.284, 2, 83337, 97871, 99, 477.96
2026/10/09 03:58:13.284, 3, 83193, 97871, 96, 471.67
2026/10/09 03:58:14.284, 0, 79407, 97871, 99, 453.30
2026/10/09 03:58:14.284, 1, 79985, 97871, 100, 471.32
2026/10/09 03:58:14.284, 2, 83337, 97871, 99, 478.32
2026/10/09 03:58:14.284, 3, 83193, 97871, 99, 456.22
2026/10/09 03:58:15.284, 0, 79407, 97871, 99, 463.86
2026/10/09 03:58:15.284, 1, 79985, 97871, 99, 475.14
2026/10/09 03:58:15.284, 2, 83337, 97871, 99, 486.90
2026/10/09 03:58:15.284, 3, 83193, 97871, 99, 465.99
2026/10/09 03:58:16.284, 0, 79407, 97871, 99, 459.65
2026/10/09 03:58:16.284, 1, 79985, 97871, 100, 474.39
2026/10/09 03:58:16.284, 2, 83337, 97871, 99, 466.81
2026/10/09 03:58:16.284, 3, 83193, 97871, 70, 444.07
2026/10/09 03:58:17.284, 0, 79407, 97871, 94, 462.65
2026/10/09 03:58:17.284, 1, 79985, 97871, 100, 469.63
2026/10/09 03:58:17.284, 2, 83337, 97871, 99, 493.79
2026/10/09 03:58:17.284, 3, 83193, 97871, 99, 463.38
2026/10/09 03:58:18.285, 0, 79407, 97871, 99, 460.38
2026/10/09 03:58:18.291, 1, 79985, 97871, 100, 467.59
2026/10/09 03:58:18.291, 2, 83337, 97871, 99, 477.57
2026/10/09 03:58:18.291, 3, 83193, 97871, 97, 462.95
2026/10/09 03:58:19.291, 0, 79407, 97871, 99, 464.43
2026/10/09 03:58:19.291, 1, 79985, 97871, 96, 472.45
2026/10/09 03:58:19.292, 2, 83337, 97871, 98, 482.33
2026/10/09 03:58:19.292, 3, 83193, 97871, 99, 459.27
2026/10/09 03:58:20.292, 0, 79407, 97871, 99, 458.53
2026/10/09 03:58:20.292, 1, 79985, 97871, 100, 459.11
2026/10/09 03:58:20.292, 2, 83337, 97871, 99, 467.19
2026/10/09 03:58:20.292, 3, 83193, 97871, 99, 467.76
2026/10/09 03:58:21.292, 0, 79407, 97871, 99, 455.31
2026/10/09 03:58:21.292, 1, 79985, 97871, 99, 479.88
2026/10/09 03:58:21.292, 2, 83337, 97871, 99, 481.47
2026/10/09 03:58:21.292, 3, 83193, 97871, 99, 467.22
2026/10/09 03:58:22.292, 0, 79407, 97871, 99, 462.57
2026/10/09 03:58:22.292, 1, 79985, 97871, 100, 469.45
2026/10/09 03:58:22.292, 2, 83337, 97871, 99, 484.19
2026/10/09 03:58:22.292, 3, 83193, 97871, 99, 471.30
2026/10/09 03:58:23.292, 0, 79407, 97871, 94, 469.47
2026/10/09 03:58:23.292, 1, 79985, 97871, 100, 476.85
2026/10/09 03:58:23.292, 2, 83337, 97871, 99, 479.67
2026/10/09 03:58:23.292, 3, 83193, 97871, 99, 465.45
2026/10/09 03:58:24.293, 0, 79407, 97871, 99, 450.83
2026/10/09 03:58:24.293, 1, 79985, 97871, 100, 468.70
2026/10/09 03:58:24.293, 2, 83337, 97871, 99, 472.23
2026/10/09 03:58:24.293, 3, 83193, 97871, 99, 465.85
2026/10/09 03:58:25.293, 0, 79407, 97871, 99, 466.08
2026/10/09 03:58:25.293, 1, 79985, 97871, 100, 467.63
2026/10/09 03:58:25.293, 2, 83337, 97871, 99, 485.05
2026/10/09 03:58:25.293, 3, 83193, 97871, 99, 471.35
2026/10/09 03:58:26.293, 0, 79407, 97871, 100, 464.28
2026/10/09 03:58:26.293, 1, 79985, 97871, 99, 470.84
2026/10/09 03:58:26.293, 2, 83337, 97871, 99, 469.94
2026/10/09 03:58:26.293, 3, 83193, 97871, 99, 459.76
2026/10/09 03:58:27.293, 0, 79407, 97871, 99, 461.01
2026/10/09 03:58:27.293, 1, 79985, 97871, 100, 466.69
2026/10/09 03:58:27.293, 2, 83337, 97871, 99, 477.74
2026/10/09 03:58:27.293, 3, 83193, 97871, 99, 477.60
2026/10/09 03:58:28.293, 0, 79407, 97871, 99, 455.14
2026/10/09 03:58:28.300, 1, 79985, 97871, 100, 471.49
2026/10/09 03:58:28.300, 2, 83337, 97871, 99, 476.96
2026/10/09 03:58:28.300, 3, 83193, 97871, 99, 465.42
2026/10/09 03:58:29.300, 0, 79407, 97871, 99, 461.23
2026/10/09 03:58:29.300, 1, 79985, 97871, 100, 471.48
2026/10/09 03:58:29.300, 2, 83337, 97871, 99, 474.29
2026/10/09 03:58:29.300, 3, 83193, 97871, 100, 473.49
2026/10/09 03:58:30.301, 0, 79407, 97871, 99, 455.86
2026/10/09 03:58:30.301, 1, 79985, 97871, 100, 468.77
2026/10/09 03:58:30.301, 2, 83337, 97871, 99, 490.08
2026/10/09 03:58:30.301, 3, 83193, 97871, 99, 455.77
2026/10/09 03:58:31.301, 0, 79407, 97871, 99, 464.32
2026/10/09 03:58:31.301, 1, 79985, 97871, 99, 470.47
2026/10/09 03:58:31.301, 2, 83337, 97871, 99, 484.06
2026/10/09 03:58:31.301, 3, 83193, 97871, 99, 463.68
2026/10/09 03:58:32.301, 0, 79407, 97871, 99, 464.15
2026/10/09 03:58:32.301, 1, 79985, 97871, 100, 471.32
2026/10/09 03:58:32.301, 2, 83337, 97871, 100, 482.09
2026/10/09 03:58:32.301, 3, 83193, 97871, 99, 467.20
2026/10/09 03:58:33.301, 0, 79407, 97871, 93, 464.41
2026/10/09 03:58:33.301, 1, 79985, 97871, 99, 467.59
2026/10/09 03:58:33.301, 2, 83337, 97871, 99, 479.28
2026/10/09 03:58:33.301, 3, 83193, 97871, 99, 466.36
2026/10/09 03:58:34.301, 0, 79407, 97871, 99, 455.10
2026/10/09 03:58:34.301, 1, 79985, 97871, 100, 466.85
2026/10/09 03:58:34.301, 2, 83337, 97871, 99, 476.46
2026/10/09 03:58:34.301, 3, 83193, 97871, 96, 468.71
2026/10/09 03:58:35.302, 0, 79407, 97871, 99, 461.80
2026/10/09 03:58:35.302, 1, 79985, 97871, 98, 478.60
2026/10/09 03:58:35.302, 2, 83337, 97871, 99, 503.83
2026/10/09 03:58:35.302, 3, 83193, 97871, 99, 455.30
2026/10/09 03:58:36.302, 0, 79407, 97871, 99, 461.70
2026/10/09 03:58:36.302, 1, 79985, 97871, 100, 479.07
2026/10/09 03:58:36.302, 2, 83337, 97871, 99, 484.25
2026/10/09 03:58:36.302, 3, 83193, 97871, 99, 465.31
2026/10/09 03:58:37.302, 0, 79407, 97871, 93, 462.38
2026/10/09 03:58:37.302, 1, 79985, 97871, 100, 472.55
2026/10/09 03:58:37.302, 2, 83337, 97871, 99, 468.56
2026/10/09 03:58:37.302, 3, 83193, 97871, 99, 463.83
2026/10/09 03:58:38.302, 0, 79407, 97871, 93, 462.12
2026/10/09 03:58:38.309, 1, 79985, 97871, 99, 471.37
2026/10/09 03:58:38.309, 2, 83337, 97871, 99, 477.25
2026/10/09 03:58:38.309, 3, 83193, 97871, 96, 478.17
2026/10/09 03:58:39.309, 0, 79407, 97871, 21, 359.98
2026/10/09 03:58:39.309, 1, 79985, 97871, 70, 371.46
2026/10/09 03:58:39.309, 2, 83337, 97871, 16, 374.20
2026/10/09 03:58:39.309, 3, 83193, 97871, 93, 370.11
2026/10/09 03:58:40.309, 0, 79407, 97871, 99, 454.09
2026/10/09 03:58:40.309, 1, 79985, 97871, 100, 471.81
2026/10/09 03:58:40.310, 2, 83337, 97871, 99, 480.42
2026/10/09 03:58:40.310, 3, 83193, 97871, 99, 472.76
2026/10/09 03:58:41.310, 0, 79407, 97871, 99, 460.17
2026/10/09 03:58:41.310, 1, 79985, 97871, 100, 467.63
2026/10/09 03:58:41.310, 2, 83337, 97871, 99, 476.58
2026/10/09 03:58:41.310, 3, 83193, 97871, 99, 466.56
2026/10/09 03:58:42.310, 0, 79407, 97871, 99, 461.93
2026/10/09 03:58:42.310, 1, 79985, 97871, 100, 467.22
2026/10/09 03:58:42.310, 2, 83337, 97871, 99, 486.03
2026/10/09 03:58:42.310, 3, 83193, 97871, 99, 468.28
2026/10/09 03:58:43.310, 0, 79407, 97871, 99, 456.74
2026/10/09 03:58:43.310, 1, 79985, 97871, 100, 468.21
2026/10/09 03:58:43.310, 2, 83337, 97871, 99, 480.40
2026/10/09 03:58:43.310, 3, 83193, 97871, 99, 467.14
2026/10/09 03:58:44.310, 0, 79407, 97871, 99, 462.96
2026/10/09 03:58:44.310, 1, 79985, 97871, 100, 472.03
2026/10/09 03:58:44.310, 2, 83337, 97871, 99, 482.94
2026/10/09 03:58:44.310, 3, 83193, 97871, 99, 471.85
2026/10/09 03:58:45.310, 0, 79407, 97871, 100, 464.24
2026/10/09 03:58:45.310, 1, 79985, 97871, 100, 473.82
2026/10/09 03:58:45.311, 2, 83337, 97871, 99, 481.95
2026/10/09 03:58:45.311, 3, 83193, 97871, 99, 470.19
2026/10/09 03:58:46.311, 0, 79407, 97871, 99, 454.27
2026/10/09 03:58:46.311, 1, 79985, 97871, 100, 467.62
2026/10/09 03:58:46.311, 2, 83337, 97871, 99, 477.27
2026/10/09 03:58:46.311, 3, 83193, 97871, 99, 469.33
2026/10/09 03:58:47.311, 0, 79407, 97871, 99, 464.08
2026/10/09 03:58:47.311, 1, 79985, 97871, 100, 469.00
2026/10/09 03:58:47.311, 2, 83337, 97871, 99, 476.06
2026/10/09 03:58:47.311, 3, 83193, 97871, 99, 464.23
2026/10/09 03:58:48.311, 0, 79407, 97871, 99, 462.33
2026/10/09 03:58:48.318, 1, 79985, 97871, 100, 470.02
2026/10/09 03:58:48.318, 2, 83337, 97871, 99, 477.71
2026/10/09 03:58:48.318, 3, 83193, 97871, 99, 466.42
2026/10/09 03:58:49.318, 0, 79407, 97871, 99, 461.83
2026/10/09 03:58:49.318, 1, 79985, 97871, 99, 467.50
2026/10/09 03:58:49.318, 2, 83337, 97871, 99, 472.55
2026/10/09 03:58:49.318, 3, 83193, 97871, 99, 469.37
2026/10/09 03:58:50.318, 0, 79407, 97871, 99, 460.36
2026/10/09 03:58:50.318, 1, 79985, 97871, 100, 472.10
2026/10/09 03:58:50.319, 2, 83337, 97871, 99, 482.38
2026/10/09 03:58:50.319, 3, 83193, 97871, 99, 474.21
2026/10/09 03:58:51.319, 0, 79407, 97871, 99, 465.76
2026/10/09 03:58:51.319, 1, 79985, 97871, 99, 469.76
2026/10/09 03:58:51.319, 2, 83337, 97871, 99, 475.27
2026/10/09 03:58:51.319, 3, 83193, 97871, 99, 466.85
2026/10/09 03:58:52.319, 0, 79407, 97871, 100, 462.64
2026/10/09 03:58:52.319, 1, 79985, 97871, 99, 466.66
2026/10/09 03:58:52.319, 2, 83337, 97871, 99, 476.25
2026/10/09 03:58:52.319, 3, 83193, 97871, 100, 468.20
2026/10/09 03:58:53.319, 0, 79407, 97871, 99, 453.80
2026/10/09 03:58:53.319, 1, 79985, 97871, 100, 472.12
2026/10/09 03:58:53.319, 2, 83337, 97871, 99, 482.06
2026/10/09 03:58:53.319, 3, 83193, 97871, 100, 468.90
2026/10/09 03:58:54.319, 0, 79407, 97871, 99, 468.16
2026/10/09 03:58:54.319, 1, 79985, 97871, 100, 472.89
2026/10/09 03:58:54.319, 2, 83337, 97871, 99, 477.86
2026/10/09 03:58:54.319, 3, 83193, 97871, 99, 458.97
2026/10/09 03:58:55.319, 0, 79407, 97871, 99, 462.37
2026/10/09 03:58:55.319, 1, 79985, 97871, 100, 463.01
2026/10/09 03:58:55.319, 2, 83337, 97871, 98, 479.84
2026/10/09 03:58:55.319, 3, 83193, 97871, 100, 474.26
2026/10/09 03:58:56.320, 0, 79407, 97871, 97, 462.05
2026/10/09 03:58:56.320, 1, 79985, 97871, 100, 470.68
2026/10/09 03:58:56.320, 2, 83337, 97871, 98, 483.10
2026/10/09 03:58:56.320, 3, 83193, 97871, 96, 466.43
2026/10/09 03:58:57.320, 0, 79407, 97871, 99, 452.97
2026/10/09 03:58:57.320, 1, 79985, 97871, 100, 469.79
2026/10/09 03:58:57.320, 2, 83337, 97871, 99, 483.95
2026/10/09 03:58:57.320, 3, 83193, 97871, 99, 454.66
2026/10/09 03:58:58.320, 0, 79407, 97871, 99, 459.34
2026/10/09 03:58:58.327, 1, 79985, 97871, 100, 471.27
2026/10/09 03:58:58.327, 2, 83337, 97871, 99, 468.18
2026/10/09 03:58:58.327, 3, 83193, 97871, 99, 462.45
2026/10/09 03:58:59.327, 0, 79407, 97871, 99, 458.65
2026/10/09 03:58:59.327, 1, 79985, 97871, 100, 466.54
2026/10/09 03:58:59.327, 2, 83337, 97871, 99, 477.36
2026/10/09 03:58:59.327, 3, 83193, 97871, 99, 470.52
2026/10/09 03:59:00.327, 0, 79407, 97871, 94, 470.09
2026/10/09 03:59:00.327, 1, 79985, 97871, 100, 469.83
2026/10/09 03:59:00.327, 2, 83337, 97871, 99, 475.34
2026/10/09 03:59:00.327, 3, 83193, 97871, 99, 468.92
2026/10/09 03:59:01.327, 0, 79407, 97871, 93, 463.73
2026/10/09 03:59:01.327, 1, 79985, 97871, 100, 471.43
2026/10/09 03:59:01.327, 2, 83337, 97871, 99, 479.39
2026/10/09 03:59:01.327, 3, 83193, 97871, 99, 468.69
2026/10/09 03:59:02.327, 0, 79407, 97871, 99, 452.13
2026/10/09 03:59:02.327, 1, 79985, 97871, 100, 471.19
2026/10/09 03:59:02.327, 2, 83337, 97871, 99, 471.88
2026/10/09 03:59:02.327, 3, 83193, 97871, 97, 466.67
2026/10/09 03:59:03.328, 0, 79407, 97871, 99, 460.51
2026/10/09 03:59:03.328, 1, 79985, 97871, 99, 471.93
2026/10/09 03:59:03.328, 2, 83337, 97871, 100, 480.74
2026/10/09 03:59:03.328, 3, 83193, 97871, 100, 465.67
2026/10/09 03:59:04.328, 0, 79407, 97871, 99, 463.20
2026/10/09 03:59:04.328, 1, 79985, 97871, 99, 463.50
2026/10/09 03:59:04.328, 2, 83337, 97871, 99, 479.32
2026/10/09 03:59:04.328, 3, 83193, 97871, 99, 457.79
2026/10/09 03:59:05.328, 0, 79407, 97871, 99, 462.45
2026/10/09 03:59:05.328, 1, 79985, 97871, 99, 467.70
2026/10/09 03:59:05.328, 2, 83337, 97871, 99, 474.69
2026/10/09 03:59:05.328, 3, 83193, 97871, 99, 470.54
2026/10/09 03:59:06.328, 0, 79407, 97871, 93, 466.24
2026/10/09 03:59:06.328, 1, 79985, 97871, 100, 468.66
2026/10/09 03:59:06.328, 2, 83337, 97871, 99, 476.36
2026/10/09 03:59:06.328, 3, 83193, 97871, 99, 468.34
2026/10/09 03:59:07.328, 0, 79407, 97871, 99, 452.67
2026/10/09 03:59:07.328, 1, 79985, 97871, 100, 464.47
2026/10/09 03:59:07.328, 2, 83337, 97871, 98, 482.87
2026/10/09 03:59:07.328, 3, 83193, 97871, 95, 469.40
2026/10/09 03:59:08.328, 0, 79407, 97871, 99, 460.16
2026/10/09 03:59:08.347, 1, 79985, 97871, 100, 468.78
2026/10/09 03:59:08.347, 2, 83337, 97871, 99, 476.04
2026/10/09 03:59:08.347, 3, 83193, 97871, 99, 462.75
2026/10/09 03:59:09.347, 0, 79407, 97871, 99, 462.12
2026/10/09 03:59:09.347, 1, 79985, 97871, 98, 472.95
2026/10/09 03:59:09.347, 2, 83337, 97871, 100, 481.09
2026/10/09 03:59:09.347, 3, 83193, 97871, 99, 470.76
2026/10/09 03:59:10.347, 0, 79407, 97871, 99, 454.95
2026/10/09 03:59:10.347, 1, 79985, 97871, 97, 471.55
2026/10/09 03:59:10.347, 2, 83337, 97871, 99, 479.49
2026/10/09 03:59:10.347, 3, 83193, 97871, 99, 461.54
2026/10/09 03:59:11.347, 0, 79407, 97871, 99, 460.99
2026/10/09 03:59:11.347, 1, 79985, 97871, 100, 459.49
2026/10/09 03:59:11.347, 2, 83337, 97871, 99, 482.30
2026/10/09 03:59:11.347, 3, 83193, 97871, 99, 466.90
2026/10/09 03:59:12.347, 0, 79407, 97871, 99, 466.72
2026/10/09 03:59:12.347, 1, 79985, 97871, 100, 470.74
2026/10/09 03:59:12.347, 2, 83337, 97871, 99, 483.55
2026/10/09 03:59:12.347, 3, 83193, 97871, 99, 466.24
2026/10/09 03:59:13.347, 0, 79407, 97871, 99, 454.62
2026/10/09 03:59:13.347, 1, 79985, 97871, 100, 474.88
2026/10/09 03:59:13.348, 2, 83337, 97871, 99, 472.30
2026/10/09 03:59:13.348, 3, 83193, 97871, 99, 461.52
2026/10/09 03:59:14.348, 0, 79407, 97871, 99, 460.07
2026/10/09 03:59:14.348, 1, 79985, 97871, 100, 473.58
2026/10/09 03:59:14.348, 2, 83337, 97871, 99, 483.50
2026/10/09 03:59:14.348, 3, 83193, 97871, 99, 463.17
2026/10/09 03:59:15.348, 0, 79407, 97871, 99, 459.82
2026/10/09 03:59:15.348, 1, 79985, 97871, 100, 470.29
2026/10/09 03:59:15.348, 2, 83337, 97871, 99, 488.86
2026/10/09 03:59:15.348, 3, 83193, 97871, 99, 464.68
2026/10/09 03:59:16.348, 0, 79407, 97871, 99, 462.41
2026/10/09 03:59:16.348, 1, 79985, 97871, 100, 472.44
2026/10/09 03:59:16.348, 2, 83337, 97871, 99, 468.30
2026/10/09 03:59:16.348, 3, 83193, 97871, 99, 468.83
2026/10/09 03:59:17.348, 0, 79407, 97871, 99, 454.66
2026/10/09 03:59:17.348, 1, 79985, 97871, 100, 469.78
2026/10/09 03:59:17.348, 2, 83337, 97871, 99, 478.99
2026/10/09 03:59:17.348, 3, 83193, 97871, 100, 469.01
2026/10/09 03:59:18.348, 0, 79407, 97871, 99, 461.68
2026/10/09 03:59:18.357, 1, 79985, 97871, 100, 471.84
2026/10/09 03:59:18.357, 2, 83337, 97871, 99, 477.37
2026/10/09 03:59:18.357, 3, 83193, 97871, 100, 468.28
2026/10/09 03:59:19.357, 0, 79407, 97871, 100, 462.97
2026/10/09 03:59:19.357, 1, 79985, 97871, 94, 481.35
2026/10/09 03:59:19.357, 2, 83337, 97871, 99, 483.21
2026/10/09 03:59:19.357, 3, 83193, 97871, 99, 467.64
2026/10/09 03:59:20.357, 0, 79407, 97871, 99, 454.31
2026/10/09 03:59:20.357, 1, 79985, 97871, 100, 462.23
2026/10/09 03:59:20.357, 2, 83337, 97871, 99, 478.99
2026/10/09 03:59:20.357, 3, 83193, 97871, 96, 468.24
2026/10/09 03:59:21.358, 0, 79407, 97871, 99, 463.72
2026/10/09 03:59:21.358, 1, 79985, 97871, 100, 473.55
2026/10/09 03:59:21.358, 2, 83337, 97871, 99, 477.13
2026/10/09 03:59:21.358, 3, 83193, 97871, 99, 457.59
2026/10/09 03:59:22.358, 0, 79407, 97871, 99, 460.14
2026/10/09 03:59:22.358, 1, 79985, 97871, 99, 469.92
2026/10/09 03:59:22.358, 2, 83337, 97871, 99, 473.81
2026/10/09 03:59:22.358, 3, 83193, 97871, 99, 466.56
2026/10/09 03:59:23.358, 0, 79407, 97871, 99, 453.03
2026/10/09 03:59:23.358, 1, 79985, 97871, 100, 473.91
2026/10/09 03:59:23.358, 2, 83337, 97871, 100, 486.06
2026/10/09 03:59:23.358, 3, 83193, 97871, 99, 466.34
2026/10/09 03:59:24.358, 0, 79407, 97871, 99, 454.39
2026/10/09 03:59:24.358, 1, 79985, 97871, 100, 472.30
2026/10/09 03:59:24.358, 2, 83337, 97871, 100, 527.17
2026/10/09 03:59:24.358, 3, 83193, 97871, 99, 469.50
2026/10/09 03:59:25.358, 0, 79407, 97871, 99, 452.82
2026/10/09 03:59:25.358, 1, 79985, 97871, 100, 465.79
2026/10/09 03:59:25.358, 2, 83337, 97871, 100, 527.00
2026/10/09 03:59:25.358, 3, 83193, 97871, 99, 471.08
2026/10/09 03:59:26.358, 0, 79407, 97871, 99, 454.77
2026/10/09 03:59:26.359, 1, 79985, 97871, 100, 492.11
2026/10/09 03:59:26.359, 2, 83337, 97871, 100, 513.59
2026/10/09 03:59:26.359, 3, 83193, 97871, 100, 469.62
2026/10/09 03:59:27.359, 0, 79407, 97871, 99, 452.87
2026/10/09 03:59:27.359, 1, 79985, 97871, 100, 523.24
2026/10/09 03:59:27.359, 2, 83337, 97871, 100, 522.02
2026/10/09 03:59:27.359, 3, 83193, 97871, 99, 459.72
2026/10/09 03:59:28.359, 0, 79407, 97871, 99, 460.74
2026/10/09 03:59:28.366, 1, 79985, 97871, 100, 530.02
2026/10/09 03:59:28.366, 2, 83337, 97871, 100, 525.88
2026/10/09 03:59:28.366, 3, 83193, 97871, 99, 465.59
2026/10/09 03:59:29.366, 0, 79407, 97871, 99, 455.11
2026/10/09 03:59:29.366, 1, 79985, 97871, 100, 523.46
2026/10/09 03:59:29.366, 2, 83337, 97871, 100, 530.11
2026/10/09 03:59:29.366, 3, 83193, 97871, 99, 467.36
2026/10/09 03:59:30.366, 0, 79407, 97871, 99, 456.99
2026/10/09 03:59:30.366, 1, 79985, 97871, 100, 524.51
2026/10/09 03:59:30.366, 2, 83337, 97871, 100, 522.39
2026/10/09 03:59:30.366, 3, 83193, 97871, 99, 470.21
2026/10/09 03:59:31.366, 0, 79407, 97871, 99, 461.80
2026/10/09 03:59:31.366, 1, 79985, 97871, 100, 523.30
2026/10/09 03:59:31.366, 2, 83337, 97871, 100, 527.01
2026/10/09 03:59:31.366, 3, 83193, 97871, 99, 460.61
2026/10/09 03:59:32.366, 0, 79407, 97871, 99, 453.40
2026/10/09 03:59:32.367, 1, 79985, 97871, 100, 528.60
2026/10/09 03:59:32.367, 2, 83337, 97871, 100, 529.03
2026/10/09 03:59:32.367, 3, 83193, 97871, 100, 499.04
2026/10/09 03:59:33.367, 0, 79407, 97871, 99, 455.58
2026/10/09 03:59:33.367, 1, 79985, 97871, 100, 518.28
2026/10/09 03:59:33.367, 2, 83337, 97871, 100, 522.56
2026/10/09 03:59:33.367, 3, 83193, 97871, 100, 530.66
2026/10/09 03:59:34.367, 0, 79407, 97871, 99, 465.96
2026/10/09 03:59:34.367, 1, 79985, 97871, 100, 529.79
2026/10/09 03:59:34.367, 2, 83337, 97871, 100, 521.01
2026/10/09 03:59:34.367, 3, 83193, 97871, 88, 527.29
2026/10/09 03:59:35.367, 0, 79407, 97871, 99, 453.96
2026/10/09 03:59:35.367, 1, 79985, 97871, 100, 524.66
2026/10/09 03:59:35.367, 2, 83337, 97871, 100, 529.63
2026/10/09 03:59:35.367, 3, 83193, 97871, 100, 513.38
2026/10/09 03:59:36.367, 0, 79407, 97871, 99, 461.16
2026/10/09 03:59:36.367, 1, 79985, 97871, 100, 522.43
2026/10/09 03:59:36.367, 2, 83337, 97871, 100, 525.22
2026/10/09 03:59:36.367, 3, 83193, 97871, 100, 521.16
2026/10/09 03:59:37.367, 0, 79407, 97871, 99, 456.87
2026/10/09 03:59:37.368, 1, 79985, 97871, 100, 530.78
2026/10/09 03:59:37.368, 2, 83337, 97871, 100, 527.93
2026/10/09 03:59:37.368, 3, 83193, 97871, 100, 523.37
2026/10/09 03:59:38.368, 0, 79407, 97871, 99, 464.24
2026/10/09 03:59:38.379, 1, 79985, 97871, 100, 521.27
2026/10/09 03:59:38.379, 2, 83337, 97871, 100, 532.42
2026/10/09 03:59:38.379, 3, 83193, 97871, 100, 525.59
2026/10/09 03:59:39.379, 0, 79407, 97871, 99, 468.74
2026/10/09 03:59:39.379, 1, 79985, 97871, 100, 532.03
2026/10/09 03:59:39.379, 2, 83337, 97871, 100, 525.17
2026/10/09 03:59:39.379, 3, 83193, 97871, 100, 529.16
2026/10/09 03:59:40.379, 0, 79407, 97871, 91, 465.77
2026/10/09 03:59:40.379, 1, 79985, 97871, 100, 537.23
2026/10/09 03:59:40.379, 2, 83337, 97871, 100, 526.74
2026/10/09 03:59:40.379, 3, 83193, 97871, 100, 535.78
2026/10/09 03:59:41.379, 0, 79407, 97871, 99, 453.01
2026/10/09 03:59:41.380, 1, 79985, 97871, 100, 519.20
2026/10/09 03:59:41.380, 2, 83337, 97871, 100, 525.75
2026/10/09 03:59:41.380, 3, 83193, 97871, 100, 533.24
2026/10/09 03:59:42.380, 0, 79407, 97871, 99, 461.85
2026/10/09 03:59:42.380, 1, 79985, 97871, 100, 527.39
2026/10/09 03:59:42.380, 2, 83337, 97871, 100, 524.42
2026/10/09 03:59:42.380, 3, 83193, 97871, 100, 515.68
2026/10/09 03:59:43.380, 0, 79407, 97871, 99, 466.97
2026/10/09 03:59:43.380, 1, 79985, 97871, 100, 526.75
2026/10/09 03:59:43.380, 2, 83337, 97871, 100, 527.29
2026/10/09 03:59:43.380, 3, 83193, 97871, 100, 513.83
2026/10/09 03:59:44.380, 0, 79407, 97871, 99, 453.13
2026/10/09 03:59:44.380, 1, 79985, 97871, 100, 525.74
2026/10/09 03:59:44.380, 2, 83337, 97871, 100, 526.17
2026/10/09 03:59:44.380, 3, 83193, 97871, 100, 515.73
2026/10/09 03:59:45.380, 0, 79407, 97871, 99, 456.68
2026/10/09 03:59:45.380, 1, 79985, 97871, 100, 518.57
2026/10/09 03:59:45.380, 2, 83337, 97871, 100, 527.04
2026/10/09 03:59:45.380, 3, 83193, 97871, 100, 511.17
2026/10/09 03:59:46.380, 0, 79407, 97871, 99, 464.61
2026/10/09 03:59:46.381, 1, 79985, 97871, 100, 515.22
2026/10/09 03:59:46.381, 2, 83337, 97871, 100, 524.64
2026/10/09 03:59:46.381, 3, 83193, 97871, 100, 522.32
2026/10/09 03:59:47.381, 0, 79407, 97871, 100, 461.50
2026/10/09 03:59:47.381, 1, 79985, 97871, 100, 527.26
2026/10/09 03:59:47.381, 2, 83337, 97871, 100, 532.48
2026/10/09 03:59:47.381, 3, 83193, 97871, 100, 511.61
2026/10/09 03:59:48.381, 0, 79407, 97871, 99, 454.39
2026/10/09 03:59:48.388, 1, 79985, 97871, 100, 520.30
2026/10/09 03:59:48.388, 2, 83337, 97871, 100, 510.05
2026/10/09 03:59:48.388, 3, 83193, 97871, 89, 522.75
2026/10/09 03:59:49.388, 0, 79407, 97871, 99, 457.85
2026/10/09 03:59:49.388, 1, 79985, 97871, 100, 526.19
2026/10/09 03:59:49.388, 2, 83337, 97871, 100, 528.30
2026/10/09 03:59:49.388, 3, 83193, 97871, 100, 514.23
2026/10/09 03:59:50.388, 0, 79407, 97871, 99, 462.01
2026/10/09 03:59:50.388, 1, 79985, 97871, 100, 526.44
2026/10/09 03:59:50.388, 2, 83337, 97871, 99, 488.26
2026/10/09 03:59:50.388, 3, 83193, 97871, 88, 533.34
2026/10/09 03:59:51.388, 0, 79407, 97871, 99, 455.98
2026/10/09 03:59:51.388, 1, 79985, 97871, 100, 525.10
2026/10/09 03:59:51.388, 2, 83337, 97871, 100, 503.10
2026/10/09 03:59:51.388, 3, 83193, 97871, 100, 521.90
2026/10/09 03:59:52.389, 0, 79407, 97871, 99, 460.25
2026/10/09 03:59:52.389, 1, 79985, 97871, 100, 505.08
2026/10/09 03:59:52.389, 2, 83337, 97871, 100, 527.26
2026/10/09 03:59:52.389, 3, 83193, 97871, 89, 519.33
2026/10/09 03:59:53.389, 0, 79407, 97871, 100, 461.64
2026/10/09 03:59:53.389, 1, 79985, 97871, 100, 474.32
2026/10/09 03:59:53.389, 2, 83337, 97871, 100, 527.73
2026/10/09 03:59:53.389, 3, 83193, 97871, 100, 509.23
2026/10/09 03:59:54.389, 0, 79407, 97871, 99, 455.10
2026/10/09 03:59:54.389, 1, 79985, 97871, 100, 537.02
2026/10/09 03:59:54.389, 2, 83337, 97871, 97, 511.36
2026/10/09 03:59:54.389, 3, 83193, 97871, 100, 522.93
2026/10/09 03:59:55.389, 0, 79407, 97871, 99, 464.86
2026/10/09 03:59:55.389, 1, 79985, 97871, 100, 535.55
2026/10/09 03:59:55.389, 2, 83337, 97871, 100, 503.83
2026/10/09 03:59:55.389, 3, 83193, 97871, 100, 524.50
2026/10/09 03:59:56.390, 0, 79407, 97871, 99, 463.34
2026/10/09 03:59:56.390, 1, 79985, 97871, 97, 517.70
2026/10/09 03:59:56.390, 2, 83337, 97871, 100, 532.06
2026/10/09 03:59:56.390, 3, 83193, 97871, 100, 518.23
2026/10/09 03:59:57.390, 0, 79407, 97871, 99, 455.72
2026/10/09 03:59:57.390, 1, 79985, 97871, 100, 490.47
2026/10/09 03:59:57.390, 2, 83337, 97871, 100, 528.15
2026/10/09 03:59:57.390, 3, 83193, 97871, 100, 533.68
2026/10/09 03:59:58.390, 0, 79407, 97871, 99, 457.01
2026/10/09 03:59:58.396, 1, 79985, 97871, 100, 532.20
2026/10/09 03:59:58.397, 2, 83337, 97871, 100, 517.28
2026/10/09 03:59:58.397, 3, 83193, 97871, 100, 534.82
2026/10/09 03:59:59.397, 0, 79989, 97871, 100, 478.72
2026/10/09 03:59:59.397, 1, 79985, 97871, 100, 532.57
2026/10/09 03:59:59.397, 2, 83337, 97871, 100, 521.67
2026/10/09 03:59:59.397, 3, 83193, 97871, 88, 510.19
2026/10/09 04:00:00.397, 0, 79989, 97871, 100, 480.14
2026/10/09 04:00:00.397, 1, 79985, 97871, 100, 523.36
2026/10/09 04:00:00.397, 2, 83337, 97871, 100, 521.40
2026/10/09 04:00:00.397, 3, 83193, 97871, 100, 520.33
2026/10/09 04:00:01.397, 0, 79989, 97871, 100, 503.95
2026/10/09 04:00:01.397, 1, 79985, 97871, 100, 528.60
2026/10/09 04:00:01.397, 2, 83337, 97871, 100, 521.97
2026/10/09 04:00:01.397, 3, 83193, 97871, 99, 471.94
2026/10/09 04:00:02.397, 0, 79989, 97871, 100, 498.05
2026/10/09 04:00:02.397, 1, 79985, 97871, 100, 528.72
2026/10/09 04:00:02.397, 2, 83337, 97871, 100, 517.08
2026/10/09 04:00:02.397, 3, 83193, 97871, 100, 479.53
2026/10/09 04:00:03.398, 0, 79989, 97871, 100, 517.57
2026/10/09 04:00:03.398, 1, 79985, 97871, 100, 526.28
2026/10/09 04:00:03.398, 2, 83337, 97871, 100, 517.31
2026/10/09 04:00:03.398, 3, 83193, 97871, 100, 544.09
2026/10/09 04:00:04.398, 0, 79989, 97871, 100, 497.40
2026/10/09 04:00:04.398, 1, 79985, 97871, 100, 523.04
2026/10/09 04:00:04.398, 2, 83337, 97871, 100, 517.91
2026/10/09 04:00:04.398, 3, 83193, 97871, 100, 540.60
2026/10/09 04:00:05.398, 0, 79989, 97871, 100, 510.84
2026/10/09 04:00:05.398, 1, 79985, 97871, 100, 521.78
2026/10/09 04:00:05.398, 2, 83337, 97871, 100, 517.03
2026/10/09 04:00:05.398, 3, 83193, 97871, 100, 521.70
2026/10/09 04:00:06.398, 0, 79989, 97871, 100, 495.15
2026/10/09 04:00:06.398, 1, 79985, 97871, 100, 521.50
2026/10/09 04:00:06.398, 2, 83337, 97871, 100, 519.62
2026/10/09 04:00:06.398, 3, 83193, 97871, 100, 492.81
2026/10/09 04:00:07.398, 0, 79989, 97871, 100, 508.15
2026/10/09 04:00:07.399, 1, 79985, 97871, 100, 520.60
2026/10/09 04:00:07.399, 2, 83337, 97871, 100, 520.12
2026/10/09 04:00:07.399, 3, 83193, 97871, 100, 537.94
2026/10/09 04:00:08.399, 0, 79989, 97871, 100, 513.41
2026/10/09 04:00:08.405, 1, 79985, 97871, 100, 523.59
2026/10/09 04:00:08.405, 2, 83337, 97871, 100, 518.76
2026/10/09 04:00:08.406, 3, 83193, 97871, 100, 540.14
2026/10/09 04:00:09.406, 0, 79989, 97871, 100, 512.67
2026/10/09 04:00:09.406, 1, 79985, 97871, 100, 525.08
2026/10/09 04:00:09.406, 2, 83337, 97871, 100, 519.34
2026/10/09 04:00:09.406, 3, 83193, 97871, 100, 530.59
2026/10/09 04:00:10.406, 0, 79989, 97871, 99, 509.37
2026/10/09 04:00:10.406, 1, 79985, 97871, 100, 518.84
2026/10/09 04:00:10.406, 2, 83337, 97871, 100, 520.37
2026/10/09 04:00:10.406, 3, 83193, 97871, 100, 527.45
2026/10/09 04:00:11.406, 0, 79989, 97871, 100, 512.25
2026/10/09 04:00:11.406, 1, 79985, 97871, 100, 520.24
2026/10/09 04:00:11.406, 2, 83337, 97871, 100, 514.95
2026/10/09 04:00:11.406, 3, 83193, 97871, 100, 529.01
2026/10/09 04:00:12.406, 0, 79989, 97871, 100, 501.49
2026/10/09 04:00:12.406, 1, 79985, 97871, 100, 518.66
2026/10/09 04:00:12.406, 2, 83337, 97871, 100, 492.22
2026/10/09 04:00:12.406, 3, 83193, 97871, 100, 525.95
2026/10/09 04:00:13.407, 0, 79989, 97871, 100, 502.68
2026/10/09 04:00:13.407, 1, 79985, 97871, 100, 514.10
2026/10/09 04:00:13.407, 2, 83337, 97871, 100, 534.10
2026/10/09 04:00:13.407, 3, 83193, 97871, 100, 523.32
2026/10/09 04:00:14.407, 0, 79989, 97871, 99, 508.59
2026/10/09 04:00:14.407, 1, 79985, 97871, 100, 469.40
2026/10/09 04:00:14.407, 2, 83337, 97871, 100, 527.12
2026/10/09 04:00:14.407, 3, 83195, 97871, 94, 528.70
2026/10/09 04:00:15.407, 0, 79989, 97871, 100, 493.20
2026/10/09 04:00:15.407, 1, 79985, 97871, 100, 532.96
2026/10/09 04:00:15.407, 2, 83337, 97871, 100, 529.49
2026/10/09 04:00:15.407, 3, 83195, 97871, 100, 528.51
2026/10/09 04:00:16.407, 0, 79989, 97871, 100, 495.70
2026/10/09 04:00:16.407, 1, 79985, 97871, 100, 536.00
2026/10/09 04:00:16.407, 2, 83337, 97871, 100, 528.05
2026/10/09 04:00:16.407, 3, 83195, 97871, 100, 519.52
2026/10/09 04:00:17.407, 0, 79989, 97871, 100, 507.98
2026/10/09 04:00:17.408, 1, 79985, 97871, 100, 534.84
2026/10/09 04:00:17.408, 2, 83337, 97871, 100, 529.69
2026/10/09 04:00:17.408, 3, 83195, 97871, 100, 527.62
2026/10/09 04:00:18.408, 0, 79989, 97871, 99, 486.47
2026/10/09 04:00:18.415, 1, 79985, 97871, 100, 528.81
2026/10/09 04:00:18.415, 2, 83337, 97871, 100, 522.15
2026/10/09 04:00:18.415, 3, 83195, 97871, 100, 521.52
2026/10/09 04:00:19.415, 0, 79989, 97871, 100, 518.32
2026/10/09 04:00:19.415, 1, 79985, 97871, 100, 532.14
2026/10/09 04:00:19.415, 2, 83337, 97871, 100, 510.89
2026/10/09 04:00:19.415, 3, 83195, 97871, 100, 527.79
2026/10/09 04:00:20.415, 0, 79989, 97871, 100, 487.94
2026/10/09 04:00:20.415, 1, 79985, 97871, 100, 524.79
2026/10/09 04:00:20.415, 2, 83337, 97871, 99, 492.48
2026/10/09 04:00:20.415, 3, 83195, 97871, 100, 523.11
2026/10/09 04:00:21.416, 0, 79989, 97871, 100, 506.53
2026/10/09 04:00:21.416, 1, 79985, 97871, 100, 519.39
2026/10/09 04:00:21.416, 2, 83337, 97871, 100, 534.43
2026/10/09 04:00:21.416, 3, 83195, 97871, 100, 522.52
2026/10/09 04:00:22.416, 0, 79989, 97871, 99, 493.17
2026/10/09 04:00:22.416, 1, 79985, 97871, 100, 503.53
2026/10/09 04:00:22.416, 2, 83337, 97871, 100, 527.86
2026/10/09 04:00:22.416, 3, 83195, 97871, 99, 515.23
2026/10/09 04:00:23.416, 0, 79989, 97871, 100, 513.11
2026/10/09 04:00:23.416, 1, 79985, 97871, 100, 531.25
2026/10/09 04:00:23.416, 2, 83337, 97871, 100, 529.38
2026/10/09 04:00:23.416, 3, 83195, 97871, 78, 480.05
2026/10/09 04:00:24.416, 0, 79989, 97871, 100, 485.42
2026/10/09 04:00:24.416, 1, 79985, 97871, 100, 534.38
2026/10/09 04:00:24.416, 2, 83337, 97871, 100, 529.38
2026/10/09 04:00:24.416, 3, 83195, 97871, 99, 488.18
2026/10/09 04:00:25.417, 0, 79989, 97871, 100, 490.11
2026/10/09 04:00:25.417, 1, 79985, 97871, 100, 531.66
2026/10/09 04:00:25.417, 2, 83337, 97871, 100, 528.54
2026/10/09 04:00:25.417, 3, 83195, 97871, 100, 502.43
2026/10/09 04:00:26.417, 0, 79989, 97871, 100, 505.48
2026/10/09 04:00:26.417, 1, 79985, 97871, 100, 533.70
2026/10/09 04:00:26.417, 2, 83337, 97871, 100, 524.21
2026/10/09 04:00:26.417, 3, 83195, 97871, 100, 539.91
2026/10/09 04:00:27.417, 0, 79989, 97871, 89, 490.74
2026/10/09 04:00:27.417, 1, 79985, 97871, 100, 531.40
2026/10/09 04:00:27.417, 2, 83337, 97871, 100, 517.19
2026/10/09 04:00:27.417, 3, 83195, 97871, 100, 536.72
2026/10/09 04:00:28.417, 0, 79989, 97871, 100, 490.20
2026/10/09 04:00:28.424, 1, 79985, 97871, 100, 529.17
2026/10/09 04:00:28.424, 2, 83337, 97871, 100, 523.11
2026/10/09 04:00:28.424, 3, 83195, 97871, 100, 542.38
2026/10/09 04:00:29.424, 0, 79989, 97871, 100, 495.87
2026/10/09 04:00:29.424, 1, 79985, 97871, 100, 528.20
2026/10/09 04:00:29.424, 2, 83337, 97871, 100, 523.17
2026/10/09 04:00:29.424, 3, 83195, 97871, 100, 536.09
2026/10/09 04:00:30.424, 0, 79989, 97871, 100, 492.42
2026/10/09 04:00:30.425, 1, 79985, 97871, 100, 528.87
2026/10/09 04:00:30.425, 2, 83337, 97871, 100, 522.92
2026/10/09 04:00:30.425, 3, 83195, 97871, 100, 533.97
2026/10/09 04:00:31.425, 0, 79989, 97871, 100, 497.64
2026/10/09 04:00:31.425, 1, 79985, 97871, 100, 530.57
2026/10/09 04:00:31.425, 2, 83337, 97871, 100, 519.82
2026/10/09 04:00:31.425, 3, 83195, 97871, 100, 524.02
2026/10/09 04:00:32.425, 0, 79989, 97871, 100, 499.50
2026/10/09 04:00:32.425, 1, 79985, 97871, 100, 524.97
2026/10/09 04:00:32.425, 2, 83337, 97871, 100, 521.53
2026/10/09 04:00:32.425, 3, 83195, 97871, 73, 483.94
2026/10/09 04:00:33.425, 0, 79989, 97871, 99, 471.94
2026/10/09 04:00:33.425, 1, 79985, 97871, 100, 522.33
2026/10/09 04:00:33.425, 2, 83337, 97871, 100, 522.62
2026/10/09 04:00:33.425, 3, 83195, 97871, 100, 472.81
2026/10/09 04:00:34.425, 0, 79989, 97871, 99, 467.62
2026/10/09 04:00:34.425, 1, 79985, 97871, 100, 525.12
2026/10/09 04:00:34.425, 2, 83337, 97871, 100, 520.89
2026/10/09 04:00:34.426, 3, 83195, 97871, 100, 540.48
2026/10/09 04:00:35.426, 0, 80661, 97871, 100, 443.02
2026/10/09 04:00:35.426, 1, 79985, 97871, 100, 526.48
2026/10/09 04:00:35.426, 2, 83337, 97871, 100, 521.07
2026/10/09 04:00:35.426, 3, 83195, 97871, 100, 539.40
2026/10/09 04:00:36.426, 0, 80661, 97871, 100, 543.27
2026/10/09 04:00:36.426, 1, 79985, 97871, 100, 527.55
2026/10/09 04:00:36.426, 2, 83337, 97871, 100, 524.29
2026/10/09 04:00:36.426, 3, 83195, 97871, 100, 539.09
2026/10/09 04:00:37.426, 0, 80661, 97871, 100, 540.57
2026/10/09 04:00:37.426, 1, 79985, 97871, 100, 525.95
2026/10/09 04:00:37.426, 2, 83337, 97871, 100, 525.74
2026/10/09 04:00:37.426, 3, 83195, 97871, 100, 540.55
2026/10/09 04:00:38.426, 0, 80661, 97871, 100, 532.64
2026/10/09 04:00:38.443, 1, 79985, 97871, 100, 528.53
2026/10/09 04:00:38.444, 2, 83337, 97871, 100, 526.46
2026/10/09 04:00:38.444, 3, 83195, 97871, 100, 539.51
2026/10/09 04:00:39.444, 0, 80661, 97871, 100, 537.73
2026/10/09 04:00:39.444, 1, 79985, 97871, 100, 527.39
2026/10/09 04:00:39.444, 2, 83337, 97871, 100, 519.72
2026/10/09 04:00:39.444, 3, 83195, 97871, 100, 522.52
2026/10/09 04:00:40.444, 0, 80661, 97871, 100, 470.31
2026/10/09 04:00:40.444, 1, 79985, 97871, 100, 523.85
2026/10/09 04:00:40.444, 2, 83337, 97871, 100, 523.99
2026/10/09 04:00:40.444, 3, 83195, 97871, 100, 527.09
2026/10/09 04:00:41.444, 0, 80661, 97871, 100, 542.50
2026/10/09 04:00:41.444, 1, 79985, 97871, 100, 524.86
2026/10/09 04:00:41.444, 2, 83337, 97871, 100, 523.81
2026/10/09 04:00:41.444, 3, 83195, 97871, 100, 530.11
2026/10/09 04:00:42.445, 0, 80661, 97871, 100, 539.60
2026/10/09 04:00:42.445, 1, 79985, 97871, 100, 526.71
2026/10/09 04:00:42.445, 2, 83337, 97871, 100, 526.98
2026/10/09 04:00:42.445, 3, 83195, 97871, 100, 526.14
2026/10/09 04:00:43.445, 0, 80661, 97871, 100, 531.96
2026/10/09 04:00:43.445, 1, 79985, 97871, 100, 525.00
2026/10/09 04:00:43.445, 2, 83337, 97871, 100, 519.77
2026/10/09 04:00:43.445, 3, 83195, 97871, 100, 529.72
2026/10/09 04:00:44.445, 0, 80661, 97871, 100, 542.00
2026/10/09 04:00:44.445, 1, 79985, 97871, 100, 526.16
2026/10/09 04:00:44.445, 2, 83337, 97871, 100, 522.91
2026/10/09 04:00:44.445, 3, 83195, 97871, 100, 532.45
2026/10/09 04:00:45.445, 0, 80661, 97871, 100, 530.94
2026/10/09 04:00:45.445, 1, 79985, 97871, 100, 524.59
2026/10/09 04:00:45.446, 2, 83337, 97871, 100, 521.30
2026/10/09 04:00:45.446, 3, 83195, 97871, 100, 524.05
2026/10/09 04:00:46.446, 0, 80661, 97871, 100, 527.31
2026/10/09 04:00:46.446, 1, 79985, 97871, 100, 525.49
2026/10/09 04:00:46.446, 2, 83337, 97871, 100, 519.94
2026/10/09 04:00:46.446, 3, 83195, 97871, 100, 521.67
2026/10/09 04:00:47.446, 0, 80661, 97871, 100, 527.95
2026/10/09 04:00:47.446, 1, 79985, 97871, 100, 525.80
2026/10/09 04:00:47.446, 2, 83337, 97871, 100, 521.70
2026/10/09 04:00:47.446, 3, 83195, 97871, 100, 527.13
2026/10/09 04:00:48.446, 0, 80661, 97871, 100, 530.55
2026/10/09 04:00:48.458, 1, 79985, 97871, 100, 525.49
2026/10/09 04:00:48.458, 2, 83337, 97871, 100, 520.13
2026/10/09 04:00:48.458, 3, 83195, 97871, 100, 530.98
2026/10/09 04:00:49.458, 0, 80661, 97871, 100, 528.38
2026/10/09 04:00:49.458, 1, 79985, 97871, 100, 523.16
2026/10/09 04:00:49.458, 2, 83337, 97871, 100, 520.34
2026/10/09 04:00:49.458, 3, 83195, 97871, 100, 533.39
2026/10/09 04:00:50.458, 0, 80661, 97871, 100, 524.09
2026/10/09 04:00:50.458, 1, 79985, 97871, 100, 520.91
2026/10/09 04:00:50.458, 2, 83337, 97871, 100, 514.67
2026/10/09 04:00:50.458, 3, 83195, 97871, 100, 525.51
2026/10/09 04:00:51.458, 0, 80661, 97871, 100, 533.92
2026/10/09 04:00:51.458, 1, 79985, 97871, 100, 516.92
2026/10/09 04:00:51.458, 2, 83337, 97871, 100, 513.99
2026/10/09 04:00:51.458, 3, 83195, 97871, 100, 529.49
2026/10/09 04:00:52.459, 0, 80661, 97871, 100, 527.97
2026/10/09 04:00:52.459, 1, 79985, 97871, 100, 460.19
2026/10/09 04:00:52.459, 2, 83337, 97871, 100, 475.93
2026/10/09 04:00:52.459, 3, 83195, 97871, 100, 525.67
2026/10/09 04:00:53.459, 0, 80661, 97871, 100, 528.19
2026/10/09 04:00:53.459, 1, 79985, 97871, 100, 532.41
2026/10/09 04:00:53.459, 2, 83337, 97871, 100, 531.31
2026/10/09 04:00:53.459, 3, 83195, 97871, 100, 528.22
2026/10/09 04:00:54.459, 0, 80661, 97871, 100, 530.36
2026/10/09 04:00:54.459, 1, 79985, 97871, 100, 532.92
2026/10/09 04:00:54.459, 2, 83337, 97871, 100, 527.06
2026/10/09 04:00:54.459, 3, 83195, 97871, 100, 533.51
2026/10/09 04:00:55.459, 0, 80661, 97871, 100, 525.02
2026/10/09 04:00:55.460, 1, 79985, 97871, 100, 531.93
2026/10/09 04:00:55.460, 2, 83337, 97871, 100, 535.12
2026/10/09 04:00:55.460, 3, 83195, 97871, 100, 527.95
2026/10/09 04:00:56.460, 0, 80661, 97871, 100, 528.87
2026/10/09 04:00:56.460, 1, 79985, 97871, 100, 532.21
2026/10/09 04:00:56.460, 2, 83337, 97871, 100, 526.73
2026/10/09 04:00:56.460, 3, 83195, 97871, 100, 532.38
2026/10/09 04:00:57.460, 0, 80661, 97871, 100, 531.28
2026/10/09 04:00:57.460, 1, 79985, 97871, 100, 529.82
2026/10/09 04:00:57.460, 2, 83337, 97871, 100, 526.56
2026/10/09 04:00:57.460, 3, 83195, 97871, 100, 528.59
2026/10/09 04:00:58.460, 0, 80661, 97871, 100, 516.98
2026/10/09 04:00:58.466, 1, 79985, 97871, 100, 533.38
2026/10/09 04:00:58.467, 2, 83337, 97871, 100, 531.38
2026/10/09 04:00:58.467, 3, 83195, 97871, 100, 526.63
2026/10/09 04:00:59.467, 0, 80661, 97871, 99, 465.07
2026/10/09 04:00:59.467, 1, 79985, 97871, 100, 528.52
2026/10/09 04:00:59.467, 2, 83337, 97871, 100, 528.60
2026/10/09 04:00:59.467, 3, 83195, 97871, 100, 522.30
2026/10/09 04:01:00.467, 0, 80661, 97871, 100, 455.50
2026/10/09 04:01:00.467, 1, 79985, 97871, 100, 531.55
2026/10/09 04:01:00.467, 2, 83337, 97871, 100, 532.28
2026/10/09 04:01:00.467, 3, 83195, 97871, 100, 524.22
2026/10/09 04:01:01.467, 0, 80661, 97871, 100, 537.68
2026/10/09 04:01:01.467, 1, 79985, 97871, 100, 533.74
2026/10/09 04:01:01.467, 2, 83337, 97871, 100, 526.37
2026/10/09 04:01:01.467, 3, 83195, 97871, 100, 528.81
2026/10/09 04:01:02.467, 0, 80661, 97871, 100, 541.31
2026/10/09 04:01:02.467, 1, 79985, 97871, 100, 530.38
2026/10/09 04:01:02.468, 2, 83337, 97871, 100, 533.12
2026/10/09 04:01:02.468, 3, 83195, 97871, 100, 523.89
2026/10/09 04:01:03.468, 0, 80661, 97871, 100, 540.92
2026/10/09 04:01:03.468, 1, 79985, 97871, 100, 525.35
2026/10/09 04:01:03.468, 2, 83337, 97871, 100, 520.74
2026/10/09 04:01:03.468, 3, 83195, 97871, 100, 526.86
2026/10/09 04:01:04.468, 0, 80661, 97871, 100, 540.14
2026/10/09 04:01:04.468, 1, 79985, 97871, 99, 523.66
2026/10/09 04:01:04.468, 2, 83337, 97871, 100, 518.57
2026/10/09 04:01:04.468, 3, 83195, 97871, 100, 517.32
2026/10/09 04:01:05.468, 0, 80661, 97871, 100, 537.71
2026/10/09 04:01:05.468, 1, 79985, 97871, 100, 522.68
2026/10/09 04:01:05.468, 2, 83337, 97871, 100, 517.47
2026/10/09 04:01:05.468, 3, 83195, 97871, 99, 512.59
2026/10/09 04:01:06.468, 0, 80661, 97871, 100, 529.43
2026/10/09 04:01:06.469, 1, 79985, 97871, 100, 518.17
2026/10/09 04:01:06.469, 2, 83337, 97871, 100, 515.37
2026/10/09 04:01:06.469, 3, 83195, 97871, 100, 444.62
2026/10/09 04:01:07.469, 0, 80661, 97871, 100, 530.79
2026/10/09 04:01:07.469, 1, 79985, 97871, 76, 479.06
2026/10/09 04:01:07.469, 2, 83337, 97871, 100, 509.97
2026/10/09 04:01:07.469, 3, 83195, 97871, 100, 542.13
2026/10/09 04:01:08.469, 0, 80661, 97871, 99, 511.79
2026/10/09 04:01:08.476, 1, 79985, 97871, 100, 529.91
2026/10/09 04:01:08.476, 2, 83337, 97871, 100, 485.06
2026/10/09 04:01:08.476, 3, 83195, 97871, 100, 541.09
2026/10/09 04:01:09.477, 0, 80661, 97871, 100, 511.88
2026/10/09 04:01:09.477, 1, 79985, 97871, 100, 535.45
2026/10/09 04:01:09.477, 2, 83337, 97871, 100, 532.26
2026/10/09 04:01:09.477, 3, 83195, 97871, 100, 539.55
2026/10/09 04:01:10.477, 0, 80661, 97871, 100, 539.42
2026/10/09 04:01:10.477, 1, 79985, 97871, 100, 534.55
2026/10/09 04:01:10.477, 2, 83337, 97871, 100, 525.65
2026/10/09 04:01:10.477, 3, 83195, 97871, 100, 541.00
2026/10/09 04:01:11.477, 0, 80661, 97871, 100, 538.56
2026/10/09 04:01:11.477, 1, 79985, 97871, 100, 535.65
2026/10/09 04:01:11.477, 2, 83337, 97871, 100, 527.66
2026/10/09 04:01:11.477, 3, 83195, 97871, 100, 538.99
2026/10/09 04:01:12.477, 0, 80661, 97871, 100, 540.60
2026/10/09 04:01:12.477, 1, 79985, 97871, 100, 533.20
2026/10/09 04:01:12.477, 2, 83337, 97871, 100, 531.94
2026/10/09 04:01:12.477, 3, 83195, 97871, 92, 540.89
2026/10/09 04:01:13.477, 0, 80661, 97871, 100, 539.07
2026/10/09 04:01:13.477, 1, 79985, 97871, 100, 534.52
2026/10/09 04:01:13.477, 2, 83337, 97871, 100, 528.36
2026/10/09 04:01:13.477, 3, 83195, 97871, 100, 539.72
2026/10/09 04:01:14.477, 0, 80661, 97871, 100, 533.09
2026/10/09 04:01:14.477, 1, 79985, 97871, 100, 532.72
2026/10/09 04:01:14.477, 2, 83337, 97871, 100, 532.18
2026/10/09 04:01:14.477, 3, 83195, 97871, 100, 538.99
2026/10/09 04:01:15.478, 0, 80661, 97871, 100, 532.95
2026/10/09 04:01:15.478, 1, 79985, 97871, 100, 529.90
2026/10/09 04:01:15.478, 2, 83337, 97871, 100, 526.13
2026/10/09 04:01:15.478, 3, 83195, 97871, 100, 535.32
2026/10/09 04:01:16.478, 0, 80661, 97871, 100, 533.31
2026/10/09 04:01:16.478, 1, 79985, 97871, 100, 530.32
2026/10/09 04:01:16.478, 2, 83337, 97871, 100, 526.23
2026/10/09 04:01:16.478, 3, 83195, 97871, 98, 537.80
2026/10/09 04:01:17.478, 0, 80661, 97871, 100, 533.59
2026/10/09 04:01:17.478, 1, 79985, 97871, 100, 532.87
2026/10/09 04:01:17.478, 2, 83337, 97871, 100, 530.78
2026/10/09 04:01:17.478, 3, 83195, 97871, 100, 524.28
2026/10/09 04:01:18.478, 0, 80661, 97871, 100, 530.28
2026/10/09 04:01:18.484, 1, 79985, 97871, 100, 525.96
2026/10/09 04:01:18.484, 2, 83337, 97871, 100, 529.81
2026/10/09 04:01:18.484, 3, 83195, 97871, 100, 521.62
2026/10/09 04:01:19.484, 0, 80661, 97871, 100, 532.09
2026/10/09 04:01:19.484, 1, 79985, 97871, 100, 522.24
2026/10/09 04:01:19.484, 2, 83337, 97871, 100, 522.50
2026/10/09 04:01:19.484, 3, 83195, 97871, 99, 523.00
2026/10/09 04:01:20.484, 0, 80661, 97871, 100, 527.06
2026/10/09 04:01:20.484, 1, 79985, 97871, 100, 523.07
2026/10/09 04:01:20.484, 2, 83337, 97871, 100, 518.48
2026/10/09 04:01:20.484, 3, 83195, 97871, 100, 519.77
2026/10/09 04:01:21.484, 0, 80661, 97871, 100, 529.22
2026/10/09 04:01:21.484, 1, 79985, 97871, 100, 525.17
2026/10/09 04:01:21.484, 2, 83337, 97871, 100, 522.49
2026/10/09 04:01:21.484, 3, 83195, 97871, 100, 513.17
2026/10/09 04:01:22.484, 0, 80661, 97871, 100, 528.43
2026/10/09 04:01:22.484, 1, 79985, 97871, 100, 527.42
2026/10/09 04:01:22.484, 2, 83337, 97871, 100, 522.77
2026/10/09 04:01:22.484, 3, 83195, 97871, 100, 478.85
2026/10/09 04:01:23.484, 0, 80661, 97871, 100, 529.15
2026/10/09 04:01:23.484, 1, 79985, 97871, 100, 528.01
2026/10/09 04:01:23.484, 2, 83337, 97871, 100, 522.84
2026/10/09 04:01:23.484, 3, 83195, 97871, 100, 542.60
2026/10/09 04:01:24.485, 0, 80661, 97871, 100, 529.02
2026/10/09 04:01:24.485, 1, 79985, 97871, 100, 525.98
2026/10/09 04:01:24.485, 2, 83337, 97871, 100, 521.80
2026/10/09 04:01:24.485, 3, 83195, 97871, 100, 540.96
2026/10/09 04:01:25.485, 0, 80661, 97871, 100, 532.77
2026/10/09 04:01:25.485, 1, 79985, 97871, 100, 525.69
2026/10/09 04:01:25.485, 2, 83337, 97871, 100, 520.45
2026/10/09 04:01:25.485, 3, 83195, 97871, 100, 540.82
2026/10/09 04:01:26.485, 0, 80661, 97871, 100, 530.60
2026/10/09 04:01:26.485, 1, 79985, 97871, 100, 530.18
2026/10/09 04:01:26.485, 2, 83337, 97871, 100, 522.04
2026/10/09 04:01:26.485, 3, 83195, 97871, 100, 541.03
2026/10/09 04:01:27.485, 0, 80661, 97871, 100, 530.12
2026/10/09 04:01:27.485, 1, 79985, 97871, 100, 522.22
2026/10/09 04:01:27.485, 2, 83337, 97871, 100, 517.70
2026/10/09 04:01:27.485, 3, 83195, 97871, 100, 538.08
2026/10/09 04:01:28.485, 0, 80661, 97871, 100, 530.30
2026/10/09 04:01:28.494, 1, 79985, 97871, 100, 524.77
2026/10/09 04:01:28.494, 2, 83337, 97871, 100, 523.83
2026/10/09 04:01:28.494, 3, 83195, 97871, 100, 534.14
2026/10/09 04:01:29.494, 0, 80661, 97871, 100, 529.74
2026/10/09 04:01:29.494, 1, 79985, 97871, 100, 526.24
2026/10/09 04:01:29.494, 2, 83337, 97871, 100, 528.09
2026/10/09 04:01:29.494, 3, 83195, 97871, 100, 541.09
2026/10/09 04:01:30.494, 0, 80661, 97871, 100, 529.30
2026/10/09 04:01:30.494, 1, 79985, 97871, 100, 525.90
2026/10/09 04:01:30.494, 2, 83337, 97871, 100, 522.22
2026/10/09 04:01:30.494, 3, 83195, 97871, 100, 538.18
2026/10/09 04:01:31.495, 0, 80661, 97871, 100, 530.30
2026/10/09 04:01:31.495, 1, 79985, 97871, 100, 526.87
2026/10/09 04:01:31.495, 2, 83337, 97871, 100, 519.84
2026/10/09 04:01:31.495, 3, 83195, 97871, 100, 538.67
2026/10/09 04:01:32.495, 0, 80661, 97871, 100, 530.46
2026/10/09 04:01:32.495, 1, 79985, 97871, 100, 527.74
2026/10/09 04:01:32.495, 2, 83337, 97871, 100, 523.73
2026/10/09 04:01:32.495, 3, 83195, 97871, 100, 537.87
2026/10/09 04:01:33.495, 0, 80661, 97871, 100, 531.73
2026/10/09 04:01:33.495, 1, 79985, 97871, 100, 528.57
2026/10/09 04:01:33.495, 2, 83337, 97871, 100, 524.00
2026/10/09 04:01:33.495, 3, 83195, 97871, 100, 524.46
2026/10/09 04:01:34.495, 0, 80661, 97871, 100, 530.42
2026/10/09 04:01:34.495, 1, 79985, 97871, 100, 527.29
2026/10/09 04:01:34.495, 2, 83337, 97871, 100, 524.24
2026/10/09 04:01:34.495, 3, 83195, 97871, 100, 523.73
2026/10/09 04:01:35.495, 0, 80661, 97871, 100, 525.21
2026/10/09 04:01:35.495, 1, 79985, 97871, 100, 524.58
2026/10/09 04:01:35.495, 2, 83337, 97871, 100, 526.36
2026/10/09 04:01:35.496, 3, 83195, 97871, 100, 529.55
2026/10/09 04:01:36.496, 0, 80661, 97871, 100, 527.90
2026/10/09 04:01:36.496, 1, 79985, 97871, 100, 523.79
2026/10/09 04:01:36.496, 2, 83337, 97871, 100, 527.53
2026/10/09 04:01:36.496, 3, 83195, 97871, 100, 534.06
2026/10/09 04:01:37.496, 0, 80661, 97871, 100, 527.35
2026/10/09 04:01:37.496, 1, 79985, 97871, 100, 522.48
2026/10/09 04:01:37.496, 2, 83337, 97871, 100, 525.38
2026/10/09 04:01:37.496, 3, 83195, 97871, 100, 528.45
2026/10/09 04:01:38.496, 0, 80661, 97871, 100, 529.33
2026/10/09 04:01:38.502, 1, 79985, 97871, 100, 522.83
2026/10/09 04:01:38.502, 2, 83337, 97871, 100, 528.64
2026/10/09 04:01:38.502, 3, 83195, 97871, 100, 528.37
2026/10/09 04:01:39.503, 0, 80661, 97871, 100, 536.55
2026/10/09 04:01:39.503, 1, 79985, 97871, 100, 523.37
2026/10/09 04:01:39.503, 2, 83337, 97871, 100, 524.83
2026/10/09 04:01:39.503, 3, 83195, 97871, 100, 533.97
2026/10/09 04:01:40.503, 0, 80661, 97871, 99, 497.10
2026/10/09 04:01:40.503, 1, 79985, 97871, 100, 527.52
2026/10/09 04:01:40.503, 2, 83337, 97871, 100, 522.27
2026/10/09 04:01:40.503, 3, 83195, 97871, 100, 526.62
2026/10/09 04:01:41.503, 0, 80661, 97871, 99, 460.74
2026/10/09 04:01:41.503, 1, 79985, 97871, 100, 524.64
2026/10/09 04:01:41.503, 2, 83337, 97871, 100, 517.10
2026/10/09 04:01:41.503, 3, 83195, 97871, 100, 527.69
2026/10/09 04:01:42.503, 0, 80661, 97871, 100, 474.20
2026/10/09 04:01:42.503, 1, 79985, 97871, 100, 524.45
2026/10/09 04:01:42.503, 2, 83337, 97871, 100, 522.85
2026/10/09 04:01:42.503, 3, 83195, 97871, 100, 529.14
2026/10/09 04:01:43.504, 0, 80661, 97871, 100, 539.94
2026/10/09 04:01:43.504, 1, 79985, 97871, 100, 524.02
2026/10/09 04:01:43.504, 2, 83337, 97871, 100, 523.39
2026/10/09 04:01:43.504, 3, 83195, 97871, 100, 528.65
2026/10/09 04:01:44.504, 0, 80661, 97871, 100, 538.89
2026/10/09 04:01:44.504, 1, 79985, 97871, 100, 525.35
2026/10/09 04:01:44.504, 2, 83337, 97871, 100, 522.51
2026/10/09 04:01:44.504, 3, 83195, 97871, 100, 528.27
2026/10/09 04:01:45.504, 0, 80661, 97871, 100, 537.85
2026/10/09 04:01:45.504, 1, 79985, 97871, 100, 527.36
2026/10/09 04:01:45.504, 2, 83337, 97871, 100, 520.34
2026/10/09 04:01:45.504, 3, 83195, 97871, 100, 531.95
2026/10/09 04:01:46.504, 0, 80661, 97871, 100, 537.81
2026/10/09 04:01:46.504, 1, 79985, 97871, 100, 524.15
2026/10/09 04:01:46.504, 2, 83337, 97871, 100, 522.40
2026/10/09 04:01:46.504, 3, 83195, 97871, 100, 532.60
2026/10/09 04:01:47.504, 0, 80661, 97871, 100, 538.32
2026/10/09 04:01:47.504, 1, 79985, 97871, 100, 528.76
2026/10/09 04:01:47.504, 2, 83337, 97871, 100, 522.09
2026/10/09 04:01:47.504, 3, 83195, 97871, 100, 528.78
2026/10/09 04:01:48.505, 0, 80661, 97871, 100, 536.22
2026/10/09 04:01:48.513, 1, 79985, 97871, 100, 527.20
2026/10/09 04:01:48.513, 2, 83337, 97871, 100, 522.06
2026/10/09 04:01:48.513, 3, 83195, 97871, 100, 531.10
2026/10/09 04:01:49.513, 0, 80661, 97871, 100, 538.54
2026/10/09 04:01:49.513, 1, 79985, 97871, 100, 524.09
2026/10/09 04:01:49.513, 2, 83337, 97871, 100, 525.17
2026/10/09 04:01:49.513, 3, 83195, 97871, 100, 527.51
2026/10/09 04:01:50.514, 0, 80661, 97871, 100, 538.61
2026/10/09 04:01:50.514, 1, 79985, 97871, 100, 522.59
2026/10/09 04:01:50.514, 2, 83337, 97871, 100, 524.15
2026/10/09 04:01:50.514, 3, 83195, 97871, 100, 528.14
2026/10/09 04:01:51.514, 0, 80661, 97871, 100, 536.24
2026/10/09 04:01:51.514, 1, 79985, 97871, 100, 526.42
2026/10/09 04:01:51.514, 2, 83337, 97871, 100, 525.22
2026/10/09 04:01:51.514, 3, 83195, 97871, 100, 529.44
2026/10/09 04:01:52.514, 0, 80661, 97871, 100, 538.89
2026/10/09 04:01:52.514, 1, 79985, 97871, 100, 523.44
2026/10/09 04:01:52.514, 2, 83337, 97871, 100, 524.10
2026/10/09 04:01:52.514, 3, 83195, 97871, 100, 530.44
2026/10/09 04:01:53.514, 0, 80661, 97871, 100, 543.39
2026/10/09 04:01:53.514, 1, 79985, 97871, 100, 524.79
2026/10/09 04:01:53.514, 2, 83337, 97871, 100, 521.68
2026/10/09 04:01:53.514, 3, 83195, 97871, 100, 530.28
2026/10/09 04:01:54.514, 0, 80661, 97871, 100, 540.00
2026/10/09 04:01:54.514, 1, 79985, 97871, 100, 523.81
2026/10/09 04:01:54.514, 2, 83337, 97871, 100, 523.62
2026/10/09 04:01:54.515, 3, 83195, 97871, 100, 528.24
2026/10/09 04:01:55.515, 0, 80661, 97871, 100, 533.24
2026/10/09 04:01:55.515, 1, 79985, 97871, 100, 522.91
2026/10/09 04:01:55.515, 2, 83337, 97871, 100, 522.11
2026/10/09 04:01:55.515, 3, 83195, 97871, 100, 528.89
2026/10/09 04:01:56.515, 0, 80661, 97871, 100, 525.95
2026/10/09 04:01:56.515, 1, 79985, 97871, 100, 525.83
2026/10/09 04:01:56.515, 2, 83337, 97871, 100, 519.71
2026/10/09 04:01:56.515, 3, 83195, 97871, 100, 527.67
2026/10/09 04:01:57.515, 0, 80661, 97871, 99, 465.92
2026/10/09 04:01:57.515, 1, 79985, 97871, 100, 526.70
2026/10/09 04:01:57.515, 2, 83337, 97871, 100, 525.41
2026/10/09 04:01:57.515, 3, 83195, 97871, 100, 526.22
2026/10/09 04:01:58.515, 0, 80661, 97871, 100, 506.45
2026/10/09 04:01:58.520, 1, 79985, 97871, 100, 523.35
2026/10/09 04:01:58.520, 2, 83337, 97871, 100, 523.07
2026/10/09 04:01:58.520, 3, 83195, 97871, 100, 530.41
2026/10/09 04:01:59.520, 0, 80661, 97871, 100, 538.24
2026/10/09 04:01:59.520, 1, 79985, 97871, 100, 526.07
2026/10/09 04:01:59.520, 2, 83337, 97871, 100, 522.69
2026/10/09 04:01:59.520, 3, 83195, 97871, 100, 529.10
2026/10/09 04:02:00.520, 0, 80661, 97871, 100, 539.57
2026/10/09 04:02:00.520, 1, 79985, 97871, 100, 526.91
2026/10/09 04:02:00.520, 2, 83337, 97871, 100, 521.36
2026/10/09 04:02:00.520, 3, 83195, 97871, 100, 528.85
2026/10/09 04:02:01.520, 0, 80661, 97871, 100, 535.96
2026/10/09 04:02:01.520, 1, 79985, 97871, 100, 526.68
2026/10/09 04:02:01.521, 2, 83337, 97871, 100, 523.33
2026/10/09 04:02:01.521, 3, 83195, 97871, 100, 529.92
2026/10/09 04:02:02.521, 0, 80661, 97871, 100, 536.55
2026/10/09 04:02:02.521, 1, 79985, 97871, 100, 521.70
2026/10/09 04:02:02.521, 2, 83337, 97871, 100, 523.80
2026/10/09 04:02:02.521, 3, 83195, 97871, 100, 529.37
2026/10/09 04:02:03.521, 0, 80661, 97871, 100, 537.46
2026/10/09 04:02:03.521, 1, 79985, 97871, 100, 522.72
2026/10/09 04:02:03.521, 2, 83337, 97871, 100, 522.77
2026/10/09 04:02:03.521, 3, 83195, 97871, 100, 529.46
2026/10/09 04:02:04.521, 0, 80661, 97871, 100, 537.65
2026/10/09 04:02:04.521, 1, 79985, 97871, 100, 520.55
2026/10/09 04:02:04.521, 2, 83337, 97871, 100, 522.79
2026/10/09 04:02:04.521, 3, 83195, 97871, 100, 528.24
2026/10/09 04:02:05.521, 0, 80661, 97871, 100, 537.57
2026/10/09 04:02:05.521, 1, 79985, 97871, 100, 503.48
2026/10/09 04:02:05.521, 2, 83337, 97871, 100, 517.50
2026/10/09 04:02:05.521, 3, 83195, 97871, 100, 531.16
2026/10/09 04:02:06.521, 0, 80661, 97871, 100, 537.48
2026/10/09 04:02:06.522, 1, 79985, 97871, 100, 440.78
2026/10/09 04:02:06.522, 2, 83337, 97871, 100, 514.03
2026/10/09 04:02:06.522, 3, 83195, 97871, 100, 530.65
2026/10/09 04:02:07.522, 0, 80661, 97871, 100, 539.25
2026/10/09 04:02:07.522, 1, 79985, 97871, 100, 533.46
2026/10/09 04:02:07.522, 2, 83337, 97871, 100, 516.64
2026/10/09 04:02:07.522, 3, 83195, 97871, 100, 532.87
2026/10/09 04:02:08.522, 0, 80661, 97871, 100, 542.24
2026/10/09 04:02:08.543, 1, 79985, 97871, 100, 533.78
2026/10/09 04:02:08.543, 2, 83337, 97871, 87, 436.08
2026/10/09 04:02:08.543, 3, 83195, 97871, 100, 528.07
2026/10/09 04:02:09.543, 0, 80661, 97871, 100, 542.71
2026/10/09 04:02:09.543, 1, 79985, 97871, 100, 530.61
2026/10/09 04:02:09.544, 2, 83337, 97871, 100, 531.75
2026/10/09 04:02:09.544, 3, 83195, 97871, 100, 528.49
2026/10/09 04:02:10.544, 0, 80661, 97871, 100, 535.21
2026/10/09 04:02:10.544, 1, 79985, 97871, 100, 533.78
2026/10/09 04:02:10.544, 2, 83337, 97871, 100, 528.64
2026/10/09 04:02:10.544, 3, 83195, 97871, 100, 528.22
2026/10/09 04:02:11.544, 0, 80661, 97871, 100, 530.61
2026/10/09 04:02:11.544, 1, 79985, 97871, 100, 531.90
2026/10/09 04:02:11.544, 2, 83337, 97871, 100, 530.69
2026/10/09 04:02:11.544, 3, 83195, 97871, 100, 528.66
2026/10/09 04:02:12.544, 0, 80661, 97871, 100, 534.70
2026/10/09 04:02:12.544, 1, 79985, 97871, 100, 529.89
2026/10/09 04:02:12.544, 2, 83337, 97871, 100, 527.72
2026/10/09 04:02:12.544, 3, 83195, 97871, 100, 528.81
2026/10/09 04:02:13.544, 0, 80661, 97871, 100, 539.48
2026/10/09 04:02:13.544, 1, 79985, 97871, 100, 529.99
2026/10/09 04:02:13.544, 2, 83337, 97871, 100, 530.27
2026/10/09 04:02:13.544, 3, 83195, 97871, 100, 527.25
2026/10/09 04:02:14.545, 0, 80661, 97871, 100, 531.91
2026/10/09 04:02:14.545, 1, 79985, 97871, 100, 529.87
2026/10/09 04:02:14.545, 2, 83337, 97871, 100, 526.99
2026/10/09 04:02:14.545, 3, 83195, 97871, 100, 526.29
2026/10/09 04:02:15.545, 0, 80661, 97871, 100, 533.35
2026/10/09 04:02:15.545, 1, 79985, 97871, 100, 531.82
2026/10/09 04:02:15.545, 2, 83337, 97871, 100, 526.49
2026/10/09 04:02:15.545, 3, 83195, 97871, 100, 532.63
2026/10/09 04:02:16.545, 0, 80661, 97871, 100, 533.68
2026/10/09 04:02:16.545, 1, 79985, 97871, 100, 528.86
2026/10/09 04:02:16.545, 2, 83337, 97871, 100, 527.47
2026/10/09 04:02:16.545, 3, 83195, 97871, 100, 531.87
2026/10/09 04:02:17.545, 0, 80661, 97871, 100, 534.64
2026/10/09 04:02:17.545, 1, 79985, 97871, 100, 523.06
2026/10/09 04:02:17.545, 2, 83337, 97871, 100, 530.00
2026/10/09 04:02:17.545, 3, 83195, 97871, 100, 533.15
2026/10/09 04:02:18.545, 0, 80661, 97871, 100, 537.40
2026/10/09 04:02:18.553, 1, 79985, 97871, 100, 521.16
2026/10/09 04:02:18.553, 2, 83337, 97871, 100, 528.67
2026/10/09 04:02:18.553, 3, 83195, 97871, 100, 526.02
2026/10/09 04:02:19.553, 0, 80661, 97871, 100, 534.76
2026/10/09 04:02:19.554, 1, 79985, 97871, 100, 527.52
2026/10/09 04:02:19.554, 2, 83337, 97871, 100, 522.88
2026/10/09 04:02:19.554, 3, 83195, 97871, 100, 529.37
2026/10/09 04:02:20.554, 0, 80661, 97871, 100, 534.27
2026/10/09 04:02:20.554, 1, 79985, 97871, 100, 527.87
2026/10/09 04:02:20.554, 2, 83337, 97871, 100, 517.36
2026/10/09 04:02:20.554, 3, 83195, 97871, 100, 526.86
2026/10/09 04:02:21.554, 0, 80661, 97871, 100, 536.21
2026/10/09 04:02:21.554, 1, 79985, 97871, 100, 526.03
2026/10/09 04:02:21.554, 2, 83337, 97871, 100, 520.72
2026/10/09 04:02:21.554, 3, 83195, 97871, 100, 529.55
2026/10/09 04:02:22.554, 0, 80661, 97871, 100, 534.33
2026/10/09 04:02:22.554, 1, 79985, 97871, 100, 524.66
2026/10/09 04:02:22.554, 2, 83337, 97871, 100, 524.89
2026/10/09 04:02:22.554, 3, 83195, 97871, 100, 524.06
2026/10/09 04:02:23.554, 0, 80661, 97871, 100, 534.37
2026/10/09 04:02:23.555, 1, 79985, 97871, 100, 522.72
2026/10/09 04:02:23.555, 2, 83337, 97871, 100, 521.51
2026/10/09 04:02:23.555, 3, 83195, 97871, 92, 517.94
2026/10/09 04:02:24.555, 0, 80661, 97871, 100, 534.82
2026/10/09 04:02:24.555, 1, 79985, 97871, 100, 525.04
2026/10/09 04:02:24.555, 2, 83337, 97871, 100, 521.73
2026/10/09 04:02:24.555, 3, 83195, 97871, 100, 517.97
2026/10/09 04:02:25.555, 0, 80661, 97871, 100, 534.77
2026/10/09 04:02:25.555, 1, 79985, 97871, 100, 522.86
2026/10/09 04:02:25.555, 2, 83337, 97871, 100, 523.25
2026/10/09 04:02:25.555, 3, 83195, 97871, 100, 499.66
2026/10/09 04:02:26.555, 0, 80661, 97871, 100, 535.95
2026/10/09 04:02:26.555, 1, 79985, 97871, 100, 528.42
2026/10/09 04:02:26.555, 2, 83337, 97871, 100, 523.97
2026/10/09 04:02:26.555, 3, 83195, 97871, 100, 427.19
2026/10/09 04:02:27.555, 0, 80661, 97871, 100, 532.94
2026/10/09 04:02:27.556, 1, 79985, 97871, 100, 525.83
2026/10/09 04:02:27.556, 2, 83337, 97871, 100, 520.31
2026/10/09 04:02:27.556, 3, 83195, 97871, 100, 541.27
2026/10/09 04:02:28.556, 0, 80661, 97871, 100, 531.72
2026/10/09 04:02:28.561, 1, 79985, 97871, 100, 527.35
2026/10/09 04:02:28.561, 2, 83337, 97871, 100, 519.53
2026/10/09 04:02:28.561, 3, 83195, 97871, 100, 540.37
2026/10/09 04:02:29.561, 0, 80661, 97871, 100, 536.54
2026/10/09 04:02:29.561, 1, 79985, 97871, 100, 531.27
2026/10/09 04:02:29.561, 2, 83337, 97871, 100, 524.09
2026/10/09 04:02:29.561, 3, 83195, 97871, 100, 535.34
2026/10/09 04:02:30.562, 0, 80661, 97871, 100, 535.48
2026/10/09 04:02:30.562, 1, 79985, 97871, 100, 527.71
2026/10/09 04:02:30.562, 2, 83337, 97871, 100, 523.25
2026/10/09 04:02:30.562, 3, 83195, 97871, 100, 539.89
2026/10/09 04:02:31.562, 0, 80661, 97871, 100, 535.05
2026/10/09 04:02:31.562, 1, 79985, 97871, 100, 527.70
2026/10/09 04:02:31.562, 2, 83337, 97871, 100, 523.39
2026/10/09 04:02:31.562, 3, 83195, 97871, 100, 539.53
2026/10/09 04:02:32.562, 0, 80661, 97871, 100, 533.22
2026/10/09 04:02:32.562, 1, 79985, 97871, 100, 522.66
2026/10/09 04:02:32.562, 2, 83337, 97871, 100, 522.21
2026/10/09 04:02:32.562, 3, 83195, 97871, 100, 536.99
2026/10/09 04:02:33.562, 0, 80661, 97871, 100, 532.17
2026/10/09 04:02:33.563, 1, 79985, 97871, 100, 522.16
2026/10/09 04:02:33.563, 2, 83337, 97871, 100, 524.58
2026/10/09 04:02:33.563, 3, 83195, 97871, 100, 538.63
2026/10/09 04:02:34.563, 0, 80661, 97871, 100, 535.15
2026/10/09 04:02:34.563, 1, 79985, 97871, 100, 516.64
2026/10/09 04:02:34.563, 2, 83337, 97871, 100, 525.65
2026/10/09 04:02:34.563, 3, 83195, 97871, 100, 540.01
2026/10/09 04:02:35.563, 0, 80661, 97871, 100, 535.21
2026/10/09 04:02:35.563, 1, 79985, 97871, 100, 467.61
2026/10/09 04:02:35.563, 2, 83337, 97871, 100, 521.17
2026/10/09 04:02:35.563, 3, 83195, 97871, 100, 543.21
2026/10/09 04:02:36.563, 0, 80661, 97871, 100, 529.91
2026/10/09 04:02:36.563, 1, 79985, 97871, 100, 531.26
2026/10/09 04:02:36.564, 2, 83337, 97871, 100, 519.25
2026/10/09 04:02:36.564, 3, 83195, 97871, 100, 535.02
2026/10/09 04:02:37.564, 0, 80661, 97871, 100, 534.42
2026/10/09 04:02:37.564, 1, 79985, 97871, 100, 535.06
2026/10/09 04:02:37.564, 2, 83337, 97871, 100, 516.60
2026/10/09 04:02:37.564, 3, 83195, 97871, 100, 529.59
2026/10/09 04:02:38.564, 0, 80661, 97871, 100, 534.55
2026/10/09 04:02:38.572, 1, 79985, 97871, 100, 533.68
2026/10/09 04:02:38.572, 2, 83337, 97871, 100, 507.71
2026/10/09 04:02:38.572, 3, 83195, 97871, 100, 524.18
2026/10/09 04:02:39.572, 0, 80661, 97871, 100, 537.25
2026/10/09 04:02:39.573, 1, 79985, 97871, 100, 531.21
2026/10/09 04:02:39.573, 2, 83337, 97871, 100, 478.98
2026/10/09 04:02:39.573, 3, 83195, 97871, 100, 530.91
2026/10/09 04:02:40.573, 0, 80661, 97871, 100, 536.96
2026/10/09 04:02:40.573, 1, 79985, 97871, 100, 528.56
2026/10/09 04:02:40.573, 2, 83337, 97871, 100, 528.89
2026/10/09 04:02:40.573, 3, 83195, 97871, 100, 531.71
2026/10/09 04:02:41.573, 0, 80661, 97871, 100, 532.79
2026/10/09 04:02:41.573, 1, 79985, 97871, 100, 529.48
2026/10/09 04:02:41.573, 2, 83337, 97871, 100, 530.64
2026/10/09 04:02:41.573, 3, 83195, 97871, 100, 529.47
2026/10/09 04:02:42.573, 0, 80661, 97871, 100, 535.66
2026/10/09 04:02:42.574, 1, 79985, 97871, 100, 530.94
2026/10/09 04:02:42.574, 2, 83337, 97871, 100, 525.65
2026/10/09 04:02:42.574, 3, 83195, 97871, 100, 531.10
2026/10/09 04:02:43.574, 0, 80661, 97871, 100, 534.50
2026/10/09 04:02:43.574, 1, 79985, 97871, 100, 528.16
2026/10/09 04:02:43.574, 2, 83337, 97871, 100, 530.92
2026/10/09 04:02:43.574, 3, 83195, 97871, 100, 533.32
2026/10/09 04:02:44.574, 0, 80661, 97871, 100, 536.20
2026/10/09 04:02:44.574, 1, 79985, 97871, 100, 529.25
2026/10/09 04:02:44.574, 2, 83337, 97871, 100, 530.64
2026/10/09 04:02:44.574, 3, 83195, 97871, 100, 530.60
2026/10/09 04:02:45.574, 0, 80661, 97871, 100, 534.83
2026/10/09 04:02:45.574, 1, 79985, 97871, 100, 528.09
2026/10/09 04:02:45.574, 2, 83337, 97871, 100, 528.69
2026/10/09 04:02:45.574, 3, 83195, 97871, 100, 529.97
2026/10/09 04:02:46.575, 0, 80661, 97871, 100, 533.45
2026/10/09 04:02:46.575, 1, 79985, 97871, 100, 522.82
2026/10/09 04:02:46.575, 2, 83337, 97871, 100, 528.16
2026/10/09 04:02:46.575, 3, 83195, 97871, 100, 532.78
2026/10/09 04:02:47.575, 0, 80661, 97871, 100, 534.67
2026/10/09 04:02:47.575, 1, 79985, 97871, 100, 523.55
2026/10/09 04:02:47.575, 2, 83337, 97871, 100, 529.28
2026/10/09 04:02:47.575, 3, 83195, 97871, 100, 528.15
2026/10/09 04:02:48.575, 0, 80661, 97871, 100, 534.00
2026/10/09 04:02:48.579, 1, 79985, 97871, 100, 529.32
2026/10/09 04:02:48.579, 2, 83337, 97871, 100, 532.94
2026/10/09 04:02:48.579, 3, 83195, 97871, 100, 530.79
2026/10/09 04:02:49.579, 0, 80661, 97871, 100, 532.87
2026/10/09 04:02:49.579, 1, 79985, 97871, 100, 526.78
2026/10/09 04:02:49.579, 2, 83337, 97871, 100, 528.12
2026/10/09 04:02:49.579, 3, 83195, 97871, 100, 531.79
2026/10/09 04:02:50.579, 0, 80661, 97871, 100, 531.11
2026/10/09 04:02:50.579, 1, 79985, 97871, 100, 522.49
2026/10/09 04:02:50.579, 2, 83337, 97871, 100, 520.07
2026/10/09 04:02:50.579, 3, 83195, 97871, 100, 531.12
2026/10/09 04:02:51.580, 0, 80661, 97871, 100, 536.67
2026/10/09 04:02:51.580, 1, 79985, 97871, 100, 526.90
2026/10/09 04:02:51.580, 2, 83337, 97871, 100, 519.64
2026/10/09 04:02:51.580, 3, 83195, 97871, 100, 529.81
2026/10/09 04:02:52.580, 0, 80661, 97871, 100, 539.61
2026/10/09 04:02:52.580, 1, 79985, 97871, 100, 527.41
2026/10/09 04:02:52.580, 2, 83337, 97871, 100, 522.79
2026/10/09 04:02:52.580, 3, 83195, 97871, 100, 535.06
2026/10/09 04:02:53.580, 0, 80661, 97871, 100, 533.64
2026/10/09 04:02:53.580, 1, 79985, 97871, 100, 523.39
2026/10/09 04:02:53.580, 2, 83337, 97871, 100, 526.02
2026/10/09 04:02:53.580, 3, 83195, 97871, 100, 531.41
2026/10/09 04:02:54.580, 0, 80661, 97871, 100, 534.41
2026/10/09 04:02:54.580, 1, 79985, 97871, 100, 521.67
2026/10/09 04:02:54.580, 2, 83337, 97871, 100, 520.69
2026/10/09 04:02:54.580, 3, 83195, 97871, 100, 528.74
2026/10/09 04:02:55.580, 0, 80661, 97871, 100, 527.25
2026/10/09 04:02:55.580, 1, 79985, 97871, 100, 522.01
2026/10/09 04:02:55.580, 2, 83337, 97871, 100, 522.07
2026/10/09 04:02:55.580, 3, 83195, 97871, 99, 519.32
2026/10/09 04:02:56.581, 0, 80661, 97871, 99, 471.55
2026/10/09 04:02:56.581, 1, 79985, 97871, 100, 521.31
2026/10/09 04:02:56.581, 2, 83337, 97871, 100, 521.99
2026/10/09 04:02:56.581, 3, 83195, 97871, 100, 524.01
2026/10/09 04:02:57.581, 0, 80661, 97871, 100, 419.11
2026/10/09 04:02:57.581, 1, 79985, 97871, 100, 522.64
2026/10/09 04:02:57.581, 2, 83337, 97871, 100, 525.98
2026/10/09 04:02:57.581, 3, 83195, 97871, 100, 520.15
2026/10/09 04:02:58.581, 0, 80661, 97871, 100, 540.59
2026/10/09 04:02:58.591, 1, 79985, 97871, 100, 526.15
2026/10/09 04:02:58.591, 2, 83337, 97871, 100, 521.85
2026/10/09 04:02:58.591, 3, 83195, 97871, 99, 451.94
2026/10/09 04:02:59.591, 0, 80661, 97871, 100, 537.56
2026/10/09 04:02:59.592, 1, 79985, 97871, 100, 524.74
2026/10/09 04:02:59.592, 2, 83337, 97871, 100, 520.59
2026/10/09 04:02:59.592, 3, 83195, 97871, 100, 531.97
2026/10/09 04:03:00.592, 0, 80661, 97871, 100, 538.59
2026/10/09 04:03:00.592, 1, 79985, 97871, 100, 531.26
2026/10/09 04:03:00.592, 2, 83337, 97871, 100, 523.05
2026/10/09 04:03:00.592, 3, 83195, 97871, 100, 538.74
2026/10/09 04:03:01.592, 0, 80661, 97871, 100, 540.35
2026/10/09 04:03:01.592, 1, 79985, 97871, 100, 529.04
2026/10/09 04:03:01.592, 2, 83337, 97871, 100, 525.08
2026/10/09 04:03:01.592, 3, 83195, 97871, 100, 543.54
2026/10/09 04:03:02.592, 0, 80661, 97871, 100, 538.89
2026/10/09 04:03:02.592, 1, 79985, 97871, 100, 530.87
2026/10/09 04:03:02.592, 2, 83337, 97871, 100, 526.45
2026/10/09 04:03:02.592, 3, 83195, 97871, 100, 540.27
2026/10/09 04:03:03.592, 0, 80661, 97871, 100, 537.26
2026/10/09 04:03:03.592, 1, 79985, 97871, 100, 530.79
2026/10/09 04:03:03.592, 2, 83337, 97871, 100, 526.97
2026/10/09 04:03:03.592, 3, 83195, 97871, 100, 538.17
2026/10/09 04:03:04.593, 0, 80661, 97871, 100, 539.48
2026/10/09 04:03:04.593, 1, 79985, 97871, 100, 524.21
2026/10/09 04:03:04.593, 2, 83337, 97871, 100, 527.07
2026/10/09 04:03:04.593, 3, 83195, 97871, 100, 540.08
2026/10/09 04:03:05.593, 0, 80661, 97871, 100, 536.77
2026/10/09 04:03:05.593, 1, 79985, 97871, 100, 524.37
2026/10/09 04:03:05.593, 2, 83337, 97871, 100, 525.77
2026/10/09 04:03:05.593, 3, 83195, 97871, 100, 539.23
2026/10/09 04:03:06.593, 0, 80661, 97871, 100, 538.51
2026/10/09 04:03:06.593, 1, 79985, 97871, 100, 522.55
2026/10/09 04:03:06.593, 2, 83337, 97871, 100, 527.27
2026/10/09 04:03:06.593, 3, 83195, 97871, 100, 539.89
2026/10/09 04:03:07.593, 0, 80661, 97871, 100, 538.12
2026/10/09 04:03:07.593, 1, 79985, 97871, 100, 530.19
2026/10/09 04:03:07.593, 2, 83337, 97871, 100, 528.01
2026/10/09 04:03:07.593, 3, 83195, 97871, 100, 538.13
2026/10/09 04:03:08.593, 0, 80661, 97871, 100, 538.34
2026/10/09 04:03:08.598, 1, 79985, 97871, 100, 528.22
2026/10/09 04:03:08.598, 2, 83337, 97871, 100, 525.70
2026/10/09 04:03:08.598, 3, 83195, 97871, 100, 539.05
2026/10/09 04:03:09.598, 0, 80661, 97871, 100, 539.09
2026/10/09 04:03:09.598, 1, 79985, 97871, 100, 525.47
2026/10/09 04:03:09.598, 2, 83337, 97871, 100, 524.66
2026/10/09 04:03:09.598, 3, 83195, 97871, 100, 530.36
2026/10/09 04:03:10.599, 0, 80661, 97871, 100, 539.27
2026/10/09 04:03:10.599, 1, 79985, 97871, 100, 525.15
2026/10/09 04:03:10.599, 2, 83337, 97871, 100, 522.73
2026/10/09 04:03:10.599, 3, 83195, 97871, 100, 521.41
2026/10/09 04:03:11.599, 0, 80661, 97871, 100, 538.38
2026/10/09 04:03:11.599, 1, 79985, 97871, 100, 525.25
2026/10/09 04:03:11.599, 2, 83337, 97871, 100, 518.65
2026/10/09 04:03:11.599, 3, 83195, 97871, 100, 527.33
2026/10/09 04:03:12.599, 0, 80661, 97871, 100, 538.65
2026/10/09 04:03:12.599, 1, 79985, 97871, 100, 523.89
2026/10/09 04:03:12.599, 2, 83337, 97871, 100, 520.40
2026/10/09 04:03:12.599, 3, 83195, 97871, 100, 531.99
2026/10/09 04:03:13.599, 0, 80661, 97871, 100, 532.13
2026/10/09 04:03:13.599, 1, 79985, 97871, 100, 527.43
2026/10/09 04:03:13.599, 2, 83337, 97871, 100, 525.05
2026/10/09 04:03:13.599, 3, 83195, 97871, 100, 533.24
2026/10/09 04:03:14.599, 0, 80661, 97871, 100, 532.55
2026/10/09 04:03:14.600, 1, 79985, 97871, 100, 524.32
2026/10/09 04:03:14.600, 2, 83337, 97871, 100, 524.45
2026/10/09 04:03:14.600, 3, 83195, 97871, 100, 527.22
2026/10/09 04:03:15.600, 0, 80661, 97871, 100, 535.79
2026/10/09 04:03:15.600, 1, 79985, 97871, 100, 524.79
2026/10/09 04:03:15.600, 2, 83337, 97871, 100, 524.44
2026/10/09 04:03:15.600, 3, 83195, 97871, 100, 528.85
2026/10/09 04:03:16.600, 0, 80661, 97871, 100, 530.30
2026/10/09 04:03:16.600, 1, 79985, 97871, 100, 526.56
2026/10/09 04:03:16.600, 2, 83337, 97871, 100, 524.85
2026/10/09 04:03:16.600, 3, 83195, 97871, 100, 530.87
2026/10/09 04:03:17.600, 0, 80661, 97871, 100, 537.48
2026/10/09 04:03:17.600, 1, 79985, 97871, 100, 526.20
2026/10/09 04:03:17.600, 2, 83337, 97871, 100, 526.40
2026/10/09 04:03:17.600, 3, 83195, 97871, 100, 529.36
2026/10/09 04:03:18.600, 0, 80661, 97871, 100, 536.69
2026/10/09 04:03:18.609, 1, 79985, 97871, 100, 521.56
2026/10/09 04:03:18.609, 2, 83337, 97871, 100, 522.62
2026/10/09 04:03:18.609, 3, 83195, 97871, 100, 525.86
2026/10/09 04:03:19.609, 0, 80661, 97871, 100, 535.50
2026/10/09 04:03:19.609, 1, 79985, 97871, 100, 522.53
2026/10/09 04:03:19.609, 2, 83337, 97871, 100, 520.77
2026/10/09 04:03:19.610, 3, 83195, 97871, 100, 529.59
2026/10/09 04:03:20.610, 0, 80661, 97871, 100, 533.63
2026/10/09 04:03:20.610, 1, 79985, 97871, 100, 526.39
2026/10/09 04:03:20.610, 2, 83337, 97871, 100, 522.86
2026/10/09 04:03:20.610, 3, 83195, 97871, 100, 528.94
2026/10/09 04:03:21.610, 0, 80661, 97871, 100, 533.41
2026/10/09 04:03:21.610, 1, 79985, 97871, 100, 521.97
2026/10/09 04:03:21.610, 2, 83337, 97871, 100, 524.32
2026/10/09 04:03:21.610, 3, 83195, 97871, 100, 534.22
2026/10/09 04:03:22.610, 0, 80661, 97871, 100, 536.54
2026/10/09 04:03:22.610, 1, 79985, 97871, 100, 523.38
2026/10/09 04:03:22.610, 2, 83337, 97871, 100, 523.01
2026/10/09 04:03:22.610, 3, 83195, 97871, 100, 529.01
2026/10/09 04:03:23.610, 0, 80661, 97871, 100, 540.10
2026/10/09 04:03:23.611, 1, 79985, 97871, 100, 525.45
2026/10/09 04:03:23.611, 2, 83337, 97871, 100, 522.15
2026/10/09 04:03:23.611, 3, 83195, 97871, 100, 531.40
2026/10/09 04:03:24.611, 0, 80661, 97871, 100, 537.03
2026/10/09 04:03:24.611, 1, 79985, 97871, 100, 519.78
2026/10/09 04:03:24.611, 2, 83337, 97871, 100, 524.07
2026/10/09 04:03:24.611, 3, 83195, 97871, 100, 527.77
2026/10/09 04:03:25.611, 0, 80661, 97871, 100, 531.17
2026/10/09 04:03:25.612, 1, 79985, 97871, 100, 525.45
2026/10/09 04:03:25.612, 2, 83337, 97871, 100, 524.05
2026/10/09 04:03:25.612, 3, 83195, 97871, 100, 531.27
2026/10/09 04:03:26.612, 0, 80661, 97871, 100, 528.42
2026/10/09 04:03:26.612, 1, 79985, 97871, 100, 525.42
2026/10/09 04:03:26.612, 2, 83337, 97871, 100, 519.84
2026/10/09 04:03:26.612, 3, 83195, 97871, 100, 529.83
2026/10/09 04:03:27.612, 0, 80661, 97871, 99, 482.39
2026/10/09 04:03:27.612, 1, 79985, 97871, 100, 526.16
2026/10/09 04:03:27.612, 2, 83337, 97871, 100, 519.74
2026/10/09 04:03:27.612, 3, 83195, 97871, 100, 527.65
2026/10/09 04:03:28.612, 0, 80661, 97871, 100, 481.88
2026/10/09 04:03:28.616, 1, 79985, 97871, 100, 525.52
2026/10/09 04:03:28.616, 2, 83337, 97871, 100, 524.04
2026/10/09 04:03:28.616, 3, 83195, 97871, 100, 530.58
2026/10/09 04:03:29.616, 0, 80661, 97871, 100, 540.55
2026/10/09 04:03:29.616, 1, 79985, 97871, 100, 527.94
2026/10/09 04:03:29.616, 2, 83337, 97871, 100, 523.52
2026/10/09 04:03:29.616, 3, 83195, 97871, 100, 530.53
2026/10/09 04:03:30.616, 0, 80661, 97871, 100, 539.73
2026/10/09 04:03:30.617, 1, 79985, 97871, 100, 528.89
2026/10/09 04:03:30.617, 2, 83337, 97871, 100, 521.44
2026/10/09 04:03:30.617, 3, 83195, 97871, 100, 534.36
2026/10/09 04:03:31.617, 0, 80661, 97871, 100, 539.04
2026/10/09 04:03:31.617, 1, 79985, 97871, 100, 528.96
2026/10/09 04:03:31.617, 2, 83337, 97871, 100, 524.26
2026/10/09 04:03:31.617, 3, 83195, 97871, 100, 529.82
2026/10/09 04:03:32.617, 0, 80661, 97871, 100, 539.46
2026/10/09 04:03:32.617, 1, 79985, 97871, 100, 522.56
2026/10/09 04:03:32.617, 2, 83337, 97871, 100, 527.73
2026/10/09 04:03:32.617, 3, 83195, 97871, 100, 526.01
2026/10/09 04:03:33.617, 0, 80661, 97871, 100, 539.17
2026/10/09 04:03:33.617, 1, 79985, 97871, 100, 525.80
2026/10/09 04:03:33.617, 2, 83337, 97871, 100, 522.86
2026/10/09 04:03:33.617, 3, 83195, 97871, 100, 530.32
2026/10/09 04:03:34.618, 0, 80661, 97871, 100, 539.91
2026/10/09 04:03:34.618, 1, 79985, 97871, 100, 526.68
2026/10/09 04:03:34.618, 2, 83337, 97871, 100, 524.26
2026/10/09 04:03:34.618, 3, 83195, 97871, 100, 525.75
2026/10/09 04:03:35.618, 0, 80661, 97871, 100, 538.51
2026/10/09 04:03:35.618, 1, 79985, 97871, 100, 524.91
2026/10/09 04:03:35.618, 2, 83337, 97871, 100, 527.67
2026/10/09 04:03:35.618, 3, 83195, 97871, 100, 528.98
2026/10/09 04:03:36.618, 0, 80661, 97871, 100, 538.69
2026/10/09 04:03:36.618, 1, 79985, 97871, 100, 523.99
2026/10/09 04:03:36.618, 2, 83337, 97871, 100, 527.03
2026/10/09 04:03:36.618, 3, 83195, 97871, 100, 533.44
2026/10/09 04:03:37.618, 0, 80661, 97871, 100, 537.07
2026/10/09 04:03:37.619, 1, 79985, 97871, 100, 525.69
2026/10/09 04:03:37.619, 2, 83337, 97871, 100, 526.09
2026/10/09 04:03:37.619, 3, 83195, 97871, 100, 526.92
2026/10/09 04:03:38.619, 0, 80661, 97871, 100, 540.18
2026/10/09 04:03:38.623, 1, 79985, 97871, 100, 527.61
2026/10/09 04:03:38.623, 2, 83337, 97871, 100, 523.71
2026/10/09 04:03:38.623, 3, 83195, 97871, 100, 534.73
2026/10/09 04:03:39.623, 0, 80661, 97871, 100, 538.64
2026/10/09 04:03:39.623, 1, 79985, 97871, 100, 526.87
2026/10/09 04:03:39.623, 2, 83337, 97871, 100, 526.01
2026/10/09 04:03:39.623, 3, 83195, 97871, 100, 527.55
2026/10/09 04:03:40.623, 0, 80661, 97871, 100, 537.72
2026/10/09 04:03:40.623, 1, 79985, 97871, 100, 523.65
2026/10/09 04:03:40.623, 2, 83337, 97871, 100, 520.55
2026/10/09 04:03:40.623, 3, 83195, 97871, 100, 527.95
2026/10/09 04:03:41.624, 0, 80661, 97871, 100, 541.43
2026/10/09 04:03:41.624, 1, 79985, 97871, 100, 525.40
2026/10/09 04:03:41.624, 2, 83337, 97871, 100, 517.79
2026/10/09 04:03:41.624, 3, 83195, 97871, 100, 529.30
2026/10/09 04:03:42.624, 0, 80661, 97871, 100, 537.02
2026/10/09 04:03:42.624, 1, 79985, 97871, 100, 523.35
2026/10/09 04:03:42.624, 2, 83337, 97871, 100, 520.12
2026/10/09 04:03:42.624, 3, 83195, 97871, 100, 528.38
2026/10/09 04:03:43.624, 0, 80661, 97871, 100, 537.55
2026/10/09 04:03:43.624, 1, 79985, 97871, 100, 525.17
2026/10/09 04:03:43.624, 2, 83337, 97871, 100, 525.55
2026/10/09 04:03:43.624, 3, 83195, 97871, 100, 532.09
2026/10/09 04:03:44.624, 0, 80661, 97871, 100, 534.62
2026/10/09 04:03:44.624, 1, 79985, 97871, 100, 527.34
2026/10/09 04:03:44.624, 2, 83337, 97871, 100, 521.78
2026/10/09 04:03:44.624, 3, 83195, 97871, 100, 534.29
2026/10/09 04:03:45.625, 0, 80661, 97871, 100, 533.45
2026/10/09 04:03:45.625, 1, 79985, 97871, 100, 524.82
2026/10/09 04:03:45.625, 2, 83337, 97871, 100, 521.30
2026/10/09 04:03:45.625, 3, 83195, 97871, 100, 525.32
2026/10/09 04:03:46.625, 0, 80661, 97871, 100, 534.58
2026/10/09 04:03:46.625, 1, 79985, 97871, 100, 524.42
2026/10/09 04:03:46.625, 2, 83337, 97871, 100, 522.15
2026/10/09 04:03:46.625, 3, 83195, 97871, 100, 529.39
2026/10/09 04:03:47.625, 0, 80661, 97871, 100, 533.70
2026/10/09 04:03:47.625, 1, 79985, 97871, 100, 523.17
2026/10/09 04:03:47.625, 2, 83337, 97871, 100, 524.93
2026/10/09 04:03:47.625, 3, 83195, 97871, 100, 531.58
2026/10/09 04:03:48.625, 0, 80661, 97871, 100, 532.24
2026/10/09 04:03:48.636, 1, 79985, 97871, 100, 522.70
2026/10/09 04:03:48.637, 2, 83337, 97871, 100, 527.85
2026/10/09 04:03:48.637, 3, 83195, 97871, 100, 529.41
2026/10/09 04:03:49.637, 0, 80661, 97871, 100, 533.27
2026/10/09 04:03:49.637, 1, 79985, 97871, 100, 522.34
2026/10/09 04:03:49.637, 2, 83337, 97871, 100, 522.37
2026/10/09 04:03:49.637, 3, 83195, 97871, 100, 528.01
2026/10/09 04:03:50.637, 0, 80661, 97871, 100, 534.08
2026/10/09 04:03:50.637, 1, 79985, 97871, 100, 523.30
2026/10/09 04:03:50.637, 2, 83337, 97871, 100, 526.23
2026/10/09 04:03:50.637, 3, 83195, 97871, 100, 527.94
2026/10/09 04:03:51.637, 0, 80661, 97871, 100, 533.80
2026/10/09 04:03:51.637, 1, 79985, 97871, 100, 527.70
2026/10/09 04:03:51.637, 2, 83337, 97871, 100, 524.02
2026/10/09 04:03:51.637, 3, 83195, 97871, 100, 528.62
2026/10/09 04:03:52.638, 0, 80661, 97871, 100, 533.91
2026/10/09 04:03:52.638, 1, 79985, 97871, 100, 525.08
2026/10/09 04:03:52.638, 2, 83337, 97871, 100, 525.10
2026/10/09 04:03:52.638, 3, 83195, 97871, 100, 530.20
2026/10/09 04:03:53.638, 0, 80661, 97871, 100, 533.75
2026/10/09 04:03:53.638, 1, 79985, 97871, 100, 524.90
2026/10/09 04:03:53.638, 2, 83337, 97871, 100, 524.08
2026/10/09 04:03:53.638, 3, 83195, 97871, 100, 525.86
2026/10/09 04:03:54.638, 0, 80661, 97871, 100, 534.87
2026/10/09 04:03:54.638, 1, 79985, 97871, 100, 523.44
2026/10/09 04:03:54.638, 2, 83337, 97871, 100, 522.78
2026/10/09 04:03:54.638, 3, 83195, 97871, 100, 529.68
2026/10/09 04:03:55.638, 0, 80661, 97871, 100, 534.33
2026/10/09 04:03:55.639, 1, 79985, 97871, 100, 522.03
2026/10/09 04:03:55.639, 2, 83337, 97871, 100, 518.81
2026/10/09 04:03:55.639, 3, 83195, 97871, 100, 529.31
2026/10/09 04:03:56.639, 0, 80661, 97871, 100, 532.85
2026/10/09 04:03:56.639, 1, 79985, 97871, 100, 527.08
2026/10/09 04:03:56.639, 2, 83337, 97871, 100, 518.69
2026/10/09 04:03:56.639, 3, 83195, 97871, 100, 528.06
2026/10/09 04:03:57.639, 0, 80661, 97871, 100, 535.42
2026/10/09 04:03:57.639, 1, 79985, 97871, 100, 525.88
2026/10/09 04:03:57.639, 2, 83337, 97871, 100, 520.94
2026/10/09 04:03:57.639, 3, 83195, 97871, 100, 533.27
2026/10/09 04:03:58.639, 0, 80661, 97871, 100, 533.58
2026/10/09 04:03:58.650, 1, 79985, 97871, 100, 523.38
2026/10/09 04:03:58.650, 2, 83337, 97871, 100, 523.18
2026/10/09 04:03:58.650, 3, 83195, 97871, 100, 531.28
2026/10/09 04:03:59.650, 0, 80661, 97871, 100, 535.29
2026/10/09 04:03:59.650, 1, 79985, 97871, 100, 525.95
2026/10/09 04:03:59.650, 2, 83337, 97871, 100, 522.43
2026/10/09 04:03:59.650, 3, 83195, 97871, 100, 532.01
2026/10/09 04:04:00.650, 0, 80661, 97871, 100, 533.16
2026/10/09 04:04:00.650, 1, 79985, 97871, 100, 529.64
2026/10/09 04:04:00.650, 2, 83337, 97871, 100, 526.65
2026/10/09 04:04:00.650, 3, 83195, 97871, 100, 534.23
2026/10/09 04:04:01.650, 0, 80661, 97871, 100, 534.15
2026/10/09 04:04:01.650, 1, 79985, 97871, 100, 525.33
2026/10/09 04:04:01.650, 2, 83337, 97871, 100, 524.74
2026/10/09 04:04:01.650, 3, 83195, 97871, 100, 527.47
2026/10/09 04:04:02.651, 0, 80661, 97871, 100, 533.33
2026/10/09 04:04:02.651, 1, 79985, 97871, 100, 525.53
2026/10/09 04:04:02.651, 2, 83337, 97871, 100, 525.75
2026/10/09 04:04:02.651, 3, 83195, 97871, 100, 529.30
2026/10/09 04:04:03.651, 0, 80661, 97871, 100, 531.60
2026/10/09 04:04:03.651, 1, 79985, 97871, 100, 524.63
2026/10/09 04:04:03.651, 2, 83337, 97871, 100, 525.21
2026/10/09 04:04:03.651, 3, 83195, 97871, 100, 530.07
2026/10/09 04:04:04.651, 0, 80661, 97871, 100, 533.22
2026/10/09 04:04:04.651, 1, 79985, 97871, 100, 524.82
2026/10/09 04:04:04.651, 2, 83337, 97871, 100, 521.83
2026/10/09 04:04:04.651, 3, 83195, 97871, 100, 523.17
2026/10/09 04:04:05.651, 0, 80661, 97871, 100, 532.15
2026/10/09 04:04:05.651, 1, 79985, 97871, 100, 526.25
2026/10/09 04:04:05.652, 2, 83337, 97871, 100, 530.24
2026/10/09 04:04:05.652, 3, 83195, 97871, 100, 528.27
2026/10/09 04:04:06.652, 0, 80661, 97871, 100, 534.80
2026/10/09 04:04:06.652, 1, 79985, 97871, 100, 527.25
2026/10/09 04:04:06.652, 2, 83337, 97871, 100, 525.70
2026/10/09 04:04:06.652, 3, 83195, 97871, 100, 531.60
2026/10/09 04:04:07.652, 0, 80661, 97871, 100, 534.21
2026/10/09 04:04:07.652, 1, 79985, 97871, 100, 526.71
2026/10/09 04:04:07.652, 2, 83337, 97871, 100, 526.52
2026/10/09 04:04:07.652, 3, 83195, 97871, 100, 527.34
2026/10/09 04:04:08.652, 0, 80661, 97871, 100, 532.23
2026/10/09 04:04:08.656, 1, 79985, 97871, 100, 525.00
2026/10/09 04:04:08.656, 2, 83337, 97871, 100, 525.89
2026/10/09 04:04:08.656, 3, 83195, 97871, 100, 529.52
2026/10/09 04:04:09.656, 0, 80661, 97871, 100, 533.38
2026/10/09 04:04:09.657, 1, 79985, 97871, 100, 524.62
2026/10/09 04:04:09.657, 2, 83337, 97871, 100, 520.74
2026/10/09 04:04:09.657, 3, 83195, 97871, 100, 532.16
2026/10/09 04:04:10.657, 0, 80661, 97871, 100, 535.87
2026/10/09 04:04:10.657, 1, 79985, 97871, 100, 526.76
2026/10/09 04:04:10.657, 2, 83337, 97871, 100, 523.75
2026/10/09 04:04:10.657, 3, 83195, 97871, 100, 528.13
2026/10/09 04:04:11.657, 0, 80661, 97871, 100, 533.04
2026/10/09 04:04:11.657, 1, 79985, 97871, 100, 530.95
2026/10/09 04:04:11.657, 2, 83337, 97871, 100, 518.63
2026/10/09 04:04:11.657, 3, 83195, 97871, 100, 535.32
2026/10/09 04:04:12.657, 0, 80661, 97871, 100, 540.61
2026/10/09 04:04:12.657, 1, 79985, 97871, 100, 526.10
2026/10/09 04:04:12.657, 2, 83337, 97871, 100, 522.49
2026/10/09 04:04:12.657, 3, 83195, 97871, 100, 531.83
2026/10/09 04:04:13.658, 0, 80661, 97871, 100, 533.51
2026/10/09 04:04:13.658, 1, 79985, 97871, 100, 525.88
2026/10/09 04:04:13.658, 2, 83337, 97871, 100, 520.52
2026/10/09 04:04:13.658, 3, 83195, 97871, 100, 525.29
2026/10/09 04:04:14.658, 0, 80661, 97871, 100, 532.91
2026/10/09 04:04:14.658, 1, 79985, 97871, 100, 526.80
2026/10/09 04:04:14.658, 2, 83337, 97871, 100, 520.51
2026/10/09 04:04:14.658, 3, 83195, 97871, 100, 529.89
2026/10/09 04:04:15.658, 0, 80661, 97871, 100, 536.93
2026/10/09 04:04:15.658, 1, 79985, 97871, 100, 522.54
2026/10/09 04:04:15.658, 2, 83337, 97871, 100, 525.35
2026/10/09 04:04:15.658, 3, 83195, 97871, 100, 529.88
2026/10/09 04:04:16.658, 0, 80661, 97871, 100, 533.72
2026/10/09 04:04:16.659, 1, 79985, 97871, 100, 524.93
2026/10/09 04:04:16.659, 2, 83337, 97871, 100, 520.29
2026/10/09 04:04:16.659, 3, 83195, 97871, 100, 530.57
2026/10/09 04:04:17.659, 0, 80661, 97871, 100, 538.20
2026/10/09 04:04:17.659, 1, 79985, 97871, 100, 525.87
2026/10/09 04:04:17.659, 2, 83337, 97871, 100, 524.82
2026/10/09 04:04:17.659, 3, 83195, 97871, 100, 529.64
2026/10/09 04:04:18.659, 0, 80661, 97871, 100, 533.72
2026/10/09 04:04:18.672, 1, 79985, 97871, 100, 525.40
2026/10/09 04:04:18.672, 2, 83337, 97871, 100, 520.80
2026/10/09 04:04:18.672, 3, 83195, 97871, 100, 529.04
2026/10/09 04:04:19.672, 0, 80661, 97871, 100, 533.96
2026/10/09 04:04:19.673, 1, 79985, 97871, 100, 525.02
2026/10/09 04:04:19.673, 2, 83337, 97871, 100, 525.23
2026/10/09 04:04:19.673, 3, 83195, 97871, 100, 528.39
2026/10/09 04:04:20.673, 0, 80661, 97871, 100, 534.23
2026/10/09 04:04:20.673, 1, 79985, 97871, 100, 524.23
2026/10/09 04:04:20.673, 2, 83337, 97871, 100, 522.82
2026/10/09 04:04:20.673, 3, 83195, 97871, 100, 527.16
2026/10/09 04:04:21.673, 0, 80661, 97871, 100, 534.99
2026/10/09 04:04:21.673, 1, 79985, 97871, 100, 525.39
2026/10/09 04:04:21.673, 2, 83337, 97871, 100, 526.81
2026/10/09 04:04:21.673, 3, 83195, 97871, 100, 525.05
2026/10/09 04:04:22.673, 0, 80661, 97871, 100, 534.17
2026/10/09 04:04:22.673, 1, 79985, 97871, 100, 523.40
2026/10/09 04:04:22.673, 2, 83337, 97871, 100, 523.33
2026/10/09 04:04:22.673, 3, 83195, 97871, 100, 526.70
2026/10/09 04:04:23.674, 0, 80661, 97871, 100, 536.90
2026/10/09 04:04:23.674, 1, 79985, 97871, 100, 525.71
2026/10/09 04:04:23.674, 2, 83337, 97871, 100, 521.66
2026/10/09 04:04:23.674, 3, 83195, 97871, 100, 531.79
2026/10/09 04:04:24.674, 0, 80661, 97871, 100, 535.99
2026/10/09 04:04:24.674, 1, 79985, 97871, 100, 527.45
2026/10/09 04:04:24.674, 2, 83337, 97871, 100, 523.94
2026/10/09 04:04:24.674, 3, 83195, 97871, 100, 528.23
2026/10/09 04:04:25.674, 0, 80661, 97871, 100, 533.23
2026/10/09 04:04:25.674, 1, 79985, 97871, 100, 527.01
2026/10/09 04:04:25.674, 2, 83337, 97871, 100, 521.52
2026/10/09 04:04:25.674, 3, 83195, 97871, 100, 528.56
2026/10/09 04:04:26.675, 0, 80661, 97871, 100, 534.36
2026/10/09 04:04:26.675, 1, 79985, 97871, 100, 527.50
2026/10/09 04:04:26.675, 2, 83337, 97871, 100, 521.83
2026/10/09 04:04:26.675, 3, 83195, 97871, 100, 528.49
2026/10/09 04:04:27.675, 0, 80661, 97871, 100, 535.04
2026/10/09 04:04:27.675, 1, 79985, 97871, 100, 524.00
2026/10/09 04:04:27.675, 2, 83337, 97871, 100, 520.84
2026/10/09 04:04:27.675, 3, 83195, 97871, 100, 530.56
2026/10/09 04:04:28.675, 0, 80661, 97871, 100, 532.92
2026/10/09 04:04:28.679, 1, 79985, 97871, 100, 520.53
2026/10/09 04:04:28.679, 2, 83337, 97871, 100, 519.91
2026/10/09 04:04:28.679, 3, 83195, 97871, 100, 528.63
2026/10/09 04:04:29.679, 0, 80661, 97871, 100, 531.96
2026/10/09 04:04:29.680, 1, 79985, 97871, 100, 521.14
2026/10/09 04:04:29.680, 2, 83337, 97871, 100, 528.16
2026/10/09 04:04:29.680, 3, 83195, 97871, 100, 529.89
2026/10/09 04:04:30.680, 0, 80661, 97871, 100, 532.87
2026/10/09 04:04:30.680, 1, 79985, 97871, 100, 509.09
2026/10/09 04:04:30.680, 2, 83337, 97871, 100, 523.43
2026/10/09 04:04:30.680, 3, 83195, 97871, 100, 529.41
2026/10/09 04:04:31.680, 0, 80661, 97871, 100, 531.81
2026/10/09 04:04:31.680, 1, 79985, 97871, 34, 304.59
2026/10/09 04:04:31.680, 2, 83337, 97871, 100, 527.62
2026/10/09 04:04:31.680, 3, 83195, 97871, 100, 533.09
2026/10/09 04:04:32.680, 0, 80661, 97871, 100, 531.18
2026/10/09 04:04:32.680, 1, 79985, 97871, 100, 455.92
2026/10/09 04:04:32.680, 2, 83337, 97871, 100, 524.41
2026/10/09 04:04:32.680, 3, 83195, 97871, 100, 530.75
2026/10/09 04:04:33.680, 0, 80661, 97871, 100, 532.04
2026/10/09 04:04:33.681, 1, 79985, 97871, 100, 462.49
2026/10/09 04:04:33.681, 2, 83337, 97871, 100, 527.25
2026/10/09 04:04:33.681, 3, 83195, 97871, 100, 532.21
2026/10/09 04:04:34.681, 0, 80661, 97871, 100, 529.90
2026/10/09 04:04:34.681, 1, 79985, 97871, 98, 461.87
2026/10/09 04:04:34.681, 2, 83337, 97871, 100, 523.86
2026/10/09 04:04:34.681, 3, 83195, 97871, 100, 530.07
2026/10/09 04:04:35.681, 0, 80661, 97871, 100, 532.62
2026/10/09 04:04:35.681, 1, 79985, 97871, 99, 459.13
2026/10/09 04:04:35.681, 2, 83337, 97871, 100, 523.14
2026/10/09 04:04:35.681, 3, 83195, 97871, 100, 529.32
2026/10/09 04:04:36.681, 0, 80661, 97871, 100, 532.89
2026/10/09 04:04:36.681, 1, 79985, 97871, 100, 459.74
2026/10/09 04:04:36.681, 2, 83337, 97871, 100, 518.68
2026/10/09 04:04:36.681, 3, 83195, 97871, 100, 528.53
2026/10/09 04:04:37.681, 0, 80661, 97871, 100, 533.34
2026/10/09 04:04:37.682, 1, 79985, 97871, 92, 459.18
2026/10/09 04:04:37.682, 2, 83337, 97871, 100, 515.91
2026/10/09 04:04:37.682, 3, 83195, 97871, 100, 531.72
2026/10/09 04:04:38.682, 0, 80661, 97871, 100, 531.49
2026/10/09 04:04:38.689, 1, 79985, 97871, 100, 461.04
2026/10/09 04:04:38.689, 2, 83337, 97871, 100, 514.51
2026/10/09 04:04:38.689, 3, 83195, 97871, 100, 529.33
2026/10/09 04:04:39.690, 0, 80661, 97871, 100, 536.57
2026/10/09 04:04:39.690, 1, 79985, 97871, 93, 466.77
2026/10/09 04:04:39.690, 2, 83337, 97871, 0, 442.06
2026/10/09 04:04:39.690, 3, 83195, 97871, 100, 528.72
2026/10/09 04:04:40.690, 0, 80661, 97871, 100, 533.12
2026/10/09 04:04:40.690, 1, 79985, 97871, 99, 458.61
2026/10/09 04:04:40.690, 2, 83337, 97871, 87, 351.80
2026/10/09 04:04:40.690, 3, 83195, 97871, 100, 530.02
2026/10/09 04:04:41.690, 0, 80661, 97871, 100, 533.19
2026/10/09 04:04:41.690, 1, 79985, 97871, 99, 464.96
2026/10/09 04:04:41.690, 2, 83337, 97871, 99, 471.52
2026/10/09 04:04:41.690, 3, 83195, 97871, 100, 530.96
2026/10/09 04:04:42.690, 0, 80661, 97871, 100, 534.31
2026/10/09 04:04:42.691, 1, 79985, 97871, 100, 467.82
2026/10/09 04:04:42.691, 2, 83337, 97871, 98, 468.13
2026/10/09 04:04:42.691, 3, 83195, 97871, 100, 532.47
2026/10/09 04:04:43.691, 0, 80661, 97871, 100, 533.38
2026/10/09 04:04:43.691, 1, 79985, 97871, 100, 461.20
2026/10/09 04:04:43.691, 2, 83337, 97871, 99, 462.67
2026/10/09 04:04:43.691, 3, 83195, 97871, 100, 533.09
2026/10/09 04:04:44.691, 0, 80661, 97871, 100, 534.00
2026/10/09 04:04:44.691, 1, 79985, 97871, 100, 455.84
2026/10/09 04:04:44.691, 2, 83337, 97871, 93, 463.14
2026/10/09 04:04:44.691, 3, 83195, 97871, 100, 528.26
2026/10/09 04:04:45.691, 0, 80661, 97871, 100, 534.80
2026/10/09 04:04:45.691, 1, 79985, 97871, 100, 468.45
2026/10/09 04:04:45.692, 2, 83337, 97871, 99, 465.11
2026/10/09 04:04:45.692, 3, 83195, 97871, 100, 533.90
2026/10/09 04:04:46.692, 0, 80661, 97871, 100, 531.77
2026/10/09 04:04:46.692, 1, 79985, 97871, 100, 459.67
2026/10/09 04:04:46.692, 2, 83337, 97871, 99, 465.44
2026/10/09 04:04:46.692, 3, 83195, 97871, 100, 531.04
2026/10/09 04:04:47.692, 0, 80661, 97871, 100, 535.58
2026/10/09 04:04:47.692, 1, 79985, 97871, 100, 458.52
2026/10/09 04:04:47.692, 2, 83337, 97871, 93, 469.58
2026/10/09 04:04:47.692, 3, 83195, 97871, 100, 528.03
2026/10/09 04:04:48.692, 0, 80661, 97871, 100, 533.49
2026/10/09 04:04:48.698, 1, 79985, 97871, 100, 466.02
2026/10/09 04:04:48.698, 2, 83337, 97871, 99, 465.88
2026/10/09 04:04:48.698, 3, 83195, 97871, 100, 530.57
2026/10/09 04:04:49.698, 0, 80661, 97871, 100, 533.63
2026/10/09 04:04:49.698, 1, 79985, 97871, 100, 458.23
2026/10/09 04:04:49.698, 2, 83337, 97871, 98, 472.39
2026/10/09 04:04:49.698, 3, 83195, 97871, 100, 532.03
2026/10/09 04:04:50.698, 0, 80661, 97871, 100, 537.50
2026/10/09 04:04:50.698, 1, 79985, 97871, 100, 458.67
2026/10/09 04:04:50.698, 2, 83337, 97871, 99, 466.99
2026/10/09 04:04:50.698, 3, 83195, 97871, 100, 531.66
2026/10/09 04:04:51.698, 0, 80661, 97871, 100, 531.93
2026/10/09 04:04:51.699, 1, 79985, 97871, 99, 457.80
2026/10/09 04:04:51.699, 2, 83337, 97871, 99, 468.06
2026/10/09 04:04:51.699, 3, 83195, 97871, 100, 529.51
2026/10/09 04:04:52.699, 0, 80661, 97871, 100, 535.86
2026/10/09 04:04:52.699, 1, 79985, 97871, 99, 464.55
2026/10/09 04:04:52.699, 2, 83337, 97871, 99, 468.74
2026/10/09 04:04:52.699, 3, 83195, 97871, 100, 523.68
2026/10/09 04:04:53.699, 0, 80661, 97871, 100, 535.70
2026/10/09 04:04:53.699, 1, 79985, 97871, 100, 460.19
2026/10/09 04:04:53.699, 2, 83337, 97871, 99, 468.01
2026/10/09 04:04:53.699, 3, 83195, 97871, 100, 529.13
2026/10/09 04:04:54.699, 0, 80661, 97871, 100, 534.95
2026/10/09 04:04:54.699, 1, 79985, 97871, 99, 457.54
2026/10/09 04:04:54.699, 2, 83337, 97871, 99, 464.93
2026/10/09 04:04:54.700, 3, 83195, 97871, 100, 526.55
2026/10/09 04:04:55.700, 0, 80661, 97871, 100, 535.79
2026/10/09 04:04:55.700, 1, 79985, 97871, 99, 461.39
2026/10/09 04:04:55.700, 2, 83337, 97871, 98, 475.16
2026/10/09 04:04:55.700, 3, 83195, 97871, 100, 528.07
2026/10/09 04:04:56.700, 0, 80661, 97871, 100, 535.76
2026/10/09 04:04:56.700, 1, 79985, 97871, 100, 467.28
2026/10/09 04:04:56.700, 2, 83337, 97871, 99, 469.39
2026/10/09 04:04:56.700, 3, 83195, 97871, 100, 531.21
2026/10/09 04:04:57.700, 0, 80661, 97871, 100, 536.37
2026/10/09 04:04:57.700, 1, 79985, 97871, 88, 455.52
2026/10/09 04:04:57.700, 2, 83337, 97871, 99, 466.48
2026/10/09 04:04:57.700, 3, 83195, 97871, 100, 529.64
2026/10/09 04:04:58.701, 0, 80661, 97871, 100, 534.60
2026/10/09 04:04:58.708, 1, 79985, 97871, 100, 456.03
2026/10/09 04:04:58.708, 2, 83337, 97871, 99, 473.52
2026/10/09 04:04:58.708, 3, 83195, 97871, 100, 533.89
2026/10/09 04:04:59.708, 0, 80661, 97871, 100, 533.87
2026/10/09 04:04:59.708, 1, 79985, 97871, 100, 460.04
2026/10/09 04:04:59.708, 2, 83337, 97871, 99, 466.06
2026/10/09 04:04:59.708, 3, 83195, 97871, 100, 527.14
2026/10/09 04:05:00.708, 0, 80661, 97871, 100, 529.78
2026/10/09 04:05:00.708, 1, 79985, 97871, 100, 462.70
2026/10/09 04:05:00.708, 2, 83337, 97871, 99, 467.66
2026/10/09 04:05:00.709, 3, 83195, 97871, 100, 529.05
2026/10/09 04:05:01.709, 0, 80661, 97871, 100, 530.80
2026/10/09 04:05:01.709, 1, 79985, 97871, 99, 460.79
2026/10/09 04:05:01.709, 2, 83337, 97871, 99, 472.19
2026/10/09 04:05:01.709, 3, 83195, 97871, 100, 529.56
2026/10/09 04:05:02.709, 0, 80661, 97871, 100, 530.54
2026/10/09 04:05:02.709, 1, 79985, 97871, 100, 463.29
2026/10/09 04:05:02.709, 2, 83337, 97871, 99, 472.32
2026/10/09 04:05:02.709, 3, 83195, 97871, 100, 523.73
2026/10/09 04:05:03.709, 0, 80661, 97871, 100, 530.57
2026/10/09 04:05:03.709, 1, 79985, 97871, 100, 455.32
2026/10/09 04:05:03.709, 2, 83337, 97871, 92, 472.39
2026/10/09 04:05:03.709, 3, 83195, 97871, 82, 515.11
2026/10/09 04:05:04.710, 0, 80661, 97871, 100, 530.93
2026/10/09 04:05:04.710, 1, 79985, 97871, 99, 462.55
2026/10/09 04:05:04.710, 2, 83337, 97871, 99, 464.26
2026/10/09 04:05:04.710, 3, 83195, 97871, 100, 520.06
2026/10/09 04:05:05.710, 0, 80661, 97871, 100, 534.86
2026/10/09 04:05:05.710, 1, 79985, 97871, 100, 463.08
2026/10/09 04:05:05.710, 2, 83337, 97871, 99, 467.62
2026/10/09 04:05:05.710, 3, 83195, 97871, 100, 513.98
2026/10/09 04:05:06.710, 0, 80661, 97871, 100, 531.30
2026/10/09 04:05:06.710, 1, 79985, 97871, 88, 465.28
2026/10/09 04:05:06.710, 2, 83337, 97871, 99, 467.02
2026/10/09 04:05:06.710, 3, 83195, 97871, 0, 313.76
2026/10/09 04:05:07.710, 0, 80661, 97871, 100, 532.43
2026/10/09 04:05:07.711, 1, 79985, 97871, 100, 463.33
2026/10/09 04:05:07.711, 2, 83337, 97871, 99, 469.12
2026/10/09 04:05:07.711, 3, 83195, 97871, 84, 419.31
2026/10/09 04:05:08.711, 0, 80661, 97871, 100, 534.46
2026/10/09 04:05:08.715, 1, 79985, 97871, 97, 463.44
2026/10/09 04:05:08.715, 2, 83337, 97871, 99, 470.77
2026/10/09 04:05:08.715, 3, 83195, 97871, 97, 459.84
2026/10/09 04:05:09.715, 0, 80661, 97871, 100, 532.46
2026/10/09 04:05:09.715, 1, 79985, 97871, 99, 462.74
2026/10/09 04:05:09.715, 2, 83337, 97871, 99, 464.25
2026/10/09 04:05:09.715, 3, 83195, 97871, 99, 459.25
2026/10/09 04:05:10.715, 0, 80661, 97871, 100, 534.34
2026/10/09 04:05:10.715, 1, 79985, 97871, 100, 460.58
2026/10/09 04:05:10.715, 2, 83337, 97871, 99, 472.12
2026/10/09 04:05:10.715, 3, 83195, 97871, 99, 452.92
2026/10/09 04:05:11.715, 0, 80661, 97871, 100, 531.98
2026/10/09 04:05:11.715, 1, 79985, 97871, 100, 468.61
2026/10/09 04:05:11.715, 2, 83337, 97871, 99, 469.86
2026/10/09 04:05:11.715, 3, 83195, 97871, 90, 452.92
2026/10/09 04:05:12.716, 0, 80661, 97871, 100, 533.54
2026/10/09 04:05:12.716, 1, 79985, 97871, 99, 453.95
2026/10/09 04:05:12.716, 2, 83337, 97871, 91, 466.96
2026/10/09 04:05:12.716, 3, 83195, 97871, 99, 451.70
2026/10/09 04:05:13.716, 0, 80661, 97871, 100, 531.69
2026/10/09 04:05:13.716, 1, 79985, 97871, 100, 458.34
2026/10/09 04:05:13.716, 2, 83337, 97871, 99, 467.13
2026/10/09 04:05:13.716, 3, 83195, 97871, 99, 456.90
2026/10/09 04:05:14.716, 0, 80661, 97871, 100, 534.84
2026/10/09 04:05:14.716, 1, 79985, 97871, 99, 457.04
2026/10/09 04:05:14.716, 2, 83337, 97871, 99, 471.66
2026/10/09 04:05:14.716, 3, 83195, 97871, 99, 462.84
2026/10/09 04:05:15.716, 0, 80661, 97871, 100, 532.06
2026/10/09 04:05:15.716, 1, 79985, 97871, 97, 464.24
2026/10/09 04:05:15.716, 2, 83337, 97871, 99, 460.57
2026/10/09 04:05:15.716, 3, 83195, 97871, 99, 456.64
2026/10/09 04:05:16.717, 0, 80661, 97871, 100, 534.65
2026/10/09 04:05:16.717, 1, 79985, 97871, 100, 460.15
2026/10/09 04:05:16.717, 2, 83337, 97871, 98, 471.01
2026/10/09 04:05:16.717, 3, 83195, 97871, 79, 462.08
2026/10/09 04:05:17.717, 0, 80661, 97871, 100, 535.40
2026/10/09 04:05:17.717, 1, 79985, 97871, 100, 468.93
2026/10/09 04:05:17.717, 2, 83337, 97871, 99, 464.47
2026/10/09 04:05:17.717, 3, 83195, 97871, 99, 458.82
2026/10/09 04:05:18.717, 0, 80661, 97871, 100, 534.03
2026/10/09 04:05:18.737, 1, 79985, 97871, 100, 460.14
2026/10/09 04:05:18.737, 2, 83337, 97871, 99, 465.37
2026/10/09 04:05:18.737, 3, 83195, 97871, 83, 449.65
2026/10/09 04:05:19.737, 0, 80661, 97871, 100, 532.90
2026/10/09 04:05:19.737, 1, 79985, 97871, 97, 460.46
2026/10/09 04:05:19.737, 2, 83337, 97871, 99, 465.86
2026/10/09 04:05:19.737, 3, 83195, 97871, 99, 462.75
2026/10/09 04:05:20.737, 0, 80661, 97871, 100, 534.87
2026/10/09 04:05:20.737, 1, 79985, 97871, 99, 457.15
2026/10/09 04:05:20.737, 2, 83337, 97871, 99, 463.79
2026/10/09 04:05:20.737, 3, 83195, 97871, 99, 455.69
2026/10/09 04:05:21.738, 0, 80661, 97871, 100, 537.95
2026/10/09 04:05:21.738, 1, 79985, 97871, 100, 459.68
2026/10/09 04:05:21.738, 2, 83337, 97871, 99, 470.93
2026/10/09 04:05:21.738, 3, 83195, 97871, 99, 452.30
2026/10/09 04:05:22.738, 0, 80661, 97871, 100, 531.66
2026/10/09 04:05:22.738, 1, 79985, 97871, 100, 462.03
2026/10/09 04:05:22.738, 2, 83337, 97871, 99, 466.90
2026/10/09 04:05:22.738, 3, 83195, 97871, 99, 464.62
2026/10/09 04:05:23.738, 0, 80661, 97871, 100, 526.50
2026/10/09 04:05:23.738, 1, 79985, 97871, 100, 461.00
2026/10/09 04:05:23.738, 2, 83337, 97871, 99, 468.61
2026/10/09 04:05:23.738, 3, 83195, 97871, 99, 455.26
2026/10/09 04:05:24.738, 0, 80661, 97871, 100, 518.67
2026/10/09 04:05:24.738, 1, 79985, 97871, 100, 463.30
2026/10/09 04:05:24.738, 2, 83337, 97871, 99, 466.80
2026/10/09 04:05:24.738, 3, 83195, 97871, 99, 454.50
2026/10/09 04:05:25.739, 0, 80661, 97871, 99, 469.84
2026/10/09 04:05:25.739, 1, 79985, 97871, 88, 466.90
2026/10/09 04:05:25.739, 2, 83337, 97871, 99, 465.54
2026/10/09 04:05:25.739, 3, 83195, 97871, 99, 472.96
2026/10/09 04:05:26.739, 0, 80661, 97871, 99, 251.40
2026/10/09 04:05:26.739, 1, 79985, 97871, 100, 461.68
2026/10/09 04:05:26.739, 2, 83337, 97871, 99, 470.91
2026/10/09 04:05:26.739, 3, 83195, 97871, 99, 457.23
2026/10/09 04:05:27.739, 0, 80661, 97871, 99, 449.90
2026/10/09 04:05:27.739, 1, 79985, 97871, 96, 468.79
2026/10/09 04:05:27.739, 2, 83337, 97871, 99, 464.91
2026/10/09 04:05:27.739, 3, 83195, 97871, 99, 455.18
2026/10/09 04:05:28.739, 0, 80661, 97871, 99, 451.32
2026/10/09 04:05:28.746, 1, 79985, 97871, 100, 461.33
2026/10/09 04:05:28.746, 2, 83337, 97871, 99, 470.05
2026/10/09 04:05:28.746, 3, 83195, 97871, 100, 461.15
2026/10/09 04:05:29.746, 0, 80661, 97871, 99, 448.65
2026/10/09 04:05:29.746, 1, 79985, 97871, 99, 464.03
2026/10/09 04:05:29.746, 2, 83337, 97871, 99, 467.62
2026/10/09 04:05:29.746, 3, 83195, 97871, 99, 461.24
2026/10/09 04:05:30.746, 0, 80661, 97871, 99, 458.79
2026/10/09 04:05:30.746, 1, 79985, 97871, 99, 463.01
2026/10/09 04:05:30.746, 2, 83337, 97871, 94, 464.77
2026/10/09 04:05:30.746, 3, 83195, 97871, 99, 465.28
2026/10/09 04:05:31.746, 0, 80661, 97871, 95, 448.63
2026/10/09 04:05:31.746, 1, 79985, 97871, 100, 459.56
2026/10/09 04:05:31.746, 2, 83337, 97871, 99, 476.50
2026/10/09 04:05:31.747, 3, 83195, 97871, 99, 448.74
2026/10/09 04:05:32.747, 0, 80661, 97871, 99, 453.81
2026/10/09 04:05:32.747, 1, 79985, 97871, 99, 464.81
2026/10/09 04:05:32.747, 2, 83337, 97871, 99, 475.66
2026/10/09 04:05:32.747, 3, 83195, 97871, 96, 461.50
2026/10/09 04:05:33.747, 0, 80661, 97871, 99, 451.19
2026/10/09 04:05:33.747, 1, 79985, 97871, 100, 465.60
2026/10/09 04:05:33.747, 2, 83337, 97871, 93, 470.51
2026/10/09 04:05:33.747, 3, 83195, 97871, 99, 455.51
2026/10/09 04:05:34.747, 0, 80661, 97871, 99, 446.84
2026/10/09 04:05:34.747, 1, 79985, 97871, 99, 468.67
2026/10/09 04:05:34.747, 2, 83337, 97871, 99, 465.47
2026/10/09 04:05:34.747, 3, 83195, 97871, 99, 462.15
2026/10/09 04:05:35.747, 0, 80661, 97871, 99, 447.63
2026/10/09 04:05:35.747, 1, 79985, 97871, 100, 461.88
2026/10/09 04:05:35.747, 2, 83337, 97871, 99, 470.13
2026/10/09 04:05:35.747, 3, 83195, 97871, 99, 460.20
2026/10/09 04:05:36.747, 0, 80661, 97871, 99, 447.51
2026/10/09 04:05:36.748, 1, 79985, 97871, 99, 465.35
2026/10/09 04:05:36.748, 2, 83337, 97871, 95, 473.11
2026/10/09 04:05:36.748, 3, 83195, 97871, 99, 454.78
2026/10/09 04:05:37.748, 0, 80661, 97871, 99, 448.43
2026/10/09 04:05:37.748, 1, 79985, 97871, 100, 462.03
2026/10/09 04:05:37.748, 2, 83337, 97871, 99, 467.75
2026/10/09 04:05:37.748, 3, 83195, 97871, 99, 459.94
2026/10/09 04:05:38.748, 0, 80661, 97871, 99, 446.37
2026/10/09 04:05:38.755, 1, 79985, 97871, 100, 458.52
2026/10/09 04:05:38.755, 2, 83337, 97871, 99, 470.56
2026/10/09 04:05:38.755, 3, 83195, 97871, 99, 463.94
2026/10/09 04:05:39.755, 0, 80661, 97871, 99, 451.69
2026/10/09 04:05:39.755, 1, 79985, 97871, 100, 457.49
2026/10/09 04:05:39.755, 2, 83337, 97871, 99, 468.12
2026/10/09 04:05:39.755, 3, 83195, 97871, 99, 457.32
2026/10/09 04:05:40.755, 0, 80661, 97871, 99, 453.93
2026/10/09 04:05:40.755, 1, 79985, 97871, 99, 462.14
2026/10/09 04:05:40.755, 2, 83337, 97871, 99, 462.57
2026/10/09 04:05:40.755, 3, 83195, 97871, 90, 452.98
2026/10/09 04:05:41.755, 0, 80661, 97871, 99, 450.90
2026/10/09 04:05:41.755, 1, 79985, 97871, 98, 465.36
2026/10/09 04:05:41.755, 2, 83337, 97871, 99, 462.74
2026/10/09 04:05:41.755, 3, 83195, 97871, 99, 463.42
2026/10/09 04:05:42.756, 0, 80661, 97871, 99, 451.62
2026/10/09 04:05:42.756, 1, 79985, 97871, 100, 466.33
2026/10/09 04:05:42.756, 2, 83337, 97871, 99, 467.16
2026/10/09 04:05:42.756, 3, 83195, 97871, 99, 453.24
2026/10/09 04:05:43.756, 0, 80661, 97871, 99, 448.15
2026/10/09 04:05:43.756, 1, 79985, 97871, 100, 469.07
2026/10/09 04:05:43.756, 2, 83337, 97871, 99, 467.34
2026/10/09 04:05:43.756, 3, 83195, 97871, 92, 460.27
2026/10/09 04:05:44.756, 0, 80661, 97871, 99, 451.21
2026/10/09 04:05:44.756, 1, 79985, 97871, 96, 462.77
2026/10/09 04:05:44.756, 2, 83337, 97871, 99, 470.78
2026/10/09 04:05:44.756, 3, 83195, 97871, 99, 462.72
2026/10/09 04:05:45.756, 0, 80661, 97871, 99, 455.95
2026/10/09 04:05:45.756, 1, 79985, 97871, 100, 455.52
2026/10/09 04:05:45.756, 2, 83337, 97871, 99, 472.55
2026/10/09 04:05:45.756, 3, 83195, 97871, 80, 451.39
2026/10/09 04:05:46.757, 0, 80661, 97871, 87, 447.77
2026/10/09 04:05:46.757, 1, 79985, 97871, 95, 460.03
2026/10/09 04:05:46.757, 2, 83337, 97871, 99, 464.21
2026/10/09 04:05:46.757, 3, 83195, 97871, 99, 460.33
2026/10/09 04:05:47.757, 0, 80661, 97871, 99, 454.85
2026/10/09 04:05:47.757, 1, 79985, 97871, 100, 458.82
2026/10/09 04:05:47.757, 2, 83337, 97871, 80, 460.53
2026/10/09 04:05:47.757, 3, 83195, 97871, 99, 448.60
2026/10/09 04:05:48.757, 0, 80661, 97871, 100, 453.92
2026/10/09 04:05:48.770, 1, 79985, 97871, 100, 463.84
2026/10/09 04:05:48.770, 2, 83337, 97871, 99, 464.35
2026/10/09 04:05:48.770, 3, 83195, 97871, 99, 463.12
2026/10/09 04:05:49.770, 0, 80661, 97871, 99, 450.47
2026/10/09 04:05:49.770, 1, 79985, 97871, 100, 460.88
2026/10/09 04:05:49.770, 2, 83337, 97871, 99, 466.68
2026/10/09 04:05:49.770, 3, 83195, 97871, 99, 463.45
2026/10/09 04:05:50.770, 0, 80661, 97871, 99, 450.63
2026/10/09 04:05:50.770, 1, 79985, 97871, 100, 458.49
2026/10/09 04:05:50.770, 2, 83337, 97871, 99, 470.12
2026/10/09 04:05:50.770, 3, 83195, 97871, 99, 456.30
2026/10/09 04:05:51.770, 0, 80661, 97871, 86, 448.45
2026/10/09 04:05:51.770, 1, 79985, 97871, 100, 456.24
2026/10/09 04:05:51.770, 2, 83337, 97871, 99, 465.09
2026/10/09 04:05:51.770, 3, 83195, 97871, 99, 456.01
2026/10/09 04:05:52.771, 0, 80661, 97871, 99, 446.83
2026/10/09 04:05:52.771, 1, 79985, 97871, 100, 464.89
2026/10/09 04:05:52.771, 2, 83337, 97871, 92, 463.86
2026/10/09 04:05:52.771, 3, 83195, 97871, 99, 454.43
2026/10/09 04:05:53.771, 0, 80661, 97871, 99, 455.23
2026/10/09 04:05:53.771, 1, 79985, 97871, 94, 457.48
2026/10/09 04:05:53.771, 2, 83337, 97871, 99, 463.85
2026/10/09 04:05:53.771, 3, 83195, 97871, 99, 455.08
2026/10/09 04:05:54.771, 0, 80661, 97871, 99, 451.09
2026/10/09 04:05:54.771, 1, 79985, 97871, 100, 461.54
2026/10/09 04:05:54.771, 2, 83337, 97871, 99, 470.82
2026/10/09 04:05:54.771, 3, 83195, 97871, 99, 454.64
2026/10/09 04:05:55.771, 0, 80661, 97871, 99, 449.88
2026/10/09 04:05:55.771, 1, 79985, 97871, 99, 458.48
2026/10/09 04:05:55.771, 2, 83337, 97871, 99, 470.69
2026/10/09 04:05:55.771, 3, 83195, 97871, 96, 456.86
2026/10/09 04:05:56.771, 0, 80661, 97871, 99, 444.70
2026/10/09 04:05:56.771, 1, 79985, 97871, 100, 462.54
2026/10/09 04:05:56.771, 2, 83337, 97871, 99, 465.49
2026/10/09 04:05:56.772, 3, 83195, 97871, 99, 467.29
2026/10/09 04:05:57.772, 0, 80661, 97871, 99, 451.30
2026/10/09 04:05:57.772, 1, 79985, 97871, 100, 462.59
2026/10/09 04:05:57.772, 2, 83337, 97871, 99, 471.10
2026/10/09 04:05:57.772, 3, 83197, 97871, 91, 458.91
2026/10/09 04:05:58.772, 0, 80661, 97871, 99, 451.53
2026/10/09 04:05:58.780, 1, 79985, 97871, 100, 500.90
2026/10/09 04:05:58.780, 2, 83337, 97871, 100, 467.08
2026/10/09 04:05:58.780, 3, 83197, 97871, 97, 459.73
2026/10/09 04:05:59.780, 0, 80661, 97871, 99, 455.49
2026/10/09 04:05:59.780, 1, 79985, 97871, 100, 521.21
2026/10/09 04:05:59.780, 2, 83337, 97871, 100, 500.76
2026/10/09 04:05:59.780, 3, 83197, 97871, 99, 469.04
2026/10/09 04:06:00.780, 0, 80661, 97871, 99, 446.51
2026/10/09 04:06:00.780, 1, 79985, 97871, 97, 510.19
2026/10/09 04:06:00.780, 2, 83337, 97871, 100, 519.88
2026/10/09 04:06:00.780, 3, 83197, 97871, 99, 466.22
2026/10/09 04:06:01.781, 0, 80661, 97871, 99, 449.36
2026/10/09 04:06:01.781, 1, 79985, 97871, 100, 525.81
2026/10/09 04:06:01.781, 2, 83337, 97871, 100, 526.65
2026/10/09 04:06:01.781, 3, 83197, 97871, 99, 459.29
2026/10/09 04:06:02.781, 0, 80661, 97871, 99, 448.75
2026/10/09 04:06:02.781, 1, 79985, 97871, 100, 519.39
2026/10/09 04:06:02.781, 2, 83337, 97871, 100, 519.78
2026/10/09 04:06:02.781, 3, 83197, 97871, 99, 454.28
2026/10/09 04:06:03.781, 0, 80661, 97871, 99, 449.00
2026/10/09 04:06:03.781, 1, 79985, 97871, 100, 518.28
2026/10/09 04:06:03.781, 2, 83337, 97871, 100, 517.24
2026/10/09 04:06:03.781, 3, 83197, 97871, 99, 459.48
2026/10/09 04:06:04.781, 0, 80661, 97871, 99, 455.46
2026/10/09 04:06:04.781, 1, 79985, 97871, 97, 516.64
2026/10/09 04:06:04.781, 2, 83337, 97871, 100, 522.19
2026/10/09 04:06:04.781, 3, 83197, 97871, 99, 466.03
2026/10/09 04:06:05.781, 0, 80661, 97871, 99, 450.04
2026/10/09 04:06:05.782, 1, 79985, 97871, 99, 519.24
2026/10/09 04:06:05.782, 2, 83337, 97871, 100, 529.44
2026/10/09 04:06:05.782, 3, 83197, 97871, 99, 456.38
2026/10/09 04:06:06.782, 0, 80661, 97871, 99, 445.43
2026/10/09 04:06:06.782, 1, 79985, 97871, 100, 515.84
2026/10/09 04:06:06.782, 2, 83337, 97871, 100, 516.65
2026/10/09 04:06:06.782, 3, 83197, 97871, 99, 457.90
2026/10/09 04:06:07.782, 0, 80661, 97871, 99, 445.94
2026/10/09 04:06:07.782, 1, 79985, 97871, 100, 520.13
2026/10/09 04:06:07.782, 2, 83339, 97871, 100, 529.22
2026/10/09 04:06:07.782, 3, 83197, 97871, 100, 461.44
2026/10/09 04:06:08.782, 0, 80661, 97871, 99, 447.30
2026/10/09 04:06:08.789, 1, 79985, 97871, 100, 514.95
2026/10/09 04:06:08.789, 2, 83339, 97871, 100, 519.42
2026/10/09 04:06:08.789, 3, 83197, 97871, 99, 448.05
2026/10/09 04:06:09.789, 0, 80661, 97871, 99, 454.36
2026/10/09 04:06:09.789, 1, 79985, 97871, 100, 514.73
2026/10/09 04:06:09.789, 2, 83339, 97871, 100, 522.50
2026/10/09 04:06:09.789, 3, 83197, 97871, 99, 452.13
2026/10/09 04:06:10.789, 0, 80661, 97871, 99, 455.52
2026/10/09 04:06:10.789, 1, 79985, 97871, 100, 524.00
2026/10/09 04:06:10.789, 2, 83339, 97871, 100, 524.86
2026/10/09 04:06:10.789, 3, 83197, 97871, 99, 459.00
2026/10/09 04:06:11.789, 0, 80661, 97871, 99, 451.83
2026/10/09 04:06:11.789, 1, 79985, 97871, 100, 460.30
2026/10/09 04:06:11.789, 2, 83339, 97871, 100, 530.78
2026/10/09 04:06:11.789, 3, 83197, 97871, 99, 459.05
2026/10/09 04:06:12.790, 0, 80661, 97871, 99, 454.03
2026/10/09 04:06:12.790, 1, 79985, 97871, 100, 529.70
2026/10/09 04:06:12.790, 2, 83339, 97871, 100, 514.36
2026/10/09 04:06:12.790, 3, 83197, 97871, 99, 467.25
2026/10/09 04:06:13.790, 0, 80661, 97871, 99, 447.49
2026/10/09 04:06:13.790, 1, 79985, 97871, 100, 495.00
2026/10/09 04:06:13.790, 2, 83339, 97871, 100, 472.49
2026/10/09 04:06:13.790, 3, 83197, 97871, 99, 463.75
2026/10/09 04:06:14.790, 0, 80661, 97871, 99, 447.93
2026/10/09 04:06:14.790, 1, 79985, 97871, 100, 518.15
2026/10/09 04:06:14.790, 2, 83339, 97871, 100, 518.27
2026/10/09 04:06:14.790, 3, 83197, 97871, 85, 459.00
2026/10/09 04:06:15.790, 0, 80661, 97871, 99, 450.45
2026/10/09 04:06:15.790, 1, 79985, 97871, 100, 517.91
2026/10/09 04:06:15.790, 2, 83339, 97871, 100, 504.52
2026/10/09 04:06:15.790, 3, 83197, 97871, 99, 449.05
2026/10/09 04:06:16.790, 0, 80661, 97871, 99, 452.06
2026/10/09 04:06:16.791, 1, 79985, 97871, 100, 513.29
2026/10/09 04:06:16.791, 2, 83339, 97871, 100, 515.53
2026/10/09 04:06:16.791, 3, 83197, 97871, 94, 457.73
2026/10/09 04:06:17.791, 0, 80661, 97871, 99, 452.89
2026/10/09 04:06:17.791, 1, 79985, 97871, 100, 514.20
2026/10/09 04:06:17.791, 2, 83339, 97871, 100, 512.10
2026/10/09 04:06:17.791, 3, 83197, 97871, 99, 456.13
2026/10/09 04:06:18.791, 0, 80661, 97871, 99, 452.36
2026/10/09 04:06:18.798, 1, 79985, 97871, 100, 513.40
2026/10/09 04:06:18.798, 2, 83339, 97871, 100, 513.26
2026/10/09 04:06:18.798, 3, 83197, 97871, 99, 459.21
2026/10/09 04:06:19.798, 0, 80661, 97871, 99, 451.20
2026/10/09 04:06:19.798, 1, 79985, 97871, 100, 520.21
2026/10/09 04:06:19.798, 2, 83339, 97871, 100, 508.78
2026/10/09 04:06:19.798, 3, 83197, 97871, 99, 455.81
2026/10/09 04:06:20.798, 0, 80661, 97871, 99, 450.82
2026/10/09 04:06:20.798, 1, 79985, 97871, 100, 480.23
2026/10/09 04:06:20.798, 2, 83339, 97871, 100, 510.75
2026/10/09 04:06:20.798, 3, 83197, 97871, 99, 453.49
2026/10/09 04:06:21.798, 0, 80661, 97871, 99, 449.37
2026/10/09 04:06:21.798, 1, 79985, 97871, 100, 533.04
2026/10/09 04:06:21.798, 2, 83339, 97871, 100, 510.84
2026/10/09 04:06:21.798, 3, 83197, 97871, 99, 454.34
2026/10/09 04:06:22.798, 0, 80661, 97871, 99, 450.22
2026/10/09 04:06:22.798, 1, 79985, 97871, 100, 514.09
2026/10/09 04:06:22.798, 2, 83339, 97871, 100, 475.28
2026/10/09 04:06:22.799, 3, 83197, 97871, 99, 462.92
2026/10/09 04:06:23.799, 0, 80661, 97871, 99, 454.86
2026/10/09 04:06:23.799, 1, 79985, 97871, 100, 497.68
2026/10/09 04:06:23.799, 2, 83339, 97871, 100, 528.52
2026/10/09 04:06:23.799, 3, 83197, 97871, 99, 450.15
2026/10/09 04:06:24.799, 0, 80661, 97871, 99, 454.53
2026/10/09 04:06:24.799, 1, 79985, 97871, 100, 526.25
2026/10/09 04:06:24.799, 2, 83339, 97871, 100, 511.87
2026/10/09 04:06:24.799, 3, 83197, 97871, 95, 458.51
2026/10/09 04:06:25.799, 0, 80661, 97871, 99, 451.46
2026/10/09 04:06:25.799, 1, 79985, 97871, 100, 518.91
2026/10/09 04:06:25.799, 2, 83339, 97871, 100, 509.96
2026/10/09 04:06:25.799, 3, 83197, 97871, 99, 462.01
2026/10/09 04:06:26.799, 0, 80661, 97871, 99, 452.58
2026/10/09 04:06:26.799, 1, 79985, 97871, 100, 520.47
2026/10/09 04:06:26.799, 2, 83339, 97871, 100, 508.85
2026/10/09 04:06:26.799, 3, 83197, 97871, 90, 440.76
2026/10/09 04:06:27.799, 0, 80661, 97871, 97, 453.41
2026/10/09 04:06:27.800, 1, 79985, 97871, 100, 517.89
2026/10/09 04:06:27.800, 2, 83339, 97871, 100, 522.49
2026/10/09 04:06:27.800, 3, 83197, 97871, 93, 508.08
2026/10/09 04:06:28.800, 0, 80661, 97871, 99, 451.69
2026/10/09 04:06:28.806, 1, 79985, 97871, 100, 517.98
2026/10/09 04:06:28.806, 2, 83339, 97871, 100, 510.13
2026/10/09 04:06:28.806, 3, 83197, 97871, 84, 512.02
2026/10/09 04:06:29.806, 0, 80661, 97871, 99, 453.03
2026/10/09 04:06:29.806, 1, 79985, 97871, 100, 516.34
2026/10/09 04:06:29.806, 2, 83339, 97871, 100, 512.95
2026/10/09 04:06:29.806, 3, 83197, 97871, 100, 504.33
2026/10/09 04:06:30.807, 0, 80661, 97871, 85, 448.21
2026/10/09 04:06:30.807, 1, 79985, 97871, 100, 514.88
2026/10/09 04:06:30.807, 2, 83339, 97871, 100, 511.80
2026/10/09 04:06:30.807, 3, 83197, 97871, 100, 507.44
2026/10/09 04:06:31.807, 0, 80661, 97871, 99, 453.23
2026/10/09 04:06:31.807, 1, 79985, 97871, 100, 518.27
2026/10/09 04:06:31.807, 2, 83339, 97871, 100, 512.84
2026/10/09 04:06:31.807, 3, 83197, 97871, 91, 524.02
2026/10/09 04:06:32.807, 0, 80661, 97871, 99, 451.09
2026/10/09 04:06:32.807, 1, 79985, 97871, 100, 517.32
2026/10/09 04:06:32.807, 2, 83339, 97871, 100, 512.86
2026/10/09 04:06:32.807, 3, 83197, 97871, 100, 515.12
2026/10/09 04:06:33.807, 0, 80661, 97871, 99, 450.61
2026/10/09 04:06:33.807, 1, 79985, 97871, 100, 513.53
2026/10/09 04:06:33.808, 2, 83339, 97871, 100, 511.57
2026/10/09 04:06:33.808, 3, 83197, 97871, 88, 523.95
2026/10/09 04:06:34.808, 0, 80661, 97871, 99, 448.89
2026/10/09 04:06:34.808, 1, 79985, 97871, 23, 431.04
2026/10/09 04:06:34.808, 2, 83339, 97871, 100, 511.42
2026/10/09 04:06:34.808, 3, 83197, 97871, 100, 509.84
2026/10/09 04:06:35.808, 0, 80661, 97871, 99, 449.16
2026/10/09 04:06:35.808, 1, 79985, 97871, 100, 537.11
2026/10/09 04:06:35.808, 2, 83339, 97871, 100, 513.36
2026/10/09 04:06:35.808, 3, 83197, 97871, 56, 517.70
2026/10/09 04:06:36.808, 0, 80661, 97871, 99, 453.92
2026/10/09 04:06:36.808, 1, 79985, 97871, 100, 534.77
2026/10/09 04:06:36.808, 2, 83339, 97871, 100, 511.45
2026/10/09 04:06:36.808, 3, 83197, 97871, 100, 521.96
2026/10/09 04:06:37.808, 0, 80661, 97871, 99, 454.55
2026/10/09 04:06:37.808, 1, 79985, 97871, 100, 518.93
2026/10/09 04:06:37.808, 2, 83339, 97871, 100, 504.93
2026/10/09 04:06:37.809, 3, 83197, 97871, 100, 517.60
2026/10/09 04:06:38.809, 0, 80661, 97871, 99, 452.13
2026/10/09 04:06:38.815, 1, 79985, 97871, 100, 514.08
2026/10/09 04:06:38.815, 2, 83339, 97871, 100, 477.46
2026/10/09 04:06:38.815, 3, 83197, 97871, 95, 503.28
2026/10/09 04:06:39.815, 0, 80661, 97871, 99, 449.52
2026/10/09 04:06:39.815, 1, 79985, 97871, 100, 512.59
2026/10/09 04:06:39.815, 2, 83339, 97871, 100, 531.08
2026/10/09 04:06:39.815, 3, 83197, 97871, 100, 516.64
2026/10/09 04:06:40.815, 0, 80661, 97871, 99, 448.14
2026/10/09 04:06:40.816, 1, 79985, 97871, 100, 500.97
2026/10/09 04:06:40.816, 2, 83339, 97871, 100, 522.06
2026/10/09 04:06:40.816, 3, 83197, 97871, 97, 521.73
2026/10/09 04:06:41.816, 0, 80661, 97871, 99, 449.91
2026/10/09 04:06:41.816, 1, 79985, 97871, 100, 530.77
2026/10/09 04:06:41.816, 2, 83339, 97871, 100, 513.09
2026/10/09 04:06:41.816, 3, 83197, 97871, 100, 497.05
2026/10/09 04:06:42.816, 0, 80661, 97871, 99, 454.01
2026/10/09 04:06:42.816, 1, 79985, 97871, 100, 526.85
2026/10/09 04:06:42.816, 2, 83339, 97871, 100, 508.82
2026/10/09 04:06:42.816, 3, 83197, 97871, 100, 480.58
2026/10/09 04:06:43.816, 0, 80661, 97871, 99, 447.70
2026/10/09 04:06:43.816, 1, 79985, 97871, 100, 515.91
2026/10/09 04:06:43.816, 2, 83339, 97871, 100, 505.44
2026/10/09 04:06:43.816, 3, 83197, 97871, 97, 513.42
2026/10/09 04:06:44.816, 0, 80661, 97871, 99, 447.98
2026/10/09 04:06:44.817, 1, 79985, 97871, 100, 512.56
2026/10/09 04:06:44.817, 2, 83339, 97871, 100, 504.20
2026/10/09 04:06:44.817, 3, 83197, 97871, 67, 425.16
2026/10/09 04:06:45.817, 0, 80661, 97871, 88, 453.84
2026/10/09 04:06:45.817, 1, 79985, 97871, 100, 517.37
2026/10/09 04:06:45.817, 2, 83339, 97871, 100, 532.45
2026/10/09 04:06:45.817, 3, 83197, 97871, 100, 521.62
2026/10/09 04:06:46.817, 0, 80661, 97871, 99, 451.70
2026/10/09 04:06:46.817, 1, 79985, 97871, 100, 519.80
2026/10/09 04:06:46.817, 2, 83339, 97871, 100, 518.78
2026/10/09 04:06:46.817, 3, 83197, 97871, 95, 514.48
2026/10/09 04:06:47.817, 0, 80661, 97871, 99, 455.93
2026/10/09 04:06:47.817, 1, 79985, 97871, 100, 517.97
2026/10/09 04:06:47.817, 2, 83339, 97871, 100, 513.79
2026/10/09 04:06:47.817, 3, 83197, 97871, 88, 512.14
2026/10/09 04:06:48.817, 0, 80661, 97871, 87, 447.95
2026/10/09 04:06:48.832, 1, 79985, 97871, 100, 518.04
2026/10/09 04:06:48.832, 2, 83339, 97871, 100, 511.89
2026/10/09 04:06:48.832, 3, 83197, 97871, 100, 522.14
2026/10/09 04:06:49.832, 0, 80661, 97871, 99, 452.60
2026/10/09 04:06:49.833, 1, 79985, 97871, 100, 519.86
2026/10/09 04:06:49.833, 2, 83339, 97871, 100, 511.69
2026/10/09 04:06:49.833, 3, 83197, 97871, 99, 515.34
2026/10/09 04:06:50.833, 0, 80661, 97871, 85, 447.80
2026/10/09 04:06:50.833, 1, 79985, 97871, 100, 515.95
2026/10/09 04:06:50.833, 2, 83339, 97871, 100, 513.33
2026/10/09 04:06:50.833, 3, 83197, 97871, 100, 498.26
2026/10/09 04:06:51.833, 0, 80661, 97871, 99, 449.98
2026/10/09 04:06:51.833, 1, 79985, 97871, 100, 518.06
2026/10/09 04:06:51.833, 2, 83339, 97871, 100, 514.69
2026/10/09 04:06:51.833, 3, 83197, 97871, 68, 481.80
2026/10/09 04:06:52.833, 0, 80661, 97871, 99, 451.40
2026/10/09 04:06:52.833, 1, 79985, 97871, 100, 518.30
2026/10/09 04:06:52.833, 2, 83339, 97871, 100, 512.69
2026/10/09 04:06:52.833, 3, 83197, 97871, 100, 491.01
2026/10/09 04:06:53.833, 0, 80661, 97871, 99, 448.45
2026/10/09 04:06:53.833, 1, 79985, 97871, 100, 519.94
2026/10/09 04:06:53.833, 2, 83339, 97871, 100, 510.37
2026/10/09 04:06:53.834, 3, 83197, 97871, 100, 516.50
2026/10/09 04:06:54.834, 0, 80661, 97871, 99, 449.38
2026/10/09 04:06:54.834, 1, 79985, 97871, 100, 520.04
2026/10/09 04:06:54.834, 2, 83339, 97871, 100, 511.69
2026/10/09 04:06:54.834, 3, 83197, 97871, 94, 522.17
2026/10/09 04:06:55.834, 0, 80661, 97871, 99, 453.62
2026/10/09 04:06:55.834, 1, 79985, 97871, 100, 518.97
2026/10/09 04:06:55.834, 2, 83339, 97871, 100, 514.31
2026/10/09 04:06:55.834, 3, 83197, 97871, 74, 428.48
2026/10/09 04:06:56.834, 0, 80661, 97871, 99, 447.87
2026/10/09 04:06:56.834, 1, 79985, 97871, 100, 516.40
2026/10/09 04:06:56.834, 2, 83339, 97871, 100, 515.40
2026/10/09 04:06:56.834, 3, 83197, 97871, 100, 510.34
2026/10/09 04:06:57.834, 0, 80661, 97871, 99, 453.33
2026/10/09 04:06:57.835, 1, 79985, 97871, 100, 516.17
2026/10/09 04:06:57.835, 2, 83339, 97871, 100, 509.60
2026/10/09 04:06:57.835, 3, 83197, 97871, 100, 520.85
2026/10/09 04:06:58.835, 0, 80661, 97871, 99, 453.89
2026/10/09 04:06:58.843, 1, 79985, 97871, 100, 512.97
2026/10/09 04:06:58.843, 2, 83339, 97871, 100, 515.18
2026/10/09 04:06:58.843, 3, 83197, 97871, 100, 519.32
2026/10/09 04:06:59.843, 0, 80661, 97871, 97, 450.07
2026/10/09 04:06:59.843, 1, 79985, 97871, 0, 406.45
2026/10/09 04:06:59.843, 2, 83339, 97871, 100, 516.55
2026/10/09 04:06:59.843, 3, 83197, 97871, 94, 516.62
2026/10/09 04:07:00.843, 0, 80661, 97871, 99, 449.27
2026/10/09 04:07:00.844, 1, 79985, 97871, 100, 540.99
2026/10/09 04:07:00.844, 2, 83339, 97871, 100, 513.77
2026/10/09 04:07:00.844, 3, 83197, 97871, 91, 514.98
2026/10/09 04:07:01.844, 0, 80661, 97871, 99, 448.71
2026/10/09 04:07:01.844, 1, 79985, 97871, 100, 533.43
2026/10/09 04:07:01.844, 2, 83339, 97871, 100, 513.84
2026/10/09 04:07:01.844, 3, 83197, 97871, 100, 512.19
2026/10/09 04:07:02.844, 0, 80661, 97871, 99, 450.49
2026/10/09 04:07:02.844, 1, 80665, 97871, 100, 534.80
2026/10/09 04:07:02.844, 2, 83339, 97871, 100, 511.71
2026/10/09 04:07:02.844, 3, 83197, 97871, 99, 515.80
2026/10/09 04:07:03.844, 0, 80661, 97871, 92, 459.96
2026/10/09 04:07:03.844, 1, 81435, 97871, 100, 531.31
2026/10/09 04:07:03.844, 2, 83339, 97871, 100, 512.40
2026/10/09 04:07:03.844, 3, 83197, 97871, 100, 519.94
2026/10/09 04:07:04.845, 0, 80661, 97871, 99, 449.89
2026/10/09 04:07:04.845, 1, 81435, 97871, 100, 524.41
2026/10/09 04:07:04.845, 2, 83339, 97871, 100, 496.55
2026/10/09 04:07:04.845, 3, 83197, 97871, 99, 520.75
2026/10/09 04:07:05.845, 0, 80661, 97871, 99, 452.70
2026/10/09 04:07:05.845, 1, 81435, 97871, 94, 506.43
2026/10/09 04:07:05.845, 2, 83339, 97871, 100, 446.60
2026/10/09 04:07:05.845, 3, 83197, 97871, 97, 520.00
2026/10/09 04:07:06.845, 0, 80661, 97871, 91, 449.69
2026/10/09 04:07:06.845, 1, 81435, 97871, 100, 503.18
2026/10/09 04:07:06.845, 2, 83339, 97871, 100, 532.59
2026/10/09 04:07:06.845, 3, 83197, 97871, 88, 512.96
2026/10/09 04:07:07.845, 0, 80661, 97871, 99, 456.24
2026/10/09 04:07:07.845, 1, 81437, 97871, 100, 506.63
2026/10/09 04:07:07.845, 2, 83339, 97871, 100, 529.76
2026/10/09 04:07:07.845, 3, 83197, 97871, 94, 495.90
2026/10/09 04:07:08.846, 0, 80661, 97871, 99, 452.73
2026/10/09 04:07:08.852, 1, 81437, 97871, 100, 507.19
2026/10/09 04:07:08.852, 2, 83339, 97871, 100, 530.03
2026/10/09 04:07:08.852, 3, 83197, 97871, 100, 381.04
2026/10/09 04:07:09.852, 0, 80661, 97871, 99, 451.46
2026/10/09 04:07:09.852, 1, 81437, 97871, 100, 475.78
2026/10/09 04:07:09.852, 2, 83339, 97871, 100, 529.20
2026/10/09 04:07:09.852, 3, 83197, 97871, 100, 498.92
2026/10/09 04:07:10.852, 0, 80661, 97871, 100, 452.10
2026/10/09 04:07:10.852, 1, 81437, 97871, 100, 531.60
2026/10/09 04:07:10.852, 2, 83339, 97871, 100, 509.19
2026/10/09 04:07:10.853, 3, 83197, 97871, 100, 542.59
2026/10/09 04:07:11.853, 0, 80661, 97871, 99, 448.44
2026/10/09 04:07:11.853, 1, 81437, 97871, 100, 530.27
2026/10/09 04:07:11.853, 2, 83339, 97871, 100, 510.06
2026/10/09 04:07:11.853, 3, 83197, 97871, 99, 512.86
2026/10/09 04:07:12.853, 0, 80661, 97871, 99, 450.55
2026/10/09 04:07:12.853, 1, 81437, 97871, 100, 526.55
2026/10/09 04:07:12.853, 2, 83339, 97871, 100, 509.69
2026/10/09 04:07:12.853, 3, 83197, 97871, 92, 514.07
2026/10/09 04:07:13.853, 0, 80661, 97871, 99, 453.75
2026/10/09 04:07:13.853, 1, 81437, 97871, 100, 527.61
2026/10/09 04:07:13.853, 2, 83339, 97871, 100, 509.53
2026/10/09 04:07:13.853, 3, 83197, 97871, 90, 506.46
2026/10/09 04:07:14.853, 0, 80661, 97871, 99, 454.49
2026/10/09 04:07:14.854, 1, 81437, 97871, 100, 519.90
2026/10/09 04:07:14.854, 2, 83339, 97871, 100, 507.27
2026/10/09 04:07:14.854, 3, 83197, 97871, 62, 416.24
2026/10/09 04:07:15.854, 0, 80661, 97871, 99, 450.99
2026/10/09 04:07:15.854, 1, 81437, 97871, 100, 517.21
2026/10/09 04:07:15.854, 2, 83339, 97871, 100, 478.55
2026/10/09 04:07:15.854, 3, 83197, 97871, 100, 456.89
2026/10/09 04:07:16.854, 0, 80661, 97871, 99, 452.42
2026/10/09 04:07:16.854, 1, 81437, 97871, 100, 519.80
2026/10/09 04:07:16.854, 2, 83339, 97871, 100, 529.14
2026/10/09 04:07:16.854, 3, 83197, 97871, 100, 540.01
2026/10/09 04:07:17.854, 0, 80661, 97871, 99, 449.92
2026/10/09 04:07:17.854, 1, 81437, 97871, 100, 516.37
2026/10/09 04:07:17.855, 2, 83339, 97871, 100, 530.19
2026/10/09 04:07:17.855, 3, 83197, 97871, 100, 535.26
2026/10/09 04:07:18.855, 0, 80661, 97871, 99, 453.57
2026/10/09 04:07:18.863, 1, 81437, 97871, 100, 515.82
2026/10/09 04:07:18.863, 2, 83339, 97871, 100, 528.68
2026/10/09 04:07:18.863, 3, 83197, 97871, 100, 518.20
2026/10/09 04:07:19.863, 0, 80661, 97871, 99, 452.46
2026/10/09 04:07:19.863, 1, 81437, 97871, 100, 520.36
2026/10/09 04:07:19.863, 2, 83339, 97871, 100, 529.40
2026/10/09 04:07:19.863, 3, 83197, 97871, 100, 516.76
2026/10/09 04:07:20.864, 0, 80661, 97871, 99, 451.30
2026/10/09 04:07:20.864, 1, 81437, 97871, 100, 518.59
2026/10/09 04:07:20.864, 2, 83339, 97871, 100, 519.67
2026/10/09 04:07:20.864, 3, 83197, 97871, 100, 521.53
2026/10/09 04:07:21.864, 0, 80661, 97871, 99, 446.76
2026/10/09 04:07:21.864, 1, 81437, 97871, 100, 522.67
2026/10/09 04:07:21.864, 2, 83339, 97871, 100, 515.50
2026/10/09 04:07:21.864, 3, 83197, 97871, 100, 520.82
2026/10/09 04:07:22.864, 0, 80661, 97871, 99, 448.91
2026/10/09 04:07:22.864, 1, 81437, 97871, 100, 523.09
2026/10/09 04:07:22.864, 2, 83339, 97871, 100, 518.64
2026/10/09 04:07:22.864, 3, 83197, 97871, 100, 525.54
2026/10/09 04:07:23.864, 0, 80661, 97871, 99, 450.21
2026/10/09 04:07:23.864, 1, 81437, 97871, 100, 525.18
2026/10/09 04:07:23.865, 2, 83339, 97871, 100, 511.31
2026/10/09 04:07:23.865, 3, 83197, 97871, 100, 522.49
2026/10/09 04:07:24.865, 0, 80661, 97871, 99, 450.10
2026/10/09 04:07:24.865, 1, 81437, 97871, 100, 522.07
2026/10/09 04:07:24.865, 2, 83339, 97871, 100, 513.38
2026/10/09 04:07:24.865, 3, 83197, 97871, 100, 521.29
2026/10/09 04:07:25.865, 0, 80661, 97871, 99, 452.26
2026/10/09 04:07:25.865, 1, 81437, 97871, 100, 518.47
2026/10/09 04:07:25.865, 2, 83339, 97871, 100, 514.90
2026/10/09 04:07:25.865, 3, 83197, 97871, 100, 524.25
2026/10/09 04:07:26.865, 0, 80661, 97871, 99, 450.27
2026/10/09 04:07:26.865, 1, 81437, 97871, 100, 515.83
2026/10/09 04:07:26.865, 2, 83339, 97871, 100, 515.58
2026/10/09 04:07:26.865, 3, 83197, 97871, 100, 517.12
2026/10/09 04:07:27.866, 0, 80661, 97871, 99, 456.00
2026/10/09 04:07:27.866, 1, 81437, 97871, 100, 517.96
2026/10/09 04:07:27.866, 2, 83339, 97871, 100, 518.90
2026/10/09 04:07:27.866, 3, 83197, 97871, 100, 521.47
2026/10/09 04:07:28.866, 0, 80661, 97871, 100, 457.27
2026/10/09 04:07:28.872, 1, 81437, 97871, 100, 521.39
2026/10/09 04:07:28.872, 2, 83339, 97871, 100, 525.18
2026/10/09 04:07:28.872, 3, 83197, 97871, 100, 522.50
2026/10/09 04:07:29.872, 0, 80661, 97871, 99, 451.83
2026/10/09 04:07:29.872, 1, 81437, 97871, 100, 524.35
2026/10/09 04:07:29.872, 2, 83339, 97871, 100, 523.02
2026/10/09 04:07:29.872, 3, 83197, 97871, 100, 521.39
2026/10/09 04:07:30.872, 0, 80661, 97871, 99, 454.02
2026/10/09 04:07:30.872, 1, 81437, 97871, 100, 522.06
2026/10/09 04:07:30.872, 2, 83339, 97871, 100, 521.18
2026/10/09 04:07:30.872, 3, 83197, 97871, 100, 525.13
2026/10/09 04:07:31.873, 0, 80661, 97871, 84, 455.10
2026/10/09 04:07:31.873, 1, 81437, 97871, 100, 519.33
2026/10/09 04:07:31.873, 2, 83339, 97871, 100, 520.06
2026/10/09 04:07:31.873, 3, 83197, 97871, 100, 514.47
2026/10/09 04:07:32.873, 0, 80661, 97871, 99, 451.88
2026/10/09 04:07:32.873, 1, 81437, 97871, 100, 523.30
2026/10/09 04:07:32.873, 2, 83339, 97871, 100, 521.44
2026/10/09 04:07:32.873, 3, 83197, 97871, 100, 523.49
2026/10/09 04:07:33.873, 0, 80661, 97871, 99, 448.38
2026/10/09 04:07:33.873, 1, 81437, 97871, 100, 519.94
2026/10/09 04:07:33.873, 2, 83339, 97871, 100, 517.48
2026/10/09 04:07:33.873, 3, 83197, 97871, 100, 518.49
2026/10/09 04:07:34.874, 0, 80661, 97871, 85, 446.20
2026/10/09 04:07:34.874, 1, 81437, 97871, 100, 520.55
2026/10/09 04:07:34.874, 2, 83339, 97871, 100, 519.43
2026/10/09 04:07:34.874, 3, 83197, 97871, 95, 496.30
2026/10/09 04:07:35.874, 0, 80661, 97871, 99, 448.33
2026/10/09 04:07:35.874, 1, 81437, 97871, 100, 518.88
2026/10/09 04:07:35.874, 2, 83339, 97871, 100, 517.13
2026/10/09 04:07:35.874, 3, 83197, 97871, 79, 489.04
2026/10/09 04:07:36.874, 0, 80661, 97871, 99, 451.58
2026/10/09 04:07:36.874, 1, 81437, 97871, 100, 520.92
2026/10/09 04:07:36.874, 2, 83339, 97871, 100, 515.96
2026/10/09 04:07:36.874, 3, 83197, 97871, 95, 419.24
2026/10/09 04:07:37.874, 0, 80661, 97871, 99, 451.72
2026/10/09 04:07:37.875, 1, 81437, 97871, 100, 518.12
2026/10/09 04:07:37.875, 2, 83339, 97871, 100, 513.11
2026/10/09 04:07:37.875, 3, 83197, 97871, 100, 459.11
2026/10/09 04:07:38.875, 0, 80661, 97871, 99, 456.70
2026/10/09 04:07:38.885, 1, 81437, 97871, 100, 521.05
2026/10/09 04:07:38.885, 2, 83339, 97871, 100, 517.46
2026/10/09 04:07:38.885, 3, 83197, 97871, 100, 543.00
2026/10/09 04:07:39.885, 0, 80661, 97871, 99, 451.29
2026/10/09 04:07:39.885, 1, 81437, 97871, 100, 521.31
2026/10/09 04:07:39.885, 2, 83339, 97871, 100, 519.73
2026/10/09 04:07:39.885, 3, 83197, 97871, 100, 540.13
2026/10/09 04:07:40.885, 0, 80661, 97871, 99, 452.97
2026/10/09 04:07:40.885, 1, 81437, 97871, 100, 522.07
2026/10/09 04:07:40.885, 2, 83339, 97871, 100, 519.40
2026/10/09 04:07:40.885, 3, 83197, 97871, 100, 537.83
2026/10/09 04:07:41.885, 0, 80661, 97871, 99, 449.57
2026/10/09 04:07:41.885, 1, 81437, 97871, 100, 519.00
2026/10/09 04:07:41.885, 2, 83339, 97871, 100, 518.48
2026/10/09 04:07:41.886, 3, 83197, 97871, 98, 531.68
2026/10/09 04:07:42.886, 0, 80661, 97871, 99, 446.79
2026/10/09 04:07:42.886, 1, 81437, 97871, 94, 509.08
2026/10/09 04:07:42.886, 2, 83339, 97871, 100, 519.59
2026/10/09 04:07:42.886, 3, 83197, 97871, 100, 512.94
2026/10/09 04:07:43.886, 0, 80661, 97871, 99, 446.42
2026/10/09 04:07:43.886, 1, 81437, 97871, 100, 504.70
2026/10/09 04:07:43.886, 2, 83339, 97871, 100, 519.64
2026/10/09 04:07:43.886, 3, 83197, 97871, 99, 513.90
2026/10/09 04:07:44.886, 0, 80661, 97871, 99, 451.88
2026/10/09 04:07:44.886, 1, 81437, 97871, 100, 512.26
2026/10/09 04:07:44.886, 2, 83339, 97871, 100, 518.85
2026/10/09 04:07:44.886, 3, 83197, 97871, 100, 518.70
2026/10/09 04:07:45.886, 0, 80661, 97871, 99, 456.44
2026/10/09 04:07:45.887, 1, 81437, 97871, 100, 502.41
2026/10/09 04:07:45.887, 2, 83339, 97871, 100, 519.28
2026/10/09 04:07:45.887, 3, 83197, 97871, 100, 508.48
2026/10/09 04:07:46.887, 0, 80661, 97871, 99, 447.93
2026/10/09 04:07:46.887, 1, 3, 97871, 0, 206.70
2026/10/09 04:07:46.887, 2, 83339, 97871, 100, 515.54
2026/10/09 04:07:46.887, 3, 83197, 97871, 75, 494.03
2026/10/09 04:07:47.887, 0, 80661, 97871, 99, 445.88
2026/10/09 04:07:47.887, 1, 3, 97871, 0, 148.09
2026/10/09 04:07:47.887, 2, 83339, 97871, 100, 515.87
2026/10/09 04:07:47.887, 3, 83197, 97871, 100, 421.51
2026/10/09 04:07:48.887, 0, 80661, 97871, 99, 455.55
2026/10/09 04:07:48.894, 1, 3, 97871, 0, 130.94
2026/10/09 04:07:48.894, 2, 83339, 97871, 100, 520.10
2026/10/09 04:07:48.894, 3, 83197, 97871, 100, 502.08
2026/10/09 04:07:49.894, 0, 80661, 97871, 88, 449.86
2026/10/09 04:07:49.894, 1, 3, 97871, 0, 95.80
2026/10/09 04:07:49.894, 2, 83339, 97871, 100, 522.49
2026/10/09 04:07:49.894, 3, 83197, 97871, 100, 541.23
2026/10/09 04:07:50.894, 0, 80661, 97871, 99, 449.42
2026/10/09 04:07:50.894, 1, 3, 97871, 0, 95.72
2026/10/09 04:07:50.894, 2, 83339, 97871, 100, 518.40
2026/10/09 04:07:50.894, 3, 83197, 97871, 100, 536.51
2026/10/09 04:07:51.894, 0, 80661, 97871, 99, 457.65
2026/10/09 04:07:51.894, 1, 3, 97871, 0, 95.70
2026/10/09 04:07:51.894, 2, 83339, 97871, 100, 510.06
2026/10/09 04:07:51.894, 3, 83197, 97871, 100, 537.73
2026/10/09 04:07:52.894, 0, 80661, 97871, 99, 430.25
2026/10/09 04:07:52.894, 1, 3, 97871, 0, 95.64
2026/10/09 04:07:52.895, 2, 83339, 97871, 100, 506.20
2026/10/09 04:07:52.895, 3, 83197, 97871, 100, 533.26
2026/10/09 04:07:53.895, 0, 80661, 97871, 99, 458.71
2026/10/09 04:07:53.895, 1, 3, 97871, 0, 95.59
2026/10/09 04:07:53.895, 2, 83339, 97871, 100, 504.01
2026/10/09 04:07:53.895, 3, 83197, 97871, 100, 516.72
2026/10/09 04:07:54.895, 0, 80661, 97871, 99, 464.65
2026/10/09 04:07:54.895, 1, 3, 97871, 0, 95.39
2026/10/09 04:07:54.895, 2, 83339, 97871, 65, 489.93
2026/10/09 04:07:54.895, 3, 83197, 97871, 100, 518.10
2026/10/09 04:07:55.895, 0, 80661, 97871, 99, 470.78
2026/10/09 04:07:55.895, 1, 3, 97871, 0, 95.21
2026/10/09 04:07:55.895, 2, 3, 97871, 0, 144.96
2026/10/09 04:07:55.895, 3, 83197, 97871, 100, 520.19
2026/10/09 04:07:56.895, 0, 80661, 97871, 75, 233.89
2026/10/09 04:07:56.895, 1, 3, 97871, 0, 95.57
2026/10/09 04:07:56.895, 2, 3, 97871, 0, 145.33
2026/10/09 04:07:56.895, 3, 83197, 97871, 100, 279.02
2026/10/09 04:07:57.896, 0, 80661, 97871, 99, 478.30
2026/10/09 04:07:57.896, 1, 3, 97871, 0, 95.26
2026/10/09 04:07:57.896, 2, 3, 97871, 0, 107.68
2026/10/09 04:07:57.896, 3, 83197, 97871, 100, 530.16
2026/10/09 04:07:58.896, 0, 80661, 97871, 99, 483.68
2026/10/09 04:07:58.905, 1, 3, 97871, 0, 94.96
2026/10/09 04:07:58.905, 2, 3, 97871, 0, 91.36
2026/10/09 04:07:58.905, 3, 83197, 97871, 100, 526.05
2026/10/09 04:07:59.905, 0, 80661, 97871, 100, 476.27
2026/10/09 04:07:59.905, 1, 3, 97871, 0, 94.97
2026/10/09 04:07:59.905, 2, 3, 97871, 0, 90.74
2026/10/09 04:07:59.905, 3, 83197, 97871, 100, 527.07
2026/10/09 04:08:00.905, 0, 80661, 97871, 96, 476.45
2026/10/09 04:08:00.905, 1, 3, 97871, 0, 94.98
2026/10/09 04:08:00.905, 2, 3, 97871, 0, 90.51
2026/10/09 04:08:00.905, 3, 83197, 97871, 100, 527.41
2026/10/09 04:08:01.905, 0, 80661, 97871, 99, 485.69
2026/10/09 04:08:01.905, 1, 3, 97871, 0, 94.85
2026/10/09 04:08:01.905, 2, 3, 97871, 0, 90.32
2026/10/09 04:08:01.905, 3, 83197, 97871, 100, 529.21
2026/10/09 04:08:02.905, 0, 80661, 97871, 99, 476.43
2026/10/09 04:08:02.906, 1, 3, 97871, 0, 94.54
2026/10/09 04:08:02.906, 2, 3, 97871, 0, 90.17
2026/10/09 04:08:02.906, 3, 83197, 97871, 100, 533.54
2026/10/09 04:08:03.906, 0, 80661, 97871, 99, 482.18
2026/10/09 04:08:03.906, 1, 3, 97871, 0, 94.71
2026/10/09 04:08:03.906, 2, 3, 97871, 0, 90.40
2026/10/09 04:08:03.906, 3, 83197, 97871, 100, 531.81
2026/10/09 04:08:04.906, 0, 80661, 97871, 99, 471.43
2026/10/09 04:08:04.906, 1, 3, 97871, 0, 94.54
2026/10/09 04:08:04.906, 2, 3, 97871, 0, 90.22
2026/10/09 04:08:04.906, 3, 83197, 97871, 100, 527.79
2026/10/09 04:08:05.906, 0, 80661, 97871, 100, 480.42
2026/10/09 04:08:05.906, 1, 3, 97871, 0, 94.38
2026/10/09 04:08:05.906, 2, 3, 97871, 0, 90.04
2026/10/09 04:08:05.906, 3, 83197, 97871, 100, 527.87
2026/10/09 04:08:06.906, 0, 80661, 97871, 95, 470.12
2026/10/09 04:08:06.907, 1, 3, 97871, 0, 94.55
2026/10/09 04:08:06.907, 2, 3, 97871, 0, 90.04
2026/10/09 04:08:06.907, 3, 83197, 97871, 100, 531.58
2026/10/09 04:08:07.907, 0, 80661, 97871, 99, 482.73
2026/10/09 04:08:07.907, 1, 3, 97871, 0, 94.54
2026/10/09 04:08:07.907, 2, 3, 97871, 0, 90.09
2026/10/09 04:08:07.907, 3, 83197, 97871, 100, 526.61
2026/10/09 04:08:08.907, 0, 80661, 97871, 98, 482.76
2026/10/09 04:08:08.914, 1, 3, 97871, 0, 94.31
2026/10/09 04:08:08.914, 2, 3, 97871, 0, 89.96
2026/10/09 04:08:08.914, 3, 83197, 97871, 100, 531.50
2026/10/09 04:08:09.914, 0, 80661, 97871, 99, 478.47
2026/10/09 04:08:09.915, 1, 3, 97871, 0, 94.33
2026/10/09 04:08:09.915, 2, 3, 97871, 0, 89.93
2026/10/09 04:08:09.915, 3, 83197, 97871, 100, 524.59
2026/10/09 04:08:10.915, 0, 80661, 97871, 97, 476.23
2026/10/09 04:08:10.915, 1, 3, 97871, 0, 94.21
2026/10/09 04:08:10.915, 2, 3, 97871, 0, 90.01
2026/10/09 04:08:10.915, 3, 83197, 97871, 100, 528.17
2026/10/09 04:08:11.915, 0, 80661, 97871, 99, 469.85
2026/10/09 04:08:11.915, 1, 3, 97871, 0, 94.17
2026/10/09 04:08:11.915, 2, 3, 97871, 0, 89.96
2026/10/09 04:08:11.915, 3, 83197, 97871, 100, 529.85
2026/10/09 04:08:12.915, 0, 80661, 97871, 96, 482.48
2026/10/09 04:08:12.915, 1, 3, 97871, 0, 94.17
2026/10/09 04:08:12.915, 2, 3, 97871, 0, 89.86
2026/10/09 04:08:12.915, 3, 83197, 97871, 100, 525.56
2026/10/09 04:08:13.915, 0, 80661, 97871, 99, 467.94
2026/10/09 04:08:13.915, 1, 3, 97871, 0, 94.21
2026/10/09 04:08:13.915, 2, 3, 97871, 0, 90.03
2026/10/09 04:08:13.915, 3, 83197, 97871, 100, 529.65
2026/10/09 04:08:14.916, 0, 80661, 97871, 99, 477.18
2026/10/09 04:08:14.916, 1, 3, 97871, 0, 94.21
2026/10/09 04:08:14.916, 2, 3, 97871, 0, 90.03
2026/10/09 04:08:14.916, 3, 83197, 97871, 100, 532.75
2026/10/09 04:08:15.916, 0, 80661, 97871, 99, 468.76
2026/10/09 04:08:15.916, 1, 3, 97871, 0, 94.03
2026/10/09 04:08:15.916, 2, 3, 97871, 0, 89.79
2026/10/09 04:08:15.916, 3, 83197, 97871, 100, 531.88
2026/10/09 04:08:16.916, 0, 80661, 97871, 100, 445.91
2026/10/09 04:08:16.916, 1, 3, 97871, 0, 94.13
2026/10/09 04:08:16.916, 2, 3, 97871, 0, 89.90
2026/10/09 04:08:16.916, 3, 83197, 97871, 100, 529.11
2026/10/09 04:08:17.916, 0, 80661, 97871, 100, 516.26
2026/10/09 04:08:17.916, 1, 3, 97871, 0, 94.16
2026/10/09 04:08:17.916, 2, 3, 97871, 0, 89.92
2026/10/09 04:08:17.916, 3, 83197, 97871, 100, 526.16
2026/10/09 04:08:18.916, 0, 80661, 97871, 69, 511.39
2026/10/09 04:08:18.931, 1, 3, 97871, 0, 94.14
2026/10/09 04:08:18.931, 2, 3, 97871, 0, 89.84
2026/10/09 04:08:18.931, 3, 83197, 97871, 100, 528.02
2026/10/09 04:08:19.931, 0, 80661, 97871, 100, 532.68
2026/10/09 04:08:19.931, 1, 3, 97871, 0, 94.14
2026/10/09 04:08:19.931, 2, 3, 97871, 0, 89.63
2026/10/09 04:08:19.931, 3, 83197, 97871, 100, 525.85
2026/10/09 04:08:20.931, 0, 80661, 97871, 95, 517.16
2026/10/09 04:08:20.931, 1, 3, 97871, 0, 94.02
2026/10/09 04:08:20.931, 2, 3, 97871, 0, 89.68
2026/10/09 04:08:20.932, 3, 83197, 97871, 100, 527.09
2026/10/09 04:08:21.932, 0, 80661, 97871, 100, 535.75
2026/10/09 04:08:21.932, 1, 3, 97871, 0, 93.93
2026/10/09 04:08:21.932, 2, 3, 97871, 0, 89.77
2026/10/09 04:08:21.932, 3, 83197, 97871, 100, 526.30
2026/10/09 04:08:22.932, 0, 80661, 97871, 97, 517.72
2026/10/09 04:08:22.932, 1, 3, 97871, 0, 94.13
2026/10/09 04:08:22.932, 2, 3, 97871, 0, 89.43
2026/10/09 04:08:22.932, 3, 83197, 97871, 100, 525.61
2026/10/09 04:08:23.932, 0, 80661, 97871, 100, 534.36
2026/10/09 04:08:23.932, 1, 3, 97871, 0, 94.03
2026/10/09 04:08:23.932, 2, 3, 97871, 0, 89.72
2026/10/09 04:08:23.932, 3, 83197, 97871, 100, 527.61
2026/10/09 04:08:24.932, 0, 80661, 97871, 100, 519.70
2026/10/09 04:08:24.932, 1, 3, 97871, 0, 94.04
2026/10/09 04:08:24.932, 2, 3, 97871, 0, 89.27
2026/10/09 04:08:24.932, 3, 83197, 97871, 100, 526.58
2026/10/09 04:08:25.932, 0, 80661, 97871, 100, 527.45
2026/10/09 04:08:25.933, 1, 3, 97871, 0, 94.05
2026/10/09 04:08:25.933, 2, 3, 97871, 0, 89.43
2026/10/09 04:08:25.933, 3, 83197, 97871, 100, 522.46
2026/10/09 04:08:26.933, 0, 80661, 97871, 99, 492.96
2026/10/09 04:08:26.933, 1, 3, 97871, 0, 94.12
2026/10/09 04:08:26.933, 2, 3, 97871, 0, 89.75
2026/10/09 04:08:26.933, 3, 83197, 97871, 100, 520.32
2026/10/09 04:08:27.933, 0, 80661, 97871, 100, 462.81
2026/10/09 04:08:27.933, 1, 3, 97871, 0, 94.09
2026/10/09 04:08:27.933, 2, 3, 97871, 0, 89.46
2026/10/09 04:08:27.933, 3, 83197, 97871, 64, 512.54
2026/10/09 04:08:28.933, 0, 80661, 97871, 100, 532.59
2026/10/09 04:08:28.941, 1, 3, 97871, 0, 94.07
2026/10/09 04:08:28.941, 2, 3, 97871, 0, 89.58
2026/10/09 04:08:28.941, 3, 83197, 97871, 44, 424.41
2026/10/09 04:08:29.941, 0, 80661, 97871, 100, 539.87
2026/10/09 04:08:29.941, 1, 3, 97871, 0, 93.97
2026/10/09 04:08:29.941, 2, 3, 97871, 0, 89.63
2026/10/09 04:08:29.941, 3, 3, 97871, 0, 212.48
2026/10/09 04:08:30.941, 0, 80661, 97871, 100, 528.17
2026/10/09 04:08:30.941, 1, 3, 97871, 0, 93.94
2026/10/09 04:08:30.942, 2, 3, 97871, 0, 89.69
2026/10/09 04:08:30.942, 3, 3, 97871, 0, 145.17
2026/10/09 04:08:31.942, 0, 80661, 97871, 94, 530.03
2026/10/09 04:08:31.942, 1, 3, 97871, 0, 93.50
2026/10/09 04:08:31.942, 2, 3, 97871, 0, 89.71
2026/10/09 04:08:31.942, 3, 3, 97871, 0, 98.21
2026/10/09 04:08:32.942, 0, 80661, 97871, 100, 517.99
2026/10/09 04:08:32.942, 1, 3, 97871, 0, 94.19
2026/10/09 04:08:32.942, 2, 3, 97871, 0, 89.74
2026/10/09 04:08:32.942, 3, 3, 97871, 0, 98.40
2026/10/09 04:08:33.942, 0, 80661, 97871, 100, 525.12
2026/10/09 04:08:33.942, 1, 3, 97871, 0, 93.93
2026/10/09 04:08:33.942, 2, 3, 97871, 0, 89.55
2026/10/09 04:08:33.942, 3, 3, 97871, 0, 98.50
2026/10/09 04:08:34.942, 0, 80661, 97871, 100, 524.93
2026/10/09 04:08:34.942, 1, 3, 97871, 0, 93.72
2026/10/09 04:08:34.942, 2, 3, 97871, 0, 89.58
2026/10/09 04:08:34.942, 3, 3, 97871, 0, 98.21
2026/10/09 04:08:35.942, 0, 80661, 97871, 100, 516.57
2026/10/09 04:08:35.942, 1, 3, 97871, 0, 93.65
2026/10/09 04:08:35.942, 2, 3, 97871, 0, 89.49
2026/10/09 04:08:35.942, 3, 3, 97871, 0, 98.13
2026/10/09 04:08:36.943, 0, 80661, 97871, 100, 518.66
2026/10/09 04:08:36.943, 1, 3, 97871, 0, 93.84
2026/10/09 04:08:36.943, 2, 3, 97871, 0, 89.63
2026/10/09 04:08:36.943, 3, 3, 97871, 0, 98.21
2026/10/09 04:08:37.943, 0, 80661, 97871, 98, 522.60
2026/10/09 04:08:37.943, 1, 3, 97871, 0, 93.76
2026/10/09 04:08:37.943, 2, 3, 97871, 0, 89.65
2026/10/09 04:08:37.943, 3, 3, 97871, 0, 98.16
2026/10/09 04:08:38.943, 0, 80661, 97871, 100, 522.41
2026/10/09 04:08:38.948, 1, 3, 97871, 0, 93.61
2026/10/09 04:08:38.948, 2, 3, 97871, 0, 89.79
2026/10/09 04:08:38.948, 3, 3, 97871, 0, 97.97
2026/10/09 04:08:39.948, 0, 80661, 97871, 100, 524.15
2026/10/09 04:08:39.948, 1, 3, 97871, 0, 93.78
2026/10/09 04:08:39.948, 2, 3, 97871, 0, 89.68
2026/10/09 04:08:39.948, 3, 3, 97871, 0, 97.99
2026/10/09 04:08:40.948, 0, 80661, 97871, 100, 521.63
2026/10/09 04:08:40.948, 1, 3, 97871, 0, 93.64
2026/10/09 04:08:40.948, 2, 3, 97871, 0, 89.81
2026/10/09 04:08:40.948, 3, 3, 97871, 0, 98.00
2026/10/09 04:08:41.948, 0, 80661, 97871, 99, 519.30
2026/10/09 04:08:41.948, 1, 3, 97871, 0, 93.49
2026/10/09 04:08:41.948, 2, 3, 97871, 0, 89.81
2026/10/09 04:08:41.948, 3, 3, 97871, 0, 97.91
2026/10/09 04:08:42.948, 0, 80661, 97871, 100, 414.58
2026/10/09 04:08:42.948, 1, 3, 97871, 0, 93.55
2026/10/09 04:08:42.948, 2, 3, 97871, 0, 89.69
2026/10/09 04:08:42.948, 3, 3, 97871, 0, 97.83
2026/10/09 04:08:43.948, 0, 80661, 97871, 100, 538.51
2026/10/09 04:08:43.949, 1, 3, 97871, 0, 93.09
2026/10/09 04:08:43.949, 2, 3, 97871, 0, 89.88
2026/10/09 04:08:43.949, 3, 3, 97871, 0, 97.71
2026/10/09 04:08:44.949, 0, 80661, 97871, 100, 538.44
2026/10/09 04:08:44.949, 1, 3, 97871, 0, 93.20
2026/10/09 04:08:44.949, 2, 3, 97871, 0, 89.84
2026/10/09 04:08:44.949, 3, 3, 97871, 0, 97.74
2026/10/09 04:08:45.949, 0, 80661, 97871, 100, 528.68
2026/10/09 04:08:45.949, 1, 3, 97871, 0, 93.55
2026/10/09 04:08:45.949, 2, 3, 97871, 0, 89.82
2026/10/09 04:08:45.949, 3, 3, 97871, 0, 97.88
2026/10/09 04:08:46.949, 0, 80661, 97871, 100, 532.07
2026/10/09 04:08:46.949, 1, 3, 97871, 0, 93.48
2026/10/09 04:08:46.949, 2, 3, 97871, 0, 89.67
2026/10/09 04:08:46.949, 3, 3, 97871, 0, 97.87
2026/10/09 04:08:47.949, 0, 80661, 97871, 100, 455.70
2026/10/09 04:08:47.949, 1, 3, 97871, 0, 93.60
2026/10/09 04:08:47.949, 2, 3, 97871, 0, 89.92
2026/10/09 04:08:47.949, 3, 3, 97871, 0, 97.78
2026/10/09 04:08:48.949, 0, 80661, 97871, 100, 541.04
2026/10/09 04:08:48.954, 1, 3, 97871, 0, 93.12
2026/10/09 04:08:48.954, 2, 3, 97871, 0, 89.71
2026/10/09 04:08:48.954, 3, 3, 97871, 0, 97.78
2026/10/09 04:08:49.954, 0, 80661, 97871, 100, 533.07
2026/10/09 04:08:49.954, 1, 3, 97871, 0, 93.14
2026/10/09 04:08:49.954, 2, 3, 97871, 0, 89.83
2026/10/09 04:08:49.954, 3, 3, 97871, 0, 97.67
2026/10/09 04:08:50.954, 0, 80661, 97871, 100, 523.99
2026/10/09 04:08:50.955, 1, 3, 97871, 0, 93.63
2026/10/09 04:08:50.955, 2, 3, 97871, 0, 89.79
2026/10/09 04:08:50.955, 3, 3, 97871, 0, 97.80
2026/10/09 04:08:51.955, 0, 80661, 97871, 100, 523.03
2026/10/09 04:08:51.955, 1, 3, 97871, 0, 93.54
2026/10/09 04:08:51.955, 2, 3, 97871, 0, 89.91
2026/10/09 04:08:51.955, 3, 3, 97871, 0, 97.80
2026/10/09 04:08:52.955, 0, 80661, 97871, 100, 523.71
2026/10/09 04:08:52.955, 1, 3, 97871, 0, 93.55
2026/10/09 04:08:52.955, 2, 3, 97871, 0, 89.75
2026/10/09 04:08:52.955, 3, 3, 97871, 0, 97.77
2026/10/09 04:08:53.955, 0, 80661, 97871, 100, 524.01
2026/10/09 04:08:53.955, 1, 3, 97871, 0, 93.41
2026/10/09 04:08:53.955, 2, 3, 97871, 0, 89.76
2026/10/09 04:08:53.955, 3, 3, 97871, 0, 97.64
2026/10/09 04:08:54.955, 0, 80661, 97871, 100, 531.62
2026/10/09 04:08:54.955, 1, 3, 97871, 0, 93.34
2026/10/09 04:08:54.955, 2, 3, 97871, 0, 90.06
2026/10/09 04:08:54.955, 3, 3, 97871, 0, 97.81
2026/10/09 04:08:55.955, 0, 80661, 97871, 100, 527.81
2026/10/09 04:08:55.955, 1, 3, 97871, 0, 93.57
2026/10/09 04:08:55.955, 2, 3, 97871, 0, 90.16
2026/10/09 04:08:55.955, 3, 3, 97871, 0, 97.92
2026/10/09 04:08:56.956, 0, 80661, 97871, 100, 524.20
2026/10/09 04:08:56.956, 1, 3, 97871, 0, 93.77
2026/10/09 04:08:56.956, 2, 3, 97871, 0, 90.07
2026/10/09 04:08:56.956, 3, 3, 97871, 0, 97.94
2026/10/09 04:08:57.956, 0, 80661, 97871, 100, 522.47
2026/10/09 04:08:57.956, 1, 3, 97871, 0, 93.74
2026/10/09 04:08:57.956, 2, 3, 97871, 0, 90.05
2026/10/09 04:08:57.956, 3, 3, 97871, 0, 97.99
2026/10/09 04:08:58.956, 0, 80661, 97871, 100, 522.38
2026/10/09 04:08:58.963, 1, 3, 97871, 0, 93.75
2026/10/09 04:08:58.963, 2, 3, 97871, 0, 89.98
2026/10/09 04:08:58.963, 3, 3, 97871, 0, 98.00
2026/10/09 04:08:59.963, 0, 80661, 97871, 100, 523.91
2026/10/09 04:08:59.963, 1, 3, 97871, 0, 93.84
2026/10/09 04:08:59.963, 2, 3, 97871, 0, 90.06
2026/10/09 04:08:59.963, 3, 3, 97871, 0, 98.01
2026/10/09 04:09:00.963, 0, 80661, 97871, 100, 526.81
2026/10/09 04:09:00.963, 1, 3, 97871, 0, 93.46
2026/10/09 04:09:00.963, 2, 3, 97871, 0, 90.12
2026/10/09 04:09:00.963, 3, 3, 97871, 0, 97.97
2026/10/09 04:09:01.963, 0, 80661, 97871, 100, 525.07
2026/10/09 04:09:01.964, 1, 3, 97871, 0, 93.53
2026/10/09 04:09:01.964, 2, 3, 97871, 0, 90.05
2026/10/09 04:09:01.964, 3, 3, 97871, 0, 97.75
2026/10/09 04:09:02.964, 0, 80661, 97871, 100, 525.58
2026/10/09 04:09:02.964, 1, 3, 97871, 0, 93.73
2026/10/09 04:09:02.964, 2, 3, 97871, 0, 90.11
2026/10/09 04:09:02.964, 3, 3, 97871, 0, 97.91
2026/10/09 04:09:03.964, 0, 80661, 97871, 100, 522.10
2026/10/09 04:09:03.964, 1, 3, 97871, 0, 93.47
2026/10/09 04:09:03.964, 2, 3, 97871, 0, 89.93
2026/10/09 04:09:03.964, 3, 3, 97871, 0, 97.67
2026/10/09 04:09:04.964, 0, 80661, 97871, 100, 528.25
2026/10/09 04:09:04.964, 1, 3, 97871, 0, 93.41
2026/10/09 04:09:04.964, 2, 3, 97871, 0, 89.92
2026/10/09 04:09:04.964, 3, 3, 97871, 0, 97.67
2026/10/09 04:09:05.964, 0, 80661, 97871, 100, 516.88
2026/10/09 04:09:05.964, 1, 3, 97871, 0, 93.35
2026/10/09 04:09:05.964, 2, 3, 97871, 0, 89.99
2026/10/09 04:09:05.964, 3, 3, 97871, 0, 97.75
2026/10/09 04:09:06.964, 0, 80661, 97871, 100, 374.70
2026/10/09 04:09:06.964, 1, 3, 97871, 0, 93.45
2026/10/09 04:09:06.964, 2, 3, 97871, 0, 90.07
2026/10/09 04:09:06.964, 3, 3, 97871, 0, 97.86
2026/10/09 04:09:07.965, 0, 80661, 97871, 100, 540.20
2026/10/09 04:09:07.965, 1, 3, 97871, 0, 92.96
2026/10/09 04:09:07.965, 2, 3, 97871, 0, 89.95
2026/10/09 04:09:07.965, 3, 3, 97871, 0, 97.61
2026/10/09 04:09:08.965, 0, 80661, 97871, 100, 537.59
2026/10/09 04:09:08.970, 1, 3, 97871, 0, 92.98
2026/10/09 04:09:08.970, 2, 3, 97871, 0, 89.92
2026/10/09 04:09:08.970, 3, 3, 97871, 0, 97.67
2026/10/09 04:09:09.970, 0, 80661, 97871, 100, 536.49
2026/10/09 04:09:09.970, 1, 3, 97871, 0, 92.89
2026/10/09 04:09:09.970, 2, 3, 97871, 0, 89.81
2026/10/09 04:09:09.970, 3, 3, 97871, 0, 97.68
2026/10/09 04:09:10.970, 0, 80661, 97871, 100, 534.07
2026/10/09 04:09:10.970, 1, 3, 97871, 0, 92.89
2026/10/09 04:09:10.970, 2, 3, 97871, 0, 89.88
2026/10/09 04:09:10.970, 3, 3, 97871, 0, 97.71
2026/10/09 04:09:11.970, 0, 80661, 97871, 100, 525.90
2026/10/09 04:09:11.970, 1, 3, 97871, 0, 93.51
2026/10/09 04:09:11.970, 2, 3, 97871, 0, 90.06
2026/10/09 04:09:11.970, 3, 3, 97871, 0, 97.94
2026/10/09 04:09:12.970, 0, 80661, 97871, 100, 529.08
2026/10/09 04:09:12.971, 1, 3, 97871, 0, 93.50
2026/10/09 04:09:12.971, 2, 3, 97871, 0, 90.14
2026/10/09 04:09:12.971, 3, 3, 97871, 0, 97.95
2026/10/09 04:09:13.971, 0, 80661, 97871, 100, 528.56
2026/10/09 04:09:13.971, 1, 3, 97871, 0, 93.45
2026/10/09 04:09:13.971, 2, 3, 97871, 0, 90.19
2026/10/09 04:09:13.971, 3, 3, 97871, 0, 97.89
2026/10/09 04:09:14.971, 0, 80661, 97871, 0, 453.56
2026/10/09 04:09:14.971, 1, 3, 97871, 0, 93.42
2026/10/09 04:09:14.971, 2, 3, 97871, 0, 90.17
2026/10/09 04:09:14.971, 3, 3, 97871, 0, 97.84
2026/10/09 04:09:15.971, 0, 80661, 97871, 88, 243.98
2026/10/09 04:09:15.971, 1, 3, 97871, 0, 93.36
2026/10/09 04:09:15.971, 2, 3, 97871, 0, 90.20
2026/10/09 04:09:15.971, 3, 3, 97871, 0, 97.79
2026/10/09 04:09:16.971, 0, 80661, 97871, 100, 533.60
2026/10/09 04:09:16.971, 1, 3, 97871, 0, 93.25
2026/10/09 04:09:16.971, 2, 3, 97871, 0, 90.04
2026/10/09 04:09:16.971, 3, 3, 97871, 0, 97.62
2026/10/09 04:09:17.971, 0, 80661, 97871, 100, 538.32
2026/10/09 04:09:17.971, 1, 3, 97871, 0, 92.84
2026/10/09 04:09:17.971, 2, 3, 97871, 0, 89.96
2026/10/09 04:09:17.971, 3, 3, 97871, 0, 97.65
2026/10/09 04:09:18.971, 0, 80661, 97871, 100, 540.33
2026/10/09 04:09:18.978, 1, 3, 97871, 0, 92.90
2026/10/09 04:09:18.978, 2, 3, 97871, 0, 89.98
2026/10/09 04:09:18.978, 3, 3, 97871, 0, 97.68
2026/10/09 04:09:19.978, 0, 80661, 97871, 100, 537.68
2026/10/09 04:09:19.978, 1, 3, 97871, 0, 92.82
2026/10/09 04:09:19.978, 2, 3, 97871, 0, 90.20
2026/10/09 04:09:19.978, 3, 3, 97871, 0, 97.60
2026/10/09 04:09:20.978, 0, 80661, 97871, 100, 526.13
2026/10/09 04:09:20.978, 1, 3, 97871, 0, 93.46
2026/10/09 04:09:20.978, 2, 3, 97871, 0, 90.21
2026/10/09 04:09:20.978, 3, 3, 97871, 0, 97.73
2026/10/09 04:09:21.978, 0, 80661, 97871, 100, 522.04
2026/10/09 04:09:21.978, 1, 3, 97871, 0, 93.29
2026/10/09 04:09:21.978, 2, 3, 97871, 0, 90.17
2026/10/09 04:09:21.978, 3, 3, 97871, 0, 97.66
2026/10/09 04:09:22.978, 0, 80661, 97871, 100, 525.10
2026/10/09 04:09:22.978, 1, 3, 97871, 0, 93.48
2026/10/09 04:09:22.978, 2, 3, 97871, 0, 90.11
2026/10/09 04:09:22.979, 3, 3, 97871, 0, 97.68
2026/10/09 04:09:23.979, 0, 80661, 97871, 100, 527.51
2026/10/09 04:09:23.979, 1, 3, 97871, 0, 93.48
2026/10/09 04:09:23.979, 2, 3, 97871, 0, 90.08
2026/10/09 04:09:23.979, 3, 3, 97871, 0, 97.71
2026/10/09 04:09:24.979, 0, 80661, 97871, 100, 531.36
2026/10/09 04:09:24.979, 1, 3, 97871, 0, 93.73
2026/10/09 04:09:24.979, 2, 3, 97871, 0, 90.23
2026/10/09 04:09:24.979, 3, 3, 97871, 0, 97.88
2026/10/09 04:09:25.979, 0, 80661, 97871, 100, 531.12
2026/10/09 04:09:25.979, 1, 3, 97871, 0, 93.76
2026/10/09 04:09:25.979, 2, 3, 97871, 0, 90.11
2026/10/09 04:09:25.979, 3, 3, 97871, 0, 98.07
2026/10/09 04:09:26.979, 0, 80661, 97871, 100, 530.88
2026/10/09 04:09:26.979, 1, 3, 97871, 0, 93.77
2026/10/09 04:09:26.979, 2, 3, 97871, 0, 90.11
2026/10/09 04:09:26.979, 3, 3, 97871, 0, 98.06
2026/10/09 04:09:27.979, 0, 80661, 97871, 100, 530.92
2026/10/09 04:09:27.979, 1, 3, 97871, 0, 93.72
2026/10/09 04:09:27.979, 2, 3, 97871, 0, 90.25
2026/10/09 04:09:27.979, 3, 3, 97871, 0, 98.10
2026/10/09 04:09:28.979, 0, 80661, 97871, 100, 537.25
2026/10/09 04:09:28.985, 1, 3, 97871, 0, 93.21
2026/10/09 04:09:28.985, 2, 3, 97871, 0, 90.19
2026/10/09 04:09:28.985, 3, 3, 97871, 0, 98.17
2026/10/09 04:09:29.985, 0, 80661, 97871, 100, 538.73
2026/10/09 04:09:29.985, 1, 3, 97871, 0, 93.03
2026/10/09 04:09:29.985, 2, 3, 97871, 0, 90.10
2026/10/09 04:09:29.985, 3, 3, 97871, 0, 98.08
2026/10/09 04:09:30.985, 0, 80661, 97871, 100, 531.04
2026/10/09 04:09:30.985, 1, 3, 97871, 0, 93.20
2026/10/09 04:09:30.985, 2, 3, 97871, 0, 90.06
2026/10/09 04:09:30.985, 3, 3, 97871, 0, 97.83
2026/10/09 04:09:31.985, 0, 80661, 97871, 100, 524.72
2026/10/09 04:09:31.985, 1, 3, 97871, 0, 93.60
2026/10/09 04:09:31.985, 2, 3, 97871, 0, 90.28
2026/10/09 04:09:31.985, 3, 3, 97871, 0, 98.07
2026/10/09 04:09:32.985, 0, 80661, 97871, 100, 526.26
2026/10/09 04:09:32.985, 1, 3, 97871, 0, 93.28
2026/10/09 04:09:32.985, 2, 3, 97871, 0, 90.26
2026/10/09 04:09:32.985, 3, 3, 97871, 0, 97.70
2026/10/09 04:09:33.985, 0, 80661, 97871, 100, 522.49
2026/10/09 04:09:33.986, 1, 3, 97871, 0, 93.43
2026/10/09 04:09:33.986, 2, 3, 97871, 0, 90.27
2026/10/09 04:09:33.986, 3, 3, 97871, 0, 97.65
2026/10/09 04:09:34.986, 0, 80661, 97871, 100, 522.89
2026/10/09 04:09:34.986, 1, 3, 97871, 0, 93.63
2026/10/09 04:09:34.986, 2, 3, 97871, 0, 90.37
2026/10/09 04:09:34.986, 3, 3, 97871, 0, 97.70
2026/10/09 04:09:35.986, 0, 80661, 97871, 100, 525.67
2026/10/09 04:09:35.986, 1, 3, 97871, 0, 93.48
2026/10/09 04:09:35.986, 2, 3, 97871, 0, 90.27
2026/10/09 04:09:35.986, 3, 3, 97871, 0, 97.72
2026/10/09 04:09:36.986, 0, 80661, 97871, 100, 526.72
2026/10/09 04:09:36.986, 1, 3, 97871, 0, 93.47
2026/10/09 04:09:36.986, 2, 3, 97871, 0, 90.38
2026/10/09 04:09:36.986, 3, 3, 97871, 0, 97.75
2026/10/09 04:09:37.986, 0, 80661, 97871, 100, 528.26
2026/10/09 04:09:37.986, 1, 3, 97871, 0, 93.41
2026/10/09 04:09:37.986, 2, 3, 97871, 0, 90.29
2026/10/09 04:09:37.987, 3, 3, 97871, 0, 97.72
2026/10/09 04:09:38.987, 0, 80661, 97871, 100, 526.26
2026/10/09 04:09:38.993, 1, 3, 97871, 0, 93.54
2026/10/09 04:09:38.993, 2, 3, 97871, 0, 90.41
2026/10/09 04:09:38.993, 3, 3, 97871, 0, 97.71
2026/10/09 04:09:39.993, 0, 80661, 97871, 100, 525.58
2026/10/09 04:09:39.993, 1, 3, 97871, 0, 93.61
2026/10/09 04:09:39.993, 2, 3, 97871, 0, 90.19
2026/10/09 04:09:39.993, 3, 3, 97871, 0, 97.76
2026/10/09 04:09:40.993, 0, 80661, 97871, 100, 521.95
2026/10/09 04:09:40.993, 1, 3, 97871, 0, 93.71
2026/10/09 04:09:40.993, 2, 3, 97871, 0, 90.42
2026/10/09 04:09:40.993, 3, 3, 97871, 0, 97.65
2026/10/09 04:09:41.993, 0, 80661, 97871, 100, 535.31
2026/10/09 04:09:41.993, 1, 3, 97871, 0, 92.97
2026/10/09 04:09:41.993, 2, 3, 97871, 0, 90.34
2026/10/09 04:09:41.993, 3, 3, 97871, 0, 97.69
2026/10/09 04:09:42.994, 0, 80661, 97871, 100, 525.32
2026/10/09 04:09:42.994, 1, 3, 97871, 0, 93.32
2026/10/09 04:09:42.994, 2, 3, 97871, 0, 90.41
2026/10/09 04:09:42.994, 3, 3, 97871, 0, 97.78
2026/10/09 04:09:43.994, 0, 80661, 97871, 100, 525.87
2026/10/09 04:09:43.994, 1, 3, 97871, 0, 93.32
2026/10/09 04:09:43.994, 2, 3, 97871, 0, 90.34
2026/10/09 04:09:43.994, 3, 3, 97871, 0, 97.76
2026/10/09 04:09:44.994, 0, 80661, 97871, 100, 524.56
2026/10/09 04:09:44.994, 1, 3, 97871, 0, 93.23
2026/10/09 04:09:44.994, 2, 3, 97871, 0, 90.33
2026/10/09 04:09:44.994, 3, 3, 97871, 0, 97.75
2026/10/09 04:09:45.994, 0, 80661, 97871, 100, 523.30
2026/10/09 04:09:45.994, 1, 3, 97871, 0, 93.12
2026/10/09 04:09:45.994, 2, 3, 97871, 0, 90.33
2026/10/09 04:09:45.994, 3, 3, 97871, 0, 97.68
2026/10/09 04:09:46.994, 0, 80661, 97871, 100, 525.92
2026/10/09 04:09:46.995, 1, 3, 97871, 0, 93.44
2026/10/09 04:09:46.995, 2, 3, 97871, 0, 90.46
2026/10/09 04:09:46.995, 3, 3, 97871, 0, 97.73
2026/10/09 04:09:47.995, 0, 80661, 97871, 100, 528.60
2026/10/09 04:09:47.995, 1, 3, 97871, 0, 93.48
2026/10/09 04:09:47.995, 2, 3, 97871, 0, 90.45
2026/10/09 04:09:47.995, 3, 3, 97871, 0, 97.74
2026/10/09 04:09:48.995, 0, 80661, 97871, 100, 523.91
2026/10/09 04:09:49.002, 1, 3, 97871, 0, 93.41
2026/10/09 04:09:49.002, 2, 3, 97871, 0, 90.43
2026/10/09 04:09:49.002, 3, 3, 97871, 0, 97.68
2026/10/09 04:09:50.002, 0, 3, 97871, 0, 235.83
2026/10/09 04:09:50.002, 1, 3, 97871, 0, 93.21
2026/10/09 04:09:50.002, 2, 3, 97871, 0, 90.42
2026/10/09 04:09:50.002, 3, 3, 97871, 0, 97.81
2026/10/09 04:09:51.002, 0, 3, 97871, 0, 143.10
2026/10/09 04:09:51.002, 1, 3, 97871, 0, 93.34
2026/10/09 04:09:51.002, 2, 3, 97871, 0, 90.56
2026/10/09 04:09:51.002, 3, 3, 97871, 0, 97.88
