2026/10/09 03:40:04.866, 0, 12, 97871, 0, 99.42
2026/10/09 03:40:04.870, 1, 9, 97871, 0, 97.71
2026/10/09 03:40:04.874, 2, 10, 97871, 0, 83.04
2026/10/09 03:40:04.877, 3, 9, 97871, 0, 93.07
2026/10/09 03:40:05.880, 0, 12, 97871, 0, 99.15
2026/10/09 03:40:05.880, 1, 9, 97871, 0, 97.29
2026/10/09 03:40:05.880, 2, 10, 97871, 0, 83.04
2026/10/09 03:40:05.880, 3, 9, 97871, 0, 92.90
2026/10/09 03:40:06.881, 0, 12, 97871, 0, 99.10
2026/10/09 03:40:06.881, 1, 9, 97871, 0, 97.23
2026/10/09 03:40:06.881, 2, 10, 97871, 0, 82.94
2026/10/09 03:40:06.881, 3, 9, 97871, 0, 92.59
2026/10/09 03:40:07.881, 0, 12, 97871, 0, 99.16
2026/10/09 03:40:07.881, 1, 9, 97871, 0, 97.25
2026/10/09 03:40:07.881, 2, 10, 97871, 0, 82.94
2026/10/09 03:40:07.881, 3, 9, 97871, 0, 92.68
2026/10/09 03:40:08.881, 0, 12, 97871, 0, 99.20
2026/10/09 03:40:08.881, 1, 9, 97871, 0, 97.28
2026/10/09 03:40:08.881, 2, 10, 97871, 0, 82.92
2026/10/09 03:40:08.881, 3, 9, 97871, 0, 92.50
2026/10/09 03:40:09.881, 0, 12, 97871, 0, 99.17
2026/10/09 03:40:09.881, 1, 9, 97871, 0, 97.36
2026/10/09 03:40:09.881, 2, 10, 97871, 0, 82.95
2026/10/09 03:40:09.881, 3, 9, 97871, 0, 92.56
2026/10/09 03:40:10.882, 0, 12, 97871, 0, 99.02
2026/10/09 03:40:10.882, 1, 9, 97871, 0, 97.34
2026/10/09 03:40:10.882, 2, 10, 97871, 0, 83.15
2026/10/09 03:40:10.882, 3, 9, 97871, 0, 92.60
2026/10/09 03:40:11.882, 0, 12, 97871, 0, 99.27
2026/10/09 03:40:11.882, 1, 9, 97871, 0, 97.34
2026/10/09 03:40:11.882, 2, 9, 97871, 0, 83.08
2026/10/09 03:40:11.882, 3, 8, 97871, 0, 92.64
2026/10/09 03:40:12.882, 0, 12, 97871, 0, 99.21
2026/10/09 03:40:12.882, 1, 9, 97871, 0, 97.28
2026/10/09 03:40:12.882, 2, 9, 97871, 0, 83.02
2026/10/09 03:40:12.882, 3, 8, 97871, 0, 92.55
2026/10/09 03:40:13.882, 0, 12, 97871, 0, 99.09
2026/10/09 03:40:13.882, 1, 9, 97871, 0, 97.30
2026/10/09 03:40:13.882, 2, 9, 97871, 0, 82.91
2026/10/09 03:40:13.882, 3, 8, 97871, 0, 93.03
2026/10/09 03:40:14.883, 0, 12, 97871, 0, 99.14
2026/10/09 03:40:14.883, 1, 9, 97871, 0, 97.22
2026/10/09 03:40:14.883, 2, 9, 97871, 0, 82.94
2026/10/09 03:40:14.883, 3, 8, 97871, 0, 93.29
2026/10/09 03:40:15.883, 0, 12, 97871, 0, 98.90
2026/10/09 03:40:15.883, 1, 9, 97871, 0, 97.22
2026/10/09 03:40:15.883, 2, 9, 97871, 0, 82.99
2026/10/09 03:40:15.883, 3, 8, 97871, 0, 93.07
2026/10/09 03:40:16.883, 0, 12, 97871, 0, 98.96
2026/10/09 03:40:16.883, 1, 9, 97871, 0, 97.22
2026/10/09 03:40:16.883, 2, 9, 97871, 0, 83.05
2026/10/09 03:40:16.883, 3, 8, 97871, 0, 92.63
2026/10/09 03:40:17.883, 0, 12, 97871, 0, 98.99
2026/10/09 03:40:17.883, 1, 9, 97871, 0, 97.37
2026/10/09 03:40:17.883, 2, 9, 97871, 0, 83.27
2026/10/09 03:40:17.883, 3, 8, 97871, 0, 92.74
2026/10/09 03:40:18.884, 0, 12, 97871, 0, 99.05
2026/10/09 03:40:18.884, 1, 9, 97871, 0, 97.37
2026/10/09 03:40:18.884, 2, 9, 97871, 0, 83.27
2026/10/09 03:40:18.884, 3, 8, 97871, 0, 92.48
2026/10/09 03:40:19.884, 0, 12, 97871, 0, 98.99
2026/10/09 03:40:19.884, 1, 9, 97871, 0, 97.45
2026/10/09 03:40:19.884, 2, 9, 97871, 0, 83.24
2026/10/09 03:40:19.884, 3, 8, 97871, 0, 92.89
2026/10/09 03:40:20.884, 0, 12, 97871, 0, 99.45
2026/10/09 03:40:20.884, 1, 9, 97871, 0, 97.66
2026/10/09 03:40:20.884, 2, 9, 97871, 0, 83.48
2026/10/09 03:40:20.884, 3, 8, 97871, 0, 92.91
2026/10/09 03:40:21.884, 0, 12, 97871, 0, 99.19
2026/10/09 03:40:21.884, 1, 9, 97871, 0, 97.31
2026/10/09 03:40:21.884, 2, 9, 97871, 0, 83.31
2026/10/09 03:40:21.885, 3, 8, 97871, 0, 92.63
2026/10/09 03:40:22.885, 0, 12, 97871, 0, 99.13
2026/10/09 03:40:22.885, 1, 9, 97871, 0, 97.37
2026/10/09 03:40:22.885, 2, 9, 97871, 0, 83.52
2026/10/09 03:40:22.885, 3, 8, 97871, 0, 92.84
2026/10/09 03:40:23.885, 0, 12, 97871, 0, 98.95
2026/10/09 03:40:23.920, 1, 9, 97871, 0, 97.20
2026/10/09 03:40:23.965, 2, 9, 97871, 0, 83.20
2026/10/09 03:40:24.132, 3, 8, 97871, 0, 92.53
2026/10/09 03:40:25.159, 0, 12, 97871, 0, 98.92
2026/10/09 03:40:25.199, 1, 9, 97871, 0, 97.36
2026/10/09 03:40:25.243, 2, 9, 97871, 0, 83.25
2026/10/09 03:40:25.288, 3, 8, 97871, 0, 92.45
2026/10/09 03:40:26.334, 0, 12, 97871, 0, 98.94
2026/10/09 03:40:26.334, 1, 9, 97871, 0, 97.42
2026/10/09 03:40:26.334, 2, 9, 97871, 0, 83.27
2026/10/09 03:40:26.334, 3, 8, 97871, 0, 92.71
2026/10/09 03:40:27.334, 0, 12, 97871, 0, 98.97
2026/10/09 03:40:27.334, 1, 9, 97871, 0, 97.34
2026/10/09 03:40:27.334, 2, 9, 97871, 0, 83.25
2026/10/09 03:40:27.334, 3, 8, 97871, 0, 93.07
2026/10/09 03:40:28.334, 0, 12, 97871, 0, 99.04
2026/10/09 03:40:28.335, 1, 9, 97871, 0, 97.35
2026/10/09 03:40:28.335, 2, 9, 97871, 0, 83.33
2026/10/09 03:40:28.335, 3, 8, 97871, 0, 93.33
2026/10/09 03:40:29.335, 0, 12, 97871, 0, 99.21
2026/10/09 03:40:29.335, 1, 9, 97871, 0, 97.37
2026/10/09 03:40:29.335, 2, 9, 97871, 0, 83.19
2026/10/09 03:40:29.335, 3, 8, 97871, 0, 93.10
2026/10/09 03:40:30.335, 0, 12, 97871, 0, 99.04
2026/10/09 03:40:30.358, 1, 9, 97871, 0, 97.31
2026/10/09 03:40:30.403, 2, 9, 97871, 0, 83.36
2026/10/09 03:40:30.448, 3, 8, 97871, 0, 93.26
2026/10/09 03:40:31.496, 0, 12, 97871, 0, 98.90
2026/10/09 03:40:31.496, 1, 9, 97871, 0, 97.26
2026/10/09 03:40:31.496, 2, 9, 97871, 0, 83.18
2026/10/09 03:40:31.496, 3, 8, 97871, 0, 92.97
2026/10/09 03:40:32.496, 0, 12, 97871, 0, 99.13
2026/10/09 03:40:32.496, 1, 9, 97871, 0, 97.22
2026/10/09 03:40:32.496, 2, 9, 97871, 0, 83.15
2026/10/09 03:40:32.496, 3, 8, 97871, 0, 93.35
2026/10/09 03:40:33.496, 0, 12, 97871, 0, 98.89
2026/10/09 03:40:33.496, 1, 9, 97871, 0, 97.32
2026/10/09 03:40:33.496, 2, 9, 97871, 0, 83.32
2026/10/09 03:40:33.496, 3, 8, 97871, 0, 93.40
2026/10/09 03:40:34.497, 0, 12, 97871, 0, 99.03
2026/10/09 03:40:34.497, 1, 9, 97871, 0, 97.28
2026/10/09 03:40:34.497, 2, 9, 97871, 0, 83.15
2026/10/09 03:40:34.497, 3, 8, 97871, 0, 93.18
2026/10/09 03:40:35.497, 0, 12, 97871, 0, 99.21
2026/10/09 03:40:35.497, 1, 9, 97871, 0, 97.37
2026/10/09 03:40:35.497, 2, 9, 97871, 0, 83.15
2026/10/09 03:40:35.497, 3, 8, 97871, 0, 92.63
2026/10/09 03:40:36.497, 0, 12, 97871, 0, 99.21
2026/10/09 03:40:36.497, 1, 9, 97871, 0, 97.45
2026/10/09 03:40:36.497, 2, 9, 97871, 0, 83.22
2026/10/09 03:40:36.497, 3, 8, 97871, 0, 92.80
2026/10/09 03:40:37.497, 0, 12, 97871, 0, 99.17
2026/10/09 03:40:37.497, 1, 9, 97871, 0, 97.40
2026/10/09 03:40:37.497, 2, 9, 97871, 0, 83.14
2026/10/09 03:40:37.497, 3, 8, 97871, 0, 92.67
2026/10/09 03:40:38.497, 0, 12, 97871, 0, 99.26
2026/10/09 03:40:38.498, 1, 9, 97871, 0, 97.40
2026/10/09 03:40:38.498, 2, 9, 97871, 0, 83.06
2026/10/09 03:40:38.498, 3, 8, 97871, 0, 92.81
2026/10/09 03:40:39.498, 0, 12, 97871, 0, 99.23
2026/10/09 03:40:39.498, 1, 9, 97871, 0, 97.42
2026/10/09 03:40:39.498, 2, 9, 97871, 0, 83.23
2026/10/09 03:40:39.498, 3, 8, 97871, 0, 92.71
2026/10/09 03:40:40.498, 0, 12, 97871, 0, 99.03
2026/10/09 03:40:40.498, 1, 9, 97871, 0, 97.50
2026/10/09 03:40:40.498, 2, 9, 97871, 0, 83.23
2026/10/09 03:40:40.498, 3, 8, 97871, 0, 92.77
2026/10/09 03:40:41.498, 0, 12, 97871, 0, 99.21
2026/10/09 03:40:41.498, 1, 9, 97871, 0, 97.35
2026/10/09 03:40:41.498, 2, 9, 97871, 0, 83.06
2026/10/09 03:40:41.498, 3, 8, 97871, 0, 92.90
2026/10/09 03:40:42.498, 0, 12, 97871, 0, 98.95
2026/10/09 03:40:42.498, 1, 9, 97871, 0, 97.33
2026/10/09 03:40:42.498, 2, 9, 97871, 0, 83.13
2026/10/09 03:40:42.499, 3, 8, 97871, 0, 93.16
2026/10/09 03:40:43.499, 0, 12, 97871, 0, 99.03
2026/10/09 03:40:43.499, 1, 9, 97871, 0, 97.30
2026/10/09 03:40:43.499, 2, 9, 97871, 0, 83.38
2026/10/09 03:40:43.499, 3, 8, 97871, 0, 93.50
2026/10/09 03:40:44.499, 0, 12, 97871, 0, 99.04
2026/10/09 03:40:44.499, 1, 9, 97871, 0, 97.59
2026/10/09 03:40:44.499, 2, 9, 97871, 0, 83.43
2026/10/09 03:40:44.499, 3, 8, 97871, 0, 93.30
2026/10/09 03:40:45.499, 0, 12, 97871, 0, 98.89
2026/10/09 03:40:45.499, 1, 9, 97871, 0, 97.23
2026/10/09 03:40:45.499, 2, 9, 97871, 0, 83.42
2026/10/09 03:40:45.499, 3, 8, 97871, 0, 92.97
2026/10/09 03:40:46.499, 0, 12, 97871, 0, 98.99
2026/10/09 03:40:46.500, 1, 9, 97871, 0, 97.29
2026/10/09 03:40:46.500, 2, 9, 97871, 0, 83.35
2026/10/09 03:40:46.500, 3, 8, 97871, 0, 93.20
2026/10/09 03:40:47.500, 0, 12, 97871, 0, 98.81
2026/10/09 03:40:47.500, 1, 9, 97871, 0, 97.24
2026/10/09 03:40:47.500, 2, 9, 97871, 0, 83.22
2026/10/09 03:40:47.500, 3, 8, 97871, 0, 93.01
2026/10/09 03:40:48.500, 0, 12, 97871, 0, 99.23
2026/10/09 03:40:48.500, 1, 9, 97871, 0, 97.72
2026/10/09 03:40:48.500, 2, 9, 97871, 0, 83.45
2026/10/09 03:40:48.500, 3, 8, 97871, 0, 93.28
2026/10/09 03:40:49.500, 0, 12, 97871, 0, 99.16
2026/10/09 03:40:49.500, 1, 9, 97871, 0, 97.83
2026/10/09 03:40:49.500, 2, 9, 97871, 0, 83.29
2026/10/09 03:40:49.500, 3, 8, 97871, 0, 92.85
2026/10/09 03:40:50.501, 0, 12, 97871, 0, 99.12
2026/10/09 03:40:50.501, 1, 9, 97871, 0, 97.58
2026/10/09 03:40:50.501, 2, 9, 97871, 0, 83.39
2026/10/09 03:40:50.501, 3, 8, 97871, 0, 93.26
2026/10/09 03:40:51.501, 0, 12, 97871, 0, 99.16
2026/10/09 03:40:51.501, 1, 9, 97871, 0, 97.66
2026/10/09 03:40:51.501, 2, 9, 97871, 0, 83.32
2026/10/09 03:40:51.501, 3, 8, 97871, 0, 93.45
2026/10/09 03:40:52.501, 0, 12, 97871, 0, 99.08
2026/10/09 03:40:52.585, 1, 9, 97871, 0, 97.19
2026/10/09 03:40:52.586, 2, 9, 97871, 0, 83.24
2026/10/09 03:40:52.586, 3, 8, 97871, 0, 92.98
2026/10/09 03:40:53.587, 0, 12, 97871, 0, 98.91
2026/10/09 03:40:53.747, 1, 9, 97871, 0, 97.23
2026/10/09 03:40:53.796, 2, 9, 97871, 0, 83.20
2026/10/09 03:40:53.796, 3, 8, 97871, 0, 92.29
2026/10/09 03:40:54.796, 0, 12, 97871, 0, 98.91
2026/10/09 03:40:54.796, 1, 9, 97871, 0, 97.38
2026/10/09 03:40:54.796, 2, 9, 97871, 0, 83.17
2026/10/09 03:40:54.796, 3, 8, 97871, 0, 92.70
2026/10/09 03:40:55.797, 0, 12, 97871, 0, 99.01
2026/10/09 03:40:55.810, 1, 9, 97871, 0, 97.24
2026/10/09 03:40:55.810, 2, 9, 97871, 0, 83.16
2026/10/09 03:40:55.810, 3, 8, 97871, 0, 93.00
2026/10/09 03:40:56.811, 0, 12, 97871, 0, 99.08
2026/10/09 03:40:56.811, 1, 9, 97871, 0, 97.20
2026/10/09 03:40:56.811, 2, 9, 97871, 0, 83.22
2026/10/09 03:40:56.811, 3, 8, 97871, 0, 93.15
2026/10/09 03:40:57.811, 0, 12, 97871, 0, 99.06
2026/10/09 03:40:57.811, 1, 9, 97871, 0, 97.24
2026/10/09 03:40:57.811, 2, 9, 97871, 0, 83.31
2026/10/09 03:40:57.811, 3, 8, 97871, 0, 93.29
2026/10/09 03:40:58.812, 0, 12, 97871, 0, 99.24
2026/10/09 03:40:58.812, 1, 9, 97871, 0, 97.64
2026/10/09 03:40:58.812, 2, 9, 97871, 0, 83.29
2026/10/09 03:40:58.812, 3, 8, 97871, 0, 93.62
2026/10/09 03:40:59.812, 0, 12, 97871, 0, 99.01
2026/10/09 03:40:59.812, 1, 9, 97871, 0, 97.32
2026/10/09 03:40:59.812, 2, 9, 97871, 0, 83.38
2026/10/09 03:40:59.812, 3, 8, 97871, 0, 93.48
2026/10/09 03:41:00.812, 0, 12, 97871, 0, 99.15
2026/10/09 03:41:00.812, 1, 9, 97871, 0, 97.28
2026/10/09 03:41:00.812, 2, 9, 97871, 0, 83.19
2026/10/09 03:41:00.812, 3, 8, 97871, 0, 92.98
2026/10/09 03:41:01.812, 0, 12, 97871, 0, 99.50
2026/10/09 03:41:01.813, 1, 9, 97871, 0, 97.79
2026/10/09 03:41:01.813, 2, 9, 97871, 0, 83.41
2026/10/09 03:41:01.813, 3, 8, 97871, 0, 93.55
2026/10/09 03:41:02.813, 0, 12, 97871, 0, 99.37
2026/10/09 03:41:02.813, 1, 9, 97871, 0, 97.60
2026/10/09 03:41:02.813, 2, 9, 97871, 0, 83.28
2026/10/09 03:41:02.813, 3, 8, 97871, 0, 93.21
2026/10/09 03:41:03.813, 0, 12, 97871, 0, 99.38
2026/10/09 03:41:03.813, 1, 9, 97871, 0, 97.74
2026/10/09 03:41:03.813, 2, 9, 97871, 0, 83.29
2026/10/09 03:41:03.813, 3, 8, 97871, 0, 93.10
2026/10/09 03:41:04.813, 0, 12, 97871, 0, 99.15
2026/10/09 03:41:04.813, 1, 9, 97871, 0, 97.43
2026/10/09 03:41:04.813, 2, 9, 97871, 0, 83.48
2026/10/09 03:41:04.813, 3, 8, 97871, 0, 93.09
2026/10/09 03:41:05.813, 0, 12, 97871, 0, 99.26
2026/10/09 03:41:05.924, 1, 9, 97871, 0, 97.14
2026/10/09 03:41:06.017, 2, 9, 97871, 0, 83.35
2026/10/09 03:41:06.134, 3, 8, 97871, 0, 93.10
2026/10/09 03:41:07.134, 0, 12, 97871, 0, 98.97
2026/10/09 03:41:07.162, 1, 9, 97871, 0, 97.18
2026/10/09 03:41:07.208, 2, 9, 97871, 0, 83.40
2026/10/09 03:41:07.348, 3, 8, 97871, 0, 92.34
2026/10/09 03:41:08.418, 0, 12, 97871, 0, 99.03
2026/10/09 03:41:08.418, 1, 9, 97871, 0, 97.23
2026/10/09 03:41:08.419, 2, 9, 97871, 0, 83.22
2026/10/09 03:41:08.419, 3, 8, 97871, 0, 92.69
2026/10/09 03:41:09.419, 0, 12, 97871, 0, 99.02
2026/10/09 03:41:09.471, 1, 9, 97871, 0, 97.10
2026/10/09 03:41:09.472, 2, 9, 97871, 0, 83.43
2026/10/09 03:41:09.472, 3, 8, 97871, 0, 92.89
2026/10/09 03:41:10.476, 0, 12, 97871, 0, 98.98
2026/10/09 03:41:10.476, 1, 9, 97871, 0, 97.18
2026/10/09 03:41:10.476, 2, 9, 97871, 0, 83.37
2026/10/09 03:41:10.476, 3, 8, 97871, 0, 93.23
2026/10/09 03:41:11.476, 0, 12, 97871, 0, 99.21
2026/10/09 03:41:11.476, 1, 9, 97871, 0, 97.04
2026/10/09 03:41:11.476, 2, 9, 97871, 0, 83.30
2026/10/09 03:41:11.476, 3, 8, 97871, 0, 93.28
2026/10/09 03:41:12.476, 0, 12, 97871, 0, 99.30
2026/10/09 03:41:12.476, 1, 9, 97871, 0, 97.37
2026/10/09 03:41:12.476, 2, 9, 97871, 0, 83.54
2026/10/09 03:41:12.476, 3, 8, 97871, 0, 93.60
2026/10/09 03:41:13.476, 0, 12, 97871, 0, 98.96
2026/10/09 03:41:13.476, 1, 9, 97871, 0, 97.14
2026/10/09 03:41:13.476, 2, 9, 97871, 0, 83.32
2026/10/09 03:41:13.476, 3, 8, 97871, 0, 93.47
2026/10/09 03:41:14.477, 0, 12, 97871, 0, 99.37
2026/10/09 03:41:14.477, 1, 9, 97871, 0, 97.61
2026/10/09 03:41:14.477, 2, 9, 97871, 0, 83.68
2026/10/09 03:41:14.477, 3, 8, 97871, 0, 93.68
2026/10/09 03:41:15.477, 0, 12, 97871, 0, 99.54
2026/10/09 03:41:15.477, 1, 9, 97871, 0, 97.56
2026/10/09 03:41:15.477, 2, 9, 97871, 0, 83.32
2026/10/09 03:41:15.477, 3, 8, 97871, 0, 93.51
2026/10/09 03:41:16.477, 0, 12, 97871, 0, 99.46
2026/10/09 03:41:16.478, 1, 9, 97871, 0, 97.52
2026/10/09 03:41:16.478, 2, 9, 97871, 0, 83.30
2026/10/09 03:41:16.478, 3, 8, 97871, 0, 93.18
2026/10/09 03:41:17.478, 0, 12, 97871, 0, 99.29
2026/10/09 03:41:17.478, 1, 9, 97871, 0, 97.25
2026/10/09 03:41:17.478, 2, 9, 97871, 0, 83.29
2026/10/09 03:41:17.478, 3, 8, 97871, 0, 93.88
2026/10/09 03:41:18.478, 0, 12, 97871, 0, 98.89
2026/10/09 03:41:18.478, 1, 9, 97871, 0, 97.16
2026/10/09 03:41:18.478, 2, 9, 97871, 0, 83.30
2026/10/09 03:41:18.478, 3, 8, 97871, 0, 93.67
2026/10/09 03:41:19.478, 0, 12, 97871, 0, 99.01
2026/10/09 03:41:19.479, 1, 9, 97871, 0, 97.11
2026/10/09 03:41:19.479, 2, 9, 97871, 0, 83.40
2026/10/09 03:41:19.479, 3, 8, 97871, 0, 93.69
2026/10/09 03:41:20.479, 0, 12, 97871, 0, 98.95
2026/10/09 03:41:20.479, 1, 9, 97871, 0, 97.26
2026/10/09 03:41:20.479, 2, 9, 97871, 0, 83.25
2026/10/09 03:41:20.479, 3, 8, 97871, 0, 93.59
2026/10/09 03:41:21.479, 0, 12, 97871, 0, 98.86
2026/10/09 03:41:21.479, 1, 9, 97871, 0, 97.06
2026/10/09 03:41:21.479, 2, 9, 97871, 0, 83.24
2026/10/09 03:41:21.479, 3, 8, 97871, 0, 93.75
2026/10/09 03:41:22.479, 0, 12, 97871, 0, 98.88
2026/10/09 03:41:22.479, 1, 9, 97871, 0, 97.15
2026/10/09 03:41:22.479, 2, 9, 97871, 0, 83.33
2026/10/09 03:41:22.479, 3, 8, 97871, 0, 93.80
2026/10/09 03:41:23.479, 0, 12, 97871, 0, 99.00
2026/10/09 03:41:23.479, 1, 9, 97871, 0, 97.08
2026/10/09 03:41:23.479, 2, 9, 97871, 0, 83.22
2026/10/09 03:41:23.479, 3, 8, 97871, 0, 93.63
2026/10/09 03:41:24.479, 0, 12, 97871, 0, 99.13
2026/10/09 03:41:24.480, 1, 9, 97871, 0, 97.17
2026/10/09 03:41:24.480, 2, 9, 97871, 0, 83.52
2026/10/09 03:41:24.480, 3, 8, 97871, 0, 93.70
2026/10/09 03:41:25.480, 0, 12, 97871, 0, 98.88
2026/10/09 03:41:25.480, 1, 9, 97871, 0, 97.19
2026/10/09 03:41:25.480, 2, 9, 97871, 0, 83.28
2026/10/09 03:41:25.480, 3, 8, 97871, 0, 93.48
2026/10/09 03:41:26.480, 0, 12, 97871, 0, 98.92
2026/10/09 03:41:26.480, 1, 9, 97871, 0, 97.11
2026/10/09 03:41:26.480, 2, 9, 97871, 0, 83.21
2026/10/09 03:41:26.480, 3, 8, 97871, 0, 93.70
2026/10/09 03:41:27.480, 0, 12, 97871, 0, 98.94
2026/10/09 03:41:27.480, 1, 9, 97871, 0, 97.20
2026/10/09 03:41:27.480, 2, 9, 97871, 0, 83.29
2026/10/09 03:41:27.480, 3, 8, 97871, 0, 93.56
2026/10/09 03:41:28.480, 0, 12, 97871, 0, 98.95
2026/10/09 03:41:28.480, 1, 9, 97871, 0, 96.97
2026/10/09 03:41:28.480, 2, 9, 97871, 0, 83.38
2026/10/09 03:41:28.480, 3, 8, 97871, 0, 93.29
2026/10/09 03:41:29.480, 0, 12, 97871, 0, 98.91
2026/10/09 03:41:29.481, 1, 9, 97871, 0, 97.07
2026/10/09 03:41:29.481, 2, 9, 97871, 0, 83.32
2026/10/09 03:41:29.481, 3, 8, 97871, 0, 93.60
2026/10/09 03:41:30.481, 0, 12, 97871, 0, 98.82
2026/10/09 03:41:30.481, 1, 9, 97871, 0, 97.02
2026/10/09 03:41:30.481, 2, 9, 97871, 0, 83.19
2026/10/09 03:41:30.481, 3, 8, 97871, 0, 93.46
2026/10/09 03:41:31.481, 0, 12, 97871, 0, 98.83
2026/10/09 03:41:31.481, 1, 9, 97871, 0, 97.04
2026/10/09 03:41:31.481, 2, 9, 97871, 0, 83.17
2026/10/09 03:41:31.481, 3, 8, 97871, 0, 93.59
2026/10/09 03:41:32.481, 0, 12, 97871, 0, 98.81
2026/10/09 03:41:32.481, 1, 9, 97871, 0, 97.09
2026/10/09 03:41:32.481, 2, 9, 97871, 0, 83.21
2026/10/09 03:41:32.481, 3, 8, 97871, 0, 93.54
2026/10/09 03:41:33.481, 0, 12, 97871, 0, 98.84
2026/10/09 03:41:33.481, 1, 9, 97871, 0, 97.03
2026/10/09 03:41:33.481, 2, 9, 97871, 0, 83.17
2026/10/09 03:41:33.481, 3, 8, 97871, 0, 93.40
2026/10/09 03:41:34.482, 0, 12, 97871, 0, 98.87
2026/10/09 03:41:34.482, 1, 9, 97871, 0, 97.02
2026/10/09 03:41:34.482, 2, 9, 97871, 0, 83.12
2026/10/09 03:41:34.482, 3, 8, 97871, 0, 93.64
2026/10/09 03:41:35.482, 0, 12, 97871, 0, 98.83
2026/10/09 03:41:35.482, 1, 9, 97871, 0, 97.11
2026/10/09 03:41:35.482, 2, 9, 97871, 0, 83.28
2026/10/09 03:41:35.482, 3, 8, 97871, 0, 93.64
2026/10/09 03:41:36.482, 0, 12, 97871, 0, 98.79
2026/10/09 03:41:36.482, 1, 9, 97871, 0, 97.17
2026/10/09 03:41:36.482, 2, 9, 97871, 0, 83.08
2026/10/09 03:41:36.482, 3, 8, 97871, 0, 93.38
2026/10/09 03:41:37.482, 0, 12, 97871, 0, 99.00
2026/10/09 03:41:37.482, 1, 9, 97871, 0, 97.16
2026/10/09 03:41:37.482, 2, 9, 97871, 0, 83.43
2026/10/09 03:41:37.482, 3, 8, 97871, 0, 93.60
2026/10/09 03:41:38.482, 0, 12, 97871, 0, 98.84
2026/10/09 03:41:38.482, 1, 9, 97871, 0, 97.04
2026/10/09 03:41:38.482, 2, 9, 97871, 0, 83.29
2026/10/09 03:41:38.482, 3, 8, 97871, 0, 93.25
2026/10/09 03:41:39.482, 0, 12, 97871, 0, 98.90
2026/10/09 03:41:39.482, 1, 9, 97871, 0, 97.00
2026/10/09 03:41:39.483, 2, 9, 97871, 0, 83.20
2026/10/09 03:41:39.483, 3, 8, 97871, 0, 93.56
2026/10/09 03:41:40.483, 0, 12, 97871, 0, 98.79
2026/10/09 03:41:40.483, 1, 9, 97871, 0, 96.98
2026/10/09 03:41:40.483, 2, 9, 97871, 0, 83.24
2026/10/09 03:41:40.483, 3, 8, 97871, 0, 93.63
2026/10/09 03:41:41.483, 0, 12, 97871, 0, 98.89
2026/10/09 03:41:41.483, 1, 9, 97871, 0, 97.00
2026/10/09 03:41:41.483, 2, 9, 97871, 0, 83.12
2026/10/09 03:41:41.483, 3, 8, 97871, 0, 93.52
2026/10/09 03:41:42.483, 0, 12, 97871, 0, 98.86
2026/10/09 03:41:42.483, 1, 9, 97871, 0, 96.96
2026/10/09 03:41:42.483, 2, 9, 97871, 0, 83.15
2026/10/09 03:41:42.483, 3, 8, 97871, 0, 93.59
2026/10/09 03:41:43.483, 0, 12, 97871, 0, 98.87
2026/10/09 03:41:43.483, 1, 9, 97871, 0, 96.91
2026/10/09 03:41:43.483, 2, 9, 97871, 0, 83.05
2026/10/09 03:41:43.483, 3, 8, 97871, 0, 93.39
2026/10/09 03:41:44.483, 0, 12, 97871, 0, 98.79
2026/10/09 03:41:44.483, 1, 9, 97871, 0, 96.97
2026/10/09 03:41:44.483, 2, 9, 97871, 0, 83.06
2026/10/09 03:41:44.483, 3, 8, 97871, 0, 93.53
2026/10/09 03:41:45.484, 0, 12, 97871, 0, 98.78
2026/10/09 03:41:45.484, 1, 9, 97871, 0, 97.07
2026/10/09 03:41:45.484, 2, 9, 97871, 0, 83.01
2026/10/09 03:41:45.484, 3, 8, 97871, 0, 93.30
2026/10/09 03:41:46.484, 0, 12, 97871, 0, 98.79
2026/10/09 03:41:46.484, 1, 9, 97871, 0, 97.03
2026/10/09 03:41:46.484, 2, 9, 97871, 0, 82.89
2026/10/09 03:41:46.484, 3, 8, 97871, 0, 93.39
2026/10/09 03:41:47.484, 0, 12, 97871, 0, 98.87
2026/10/09 03:41:47.484, 1, 9, 97871, 0, 96.97
2026/10/09 03:41:47.484, 2, 9, 97871, 0, 83.13
2026/10/09 03:41:47.484, 3, 8, 97871, 0, 93.57
2026/10/09 03:41:48.484, 0, 12, 97871, 0, 98.89
2026/10/09 03:41:48.484, 1, 9, 97871, 0, 97.07
2026/10/09 03:41:48.484, 2, 9, 97871, 0, 83.33
2026/10/09 03:41:48.484, 3, 8, 97871, 0, 93.43
2026/10/09 03:41:49.484, 0, 12, 97871, 0, 98.85
2026/10/09 03:41:49.484, 1, 9, 97871, 0, 96.97
2026/10/09 03:41:49.484, 2, 9, 97871, 0, 83.14
2026/10/09 03:41:49.484, 3, 8, 97871, 0, 93.61
2026/10/09 03:41:50.484, 0, 12, 97871, 0, 98.82
2026/10/09 03:41:50.485, 1, 9, 97871, 0, 96.98
2026/10/09 03:41:50.485, 2, 9, 97871, 0, 83.23
2026/10/09 03:41:50.485, 3, 8, 97871, 0, 93.56
2026/10/09 03:41:51.485, 0, 12, 97871, 0, 98.84
2026/10/09 03:41:51.485, 1, 9, 97871, 0, 96.97
2026/10/09 03:41:51.485, 2, 9, 97871, 0, 83.25
2026/10/09 03:41:51.485, 3, 8, 97871, 0, 93.44
2026/10/09 03:41:52.485, 0, 12, 97871, 0, 98.77
2026/10/09 03:41:52.485, 1, 9, 97871, 0, 96.84
2026/10/09 03:41:52.485, 2, 9, 97871, 0, 83.25
2026/10/09 03:41:52.485, 3, 8, 97871, 0, 93.49
2026/10/09 03:41:53.485, 0, 12, 97871, 0, 98.72
2026/10/09 03:41:53.485, 1, 9, 97871, 0, 96.95
2026/10/09 03:41:53.485, 2, 9, 97871, 0, 83.27
2026/10/09 03:41:53.485, 3, 8, 97871, 0, 93.22
2026/10/09 03:41:54.485, 0, 12, 97871, 0, 98.84
2026/10/09 03:41:54.485, 1, 9, 97871, 0, 96.90
2026/10/09 03:41:54.485, 2, 9, 97871, 0, 83.33
2026/10/09 03:41:54.485, 3, 8, 97871, 0, 93.57
2026/10/09 03:41:55.485, 0, 12, 97871, 0, 98.87
2026/10/09 03:41:55.485, 1, 9, 97871, 0, 96.94
2026/10/09 03:41:55.485, 2, 9, 97871, 0, 83.26
2026/10/09 03:41:55.486, 3, 8, 97871, 0, 93.53
2026/10/09 03:41:56.486, 0, 12, 97871, 0, 98.87
2026/10/09 03:41:56.486, 1, 9, 97871, 0, 97.03
2026/10/09 03:41:56.486, 2, 9, 97871, 0, 83.44
2026/10/09 03:41:56.486, 3, 8, 97871, 0, 93.49
2026/10/09 03:41:57.486, 0, 12, 97871, 0, 98.91
2026/10/09 03:41:57.486, 1, 9, 97871, 0, 97.04
2026/10/09 03:41:57.486, 2, 9, 97871, 0, 83.40
2026/10/09 03:41:57.486, 3, 8, 97871, 0, 93.63
2026/10/09 03:41:58.486, 0, 12, 97871, 0, 98.95
2026/10/09 03:41:58.486, 1, 9, 97871, 0, 97.03
2026/10/09 03:41:58.486, 2, 9, 97871, 0, 83.33
2026/10/09 03:41:58.486, 3, 8, 97871, 0, 93.38
2026/10/09 03:41:59.486, 0, 12, 97871, 0, 98.91
2026/10/09 03:41:59.486, 1, 9, 97871, 0, 96.99
2026/10/09 03:41:59.486, 2, 9, 97871, 0, 83.34
2026/10/09 03:41:59.486, 3, 8, 97871, 0, 93.35
2026/10/09 03:42:00.486, 0, 12, 97871, 0, 98.96
2026/10/09 03:42:00.486, 1, 9, 97871, 0, 97.02
2026/10/09 03:42:00.486, 2, 9, 97871, 0, 83.40
2026/10/09 03:42:00.486, 3, 8, 97871, 0, 93.61
2026/10/09 03:42:01.487, 0, 12, 97871, 0, 98.89
2026/10/09 03:42:01.493, 1, 9, 97871, 0, 97.03
2026/10/09 03:42:01.493, 2, 9, 97871, 0, 83.35
2026/10/09 03:42:01.493, 3, 8, 97871, 0, 93.50
2026/10/09 03:42:02.493, 0, 12, 97871, 0, 98.95
2026/10/09 03:42:02.494, 1, 9, 97871, 0, 97.39
2026/10/09 03:42:02.494, 2, 9, 97871, 0, 83.30
2026/10/09 03:42:02.494, 3, 8, 97871, 0, 93.64
2026/10/09 03:42:03.494, 0, 12, 97871, 0, 98.89
2026/10/09 03:42:03.494, 1, 9, 97871, 0, 96.94
2026/10/09 03:42:03.494, 2, 9, 97871, 0, 83.42
2026/10/09 03:42:03.494, 3, 8, 97871, 0, 92.76
2026/10/09 03:42:04.494, 0, 12, 97871, 0, 98.95
2026/10/09 03:42:04.518, 1, 9, 97871, 0, 96.99
2026/10/09 03:42:04.540, 2, 9, 97871, 0, 83.40
2026/10/09 03:42:04.586, 3, 8, 97871, 0, 92.78
2026/10/09 03:42:05.586, 0, 12, 97871, 0, 99.06
2026/10/09 03:42:05.657, 1, 9, 97871, 0, 97.16
2026/10/09 03:42:05.708, 2, 9, 97871, 0, 83.39
2026/10/09 03:42:05.710, 3, 8, 97871, 0, 93.34
2026/10/09 03:42:06.710, 0, 12, 97871, 0, 99.14
2026/10/09 03:42:06.710, 1, 9, 97871, 0, 97.35
2026/10/09 03:42:06.710, 2, 9, 97871, 0, 83.26
2026/10/09 03:42:06.710, 3, 8, 97871, 0, 93.22
2026/10/09 03:42:07.710, 0, 12, 97871, 0, 99.21
2026/10/09 03:42:07.710, 1, 9, 97871, 0, 97.30
2026/10/09 03:42:07.710, 2, 9, 97871, 0, 83.41
2026/10/09 03:42:07.710, 3, 8, 97871, 0, 93.41
2026/10/09 03:42:08.710, 0, 12, 97871, 0, 99.24
2026/10/09 03:42:08.711, 1, 9, 97871, 0, 97.01
2026/10/09 03:42:08.711, 2, 9, 97871, 0, 83.36
2026/10/09 03:42:08.711, 3, 8, 97871, 0, 93.44
2026/10/09 03:42:09.711, 0, 12, 97871, 0, 99.07
2026/10/09 03:42:09.711, 1, 9, 97871, 0, 96.96
2026/10/09 03:42:09.711, 2, 9, 97871, 0, 83.26
2026/10/09 03:42:09.711, 3, 8, 97871, 0, 93.61
2026/10/09 03:42:10.711, 0, 12, 97871, 0, 98.93
2026/10/09 03:42:10.711, 1, 9, 97871, 0, 96.92
2026/10/09 03:42:10.711, 2, 9, 97871, 0, 83.36
2026/10/09 03:42:10.712, 3, 8, 97871, 0, 93.59
2026/10/09 03:42:11.712, 0, 11, 97871, 0, 99.19
2026/10/09 03:42:11.712, 1, 9, 97871, 0, 97.54
2026/10/09 03:42:11.712, 2, 9, 97871, 0, 83.46
2026/10/09 03:42:11.712, 3, 8, 97871, 0, 94.76
2026/10/09 03:42:12.712, 0, 11, 97871, 0, 98.93
2026/10/09 03:42:12.840, 1, 9, 97871, 0, 97.14
2026/10/09 03:42:12.931, 2, 9, 97871, 0, 83.35
2026/10/09 03:42:13.099, 3, 8, 97871, 0, 94.20
2026/10/09 03:42:14.121, 0, 11, 97871, 0, 99.08
2026/10/09 03:42:14.131, 1, 9, 97871, 0, 97.12
2026/10/09 03:42:14.138, 2, 9, 97871, 0, 83.42
2026/10/09 03:42:14.138, 3, 8, 97871, 0, 94.36
2026/10/09 03:42:15.138, 0, 11, 97871, 0, 98.88
2026/10/09 03:42:15.138, 1, 9, 97871, 0, 96.89
2026/10/09 03:42:15.138, 2, 9, 97871, 0, 83.44
2026/10/09 03:42:15.138, 3, 3024, 97871, 0, 114.06
2026/10/09 03:42:16.139, 0, 11, 97871, 0, 98.86
2026/10/09 03:42:16.139, 1, 9, 97871, 0, 96.97
2026/10/09 03:42:16.139, 2, 9, 97871, 0, 83.41
2026/10/09 03:42:16.139, 3, 3344, 97871, 0, 138.94
2026/10/09 03:42:17.139, 0, 14, 97871, 0, 98.90
2026/10/09 03:42:17.153, 1, 9, 97871, 0, 96.87
2026/10/09 03:42:17.189, 2, 9, 97871, 0, 83.40
2026/10/09 03:42:17.475, 3, 3880, 97871, 0, 137.85
2026/10/09 03:42:18.476, 0, 14, 97871, 0, 130.65
2026/10/09 03:42:18.520, 1, 11, 97871, 0, 104.93
2026/10/09 03:42:18.522, 2, 12, 97871, 0, 83.38
2026/10/09 03:42:18.543, 3, 10240, 97871, 0, 138.06
2026/10/09 03:42:19.564, 0, 3349, 97871, 0, 145.85
2026/10/09 03:42:19.564, 1, 3346, 97871, 0, 145.99
2026/10/09 03:42:19.564, 2, 3346, 97871, 1, 109.46
2026/10/09 03:42:19.564, 3, 16480, 97871, 0, 138.43
2026/10/09 03:42:20.564, 0, 20761, 97871, 2, 146.64
2026/10/09 03:42:20.564, 1, 20758, 97871, 0, 145.63
2026/10/09 03:42:20.565, 2, 20758, 97871, 5, 131.25
2026/10/09 03:42:20.565, 3, 20756, 97871, 3, 139.24
2026/10/09 03:42:21.565, 0, 20761, 97871, 4, 145.53
2026/10/09 03:42:21.565, 1, 20758, 97871, 4, 144.21
2026/10/09 03:42:21.565, 2, 20758, 97871, 3, 130.13
2026/10/09 03:42:21.565, 3, 20756, 97871, 1, 141.18
2026/10/09 03:42:22.565, 0, 20761, 97871, 3, 146.38
2026/10/09 03:42:22.565, 1, 20758, 97871, 2, 144.89
2026/10/09 03:42:22.565, 2, 20758, 97871, 2, 130.20
2026/10/09 03:42:22.566, 3, 20756, 97871, 1, 141.68
2026/10/09 03:42:23.566, 0, 20761, 97871, 9, 146.18
2026/10/09 03:42:23.566, 1, 20758, 97871, 11, 145.61
2026/10/09 03:42:23.566, 2, 20758, 97871, 11, 130.55
2026/10/09 03:42:23.566, 3, 20756, 97871, 2, 145.61
2026/10/09 03:42:24.566, 0, 23417, 97871, 3, 145.46
2026/10/09 03:42:24.566, 1, 23414, 97871, 1, 145.09
2026/10/09 03:42:24.566, 2, 23413, 97871, 4, 130.12
2026/10/09 03:42:24.566, 3, 23172, 97871, 2, 142.32
2026/10/09 03:42:25.567, 0, 19639, 97871, 0, 145.57
2026/10/09 03:42:25.567, 1, 19660, 97871, 0, 144.77
2026/10/09 03:42:25.567, 2, 19651, 97871, 0, 129.84
2026/10/09 03:42:25.567, 3, 25056, 97871, 0, 140.46
2026/10/09 03:42:26.567, 0, 19639, 97871, 0, 144.71
2026/10/09 03:42:26.567, 1, 19660, 97871, 0, 144.06
2026/10/09 03:42:26.567, 2, 19651, 97871, 0, 128.96
2026/10/09 03:42:26.567, 3, 25056, 97871, 0, 138.48
2026/10/09 03:42:27.567, 0, 19639, 97871, 0, 144.42
2026/10/09 03:42:27.567, 1, 19660, 97871, 0, 144.00
2026/10/09 03:42:27.567, 2, 19651, 97871, 0, 129.21
2026/10/09 03:42:27.567, 3, 25136, 97871, 0, 139.00
2026/10/09 03:42:28.567, 0, 19639, 97871, 0, 144.55
2026/10/09 03:42:28.567, 1, 19660, 97871, 0, 144.01
2026/10/09 03:42:28.567, 2, 19651, 97871, 0, 128.94
2026/10/09 03:42:28.567, 3, 22446, 97871, 0, 138.70
2026/10/09 03:42:29.568, 0, 19639, 97871, 0, 144.52
2026/10/09 03:42:29.568, 1, 19660, 97871, 0, 143.87
2026/10/09 03:42:29.568, 2, 19651, 97871, 0, 128.90
2026/10/09 03:42:29.568, 3, 22446, 97871, 0, 138.48
2026/10/09 03:42:30.568, 0, 19639, 97871, 0, 144.38
2026/10/09 03:42:30.568, 1, 19660, 97871, 0, 143.89
2026/10/09 03:42:30.568, 2, 19651, 97871, 0, 129.18
2026/10/09 03:42:30.568, 3, 22446, 97871, 0, 138.57
2026/10/09 03:42:31.568, 0, 19639, 97871, 0, 144.52
2026/10/09 03:42:31.568, 1, 19660, 97871, 0, 144.07
2026/10/09 03:42:31.568, 2, 19651, 97871, 0, 129.35
2026/10/09 03:42:31.568, 3, 22446, 97871, 0, 138.92
2026/10/09 03:42:32.568, 0, 19639, 97871, 0, 144.48
2026/10/09 03:42:32.568, 1, 19660, 97871, 0, 144.18
2026/10/09 03:42:32.568, 2, 19651, 97871, 0, 129.36
2026/10/09 03:42:32.569, 3, 22446, 97871, 0, 138.36
2026/10/09 03:42:33.569, 0, 19639, 97871, 0, 144.47
2026/10/09 03:42:33.569, 1, 19660, 97871, 0, 143.97
2026/10/09 03:42:33.569, 2, 19651, 97871, 0, 128.96
2026/10/09 03:42:33.569, 3, 22446, 97871, 0, 138.42
2026/10/09 03:42:34.569, 0, 19891, 97871, 92, 178.59
2026/10/09 03:42:34.569, 1, 19912, 97871, 93, 180.07
2026/10/09 03:42:34.569, 2, 19903, 97871, 0, 164.75
2026/10/09 03:42:34.569, 3, 22446, 97871, 0, 138.71
2026/10/09 03:42:35.569, 0, 19891, 97871, 0, 160.67
2026/10/09 03:42:35.569, 1, 19912, 97871, 0, 159.34
2026/10/09 03:42:35.569, 2, 19903, 97871, 0, 142.79
2026/10/09 03:42:35.569, 3, 22638, 97871, 0, 138.87
2026/10/09 03:42:36.569, 0, 20303, 97871, 0, 196.57
2026/10/09 03:42:36.570, 1, 20324, 97871, 0, 194.71
2026/10/09 03:42:36.570, 2, 20315, 97871, 1, 177.57
2026/10/09 03:42:36.570, 3, 22698, 97871, 35, 190.18
2026/10/09 03:42:37.570, 0, 20303, 97871, 0, 202.10
2026/10/09 03:42:37.570, 1, 20324, 97871, 0, 203.93
2026/10/09 03:42:37.570, 2, 20315, 97871, 37, 183.24
2026/10/09 03:42:37.570, 3, 22794, 97871, 0, 181.03
2026/10/09 03:42:38.570, 0, 20303, 97871, 0, 145.26
2026/10/09 03:42:38.570, 1, 20324, 97871, 0, 144.38
2026/10/09 03:42:38.570, 2, 20315, 97871, 0, 128.93
2026/10/09 03:42:38.570, 3, 23110, 97871, 0, 172.02
2026/10/09 03:42:39.570, 0, 20303, 97871, 0, 214.65
2026/10/09 03:42:39.570, 1, 20324, 97871, 0, 215.40
2026/10/09 03:42:39.570, 2, 20315, 97871, 0, 200.28
2026/10/09 03:42:39.570, 3, 23110, 97871, 0, 169.64
2026/10/09 03:42:40.571, 0, 20303, 97871, 0, 146.01
2026/10/09 03:42:40.571, 1, 20324, 97871, 0, 144.54
2026/10/09 03:42:40.571, 2, 20315, 97871, 0, 128.42
2026/10/09 03:42:40.571, 3, 23110, 97871, 0, 209.54
2026/10/09 03:42:41.571, 0, 20303, 97871, 0, 145.24
2026/10/09 03:42:41.571, 1, 20324, 97871, 0, 144.34
2026/10/09 03:42:41.571, 2, 20315, 97871, 0, 128.40
2026/10/09 03:42:41.571, 3, 23110, 97871, 0, 140.58
2026/10/09 03:42:42.571, 0, 20975, 97871, 99, 170.29
2026/10/09 03:42:42.571, 1, 20996, 97871, 97, 208.60
2026/10/09 03:42:42.571, 2, 20987, 97871, 33, 152.60
2026/10/09 03:42:42.571, 3, 23110, 97871, 0, 141.57
2026/10/09 03:42:43.571, 0, 20975, 97871, 0, 225.25
2026/10/09 03:42:43.571, 1, 20996, 97871, 0, 192.02
2026/10/09 03:42:43.571, 2, 20987, 97871, 0, 211.55
2026/10/09 03:42:43.571, 3, 23110, 97871, 0, 139.98
2026/10/09 03:42:44.571, 0, 20975, 97871, 41, 160.87
2026/10/09 03:42:44.571, 1, 20996, 97871, 97, 168.43
2026/10/09 03:42:44.572, 2, 20987, 97871, 0, 144.73
2026/10/09 03:42:44.572, 3, 23782, 97871, 0, 253.89
2026/10/09 03:42:45.572, 0, 20975, 97871, 0, 236.58
2026/10/09 03:42:45.572, 1, 20996, 97871, 0, 233.80
2026/10/09 03:42:45.572, 2, 20987, 97871, 0, 222.05
2026/10/09 03:42:45.572, 3, 23782, 97871, 0, 141.70
2026/10/09 03:42:46.572, 0, 20975, 97871, 0, 144.94
2026/10/09 03:42:46.572, 1, 20996, 97871, 0, 144.47
2026/10/09 03:42:46.572, 2, 20987, 97871, 0, 128.38
2026/10/09 03:42:46.572, 3, 23782, 97871, 96, 223.89
2026/10/09 03:42:47.572, 0, 20975, 97871, 99, 176.11
2026/10/09 03:42:47.572, 1, 20996, 97871, 84, 194.36
2026/10/09 03:42:47.572, 2, 20987, 97871, 56, 161.51
2026/10/09 03:42:47.572, 3, 23782, 97871, 0, 165.54
2026/10/09 03:42:48.572, 0, 20975, 97871, 0, 169.84
2026/10/09 03:42:48.572, 1, 20996, 97871, 0, 144.38
2026/10/09 03:42:48.572, 2, 20987, 97871, 0, 152.49
2026/10/09 03:42:48.572, 3, 23782, 97871, 0, 140.46
2026/10/09 03:42:49.572, 0, 20975, 97871, 0, 144.79
2026/10/09 03:42:49.573, 1, 20996, 97871, 0, 144.26
2026/10/09 03:42:49.573, 2, 20987, 97871, 0, 128.15
2026/10/09 03:42:49.573, 3, 23782, 97871, 0, 196.09
2026/10/09 03:42:50.573, 0, 20975, 97871, 0, 144.73
2026/10/09 03:42:50.573, 1, 20996, 97871, 0, 144.25
2026/10/09 03:42:50.573, 2, 20987, 97871, 0, 128.00
2026/10/09 03:42:50.573, 3, 23782, 97871, 0, 140.06
2026/10/09 03:42:51.573, 0, 22383, 97871, 89, 349.74
2026/10/09 03:42:51.573, 1, 22404, 97871, 97, 406.97
2026/10/09 03:42:51.573, 2, 22395, 97871, 93, 335.66
2026/10/09 03:42:51.573, 3, 23782, 97871, 0, 140.89
2026/10/09 03:42:52.573, 0, 22383, 97871, 0, 304.24
2026/10/09 03:42:52.573, 1, 22404, 97871, 0, 258.37
2026/10/09 03:42:52.573, 2, 22395, 97871, 0, 298.81
2026/10/09 03:42:52.573, 3, 23846, 97871, 0, 139.37
2026/10/09 03:42:53.573, 0, 22383, 97871, 0, 146.21
2026/10/09 03:42:53.573, 1, 22404, 97871, 0, 144.86
2026/10/09 03:42:53.573, 2, 22395, 97871, 0, 128.73
2026/10/09 03:42:53.574, 3, 25190, 97871, 100, 456.24
2026/10/09 03:42:54.574, 0, 24467, 97871, 0, 147.49
2026/10/09 03:42:54.574, 1, 24488, 97871, 0, 146.57
2026/10/09 03:42:54.574, 2, 24479, 97871, 0, 130.36
2026/10/09 03:42:54.574, 3, 25190, 97871, 0, 194.95
2026/10/09 03:42:55.574, 0, 24467, 97871, 0, 188.47
2026/10/09 03:42:55.574, 1, 24488, 97871, 0, 186.62
2026/10/09 03:42:55.574, 2, 24479, 97871, 0, 168.85
2026/10/09 03:42:55.574, 3, 25190, 97871, 0, 140.67
2026/10/09 03:42:56.574, 0, 24467, 97871, 20, 205.68
2026/10/09 03:42:56.574, 1, 24488, 97871, 24, 206.19
2026/10/09 03:42:56.574, 2, 24479, 97871, 0, 187.02
2026/10/09 03:42:56.574, 3, 25190, 97871, 18, 148.29
2026/10/09 03:42:57.574, 0, 24467, 97871, 0, 166.91
2026/10/09 03:42:57.574, 1, 24488, 97871, 0, 166.60
2026/10/09 03:42:57.574, 2, 24479, 97871, 0, 149.01
2026/10/09 03:42:57.574, 3, 25190, 97871, 0, 153.31
2026/10/09 03:42:58.575, 0, 24467, 97871, 0, 209.62
2026/10/09 03:42:58.575, 1, 24488, 97871, 33, 208.48
2026/10/09 03:42:58.575, 2, 24479, 97871, 92, 193.56
2026/10/09 03:42:58.575, 3, 25190, 97871, 0, 151.67
2026/10/09 03:42:59.575, 0, 24467, 97871, 37, 238.45
2026/10/09 03:42:59.575, 1, 24488, 97871, 0, 232.02
2026/10/09 03:42:59.575, 2, 24479, 97871, 0, 216.82
2026/10/09 03:42:59.575, 3, 27274, 97871, 0, 140.19
2026/10/09 03:43:00.575, 0, 24469, 97871, 1, 257.86
2026/10/09 03:43:00.575, 1, 24490, 97871, 1, 266.45
2026/10/09 03:43:00.575, 2, 24481, 97871, 0, 251.24
2026/10/09 03:43:00.575, 3, 27274, 97871, 0, 150.68
2026/10/09 03:43:01.575, 0, 24469, 97871, 0, 145.86
2026/10/09 03:43:01.575, 1, 24490, 97871, 0, 144.61
2026/10/09 03:43:01.575, 2, 24481, 97871, 0, 128.80
2026/10/09 03:43:01.575, 3, 27274, 97871, 0, 140.20
2026/10/09 03:43:02.576, 0, 77655, 97871, 17, 153.48
2026/10/09 03:43:02.576, 1, 78316, 97871, 19, 152.42
2026/10/09 03:43:02.576, 2, 79203, 97871, 14, 135.85
2026/10/09 03:43:02.576, 3, 27274, 97871, 0, 162.96
2026/10/09 03:43:03.576, 0, 75927, 97871, 12, 330.23
2026/10/09 03:43:03.576, 1, 75914, 97871, 0, 327.36
2026/10/09 03:43:03.576, 2, 75905, 97871, 0, 311.16
2026/10/09 03:43:03.576, 3, 27274, 97871, 0, 152.48
2026/10/09 03:43:04.576, 0, 75987, 97871, 16, 255.08
2026/10/09 03:43:04.576, 1, 76020, 97871, 20, 254.30
2026/10/09 03:43:04.576, 2, 76017, 97871, 22, 246.31
2026/10/09 03:43:04.576, 3, 27274, 97871, 0, 177.45
2026/10/09 03:43:05.576, 0, 76089, 97871, 12, 195.79
2026/10/09 03:43:05.576, 1, 76676, 97871, 32, 209.01
2026/10/09 03:43:05.576, 2, 76669, 97871, 16, 197.18
2026/10/09 03:43:05.576, 3, 27274, 97871, 0, 140.06
2026/10/09 03:43:06.576, 0, 76781, 97871, 27, 245.57
2026/10/09 03:43:06.577, 1, 76784, 97871, 18, 247.04
2026/10/09 03:43:06.577, 2, 76715, 97871, 21, 232.16
2026/10/09 03:43:06.577, 3, 78738, 97871, 0, 306.41
2026/10/09 03:43:07.577, 0, 76725, 97871, 18, 210.49
2026/10/09 03:43:07.577, 1, 76862, 97871, 19, 216.64
2026/10/09 03:43:07.577, 2, 76887, 97871, 22, 201.64
2026/10/09 03:43:07.577, 3, 76420, 97871, 22, 230.35
2026/10/09 03:43:08.577, 0, 76881, 97871, 0, 202.56
2026/10/09 03:43:08.577, 1, 76902, 97871, 0, 163.15
2026/10/09 03:43:08.578, 2, 76895, 97871, 0, 150.06
2026/10/09 03:43:08.578, 3, 76522, 97871, 10, 198.00
2026/10/09 03:43:09.578, 0, 76881, 97871, 0, 146.92
2026/10/09 03:43:09.578, 1, 76902, 97871, 0, 144.49
2026/10/09 03:43:09.578, 2, 76895, 97871, 0, 129.41
2026/10/09 03:43:09.578, 3, 77122, 97871, 22, 233.27
2026/10/09 03:43:10.578, 0, 77203, 97871, 0, 157.16
2026/10/09 03:43:10.578, 1, 77570, 97871, 0, 170.86
2026/10/09 03:43:10.578, 2, 77523, 97871, 0, 151.23
2026/10/09 03:43:10.578, 3, 77214, 97871, 16, 230.18
2026/10/09 03:43:11.579, 0, 77465, 97871, 0, 158.87
2026/10/09 03:43:11.579, 1, 77570, 97871, 0, 144.30
2026/10/09 03:43:11.579, 2, 77523, 97871, 0, 128.81
2026/10/09 03:43:11.579, 3, 77570, 97871, 17, 213.85
2026/10/09 03:43:12.579, 0, 77465, 97871, 0, 145.62
2026/10/09 03:43:12.579, 1, 78094, 97871, 1, 145.04
2026/10/09 03:43:12.579, 2, 78047, 97871, 0, 128.74
2026/10/09 03:43:12.579, 3, 77492, 97871, 0, 158.59
2026/10/09 03:43:13.579, 0, 78513, 97871, 1, 148.76
2026/10/09 03:43:13.579, 1, 79010, 97871, 0, 147.62
2026/10/09 03:43:13.579, 2, 78571, 97871, 4, 131.63
2026/10/09 03:43:13.579, 3, 77492, 97871, 0, 140.71
2026/10/09 03:43:14.579, 0, 79295, 97871, 0, 160.11
2026/10/09 03:43:14.579, 1, 81356, 97871, 0, 174.67
2026/10/09 03:43:14.579, 2, 80527, 97871, 0, 147.32
2026/10/09 03:43:14.579, 3, 77858, 97871, 0, 140.14
2026/10/09 03:43:15.579, 0, 79295, 97871, 0, 145.60
2026/10/09 03:43:15.580, 1, 81356, 97871, 0, 143.91
2026/10/09 03:43:15.580, 2, 80527, 97871, 0, 128.22
2026/10/09 03:43:15.580, 3, 78120, 97871, 0, 162.15
2026/10/09 03:43:16.580, 0, 79295, 97871, 0, 145.26
2026/10/09 03:43:16.580, 1, 81356, 97871, 0, 143.94
2026/10/09 03:43:16.580, 2, 80527, 97871, 0, 128.08
2026/10/09 03:43:16.580, 3, 78646, 97871, 3, 140.47
2026/10/09 03:43:17.580, 0, 79295, 97871, 0, 145.26
2026/10/09 03:43:17.580, 1, 81356, 97871, 0, 143.68
2026/10/09 03:43:17.580, 2, 80527, 97871, 0, 127.99
2026/10/09 03:43:17.580, 3, 79168, 97871, 0, 143.53
2026/10/09 03:43:18.580, 0, 79295, 97871, 16, 148.67
2026/10/09 03:43:18.580, 1, 81356, 97871, 0, 150.76
2026/10/09 03:43:18.580, 2, 80527, 97871, 12, 133.55
2026/10/09 03:43:18.580, 3, 81124, 97871, 0, 163.44
2026/10/09 03:43:19.580, 0, 79295, 97871, 0, 145.45
2026/10/09 03:43:19.580, 1, 81356, 97871, 0, 143.82
2026/10/09 03:43:19.580, 2, 80527, 97871, 0, 128.19
2026/10/09 03:43:19.581, 3, 81124, 97871, 0, 140.29
2026/10/09 03:43:20.581, 0, 79295, 97871, 2, 146.01
2026/10/09 03:43:20.581, 1, 81356, 97871, 0, 145.61
2026/10/09 03:43:20.581, 2, 80527, 97871, 3, 129.17
2026/10/09 03:43:20.581, 3, 81124, 97871, 0, 140.11
2026/10/09 03:43:21.581, 0, 79295, 97871, 0, 146.56
2026/10/09 03:43:21.581, 1, 81356, 97871, 0, 148.71
2026/10/09 03:43:21.581, 2, 80527, 97871, 0, 132.36
2026/10/09 03:43:21.581, 3, 81124, 97871, 0, 139.80
2026/10/09 03:43:22.581, 0, 79295, 97871, 0, 145.38
2026/10/09 03:43:22.581, 1, 81356, 97871, 0, 144.49
2026/10/09 03:43:22.581, 2, 80527, 97871, 0, 128.74
2026/10/09 03:43:22.581, 3, 81126, 97871, 9, 146.01
2026/10/09 03:43:23.581, 0, 79295, 97871, 0, 145.21
2026/10/09 03:43:23.581, 1, 81356, 97871, 0, 144.38
2026/10/09 03:43:23.581, 2, 80527, 97871, 0, 128.79
2026/10/09 03:43:23.581, 3, 81128, 97871, 0, 140.66
2026/10/09 03:43:24.582, 0, 79295, 97871, 0, 145.18
2026/10/09 03:43:24.582, 1, 81356, 97871, 0, 144.54
2026/10/09 03:43:24.582, 2, 80527, 97871, 0, 128.83
2026/10/09 03:43:24.582, 3, 81128, 97871, 0, 141.30
2026/10/09 03:43:25.582, 0, 79295, 97871, 0, 145.05
2026/10/09 03:43:25.582, 1, 81356, 97871, 0, 144.49
2026/10/09 03:43:25.582, 2, 80527, 97871, 0, 128.77
2026/10/09 03:43:25.582, 3, 81128, 97871, 0, 146.91
2026/10/09 03:43:26.582, 0, 79295, 97871, 0, 144.95
2026/10/09 03:43:26.582, 1, 81356, 97871, 0, 144.28
2026/10/09 03:43:26.582, 2, 80527, 97871, 0, 128.77
2026/10/09 03:43:26.582, 3, 81128, 97871, 0, 141.58
2026/10/09 03:43:27.582, 0, 79295, 97871, 0, 145.03
2026/10/09 03:43:27.582, 1, 81356, 97871, 0, 144.33
2026/10/09 03:43:27.582, 2, 80527, 97871, 0, 128.67
2026/10/09 03:43:27.582, 3, 81128, 97871, 0, 141.47
2026/10/09 03:43:28.582, 0, 79295, 97871, 0, 144.97
2026/10/09 03:43:28.582, 1, 81356, 97871, 0, 144.41
2026/10/09 03:43:28.582, 2, 80527, 97871, 0, 128.52
2026/10/09 03:43:28.582, 3, 81128, 97871, 0, 141.19
2026/10/09 03:43:29.583, 0, 79295, 97871, 0, 145.01
2026/10/09 03:43:29.583, 1, 81356, 97871, 0, 144.32
2026/10/09 03:43:29.583, 2, 80527, 97871, 0, 128.46
2026/10/09 03:43:29.583, 3, 81128, 97871, 0, 141.39
2026/10/09 03:43:30.583, 0, 79295, 97871, 0, 144.95
2026/10/09 03:43:30.583, 1, 81356, 97871, 0, 144.32
2026/10/09 03:43:30.583, 2, 80527, 97871, 0, 128.71
2026/10/09 03:43:30.583, 3, 81128, 97871, 0, 141.62
2026/10/09 03:43:31.583, 0, 79295, 97871, 0, 144.95
2026/10/09 03:43:31.583, 1, 81356, 97871, 0, 144.34
2026/10/09 03:43:31.583, 2, 80527, 97871, 0, 128.52
2026/10/09 03:43:31.583, 3, 81128, 97871, 0, 141.20
2026/10/09 03:43:32.583, 0, 79295, 97871, 0, 144.99
2026/10/09 03:43:32.583, 1, 81356, 97871, 0, 144.25
2026/10/09 03:43:32.583, 2, 80527, 97871, 0, 128.69
2026/10/09 03:43:32.583, 3, 81128, 97871, 0, 141.51
2026/10/09 03:43:33.583, 0, 79295, 97871, 0, 144.88
2026/10/09 03:43:33.583, 1, 81356, 97871, 0, 144.23
2026/10/09 03:43:33.583, 2, 80527, 97871, 0, 128.66
2026/10/09 03:43:33.583, 3, 81128, 97871, 0, 141.16
2026/10/09 03:43:34.584, 0, 79295, 97871, 0, 144.97
2026/10/09 03:43:34.584, 1, 81356, 97871, 0, 144.23
2026/10/09 03:43:34.584, 2, 80527, 97871, 0, 128.62
2026/10/09 03:43:34.584, 3, 81128, 97871, 0, 141.30
2026/10/09 03:43:35.584, 0, 79295, 97871, 0, 144.95
2026/10/09 03:43:35.584, 1, 81356, 97871, 0, 144.29
2026/10/09 03:43:35.584, 2, 80527, 97871, 0, 128.54
2026/10/09 03:43:35.584, 3, 81128, 97871, 0, 141.42
2026/10/09 03:43:36.584, 0, 79295, 97871, 0, 144.96
2026/10/09 03:43:36.584, 1, 81356, 97871, 0, 144.21
2026/10/09 03:43:36.584, 2, 80527, 97871, 0, 128.57
2026/10/09 03:43:36.584, 3, 81128, 97871, 0, 141.53
2026/10/09 03:43:37.584, 0, 79295, 97871, 0, 144.96
2026/10/09 03:43:37.584, 1, 81356, 97871, 0, 144.30
2026/10/09 03:43:37.584, 2, 80527, 97871, 0, 128.49
2026/10/09 03:43:37.584, 3, 81128, 97871, 0, 141.20
2026/10/09 03:43:38.584, 0, 79295, 97871, 0, 144.79
2026/10/09 03:43:38.584, 1, 81356, 97871, 0, 144.66
2026/10/09 03:43:38.584, 2, 80527, 97871, 0, 128.53
2026/10/09 03:43:38.584, 3, 81128, 97871, 0, 140.72
2026/10/09 03:43:39.584, 0, 79295, 97871, 0, 144.78
2026/10/09 03:43:39.585, 1, 81356, 97871, 0, 144.73
2026/10/09 03:43:39.585, 2, 80527, 97871, 0, 128.48
2026/10/09 03:43:39.585, 3, 81128, 97871, 0, 140.66
2026/10/09 03:43:40.585, 0, 79295, 97871, 0, 144.82
2026/10/09 03:43:40.585, 1, 81356, 97871, 0, 144.80
2026/10/09 03:43:40.585, 2, 80527, 97871, 0, 128.67
2026/10/09 03:43:40.585, 3, 81128, 97871, 0, 140.56
2026/10/09 03:43:41.585, 0, 79295, 97871, 0, 144.86
2026/10/09 03:43:41.585, 1, 81356, 97871, 0, 144.76
2026/10/09 03:43:41.585, 2, 80527, 97871, 0, 128.50
2026/10/09 03:43:41.585, 3, 81128, 97871, 0, 140.85
2026/10/09 03:43:42.585, 0, 79295, 97871, 0, 144.87
2026/10/09 03:43:42.585, 1, 81356, 97871, 0, 144.95
2026/10/09 03:43:42.585, 2, 80527, 97871, 0, 128.53
2026/10/09 03:43:42.585, 3, 81128, 97871, 0, 140.73
2026/10/09 03:43:43.585, 0, 79295, 97871, 0, 144.86
2026/10/09 03:43:43.585, 1, 81356, 97871, 0, 144.61
2026/10/09 03:43:43.585, 2, 80527, 97871, 0, 128.48
2026/10/09 03:43:43.585, 3, 81128, 97871, 0, 140.69
2026/10/09 03:43:44.585, 0, 79295, 97871, 0, 145.01
2026/10/09 03:43:44.586, 1, 81356, 97871, 0, 144.72
2026/10/09 03:43:44.586, 2, 80527, 97871, 0, 128.55
2026/10/09 03:43:44.586, 3, 81128, 97871, 0, 140.69
2026/10/09 03:43:45.586, 0, 79295, 97871, 0, 145.02
2026/10/09 03:43:45.586, 1, 81356, 97871, 0, 144.81
2026/10/09 03:43:45.586, 2, 80527, 97871, 0, 128.68
2026/10/09 03:43:45.586, 3, 81128, 97871, 0, 140.79
2026/10/09 03:43:46.586, 0, 79295, 97871, 0, 145.19
2026/10/09 03:43:46.586, 1, 81356, 97871, 0, 145.08
2026/10/09 03:43:46.586, 2, 80527, 97871, 0, 128.93
2026/10/09 03:43:46.586, 3, 81128, 97871, 0, 140.92
2026/10/09 03:43:47.586, 0, 79295, 97871, 0, 144.94
2026/10/09 03:43:47.586, 1, 81356, 97871, 0, 144.75
2026/10/09 03:43:47.586, 2, 80527, 97871, 0, 128.64
2026/10/09 03:43:47.586, 3, 81128, 97871, 0, 140.59
2026/10/09 03:43:48.586, 0, 79295, 97871, 0, 144.96
2026/10/09 03:43:48.587, 1, 81356, 97871, 0, 145.26
2026/10/09 03:43:48.587, 2, 80527, 97871, 0, 128.73
2026/10/09 03:43:48.587, 3, 81128, 97871, 0, 140.60
2026/10/09 03:43:49.587, 0, 79301, 97871, 17, 183.43
2026/10/09 03:43:49.587, 1, 81362, 97871, 0, 187.47
2026/10/09 03:43:49.587, 2, 80533, 97871, 0, 151.76
2026/10/09 03:43:49.587, 3, 81128, 97871, 0, 140.10
2026/10/09 03:43:50.587, 0, 79301, 97871, 99, 471.69
2026/10/09 03:43:50.587, 1, 81362, 97871, 100, 509.65
2026/10/09 03:43:50.587, 2, 80533, 97871, 89, 453.09
2026/10/09 03:43:50.587, 3, 81128, 97871, 0, 140.25
2026/10/09 03:43:51.588, 0, 79301, 97871, 88, 493.58
2026/10/09 03:43:51.588, 1, 81362, 97871, 77, 519.67
2026/10/09 03:43:51.588, 2, 80533, 97871, 100, 505.36
2026/10/09 03:43:51.588, 3, 81128, 97871, 0, 140.17
2026/10/09 03:43:52.588, 0, 79301, 97871, 87, 504.92
2026/10/09 03:43:52.588, 1, 81362, 97871, 100, 527.75
2026/10/09 03:43:52.588, 2, 80533, 97871, 95, 499.65
2026/10/09 03:43:52.588, 3, 81128, 97871, 0, 139.95
2026/10/09 03:43:53.588, 0, 79301, 97871, 98, 499.72
2026/10/09 03:43:53.588, 1, 81362, 97871, 100, 524.45
2026/10/09 03:43:53.588, 2, 80533, 97871, 99, 504.68
2026/10/09 03:43:53.588, 3, 81128, 97871, 0, 139.83
2026/10/09 03:43:54.588, 0, 79301, 97871, 98, 508.62
2026/10/09 03:43:54.588, 1, 81362, 97871, 100, 519.67
2026/10/09 03:43:54.588, 2, 80533, 97871, 92, 506.76
2026/10/09 03:43:54.588, 3, 81134, 97871, 31, 163.77
2026/10/09 03:43:55.589, 0, 79301, 97871, 99, 504.60
2026/10/09 03:43:55.589, 1, 81362, 97871, 0, 376.09
2026/10/09 03:43:55.589, 2, 80533, 97871, 50, 422.47
2026/10/09 03:43:55.589, 3, 81134, 97871, 94, 437.46
2026/10/09 03:43:56.589, 0, 79301, 97871, 100, 509.43
2026/10/09 03:43:56.589, 1, 81362, 97871, 100, 491.21
2026/10/09 03:43:56.589, 2, 80533, 97871, 0, 280.00
2026/10/09 03:43:56.589, 3, 81134, 97871, 84, 506.49
2026/10/09 03:43:57.589, 0, 79301, 97871, 33, 383.68
2026/10/09 03:43:57.589, 1, 81362, 97871, 99, 486.33
2026/10/09 03:43:57.589, 2, 80533, 97871, 87, 469.34
2026/10/09 03:43:57.589, 3, 81134, 97871, 97, 505.58
2026/10/09 03:43:58.590, 0, 79301, 97871, 86, 421.37
2026/10/09 03:43:58.590, 1, 81362, 97871, 99, 500.48
2026/10/09 03:43:58.590, 2, 80533, 97871, 99, 466.14
2026/10/09 03:43:58.590, 3, 81134, 97871, 99, 516.35
2026/10/09 03:43:59.590, 0, 79301, 97871, 99, 473.52
2026/10/09 03:43:59.590, 1, 81362, 97871, 99, 482.30
2026/10/09 03:43:59.590, 2, 80533, 97871, 99, 487.32
2026/10/09 03:43:59.590, 3, 81134, 97871, 91, 516.96
2026/10/09 03:44:00.590, 0, 79301, 97871, 99, 482.11
2026/10/09 03:44:00.590, 1, 81362, 97871, 100, 495.69
2026/10/09 03:44:00.590, 2, 80533, 97871, 99, 460.54
2026/10/09 03:44:00.590, 3, 81134, 97871, 63, 381.91
2026/10/09 03:44:01.590, 0, 79301, 97871, 99, 492.43
2026/10/09 03:44:01.591, 1, 81362, 97871, 99, 483.20
2026/10/09 03:44:01.591, 2, 80533, 97871, 91, 474.23
2026/10/09 03:44:01.591, 3, 81134, 97871, 99, 372.55
2026/10/09 03:44:02.591, 0, 79301, 97871, 99, 484.83
2026/10/09 03:44:02.591, 1, 81362, 97871, 99, 494.34
2026/10/09 03:44:02.591, 2, 80533, 97871, 98, 478.05
2026/10/09 03:44:02.591, 3, 81134, 97871, 100, 469.93
2026/10/09 03:44:03.591, 0, 79301, 97871, 99, 477.39
2026/10/09 03:44:03.591, 1, 81362, 97871, 99, 502.12
2026/10/09 03:44:03.591, 2, 80533, 97871, 99, 467.70
2026/10/09 03:44:03.591, 3, 81134, 97871, 100, 497.40
2026/10/09 03:44:04.591, 0, 79301, 97871, 100, 495.99
2026/10/09 03:44:04.591, 1, 81362, 97871, 99, 484.38
2026/10/09 03:44:04.591, 2, 80533, 97871, 99, 480.33
2026/10/09 03:44:04.591, 3, 81134, 97871, 97, 485.21
2026/10/09 03:44:05.592, 0, 79301, 97871, 99, 497.64
2026/10/09 03:44:05.592, 1, 81362, 97871, 100, 504.09
2026/10/09 03:44:05.592, 2, 80533, 97871, 99, 473.28
2026/10/09 03:44:05.592, 3, 81134, 97871, 98, 478.74
2026/10/09 03:44:06.592, 0, 79301, 97871, 99, 481.08
2026/10/09 03:44:06.592, 1, 81362, 97871, 100, 479.12
2026/10/09 03:44:06.592, 2, 80533, 97871, 99, 479.45
2026/10/09 03:44:06.592, 3, 81134, 97871, 100, 482.80
2026/10/09 03:44:07.592, 0, 79301, 97871, 99, 494.18
2026/10/09 03:44:07.592, 1, 81362, 97871, 99, 486.79
2026/10/09 03:44:07.592, 2, 80533, 97871, 99, 468.70
2026/10/09 03:44:07.592, 3, 81134, 97871, 100, 484.85
2026/10/09 03:44:08.592, 0, 79301, 97871, 100, 477.22
2026/10/09 03:44:08.592, 1, 81362, 97871, 99, 495.79
2026/10/09 03:44:08.592, 2, 80533, 97871, 100, 482.70
2026/10/09 03:44:08.593, 3, 81134, 97871, 100, 485.24
2026/10/09 03:44:09.593, 0, 79301, 97871, 99, 484.17
2026/10/09 03:44:09.593, 1, 81362, 97871, 99, 487.22
2026/10/09 03:44:09.593, 2, 80533, 97871, 99, 477.63
2026/10/09 03:44:09.593, 3, 81134, 97871, 100, 488.98
2026/10/09 03:44:10.593, 0, 79301, 97871, 99, 492.10
2026/10/09 03:44:10.593, 1, 81362, 97871, 99, 486.81
2026/10/09 03:44:10.593, 2, 80533, 97871, 99, 470.54
2026/10/09 03:44:10.593, 3, 81134, 97871, 98, 487.25
2026/10/09 03:44:11.593, 0, 79300, 97871, 99, 484.35
2026/10/09 03:44:11.593, 1, 81361, 97871, 99, 487.79
2026/10/09 03:44:11.593, 2, 80533, 97871, 99, 468.82
2026/10/09 03:44:11.593, 3, 81134, 97871, 99, 477.80
2026/10/09 03:44:12.593, 0, 79300, 97871, 99, 478.15
2026/10/09 03:44:12.594, 1, 81361, 97871, 99, 487.54
2026/10/09 03:44:12.594, 2, 80533, 97871, 99, 472.70
2026/10/09 03:44:12.594, 3, 81134, 97871, 100, 480.23
2026/10/09 03:44:13.594, 0, 79300, 97871, 99, 488.73
2026/10/09 03:44:13.594, 1, 81361, 97871, 99, 488.70
2026/10/09 03:44:13.594, 2, 80533, 97871, 99, 480.76
2026/10/09 03:44:13.594, 3, 81134, 97871, 100, 471.91
2026/10/09 03:44:14.594, 0, 79300, 97871, 99, 485.00
2026/10/09 03:44:14.594, 1, 81361, 97871, 99, 496.77
2026/10/09 03:44:14.594, 2, 80533, 97871, 99, 468.44
2026/10/09 03:44:14.594, 3, 81134, 97871, 99, 473.36
2026/10/09 03:44:15.594, 0, 79300, 97871, 100, 499.15
2026/10/09 03:44:15.594, 1, 81361, 97871, 99, 488.32
2026/10/09 03:44:15.594, 2, 80533, 97871, 99, 476.60
2026/10/09 03:44:15.594, 3, 81134, 97871, 100, 489.45
2026/10/09 03:44:16.594, 0, 79300, 97871, 99, 487.23
2026/10/09 03:44:16.594, 1, 81361, 97871, 99, 491.05
2026/10/09 03:44:16.595, 2, 80533, 97871, 99, 466.39
2026/10/09 03:44:16.595, 3, 81134, 97871, 100, 477.79
2026/10/09 03:44:17.595, 0, 79300, 97871, 99, 480.75
2026/10/09 03:44:17.595, 1, 81361, 97871, 100, 508.55
2026/10/09 03:44:17.595, 2, 80533, 97871, 99, 482.01
2026/10/09 03:44:17.595, 3, 81134, 97871, 100, 481.95
2026/10/09 03:44:18.595, 0, 79300, 97871, 99, 491.38
2026/10/09 03:44:18.595, 1, 81361, 97871, 99, 488.80
2026/10/09 03:44:18.595, 2, 80533, 97871, 99, 488.09
2026/10/09 03:44:18.595, 3, 81134, 97871, 100, 496.60
2026/10/09 03:44:19.595, 0, 79300, 97871, 97, 494.39
2026/10/09 03:44:19.595, 1, 81361, 97871, 100, 498.98
2026/10/09 03:44:19.595, 2, 80533, 97871, 99, 467.65
2026/10/09 03:44:19.595, 3, 81134, 97871, 93, 489.37
2026/10/09 03:44:20.595, 0, 79300, 97871, 99, 487.29
2026/10/09 03:44:20.596, 1, 81361, 97871, 99, 490.63
2026/10/09 03:44:20.596, 2, 80533, 97871, 99, 479.10
2026/10/09 03:44:20.596, 3, 81134, 97871, 100, 479.71
2026/10/09 03:44:21.596, 0, 79300, 97871, 89, 488.70
2026/10/09 03:44:21.596, 1, 81361, 97871, 99, 493.00
2026/10/09 03:44:21.596, 2, 80533, 97871, 99, 472.67
2026/10/09 03:44:21.596, 3, 81134, 97871, 99, 480.59
2026/10/09 03:44:22.596, 0, 79300, 97871, 99, 494.67
2026/10/09 03:44:22.596, 1, 81361, 97871, 99, 489.94
2026/10/09 03:44:22.596, 2, 80533, 97871, 99, 468.77
2026/10/09 03:44:22.596, 3, 81134, 97871, 100, 488.61
2026/10/09 03:44:23.596, 0, 79300, 97871, 99, 489.03
2026/10/09 03:44:23.596, 1, 81361, 97871, 100, 504.80
2026/10/09 03:44:23.596, 2, 80533, 97871, 99, 473.63
2026/10/09 03:44:23.596, 3, 81134, 97871, 99, 492.33
2026/10/09 03:44:24.597, 0, 79300, 97871, 98, 490.83
2026/10/09 03:44:24.597, 1, 81361, 97871, 99, 489.02
2026/10/09 03:44:24.597, 2, 80533, 97871, 99, 473.38
2026/10/09 03:44:24.597, 3, 81134, 97871, 100, 474.75
2026/10/09 03:44:25.597, 0, 79300, 97871, 100, 486.95
2026/10/09 03:44:25.597, 1, 81361, 97871, 99, 490.92
2026/10/09 03:44:25.597, 2, 80533, 97871, 99, 481.18
2026/10/09 03:44:25.597, 3, 81134, 97871, 100, 479.36
2026/10/09 03:44:26.597, 0, 79300, 97871, 99, 484.31
2026/10/09 03:44:26.597, 1, 81361, 97871, 99, 501.39
2026/10/09 03:44:26.597, 2, 80533, 97871, 99, 469.48
2026/10/09 03:44:26.597, 3, 81134, 97871, 100, 487.64
2026/10/09 03:44:27.597, 0, 79300, 97871, 99, 482.91
2026/10/09 03:44:27.597, 1, 81361, 97871, 99, 495.64
2026/10/09 03:44:27.597, 2, 80533, 97871, 98, 484.03
2026/10/09 03:44:27.597, 3, 81134, 97871, 100, 492.73
2026/10/09 03:44:28.598, 0, 79300, 97871, 100, 491.77
2026/10/09 03:44:28.598, 1, 81361, 97871, 99, 492.07
2026/10/09 03:44:28.598, 2, 80533, 97871, 99, 468.55
2026/10/09 03:44:28.598, 3, 81134, 97871, 100, 476.08
2026/10/09 03:44:29.598, 0, 79300, 97871, 99, 485.89
2026/10/09 03:44:29.598, 1, 81361, 97871, 99, 492.53
2026/10/09 03:44:29.598, 2, 80533, 97871, 99, 473.41
2026/10/09 03:44:29.598, 3, 81134, 97871, 100, 483.26
2026/10/09 03:44:30.598, 0, 79300, 97871, 99, 483.72
2026/10/09 03:44:30.598, 1, 81361, 97871, 99, 493.03
2026/10/09 03:44:30.598, 2, 80533, 97871, 99, 473.08
2026/10/09 03:44:30.598, 3, 81134, 97871, 100, 486.42
2026/10/09 03:44:31.598, 0, 79300, 97871, 99, 491.49
2026/10/09 03:44:31.598, 1, 81361, 97871, 100, 500.40
2026/10/09 03:44:31.598, 2, 80533, 97871, 97, 479.51
2026/10/09 03:44:31.599, 3, 81134, 97871, 100, 475.46
2026/10/09 03:44:32.599, 0, 79300, 97871, 99, 488.16
2026/10/09 03:44:32.599, 1, 81361, 97871, 100, 496.47
2026/10/09 03:44:32.599, 2, 80533, 97871, 99, 483.89
2026/10/09 03:44:32.599, 3, 81134, 97871, 100, 487.02
2026/10/09 03:44:33.599, 0, 79300, 97871, 97, 498.68
2026/10/09 03:44:33.599, 1, 81361, 97871, 99, 497.49
2026/10/09 03:44:33.599, 2, 80533, 97871, 99, 464.86
2026/10/09 03:44:33.599, 3, 81134, 97871, 100, 485.50
2026/10/09 03:44:34.599, 0, 79300, 97871, 99, 485.35
2026/10/09 03:44:34.599, 1, 81361, 97871, 100, 498.03
2026/10/09 03:44:34.599, 2, 80533, 97871, 97, 470.79
2026/10/09 03:44:34.599, 3, 81134, 97871, 100, 474.57
2026/10/09 03:44:35.599, 0, 79300, 97871, 100, 498.10
2026/10/09 03:44:35.600, 1, 81361, 97871, 99, 484.55
2026/10/09 03:44:35.600, 2, 80533, 97871, 99, 461.74
2026/10/09 03:44:35.600, 3, 81134, 97871, 100, 482.11
2026/10/09 03:44:36.600, 0, 79300, 97871, 99, 479.77
2026/10/09 03:44:36.600, 1, 81361, 97871, 99, 491.79
2026/10/09 03:44:36.600, 2, 80533, 97871, 99, 469.02
2026/10/09 03:44:36.600, 3, 81134, 97871, 100, 478.22
2026/10/09 03:44:37.600, 0, 79300, 97871, 99, 479.89
2026/10/09 03:44:37.600, 1, 81361, 97871, 99, 496.59
2026/10/09 03:44:37.600, 2, 80533, 97871, 99, 474.04
2026/10/09 03:44:37.600, 3, 81134, 97871, 100, 473.10
2026/10/09 03:44:38.600, 0, 79300, 97871, 97, 489.27
2026/10/09 03:44:38.600, 1, 81361, 97871, 100, 498.26
2026/10/09 03:44:38.600, 2, 80533, 97871, 99, 470.48
2026/10/09 03:44:38.600, 3, 81134, 97871, 99, 478.65
2026/10/09 03:44:39.601, 0, 79300, 97871, 99, 472.37
2026/10/09 03:44:39.601, 1, 81361, 97871, 99, 482.47
2026/10/09 03:44:39.601, 2, 80533, 97871, 99, 465.41
2026/10/09 03:44:39.601, 3, 81134, 97871, 100, 478.31
2026/10/09 03:44:40.601, 0, 79300, 97871, 99, 481.49
2026/10/09 03:44:40.601, 1, 81361, 97871, 99, 492.89
2026/10/09 03:44:40.601, 2, 80533, 97871, 99, 470.47
2026/10/09 03:44:40.601, 3, 81134, 97871, 100, 471.20
2026/10/09 03:44:41.601, 0, 79300, 97871, 99, 481.24
2026/10/09 03:44:41.601, 1, 81361, 97871, 99, 491.93
2026/10/09 03:44:41.601, 2, 80533, 97871, 99, 469.28
2026/10/09 03:44:41.601, 3, 81134, 97871, 98, 482.92
2026/10/09 03:44:42.601, 0, 79300, 97871, 99, 482.84
2026/10/09 03:44:42.601, 1, 81361, 97871, 100, 496.77
2026/10/09 03:44:42.601, 2, 80533, 97871, 99, 472.74
2026/10/09 03:44:42.601, 3, 81134, 97871, 100, 467.24
2026/10/09 03:44:43.601, 0, 79300, 97871, 99, 481.42
2026/10/09 03:44:43.601, 1, 81361, 97871, 99, 486.71
2026/10/09 03:44:43.601, 2, 80533, 97871, 100, 473.24
2026/10/09 03:44:43.602, 3, 81134, 97871, 100, 479.43
2026/10/09 03:44:44.602, 0, 79300, 97871, 99, 483.90
2026/10/09 03:44:44.602, 1, 81361, 97871, 99, 492.64
2026/10/09 03:44:44.602, 2, 80533, 97871, 99, 466.09
2026/10/09 03:44:44.602, 3, 81134, 97871, 100, 478.99
2026/10/09 03:44:45.602, 0, 79300, 97871, 99, 483.73
2026/10/09 03:44:45.602, 1, 81361, 97871, 99, 493.89
2026/10/09 03:44:45.602, 2, 80533, 97871, 99, 468.45
2026/10/09 03:44:45.602, 3, 81134, 97871, 100, 475.29
2026/10/09 03:44:46.602, 0, 79300, 97871, 99, 485.46
2026/10/09 03:44:46.602, 1, 81361, 97871, 99, 491.64
2026/10/09 03:44:46.602, 2, 80533, 97871, 99, 469.62
2026/10/09 03:44:46.602, 3, 81134, 97871, 100, 476.62
2026/10/09 03:44:47.602, 0, 79300, 97871, 99, 480.89
2026/10/09 03:44:47.602, 1, 81361, 97871, 99, 486.32
2026/10/09 03:44:47.602, 2, 80533, 97871, 99, 470.32
2026/10/09 03:44:47.602, 3, 81134, 97871, 98, 479.75
2026/10/09 03:44:48.602, 0, 79300, 97871, 99, 483.85
2026/10/09 03:44:48.603, 1, 81361, 97871, 99, 493.43
2026/10/09 03:44:48.603, 2, 80533, 97871, 99, 480.95
2026/10/09 03:44:48.603, 3, 81134, 97871, 100, 471.70
2026/10/09 03:44:49.603, 0, 79300, 97871, 100, 492.60
2026/10/09 03:44:49.603, 1, 81361, 97871, 99, 493.85
2026/10/09 03:44:49.603, 2, 80533, 97871, 99, 471.12
2026/10/09 03:44:49.603, 3, 81134, 97871, 100, 476.84
2026/10/09 03:44:50.603, 0, 79300, 97871, 95, 483.19
2026/10/09 03:44:50.603, 1, 81361, 97871, 99, 493.11
2026/10/09 03:44:50.603, 2, 80533, 97871, 98, 473.66
2026/10/09 03:44:50.603, 3, 81134, 97871, 100, 478.03
2026/10/09 03:44:51.603, 0, 79300, 97871, 99, 482.82
2026/10/09 03:44:51.603, 1, 81361, 97871, 99, 493.97
2026/10/09 03:44:51.603, 2, 80533, 97871, 99, 465.76
2026/10/09 03:44:51.603, 3, 81134, 97871, 100, 476.37
2026/10/09 03:44:52.603, 0, 79300, 97871, 98, 483.10
2026/10/09 03:44:52.603, 1, 81361, 97871, 99, 491.21
2026/10/09 03:44:52.603, 2, 80533, 97871, 99, 471.28
2026/10/09 03:44:52.603, 3, 81134, 97871, 100, 475.56
2026/10/09 03:44:53.604, 0, 79300, 97871, 99, 477.71
2026/10/09 03:44:53.604, 1, 81361, 97871, 100, 494.94
2026/10/09 03:44:53.604, 2, 80533, 97871, 99, 459.27
2026/10/09 03:44:53.604, 3, 81134, 97871, 100, 478.14
2026/10/09 03:44:54.604, 0, 79300, 97871, 99, 484.20
2026/10/09 03:44:54.604, 1, 81361, 97871, 99, 481.60
2026/10/09 03:44:54.604, 2, 80533, 97871, 99, 470.59
2026/10/09 03:44:54.604, 3, 81134, 97871, 100, 479.83
2026/10/09 03:44:55.604, 0, 79300, 97871, 99, 484.11
2026/10/09 03:44:55.604, 1, 81361, 97871, 99, 492.70
2026/10/09 03:44:55.604, 2, 80533, 97871, 99, 474.51
2026/10/09 03:44:55.604, 3, 81134, 97871, 100, 480.80
2026/10/09 03:44:56.604, 0, 79300, 97871, 99, 484.54
2026/10/09 03:44:56.604, 1, 81361, 97871, 99, 494.10
2026/10/09 03:44:56.604, 2, 80533, 97871, 99, 470.81
2026/10/09 03:44:56.604, 3, 81134, 97871, 99, 476.33
2026/10/09 03:44:57.604, 0, 79300, 97871, 99, 483.29
2026/10/09 03:44:57.604, 1, 81361, 97871, 99, 494.64
2026/10/09 03:44:57.604, 2, 80533, 97871, 99, 470.07
2026/10/09 03:44:57.604, 3, 81134, 97871, 100, 478.46
2026/10/09 03:44:58.605, 0, 79300, 97871, 99, 492.49
2026/10/09 03:44:58.605, 1, 81361, 97871, 99, 495.17
2026/10/09 03:44:58.605, 2, 80533, 97871, 99, 472.22
2026/10/09 03:44:58.605, 3, 81134, 97871, 100, 474.69
2026/10/09 03:44:59.605, 0, 79300, 97871, 99, 477.70
2026/10/09 03:44:59.605, 1, 81361, 97871, 99, 491.32
2026/10/09 03:44:59.605, 2, 80533, 97871, 100, 471.59
2026/10/09 03:44:59.605, 3, 81134, 97871, 100, 479.09
2026/10/09 03:45:00.605, 0, 79300, 97871, 99, 483.38
2026/10/09 03:45:00.605, 1, 81361, 97871, 99, 487.63
2026/10/09 03:45:00.605, 2, 80533, 97871, 99, 472.34
2026/10/09 03:45:00.605, 3, 81134, 97871, 99, 481.02
2026/10/09 03:45:01.605, 0, 79300, 97871, 99, 486.73
2026/10/09 03:45:01.605, 1, 81361, 97871, 99, 492.85
2026/10/09 03:45:01.605, 2, 80533, 97871, 99, 463.21
2026/10/09 03:45:01.605, 3, 81134, 97871, 100, 468.55
2026/10/09 03:45:02.605, 0, 79300, 97871, 99, 469.85
2026/10/09 03:45:02.605, 1, 81361, 97871, 99, 493.44
2026/10/09 03:45:02.605, 2, 80533, 97871, 99, 475.18
2026/10/09 03:45:02.605, 3, 81134, 97871, 100, 476.36
2026/10/09 03:45:03.606, 0, 79300, 97871, 99, 483.28
2026/10/09 03:45:03.606, 1, 81361, 97871, 99, 494.24
2026/10/09 03:45:03.606, 2, 80533, 97871, 99, 469.02
2026/10/09 03:45:03.606, 3, 81134, 97871, 99, 478.39
2026/10/09 03:45:04.606, 0, 79300, 97871, 99, 483.24
2026/10/09 03:45:04.606, 1, 81361, 97871, 100, 498.69
2026/10/09 03:45:04.606, 2, 80533, 97871, 97, 469.33
2026/10/09 03:45:04.606, 3, 81134, 97871, 100, 476.93
2026/10/09 03:45:05.606, 0, 79300, 97871, 99, 485.98
2026/10/09 03:45:05.606, 1, 81361, 97871, 99, 484.20
2026/10/09 03:45:05.606, 2, 80533, 97871, 99, 471.74
2026/10/09 03:45:05.606, 3, 81134, 97871, 100, 480.66
2026/10/09 03:45:06.606, 0, 79300, 97871, 99, 490.78
2026/10/09 03:45:06.606, 1, 81361, 97871, 99, 491.19
2026/10/09 03:45:06.606, 2, 80533, 97871, 99, 466.63
2026/10/09 03:45:06.606, 3, 81134, 97871, 100, 475.86
2026/10/09 03:45:07.606, 0, 79300, 97871, 99, 490.74
2026/10/09 03:45:07.606, 1, 81361, 97871, 99, 494.31
2026/10/09 03:45:07.606, 2, 80533, 97871, 100, 466.84
2026/10/09 03:45:07.606, 3, 81134, 97871, 100, 476.46
2026/10/09 03:45:08.606, 0, 79300, 97871, 99, 482.10
2026/10/09 03:45:08.607, 1, 81361, 97871, 99, 490.08
2026/10/09 03:45:08.607, 2, 80533, 97871, 99, 466.77
2026/10/09 03:45:08.607, 3, 81134, 97871, 100, 485.31
2026/10/09 03:45:09.607, 0, 79300, 97871, 99, 482.70
2026/10/09 03:45:09.607, 1, 81361, 97871, 99, 490.75
2026/10/09 03:45:09.607, 2, 80533, 97871, 99, 467.29
2026/10/09 03:45:09.607, 3, 81134, 97871, 100, 479.24
2026/10/09 03:45:10.607, 0, 79300, 97871, 99, 487.61
2026/10/09 03:45:10.607, 1, 81361, 97871, 99, 487.67
2026/10/09 03:45:10.607, 2, 80533, 97871, 99, 469.15
2026/10/09 03:45:10.607, 3, 81134, 97871, 100, 481.65
2026/10/09 03:45:11.607, 0, 79300, 97871, 97, 489.29
2026/10/09 03:45:11.607, 1, 81361, 97871, 99, 491.14
2026/10/09 03:45:11.607, 2, 80533, 97871, 99, 469.24
2026/10/09 03:45:11.607, 3, 81134, 97871, 100, 496.75
2026/10/09 03:45:12.607, 0, 79300, 97871, 99, 484.26
2026/10/09 03:45:12.607, 1, 81361, 97871, 99, 498.46
2026/10/09 03:45:12.607, 2, 80533, 97871, 99, 473.08
2026/10/09 03:45:12.607, 3, 81134, 97871, 100, 481.82
2026/10/09 03:45:13.607, 0, 79300, 97871, 99, 486.42
2026/10/09 03:45:13.607, 1, 81361, 97871, 99, 492.01
2026/10/09 03:45:13.607, 2, 80533, 97871, 99, 473.14
2026/10/09 03:45:13.607, 3, 81134, 97871, 100, 474.36
2026/10/09 03:45:14.608, 0, 79300, 97871, 99, 477.38
2026/10/09 03:45:14.608, 1, 81361, 97871, 99, 494.27
2026/10/09 03:45:14.608, 2, 80533, 97871, 99, 469.25
2026/10/09 03:45:14.608, 3, 81134, 97871, 98, 478.10
2026/10/09 03:45:15.608, 0, 79300, 97871, 99, 494.54
2026/10/09 03:45:15.608, 1, 81361, 97871, 99, 494.34
2026/10/09 03:45:15.608, 2, 80533, 97871, 99, 476.05
2026/10/09 03:45:15.608, 3, 81134, 97871, 99, 477.29
2026/10/09 03:45:16.608, 0, 79300, 97871, 99, 470.15
2026/10/09 03:45:16.608, 1, 81361, 97871, 99, 492.74
2026/10/09 03:45:16.608, 2, 80533, 97871, 99, 470.61
2026/10/09 03:45:16.608, 3, 81134, 97871, 100, 486.07
2026/10/09 03:45:17.608, 0, 79300, 97871, 99, 479.54
2026/10/09 03:45:17.608, 1, 81361, 97871, 99, 493.09
2026/10/09 03:45:17.608, 2, 80533, 97871, 99, 470.05
2026/10/09 03:45:17.608, 3, 81134, 97871, 100, 479.50
2026/10/09 03:45:18.608, 0, 79300, 97871, 99, 500.42
2026/10/09 03:45:18.608, 1, 81361, 97871, 99, 491.60
2026/10/09 03:45:18.608, 2, 80533, 97871, 99, 471.16
2026/10/09 03:45:18.608, 3, 81134, 97871, 99, 482.67
2026/10/09 03:45:19.609, 0, 79300, 97871, 98, 489.34
2026/10/09 03:45:19.609, 1, 81361, 97871, 99, 492.97
2026/10/09 03:45:19.609, 2, 80533, 97871, 99, 469.75
2026/10/09 03:45:19.609, 3, 81134, 97871, 100, 478.99
2026/10/09 03:45:20.609, 0, 79300, 97871, 100, 482.81
2026/10/09 03:45:20.609, 1, 81361, 97871, 99, 493.99
2026/10/09 03:45:20.609, 2, 80533, 97871, 99, 468.83
2026/10/09 03:45:20.609, 3, 81134, 97871, 99, 481.27
2026/10/09 03:45:21.609, 0, 79300, 97871, 97, 489.95
2026/10/09 03:45:21.609, 1, 81361, 97871, 99, 492.34
2026/10/09 03:45:21.609, 2, 80533, 97871, 99, 471.54
2026/10/09 03:45:21.609, 3, 81134, 97871, 100, 482.91
2026/10/09 03:45:22.609, 0, 79300, 97871, 96, 493.00
2026/10/09 03:45:22.609, 1, 81361, 97871, 99, 492.37
2026/10/09 03:45:22.609, 2, 80533, 97871, 99, 474.34
2026/10/09 03:45:22.609, 3, 81134, 97871, 100, 481.01
2026/10/09 03:45:23.609, 0, 79300, 97871, 99, 481.55
2026/10/09 03:45:23.609, 1, 81361, 97871, 99, 493.49
2026/10/09 03:45:23.609, 2, 80533, 97871, 99, 469.70
2026/10/09 03:45:23.609, 3, 81134, 97871, 100, 476.40
2026/10/09 03:45:24.610, 0, 79300, 97871, 99, 484.58
2026/10/09 03:45:24.610, 1, 81361, 97871, 99, 491.00
2026/10/09 03:45:24.610, 2, 80533, 97871, 99, 470.25
2026/10/09 03:45:24.610, 3, 81134, 97871, 97, 483.41
2026/10/09 03:45:25.610, 0, 79300, 97871, 99, 482.83
2026/10/09 03:45:25.610, 1, 81361, 97871, 98, 488.04
2026/10/09 03:45:25.610, 2, 80533, 97871, 97, 473.05
2026/10/09 03:45:25.610, 3, 81134, 97871, 100, 473.30
2026/10/09 03:45:26.610, 0, 79300, 97871, 99, 481.06
2026/10/09 03:45:26.610, 1, 81361, 97871, 99, 486.40
2026/10/09 03:45:26.610, 2, 80533, 97871, 99, 463.55
2026/10/09 03:45:26.610, 3, 81134, 97871, 100, 478.74
2026/10/09 03:45:27.610, 0, 79300, 97871, 99, 481.02
2026/10/09 03:45:27.610, 1, 81361, 97871, 99, 491.09
2026/10/09 03:45:27.610, 2, 80533, 97871, 99, 476.74
2026/10/09 03:45:27.610, 3, 81134, 97871, 100, 479.42
2026/10/09 03:45:28.611, 0, 79300, 97871, 99, 482.43
2026/10/09 03:45:28.611, 1, 81361, 97871, 99, 488.52
2026/10/09 03:45:28.611, 2, 80533, 97871, 99, 479.46
2026/10/09 03:45:28.611, 3, 81134, 97871, 100, 471.78
2026/10/09 03:45:29.611, 0, 79300, 97871, 99, 480.19
2026/10/09 03:45:29.611, 1, 81361, 97871, 100, 498.04
2026/10/09 03:45:29.611, 2, 80533, 97871, 99, 467.23
2026/10/09 03:45:29.611, 3, 81134, 97871, 99, 479.05
2026/10/09 03:45:30.611, 0, 79300, 97871, 99, 477.16
2026/10/09 03:45:30.611, 1, 81361, 97871, 99, 493.72
2026/10/09 03:45:30.611, 2, 80533, 97871, 99, 471.37
2026/10/09 03:45:30.611, 3, 81134, 97871, 100, 479.36
2026/10/09 03:45:31.611, 0, 79300, 97871, 99, 484.32
2026/10/09 03:45:31.611, 1, 81361, 97871, 99, 488.41
2026/10/09 03:45:31.611, 2, 80533, 97871, 99, 469.04
2026/10/09 03:45:31.611, 3, 81134, 97871, 100, 479.83
2026/10/09 03:45:32.612, 0, 79300, 97871, 99, 481.38
2026/10/09 03:45:32.612, 1, 81361, 97871, 99, 488.95
2026/10/09 03:45:32.612, 2, 80533, 97871, 99, 477.29
2026/10/09 03:45:32.612, 3, 81134, 97871, 100, 478.19
2026/10/09 03:45:33.612, 0, 79300, 97871, 99, 482.67
2026/10/09 03:45:33.612, 1, 81361, 97871, 99, 489.29
2026/10/09 03:45:33.612, 2, 80533, 97871, 99, 466.99
2026/10/09 03:45:33.612, 3, 81134, 97871, 100, 468.51
2026/10/09 03:45:34.612, 0, 79300, 97871, 99, 476.93
2026/10/09 03:45:34.612, 1, 81361, 97871, 99, 488.97
2026/10/09 03:45:34.612, 2, 80533, 97871, 99, 473.09
2026/10/09 03:45:34.612, 3, 81134, 97871, 100, 483.06
2026/10/09 03:45:35.612, 0, 79300, 97871, 99, 481.45
2026/10/09 03:45:35.612, 1, 81361, 97871, 99, 498.48
2026/10/09 03:45:35.612, 2, 80533, 97871, 99, 472.94
2026/10/09 03:45:35.612, 3, 81134, 97871, 99, 479.09
2026/10/09 03:45:36.612, 0, 79300, 97871, 99, 480.63
2026/10/09 03:45:36.613, 1, 81361, 97871, 99, 478.43
2026/10/09 03:45:36.613, 2, 80533, 97871, 100, 476.03
2026/10/09 03:45:36.613, 3, 81134, 97871, 100, 472.99
2026/10/09 03:45:37.613, 0, 79300, 97871, 96, 484.39
2026/10/09 03:45:37.613, 1, 81361, 97871, 99, 504.49
2026/10/09 03:45:37.613, 2, 80533, 97871, 99, 464.77
2026/10/09 03:45:37.613, 3, 81134, 97871, 100, 476.14
2026/10/09 03:45:38.613, 0, 79300, 97871, 99, 475.90
2026/10/09 03:45:38.613, 1, 81361, 97871, 99, 492.84
2026/10/09 03:45:38.613, 2, 80533, 97871, 99, 467.30
2026/10/09 03:45:38.613, 3, 81134, 97871, 99, 474.46
2026/10/09 03:45:39.613, 0, 79300, 97871, 99, 481.54
2026/10/09 03:45:39.613, 1, 81361, 97871, 99, 488.11
2026/10/09 03:45:39.613, 2, 80533, 97871, 100, 471.91
2026/10/09 03:45:39.613, 3, 81134, 97871, 99, 479.40
2026/10/09 03:45:40.613, 0, 79300, 97871, 99, 479.01
2026/10/09 03:45:40.614, 1, 81361, 97871, 99, 489.75
2026/10/09 03:45:40.614, 2, 80533, 97871, 99, 466.18
2026/10/09 03:45:40.614, 3, 81134, 97871, 99, 477.07
2026/10/09 03:45:41.614, 0, 79300, 97871, 99, 476.82
2026/10/09 03:45:41.614, 1, 81361, 97871, 99, 490.91
2026/10/09 03:45:41.614, 2, 80533, 97871, 99, 470.02
2026/10/09 03:45:41.614, 3, 81134, 97871, 99, 475.94
2026/10/09 03:45:42.614, 0, 79300, 97871, 99, 479.10
2026/10/09 03:45:42.614, 1, 81361, 97871, 99, 488.35
2026/10/09 03:45:42.614, 2, 80533, 97871, 99, 472.06
2026/10/09 03:45:42.614, 3, 81134, 97871, 99, 477.89
2026/10/09 03:45:43.614, 0, 79300, 97871, 97, 482.46
2026/10/09 03:45:43.614, 1, 81361, 97871, 99, 492.91
2026/10/09 03:45:43.614, 2, 80533, 97871, 99, 467.01
2026/10/09 03:45:43.614, 3, 81134, 97871, 100, 481.32
2026/10/09 03:45:44.614, 0, 79300, 97871, 99, 474.30
2026/10/09 03:45:44.615, 1, 81361, 97871, 99, 498.15
2026/10/09 03:45:44.615, 2, 80533, 97871, 99, 469.00
2026/10/09 03:45:44.615, 3, 81134, 97871, 100, 486.08
2026/10/09 03:45:45.615, 0, 79300, 97871, 99, 483.51
2026/10/09 03:45:45.615, 1, 81361, 97871, 100, 492.88
2026/10/09 03:45:45.615, 2, 80533, 97871, 99, 470.05
2026/10/09 03:45:45.615, 3, 81134, 97871, 100, 480.00
2026/10/09 03:45:46.615, 0, 79300, 97871, 99, 484.79
2026/10/09 03:45:46.615, 1, 81361, 97871, 99, 487.94
2026/10/09 03:45:46.615, 2, 80533, 97871, 99, 472.83
2026/10/09 03:45:46.615, 3, 81134, 97871, 100, 479.86
2026/10/09 03:45:47.615, 0, 79300, 97871, 99, 483.33
2026/10/09 03:45:47.615, 1, 81361, 97871, 99, 493.23
2026/10/09 03:45:47.615, 2, 80533, 97871, 99, 466.11
2026/10/09 03:45:47.615, 3, 81134, 97871, 99, 474.85
2026/10/09 03:45:48.615, 0, 79300, 97871, 99, 486.67
2026/10/09 03:45:48.616, 1, 81361, 97871, 99, 486.86
2026/10/09 03:45:48.616, 2, 80533, 97871, 99, 473.87
2026/10/09 03:45:48.616, 3, 81134, 97871, 99, 477.13
2026/10/09 03:45:49.616, 0, 79300, 97871, 99, 481.37
2026/10/09 03:45:49.616, 1, 81361, 97871, 99, 489.48
2026/10/09 03:45:49.616, 2, 80533, 97871, 99, 474.32
2026/10/09 03:45:49.616, 3, 81134, 97871, 100, 471.29
2026/10/09 03:45:50.616, 0, 79300, 97871, 99, 480.63
2026/10/09 03:45:50.616, 1, 81361, 97871, 99, 493.23
2026/10/09 03:45:50.616, 2, 80533, 97871, 99, 473.70
2026/10/09 03:45:50.616, 3, 81134, 97871, 99, 475.67
2026/10/09 03:45:51.616, 0, 79300, 97871, 99, 480.46
2026/10/09 03:45:51.616, 1, 81361, 97871, 99, 498.98
2026/10/09 03:45:51.616, 2, 80533, 97871, 99, 472.21
2026/10/09 03:45:51.616, 3, 81134, 97871, 100, 477.75
2026/10/09 03:45:52.616, 0, 79300, 97871, 99, 484.61
2026/10/09 03:45:52.616, 1, 81361, 97871, 100, 489.17
2026/10/09 03:45:52.617, 2, 80533, 97871, 99, 471.68
2026/10/09 03:45:52.617, 3, 81134, 97871, 100, 477.20
2026/10/09 03:45:53.617, 0, 79300, 97871, 99, 477.45
2026/10/09 03:45:53.617, 1, 81361, 97871, 99, 487.10
2026/10/09 03:45:53.617, 2, 80533, 97871, 99, 471.39
2026/10/09 03:45:53.617, 3, 81134, 97871, 100, 477.10
2026/10/09 03:45:54.617, 0, 79300, 97871, 99, 484.79
2026/10/09 03:45:54.617, 1, 81361, 97871, 99, 494.07
2026/10/09 03:45:54.617, 2, 80533, 97871, 99, 468.75
2026/10/09 03:45:54.617, 3, 81134, 97871, 100, 474.39
2026/10/09 03:45:55.617, 0, 79300, 97871, 100, 481.05
2026/10/09 03:45:55.617, 1, 81361, 97871, 99, 492.52
2026/10/09 03:45:55.617, 2, 80533, 97871, 99, 466.01
2026/10/09 03:45:55.617, 3, 81134, 97871, 100, 475.16
2026/10/09 03:45:56.617, 0, 79300, 97871, 99, 474.81
2026/10/09 03:45:56.617, 1, 81361, 97871, 99, 491.35
2026/10/09 03:45:56.617, 2, 80533, 97871, 99, 471.10
2026/10/09 03:45:56.617, 3, 81134, 97871, 100, 478.98
2026/10/09 03:45:57.618, 0, 79300, 97871, 99, 504.54
2026/10/09 03:45:57.618, 1, 81361, 97871, 99, 490.15
2026/10/09 03:45:57.618, 2, 80533, 97871, 99, 470.47
2026/10/09 03:45:57.618, 3, 81134, 97871, 74, 480.38
2026/10/09 03:45:58.618, 0, 79300, 97871, 99, 477.53
2026/10/09 03:45:58.618, 1, 81361, 97871, 99, 490.34
2026/10/09 03:45:58.618, 2, 80533, 97871, 100, 470.75
2026/10/09 03:45:58.618, 3, 81134, 97871, 100, 524.00
2026/10/09 03:45:59.618, 0, 79300, 97871, 99, 491.37
2026/10/09 03:45:59.618, 1, 81361, 97871, 99, 488.32
2026/10/09 03:45:59.618, 2, 80533, 97871, 100, 469.93
2026/10/09 03:45:59.618, 3, 81134, 97871, 100, 526.71
2026/10/09 03:46:00.618, 0, 80580, 97871, 99, 455.38
2026/10/09 03:46:00.619, 1, 81361, 97871, 99, 490.75
2026/10/09 03:46:00.620, 2, 80533, 97871, 99, 467.51
2026/10/09 03:46:00.620, 3, 81134, 97871, 100, 517.75
2026/10/09 03:46:01.620, 0, 80580, 97871, 100, 533.60
2026/10/09 03:46:01.620, 1, 81361, 97871, 99, 490.49
2026/10/09 03:46:01.620, 2, 80533, 97871, 99, 472.85
2026/10/09 03:46:01.620, 3, 81134, 97871, 100, 526.13
2026/10/09 03:46:02.620, 0, 80580, 97871, 100, 516.65
2026/10/09 03:46:02.620, 1, 81361, 97871, 99, 486.55
2026/10/09 03:46:02.620, 2, 80533, 97871, 9, 442.79
2026/10/09 03:46:02.620, 3, 81134, 97871, 100, 520.31
2026/10/09 03:46:03.620, 0, 80580, 97871, 100, 523.51
2026/10/09 03:46:03.620, 1, 81361, 97871, 99, 493.99
2026/10/09 03:46:03.620, 2, 80533, 97871, 100, 517.58
2026/10/09 03:46:03.620, 3, 81134, 97871, 100, 514.96
2026/10/09 03:46:04.620, 0, 80580, 97871, 100, 524.50
2026/10/09 03:46:04.621, 1, 81361, 97871, 99, 493.36
2026/10/09 03:46:04.621, 2, 80533, 97871, 100, 513.93
2026/10/09 03:46:04.621, 3, 81134, 97871, 100, 518.13
2026/10/09 03:46:05.621, 0, 80580, 97871, 100, 523.41
2026/10/09 03:46:05.621, 1, 81361, 97871, 99, 492.04
2026/10/09 03:46:05.621, 2, 80533, 97871, 100, 514.81
2026/10/09 03:46:05.621, 3, 81134, 97871, 100, 524.12
2026/10/09 03:46:06.621, 0, 80580, 97871, 100, 528.49
2026/10/09 03:46:06.621, 1, 81361, 97871, 99, 489.04
2026/10/09 03:46:06.621, 2, 80533, 97871, 100, 514.78
2026/10/09 03:46:06.621, 3, 81134, 97871, 100, 523.02
2026/10/09 03:46:07.621, 0, 80580, 97871, 100, 533.68
2026/10/09 03:46:07.621, 1, 81361, 97871, 100, 492.71
2026/10/09 03:46:07.621, 2, 80533, 97871, 100, 517.88
2026/10/09 03:46:07.621, 3, 81134, 97871, 100, 513.22
2026/10/09 03:46:08.621, 0, 80580, 97871, 100, 532.83
2026/10/09 03:46:08.621, 1, 81361, 97871, 100, 523.83
2026/10/09 03:46:08.622, 2, 80533, 97871, 100, 515.79
2026/10/09 03:46:08.622, 3, 81134, 97871, 100, 526.25
2026/10/09 03:46:09.622, 0, 80580, 97871, 100, 527.32
2026/10/09 03:46:09.622, 1, 81361, 97871, 100, 532.72
2026/10/09 03:46:09.622, 2, 80533, 97871, 100, 514.83
2026/10/09 03:46:09.622, 3, 81134, 97871, 100, 524.14
2026/10/09 03:46:10.622, 0, 80580, 97871, 100, 533.15
2026/10/09 03:46:10.622, 1, 81361, 97871, 100, 529.83
2026/10/09 03:46:10.622, 2, 80533, 97871, 100, 519.38
2026/10/09 03:46:10.622, 3, 81134, 97871, 100, 529.21
2026/10/09 03:46:11.622, 0, 80580, 97871, 100, 541.25
2026/10/09 03:46:11.622, 1, 81361, 97871, 100, 532.11
2026/10/09 03:46:11.622, 2, 80533, 97871, 100, 518.88
2026/10/09 03:46:11.622, 3, 81134, 97871, 100, 527.54
2026/10/09 03:46:12.622, 0, 80580, 97871, 100, 543.08
2026/10/09 03:46:12.622, 1, 81361, 97871, 100, 527.31
2026/10/09 03:46:12.622, 2, 80533, 97871, 100, 516.51
2026/10/09 03:46:12.623, 3, 81134, 97871, 100, 521.13
2026/10/09 03:46:13.623, 0, 80580, 97871, 100, 540.84
2026/10/09 03:46:13.623, 1, 81361, 97871, 100, 528.46
2026/10/09 03:46:13.623, 2, 80533, 97871, 100, 528.36
2026/10/09 03:46:13.623, 3, 81134, 97871, 100, 514.41
2026/10/09 03:46:14.623, 0, 80580, 97871, 100, 515.14
2026/10/09 03:46:14.623, 1, 81361, 97871, 100, 524.53
2026/10/09 03:46:14.623, 2, 80533, 97871, 100, 512.33
2026/10/09 03:46:14.623, 3, 81134, 97871, 100, 522.20
2026/10/09 03:46:15.623, 0, 80580, 97871, 100, 544.39
2026/10/09 03:46:15.623, 1, 81361, 97871, 100, 531.29
2026/10/09 03:46:15.623, 2, 80533, 97871, 100, 525.65
2026/10/09 03:46:15.623, 3, 81134, 97871, 100, 521.00
2026/10/09 03:46:16.623, 0, 80580, 97871, 100, 512.80
2026/10/09 03:46:16.623, 1, 81361, 97871, 100, 526.68
2026/10/09 03:46:16.623, 2, 80533, 97871, 100, 510.75
2026/10/09 03:46:16.623, 3, 81134, 97871, 100, 527.02
2026/10/09 03:46:17.624, 0, 80580, 97871, 100, 535.42
2026/10/09 03:46:17.624, 1, 81361, 97871, 100, 531.69
2026/10/09 03:46:17.624, 2, 80533, 97871, 100, 526.53
2026/10/09 03:46:17.624, 3, 81134, 97871, 100, 519.59
2026/10/09 03:46:18.624, 0, 80580, 97871, 100, 529.13
2026/10/09 03:46:18.624, 1, 81361, 97871, 100, 527.97
2026/10/09 03:46:18.624, 2, 80533, 97871, 100, 513.06
2026/10/09 03:46:18.624, 3, 81134, 97871, 100, 524.25
2026/10/09 03:46:19.624, 0, 80580, 97871, 100, 525.31
2026/10/09 03:46:19.624, 1, 81361, 97871, 100, 532.22
2026/10/09 03:46:19.624, 2, 80533, 97871, 100, 525.25
2026/10/09 03:46:19.624, 3, 81134, 97871, 100, 528.77
2026/10/09 03:46:20.624, 0, 80580, 97871, 100, 542.61
2026/10/09 03:46:20.624, 1, 81361, 97871, 100, 533.60
2026/10/09 03:46:20.624, 2, 80533, 97871, 100, 516.66
2026/10/09 03:46:20.624, 3, 81134, 97871, 100, 524.20
2026/10/09 03:46:21.625, 0, 80580, 97871, 100, 521.98
2026/10/09 03:46:21.625, 1, 81361, 97871, 100, 532.73
2026/10/09 03:46:21.625, 2, 80533, 97871, 100, 513.98
2026/10/09 03:46:21.625, 3, 81134, 97871, 100, 519.29
2026/10/09 03:46:22.625, 0, 80580, 97871, 100, 520.96
2026/10/09 03:46:22.625, 1, 81361, 97871, 100, 528.23
2026/10/09 03:46:22.625, 2, 80533, 97871, 100, 520.91
2026/10/09 03:46:22.625, 3, 81134, 97871, 60, 500.49
2026/10/09 03:46:23.625, 0, 80580, 97871, 100, 526.95
2026/10/09 03:46:23.625, 1, 81361, 97871, 100, 534.64
2026/10/09 03:46:23.625, 2, 80533, 97871, 100, 508.44
2026/10/09 03:46:23.625, 3, 81134, 97871, 100, 411.83
2026/10/09 03:46:24.625, 0, 80580, 97871, 100, 528.39
2026/10/09 03:46:24.625, 1, 81361, 97871, 100, 532.78
2026/10/09 03:46:24.625, 2, 80533, 97871, 100, 522.88
2026/10/09 03:46:24.625, 3, 81134, 97871, 0, 419.64
2026/10/09 03:46:25.625, 0, 80580, 97871, 100, 525.41
2026/10/09 03:46:25.626, 1, 81361, 97871, 100, 527.39
2026/10/09 03:46:25.626, 2, 80533, 97871, 100, 520.37
2026/10/09 03:46:25.626, 3, 81134, 97871, 100, 502.31
2026/10/09 03:46:26.626, 0, 80580, 97871, 100, 524.42
2026/10/09 03:46:26.626, 1, 81361, 97871, 100, 523.96
2026/10/09 03:46:26.626, 2, 80533, 97871, 100, 512.58
2026/10/09 03:46:26.626, 3, 81134, 97871, 100, 521.89
2026/10/09 03:46:27.626, 0, 80580, 97871, 100, 532.57
2026/10/09 03:46:27.626, 1, 81361, 97871, 100, 535.21
2026/10/09 03:46:27.626, 2, 80533, 97871, 100, 517.26
2026/10/09 03:46:27.626, 3, 81134, 97871, 100, 522.63
2026/10/09 03:46:28.626, 0, 80580, 97871, 42, 432.32
2026/10/09 03:46:28.626, 1, 81361, 97871, 100, 530.78
2026/10/09 03:46:28.626, 2, 80533, 97871, 100, 518.46
2026/10/09 03:46:28.626, 3, 81134, 97871, 76, 494.31
2026/10/09 03:46:29.626, 0, 80580, 97871, 99, 386.02
2026/10/09 03:46:29.627, 1, 81361, 97871, 100, 526.87
2026/10/09 03:46:29.627, 2, 80533, 97871, 100, 520.63
2026/10/09 03:46:29.627, 3, 81134, 97871, 100, 499.85
2026/10/09 03:46:30.627, 0, 80580, 97871, 100, 477.30
2026/10/09 03:46:30.627, 1, 81361, 97871, 100, 531.83
2026/10/09 03:46:30.627, 2, 80533, 97871, 100, 515.46
2026/10/09 03:46:30.627, 3, 81134, 97871, 100, 524.38
2026/10/09 03:46:31.627, 0, 80580, 97871, 100, 545.40
2026/10/09 03:46:31.627, 1, 81361, 97871, 100, 530.01
2026/10/09 03:46:31.627, 2, 80533, 97871, 82, 413.41
2026/10/09 03:46:31.627, 3, 81134, 97871, 100, 520.80
2026/10/09 03:46:32.627, 0, 80580, 97871, 100, 543.73
2026/10/09 03:46:32.627, 1, 81361, 97871, 100, 531.57
2026/10/09 03:46:32.627, 2, 80533, 97871, 99, 404.84
2026/10/09 03:46:32.627, 3, 81134, 97871, 100, 515.96
2026/10/09 03:46:33.627, 0, 80580, 97871, 100, 532.70
2026/10/09 03:46:33.627, 1, 81361, 97871, 100, 530.69
2026/10/09 03:46:33.627, 2, 80533, 97871, 100, 464.75
2026/10/09 03:46:33.627, 3, 81134, 97871, 100, 519.25
2026/10/09 03:46:34.628, 0, 80580, 97871, 99, 481.07
2026/10/09 03:46:34.628, 1, 81361, 97871, 100, 542.09
2026/10/09 03:46:34.628, 2, 80533, 97871, 100, 526.92
2026/10/09 03:46:34.628, 3, 81134, 97871, 100, 519.12
2026/10/09 03:46:35.628, 0, 80580, 97871, 100, 536.00
2026/10/09 03:46:35.628, 1, 81361, 97871, 100, 524.21
2026/10/09 03:46:35.628, 2, 80533, 97871, 100, 525.91
2026/10/09 03:46:35.628, 3, 81134, 97871, 100, 517.20
2026/10/09 03:46:36.628, 0, 80580, 97871, 100, 542.22
2026/10/09 03:46:36.628, 1, 81361, 97871, 100, 512.15
2026/10/09 03:46:36.628, 2, 80533, 97871, 100, 507.72
2026/10/09 03:46:36.628, 3, 81134, 97871, 100, 519.22
2026/10/09 03:46:37.628, 0, 80580, 97871, 100, 539.03
2026/10/09 03:46:37.629, 1, 81361, 97871, 99, 426.96
2026/10/09 03:46:37.629, 2, 80533, 97871, 100, 500.39
2026/10/09 03:46:37.629, 3, 81134, 97871, 100, 515.49
2026/10/09 03:46:38.629, 0, 80580, 97871, 100, 532.31
2026/10/09 03:46:38.629, 1, 81361, 97871, 100, 478.86
2026/10/09 03:46:38.629, 2, 80533, 97871, 100, 520.24
2026/10/09 03:46:38.629, 3, 81134, 97871, 100, 514.08
2026/10/09 03:46:39.629, 0, 80580, 97871, 100, 533.03
2026/10/09 03:46:39.629, 1, 81361, 97871, 100, 536.44
2026/10/09 03:46:39.629, 2, 80533, 97871, 100, 524.18
2026/10/09 03:46:39.629, 3, 81134, 97871, 100, 516.39
2026/10/09 03:46:40.629, 0, 80580, 97871, 100, 534.91
2026/10/09 03:46:40.629, 1, 81361, 97871, 100, 537.82
2026/10/09 03:46:40.629, 2, 80533, 97871, 100, 505.63
2026/10/09 03:46:40.629, 3, 81134, 97871, 100, 515.33
2026/10/09 03:46:41.629, 0, 80580, 97871, 100, 529.36
2026/10/09 03:46:41.629, 1, 81361, 97871, 100, 524.59
2026/10/09 03:46:41.629, 2, 80533, 97871, 100, 511.85
2026/10/09 03:46:41.630, 3, 81134, 97871, 100, 518.27
2026/10/09 03:46:42.630, 0, 80580, 97871, 100, 526.93
2026/10/09 03:46:42.630, 1, 81361, 97871, 99, 496.58
2026/10/09 03:46:42.630, 2, 80533, 97871, 100, 516.34
2026/10/09 03:46:42.630, 3, 81134, 97871, 100, 516.80
2026/10/09 03:46:43.630, 0, 80580, 97871, 100, 530.61
2026/10/09 03:46:43.630, 1, 81361, 97871, 100, 524.82
2026/10/09 03:46:43.630, 2, 80533, 97871, 100, 513.42
2026/10/09 03:46:43.630, 3, 81134, 97871, 100, 514.28
2026/10/09 03:46:44.630, 0, 80580, 97871, 100, 532.15
2026/10/09 03:46:44.630, 1, 81361, 97871, 100, 535.21
2026/10/09 03:46:44.630, 2, 80533, 97871, 100, 506.35
2026/10/09 03:46:44.630, 3, 81134, 97871, 85, 509.20
2026/10/09 03:46:45.630, 0, 80580, 97871, 100, 526.57
2026/10/09 03:46:45.630, 1, 81361, 97871, 100, 531.59
2026/10/09 03:46:45.630, 2, 80533, 97871, 100, 513.04
2026/10/09 03:46:45.631, 3, 81134, 97871, 93, 462.64
2026/10/09 03:46:46.631, 0, 80580, 97871, 100, 525.29
2026/10/09 03:46:46.631, 1, 81361, 97871, 100, 526.21
2026/10/09 03:46:46.631, 2, 80533, 97871, 100, 507.46
2026/10/09 03:46:46.631, 3, 81134, 97871, 100, 412.55
2026/10/09 03:46:47.631, 0, 80580, 97871, 100, 528.67
2026/10/09 03:46:47.631, 1, 81361, 97871, 100, 530.49
2026/10/09 03:46:47.631, 2, 80533, 97871, 100, 503.32
2026/10/09 03:46:47.631, 3, 81134, 97871, 100, 523.34
2026/10/09 03:46:48.631, 0, 80580, 97871, 100, 528.07
2026/10/09 03:46:48.631, 1, 81361, 97871, 100, 530.66
2026/10/09 03:46:48.631, 2, 80533, 97871, 100, 509.26
2026/10/09 03:46:48.631, 3, 81134, 97871, 100, 525.49
2026/10/09 03:46:49.631, 0, 80580, 97871, 100, 527.27
2026/10/09 03:46:49.631, 1, 81361, 97871, 100, 524.61
2026/10/09 03:46:49.631, 2, 80533, 97871, 100, 511.39
2026/10/09 03:46:49.631, 3, 81134, 97871, 100, 523.53
2026/10/09 03:46:50.632, 0, 80580, 97871, 63, 502.61
2026/10/09 03:46:50.632, 1, 81361, 97871, 100, 525.56
2026/10/09 03:46:50.632, 2, 80533, 97871, 100, 509.08
2026/10/09 03:46:50.632, 3, 81134, 97871, 100, 522.65
2026/10/09 03:46:51.632, 0, 80580, 97871, 100, 474.10
2026/10/09 03:46:51.632, 1, 81361, 97871, 100, 524.93
2026/10/09 03:46:51.632, 2, 80533, 97871, 100, 508.06
2026/10/09 03:46:51.632, 3, 81134, 97871, 100, 515.00
2026/10/09 03:46:52.632, 0, 80580, 97871, 100, 447.49
2026/10/09 03:46:52.632, 1, 81361, 97871, 100, 521.32
2026/10/09 03:46:52.632, 2, 80533, 97871, 100, 504.98
2026/10/09 03:46:52.632, 3, 81134, 97871, 100, 520.33
2026/10/09 03:46:53.632, 0, 80580, 97871, 100, 542.15
2026/10/09 03:46:53.632, 1, 81361, 97871, 100, 520.47
2026/10/09 03:46:53.632, 2, 80533, 97871, 68, 482.42
2026/10/09 03:46:53.632, 3, 81134, 97871, 100, 511.11
2026/10/09 03:46:54.632, 0, 80580, 97871, 100, 543.73
2026/10/09 03:46:54.633, 1, 81361, 97871, 100, 521.85
2026/10/09 03:46:54.633, 2, 80533, 97871, 52, 440.93
2026/10/09 03:46:54.633, 3, 81134, 97871, 65, 430.14
2026/10/09 03:46:55.633, 0, 80580, 97871, 100, 542.60
2026/10/09 03:46:55.633, 1, 81361, 97871, 100, 526.27
2026/10/09 03:46:55.633, 2, 80533, 97871, 100, 458.05
2026/10/09 03:46:55.633, 3, 81134, 97871, 100, 509.49
2026/10/09 03:46:56.633, 0, 80580, 97871, 100, 547.18
2026/10/09 03:46:56.633, 1, 81361, 97871, 100, 521.89
2026/10/09 03:46:56.633, 2, 80533, 97871, 100, 523.51
2026/10/09 03:46:56.633, 3, 81134, 97871, 100, 524.59
2026/10/09 03:46:57.633, 0, 80580, 97871, 100, 543.34
2026/10/09 03:46:57.633, 1, 81361, 97871, 100, 521.47
2026/10/09 03:46:57.633, 2, 80533, 97871, 100, 523.16
2026/10/09 03:46:57.633, 3, 81134, 97871, 100, 525.29
2026/10/09 03:46:58.633, 0, 80580, 97871, 100, 535.64
2026/10/09 03:46:58.633, 1, 81361, 97871, 100, 524.78
2026/10/09 03:46:58.634, 2, 80533, 97871, 100, 517.65
2026/10/09 03:46:58.634, 3, 81134, 97871, 100, 524.57
2026/10/09 03:46:59.634, 0, 80580, 97871, 99, 519.12
2026/10/09 03:46:59.634, 1, 81361, 97871, 100, 515.32
2026/10/09 03:46:59.634, 2, 80533, 97871, 100, 520.62
2026/10/09 03:46:59.634, 3, 81134, 97871, 100, 519.04
2026/10/09 03:47:00.634, 0, 80580, 97871, 99, 410.15
2026/10/09 03:47:00.634, 1, 81361, 97871, 100, 518.23
2026/10/09 03:47:00.634, 2, 80533, 97871, 100, 520.68
2026/10/09 03:47:00.634, 3, 81134, 97871, 100, 518.92
2026/10/09 03:47:01.634, 0, 80580, 97871, 100, 545.28
2026/10/09 03:47:01.634, 1, 81361, 97871, 100, 482.44
2026/10/09 03:47:01.634, 2, 80533, 97871, 100, 508.87
2026/10/09 03:47:01.634, 3, 81134, 97871, 100, 518.19
2026/10/09 03:47:02.634, 0, 80580, 97871, 100, 544.36
2026/10/09 03:47:02.634, 1, 81361, 97871, 100, 536.88
2026/10/09 03:47:02.634, 2, 80533, 97871, 100, 499.61
2026/10/09 03:47:02.634, 3, 81134, 97871, 100, 519.54
2026/10/09 03:47:03.635, 0, 80580, 97871, 100, 542.60
2026/10/09 03:47:03.635, 1, 81361, 97871, 100, 534.15
2026/10/09 03:47:03.635, 2, 80533, 97871, 89, 465.03
2026/10/09 03:47:03.635, 3, 81134, 97871, 100, 519.96
2026/10/09 03:47:04.635, 0, 80580, 97871, 100, 539.53
2026/10/09 03:47:04.635, 1, 81361, 97871, 100, 532.72
2026/10/09 03:47:04.635, 2, 80533, 97871, 100, 507.95
2026/10/09 03:47:04.635, 3, 81134, 97871, 100, 522.06
2026/10/09 03:47:05.635, 0, 80580, 97871, 100, 540.29
2026/10/09 03:47:05.635, 1, 81361, 97871, 100, 536.94
2026/10/09 03:47:05.635, 2, 80533, 97871, 100, 523.47
2026/10/09 03:47:05.635, 3, 81134, 97871, 100, 520.74
2026/10/09 03:47:06.635, 0, 80580, 97871, 100, 536.57
2026/10/09 03:47:06.635, 1, 81361, 97871, 100, 537.20
2026/10/09 03:47:06.635, 2, 80533, 97871, 100, 520.58
2026/10/09 03:47:06.635, 3, 81134, 97871, 100, 519.27
2026/10/09 03:47:07.635, 0, 80580, 97871, 100, 531.04
2026/10/09 03:47:07.636, 1, 81361, 97871, 100, 523.87
2026/10/09 03:47:07.636, 2, 80533, 97871, 100, 520.76
2026/10/09 03:47:07.636, 3, 81134, 97871, 100, 517.32
2026/10/09 03:47:08.636, 0, 80580, 97871, 100, 535.65
2026/10/09 03:47:08.636, 1, 81361, 97871, 100, 520.08
2026/10/09 03:47:08.636, 2, 80533, 97871, 100, 520.29
2026/10/09 03:47:08.636, 3, 81134, 97871, 100, 517.70
2026/10/09 03:47:09.636, 0, 80580, 97871, 100, 535.81
2026/10/09 03:47:09.636, 1, 81361, 97871, 91, 497.08
2026/10/09 03:47:09.636, 2, 80533, 97871, 100, 515.00
2026/10/09 03:47:09.636, 3, 81134, 97871, 100, 518.78
2026/10/09 03:47:10.636, 0, 80580, 97871, 100, 531.77
2026/10/09 03:47:10.636, 1, 81361, 97871, 100, 538.95
2026/10/09 03:47:10.636, 2, 80533, 97871, 100, 501.79
2026/10/09 03:47:10.636, 3, 81134, 97871, 100, 522.18
2026/10/09 03:47:11.636, 0, 80580, 97871, 100, 533.91
2026/10/09 03:47:11.636, 1, 81361, 97871, 100, 536.06
2026/10/09 03:47:11.636, 2, 80533, 97871, 100, 511.40
2026/10/09 03:47:11.637, 3, 81134, 97871, 100, 519.34
2026/10/09 03:47:12.637, 0, 80580, 97871, 100, 530.08
2026/10/09 03:47:12.637, 1, 81361, 97871, 100, 531.17
2026/10/09 03:47:12.637, 2, 80533, 97871, 100, 515.08
2026/10/09 03:47:12.637, 3, 81134, 97871, 100, 518.62
2026/10/09 03:47:13.637, 0, 80580, 97871, 100, 528.67
2026/10/09 03:47:13.637, 1, 81361, 97871, 100, 531.30
2026/10/09 03:47:13.637, 2, 80533, 97871, 100, 516.89
2026/10/09 03:47:13.637, 3, 81134, 97871, 100, 519.60
2026/10/09 03:47:14.637, 0, 80580, 97871, 100, 529.65
2026/10/09 03:47:14.637, 1, 81361, 97871, 100, 535.65
2026/10/09 03:47:14.637, 2, 80533, 97871, 100, 512.84
2026/10/09 03:47:14.637, 3, 81134, 97871, 100, 521.15
2026/10/09 03:47:15.637, 0, 80580, 97871, 100, 530.65
2026/10/09 03:47:15.637, 1, 81361, 97871, 100, 531.02
2026/10/09 03:47:15.637, 2, 80533, 97871, 100, 508.89
2026/10/09 03:47:15.637, 3, 81134, 97871, 100, 519.85
2026/10/09 03:47:16.638, 0, 80580, 97871, 100, 534.93
2026/10/09 03:47:16.638, 1, 81361, 97871, 100, 520.88
2026/10/09 03:47:16.638, 2, 80533, 97871, 100, 503.63
2026/10/09 03:47:16.638, 3, 81134, 97871, 100, 518.20
2026/10/09 03:47:17.638, 0, 80580, 97871, 100, 531.59
2026/10/09 03:47:17.638, 1, 81361, 97871, 100, 525.01
2026/10/09 03:47:17.638, 2, 80533, 97871, 100, 507.44
2026/10/09 03:47:17.638, 3, 81134, 97871, 100, 516.87
2026/10/09 03:47:18.638, 0, 80580, 97871, 100, 531.74
2026/10/09 03:47:18.638, 1, 81361, 97871, 100, 528.31
2026/10/09 03:47:18.638, 2, 80533, 97871, 100, 512.03
2026/10/09 03:47:18.638, 3, 81134, 97871, 100, 518.57
2026/10/09 03:47:19.638, 0, 80580, 97871, 100, 530.90
2026/10/09 03:47:19.638, 1, 81361, 97871, 100, 528.63
2026/10/09 03:47:19.638, 2, 80533, 97871, 100, 509.30
2026/10/09 03:47:19.638, 3, 81134, 97871, 100, 516.82
2026/10/09 03:47:20.639, 0, 80580, 97871, 100, 535.14
2026/10/09 03:47:20.639, 1, 81361, 97871, 100, 527.81
2026/10/09 03:47:20.639, 2, 80533, 97871, 100, 510.49
2026/10/09 03:47:20.639, 3, 81134, 97871, 100, 518.87
2026/10/09 03:47:21.639, 0, 80580, 97871, 100, 529.72
2026/10/09 03:47:21.639, 1, 81361, 97871, 100, 522.27
2026/10/09 03:47:21.639, 2, 80533, 97871, 100, 510.47
2026/10/09 03:47:21.639, 3, 81134, 97871, 100, 516.45
2026/10/09 03:47:22.639, 0, 80580, 97871, 100, 534.05
2026/10/09 03:47:22.639, 1, 81361, 97871, 100, 520.16
2026/10/09 03:47:22.639, 2, 80533, 97871, 100, 507.74
2026/10/09 03:47:22.639, 3, 81134, 97871, 100, 517.83
2026/10/09 03:47:23.639, 0, 80580, 97871, 100, 532.77
2026/10/09 03:47:23.639, 1, 81361, 97871, 100, 524.52
2026/10/09 03:47:23.639, 2, 80533, 97871, 100, 507.63
2026/10/09 03:47:23.639, 3, 81134, 97871, 100, 518.91
2026/10/09 03:47:24.639, 0, 80580, 97871, 100, 533.28
2026/10/09 03:47:24.640, 1, 81361, 97871, 100, 524.53
2026/10/09 03:47:24.640, 2, 80533, 97871, 100, 514.23
2026/10/09 03:47:24.640, 3, 81134, 97871, 100, 513.76
2026/10/09 03:47:25.640, 0, 80580, 97871, 100, 533.40
2026/10/09 03:47:25.640, 1, 81361, 97871, 100, 523.88
2026/10/09 03:47:25.640, 2, 80533, 97871, 100, 509.41
2026/10/09 03:47:25.640, 3, 81134, 97871, 95, 485.61
2026/10/09 03:47:26.640, 0, 80580, 97871, 100, 530.38
2026/10/09 03:47:26.640, 1, 81361, 97871, 100, 526.36
2026/10/09 03:47:26.640, 2, 80533, 97871, 100, 509.50
2026/10/09 03:47:26.640, 3, 81134, 97871, 100, 388.59
2026/10/09 03:47:27.640, 0, 80580, 97871, 100, 529.97
2026/10/09 03:47:27.640, 1, 81361, 97871, 100, 526.76
2026/10/09 03:47:27.640, 2, 80533, 97871, 100, 514.66
2026/10/09 03:47:27.640, 3, 81134, 97871, 100, 525.70
2026/10/09 03:47:28.640, 0, 80580, 97871, 100, 528.74
2026/10/09 03:47:28.641, 1, 81361, 97871, 100, 526.47
2026/10/09 03:47:28.641, 2, 80533, 97871, 100, 509.31
2026/10/09 03:47:28.641, 3, 81134, 97871, 100, 522.53
2026/10/09 03:47:29.641, 0, 80580, 97871, 95, 525.42
2026/10/09 03:47:29.641, 1, 81361, 97871, 100, 526.78
2026/10/09 03:47:29.641, 2, 80533, 97871, 100, 513.99
2026/10/09 03:47:29.641, 3, 81134, 97871, 100, 519.24
2026/10/09 03:47:30.641, 0, 80580, 97871, 60, 476.76
2026/10/09 03:47:30.641, 1, 81361, 97871, 100, 527.59
2026/10/09 03:47:30.641, 2, 80533, 97871, 100, 511.64
2026/10/09 03:47:30.641, 3, 81134, 97871, 100, 519.68
2026/10/09 03:47:31.641, 0, 80580, 97871, 99, 427.95
2026/10/09 03:47:31.641, 1, 81361, 97871, 100, 526.88
2026/10/09 03:47:31.641, 2, 80533, 97871, 100, 505.32
2026/10/09 03:47:31.641, 3, 81134, 97871, 100, 521.11
2026/10/09 03:47:32.641, 0, 80580, 97871, 100, 494.24
2026/10/09 03:47:32.642, 1, 81361, 97871, 100, 524.37
2026/10/09 03:47:32.642, 2, 80533, 97871, 100, 505.20
2026/10/09 03:47:32.642, 3, 81134, 97871, 100, 517.89
2026/10/09 03:47:33.642, 0, 80580, 97871, 100, 543.10
2026/10/09 03:47:33.642, 1, 81361, 97871, 100, 524.95
2026/10/09 03:47:33.642, 2, 80533, 97871, 100, 503.84
2026/10/09 03:47:33.642, 3, 81134, 97871, 100, 519.37
2026/10/09 03:47:34.642, 0, 80580, 97871, 100, 545.93
2026/10/09 03:47:34.642, 1, 81361, 97871, 100, 527.52
2026/10/09 03:47:34.642, 2, 80533, 97871, 85, 494.68
2026/10/09 03:47:34.642, 3, 81134, 97871, 100, 521.48
2026/10/09 03:47:35.642, 0, 80580, 97871, 100, 543.04
2026/10/09 03:47:35.642, 1, 81361, 97871, 100, 524.68
2026/10/09 03:47:35.642, 2, 80533, 97871, 60, 435.62
2026/10/09 03:47:35.642, 3, 81134, 97871, 100, 516.94
2026/10/09 03:47:36.642, 0, 80580, 97871, 100, 541.72
2026/10/09 03:47:36.642, 1, 81361, 97871, 100, 528.59
2026/10/09 03:47:36.642, 2, 80533, 97871, 100, 453.49
2026/10/09 03:47:36.642, 3, 81134, 97871, 100, 520.02
2026/10/09 03:47:37.643, 0, 80580, 97871, 100, 543.85
2026/10/09 03:47:37.643, 1, 81361, 97871, 100, 523.60
2026/10/09 03:47:37.643, 2, 80533, 97871, 100, 521.49
2026/10/09 03:47:37.643, 3, 81134, 97871, 100, 515.94
2026/10/09 03:47:38.643, 0, 80580, 97871, 100, 542.23
2026/10/09 03:47:38.643, 1, 81361, 97871, 100, 522.19
2026/10/09 03:47:38.643, 2, 80533, 97871, 100, 517.50
2026/10/09 03:47:38.643, 3, 81134, 97871, 100, 515.22
2026/10/09 03:47:39.643, 0, 80580, 97871, 100, 539.98
2026/10/09 03:47:39.643, 1, 81361, 97871, 100, 521.64
2026/10/09 03:47:39.643, 2, 80533, 97871, 100, 520.14
2026/10/09 03:47:39.643, 3, 81134, 97871, 99, 511.97
2026/10/09 03:47:40.643, 0, 80580, 97871, 100, 542.93
2026/10/09 03:47:40.643, 1, 81361, 97871, 100, 522.30
2026/10/09 03:47:40.643, 2, 80533, 97871, 100, 521.94
2026/10/09 03:47:40.643, 3, 81134, 97871, 100, 516.11
2026/10/09 03:47:41.643, 0, 80580, 97871, 100, 542.12
2026/10/09 03:47:41.644, 1, 81361, 97871, 100, 513.36
2026/10/09 03:47:41.644, 2, 80533, 97871, 100, 521.07
2026/10/09 03:47:41.644, 3, 81134, 97871, 99, 507.34
2026/10/09 03:47:42.644, 0, 80580, 97871, 100, 541.25
2026/10/09 03:47:42.644, 1, 81361, 97871, 100, 482.00
2026/10/09 03:47:42.644, 2, 80533, 97871, 100, 521.01
2026/10/09 03:47:42.644, 3, 81134, 97871, 100, 482.87
2026/10/09 03:47:43.644, 0, 80580, 97871, 100, 533.34
2026/10/09 03:47:43.644, 1, 81361, 97871, 100, 456.64
2026/10/09 03:47:43.644, 2, 80533, 97871, 100, 520.05
2026/10/09 03:47:43.644, 3, 81134, 97871, 100, 520.16
2026/10/09 03:47:44.644, 0, 80580, 97871, 100, 531.09
2026/10/09 03:47:44.644, 1, 81361, 97871, 100, 534.77
2026/10/09 03:47:44.644, 2, 80533, 97871, 100, 522.77
2026/10/09 03:47:44.644, 3, 81134, 97871, 100, 512.74
2026/10/09 03:47:45.644, 0, 80580, 97871, 100, 527.95
2026/10/09 03:47:45.645, 1, 81361, 97871, 100, 535.37
2026/10/09 03:47:45.645, 2, 80533, 97871, 100, 522.53
2026/10/09 03:47:45.645, 3, 81134, 97871, 100, 519.52
2026/10/09 03:47:46.645, 0, 80580, 97871, 54, 481.48
2026/10/09 03:47:46.645, 1, 81361, 97871, 100, 536.33
2026/10/09 03:47:46.645, 2, 80533, 97871, 100, 520.69
2026/10/09 03:47:46.645, 3, 81134, 97871, 100, 521.67
2026/10/09 03:47:47.645, 0, 80580, 97871, 98, 417.15
2026/10/09 03:47:47.645, 1, 81361, 97871, 100, 536.26
2026/10/09 03:47:47.645, 2, 80533, 97871, 100, 508.52
2026/10/09 03:47:47.645, 3, 81134, 97871, 100, 515.63
2026/10/09 03:47:48.645, 0, 80580, 97871, 100, 542.84
2026/10/09 03:47:48.645, 1, 81361, 97871, 100, 535.10
2026/10/09 03:47:48.645, 2, 80533, 97871, 100, 500.98
2026/10/09 03:47:48.645, 3, 81134, 97871, 100, 518.11
2026/10/09 03:47:49.645, 0, 80580, 97871, 100, 543.54
2026/10/09 03:47:49.645, 1, 81361, 97871, 100, 535.33
2026/10/09 03:47:49.645, 2, 80533, 97871, 100, 498.14
2026/10/09 03:47:49.645, 3, 81134, 97871, 100, 520.69
2026/10/09 03:47:50.646, 0, 80580, 97871, 100, 545.47
2026/10/09 03:47:50.646, 1, 81361, 97871, 100, 534.73
2026/10/09 03:47:50.646, 2, 80533, 97871, 100, 498.56
2026/10/09 03:47:50.646, 3, 81134, 97871, 100, 518.93
2026/10/09 03:47:51.646, 0, 80580, 97871, 100, 544.12
2026/10/09 03:47:51.646, 1, 81361, 97871, 100, 534.00
2026/10/09 03:47:51.646, 2, 80533, 97871, 94, 487.58
2026/10/09 03:47:51.646, 3, 81134, 97871, 100, 519.41
2026/10/09 03:47:52.646, 0, 80580, 97871, 100, 541.08
2026/10/09 03:47:52.646, 1, 81361, 97871, 100, 531.65
2026/10/09 03:47:52.646, 2, 80533, 97871, 100, 470.60
2026/10/09 03:47:52.646, 3, 81134, 97871, 100, 517.28
2026/10/09 03:47:53.646, 0, 80580, 97871, 100, 542.37
2026/10/09 03:47:53.646, 1, 81361, 97871, 100, 533.33
2026/10/09 03:47:53.646, 2, 80533, 97871, 100, 524.41
2026/10/09 03:47:53.646, 3, 81134, 97871, 100, 515.77
2026/10/09 03:47:54.647, 0, 80580, 97871, 100, 543.02
2026/10/09 03:47:54.647, 1, 81361, 97871, 100, 528.60
2026/10/09 03:47:54.647, 2, 80533, 97871, 100, 519.95
2026/10/09 03:47:54.647, 3, 81134, 97871, 100, 515.17
2026/10/09 03:47:55.647, 0, 80580, 97871, 100, 542.90
2026/10/09 03:47:55.647, 1, 81361, 97871, 100, 519.98
2026/10/09 03:47:55.647, 2, 80533, 97871, 100, 519.99
2026/10/09 03:47:55.647, 3, 81134, 97871, 100, 517.66
2026/10/09 03:47:56.647, 0, 80580, 97871, 100, 542.08
2026/10/09 03:47:56.647, 1, 81361, 97871, 100, 520.37
2026/10/09 03:47:56.647, 2, 80533, 97871, 100, 523.89
2026/10/09 03:47:56.647, 3, 81134, 97871, 100, 519.22
2026/10/09 03:47:57.647, 0, 80580, 97871, 100, 539.96
2026/10/09 03:47:57.647, 1, 81361, 97871, 100, 516.01
2026/10/09 03:47:57.647, 2, 80533, 97871, 100, 518.18
2026/10/09 03:47:57.647, 3, 81134, 97871, 100, 518.87
2026/10/09 03:47:58.647, 0, 80580, 97871, 100, 540.77
2026/10/09 03:47:58.648, 1, 81361, 97871, 100, 517.79
2026/10/09 03:47:58.648, 2, 80533, 97871, 100, 521.33
2026/10/09 03:47:58.648, 3, 81134, 97871, 100, 520.41
2026/10/09 03:47:59.648, 0, 80580, 97871, 100, 532.00
2026/10/09 03:47:59.648, 1, 81361, 97871, 100, 505.52
2026/10/09 03:47:59.648, 2, 80533, 97871, 100, 519.69
2026/10/09 03:47:59.648, 3, 81134, 97871, 100, 519.33
2026/10/09 03:48:00.648, 0, 80580, 97871, 100, 533.12
2026/10/09 03:48:00.648, 1, 81361, 97871, 100, 508.50
2026/10/09 03:48:00.648, 2, 80533, 97871, 100, 517.71
2026/10/09 03:48:00.648, 3, 81134, 97871, 100, 517.51
2026/10/09 03:48:01.648, 0, 80580, 97871, 100, 537.90
2026/10/09 03:48:01.648, 1, 81361, 97871, 100, 536.06
2026/10/09 03:48:01.648, 2, 80533, 97871, 100, 522.35
2026/10/09 03:48:01.648, 3, 81134, 97871, 100, 519.00
2026/10/09 03:48:02.648, 0, 80580, 97871, 100, 538.32
2026/10/09 03:48:02.648, 1, 81361, 97871, 100, 534.33
2026/10/09 03:48:02.648, 2, 80533, 97871, 100, 521.01
2026/10/09 03:48:02.649, 3, 81134, 97871, 100, 521.07
2026/10/09 03:48:03.649, 0, 80580, 97871, 100, 536.46
2026/10/09 03:48:03.649, 1, 81361, 97871, 100, 533.26
2026/10/09 03:48:03.649, 2, 80533, 97871, 100, 501.62
2026/10/09 03:48:03.649, 3, 81134, 97871, 100, 517.05
2026/10/09 03:48:04.649, 0, 80580, 97871, 100, 535.85
2026/10/09 03:48:04.649, 1, 81361, 97871, 100, 532.57
2026/10/09 03:48:04.649, 2, 80533, 97871, 100, 503.09
2026/10/09 03:48:04.649, 3, 81134, 97871, 100, 520.03
2026/10/09 03:48:05.649, 0, 80580, 97871, 100, 534.08
2026/10/09 03:48:05.649, 1, 81361, 97871, 100, 533.30
2026/10/09 03:48:05.649, 2, 80533, 97871, 100, 514.44
2026/10/09 03:48:05.649, 3, 81134, 97871, 100, 519.27
2026/10/09 03:48:06.649, 0, 80580, 97871, 100, 537.82
2026/10/09 03:48:06.649, 1, 81361, 97871, 100, 532.48
2026/10/09 03:48:06.649, 2, 80533, 97871, 100, 511.91
2026/10/09 03:48:06.649, 3, 81134, 97871, 100, 520.13
2026/10/09 03:48:07.650, 0, 80580, 97871, 100, 536.80
2026/10/09 03:48:07.650, 1, 81361, 97871, 100, 533.78
2026/10/09 03:48:07.650, 2, 80533, 97871, 100, 509.56
2026/10/09 03:48:07.650, 3, 81134, 97871, 100, 518.98
2026/10/09 03:48:08.650, 0, 80580, 97871, 100, 534.93
2026/10/09 03:48:08.650, 1, 81361, 97871, 100, 532.55
2026/10/09 03:48:08.650, 2, 80533, 97871, 100, 514.73
2026/10/09 03:48:08.650, 3, 81134, 97871, 100, 520.69
2026/10/09 03:48:09.650, 0, 80580, 97871, 100, 534.63
2026/10/09 03:48:09.650, 1, 81361, 97871, 100, 532.94
2026/10/09 03:48:09.650, 2, 80533, 97871, 100, 512.78
2026/10/09 03:48:09.650, 3, 81134, 97871, 100, 520.42
2026/10/09 03:48:10.650, 0, 80580, 97871, 100, 537.50
2026/10/09 03:48:10.650, 1, 81361, 97871, 100, 533.09
2026/10/09 03:48:10.650, 2, 80533, 97871, 100, 514.70
2026/10/09 03:48:10.650, 3, 81134, 97871, 100, 518.32
2026/10/09 03:48:11.651, 0, 80580, 97871, 100, 534.75
2026/10/09 03:48:11.651, 1, 81361, 97871, 100, 522.48
2026/10/09 03:48:11.651, 2, 80533, 97871, 100, 510.12
2026/10/09 03:48:11.651, 3, 81134, 97871, 100, 518.26
2026/10/09 03:48:12.651, 0, 80580, 97871, 100, 533.26
2026/10/09 03:48:12.651, 1, 81361, 97871, 100, 521.96
2026/10/09 03:48:12.651, 2, 80533, 97871, 100, 508.91
2026/10/09 03:48:12.651, 3, 81134, 97871, 100, 517.97
2026/10/09 03:48:13.651, 0, 80580, 97871, 100, 537.39
2026/10/09 03:48:13.651, 1, 81360, 97871, 100, 526.24
2026/10/09 03:48:13.651, 2, 80532, 97871, 100, 515.64
2026/10/09 03:48:13.651, 3, 81133, 97871, 100, 520.24
2026/10/09 03:48:14.651, 0, 80580, 97871, 100, 540.64
2026/10/09 03:48:14.651, 1, 81360, 97871, 100, 529.27
2026/10/09 03:48:14.651, 2, 80532, 97871, 100, 517.28
2026/10/09 03:48:14.651, 3, 81133, 97871, 100, 514.84
2026/10/09 03:48:15.651, 0, 80580, 97871, 100, 537.05
2026/10/09 03:48:15.652, 1, 81360, 97871, 100, 529.14
2026/10/09 03:48:15.652, 2, 80532, 97871, 100, 515.59
2026/10/09 03:48:15.652, 3, 81133, 97871, 100, 515.39
2026/10/09 03:48:16.652, 0, 80580, 97871, 100, 537.54
2026/10/09 03:48:16.652, 1, 81360, 97871, 100, 529.12
2026/10/09 03:48:16.652, 2, 80532, 97871, 100, 512.30
2026/10/09 03:48:16.652, 3, 81133, 97871, 100, 515.77
2026/10/09 03:48:17.652, 0, 80579, 97871, 100, 531.52
2026/10/09 03:48:17.652, 1, 81360, 97871, 100, 530.36
2026/10/09 03:48:17.652, 2, 80532, 97871, 100, 515.05
2026/10/09 03:48:17.652, 3, 81133, 97871, 100, 520.56
2026/10/09 03:48:18.652, 0, 80579, 97871, 100, 533.50
2026/10/09 03:48:18.652, 1, 81360, 97871, 100, 530.04
2026/10/09 03:48:18.652, 2, 80532, 97871, 100, 511.99
2026/10/09 03:48:18.652, 3, 81133, 97871, 100, 517.86
2026/10/09 03:48:19.652, 0, 80579, 97871, 100, 535.08
2026/10/09 03:48:19.653, 1, 81360, 97871, 100, 522.81
2026/10/09 03:48:19.653, 2, 80532, 97871, 100, 516.60
2026/10/09 03:48:19.653, 3, 81133, 97871, 100, 518.71
2026/10/09 03:48:20.653, 0, 80579, 97871, 100, 533.52
2026/10/09 03:48:20.653, 1, 81360, 97871, 100, 529.45
2026/10/09 03:48:20.653, 2, 80532, 97871, 100, 519.78
2026/10/09 03:48:20.653, 3, 81133, 97871, 100, 517.29
2026/10/09 03:48:21.653, 0, 80579, 97871, 100, 536.09
2026/10/09 03:48:21.653, 1, 81360, 97871, 100, 529.97
2026/10/09 03:48:21.653, 2, 80532, 97871, 100, 514.96
2026/10/09 03:48:21.653, 3, 81133, 97871, 100, 519.98
2026/10/09 03:48:22.653, 0, 80579, 97871, 100, 534.37
2026/10/09 03:48:22.653, 1, 81360, 97871, 100, 529.61
2026/10/09 03:48:22.653, 2, 80532, 97871, 100, 512.92
2026/10/09 03:48:22.653, 3, 81133, 97871, 100, 514.02
2026/10/09 03:48:23.653, 0, 80579, 97871, 100, 535.42
2026/10/09 03:48:23.654, 1, 81360, 97871, 100, 528.95
2026/10/09 03:48:23.654, 2, 80532, 97871, 100, 511.36
2026/10/09 03:48:23.654, 3, 81133, 97871, 100, 517.61
2026/10/09 03:48:24.654, 0, 80579, 97871, 100, 536.64
2026/10/09 03:48:24.654, 1, 81360, 97871, 100, 531.31
2026/10/09 03:48:24.654, 2, 80532, 97871, 100, 514.15
2026/10/09 03:48:24.654, 3, 81133, 97871, 100, 517.38
2026/10/09 03:48:25.654, 0, 80579, 97871, 100, 539.88
2026/10/09 03:48:25.654, 1, 81360, 97871, 100, 528.69
2026/10/09 03:48:25.654, 2, 80531, 97871, 100, 507.82
2026/10/09 03:48:25.654, 3, 81133, 97871, 100, 516.23
2026/10/09 03:48:26.654, 0, 80579, 97871, 100, 536.53
2026/10/09 03:48:26.654, 1, 81360, 97871, 100, 528.42
2026/10/09 03:48:26.654, 2, 80531, 97871, 100, 510.72
2026/10/09 03:48:26.654, 3, 81133, 97871, 100, 517.76
2026/10/09 03:48:27.655, 0, 80579, 97871, 100, 535.66
2026/10/09 03:48:27.655, 1, 81360, 97871, 100, 528.61
2026/10/09 03:48:27.655, 2, 80531, 97871, 100, 515.13
2026/10/09 03:48:27.655, 3, 81133, 97871, 100, 517.05
2026/10/09 03:48:28.655, 0, 80579, 97871, 100, 537.59
2026/10/09 03:48:28.655, 1, 81360, 97871, 100, 533.68
2026/10/09 03:48:28.655, 2, 80531, 97871, 100, 515.42
2026/10/09 03:48:28.655, 3, 81133, 97871, 100, 517.45
2026/10/09 03:48:29.655, 0, 80579, 97871, 100, 533.42
2026/10/09 03:48:29.655, 1, 81360, 97871, 100, 528.03
2026/10/09 03:48:29.655, 2, 80531, 97871, 100, 513.17
2026/10/09 03:48:29.655, 3, 81133, 97871, 100, 516.45
2026/10/09 03:48:30.655, 0, 80579, 97871, 100, 535.67
2026/10/09 03:48:30.655, 1, 81360, 97871, 100, 527.68
2026/10/09 03:48:30.655, 2, 80531, 97871, 100, 512.78
2026/10/09 03:48:30.655, 3, 81133, 97871, 100, 516.76
2026/10/09 03:48:31.656, 0, 80579, 97871, 100, 532.01
2026/10/09 03:48:31.656, 1, 81360, 97871, 100, 528.09
2026/10/09 03:48:31.656, 2, 80531, 97871, 100, 513.23
2026/10/09 03:48:31.656, 3, 81133, 97871, 100, 517.72
2026/10/09 03:48:32.656, 0, 80579, 97871, 100, 530.71
2026/10/09 03:48:32.656, 1, 81360, 97871, 100, 532.05
2026/10/09 03:48:32.656, 2, 80531, 97871, 100, 516.06
2026/10/09 03:48:32.656, 3, 81133, 97871, 100, 517.53
2026/10/09 03:48:33.656, 0, 80579, 97871, 100, 530.98
2026/10/09 03:48:33.656, 1, 81360, 97871, 100, 531.90
2026/10/09 03:48:33.656, 2, 80531, 97871, 100, 509.47
2026/10/09 03:48:33.656, 3, 81133, 97871, 100, 517.60
2026/10/09 03:48:34.656, 0, 80579, 97871, 100, 531.84
2026/10/09 03:48:34.656, 1, 81360, 97871, 100, 522.63
2026/10/09 03:48:34.656, 2, 80531, 97871, 100, 516.32
2026/10/09 03:48:34.656, 3, 81133, 97871, 100, 518.20
2026/10/09 03:48:35.657, 0, 80579, 97871, 100, 537.66
2026/10/09 03:48:35.657, 1, 81360, 97871, 100, 527.40
2026/10/09 03:48:35.657, 2, 80531, 97871, 100, 515.04
2026/10/09 03:48:35.657, 3, 81133, 97871, 100, 522.22
2026/10/09 03:48:36.657, 0, 80579, 97871, 100, 535.99
2026/10/09 03:48:36.657, 1, 81360, 97871, 100, 529.66
2026/10/09 03:48:36.657, 2, 80531, 97871, 100, 512.14
2026/10/09 03:48:36.657, 3, 81133, 97871, 100, 515.79
2026/10/09 03:48:37.657, 0, 80579, 97871, 100, 533.34
2026/10/09 03:48:37.657, 1, 81360, 97871, 100, 529.63
2026/10/09 03:48:37.657, 2, 80531, 97871, 100, 511.30
2026/10/09 03:48:37.657, 3, 81133, 97871, 100, 518.82
2026/10/09 03:48:38.657, 0, 80579, 97871, 100, 537.12
2026/10/09 03:48:38.657, 1, 81360, 97871, 100, 527.71
2026/10/09 03:48:38.658, 2, 80531, 97871, 100, 509.69
2026/10/09 03:48:38.658, 3, 81133, 97871, 100, 519.55
2026/10/09 03:48:39.658, 0, 80579, 97871, 100, 537.97
2026/10/09 03:48:39.658, 1, 81360, 97871, 100, 527.43
2026/10/09 03:48:39.658, 2, 80531, 97871, 100, 510.53
2026/10/09 03:48:39.658, 3, 81133, 97871, 100, 517.22
2026/10/09 03:48:40.658, 0, 80579, 97871, 100, 532.69
2026/10/09 03:48:40.658, 1, 81360, 97871, 100, 528.40
2026/10/09 03:48:40.658, 2, 80531, 97871, 100, 508.65
2026/10/09 03:48:40.658, 3, 81133, 97871, 100, 509.30
2026/10/09 03:48:41.658, 0, 80579, 97871, 100, 536.33
2026/10/09 03:48:41.658, 1, 81360, 97871, 100, 532.54
2026/10/09 03:48:41.658, 2, 80531, 97871, 100, 514.46
2026/10/09 03:48:41.658, 3, 81133, 97871, 100, 511.42
2026/10/09 03:48:42.658, 0, 80579, 97871, 100, 534.84
2026/10/09 03:48:42.658, 1, 81360, 97871, 100, 526.96
2026/10/09 03:48:42.659, 2, 80531, 97871, 100, 511.37
2026/10/09 03:48:42.659, 3, 81133, 97871, 100, 510.51
2026/10/09 03:48:43.659, 0, 80579, 97871, 100, 529.14
2026/10/09 03:48:43.659, 1, 81360, 97871, 100, 524.88
2026/10/09 03:48:43.659, 2, 80531, 97871, 100, 512.88
2026/10/09 03:48:43.659, 3, 81133, 97871, 54, 398.02
2026/10/09 03:48:44.659, 0, 80579, 97871, 99, 527.62
2026/10/09 03:48:44.659, 1, 81360, 97871, 100, 528.92
2026/10/09 03:48:44.659, 2, 80531, 97871, 100, 513.08
2026/10/09 03:48:44.659, 3, 81133, 97871, 100, 437.66
2026/10/09 03:48:45.659, 0, 80579, 97871, 54, 435.64
2026/10/09 03:48:45.659, 1, 81360, 97871, 100, 528.21
2026/10/09 03:48:45.659, 2, 80531, 97871, 100, 516.80
2026/10/09 03:48:45.659, 3, 81133, 97871, 100, 519.75
2026/10/09 03:48:46.659, 0, 80579, 97871, 100, 432.51
2026/10/09 03:48:46.659, 1, 81360, 97871, 100, 525.84
2026/10/09 03:48:46.660, 2, 80531, 97871, 100, 514.31
2026/10/09 03:48:46.660, 3, 81133, 97871, 100, 518.02
2026/10/09 03:48:47.660, 0, 80579, 97871, 100, 548.12
2026/10/09 03:48:47.660, 1, 81360, 97871, 100, 525.81
2026/10/09 03:48:47.660, 2, 80531, 97871, 100, 514.99
2026/10/09 03:48:47.660, 3, 81133, 97871, 100, 520.47
2026/10/09 03:48:48.660, 0, 80579, 97871, 100, 543.10
2026/10/09 03:48:48.660, 1, 81360, 97871, 100, 528.03
2026/10/09 03:48:48.660, 2, 80531, 97871, 100, 517.20
2026/10/09 03:48:48.660, 3, 81133, 97871, 100, 522.56
2026/10/09 03:48:49.660, 0, 80579, 97871, 100, 544.14
2026/10/09 03:48:49.660, 1, 81360, 97871, 100, 525.64
2026/10/09 03:48:49.660, 2, 80531, 97871, 100, 497.44
2026/10/09 03:48:49.660, 3, 81133, 97871, 100, 522.00
2026/10/09 03:48:50.660, 0, 80579, 97871, 100, 542.64
2026/10/09 03:48:50.660, 1, 81360, 97871, 100, 528.73
2026/10/09 03:48:50.660, 2, 80531, 97871, 100, 499.79
2026/10/09 03:48:50.660, 3, 81133, 97871, 100, 516.51
2026/10/09 03:48:51.660, 0, 80579, 97871, 100, 544.67
2026/10/09 03:48:51.661, 1, 81360, 97871, 100, 528.36
2026/10/09 03:48:51.661, 2, 80531, 97871, 100, 500.37
2026/10/09 03:48:51.661, 3, 81133, 97871, 100, 516.03
2026/10/09 03:48:52.661, 0, 80579, 97871, 100, 542.90
2026/10/09 03:48:52.661, 1, 81360, 97871, 100, 527.71
2026/10/09 03:48:52.661, 2, 80531, 97871, 73, 462.86
2026/10/09 03:48:52.661, 3, 81133, 97871, 100, 517.53
2026/10/09 03:48:53.661, 0, 80579, 97871, 100, 542.16
2026/10/09 03:48:53.661, 1, 81360, 97871, 100, 528.15
2026/10/09 03:48:53.661, 2, 80531, 97871, 100, 437.45
2026/10/09 03:48:53.661, 3, 81133, 97871, 100, 519.40
2026/10/09 03:48:54.661, 0, 80579, 97871, 100, 544.04
2026/10/09 03:48:54.661, 1, 81360, 97871, 100, 527.84
2026/10/09 03:48:54.661, 2, 80531, 97871, 100, 523.51
2026/10/09 03:48:54.661, 3, 81133, 97871, 100, 519.15
2026/10/09 03:48:55.661, 0, 80579, 97871, 100, 543.59
2026/10/09 03:48:55.662, 1, 81360, 97871, 100, 532.02
2026/10/09 03:48:55.662, 2, 80531, 97871, 100, 521.57
2026/10/09 03:48:55.662, 3, 81133, 97871, 100, 515.08
2026/10/09 03:48:56.662, 0, 80579, 97871, 100, 543.90
2026/10/09 03:48:56.662, 1, 81360, 97871, 100, 527.18
2026/10/09 03:48:56.662, 2, 80531, 97871, 100, 520.76
2026/10/09 03:48:56.662, 3, 81133, 97871, 100, 517.50
2026/10/09 03:48:57.662, 0, 80579, 97871, 100, 543.81
2026/10/09 03:48:57.662, 1, 81360, 97871, 100, 527.36
2026/10/09 03:48:57.662, 2, 80531, 97871, 100, 519.49
2026/10/09 03:48:57.662, 3, 81133, 97871, 100, 517.84
2026/10/09 03:48:58.662, 0, 80579, 97871, 100, 545.15
2026/10/09 03:48:58.662, 1, 81360, 97871, 100, 527.02
2026/10/09 03:48:58.662, 2, 80531, 97871, 100, 521.53
2026/10/09 03:48:58.662, 3, 81133, 97871, 100, 518.43
2026/10/09 03:48:59.662, 0, 80579, 97871, 100, 535.12
2026/10/09 03:48:59.662, 1, 81360, 97871, 100, 522.07
2026/10/09 03:48:59.662, 2, 80531, 97871, 100, 520.82
2026/10/09 03:48:59.662, 3, 81133, 97871, 100, 520.13
2026/10/09 03:49:00.662, 0, 80579, 97871, 100, 530.73
2026/10/09 03:49:00.663, 1, 81360, 97871, 100, 515.31
2026/10/09 03:49:00.663, 2, 80531, 97871, 100, 514.24
2026/10/09 03:49:00.663, 3, 81133, 97871, 100, 517.32
2026/10/09 03:49:01.663, 0, 80579, 97871, 100, 533.05
2026/10/09 03:49:01.663, 1, 81360, 97871, 100, 521.84
2026/10/09 03:49:01.663, 2, 80531, 97871, 100, 519.76
2026/10/09 03:49:01.663, 3, 81133, 97871, 100, 518.64
2026/10/09 03:49:02.663, 0, 80579, 97871, 100, 533.04
2026/10/09 03:49:02.663, 1, 81360, 97871, 93, 513.04
2026/10/09 03:49:02.663, 2, 80531, 97871, 100, 520.19
2026/10/09 03:49:02.663, 3, 81133, 97871, 100, 516.25
2026/10/09 03:49:03.663, 0, 80579, 97871, 100, 536.19
2026/10/09 03:49:03.663, 1, 81360, 97871, 100, 444.92
2026/10/09 03:49:03.663, 2, 80531, 97871, 100, 517.29
2026/10/09 03:49:03.663, 3, 81133, 97871, 100, 517.57
2026/10/09 03:49:04.663, 0, 80579, 97871, 100, 538.97
2026/10/09 03:49:04.663, 1, 81360, 97871, 100, 533.44
2026/10/09 03:49:04.663, 2, 80531, 97871, 100, 519.71
2026/10/09 03:49:04.664, 3, 81133, 97871, 100, 515.36
2026/10/09 03:49:05.664, 0, 80579, 97871, 100, 543.44
2026/10/09 03:49:05.664, 1, 81360, 97871, 100, 536.30
2026/10/09 03:49:05.664, 2, 80531, 97871, 100, 520.79
2026/10/09 03:49:05.664, 3, 81133, 97871, 100, 521.43
2026/10/09 03:49:06.664, 0, 80579, 97871, 100, 541.71
2026/10/09 03:49:06.664, 1, 81360, 97871, 100, 536.80
2026/10/09 03:49:06.664, 2, 80531, 97871, 100, 511.61
2026/10/09 03:49:06.664, 3, 81133, 97871, 100, 520.73
2026/10/09 03:49:07.664, 0, 80579, 97871, 100, 540.19
2026/10/09 03:49:07.664, 1, 81360, 97871, 100, 537.37
2026/10/09 03:49:07.664, 2, 80531, 97871, 100, 506.11
2026/10/09 03:49:07.664, 3, 81133, 97871, 100, 515.82
2026/10/09 03:49:08.664, 0, 80579, 97871, 100, 533.74
2026/10/09 03:49:08.664, 1, 81360, 97871, 100, 535.86
2026/10/09 03:49:08.664, 2, 80531, 97871, 100, 515.78
2026/10/09 03:49:08.664, 3, 81133, 97871, 100, 520.40
2026/10/09 03:49:09.664, 0, 80579, 97871, 100, 537.76
2026/10/09 03:49:09.665, 1, 81360, 97871, 100, 537.69
2026/10/09 03:49:09.665, 2, 80531, 97871, 100, 514.75
2026/10/09 03:49:09.665, 3, 81133, 97871, 100, 520.75
2026/10/09 03:49:10.665, 0, 80579, 97871, 100, 534.89
2026/10/09 03:49:10.665, 1, 81360, 97871, 100, 536.44
2026/10/09 03:49:10.665, 2, 80531, 97871, 100, 516.44
2026/10/09 03:49:10.665, 3, 81133, 97871, 100, 517.91
2026/10/09 03:49:11.665, 0, 80579, 97871, 100, 537.90
2026/10/09 03:49:11.665, 1, 81360, 97871, 100, 536.13
2026/10/09 03:49:11.665, 2, 80531, 97871, 100, 513.64
2026/10/09 03:49:11.665, 3, 81133, 97871, 100, 514.67
2026/10/09 03:49:12.665, 0, 80579, 97871, 100, 533.05
2026/10/09 03:49:12.665, 1, 81360, 97871, 100, 531.11
2026/10/09 03:49:12.665, 2, 80531, 97871, 100, 520.65
2026/10/09 03:49:12.665, 3, 81133, 97871, 100, 509.78
2026/10/09 03:49:13.665, 0, 80579, 97871, 100, 528.24
2026/10/09 03:49:13.665, 1, 81360, 97871, 100, 531.17
2026/10/09 03:49:13.665, 2, 80531, 97871, 100, 518.53
2026/10/09 03:49:13.665, 3, 81133, 97871, 100, 515.41
2026/10/09 03:49:14.666, 0, 80579, 97871, 100, 523.72
2026/10/09 03:49:14.666, 1, 81360, 97871, 100, 532.63
2026/10/09 03:49:14.666, 2, 80531, 97871, 100, 517.50
2026/10/09 03:49:14.666, 3, 81133, 97871, 76, 490.36
2026/10/09 03:49:15.666, 0, 80579, 97871, 68, 491.63
2026/10/09 03:49:15.666, 1, 81360, 97871, 100, 530.87
2026/10/09 03:49:15.666, 2, 80531, 97871, 100, 514.48
2026/10/09 03:49:15.666, 3, 81133, 97871, 100, 440.09
2026/10/09 03:49:16.666, 0, 80579, 97871, 32, 437.59
2026/10/09 03:49:16.666, 1, 81360, 97871, 100, 534.56
2026/10/09 03:49:16.666, 2, 80531, 97871, 100, 510.13
2026/10/09 03:49:16.666, 3, 81133, 97871, 100, 516.93
2026/10/09 03:49:17.666, 0, 80579, 97871, 100, 542.20
2026/10/09 03:49:17.666, 1, 81360, 97871, 100, 521.55
2026/10/09 03:49:17.666, 2, 80531, 97871, 100, 519.03
2026/10/09 03:49:17.666, 3, 81133, 97871, 100, 518.67
2026/10/09 03:49:18.666, 0, 80579, 97871, 100, 542.07
2026/10/09 03:49:18.666, 1, 81360, 97871, 100, 524.17
2026/10/09 03:49:18.666, 2, 80531, 97871, 100, 515.21
2026/10/09 03:49:18.667, 3, 81133, 97871, 100, 522.96
2026/10/09 03:49:19.667, 0, 80579, 97871, 100, 544.40
2026/10/09 03:49:19.667, 1, 81360, 97871, 100, 529.44
2026/10/09 03:49:19.667, 2, 80531, 97871, 100, 511.07
2026/10/09 03:49:19.667, 3, 81133, 97871, 100, 521.84
2026/10/09 03:49:20.667, 0, 80579, 97871, 100, 545.51
2026/10/09 03:49:20.667, 1, 81360, 97871, 100, 531.82
2026/10/09 03:49:20.667, 2, 80531, 97871, 100, 506.89
2026/10/09 03:49:20.667, 3, 81133, 97871, 100, 522.46
2026/10/09 03:49:21.667, 0, 80579, 97871, 100, 543.06
2026/10/09 03:49:21.667, 1, 81360, 97871, 100, 531.13
2026/10/09 03:49:21.667, 2, 80531, 97871, 100, 501.07
2026/10/09 03:49:21.667, 3, 81133, 97871, 100, 518.58
2026/10/09 03:49:22.667, 0, 80579, 97871, 100, 543.43
2026/10/09 03:49:22.667, 1, 81360, 97871, 100, 529.11
2026/10/09 03:49:22.667, 2, 80531, 97871, 100, 498.81
2026/10/09 03:49:22.667, 3, 81133, 97871, 100, 519.97
2026/10/09 03:49:23.667, 0, 80579, 97871, 100, 543.83
2026/10/09 03:49:23.668, 1, 81360, 97871, 100, 531.47
2026/10/09 03:49:23.668, 2, 80531, 97871, 100, 500.90
2026/10/09 03:49:23.668, 3, 81133, 97871, 100, 517.66
2026/10/09 03:49:24.668, 0, 80579, 97871, 100, 540.66
2026/10/09 03:49:24.668, 1, 81360, 97871, 100, 529.35
2026/10/09 03:49:24.668, 2, 80531, 97871, 100, 441.03
2026/10/09 03:49:24.668, 3, 81133, 97871, 100, 515.54
2026/10/09 03:49:25.668, 0, 80579, 97871, 100, 541.17
2026/10/09 03:49:25.668, 1, 81360, 97871, 100, 531.47
2026/10/09 03:49:25.668, 2, 80531, 97871, 100, 521.36
2026/10/09 03:49:25.668, 3, 81133, 97871, 100, 517.53
2026/10/09 03:49:26.668, 0, 80579, 97871, 100, 543.00
2026/10/09 03:49:26.668, 1, 81360, 97871, 100, 530.33
2026/10/09 03:49:26.668, 2, 80531, 97871, 100, 522.50
2026/10/09 03:49:26.668, 3, 81133, 97871, 100, 514.38
2026/10/09 03:49:27.668, 0, 80579, 97871, 100, 542.16
2026/10/09 03:49:27.668, 1, 81360, 97871, 100, 525.52
2026/10/09 03:49:27.668, 2, 80531, 97871, 100, 522.08
2026/10/09 03:49:27.669, 3, 81133, 97871, 100, 516.00
2026/10/09 03:49:28.669, 0, 80579, 97871, 100, 543.20
2026/10/09 03:49:28.669, 1, 81360, 97871, 100, 527.29
2026/10/09 03:49:28.669, 2, 80531, 97871, 100, 519.92
2026/10/09 03:49:28.669, 3, 81133, 97871, 100, 518.71
2026/10/09 03:49:29.669, 0, 80579, 97871, 100, 544.64
2026/10/09 03:49:29.669, 1, 81360, 97871, 100, 528.57
2026/10/09 03:49:29.669, 2, 80531, 97871, 100, 521.90
2026/10/09 03:49:29.669, 3, 81133, 97871, 100, 519.87
2026/10/09 03:49:30.669, 0, 80579, 97871, 100, 531.64
2026/10/09 03:49:30.669, 1, 81360, 97871, 100, 527.14
2026/10/09 03:49:30.669, 2, 80531, 97871, 100, 520.05
2026/10/09 03:49:30.669, 3, 81133, 97871, 100, 520.50
2026/10/09 03:49:31.669, 0, 80579, 97871, 100, 533.89
2026/10/09 03:49:31.669, 1, 81360, 97871, 100, 524.02
2026/10/09 03:49:31.669, 2, 80531, 97871, 100, 519.90
2026/10/09 03:49:31.669, 3, 81133, 97871, 100, 520.80
2026/10/09 03:49:32.669, 0, 80579, 97871, 100, 536.28
2026/10/09 03:49:32.669, 1, 81360, 97871, 100, 517.28
2026/10/09 03:49:32.669, 2, 80531, 97871, 100, 521.46
2026/10/09 03:49:32.670, 3, 81133, 97871, 100, 517.81
2026/10/09 03:49:33.670, 0, 80579, 97871, 100, 537.66
2026/10/09 03:49:33.670, 1, 81360, 97871, 100, 517.21
2026/10/09 03:49:33.670, 2, 80531, 97871, 100, 518.16
2026/10/09 03:49:33.670, 3, 81133, 97871, 100, 515.05
2026/10/09 03:49:34.670, 0, 80579, 97871, 100, 536.14
2026/10/09 03:49:34.670, 1, 81360, 97871, 100, 517.43
2026/10/09 03:49:34.670, 2, 80531, 97871, 100, 522.42
2026/10/09 03:49:34.670, 3, 81133, 97871, 100, 516.04
2026/10/09 03:49:35.670, 0, 80579, 97871, 100, 539.81
2026/10/09 03:49:35.670, 1, 81360, 97871, 98, 489.02
2026/10/09 03:49:35.670, 2, 80531, 97871, 100, 520.29
2026/10/09 03:49:35.670, 3, 81133, 97871, 100, 514.52
2026/10/09 03:49:36.670, 0, 80579, 97871, 100, 534.34
2026/10/09 03:49:36.670, 1, 81360, 97871, 100, 506.24
2026/10/09 03:49:36.670, 2, 80531, 97871, 100, 522.42
2026/10/09 03:49:36.670, 3, 81133, 97871, 100, 517.22
2026/10/09 03:49:37.670, 0, 80579, 97871, 100, 534.39
2026/10/09 03:49:37.670, 1, 81360, 97871, 100, 535.09
2026/10/09 03:49:37.671, 2, 80531, 97871, 100, 518.96
2026/10/09 03:49:37.671, 3, 81133, 97871, 100, 521.48
2026/10/09 03:49:38.671, 0, 80579, 97871, 100, 534.87
2026/10/09 03:49:38.671, 1, 81360, 97871, 100, 533.39
2026/10/09 03:49:38.671, 2, 80531, 97871, 100, 503.23
2026/10/09 03:49:38.671, 3, 81133, 97871, 100, 516.83
2026/10/09 03:49:39.671, 0, 80579, 97871, 100, 534.40
2026/10/09 03:49:39.671, 1, 81360, 97871, 100, 532.62
2026/10/09 03:49:39.671, 2, 80531, 97871, 100, 512.51
2026/10/09 03:49:39.671, 3, 81133, 97871, 100, 517.32
2026/10/09 03:49:40.671, 0, 80579, 97871, 100, 535.94
2026/10/09 03:49:40.671, 1, 81360, 97871, 100, 531.57
2026/10/09 03:49:40.671, 2, 80531, 97871, 100, 514.88
2026/10/09 03:49:40.671, 3, 81133, 97871, 100, 518.26
2026/10/09 03:49:41.671, 0, 80579, 97871, 100, 537.56
2026/10/09 03:49:41.671, 1, 81360, 97871, 100, 535.02
2026/10/09 03:49:41.671, 2, 80531, 97871, 100, 517.26
2026/10/09 03:49:41.671, 3, 81133, 97871, 100, 521.59
2026/10/09 03:49:42.671, 0, 80579, 97871, 100, 540.70
2026/10/09 03:49:42.671, 1, 81360, 97871, 100, 533.68
2026/10/09 03:49:42.671, 2, 80531, 97871, 100, 517.00
2026/10/09 03:49:42.671, 3, 81133, 97871, 100, 515.98
2026/10/09 03:49:43.672, 0, 80579, 97871, 100, 536.78
2026/10/09 03:49:43.672, 1, 81360, 97871, 100, 534.72
2026/10/09 03:49:43.672, 2, 80531, 97871, 100, 518.04
2026/10/09 03:49:43.672, 3, 81133, 97871, 100, 514.66
2026/10/09 03:49:44.672, 0, 80579, 97871, 100, 537.73
2026/10/09 03:49:44.672, 1, 81360, 97871, 100, 530.72
2026/10/09 03:49:44.672, 2, 80531, 97871, 100, 516.91
2026/10/09 03:49:44.672, 3, 81133, 97871, 100, 516.77
2026/10/09 03:49:45.672, 0, 80579, 97871, 100, 536.02
2026/10/09 03:49:45.672, 1, 81360, 97871, 100, 532.72
2026/10/09 03:49:45.672, 2, 80531, 97871, 100, 513.75
2026/10/09 03:49:45.672, 3, 81133, 97871, 100, 516.54
2026/10/09 03:49:46.672, 0, 80579, 97871, 100, 538.62
2026/10/09 03:49:46.672, 1, 81360, 97871, 100, 534.80
2026/10/09 03:49:46.672, 2, 80531, 97871, 100, 516.36
2026/10/09 03:49:46.672, 3, 81133, 97871, 100, 516.84
2026/10/09 03:49:47.672, 0, 80579, 97871, 100, 534.70
2026/10/09 03:49:47.672, 1, 81360, 97871, 100, 535.78
2026/10/09 03:49:47.672, 2, 80531, 97871, 100, 512.06
2026/10/09 03:49:47.672, 3, 81133, 97871, 100, 514.78
2026/10/09 03:49:48.672, 0, 80579, 97871, 100, 536.05
2026/10/09 03:49:48.673, 1, 81360, 97871, 100, 533.12
2026/10/09 03:49:48.673, 2, 80531, 97871, 100, 514.51
2026/10/09 03:49:48.673, 3, 81133, 97871, 100, 515.98
2026/10/09 03:49:49.673, 0, 80579, 97871, 100, 534.37
2026/10/09 03:49:49.673, 1, 81360, 97871, 100, 533.22
2026/10/09 03:49:49.673, 2, 80531, 97871, 100, 512.45
2026/10/09 03:49:49.673, 3, 81133, 97871, 100, 521.28
2026/10/09 03:49:50.673, 0, 80579, 97871, 100, 534.69
2026/10/09 03:49:50.673, 1, 81360, 97871, 100, 521.12
2026/10/09 03:49:50.673, 2, 80531, 97871, 100, 511.08
2026/10/09 03:49:50.673, 3, 81133, 97871, 100, 519.26
2026/10/09 03:49:51.673, 0, 80579, 97871, 100, 532.63
2026/10/09 03:49:51.673, 1, 81360, 97871, 100, 526.41
2026/10/09 03:49:51.673, 2, 80531, 97871, 100, 516.37
2026/10/09 03:49:51.673, 3, 81133, 97871, 100, 516.54
2026/10/09 03:49:52.673, 0, 80579, 97871, 100, 535.63
2026/10/09 03:49:52.673, 1, 81360, 97871, 100, 530.89
2026/10/09 03:49:52.673, 2, 80531, 97871, 100, 520.09
2026/10/09 03:49:52.673, 3, 81133, 97871, 100, 518.89
2026/10/09 03:49:53.673, 0, 80579, 97871, 100, 541.51
2026/10/09 03:49:53.673, 1, 81360, 97871, 100, 529.80
2026/10/09 03:49:53.673, 2, 80531, 97871, 100, 520.53
2026/10/09 03:49:53.673, 3, 81133, 97871, 100, 517.38
2026/10/09 03:49:54.674, 0, 80579, 97871, 100, 537.58
2026/10/09 03:49:54.674, 1, 81360, 97871, 100, 529.28
2026/10/09 03:49:54.674, 2, 80531, 97871, 100, 517.59
2026/10/09 03:49:54.674, 3, 81133, 97871, 100, 517.76
2026/10/09 03:49:55.674, 0, 80579, 97871, 100, 538.30
2026/10/09 03:49:55.674, 1, 81360, 97871, 100, 533.65
2026/10/09 03:49:55.674, 2, 80531, 97871, 100, 511.84
2026/10/09 03:49:55.674, 3, 81133, 97871, 100, 517.69
2026/10/09 03:49:56.674, 0, 80579, 97871, 100, 541.15
2026/10/09 03:49:56.674, 1, 81360, 97871, 100, 531.18
2026/10/09 03:49:56.674, 2, 80531, 97871, 100, 511.80
2026/10/09 03:49:56.674, 3, 81133, 97871, 100, 516.88
2026/10/09 03:49:57.674, 0, 80579, 97871, 100, 541.12
2026/10/09 03:49:57.674, 1, 81360, 97871, 100, 528.09
2026/10/09 03:49:57.674, 2, 80531, 97871, 100, 514.98
2026/10/09 03:49:57.674, 3, 81133, 97871, 100, 517.53
2026/10/09 03:49:58.674, 0, 80579, 97871, 100, 538.40
2026/10/09 03:49:58.674, 1, 81360, 97871, 100, 530.28
2026/10/09 03:49:58.674, 2, 80531, 97871, 100, 508.47
2026/10/09 03:49:58.674, 3, 81133, 97871, 100, 517.03
2026/10/09 03:49:59.674, 0, 80579, 97871, 100, 543.48
2026/10/09 03:49:59.674, 1, 81360, 97871, 100, 524.77
2026/10/09 03:49:59.674, 2, 80531, 97871, 100, 511.38
2026/10/09 03:49:59.674, 3, 81133, 97871, 100, 520.30
2026/10/09 03:50:00.675, 0, 80579, 97871, 100, 536.66
2026/10/09 03:50:00.675, 1, 81360, 97871, 100, 525.99
2026/10/09 03:50:00.675, 2, 80531, 97871, 100, 517.42
2026/10/09 03:50:00.675, 3, 81133, 97871, 100, 518.71
2026/10/09 03:50:01.675, 0, 80579, 97871, 100, 536.11
2026/10/09 03:50:01.675, 1, 81360, 97871, 100, 527.68
2026/10/09 03:50:01.675, 2, 80531, 97871, 100, 514.76
2026/10/09 03:50:01.675, 3, 81133, 97871, 100, 518.35
2026/10/09 03:50:02.675, 0, 80579, 97871, 100, 533.54
2026/10/09 03:50:02.675, 1, 81360, 97871, 100, 526.75
2026/10/09 03:50:02.675, 2, 80531, 97871, 100, 516.39
2026/10/09 03:50:02.675, 3, 81133, 97871, 100, 516.29
2026/10/09 03:50:03.675, 0, 80579, 97871, 100, 533.96
2026/10/09 03:50:03.675, 1, 81360, 97871, 100, 529.94
2026/10/09 03:50:03.675, 2, 80531, 97871, 100, 515.81
2026/10/09 03:50:03.675, 3, 81133, 97871, 100, 514.53
2026/10/09 03:50:04.675, 0, 80579, 97871, 100, 535.28
2026/10/09 03:50:04.675, 1, 81360, 97871, 100, 527.69
2026/10/09 03:50:04.675, 2, 80531, 97871, 100, 516.16
2026/10/09 03:50:04.675, 3, 81133, 97871, 100, 520.84
2026/10/09 03:50:05.675, 0, 80579, 97871, 100, 533.26
2026/10/09 03:50:05.676, 1, 81360, 97871, 100, 530.89
2026/10/09 03:50:05.676, 2, 80531, 97871, 100, 517.97
2026/10/09 03:50:05.676, 3, 81133, 97871, 100, 518.93
2026/10/09 03:50:06.676, 0, 80579, 97871, 100, 537.62
2026/10/09 03:50:06.676, 1, 81360, 97871, 100, 531.83
2026/10/09 03:50:06.676, 2, 80531, 97871, 100, 517.29
2026/10/09 03:50:06.676, 3, 81133, 97871, 100, 514.84
2026/10/09 03:50:07.676, 0, 80579, 97871, 100, 538.81
2026/10/09 03:50:07.676, 1, 81360, 97871, 100, 530.46
2026/10/09 03:50:07.676, 2, 80531, 97871, 100, 515.89
2026/10/09 03:50:07.676, 3, 81133, 97871, 100, 518.09
2026/10/09 03:50:08.676, 0, 80579, 97871, 100, 539.22
2026/10/09 03:50:08.676, 1, 81360, 97871, 100, 529.37
2026/10/09 03:50:08.676, 2, 80531, 97871, 100, 516.24
2026/10/09 03:50:08.676, 3, 81133, 97871, 100, 522.44
2026/10/09 03:50:09.676, 0, 80579, 97871, 100, 540.39
2026/10/09 03:50:09.676, 1, 81360, 97871, 100, 531.32
2026/10/09 03:50:09.676, 2, 80531, 97871, 100, 518.98
2026/10/09 03:50:09.676, 3, 81133, 97871, 100, 518.30
2026/10/09 03:50:10.676, 0, 80579, 97871, 100, 539.29
2026/10/09 03:50:10.676, 1, 81360, 97871, 100, 530.81
2026/10/09 03:50:10.677, 2, 80531, 97871, 100, 515.32
2026/10/09 03:50:10.677, 3, 81133, 97871, 100, 516.32
2026/10/09 03:50:11.677, 0, 80579, 97871, 100, 536.58
2026/10/09 03:50:11.677, 1, 81360, 97871, 100, 526.35
2026/10/09 03:50:11.677, 2, 80531, 97871, 100, 512.29
2026/10/09 03:50:11.677, 3, 81133, 97871, 100, 517.81
2026/10/09 03:50:12.677, 0, 80579, 97871, 100, 541.55
2026/10/09 03:50:12.677, 1, 81360, 97871, 100, 527.51
2026/10/09 03:50:12.677, 2, 80531, 97871, 100, 515.11
2026/10/09 03:50:12.677, 3, 81133, 97871, 100, 518.70
2026/10/09 03:50:13.677, 0, 80579, 97871, 100, 539.28
2026/10/09 03:50:13.677, 1, 81360, 97871, 100, 525.17
2026/10/09 03:50:13.677, 2, 80531, 97871, 100, 508.42
2026/10/09 03:50:13.677, 3, 81133, 97871, 100, 516.88
2026/10/09 03:50:14.677, 0, 80579, 97871, 100, 536.97
2026/10/09 03:50:14.677, 1, 81360, 97871, 100, 533.73
2026/10/09 03:50:14.677, 2, 80531, 97871, 100, 510.78
2026/10/09 03:50:14.677, 3, 81133, 97871, 100, 517.64
2026/10/09 03:50:15.677, 0, 80579, 97871, 100, 539.23
2026/10/09 03:50:15.677, 1, 81360, 97871, 100, 527.02
2026/10/09 03:50:15.677, 2, 80531, 97871, 100, 516.40
2026/10/09 03:50:15.677, 3, 81133, 97871, 100, 517.23
2026/10/09 03:50:16.678, 0, 80579, 97871, 100, 536.06
2026/10/09 03:50:16.678, 1, 81360, 97871, 100, 535.19
2026/10/09 03:50:16.678, 2, 80531, 97871, 100, 516.86
2026/10/09 03:50:16.678, 3, 81132, 97871, 100, 518.17
2026/10/09 03:50:17.678, 0, 80579, 97871, 100, 537.41
2026/10/09 03:50:17.678, 1, 81360, 97871, 100, 532.17
2026/10/09 03:50:17.678, 2, 80531, 97871, 100, 513.06
2026/10/09 03:50:17.678, 3, 81132, 97871, 100, 513.48
2026/10/09 03:50:18.678, 0, 80579, 97871, 100, 531.78
2026/10/09 03:50:18.678, 1, 81360, 97871, 100, 529.62
2026/10/09 03:50:18.678, 2, 80531, 97871, 100, 512.58
2026/10/09 03:50:18.678, 3, 81132, 97871, 100, 517.85
2026/10/09 03:50:19.678, 0, 80579, 97871, 100, 535.57
2026/10/09 03:50:19.678, 1, 81360, 97871, 100, 530.92
2026/10/09 03:50:19.678, 2, 80531, 97871, 100, 516.99
2026/10/09 03:50:19.678, 3, 81132, 97871, 100, 518.83
2026/10/09 03:50:20.678, 0, 80579, 97871, 100, 537.95
2026/10/09 03:50:20.678, 1, 81360, 97871, 100, 532.32
2026/10/09 03:50:20.678, 2, 80531, 97871, 100, 513.04
2026/10/09 03:50:20.678, 3, 81132, 97871, 100, 517.39
2026/10/09 03:50:21.678, 0, 80579, 97871, 100, 535.66
2026/10/09 03:50:21.679, 1, 81360, 97871, 100, 532.77
2026/10/09 03:50:21.679, 2, 80531, 97871, 100, 516.06
2026/10/09 03:50:21.679, 3, 81132, 97871, 100, 517.33
2026/10/09 03:50:22.679, 0, 80579, 97871, 100, 537.48
2026/10/09 03:50:22.679, 1, 81360, 97871, 100, 529.63
2026/10/09 03:50:22.679, 2, 80531, 97871, 100, 519.53
2026/10/09 03:50:22.679, 3, 81132, 97871, 100, 514.06
2026/10/09 03:50:23.679, 0, 80579, 97871, 100, 539.50
2026/10/09 03:50:23.679, 1, 81360, 97871, 100, 527.83
2026/10/09 03:50:23.679, 2, 80531, 97871, 100, 518.45
2026/10/09 03:50:23.679, 3, 81132, 97871, 100, 524.28
2026/10/09 03:50:24.679, 0, 80579, 97871, 100, 535.89
2026/10/09 03:50:24.679, 1, 81360, 97871, 100, 529.15
2026/10/09 03:50:24.679, 2, 80531, 97871, 100, 514.81
2026/10/09 03:50:24.679, 3, 81132, 97871, 100, 519.86
2026/10/09 03:50:25.679, 0, 80579, 97871, 100, 540.73
2026/10/09 03:50:25.679, 1, 81360, 97871, 100, 527.75
2026/10/09 03:50:25.679, 2, 80531, 97871, 100, 515.70
2026/10/09 03:50:25.679, 3, 81132, 97871, 100, 516.83
2026/10/09 03:50:26.679, 0, 80579, 97871, 100, 542.36
2026/10/09 03:50:26.680, 1, 81360, 97871, 100, 525.04
2026/10/09 03:50:26.680, 2, 80531, 97871, 100, 510.65
2026/10/09 03:50:26.680, 3, 81132, 97871, 100, 515.01
2026/10/09 03:50:27.680, 0, 80579, 97871, 100, 538.20
2026/10/09 03:50:27.680, 1, 81360, 97871, 100, 521.06
2026/10/09 03:50:27.680, 2, 80531, 97871, 100, 516.19
2026/10/09 03:50:27.680, 3, 81132, 97871, 100, 523.72
2026/10/09 03:50:28.680, 0, 80579, 97871, 100, 537.24
2026/10/09 03:50:28.680, 1, 81360, 97871, 100, 532.10
2026/10/09 03:50:28.680, 2, 80531, 97871, 100, 510.86
2026/10/09 03:50:28.680, 3, 81132, 97871, 100, 514.78
2026/10/09 03:50:29.680, 0, 80579, 97871, 100, 535.42
2026/10/09 03:50:29.680, 1, 81360, 97871, 100, 529.99
2026/10/09 03:50:29.680, 2, 80531, 97871, 100, 505.25
2026/10/09 03:50:29.680, 3, 81132, 97871, 100, 519.90
2026/10/09 03:50:30.680, 0, 80579, 97871, 100, 535.07
2026/10/09 03:50:30.681, 1, 81360, 97871, 100, 532.75
2026/10/09 03:50:30.681, 2, 80531, 97871, 100, 517.82
2026/10/09 03:50:30.681, 3, 81132, 97871, 100, 515.81
2026/10/09 03:50:31.681, 0, 80579, 97871, 100, 535.76
2026/10/09 03:50:31.681, 1, 81360, 97871, 100, 527.57
2026/10/09 03:50:31.681, 2, 80531, 97871, 100, 515.48
2026/10/09 03:50:31.681, 3, 81132, 97871, 100, 515.83
2026/10/09 03:50:32.681, 0, 80579, 97871, 100, 536.29
2026/10/09 03:50:32.681, 1, 81360, 97871, 100, 533.10
2026/10/09 03:50:32.681, 2, 80531, 97871, 100, 514.91
2026/10/09 03:50:32.684, 3, 81132, 97871, 100, 517.88
2026/10/09 03:50:33.684, 0, 80579, 97871, 100, 533.91
2026/10/09 03:50:33.684, 1, 81360, 97871, 100, 527.31
2026/10/09 03:50:33.684, 2, 80531, 97871, 100, 516.22
2026/10/09 03:50:33.684, 3, 81132, 97871, 100, 517.33
2026/10/09 03:50:34.684, 0, 80579, 97871, 100, 536.43
2026/10/09 03:50:34.684, 1, 81360, 97871, 100, 529.64
2026/10/09 03:50:34.684, 2, 80531, 97871, 100, 519.12
2026/10/09 03:50:34.684, 3, 81132, 97871, 100, 519.61
2026/10/09 03:50:35.684, 0, 80579, 97871, 100, 539.63
2026/10/09 03:50:35.684, 1, 81360, 97871, 100, 533.63
2026/10/09 03:50:35.684, 2, 80531, 97871, 100, 514.90
2026/10/09 03:50:35.685, 3, 81132, 97871, 100, 519.33
2026/10/09 03:50:36.685, 0, 80579, 97871, 100, 539.70
2026/10/09 03:50:36.685, 1, 81360, 97871, 100, 533.30
2026/10/09 03:50:36.685, 2, 80531, 97871, 100, 516.93
2026/10/09 03:50:36.685, 3, 81132, 97871, 100, 518.57
2026/10/09 03:50:37.685, 0, 80579, 97871, 100, 536.37
2026/10/09 03:50:37.685, 1, 81360, 97871, 100, 530.10
2026/10/09 03:50:37.685, 2, 80531, 97871, 100, 512.94
2026/10/09 03:50:37.685, 3, 81132, 97871, 100, 518.36
2026/10/09 03:50:38.685, 0, 80579, 97871, 100, 538.07
2026/10/09 03:50:38.685, 1, 81360, 97871, 100, 531.21
2026/10/09 03:50:38.685, 2, 80531, 97871, 100, 518.96
2026/10/09 03:50:38.685, 3, 81132, 97871, 100, 518.61
2026/10/09 03:50:39.685, 0, 80579, 97871, 100, 539.62
2026/10/09 03:50:39.686, 1, 81360, 97871, 100, 532.92
2026/10/09 03:50:39.686, 2, 80531, 97871, 100, 517.36
2026/10/09 03:50:39.686, 3, 81132, 97871, 100, 518.97
2026/10/09 03:50:40.686, 0, 80579, 97871, 100, 541.28
2026/10/09 03:50:40.686, 1, 81360, 97871, 100, 525.40
2026/10/09 03:50:40.686, 2, 80531, 97871, 100, 516.47
2026/10/09 03:50:40.686, 3, 81132, 97871, 100, 516.30
2026/10/09 03:50:41.686, 0, 80579, 97871, 100, 541.12
2026/10/09 03:50:41.686, 1, 81360, 97871, 100, 530.34
2026/10/09 03:50:41.686, 2, 80531, 97871, 100, 515.40
2026/10/09 03:50:41.686, 3, 81132, 97871, 100, 518.96
2026/10/09 03:50:42.686, 0, 80579, 97871, 100, 538.05
2026/10/09 03:50:42.686, 1, 81360, 97871, 100, 523.48
2026/10/09 03:50:42.686, 2, 80531, 97871, 100, 509.82
2026/10/09 03:50:42.697, 3, 81132, 97871, 100, 516.01
2026/10/09 03:50:43.697, 0, 80579, 97871, 100, 538.82
2026/10/09 03:50:43.698, 1, 81360, 97871, 100, 528.73
2026/10/09 03:50:43.698, 2, 80531, 97871, 100, 513.97
2026/10/09 03:50:43.698, 3, 81132, 97871, 100, 515.08
2026/10/09 03:50:44.698, 0, 80579, 97871, 100, 537.67
2026/10/09 03:50:44.698, 1, 81360, 97871, 100, 531.12
2026/10/09 03:50:44.698, 2, 80531, 97871, 100, 506.04
2026/10/09 03:50:44.698, 3, 81132, 97871, 100, 515.28
2026/10/09 03:50:45.698, 0, 80579, 97871, 100, 536.87
2026/10/09 03:50:45.698, 1, 81360, 97871, 100, 528.26
2026/10/09 03:50:45.698, 2, 80531, 97871, 100, 516.33
2026/10/09 03:50:45.698, 3, 81132, 97871, 100, 518.52
2026/10/09 03:50:46.698, 0, 80579, 97871, 100, 536.16
2026/10/09 03:50:46.698, 1, 81360, 97871, 100, 532.97
2026/10/09 03:50:46.698, 2, 80531, 97871, 100, 521.18
2026/10/09 03:50:46.698, 3, 81132, 97871, 100, 516.89
2026/10/09 03:50:47.698, 0, 80579, 97871, 100, 533.35
2026/10/09 03:50:47.699, 1, 81360, 97871, 100, 527.55
2026/10/09 03:50:47.699, 2, 80531, 97871, 100, 513.03
2026/10/09 03:50:47.699, 3, 81132, 97871, 100, 515.78
2026/10/09 03:50:48.699, 0, 80579, 97871, 100, 537.52
2026/10/09 03:50:48.699, 1, 81360, 97871, 100, 531.43
2026/10/09 03:50:48.699, 2, 80531, 97871, 100, 513.43
2026/10/09 03:50:48.699, 3, 81132, 97871, 100, 517.00
2026/10/09 03:50:49.699, 0, 80579, 97871, 100, 541.05
2026/10/09 03:50:49.699, 1, 81360, 97871, 100, 529.67
2026/10/09 03:50:49.699, 2, 80531, 97871, 100, 518.53
2026/10/09 03:50:49.699, 3, 81132, 97871, 100, 519.78
2026/10/09 03:50:50.699, 0, 80579, 97871, 100, 536.69
2026/10/09 03:50:50.699, 1, 81360, 97871, 100, 531.43
2026/10/09 03:50:50.699, 2, 80531, 97871, 100, 514.71
2026/10/09 03:50:50.699, 3, 81132, 97871, 100, 517.21
2026/10/09 03:50:51.699, 0, 80579, 97871, 100, 537.11
2026/10/09 03:50:51.699, 1, 81360, 97871, 100, 532.59
2026/10/09 03:50:51.700, 2, 80531, 97871, 100, 515.82
2026/10/09 03:50:51.700, 3, 81132, 97871, 100, 518.53
2026/10/09 03:50:52.700, 0, 80579, 97871, 100, 539.49
2026/10/09 03:50:52.700, 1, 81360, 97871, 100, 530.49
2026/10/09 03:50:52.700, 2, 80531, 97871, 100, 518.66
2026/10/09 03:50:52.708, 3, 81132, 97871, 100, 517.07
2026/10/09 03:50:53.708, 0, 80579, 97871, 100, 537.88
2026/10/09 03:50:53.708, 1, 81360, 97871, 100, 531.16
2026/10/09 03:50:53.708, 2, 80531, 97871, 100, 515.85
2026/10/09 03:50:53.708, 3, 81132, 97871, 100, 521.56
2026/10/09 03:50:54.708, 0, 80579, 97871, 100, 539.11
2026/10/09 03:50:54.708, 1, 81360, 97871, 100, 528.84
2026/10/09 03:50:54.708, 2, 80531, 97871, 100, 519.06
2026/10/09 03:50:54.708, 3, 81132, 97871, 100, 521.01
2026/10/09 03:50:55.709, 0, 80579, 97871, 100, 542.74
2026/10/09 03:50:55.709, 1, 81360, 97871, 100, 528.40
2026/10/09 03:50:55.709, 2, 80531, 97871, 100, 516.14
2026/10/09 03:50:55.709, 3, 81132, 97871, 100, 516.69
2026/10/09 03:50:56.709, 0, 80579, 97871, 100, 537.53
2026/10/09 03:50:56.709, 1, 81360, 97871, 100, 526.69
2026/10/09 03:50:56.709, 2, 80531, 97871, 100, 518.44
2026/10/09 03:50:56.709, 3, 81132, 97871, 100, 517.55
2026/10/09 03:50:57.709, 0, 80579, 97871, 100, 535.87
2026/10/09 03:50:57.709, 1, 81360, 97871, 100, 525.03
2026/10/09 03:50:57.709, 2, 80531, 97871, 100, 513.98
2026/10/09 03:50:57.709, 3, 81132, 97871, 100, 518.24
2026/10/09 03:50:58.709, 0, 80579, 97871, 100, 537.06
2026/10/09 03:50:58.709, 1, 81360, 97871, 100, 525.94
2026/10/09 03:50:58.709, 2, 80531, 97871, 100, 513.63
2026/10/09 03:50:58.709, 3, 81132, 97871, 100, 517.72
2026/10/09 03:50:59.709, 0, 80579, 97871, 100, 536.58
2026/10/09 03:50:59.709, 1, 81360, 97871, 100, 535.68
2026/10/09 03:50:59.710, 2, 80531, 97871, 100, 507.25
2026/10/09 03:50:59.710, 3, 81132, 97871, 100, 517.46
2026/10/09 03:51:00.710, 0, 80579, 97871, 100, 537.16
2026/10/09 03:51:00.710, 1, 81360, 97871, 100, 527.86
2026/10/09 03:51:00.710, 2, 80531, 97871, 100, 513.18
2026/10/09 03:51:00.710, 3, 81132, 97871, 100, 517.82
2026/10/09 03:51:01.710, 0, 80579, 97871, 100, 535.64
2026/10/09 03:51:01.710, 1, 81360, 97871, 100, 528.13
2026/10/09 03:51:01.710, 2, 80531, 97871, 100, 515.42
2026/10/09 03:51:01.710, 3, 81132, 97871, 100, 515.80
2026/10/09 03:51:02.710, 0, 80579, 97871, 100, 534.36
2026/10/09 03:51:02.710, 1, 81360, 97871, 100, 527.95
2026/10/09 03:51:02.710, 2, 80531, 97871, 100, 513.57
2026/10/09 03:51:02.715, 3, 81132, 97871, 100, 513.12
2026/10/09 03:51:03.715, 0, 80579, 97871, 100, 533.96
2026/10/09 03:51:03.715, 1, 81360, 97871, 100, 530.57
2026/10/09 03:51:03.715, 2, 80531, 97871, 100, 517.22
2026/10/09 03:51:03.715, 3, 81132, 97871, 100, 517.61
2026/10/09 03:51:04.715, 0, 80579, 97871, 100, 538.16
2026/10/09 03:51:04.715, 1, 81360, 97871, 100, 530.18
2026/10/09 03:51:04.715, 2, 80531, 97871, 100, 519.41
2026/10/09 03:51:04.715, 3, 81132, 97871, 100, 520.62
2026/10/09 03:51:05.715, 0, 80579, 97871, 100, 537.74
2026/10/09 03:51:05.715, 1, 81360, 97871, 100, 532.32
2026/10/09 03:51:05.715, 2, 80531, 97871, 100, 515.85
2026/10/09 03:51:05.715, 3, 81132, 97871, 100, 519.52
2026/10/09 03:51:06.715, 0, 80579, 97871, 100, 538.97
2026/10/09 03:51:06.715, 1, 81360, 97871, 100, 534.59
2026/10/09 03:51:06.715, 2, 80531, 97871, 100, 517.69
2026/10/09 03:51:06.716, 3, 81132, 97871, 100, 519.36
2026/10/09 03:51:07.716, 0, 80579, 97871, 100, 537.85
2026/10/09 03:51:07.716, 1, 81360, 97871, 100, 529.09
2026/10/09 03:51:07.716, 2, 80531, 97871, 100, 520.78
2026/10/09 03:51:07.716, 3, 81132, 97871, 100, 516.86
2026/10/09 03:51:08.716, 0, 80579, 97871, 100, 536.36
2026/10/09 03:51:08.716, 1, 81360, 97871, 100, 533.12
2026/10/09 03:51:08.716, 2, 80531, 97871, 100, 520.68
2026/10/09 03:51:08.716, 3, 81132, 97871, 100, 517.67
2026/10/09 03:51:09.716, 0, 80579, 97871, 100, 531.96
2026/10/09 03:51:09.716, 1, 81360, 97871, 100, 532.45
2026/10/09 03:51:09.716, 2, 80531, 97871, 100, 516.65
2026/10/09 03:51:09.716, 3, 81132, 97871, 100, 516.35
2026/10/09 03:51:10.716, 0, 80579, 97871, 100, 526.94
2026/10/09 03:51:10.716, 1, 81360, 97871, 100, 528.06
2026/10/09 03:51:10.716, 2, 80531, 97871, 100, 515.87
2026/10/09 03:51:10.716, 3, 81132, 97871, 100, 516.42
2026/10/09 03:51:11.716, 0, 80579, 97871, 100, 526.18
2026/10/09 03:51:11.716, 1, 81360, 97871, 100, 531.02
2026/10/09 03:51:11.717, 2, 80531, 97871, 100, 515.11
2026/10/09 03:51:11.717, 3, 81132, 97871, 100, 514.96
2026/10/09 03:51:12.717, 0, 80579, 97871, 47, 409.55
2026/10/09 03:51:12.717, 1, 81360, 97871, 100, 525.72
2026/10/09 03:51:12.717, 2, 80531, 97871, 100, 510.17
2026/10/09 03:51:12.726, 3, 81132, 97871, 100, 513.13
2026/10/09 03:51:13.726, 0, 80579, 97871, 0, 277.61
2026/10/09 03:51:13.726, 1, 81360, 97871, 100, 524.38
2026/10/09 03:51:13.726, 2, 80531, 97871, 100, 515.41
2026/10/09 03:51:13.726, 3, 81132, 97871, 100, 512.74
2026/10/09 03:51:14.726, 0, 80579, 97871, 99, 470.08
2026/10/09 03:51:14.726, 1, 81360, 97871, 100, 528.04
2026/10/09 03:51:14.726, 2, 80531, 97871, 100, 505.60
2026/10/09 03:51:14.726, 3, 81132, 97871, 100, 511.67
2026/10/09 03:51:15.726, 0, 80579, 97871, 90, 468.34
2026/10/09 03:51:15.726, 1, 81360, 97871, 100, 532.35
2026/10/09 03:51:15.727, 2, 80531, 97871, 100, 516.59
2026/10/09 03:51:15.727, 3, 81132, 97871, 100, 511.40
2026/10/09 03:51:16.727, 0, 80579, 97871, 99, 477.02
2026/10/09 03:51:16.727, 1, 81360, 97871, 100, 529.41
2026/10/09 03:51:16.727, 2, 80531, 97871, 100, 517.92
2026/10/09 03:51:16.727, 3, 81132, 97871, 100, 454.43
2026/10/09 03:51:17.727, 0, 80579, 97871, 99, 473.68
2026/10/09 03:51:17.727, 1, 81360, 97871, 100, 529.07
2026/10/09 03:51:17.727, 2, 80531, 97871, 100, 516.21
2026/10/09 03:51:17.727, 3, 81132, 97871, 99, 297.70
2026/10/09 03:51:18.727, 0, 80579, 97871, 99, 470.43
2026/10/09 03:51:18.727, 1, 81360, 97871, 100, 523.49
2026/10/09 03:51:18.727, 2, 80531, 97871, 100, 518.94
2026/10/09 03:51:18.727, 3, 81132, 97871, 99, 468.49
2026/10/09 03:51:19.727, 0, 80579, 97871, 99, 472.39
2026/10/09 03:51:19.727, 1, 81360, 97871, 100, 529.77
2026/10/09 03:51:19.727, 2, 80531, 97871, 100, 521.13
2026/10/09 03:51:19.727, 3, 81132, 97871, 100, 470.89
2026/10/09 03:51:20.727, 0, 80579, 97871, 99, 471.08
2026/10/09 03:51:20.728, 1, 81360, 97871, 100, 528.95
2026/10/09 03:51:20.728, 2, 80531, 97871, 100, 513.82
2026/10/09 03:51:20.728, 3, 81132, 97871, 100, 468.21
2026/10/09 03:51:21.728, 0, 80579, 97871, 99, 474.76
2026/10/09 03:51:21.728, 1, 81360, 97871, 100, 527.73
2026/10/09 03:51:21.728, 2, 80531, 97871, 100, 521.44
2026/10/09 03:51:21.728, 3, 81132, 97871, 99, 467.25
2026/10/09 03:51:22.728, 0, 80579, 97871, 98, 478.27
2026/10/09 03:51:22.728, 1, 81360, 97871, 100, 534.19
2026/10/09 03:51:22.728, 2, 80531, 97871, 100, 504.20
2026/10/09 03:51:22.733, 3, 81132, 97871, 99, 467.59
2026/10/09 03:51:23.733, 0, 80579, 97871, 99, 473.46
2026/10/09 03:51:23.733, 1, 81360, 97871, 100, 534.48
2026/10/09 03:51:23.733, 2, 80531, 97871, 100, 501.39
2026/10/09 03:51:23.733, 3, 81132, 97871, 92, 465.89
2026/10/09 03:51:24.733, 0, 80579, 97871, 99, 471.53
2026/10/09 03:51:24.733, 1, 81360, 97871, 100, 528.05
2026/10/09 03:51:24.734, 2, 80531, 97871, 100, 500.65
2026/10/09 03:51:24.734, 3, 81132, 97871, 100, 471.90
2026/10/09 03:51:25.734, 0, 80579, 97871, 99, 478.37
2026/10/09 03:51:25.734, 1, 81360, 97871, 100, 531.15
2026/10/09 03:51:25.734, 2, 80531, 97871, 100, 502.97
2026/10/09 03:51:25.734, 3, 81132, 97871, 100, 473.83
2026/10/09 03:51:26.734, 0, 80579, 97871, 99, 472.74
2026/10/09 03:51:26.734, 1, 81360, 97871, 100, 525.15
2026/10/09 03:51:26.734, 2, 80531, 97871, 0, 331.16
2026/10/09 03:51:26.734, 3, 81132, 97871, 100, 468.20
2026/10/09 03:51:27.734, 0, 80579, 97871, 99, 476.30
2026/10/09 03:51:27.734, 1, 81360, 97871, 100, 522.31
2026/10/09 03:51:27.734, 2, 80531, 97871, 99, 335.98
2026/10/09 03:51:27.734, 3, 81132, 97871, 82, 459.53
2026/10/09 03:51:28.734, 0, 80579, 97871, 99, 472.19
2026/10/09 03:51:28.734, 1, 81360, 97871, 100, 524.54
2026/10/09 03:51:28.734, 2, 80531, 97871, 99, 456.97
2026/10/09 03:51:28.735, 3, 81132, 97871, 100, 473.25
2026/10/09 03:51:29.735, 0, 80579, 97871, 99, 473.12
2026/10/09 03:51:29.735, 1, 81360, 97871, 100, 522.04
2026/10/09 03:51:29.735, 2, 80531, 97871, 99, 466.97
2026/10/09 03:51:29.735, 3, 81132, 97871, 91, 469.93
2026/10/09 03:51:30.735, 0, 80579, 97871, 99, 475.97
2026/10/09 03:51:30.735, 1, 81360, 97871, 100, 527.76
2026/10/09 03:51:30.735, 2, 80531, 97871, 99, 462.11
2026/10/09 03:51:30.735, 3, 81132, 97871, 100, 471.03
2026/10/09 03:51:31.735, 0, 80579, 97871, 99, 471.57
2026/10/09 03:51:31.735, 1, 81360, 97871, 100, 528.17
2026/10/09 03:51:31.735, 2, 80531, 97871, 99, 459.92
2026/10/09 03:51:31.735, 3, 81132, 97871, 99, 469.76
2026/10/09 03:51:32.735, 0, 80579, 97871, 93, 476.25
2026/10/09 03:51:32.735, 1, 81360, 97871, 100, 528.76
2026/10/09 03:51:32.735, 2, 80531, 97871, 99, 458.30
2026/10/09 03:51:32.743, 3, 81132, 97871, 100, 468.62
2026/10/09 03:51:33.743, 0, 80579, 97871, 98, 476.05
2026/10/09 03:51:33.743, 1, 81360, 97871, 100, 528.10
2026/10/09 03:51:33.743, 2, 80531, 97871, 99, 457.70
2026/10/09 03:51:33.743, 3, 81132, 97871, 99, 469.01
2026/10/09 03:51:34.743, 0, 80579, 97871, 92, 471.92
2026/10/09 03:51:34.744, 1, 81360, 97871, 100, 531.88
2026/10/09 03:51:34.744, 2, 80531, 97871, 99, 457.94
2026/10/09 03:51:34.744, 3, 81132, 97871, 90, 473.64
2026/10/09 03:51:35.744, 0, 80579, 97871, 99, 471.69
2026/10/09 03:51:35.744, 1, 81360, 97871, 100, 527.36
2026/10/09 03:51:35.744, 2, 80531, 97871, 99, 462.89
2026/10/09 03:51:35.744, 3, 81132, 97871, 100, 468.37
2026/10/09 03:51:36.744, 0, 80579, 97871, 99, 473.82
2026/10/09 03:51:36.744, 1, 81360, 97871, 100, 527.46
2026/10/09 03:51:36.744, 2, 80531, 97871, 99, 459.52
2026/10/09 03:51:36.744, 3, 81132, 97871, 100, 469.21
2026/10/09 03:51:37.744, 0, 80579, 97871, 99, 478.09
2026/10/09 03:51:37.744, 1, 81360, 97871, 100, 521.87
2026/10/09 03:51:37.744, 2, 80531, 97871, 90, 462.35
2026/10/09 03:51:37.744, 3, 81132, 97871, 100, 476.66
2026/10/09 03:51:38.744, 0, 80579, 97871, 99, 473.12
2026/10/09 03:51:38.744, 1, 81360, 97871, 100, 514.59
2026/10/09 03:51:38.744, 2, 80531, 97871, 99, 461.44
2026/10/09 03:51:38.745, 3, 81132, 97871, 100, 470.45
2026/10/09 03:51:39.745, 0, 80579, 97871, 99, 471.20
2026/10/09 03:51:39.745, 1, 81360, 97871, 100, 518.15
2026/10/09 03:51:39.745, 2, 80531, 97871, 99, 462.68
2026/10/09 03:51:39.745, 3, 81132, 97871, 100, 468.68
2026/10/09 03:51:40.745, 0, 80579, 97871, 99, 476.20
2026/10/09 03:51:40.745, 1, 81360, 97871, 100, 515.76
2026/10/09 03:51:40.745, 2, 80531, 97871, 99, 460.66
2026/10/09 03:51:40.745, 3, 81132, 97871, 100, 471.35
2026/10/09 03:51:41.745, 0, 80579, 97871, 100, 476.11
2026/10/09 03:51:41.745, 1, 81360, 97871, 100, 509.47
2026/10/09 03:51:41.745, 2, 80531, 97871, 99, 459.32
2026/10/09 03:51:41.745, 3, 81132, 97871, 98, 482.08
2026/10/09 03:51:42.745, 0, 80579, 97871, 99, 477.47
2026/10/09 03:51:42.746, 1, 81360, 97871, 99, 320.22
2026/10/09 03:51:42.746, 2, 80531, 97871, 99, 458.31
2026/10/09 03:51:42.752, 3, 81132, 97871, 100, 465.39
2026/10/09 03:51:43.752, 0, 80579, 97871, 99, 470.88
2026/10/09 03:51:43.752, 1, 81360, 97871, 99, 479.45
2026/10/09 03:51:43.752, 2, 80531, 97871, 99, 460.39
2026/10/09 03:51:43.752, 3, 81132, 97871, 100, 468.57
2026/10/09 03:51:44.753, 0, 80579, 97871, 99, 471.52
2026/10/09 03:51:44.753, 1, 81360, 97871, 99, 485.64
2026/10/09 03:51:44.753, 2, 80531, 97871, 99, 457.70
2026/10/09 03:51:44.753, 3, 81132, 97871, 100, 470.92
2026/10/09 03:51:45.753, 0, 80579, 97871, 99, 478.21
2026/10/09 03:51:45.753, 1, 81360, 97871, 99, 482.61
2026/10/09 03:51:45.753, 2, 80531, 97871, 99, 465.56
2026/10/09 03:51:45.753, 3, 81132, 97871, 100, 474.80
2026/10/09 03:51:46.753, 0, 80579, 97871, 99, 475.95
2026/10/09 03:51:46.753, 1, 81360, 97871, 99, 484.60
2026/10/09 03:51:46.753, 2, 80531, 97871, 93, 453.93
2026/10/09 03:51:46.753, 3, 81132, 97871, 100, 473.08
2026/10/09 03:51:47.753, 0, 80579, 97871, 97, 473.12
2026/10/09 03:51:47.753, 1, 81360, 97871, 97, 481.26
2026/10/09 03:51:47.753, 2, 80531, 97871, 99, 456.65
2026/10/09 03:51:47.753, 3, 81132, 97871, 99, 470.08
2026/10/09 03:51:48.754, 0, 80579, 97871, 99, 473.82
2026/10/09 03:51:48.754, 1, 81360, 97871, 99, 480.37
2026/10/09 03:51:48.754, 2, 80531, 97871, 99, 459.75
2026/10/09 03:51:48.754, 3, 81132, 97871, 100, 469.32
2026/10/09 03:51:49.754, 0, 80579, 97871, 99, 471.46
2026/10/09 03:51:49.754, 1, 81360, 97871, 99, 481.82
2026/10/09 03:51:49.754, 2, 80531, 97871, 99, 462.71
2026/10/09 03:51:49.754, 3, 81132, 97871, 100, 474.61
2026/10/09 03:51:50.754, 0, 80579, 97871, 98, 477.43
2026/10/09 03:51:50.754, 1, 81360, 97871, 99, 484.30
2026/10/09 03:51:50.754, 2, 80531, 97871, 99, 460.02
2026/10/09 03:51:50.754, 3, 81132, 97871, 99, 474.87
2026/10/09 03:51:51.754, 0, 80579, 97871, 99, 474.82
2026/10/09 03:51:51.754, 1, 81360, 97871, 99, 487.97
2026/10/09 03:51:51.754, 2, 80531, 97871, 99, 459.12
2026/10/09 03:51:51.755, 3, 81132, 97871, 97, 473.93
2026/10/09 03:51:52.755, 0, 80579, 97871, 99, 475.58
2026/10/09 03:51:52.755, 1, 81360, 97871, 99, 483.93
2026/10/09 03:51:52.755, 2, 80531, 97871, 99, 458.86
2026/10/09 03:51:52.762, 3, 81132, 97871, 99, 467.69
2026/10/09 03:51:53.763, 0, 80579, 97871, 99, 472.21
2026/10/09 03:51:53.763, 1, 81360, 97871, 99, 487.73
2026/10/09 03:51:53.763, 2, 80531, 97871, 99, 462.53
2026/10/09 03:51:53.763, 3, 81132, 97871, 99, 474.09
2026/10/09 03:51:54.763, 0, 80579, 97871, 98, 471.76
2026/10/09 03:51:54.763, 1, 81360, 97871, 99, 481.21
2026/10/09 03:51:54.763, 2, 80531, 97871, 99, 469.38
2026/10/09 03:51:54.763, 3, 81132, 97871, 99, 467.90
2026/10/09 03:51:55.763, 0, 80579, 97871, 99, 474.63
2026/10/09 03:51:55.763, 1, 81360, 97871, 99, 488.88
2026/10/09 03:51:55.763, 2, 80531, 97871, 99, 458.05
2026/10/09 03:51:55.763, 3, 81132, 97871, 98, 476.27
2026/10/09 03:51:56.763, 0, 80579, 97871, 99, 475.07
2026/10/09 03:51:56.763, 1, 81360, 97871, 99, 481.50
2026/10/09 03:51:56.763, 2, 80531, 97871, 99, 459.16
2026/10/09 03:51:56.763, 3, 81132, 97871, 100, 470.38
2026/10/09 03:51:57.763, 0, 80579, 97871, 99, 466.22
2026/10/09 03:51:57.764, 1, 81360, 97871, 99, 484.01
2026/10/09 03:51:57.764, 2, 80531, 97871, 99, 466.30
2026/10/09 03:51:57.764, 3, 81132, 97871, 100, 465.42
2026/10/09 03:51:58.764, 0, 80579, 97871, 99, 481.22
2026/10/09 03:51:58.764, 1, 81360, 97871, 99, 484.99
2026/10/09 03:51:58.764, 2, 80531, 97871, 99, 457.93
2026/10/09 03:51:58.764, 3, 81132, 97871, 100, 471.81
2026/10/09 03:51:59.764, 0, 80579, 97871, 99, 471.39
2026/10/09 03:51:59.764, 1, 81360, 97871, 99, 481.64
2026/10/09 03:51:59.764, 2, 80531, 97871, 99, 460.76
2026/10/09 03:51:59.764, 3, 81132, 97871, 99, 462.09
2026/10/09 03:52:00.764, 0, 80579, 97871, 99, 469.19
2026/10/09 03:52:00.764, 1, 81360, 97871, 99, 483.35
2026/10/09 03:52:00.764, 2, 80531, 97871, 99, 459.28
2026/10/09 03:52:00.764, 3, 81132, 97871, 99, 473.50
2026/10/09 03:52:01.764, 0, 80579, 97871, 99, 470.22
2026/10/09 03:52:01.765, 1, 81360, 97871, 99, 490.85
2026/10/09 03:52:01.765, 2, 80531, 97871, 93, 461.12
2026/10/09 03:52:01.765, 3, 81132, 97871, 100, 472.47
2026/10/09 03:52:02.765, 0, 80579, 97871, 99, 478.93
2026/10/09 03:52:02.765, 1, 81360, 97871, 99, 482.56
2026/10/09 03:52:02.765, 2, 80531, 97871, 99, 458.96
2026/10/09 03:52:02.771, 3, 81132, 97871, 100, 466.23
2026/10/09 03:52:03.772, 0, 80579, 97871, 99, 470.83
2026/10/09 03:52:03.772, 1, 81360, 97871, 99, 485.54
2026/10/09 03:52:03.772, 2, 80531, 97871, 99, 458.29
2026/10/09 03:52:03.772, 3, 81132, 97871, 99, 470.59
2026/10/09 03:52:04.772, 0, 80579, 97871, 99, 477.05
2026/10/09 03:52:04.772, 1, 81360, 97871, 99, 485.47
2026/10/09 03:52:04.772, 2, 80531, 97871, 98, 467.86
2026/10/09 03:52:04.772, 3, 81132, 97871, 99, 468.11
2026/10/09 03:52:05.772, 0, 80579, 97871, 99, 476.08
2026/10/09 03:52:05.772, 1, 81360, 97871, 99, 487.30
2026/10/09 03:52:05.772, 2, 80531, 97871, 99, 458.25
2026/10/09 03:52:05.772, 3, 81132, 97871, 100, 468.33
2026/10/09 03:52:06.772, 0, 80579, 97871, 89, 475.05
2026/10/09 03:52:06.772, 1, 81360, 97871, 99, 486.96
2026/10/09 03:52:06.772, 2, 80531, 97871, 99, 460.11
2026/10/09 03:52:06.772, 3, 81132, 97871, 100, 471.55
2026/10/09 03:52:07.772, 0, 80579, 97871, 96, 472.04
2026/10/09 03:52:07.772, 1, 81360, 97871, 99, 483.79
2026/10/09 03:52:07.773, 2, 80531, 97871, 99, 462.55
2026/10/09 03:52:07.773, 3, 81132, 97871, 98, 472.38
2026/10/09 03:52:08.773, 0, 80579, 97871, 99, 472.94
2026/10/09 03:52:08.773, 1, 81360, 97871, 99, 482.65
2026/10/09 03:52:08.773, 2, 80531, 97871, 99, 460.16
2026/10/09 03:52:08.773, 3, 81132, 97871, 100, 470.83
2026/10/09 03:52:09.773, 0, 80579, 97871, 95, 475.03
2026/10/09 03:52:09.773, 1, 81360, 97871, 99, 486.54
2026/10/09 03:52:09.773, 2, 80531, 97871, 99, 457.46
2026/10/09 03:52:09.773, 3, 81132, 97871, 100, 466.80
2026/10/09 03:52:10.773, 0, 80579, 97871, 99, 469.42
2026/10/09 03:52:10.773, 1, 81360, 97871, 99, 484.93
2026/10/09 03:52:10.773, 2, 80531, 97871, 99, 459.60
2026/10/09 03:52:10.773, 3, 81132, 97871, 99, 470.96
2026/10/09 03:52:11.773, 0, 80579, 97871, 99, 475.52
2026/10/09 03:52:11.773, 1, 81360, 97871, 90, 483.53
2026/10/09 03:52:11.773, 2, 80531, 97871, 97, 466.09
2026/10/09 03:52:11.773, 3, 81132, 97871, 99, 476.30
2026/10/09 03:52:12.773, 0, 80579, 97871, 95, 472.76
2026/10/09 03:52:12.773, 1, 81360, 97871, 99, 483.88
2026/10/09 03:52:12.774, 2, 80531, 97871, 99, 457.86
2026/10/09 03:52:12.782, 3, 81132, 97871, 100, 474.52
2026/10/09 03:52:13.782, 0, 80579, 97871, 99, 475.33
2026/10/09 03:52:13.782, 1, 81360, 97871, 99, 482.24
2026/10/09 03:52:13.782, 2, 80531, 97871, 99, 452.66
2026/10/09 03:52:13.782, 3, 81132, 97871, 99, 471.12
2026/10/09 03:52:14.782, 0, 80579, 97871, 99, 471.26
2026/10/09 03:52:14.782, 1, 81360, 97871, 99, 490.05
2026/10/09 03:52:14.782, 2, 80531, 97871, 99, 455.04
2026/10/09 03:52:14.782, 3, 81132, 97871, 99, 469.06
2026/10/09 03:52:15.782, 0, 80579, 97871, 99, 471.13
2026/10/09 03:52:15.782, 1, 81360, 97871, 99, 486.35
2026/10/09 03:52:15.782, 2, 80531, 97871, 99, 455.74
2026/10/09 03:52:15.782, 3, 81132, 97871, 100, 473.00
2026/10/09 03:52:16.783, 0, 80579, 97871, 99, 477.55
2026/10/09 03:52:16.783, 1, 81360, 97871, 99, 486.97
2026/10/09 03:52:16.783, 2, 80531, 97871, 99, 463.40
2026/10/09 03:52:16.783, 3, 81132, 97871, 98, 474.10
2026/10/09 03:52:17.783, 0, 80579, 97871, 99, 476.43
2026/10/09 03:52:17.783, 1, 81360, 97871, 99, 484.63
2026/10/09 03:52:17.783, 2, 80531, 97871, 99, 462.99
2026/10/09 03:52:17.783, 3, 81132, 97871, 99, 468.75
2026/10/09 03:52:18.783, 0, 80579, 97871, 99, 480.22
2026/10/09 03:52:18.783, 1, 81360, 97871, 99, 482.86
2026/10/09 03:52:18.783, 2, 80531, 97871, 99, 456.50
2026/10/09 03:52:18.783, 3, 81132, 97871, 99, 473.86
2026/10/09 03:52:19.783, 0, 80579, 97871, 99, 475.42
2026/10/09 03:52:19.783, 1, 81360, 97871, 100, 487.72
2026/10/09 03:52:19.783, 2, 80531, 97871, 99, 459.16
2026/10/09 03:52:19.783, 3, 81132, 97871, 100, 475.74
2026/10/09 03:52:20.783, 0, 80579, 97871, 99, 473.62
2026/10/09 03:52:20.783, 1, 81360, 97871, 99, 487.28
2026/10/09 03:52:20.783, 2, 80531, 97871, 99, 459.49
2026/10/09 03:52:20.783, 3, 81132, 97871, 99, 467.72
2026/10/09 03:52:21.784, 0, 80579, 97871, 99, 473.03
2026/10/09 03:52:21.784, 1, 81360, 97871, 99, 485.25
2026/10/09 03:52:21.784, 2, 80531, 97871, 99, 455.95
2026/10/09 03:52:21.784, 3, 81132, 97871, 100, 468.48
2026/10/09 03:52:22.784, 0, 80579, 97871, 99, 476.83
2026/10/09 03:52:22.784, 1, 81360, 97871, 99, 486.74
2026/10/09 03:52:22.784, 2, 80531, 97871, 99, 455.77
2026/10/09 03:52:22.794, 3, 81132, 97871, 99, 473.25
2026/10/09 03:52:23.794, 0, 80579, 97871, 99, 475.30
2026/10/09 03:52:23.794, 1, 81360, 97871, 98, 480.06
2026/10/09 03:52:23.794, 2, 80531, 97871, 99, 461.53
2026/10/09 03:52:23.794, 3, 81132, 97871, 100, 471.60
2026/10/09 03:52:24.794, 0, 80579, 97871, 99, 473.05
2026/10/09 03:52:24.795, 1, 81360, 97871, 99, 485.73
2026/10/09 03:52:24.795, 2, 80531, 97871, 99, 456.99
2026/10/09 03:52:24.795, 3, 81132, 97871, 100, 473.53
2026/10/09 03:52:25.795, 0, 80579, 97871, 99, 472.94
2026/10/09 03:52:25.795, 1, 81360, 97871, 99, 485.00
2026/10/09 03:52:25.795, 2, 80531, 97871, 99, 460.96
2026/10/09 03:52:25.795, 3, 81132, 97871, 99, 471.57
2026/10/09 03:52:26.795, 0, 80579, 97871, 99, 475.87
2026/10/09 03:52:26.795, 1, 81360, 97871, 99, 479.33
2026/10/09 03:52:26.795, 2, 80531, 97871, 99, 462.02
2026/10/09 03:52:26.795, 3, 81132, 97871, 100, 474.72
2026/10/09 03:52:27.795, 0, 80579, 97871, 84, 474.38
2026/10/09 03:52:27.795, 1, 81360, 97871, 99, 483.87
2026/10/09 03:52:27.795, 2, 80531, 97871, 99, 453.53
2026/10/09 03:52:27.795, 3, 81132, 97871, 99, 467.67
2026/10/09 03:52:28.795, 0, 80579, 97871, 99, 471.05
2026/10/09 03:52:28.796, 1, 81360, 97871, 99, 483.83
2026/10/09 03:52:28.796, 2, 80531, 97871, 99, 457.03
2026/10/09 03:52:28.796, 3, 81132, 97871, 100, 462.08
2026/10/09 03:52:29.796, 0, 80579, 97871, 99, 469.96
2026/10/09 03:52:29.796, 1, 81360, 97871, 99, 480.67
2026/10/09 03:52:29.796, 2, 80531, 97871, 99, 465.67
2026/10/09 03:52:29.796, 3, 81132, 97871, 95, 469.40
2026/10/09 03:52:30.796, 0, 80579, 97871, 99, 475.94
2026/10/09 03:52:30.796, 1, 81360, 97871, 99, 477.77
2026/10/09 03:52:30.796, 2, 80531, 97871, 97, 462.01
2026/10/09 03:52:30.796, 3, 81132, 97871, 100, 470.57
2026/10/09 03:52:31.796, 0, 80579, 97871, 99, 473.68
2026/10/09 03:52:31.796, 1, 81360, 97871, 99, 485.32
2026/10/09 03:52:31.796, 2, 80531, 97871, 92, 465.30
2026/10/09 03:52:31.796, 3, 81132, 97871, 100, 471.18
2026/10/09 03:52:32.797, 0, 80579, 97871, 99, 481.40
2026/10/09 03:52:32.797, 1, 81360, 97871, 99, 482.07
2026/10/09 03:52:32.797, 2, 80531, 97871, 99, 457.61
2026/10/09 03:52:32.803, 3, 81132, 97871, 99, 468.68
2026/10/09 03:52:33.803, 0, 80579, 97871, 98, 475.19
2026/10/09 03:52:33.803, 1, 81360, 97871, 99, 488.54
2026/10/09 03:52:33.803, 2, 80531, 97871, 99, 460.08
2026/10/09 03:52:33.803, 3, 81132, 97871, 99, 466.16
2026/10/09 03:52:34.803, 0, 80579, 97871, 91, 477.37
2026/10/09 03:52:34.803, 1, 81360, 97871, 99, 485.06
2026/10/09 03:52:34.804, 2, 80531, 97871, 99, 463.22
2026/10/09 03:52:34.804, 3, 81132, 97871, 99, 475.37
2026/10/09 03:52:35.804, 0, 80579, 97871, 99, 470.15
2026/10/09 03:52:35.804, 1, 81360, 97871, 99, 484.85
2026/10/09 03:52:35.804, 2, 80531, 97871, 99, 461.99
2026/10/09 03:52:35.804, 3, 81132, 97871, 99, 463.92
2026/10/09 03:52:36.804, 0, 80579, 97871, 81, 465.65
2026/10/09 03:52:36.804, 1, 81360, 97871, 99, 488.73
2026/10/09 03:52:36.804, 2, 80531, 97871, 99, 460.20
2026/10/09 03:52:36.804, 3, 81132, 97871, 100, 471.42
2026/10/09 03:52:37.804, 0, 80579, 97871, 95, 473.96
2026/10/09 03:52:37.804, 1, 81360, 97871, 99, 482.77
2026/10/09 03:52:37.804, 2, 80531, 97871, 99, 459.84
2026/10/09 03:52:37.804, 3, 81132, 97871, 100, 471.59
2026/10/09 03:52:38.805, 0, 80579, 97871, 99, 472.71
2026/10/09 03:52:38.805, 1, 81360, 97871, 99, 483.74
2026/10/09 03:52:38.805, 2, 80531, 97871, 99, 465.24
2026/10/09 03:52:38.805, 3, 81132, 97871, 100, 472.78
2026/10/09 03:52:39.805, 0, 80579, 97871, 99, 478.30
2026/10/09 03:52:39.805, 1, 81360, 97871, 98, 482.23
2026/10/09 03:52:39.805, 2, 80531, 97871, 99, 461.49
2026/10/09 03:52:39.805, 3, 81132, 97871, 40, 448.29
2026/10/09 03:52:40.805, 0, 80579, 97871, 99, 471.97
2026/10/09 03:52:40.805, 1, 81360, 97871, 96, 483.53
2026/10/09 03:52:40.805, 2, 80531, 97871, 99, 454.59
2026/10/09 03:52:40.805, 3, 81132, 97871, 100, 479.08
2026/10/09 03:52:41.805, 0, 80579, 97871, 99, 471.77
2026/10/09 03:52:41.805, 1, 81360, 97871, 80, 479.44
2026/10/09 03:52:41.805, 2, 80531, 97871, 93, 458.34
2026/10/09 03:52:41.805, 3, 81132, 97871, 89, 508.27
2026/10/09 03:52:42.806, 0, 80579, 97871, 99, 471.00
2026/10/09 03:52:42.806, 1, 81360, 97871, 99, 486.39
2026/10/09 03:52:42.806, 2, 80531, 97871, 99, 462.04
2026/10/09 03:52:42.812, 3, 81132, 97871, 100, 520.91
2026/10/09 03:52:43.812, 0, 80579, 97871, 99, 477.65
2026/10/09 03:52:43.812, 1, 81360, 97871, 99, 484.20
2026/10/09 03:52:43.812, 2, 80531, 97871, 99, 458.94
2026/10/09 03:52:43.812, 3, 81132, 97871, 88, 523.42
2026/10/09 03:52:44.812, 0, 80579, 97871, 99, 472.09
2026/10/09 03:52:44.812, 1, 81360, 97871, 99, 485.67
2026/10/09 03:52:44.812, 2, 80531, 97871, 99, 464.19
2026/10/09 03:52:44.812, 3, 81132, 97871, 100, 522.41
2026/10/09 03:52:45.813, 0, 80579, 97871, 99, 476.99
2026/10/09 03:52:45.813, 1, 81360, 97871, 99, 482.40
2026/10/09 03:52:45.813, 2, 80531, 97871, 99, 461.92
2026/10/09 03:52:45.813, 3, 81132, 97871, 100, 523.41
2026/10/09 03:52:46.813, 0, 80579, 97871, 94, 472.94
2026/10/09 03:52:46.813, 1, 81360, 97871, 99, 486.92
2026/10/09 03:52:46.813, 2, 80531, 97871, 99, 463.84
2026/10/09 03:52:46.813, 3, 81132, 97871, 100, 522.91
2026/10/09 03:52:47.813, 0, 80579, 97871, 98, 477.69
2026/10/09 03:52:47.813, 1, 81360, 97871, 99, 487.28
2026/10/09 03:52:47.813, 2, 80531, 97871, 90, 463.18
2026/10/09 03:52:47.813, 3, 81132, 97871, 90, 520.00
2026/10/09 03:52:48.813, 0, 80579, 97871, 6, 455.52
2026/10/09 03:52:48.813, 1, 81360, 97871, 99, 488.68
2026/10/09 03:52:48.813, 2, 80531, 97871, 99, 460.20
2026/10/09 03:52:48.813, 3, 81132, 97871, 100, 520.71
2026/10/09 03:52:49.813, 0, 80579, 97871, 46, 354.63
2026/10/09 03:52:49.813, 1, 81360, 97871, 99, 483.04
2026/10/09 03:52:49.814, 2, 80531, 97871, 99, 453.32
2026/10/09 03:52:49.814, 3, 81132, 97871, 97, 519.50
2026/10/09 03:52:50.814, 0, 80579, 97871, 100, 413.72
2026/10/09 03:52:50.814, 1, 81360, 97871, 99, 481.31
2026/10/09 03:52:50.814, 2, 80531, 97871, 99, 459.87
2026/10/09 03:52:50.814, 3, 81132, 97871, 85, 522.76
2026/10/09 03:52:51.814, 0, 80579, 97871, 99, 521.26
2026/10/09 03:52:51.814, 1, 81360, 97871, 99, 483.10
2026/10/09 03:52:51.814, 2, 80531, 97871, 99, 465.87
2026/10/09 03:52:51.814, 3, 81132, 97871, 93, 520.38
2026/10/09 03:52:52.814, 0, 80579, 97871, 100, 518.04
2026/10/09 03:52:52.814, 1, 81360, 97871, 99, 481.70
2026/10/09 03:52:52.814, 2, 80531, 97871, 97, 464.62
2026/10/09 03:52:52.821, 3, 81132, 97871, 47, 490.07
2026/10/09 03:52:53.821, 0, 80579, 97871, 100, 519.96
2026/10/09 03:52:53.821, 1, 81360, 97871, 99, 488.75
2026/10/09 03:52:53.821, 2, 80531, 97871, 99, 455.45
2026/10/09 03:52:53.821, 3, 81132, 97871, 39, 420.58
2026/10/09 03:52:54.822, 0, 80579, 97871, 99, 532.84
2026/10/09 03:52:54.822, 1, 81360, 97871, 99, 484.99
2026/10/09 03:52:54.822, 2, 80531, 97871, 99, 458.55
2026/10/09 03:52:54.822, 3, 81132, 97871, 57, 493.91
2026/10/09 03:52:55.822, 0, 80579, 97871, 100, 522.23
2026/10/09 03:52:55.822, 1, 81360, 97871, 99, 483.15
2026/10/09 03:52:55.822, 2, 80531, 97871, 99, 454.29
2026/10/09 03:52:55.822, 3, 81132, 97871, 100, 430.59
2026/10/09 03:52:56.822, 0, 80579, 97871, 96, 518.75
2026/10/09 03:52:56.822, 1, 81360, 97871, 99, 486.06
2026/10/09 03:52:56.822, 2, 80531, 97871, 99, 462.77
2026/10/09 03:52:56.822, 3, 81132, 97871, 100, 392.98
2026/10/09 03:52:57.822, 0, 80579, 97871, 100, 529.36
2026/10/09 03:52:57.822, 1, 81360, 97871, 99, 481.37
2026/10/09 03:52:57.822, 2, 80531, 97871, 99, 453.75
2026/10/09 03:52:57.822, 3, 81132, 97871, 100, 512.02
2026/10/09 03:52:58.822, 0, 80579, 97871, 99, 519.16
2026/10/09 03:52:58.822, 1, 81360, 97871, 99, 480.60
2026/10/09 03:52:58.822, 2, 80531, 97871, 99, 460.61
2026/10/09 03:52:58.822, 3, 81132, 97871, 100, 510.28
2026/10/09 03:52:59.823, 0, 80579, 97871, 100, 524.27
2026/10/09 03:52:59.823, 1, 81360, 97871, 99, 483.71
2026/10/09 03:52:59.823, 2, 80531, 97871, 99, 459.59
2026/10/09 03:52:59.823, 3, 81132, 97871, 100, 505.12
2026/10/09 03:53:00.823, 0, 80579, 97871, 99, 519.50
2026/10/09 03:53:00.823, 1, 81360, 97871, 99, 481.21
2026/10/09 03:53:00.823, 2, 80531, 97871, 99, 461.07
2026/10/09 03:53:00.823, 3, 81134, 97871, 100, 505.00
2026/10/09 03:53:01.823, 0, 80579, 97871, 100, 517.96
2026/10/09 03:53:01.823, 1, 81360, 97871, 96, 488.22
2026/10/09 03:53:01.823, 2, 80531, 97871, 100, 448.41
2026/10/09 03:53:01.823, 3, 81134, 97871, 99, 508.30
2026/10/09 03:53:02.823, 0, 80579, 97871, 100, 521.89
2026/10/09 03:53:02.823, 1, 81360, 97871, 99, 487.71
2026/10/09 03:53:02.823, 2, 80531, 97871, 99, 478.29
2026/10/09 03:53:02.828, 3, 81134, 97871, 72, 475.38
2026/10/09 03:53:03.828, 0, 80579, 97871, 100, 522.37
2026/10/09 03:53:03.828, 1, 81360, 97871, 99, 485.46
2026/10/09 03:53:03.828, 2, 80531, 97871, 100, 518.85
2026/10/09 03:53:03.828, 3, 81134, 97871, 91, 431.55
2026/10/09 03:53:04.828, 0, 80579, 97871, 45, 425.02
2026/10/09 03:53:04.828, 1, 81360, 97871, 99, 487.36
2026/10/09 03:53:04.828, 2, 80531, 97871, 94, 507.56
2026/10/09 03:53:04.828, 3, 81134, 97871, 100, 518.06
2026/10/09 03:53:05.828, 0, 80579, 97871, 100, 496.04
2026/10/09 03:53:05.828, 1, 81360, 97871, 99, 485.72
2026/10/09 03:53:05.828, 2, 80531, 97871, 100, 508.52
2026/10/09 03:53:05.828, 3, 81134, 97871, 94, 507.60
2026/10/09 03:53:06.828, 0, 80579, 97871, 54, 489.88
2026/10/09 03:53:06.829, 1, 81360, 97871, 99, 478.61
2026/10/09 03:53:06.829, 2, 80531, 97871, 100, 519.15
2026/10/09 03:53:06.829, 3, 81134, 97871, 53, 450.52
2026/10/09 03:53:07.829, 0, 80579, 97871, 99, 421.30
2026/10/09 03:53:07.829, 1, 81360, 97871, 99, 478.08
2026/10/09 03:53:07.829, 2, 80531, 97871, 100, 517.36
2026/10/09 03:53:07.829, 3, 81134, 97871, 100, 438.08
2026/10/09 03:53:08.829, 0, 80579, 97871, 100, 530.79
2026/10/09 03:53:08.829, 1, 81360, 97871, 99, 484.55
2026/10/09 03:53:08.829, 2, 80531, 97871, 100, 519.56
2026/10/09 03:53:08.829, 3, 81134, 97871, 100, 526.21
2026/10/09 03:53:09.829, 0, 80579, 97871, 100, 525.82
2026/10/09 03:53:09.829, 1, 81360, 97871, 99, 484.47
2026/10/09 03:53:09.829, 2, 80531, 97871, 100, 517.56
2026/10/09 03:53:09.829, 3, 81134, 97871, 100, 506.75
2026/10/09 03:53:10.829, 0, 80579, 97871, 93, 517.03
2026/10/09 03:53:10.829, 1, 81360, 97871, 99, 485.01
2026/10/09 03:53:10.829, 2, 80531, 97871, 99, 514.33
2026/10/09 03:53:10.829, 3, 81134, 97871, 100, 506.97
2026/10/09 03:53:11.830, 0, 80579, 97871, 100, 520.63
2026/10/09 03:53:11.830, 1, 81360, 97871, 99, 485.06
2026/10/09 03:53:11.830, 2, 80531, 97871, 100, 513.55
2026/10/09 03:53:11.830, 3, 81134, 97871, 100, 506.96
2026/10/09 03:53:12.830, 0, 80579, 97871, 100, 520.50
2026/10/09 03:53:12.830, 1, 81360, 97871, 99, 483.74
2026/10/09 03:53:12.830, 2, 80531, 97871, 100, 510.30
2026/10/09 03:53:12.840, 3, 81134, 97871, 100, 507.23
2026/10/09 03:53:13.840, 0, 80579, 97871, 100, 484.31
2026/10/09 03:53:13.840, 1, 81360, 97871, 97, 482.20
2026/10/09 03:53:13.840, 2, 80531, 97871, 100, 513.26
2026/10/09 03:53:13.840, 3, 81134, 97871, 100, 504.36
2026/10/09 03:53:14.840, 0, 80579, 97871, 50, 400.55
2026/10/09 03:53:14.840, 1, 81360, 97871, 99, 483.29
2026/10/09 03:53:14.840, 2, 80531, 97871, 99, 518.88
2026/10/09 03:53:14.840, 3, 81134, 97871, 100, 506.49
2026/10/09 03:53:15.840, 0, 80579, 97871, 100, 550.66
2026/10/09 03:53:15.840, 1, 81360, 97871, 99, 486.23
2026/10/09 03:53:15.840, 2, 80531, 97871, 100, 512.68
2026/10/09 03:53:15.840, 3, 81134, 97871, 100, 509.78
2026/10/09 03:53:16.841, 0, 80579, 97871, 63, 489.79
2026/10/09 03:53:16.841, 1, 81360, 97871, 99, 483.04
2026/10/09 03:53:16.841, 2, 80531, 97871, 100, 504.40
2026/10/09 03:53:16.841, 3, 81134, 97871, 100, 501.14
2026/10/09 03:53:17.841, 0, 80579, 97871, 96, 470.94
2026/10/09 03:53:17.841, 1, 81360, 97871, 99, 487.60
2026/10/09 03:53:17.841, 2, 80531, 97871, 77, 373.57
2026/10/09 03:53:17.841, 3, 81134, 97871, 100, 504.79
2026/10/09 03:53:18.841, 0, 80579, 97871, 89, 363.84
2026/10/09 03:53:18.841, 1, 81360, 97871, 99, 482.79
2026/10/09 03:53:18.841, 2, 80531, 97871, 74, 475.93
2026/10/09 03:53:18.841, 3, 81134, 97871, 51, 434.74
2026/10/09 03:53:19.841, 0, 80579, 97871, 100, 546.73
2026/10/09 03:53:19.841, 1, 81360, 97871, 99, 486.39
2026/10/09 03:53:19.841, 2, 80531, 97871, 94, 445.41
2026/10/09 03:53:19.841, 3, 81134, 97871, 100, 446.64
2026/10/09 03:53:20.841, 0, 80579, 97871, 100, 523.57
2026/10/09 03:53:20.841, 1, 81360, 97871, 100, 481.42
2026/10/09 03:53:20.841, 2, 80531, 97871, 51, 338.35
2026/10/09 03:53:20.842, 3, 81134, 97871, 100, 521.88
2026/10/09 03:53:21.842, 0, 80579, 97871, 100, 522.65
2026/10/09 03:53:21.842, 1, 81360, 97871, 54, 382.45
2026/10/09 03:53:21.842, 2, 80531, 97871, 100, 509.71
2026/10/09 03:53:21.842, 3, 81134, 97871, 100, 520.81
2026/10/09 03:53:22.842, 0, 80579, 97871, 100, 523.05
2026/10/09 03:53:22.842, 1, 81360, 97871, 100, 514.58
2026/10/09 03:53:22.842, 2, 80531, 97871, 100, 506.13
2026/10/09 03:53:22.847, 3, 81134, 97871, 100, 502.38
2026/10/09 03:53:23.847, 0, 80579, 97871, 100, 524.77
2026/10/09 03:53:23.847, 1, 81360, 97871, 100, 525.23
2026/10/09 03:53:23.847, 2, 80531, 97871, 100, 505.34
2026/10/09 03:53:23.847, 3, 81134, 97871, 100, 504.48
2026/10/09 03:53:24.847, 0, 80579, 97871, 100, 522.86
2026/10/09 03:53:24.847, 1, 81360, 97871, 100, 528.08
2026/10/09 03:53:24.847, 2, 80531, 97871, 100, 504.25
2026/10/09 03:53:24.847, 3, 81134, 97871, 88, 470.08
2026/10/09 03:53:25.848, 0, 80579, 97871, 100, 518.61
2026/10/09 03:53:25.848, 1, 81360, 97871, 100, 528.33
2026/10/09 03:53:25.848, 2, 80531, 97871, 100, 509.29
2026/10/09 03:53:25.848, 3, 81134, 97871, 100, 421.15
2026/10/09 03:53:26.848, 0, 80579, 97871, 100, 525.07
2026/10/09 03:53:26.848, 1, 81360, 97871, 100, 531.64
2026/10/09 03:53:26.848, 2, 80531, 97871, 63, 484.18
2026/10/09 03:53:26.848, 3, 81134, 97871, 100, 517.06
2026/10/09 03:53:27.848, 0, 80579, 97871, 100, 523.10
2026/10/09 03:53:27.848, 1, 81360, 97871, 100, 531.65
2026/10/09 03:53:27.848, 2, 80531, 97871, 66, 451.38
2026/10/09 03:53:27.848, 3, 81134, 97871, 100, 513.44
2026/10/09 03:53:28.848, 0, 80579, 97871, 90, 503.22
2026/10/09 03:53:28.848, 1, 81360, 97871, 100, 520.95
2026/10/09 03:53:28.849, 2, 80531, 97871, 54, 387.54
2026/10/09 03:53:28.849, 3, 81134, 97871, 100, 507.04
2026/10/09 03:53:29.849, 0, 80579, 97871, 99, 396.89
2026/10/09 03:53:29.849, 1, 81360, 97871, 100, 526.45
2026/10/09 03:53:29.849, 2, 80531, 97871, 100, 524.04
2026/10/09 03:53:29.849, 3, 81134, 97871, 100, 502.23
2026/10/09 03:53:30.849, 0, 80579, 97871, 100, 491.01
2026/10/09 03:53:30.849, 1, 81360, 97871, 95, 532.03
2026/10/09 03:53:30.849, 2, 80531, 97871, 100, 504.46
2026/10/09 03:53:30.849, 3, 81134, 97871, 100, 502.51
2026/10/09 03:53:31.849, 0, 80579, 97871, 100, 542.07
2026/10/09 03:53:31.849, 1, 81360, 97871, 100, 529.44
2026/10/09 03:53:31.849, 2, 80531, 97871, 92, 484.27
2026/10/09 03:53:31.849, 3, 81134, 97871, 100, 505.29
2026/10/09 03:53:32.850, 0, 80579, 97871, 100, 531.01
2026/10/09 03:53:32.850, 1, 81360, 97871, 100, 522.09
2026/10/09 03:53:32.850, 2, 80531, 97871, 70, 416.97
2026/10/09 03:53:32.857, 3, 81134, 97871, 99, 509.48
2026/10/09 03:53:33.857, 0, 80579, 97871, 100, 523.34
2026/10/09 03:53:33.858, 1, 81360, 97871, 100, 521.49
2026/10/09 03:53:33.858, 2, 80531, 97871, 100, 524.26
2026/10/09 03:53:33.858, 3, 81134, 97871, 100, 505.39
2026/10/09 03:53:34.858, 0, 80579, 97871, 99, 508.41
2026/10/09 03:53:34.858, 1, 81360, 97871, 100, 526.33
2026/10/09 03:53:34.858, 2, 80531, 97871, 100, 503.54
2026/10/09 03:53:34.858, 3, 81134, 97871, 100, 504.82
2026/10/09 03:53:35.858, 0, 80579, 97871, 43, 374.82
2026/10/09 03:53:35.858, 1, 81360, 97871, 82, 527.45
2026/10/09 03:53:35.858, 2, 80531, 97871, 100, 496.49
2026/10/09 03:53:35.858, 3, 81134, 97871, 100, 504.81
2026/10/09 03:53:36.858, 0, 80579, 97871, 100, 546.90
2026/10/09 03:53:36.859, 1, 81360, 97871, 100, 522.53
2026/10/09 03:53:36.859, 2, 80531, 97871, 100, 500.39
2026/10/09 03:53:36.859, 3, 81134, 97871, 100, 504.46
2026/10/09 03:53:37.859, 0, 80579, 97871, 100, 540.35
2026/10/09 03:53:37.859, 1, 81360, 97871, 48, 483.65
2026/10/09 03:53:37.859, 2, 80531, 97871, 100, 502.30
2026/10/09 03:53:37.859, 3, 81134, 97871, 100, 506.27
2026/10/09 03:53:38.859, 0, 80579, 97871, 98, 527.41
2026/10/09 03:53:38.859, 1, 81360, 97871, 100, 522.27
2026/10/09 03:53:38.859, 2, 80531, 97871, 100, 504.47
2026/10/09 03:53:38.859, 3, 81134, 97871, 100, 506.09
2026/10/09 03:53:39.859, 0, 80579, 97871, 100, 523.80
2026/10/09 03:53:39.859, 1, 81360, 97871, 100, 477.50
2026/10/09 03:53:39.859, 2, 80531, 97871, 100, 505.53
2026/10/09 03:53:39.859, 3, 81134, 97871, 100, 505.63
2026/10/09 03:53:40.860, 0, 80579, 97871, 100, 520.27
2026/10/09 03:53:40.860, 1, 81360, 97871, 100, 520.95
2026/10/09 03:53:40.860, 2, 80531, 97871, 100, 503.30
2026/10/09 03:53:40.860, 3, 81134, 97871, 100, 509.65
2026/10/09 03:53:41.860, 0, 80579, 97871, 100, 517.66
2026/10/09 03:53:41.860, 1, 81360, 97871, 100, 518.89
2026/10/09 03:53:41.860, 2, 80531, 97871, 100, 501.39
2026/10/09 03:53:41.860, 3, 81134, 97871, 100, 507.20
2026/10/09 03:53:42.860, 0, 80579, 97871, 100, 526.17
2026/10/09 03:53:42.860, 1, 81360, 97871, 100, 516.85
2026/10/09 03:53:42.860, 2, 80531, 97871, 100, 499.90
2026/10/09 03:53:42.864, 3, 81134, 97871, 100, 501.24
2026/10/09 03:53:43.864, 0, 80579, 97871, 100, 522.89
2026/10/09 03:53:43.864, 1, 81360, 97871, 100, 518.24
2026/10/09 03:53:43.864, 2, 80531, 97871, 89, 488.88
2026/10/09 03:53:43.864, 3, 81134, 97871, 100, 501.20
2026/10/09 03:53:44.865, 0, 80579, 97871, 100, 520.18
2026/10/09 03:53:44.865, 1, 81360, 97871, 100, 515.56
2026/10/09 03:53:44.865, 2, 80531, 97871, 100, 408.91
2026/10/09 03:53:44.865, 3, 81134, 97871, 100, 504.22
2026/10/09 03:53:45.865, 0, 80579, 97871, 100, 518.40
2026/10/09 03:53:45.865, 1, 81360, 97871, 100, 517.50
2026/10/09 03:53:45.865, 2, 80531, 97871, 100, 475.82
2026/10/09 03:53:45.865, 3, 81134, 97871, 94, 488.49
2026/10/09 03:53:46.865, 0, 80579, 97871, 100, 521.30
2026/10/09 03:53:46.865, 1, 81360, 97871, 84, 507.28
2026/10/09 03:53:46.865, 2, 80531, 97871, 100, 523.37
2026/10/09 03:53:46.865, 3, 81134, 97871, 29, 419.17
2026/10/09 03:53:47.865, 0, 80579, 97871, 100, 519.23
2026/10/09 03:53:47.866, 1, 81360, 97871, 54, 440.03
2026/10/09 03:53:47.866, 2, 80531, 97871, 100, 511.58
2026/10/09 03:53:47.866, 3, 81134, 97871, 100, 516.00
2026/10/09 03:53:48.866, 0, 80579, 97871, 100, 523.00
2026/10/09 03:53:48.866, 1, 81360, 97871, 100, 470.20
2026/10/09 03:53:48.866, 2, 80531, 97871, 100, 498.97
2026/10/09 03:53:48.866, 3, 81134, 97871, 100, 516.64
2026/10/09 03:53:49.866, 0, 80579, 97871, 100, 526.02
2026/10/09 03:53:49.866, 1, 81360, 97871, 100, 529.29
2026/10/09 03:53:49.866, 2, 80531, 97871, 100, 501.44
2026/10/09 03:53:49.866, 3, 82054, 97871, 100, 517.20
2026/10/09 03:53:50.866, 0, 80579, 97871, 100, 521.08
2026/10/09 03:53:50.867, 1, 81360, 97871, 100, 517.73
2026/10/09 03:53:50.867, 2, 80531, 97871, 83, 456.43
2026/10/09 03:53:50.867, 3, 82054, 97871, 100, 514.07
2026/10/09 03:53:51.867, 0, 80579, 97871, 100, 518.56
2026/10/09 03:53:51.867, 1, 81360, 97871, 55, 476.74
2026/10/09 03:53:51.867, 2, 80531, 97871, 100, 464.42
2026/10/09 03:53:51.867, 3, 82054, 97871, 100, 510.24
2026/10/09 03:53:52.867, 0, 80579, 97871, 100, 521.35
2026/10/09 03:53:52.867, 1, 81360, 97871, 100, 506.69
2026/10/09 03:53:52.867, 2, 80531, 97871, 100, 523.98
2026/10/09 03:53:52.871, 3, 82054, 97871, 100, 500.54
2026/10/09 03:53:53.871, 0, 80579, 97871, 89, 511.17
2026/10/09 03:53:53.871, 1, 81360, 97871, 100, 529.90
2026/10/09 03:53:53.871, 2, 80531, 97871, 100, 518.07
2026/10/09 03:53:53.871, 3, 82054, 97871, 100, 501.70
2026/10/09 03:53:54.871, 0, 80579, 97871, 99, 456.38
2026/10/09 03:53:54.871, 1, 81360, 97871, 100, 509.71
2026/10/09 03:53:54.871, 2, 80531, 97871, 100, 502.63
2026/10/09 03:53:54.871, 3, 82054, 97871, 100, 499.86
2026/10/09 03:53:55.871, 0, 80579, 97871, 100, 469.72
2026/10/09 03:53:55.872, 1, 81360, 97871, 100, 516.12
2026/10/09 03:53:55.872, 2, 80531, 97871, 100, 500.48
2026/10/09 03:53:55.872, 3, 82054, 97871, 100, 499.09
2026/10/09 03:53:56.872, 0, 80579, 97871, 100, 540.03
2026/10/09 03:53:56.872, 1, 81360, 97871, 100, 515.22
2026/10/09 03:53:56.872, 2, 80531, 97871, 100, 503.53
2026/10/09 03:53:56.872, 3, 82054, 97871, 72, 489.57
2026/10/09 03:53:57.872, 0, 80579, 97871, 100, 539.60
2026/10/09 03:53:57.872, 1, 81360, 97871, 100, 516.50
2026/10/09 03:53:57.872, 2, 80531, 97871, 100, 500.08
2026/10/09 03:53:57.872, 3, 82054, 97871, 100, 442.24
2026/10/09 03:53:58.872, 0, 80579, 97871, 100, 541.42
2026/10/09 03:53:58.872, 1, 81360, 97871, 100, 518.17
2026/10/09 03:53:58.872, 2, 80531, 97871, 100, 506.54
2026/10/09 03:53:58.872, 3, 82054, 97871, 100, 517.86
2026/10/09 03:53:59.872, 0, 80579, 97871, 100, 542.15
2026/10/09 03:53:59.873, 1, 81360, 97871, 100, 517.39
2026/10/09 03:53:59.873, 2, 80531, 97871, 100, 503.88
2026/10/09 03:53:59.873, 3, 82054, 97871, 100, 516.08
2026/10/09 03:54:00.873, 0, 80579, 97871, 100, 520.07
2026/10/09 03:54:00.873, 1, 81360, 97871, 100, 516.11
2026/10/09 03:54:00.873, 2, 80531, 97871, 100, 503.01
2026/10/09 03:54:00.873, 3, 82054, 97871, 100, 513.66
2026/10/09 03:54:01.873, 0, 80579, 97871, 100, 519.68
2026/10/09 03:54:01.873, 1, 81360, 97871, 100, 516.08
2026/10/09 03:54:01.873, 2, 80531, 97871, 100, 506.09
2026/10/09 03:54:01.873, 3, 82054, 97871, 100, 516.08
2026/10/09 03:54:02.873, 0, 80579, 97871, 100, 518.32
2026/10/09 03:54:02.873, 1, 81360, 97871, 100, 517.24
2026/10/09 03:54:02.873, 2, 80531, 97871, 100, 503.29
2026/10/09 03:54:02.893, 3, 82054, 97871, 100, 510.28
2026/10/09 03:54:03.893, 0, 80579, 97871, 76, 492.24
2026/10/09 03:54:03.893, 1, 81360, 97871, 100, 509.01
2026/10/09 03:54:03.893, 2, 80531, 97871, 100, 505.01
2026/10/09 03:54:03.893, 3, 82054, 97871, 100, 509.04
2026/10/09 03:54:04.893, 0, 80579, 97871, 65, 393.82
2026/10/09 03:54:04.893, 1, 81360, 97871, 75, 472.37
2026/10/09 03:54:04.893, 2, 80531, 97871, 100, 502.11
2026/10/09 03:54:04.893, 3, 82054, 97871, 100, 503.55
2026/10/09 03:54:05.893, 0, 80579, 97871, 100, 543.66
2026/10/09 03:54:05.893, 1, 81360, 97871, 100, 478.43
2026/10/09 03:54:05.893, 2, 80531, 97871, 100, 504.83
2026/10/09 03:54:05.893, 3, 82054, 97871, 100, 506.45
2026/10/09 03:54:06.893, 0, 80579, 97871, 100, 543.53
2026/10/09 03:54:06.893, 1, 81360, 97871, 100, 532.78
2026/10/09 03:54:06.893, 2, 80531, 97871, 100, 505.46
2026/10/09 03:54:06.893, 3, 82054, 97871, 100, 506.53
2026/10/09 03:54:07.894, 0, 80579, 97871, 100, 540.21
2026/10/09 03:54:07.894, 1, 81360, 97871, 100, 533.20
2026/10/09 03:54:07.894, 2, 80531, 97871, 100, 505.51
2026/10/09 03:54:07.894, 3, 82054, 97871, 100, 508.24
2026/10/09 03:54:08.894, 0, 80579, 97871, 100, 539.29
2026/10/09 03:54:08.894, 1, 81360, 97871, 100, 510.45
2026/10/09 03:54:08.894, 2, 80531, 97871, 100, 505.23
2026/10/09 03:54:08.894, 3, 82054, 97871, 100, 509.76
2026/10/09 03:54:09.894, 0, 80579, 97871, 100, 534.92
2026/10/09 03:54:09.894, 1, 81360, 97871, 100, 510.61
2026/10/09 03:54:09.894, 2, 80531, 97871, 100, 504.53
2026/10/09 03:54:09.894, 3, 82054, 97871, 100, 511.38
2026/10/09 03:54:10.894, 0, 80579, 97871, 100, 524.25
2026/10/09 03:54:10.894, 1, 81360, 97871, 98, 511.89
2026/10/09 03:54:10.895, 2, 80531, 97871, 100, 498.75
2026/10/09 03:54:10.895, 3, 82054, 97871, 100, 511.61
2026/10/09 03:54:11.895, 0, 80579, 97871, 100, 528.36
2026/10/09 03:54:11.895, 1, 81360, 97871, 100, 465.99
2026/10/09 03:54:11.895, 2, 80531, 97871, 73, 486.31
2026/10/09 03:54:11.895, 3, 82054, 97871, 100, 514.53
2026/10/09 03:54:12.895, 0, 80579, 97871, 100, 518.56
2026/10/09 03:54:12.895, 1, 81360, 97871, 100, 515.11
2026/10/09 03:54:12.895, 2, 80531, 97871, 42, 432.82
2026/10/09 03:54:12.898, 3, 82054, 97871, 100, 509.20
2026/10/09 03:54:13.898, 0, 80579, 97871, 100, 520.64
2026/10/09 03:54:13.899, 1, 81360, 97871, 100, 530.73
2026/10/09 03:54:13.899, 2, 80531, 97871, 100, 487.16
2026/10/09 03:54:13.899, 3, 82054, 97871, 100, 511.01
2026/10/09 03:54:14.899, 0, 80579, 97871, 100, 526.58
2026/10/09 03:54:14.899, 1, 81360, 97871, 100, 524.73
2026/10/09 03:54:14.899, 2, 80531, 97871, 100, 520.62
2026/10/09 03:54:14.899, 3, 82054, 97871, 100, 513.41
2026/10/09 03:54:15.899, 0, 80578, 97871, 100, 526.80
2026/10/09 03:54:15.899, 1, 81360, 97871, 100, 519.29
2026/10/09 03:54:15.899, 2, 80530, 97871, 100, 518.52
2026/10/09 03:54:15.899, 3, 82054, 97871, 100, 511.13
2026/10/09 03:54:16.899, 0, 80578, 97871, 100, 530.90
2026/10/09 03:54:16.899, 1, 81360, 97871, 100, 515.45
2026/10/09 03:54:16.899, 2, 81628, 97871, 100, 522.54
2026/10/09 03:54:16.899, 3, 82054, 97871, 100, 507.76
2026/10/09 03:54:17.899, 0, 80578, 97871, 100, 532.32
2026/10/09 03:54:17.900, 1, 81360, 97871, 100, 518.48
2026/10/09 03:54:17.900, 2, 81628, 97871, 100, 519.71
2026/10/09 03:54:17.900, 3, 82054, 97871, 100, 511.65
2026/10/09 03:54:18.900, 0, 80578, 97871, 100, 533.60
2026/10/09 03:54:18.900, 1, 81360, 97871, 100, 516.08
2026/10/09 03:54:18.900, 2, 81628, 97871, 100, 505.60
2026/10/09 03:54:18.900, 3, 82054, 97871, 100, 508.10
2026/10/09 03:54:19.900, 0, 80578, 97871, 100, 529.63
2026/10/09 03:54:19.900, 1, 81360, 97871, 100, 520.38
2026/10/09 03:54:19.900, 2, 81628, 97871, 100, 501.98
2026/10/09 03:54:19.900, 3, 82054, 97871, 100, 510.98
2026/10/09 03:54:20.900, 0, 80578, 97871, 100, 531.80
2026/10/09 03:54:20.900, 1, 81360, 97871, 100, 519.57
2026/10/09 03:54:20.900, 2, 81628, 97871, 100, 504.20
2026/10/09 03:54:20.900, 3, 82054, 97871, 100, 511.12
2026/10/09 03:54:21.901, 0, 80578, 97871, 100, 528.15
2026/10/09 03:54:21.901, 1, 81360, 97871, 100, 520.84
2026/10/09 03:54:21.901, 2, 81628, 97871, 100, 503.30
2026/10/09 03:54:21.901, 3, 82054, 97871, 100, 511.44
2026/10/09 03:54:22.901, 0, 80578, 97871, 100, 527.61
2026/10/09 03:54:22.901, 1, 81360, 97871, 100, 518.02
2026/10/09 03:54:22.901, 2, 81628, 97871, 95, 493.79
2026/10/09 03:54:22.906, 3, 82054, 97871, 100, 510.35
2026/10/09 03:54:23.906, 0, 80578, 97871, 100, 526.66
2026/10/09 03:54:23.906, 1, 81360, 97871, 100, 516.45
2026/10/09 03:54:23.906, 2, 81628, 97871, 100, 422.45
2026/10/09 03:54:23.906, 3, 82054, 97871, 100, 512.63
2026/10/09 03:54:24.906, 0, 80578, 97871, 100, 526.32
2026/10/09 03:54:24.906, 1, 81360, 97871, 100, 517.51
2026/10/09 03:54:24.906, 2, 81628, 97871, 100, 522.45
2026/10/09 03:54:24.906, 3, 82054, 97871, 100, 511.08
2026/10/09 03:54:25.906, 0, 80578, 97871, 100, 529.16
2026/10/09 03:54:25.906, 1, 81360, 97871, 100, 521.53
2026/10/09 03:54:25.906, 2, 81628, 97871, 100, 517.96
2026/10/09 03:54:25.906, 3, 82054, 97871, 100, 510.05
2026/10/09 03:54:26.907, 0, 80578, 97871, 100, 531.05
2026/10/09 03:54:26.907, 1, 81360, 97871, 100, 517.89
2026/10/09 03:54:26.907, 2, 81628, 97871, 100, 520.96
2026/10/09 03:54:26.907, 3, 82054, 97871, 100, 510.48
2026/10/09 03:54:27.907, 0, 80578, 97871, 100, 532.87
2026/10/09 03:54:27.907, 1, 81360, 97871, 100, 520.29
2026/10/09 03:54:27.907, 2, 81628, 97871, 100, 519.96
2026/10/09 03:54:27.907, 3, 82054, 97871, 100, 510.54
2026/10/09 03:54:28.907, 0, 80578, 97871, 100, 526.25
2026/10/09 03:54:28.907, 1, 81360, 97871, 100, 519.60
2026/10/09 03:54:28.907, 2, 81628, 97871, 100, 514.08
2026/10/09 03:54:28.907, 3, 82054, 97871, 100, 509.23
2026/10/09 03:54:29.907, 0, 80578, 97871, 100, 531.08
2026/10/09 03:54:29.907, 1, 81360, 97871, 100, 516.58
2026/10/09 03:54:29.907, 2, 81628, 97871, 100, 508.55
2026/10/09 03:54:29.907, 3, 82054, 97871, 100, 509.65
2026/10/09 03:54:30.908, 0, 80578, 97871, 100, 526.16
2026/10/09 03:54:30.908, 1, 81360, 97871, 100, 517.76
2026/10/09 03:54:30.908, 2, 81628, 97871, 100, 509.05
2026/10/09 03:54:30.908, 3, 82054, 97871, 100, 510.57
2026/10/09 03:54:31.908, 0, 80578, 97871, 100, 528.61
2026/10/09 03:54:31.908, 1, 81360, 97871, 100, 516.11
2026/10/09 03:54:31.908, 2, 81628, 97871, 100, 507.56
2026/10/09 03:54:31.908, 3, 82054, 97871, 100, 511.25
2026/10/09 03:54:32.908, 0, 80578, 97871, 100, 524.88
2026/10/09 03:54:32.908, 1, 81360, 97871, 100, 511.08
2026/10/09 03:54:32.908, 2, 81628, 97871, 100, 505.90
2026/10/09 03:54:32.918, 3, 82054, 97871, 100, 505.99
2026/10/09 03:54:33.918, 0, 80578, 97871, 100, 525.03
2026/10/09 03:54:33.918, 1, 81360, 97871, 100, 514.37
2026/10/09 03:54:33.918, 2, 81628, 97871, 100, 507.80
2026/10/09 03:54:33.918, 3, 82054, 97871, 100, 501.54
2026/10/09 03:54:34.918, 0, 80578, 97871, 100, 531.68
2026/10/09 03:54:34.918, 1, 81360, 97871, 78, 483.76
2026/10/09 03:54:34.918, 2, 81628, 97871, 100, 508.83
2026/10/09 03:54:34.918, 3, 82054, 97871, 100, 497.16
2026/10/09 03:54:35.918, 0, 80578, 97871, 100, 531.50
2026/10/09 03:54:35.918, 1, 81360, 97871, 100, 465.33
2026/10/09 03:54:35.918, 2, 81628, 97871, 100, 510.19
2026/10/09 03:54:35.918, 3, 82054, 97871, 100, 502.24
2026/10/09 03:54:36.918, 0, 80578, 97871, 100, 528.54
2026/10/09 03:54:36.919, 1, 81360, 97871, 100, 536.15
2026/10/09 03:54:36.919, 2, 81628, 97871, 100, 512.93
2026/10/09 03:54:36.919, 3, 82054, 97871, 100, 422.67
2026/10/09 03:54:37.919, 0, 80578, 97871, 71, 499.79
2026/10/09 03:54:37.919, 1, 81360, 97871, 100, 527.15
2026/10/09 03:54:37.919, 2, 81628, 97871, 100, 513.26
2026/10/09 03:54:37.919, 3, 6, 97871, 0, 169.24
2026/10/09 03:54:38.919, 0, 80578, 97871, 100, 501.85
2026/10/09 03:54:38.919, 1, 81360, 97871, 100, 525.78
2026/10/09 03:54:38.919, 2, 81628, 97871, 100, 516.63
2026/10/09 03:54:38.919, 3, 6, 97871, 0, 148.16
2026/10/09 03:54:39.919, 0, 80578, 97871, 86, 500.04
2026/10/09 03:54:39.920, 1, 81360, 97871, 100, 527.74
2026/10/09 03:54:39.920, 2, 81628, 97871, 100, 513.55
2026/10/09 03:54:39.920, 3, 6, 97871, 0, 111.46
2026/10/09 03:54:40.920, 0, 80578, 97871, 58, 389.68
2026/10/09 03:54:40.920, 1, 81360, 97871, 100, 519.87
2026/10/09 03:54:40.920, 2, 81628, 97871, 100, 511.14
2026/10/09 03:54:40.920, 3, 6, 97871, 0, 95.84
2026/10/09 03:54:41.920, 0, 10, 97871, 0, 191.98
2026/10/09 03:54:41.920, 1, 81360, 97871, 100, 510.47
2026/10/09 03:54:41.920, 2, 81628, 97871, 100, 507.93
2026/10/09 03:54:41.920, 3, 6, 97871, 0, 96.05
2026/10/09 03:54:42.920, 0, 10, 97871, 0, 153.08
2026/10/09 03:54:42.920, 1, 81360, 97871, 100, 511.93
2026/10/09 03:54:42.920, 2, 81628, 97871, 100, 500.31
2026/10/09 03:54:42.926, 3, 6, 97871, 0, 95.60
2026/10/09 03:54:43.926, 0, 10, 97871, 0, 114.11
2026/10/09 03:54:43.926, 1, 81360, 97871, 100, 511.21
2026/10/09 03:54:43.926, 2, 81628, 97871, 100, 503.47
2026/10/09 03:54:43.926, 3, 6, 97871, 0, 95.34
2026/10/09 03:54:44.926, 0, 10, 97871, 0, 100.39
2026/10/09 03:54:44.926, 1, 81360, 97871, 100, 511.92
2026/10/09 03:54:44.926, 2, 81628, 97871, 100, 508.41
2026/10/09 03:54:44.926, 3, 6, 97871, 0, 95.58
2026/10/09 03:54:45.926, 0, 10, 97871, 0, 100.13
2026/10/09 03:54:45.926, 1, 81360, 97871, 100, 507.23
2026/10/09 03:54:45.926, 2, 81628, 97871, 100, 506.35
2026/10/09 03:54:45.926, 3, 6, 97871, 0, 95.23
2026/10/09 03:54:46.926, 0, 10, 97871, 0, 99.99
2026/10/09 03:54:46.927, 1, 81360, 97871, 100, 481.47
2026/10/09 03:54:46.927, 2, 81628, 97871, 100, 506.48
2026/10/09 03:54:46.927, 3, 6, 97871, 0, 95.49
2026/10/09 03:54:47.927, 0, 10, 97871, 0, 100.01
2026/10/09 03:54:47.927, 1, 81360, 97871, 100, 512.76
2026/10/09 03:54:47.927, 2, 81628, 97871, 100, 506.66
2026/10/09 03:54:47.927, 3, 6, 97871, 0, 95.27
2026/10/09 03:54:48.927, 0, 10, 97871, 0, 99.81
2026/10/09 03:54:48.927, 1, 81360, 97871, 100, 526.85
2026/10/09 03:54:48.927, 2, 81628, 97871, 100, 510.17
2026/10/09 03:54:48.927, 3, 6, 97871, 0, 94.79
2026/10/09 03:54:49.927, 0, 10, 97871, 0, 99.84
2026/10/09 03:54:49.927, 1, 81360, 97871, 100, 527.78
2026/10/09 03:54:49.927, 2, 81628, 97871, 100, 505.71
2026/10/09 03:54:49.927, 3, 6, 97871, 0, 94.79
2026/10/09 03:54:50.927, 0, 10, 97871, 0, 99.77
2026/10/09 03:54:50.927, 1, 81360, 97871, 100, 526.43
2026/10/09 03:54:50.927, 2, 81628, 97871, 100, 508.45
2026/10/09 03:54:50.927, 3, 6, 97871, 0, 94.56
2026/10/09 03:54:51.928, 0, 10, 97871, 0, 99.60
2026/10/09 03:54:51.928, 1, 81360, 97871, 100, 527.89
2026/10/09 03:54:51.928, 2, 81628, 97871, 100, 504.62
2026/10/09 03:54:51.928, 3, 6, 97871, 0, 94.92
2026/10/09 03:54:52.928, 0, 10, 97871, 0, 100.11
2026/10/09 03:54:52.928, 1, 81360, 97871, 100, 518.67
2026/10/09 03:54:52.928, 2, 81628, 97871, 100, 505.35
2026/10/09 03:54:52.937, 3, 6, 97871, 0, 94.88
2026/10/09 03:54:53.937, 0, 10, 97871, 0, 100.08
2026/10/09 03:54:53.937, 1, 81360, 97871, 100, 517.59
2026/10/09 03:54:53.937, 2, 81628, 97871, 100, 508.52
2026/10/09 03:54:53.937, 3, 6, 97871, 0, 94.85
2026/10/09 03:54:54.937, 0, 10, 97871, 0, 100.03
2026/10/09 03:54:54.937, 1, 81360, 97871, 100, 520.53
2026/10/09 03:54:54.937, 2, 81628, 97871, 100, 506.87
2026/10/09 03:54:54.937, 3, 6, 97871, 0, 94.77
2026/10/09 03:54:55.937, 0, 10, 97871, 0, 99.91
2026/10/09 03:54:55.938, 1, 81360, 97871, 100, 514.10
2026/10/09 03:54:55.938, 2, 81628, 97871, 100, 503.87
2026/10/09 03:54:55.938, 3, 6, 97871, 0, 94.79
2026/10/09 03:54:56.938, 0, 10, 97871, 0, 100.03
2026/10/09 03:54:56.938, 1, 81360, 97871, 100, 515.97
2026/10/09 03:54:56.938, 2, 81628, 97871, 100, 510.18
2026/10/09 03:54:56.938, 3, 6, 97871, 0, 94.62
2026/10/09 03:54:57.938, 0, 10, 97871, 0, 99.88
2026/10/09 03:54:57.938, 1, 81360, 97871, 100, 514.97
2026/10/09 03:54:57.938, 2, 81628, 97871, 100, 505.05
2026/10/09 03:54:57.938, 3, 6, 97871, 0, 94.64
2026/10/09 03:54:58.938, 0, 10, 97871, 0, 99.84
2026/10/09 03:54:58.938, 1, 81360, 97871, 100, 519.39
2026/10/09 03:54:58.938, 2, 81628, 97871, 100, 509.44
2026/10/09 03:54:58.938, 3, 6, 97871, 0, 94.49
2026/10/09 03:54:59.938, 0, 10, 97871, 0, 99.88
2026/10/09 03:54:59.938, 1, 81360, 97871, 100, 515.45
2026/10/09 03:54:59.938, 2, 81628, 97871, 100, 501.13
2026/10/09 03:54:59.938, 3, 6, 97871, 0, 94.71
2026/10/09 03:55:00.939, 0, 10, 97871, 0, 99.83
2026/10/09 03:55:00.939, 1, 81360, 97871, 100, 520.49
2026/10/09 03:55:00.939, 2, 81628, 97871, 100, 495.46
2026/10/09 03:55:00.939, 3, 6, 97871, 0, 94.71
2026/10/09 03:55:01.939, 0, 10, 97871, 0, 99.88
2026/10/09 03:55:01.939, 1, 81360, 97871, 100, 521.62
2026/10/09 03:55:01.939, 2, 81628, 97871, 100, 493.07
2026/10/09 03:55:01.939, 3, 6, 97871, 0, 94.78
2026/10/09 03:55:02.939, 0, 10, 97871, 0, 99.78
2026/10/09 03:55:02.939, 1, 81360, 97871, 100, 522.32
2026/10/09 03:55:02.939, 2, 81628, 97871, 95, 488.87
2026/10/09 03:55:02.945, 3, 6, 97871, 0, 94.66
2026/10/09 03:55:03.945, 0, 10, 97871, 0, 99.79
2026/10/09 03:55:03.945, 1, 81360, 97871, 100, 524.14
2026/10/09 03:55:03.945, 2, 81628, 97871, 100, 422.30
2026/10/09 03:55:03.945, 3, 6, 97871, 0, 94.64
2026/10/09 03:55:04.945, 0, 10, 97871, 0, 100.05
2026/10/09 03:55:04.945, 1, 81360, 97871, 100, 521.35
2026/10/09 03:55:04.945, 2, 6, 97871, 0, 180.02
2026/10/09 03:55:04.945, 3, 6, 97871, 0, 94.64
2026/10/09 03:55:05.945, 0, 10, 97871, 0, 99.85
2026/10/09 03:55:05.945, 1, 81360, 97871, 100, 523.73
2026/10/09 03:55:05.946, 2, 6, 97871, 0, 133.05
2026/10/09 03:55:05.946, 3, 6, 97871, 0, 94.28
2026/10/09 03:55:06.946, 0, 10, 97871, 0, 99.68
2026/10/09 03:55:06.946, 1, 81360, 97871, 100, 520.97
2026/10/09 03:55:06.946, 2, 6, 97871, 0, 83.90
2026/10/09 03:55:06.946, 3, 6, 97871, 0, 94.31
2026/10/09 03:55:07.946, 0, 10, 97871, 0, 99.52
2026/10/09 03:55:07.946, 1, 81360, 97871, 100, 523.11
2026/10/09 03:55:07.946, 2, 6, 97871, 0, 82.40
2026/10/09 03:55:07.946, 3, 6, 97871, 0, 94.19
2026/10/09 03:55:08.946, 0, 10, 97871, 0, 99.55
2026/10/09 03:55:08.946, 1, 81360, 97871, 100, 527.17
2026/10/09 03:55:08.946, 2, 6, 97871, 0, 82.32
2026/10/09 03:55:08.946, 3, 6, 97871, 0, 94.32
2026/10/09 03:55:09.946, 0, 10, 97871, 0, 99.64
2026/10/09 03:55:09.946, 1, 81360, 97871, 100, 521.18
2026/10/09 03:55:09.946, 2, 6, 97871, 0, 82.14
2026/10/09 03:55:09.946, 3, 6, 97871, 0, 94.23
2026/10/09 03:55:10.946, 0, 10, 97871, 0, 99.58
2026/10/09 03:55:10.946, 1, 81360, 97871, 100, 523.18
2026/10/09 03:55:10.946, 2, 6, 97871, 0, 82.10
2026/10/09 03:55:10.946, 3, 6, 97871, 0, 94.29
2026/10/09 03:55:11.947, 0, 10, 97871, 0, 99.50
2026/10/09 03:55:11.947, 1, 81360, 97871, 100, 529.02
2026/10/09 03:55:11.947, 2, 6, 97871, 0, 81.82
2026/10/09 03:55:11.947, 3, 6, 97871, 0, 94.10
2026/10/09 03:55:12.947, 0, 10, 97871, 0, 99.54
2026/10/09 03:55:12.947, 1, 81360, 97871, 100, 524.51
2026/10/09 03:55:12.947, 2, 6, 97871, 0, 81.69
2026/10/09 03:55:12.955, 3, 6, 97871, 0, 94.29
2026/10/09 03:55:13.955, 0, 10, 97871, 0, 99.51
2026/10/09 03:55:13.955, 1, 81360, 97871, 100, 529.10
2026/10/09 03:55:13.955, 2, 6, 97871, 0, 81.71
2026/10/09 03:55:13.955, 3, 6, 97871, 0, 94.01
2026/10/09 03:55:14.955, 0, 10, 97871, 0, 99.52
2026/10/09 03:55:14.955, 1, 81360, 97871, 100, 522.95
2026/10/09 03:55:14.955, 2, 6, 97871, 0, 81.67
2026/10/09 03:55:14.955, 3, 6, 97871, 0, 93.92
2026/10/09 03:55:15.955, 0, 10, 97871, 0, 99.35
2026/10/09 03:55:15.955, 1, 81360, 97871, 100, 523.56
2026/10/09 03:55:15.955, 2, 6, 97871, 0, 81.72
2026/10/09 03:55:15.955, 3, 6, 97871, 0, 94.02
2026/10/09 03:55:16.955, 0, 10, 97871, 0, 99.32
2026/10/09 03:55:16.955, 1, 81360, 97871, 100, 524.13
2026/10/09 03:55:16.955, 2, 6, 97871, 0, 81.57
2026/10/09 03:55:16.955, 3, 6, 97871, 0, 94.06
2026/10/09 03:55:17.955, 0, 10, 97871, 0, 99.32
2026/10/09 03:55:17.956, 1, 81360, 97871, 100, 521.34
2026/10/09 03:55:17.956, 2, 6, 97871, 0, 81.52
2026/10/09 03:55:17.956, 3, 6, 97871, 0, 94.04
2026/10/09 03:55:18.956, 0, 10, 97871, 0, 99.39
2026/10/09 03:55:18.956, 1, 81360, 97871, 100, 528.60
2026/10/09 03:55:18.956, 2, 6, 97871, 0, 81.59
2026/10/09 03:55:18.956, 3, 6, 97871, 0, 94.02
2026/10/09 03:55:19.956, 0, 10, 97871, 0, 99.33
2026/10/09 03:55:19.956, 1, 81360, 97871, 100, 521.75
2026/10/09 03:55:19.956, 2, 6, 97871, 0, 81.38
2026/10/09 03:55:19.956, 3, 6, 97871, 0, 93.89
2026/10/09 03:55:20.956, 0, 10, 97871, 0, 99.30
2026/10/09 03:55:20.956, 1, 81360, 97871, 100, 524.49
2026/10/09 03:55:20.956, 2, 6, 97871, 0, 81.54
2026/10/09 03:55:20.956, 3, 6, 97871, 0, 93.86
2026/10/09 03:55:21.956, 0, 10, 97871, 0, 99.36
2026/10/09 03:55:21.956, 1, 81360, 97871, 100, 524.55
2026/10/09 03:55:21.956, 2, 6, 97871, 0, 81.25
2026/10/09 03:55:21.956, 3, 6, 97871, 0, 93.93
2026/10/09 03:55:22.957, 0, 10, 97871, 0, 99.32
2026/10/09 03:55:22.957, 1, 81360, 97871, 100, 522.08
2026/10/09 03:55:22.957, 2, 6, 97871, 0, 81.50
2026/10/09 03:55:22.962, 3, 6, 97871, 0, 93.78
2026/10/09 03:55:23.962, 0, 10, 97871, 0, 99.45
2026/10/09 03:55:23.962, 1, 81360, 97871, 100, 524.08
2026/10/09 03:55:23.962, 2, 6, 97871, 0, 81.39
2026/10/09 03:55:23.962, 3, 6, 97871, 0, 93.93
2026/10/09 03:55:24.962, 0, 10, 97871, 0, 99.40
2026/10/09 03:55:24.962, 1, 81360, 97871, 100, 526.03
2026/10/09 03:55:24.962, 2, 6, 97871, 0, 81.35
2026/10/09 03:55:24.962, 3, 6, 97871, 0, 93.82
2026/10/09 03:55:25.962, 0, 10, 97871, 0, 99.28
2026/10/09 03:55:25.962, 1, 81360, 97871, 100, 522.64
2026/10/09 03:55:25.962, 2, 6, 97871, 0, 81.37
2026/10/09 03:55:25.963, 3, 6, 97871, 0, 93.92
2026/10/09 03:55:26.963, 0, 10, 97871, 0, 99.20
2026/10/09 03:55:26.963, 1, 81360, 97871, 100, 515.21
2026/10/09 03:55:26.963, 2, 6, 97871, 0, 81.39
2026/10/09 03:55:26.963, 3, 6, 97871, 0, 93.92
2026/10/09 03:55:27.963, 0, 10, 97871, 0, 99.22
2026/10/09 03:55:27.963, 1, 81360, 97871, 100, 513.46
2026/10/09 03:55:27.963, 2, 6, 97871, 0, 81.48
2026/10/09 03:55:27.963, 3, 6, 97871, 0, 93.87
2026/10/09 03:55:28.963, 0, 10, 97871, 0, 99.34
2026/10/09 03:55:28.963, 1, 81360, 97871, 100, 510.95
2026/10/09 03:55:28.963, 2, 6, 97871, 0, 81.40
2026/10/09 03:55:28.963, 3, 6, 97871, 0, 93.87
2026/10/09 03:55:29.963, 0, 10, 97871, 0, 99.10
2026/10/09 03:55:29.963, 1, 81360, 97871, 100, 490.30
2026/10/09 03:55:29.963, 2, 6, 97871, 0, 81.50
2026/10/09 03:55:29.963, 3, 6, 97871, 0, 93.94
2026/10/09 03:55:30.963, 0, 10, 97871, 0, 99.35
2026/10/09 03:55:30.964, 1, 6, 97871, 2, 294.01
2026/10/09 03:55:30.964, 2, 6, 97871, 0, 81.53
2026/10/09 03:55:30.964, 3, 6, 97871, 0, 93.93
2026/10/09 03:55:31.964, 0, 10, 97871, 0, 99.64
2026/10/09 03:55:31.964, 1, 6, 97871, 0, 152.63
2026/10/09 03:55:31.964, 2, 6, 97871, 0, 81.55
2026/10/09 03:55:31.964, 3, 6, 97871, 0, 93.95
