2026/10/10 16:55:02.137, 0, 72, 97871, 0, 81.09
2026/10/10 16:55:02.142, 1, 111, 97871, 0, 91.81
2026/10/10 16:55:02.145, 2, 29, 97871, 0, 89.07
2026/10/10 16:55:02.149, 3, 34, 97871, 0, 95.35
2026/10/10 16:55:03.152, 0, 72, 97871, 0, 80.70
2026/10/10 16:55:03.152, 1, 111, 97871, 0, 91.41
2026/10/10 16:55:03.152, 2, 29, 97871, 0, 88.86
2026/10/10 16:55:03.152, 3, 34, 97871, 0, 95.15
2026/10/10 16:55:04.152, 0, 72, 97871, 0, 80.80
2026/10/10 16:55:04.152, 1, 111, 97871, 0, 91.38
2026/10/10 16:55:04.152, 2, 29, 97871, 0, 88.83
2026/10/10 16:55:04.152, 3, 34, 97871, 0, 94.89
2026/10/10 16:55:05.153, 0, 72, 97871, 0, 80.75
2026/10/10 16:55:05.153, 1, 111, 97871, 0, 91.56
2026/10/10 16:55:05.153, 2, 29, 97871, 0, 88.92
2026/10/10 16:55:05.153, 3, 34, 97871, 0, 95.04
2026/10/10 16:55:06.153, 0, 72, 97871, 0, 80.70
2026/10/10 16:55:06.153, 1, 111, 97871, 0, 91.56
2026/10/10 16:55:06.153, 2, 29, 97871, 0, 88.95
2026/10/10 16:55:06.153, 3, 34, 97871, 0, 95.17
2026/10/10 16:55:07.153, 0, 72, 97871, 0, 80.77
2026/10/10 16:55:07.153, 1, 111, 97871, 0, 91.59
2026/10/10 16:55:07.153, 2, 29, 97871, 0, 88.91
2026/10/10 16:55:07.153, 3, 34, 97871, 0, 95.13
2026/10/10 16:55:08.153, 0, 72, 97871, 0, 80.80
2026/10/10 16:55:08.153, 1, 111, 97871, 0, 91.71
2026/10/10 16:55:08.153, 2, 29, 97871, 0, 88.82
2026/10/10 16:55:08.153, 3, 34, 97871, 0, 95.15
2026/10/10 16:55:09.154, 0, 72, 97871, 0, 80.88
2026/10/10 16:55:09.154, 1, 111, 97871, 0, 91.68
2026/10/10 16:55:09.154, 2, 29, 97871, 0, 89.02
2026/10/10 16:55:09.154, 3, 34, 97871, 0, 94.95
2026/10/10 16:55:10.154, 0, 72, 97871, 0, 80.92
2026/10/10 16:55:10.154, 1, 111, 97871, 0, 91.83
2026/10/10 16:55:10.154, 2, 29, 97871, 0, 89.07
2026/10/10 16:55:10.154, 3, 34, 97871, 0, 94.99
2026/10/10 16:55:11.154, 0, 72, 97871, 0, 81.05
2026/10/10 16:55:11.154, 1, 111, 97871, 0, 92.08
2026/10/10 16:55:11.154, 2, 29, 97871, 0, 88.96
2026/10/10 16:55:11.154, 3, 34, 97871, 0, 94.94
2026/10/10 16:55:12.154, 0, 72, 97871, 0, 80.78
2026/10/10 16:55:12.154, 1, 111, 97871, 0, 91.76
2026/10/10 16:55:12.154, 2, 29, 97871, 0, 88.93
2026/10/10 16:55:12.154, 3, 34, 97871, 0, 94.96
2026/10/10 16:55:13.155, 0, 72, 97871, 0, 80.86
2026/10/10 16:55:13.155, 1, 111, 97871, 0, 91.72
2026/10/10 16:55:13.155, 2, 29, 97871, 0, 88.90
2026/10/10 16:55:13.155, 3, 34, 97871, 0, 95.11
2026/10/10 16:55:14.155, 0, 72, 97871, 0, 80.79
2026/10/10 16:55:14.155, 1, 111, 97871, 0, 91.85
2026/10/10 16:55:14.155, 2, 29, 97871, 0, 89.04
2026/10/10 16:55:14.155, 3, 34, 97871, 0, 95.14
2026/10/10 16:55:15.155, 0, 72, 97871, 0, 80.71
2026/10/10 16:55:15.155, 1, 111, 97871, 0, 91.82
2026/10/10 16:55:15.155, 2, 29, 97871, 0, 88.87
2026/10/10 16:55:15.155, 3, 34, 97871, 0, 95.20
2026/10/10 16:55:16.156, 0, 72, 97871, 0, 81.05
2026/10/10 16:55:16.156, 1, 111, 97871, 0, 92.29
2026/10/10 16:55:16.156, 2, 29, 97871, 0, 89.15
2026/10/10 16:55:16.156, 3, 34, 97871, 0, 95.50
2026/10/10 16:55:17.156, 0, 72, 97871, 0, 81.16
2026/10/10 16:55:17.156, 1, 111, 97871, 0, 91.80
2026/10/10 16:55:17.156, 2, 29, 97871, 0, 88.93
2026/10/10 16:55:17.156, 3, 34, 97871, 0, 95.07
2026/10/10 16:55:18.156, 0, 72, 97871, 0, 81.14
2026/10/10 16:55:18.188, 1, 111, 97871, 0, 92.08
2026/10/10 16:55:18.279, 2, 29, 97871, 0, 88.75
2026/10/10 16:55:18.354, 3, 34, 97871, 0, 94.99
2026/10/10 16:55:19.379, 0, 72, 97871, 0, 80.84
2026/10/10 16:55:19.414, 1, 111, 97871, 0, 91.42
2026/10/10 16:55:19.461, 2, 29, 97871, 0, 88.91
2026/10/10 16:55:19.506, 3, 34, 97871, 0, 95.00
2026/10/10 16:55:20.552, 0, 72, 97871, 0, 80.92
2026/10/10 16:55:20.552, 1, 111, 97871, 0, 91.61
2026/10/10 16:55:20.552, 2, 29, 97871, 0, 88.76
2026/10/10 16:55:20.552, 3, 34, 97871, 0, 95.05
2026/10/10 16:55:21.552, 0, 72, 97871, 0, 81.00
2026/10/10 16:55:21.553, 1, 111, 97871, 0, 92.27
2026/10/10 16:55:21.553, 2, 29, 97871, 0, 88.85
2026/10/10 16:55:21.553, 3, 34, 97871, 0, 95.06
2026/10/10 16:55:22.553, 0, 72, 97871, 0, 81.09
2026/10/10 16:55:22.553, 1, 111, 97871, 0, 92.69
2026/10/10 16:55:22.553, 2, 29, 97871, 0, 88.89
2026/10/10 16:55:22.553, 3, 34, 97871, 0, 94.96
2026/10/10 16:55:23.553, 0, 72, 97871, 0, 81.00
2026/10/10 16:55:23.553, 1, 111, 97871, 0, 92.21
2026/10/10 16:55:23.553, 2, 29, 97871, 0, 88.86
2026/10/10 16:55:23.553, 3, 34, 97871, 0, 95.10
2026/10/10 16:55:24.553, 0, 72, 97871, 0, 80.99
2026/10/10 16:55:24.553, 1, 111, 97871, 0, 92.72
2026/10/10 16:55:24.553, 2, 29, 97871, 0, 88.84
2026/10/10 16:55:24.553, 3, 34, 97871, 0, 95.14
2026/10/10 16:55:25.553, 0, 72, 97871, 0, 80.94
2026/10/10 16:55:25.553, 1, 111, 97871, 0, 92.12
2026/10/10 16:55:25.553, 2, 29, 97871, 0, 88.81
2026/10/10 16:55:25.553, 3, 34, 97871, 0, 95.04
2026/10/10 16:55:26.554, 0, 72, 97871, 0, 80.96
2026/10/10 16:55:26.554, 1, 111, 97871, 0, 92.57
2026/10/10 16:55:26.554, 2, 29, 97871, 0, 88.95
2026/10/10 16:55:26.554, 3, 34, 97871, 0, 95.01
2026/10/10 16:55:27.554, 0, 72, 97871, 0, 80.92
2026/10/10 16:55:27.554, 1, 111, 97871, 0, 92.47
2026/10/10 16:55:27.554, 2, 29, 97871, 0, 88.83
2026/10/10 16:55:27.554, 3, 34, 97871, 0, 95.03
2026/10/10 16:55:28.554, 0, 72, 97871, 0, 81.11
2026/10/10 16:55:28.554, 1, 111, 97871, 0, 92.39
2026/10/10 16:55:28.554, 2, 29, 97871, 0, 88.94
2026/10/10 16:55:28.554, 3, 34, 97871, 0, 95.15
2026/10/10 16:55:29.554, 0, 72, 97871, 0, 81.07
2026/10/10 16:55:29.554, 1, 111, 97871, 0, 92.07
2026/10/10 16:55:29.554, 2, 29, 97871, 0, 89.14
2026/10/10 16:55:29.554, 3, 34, 97871, 0, 95.16
2026/10/10 16:55:30.554, 0, 72, 97871, 0, 80.97
2026/10/10 16:55:30.555, 1, 111, 97871, 0, 91.97
2026/10/10 16:55:30.555, 2, 29, 97871, 0, 89.04
2026/10/10 16:55:30.555, 3, 34, 97871, 0, 95.25
2026/10/10 16:55:31.555, 0, 72, 97871, 0, 81.11
2026/10/10 16:55:31.555, 1, 111, 97871, 0, 91.94
2026/10/10 16:55:31.555, 2, 29, 97871, 0, 88.99
2026/10/10 16:55:31.555, 3, 34, 97871, 0, 95.17
2026/10/10 16:55:32.555, 0, 72, 97871, 0, 81.01
2026/10/10 16:55:32.555, 1, 111, 97871, 0, 91.94
2026/10/10 16:55:32.555, 2, 29, 97871, 0, 88.94
2026/10/10 16:55:32.555, 3, 34, 97871, 0, 95.15
2026/10/10 16:55:33.555, 0, 72, 97871, 0, 81.08
2026/10/10 16:55:33.555, 1, 111, 97871, 0, 91.75
2026/10/10 16:55:33.555, 2, 29, 97871, 0, 88.97
2026/10/10 16:55:33.555, 3, 34, 97871, 0, 95.07
2026/10/10 16:55:34.555, 0, 72, 97871, 0, 81.00
2026/10/10 16:55:34.555, 1, 111, 97871, 0, 92.03
2026/10/10 16:55:34.555, 2, 29, 97871, 0, 89.00
2026/10/10 16:55:34.555, 3, 34, 97871, 0, 95.23
2026/10/10 16:55:35.555, 0, 72, 97871, 0, 80.92
2026/10/10 16:55:35.556, 1, 111, 97871, 0, 91.97
2026/10/10 16:55:35.556, 2, 29, 97871, 0, 88.77
2026/10/10 16:55:35.556, 3, 34, 97871, 0, 95.07
2026/10/10 16:55:36.556, 0, 72, 97871, 0, 80.83
2026/10/10 16:55:36.556, 1, 111, 97871, 0, 92.55
2026/10/10 16:55:36.556, 2, 29, 97871, 0, 88.87
2026/10/10 16:55:36.556, 3, 34, 97871, 0, 95.12
2026/10/10 16:55:37.556, 0, 72, 97871, 0, 81.35
2026/10/10 16:55:37.556, 1, 111, 97871, 0, 92.54
2026/10/10 16:55:37.556, 2, 29, 97871, 0, 89.10
2026/10/10 16:55:37.556, 3, 34, 97871, 0, 95.40
2026/10/10 16:55:38.556, 0, 72, 97871, 0, 80.99
2026/10/10 16:55:38.556, 1, 111, 97871, 0, 92.46
2026/10/10 16:55:38.556, 2, 29, 97871, 0, 88.85
2026/10/10 16:55:38.556, 3, 34, 97871, 0, 94.95
2026/10/10 16:55:39.556, 0, 72, 97871, 0, 80.99
2026/10/10 16:55:39.557, 1, 111, 97871, 0, 92.33
2026/10/10 16:55:39.557, 2, 29, 97871, 0, 89.06
2026/10/10 16:55:39.557, 3, 34, 97871, 0, 95.17
2026/10/10 16:55:40.557, 0, 72, 97871, 0, 81.01
2026/10/10 16:55:40.557, 1, 111, 97871, 0, 92.68
2026/10/10 16:55:40.557, 2, 29, 97871, 0, 88.97
2026/10/10 16:55:40.557, 3, 34, 97871, 0, 95.21
2026/10/10 16:55:41.557, 0, 72, 97871, 0, 81.11
2026/10/10 16:55:41.557, 1, 111, 97871, 0, 92.25
2026/10/10 16:55:41.557, 2, 29, 97871, 0, 89.15
2026/10/10 16:55:41.557, 3, 34, 97871, 0, 95.56
2026/10/10 16:55:42.557, 0, 72, 97871, 0, 80.92
2026/10/10 16:55:42.557, 1, 111, 97871, 0, 91.95
2026/10/10 16:55:42.557, 2, 29, 97871, 0, 88.86
2026/10/10 16:55:42.557, 3, 34, 97871, 0, 95.71
2026/10/10 16:55:43.557, 0, 72, 97871, 0, 80.75
2026/10/10 16:55:43.557, 1, 111, 97871, 0, 92.53
2026/10/10 16:55:43.557, 2, 29, 97871, 0, 88.83
2026/10/10 16:55:43.558, 3, 34, 97871, 0, 95.40
2026/10/10 16:55:44.558, 0, 72, 97871, 0, 81.05
2026/10/10 16:55:44.558, 1, 111, 97871, 0, 93.04
2026/10/10 16:55:44.558, 2, 29, 97871, 0, 89.07
2026/10/10 16:55:44.558, 3, 34, 97871, 0, 95.55
2026/10/10 16:55:45.558, 0, 72, 97871, 0, 80.79
2026/10/10 16:55:45.645, 1, 111, 97871, 0, 91.76
2026/10/10 16:55:45.761, 2, 29, 97871, 0, 88.93
2026/10/10 16:55:45.785, 3, 34, 97871, 0, 95.09
2026/10/10 16:55:46.786, 0, 72, 97871, 0, 80.69
2026/10/10 16:55:46.943, 1, 111, 97871, 0, 91.36
2026/10/10 16:55:47.017, 2, 29, 97871, 0, 88.98
2026/10/10 16:55:47.018, 3, 34, 97871, 0, 95.03
2026/10/10 16:55:48.018, 0, 72, 97871, 0, 80.84
2026/10/10 16:55:48.076, 1, 111, 97871, 0, 92.59
2026/10/10 16:55:48.121, 2, 29, 97871, 0, 88.81
2026/10/10 16:55:48.149, 3, 34, 97871, 0, 95.04
2026/10/10 16:55:49.197, 0, 72, 97871, 0, 80.76
2026/10/10 16:55:49.197, 1, 111, 97871, 0, 92.16
2026/10/10 16:55:49.197, 2, 29, 97871, 0, 88.81
2026/10/10 16:55:49.197, 3, 34, 97871, 0, 95.16
2026/10/10 16:55:50.197, 0, 72, 97871, 0, 80.94
2026/10/10 16:55:50.197, 1, 111, 97871, 0, 92.72
2026/10/10 16:55:50.198, 2, 29, 97871, 0, 88.92
2026/10/10 16:55:50.198, 3, 34, 97871, 0, 95.14
2026/10/10 16:55:51.198, 0, 72, 97871, 0, 80.89
2026/10/10 16:55:51.198, 1, 111, 97871, 0, 92.44
2026/10/10 16:55:51.198, 2, 29, 97871, 0, 89.04
2026/10/10 16:55:51.198, 3, 34, 97871, 0, 95.24
2026/10/10 16:55:52.198, 0, 72, 97871, 0, 80.90
2026/10/10 16:55:52.198, 1, 111, 97871, 0, 93.05
2026/10/10 16:55:52.198, 2, 29, 97871, 0, 89.23
2026/10/10 16:55:52.198, 3, 34, 97871, 0, 95.44
2026/10/10 16:55:53.198, 0, 72, 97871, 0, 80.82
2026/10/10 16:55:53.198, 1, 111, 97871, 0, 92.72
2026/10/10 16:55:53.198, 2, 29, 97871, 0, 88.86
2026/10/10 16:55:53.198, 3, 34, 97871, 0, 95.18
2026/10/10 16:55:54.198, 0, 71, 97871, 0, 81.06
2026/10/10 16:55:54.198, 1, 110, 97871, 0, 92.94
2026/10/10 16:55:54.198, 2, 29, 97871, 0, 89.17
2026/10/10 16:55:54.198, 3, 33, 97871, 0, 95.50
2026/10/10 16:55:55.199, 0, 71, 97871, 0, 80.69
2026/10/10 16:55:55.199, 1, 110, 97871, 0, 92.45
2026/10/10 16:55:55.199, 2, 29, 97871, 0, 89.22
2026/10/10 16:55:55.199, 3, 33, 97871, 0, 95.98
2026/10/10 16:55:56.199, 0, 71, 97871, 0, 80.72
2026/10/10 16:55:56.199, 1, 110, 97871, 0, 92.34
2026/10/10 16:55:56.199, 2, 29, 97871, 0, 89.21
2026/10/10 16:55:56.199, 3, 33, 97871, 0, 95.73
2026/10/10 16:55:57.199, 0, 71, 97871, 0, 80.87
2026/10/10 16:55:57.199, 1, 110, 97871, 0, 92.55
2026/10/10 16:55:57.199, 2, 29, 97871, 0, 89.14
2026/10/10 16:55:57.199, 3, 33, 97871, 0, 95.76
2026/10/10 16:55:58.199, 0, 71, 97871, 0, 80.70
2026/10/10 16:55:58.199, 1, 110, 97871, 0, 93.22
2026/10/10 16:55:58.199, 2, 29, 97871, 0, 88.87
2026/10/10 16:55:58.199, 3, 33, 97871, 0, 95.19
2026/10/10 16:55:59.199, 0, 71, 97871, 0, 80.76
2026/10/10 16:55:59.231, 1, 110, 97871, 0, 92.21
2026/10/10 16:55:59.279, 2, 29, 97871, 0, 88.86
2026/10/10 16:55:59.326, 3, 33, 97871, 0, 95.10
2026/10/10 16:56:00.370, 0, 71, 97871, 0, 80.88
2026/10/10 16:56:00.370, 1, 110, 97871, 0, 92.30
2026/10/10 16:56:00.371, 2, 29, 97871, 0, 88.84
2026/10/10 16:56:00.371, 3, 33, 97871, 0, 95.17
2026/10/10 16:56:01.371, 0, 71, 97871, 0, 80.82
2026/10/10 16:56:01.389, 1, 110, 97871, 0, 92.69
2026/10/10 16:56:01.389, 2, 29, 97871, 0, 88.92
2026/10/10 16:56:01.390, 3, 33, 97871, 0, 95.08
2026/10/10 16:56:02.391, 0, 71, 97871, 0, 80.74
2026/10/10 16:56:02.391, 1, 110, 97871, 0, 92.79
2026/10/10 16:56:02.391, 2, 29, 97871, 0, 88.95
2026/10/10 16:56:02.391, 3, 33, 97871, 0, 95.31
2026/10/10 16:56:03.391, 0, 71, 97871, 0, 80.76
2026/10/10 16:56:03.392, 1, 110, 97871, 0, 92.70
2026/10/10 16:56:03.392, 2, 29, 97871, 0, 88.95
2026/10/10 16:56:03.392, 3, 33, 97871, 0, 95.38
2026/10/10 16:56:04.392, 0, 71, 97871, 0, 80.81
2026/10/10 16:56:04.392, 1, 110, 97871, 0, 92.83
2026/10/10 16:56:04.392, 2, 29, 97871, 0, 88.82
2026/10/10 16:56:04.392, 3, 33, 97871, 0, 95.48
2026/10/10 16:56:05.392, 0, 71, 97871, 0, 80.96
2026/10/10 16:56:05.392, 1, 110, 97871, 0, 92.99
2026/10/10 16:56:05.392, 2, 29, 97871, 0, 88.91
2026/10/10 16:56:05.392, 3, 33, 97871, 0, 95.11
2026/10/10 16:56:06.392, 0, 71, 97871, 0, 80.82
2026/10/10 16:56:06.392, 1, 110, 97871, 0, 92.75
2026/10/10 16:56:06.392, 2, 29, 97871, 0, 88.82
2026/10/10 16:56:06.392, 3, 33, 97871, 0, 95.01
2026/10/10 16:56:07.393, 0, 71, 97871, 0, 80.93
2026/10/10 16:56:07.393, 1, 110, 97871, 0, 92.98
2026/10/10 16:56:07.393, 2, 29, 97871, 0, 89.56
2026/10/10 16:56:07.393, 3, 33, 97871, 0, 95.89
2026/10/10 16:56:08.393, 0, 71, 97871, 0, 80.78
2026/10/10 16:56:08.393, 1, 110, 97871, 0, 92.56
2026/10/10 16:56:08.393, 2, 29, 97871, 0, 89.19
2026/10/10 16:56:08.393, 3, 33, 97871, 0, 95.39
2026/10/10 16:56:09.393, 0, 71, 97871, 0, 80.82
2026/10/10 16:56:09.393, 1, 110, 97871, 0, 92.82
2026/10/10 16:56:09.393, 2, 29, 97871, 0, 89.16
2026/10/10 16:56:09.393, 3, 33, 97871, 0, 95.21
2026/10/10 16:56:10.393, 0, 71, 97871, 0, 80.69
2026/10/10 16:56:10.394, 1, 110, 97871, 0, 93.01
2026/10/10 16:56:10.394, 2, 29, 97871, 0, 88.80
2026/10/10 16:56:10.394, 3, 33, 97871, 0, 95.09
2026/10/10 16:56:11.394, 0, 71, 97871, 0, 80.96
2026/10/10 16:56:11.394, 1, 110, 97871, 0, 93.08
2026/10/10 16:56:11.394, 2, 29, 97871, 0, 88.86
2026/10/10 16:56:11.394, 3, 33, 97871, 0, 95.18
2026/10/10 16:56:12.394, 0, 71, 97871, 0, 80.77
2026/10/10 16:56:12.394, 1, 110, 97871, 0, 92.79
2026/10/10 16:56:12.394, 2, 29, 97871, 0, 88.90
2026/10/10 16:56:12.394, 3, 33, 97871, 0, 95.06
2026/10/10 16:56:13.394, 0, 71, 97871, 0, 80.61
2026/10/10 16:56:13.394, 1, 110, 97871, 0, 93.08
2026/10/10 16:56:13.394, 2, 29, 97871, 0, 88.89
2026/10/10 16:56:13.394, 3, 33, 97871, 0, 95.02
2026/10/10 16:56:14.395, 0, 71, 97871, 0, 80.74
2026/10/10 16:56:14.395, 1, 110, 97871, 0, 93.09
2026/10/10 16:56:14.395, 2, 29, 97871, 0, 88.80
2026/10/10 16:56:14.395, 3, 33, 97871, 0, 95.19
2026/10/10 16:56:15.395, 0, 71, 97871, 0, 80.76
2026/10/10 16:56:15.395, 1, 110, 97871, 0, 93.07
2026/10/10 16:56:15.395, 2, 29, 97871, 0, 88.84
2026/10/10 16:56:15.395, 3, 33, 97871, 0, 95.07
2026/10/10 16:56:16.395, 0, 71, 97871, 0, 80.84
2026/10/10 16:56:16.395, 1, 110, 97871, 0, 93.07
2026/10/10 16:56:16.395, 2, 29, 97871, 0, 88.92
2026/10/10 16:56:16.395, 3, 33, 97871, 0, 95.06
2026/10/10 16:56:17.395, 0, 71, 97871, 0, 80.72
2026/10/10 16:56:17.396, 1, 110, 97871, 0, 92.89
2026/10/10 16:56:17.396, 2, 29, 97871, 0, 88.97
2026/10/10 16:56:17.396, 3, 33, 97871, 0, 95.00
2026/10/10 16:56:18.396, 0, 71, 97871, 0, 80.65
2026/10/10 16:56:18.396, 1, 110, 97871, 0, 92.95
2026/10/10 16:56:18.396, 2, 29, 97871, 0, 88.99
2026/10/10 16:56:18.396, 3, 33, 97871, 0, 94.99
2026/10/10 16:56:19.396, 0, 71, 97871, 0, 80.70
2026/10/10 16:56:19.396, 1, 110, 97871, 0, 92.98
2026/10/10 16:56:19.396, 2, 29, 97871, 0, 88.90
2026/10/10 16:56:19.396, 3, 33, 97871, 0, 95.11
2026/10/10 16:56:20.396, 0, 71, 97871, 0, 80.65
2026/10/10 16:56:20.396, 1, 110, 97871, 0, 92.82
2026/10/10 16:56:20.396, 2, 29, 97871, 0, 88.86
2026/10/10 16:56:20.396, 3, 33, 97871, 0, 95.03
2026/10/10 16:56:21.397, 0, 71, 97871, 0, 80.83
2026/10/10 16:56:21.397, 1, 110, 97871, 0, 92.98
2026/10/10 16:56:21.397, 2, 29, 97871, 0, 88.90
2026/10/10 16:56:21.397, 3, 33, 97871, 0, 95.03
2026/10/10 16:56:22.397, 0, 71, 97871, 0, 80.85
2026/10/10 16:56:22.397, 1, 110, 97871, 0, 92.86
2026/10/10 16:56:22.397, 2, 29, 97871, 0, 88.81
2026/10/10 16:56:22.397, 3, 33, 97871, 0, 95.13
2026/10/10 16:56:23.397, 0, 71, 97871, 0, 80.72
2026/10/10 16:56:23.397, 1, 110, 97871, 0, 92.88
2026/10/10 16:56:23.397, 2, 29, 97871, 0, 88.89
2026/10/10 16:56:23.397, 3, 33, 97871, 0, 94.99
2026/10/10 16:56:24.397, 0, 71, 97871, 0, 80.77
2026/10/10 16:56:24.397, 1, 110, 97871, 0, 93.09
2026/10/10 16:56:24.398, 2, 29, 97871, 0, 88.75
2026/10/10 16:56:24.398, 3, 33, 97871, 0, 94.92
2026/10/10 16:56:25.398, 0, 71, 97871, 0, 80.74
2026/10/10 16:56:25.398, 1, 110, 97871, 0, 92.82
2026/10/10 16:56:25.398, 2, 29, 97871, 0, 88.81
2026/10/10 16:56:25.398, 3, 33, 97871, 0, 94.93
2026/10/10 16:56:26.398, 0, 71, 97871, 0, 80.72
2026/10/10 16:56:26.398, 1, 110, 97871, 0, 93.27
2026/10/10 16:56:26.398, 2, 29, 97871, 0, 88.94
2026/10/10 16:56:26.398, 3, 33, 97871, 0, 95.06
2026/10/10 16:56:27.398, 0, 71, 97871, 0, 80.70
2026/10/10 16:56:27.398, 1, 110, 97871, 0, 93.06
2026/10/10 16:56:27.398, 2, 29, 97871, 0, 88.96
2026/10/10 16:56:27.398, 3, 33, 97871, 0, 94.96
2026/10/10 16:56:28.398, 0, 71, 97871, 0, 80.68
2026/10/10 16:56:28.399, 1, 110, 97871, 0, 92.88
2026/10/10 16:56:28.399, 2, 29, 97871, 0, 88.92
2026/10/10 16:56:28.399, 3, 33, 97871, 0, 95.05
2026/10/10 16:56:29.399, 0, 71, 97871, 0, 80.89
2026/10/10 16:56:29.399, 1, 110, 97871, 0, 93.15
2026/10/10 16:56:29.399, 2, 29, 97871, 0, 88.90
2026/10/10 16:56:29.399, 3, 33, 97871, 0, 95.11
2026/10/10 16:56:30.399, 0, 71, 97871, 0, 80.74
2026/10/10 16:56:30.399, 1, 110, 97871, 0, 92.85
2026/10/10 16:56:30.399, 2, 29, 97871, 0, 88.89
2026/10/10 16:56:30.399, 3, 33, 97871, 0, 95.06
2026/10/10 16:56:31.399, 0, 71, 97871, 0, 80.65
2026/10/10 16:56:31.399, 1, 110, 97871, 0, 92.87
2026/10/10 16:56:31.399, 2, 29, 97871, 0, 88.93
2026/10/10 16:56:31.399, 3, 33, 97871, 0, 95.11
2026/10/10 16:56:32.399, 0, 71, 97871, 0, 80.60
2026/10/10 16:56:32.399, 1, 110, 97871, 0, 92.98
2026/10/10 16:56:32.399, 2, 29, 97871, 0, 88.77
2026/10/10 16:56:32.399, 3, 33, 97871, 0, 95.00
2026/10/10 16:56:33.399, 0, 71, 97871, 0, 80.65
2026/10/10 16:56:33.400, 1, 110, 97871, 0, 93.08
2026/10/10 16:56:33.400, 2, 29, 97871, 0, 88.86
2026/10/10 16:56:33.400, 3, 33, 97871, 0, 95.02
2026/10/10 16:56:34.400, 0, 71, 97871, 0, 80.75
2026/10/10 16:56:34.400, 1, 110, 97871, 0, 93.16
2026/10/10 16:56:34.400, 2, 29, 97871, 0, 88.81
2026/10/10 16:56:34.400, 3, 33, 97871, 0, 95.07
2026/10/10 16:56:35.400, 0, 71, 97871, 0, 80.73
2026/10/10 16:56:35.400, 1, 110, 97871, 0, 92.80
2026/10/10 16:56:35.400, 2, 29, 97871, 0, 88.90
2026/10/10 16:56:35.400, 3, 33, 97871, 0, 94.92
2026/10/10 16:56:36.400, 0, 71, 97871, 0, 80.60
2026/10/10 16:56:36.400, 1, 110, 97871, 0, 92.90
2026/10/10 16:56:36.400, 2, 29, 97871, 0, 88.90
2026/10/10 16:56:36.400, 3, 33, 97871, 0, 94.93
2026/10/10 16:56:37.400, 0, 71, 97871, 0, 80.69
2026/10/10 16:56:37.400, 1, 110, 97871, 0, 92.94
2026/10/10 16:56:37.400, 2, 29, 97871, 0, 88.83
2026/10/10 16:56:37.400, 3, 33, 97871, 0, 95.04
2026/10/10 16:56:38.401, 0, 71, 97871, 0, 80.67
2026/10/10 16:56:38.401, 1, 110, 97871, 0, 92.76
2026/10/10 16:56:38.401, 2, 29, 97871, 0, 88.77
2026/10/10 16:56:38.401, 3, 33, 97871, 0, 95.06
2026/10/10 16:56:39.401, 0, 71, 97871, 0, 80.77
2026/10/10 16:56:39.401, 1, 110, 97871, 0, 93.07
2026/10/10 16:56:39.401, 2, 29, 97871, 0, 88.77
2026/10/10 16:56:39.401, 3, 33, 97871, 0, 95.00
2026/10/10 16:56:40.401, 0, 71, 97871, 0, 80.80
2026/10/10 16:56:40.401, 1, 110, 97871, 0, 92.81
2026/10/10 16:56:40.401, 2, 29, 97871, 0, 88.85
2026/10/10 16:56:40.401, 3, 33, 97871, 0, 94.98
2026/10/10 16:56:41.401, 0, 71, 97871, 0, 80.74
2026/10/10 16:56:41.401, 1, 110, 97871, 0, 93.19
2026/10/10 16:56:41.401, 2, 29, 97871, 0, 88.84
2026/10/10 16:56:41.401, 3, 33, 97871, 0, 94.94
2026/10/10 16:56:42.401, 0, 71, 97871, 0, 80.78
2026/10/10 16:56:42.440, 1, 110, 97871, 0, 92.94
2026/10/10 16:56:42.462, 2, 29, 97871, 0, 88.94
2026/10/10 16:56:42.511, 3, 33, 97871, 0, 94.89
2026/10/10 16:56:43.533, 0, 71, 97871, 0, 80.71
2026/10/10 16:56:43.533, 1, 110, 97871, 0, 92.82
2026/10/10 16:56:43.533, 2, 29, 97871, 0, 88.92
2026/10/10 16:56:43.533, 3, 33, 97871, 0, 94.91
2026/10/10 16:56:44.533, 0, 71, 97871, 0, 80.82
2026/10/10 16:56:44.533, 1, 110, 97871, 0, 93.12
2026/10/10 16:56:44.533, 2, 29, 97871, 0, 89.04
2026/10/10 16:56:44.533, 3, 33, 97871, 0, 95.01
2026/10/10 16:56:45.533, 0, 71, 97871, 0, 80.78
2026/10/10 16:56:45.533, 1, 110, 97871, 0, 93.26
2026/10/10 16:56:45.533, 2, 29, 97871, 0, 88.94
2026/10/10 16:56:45.533, 3, 33, 97871, 0, 95.00
2026/10/10 16:56:46.534, 0, 71, 97871, 0, 80.89
2026/10/10 16:56:46.534, 1, 110, 97871, 0, 93.08
2026/10/10 16:56:46.534, 2, 29, 97871, 0, 88.98
2026/10/10 16:56:46.534, 3, 33, 97871, 0, 94.98
2026/10/10 16:56:47.534, 0, 71, 97871, 0, 80.87
2026/10/10 16:56:47.534, 1, 110, 97871, 0, 93.16
2026/10/10 16:56:47.534, 2, 29, 97871, 0, 88.84
2026/10/10 16:56:47.534, 3, 33, 97871, 0, 95.00
2026/10/10 16:56:48.534, 0, 71, 97871, 0, 80.63
2026/10/10 16:56:48.534, 1, 110, 97871, 0, 93.08
2026/10/10 16:56:48.534, 2, 29, 97871, 0, 88.99
2026/10/10 16:56:48.534, 3, 33, 97871, 0, 94.94
2026/10/10 16:56:49.534, 0, 71, 97871, 0, 80.75
2026/10/10 16:56:49.534, 1, 110, 97871, 0, 92.92
2026/10/10 16:56:49.534, 2, 29, 97871, 0, 88.90
2026/10/10 16:56:49.534, 3, 33, 97871, 0, 95.00
2026/10/10 16:56:50.534, 0, 71, 97871, 0, 81.01
2026/10/10 16:56:50.535, 1, 110, 97871, 0, 93.72
2026/10/10 16:56:50.535, 2, 29, 97871, 0, 89.02
2026/10/10 16:56:50.535, 3, 33, 97871, 0, 95.15
2026/10/10 16:56:51.535, 0, 71, 97871, 0, 80.77
2026/10/10 16:56:51.535, 1, 110, 97871, 0, 93.24
2026/10/10 16:56:51.535, 2, 29, 97871, 0, 88.81
2026/10/10 16:56:51.535, 3, 33, 97871, 0, 94.97
2026/10/10 16:56:52.535, 0, 71, 97871, 0, 80.70
2026/10/10 16:56:52.535, 1, 110, 97871, 0, 93.21
2026/10/10 16:56:52.535, 2, 29, 97871, 0, 88.97
2026/10/10 16:56:52.535, 3, 33, 97871, 0, 94.89
2026/10/10 16:56:53.535, 0, 71, 97871, 0, 80.58
2026/10/10 16:56:53.535, 1, 110, 97871, 0, 93.24
2026/10/10 16:56:53.535, 2, 29, 97871, 0, 88.83
2026/10/10 16:56:53.535, 3, 33, 97871, 0, 94.92
2026/10/10 16:56:54.536, 0, 71, 97871, 0, 80.67
2026/10/10 16:56:54.536, 1, 110, 97871, 0, 93.24
2026/10/10 16:56:54.536, 2, 29, 97871, 0, 88.85
2026/10/10 16:56:54.536, 3, 33, 97871, 0, 94.97
2026/10/10 16:56:55.536, 0, 74, 97871, 0, 81.00
2026/10/10 16:56:55.582, 1, 110, 97871, 0, 92.96
2026/10/10 16:56:55.608, 2, 29, 97871, 0, 88.93
2026/10/10 16:56:55.653, 3, 33, 97871, 0, 95.12
2026/10/10 16:56:56.684, 0, 116, 97871, 0, 133.46
2026/10/10 16:56:56.732, 1, 110, 97871, 0, 91.54
2026/10/10 16:56:56.755, 2, 29, 97871, 0, 88.89
2026/10/10 16:56:56.919, 3, 33, 97871, 0, 95.09
2026/10/10 16:56:57.974, 0, 3280, 97871, 0, 129.68
2026/10/10 16:56:57.974, 1, 110, 97871, 0, 92.01
2026/10/10 16:56:57.974, 2, 29, 97871, 0, 88.97
2026/10/10 16:56:57.974, 3, 33, 97871, 0, 95.05
2026/10/10 16:56:58.974, 0, 3280, 97871, 0, 128.83
2026/10/10 16:56:59.017, 1, 110, 97871, 0, 92.33
2026/10/10 16:56:59.040, 2, 29, 97871, 0, 88.99
2026/10/10 16:56:59.040, 3, 33, 97871, 0, 95.08
2026/10/10 16:57:00.041, 0, 16416, 97871, 6, 129.71
2026/10/10 16:57:00.041, 1, 110, 97871, 0, 92.77
2026/10/10 16:57:00.041, 2, 29, 97871, 0, 89.02
2026/10/10 16:57:00.041, 3, 33, 97871, 0, 95.48
2026/10/10 16:57:01.041, 0, 16416, 97871, 0, 129.12
2026/10/10 16:57:01.041, 1, 110, 97871, 0, 92.68
2026/10/10 16:57:01.041, 2, 29, 97871, 0, 89.16
2026/10/10 16:57:01.041, 3, 33, 97871, 0, 95.59
2026/10/10 16:57:02.041, 0, 20692, 97871, 0, 129.99
2026/10/10 16:57:02.041, 1, 110, 97871, 0, 92.62
2026/10/10 16:57:02.041, 2, 29, 97871, 0, 88.96
2026/10/10 16:57:02.041, 3, 33, 97871, 0, 95.25
2026/10/10 16:57:03.041, 0, 20692, 97871, 2, 129.43
2026/10/10 16:57:03.042, 1, 110, 97871, 0, 93.72
2026/10/10 16:57:03.042, 2, 29, 97871, 0, 89.01
2026/10/10 16:57:03.042, 3, 33, 97871, 0, 95.30
2026/10/10 16:57:04.042, 0, 20692, 97871, 3, 129.38
2026/10/10 16:57:04.042, 1, 110, 97871, 0, 94.55
2026/10/10 16:57:04.042, 2, 29, 97871, 0, 89.30
2026/10/10 16:57:04.042, 3, 33, 97871, 0, 95.34
2026/10/10 16:57:05.042, 0, 20692, 97871, 3, 130.14
2026/10/10 16:57:05.042, 1, 110, 97871, 0, 95.28
2026/10/10 16:57:05.042, 2, 29, 97871, 0, 89.61
2026/10/10 16:57:05.042, 3, 33, 97871, 0, 95.69
2026/10/10 16:57:06.043, 0, 20692, 97871, 7, 130.29
2026/10/10 16:57:06.084, 1, 110, 97871, 0, 95.16
2026/10/10 16:57:06.202, 2, 29, 97871, 0, 89.43
2026/10/10 16:57:06.224, 3, 33, 97871, 0, 95.64
2026/10/10 16:57:07.246, 0, 20692, 97871, 0, 129.67
2026/10/10 16:57:07.246, 1, 110, 97871, 0, 94.43
2026/10/10 16:57:07.246, 2, 29, 97871, 0, 89.29
2026/10/10 16:57:07.247, 3, 33, 97871, 0, 95.18
2026/10/10 16:57:08.247, 0, 18588, 97871, 0, 129.07
2026/10/10 16:57:08.248, 1, 110, 97871, 0, 93.50
2026/10/10 16:57:08.248, 2, 29, 97871, 0, 89.00
2026/10/10 16:57:08.248, 3, 33, 97871, 0, 95.01
2026/10/10 16:57:09.248, 0, 19002, 97871, 0, 128.65
2026/10/10 16:57:09.248, 1, 110, 97871, 0, 93.23
2026/10/10 16:57:09.248, 2, 29, 97871, 0, 88.84
2026/10/10 16:57:09.249, 3, 33, 97871, 0, 94.99
2026/10/10 16:57:10.249, 0, 19002, 97871, 0, 128.81
2026/10/10 16:57:10.252, 1, 110, 97871, 0, 92.76
2026/10/10 16:57:10.255, 2, 29, 97871, 0, 88.97
2026/10/10 16:57:10.356, 3, 33, 97871, 0, 95.05
2026/10/10 16:57:11.357, 0, 19002, 97871, 0, 128.86
2026/10/10 16:57:11.394, 1, 113, 97871, 0, 92.20
2026/10/10 16:57:11.394, 2, 29, 97871, 0, 88.89
2026/10/10 16:57:11.394, 3, 33, 97871, 0, 95.05
2026/10/10 16:57:12.394, 0, 19002, 97871, 0, 128.91
2026/10/10 16:57:12.400, 1, 146, 97871, 0, 130.37
2026/10/10 16:57:12.401, 2, 31, 97871, 0, 88.88
2026/10/10 16:57:12.402, 3, 35, 97871, 0, 95.10
2026/10/10 16:57:13.403, 0, 19002, 97871, 0, 128.26
2026/10/10 16:57:13.403, 1, 16585, 97871, 9, 139.29
2026/10/10 16:57:13.403, 2, 3366, 97871, 0, 121.85
2026/10/10 16:57:13.403, 3, 3370, 97871, 0, 130.99
2026/10/10 16:57:14.403, 0, 19002, 97871, 0, 128.14
2026/10/10 16:57:14.404, 1, 20861, 97871, 0, 143.91
2026/10/10 16:57:14.404, 2, 20778, 97871, 9, 140.06
2026/10/10 16:57:14.404, 3, 20782, 97871, 9, 143.01
2026/10/10 16:57:15.404, 0, 19002, 97871, 0, 128.11
2026/10/10 16:57:15.404, 1, 20861, 97871, 3, 143.20
2026/10/10 16:57:15.404, 2, 20778, 97871, 8, 139.89
2026/10/10 16:57:15.404, 3, 20782, 97871, 0, 142.22
2026/10/10 16:57:16.404, 0, 19002, 97871, 0, 127.97
2026/10/10 16:57:16.404, 1, 19317, 97871, 0, 141.86
2026/10/10 16:57:16.404, 2, 20778, 97871, 7, 139.50
2026/10/10 16:57:16.404, 3, 20782, 97871, 6, 142.01
2026/10/10 16:57:17.405, 0, 19194, 97871, 0, 128.22
2026/10/10 16:57:17.405, 1, 19755, 97871, 0, 139.05
2026/10/10 16:57:17.405, 2, 19680, 97871, 0, 138.56
2026/10/10 16:57:17.405, 3, 19700, 97871, 0, 141.64
2026/10/10 16:57:18.405, 0, 19254, 97871, 0, 164.52
2026/10/10 16:57:18.405, 1, 19755, 97871, 0, 137.83
2026/10/10 16:57:18.405, 2, 19680, 97871, 0, 137.69
2026/10/10 16:57:18.405, 3, 19700, 97871, 0, 140.42
2026/10/10 16:57:19.405, 0, 19350, 97871, 8, 184.70
2026/10/10 16:57:19.405, 1, 19755, 97871, 0, 137.50
2026/10/10 16:57:19.405, 2, 19680, 97871, 0, 137.48
2026/10/10 16:57:19.405, 3, 19700, 97871, 0, 140.48
2026/10/10 16:57:20.406, 0, 19666, 97871, 0, 161.82
2026/10/10 16:57:20.406, 1, 19755, 97871, 0, 137.65
2026/10/10 16:57:20.406, 2, 19680, 97871, 0, 137.76
2026/10/10 16:57:20.406, 3, 19700, 97871, 0, 140.61
2026/10/10 16:57:21.406, 0, 19666, 97871, 0, 158.99
2026/10/10 16:57:21.406, 1, 19755, 97871, 0, 137.53
2026/10/10 16:57:21.406, 2, 19680, 97871, 0, 137.59
2026/10/10 16:57:21.406, 3, 19700, 97871, 0, 140.54
2026/10/10 16:57:22.406, 0, 19666, 97871, 48, 198.06
2026/10/10 16:57:22.406, 1, 19755, 97871, 0, 137.81
2026/10/10 16:57:22.406, 2, 19680, 97871, 0, 137.74
2026/10/10 16:57:22.406, 3, 19700, 97871, 0, 140.50
2026/10/10 16:57:23.406, 0, 19666, 97871, 0, 128.56
2026/10/10 16:57:23.407, 1, 19755, 97871, 0, 137.82
2026/10/10 16:57:23.407, 2, 19680, 97871, 0, 137.70
2026/10/10 16:57:23.407, 3, 19700, 97871, 0, 140.59
2026/10/10 16:57:24.407, 0, 19666, 97871, 0, 127.78
2026/10/10 16:57:24.407, 1, 19947, 97871, 0, 137.53
2026/10/10 16:57:24.407, 2, 19680, 97871, 0, 137.70
2026/10/10 16:57:24.407, 3, 19700, 97871, 0, 140.69
2026/10/10 16:57:25.407, 0, 19666, 97871, 0, 128.17
2026/10/10 16:57:25.407, 1, 20007, 97871, 20, 187.31
2026/10/10 16:57:25.407, 2, 19932, 97871, 84, 172.82
2026/10/10 16:57:25.407, 3, 19952, 97871, 61, 177.51
2026/10/10 16:57:26.407, 0, 20338, 97871, 0, 235.84
2026/10/10 16:57:26.408, 1, 20103, 97871, 0, 180.58
2026/10/10 16:57:26.408, 2, 19932, 97871, 0, 152.23
2026/10/10 16:57:26.408, 3, 19952, 97871, 0, 154.74
2026/10/10 16:57:27.408, 0, 20338, 97871, 0, 128.10
2026/10/10 16:57:27.408, 1, 20419, 97871, 0, 171.44
2026/10/10 16:57:27.408, 2, 20344, 97871, 13, 187.92
2026/10/10 16:57:27.408, 3, 20364, 97871, 1, 187.54
2026/10/10 16:57:28.408, 0, 20338, 97871, 39, 143.66
2026/10/10 16:57:28.408, 1, 20419, 97871, 0, 171.70
2026/10/10 16:57:28.408, 2, 20344, 97871, 73, 194.90
2026/10/10 16:57:28.408, 3, 20364, 97871, 69, 194.91
2026/10/10 16:57:29.408, 0, 20338, 97871, 0, 161.27
2026/10/10 16:57:29.409, 1, 20419, 97871, 92, 204.86
2026/10/10 16:57:29.409, 2, 20344, 97871, 0, 137.73
2026/10/10 16:57:29.409, 3, 20364, 97871, 0, 139.38
2026/10/10 16:57:30.409, 0, 20338, 97871, 0, 127.30
2026/10/10 16:57:30.409, 1, 20419, 97871, 0, 138.71
2026/10/10 16:57:30.409, 2, 20344, 97871, 0, 206.96
2026/10/10 16:57:30.409, 3, 20364, 97871, 0, 210.15
2026/10/10 16:57:31.409, 0, 20338, 97871, 0, 127.15
2026/10/10 16:57:31.409, 1, 20419, 97871, 0, 137.84
2026/10/10 16:57:31.409, 2, 20344, 97871, 0, 137.52
2026/10/10 16:57:31.409, 3, 20364, 97871, 0, 139.44
2026/10/10 16:57:32.410, 0, 20402, 97871, 26, 136.26
2026/10/10 16:57:32.410, 1, 20419, 97871, 0, 137.83
2026/10/10 16:57:32.410, 2, 20344, 97871, 0, 137.63
2026/10/10 16:57:32.410, 3, 20364, 97871, 0, 139.12
2026/10/10 16:57:33.410, 0, 21074, 97871, 100, 427.75
2026/10/10 16:57:33.410, 1, 21091, 97871, 0, 248.68
2026/10/10 16:57:33.410, 2, 20344, 97871, 0, 137.69
2026/10/10 16:57:33.410, 3, 20364, 97871, 0, 139.10
2026/10/10 16:57:34.410, 0, 21074, 97871, 1, 159.23
2026/10/10 16:57:34.410, 1, 21091, 97871, 0, 139.27
2026/10/10 16:57:34.410, 2, 21016, 97871, 0, 241.26
2026/10/10 16:57:34.410, 3, 21036, 97871, 0, 245.20
2026/10/10 16:57:35.411, 0, 79802, 97871, 38, 135.45
2026/10/10 16:57:35.411, 1, 21091, 97871, 94, 251.72
2026/10/10 16:57:35.411, 2, 21016, 97871, 0, 137.60
2026/10/10 16:57:35.411, 3, 21036, 97871, 0, 139.66
2026/10/10 16:57:36.411, 0, 78034, 97871, 18, 306.99
2026/10/10 16:57:36.411, 1, 21091, 97871, 0, 139.86
2026/10/10 16:57:36.411, 2, 21016, 97871, 0, 244.87
2026/10/10 16:57:36.411, 3, 21036, 97871, 46, 247.79
2026/10/10 16:57:37.411, 0, 78094, 97871, 17, 236.08
2026/10/10 16:57:37.411, 1, 21091, 97871, 0, 138.08
2026/10/10 16:57:37.411, 2, 21016, 97871, 0, 137.66
2026/10/10 16:57:37.411, 3, 21036, 97871, 0, 140.08
2026/10/10 16:57:38.411, 0, 78498, 97871, 17, 180.23
2026/10/10 16:57:38.412, 1, 21091, 97871, 0, 195.39
2026/10/10 16:57:38.412, 2, 21016, 97871, 0, 137.42
2026/10/10 16:57:38.412, 3, 21036, 97871, 0, 139.19
2026/10/10 16:57:39.412, 0, 78444, 97871, 13, 202.35
2026/10/10 16:57:39.412, 1, 21091, 97871, 0, 139.13
2026/10/10 16:57:39.412, 2, 21016, 97871, 0, 186.87
2026/10/10 16:57:39.412, 3, 21036, 97871, 0, 189.18
2026/10/10 16:57:40.412, 0, 78430, 97871, 0, 147.33
2026/10/10 16:57:40.412, 1, 21091, 97871, 0, 137.83
2026/10/10 16:57:40.412, 2, 21016, 97871, 0, 138.55
2026/10/10 16:57:40.412, 3, 21036, 97871, 0, 139.43
2026/10/10 16:57:41.412, 0, 78430, 97871, 0, 127.86
2026/10/10 16:57:41.413, 1, 21155, 97871, 90, 260.62
2026/10/10 16:57:41.413, 2, 21016, 97871, 0, 138.24
2026/10/10 16:57:41.413, 3, 21036, 97871, 0, 139.22
2026/10/10 16:57:42.413, 0, 78948, 97871, 0, 135.66
2026/10/10 16:57:42.413, 1, 22499, 97871, 0, 382.65
2026/10/10 16:57:42.413, 2, 21080, 97871, 87, 215.37
2026/10/10 16:57:42.413, 3, 21100, 97871, 90, 209.51
2026/10/10 16:57:43.413, 0, 78948, 97871, 0, 128.95
2026/10/10 16:57:43.413, 1, 22499, 97871, 0, 139.34
2026/10/10 16:57:43.413, 2, 22424, 97871, 0, 425.84
2026/10/10 16:57:43.413, 3, 22444, 97871, 96, 434.09
2026/10/10 16:57:44.413, 0, 79474, 97871, 0, 129.22
2026/10/10 16:57:44.414, 1, 24583, 97871, 0, 139.07
2026/10/10 16:57:44.414, 2, 22424, 97871, 0, 138.56
2026/10/10 16:57:44.414, 3, 22444, 97871, 0, 140.54
2026/10/10 16:57:45.414, 0, 79476, 97871, 0, 130.39
2026/10/10 16:57:45.414, 1, 24583, 97871, 0, 183.99
2026/10/10 16:57:45.414, 2, 24508, 97871, 4, 139.20
2026/10/10 16:57:45.414, 3, 24528, 97871, 0, 140.57
2026/10/10 16:57:46.414, 0, 79476, 97871, 0, 135.49
2026/10/10 16:57:46.414, 1, 24583, 97871, 0, 188.55
2026/10/10 16:57:46.414, 2, 24508, 97871, 0, 175.86
2026/10/10 16:57:46.414, 3, 24528, 97871, 0, 178.83
2026/10/10 16:57:47.414, 0, 79476, 97871, 0, 129.74
2026/10/10 16:57:47.415, 1, 24583, 97871, 0, 167.35
2026/10/10 16:57:47.415, 2, 24508, 97871, 0, 166.26
2026/10/10 16:57:47.415, 3, 24528, 97871, 0, 169.41
2026/10/10 16:57:48.415, 0, 79476, 97871, 0, 129.65
2026/10/10 16:57:48.415, 1, 24583, 97871, 0, 155.98
2026/10/10 16:57:48.415, 2, 24508, 97871, 1, 200.06
2026/10/10 16:57:48.415, 3, 24528, 97871, 0, 195.75
2026/10/10 16:57:49.415, 0, 79476, 97871, 0, 129.74
2026/10/10 16:57:49.415, 1, 24583, 97871, 0, 209.83
2026/10/10 16:57:49.415, 2, 24508, 97871, 0, 137.83
2026/10/10 16:57:49.415, 3, 24528, 97871, 0, 139.56
2026/10/10 16:57:50.416, 0, 79476, 97871, 0, 129.61
2026/10/10 16:57:50.416, 1, 24585, 97871, 0, 315.95
2026/10/10 16:57:50.416, 2, 24508, 97871, 0, 202.54
2026/10/10 16:57:50.416, 3, 24528, 97871, 0, 203.84
2026/10/10 16:57:51.416, 0, 79476, 97871, 0, 129.69
2026/10/10 16:57:51.416, 1, 24585, 97871, 0, 140.07
2026/10/10 16:57:51.416, 2, 24508, 97871, 86, 263.79
2026/10/10 16:57:51.416, 3, 24528, 97871, 86, 321.63
2026/10/10 16:57:52.416, 0, 79476, 97871, 0, 129.75
2026/10/10 16:57:52.416, 1, 24585, 97871, 0, 138.18
2026/10/10 16:57:52.416, 2, 24510, 97871, 2, 218.97
2026/10/10 16:57:52.416, 3, 24530, 97871, 0, 170.13
2026/10/10 16:57:53.417, 0, 79476, 97871, 0, 129.51
2026/10/10 16:57:53.417, 1, 79309, 97871, 46, 201.15
2026/10/10 16:57:53.417, 2, 24510, 97871, 0, 138.39
2026/10/10 16:57:53.417, 3, 24530, 97871, 0, 140.01
2026/10/10 16:57:54.417, 0, 79476, 97871, 0, 129.54
2026/10/10 16:57:54.417, 1, 76017, 97871, 28, 279.55
2026/10/10 16:57:54.417, 2, 79234, 97871, 25, 145.35
2026/10/10 16:57:54.417, 3, 79254, 97871, 77, 322.69
2026/10/10 16:57:55.417, 0, 79475, 97871, 0, 129.24
2026/10/10 16:57:55.417, 1, 76136, 97871, 19, 237.96
2026/10/10 16:57:55.417, 2, 75973, 97871, 12, 326.25
2026/10/10 16:57:55.417, 3, 76018, 97871, 26, 232.08
2026/10/10 16:57:56.417, 0, 79475, 97871, 0, 129.44
2026/10/10 16:57:56.417, 1, 77132, 97871, 35, 217.24
2026/10/10 16:57:56.417, 2, 76037, 97871, 15, 245.74
2026/10/10 16:57:56.418, 3, 76134, 97871, 15, 211.02
2026/10/10 16:57:57.418, 0, 79475, 97871, 0, 129.47
2026/10/10 16:57:57.418, 1, 76870, 97871, 19, 234.57
2026/10/10 16:57:57.418, 2, 77127, 97871, 13, 202.45
2026/10/10 16:57:57.418, 3, 76856, 97871, 24, 249.42
2026/10/10 16:57:58.418, 0, 79475, 97871, 0, 129.47
2026/10/10 16:57:58.418, 1, 76996, 97871, 19, 209.98
2026/10/10 16:57:58.418, 2, 76803, 97871, 19, 245.55
2026/10/10 16:57:58.418, 3, 77034, 97871, 17, 214.00
2026/10/10 16:57:59.418, 0, 79475, 97871, 0, 129.63
2026/10/10 16:57:59.418, 1, 76998, 97871, 0, 139.65
2026/10/10 16:57:59.418, 2, 76877, 97871, 17, 203.00
2026/10/10 16:57:59.418, 3, 76954, 97871, 0, 176.63
2026/10/10 16:58:00.418, 0, 79475, 97871, 0, 129.56
2026/10/10 16:58:00.419, 1, 77364, 97871, 0, 156.67
2026/10/10 16:58:00.419, 2, 76921, 97871, 0, 163.06
2026/10/10 16:58:00.419, 3, 76954, 97871, 0, 139.53
2026/10/10 16:58:01.419, 0, 79475, 97871, 0, 129.49
2026/10/10 16:58:01.419, 1, 77626, 97871, 0, 151.62
2026/10/10 16:58:01.419, 2, 76921, 97871, 0, 138.35
2026/10/10 16:58:01.419, 3, 77438, 97871, 18, 169.61
2026/10/10 16:58:02.419, 0, 79475, 97871, 0, 129.43
2026/10/10 16:58:02.419, 1, 78150, 97871, 0, 138.76
2026/10/10 16:58:02.419, 2, 77589, 97871, 0, 164.48
2026/10/10 16:58:02.419, 3, 77700, 97871, 0, 140.11
2026/10/10 16:58:03.419, 0, 79475, 97871, 0, 129.60
2026/10/10 16:58:03.420, 1, 78674, 97871, 4, 140.33
2026/10/10 16:58:03.420, 2, 77589, 97871, 0, 139.00
2026/10/10 16:58:03.420, 3, 78226, 97871, 1, 140.26
2026/10/10 16:58:04.420, 0, 79475, 97871, 0, 129.51
2026/10/10 16:58:04.420, 1, 80630, 97871, 0, 163.07
2026/10/10 16:58:04.420, 2, 78113, 97871, 0, 138.94
2026/10/10 16:58:04.420, 3, 79272, 97871, 0, 151.42
2026/10/10 16:58:05.420, 0, 79475, 97871, 0, 129.53
2026/10/10 16:58:05.420, 1, 80630, 97871, 0, 137.98
2026/10/10 16:58:05.420, 2, 79029, 97871, 7, 144.74
2026/10/10 16:58:05.420, 3, 82398, 97871, 0, 169.63
2026/10/10 16:58:06.421, 0, 79475, 97871, 0, 129.38
2026/10/10 16:58:06.421, 1, 80630, 97871, 0, 137.89
2026/10/10 16:58:06.421, 2, 81375, 97871, 0, 161.75
2026/10/10 16:58:06.421, 3, 82398, 97871, 0, 139.59
2026/10/10 16:58:07.421, 0, 79475, 97871, 0, 129.30
2026/10/10 16:58:07.421, 1, 80630, 97871, 0, 138.16
2026/10/10 16:58:07.421, 2, 81375, 97871, 0, 137.58
2026/10/10 16:58:07.421, 3, 82398, 97871, 0, 139.33
2026/10/10 16:58:08.421, 0, 79475, 97871, 0, 129.43
2026/10/10 16:58:08.421, 1, 80630, 97871, 0, 139.37
2026/10/10 16:58:08.421, 2, 81375, 97871, 0, 137.27
2026/10/10 16:58:08.422, 3, 82398, 97871, 0, 139.32
2026/10/10 16:58:09.422, 0, 79475, 97871, 0, 129.30
2026/10/10 16:58:09.422, 1, 80630, 97871, 0, 142.67
2026/10/10 16:58:09.422, 2, 81375, 97871, 0, 137.38
2026/10/10 16:58:09.422, 3, 82398, 97871, 8, 148.47
2026/10/10 16:58:10.422, 0, 79475, 97871, 0, 129.33
2026/10/10 16:58:10.422, 1, 80630, 97871, 0, 138.08
2026/10/10 16:58:10.422, 2, 81375, 97871, 0, 144.81
2026/10/10 16:58:10.422, 3, 82398, 97871, 0, 139.58
2026/10/10 16:58:11.422, 0, 79475, 97871, 0, 129.34
2026/10/10 16:58:11.422, 1, 80630, 97871, 0, 144.28
2026/10/10 16:58:11.423, 2, 81375, 97871, 0, 137.74
2026/10/10 16:58:11.423, 3, 82398, 97871, 5, 141.66
2026/10/10 16:58:12.423, 0, 79475, 97871, 0, 129.32
2026/10/10 16:58:12.423, 1, 80630, 97871, 0, 139.10
2026/10/10 16:58:12.423, 2, 81375, 97871, 0, 139.44
2026/10/10 16:58:12.423, 3, 82398, 97871, 0, 145.63
2026/10/10 16:58:13.423, 0, 79475, 97871, 0, 128.88
2026/10/10 16:58:13.423, 1, 80630, 97871, 0, 138.99
2026/10/10 16:58:13.423, 2, 81375, 97871, 0, 139.70
2026/10/10 16:58:13.423, 3, 82398, 97871, 0, 141.18
2026/10/10 16:58:14.423, 0, 79475, 97871, 0, 128.70
2026/10/10 16:58:14.423, 1, 80630, 97871, 0, 138.94
2026/10/10 16:58:14.423, 2, 81375, 97871, 0, 137.41
2026/10/10 16:58:14.423, 3, 82398, 97871, 0, 140.92
2026/10/10 16:58:15.423, 0, 79475, 97871, 25, 137.07
2026/10/10 16:58:15.424, 1, 80630, 97871, 0, 138.97
2026/10/10 16:58:15.424, 2, 81375, 97871, 0, 137.26
2026/10/10 16:58:15.424, 3, 82398, 97871, 0, 141.06
2026/10/10 16:58:16.424, 0, 79475, 97871, 99, 370.85
2026/10/10 16:58:16.424, 1, 80630, 97871, 0, 139.19
2026/10/10 16:58:16.424, 2, 81375, 97871, 0, 137.37
2026/10/10 16:58:16.424, 3, 82398, 97871, 0, 141.04
2026/10/10 16:58:17.424, 0, 79475, 97871, 99, 442.21
2026/10/10 16:58:17.424, 1, 80630, 97871, 0, 139.15
2026/10/10 16:58:17.424, 2, 81375, 97871, 0, 137.28
2026/10/10 16:58:17.424, 3, 82398, 97871, 0, 140.98
2026/10/10 16:58:18.424, 0, 79475, 97871, 99, 444.29
2026/10/10 16:58:18.424, 1, 80630, 97871, 0, 138.90
2026/10/10 16:58:18.424, 2, 81375, 97871, 0, 137.15
2026/10/10 16:58:18.424, 3, 82398, 97871, 0, 140.97
2026/10/10 16:58:19.424, 0, 79475, 97871, 99, 445.01
2026/10/10 16:58:19.424, 1, 80630, 97871, 0, 138.87
2026/10/10 16:58:19.424, 2, 81375, 97871, 0, 137.24
2026/10/10 16:58:19.424, 3, 82398, 97871, 0, 141.02
2026/10/10 16:58:20.424, 0, 79475, 97871, 99, 443.38
2026/10/10 16:58:20.424, 1, 80630, 97871, 0, 138.91
2026/10/10 16:58:20.424, 2, 81375, 97871, 0, 137.04
2026/10/10 16:58:20.424, 3, 82398, 97871, 0, 140.96
2026/10/10 16:58:21.424, 0, 79475, 97871, 99, 445.99
2026/10/10 16:58:21.425, 1, 80630, 97871, 0, 138.94
2026/10/10 16:58:21.425, 2, 81375, 97871, 0, 137.16
2026/10/10 16:58:21.425, 3, 82398, 97871, 0, 141.05
2026/10/10 16:58:22.425, 0, 79475, 97871, 99, 448.44
2026/10/10 16:58:22.425, 1, 80630, 97871, 0, 139.08
2026/10/10 16:58:22.425, 2, 81375, 97871, 0, 137.23
2026/10/10 16:58:22.425, 3, 82398, 97871, 0, 140.88
2026/10/10 16:58:23.425, 0, 79475, 97871, 99, 448.89
2026/10/10 16:58:23.425, 1, 80630, 97871, 0, 139.03
2026/10/10 16:58:23.425, 2, 81375, 97871, 0, 137.16
2026/10/10 16:58:23.425, 3, 82398, 97871, 0, 140.68
2026/10/10 16:58:24.425, 0, 79475, 97871, 99, 449.54
2026/10/10 16:58:24.425, 1, 80630, 97871, 0, 138.93
2026/10/10 16:58:24.425, 2, 81375, 97871, 0, 137.27
2026/10/10 16:58:24.425, 3, 82398, 97871, 0, 140.66
2026/10/10 16:58:25.425, 0, 79475, 97871, 99, 426.33
2026/10/10 16:58:25.425, 1, 80630, 97871, 0, 139.13
2026/10/10 16:58:25.425, 2, 81375, 97871, 0, 137.19
2026/10/10 16:58:25.425, 3, 82398, 97871, 0, 140.76
2026/10/10 16:58:26.426, 0, 79475, 97871, 100, 448.23
2026/10/10 16:58:26.426, 1, 80630, 97871, 0, 138.99
2026/10/10 16:58:26.426, 2, 81375, 97871, 0, 137.18
2026/10/10 16:58:26.426, 3, 82398, 97871, 0, 140.68
2026/10/10 16:58:27.426, 0, 79475, 97871, 99, 448.90
2026/10/10 16:58:27.426, 1, 80630, 97871, 0, 138.82
2026/10/10 16:58:27.426, 2, 81375, 97871, 0, 137.14
2026/10/10 16:58:27.426, 3, 82398, 97871, 0, 140.68
2026/10/10 16:58:28.426, 0, 79475, 97871, 99, 450.16
2026/10/10 16:58:28.426, 1, 80630, 97871, 0, 138.76
2026/10/10 16:58:28.426, 2, 81375, 97871, 0, 137.19
2026/10/10 16:58:28.426, 3, 82398, 97871, 0, 140.70
2026/10/10 16:58:29.426, 0, 79475, 97871, 99, 450.43
2026/10/10 16:58:29.426, 1, 80630, 97871, 0, 138.80
2026/10/10 16:58:29.427, 2, 81375, 97871, 0, 137.11
2026/10/10 16:58:29.427, 3, 82398, 97871, 0, 140.60
2026/10/10 16:58:30.427, 0, 79475, 97871, 99, 451.00
2026/10/10 16:58:30.427, 1, 80630, 97871, 0, 138.86
2026/10/10 16:58:30.427, 2, 81375, 97871, 0, 137.25
2026/10/10 16:58:30.427, 3, 82398, 97871, 0, 140.81
2026/10/10 16:58:31.427, 0, 79475, 97871, 99, 451.63
2026/10/10 16:58:31.427, 1, 80630, 97871, 0, 139.02
2026/10/10 16:58:31.427, 2, 81375, 97871, 0, 137.03
2026/10/10 16:58:31.427, 3, 82398, 97871, 0, 140.63
2026/10/10 16:58:32.427, 0, 79475, 97871, 99, 443.43
2026/10/10 16:58:32.427, 1, 80630, 97871, 0, 139.13
2026/10/10 16:58:32.427, 2, 81375, 97871, 0, 136.98
2026/10/10 16:58:32.427, 3, 82398, 97871, 0, 140.70
2026/10/10 16:58:33.427, 0, 79475, 97871, 99, 450.19
2026/10/10 16:58:33.428, 1, 80630, 97871, 0, 139.07
2026/10/10 16:58:33.428, 2, 81375, 97871, 0, 136.82
2026/10/10 16:58:33.428, 3, 82398, 97871, 0, 140.67
2026/10/10 16:58:34.428, 0, 79475, 97871, 99, 449.54
2026/10/10 16:58:34.428, 1, 80630, 97871, 0, 138.78
2026/10/10 16:58:34.428, 2, 81375, 97871, 0, 137.10
2026/10/10 16:58:34.428, 3, 82398, 97871, 0, 140.90
2026/10/10 16:58:35.428, 0, 79475, 97871, 99, 449.62
2026/10/10 16:58:35.428, 1, 80630, 97871, 0, 138.78
2026/10/10 16:58:35.428, 2, 81375, 97871, 0, 137.04
2026/10/10 16:58:35.428, 3, 82398, 97871, 0, 140.99
2026/10/10 16:58:36.428, 0, 79475, 97871, 100, 450.18
2026/10/10 16:58:36.428, 1, 80630, 97871, 0, 138.80
2026/10/10 16:58:36.429, 2, 81375, 97871, 0, 137.22
2026/10/10 16:58:36.429, 3, 82398, 97871, 0, 141.16
2026/10/10 16:58:37.429, 0, 79475, 97871, 99, 446.73
2026/10/10 16:58:37.429, 1, 80630, 97871, 0, 138.56
2026/10/10 16:58:37.429, 2, 81375, 97871, 0, 137.04
2026/10/10 16:58:37.429, 3, 82398, 97871, 0, 140.91
2026/10/10 16:58:38.429, 0, 79475, 97871, 99, 448.07
2026/10/10 16:58:38.429, 1, 80630, 97871, 0, 138.22
2026/10/10 16:58:38.429, 2, 81375, 97871, 0, 137.23
2026/10/10 16:58:38.429, 3, 82398, 97871, 0, 140.87
2026/10/10 16:58:39.429, 0, 79475, 97871, 90, 453.36
2026/10/10 16:58:39.429, 1, 80630, 97871, 0, 137.46
2026/10/10 16:58:39.429, 2, 81375, 97871, 0, 137.02
2026/10/10 16:58:39.429, 3, 82398, 97871, 0, 140.84
2026/10/10 16:58:40.429, 0, 79475, 97871, 99, 453.02
2026/10/10 16:58:40.429, 1, 80636, 97871, 16, 145.74
2026/10/10 16:58:40.429, 2, 81381, 97871, 10, 146.32
2026/10/10 16:58:40.430, 3, 82400, 97871, 8, 150.64
2026/10/10 16:58:41.430, 0, 79475, 97871, 99, 455.70
2026/10/10 16:58:41.430, 1, 80636, 97871, 100, 406.42
2026/10/10 16:58:41.430, 2, 81381, 97871, 99, 410.01
2026/10/10 16:58:41.430, 3, 82400, 97871, 99, 425.65
2026/10/10 16:58:42.430, 0, 79475, 97871, 99, 456.42
2026/10/10 16:58:42.430, 1, 80636, 97871, 93, 459.44
2026/10/10 16:58:42.430, 2, 81381, 97871, 88, 464.08
2026/10/10 16:58:42.430, 3, 82400, 97871, 99, 462.29
2026/10/10 16:58:43.430, 0, 79475, 97871, 99, 454.86
2026/10/10 16:58:43.430, 1, 80636, 97871, 100, 460.94
2026/10/10 16:58:43.430, 2, 81381, 97871, 99, 465.92
2026/10/10 16:58:43.430, 3, 82400, 97871, 99, 463.56
2026/10/10 16:58:44.430, 0, 79475, 97871, 99, 462.14
2026/10/10 16:58:44.430, 1, 80636, 97871, 95, 465.66
2026/10/10 16:58:44.430, 2, 81381, 97871, 97, 470.81
2026/10/10 16:58:44.430, 3, 82400, 97871, 99, 466.57
2026/10/10 16:58:45.431, 0, 79475, 97871, 99, 455.54
2026/10/10 16:58:45.431, 1, 80636, 97871, 100, 461.95
2026/10/10 16:58:45.431, 2, 81381, 97871, 99, 467.05
2026/10/10 16:58:45.431, 3, 82400, 97871, 99, 467.38
2026/10/10 16:58:46.431, 0, 79475, 97871, 99, 455.88
2026/10/10 16:58:46.431, 1, 80636, 97871, 100, 461.80
2026/10/10 16:58:46.431, 2, 81381, 97871, 99, 466.61
2026/10/10 16:58:46.431, 3, 82400, 97871, 99, 468.63
2026/10/10 16:58:47.431, 0, 79475, 97871, 100, 456.52
2026/10/10 16:58:47.431, 1, 80636, 97871, 100, 458.70
2026/10/10 16:58:47.431, 2, 81381, 97871, 99, 461.65
2026/10/10 16:58:47.431, 3, 82400, 97871, 99, 465.23
2026/10/10 16:58:48.431, 0, 79475, 97871, 99, 456.92
2026/10/10 16:58:48.431, 1, 80636, 97871, 100, 464.52
2026/10/10 16:58:48.431, 2, 81381, 97871, 99, 467.32
2026/10/10 16:58:48.431, 3, 82400, 97871, 99, 469.68
2026/10/10 16:58:49.431, 0, 79475, 97871, 99, 451.67
2026/10/10 16:58:49.431, 1, 80636, 97871, 100, 464.26
2026/10/10 16:58:49.431, 2, 81381, 97871, 99, 467.56
2026/10/10 16:58:49.432, 3, 82400, 97871, 99, 468.26
2026/10/10 16:58:50.432, 0, 79475, 97871, 99, 451.35
2026/10/10 16:58:50.432, 1, 80636, 97871, 100, 462.88
2026/10/10 16:58:50.432, 2, 81381, 97871, 99, 464.71
2026/10/10 16:58:50.432, 3, 82400, 97871, 99, 473.85
2026/10/10 16:58:51.432, 0, 79475, 97871, 99, 451.26
2026/10/10 16:58:51.432, 1, 80636, 97871, 100, 475.36
2026/10/10 16:58:51.432, 2, 81381, 97871, 99, 484.74
2026/10/10 16:58:51.432, 3, 82400, 97871, 99, 469.21
2026/10/10 16:58:52.432, 0, 79475, 97871, 99, 450.84
2026/10/10 16:58:52.432, 1, 80636, 97871, 100, 472.42
2026/10/10 16:58:52.432, 2, 81381, 97871, 99, 482.72
2026/10/10 16:58:52.432, 3, 82400, 97871, 99, 483.52
2026/10/10 16:58:53.432, 0, 79475, 97871, 99, 452.13
2026/10/10 16:58:53.432, 1, 80636, 97871, 100, 477.88
2026/10/10 16:58:53.432, 2, 81381, 97871, 99, 482.19
2026/10/10 16:58:53.432, 3, 82400, 97871, 99, 468.80
2026/10/10 16:58:54.432, 0, 79475, 97871, 86, 450.56
2026/10/10 16:58:54.432, 1, 80636, 97871, 100, 473.63
2026/10/10 16:58:54.433, 2, 81381, 97871, 99, 477.35
2026/10/10 16:58:54.433, 3, 82400, 97871, 99, 469.71
2026/10/10 16:58:55.433, 0, 79475, 97871, 99, 454.91
2026/10/10 16:58:55.433, 1, 80636, 97871, 100, 471.82
2026/10/10 16:58:55.433, 2, 81381, 97871, 99, 477.40
2026/10/10 16:58:55.433, 3, 82400, 97871, 99, 474.74
2026/10/10 16:58:56.433, 0, 79475, 97871, 99, 452.56
2026/10/10 16:58:56.433, 1, 80636, 97871, 100, 465.31
2026/10/10 16:58:56.433, 2, 81381, 97871, 99, 473.25
2026/10/10 16:58:56.433, 3, 82400, 97871, 99, 469.69
2026/10/10 16:58:57.433, 0, 79475, 97871, 99, 453.35
2026/10/10 16:58:57.433, 1, 80636, 97871, 100, 467.02
2026/10/10 16:58:57.433, 2, 81381, 97871, 99, 475.03
2026/10/10 16:58:57.433, 3, 82400, 97871, 99, 469.62
2026/10/10 16:58:58.433, 0, 79475, 97871, 99, 453.90
2026/10/10 16:58:58.433, 1, 80638, 97871, 99, 470.90
2026/10/10 16:58:58.433, 2, 81381, 97871, 99, 477.95
2026/10/10 16:58:58.433, 3, 82400, 97871, 99, 472.15
2026/10/10 16:58:59.434, 0, 79475, 97871, 99, 448.29
2026/10/10 16:58:59.434, 1, 80638, 97871, 100, 463.30
2026/10/10 16:58:59.434, 2, 81381, 97871, 99, 476.08
2026/10/10 16:58:59.434, 3, 82400, 97871, 99, 470.26
2026/10/10 16:59:00.434, 0, 79475, 97871, 99, 448.83
2026/10/10 16:59:00.434, 1, 80638, 97871, 100, 465.48
2026/10/10 16:59:00.434, 2, 81381, 97871, 99, 470.27
2026/10/10 16:59:00.434, 3, 82400, 97871, 99, 463.15
2026/10/10 16:59:01.434, 0, 79475, 97871, 99, 444.85
2026/10/10 16:59:01.434, 1, 80638, 97871, 100, 460.00
2026/10/10 16:59:01.434, 2, 81381, 97871, 99, 469.01
2026/10/10 16:59:01.434, 3, 82400, 97871, 99, 464.60
2026/10/10 16:59:02.434, 0, 79475, 97871, 99, 448.46
2026/10/10 16:59:02.434, 1, 80638, 97871, 100, 460.45
2026/10/10 16:59:02.434, 2, 81381, 97871, 99, 475.21
2026/10/10 16:59:02.434, 3, 82400, 97871, 99, 468.44
2026/10/10 16:59:03.434, 0, 79475, 97871, 99, 447.22
2026/10/10 16:59:03.434, 1, 80638, 97871, 90, 463.81
2026/10/10 16:59:03.434, 2, 81381, 97871, 99, 467.06
2026/10/10 16:59:03.434, 3, 82400, 97871, 99, 467.45
2026/10/10 16:59:04.435, 0, 79475, 97871, 99, 449.32
2026/10/10 16:59:04.435, 1, 80638, 97871, 100, 464.50
2026/10/10 16:59:04.435, 2, 81381, 97871, 91, 472.71
2026/10/10 16:59:04.435, 3, 82400, 97871, 99, 466.33
2026/10/10 16:59:05.435, 0, 79475, 97871, 99, 448.23
2026/10/10 16:59:05.435, 1, 80638, 97871, 100, 464.15
2026/10/10 16:59:05.435, 2, 81381, 97871, 99, 472.87
2026/10/10 16:59:05.435, 3, 82400, 97871, 93, 465.88
2026/10/10 16:59:06.435, 0, 79475, 97871, 99, 448.66
2026/10/10 16:59:06.435, 1, 80638, 97871, 100, 465.72
2026/10/10 16:59:06.435, 2, 81381, 97871, 99, 466.29
2026/10/10 16:59:06.435, 3, 82400, 97871, 99, 467.36
2026/10/10 16:59:07.435, 0, 79475, 97871, 99, 449.71
2026/10/10 16:59:07.435, 1, 80638, 97871, 100, 461.90
2026/10/10 16:59:07.435, 2, 81381, 97871, 94, 473.42
2026/10/10 16:59:07.435, 3, 82400, 97871, 99, 464.83
2026/10/10 16:59:08.435, 0, 79475, 97871, 99, 451.35
2026/10/10 16:59:08.436, 1, 80638, 97871, 100, 464.15
2026/10/10 16:59:08.436, 2, 81381, 97871, 99, 473.96
2026/10/10 16:59:08.436, 3, 82400, 97871, 99, 467.28
2026/10/10 16:59:09.436, 0, 79475, 97871, 99, 448.47
2026/10/10 16:59:09.436, 1, 80638, 97871, 100, 465.83
2026/10/10 16:59:09.436, 2, 81381, 97871, 99, 473.35
2026/10/10 16:59:09.436, 3, 82400, 97871, 99, 468.53
2026/10/10 16:59:10.436, 0, 79475, 97871, 99, 448.81
2026/10/10 16:59:10.436, 1, 80638, 97871, 100, 466.55
2026/10/10 16:59:10.436, 2, 81381, 97871, 99, 474.52
2026/10/10 16:59:10.436, 3, 82400, 97871, 99, 466.86
2026/10/10 16:59:11.436, 0, 79475, 97871, 99, 449.57
2026/10/10 16:59:11.436, 1, 80638, 97871, 100, 463.83
2026/10/10 16:59:11.436, 2, 81381, 97871, 99, 465.82
2026/10/10 16:59:11.436, 3, 82400, 97871, 99, 466.14
2026/10/10 16:59:12.436, 0, 79475, 97871, 99, 450.15
2026/10/10 16:59:12.436, 1, 80638, 97871, 100, 464.22
2026/10/10 16:59:12.436, 2, 81381, 97871, 99, 487.55
2026/10/10 16:59:12.436, 3, 82400, 97871, 99, 475.46
2026/10/10 16:59:13.437, 0, 79475, 97871, 99, 450.84
2026/10/10 16:59:13.437, 1, 80638, 97871, 100, 470.76
2026/10/10 16:59:13.437, 2, 81381, 97871, 99, 472.02
2026/10/10 16:59:13.437, 3, 82400, 97871, 99, 471.11
2026/10/10 16:59:14.437, 0, 79475, 97871, 99, 451.58
2026/10/10 16:59:14.437, 1, 80638, 97871, 100, 466.31
2026/10/10 16:59:14.437, 2, 81381, 97871, 99, 470.14
2026/10/10 16:59:14.437, 3, 82400, 97871, 99, 464.67
2026/10/10 16:59:15.437, 0, 79475, 97871, 99, 446.44
2026/10/10 16:59:15.437, 1, 80638, 97871, 100, 461.22
2026/10/10 16:59:15.437, 2, 81381, 97871, 99, 473.03
2026/10/10 16:59:15.437, 3, 82400, 97871, 99, 467.40
2026/10/10 16:59:16.437, 0, 79475, 97871, 99, 449.65
2026/10/10 16:59:16.437, 1, 80638, 97871, 100, 465.83
2026/10/10 16:59:16.437, 2, 81381, 97871, 99, 468.59
2026/10/10 16:59:16.437, 3, 82400, 97871, 99, 467.51
2026/10/10 16:59:17.437, 0, 79475, 97871, 99, 450.13
2026/10/10 16:59:17.437, 1, 80638, 97871, 100, 461.00
2026/10/10 16:59:17.437, 2, 81381, 97871, 99, 473.17
2026/10/10 16:59:17.437, 3, 82400, 97871, 99, 467.81
2026/10/10 16:59:18.438, 0, 79475, 97871, 99, 450.95
2026/10/10 16:59:18.438, 1, 80638, 97871, 100, 465.86
2026/10/10 16:59:18.438, 2, 81381, 97871, 99, 478.63
2026/10/10 16:59:18.438, 3, 82400, 97871, 99, 482.27
2026/10/10 16:59:19.438, 0, 79475, 97871, 99, 447.30
2026/10/10 16:59:19.438, 1, 80638, 97871, 100, 478.94
2026/10/10 16:59:19.438, 2, 81381, 97871, 99, 479.83
2026/10/10 16:59:19.438, 3, 82400, 97871, 99, 472.61
2026/10/10 16:59:20.438, 0, 79475, 97871, 99, 449.23
2026/10/10 16:59:20.438, 1, 80638, 97871, 100, 466.60
2026/10/10 16:59:20.438, 2, 81381, 97871, 99, 477.92
2026/10/10 16:59:20.438, 3, 82400, 97871, 99, 468.40
2026/10/10 16:59:21.438, 0, 79475, 97871, 91, 449.51
2026/10/10 16:59:21.438, 1, 80638, 97871, 87, 468.91
2026/10/10 16:59:21.438, 2, 81381, 97871, 99, 474.62
2026/10/10 16:59:21.438, 3, 82400, 97871, 99, 469.24
2026/10/10 16:59:22.438, 0, 79475, 97871, 99, 449.24
2026/10/10 16:59:22.438, 1, 80638, 97871, 100, 467.25
2026/10/10 16:59:22.438, 2, 81381, 97871, 99, 474.72
2026/10/10 16:59:22.438, 3, 82400, 97871, 99, 467.07
2026/10/10 16:59:23.438, 0, 79475, 97871, 99, 449.75
2026/10/10 16:59:23.438, 1, 80638, 97871, 100, 468.60
2026/10/10 16:59:23.438, 2, 81381, 97871, 99, 472.68
2026/10/10 16:59:23.438, 3, 82400, 97871, 99, 467.32
2026/10/10 16:59:24.439, 0, 79475, 97871, 99, 451.02
2026/10/10 16:59:24.439, 1, 80638, 97871, 100, 466.89
2026/10/10 16:59:24.439, 2, 81381, 97871, 99, 473.02
2026/10/10 16:59:24.439, 3, 82400, 97871, 94, 472.12
2026/10/10 16:59:25.439, 0, 79475, 97871, 99, 450.52
2026/10/10 16:59:25.439, 1, 80638, 97871, 100, 466.86
2026/10/10 16:59:25.439, 2, 81381, 97871, 83, 473.92
2026/10/10 16:59:25.439, 3, 82400, 97871, 99, 469.22
2026/10/10 16:59:26.439, 0, 79475, 97871, 99, 451.25
2026/10/10 16:59:26.439, 1, 80638, 97871, 100, 471.71
2026/10/10 16:59:26.439, 2, 81381, 97871, 99, 467.90
2026/10/10 16:59:26.439, 3, 82400, 97871, 99, 468.34
2026/10/10 16:59:27.439, 0, 79475, 97871, 99, 448.50
2026/10/10 16:59:27.439, 1, 80638, 97871, 100, 463.58
2026/10/10 16:59:27.439, 2, 81381, 97871, 99, 472.99
2026/10/10 16:59:27.439, 3, 82400, 97871, 99, 463.95
2026/10/10 16:59:28.439, 0, 79475, 97871, 99, 448.78
2026/10/10 16:59:28.439, 1, 80638, 97871, 100, 461.98
2026/10/10 16:59:28.439, 2, 81381, 97871, 99, 473.61
2026/10/10 16:59:28.439, 3, 82400, 97871, 99, 467.56
2026/10/10 16:59:29.439, 0, 79475, 97871, 99, 449.55
2026/10/10 16:59:29.439, 1, 80638, 97871, 100, 463.50
2026/10/10 16:59:29.439, 2, 81381, 97871, 99, 474.13
2026/10/10 16:59:29.439, 3, 82400, 97871, 99, 467.48
2026/10/10 16:59:30.439, 0, 79475, 97871, 99, 447.42
2026/10/10 16:59:30.439, 1, 80638, 97871, 100, 465.83
2026/10/10 16:59:30.440, 2, 81381, 97871, 99, 469.49
2026/10/10 16:59:30.440, 3, 82400, 97871, 99, 468.07
2026/10/10 16:59:31.440, 0, 79475, 97871, 99, 449.05
2026/10/10 16:59:31.440, 1, 80638, 97871, 91, 465.77
2026/10/10 16:59:31.440, 2, 81381, 97871, 99, 472.44
2026/10/10 16:59:31.440, 3, 82400, 97871, 99, 471.32
2026/10/10 16:59:32.440, 0, 79475, 97871, 99, 448.84
2026/10/10 16:59:32.440, 1, 80638, 97871, 100, 464.53
2026/10/10 16:59:32.440, 2, 81381, 97871, 99, 477.11
2026/10/10 16:59:32.440, 3, 82400, 97871, 100, 474.21
2026/10/10 16:59:33.440, 0, 79475, 97871, 99, 454.67
2026/10/10 16:59:33.440, 1, 80638, 97871, 100, 466.26
2026/10/10 16:59:33.440, 2, 81381, 97871, 99, 473.58
2026/10/10 16:59:33.440, 3, 82400, 97871, 99, 469.77
2026/10/10 16:59:34.440, 0, 79475, 97871, 99, 453.08
2026/10/10 16:59:34.440, 1, 80638, 97871, 96, 469.02
2026/10/10 16:59:34.440, 2, 81381, 97871, 99, 478.01
2026/10/10 16:59:34.440, 3, 82400, 97871, 99, 467.88
2026/10/10 16:59:35.440, 0, 79475, 97871, 99, 453.39
2026/10/10 16:59:35.440, 1, 80638, 97871, 100, 465.37
2026/10/10 16:59:35.440, 2, 81381, 97871, 99, 473.75
2026/10/10 16:59:35.441, 3, 82400, 97871, 89, 464.87
2026/10/10 16:59:36.441, 0, 79475, 97871, 99, 447.84
2026/10/10 16:59:36.441, 1, 80638, 97871, 99, 471.96
2026/10/10 16:59:36.441, 2, 81381, 97871, 99, 474.48
2026/10/10 16:59:36.441, 3, 82400, 97871, 99, 467.44
2026/10/10 16:59:37.441, 0, 79475, 97871, 99, 449.07
2026/10/10 16:59:37.441, 1, 80638, 97871, 100, 466.37
2026/10/10 16:59:37.441, 2, 81381, 97871, 99, 472.42
2026/10/10 16:59:37.441, 3, 82400, 97871, 99, 465.20
2026/10/10 16:59:38.441, 0, 79475, 97871, 99, 449.65
2026/10/10 16:59:38.441, 1, 80638, 97871, 99, 464.58
2026/10/10 16:59:38.441, 2, 81381, 97871, 99, 471.55
2026/10/10 16:59:38.441, 3, 82400, 97871, 99, 468.07
2026/10/10 16:59:39.441, 0, 79475, 97871, 99, 451.03
2026/10/10 16:59:39.441, 1, 80638, 97871, 100, 463.90
2026/10/10 16:59:39.441, 2, 81381, 97871, 99, 473.76
2026/10/10 16:59:39.441, 3, 82400, 97871, 99, 477.34
2026/10/10 16:59:40.441, 0, 79475, 97871, 99, 451.49
2026/10/10 16:59:40.441, 1, 80638, 97871, 100, 463.12
2026/10/10 16:59:40.441, 2, 81381, 97871, 99, 478.03
2026/10/10 16:59:40.441, 3, 82400, 97871, 99, 476.06
2026/10/10 16:59:41.441, 0, 79475, 97871, 99, 451.89
2026/10/10 16:59:41.442, 1, 80638, 97871, 100, 466.32
2026/10/10 16:59:41.442, 2, 81381, 97871, 99, 480.92
2026/10/10 16:59:41.442, 3, 82400, 97871, 99, 476.14
2026/10/10 16:59:42.442, 0, 79475, 97871, 99, 448.54
2026/10/10 16:59:42.442, 1, 80638, 97871, 100, 471.76
2026/10/10 16:59:42.442, 2, 81381, 97871, 99, 474.01
2026/10/10 16:59:42.442, 3, 82400, 97871, 99, 466.51
2026/10/10 16:59:43.442, 0, 79475, 97871, 99, 448.41
2026/10/10 16:59:43.442, 1, 80638, 97871, 100, 468.18
2026/10/10 16:59:43.442, 2, 81381, 97871, 93, 475.12
2026/10/10 16:59:43.442, 3, 82400, 97871, 99, 469.04
2026/10/10 16:59:44.442, 0, 79475, 97871, 99, 449.61
2026/10/10 16:59:44.442, 1, 80638, 97871, 100, 472.66
2026/10/10 16:59:44.442, 2, 81381, 97871, 99, 475.40
2026/10/10 16:59:44.442, 3, 82400, 97871, 99, 464.78
2026/10/10 16:59:45.442, 0, 79475, 97871, 99, 450.45
2026/10/10 16:59:45.442, 1, 80638, 97871, 99, 476.27
2026/10/10 16:59:45.442, 2, 81381, 97871, 99, 470.90
2026/10/10 16:59:45.442, 3, 82400, 97871, 99, 463.82
2026/10/10 16:59:46.442, 0, 79475, 97871, 99, 451.55
2026/10/10 16:59:46.442, 1, 80638, 97871, 100, 466.09
2026/10/10 16:59:46.442, 2, 81381, 97871, 99, 474.15
2026/10/10 16:59:46.442, 3, 82400, 97871, 99, 465.76
2026/10/10 16:59:47.442, 0, 79475, 97871, 99, 462.71
2026/10/10 16:59:47.443, 1, 80638, 97871, 100, 468.95
2026/10/10 16:59:47.443, 2, 81381, 97871, 99, 468.64
2026/10/10 16:59:47.443, 3, 82400, 97871, 99, 467.77
2026/10/10 16:59:48.443, 0, 79475, 97871, 99, 455.54
2026/10/10 16:59:48.443, 1, 80638, 97871, 100, 460.92
2026/10/10 16:59:48.443, 2, 81381, 97871, 99, 473.81
2026/10/10 16:59:48.443, 3, 82400, 97871, 99, 468.31
2026/10/10 16:59:49.443, 0, 79475, 97871, 99, 456.50
2026/10/10 16:59:49.443, 1, 80638, 97871, 100, 464.59
2026/10/10 16:59:49.443, 2, 81381, 97871, 99, 474.89
2026/10/10 16:59:49.443, 3, 82400, 97871, 99, 467.50
2026/10/10 16:59:50.443, 0, 79475, 97871, 99, 457.87
2026/10/10 16:59:50.443, 1, 80638, 97871, 100, 466.83
2026/10/10 16:59:50.443, 2, 81381, 97871, 99, 470.79
2026/10/10 16:59:50.443, 3, 82400, 97871, 99, 468.08
2026/10/10 16:59:51.443, 0, 79475, 97871, 99, 457.94
2026/10/10 16:59:51.443, 1, 80638, 97871, 100, 468.81
2026/10/10 16:59:51.443, 2, 81381, 97871, 99, 474.60
2026/10/10 16:59:51.443, 3, 82400, 97871, 99, 469.08
2026/10/10 16:59:52.443, 0, 79475, 97871, 100, 457.93
2026/10/10 16:59:52.443, 1, 80638, 97871, 100, 468.43
2026/10/10 16:59:52.443, 2, 81381, 97871, 99, 475.08
2026/10/10 16:59:52.443, 3, 82400, 97871, 99, 467.70
2026/10/10 16:59:53.443, 0, 79475, 97871, 99, 450.43
2026/10/10 16:59:53.443, 1, 80638, 97871, 100, 466.71
2026/10/10 16:59:53.443, 2, 81381, 97871, 99, 473.37
2026/10/10 16:59:53.444, 3, 82400, 97871, 99, 465.71
2026/10/10 16:59:54.444, 0, 79475, 97871, 99, 450.81
2026/10/10 16:59:54.444, 1, 80638, 97871, 100, 468.21
2026/10/10 16:59:54.444, 2, 81381, 97871, 94, 471.29
2026/10/10 16:59:54.444, 3, 82400, 97871, 99, 468.76
2026/10/10 16:59:55.444, 0, 79475, 97871, 99, 451.45
2026/10/10 16:59:55.444, 1, 80637, 97871, 98, 468.72
2026/10/10 16:59:55.444, 2, 81381, 97871, 99, 474.27
2026/10/10 16:59:55.444, 3, 82400, 97871, 99, 467.80
2026/10/10 16:59:56.444, 0, 79475, 97871, 99, 449.69
2026/10/10 16:59:56.444, 1, 80637, 97871, 100, 463.29
2026/10/10 16:59:56.444, 2, 81380, 97871, 99, 473.45
2026/10/10 16:59:56.444, 3, 82399, 97871, 99, 473.36
2026/10/10 16:59:57.444, 0, 79475, 97871, 99, 450.14
2026/10/10 16:59:57.444, 1, 80637, 97871, 100, 465.41
2026/10/10 16:59:57.444, 2, 81380, 97871, 99, 473.86
2026/10/10 16:59:57.444, 3, 82399, 97871, 99, 467.27
2026/10/10 16:59:58.444, 0, 79475, 97871, 99, 448.07
2026/10/10 16:59:58.444, 1, 80637, 97871, 100, 466.50
2026/10/10 16:59:58.444, 2, 81380, 97871, 99, 471.80
2026/10/10 16:59:58.444, 3, 82399, 97871, 95, 466.40
2026/10/10 16:59:59.444, 0, 79475, 97871, 99, 449.48
2026/10/10 16:59:59.444, 1, 80637, 97871, 100, 467.66
2026/10/10 16:59:59.444, 2, 81380, 97871, 99, 473.60
2026/10/10 16:59:59.444, 3, 82399, 97871, 99, 477.40
2026/10/10 17:00:00.445, 0, 79475, 97871, 99, 450.06
2026/10/10 17:00:00.445, 1, 80637, 97871, 92, 467.54
2026/10/10 17:00:00.445, 2, 81380, 97871, 99, 472.77
2026/10/10 17:00:00.445, 3, 82399, 97871, 99, 477.09
2026/10/10 17:00:01.445, 0, 79475, 97871, 99, 448.48
2026/10/10 17:00:01.445, 1, 80637, 97871, 100, 469.04
2026/10/10 17:00:01.445, 2, 81380, 97871, 99, 481.26
2026/10/10 17:00:01.445, 3, 82399, 97871, 99, 478.12
2026/10/10 17:00:02.445, 0, 79475, 97871, 99, 449.36
2026/10/10 17:00:02.445, 1, 80637, 97871, 100, 462.90
2026/10/10 17:00:02.445, 2, 81380, 97871, 99, 488.56
2026/10/10 17:00:02.445, 3, 82399, 97871, 99, 472.00
2026/10/10 17:00:03.445, 0, 79475, 97871, 99, 450.51
2026/10/10 17:00:03.445, 1, 80637, 97871, 100, 463.23
2026/10/10 17:00:03.445, 2, 81380, 97871, 99, 472.72
2026/10/10 17:00:03.445, 3, 82399, 97871, 99, 468.17
2026/10/10 17:00:04.445, 0, 79475, 97871, 99, 450.67
2026/10/10 17:00:04.445, 1, 80637, 97871, 100, 484.77
2026/10/10 17:00:04.445, 2, 81380, 97871, 99, 474.50
2026/10/10 17:00:04.445, 3, 82399, 97871, 99, 469.32
2026/10/10 17:00:05.445, 0, 79475, 97871, 99, 453.25
2026/10/10 17:00:05.445, 1, 80637, 97871, 100, 471.34
2026/10/10 17:00:05.445, 2, 81380, 97871, 99, 474.83
2026/10/10 17:00:05.445, 3, 82399, 97871, 99, 470.10
2026/10/10 17:00:06.445, 0, 79475, 97871, 99, 453.95
2026/10/10 17:00:06.446, 1, 80637, 97871, 100, 471.08
2026/10/10 17:00:06.446, 2, 81380, 97871, 99, 476.16
2026/10/10 17:00:06.446, 3, 82399, 97871, 94, 466.73
2026/10/10 17:00:07.446, 0, 79475, 97871, 99, 448.11
2026/10/10 17:00:07.446, 1, 80637, 97871, 91, 470.08
2026/10/10 17:00:07.446, 2, 81380, 97871, 99, 468.52
2026/10/10 17:00:07.446, 3, 82399, 97871, 99, 467.98
2026/10/10 17:00:08.446, 0, 79475, 97871, 99, 449.75
2026/10/10 17:00:08.446, 1, 80637, 97871, 99, 467.98
2026/10/10 17:00:08.446, 2, 81380, 97871, 99, 473.55
2026/10/10 17:00:08.446, 3, 82399, 97871, 99, 468.35
2026/10/10 17:00:09.446, 0, 79475, 97871, 97, 447.66
2026/10/10 17:00:09.446, 1, 80637, 97871, 100, 468.94
2026/10/10 17:00:09.446, 2, 81380, 97871, 99, 476.54
2026/10/10 17:00:09.446, 3, 82399, 97871, 99, 475.38
2026/10/10 17:00:10.446, 0, 79475, 97871, 99, 449.57
2026/10/10 17:00:10.446, 1, 80637, 97871, 100, 463.52
2026/10/10 17:00:10.446, 2, 81380, 97871, 99, 477.09
2026/10/10 17:00:10.446, 3, 82399, 97871, 99, 471.83
2026/10/10 17:00:11.446, 0, 79475, 97871, 99, 449.91
2026/10/10 17:00:11.446, 1, 80637, 97871, 100, 465.88
2026/10/10 17:00:11.446, 2, 81380, 97871, 99, 477.05
2026/10/10 17:00:11.446, 3, 82399, 97871, 99, 469.21
2026/10/10 17:00:12.446, 0, 79475, 97871, 87, 447.94
2026/10/10 17:00:12.447, 1, 80637, 97871, 100, 466.07
2026/10/10 17:00:12.447, 2, 81380, 97871, 99, 474.25
2026/10/10 17:00:12.447, 3, 82399, 97871, 93, 466.84
2026/10/10 17:00:13.447, 0, 79475, 97871, 99, 448.20
2026/10/10 17:00:13.447, 1, 80637, 97871, 100, 473.65
2026/10/10 17:00:13.447, 2, 81380, 97871, 99, 474.21
2026/10/10 17:00:13.447, 3, 82399, 97871, 99, 476.31
2026/10/10 17:00:14.447, 0, 79475, 97871, 99, 449.29
2026/10/10 17:00:14.447, 1, 80637, 97871, 100, 470.39
2026/10/10 17:00:14.447, 2, 81380, 97871, 99, 482.80
2026/10/10 17:00:14.447, 3, 82399, 97871, 99, 475.14
2026/10/10 17:00:15.447, 0, 79475, 97871, 99, 450.53
2026/10/10 17:00:15.447, 1, 80637, 97871, 100, 464.61
2026/10/10 17:00:15.447, 2, 81380, 97871, 99, 480.29
2026/10/10 17:00:15.447, 3, 82399, 97871, 99, 472.81
2026/10/10 17:00:16.447, 0, 79475, 97871, 99, 451.10
2026/10/10 17:00:16.447, 1, 80637, 97871, 100, 463.08
2026/10/10 17:00:16.447, 2, 81380, 97871, 99, 479.69
2026/10/10 17:00:16.447, 3, 82399, 97871, 99, 477.08
2026/10/10 17:00:17.447, 0, 79475, 97871, 99, 451.21
2026/10/10 17:00:17.448, 1, 80637, 97871, 97, 476.91
2026/10/10 17:00:17.448, 2, 81380, 97871, 99, 481.48
2026/10/10 17:00:17.448, 3, 82399, 97871, 99, 471.58
2026/10/10 17:00:18.448, 0, 79475, 97871, 99, 451.88
2026/10/10 17:00:18.448, 1, 80637, 97871, 100, 463.41
2026/10/10 17:00:18.448, 2, 81380, 97871, 99, 475.56
2026/10/10 17:00:18.448, 3, 82399, 97871, 99, 475.25
2026/10/10 17:00:19.448, 0, 79475, 97871, 100, 447.10
2026/10/10 17:00:19.448, 1, 80637, 97871, 100, 471.56
2026/10/10 17:00:19.448, 2, 81380, 97871, 100, 479.56
2026/10/10 17:00:19.448, 3, 82399, 97871, 99, 473.06
2026/10/10 17:00:20.448, 0, 79475, 97871, 99, 449.14
2026/10/10 17:00:20.448, 1, 80637, 97871, 100, 467.32
2026/10/10 17:00:20.448, 2, 81380, 97871, 99, 476.49
2026/10/10 17:00:20.448, 3, 82399, 97871, 99, 472.14
2026/10/10 17:00:21.448, 0, 79475, 97871, 99, 450.32
2026/10/10 17:00:21.448, 1, 80637, 97871, 100, 472.75
2026/10/10 17:00:21.448, 2, 81380, 97871, 99, 478.13
2026/10/10 17:00:21.448, 3, 82399, 97871, 99, 472.29
2026/10/10 17:00:22.448, 0, 79475, 97871, 100, 446.70
2026/10/10 17:00:22.449, 1, 80637, 97871, 100, 469.21
2026/10/10 17:00:22.449, 2, 81382, 97871, 82, 471.42
2026/10/10 17:00:22.449, 3, 82399, 97871, 99, 466.11
2026/10/10 17:00:23.449, 0, 79475, 97871, 99, 450.54
2026/10/10 17:00:23.449, 1, 80637, 97871, 100, 474.51
2026/10/10 17:00:23.449, 2, 81382, 97871, 99, 469.13
2026/10/10 17:00:23.449, 3, 82399, 97871, 99, 468.28
2026/10/10 17:00:24.449, 0, 79475, 97871, 99, 451.15
2026/10/10 17:00:24.449, 1, 80637, 97871, 100, 470.69
2026/10/10 17:00:24.449, 2, 81382, 97871, 99, 474.48
2026/10/10 17:00:24.449, 3, 82399, 97871, 99, 469.13
2026/10/10 17:00:25.449, 0, 79475, 97871, 99, 451.34
2026/10/10 17:00:25.449, 1, 80637, 97871, 100, 469.20
2026/10/10 17:00:25.449, 2, 81382, 97871, 99, 475.79
2026/10/10 17:00:25.449, 3, 82399, 97871, 99, 470.48
2026/10/10 17:00:26.449, 0, 79475, 97871, 99, 452.80
2026/10/10 17:00:26.449, 1, 80637, 97871, 100, 463.46
2026/10/10 17:00:26.449, 2, 81382, 97871, 99, 476.42
2026/10/10 17:00:26.449, 3, 82399, 97871, 99, 465.28
2026/10/10 17:00:27.449, 0, 79475, 97871, 99, 451.34
2026/10/10 17:00:27.450, 1, 80637, 97871, 98, 459.30
2026/10/10 17:00:27.450, 2, 81382, 97871, 99, 473.43
2026/10/10 17:00:27.450, 3, 82399, 97871, 99, 468.78
2026/10/10 17:00:28.450, 0, 79475, 97871, 99, 449.40
2026/10/10 17:00:28.450, 1, 80637, 97871, 100, 466.54
2026/10/10 17:00:28.450, 2, 81382, 97871, 99, 474.80
2026/10/10 17:00:28.450, 3, 82399, 97871, 99, 469.05
2026/10/10 17:00:29.450, 0, 79475, 97871, 99, 450.19
2026/10/10 17:00:29.450, 1, 80637, 97871, 100, 467.78
2026/10/10 17:00:29.450, 2, 81382, 97871, 99, 470.92
2026/10/10 17:00:29.450, 3, 82399, 97871, 99, 479.47
2026/10/10 17:00:30.450, 0, 79475, 97871, 99, 450.56
2026/10/10 17:00:30.450, 1, 80637, 97871, 91, 466.78
2026/10/10 17:00:30.450, 2, 81382, 97871, 99, 494.83
2026/10/10 17:00:30.450, 3, 82399, 97871, 99, 475.78
2026/10/10 17:00:31.450, 0, 79475, 97871, 99, 451.13
2026/10/10 17:00:31.450, 1, 80637, 97871, 100, 464.15
2026/10/10 17:00:31.450, 2, 81382, 97871, 99, 478.71
2026/10/10 17:00:31.450, 3, 82399, 97871, 99, 468.44
2026/10/10 17:00:32.450, 0, 79475, 97871, 100, 454.68
2026/10/10 17:00:32.450, 1, 80637, 97871, 100, 466.57
2026/10/10 17:00:32.450, 2, 81382, 97871, 99, 476.56
2026/10/10 17:00:32.450, 3, 82399, 97871, 99, 468.42
2026/10/10 17:00:33.451, 0, 79475, 97871, 99, 452.76
2026/10/10 17:00:33.451, 1, 80637, 97871, 100, 460.55
2026/10/10 17:00:33.451, 2, 81382, 97871, 99, 474.92
2026/10/10 17:00:33.451, 3, 82399, 97871, 99, 470.58
2026/10/10 17:00:34.451, 0, 79475, 97871, 99, 447.76
2026/10/10 17:00:34.451, 1, 80637, 97871, 100, 477.21
2026/10/10 17:00:34.451, 2, 81382, 97871, 99, 475.08
2026/10/10 17:00:34.451, 3, 82399, 97871, 99, 470.08
2026/10/10 17:00:35.451, 0, 79475, 97871, 99, 449.64
2026/10/10 17:00:35.451, 1, 80637, 97871, 100, 474.52
2026/10/10 17:00:35.451, 2, 81382, 97871, 99, 474.35
2026/10/10 17:00:35.451, 3, 82399, 97871, 99, 473.59
2026/10/10 17:00:36.451, 0, 79475, 97871, 99, 449.05
2026/10/10 17:00:36.451, 1, 80637, 97871, 100, 461.77
2026/10/10 17:00:36.451, 2, 81382, 97871, 99, 480.46
2026/10/10 17:00:36.451, 3, 82399, 97871, 99, 470.31
2026/10/10 17:00:37.451, 0, 79475, 97871, 99, 449.83
2026/10/10 17:00:37.454, 1, 80637, 97871, 100, 467.44
2026/10/10 17:00:37.454, 2, 81382, 97871, 99, 475.23
2026/10/10 17:00:37.454, 3, 82399, 97871, 99, 469.92
2026/10/10 17:00:38.454, 0, 79475, 97871, 99, 448.82
2026/10/10 17:00:38.454, 1, 80637, 97871, 100, 467.18
2026/10/10 17:00:38.454, 2, 81382, 97871, 99, 475.34
2026/10/10 17:00:38.454, 3, 82399, 97871, 99, 471.00
2026/10/10 17:00:39.454, 0, 79475, 97871, 99, 450.43
2026/10/10 17:00:39.454, 1, 80637, 97871, 100, 464.49
2026/10/10 17:00:39.454, 2, 81382, 97871, 99, 473.76
2026/10/10 17:00:39.454, 3, 82399, 97871, 99, 466.42
2026/10/10 17:00:40.454, 0, 79475, 97871, 99, 450.76
2026/10/10 17:00:40.454, 1, 80637, 97871, 100, 471.49
2026/10/10 17:00:40.454, 2, 81382, 97871, 97, 476.90
2026/10/10 17:00:40.454, 3, 82399, 97871, 93, 469.57
2026/10/10 17:00:41.454, 0, 79475, 97871, 99, 448.41
2026/10/10 17:00:41.454, 1, 80637, 97871, 100, 468.85
2026/10/10 17:00:41.454, 2, 81382, 97871, 99, 470.32
2026/10/10 17:00:41.454, 3, 82399, 97871, 99, 478.51
2026/10/10 17:00:42.455, 0, 79475, 97871, 99, 450.19
2026/10/10 17:00:42.455, 1, 80637, 97871, 100, 467.77
2026/10/10 17:00:42.455, 2, 81382, 97871, 99, 482.33
2026/10/10 17:00:42.455, 3, 82399, 97871, 99, 477.32
2026/10/10 17:00:43.455, 0, 79475, 97871, 99, 449.88
2026/10/10 17:00:43.455, 1, 80637, 97871, 92, 468.42
2026/10/10 17:00:43.455, 2, 81382, 97871, 99, 478.65
2026/10/10 17:00:43.455, 3, 82399, 97871, 96, 472.06
2026/10/10 17:00:44.455, 0, 79475, 97871, 99, 446.41
2026/10/10 17:00:44.455, 1, 80637, 97871, 100, 468.66
2026/10/10 17:00:44.455, 2, 81382, 97871, 99, 474.47
2026/10/10 17:00:44.455, 3, 82399, 97871, 92, 468.60
2026/10/10 17:00:45.455, 0, 79475, 97871, 99, 449.64
2026/10/10 17:00:45.455, 1, 80637, 97871, 100, 464.72
2026/10/10 17:00:45.455, 2, 81382, 97871, 99, 470.27
2026/10/10 17:00:45.455, 3, 82399, 97871, 100, 482.79
2026/10/10 17:00:46.455, 0, 79475, 97871, 99, 450.41
2026/10/10 17:00:46.455, 1, 80637, 97871, 100, 473.91
2026/10/10 17:00:46.455, 2, 81382, 97871, 99, 481.02
2026/10/10 17:00:46.455, 3, 82399, 97871, 99, 474.28
2026/10/10 17:00:47.455, 0, 79475, 97871, 99, 451.13
2026/10/10 17:00:47.456, 1, 80637, 97871, 100, 472.68
2026/10/10 17:00:47.456, 2, 81382, 97871, 99, 476.77
2026/10/10 17:00:47.456, 3, 82399, 97871, 99, 471.70
2026/10/10 17:00:48.456, 0, 79475, 97871, 99, 455.89
2026/10/10 17:00:48.456, 1, 80637, 97871, 100, 470.75
2026/10/10 17:00:48.456, 2, 81382, 97871, 95, 474.92
2026/10/10 17:00:48.456, 3, 82399, 97871, 99, 469.96
2026/10/10 17:00:49.456, 0, 79475, 97871, 99, 454.20
2026/10/10 17:00:49.456, 1, 80637, 97871, 100, 466.47
2026/10/10 17:00:49.456, 2, 81382, 97871, 99, 474.08
2026/10/10 17:00:49.456, 3, 82399, 97871, 99, 468.76
2026/10/10 17:00:50.456, 0, 79475, 97871, 99, 454.06
2026/10/10 17:00:50.456, 1, 80637, 97871, 100, 465.32
2026/10/10 17:00:50.456, 2, 81382, 97871, 97, 473.59
2026/10/10 17:00:50.456, 3, 82399, 97871, 99, 466.72
2026/10/10 17:00:51.456, 0, 79475, 97871, 99, 454.23
2026/10/10 17:00:51.456, 1, 80637, 97871, 100, 474.61
2026/10/10 17:00:51.456, 2, 81382, 97871, 99, 472.28
2026/10/10 17:00:51.456, 3, 82399, 97871, 99, 476.80
2026/10/10 17:00:52.456, 0, 79475, 97871, 99, 452.70
2026/10/10 17:00:52.457, 1, 80637, 97871, 100, 469.98
2026/10/10 17:00:52.457, 2, 81382, 97871, 99, 477.38
2026/10/10 17:00:52.457, 3, 82399, 97871, 99, 469.33
2026/10/10 17:00:53.457, 0, 79475, 97871, 99, 452.03
2026/10/10 17:00:53.457, 1, 80637, 97871, 100, 466.72
2026/10/10 17:00:53.457, 2, 81382, 97871, 99, 476.82
2026/10/10 17:00:53.457, 3, 82399, 97871, 99, 474.14
2026/10/10 17:00:54.457, 0, 79475, 97871, 99, 459.37
2026/10/10 17:00:54.457, 1, 80637, 97871, 100, 465.36
2026/10/10 17:00:54.457, 2, 81382, 97871, 99, 479.04
2026/10/10 17:00:54.457, 3, 82399, 97871, 99, 472.33
2026/10/10 17:00:55.457, 0, 79475, 97871, 99, 453.62
2026/10/10 17:00:55.457, 1, 80637, 97871, 100, 461.27
2026/10/10 17:00:55.457, 2, 81382, 97871, 99, 472.93
2026/10/10 17:00:55.457, 3, 82399, 97871, 99, 471.52
2026/10/10 17:00:56.457, 0, 79475, 97871, 100, 446.83
2026/10/10 17:00:56.457, 1, 80637, 97871, 93, 464.12
2026/10/10 17:00:56.457, 2, 81382, 97871, 99, 475.57
2026/10/10 17:00:56.457, 3, 82399, 97871, 94, 466.25
2026/10/10 17:00:57.457, 0, 79475, 97871, 96, 449.51
2026/10/10 17:00:57.457, 1, 80637, 97871, 100, 470.88
2026/10/10 17:00:57.457, 2, 81382, 97871, 84, 470.14
2026/10/10 17:00:57.457, 3, 82399, 97871, 99, 453.39
2026/10/10 17:00:58.458, 0, 79475, 97871, 99, 449.76
2026/10/10 17:00:58.458, 1, 80637, 97871, 100, 471.05
2026/10/10 17:00:58.458, 2, 81382, 97871, 99, 469.17
2026/10/10 17:00:58.458, 3, 82399, 97871, 100, 516.11
2026/10/10 17:00:59.458, 0, 79475, 97871, 99, 450.93
2026/10/10 17:00:59.458, 1, 80637, 97871, 100, 471.83
2026/10/10 17:00:59.458, 2, 81382, 97871, 84, 486.70
2026/10/10 17:00:59.458, 3, 82399, 97871, 100, 503.97
2026/10/10 17:01:00.458, 0, 79475, 97871, 99, 451.86
2026/10/10 17:01:00.458, 1, 80637, 97871, 100, 463.06
2026/10/10 17:01:00.458, 2, 81382, 97871, 100, 466.58
2026/10/10 17:01:00.458, 3, 82399, 97871, 99, 483.70
2026/10/10 17:01:01.458, 0, 79475, 97871, 99, 452.39
2026/10/10 17:01:01.458, 1, 80637, 97871, 100, 466.57
2026/10/10 17:01:01.458, 2, 81382, 97871, 99, 491.52
2026/10/10 17:01:01.458, 3, 82399, 97871, 100, 505.07
2026/10/10 17:01:02.458, 0, 79475, 97871, 100, 448.63
2026/10/10 17:01:02.458, 1, 80637, 97871, 100, 461.14
2026/10/10 17:01:02.458, 2, 81382, 97871, 100, 537.27
2026/10/10 17:01:02.458, 3, 82399, 97871, 100, 532.93
2026/10/10 17:01:03.458, 0, 79475, 97871, 100, 448.09
2026/10/10 17:01:03.458, 1, 80637, 97871, 92, 459.91
2026/10/10 17:01:03.458, 2, 81382, 97871, 100, 525.52
2026/10/10 17:01:03.458, 3, 82399, 97871, 100, 541.42
2026/10/10 17:01:04.459, 0, 79475, 97871, 99, 449.67
2026/10/10 17:01:04.459, 1, 80637, 97871, 100, 437.53
2026/10/10 17:01:04.459, 2, 81382, 97871, 80, 533.19
2026/10/10 17:01:04.459, 3, 82399, 97871, 100, 536.67
2026/10/10 17:01:05.459, 0, 79475, 97871, 99, 450.57
2026/10/10 17:01:05.459, 1, 80637, 97871, 100, 330.80
2026/10/10 17:01:05.459, 2, 81382, 97871, 100, 530.38
2026/10/10 17:01:05.459, 3, 82399, 97871, 100, 542.53
2026/10/10 17:01:06.459, 0, 79475, 97871, 99, 447.97
2026/10/10 17:01:06.459, 1, 80637, 97871, 43, 283.06
2026/10/10 17:01:06.459, 2, 81382, 97871, 100, 530.00
2026/10/10 17:01:06.459, 3, 82399, 97871, 100, 533.85
2026/10/10 17:01:07.459, 0, 79475, 97871, 100, 449.55
2026/10/10 17:01:07.459, 1, 80637, 97871, 44, 283.42
2026/10/10 17:01:07.459, 2, 81382, 97871, 100, 532.53
2026/10/10 17:01:07.459, 3, 82399, 97871, 100, 538.32
2026/10/10 17:01:08.459, 0, 79475, 97871, 99, 446.73
2026/10/10 17:01:08.459, 1, 80637, 97871, 100, 342.43
2026/10/10 17:01:08.459, 2, 81382, 97871, 97, 525.64
2026/10/10 17:01:08.459, 3, 82399, 97871, 100, 532.19
2026/10/10 17:01:09.459, 0, 79475, 97871, 100, 449.70
2026/10/10 17:01:09.460, 1, 80637, 97871, 99, 494.45
2026/10/10 17:01:09.460, 2, 81382, 97871, 95, 526.83
2026/10/10 17:01:09.460, 3, 82399, 97871, 100, 530.17
2026/10/10 17:01:10.460, 0, 79475, 97871, 99, 450.18
2026/10/10 17:01:10.460, 1, 80637, 97871, 100, 518.25
2026/10/10 17:01:10.460, 2, 81382, 97871, 100, 534.34
2026/10/10 17:01:10.460, 3, 82399, 97871, 100, 531.67
2026/10/10 17:01:11.460, 0, 79475, 97871, 99, 450.98
2026/10/10 17:01:11.460, 1, 80637, 97871, 100, 520.82
2026/10/10 17:01:11.460, 2, 81382, 97871, 100, 524.96
2026/10/10 17:01:11.460, 3, 82399, 97871, 100, 532.62
2026/10/10 17:01:12.460, 0, 79475, 97871, 99, 451.11
2026/10/10 17:01:12.460, 1, 80637, 97871, 100, 517.52
2026/10/10 17:01:12.460, 2, 81382, 97871, 100, 525.40
2026/10/10 17:01:12.460, 3, 82399, 97871, 100, 538.86
2026/10/10 17:01:13.460, 0, 79475, 97871, 99, 452.17
2026/10/10 17:01:13.460, 1, 80637, 97871, 100, 521.48
2026/10/10 17:01:13.460, 2, 81382, 97871, 100, 528.26
2026/10/10 17:01:13.460, 3, 82399, 97871, 100, 537.55
2026/10/10 17:01:14.460, 0, 79475, 97871, 99, 448.58
2026/10/10 17:01:14.460, 1, 80637, 97871, 100, 525.27
2026/10/10 17:01:14.461, 2, 81382, 97871, 99, 533.51
2026/10/10 17:01:14.461, 3, 82399, 97871, 100, 537.97
2026/10/10 17:01:15.461, 0, 79475, 97871, 99, 449.73
2026/10/10 17:01:15.461, 1, 80637, 97871, 100, 521.68
2026/10/10 17:01:15.461, 2, 81382, 97871, 100, 526.72
2026/10/10 17:01:15.461, 3, 82399, 97871, 100, 536.88
2026/10/10 17:01:16.461, 0, 79475, 97871, 99, 449.48
2026/10/10 17:01:16.461, 1, 80637, 97871, 100, 517.46
2026/10/10 17:01:16.461, 2, 81382, 97871, 100, 530.87
2026/10/10 17:01:16.461, 3, 82399, 97871, 100, 537.95
2026/10/10 17:01:17.461, 0, 79475, 97871, 99, 451.23
2026/10/10 17:01:17.461, 1, 80637, 97871, 100, 519.01
2026/10/10 17:01:17.461, 2, 81382, 97871, 95, 530.84
2026/10/10 17:01:17.461, 3, 82399, 97871, 100, 536.35
2026/10/10 17:01:18.461, 0, 79475, 97871, 99, 451.27
2026/10/10 17:01:18.461, 1, 80637, 97871, 100, 517.84
2026/10/10 17:01:18.461, 2, 81382, 97871, 100, 531.31
2026/10/10 17:01:18.461, 3, 82399, 97871, 100, 535.80
2026/10/10 17:01:19.462, 0, 79475, 97871, 99, 446.51
2026/10/10 17:01:19.462, 1, 80637, 97871, 85, 512.56
2026/10/10 17:01:19.462, 2, 81382, 97871, 100, 535.57
2026/10/10 17:01:19.462, 3, 82399, 97871, 100, 537.34
2026/10/10 17:01:20.462, 0, 79475, 97871, 99, 448.20
2026/10/10 17:01:20.462, 1, 80637, 97871, 100, 522.77
2026/10/10 17:01:20.462, 2, 81382, 97871, 100, 524.46
2026/10/10 17:01:20.462, 3, 82399, 97871, 100, 539.31
2026/10/10 17:01:21.462, 0, 79475, 97871, 99, 446.52
2026/10/10 17:01:21.462, 1, 80637, 97871, 100, 526.52
2026/10/10 17:01:21.462, 2, 81382, 97871, 100, 529.62
2026/10/10 17:01:21.462, 3, 82399, 97871, 100, 516.89
2026/10/10 17:01:22.462, 0, 79475, 97871, 99, 447.72
2026/10/10 17:01:22.462, 1, 80637, 97871, 100, 527.59
2026/10/10 17:01:22.462, 2, 81382, 97871, 99, 436.38
2026/10/10 17:01:22.462, 3, 82399, 97871, 99, 476.41
2026/10/10 17:01:23.462, 0, 79475, 97871, 99, 449.70
2026/10/10 17:01:23.462, 1, 80637, 97871, 100, 519.99
2026/10/10 17:01:23.462, 2, 81382, 97871, 99, 478.24
2026/10/10 17:01:23.462, 3, 82399, 97871, 100, 511.01
2026/10/10 17:01:24.462, 0, 79475, 97871, 99, 447.51
2026/10/10 17:01:24.462, 1, 80637, 97871, 100, 524.94
2026/10/10 17:01:24.462, 2, 81382, 97871, 100, 492.12
2026/10/10 17:01:24.462, 3, 82399, 97871, 100, 525.03
2026/10/10 17:01:25.462, 0, 79475, 97871, 99, 449.39
2026/10/10 17:01:25.463, 1, 80637, 97871, 100, 523.14
2026/10/10 17:01:25.463, 2, 81382, 97871, 100, 501.73
2026/10/10 17:01:25.463, 3, 82399, 97871, 100, 528.32
2026/10/10 17:01:26.463, 0, 79475, 97871, 100, 449.85
2026/10/10 17:01:26.463, 1, 80637, 97871, 100, 524.43
2026/10/10 17:01:26.463, 2, 81382, 97871, 100, 509.72
2026/10/10 17:01:26.463, 3, 82399, 97871, 100, 535.99
2026/10/10 17:01:27.463, 0, 79475, 97871, 100, 450.03
2026/10/10 17:01:27.463, 1, 80637, 97871, 100, 521.60
2026/10/10 17:01:27.463, 2, 81382, 97871, 51, 426.32
2026/10/10 17:01:27.463, 3, 82399, 97871, 68, 503.73
2026/10/10 17:01:28.463, 0, 79475, 97871, 87, 447.39
2026/10/10 17:01:28.463, 1, 80637, 97871, 100, 529.50
2026/10/10 17:01:28.463, 2, 81382, 97871, 100, 377.92
2026/10/10 17:01:28.463, 3, 82399, 97871, 100, 530.95
2026/10/10 17:01:29.463, 0, 79475, 97871, 99, 449.04
2026/10/10 17:01:29.463, 1, 80637, 97871, 100, 521.42
2026/10/10 17:01:29.463, 2, 81382, 97871, 100, 508.65
2026/10/10 17:01:29.463, 3, 82399, 97871, 100, 522.30
2026/10/10 17:01:30.463, 0, 79475, 97871, 99, 450.02
2026/10/10 17:01:30.463, 1, 80637, 97871, 100, 444.43
2026/10/10 17:01:30.463, 2, 81382, 97871, 100, 518.07
2026/10/10 17:01:30.463, 3, 82399, 97871, 100, 522.21
2026/10/10 17:01:31.463, 0, 79475, 97871, 99, 450.61
2026/10/10 17:01:31.463, 1, 80637, 97871, 100, 470.14
2026/10/10 17:01:31.463, 2, 81382, 97871, 100, 512.61
2026/10/10 17:01:31.464, 3, 82399, 97871, 100, 522.23
2026/10/10 17:01:32.464, 0, 79475, 97871, 99, 450.83
2026/10/10 17:01:32.464, 1, 80637, 97871, 100, 501.96
2026/10/10 17:01:32.464, 2, 81382, 97871, 100, 513.72
2026/10/10 17:01:32.464, 3, 82399, 97871, 100, 522.59
2026/10/10 17:01:33.464, 0, 79475, 97871, 99, 451.71
2026/10/10 17:01:33.464, 1, 80637, 97871, 97, 506.70
2026/10/10 17:01:33.464, 2, 81382, 97871, 100, 519.71
2026/10/10 17:01:33.464, 3, 82399, 97871, 100, 523.88
2026/10/10 17:01:34.464, 0, 79475, 97871, 99, 447.32
2026/10/10 17:01:34.464, 1, 80637, 97871, 83, 498.37
2026/10/10 17:01:34.464, 2, 81382, 97871, 100, 514.42
2026/10/10 17:01:34.464, 3, 82399, 97871, 100, 521.66
2026/10/10 17:01:35.464, 0, 79475, 97871, 91, 453.23
2026/10/10 17:01:35.464, 1, 80637, 97871, 59, 417.47
2026/10/10 17:01:35.464, 2, 81382, 97871, 100, 519.69
2026/10/10 17:01:35.464, 3, 82399, 97871, 100, 519.34
2026/10/10 17:01:36.464, 0, 79475, 97871, 99, 445.75
2026/10/10 17:01:36.464, 1, 80637, 97871, 100, 465.84
2026/10/10 17:01:36.464, 2, 81382, 97871, 100, 517.09
2026/10/10 17:01:36.465, 3, 82399, 97871, 100, 524.72
2026/10/10 17:01:37.465, 0, 79475, 97871, 99, 447.99
2026/10/10 17:01:37.465, 1, 80637, 97871, 100, 520.33
2026/10/10 17:01:37.465, 2, 81382, 97871, 91, 506.20
2026/10/10 17:01:37.465, 3, 82399, 97871, 100, 529.94
2026/10/10 17:01:38.465, 0, 79475, 97871, 99, 449.91
2026/10/10 17:01:38.465, 1, 80637, 97871, 100, 525.26
2026/10/10 17:01:38.465, 2, 81382, 97871, 93, 501.09
2026/10/10 17:01:38.465, 3, 82399, 97871, 100, 505.86
2026/10/10 17:01:39.465, 0, 79475, 97871, 99, 450.11
2026/10/10 17:01:39.465, 1, 80637, 97871, 100, 528.93
2026/10/10 17:01:39.465, 2, 81382, 97871, 99, 491.68
2026/10/10 17:01:39.465, 3, 82399, 97871, 100, 530.89
2026/10/10 17:01:40.465, 0, 79475, 97871, 99, 451.42
2026/10/10 17:01:40.465, 1, 80637, 97871, 100, 523.06
2026/10/10 17:01:40.465, 2, 81382, 97871, 100, 515.42
2026/10/10 17:01:40.465, 3, 82399, 97871, 100, 520.18
2026/10/10 17:01:41.465, 0, 79475, 97871, 90, 449.28
2026/10/10 17:01:41.466, 1, 80637, 97871, 100, 526.91
2026/10/10 17:01:41.466, 2, 81382, 97871, 100, 513.74
2026/10/10 17:01:41.466, 3, 82399, 97871, 100, 523.50
2026/10/10 17:01:42.466, 0, 79475, 97871, 88, 459.78
2026/10/10 17:01:42.466, 1, 80637, 97871, 100, 522.61
2026/10/10 17:01:42.466, 2, 81382, 97871, 100, 510.52
2026/10/10 17:01:42.466, 3, 82399, 97871, 100, 526.16
2026/10/10 17:01:43.466, 0, 79475, 97871, 99, 450.70
2026/10/10 17:01:43.466, 1, 80637, 97871, 100, 525.74
2026/10/10 17:01:43.466, 2, 81382, 97871, 100, 515.67
2026/10/10 17:01:43.466, 3, 82399, 97871, 100, 536.05
2026/10/10 17:01:44.466, 0, 79475, 97871, 99, 456.23
2026/10/10 17:01:44.466, 1, 80637, 97871, 72, 513.91
2026/10/10 17:01:44.466, 2, 81382, 97871, 100, 509.80
2026/10/10 17:01:44.466, 3, 82399, 97871, 100, 501.44
2026/10/10 17:01:45.466, 0, 79475, 97871, 99, 456.64
2026/10/10 17:01:45.466, 1, 80637, 97871, 73, 492.90
2026/10/10 17:01:45.466, 2, 81382, 97871, 99, 434.26
2026/10/10 17:01:45.466, 3, 82399, 97871, 100, 530.78
2026/10/10 17:01:46.467, 0, 79475, 97871, 100, 457.32
2026/10/10 17:01:46.467, 1, 80637, 97871, 53, 384.90
2026/10/10 17:01:46.467, 2, 81382, 97871, 100, 521.89
2026/10/10 17:01:46.467, 3, 82399, 97871, 100, 520.59
2026/10/10 17:01:47.467, 0, 79475, 97871, 99, 459.84
2026/10/10 17:01:47.467, 1, 80637, 97871, 100, 389.69
2026/10/10 17:01:47.467, 2, 81382, 97871, 100, 513.79
2026/10/10 17:01:47.467, 3, 82399, 97871, 100, 516.18
2026/10/10 17:01:48.467, 0, 79475, 97871, 100, 452.04
2026/10/10 17:01:48.467, 1, 80637, 97871, 100, 499.66
2026/10/10 17:01:48.467, 2, 81382, 97871, 100, 512.68
2026/10/10 17:01:48.467, 3, 82399, 97871, 100, 519.09
2026/10/10 17:01:49.467, 0, 79475, 97871, 99, 453.45
2026/10/10 17:01:49.467, 1, 80637, 97871, 100, 532.04
2026/10/10 17:01:49.467, 2, 81382, 97871, 100, 511.23
2026/10/10 17:01:49.467, 3, 82399, 97871, 100, 519.58
2026/10/10 17:01:50.468, 0, 79475, 97871, 99, 453.97
2026/10/10 17:01:50.468, 1, 80637, 97871, 90, 526.10
2026/10/10 17:01:50.468, 2, 81382, 97871, 99, 514.47
2026/10/10 17:01:50.468, 3, 82399, 97871, 100, 520.97
2026/10/10 17:01:51.468, 0, 79475, 97871, 99, 449.27
2026/10/10 17:01:51.468, 1, 80637, 97871, 81, 505.71
2026/10/10 17:01:51.468, 2, 81382, 97871, 100, 511.73
2026/10/10 17:01:51.468, 3, 82399, 97871, 100, 519.57
2026/10/10 17:01:52.468, 0, 79475, 97871, 99, 449.43
2026/10/10 17:01:52.468, 1, 80637, 97871, 100, 467.82
2026/10/10 17:01:52.468, 2, 81382, 97871, 100, 517.43
2026/10/10 17:01:52.468, 3, 82399, 97871, 100, 517.97
2026/10/10 17:01:53.468, 0, 79475, 97871, 99, 451.42
2026/10/10 17:01:53.468, 1, 80637, 97871, 100, 464.38
2026/10/10 17:01:53.468, 2, 81382, 97871, 100, 509.56
2026/10/10 17:01:53.468, 3, 82399, 97871, 100, 515.06
2026/10/10 17:01:54.468, 0, 79475, 97871, 99, 451.28
2026/10/10 17:01:54.468, 1, 80637, 97871, 100, 527.66
2026/10/10 17:01:54.468, 2, 81382, 97871, 100, 513.11
2026/10/10 17:01:54.468, 3, 82399, 97871, 100, 514.92
2026/10/10 17:01:55.469, 0, 79475, 97871, 99, 451.58
2026/10/10 17:01:55.469, 1, 80637, 97871, 100, 529.19
2026/10/10 17:01:55.469, 2, 81382, 97871, 100, 514.90
2026/10/10 17:01:55.469, 3, 82399, 97871, 100, 519.48
2026/10/10 17:01:56.469, 0, 79474, 97871, 99, 448.58
2026/10/10 17:01:56.469, 1, 80637, 97871, 100, 529.51
2026/10/10 17:01:56.469, 2, 81382, 97871, 100, 512.98
2026/10/10 17:01:56.469, 3, 82399, 97871, 100, 518.46
2026/10/10 17:01:57.469, 0, 79474, 97871, 99, 449.57
2026/10/10 17:01:57.469, 1, 80637, 97871, 100, 524.72
2026/10/10 17:01:57.469, 2, 81382, 97871, 100, 511.78
2026/10/10 17:01:57.469, 3, 82399, 97871, 100, 518.92
2026/10/10 17:01:58.469, 0, 79474, 97871, 99, 446.57
2026/10/10 17:01:58.469, 1, 80637, 97871, 100, 529.86
2026/10/10 17:01:58.469, 2, 81382, 97871, 100, 513.18
2026/10/10 17:01:58.469, 3, 82399, 97871, 100, 520.24
2026/10/10 17:01:59.470, 0, 79474, 97871, 99, 449.72
2026/10/10 17:01:59.470, 1, 80637, 97871, 100, 531.26
2026/10/10 17:01:59.470, 2, 81382, 97871, 100, 511.29
2026/10/10 17:01:59.470, 3, 82399, 97871, 100, 517.94
2026/10/10 17:02:00.470, 0, 79474, 97871, 99, 450.79
2026/10/10 17:02:00.470, 1, 80637, 97871, 100, 532.57
2026/10/10 17:02:00.470, 2, 81382, 97871, 100, 514.34
2026/10/10 17:02:00.470, 3, 82399, 97871, 100, 526.57
2026/10/10 17:02:01.470, 0, 79474, 97871, 99, 449.29
2026/10/10 17:02:01.470, 1, 80637, 97871, 100, 530.75
2026/10/10 17:02:01.470, 2, 81382, 97871, 100, 499.55
2026/10/10 17:02:01.470, 3, 82399, 97871, 100, 515.86
2026/10/10 17:02:02.470, 0, 79474, 97871, 99, 449.91
2026/10/10 17:02:02.470, 1, 80636, 97871, 100, 533.18
2026/10/10 17:02:02.470, 2, 81382, 97871, 77, 433.27
2026/10/10 17:02:02.470, 3, 82399, 97871, 100, 485.75
2026/10/10 17:02:03.470, 0, 79474, 97871, 99, 450.52
2026/10/10 17:02:03.471, 1, 80636, 97871, 100, 532.15
2026/10/10 17:02:03.471, 2, 81382, 97871, 100, 540.48
2026/10/10 17:02:03.471, 3, 82399, 97871, 100, 542.58
2026/10/10 17:02:04.471, 0, 79474, 97871, 99, 453.82
2026/10/10 17:02:04.471, 1, 80636, 97871, 100, 531.39
2026/10/10 17:02:04.471, 2, 81382, 97871, 100, 534.39
2026/10/10 17:02:04.471, 3, 82399, 97871, 100, 529.19
2026/10/10 17:02:05.471, 0, 79474, 97871, 100, 452.61
2026/10/10 17:02:05.471, 1, 80636, 97871, 100, 530.30
2026/10/10 17:02:05.471, 2, 81382, 97871, 100, 510.44
2026/10/10 17:02:05.471, 3, 82399, 97871, 100, 516.71
2026/10/10 17:02:06.471, 0, 79474, 97871, 99, 451.61
2026/10/10 17:02:06.471, 1, 80636, 97871, 100, 529.22
2026/10/10 17:02:06.471, 2, 81382, 97871, 100, 507.93
2026/10/10 17:02:06.471, 3, 82399, 97871, 100, 510.40
2026/10/10 17:02:07.471, 0, 79474, 97871, 99, 454.20
2026/10/10 17:02:07.471, 1, 80636, 97871, 100, 524.87
2026/10/10 17:02:07.471, 2, 81382, 97871, 100, 511.49
2026/10/10 17:02:07.471, 3, 82399, 97871, 100, 517.34
2026/10/10 17:02:08.472, 0, 79474, 97871, 99, 453.55
2026/10/10 17:02:08.472, 1, 80636, 97871, 100, 516.79
2026/10/10 17:02:08.472, 2, 81382, 97871, 100, 510.52
2026/10/10 17:02:08.472, 3, 82399, 97871, 100, 514.01
2026/10/10 17:02:09.472, 0, 79474, 97871, 99, 448.61
2026/10/10 17:02:09.472, 1, 80636, 97871, 57, 438.84
2026/10/10 17:02:09.472, 2, 81382, 97871, 88, 507.97
2026/10/10 17:02:09.472, 3, 82398, 97871, 100, 524.60
2026/10/10 17:02:10.472, 0, 79474, 97871, 99, 447.37
2026/10/10 17:02:10.472, 1, 80636, 97871, 100, 463.22
2026/10/10 17:02:10.472, 2, 81382, 97871, 100, 512.32
2026/10/10 17:02:10.472, 3, 82398, 97871, 100, 530.83
2026/10/10 17:02:11.472, 0, 79474, 97871, 99, 449.65
2026/10/10 17:02:11.472, 1, 80636, 97871, 100, 544.09
2026/10/10 17:02:11.472, 2, 81382, 97871, 100, 504.95
2026/10/10 17:02:11.472, 3, 82398, 97871, 99, 482.04
2026/10/10 17:02:12.473, 0, 79474, 97871, 100, 450.10
2026/10/10 17:02:12.473, 1, 80636, 97871, 100, 539.88
2026/10/10 17:02:12.473, 2, 81382, 97871, 100, 532.43
2026/10/10 17:02:12.473, 3, 82398, 97871, 100, 539.19
2026/10/10 17:02:13.473, 0, 79474, 97871, 91, 449.71
2026/10/10 17:02:13.473, 1, 80636, 97871, 100, 530.46
2026/10/10 17:02:13.473, 2, 81382, 97871, 100, 524.81
2026/10/10 17:02:13.473, 3, 82398, 97871, 100, 537.14
2026/10/10 17:02:14.473, 0, 79474, 97871, 99, 450.59
2026/10/10 17:02:14.473, 1, 80636, 97871, 100, 530.26
2026/10/10 17:02:14.473, 2, 81382, 97871, 100, 514.56
2026/10/10 17:02:14.473, 3, 82398, 97871, 100, 520.07
2026/10/10 17:02:15.473, 0, 79474, 97871, 99, 450.70
2026/10/10 17:02:15.473, 1, 80636, 97871, 100, 525.87
2026/10/10 17:02:15.473, 2, 81382, 97871, 100, 508.87
2026/10/10 17:02:15.473, 3, 82398, 97871, 100, 522.61
2026/10/10 17:02:16.473, 0, 79474, 97871, 99, 459.85
2026/10/10 17:02:16.473, 1, 80636, 97871, 100, 524.33
2026/10/10 17:02:16.474, 2, 81382, 97871, 100, 512.18
2026/10/10 17:02:16.474, 3, 82398, 97871, 100, 520.18
2026/10/10 17:02:17.474, 0, 79474, 97871, 99, 457.52
2026/10/10 17:02:17.474, 1, 80636, 97871, 100, 497.90
2026/10/10 17:02:17.474, 2, 81382, 97871, 100, 513.74
2026/10/10 17:02:17.474, 3, 82398, 97871, 100, 520.40
2026/10/10 17:02:18.474, 0, 79474, 97871, 99, 458.04
2026/10/10 17:02:18.474, 1, 80636, 97871, 100, 459.10
2026/10/10 17:02:18.474, 2, 81382, 97871, 100, 515.59
2026/10/10 17:02:18.474, 3, 82398, 97871, 100, 524.28
2026/10/10 17:02:19.474, 0, 79474, 97871, 99, 457.93
2026/10/10 17:02:19.474, 1, 80636, 97871, 100, 545.44
2026/10/10 17:02:19.474, 2, 81382, 97871, 100, 512.94
2026/10/10 17:02:19.474, 3, 82398, 97871, 100, 522.32
2026/10/10 17:02:20.474, 0, 79474, 97871, 99, 457.71
2026/10/10 17:02:20.474, 1, 80636, 97871, 100, 540.96
2026/10/10 17:02:20.474, 2, 81382, 97871, 100, 516.80
2026/10/10 17:02:20.474, 3, 82398, 97871, 100, 519.88
2026/10/10 17:02:21.475, 0, 79474, 97871, 99, 452.24
2026/10/10 17:02:21.475, 1, 80636, 97871, 100, 534.44
2026/10/10 17:02:21.475, 2, 81382, 97871, 100, 516.34
2026/10/10 17:02:21.475, 3, 82398, 97871, 100, 523.51
2026/10/10 17:02:22.475, 0, 79474, 97871, 99, 450.21
2026/10/10 17:02:22.475, 1, 80636, 97871, 100, 531.67
2026/10/10 17:02:22.475, 2, 81382, 97871, 100, 514.79
2026/10/10 17:02:22.475, 3, 82398, 97871, 100, 524.76
2026/10/10 17:02:23.475, 0, 79474, 97871, 99, 450.53
2026/10/10 17:02:23.475, 1, 80636, 97871, 100, 531.79
2026/10/10 17:02:23.475, 2, 81382, 97871, 100, 513.88
2026/10/10 17:02:23.475, 3, 82398, 97871, 100, 522.35
2026/10/10 17:02:24.475, 0, 79474, 97871, 99, 455.36
2026/10/10 17:02:24.475, 1, 80636, 97871, 100, 533.87
2026/10/10 17:02:24.475, 2, 81382, 97871, 100, 513.04
2026/10/10 17:02:24.475, 3, 82398, 97871, 100, 522.49
2026/10/10 17:02:25.475, 0, 79474, 97871, 99, 452.90
2026/10/10 17:02:25.476, 1, 80636, 97871, 100, 536.41
2026/10/10 17:02:25.476, 2, 81382, 97871, 100, 514.78
2026/10/10 17:02:25.476, 3, 82398, 97871, 100, 522.01
2026/10/10 17:02:26.476, 0, 79474, 97871, 100, 450.92
2026/10/10 17:02:26.476, 1, 80636, 97871, 100, 533.44
2026/10/10 17:02:26.476, 2, 81382, 97871, 100, 517.15
2026/10/10 17:02:26.476, 3, 82398, 97871, 100, 522.89
2026/10/10 17:02:27.476, 0, 79474, 97871, 99, 451.60
2026/10/10 17:02:27.476, 1, 80636, 97871, 100, 531.94
2026/10/10 17:02:27.476, 2, 81382, 97871, 100, 517.60
2026/10/10 17:02:27.476, 3, 82398, 97871, 100, 526.52
2026/10/10 17:02:28.476, 0, 79474, 97871, 99, 457.47
2026/10/10 17:02:28.476, 1, 80636, 97871, 100, 534.13
2026/10/10 17:02:28.476, 2, 81382, 97871, 100, 515.76
2026/10/10 17:02:28.476, 3, 82398, 97871, 100, 524.38
2026/10/10 17:02:29.476, 0, 79474, 97871, 99, 453.71
2026/10/10 17:02:29.477, 1, 80636, 97871, 100, 530.46
2026/10/10 17:02:29.477, 2, 81382, 97871, 100, 509.47
2026/10/10 17:02:29.477, 3, 82398, 97871, 100, 520.82
2026/10/10 17:02:30.477, 0, 79474, 97871, 99, 453.83
2026/10/10 17:02:30.477, 1, 80636, 97871, 100, 531.07
2026/10/10 17:02:30.477, 2, 81382, 97871, 100, 512.76
2026/10/10 17:02:30.477, 3, 82398, 97871, 100, 523.93
2026/10/10 17:02:31.477, 0, 79474, 97871, 99, 453.73
2026/10/10 17:02:31.477, 1, 80636, 97871, 100, 532.44
2026/10/10 17:02:31.477, 2, 81382, 97871, 100, 511.91
2026/10/10 17:02:31.477, 3, 82398, 97871, 100, 523.06
2026/10/10 17:02:32.477, 0, 79474, 97871, 99, 454.22
2026/10/10 17:02:32.477, 1, 80636, 97871, 100, 537.99
2026/10/10 17:02:32.477, 2, 81382, 97871, 100, 517.10
2026/10/10 17:02:32.477, 3, 82398, 97871, 100, 526.76
2026/10/10 17:02:33.477, 0, 79474, 97871, 99, 453.18
2026/10/10 17:02:33.477, 1, 80636, 97871, 100, 529.89
2026/10/10 17:02:33.477, 2, 81382, 97871, 100, 513.42
2026/10/10 17:02:33.478, 3, 82398, 97871, 100, 520.92
2026/10/10 17:02:34.478, 0, 79474, 97871, 99, 451.92
2026/10/10 17:02:34.478, 1, 80636, 97871, 100, 536.44
2026/10/10 17:02:34.478, 2, 81382, 97871, 100, 512.58
2026/10/10 17:02:34.478, 3, 82398, 97871, 100, 525.82
2026/10/10 17:02:35.478, 0, 79474, 97871, 99, 447.65
2026/10/10 17:02:35.478, 1, 80636, 97871, 100, 534.48
2026/10/10 17:02:35.478, 2, 81382, 97871, 100, 513.04
2026/10/10 17:02:35.478, 3, 82398, 97871, 100, 525.65
2026/10/10 17:02:36.478, 0, 79474, 97871, 99, 449.84
2026/10/10 17:02:36.478, 1, 80636, 97871, 100, 531.61
2026/10/10 17:02:36.478, 2, 81382, 97871, 100, 511.43
2026/10/10 17:02:36.478, 3, 82398, 97871, 100, 520.59
2026/10/10 17:02:37.478, 0, 79474, 97871, 99, 447.79
2026/10/10 17:02:37.478, 1, 80636, 97871, 100, 532.74
2026/10/10 17:02:37.478, 2, 81382, 97871, 100, 516.93
2026/10/10 17:02:37.478, 3, 82398, 97871, 100, 517.52
2026/10/10 17:02:38.478, 0, 79474, 97871, 99, 450.47
2026/10/10 17:02:38.478, 1, 80636, 97871, 100, 536.14
2026/10/10 17:02:38.478, 2, 81382, 97871, 100, 512.02
2026/10/10 17:02:38.478, 3, 82398, 97871, 100, 518.35
2026/10/10 17:02:39.478, 0, 79474, 97871, 91, 449.25
2026/10/10 17:02:39.479, 1, 80636, 97871, 100, 536.29
2026/10/10 17:02:39.479, 2, 81382, 97871, 60, 487.70
2026/10/10 17:02:39.479, 3, 82398, 97871, 100, 516.36
2026/10/10 17:02:40.479, 0, 79474, 97871, 99, 450.80
2026/10/10 17:02:40.479, 1, 80636, 97871, 100, 532.32
2026/10/10 17:02:40.479, 2, 81382, 97871, 100, 446.42
2026/10/10 17:02:40.479, 3, 82398, 97871, 100, 522.79
2026/10/10 17:02:41.479, 0, 79474, 97871, 99, 450.98
2026/10/10 17:02:41.479, 1, 80636, 97871, 100, 534.42
2026/10/10 17:02:41.479, 2, 81382, 97871, 100, 535.21
2026/10/10 17:02:41.479, 3, 82398, 97871, 100, 527.77
2026/10/10 17:02:42.479, 0, 79474, 97871, 99, 451.53
2026/10/10 17:02:42.479, 1, 80636, 97871, 100, 529.01
2026/10/10 17:02:42.479, 2, 81382, 97871, 100, 529.78
2026/10/10 17:02:42.479, 3, 82398, 97871, 25, 439.57
2026/10/10 17:02:43.479, 0, 79474, 97871, 99, 451.74
2026/10/10 17:02:43.479, 1, 80636, 97871, 100, 529.56
2026/10/10 17:02:43.479, 2, 81382, 97871, 100, 533.85
2026/10/10 17:02:43.479, 3, 82398, 97871, 100, 540.38
2026/10/10 17:02:44.479, 0, 79474, 97871, 99, 452.47
2026/10/10 17:02:44.479, 1, 80636, 97871, 94, 519.11
2026/10/10 17:02:44.479, 2, 81382, 97871, 100, 528.05
2026/10/10 17:02:44.479, 3, 82398, 97871, 100, 538.97
2026/10/10 17:02:45.479, 0, 79474, 97871, 99, 448.49
2026/10/10 17:02:45.479, 1, 80636, 97871, 83, 462.00
2026/10/10 17:02:45.479, 2, 81382, 97871, 100, 515.03
2026/10/10 17:02:45.480, 3, 82398, 97871, 100, 539.51
2026/10/10 17:02:46.480, 0, 79474, 97871, 99, 450.21
2026/10/10 17:02:46.480, 1, 80636, 97871, 100, 442.79
2026/10/10 17:02:46.480, 2, 81382, 97871, 100, 516.43
2026/10/10 17:02:46.480, 3, 82398, 97871, 100, 537.64
2026/10/10 17:02:47.480, 0, 79474, 97871, 99, 450.11
2026/10/10 17:02:47.480, 1, 80636, 97871, 100, 542.47
2026/10/10 17:02:47.480, 2, 81382, 97871, 100, 515.28
2026/10/10 17:02:47.480, 3, 82398, 97871, 100, 529.01
2026/10/10 17:02:48.480, 0, 79474, 97871, 99, 449.10
2026/10/10 17:02:48.480, 1, 80636, 97871, 100, 542.62
2026/10/10 17:02:48.480, 2, 81382, 97871, 100, 515.30
2026/10/10 17:02:48.480, 3, 82398, 97871, 100, 528.27
2026/10/10 17:02:49.480, 0, 79474, 97871, 99, 450.65
2026/10/10 17:02:49.480, 1, 81738, 97871, 100, 540.86
2026/10/10 17:02:49.480, 2, 81382, 97871, 100, 512.65
2026/10/10 17:02:49.480, 3, 82398, 97871, 100, 525.03
2026/10/10 17:02:50.480, 0, 79474, 97871, 99, 450.35
2026/10/10 17:02:50.480, 1, 81738, 97871, 100, 540.23
2026/10/10 17:02:50.480, 2, 81382, 97871, 100, 513.40
2026/10/10 17:02:50.480, 3, 82398, 97871, 100, 521.14
2026/10/10 17:02:51.480, 0, 79474, 97871, 99, 451.04
2026/10/10 17:02:51.480, 1, 81738, 97871, 100, 531.71
2026/10/10 17:02:51.480, 2, 81382, 97871, 100, 511.05
2026/10/10 17:02:51.480, 3, 82398, 97871, 100, 522.46
2026/10/10 17:02:52.481, 0, 79474, 97871, 99, 452.17
2026/10/10 17:02:52.481, 1, 81738, 97871, 100, 530.48
2026/10/10 17:02:52.481, 2, 81382, 97871, 100, 512.80
2026/10/10 17:02:52.481, 3, 82398, 97871, 100, 520.08
2026/10/10 17:02:53.481, 0, 79474, 97871, 99, 448.83
2026/10/10 17:02:53.481, 1, 81738, 97871, 100, 536.07
2026/10/10 17:02:53.481, 2, 81382, 97871, 100, 512.69
2026/10/10 17:02:53.481, 3, 82398, 97871, 100, 517.93
2026/10/10 17:02:54.481, 0, 79474, 97871, 100, 469.80
2026/10/10 17:02:54.481, 1, 81738, 97871, 100, 530.11
2026/10/10 17:02:54.481, 2, 81382, 97871, 5, 474.15
2026/10/10 17:02:54.481, 3, 82398, 97871, 100, 515.98
2026/10/10 17:02:55.481, 0, 79474, 97871, 99, 457.14
2026/10/10 17:02:55.481, 1, 81738, 97871, 100, 534.33
2026/10/10 17:02:55.481, 2, 81382, 97871, 100, 534.48
2026/10/10 17:02:55.481, 3, 82398, 97871, 100, 515.63
2026/10/10 17:02:56.481, 0, 79474, 97871, 99, 458.35
2026/10/10 17:02:56.481, 1, 81738, 97871, 100, 535.37
2026/10/10 17:02:56.481, 2, 81382, 97871, 100, 533.40
2026/10/10 17:02:56.481, 3, 82398, 97871, 100, 524.59
2026/10/10 17:02:57.481, 0, 79474, 97871, 99, 457.81
2026/10/10 17:02:57.481, 1, 81738, 97871, 100, 534.75
2026/10/10 17:02:57.481, 2, 81382, 97871, 100, 530.61
2026/10/10 17:02:57.482, 3, 82398, 97871, 100, 523.97
2026/10/10 17:02:58.482, 0, 79474, 97871, 99, 458.49
2026/10/10 17:02:58.482, 1, 81738, 97871, 100, 522.73
2026/10/10 17:02:58.482, 2, 81382, 97871, 100, 532.25
2026/10/10 17:02:58.482, 3, 82398, 97871, 100, 501.74
2026/10/10 17:02:59.482, 0, 79474, 97871, 99, 458.94
2026/10/10 17:02:59.482, 1, 81738, 97871, 89, 494.22
2026/10/10 17:02:59.482, 2, 81382, 97871, 100, 522.06
2026/10/10 17:02:59.482, 3, 82398, 97871, 100, 535.82
2026/10/10 17:03:00.482, 0, 79474, 97871, 99, 453.95
2026/10/10 17:03:00.482, 1, 81738, 97871, 100, 501.83
2026/10/10 17:03:00.482, 2, 81382, 97871, 100, 513.24
2026/10/10 17:03:00.482, 3, 82398, 97871, 100, 538.54
2026/10/10 17:03:01.482, 0, 79474, 97871, 99, 450.15
2026/10/10 17:03:01.482, 1, 81738, 97871, 100, 543.64
2026/10/10 17:03:01.482, 2, 81382, 97871, 100, 516.81
2026/10/10 17:03:01.482, 3, 82398, 97871, 100, 537.38
2026/10/10 17:03:02.482, 0, 79474, 97871, 99, 450.99
2026/10/10 17:03:02.482, 1, 81738, 97871, 100, 544.38
2026/10/10 17:03:02.482, 2, 81382, 97871, 100, 515.13
2026/10/10 17:03:02.482, 3, 82398, 97871, 100, 535.89
2026/10/10 17:03:03.482, 0, 79474, 97871, 99, 451.33
2026/10/10 17:03:03.482, 1, 81738, 97871, 100, 542.09
2026/10/10 17:03:03.482, 2, 81382, 97871, 100, 517.33
2026/10/10 17:03:03.482, 3, 82398, 97871, 100, 528.76
2026/10/10 17:03:04.482, 0, 79474, 97871, 99, 451.84
2026/10/10 17:03:04.483, 1, 81738, 97871, 100, 540.43
2026/10/10 17:03:04.483, 2, 81382, 97871, 100, 522.26
2026/10/10 17:03:04.483, 3, 82398, 97871, 100, 522.83
2026/10/10 17:03:05.483, 0, 79474, 97871, 99, 452.58
2026/10/10 17:03:05.483, 1, 81738, 97871, 100, 537.59
2026/10/10 17:03:05.483, 2, 81382, 97871, 100, 523.37
2026/10/10 17:03:05.483, 3, 82398, 97871, 100, 520.70
2026/10/10 17:03:06.483, 0, 79474, 97871, 100, 453.19
2026/10/10 17:03:06.483, 1, 81738, 97871, 100, 536.36
2026/10/10 17:03:06.483, 2, 81382, 97871, 100, 523.02
2026/10/10 17:03:06.483, 3, 82398, 97871, 100, 519.17
2026/10/10 17:03:07.483, 0, 79474, 97871, 99, 447.27
2026/10/10 17:03:07.483, 1, 81738, 97871, 100, 534.97
2026/10/10 17:03:07.483, 2, 81382, 97871, 100, 523.76
2026/10/10 17:03:07.483, 3, 82398, 97871, 100, 520.67
2026/10/10 17:03:08.483, 0, 79474, 97871, 88, 446.31
2026/10/10 17:03:08.483, 1, 81738, 97871, 100, 539.01
2026/10/10 17:03:08.483, 2, 81382, 97871, 100, 519.12
2026/10/10 17:03:08.483, 3, 82398, 97871, 100, 532.71
2026/10/10 17:03:09.483, 0, 79474, 97871, 99, 450.47
2026/10/10 17:03:09.483, 1, 81738, 97871, 100, 540.33
2026/10/10 17:03:09.483, 2, 81382, 97871, 100, 520.65
2026/10/10 17:03:09.483, 3, 82398, 97871, 100, 527.28
2026/10/10 17:03:10.483, 0, 79474, 97871, 99, 450.50
2026/10/10 17:03:10.483, 1, 81738, 97871, 100, 537.95
2026/10/10 17:03:10.484, 2, 81382, 97871, 100, 515.18
2026/10/10 17:03:10.484, 3, 82398, 97871, 100, 528.07
2026/10/10 17:03:11.484, 0, 79474, 97871, 99, 457.13
2026/10/10 17:03:11.484, 1, 81738, 97871, 100, 541.84
2026/10/10 17:03:11.484, 2, 81382, 97871, 100, 527.84
2026/10/10 17:03:11.484, 3, 82398, 97871, 100, 531.11
2026/10/10 17:03:12.484, 0, 79474, 97871, 99, 453.60
2026/10/10 17:03:12.484, 1, 81738, 97871, 100, 542.01
2026/10/10 17:03:12.484, 2, 81382, 97871, 100, 520.72
2026/10/10 17:03:12.484, 3, 82398, 97871, 100, 528.44
2026/10/10 17:03:13.484, 0, 79474, 97871, 99, 450.13
2026/10/10 17:03:13.484, 1, 81738, 97871, 100, 540.08
2026/10/10 17:03:13.484, 2, 81382, 97871, 100, 516.87
2026/10/10 17:03:13.484, 3, 82398, 97871, 100, 523.03
2026/10/10 17:03:14.484, 0, 79474, 97871, 99, 451.27
2026/10/10 17:03:14.484, 1, 81738, 97871, 100, 537.65
2026/10/10 17:03:14.484, 2, 81382, 97871, 100, 525.44
2026/10/10 17:03:14.484, 3, 82398, 97871, 100, 523.40
2026/10/10 17:03:15.484, 0, 79474, 97871, 86, 451.36
2026/10/10 17:03:15.484, 1, 81738, 97871, 100, 536.48
2026/10/10 17:03:15.484, 2, 81382, 97871, 100, 523.19
2026/10/10 17:03:15.484, 3, 82398, 97871, 100, 532.04
2026/10/10 17:03:16.485, 0, 79474, 97871, 99, 451.61
2026/10/10 17:03:16.485, 1, 81738, 97871, 100, 539.22
2026/10/10 17:03:16.485, 2, 81382, 97871, 100, 519.77
2026/10/10 17:03:16.485, 3, 82398, 97871, 100, 528.47
2026/10/10 17:03:17.485, 0, 79474, 97871, 99, 452.20
2026/10/10 17:03:17.485, 1, 81738, 97871, 100, 540.24
2026/10/10 17:03:17.485, 2, 81382, 97871, 100, 519.73
2026/10/10 17:03:17.485, 3, 82398, 97871, 100, 526.63
2026/10/10 17:03:18.485, 0, 79474, 97871, 87, 449.31
2026/10/10 17:03:18.485, 1, 81738, 97871, 100, 540.83
2026/10/10 17:03:18.485, 2, 81382, 97871, 100, 521.45
2026/10/10 17:03:18.485, 3, 82398, 97871, 100, 530.98
2026/10/10 17:03:19.485, 0, 79474, 97871, 99, 450.63
2026/10/10 17:03:19.485, 1, 81738, 97871, 100, 541.21
2026/10/10 17:03:19.485, 2, 81382, 97871, 100, 521.66
2026/10/10 17:03:19.485, 3, 82398, 97871, 100, 522.97
2026/10/10 17:03:20.486, 0, 79474, 97871, 99, 451.25
2026/10/10 17:03:20.486, 1, 81738, 97871, 100, 536.86
2026/10/10 17:03:20.486, 2, 81382, 97871, 100, 520.78
2026/10/10 17:03:20.486, 3, 82398, 97871, 100, 528.22
2026/10/10 17:03:21.486, 0, 79474, 97871, 99, 452.21
2026/10/10 17:03:21.486, 1, 81738, 97871, 100, 537.60
2026/10/10 17:03:21.486, 2, 81382, 97871, 100, 524.03
2026/10/10 17:03:21.486, 3, 82398, 97871, 100, 523.04
2026/10/10 17:03:22.486, 0, 79474, 97871, 93, 453.90
2026/10/10 17:03:22.486, 1, 81738, 97871, 100, 542.11
2026/10/10 17:03:22.486, 2, 81382, 97871, 100, 513.74
2026/10/10 17:03:22.486, 3, 82398, 97871, 100, 530.60
2026/10/10 17:03:23.486, 0, 79474, 97871, 99, 451.87
2026/10/10 17:03:23.486, 1, 81738, 97871, 100, 542.31
2026/10/10 17:03:23.486, 2, 81382, 97871, 100, 517.24
2026/10/10 17:03:23.486, 3, 82398, 97871, 100, 528.99
2026/10/10 17:03:24.486, 0, 79474, 97871, 99, 449.84
2026/10/10 17:03:24.487, 1, 81738, 97871, 100, 538.11
2026/10/10 17:03:24.487, 2, 81382, 97871, 100, 524.08
2026/10/10 17:03:24.487, 3, 82398, 97871, 100, 524.37
2026/10/10 17:03:25.487, 0, 79474, 97871, 99, 450.55
2026/10/10 17:03:25.487, 1, 81738, 97871, 100, 539.24
2026/10/10 17:03:25.487, 2, 81382, 97871, 100, 527.27
2026/10/10 17:03:25.487, 3, 82398, 97871, 100, 530.20
2026/10/10 17:03:26.487, 0, 79474, 97871, 99, 464.28
2026/10/10 17:03:26.487, 1, 81738, 97871, 100, 540.23
2026/10/10 17:03:26.487, 2, 81382, 97871, 100, 519.88
2026/10/10 17:03:26.487, 3, 82398, 97871, 100, 526.85
2026/10/10 17:03:27.487, 0, 79474, 97871, 99, 458.54
2026/10/10 17:03:27.487, 1, 81738, 97871, 100, 538.72
2026/10/10 17:03:27.487, 2, 81382, 97871, 100, 521.30
2026/10/10 17:03:27.487, 3, 82398, 97871, 100, 523.30
2026/10/10 17:03:28.487, 0, 79474, 97871, 99, 458.46
2026/10/10 17:03:28.487, 1, 81738, 97871, 100, 538.46
2026/10/10 17:03:28.487, 2, 81382, 97871, 100, 521.96
2026/10/10 17:03:28.487, 3, 82398, 97871, 100, 524.64
2026/10/10 17:03:29.487, 0, 79474, 97871, 99, 458.32
2026/10/10 17:03:29.487, 1, 81738, 97871, 100, 535.26
2026/10/10 17:03:29.487, 2, 81382, 97871, 100, 520.37
2026/10/10 17:03:29.487, 3, 82398, 97871, 100, 525.58
2026/10/10 17:03:30.487, 0, 79474, 97871, 99, 458.65
2026/10/10 17:03:30.487, 1, 81738, 97871, 100, 537.81
2026/10/10 17:03:30.488, 2, 81382, 97871, 100, 519.94
2026/10/10 17:03:30.488, 3, 82398, 97871, 100, 530.48
2026/10/10 17:03:31.488, 0, 79474, 97871, 99, 450.92
2026/10/10 17:03:31.488, 1, 81738, 97871, 100, 538.83
2026/10/10 17:03:31.488, 2, 81382, 97871, 100, 522.76
2026/10/10 17:03:31.488, 3, 82398, 97871, 100, 526.98
2026/10/10 17:03:32.488, 0, 79474, 97871, 99, 450.26
2026/10/10 17:03:32.488, 1, 81738, 97871, 100, 537.73
2026/10/10 17:03:32.488, 2, 81382, 97871, 100, 524.08
2026/10/10 17:03:32.488, 3, 82398, 97871, 100, 527.44
2026/10/10 17:03:33.488, 0, 79474, 97871, 99, 451.64
2026/10/10 17:03:33.488, 1, 81738, 97871, 100, 539.02
2026/10/10 17:03:33.488, 2, 81382, 97871, 100, 523.54
2026/10/10 17:03:33.488, 3, 82398, 97871, 100, 527.18
2026/10/10 17:03:34.488, 0, 79474, 97871, 99, 452.56
2026/10/10 17:03:34.488, 1, 81738, 97871, 100, 538.87
2026/10/10 17:03:34.488, 2, 81382, 97871, 100, 518.88
2026/10/10 17:03:34.488, 3, 82398, 97871, 100, 527.59
2026/10/10 17:03:35.488, 0, 79474, 97871, 99, 449.43
2026/10/10 17:03:35.488, 1, 81738, 97871, 100, 538.96
2026/10/10 17:03:35.488, 2, 81382, 97871, 100, 520.18
2026/10/10 17:03:35.488, 3, 82398, 97871, 100, 526.95
2026/10/10 17:03:36.489, 0, 79474, 97871, 99, 451.04
2026/10/10 17:03:36.489, 1, 81738, 97871, 100, 543.82
2026/10/10 17:03:36.489, 2, 81382, 97871, 100, 518.75
2026/10/10 17:03:36.489, 3, 82398, 97871, 100, 525.39
2026/10/10 17:03:37.489, 0, 79474, 97871, 99, 451.60
2026/10/10 17:03:37.489, 1, 81738, 97871, 100, 540.51
2026/10/10 17:03:37.489, 2, 81382, 97871, 100, 520.64
2026/10/10 17:03:37.489, 3, 82398, 97871, 100, 525.55
2026/10/10 17:03:38.489, 0, 79474, 97871, 94, 461.26
2026/10/10 17:03:38.489, 1, 81738, 97871, 100, 536.82
2026/10/10 17:03:38.489, 2, 81382, 97871, 100, 524.09
2026/10/10 17:03:38.489, 3, 82398, 97871, 100, 528.30
2026/10/10 17:03:39.489, 0, 79474, 97871, 99, 454.27
2026/10/10 17:03:39.489, 1, 81738, 97871, 100, 536.32
2026/10/10 17:03:39.489, 2, 81382, 97871, 100, 519.59
2026/10/10 17:03:39.489, 3, 82398, 97871, 100, 528.91
2026/10/10 17:03:40.490, 0, 79474, 97871, 99, 452.31
2026/10/10 17:03:40.490, 1, 81738, 97871, 100, 535.42
2026/10/10 17:03:40.490, 2, 81382, 97871, 100, 518.44
2026/10/10 17:03:40.490, 3, 82398, 97871, 100, 525.79
2026/10/10 17:03:41.490, 0, 79474, 97871, 99, 452.30
2026/10/10 17:03:41.490, 1, 81738, 97871, 100, 535.38
2026/10/10 17:03:41.490, 2, 81382, 97871, 100, 516.98
2026/10/10 17:03:41.490, 3, 82398, 97871, 100, 528.46
2026/10/10 17:03:42.490, 0, 79474, 97871, 99, 452.12
2026/10/10 17:03:42.490, 1, 81738, 97871, 100, 537.61
2026/10/10 17:03:42.490, 2, 81382, 97871, 100, 515.93
2026/10/10 17:03:42.490, 3, 82398, 97871, 100, 521.00
2026/10/10 17:03:43.490, 0, 79474, 97871, 99, 448.26
2026/10/10 17:03:43.490, 1, 81738, 97871, 100, 536.41
2026/10/10 17:03:43.490, 2, 81382, 97871, 100, 511.93
2026/10/10 17:03:43.490, 3, 82398, 97871, 100, 527.23
2026/10/10 17:03:44.491, 0, 79474, 97871, 99, 450.65
2026/10/10 17:03:44.491, 1, 81738, 97871, 100, 536.37
2026/10/10 17:03:44.491, 2, 81382, 97871, 100, 513.74
2026/10/10 17:03:44.491, 3, 82398, 97871, 100, 528.09
2026/10/10 17:03:45.491, 0, 79474, 97871, 99, 449.65
2026/10/10 17:03:45.491, 1, 81738, 97871, 100, 535.09
2026/10/10 17:03:45.491, 2, 81382, 97871, 100, 515.12
2026/10/10 17:03:45.491, 3, 82398, 97871, 100, 528.36
2026/10/10 17:03:46.491, 0, 79474, 97871, 99, 450.11
2026/10/10 17:03:46.491, 1, 81738, 97871, 100, 535.36
2026/10/10 17:03:46.491, 2, 81382, 97871, 100, 513.74
2026/10/10 17:03:46.491, 3, 82398, 97871, 100, 522.26
2026/10/10 17:03:47.491, 0, 79474, 97871, 99, 451.46
2026/10/10 17:03:47.491, 1, 81738, 97871, 100, 533.68
2026/10/10 17:03:47.491, 2, 81382, 97871, 59, 418.40
2026/10/10 17:03:47.491, 3, 82398, 97871, 100, 525.00
2026/10/10 17:03:48.492, 0, 79474, 97871, 99, 447.97
2026/10/10 17:03:48.492, 1, 81738, 97871, 100, 530.33
2026/10/10 17:03:48.492, 2, 28, 97871, 0, 194.47
2026/10/10 17:03:48.492, 3, 82398, 97871, 100, 522.54
2026/10/10 17:03:49.492, 0, 79474, 97871, 99, 450.17
2026/10/10 17:03:49.492, 1, 81738, 97871, 96, 517.71
2026/10/10 17:03:49.492, 2, 28, 97871, 0, 140.48
2026/10/10 17:03:49.492, 3, 82398, 97871, 100, 523.06
2026/10/10 17:03:50.492, 0, 79474, 97871, 96, 448.58
2026/10/10 17:03:50.492, 1, 81738, 97871, 100, 482.25
2026/10/10 17:03:50.492, 2, 28, 97871, 0, 90.73
2026/10/10 17:03:50.492, 3, 82398, 97871, 100, 521.15
2026/10/10 17:03:51.492, 0, 79474, 97871, 99, 449.65
2026/10/10 17:03:51.492, 1, 110, 97871, 0, 247.35
2026/10/10 17:03:51.492, 2, 28, 97871, 0, 90.87
2026/10/10 17:03:51.492, 3, 82398, 97871, 100, 518.36
2026/10/10 17:03:52.493, 0, 79474, 97871, 99, 445.89
2026/10/10 17:03:52.493, 1, 110, 97871, 0, 144.34
2026/10/10 17:03:52.493, 2, 28, 97871, 0, 90.49
2026/10/10 17:03:52.493, 3, 82398, 97871, 100, 521.18
2026/10/10 17:03:53.493, 0, 79474, 97871, 99, 450.16
2026/10/10 17:03:53.493, 1, 110, 97871, 0, 141.78
2026/10/10 17:03:53.493, 2, 28, 97871, 0, 90.27
2026/10/10 17:03:53.493, 3, 82398, 97871, 100, 519.24
2026/10/10 17:03:54.493, 0, 79474, 97871, 99, 451.12
2026/10/10 17:03:54.493, 1, 110, 97871, 0, 92.03
2026/10/10 17:03:54.493, 2, 28, 97871, 0, 90.45
2026/10/10 17:03:54.493, 3, 82398, 97871, 100, 525.46
2026/10/10 17:03:55.493, 0, 79474, 97871, 99, 459.03
2026/10/10 17:03:55.493, 1, 110, 97871, 0, 91.50
2026/10/10 17:03:55.493, 2, 28, 97871, 0, 90.18
2026/10/10 17:03:55.493, 3, 82398, 97871, 100, 496.13
2026/10/10 17:03:56.493, 0, 79474, 97871, 100, 451.82
2026/10/10 17:03:56.494, 1, 110, 97871, 0, 91.73
2026/10/10 17:03:56.494, 2, 28, 97871, 0, 90.33
2026/10/10 17:03:56.494, 3, 32, 97871, 0, 145.20
2026/10/10 17:03:57.494, 0, 79474, 97871, 99, 454.31
2026/10/10 17:03:57.494, 1, 110, 97871, 0, 91.31
2026/10/10 17:03:57.494, 2, 28, 97871, 0, 90.23
2026/10/10 17:03:57.494, 3, 32, 97871, 0, 137.74
2026/10/10 17:03:58.494, 0, 79474, 97871, 99, 455.04
2026/10/10 17:03:58.494, 1, 110, 97871, 0, 91.23
2026/10/10 17:03:58.494, 2, 28, 97871, 0, 90.09
2026/10/10 17:03:58.494, 3, 32, 97871, 0, 95.49
2026/10/10 17:03:59.494, 0, 79474, 97871, 99, 454.52
2026/10/10 17:03:59.494, 1, 110, 97871, 0, 91.21
2026/10/10 17:03:59.494, 2, 28, 97871, 0, 90.10
2026/10/10 17:03:59.494, 3, 32, 97871, 0, 95.88
2026/10/10 17:04:00.494, 0, 79474, 97871, 99, 454.83
2026/10/10 17:04:00.494, 1, 110, 97871, 0, 91.10
2026/10/10 17:04:00.494, 2, 28, 97871, 0, 90.05
2026/10/10 17:04:00.494, 3, 32, 97871, 0, 95.79
2026/10/10 17:04:01.494, 0, 79473, 97871, 99, 445.56
2026/10/10 17:04:01.494, 1, 110, 97871, 0, 91.14
2026/10/10 17:04:01.494, 2, 28, 97871, 0, 90.04
2026/10/10 17:04:01.494, 3, 32, 97871, 0, 95.61
2026/10/10 17:04:02.494, 0, 79473, 97871, 99, 449.59
2026/10/10 17:04:02.495, 1, 110, 97871, 0, 91.23
2026/10/10 17:04:02.495, 2, 28, 97871, 0, 89.89
2026/10/10 17:04:02.495, 3, 32, 97871, 0, 95.55
2026/10/10 17:04:03.495, 0, 79473, 97871, 89, 445.90
2026/10/10 17:04:03.495, 1, 110, 97871, 0, 91.33
2026/10/10 17:04:03.495, 2, 28, 97871, 0, 89.82
2026/10/10 17:04:03.495, 3, 32, 97871, 0, 95.42
2026/10/10 17:04:04.495, 0, 79473, 97871, 99, 449.12
2026/10/10 17:04:04.495, 1, 110, 97871, 0, 91.20
2026/10/10 17:04:04.495, 2, 28, 97871, 0, 89.80
2026/10/10 17:04:04.495, 3, 32, 97871, 0, 95.34
2026/10/10 17:04:05.495, 0, 79473, 97871, 99, 449.71
2026/10/10 17:04:05.495, 1, 110, 97871, 0, 91.14
2026/10/10 17:04:05.495, 2, 28, 97871, 0, 89.76
2026/10/10 17:04:05.495, 3, 32, 97871, 0, 95.50
2026/10/10 17:04:06.495, 0, 79473, 97871, 95, 445.24
2026/10/10 17:04:06.495, 1, 110, 97871, 0, 91.21
2026/10/10 17:04:06.495, 2, 28, 97871, 0, 89.77
2026/10/10 17:04:06.495, 3, 32, 97871, 0, 95.37
2026/10/10 17:04:07.495, 0, 79473, 97871, 99, 449.38
2026/10/10 17:04:07.495, 1, 110, 97871, 0, 91.29
2026/10/10 17:04:07.495, 2, 28, 97871, 0, 89.73
2026/10/10 17:04:07.495, 3, 32, 97871, 0, 95.31
2026/10/10 17:04:08.495, 0, 79473, 97871, 99, 449.50
2026/10/10 17:04:08.495, 1, 110, 97871, 0, 91.04
2026/10/10 17:04:08.495, 2, 28, 97871, 0, 89.74
2026/10/10 17:04:08.495, 3, 32, 97871, 0, 95.18
2026/10/10 17:04:09.496, 0, 79473, 97871, 99, 446.37
2026/10/10 17:04:09.496, 1, 110, 97871, 0, 91.07
2026/10/10 17:04:09.496, 2, 28, 97871, 0, 89.94
2026/10/10 17:04:09.496, 3, 32, 97871, 0, 95.26
2026/10/10 17:04:10.496, 0, 79473, 97871, 99, 449.29
2026/10/10 17:04:10.496, 1, 110, 97871, 0, 91.00
2026/10/10 17:04:10.496, 2, 27, 97871, 0, 89.83
2026/10/10 17:04:10.496, 3, 32, 97871, 0, 95.16
2026/10/10 17:04:11.496, 0, 79473, 97871, 99, 449.83
2026/10/10 17:04:11.496, 1, 110, 97871, 0, 90.95
2026/10/10 17:04:11.496, 2, 27, 97871, 0, 89.85
2026/10/10 17:04:11.496, 3, 32, 97871, 0, 95.14
2026/10/10 17:04:12.496, 0, 79473, 97871, 99, 444.84
2026/10/10 17:04:12.496, 1, 110, 97871, 0, 91.01
2026/10/10 17:04:12.496, 2, 27, 97871, 0, 89.82
2026/10/10 17:04:12.496, 3, 32, 97871, 0, 95.20
2026/10/10 17:04:13.496, 0, 79473, 97871, 99, 449.06
2026/10/10 17:04:13.496, 1, 110, 97871, 0, 91.03
2026/10/10 17:04:13.496, 2, 27, 97871, 0, 89.84
2026/10/10 17:04:13.496, 3, 32, 97871, 0, 95.05
2026/10/10 17:04:14.496, 0, 79473, 97871, 100, 420.81
2026/10/10 17:04:14.496, 1, 110, 97871, 0, 90.88
2026/10/10 17:04:14.496, 2, 27, 97871, 0, 89.81
2026/10/10 17:04:14.496, 3, 32, 97871, 0, 95.08
2026/10/10 17:04:15.496, 0, 79473, 97871, 100, 462.35
2026/10/10 17:04:15.497, 1, 110, 97871, 0, 90.81
2026/10/10 17:04:15.497, 2, 27, 97871, 0, 89.87
2026/10/10 17:04:15.497, 3, 32, 97871, 0, 95.12
2026/10/10 17:04:16.497, 0, 79473, 97871, 99, 460.71
2026/10/10 17:04:16.497, 1, 110, 97871, 0, 90.79
2026/10/10 17:04:16.497, 2, 27, 97871, 0, 89.75
2026/10/10 17:04:16.497, 3, 32, 97871, 0, 95.16
2026/10/10 17:04:17.497, 0, 79473, 97871, 99, 459.41
2026/10/10 17:04:17.497, 1, 110, 97871, 0, 90.84
2026/10/10 17:04:17.497, 2, 27, 97871, 0, 89.78
2026/10/10 17:04:17.497, 3, 32, 97871, 0, 95.28
2026/10/10 17:04:18.497, 0, 79473, 97871, 99, 458.70
2026/10/10 17:04:18.497, 1, 110, 97871, 0, 90.69
2026/10/10 17:04:18.497, 2, 27, 97871, 0, 89.61
2026/10/10 17:04:18.497, 3, 32, 97871, 0, 95.19
2026/10/10 17:04:19.497, 0, 79473, 97871, 79, 458.51
2026/10/10 17:04:19.497, 1, 110, 97871, 0, 90.86
2026/10/10 17:04:19.497, 2, 27, 97871, 0, 89.66
2026/10/10 17:04:19.497, 3, 32, 97871, 0, 95.10
2026/10/10 17:04:20.497, 0, 79473, 97871, 99, 468.93
2026/10/10 17:04:20.497, 1, 110, 97871, 0, 90.84
2026/10/10 17:04:20.497, 2, 27, 97871, 0, 89.62
2026/10/10 17:04:20.497, 3, 32, 97871, 0, 95.02
2026/10/10 17:04:21.497, 0, 79473, 97871, 99, 470.39
2026/10/10 17:04:21.497, 1, 110, 97871, 0, 90.66
2026/10/10 17:04:21.497, 2, 27, 97871, 0, 89.68
2026/10/10 17:04:21.497, 3, 32, 97871, 0, 95.09
2026/10/10 17:04:22.498, 0, 79473, 97871, 99, 473.77
2026/10/10 17:04:22.498, 1, 110, 97871, 0, 90.84
2026/10/10 17:04:22.498, 2, 27, 97871, 0, 89.68
2026/10/10 17:04:22.498, 3, 32, 97871, 0, 95.02
2026/10/10 17:04:23.498, 0, 79473, 97871, 99, 474.62
2026/10/10 17:04:23.498, 1, 110, 97871, 0, 90.67
2026/10/10 17:04:23.498, 2, 27, 97871, 0, 89.63
2026/10/10 17:04:23.498, 3, 32, 97871, 0, 94.89
2026/10/10 17:04:24.498, 0, 79473, 97871, 100, 466.66
2026/10/10 17:04:24.498, 1, 110, 97871, 0, 90.76
2026/10/10 17:04:24.498, 2, 27, 97871, 0, 89.70
2026/10/10 17:04:24.498, 3, 32, 97871, 0, 94.90
2026/10/10 17:04:25.498, 0, 79473, 97871, 99, 465.30
2026/10/10 17:04:25.498, 1, 110, 97871, 0, 90.69
2026/10/10 17:04:25.498, 2, 27, 97871, 0, 89.61
2026/10/10 17:04:25.498, 3, 32, 97871, 0, 94.78
2026/10/10 17:04:26.498, 0, 79473, 97871, 99, 461.28
2026/10/10 17:04:26.498, 1, 110, 97871, 0, 90.73
2026/10/10 17:04:26.498, 2, 27, 97871, 0, 89.66
2026/10/10 17:04:26.498, 3, 32, 97871, 0, 94.94
2026/10/10 17:04:27.498, 0, 79473, 97871, 94, 454.49
2026/10/10 17:04:27.498, 1, 110, 97871, 0, 90.79
2026/10/10 17:04:27.498, 2, 27, 97871, 0, 89.60
2026/10/10 17:04:27.498, 3, 32, 97871, 0, 94.93
2026/10/10 17:04:28.498, 0, 79473, 97871, 99, 462.96
2026/10/10 17:04:28.499, 1, 110, 97871, 0, 90.71
2026/10/10 17:04:28.499, 2, 27, 97871, 0, 89.70
2026/10/10 17:04:28.499, 3, 32, 97871, 0, 95.02
2026/10/10 17:04:29.499, 0, 79473, 97871, 99, 458.63
2026/10/10 17:04:29.499, 1, 110, 97871, 0, 90.80
2026/10/10 17:04:29.499, 2, 27, 97871, 0, 89.69
2026/10/10 17:04:29.499, 3, 32, 97871, 0, 94.93
2026/10/10 17:04:30.499, 0, 79473, 97871, 81, 480.51
2026/10/10 17:04:30.499, 1, 110, 97871, 0, 90.71
2026/10/10 17:04:30.499, 2, 27, 97871, 0, 89.66
2026/10/10 17:04:30.499, 3, 32, 97871, 0, 94.86
2026/10/10 17:04:31.499, 0, 79473, 97871, 100, 468.34
2026/10/10 17:04:31.499, 1, 110, 97871, 0, 90.69
2026/10/10 17:04:31.499, 2, 27, 97871, 0, 89.61
2026/10/10 17:04:31.499, 3, 32, 97871, 0, 94.92
2026/10/10 17:04:32.499, 0, 79473, 97871, 99, 464.07
2026/10/10 17:04:32.499, 1, 110, 97871, 0, 90.71
2026/10/10 17:04:32.499, 2, 27, 97871, 0, 89.62
2026/10/10 17:04:32.499, 3, 32, 97871, 0, 94.89
2026/10/10 17:04:33.499, 0, 79473, 97871, 89, 467.14
2026/10/10 17:04:33.499, 1, 110, 97871, 0, 90.71
2026/10/10 17:04:33.499, 2, 27, 97871, 0, 89.57
2026/10/10 17:04:33.499, 3, 32, 97871, 0, 94.73
2026/10/10 17:04:34.499, 0, 79473, 97871, 99, 465.27
2026/10/10 17:04:34.499, 1, 109, 97871, 0, 90.89
2026/10/10 17:04:34.499, 2, 27, 97871, 0, 89.65
2026/10/10 17:04:34.499, 3, 32, 97871, 0, 95.10
2026/10/10 17:04:35.500, 0, 79473, 97871, 99, 466.09
2026/10/10 17:04:35.500, 1, 109, 97871, 0, 90.74
2026/10/10 17:04:35.500, 2, 27, 97871, 0, 89.49
2026/10/10 17:04:35.500, 3, 32, 97871, 0, 94.83
2026/10/10 17:04:36.500, 0, 79473, 97871, 99, 465.60
2026/10/10 17:04:36.500, 1, 109, 97871, 0, 90.53
2026/10/10 17:04:36.500, 2, 27, 97871, 0, 89.52
2026/10/10 17:04:36.500, 3, 32, 97871, 0, 94.83
2026/10/10 17:04:37.500, 0, 79473, 97871, 94, 460.43
2026/10/10 17:04:37.500, 1, 109, 97871, 0, 90.72
2026/10/10 17:04:37.500, 2, 27, 97871, 0, 89.51
2026/10/10 17:04:37.500, 3, 32, 97871, 0, 94.75
2026/10/10 17:04:38.500, 0, 79473, 97871, 99, 459.13
2026/10/10 17:04:38.500, 1, 109, 97871, 0, 90.87
2026/10/10 17:04:38.500, 2, 27, 97871, 0, 89.49
2026/10/10 17:04:38.500, 3, 32, 97871, 0, 94.71
2026/10/10 17:04:39.500, 0, 79473, 97871, 99, 469.10
2026/10/10 17:04:39.500, 1, 109, 97871, 0, 90.75
2026/10/10 17:04:39.500, 2, 27, 97871, 0, 89.49
2026/10/10 17:04:39.500, 3, 32, 97871, 0, 94.71
2026/10/10 17:04:40.500, 0, 79473, 97871, 99, 470.95
2026/10/10 17:04:40.501, 1, 109, 97871, 0, 90.76
2026/10/10 17:04:40.501, 2, 27, 97871, 0, 89.63
2026/10/10 17:04:40.501, 3, 32, 97871, 0, 94.81
2026/10/10 17:04:41.501, 0, 79473, 97871, 92, 463.79
2026/10/10 17:04:41.501, 1, 109, 97871, 0, 90.76
2026/10/10 17:04:41.501, 2, 27, 97871, 0, 89.57
2026/10/10 17:04:41.501, 3, 32, 97871, 0, 94.74
2026/10/10 17:04:42.501, 0, 79473, 97871, 99, 459.55
2026/10/10 17:04:42.501, 1, 109, 97871, 0, 90.88
2026/10/10 17:04:42.501, 2, 27, 97871, 0, 89.58
2026/10/10 17:04:42.501, 3, 32, 97871, 0, 94.83
2026/10/10 17:04:43.501, 0, 79473, 97871, 99, 458.92
2026/10/10 17:04:43.501, 1, 109, 97871, 0, 90.78
2026/10/10 17:04:43.501, 2, 27, 97871, 0, 89.57
2026/10/10 17:04:43.501, 3, 32, 97871, 0, 94.72
2026/10/10 17:04:44.501, 0, 79473, 97871, 95, 458.31
2026/10/10 17:04:44.501, 1, 109, 97871, 0, 90.78
2026/10/10 17:04:44.501, 2, 27, 97871, 0, 89.60
2026/10/10 17:04:44.501, 3, 32, 97871, 0, 94.81
2026/10/10 17:04:45.502, 0, 79473, 97871, 94, 463.61
2026/10/10 17:04:45.502, 1, 109, 97871, 0, 90.82
2026/10/10 17:04:45.502, 2, 27, 97871, 0, 89.63
2026/10/10 17:04:45.502, 3, 32, 97871, 0, 94.86
2026/10/10 17:04:46.502, 0, 79473, 97871, 93, 457.89
2026/10/10 17:04:46.502, 1, 109, 97871, 0, 90.70
2026/10/10 17:04:46.502, 2, 27, 97871, 0, 89.54
2026/10/10 17:04:46.502, 3, 32, 97871, 0, 94.72
2026/10/10 17:04:47.502, 0, 79473, 97871, 87, 475.70
2026/10/10 17:04:47.502, 1, 109, 97871, 0, 90.90
2026/10/10 17:04:47.502, 2, 27, 97871, 0, 89.48
2026/10/10 17:04:47.502, 3, 32, 97871, 0, 94.67
2026/10/10 17:04:48.502, 0, 79473, 97871, 99, 466.39
2026/10/10 17:04:48.502, 1, 109, 97871, 0, 90.77
2026/10/10 17:04:48.502, 2, 27, 97871, 0, 89.37
2026/10/10 17:04:48.502, 3, 32, 97871, 0, 94.60
2026/10/10 17:04:49.502, 0, 79473, 97871, 99, 466.01
2026/10/10 17:04:49.502, 1, 109, 97871, 0, 90.89
2026/10/10 17:04:49.502, 2, 27, 97871, 0, 89.43
2026/10/10 17:04:49.502, 3, 32, 97871, 0, 94.62
2026/10/10 17:04:50.503, 0, 79473, 97871, 99, 469.26
2026/10/10 17:04:50.503, 1, 109, 97871, 0, 90.98
2026/10/10 17:04:50.503, 2, 27, 97871, 0, 89.65
2026/10/10 17:04:50.503, 3, 32, 97871, 0, 94.75
2026/10/10 17:04:51.503, 0, 79473, 97871, 100, 470.43
2026/10/10 17:04:51.503, 1, 109, 97871, 0, 90.88
2026/10/10 17:04:51.503, 2, 27, 97871, 0, 89.54
2026/10/10 17:04:51.503, 3, 32, 97871, 0, 94.70
2026/10/10 17:04:52.503, 0, 79473, 97871, 99, 470.54
2026/10/10 17:04:52.503, 1, 109, 97871, 0, 90.86
2026/10/10 17:04:52.503, 2, 27, 97871, 0, 89.60
2026/10/10 17:04:52.503, 3, 32, 97871, 0, 94.64
2026/10/10 17:04:53.503, 0, 79473, 97871, 99, 472.70
2026/10/10 17:04:53.503, 1, 109, 97871, 0, 90.91
2026/10/10 17:04:53.503, 2, 27, 97871, 0, 89.58
2026/10/10 17:04:53.503, 3, 32, 97871, 0, 94.87
2026/10/10 17:04:54.503, 0, 79473, 97871, 99, 467.19
2026/10/10 17:04:54.503, 1, 109, 97871, 0, 90.88
2026/10/10 17:04:54.503, 2, 27, 97871, 0, 89.62
2026/10/10 17:04:54.503, 3, 32, 97871, 0, 94.60
2026/10/10 17:04:55.503, 0, 79473, 97871, 94, 467.96
2026/10/10 17:04:55.504, 1, 109, 97871, 0, 90.83
2026/10/10 17:04:55.504, 2, 27, 97871, 0, 89.52
2026/10/10 17:04:55.504, 3, 32, 97871, 0, 94.55
2026/10/10 17:04:56.504, 0, 79473, 97871, 99, 478.45
2026/10/10 17:04:56.504, 1, 109, 97871, 0, 90.92
2026/10/10 17:04:56.504, 2, 27, 97871, 0, 89.59
2026/10/10 17:04:56.504, 3, 32, 97871, 0, 94.70
2026/10/10 17:04:57.504, 0, 79473, 97871, 94, 462.56
2026/10/10 17:04:57.504, 1, 109, 97871, 0, 90.86
2026/10/10 17:04:57.504, 2, 27, 97871, 0, 89.45
2026/10/10 17:04:57.504, 3, 32, 97871, 0, 94.80
2026/10/10 17:04:58.504, 0, 79473, 97871, 99, 465.43
2026/10/10 17:04:58.504, 1, 109, 97871, 0, 90.95
2026/10/10 17:04:58.504, 2, 27, 97871, 0, 89.62
2026/10/10 17:04:58.504, 3, 32, 97871, 0, 94.56
2026/10/10 17:04:59.504, 0, 79473, 97871, 100, 475.24
2026/10/10 17:04:59.504, 1, 109, 97871, 0, 90.93
2026/10/10 17:04:59.504, 2, 27, 97871, 0, 89.53
2026/10/10 17:04:59.504, 3, 32, 97871, 0, 94.67
2026/10/10 17:05:00.505, 0, 79473, 97871, 99, 465.46
2026/10/10 17:05:00.505, 1, 109, 97871, 0, 90.97
2026/10/10 17:05:00.505, 2, 27, 97871, 0, 89.53
2026/10/10 17:05:00.505, 3, 32, 97871, 0, 94.71
2026/10/10 17:05:01.505, 0, 79473, 97871, 99, 479.81
2026/10/10 17:05:01.505, 1, 109, 97871, 0, 90.84
2026/10/10 17:05:01.505, 2, 27, 97871, 0, 89.58
2026/10/10 17:05:01.505, 3, 32, 97871, 0, 94.54
2026/10/10 17:05:02.505, 0, 79473, 97871, 100, 470.94
2026/10/10 17:05:02.505, 1, 109, 97871, 0, 90.78
2026/10/10 17:05:02.505, 2, 27, 97871, 0, 89.63
2026/10/10 17:05:02.505, 3, 32, 97871, 0, 94.57
2026/10/10 17:05:03.505, 0, 79473, 97871, 95, 470.35
2026/10/10 17:05:03.505, 1, 109, 97871, 0, 90.85
2026/10/10 17:05:03.505, 2, 27, 97871, 0, 89.52
2026/10/10 17:05:03.505, 3, 32, 97871, 0, 94.50
2026/10/10 17:05:04.505, 0, 79473, 97871, 99, 466.42
2026/10/10 17:05:04.505, 1, 109, 97871, 0, 90.89
2026/10/10 17:05:04.505, 2, 27, 97871, 0, 89.57
2026/10/10 17:05:04.505, 3, 32, 97871, 0, 94.49
2026/10/10 17:05:05.506, 0, 79473, 97871, 94, 467.15
2026/10/10 17:05:05.506, 1, 109, 97871, 0, 90.87
2026/10/10 17:05:05.506, 2, 27, 97871, 0, 89.53
2026/10/10 17:05:05.506, 3, 32, 97871, 0, 94.38
2026/10/10 17:05:06.506, 0, 79473, 97871, 99, 474.76
2026/10/10 17:05:06.506, 1, 109, 97871, 0, 90.98
2026/10/10 17:05:06.506, 2, 27, 97871, 0, 89.60
2026/10/10 17:05:06.506, 3, 32, 97871, 0, 94.53
2026/10/10 17:05:07.506, 0, 79473, 97871, 99, 461.88
2026/10/10 17:05:07.506, 1, 109, 97871, 0, 90.98
2026/10/10 17:05:07.506, 2, 27, 97871, 0, 89.60
2026/10/10 17:05:07.506, 3, 32, 97871, 0, 94.65
2026/10/10 17:05:08.506, 0, 79473, 97871, 99, 461.13
2026/10/10 17:05:08.506, 1, 109, 97871, 0, 90.79
2026/10/10 17:05:08.506, 2, 27, 97871, 0, 89.47
2026/10/10 17:05:08.506, 3, 32, 97871, 0, 94.70
2026/10/10 17:05:09.506, 0, 79473, 97871, 99, 464.14
2026/10/10 17:05:09.506, 1, 109, 97871, 0, 90.85
2026/10/10 17:05:09.506, 2, 27, 97871, 0, 89.54
2026/10/10 17:05:09.506, 3, 32, 97871, 0, 94.39
2026/10/10 17:05:10.507, 0, 79473, 97871, 99, 457.51
2026/10/10 17:05:10.507, 1, 109, 97871, 0, 90.83
2026/10/10 17:05:10.507, 2, 27, 97871, 0, 89.56
2026/10/10 17:05:10.507, 3, 32, 97871, 0, 94.49
2026/10/10 17:05:11.507, 0, 79473, 97871, 100, 455.81
2026/10/10 17:05:11.507, 1, 109, 97871, 0, 90.91
2026/10/10 17:05:11.507, 2, 27, 97871, 0, 89.50
2026/10/10 17:05:11.507, 3, 32, 97871, 0, 94.47
2026/10/10 17:05:12.507, 0, 79939, 97871, 92, 437.93
2026/10/10 17:05:12.507, 1, 109, 97871, 0, 91.00
2026/10/10 17:05:12.507, 2, 27, 97871, 0, 89.57
2026/10/10 17:05:12.507, 3, 32, 97871, 0, 94.58
2026/10/10 17:05:13.507, 0, 79939, 97871, 100, 515.66
2026/10/10 17:05:13.508, 1, 109, 97871, 0, 90.87
2026/10/10 17:05:13.508, 2, 27, 97871, 0, 89.60
2026/10/10 17:05:13.508, 3, 32, 97871, 0, 94.53
2026/10/10 17:05:14.508, 0, 79939, 97871, 100, 530.24
2026/10/10 17:05:14.508, 1, 109, 97871, 0, 91.00
2026/10/10 17:05:14.508, 2, 27, 97871, 0, 89.51
2026/10/10 17:05:14.508, 3, 32, 97871, 0, 94.44
2026/10/10 17:05:15.508, 0, 79939, 97871, 100, 525.45
2026/10/10 17:05:15.508, 1, 109, 97871, 0, 90.92
2026/10/10 17:05:15.508, 2, 27, 97871, 0, 89.56
2026/10/10 17:05:15.508, 3, 32, 97871, 0, 94.60
2026/10/10 17:05:16.508, 0, 79939, 97871, 100, 524.65
2026/10/10 17:05:16.508, 1, 109, 97871, 0, 90.96
2026/10/10 17:05:16.508, 2, 27, 97871, 0, 89.53
2026/10/10 17:05:16.508, 3, 32, 97871, 0, 94.50
2026/10/10 17:05:17.508, 0, 79939, 97871, 100, 505.27
2026/10/10 17:05:17.508, 1, 109, 97871, 0, 90.80
2026/10/10 17:05:17.508, 2, 27, 97871, 0, 89.41
2026/10/10 17:05:17.509, 3, 32, 97871, 0, 94.42
2026/10/10 17:05:18.509, 0, 79939, 97871, 99, 493.17
2026/10/10 17:05:18.509, 1, 109, 97871, 0, 90.82
2026/10/10 17:05:18.509, 2, 27, 97871, 0, 89.51
2026/10/10 17:05:18.509, 3, 32, 97871, 0, 94.45
2026/10/10 17:05:19.509, 0, 79939, 97871, 99, 467.19
2026/10/10 17:05:19.509, 1, 109, 97871, 0, 90.84
2026/10/10 17:05:19.509, 2, 27, 97871, 0, 89.44
2026/10/10 17:05:19.509, 3, 32, 97871, 0, 94.45
2026/10/10 17:05:20.509, 0, 80563, 97871, 100, 488.19
2026/10/10 17:05:20.509, 1, 109, 97871, 0, 90.91
2026/10/10 17:05:20.509, 2, 27, 97871, 0, 89.38
2026/10/10 17:05:20.509, 3, 32, 97871, 0, 94.46
2026/10/10 17:05:21.509, 0, 80563, 97871, 100, 515.32
2026/10/10 17:05:21.509, 1, 109, 97871, 0, 90.94
2026/10/10 17:05:21.515, 2, 27, 97871, 0, 89.45
2026/10/10 17:05:21.515, 3, 32, 97871, 0, 94.54
2026/10/10 17:05:22.515, 0, 80563, 97871, 99, 525.62
2026/10/10 17:05:22.515, 1, 109, 97871, 0, 91.08
2026/10/10 17:05:22.515, 2, 27, 97871, 0, 89.58
2026/10/10 17:05:22.515, 3, 32, 97871, 0, 94.42
2026/10/10 17:05:23.515, 0, 80563, 97871, 100, 522.11
2026/10/10 17:05:23.515, 1, 109, 97871, 0, 91.08
2026/10/10 17:05:23.515, 2, 27, 97871, 0, 89.53
2026/10/10 17:05:23.515, 3, 32, 97871, 0, 94.48
2026/10/10 17:05:24.515, 0, 80563, 97871, 100, 526.77
2026/10/10 17:05:24.515, 1, 109, 97871, 0, 91.15
2026/10/10 17:05:24.515, 2, 27, 97871, 0, 89.64
2026/10/10 17:05:24.515, 3, 32, 97871, 0, 94.56
2026/10/10 17:05:25.515, 0, 80563, 97871, 100, 519.91
2026/10/10 17:05:25.515, 1, 109, 97871, 0, 91.15
2026/10/10 17:05:25.515, 2, 27, 97871, 0, 89.67
2026/10/10 17:05:25.515, 3, 32, 97871, 0, 94.43
2026/10/10 17:05:26.515, 0, 80563, 97871, 100, 522.54
2026/10/10 17:05:26.515, 1, 109, 97871, 0, 91.11
2026/10/10 17:05:26.515, 2, 27, 97871, 0, 89.54
2026/10/10 17:05:26.515, 3, 32, 97871, 0, 94.51
2026/10/10 17:05:27.516, 0, 80563, 97871, 100, 515.57
2026/10/10 17:05:27.516, 1, 109, 97871, 0, 90.99
2026/10/10 17:05:27.516, 2, 27, 97871, 0, 89.56
2026/10/10 17:05:27.516, 3, 32, 97871, 0, 94.63
2026/10/10 17:05:28.516, 0, 80563, 97871, 97, 522.30
2026/10/10 17:05:28.516, 1, 109, 97871, 0, 91.10
2026/10/10 17:05:28.516, 2, 27, 97871, 0, 89.52
2026/10/10 17:05:28.516, 3, 32, 97871, 0, 94.59
2026/10/10 17:05:29.516, 0, 80563, 97871, 100, 522.37
2026/10/10 17:05:29.516, 1, 109, 97871, 0, 91.10
2026/10/10 17:05:29.516, 2, 27, 97871, 0, 89.50
2026/10/10 17:05:29.516, 3, 32, 97871, 0, 94.56
2026/10/10 17:05:30.516, 0, 80563, 97871, 99, 525.80
2026/10/10 17:05:30.516, 1, 109, 97871, 0, 91.22
2026/10/10 17:05:30.516, 2, 27, 97871, 0, 89.42
2026/10/10 17:05:30.516, 3, 32, 97871, 0, 94.38
2026/10/10 17:05:31.516, 0, 80563, 97871, 100, 524.07
2026/10/10 17:05:31.516, 1, 109, 97871, 0, 91.10
2026/10/10 17:05:31.523, 2, 27, 97871, 0, 89.50
2026/10/10 17:05:31.523, 3, 32, 97871, 0, 94.46
2026/10/10 17:05:32.523, 0, 80563, 97871, 100, 524.47
2026/10/10 17:05:32.523, 1, 109, 97871, 0, 91.24
2026/10/10 17:05:32.523, 2, 27, 97871, 0, 89.47
2026/10/10 17:05:32.523, 3, 32, 97871, 0, 94.37
2026/10/10 17:05:33.523, 0, 80563, 97871, 100, 522.87
2026/10/10 17:05:33.523, 1, 109, 97871, 0, 91.02
2026/10/10 17:05:33.523, 2, 27, 97871, 0, 89.44
2026/10/10 17:05:33.523, 3, 32, 97871, 0, 94.47
2026/10/10 17:05:34.523, 0, 80563, 97871, 100, 531.37
2026/10/10 17:05:34.523, 1, 109, 97871, 0, 91.07
2026/10/10 17:05:34.523, 2, 27, 97871, 0, 89.50
2026/10/10 17:05:34.523, 3, 32, 97871, 0, 94.56
2026/10/10 17:05:35.523, 0, 80563, 97871, 100, 528.01
2026/10/10 17:05:35.523, 1, 109, 97871, 0, 91.05
2026/10/10 17:05:35.523, 2, 27, 97871, 0, 89.42
2026/10/10 17:05:35.523, 3, 32, 97871, 0, 94.53
2026/10/10 17:05:36.523, 0, 80563, 97871, 100, 502.06
2026/10/10 17:05:36.524, 1, 109, 97871, 0, 91.03
2026/10/10 17:05:36.524, 2, 27, 97871, 0, 89.46
2026/10/10 17:05:36.524, 3, 32, 97871, 0, 94.59
2026/10/10 17:05:37.524, 0, 80563, 97871, 100, 480.12
2026/10/10 17:05:37.524, 1, 109, 97871, 0, 90.92
2026/10/10 17:05:37.524, 2, 27, 97871, 0, 89.22
2026/10/10 17:05:37.524, 3, 32, 97871, 0, 94.66
2026/10/10 17:05:38.524, 0, 80563, 97871, 99, 456.12
2026/10/10 17:05:38.524, 1, 109, 97871, 0, 90.86
2026/10/10 17:05:38.524, 2, 27, 97871, 0, 89.38
2026/10/10 17:05:38.524, 3, 32, 97871, 0, 94.68
2026/10/10 17:05:39.524, 0, 80563, 97871, 99, 451.71
2026/10/10 17:05:39.524, 1, 109, 97871, 0, 90.98
2026/10/10 17:05:39.524, 2, 27, 97871, 0, 89.40
2026/10/10 17:05:39.524, 3, 32, 97871, 0, 94.68
2026/10/10 17:05:40.524, 0, 81235, 97871, 100, 457.25
2026/10/10 17:05:40.524, 1, 109, 97871, 0, 91.15
2026/10/10 17:05:40.524, 2, 27, 97871, 0, 89.32
2026/10/10 17:05:40.524, 3, 32, 97871, 0, 94.72
2026/10/10 17:05:41.525, 0, 81235, 97871, 100, 515.41
2026/10/10 17:05:41.525, 1, 109, 97871, 0, 91.04
2026/10/10 17:05:41.530, 2, 27, 97871, 0, 89.55
2026/10/10 17:05:41.530, 3, 32, 97871, 0, 94.62
2026/10/10 17:05:42.530, 0, 81235, 97871, 100, 522.81
2026/10/10 17:05:42.530, 1, 109, 97871, 0, 91.12
2026/10/10 17:05:42.530, 2, 27, 97871, 0, 89.51
2026/10/10 17:05:42.530, 3, 32, 97871, 0, 94.52
2026/10/10 17:05:43.530, 0, 81235, 97871, 100, 525.69
2026/10/10 17:05:43.530, 1, 109, 97871, 0, 91.15
2026/10/10 17:05:43.530, 2, 27, 97871, 0, 89.57
2026/10/10 17:05:43.530, 3, 32, 97871, 0, 94.43
2026/10/10 17:05:44.531, 0, 81235, 97871, 100, 526.48
2026/10/10 17:05:44.531, 1, 109, 97871, 0, 91.05
2026/10/10 17:05:44.531, 2, 27, 97871, 0, 89.46
2026/10/10 17:05:44.531, 3, 32, 97871, 0, 94.52
2026/10/10 17:05:45.531, 0, 81235, 97871, 100, 526.21
2026/10/10 17:05:45.531, 1, 109, 97871, 0, 91.18
2026/10/10 17:05:45.531, 2, 27, 97871, 0, 89.39
2026/10/10 17:05:45.531, 3, 32, 97871, 0, 94.77
2026/10/10 17:05:46.531, 0, 81235, 97871, 100, 529.47
2026/10/10 17:05:46.531, 1, 109, 97871, 0, 91.12
2026/10/10 17:05:46.531, 2, 27, 97871, 0, 89.34
2026/10/10 17:05:46.531, 3, 32, 97871, 0, 94.43
2026/10/10 17:05:47.531, 0, 81235, 97871, 100, 493.97
2026/10/10 17:05:47.531, 1, 109, 97871, 0, 91.00
2026/10/10 17:05:47.531, 2, 27, 97871, 0, 89.30
2026/10/10 17:05:47.531, 3, 32, 97871, 0, 94.68
2026/10/10 17:05:48.531, 0, 81235, 97871, 99, 468.56
2026/10/10 17:05:48.531, 1, 109, 97871, 0, 91.15
2026/10/10 17:05:48.531, 2, 27, 97871, 0, 89.37
2026/10/10 17:05:48.531, 3, 32, 97871, 0, 94.47
2026/10/10 17:05:49.532, 0, 81235, 97871, 100, 509.96
2026/10/10 17:05:49.532, 1, 109, 97871, 0, 90.82
2026/10/10 17:05:49.532, 2, 27, 97871, 0, 89.38
2026/10/10 17:05:49.532, 3, 32, 97871, 0, 94.62
2026/10/10 17:05:50.532, 0, 81235, 97871, 95, 512.43
2026/10/10 17:05:50.532, 1, 109, 97871, 0, 91.20
2026/10/10 17:05:50.532, 2, 27, 97871, 0, 89.71
2026/10/10 17:05:50.532, 3, 32, 97871, 0, 94.67
2026/10/10 17:05:51.532, 0, 81235, 97871, 100, 506.12
2026/10/10 17:05:51.532, 1, 109, 97871, 0, 91.14
2026/10/10 17:05:51.537, 2, 27, 97871, 0, 89.47
2026/10/10 17:05:51.537, 3, 32, 97871, 0, 94.46
2026/10/10 17:05:52.537, 0, 81235, 97871, 100, 511.00
2026/10/10 17:05:52.537, 1, 109, 97871, 0, 91.29
2026/10/10 17:05:52.537, 2, 27, 97871, 0, 89.46
2026/10/10 17:05:52.537, 3, 32, 97871, 0, 94.38
2026/10/10 17:05:53.537, 0, 81235, 97871, 85, 512.21
2026/10/10 17:05:53.538, 1, 109, 97871, 0, 91.20
2026/10/10 17:05:53.538, 2, 27, 97871, 0, 89.61
2026/10/10 17:05:53.538, 3, 32, 97871, 0, 94.48
2026/10/10 17:05:54.538, 0, 81235, 97871, 90, 512.84
2026/10/10 17:05:54.538, 1, 109, 97871, 0, 91.12
2026/10/10 17:05:54.538, 2, 27, 97871, 0, 89.49
2026/10/10 17:05:54.538, 3, 32, 97871, 0, 94.52
2026/10/10 17:05:55.538, 0, 81235, 97871, 100, 508.38
2026/10/10 17:05:55.538, 1, 109, 97871, 0, 91.27
2026/10/10 17:05:55.538, 2, 27, 97871, 0, 89.40
2026/10/10 17:05:55.538, 3, 32, 97871, 0, 94.68
2026/10/10 17:05:56.538, 0, 81235, 97871, 100, 509.66
2026/10/10 17:05:56.538, 1, 109, 97871, 0, 91.17
2026/10/10 17:05:56.538, 2, 27, 97871, 0, 89.55
2026/10/10 17:05:56.538, 3, 32, 97871, 0, 94.70
2026/10/10 17:05:57.538, 0, 81235, 97871, 96, 504.15
2026/10/10 17:05:57.538, 1, 109, 97871, 0, 91.26
2026/10/10 17:05:57.538, 2, 27, 97871, 0, 89.62
2026/10/10 17:05:57.538, 3, 32, 97871, 0, 94.57
2026/10/10 17:05:58.539, 0, 81235, 97871, 98, 500.19
2026/10/10 17:05:58.539, 1, 109, 97871, 0, 91.32
2026/10/10 17:05:58.539, 2, 27, 97871, 0, 89.52
2026/10/10 17:05:58.539, 3, 32, 97871, 0, 94.75
2026/10/10 17:05:59.539, 0, 81235, 97871, 98, 500.86
2026/10/10 17:05:59.539, 1, 109, 97871, 0, 91.14
2026/10/10 17:05:59.539, 2, 27, 97871, 0, 89.51
2026/10/10 17:05:59.539, 3, 32, 97871, 0, 94.57
2026/10/10 17:06:00.539, 0, 81235, 97871, 100, 509.54
2026/10/10 17:06:00.539, 1, 109, 97871, 0, 91.16
2026/10/10 17:06:00.539, 2, 27, 97871, 0, 89.49
2026/10/10 17:06:00.539, 3, 32, 97871, 0, 94.55
2026/10/10 17:06:01.539, 0, 81235, 97871, 100, 503.46
2026/10/10 17:06:01.539, 1, 109, 97871, 0, 91.09
2026/10/10 17:06:01.545, 2, 27, 97871, 0, 89.35
2026/10/10 17:06:01.545, 3, 32, 97871, 0, 94.50
2026/10/10 17:06:02.545, 0, 81235, 97871, 100, 505.96
2026/10/10 17:06:02.545, 1, 109, 97871, 0, 91.26
2026/10/10 17:06:02.545, 2, 27, 97871, 0, 89.42
2026/10/10 17:06:02.545, 3, 32, 97871, 0, 94.65
2026/10/10 17:06:03.545, 0, 81235, 97871, 96, 502.12
2026/10/10 17:06:03.545, 1, 109, 97871, 0, 91.30
2026/10/10 17:06:03.545, 2, 27, 97871, 0, 89.33
2026/10/10 17:06:03.545, 3, 32, 97871, 0, 94.66
2026/10/10 17:06:04.545, 0, 81235, 97871, 100, 509.26
2026/10/10 17:06:04.545, 1, 109, 97871, 0, 91.20
2026/10/10 17:06:04.545, 2, 27, 97871, 0, 89.40
2026/10/10 17:06:04.545, 3, 32, 97871, 0, 94.58
2026/10/10 17:06:05.545, 0, 81235, 97871, 98, 507.32
2026/10/10 17:06:05.545, 1, 109, 97871, 0, 91.23
2026/10/10 17:06:05.545, 2, 27, 97871, 0, 89.40
2026/10/10 17:06:05.546, 3, 32, 97871, 0, 94.54
2026/10/10 17:06:06.546, 0, 81235, 97871, 100, 500.72
2026/10/10 17:06:06.546, 1, 109, 97871, 0, 91.19
2026/10/10 17:06:06.546, 2, 27, 97871, 0, 89.45
2026/10/10 17:06:06.546, 3, 32, 97871, 0, 94.44
2026/10/10 17:06:07.546, 0, 81235, 97871, 100, 512.91
2026/10/10 17:06:07.546, 1, 109, 97871, 0, 91.22
2026/10/10 17:06:07.546, 2, 27, 97871, 0, 89.38
2026/10/10 17:06:07.546, 3, 32, 97871, 0, 94.59
2026/10/10 17:06:08.546, 0, 81235, 97871, 100, 514.23
2026/10/10 17:06:08.546, 1, 109, 97871, 0, 91.42
2026/10/10 17:06:08.546, 2, 27, 97871, 0, 89.47
2026/10/10 17:06:08.546, 3, 32, 97871, 0, 94.42
2026/10/10 17:06:09.546, 0, 81235, 97871, 100, 521.14
2026/10/10 17:06:09.546, 1, 109, 97871, 0, 91.26
2026/10/10 17:06:09.546, 2, 27, 97871, 0, 89.59
2026/10/10 17:06:09.546, 3, 32, 97871, 0, 94.50
2026/10/10 17:06:10.546, 0, 81235, 97871, 100, 529.10
2026/10/10 17:06:10.546, 1, 109, 97871, 0, 91.36
2026/10/10 17:06:10.547, 2, 27, 97871, 0, 89.40
2026/10/10 17:06:10.547, 3, 32, 97871, 0, 94.51
2026/10/10 17:06:11.547, 0, 81235, 97871, 100, 526.96
2026/10/10 17:06:11.547, 1, 109, 97871, 0, 91.25
2026/10/10 17:06:11.552, 2, 27, 97871, 0, 89.28
2026/10/10 17:06:11.552, 3, 32, 97871, 0, 94.53
2026/10/10 17:06:12.552, 0, 81235, 97871, 100, 496.57
2026/10/10 17:06:12.552, 1, 109, 97871, 0, 91.15
2026/10/10 17:06:12.552, 2, 27, 97871, 0, 89.32
2026/10/10 17:06:12.552, 3, 32, 97871, 0, 94.51
2026/10/10 17:06:13.552, 0, 81235, 97871, 99, 466.68
2026/10/10 17:06:13.552, 1, 109, 97871, 0, 91.17
2026/10/10 17:06:13.552, 2, 27, 97871, 0, 89.17
2026/10/10 17:06:13.552, 3, 32, 97871, 0, 94.67
2026/10/10 17:06:14.552, 0, 81235, 97871, 99, 455.37
2026/10/10 17:06:14.552, 1, 109, 97871, 0, 91.30
2026/10/10 17:06:14.552, 2, 27, 97871, 0, 89.22
2026/10/10 17:06:14.552, 3, 32, 97871, 0, 94.71
2026/10/10 17:06:15.553, 0, 81235, 97871, 100, 430.52
2026/10/10 17:06:15.553, 1, 109, 97871, 0, 91.16
2026/10/10 17:06:15.553, 2, 27, 97871, 0, 89.39
2026/10/10 17:06:15.553, 3, 32, 97871, 0, 94.54
2026/10/10 17:06:16.553, 0, 81235, 97871, 100, 522.87
2026/10/10 17:06:16.553, 1, 109, 97871, 0, 91.16
2026/10/10 17:06:16.553, 2, 27, 97871, 0, 89.21
2026/10/10 17:06:16.553, 3, 32, 97871, 0, 94.59
2026/10/10 17:06:17.553, 0, 81235, 97871, 100, 508.50
2026/10/10 17:06:17.553, 1, 109, 97871, 0, 91.32
2026/10/10 17:06:17.553, 2, 27, 97871, 0, 89.38
2026/10/10 17:06:17.553, 3, 32, 97871, 0, 94.56
2026/10/10 17:06:18.553, 0, 81235, 97871, 100, 504.16
2026/10/10 17:06:18.553, 1, 109, 97871, 0, 91.50
2026/10/10 17:06:18.553, 2, 27, 97871, 0, 89.43
2026/10/10 17:06:18.553, 3, 32, 97871, 0, 94.69
2026/10/10 17:06:19.554, 0, 81235, 97871, 100, 505.57
2026/10/10 17:06:19.554, 1, 109, 97871, 0, 91.50
2026/10/10 17:06:19.554, 2, 27, 97871, 0, 89.57
2026/10/10 17:06:19.554, 3, 32, 97871, 0, 94.73
2026/10/10 17:06:20.554, 0, 81235, 97871, 100, 510.31
2026/10/10 17:06:20.554, 1, 109, 97871, 0, 91.49
2026/10/10 17:06:20.554, 2, 27, 97871, 0, 89.36
2026/10/10 17:06:20.554, 3, 32, 97871, 0, 94.55
2026/10/10 17:06:21.554, 0, 81235, 97871, 100, 511.87
2026/10/10 17:06:21.554, 1, 109, 97871, 0, 91.51
2026/10/10 17:06:21.570, 2, 27, 97871, 0, 89.36
2026/10/10 17:06:21.570, 3, 32, 97871, 0, 94.58
2026/10/10 17:06:22.570, 0, 81235, 97871, 100, 519.14
2026/10/10 17:06:22.570, 1, 109, 97871, 0, 91.44
2026/10/10 17:06:22.570, 2, 27, 97871, 0, 89.17
2026/10/10 17:06:22.570, 3, 32, 97871, 0, 94.58
2026/10/10 17:06:23.570, 0, 81235, 97871, 100, 523.75
2026/10/10 17:06:23.570, 1, 109, 97871, 0, 91.41
2026/10/10 17:06:23.570, 2, 27, 97871, 0, 89.18
2026/10/10 17:06:23.570, 3, 32, 97871, 0, 94.54
2026/10/10 17:06:24.570, 0, 81235, 97871, 100, 526.42
2026/10/10 17:06:24.570, 1, 109, 97871, 0, 91.33
2026/10/10 17:06:24.570, 2, 27, 97871, 0, 89.32
2026/10/10 17:06:24.570, 3, 32, 97871, 0, 94.73
2026/10/10 17:06:25.571, 0, 81235, 97871, 100, 527.30
2026/10/10 17:06:25.571, 1, 109, 97871, 0, 91.40
2026/10/10 17:06:25.571, 2, 27, 97871, 0, 89.34
2026/10/10 17:06:25.571, 3, 32, 97871, 0, 94.68
2026/10/10 17:06:26.571, 0, 81235, 97871, 39, 478.97
2026/10/10 17:06:26.571, 1, 109, 97871, 0, 91.32
2026/10/10 17:06:26.571, 2, 27, 97871, 0, 89.19
2026/10/10 17:06:26.571, 3, 32, 97871, 0, 94.55
2026/10/10 17:06:27.571, 0, 81235, 97871, 100, 529.33
2026/10/10 17:06:27.571, 1, 109, 97871, 0, 91.37
2026/10/10 17:06:27.571, 2, 27, 97871, 0, 89.28
2026/10/10 17:06:27.571, 3, 32, 97871, 0, 94.73
2026/10/10 17:06:28.571, 0, 81235, 97871, 100, 523.04
2026/10/10 17:06:28.571, 1, 109, 97871, 0, 91.13
2026/10/10 17:06:28.571, 2, 27, 97871, 0, 89.20
2026/10/10 17:06:28.571, 3, 32, 97871, 0, 94.63
2026/10/10 17:06:29.571, 0, 81235, 97871, 100, 496.42
2026/10/10 17:06:29.572, 1, 109, 97871, 0, 91.45
2026/10/10 17:06:29.572, 2, 27, 97871, 0, 89.45
2026/10/10 17:06:29.572, 3, 32, 97871, 0, 94.62
2026/10/10 17:06:30.572, 0, 81235, 97871, 100, 502.54
2026/10/10 17:06:30.572, 1, 109, 97871, 0, 91.47
2026/10/10 17:06:30.572, 2, 27, 97871, 0, 89.40
2026/10/10 17:06:30.572, 3, 32, 97871, 0, 94.59
2026/10/10 17:06:31.572, 0, 81235, 97871, 100, 504.80
2026/10/10 17:06:31.572, 1, 109, 97871, 0, 91.71
2026/10/10 17:06:31.581, 2, 27, 97871, 0, 89.40
2026/10/10 17:06:31.581, 3, 32, 97871, 0, 94.58
2026/10/10 17:06:32.581, 0, 81235, 97871, 100, 502.33
2026/10/10 17:06:32.581, 1, 109, 97871, 0, 91.65
2026/10/10 17:06:32.581, 2, 27, 97871, 0, 89.41
2026/10/10 17:06:32.581, 3, 32, 97871, 0, 94.54
2026/10/10 17:06:33.581, 0, 81235, 97871, 100, 503.95
2026/10/10 17:06:33.581, 1, 109, 97871, 0, 91.63
2026/10/10 17:06:33.581, 2, 27, 97871, 0, 89.52
2026/10/10 17:06:33.581, 3, 32, 97871, 0, 94.64
2026/10/10 17:06:34.581, 0, 81235, 97871, 100, 503.95
2026/10/10 17:06:34.581, 1, 109, 97871, 0, 91.53
2026/10/10 17:06:34.581, 2, 27, 97871, 0, 89.52
2026/10/10 17:06:34.581, 3, 32, 97871, 0, 94.80
2026/10/10 17:06:35.581, 0, 81235, 97871, 100, 505.07
2026/10/10 17:06:35.581, 1, 109, 97871, 0, 91.48
2026/10/10 17:06:35.581, 2, 27, 97871, 0, 89.37
2026/10/10 17:06:35.581, 3, 32, 97871, 0, 94.82
2026/10/10 17:06:36.582, 0, 81235, 97871, 100, 501.84
2026/10/10 17:06:36.582, 1, 109, 97871, 0, 91.46
2026/10/10 17:06:36.582, 2, 27, 97871, 0, 89.61
2026/10/10 17:06:36.582, 3, 32, 97871, 0, 94.76
2026/10/10 17:06:37.582, 0, 81235, 97871, 100, 507.30
2026/10/10 17:06:37.582, 1, 109, 97871, 0, 91.39
2026/10/10 17:06:37.582, 2, 27, 97871, 0, 89.74
2026/10/10 17:06:37.582, 3, 32, 97871, 0, 94.70
2026/10/10 17:06:38.582, 0, 81235, 97871, 100, 505.97
2026/10/10 17:06:38.582, 1, 109, 97871, 0, 91.51
2026/10/10 17:06:38.582, 2, 27, 97871, 0, 89.59
2026/10/10 17:06:38.582, 3, 32, 97871, 0, 94.72
2026/10/10 17:06:39.582, 0, 81235, 97871, 100, 504.77
2026/10/10 17:06:39.582, 1, 109, 97871, 0, 91.44
2026/10/10 17:06:39.582, 2, 27, 97871, 0, 89.54
2026/10/10 17:06:39.582, 3, 32, 97871, 0, 94.77
2026/10/10 17:06:40.582, 0, 81235, 97871, 100, 506.05
2026/10/10 17:06:40.582, 1, 109, 97871, 0, 91.40
2026/10/10 17:06:40.583, 2, 27, 97871, 0, 89.32
2026/10/10 17:06:40.583, 3, 32, 97871, 0, 94.86
2026/10/10 17:06:41.583, 0, 81235, 97871, 100, 505.80
2026/10/10 17:06:41.583, 1, 109, 97871, 0, 91.62
2026/10/10 17:06:41.588, 2, 27, 97871, 0, 89.37
2026/10/10 17:06:41.588, 3, 32, 97871, 0, 94.77
2026/10/10 17:06:42.588, 0, 81235, 97871, 100, 502.18
2026/10/10 17:06:42.588, 1, 109, 97871, 0, 91.59
2026/10/10 17:06:42.588, 2, 27, 97871, 0, 89.31
2026/10/10 17:06:42.588, 3, 32, 97871, 0, 94.67
2026/10/10 17:06:43.588, 0, 81235, 97871, 100, 505.63
2026/10/10 17:06:43.588, 1, 109, 97871, 0, 91.62
2026/10/10 17:06:43.588, 2, 27, 97871, 0, 89.48
2026/10/10 17:06:43.588, 3, 32, 97871, 0, 94.80
2026/10/10 17:06:44.588, 0, 81235, 97871, 100, 502.85
2026/10/10 17:06:44.588, 1, 109, 97871, 0, 91.72
2026/10/10 17:06:44.589, 2, 27, 97871, 0, 89.46
2026/10/10 17:06:44.589, 3, 32, 97871, 0, 94.62
2026/10/10 17:06:45.589, 0, 81235, 97871, 100, 503.91
2026/10/10 17:06:45.589, 1, 109, 97871, 0, 91.44
2026/10/10 17:06:45.589, 2, 27, 97871, 0, 89.35
2026/10/10 17:06:45.589, 3, 32, 97871, 0, 94.49
2026/10/10 17:06:46.589, 0, 81235, 97871, 100, 503.50
2026/10/10 17:06:46.589, 1, 109, 97871, 0, 91.50
2026/10/10 17:06:46.589, 2, 27, 97871, 0, 89.41
2026/10/10 17:06:46.589, 3, 32, 97871, 0, 94.58
2026/10/10 17:06:47.589, 0, 81235, 97871, 100, 504.19
2026/10/10 17:06:47.589, 1, 109, 97871, 0, 91.62
2026/10/10 17:06:47.589, 2, 27, 97871, 0, 89.43
2026/10/10 17:06:47.589, 3, 32, 97871, 0, 94.87
2026/10/10 17:06:48.589, 0, 81235, 97871, 100, 504.73
2026/10/10 17:06:48.589, 1, 109, 97871, 0, 91.52
2026/10/10 17:06:48.589, 2, 27, 97871, 0, 89.46
2026/10/10 17:06:48.589, 3, 32, 97871, 0, 94.76
2026/10/10 17:06:49.589, 0, 81235, 97871, 100, 502.28
2026/10/10 17:06:49.590, 1, 109, 97871, 0, 91.68
2026/10/10 17:06:49.590, 2, 27, 97871, 0, 89.40
2026/10/10 17:06:49.590, 3, 32, 97871, 0, 94.69
2026/10/10 17:06:50.590, 0, 81235, 97871, 100, 503.02
2026/10/10 17:06:50.590, 1, 109, 97871, 0, 91.73
2026/10/10 17:06:50.590, 2, 27, 97871, 0, 89.34
2026/10/10 17:06:50.590, 3, 32, 97871, 0, 94.67
2026/10/10 17:06:51.590, 0, 81235, 97871, 100, 503.80
2026/10/10 17:06:51.590, 1, 109, 97871, 0, 91.61
2026/10/10 17:06:51.595, 2, 27, 97871, 0, 89.29
2026/10/10 17:06:51.595, 3, 32, 97871, 0, 94.82
2026/10/10 17:06:52.595, 0, 81235, 97871, 100, 503.04
2026/10/10 17:06:52.595, 1, 109, 97871, 0, 91.70
2026/10/10 17:06:52.595, 2, 27, 97871, 0, 89.34
2026/10/10 17:06:52.595, 3, 32, 97871, 0, 94.72
2026/10/10 17:06:53.595, 0, 81235, 97871, 100, 502.86
2026/10/10 17:06:53.595, 1, 109, 97871, 0, 91.47
2026/10/10 17:06:53.595, 2, 27, 97871, 0, 89.43
2026/10/10 17:06:53.596, 3, 32, 97871, 0, 94.77
2026/10/10 17:06:54.596, 0, 81235, 97871, 100, 503.07
2026/10/10 17:06:54.596, 1, 109, 97871, 0, 91.44
2026/10/10 17:06:54.596, 2, 27, 97871, 0, 89.19
2026/10/10 17:06:54.596, 3, 32, 97871, 0, 94.70
2026/10/10 17:06:55.596, 0, 81235, 97871, 100, 504.17
2026/10/10 17:06:55.596, 1, 109, 97871, 0, 91.43
2026/10/10 17:06:55.596, 2, 27, 97871, 0, 89.32
2026/10/10 17:06:55.596, 3, 32, 97871, 0, 94.65
2026/10/10 17:06:56.596, 0, 81235, 97871, 100, 504.41
2026/10/10 17:06:56.596, 1, 109, 97871, 0, 91.52
2026/10/10 17:06:56.596, 2, 27, 97871, 0, 89.40
2026/10/10 17:06:56.596, 3, 32, 97871, 0, 94.67
2026/10/10 17:06:57.596, 0, 81235, 97871, 100, 505.57
2026/10/10 17:06:57.596, 1, 109, 97871, 0, 91.59
2026/10/10 17:06:57.596, 2, 27, 97871, 0, 89.43
2026/10/10 17:06:57.596, 3, 32, 97871, 0, 94.70
2026/10/10 17:06:58.596, 0, 81235, 97871, 100, 508.79
2026/10/10 17:06:58.597, 1, 109, 97871, 0, 91.57
2026/10/10 17:06:58.597, 2, 27, 97871, 0, 89.39
2026/10/10 17:06:58.597, 3, 32, 97871, 0, 94.91
2026/10/10 17:06:59.597, 0, 81235, 97871, 100, 514.38
2026/10/10 17:06:59.597, 1, 109, 97871, 0, 91.53
2026/10/10 17:06:59.597, 2, 27, 97871, 0, 89.45
2026/10/10 17:06:59.597, 3, 32, 97871, 0, 94.82
2026/10/10 17:07:00.597, 0, 81235, 97871, 100, 522.56
2026/10/10 17:07:00.597, 1, 109, 97871, 0, 91.46
2026/10/10 17:07:00.597, 2, 27, 97871, 0, 89.36
2026/10/10 17:07:00.597, 3, 32, 97871, 0, 94.59
2026/10/10 17:07:01.597, 0, 81235, 97871, 100, 527.18
2026/10/10 17:07:01.597, 1, 109, 97871, 0, 91.45
2026/10/10 17:07:01.604, 2, 27, 97871, 0, 89.22
2026/10/10 17:07:01.604, 3, 32, 97871, 0, 94.78
2026/10/10 17:07:02.604, 0, 81235, 97871, 100, 518.98
2026/10/10 17:07:02.604, 1, 109, 97871, 0, 91.38
2026/10/10 17:07:02.604, 2, 27, 97871, 0, 89.15
2026/10/10 17:07:02.604, 3, 32, 97871, 0, 94.72
2026/10/10 17:07:03.604, 0, 81235, 97871, 99, 472.23
2026/10/10 17:07:03.604, 1, 109, 97871, 0, 91.20
2026/10/10 17:07:03.604, 2, 27, 97871, 0, 89.12
2026/10/10 17:07:03.604, 3, 32, 97871, 0, 94.88
2026/10/10 17:07:04.604, 0, 81235, 97871, 8, 415.85
2026/10/10 17:07:04.604, 1, 109, 97871, 0, 91.41
2026/10/10 17:07:04.604, 2, 27, 97871, 0, 89.23
2026/10/10 17:07:04.604, 3, 32, 97871, 0, 94.64
2026/10/10 17:07:05.604, 0, 81235, 97871, 100, 419.37
2026/10/10 17:07:05.605, 1, 109, 97871, 0, 91.46
2026/10/10 17:07:05.605, 2, 27, 97871, 0, 89.29
2026/10/10 17:07:05.605, 3, 32, 97871, 0, 94.70
2026/10/10 17:07:06.605, 0, 81235, 97871, 100, 520.94
2026/10/10 17:07:06.605, 1, 109, 97871, 0, 91.24
2026/10/10 17:07:06.605, 2, 27, 97871, 0, 89.21
2026/10/10 17:07:06.605, 3, 32, 97871, 0, 94.91
2026/10/10 17:07:07.605, 0, 81235, 97871, 100, 522.90
2026/10/10 17:07:07.605, 1, 109, 97871, 0, 91.16
2026/10/10 17:07:07.605, 2, 27, 97871, 0, 89.06
2026/10/10 17:07:07.605, 3, 32, 97871, 0, 94.66
2026/10/10 17:07:08.605, 0, 81235, 97871, 100, 518.61
2026/10/10 17:07:08.605, 1, 109, 97871, 0, 91.11
2026/10/10 17:07:08.605, 2, 27, 97871, 0, 89.06
2026/10/10 17:07:08.605, 3, 32, 97871, 0, 94.77
2026/10/10 17:07:09.605, 0, 81235, 97871, 100, 508.05
2026/10/10 17:07:09.605, 1, 109, 97871, 0, 91.56
2026/10/10 17:07:09.605, 2, 27, 97871, 0, 89.32
2026/10/10 17:07:09.605, 3, 32, 97871, 0, 94.62
2026/10/10 17:07:10.606, 0, 81235, 97871, 100, 505.48
2026/10/10 17:07:10.606, 1, 109, 97871, 0, 91.79
2026/10/10 17:07:10.606, 2, 27, 97871, 0, 89.51
2026/10/10 17:07:10.606, 3, 32, 97871, 0, 94.60
2026/10/10 17:07:11.606, 0, 81235, 97871, 100, 507.16
2026/10/10 17:07:11.606, 1, 109, 97871, 0, 91.68
2026/10/10 17:07:11.611, 2, 27, 97871, 0, 89.37
2026/10/10 17:07:11.611, 3, 32, 97871, 0, 94.73
2026/10/10 17:07:12.611, 0, 81235, 97871, 100, 504.74
2026/10/10 17:07:12.611, 1, 109, 97871, 0, 91.68
2026/10/10 17:07:12.611, 2, 27, 97871, 0, 89.38
2026/10/10 17:07:12.611, 3, 32, 97871, 0, 94.66
2026/10/10 17:07:13.611, 0, 81235, 97871, 100, 509.16
2026/10/10 17:07:13.611, 1, 109, 97871, 0, 91.79
2026/10/10 17:07:13.612, 2, 27, 97871, 0, 89.38
2026/10/10 17:07:13.612, 3, 32, 97871, 0, 94.68
2026/10/10 17:07:14.612, 0, 81235, 97871, 100, 509.75
2026/10/10 17:07:14.612, 1, 109, 97871, 0, 91.66
2026/10/10 17:07:14.612, 2, 27, 97871, 0, 89.39
2026/10/10 17:07:14.612, 3, 32, 97871, 0, 94.64
2026/10/10 17:07:15.612, 0, 81235, 97871, 100, 508.61
2026/10/10 17:07:15.612, 1, 109, 97871, 0, 91.79
2026/10/10 17:07:15.612, 2, 27, 97871, 0, 89.43
2026/10/10 17:07:15.612, 3, 32, 97871, 0, 94.79
2026/10/10 17:07:16.612, 0, 81235, 97871, 100, 509.51
2026/10/10 17:07:16.612, 1, 109, 97871, 0, 91.55
2026/10/10 17:07:16.612, 2, 27, 97871, 0, 89.47
2026/10/10 17:07:16.612, 3, 32, 97871, 0, 94.60
2026/10/10 17:07:17.612, 0, 81235, 97871, 100, 507.71
2026/10/10 17:07:17.612, 1, 109, 97871, 0, 91.62
2026/10/10 17:07:17.612, 2, 27, 97871, 0, 89.31
2026/10/10 17:07:17.612, 3, 32, 97871, 0, 94.63
2026/10/10 17:07:18.612, 0, 81235, 97871, 100, 507.76
2026/10/10 17:07:18.613, 1, 109, 97871, 0, 91.43
2026/10/10 17:07:18.613, 2, 27, 97871, 0, 89.28
2026/10/10 17:07:18.613, 3, 32, 97871, 0, 94.73
2026/10/10 17:07:19.613, 0, 81235, 97871, 100, 511.84
2026/10/10 17:07:19.613, 1, 109, 97871, 0, 91.57
2026/10/10 17:07:19.613, 2, 27, 97871, 0, 89.27
2026/10/10 17:07:19.613, 3, 32, 97871, 0, 94.70
2026/10/10 17:07:20.613, 0, 81235, 97871, 100, 515.31
2026/10/10 17:07:20.613, 1, 109, 97871, 0, 91.58
2026/10/10 17:07:20.613, 2, 27, 97871, 0, 89.16
2026/10/10 17:07:20.613, 3, 32, 97871, 0, 94.74
2026/10/10 17:07:21.613, 0, 81235, 97871, 100, 522.39
2026/10/10 17:07:21.613, 1, 109, 97871, 0, 91.52
2026/10/10 17:07:21.619, 2, 27, 97871, 0, 89.15
2026/10/10 17:07:21.619, 3, 32, 97871, 0, 94.82
2026/10/10 17:07:22.619, 0, 81235, 97871, 33, 487.41
2026/10/10 17:07:22.619, 1, 109, 97871, 0, 91.45
2026/10/10 17:07:22.619, 2, 27, 97871, 0, 89.16
2026/10/10 17:07:22.619, 3, 32, 97871, 0, 94.76
2026/10/10 17:07:23.620, 0, 81235, 97871, 100, 518.11
2026/10/10 17:07:23.620, 1, 109, 97871, 0, 91.48
2026/10/10 17:07:23.620, 2, 27, 97871, 0, 89.18
2026/10/10 17:07:23.620, 3, 32, 97871, 0, 94.78
2026/10/10 17:07:24.620, 0, 81235, 97871, 100, 517.19
2026/10/10 17:07:24.620, 1, 109, 97871, 0, 91.19
2026/10/10 17:07:24.620, 2, 27, 97871, 0, 89.10
2026/10/10 17:07:24.620, 3, 32, 97871, 0, 94.79
2026/10/10 17:07:25.620, 0, 81235, 97871, 100, 519.44
2026/10/10 17:07:25.620, 1, 109, 97871, 0, 91.34
2026/10/10 17:07:25.620, 2, 27, 97871, 0, 89.07
2026/10/10 17:07:25.620, 3, 32, 97871, 0, 94.69
2026/10/10 17:07:26.620, 0, 81235, 97871, 100, 518.91
2026/10/10 17:07:26.620, 1, 109, 97871, 0, 91.14
2026/10/10 17:07:26.620, 2, 27, 97871, 0, 89.01
2026/10/10 17:07:26.620, 3, 32, 97871, 0, 94.65
2026/10/10 17:07:27.620, 0, 81235, 97871, 100, 501.98
2026/10/10 17:07:27.620, 1, 109, 97871, 0, 91.61
2026/10/10 17:07:27.620, 2, 27, 97871, 0, 89.16
2026/10/10 17:07:27.620, 3, 32, 97871, 0, 94.81
2026/10/10 17:07:28.620, 0, 81235, 97871, 100, 503.49
2026/10/10 17:07:28.621, 1, 109, 97871, 0, 91.74
2026/10/10 17:07:28.621, 2, 27, 97871, 0, 89.23
2026/10/10 17:07:28.621, 3, 32, 97871, 0, 94.67
2026/10/10 17:07:29.621, 0, 81235, 97871, 100, 502.08
2026/10/10 17:07:29.621, 1, 109, 97871, 0, 91.73
2026/10/10 17:07:29.621, 2, 27, 97871, 0, 89.01
2026/10/10 17:07:29.621, 3, 32, 97871, 0, 94.74
2026/10/10 17:07:30.621, 0, 81235, 97871, 100, 504.01
2026/10/10 17:07:30.621, 1, 109, 97871, 0, 91.72
2026/10/10 17:07:30.621, 2, 27, 97871, 0, 89.07
2026/10/10 17:07:30.621, 3, 32, 97871, 0, 94.68
2026/10/10 17:07:31.621, 0, 81235, 97871, 100, 500.36
2026/10/10 17:07:31.621, 1, 109, 97871, 0, 91.77
2026/10/10 17:07:31.627, 2, 27, 97871, 0, 89.12
2026/10/10 17:07:31.627, 3, 32, 97871, 0, 94.68
2026/10/10 17:07:32.627, 0, 81235, 97871, 100, 501.89
2026/10/10 17:07:32.627, 1, 109, 97871, 0, 91.75
2026/10/10 17:07:32.627, 2, 27, 97871, 0, 89.18
2026/10/10 17:07:32.627, 3, 32, 97871, 0, 94.89
2026/10/10 17:07:33.627, 0, 81235, 97871, 100, 501.54
2026/10/10 17:07:33.627, 1, 109, 97871, 0, 91.85
2026/10/10 17:07:33.627, 2, 27, 97871, 0, 89.25
2026/10/10 17:07:33.627, 3, 32, 97871, 0, 94.87
2026/10/10 17:07:34.627, 0, 81235, 97871, 100, 503.69
2026/10/10 17:07:34.627, 1, 109, 97871, 0, 91.72
2026/10/10 17:07:34.627, 2, 27, 97871, 0, 89.15
2026/10/10 17:07:34.627, 3, 32, 97871, 0, 94.88
2026/10/10 17:07:35.627, 0, 81235, 97871, 100, 506.81
2026/10/10 17:07:35.627, 1, 109, 97871, 0, 91.63
2026/10/10 17:07:35.627, 2, 27, 97871, 0, 89.20
2026/10/10 17:07:35.627, 3, 32, 97871, 0, 94.78
2026/10/10 17:07:36.627, 0, 81235, 97871, 100, 502.63
2026/10/10 17:07:36.627, 1, 109, 97871, 0, 91.71
2026/10/10 17:07:36.627, 2, 27, 97871, 0, 89.07
2026/10/10 17:07:36.628, 3, 32, 97871, 0, 94.79
2026/10/10 17:07:37.628, 0, 81235, 97871, 100, 506.50
2026/10/10 17:07:37.628, 1, 109, 97871, 0, 91.69
2026/10/10 17:07:37.628, 2, 27, 97871, 0, 89.20
2026/10/10 17:07:37.628, 3, 32, 97871, 0, 94.88
2026/10/10 17:07:38.628, 0, 81235, 97871, 100, 505.62
2026/10/10 17:07:38.628, 1, 109, 97871, 0, 91.80
2026/10/10 17:07:38.628, 2, 27, 97871, 0, 89.11
2026/10/10 17:07:38.628, 3, 32, 97871, 0, 94.76
2026/10/10 17:07:39.628, 0, 81235, 97871, 100, 504.04
2026/10/10 17:07:39.628, 1, 109, 97871, 0, 91.64
2026/10/10 17:07:39.628, 2, 27, 97871, 0, 89.19
2026/10/10 17:07:39.628, 3, 32, 97871, 0, 94.81
2026/10/10 17:07:40.628, 0, 81235, 97871, 100, 503.59
2026/10/10 17:07:40.628, 1, 109, 97871, 0, 91.68
2026/10/10 17:07:40.628, 2, 27, 97871, 0, 89.07
2026/10/10 17:07:40.628, 3, 32, 97871, 0, 94.71
2026/10/10 17:07:41.628, 0, 81235, 97871, 100, 506.13
2026/10/10 17:07:41.628, 1, 109, 97871, 0, 91.62
2026/10/10 17:07:41.634, 2, 27, 97871, 0, 89.19
2026/10/10 17:07:41.634, 3, 32, 97871, 0, 94.82
2026/10/10 17:07:42.634, 0, 81235, 97871, 100, 506.97
2026/10/10 17:07:42.634, 1, 109, 97871, 0, 91.65
2026/10/10 17:07:42.634, 2, 27, 97871, 0, 89.17
2026/10/10 17:07:42.634, 3, 32, 97871, 0, 94.85
2026/10/10 17:07:43.634, 0, 81235, 97871, 100, 508.37
2026/10/10 17:07:43.634, 1, 109, 97871, 0, 91.62
2026/10/10 17:07:43.634, 2, 27, 97871, 0, 89.06
2026/10/10 17:07:43.634, 3, 32, 97871, 0, 94.77
2026/10/10 17:07:44.634, 0, 81235, 97871, 100, 504.68
2026/10/10 17:07:44.634, 1, 109, 97871, 0, 91.67
2026/10/10 17:07:44.634, 2, 27, 97871, 0, 89.08
2026/10/10 17:07:44.634, 3, 32, 97871, 0, 94.74
2026/10/10 17:07:45.634, 0, 81235, 97871, 100, 504.48
2026/10/10 17:07:45.634, 1, 109, 97871, 0, 91.63
2026/10/10 17:07:45.634, 2, 27, 97871, 0, 89.25
2026/10/10 17:07:45.634, 3, 32, 97871, 0, 94.80
2026/10/10 17:07:46.634, 0, 81235, 97871, 100, 508.12
2026/10/10 17:07:46.634, 1, 109, 97871, 0, 91.74
2026/10/10 17:07:46.634, 2, 27, 97871, 0, 89.12
2026/10/10 17:07:46.634, 3, 32, 97871, 0, 94.77
2026/10/10 17:07:47.635, 0, 81235, 97871, 100, 504.68
2026/10/10 17:07:47.635, 1, 109, 97871, 0, 91.68
2026/10/10 17:07:47.635, 2, 27, 97871, 0, 89.15
2026/10/10 17:07:47.635, 3, 32, 97871, 0, 94.68
2026/10/10 17:07:48.635, 0, 81235, 97871, 100, 505.17
2026/10/10 17:07:48.635, 1, 109, 97871, 0, 91.64
2026/10/10 17:07:48.635, 2, 27, 97871, 0, 89.11
2026/10/10 17:07:48.635, 3, 32, 97871, 0, 94.76
2026/10/10 17:07:49.635, 0, 81235, 97871, 100, 504.43
2026/10/10 17:07:49.635, 1, 109, 97871, 0, 91.73
2026/10/10 17:07:49.635, 2, 27, 97871, 0, 89.18
2026/10/10 17:07:49.635, 3, 32, 97871, 0, 94.74
2026/10/10 17:07:50.635, 0, 81235, 97871, 100, 506.27
2026/10/10 17:07:50.635, 1, 109, 97871, 0, 91.77
2026/10/10 17:07:50.635, 2, 27, 97871, 0, 89.06
2026/10/10 17:07:50.635, 3, 32, 97871, 0, 94.71
2026/10/10 17:07:51.635, 0, 81235, 97871, 100, 507.52
2026/10/10 17:07:51.635, 1, 109, 97871, 0, 91.60
2026/10/10 17:07:51.641, 2, 27, 97871, 0, 88.96
2026/10/10 17:07:51.641, 3, 32, 97871, 0, 94.82
2026/10/10 17:07:52.641, 0, 81235, 97871, 100, 506.38
2026/10/10 17:07:52.641, 1, 109, 97871, 0, 91.74
2026/10/10 17:07:52.641, 2, 27, 97871, 0, 89.09
2026/10/10 17:07:52.641, 3, 32, 97871, 0, 94.74
2026/10/10 17:07:53.641, 0, 81235, 97871, 100, 504.63
2026/10/10 17:07:53.641, 1, 109, 97871, 0, 91.63
2026/10/10 17:07:53.641, 2, 27, 97871, 0, 89.04
2026/10/10 17:07:53.641, 3, 32, 97871, 0, 94.75
2026/10/10 17:07:54.641, 0, 81235, 97871, 100, 506.35
2026/10/10 17:07:54.641, 1, 109, 97871, 0, 91.75
2026/10/10 17:07:54.641, 2, 27, 97871, 0, 89.13
2026/10/10 17:07:54.641, 3, 32, 97871, 0, 94.66
2026/10/10 17:07:55.641, 0, 81235, 97871, 100, 504.70
2026/10/10 17:07:55.642, 1, 109, 97871, 0, 91.83
2026/10/10 17:07:55.642, 2, 27, 97871, 0, 89.05
2026/10/10 17:07:55.642, 3, 32, 97871, 0, 94.79
2026/10/10 17:07:56.642, 0, 81235, 97871, 100, 506.10
2026/10/10 17:07:56.642, 1, 109, 97871, 0, 91.67
2026/10/10 17:07:56.642, 2, 27, 97871, 0, 88.99
2026/10/10 17:07:56.642, 3, 32, 97871, 0, 94.88
2026/10/10 17:07:57.642, 0, 81235, 97871, 100, 504.36
2026/10/10 17:07:57.642, 1, 109, 97871, 0, 91.77
2026/10/10 17:07:57.642, 2, 27, 97871, 0, 89.01
2026/10/10 17:07:57.642, 3, 32, 97871, 0, 94.79
2026/10/10 17:07:58.642, 0, 81235, 97871, 100, 503.26
2026/10/10 17:07:58.642, 1, 109, 97871, 0, 91.77
2026/10/10 17:07:58.642, 2, 27, 97871, 0, 88.97
2026/10/10 17:07:58.642, 3, 32, 97871, 0, 94.77
2026/10/10 17:07:59.642, 0, 81235, 97871, 100, 505.45
2026/10/10 17:07:59.642, 1, 109, 97871, 0, 91.83
2026/10/10 17:07:59.642, 2, 27, 97871, 0, 88.86
2026/10/10 17:07:59.642, 3, 32, 97871, 0, 94.91
2026/10/10 17:08:00.642, 0, 81235, 97871, 100, 504.55
2026/10/10 17:08:00.642, 1, 109, 97871, 0, 91.77
2026/10/10 17:08:00.642, 2, 27, 97871, 0, 89.01
2026/10/10 17:08:00.642, 3, 32, 97871, 0, 94.93
2026/10/10 17:08:01.642, 0, 81235, 97871, 100, 507.32
2026/10/10 17:08:01.642, 1, 109, 97871, 0, 91.77
2026/10/10 17:08:01.648, 2, 27, 97871, 0, 88.88
2026/10/10 17:08:01.648, 3, 32, 97871, 0, 94.82
2026/10/10 17:08:02.648, 0, 81235, 97871, 100, 505.38
2026/10/10 17:08:02.648, 1, 109, 97871, 0, 91.81
2026/10/10 17:08:02.648, 2, 27, 97871, 0, 89.09
2026/10/10 17:08:02.648, 3, 32, 97871, 0, 94.76
2026/10/10 17:08:03.649, 0, 81235, 97871, 100, 503.99
2026/10/10 17:08:03.649, 1, 109, 97871, 0, 91.79
2026/10/10 17:08:03.649, 2, 27, 97871, 0, 89.04
2026/10/10 17:08:03.649, 3, 32, 97871, 0, 94.67
2026/10/10 17:08:04.649, 0, 81235, 97871, 100, 504.66
2026/10/10 17:08:04.649, 1, 109, 97871, 0, 91.75
2026/10/10 17:08:04.649, 2, 27, 97871, 0, 89.11
2026/10/10 17:08:04.649, 3, 32, 97871, 0, 94.84
2026/10/10 17:08:05.649, 0, 81235, 97871, 100, 507.60
2026/10/10 17:08:05.649, 1, 109, 97871, 0, 91.73
2026/10/10 17:08:05.649, 2, 27, 97871, 0, 89.09
2026/10/10 17:08:05.649, 3, 32, 97871, 0, 94.90
2026/10/10 17:08:06.649, 0, 81235, 97871, 100, 506.52
2026/10/10 17:08:06.649, 1, 109, 97871, 0, 91.63
2026/10/10 17:08:06.649, 2, 27, 97871, 0, 89.13
2026/10/10 17:08:06.649, 3, 32, 97871, 0, 94.87
2026/10/10 17:08:07.649, 0, 81235, 97871, 100, 507.69
2026/10/10 17:08:07.649, 1, 108, 97871, 0, 91.87
2026/10/10 17:08:07.649, 2, 27, 97871, 0, 89.09
2026/10/10 17:08:07.649, 3, 32, 97871, 0, 94.82
2026/10/10 17:08:08.649, 0, 81235, 97871, 100, 504.76
2026/10/10 17:08:08.649, 1, 108, 97871, 0, 91.90
2026/10/10 17:08:08.649, 2, 27, 97871, 0, 89.02
2026/10/10 17:08:08.649, 3, 32, 97871, 0, 94.85
2026/10/10 17:08:09.649, 0, 81235, 97871, 100, 506.02
2026/10/10 17:08:09.649, 1, 108, 97871, 0, 91.71
2026/10/10 17:08:09.649, 2, 27, 97871, 0, 89.01
2026/10/10 17:08:09.650, 3, 32, 97871, 0, 94.82
2026/10/10 17:08:10.650, 0, 81235, 97871, 100, 505.94
2026/10/10 17:08:10.650, 1, 108, 97871, 0, 91.79
2026/10/10 17:08:10.650, 2, 27, 97871, 0, 89.11
2026/10/10 17:08:10.650, 3, 32, 97871, 0, 94.74
2026/10/10 17:08:11.650, 0, 81235, 97871, 100, 506.23
2026/10/10 17:08:11.650, 1, 108, 97871, 0, 91.86
2026/10/10 17:08:11.667, 2, 27, 97871, 0, 89.05
2026/10/10 17:08:11.667, 3, 32, 97871, 0, 94.86
2026/10/10 17:08:12.667, 0, 81235, 97871, 100, 505.22
2026/10/10 17:08:12.667, 1, 108, 97871, 0, 91.79
2026/10/10 17:08:12.667, 2, 27, 97871, 0, 89.14
2026/10/10 17:08:12.667, 3, 32, 97871, 0, 94.79
2026/10/10 17:08:13.667, 0, 81235, 97871, 100, 504.38
2026/10/10 17:08:13.667, 1, 108, 97871, 0, 91.76
2026/10/10 17:08:13.667, 2, 27, 97871, 0, 89.15
2026/10/10 17:08:13.667, 3, 32, 97871, 0, 94.73
2026/10/10 17:08:14.667, 0, 81235, 97871, 100, 505.83
2026/10/10 17:08:14.667, 1, 108, 97871, 0, 91.82
2026/10/10 17:08:14.667, 2, 27, 97871, 0, 89.09
2026/10/10 17:08:14.667, 3, 32, 97871, 0, 94.80
2026/10/10 17:08:15.667, 0, 81235, 97871, 100, 509.90
2026/10/10 17:08:15.668, 1, 108, 97871, 0, 91.88
2026/10/10 17:08:15.668, 2, 27, 97871, 0, 89.05
2026/10/10 17:08:15.668, 3, 32, 97871, 0, 94.79
2026/10/10 17:08:16.668, 0, 81235, 97871, 100, 508.89
2026/10/10 17:08:16.668, 1, 108, 97871, 0, 91.85
2026/10/10 17:08:16.668, 2, 27, 97871, 0, 89.03
2026/10/10 17:08:16.668, 3, 32, 97871, 0, 94.89
2026/10/10 17:08:17.668, 0, 81235, 97871, 100, 508.56
2026/10/10 17:08:17.668, 1, 108, 97871, 0, 91.82
2026/10/10 17:08:17.668, 2, 27, 97871, 0, 88.99
2026/10/10 17:08:17.668, 3, 32, 97871, 0, 95.07
2026/10/10 17:08:18.668, 0, 81235, 97871, 100, 506.39
2026/10/10 17:08:18.668, 1, 108, 97871, 0, 91.77
2026/10/10 17:08:18.668, 2, 27, 97871, 0, 88.86
2026/10/10 17:08:18.668, 3, 32, 97871, 0, 94.94
2026/10/10 17:08:19.668, 0, 81235, 97871, 100, 507.89
2026/10/10 17:08:19.668, 1, 108, 97871, 0, 91.85
2026/10/10 17:08:19.668, 2, 27, 97871, 0, 89.04
2026/10/10 17:08:19.668, 3, 32, 97871, 0, 95.05
2026/10/10 17:08:20.668, 0, 81235, 97871, 100, 509.04
2026/10/10 17:08:20.668, 1, 108, 97871, 0, 91.74
2026/10/10 17:08:20.668, 2, 27, 97871, 0, 88.77
2026/10/10 17:08:20.668, 3, 32, 97871, 0, 94.99
2026/10/10 17:08:21.668, 0, 81235, 97871, 100, 507.20
2026/10/10 17:08:21.668, 1, 108, 97871, 0, 91.68
2026/10/10 17:08:21.678, 2, 27, 97871, 0, 88.96
2026/10/10 17:08:21.678, 3, 32, 97871, 0, 94.82
2026/10/10 17:08:22.678, 0, 81235, 97871, 100, 512.55
2026/10/10 17:08:22.678, 1, 108, 97871, 0, 91.63
2026/10/10 17:08:22.678, 2, 27, 97871, 0, 88.86
2026/10/10 17:08:22.678, 3, 32, 97871, 0, 94.82
2026/10/10 17:08:23.678, 0, 81235, 97871, 100, 518.99
2026/10/10 17:08:23.678, 1, 108, 97871, 0, 91.64
2026/10/10 17:08:23.678, 2, 27, 97871, 0, 89.00
2026/10/10 17:08:23.678, 3, 32, 97871, 0, 94.78
2026/10/10 17:08:24.678, 0, 81235, 97871, 100, 528.33
2026/10/10 17:08:24.678, 1, 108, 97871, 0, 91.61
2026/10/10 17:08:24.678, 2, 27, 97871, 0, 89.00
2026/10/10 17:08:24.678, 3, 32, 97871, 0, 94.77
2026/10/10 17:08:25.678, 0, 81235, 97871, 99, 493.33
2026/10/10 17:08:25.678, 1, 108, 97871, 0, 91.40
2026/10/10 17:08:25.678, 2, 27, 97871, 0, 88.93
2026/10/10 17:08:25.678, 3, 32, 97871, 0, 94.72
2026/10/10 17:08:26.678, 0, 81235, 97871, 0, 362.38
2026/10/10 17:08:26.678, 1, 108, 97871, 0, 91.42
2026/10/10 17:08:26.678, 2, 27, 97871, 0, 88.96
2026/10/10 17:08:26.678, 3, 32, 97871, 0, 94.82
2026/10/10 17:08:27.678, 0, 69, 97871, 0, 131.71
2026/10/10 17:08:27.679, 1, 108, 97871, 0, 91.51
2026/10/10 17:08:27.679, 2, 27, 97871, 0, 89.08
2026/10/10 17:08:27.679, 3, 32, 97871, 0, 95.11
2026/10/10 17:08:28.679, 0, 69, 97871, 0, 133.86
2026/10/10 17:08:28.679, 1, 108, 97871, 0, 91.58
2026/10/10 17:08:28.679, 2, 27, 97871, 0, 89.15
2026/10/10 17:08:28.679, 3, 32, 97871, 0, 95.13
