2026/10/09 03:40:05.196, 0, 6, 97871, 0, 93.33
2026/10/09 03:40:05.200, 1, 6, 97871, 0, 99.24
2026/10/09 03:40:05.203, 2, 6, 97871, 0, 97.51
2026/10/09 03:40:05.207, 3, 7, 97871, 0, 99.10
2026/10/09 03:40:06.210, 0, 6, 97871, 0, 93.29
2026/10/09 03:40:06.211, 1, 6, 97871, 0, 99.10
2026/10/09 03:40:06.211, 2, 6, 97871, 0, 97.38
2026/10/09 03:40:06.211, 3, 7, 97871, 0, 98.91
2026/10/09 03:40:07.211, 0, 6, 97871, 0, 93.20
2026/10/09 03:40:07.211, 1, 6, 97871, 0, 98.90
2026/10/09 03:40:07.211, 2, 6, 97871, 0, 97.34
2026/10/09 03:40:07.211, 3, 7, 97871, 0, 98.91
2026/10/09 03:40:08.211, 0, 6, 97871, 0, 93.09
2026/10/09 03:40:08.211, 1, 6, 97871, 0, 98.97
2026/10/09 03:40:08.211, 2, 6, 97871, 0, 97.03
2026/10/09 03:40:08.211, 3, 7, 97871, 0, 99.26
2026/10/09 03:40:09.211, 0, 6, 97871, 0, 93.04
2026/10/09 03:40:09.211, 1, 6, 97871, 0, 98.92
2026/10/09 03:40:09.211, 2, 6, 97871, 0, 97.17
2026/10/09 03:40:09.211, 3, 7, 97871, 0, 98.97
2026/10/09 03:40:10.211, 0, 6, 97871, 0, 93.08
2026/10/09 03:40:10.212, 1, 6, 97871, 0, 98.95
2026/10/09 03:40:10.212, 2, 6, 97871, 0, 97.09
2026/10/09 03:40:10.212, 3, 7, 97871, 0, 98.80
2026/10/09 03:40:11.212, 0, 6, 97871, 0, 93.17
2026/10/09 03:40:11.212, 1, 6, 97871, 0, 98.91
2026/10/09 03:40:11.212, 2, 6, 97871, 0, 97.25
2026/10/09 03:40:11.212, 3, 7, 97871, 0, 98.70
2026/10/09 03:40:12.212, 0, 6, 97871, 0, 93.10
2026/10/09 03:40:12.212, 1, 6, 97871, 0, 98.87
2026/10/09 03:40:12.212, 2, 6, 97871, 0, 97.05
2026/10/09 03:40:12.212, 3, 7, 97871, 0, 98.98
2026/10/09 03:40:13.212, 0, 6, 97871, 0, 93.08
2026/10/09 03:40:13.212, 1, 6, 97871, 0, 98.75
2026/10/09 03:40:13.212, 2, 6, 97871, 0, 97.11
2026/10/09 03:40:13.212, 3, 7, 97871, 0, 99.12
2026/10/09 03:40:14.213, 0, 6, 97871, 0, 93.01
2026/10/09 03:40:14.213, 1, 6, 97871, 0, 98.88
2026/10/09 03:40:14.213, 2, 6, 97871, 0, 97.18
2026/10/09 03:40:14.213, 3, 7, 97871, 0, 98.88
2026/10/09 03:40:15.213, 0, 6, 97871, 0, 93.15
2026/10/09 03:40:15.213, 1, 6, 97871, 0, 98.85
2026/10/09 03:40:15.213, 2, 6, 97871, 0, 97.05
2026/10/09 03:40:15.213, 3, 7, 97871, 0, 98.81
2026/10/09 03:40:16.213, 0, 6, 97871, 0, 93.13
2026/10/09 03:40:16.213, 1, 6, 97871, 0, 98.72
2026/10/09 03:40:16.213, 2, 6, 97871, 0, 97.10
2026/10/09 03:40:16.213, 3, 7, 97871, 0, 98.82
2026/10/09 03:40:17.213, 0, 6, 97871, 0, 93.01
2026/10/09 03:40:17.213, 1, 6, 97871, 0, 98.86
2026/10/09 03:40:17.214, 2, 6, 97871, 0, 97.05
2026/10/09 03:40:17.214, 3, 7, 97871, 0, 98.96
2026/10/09 03:40:18.214, 0, 6, 97871, 0, 93.18
2026/10/09 03:40:18.214, 1, 6, 97871, 0, 98.73
2026/10/09 03:40:18.214, 2, 6, 97871, 0, 97.24
2026/10/09 03:40:18.214, 3, 7, 97871, 0, 98.89
2026/10/09 03:40:19.214, 0, 6, 97871, 0, 93.18
2026/10/09 03:40:19.214, 1, 6, 97871, 0, 98.85
2026/10/09 03:40:19.214, 2, 6, 97871, 0, 97.25
2026/10/09 03:40:19.214, 3, 7, 97871, 0, 98.95
2026/10/09 03:40:20.214, 0, 6, 97871, 0, 93.29
2026/10/09 03:40:20.214, 1, 6, 97871, 0, 99.10
2026/10/09 03:40:20.214, 2, 6, 97871, 0, 97.28
2026/10/09 03:40:20.214, 3, 7, 97871, 0, 99.10
2026/10/09 03:40:21.215, 0, 6, 97871, 0, 93.20
2026/10/09 03:40:21.215, 1, 6, 97871, 0, 98.85
2026/10/09 03:40:21.215, 2, 6, 97871, 0, 96.98
2026/10/09 03:40:21.215, 3, 7, 97871, 0, 98.75
2026/10/09 03:40:22.215, 0, 6, 97871, 0, 93.22
2026/10/09 03:40:22.215, 1, 6, 97871, 0, 98.83
2026/10/09 03:40:22.215, 2, 6, 97871, 0, 97.00
2026/10/09 03:40:22.215, 3, 7, 97871, 0, 99.09
2026/10/09 03:40:23.215, 0, 6, 97871, 0, 93.27
2026/10/09 03:40:23.263, 1, 6, 97871, 0, 98.84
2026/10/09 03:40:23.308, 2, 6, 97871, 0, 97.05
2026/10/09 03:40:23.353, 3, 7, 97871, 0, 99.30
2026/10/09 03:40:24.402, 0, 6, 97871, 0, 93.20
2026/10/09 03:40:24.433, 1, 6, 97871, 0, 98.73
2026/10/09 03:40:24.481, 2, 6, 97871, 0, 97.16
2026/10/09 03:40:24.528, 3, 7, 97871, 0, 99.33
2026/10/09 03:40:25.573, 0, 6, 97871, 0, 93.25
2026/10/09 03:40:25.573, 1, 6, 97871, 0, 98.74
2026/10/09 03:40:25.573, 2, 6, 97871, 0, 97.15
2026/10/09 03:40:25.573, 3, 7, 97871, 0, 99.26
2026/10/09 03:40:26.574, 0, 6, 97871, 0, 93.23
2026/10/09 03:40:26.574, 1, 6, 97871, 0, 98.72
2026/10/09 03:40:26.574, 2, 6, 97871, 0, 96.73
2026/10/09 03:40:26.574, 3, 7, 97871, 0, 99.33
2026/10/09 03:40:27.574, 0, 6, 97871, 0, 93.23
2026/10/09 03:40:27.574, 1, 6, 97871, 0, 98.74
2026/10/09 03:40:27.574, 2, 6, 97871, 0, 97.15
2026/10/09 03:40:27.574, 3, 7, 97871, 0, 99.28
2026/10/09 03:40:28.574, 0, 6, 97871, 0, 93.14
2026/10/09 03:40:28.574, 1, 6, 97871, 0, 98.89
2026/10/09 03:40:28.574, 2, 6, 97871, 0, 97.15
2026/10/09 03:40:28.574, 3, 7, 97871, 0, 99.28
2026/10/09 03:40:29.574, 0, 6, 97871, 0, 93.44
2026/10/09 03:40:29.574, 1, 6, 97871, 0, 98.78
2026/10/09 03:40:29.574, 2, 6, 97871, 0, 97.38
2026/10/09 03:40:29.574, 3, 7, 97871, 0, 99.29
2026/10/09 03:40:30.574, 0, 6, 97871, 0, 93.25
2026/10/09 03:40:30.575, 1, 6, 97871, 0, 98.84
2026/10/09 03:40:30.575, 2, 6, 97871, 0, 97.15
2026/10/09 03:40:30.575, 3, 7, 97871, 0, 99.30
2026/10/09 03:40:31.575, 0, 6, 97871, 0, 93.31
2026/10/09 03:40:31.575, 1, 6, 97871, 0, 98.79
2026/10/09 03:40:31.575, 2, 6, 97871, 0, 97.06
2026/10/09 03:40:31.575, 3, 7, 97871, 0, 99.35
2026/10/09 03:40:32.575, 0, 6, 97871, 0, 93.34
2026/10/09 03:40:32.575, 1, 6, 97871, 0, 98.81
2026/10/09 03:40:32.575, 2, 6, 97871, 0, 97.17
2026/10/09 03:40:32.575, 3, 7, 97871, 0, 99.40
2026/10/09 03:40:33.575, 0, 6, 97871, 0, 93.18
2026/10/09 03:40:33.575, 1, 6, 97871, 0, 99.05
2026/10/09 03:40:33.575, 2, 6, 97871, 0, 97.23
2026/10/09 03:40:33.575, 3, 7, 97871, 0, 99.27
2026/10/09 03:40:34.575, 0, 6, 97871, 0, 93.24
2026/10/09 03:40:34.575, 1, 6, 97871, 0, 99.12
2026/10/09 03:40:34.575, 2, 6, 97871, 0, 96.99
2026/10/09 03:40:34.575, 3, 7, 97871, 0, 99.39
2026/10/09 03:40:35.575, 0, 6, 97871, 0, 93.35
2026/10/09 03:40:35.575, 1, 6, 97871, 0, 98.87
2026/10/09 03:40:35.575, 2, 6, 97871, 0, 97.11
2026/10/09 03:40:35.575, 3, 7, 97871, 0, 99.43
2026/10/09 03:40:36.576, 0, 6, 97871, 0, 93.08
2026/10/09 03:40:36.576, 1, 6, 97871, 0, 98.87
2026/10/09 03:40:36.576, 2, 6, 97871, 0, 96.95
2026/10/09 03:40:36.576, 3, 7, 97871, 0, 99.41
2026/10/09 03:40:37.576, 0, 6, 97871, 0, 93.21
2026/10/09 03:40:37.576, 1, 6, 97871, 0, 98.84
2026/10/09 03:40:37.576, 2, 6, 97871, 0, 97.00
2026/10/09 03:40:37.576, 3, 7, 97871, 0, 99.55
2026/10/09 03:40:38.576, 0, 6, 97871, 0, 93.22
2026/10/09 03:40:38.576, 1, 6, 97871, 0, 98.79
2026/10/09 03:40:38.576, 2, 6, 97871, 0, 97.21
2026/10/09 03:40:38.576, 3, 7, 97871, 0, 99.52
2026/10/09 03:40:39.576, 0, 6, 97871, 0, 93.14
2026/10/09 03:40:39.576, 1, 6, 97871, 0, 98.75
2026/10/09 03:40:39.576, 2, 6, 97871, 0, 96.99
2026/10/09 03:40:39.576, 3, 7, 97871, 0, 99.29
2026/10/09 03:40:40.576, 0, 6, 97871, 0, 93.22
2026/10/09 03:40:40.576, 1, 6, 97871, 0, 98.77
2026/10/09 03:40:40.576, 2, 6, 97871, 0, 97.19
2026/10/09 03:40:40.576, 3, 7, 97871, 0, 99.41
2026/10/09 03:40:41.577, 0, 6, 97871, 0, 93.30
2026/10/09 03:40:41.577, 1, 6, 97871, 0, 98.72
2026/10/09 03:40:41.577, 2, 6, 97871, 0, 97.19
2026/10/09 03:40:41.577, 3, 7, 97871, 0, 99.39
2026/10/09 03:40:42.577, 0, 6, 97871, 0, 93.35
2026/10/09 03:40:42.577, 1, 6, 97871, 0, 99.07
2026/10/09 03:40:42.577, 2, 6, 97871, 0, 97.45
2026/10/09 03:40:42.577, 3, 7, 97871, 0, 99.56
2026/10/09 03:40:43.577, 0, 6, 97871, 0, 93.32
2026/10/09 03:40:43.577, 1, 6, 97871, 0, 98.72
2026/10/09 03:40:43.577, 2, 6, 97871, 0, 97.08
2026/10/09 03:40:43.577, 3, 7, 97871, 0, 99.42
2026/10/09 03:40:44.577, 0, 6, 97871, 0, 93.32
2026/10/09 03:40:44.578, 1, 6, 97871, 0, 98.71
2026/10/09 03:40:44.578, 2, 6, 97871, 0, 97.26
2026/10/09 03:40:44.578, 3, 7, 97871, 0, 99.36
2026/10/09 03:40:45.578, 0, 6, 97871, 0, 93.35
2026/10/09 03:40:45.578, 1, 6, 97871, 0, 98.75
2026/10/09 03:40:45.578, 2, 6, 97871, 0, 97.18
2026/10/09 03:40:45.578, 3, 7, 97871, 0, 99.27
2026/10/09 03:40:46.578, 0, 6, 97871, 0, 93.46
2026/10/09 03:40:46.578, 1, 6, 97871, 0, 98.93
2026/10/09 03:40:46.578, 2, 6, 97871, 0, 97.43
2026/10/09 03:40:46.578, 3, 7, 97871, 0, 99.63
2026/10/09 03:40:47.578, 0, 6, 97871, 0, 93.33
2026/10/09 03:40:47.578, 1, 6, 97871, 0, 98.62
2026/10/09 03:40:47.578, 2, 6, 97871, 0, 97.36
2026/10/09 03:40:47.578, 3, 7, 97871, 0, 99.50
2026/10/09 03:40:48.579, 0, 6, 97871, 0, 93.26
2026/10/09 03:40:48.579, 1, 6, 97871, 0, 98.62
2026/10/09 03:40:48.579, 2, 6, 97871, 0, 97.11
2026/10/09 03:40:48.579, 3, 7, 97871, 0, 99.60
2026/10/09 03:40:49.579, 0, 6, 97871, 0, 93.33
2026/10/09 03:40:49.579, 1, 6, 97871, 0, 98.71
2026/10/09 03:40:49.579, 2, 6, 97871, 0, 97.29
2026/10/09 03:40:49.579, 3, 7, 97871, 0, 99.53
2026/10/09 03:40:50.579, 0, 6, 97871, 0, 93.49
2026/10/09 03:40:50.579, 1, 6, 97871, 0, 98.70
2026/10/09 03:40:50.579, 2, 6, 97871, 0, 97.31
2026/10/09 03:40:50.579, 3, 7, 97871, 0, 99.76
2026/10/09 03:40:51.579, 0, 6, 97871, 0, 93.43
2026/10/09 03:40:51.624, 1, 6, 97871, 0, 98.69
2026/10/09 03:40:51.668, 2, 6, 97871, 0, 97.09
2026/10/09 03:40:51.787, 3, 7, 97871, 0, 99.17
2026/10/09 03:40:52.855, 0, 6, 97871, 0, 93.45
2026/10/09 03:40:52.886, 1, 6, 97871, 0, 98.67
2026/10/09 03:40:52.914, 2, 6, 97871, 0, 97.00
2026/10/09 03:40:53.005, 3, 7, 97871, 0, 99.29
2026/10/09 03:40:54.099, 0, 6, 97871, 0, 93.33
2026/10/09 03:40:54.134, 1, 6, 97871, 0, 98.53
2026/10/09 03:40:54.179, 2, 6, 97871, 0, 97.03
2026/10/09 03:40:54.224, 3, 7, 97871, 0, 99.44
2026/10/09 03:40:55.270, 0, 6, 97871, 0, 93.31
2026/10/09 03:40:55.270, 1, 6, 97871, 0, 98.56
2026/10/09 03:40:55.270, 2, 6, 97871, 0, 97.18
2026/10/09 03:40:55.270, 3, 7, 97871, 0, 99.37
2026/10/09 03:40:56.270, 0, 6, 97871, 0, 93.18
2026/10/09 03:40:56.270, 1, 6, 97871, 0, 98.50
2026/10/09 03:40:56.270, 2, 6, 97871, 0, 97.17
2026/10/09 03:40:56.270, 3, 7, 97871, 0, 99.62
2026/10/09 03:40:57.270, 0, 6, 97871, 0, 93.40
2026/10/09 03:40:57.270, 1, 6, 97871, 0, 98.40
2026/10/09 03:40:57.270, 2, 6, 97871, 0, 97.00
2026/10/09 03:40:57.270, 3, 7, 97871, 0, 99.59
2026/10/09 03:40:58.270, 0, 6, 97871, 0, 93.37
2026/10/09 03:40:58.271, 1, 6, 97871, 0, 98.74
2026/10/09 03:40:58.271, 2, 6, 97871, 0, 97.37
2026/10/09 03:40:58.271, 3, 7, 97871, 0, 99.78
2026/10/09 03:40:59.271, 0, 6, 97871, 0, 93.33
2026/10/09 03:40:59.271, 1, 6, 97871, 0, 98.29
2026/10/09 03:40:59.271, 2, 6, 97871, 0, 97.31
2026/10/09 03:40:59.271, 3, 7, 97871, 0, 99.40
2026/10/09 03:41:00.271, 0, 6, 97871, 0, 93.44
2026/10/09 03:41:00.271, 1, 6, 97871, 0, 98.77
2026/10/09 03:41:00.271, 2, 6, 97871, 0, 97.36
2026/10/09 03:41:00.271, 3, 7, 97871, 0, 99.69
2026/10/09 03:41:01.271, 0, 6, 97871, 0, 93.65
2026/10/09 03:41:01.272, 1, 6, 97871, 0, 98.83
2026/10/09 03:41:01.272, 2, 6, 97871, 0, 97.23
2026/10/09 03:41:01.272, 3, 7, 97871, 0, 99.46
2026/10/09 03:41:02.272, 0, 6, 97871, 0, 93.52
2026/10/09 03:41:02.272, 1, 6, 97871, 0, 98.75
2026/10/09 03:41:02.272, 2, 6, 97871, 0, 97.52
2026/10/09 03:41:02.272, 3, 7, 97871, 0, 99.41
2026/10/09 03:41:03.272, 0, 6, 97871, 0, 93.62
2026/10/09 03:41:03.272, 1, 6, 97871, 0, 98.64
2026/10/09 03:41:03.272, 2, 6, 97871, 0, 97.54
2026/10/09 03:41:03.272, 3, 7, 97871, 0, 99.57
2026/10/09 03:41:04.273, 0, 6, 97871, 0, 93.54
2026/10/09 03:41:04.304, 1, 6, 97871, 0, 98.50
2026/10/09 03:41:04.349, 2, 6, 97871, 0, 97.53
2026/10/09 03:41:04.397, 3, 7, 97871, 0, 99.28
2026/10/09 03:41:05.442, 0, 6, 97871, 0, 93.44
2026/10/09 03:41:05.442, 1, 6, 97871, 0, 98.39
2026/10/09 03:41:05.442, 2, 6, 97871, 0, 97.35
2026/10/09 03:41:05.442, 3, 7, 97871, 0, 99.41
2026/10/09 03:41:06.442, 0, 6, 97871, 0, 93.52
2026/10/09 03:41:06.442, 1, 6, 97871, 0, 98.35
2026/10/09 03:41:06.442, 2, 6, 97871, 0, 97.29
2026/10/09 03:41:06.442, 3, 7, 97871, 0, 99.36
2026/10/09 03:41:07.442, 0, 6, 97871, 0, 93.45
2026/10/09 03:41:07.442, 1, 6, 97871, 0, 98.42
2026/10/09 03:41:07.442, 2, 6, 97871, 0, 97.47
2026/10/09 03:41:07.442, 3, 7, 97871, 0, 99.34
2026/10/09 03:41:08.442, 0, 6, 97871, 0, 93.41
2026/10/09 03:41:08.442, 1, 6, 97871, 0, 98.44
2026/10/09 03:41:08.442, 2, 6, 97871, 0, 97.41
2026/10/09 03:41:08.442, 3, 7, 97871, 0, 99.18
2026/10/09 03:41:09.442, 0, 6, 97871, 0, 93.51
2026/10/09 03:41:09.443, 1, 6, 97871, 0, 98.57
2026/10/09 03:41:09.443, 2, 6, 97871, 0, 97.54
2026/10/09 03:41:09.443, 3, 7, 97871, 0, 99.64
2026/10/09 03:41:10.443, 0, 6, 97871, 0, 93.50
2026/10/09 03:41:10.443, 1, 6, 97871, 0, 98.39
2026/10/09 03:41:10.443, 2, 6, 97871, 0, 97.53
2026/10/09 03:41:10.443, 3, 7, 97871, 0, 99.78
2026/10/09 03:41:11.443, 0, 6, 97871, 0, 93.57
2026/10/09 03:41:11.443, 1, 6, 97871, 0, 98.40
2026/10/09 03:41:11.443, 2, 6, 97871, 0, 97.38
2026/10/09 03:41:11.443, 3, 7, 97871, 0, 100.26
2026/10/09 03:41:12.443, 0, 6, 97871, 0, 93.52
2026/10/09 03:41:12.444, 1, 6, 97871, 0, 98.39
2026/10/09 03:41:12.444, 2, 6, 97871, 0, 97.53
2026/10/09 03:41:12.444, 3, 7, 97871, 0, 99.84
2026/10/09 03:41:13.444, 0, 6, 97871, 0, 93.51
2026/10/09 03:41:13.444, 1, 6, 97871, 0, 98.39
2026/10/09 03:41:13.444, 2, 6, 97871, 0, 97.48
2026/10/09 03:41:13.444, 3, 7, 97871, 0, 99.75
2026/10/09 03:41:14.444, 0, 6, 97871, 0, 93.38
2026/10/09 03:41:14.444, 1, 6, 97871, 0, 98.41
2026/10/09 03:41:14.444, 2, 6, 97871, 0, 97.39
2026/10/09 03:41:14.444, 3, 7, 97871, 0, 100.06
2026/10/09 03:41:15.445, 0, 6, 97871, 0, 93.50
2026/10/09 03:41:15.445, 1, 6, 97871, 0, 98.37
2026/10/09 03:41:15.445, 2, 6, 97871, 0, 97.44
2026/10/09 03:41:15.445, 3, 7, 97871, 0, 99.85
2026/10/09 03:41:16.445, 0, 6, 97871, 0, 93.40
2026/10/09 03:41:16.445, 1, 6, 97871, 0, 98.36
2026/10/09 03:41:16.445, 2, 6, 97871, 0, 97.47
2026/10/09 03:41:16.445, 3, 7, 97871, 0, 100.01
2026/10/09 03:41:17.445, 0, 6, 97871, 0, 93.40
2026/10/09 03:41:17.445, 1, 6, 97871, 0, 98.38
2026/10/09 03:41:17.445, 2, 6, 97871, 0, 97.51
2026/10/09 03:41:17.445, 3, 7, 97871, 0, 100.03
2026/10/09 03:41:18.445, 0, 6, 97871, 0, 93.40
2026/10/09 03:41:18.445, 1, 6, 97871, 0, 98.37
2026/10/09 03:41:18.445, 2, 6, 97871, 0, 97.36
2026/10/09 03:41:18.445, 3, 7, 97871, 0, 99.97
2026/10/09 03:41:19.445, 0, 6, 97871, 0, 93.42
2026/10/09 03:41:19.445, 1, 6, 97871, 0, 98.46
2026/10/09 03:41:19.445, 2, 6, 97871, 0, 97.22
2026/10/09 03:41:19.445, 3, 7, 97871, 0, 99.73
2026/10/09 03:41:20.446, 0, 6, 97871, 0, 93.22
2026/10/09 03:41:20.446, 1, 6, 97871, 0, 98.33
2026/10/09 03:41:20.446, 2, 6, 97871, 0, 97.35
2026/10/09 03:41:20.446, 3, 7, 97871, 0, 99.69
2026/10/09 03:41:21.446, 0, 6, 97871, 0, 93.11
2026/10/09 03:41:21.446, 1, 6, 97871, 0, 98.22
2026/10/09 03:41:21.446, 2, 6, 97871, 0, 97.17
2026/10/09 03:41:21.446, 3, 7, 97871, 0, 100.16
2026/10/09 03:41:22.446, 0, 6, 97871, 0, 93.07
2026/10/09 03:41:22.446, 1, 6, 97871, 0, 98.34
2026/10/09 03:41:22.446, 2, 6, 97871, 0, 97.21
2026/10/09 03:41:22.446, 3, 7, 97871, 0, 100.01
2026/10/09 03:41:23.446, 0, 6, 97871, 0, 93.22
2026/10/09 03:41:23.446, 1, 6, 97871, 0, 98.29
2026/10/09 03:41:23.446, 2, 6, 97871, 0, 97.24
2026/10/09 03:41:23.446, 3, 7, 97871, 0, 99.89
2026/10/09 03:41:24.446, 0, 6, 97871, 0, 93.14
2026/10/09 03:41:24.446, 1, 6, 97871, 0, 98.23
2026/10/09 03:41:24.446, 2, 6, 97871, 0, 97.44
2026/10/09 03:41:24.446, 3, 7, 97871, 0, 99.70
2026/10/09 03:41:25.447, 0, 6, 97871, 0, 93.15
2026/10/09 03:41:25.447, 1, 6, 97871, 0, 98.31
2026/10/09 03:41:25.447, 2, 6, 97871, 0, 97.09
2026/10/09 03:41:25.447, 3, 7, 97871, 0, 99.89
2026/10/09 03:41:26.447, 0, 6, 97871, 0, 93.10
2026/10/09 03:41:26.447, 1, 6, 97871, 0, 98.29
2026/10/09 03:41:26.447, 2, 6, 97871, 0, 97.21
2026/10/09 03:41:26.447, 3, 7, 97871, 0, 99.90
2026/10/09 03:41:27.447, 0, 6, 97871, 0, 93.09
2026/10/09 03:41:27.447, 1, 6, 97871, 0, 98.28
2026/10/09 03:41:27.447, 2, 6, 97871, 0, 97.19
2026/10/09 03:41:27.447, 3, 7, 97871, 0, 99.64
2026/10/09 03:41:28.447, 0, 6, 97871, 0, 93.29
2026/10/09 03:41:28.447, 1, 6, 97871, 0, 98.26
2026/10/09 03:41:28.447, 2, 6, 97871, 0, 97.35
2026/10/09 03:41:28.447, 3, 7, 97871, 0, 99.96
2026/10/09 03:41:29.447, 0, 6, 97871, 0, 93.07
2026/10/09 03:41:29.447, 1, 6, 97871, 0, 98.19
2026/10/09 03:41:29.447, 2, 6, 97871, 0, 97.22
2026/10/09 03:41:29.447, 3, 7, 97871, 0, 100.09
2026/10/09 03:41:30.448, 0, 6, 97871, 0, 93.23
2026/10/09 03:41:30.448, 1, 6, 97871, 0, 98.29
2026/10/09 03:41:30.448, 2, 6, 97871, 0, 97.27
2026/10/09 03:41:30.448, 3, 7, 97871, 0, 99.93
2026/10/09 03:41:31.448, 0, 6, 97871, 0, 93.04
2026/10/09 03:41:31.448, 1, 6, 97871, 0, 98.15
2026/10/09 03:41:31.448, 2, 6, 97871, 0, 97.24
2026/10/09 03:41:31.448, 3, 7, 97871, 0, 99.85
2026/10/09 03:41:32.448, 0, 6, 97871, 0, 93.04
2026/10/09 03:41:32.448, 1, 6, 97871, 0, 98.11
2026/10/09 03:41:32.448, 2, 6, 97871, 0, 97.30
2026/10/09 03:41:32.448, 3, 7, 97871, 0, 99.98
2026/10/09 03:41:33.448, 0, 6, 97871, 0, 93.24
2026/10/09 03:41:33.448, 1, 6, 97871, 0, 98.12
2026/10/09 03:41:33.448, 2, 6, 97871, 0, 97.22
2026/10/09 03:41:33.448, 3, 7, 97871, 0, 100.10
2026/10/09 03:41:34.448, 0, 6, 97871, 0, 93.12
2026/10/09 03:41:34.449, 1, 6, 97871, 0, 98.14
2026/10/09 03:41:34.449, 2, 6, 97871, 0, 97.26
2026/10/09 03:41:34.449, 3, 7, 97871, 0, 99.97
2026/10/09 03:41:35.449, 0, 6, 97871, 0, 93.08
2026/10/09 03:41:35.449, 1, 6, 97871, 0, 98.25
2026/10/09 03:41:35.449, 2, 6, 97871, 0, 97.25
2026/10/09 03:41:35.449, 3, 7, 97871, 0, 99.93
2026/10/09 03:41:36.449, 0, 6, 97871, 0, 93.23
2026/10/09 03:41:36.449, 1, 6, 97871, 0, 98.20
2026/10/09 03:41:36.449, 2, 6, 97871, 0, 97.32
2026/10/09 03:41:36.449, 3, 7, 97871, 0, 100.02
2026/10/09 03:41:37.449, 0, 6, 97871, 0, 93.24
2026/10/09 03:41:37.449, 1, 6, 97871, 0, 98.27
2026/10/09 03:41:37.449, 2, 6, 97871, 0, 97.43
2026/10/09 03:41:37.449, 3, 7, 97871, 0, 99.82
2026/10/09 03:41:38.449, 0, 6, 97871, 0, 93.33
2026/10/09 03:41:38.449, 1, 6, 97871, 0, 98.29
2026/10/09 03:41:38.449, 2, 6, 97871, 0, 97.49
2026/10/09 03:41:38.449, 3, 7, 97871, 0, 99.68
2026/10/09 03:41:39.449, 0, 6, 97871, 0, 93.12
2026/10/09 03:41:39.450, 1, 6, 97871, 0, 98.20
2026/10/09 03:41:39.450, 2, 6, 97871, 0, 97.31
2026/10/09 03:41:39.450, 3, 7, 97871, 0, 99.88
2026/10/09 03:41:40.450, 0, 6, 97871, 0, 93.15
2026/10/09 03:41:40.450, 1, 6, 97871, 0, 98.09
2026/10/09 03:41:40.450, 2, 6, 97871, 0, 97.62
2026/10/09 03:41:40.450, 3, 7, 97871, 0, 99.61
2026/10/09 03:41:41.450, 0, 6, 97871, 0, 93.07
2026/10/09 03:41:41.450, 1, 6, 97871, 0, 98.21
2026/10/09 03:41:41.450, 2, 6, 97871, 0, 97.36
2026/10/09 03:41:41.450, 3, 7, 97871, 0, 99.87
2026/10/09 03:41:42.450, 0, 6, 97871, 0, 93.17
2026/10/09 03:41:42.450, 1, 6, 97871, 0, 98.24
2026/10/09 03:41:42.450, 2, 6, 97871, 0, 97.26
2026/10/09 03:41:42.450, 3, 7, 97871, 0, 99.88
2026/10/09 03:41:43.451, 0, 6, 97871, 0, 93.21
2026/10/09 03:41:43.451, 1, 6, 97871, 0, 98.10
2026/10/09 03:41:43.451, 2, 6, 97871, 0, 97.41
2026/10/09 03:41:43.451, 3, 7, 97871, 0, 99.91
2026/10/09 03:41:44.451, 0, 6, 97871, 0, 93.16
2026/10/09 03:41:44.451, 1, 6, 97871, 0, 98.20
2026/10/09 03:41:44.451, 2, 6, 97871, 0, 97.44
2026/10/09 03:41:44.451, 3, 7, 97871, 0, 100.02
2026/10/09 03:41:45.451, 0, 6, 97871, 0, 93.18
2026/10/09 03:41:45.451, 1, 6, 97871, 0, 98.21
2026/10/09 03:41:45.451, 2, 6, 97871, 0, 97.20
2026/10/09 03:41:45.451, 3, 7, 97871, 0, 99.94
2026/10/09 03:41:46.451, 0, 6, 97871, 0, 93.18
2026/10/09 03:41:46.451, 1, 6, 97871, 0, 98.06
2026/10/09 03:41:46.451, 2, 6, 97871, 0, 97.35
2026/10/09 03:41:46.451, 3, 7, 97871, 0, 99.88
2026/10/09 03:41:47.451, 0, 6, 97871, 0, 93.27
2026/10/09 03:41:47.452, 1, 6, 97871, 0, 98.16
2026/10/09 03:41:47.452, 2, 6, 97871, 0, 97.10
2026/10/09 03:41:47.452, 3, 7, 97871, 0, 100.02
2026/10/09 03:41:48.452, 0, 6, 97871, 0, 93.32
2026/10/09 03:41:48.472, 1, 6, 97871, 0, 98.18
2026/10/09 03:41:48.523, 2, 6, 97871, 0, 97.46
2026/10/09 03:41:48.570, 3, 7, 97871, 0, 99.82
2026/10/09 03:41:49.570, 0, 6, 97871, 0, 93.36
2026/10/09 03:41:49.570, 1, 6, 97871, 0, 98.15
2026/10/09 03:41:49.570, 2, 6, 97871, 0, 97.07
2026/10/09 03:41:49.570, 3, 7, 97871, 0, 99.81
2026/10/09 03:41:50.570, 0, 6, 97871, 0, 93.29
2026/10/09 03:41:50.570, 1, 6, 97871, 0, 98.22
2026/10/09 03:41:50.571, 2, 6, 97871, 0, 97.27
2026/10/09 03:41:50.571, 3, 7, 97871, 0, 100.00
2026/10/09 03:41:51.571, 0, 6, 97871, 0, 93.23
2026/10/09 03:41:51.571, 1, 6, 97871, 0, 98.23
2026/10/09 03:41:51.571, 2, 6, 97871, 0, 97.19
2026/10/09 03:41:51.571, 3, 7, 97871, 0, 99.90
2026/10/09 03:41:52.571, 0, 6, 97871, 0, 93.34
2026/10/09 03:41:52.571, 1, 6, 97871, 0, 98.29
2026/10/09 03:41:52.571, 2, 6, 97871, 0, 97.44
2026/10/09 03:41:52.571, 3, 7, 97871, 0, 99.95
2026/10/09 03:41:53.572, 0, 6, 97871, 0, 93.27
2026/10/09 03:41:53.572, 1, 6, 97871, 0, 98.26
2026/10/09 03:41:53.572, 2, 6, 97871, 0, 97.15
2026/10/09 03:41:53.572, 3, 7, 97871, 0, 99.82
2026/10/09 03:41:54.573, 0, 6, 97871, 0, 93.30
2026/10/09 03:41:54.573, 1, 6, 97871, 0, 98.30
2026/10/09 03:41:54.573, 2, 6, 97871, 0, 97.20
2026/10/09 03:41:54.573, 3, 7, 97871, 0, 99.89
2026/10/09 03:41:55.573, 0, 6, 97871, 0, 93.35
2026/10/09 03:41:55.573, 1, 6, 97871, 0, 98.41
2026/10/09 03:41:55.573, 2, 6, 97871, 0, 97.24
2026/10/09 03:41:55.573, 3, 7, 97871, 0, 99.98
2026/10/09 03:41:56.573, 0, 6, 97871, 0, 93.28
2026/10/09 03:41:56.573, 1, 6, 97871, 0, 98.37
2026/10/09 03:41:56.573, 2, 6, 97871, 0, 97.59
2026/10/09 03:41:56.573, 3, 7, 97871, 0, 99.86
2026/10/09 03:41:57.573, 0, 6, 97871, 0, 93.14
2026/10/09 03:41:57.573, 1, 6, 97871, 0, 98.32
2026/10/09 03:41:57.573, 2, 6, 97871, 0, 97.94
2026/10/09 03:41:57.573, 3, 7, 97871, 0, 99.81
2026/10/09 03:41:58.573, 0, 6, 97871, 0, 93.38
2026/10/09 03:41:58.628, 1, 6, 97871, 0, 98.35
2026/10/09 03:41:58.675, 2, 6, 97871, 0, 97.31
2026/10/09 03:41:58.676, 3, 7, 97871, 0, 99.56
2026/10/09 03:41:59.677, 0, 6, 97871, 0, 93.42
2026/10/09 03:41:59.677, 1, 6, 97871, 0, 98.37
2026/10/09 03:41:59.677, 2, 6, 97871, 0, 97.12
2026/10/09 03:41:59.677, 3, 7, 97871, 0, 99.64
2026/10/09 03:42:00.677, 0, 6, 97871, 0, 93.33
2026/10/09 03:42:00.677, 1, 6, 97871, 0, 98.44
2026/10/09 03:42:00.678, 2, 6, 97871, 0, 97.18
2026/10/09 03:42:00.678, 3, 7, 97871, 0, 99.78
2026/10/09 03:42:01.678, 0, 9, 97871, 0, 93.41
2026/10/09 03:42:01.678, 1, 6, 97871, 0, 98.41
2026/10/09 03:42:01.678, 2, 6, 97871, 0, 97.34
2026/10/09 03:42:01.678, 3, 7, 97871, 0, 99.85
2026/10/09 03:42:02.678, 0, 3217, 97871, 0, 124.33
2026/10/09 03:42:02.678, 1, 6, 97871, 0, 98.41
2026/10/09 03:42:02.678, 2, 6, 97871, 0, 97.43
2026/10/09 03:42:02.678, 3, 7, 97871, 0, 99.96
2026/10/09 03:42:03.678, 0, 3217, 97871, 0, 139.84
2026/10/09 03:42:03.678, 1, 6, 97871, 0, 98.46
2026/10/09 03:42:03.678, 2, 6, 97871, 0, 97.21
2026/10/09 03:42:03.678, 3, 7, 97871, 0, 99.89
2026/10/09 03:42:04.678, 0, 3217, 97871, 0, 139.39
2026/10/09 03:42:04.679, 1, 6, 97871, 0, 98.44
2026/10/09 03:42:04.679, 2, 6, 97871, 0, 97.39
2026/10/09 03:42:04.679, 3, 7, 97871, 0, 99.77
2026/10/09 03:42:05.679, 0, 16353, 97871, 0, 140.28
2026/10/09 03:42:05.679, 1, 6, 97871, 0, 98.43
2026/10/09 03:42:05.679, 2, 6, 97871, 0, 97.23
2026/10/09 03:42:05.679, 3, 7, 97871, 0, 99.78
2026/10/09 03:42:06.679, 0, 20629, 97871, 0, 140.26
2026/10/09 03:42:06.679, 1, 6, 97871, 0, 98.44
2026/10/09 03:42:06.679, 2, 6, 97871, 0, 97.23
2026/10/09 03:42:06.679, 3, 7, 97871, 0, 99.67
2026/10/09 03:42:07.679, 0, 20629, 97871, 0, 139.89
2026/10/09 03:42:07.679, 1, 6, 97871, 0, 98.69
2026/10/09 03:42:07.680, 2, 6, 97871, 0, 98.04
2026/10/09 03:42:07.680, 3, 7, 97871, 0, 99.93
2026/10/09 03:42:08.680, 0, 20629, 97871, 0, 139.86
2026/10/09 03:42:08.680, 1, 6, 97871, 0, 98.38
2026/10/09 03:42:08.680, 2, 6, 97871, 0, 98.44
2026/10/09 03:42:08.680, 3, 7, 97871, 0, 100.02
2026/10/09 03:42:09.680, 0, 20629, 97871, 3, 139.91
2026/10/09 03:42:09.680, 1, 6, 97871, 0, 98.40
2026/10/09 03:42:09.680, 2, 6, 97871, 0, 98.73
2026/10/09 03:42:09.680, 3, 7, 97871, 0, 99.86
2026/10/09 03:42:10.680, 0, 20629, 97871, 0, 140.10
2026/10/09 03:42:10.680, 1, 6, 97871, 0, 98.36
2026/10/09 03:42:10.681, 2, 6, 97871, 0, 98.10
2026/10/09 03:42:10.681, 3, 7, 97871, 0, 99.86
2026/10/09 03:42:11.681, 0, 20629, 97871, 11, 141.70
2026/10/09 03:42:11.681, 1, 6, 97871, 0, 98.62
2026/10/09 03:42:11.681, 2, 6, 97871, 0, 98.02
2026/10/09 03:42:11.681, 3, 7, 97871, 0, 99.62
2026/10/09 03:42:12.681, 0, 20629, 97871, 1, 139.87
2026/10/09 03:42:12.896, 1, 6, 97871, 0, 98.62
2026/10/09 03:42:12.896, 2, 6, 97871, 0, 97.31
2026/10/09 03:42:12.897, 3, 7, 97871, 0, 99.31
2026/10/09 03:42:13.897, 0, 20609, 97871, 0, 139.56
2026/10/09 03:42:13.917, 1, 9, 97871, 0, 98.63
2026/10/09 03:42:13.918, 2, 6, 97871, 0, 96.99
2026/10/09 03:42:13.918, 3, 7, 97871, 0, 99.34
2026/10/09 03:42:14.918, 0, 18939, 97871, 0, 139.67
2026/10/09 03:42:14.919, 1, 3215, 97871, 3, 137.62
2026/10/09 03:42:14.919, 2, 6, 97871, 0, 96.90
2026/10/09 03:42:14.919, 3, 65, 97871, 0, 99.36
2026/10/09 03:42:15.920, 0, 18939, 97871, 0, 139.57
2026/10/09 03:42:15.920, 1, 20755, 97871, 2, 147.61
2026/10/09 03:42:15.920, 2, 6, 97871, 0, 97.30
2026/10/09 03:42:15.920, 3, 16481, 97871, 6, 146.51
2026/10/09 03:42:16.920, 0, 18939, 97871, 0, 139.45
2026/10/09 03:42:16.920, 1, 20755, 97871, 10, 147.12
2026/10/09 03:42:16.920, 2, 6, 97871, 0, 100.27
2026/10/09 03:42:16.920, 3, 20757, 97871, 0, 147.06
2026/10/09 03:42:17.920, 0, 18939, 97871, 0, 139.49
2026/10/09 03:42:17.920, 1, 20755, 97871, 10, 147.15
2026/10/09 03:42:17.920, 2, 6, 97871, 0, 98.91
2026/10/09 03:42:17.920, 3, 20757, 97871, 11, 147.16
2026/10/09 03:42:18.920, 0, 18939, 97871, 0, 139.42
2026/10/09 03:42:18.921, 1, 25055, 97871, 0, 146.13
2026/10/09 03:42:18.921, 2, 6, 97871, 0, 97.75
2026/10/09 03:42:18.921, 3, 25057, 97871, 0, 146.24
2026/10/09 03:42:19.921, 0, 18939, 97871, 0, 139.41
2026/10/09 03:42:19.921, 1, 25055, 97871, 0, 145.93
2026/10/09 03:42:19.921, 2, 6, 97871, 0, 97.34
2026/10/09 03:42:19.921, 3, 25057, 97871, 2, 145.78
2026/10/09 03:42:20.921, 0, 18939, 97871, 0, 139.69
2026/10/09 03:42:20.922, 1, 25055, 97871, 2, 145.85
2026/10/09 03:42:20.922, 2, 6, 97871, 0, 97.59
2026/10/09 03:42:20.922, 3, 25057, 97871, 0, 145.56
2026/10/09 03:42:21.922, 0, 18939, 97871, 0, 139.53
2026/10/09 03:42:21.922, 1, 22007, 97871, 0, 145.66
2026/10/09 03:42:21.922, 2, 6, 97871, 0, 97.68
2026/10/09 03:42:21.922, 3, 22439, 97871, 0, 145.55
2026/10/09 03:42:22.922, 0, 18939, 97871, 0, 139.40
2026/10/09 03:42:22.922, 1, 22469, 97871, 0, 145.46
2026/10/09 03:42:22.922, 2, 6, 97871, 0, 97.56
2026/10/09 03:42:22.922, 3, 22439, 97871, 0, 145.25
2026/10/09 03:42:23.928, 0, 19131, 97871, 0, 139.53
2026/10/09 03:42:23.929, 1, 22469, 97871, 0, 145.59
2026/10/09 03:42:23.929, 2, 6, 97871, 0, 97.16
2026/10/09 03:42:23.929, 3, 22439, 97871, 0, 145.18
2026/10/09 03:42:24.929, 0, 19191, 97871, 0, 188.90
2026/10/09 03:42:24.929, 1, 22469, 97871, 0, 145.64
2026/10/09 03:42:24.929, 2, 6, 97871, 0, 97.18
2026/10/09 03:42:24.929, 3, 22439, 97871, 0, 145.25
2026/10/09 03:42:25.929, 0, 19347, 97871, 0, 182.98
2026/10/09 03:42:26.303, 1, 22469, 97871, 0, 145.66
2026/10/09 03:42:26.303, 2, 6, 97871, 0, 97.23
2026/10/09 03:42:26.303, 3, 22439, 97871, 0, 145.12
2026/10/09 03:42:27.303, 0, 19603, 97871, 0, 174.86
2026/10/09 03:42:27.303, 1, 22469, 97871, 0, 145.63
2026/10/09 03:42:27.303, 2, 9, 97871, 0, 97.13
2026/10/09 03:42:27.304, 3, 22439, 97871, 0, 145.24
2026/10/09 03:42:28.304, 0, 19603, 97871, 0, 173.31
2026/10/09 03:42:28.304, 1, 22469, 97871, 0, 145.78
2026/10/09 03:42:28.304, 2, 16480, 97871, 0, 139.25
2026/10/09 03:42:28.304, 3, 22439, 97871, 0, 145.19
2026/10/09 03:42:29.304, 0, 19603, 97871, 0, 157.64
2026/10/09 03:42:29.304, 1, 22469, 97871, 0, 145.51
2026/10/09 03:42:29.304, 2, 20756, 97871, 3, 146.16
2026/10/09 03:42:29.304, 3, 22631, 97871, 0, 145.29
2026/10/09 03:42:30.304, 0, 19603, 97871, 0, 192.59
2026/10/09 03:42:30.304, 1, 22661, 97871, 0, 144.88
2026/10/09 03:42:30.304, 2, 20756, 97871, 3, 146.30
2026/10/09 03:42:30.304, 3, 22691, 97871, 0, 180.68
2026/10/09 03:42:31.304, 0, 19603, 97871, 0, 139.76
2026/10/09 03:42:31.305, 1, 22721, 97871, 0, 185.11
2026/10/09 03:42:31.305, 2, 19674, 97871, 0, 145.14
2026/10/09 03:42:31.305, 3, 22691, 97871, 94, 189.60
2026/10/09 03:42:32.305, 0, 19603, 97871, 0, 139.57
2026/10/09 03:42:32.305, 1, 22817, 97871, 22, 202.02
2026/10/09 03:42:32.305, 2, 19674, 97871, 0, 143.54
2026/10/09 03:42:32.305, 3, 23103, 97871, 1, 196.81
2026/10/09 03:42:33.305, 0, 20275, 97871, 56, 160.99
2026/10/09 03:42:33.305, 1, 23133, 97871, 0, 179.82
2026/10/09 03:42:33.305, 2, 19674, 97871, 0, 143.76
2026/10/09 03:42:33.305, 3, 23103, 97871, 0, 176.59
2026/10/09 03:42:34.305, 0, 20275, 97871, 0, 223.42
2026/10/09 03:42:34.305, 1, 23133, 97871, 0, 177.73
2026/10/09 03:42:34.305, 2, 19674, 97871, 0, 143.55
2026/10/09 03:42:34.305, 3, 23103, 97871, 35, 159.60
2026/10/09 03:42:35.305, 0, 20275, 97871, 0, 139.68
2026/10/09 03:42:35.305, 1, 23133, 97871, 92, 216.05
2026/10/09 03:42:35.306, 2, 19674, 97871, 0, 143.49
2026/10/09 03:42:35.306, 3, 23103, 97871, 0, 204.86
2026/10/09 03:42:36.306, 0, 20275, 97871, 0, 189.39
2026/10/09 03:42:36.306, 1, 23133, 97871, 0, 145.17
2026/10/09 03:42:36.306, 2, 19674, 97871, 0, 143.74
2026/10/09 03:42:36.306, 3, 23103, 97871, 0, 145.25
2026/10/09 03:42:37.306, 0, 20275, 97871, 0, 140.53
2026/10/09 03:42:37.306, 1, 23133, 97871, 0, 144.44
2026/10/09 03:42:37.306, 2, 19674, 97871, 0, 143.40
2026/10/09 03:42:37.306, 3, 23103, 97871, 0, 145.34
2026/10/09 03:42:38.306, 0, 20275, 97871, 0, 140.38
2026/10/09 03:42:38.306, 1, 23133, 97871, 0, 144.25
2026/10/09 03:42:38.306, 2, 19674, 97871, 0, 143.78
2026/10/09 03:42:38.306, 3, 23775, 97871, 95, 191.71
2026/10/09 03:42:39.306, 0, 20275, 97871, 0, 140.32
2026/10/09 03:42:39.306, 1, 23805, 97871, 93, 253.23
2026/10/09 03:42:39.306, 2, 19926, 97871, 0, 164.62
2026/10/09 03:42:39.306, 3, 23775, 97871, 0, 216.06
2026/10/09 03:42:40.307, 0, 20339, 97871, 96, 256.16
2026/10/09 03:42:40.307, 1, 23805, 97871, 0, 145.21
2026/10/09 03:42:40.307, 2, 19926, 97871, 0, 172.86
2026/10/09 03:42:40.307, 3, 23775, 97871, 45, 161.15
2026/10/09 03:42:41.307, 0, 21011, 97871, 0, 364.66
2026/10/09 03:42:41.307, 1, 23805, 97871, 97, 203.05
2026/10/09 03:42:41.307, 2, 20338, 97871, 27, 196.10
2026/10/09 03:42:41.307, 3, 23775, 97871, 0, 237.79
2026/10/09 03:42:42.307, 0, 21011, 97871, 0, 140.08
2026/10/09 03:42:42.307, 1, 23805, 97871, 0, 195.71
2026/10/09 03:42:42.307, 2, 20338, 97871, 0, 202.09
2026/10/09 03:42:42.307, 3, 23775, 97871, 0, 145.55
2026/10/09 03:42:43.307, 0, 79739, 97871, 100, 269.71
2026/10/09 03:42:43.307, 1, 23805, 97871, 0, 144.39
2026/10/09 03:42:43.307, 2, 20338, 97871, 0, 142.95
2026/10/09 03:42:43.308, 3, 23775, 97871, 48, 160.24
2026/10/09 03:42:44.308, 0, 78007, 97871, 18, 279.97
2026/10/09 03:42:44.308, 1, 23805, 97871, 99, 192.25
2026/10/09 03:42:44.308, 2, 20338, 97871, 0, 213.69
2026/10/09 03:42:44.308, 3, 23775, 97871, 0, 181.21
2026/10/09 03:42:45.308, 0, 78105, 97871, 14, 202.01
2026/10/09 03:42:45.308, 1, 23805, 97871, 0, 155.83
2026/10/09 03:42:45.308, 2, 20338, 97871, 0, 142.75
2026/10/09 03:42:45.308, 3, 23775, 97871, 0, 145.26
2026/10/09 03:42:46.308, 0, 78337, 97871, 20, 206.17
2026/10/09 03:42:46.308, 1, 23805, 97871, 0, 144.57
2026/10/09 03:42:46.308, 2, 20338, 97871, 0, 142.62
2026/10/09 03:42:46.308, 3, 23775, 97871, 0, 145.21
2026/10/09 03:42:47.308, 0, 78367, 97871, 0, 183.47
2026/10/09 03:42:47.308, 1, 23805, 97871, 0, 144.43
2026/10/09 03:42:47.308, 2, 20338, 97871, 0, 142.61
2026/10/09 03:42:47.309, 3, 23839, 97871, 90, 253.82
2026/10/09 03:42:48.309, 0, 78367, 97871, 0, 139.92
2026/10/09 03:42:48.310, 1, 25213, 97871, 84, 328.12
2026/10/09 03:42:48.310, 2, 21010, 97871, 0, 255.90
2026/10/09 03:42:48.310, 3, 25183, 97871, 0, 402.00
2026/10/09 03:42:49.310, 0, 78367, 97871, 0, 139.62
2026/10/09 03:42:49.310, 1, 25213, 97871, 0, 341.18
2026/10/09 03:42:49.310, 2, 21010, 97871, 0, 143.01
2026/10/09 03:42:49.310, 3, 25183, 97871, 0, 145.79
2026/10/09 03:42:50.310, 0, 78885, 97871, 0, 149.75
2026/10/09 03:42:50.311, 1, 25213, 97871, 0, 145.19
2026/10/09 03:42:50.311, 2, 21010, 97871, 19, 256.83
2026/10/09 03:42:50.311, 3, 25183, 97871, 0, 145.46
2026/10/09 03:42:51.311, 0, 78885, 97871, 0, 140.24
2026/10/09 03:42:51.311, 1, 25213, 97871, 0, 144.90
2026/10/09 03:42:51.311, 2, 21010, 97871, 0, 142.92
2026/10/09 03:42:51.311, 3, 25183, 97871, 0, 156.93
2026/10/09 03:42:52.311, 0, 79411, 97871, 0, 140.72
2026/10/09 03:42:52.311, 1, 25213, 97871, 16, 160.88
2026/10/09 03:42:52.311, 2, 21010, 97871, 0, 142.87
2026/10/09 03:42:52.311, 3, 25183, 97871, 0, 157.75
2026/10/09 03:42:53.311, 0, 79413, 97871, 13, 148.31
2026/10/09 03:42:53.312, 1, 25213, 97871, 0, 157.25
2026/10/09 03:42:53.312, 2, 21010, 97871, 0, 200.34
2026/10/09 03:42:53.312, 3, 25183, 97871, 0, 153.54
2026/10/09 03:42:54.312, 0, 79413, 97871, 0, 140.51
2026/10/09 03:42:54.312, 1, 25213, 97871, 0, 156.17
2026/10/09 03:42:54.312, 2, 21010, 97871, 0, 142.83
2026/10/09 03:42:54.312, 3, 27267, 97871, 0, 154.78
2026/10/09 03:42:55.312, 0, 79413, 97871, 0, 139.91
2026/10/09 03:42:55.312, 1, 27297, 97871, 0, 150.53
2026/10/09 03:42:55.312, 2, 21010, 97871, 0, 142.73
2026/10/09 03:42:55.312, 3, 27267, 97871, 0, 145.40
2026/10/09 03:42:56.312, 0, 79413, 97871, 0, 139.87
2026/10/09 03:42:56.312, 1, 27297, 97871, 0, 153.69
2026/10/09 03:42:56.313, 2, 21074, 97871, 36, 199.44
2026/10/09 03:42:56.313, 3, 27267, 97871, 0, 145.30
2026/10/09 03:42:57.313, 0, 79413, 97871, 0, 139.65
2026/10/09 03:42:57.313, 1, 27297, 97871, 0, 144.37
2026/10/09 03:42:57.313, 2, 22418, 97871, 100, 456.11
2026/10/09 03:42:57.313, 3, 27267, 97871, 0, 166.38
2026/10/09 03:42:58.313, 0, 79413, 97871, 0, 139.78
2026/10/09 03:42:58.313, 1, 27297, 97871, 0, 173.04
2026/10/09 03:42:58.313, 2, 22418, 97871, 0, 142.85
2026/10/09 03:42:58.313, 3, 27267, 97871, 0, 156.07
2026/10/09 03:42:59.313, 0, 79413, 97871, 0, 139.77
2026/10/09 03:42:59.313, 1, 27297, 97871, 4, 173.29
2026/10/09 03:42:59.313, 2, 24502, 97871, 0, 144.34
2026/10/09 03:42:59.313, 3, 27267, 97871, 0, 178.73
2026/10/09 03:43:00.313, 0, 79413, 97871, 0, 139.83
2026/10/09 03:43:00.314, 1, 27297, 97871, 0, 186.10
2026/10/09 03:43:00.314, 2, 24502, 97871, 0, 184.65
2026/10/09 03:43:00.314, 3, 27267, 97871, 0, 145.85
2026/10/09 03:43:01.314, 0, 79413, 97871, 0, 139.76
2026/10/09 03:43:01.314, 1, 27297, 97871, 0, 146.05
2026/10/09 03:43:01.314, 2, 24502, 97871, 0, 159.04
2026/10/09 03:43:01.314, 3, 78731, 97871, 0, 324.40
2026/10/09 03:43:02.314, 0, 79413, 97871, 0, 139.63
2026/10/09 03:43:02.314, 1, 78741, 97871, 63, 227.38
2026/10/09 03:43:02.314, 2, 24502, 97871, 31, 216.06
2026/10/09 03:43:02.314, 3, 76403, 97871, 16, 234.99
2026/10/09 03:43:03.315, 0, 79413, 97871, 0, 139.97
2026/10/09 03:43:03.315, 1, 76369, 97871, 24, 279.60
2026/10/09 03:43:03.315, 2, 24502, 97871, 0, 142.59
2026/10/09 03:43:03.315, 3, 76497, 97871, 13, 199.94
2026/10/09 03:43:04.315, 0, 79413, 97871, 0, 139.73
2026/10/09 03:43:04.315, 1, 76447, 97871, 14, 241.38
2026/10/09 03:43:04.315, 2, 24502, 97871, 0, 207.91
2026/10/09 03:43:04.315, 3, 77131, 97871, 32, 257.00
2026/10/09 03:43:05.315, 0, 79413, 97871, 0, 139.60
2026/10/09 03:43:05.315, 1, 76551, 97871, 12, 194.47
2026/10/09 03:43:05.315, 2, 24504, 97871, 79, 347.26
2026/10/09 03:43:05.315, 3, 77203, 97871, 18, 247.92
2026/10/09 03:43:06.315, 0, 79413, 97871, 0, 139.63
2026/10/09 03:43:06.315, 1, 77257, 97871, 21, 282.46
2026/10/09 03:43:06.316, 2, 24504, 97871, 0, 146.45
2026/10/09 03:43:06.316, 3, 77241, 97871, 6, 215.56
2026/10/09 03:43:07.316, 0, 79413, 97871, 0, 139.83
2026/10/09 03:43:07.316, 1, 77193, 97871, 11, 207.19
2026/10/09 03:43:07.316, 2, 24504, 97871, 0, 144.20
2026/10/09 03:43:07.316, 3, 77241, 97871, 0, 145.94
2026/10/09 03:43:08.316, 0, 79413, 97871, 0, 139.52
2026/10/09 03:43:08.316, 1, 77273, 97871, 12, 213.06
2026/10/09 03:43:08.316, 2, 79228, 97871, 49, 320.66
2026/10/09 03:43:08.316, 3, 77241, 97871, 0, 145.68
2026/10/09 03:43:09.316, 0, 79413, 97871, 0, 139.70
2026/10/09 03:43:09.317, 1, 77255, 97871, 0, 149.49
2026/10/09 03:43:09.317, 2, 75978, 97871, 10, 221.87
2026/10/09 03:43:09.317, 3, 77897, 97871, 0, 162.40
2026/10/09 03:43:10.317, 0, 79413, 97871, 0, 139.75
2026/10/09 03:43:10.317, 1, 77255, 97871, 0, 144.73
2026/10/09 03:43:10.317, 2, 76070, 97871, 13, 206.38
2026/10/09 03:43:10.317, 3, 77897, 97871, 0, 145.89
2026/10/09 03:43:11.317, 0, 79413, 97871, 0, 139.72
2026/10/09 03:43:11.317, 1, 77511, 97871, 0, 144.61
2026/10/09 03:43:11.317, 2, 76704, 97871, 19, 203.04
2026/10/09 03:43:11.317, 3, 78423, 97871, 0, 145.97
2026/10/09 03:43:12.318, 0, 79413, 97871, 0, 139.67
2026/10/09 03:43:12.318, 1, 78001, 97871, 0, 178.79
2026/10/09 03:43:12.318, 2, 76740, 97871, 18, 239.11
2026/10/09 03:43:12.318, 3, 78945, 97871, 0, 149.04
2026/10/09 03:43:13.318, 0, 79413, 97871, 0, 139.85
2026/10/09 03:43:13.318, 1, 78001, 97871, 0, 145.09
2026/10/09 03:43:13.318, 2, 76936, 97871, 13, 203.29
2026/10/09 03:43:13.318, 3, 79987, 97871, 0, 166.49
2026/10/09 03:43:14.318, 0, 79413, 97871, 0, 139.68
2026/10/09 03:43:14.318, 1, 79049, 97871, 0, 148.44
2026/10/09 03:43:14.318, 2, 76928, 97871, 0, 179.95
2026/10/09 03:43:14.318, 3, 79987, 97871, 0, 145.15
2026/10/09 03:43:15.318, 0, 79412, 97871, 0, 139.62
2026/10/09 03:43:15.319, 1, 82697, 97871, 29, 185.23
2026/10/09 03:43:15.319, 2, 76928, 97871, 0, 144.26
2026/10/09 03:43:15.319, 3, 79987, 97871, 0, 145.01
2026/10/09 03:43:16.319, 0, 79412, 97871, 0, 139.62
2026/10/09 03:43:16.319, 1, 82697, 97871, 0, 144.04
2026/10/09 03:43:16.319, 2, 77412, 97871, 20, 173.50
2026/10/09 03:43:16.319, 3, 79987, 97871, 0, 145.05
2026/10/09 03:43:17.319, 0, 79412, 97871, 0, 139.73
2026/10/09 03:43:17.319, 1, 82697, 97871, 0, 144.32
2026/10/09 03:43:17.319, 2, 77674, 97871, 0, 143.37
2026/10/09 03:43:17.319, 3, 79987, 97871, 0, 144.98
2026/10/09 03:43:18.319, 0, 79412, 97871, 0, 139.73
2026/10/09 03:43:18.319, 1, 82697, 97871, 0, 144.42
2026/10/09 03:43:18.319, 2, 78200, 97871, 0, 143.58
2026/10/09 03:43:18.319, 3, 79989, 97871, 0, 149.42
2026/10/09 03:43:19.319, 0, 79412, 97871, 0, 139.88
2026/10/09 03:43:19.320, 1, 82697, 97871, 0, 144.35
2026/10/09 03:43:19.320, 2, 79246, 97871, 8, 146.68
2026/10/09 03:43:19.320, 3, 79991, 97871, 0, 145.32
2026/10/09 03:43:20.320, 0, 79412, 97871, 0, 139.68
2026/10/09 03:43:20.320, 1, 82701, 97871, 0, 153.07
2026/10/09 03:43:20.320, 2, 82372, 97871, 0, 180.06
2026/10/09 03:43:20.320, 3, 79991, 97871, 0, 148.86
2026/10/09 03:43:21.320, 0, 79412, 97871, 0, 139.76
2026/10/09 03:43:21.320, 1, 82701, 97871, 0, 144.67
2026/10/09 03:43:21.320, 2, 82372, 97871, 0, 144.14
2026/10/09 03:43:21.320, 3, 79991, 97871, 0, 146.17
2026/10/09 03:43:22.320, 0, 79412, 97871, 0, 139.81
2026/10/09 03:43:22.321, 1, 82701, 97871, 0, 146.43
2026/10/09 03:43:22.321, 2, 82372, 97871, 0, 144.17
2026/10/09 03:43:22.321, 3, 79991, 97871, 0, 146.43
2026/10/09 03:43:23.321, 0, 79412, 97871, 99, 285.64
2026/10/09 03:43:23.321, 1, 82701, 97871, 0, 155.64
2026/10/09 03:43:23.321, 2, 82372, 97871, 0, 143.98
2026/10/09 03:43:23.321, 3, 79991, 97871, 0, 146.16
2026/10/09 03:43:24.321, 0, 79412, 97871, 99, 443.81
2026/10/09 03:43:24.321, 1, 82701, 97871, 0, 145.54
2026/10/09 03:43:24.321, 2, 82372, 97871, 0, 148.05
2026/10/09 03:43:24.321, 3, 79991, 97871, 0, 145.95
2026/10/09 03:43:25.321, 0, 79412, 97871, 99, 437.93
2026/10/09 03:43:25.321, 1, 82701, 97871, 0, 145.50
2026/10/09 03:43:25.321, 2, 82372, 97871, 0, 149.56
2026/10/09 03:43:25.321, 3, 79991, 97871, 0, 145.99
2026/10/09 03:43:26.321, 0, 79412, 97871, 99, 439.17
2026/10/09 03:43:26.321, 1, 82701, 97871, 0, 145.56
2026/10/09 03:43:26.322, 2, 82372, 97871, 0, 144.11
2026/10/09 03:43:26.322, 3, 79991, 97871, 0, 145.77
2026/10/09 03:43:27.322, 0, 79412, 97871, 99, 445.25
2026/10/09 03:43:27.322, 1, 82701, 97871, 0, 145.48
2026/10/09 03:43:27.322, 2, 82372, 97871, 0, 152.90
2026/10/09 03:43:27.322, 3, 79991, 97871, 0, 145.82
2026/10/09 03:43:28.322, 0, 79412, 97871, 99, 441.06
2026/10/09 03:43:28.322, 1, 82701, 97871, 0, 145.37
2026/10/09 03:43:28.322, 2, 82372, 97871, 0, 143.71
2026/10/09 03:43:28.322, 3, 79991, 97871, 0, 145.86
2026/10/09 03:43:29.322, 0, 79412, 97871, 85, 444.25
2026/10/09 03:43:29.322, 1, 82701, 97871, 0, 145.47
2026/10/09 03:43:29.322, 2, 82372, 97871, 0, 143.88
2026/10/09 03:43:29.322, 3, 79991, 97871, 0, 145.85
2026/10/09 03:43:30.322, 0, 79412, 97871, 100, 442.76
2026/10/09 03:43:30.322, 1, 82701, 97871, 0, 145.47
2026/10/09 03:43:30.322, 2, 82372, 97871, 0, 143.83
2026/10/09 03:43:30.322, 3, 79991, 97871, 0, 145.93
2026/10/09 03:43:31.323, 0, 79412, 97871, 99, 437.87
2026/10/09 03:43:31.323, 1, 82701, 97871, 0, 145.42
2026/10/09 03:43:31.323, 2, 82372, 97871, 0, 143.75
2026/10/09 03:43:31.323, 3, 79991, 97871, 0, 146.10
2026/10/09 03:43:32.323, 0, 79412, 97871, 99, 442.38
2026/10/09 03:43:32.323, 1, 82701, 97871, 0, 145.55
2026/10/09 03:43:32.323, 2, 82372, 97871, 0, 143.90
2026/10/09 03:43:32.323, 3, 79991, 97871, 0, 146.04
2026/10/09 03:43:33.323, 0, 79412, 97871, 99, 439.44
2026/10/09 03:43:33.323, 1, 82701, 97871, 0, 145.47
2026/10/09 03:43:33.323, 2, 82372, 97871, 0, 143.60
2026/10/09 03:43:33.323, 3, 79991, 97871, 0, 145.95
2026/10/09 03:43:34.323, 0, 79412, 97871, 99, 442.18
2026/10/09 03:43:34.323, 1, 82701, 97871, 0, 145.31
2026/10/09 03:43:34.323, 2, 82372, 97871, 0, 143.81
2026/10/09 03:43:34.323, 3, 79991, 97871, 0, 145.87
2026/10/09 03:43:35.323, 0, 79412, 97871, 87, 442.37
2026/10/09 03:43:35.324, 1, 82701, 97871, 0, 145.42
2026/10/09 03:43:35.324, 2, 82372, 97871, 0, 143.79
2026/10/09 03:43:35.324, 3, 79991, 97871, 0, 145.95
2026/10/09 03:43:36.324, 0, 79412, 97871, 99, 443.23
2026/10/09 03:43:36.324, 1, 82701, 97871, 0, 145.95
2026/10/09 03:43:36.324, 2, 82372, 97871, 0, 143.92
2026/10/09 03:43:36.324, 3, 79991, 97871, 0, 146.34
2026/10/09 03:43:37.324, 0, 79412, 97871, 100, 448.22
2026/10/09 03:43:37.324, 1, 82701, 97871, 0, 145.51
2026/10/09 03:43:37.324, 2, 82372, 97871, 0, 143.68
2026/10/09 03:43:37.324, 3, 79991, 97871, 0, 145.76
2026/10/09 03:43:38.324, 0, 79412, 97871, 99, 443.82
2026/10/09 03:43:38.324, 1, 82701, 97871, 0, 145.55
2026/10/09 03:43:38.324, 2, 82372, 97871, 0, 143.78
2026/10/09 03:43:38.324, 3, 79991, 97871, 0, 145.77
2026/10/09 03:43:39.324, 0, 79412, 97871, 99, 443.58
2026/10/09 03:43:39.324, 1, 82701, 97871, 0, 145.68
2026/10/09 03:43:39.325, 2, 82372, 97871, 0, 143.54
2026/10/09 03:43:39.325, 3, 79991, 97871, 0, 145.75
2026/10/09 03:43:40.325, 0, 79412, 97871, 99, 443.55
2026/10/09 03:43:40.325, 1, 82701, 97871, 0, 145.54
2026/10/09 03:43:40.325, 2, 82372, 97871, 0, 143.79
2026/10/09 03:43:40.325, 3, 79991, 97871, 0, 145.79
2026/10/09 03:43:41.325, 0, 79412, 97871, 99, 443.75
2026/10/09 03:43:41.325, 1, 82701, 97871, 0, 145.46
2026/10/09 03:43:41.325, 2, 82372, 97871, 0, 143.73
2026/10/09 03:43:41.325, 3, 79991, 97871, 0, 145.93
2026/10/09 03:43:42.325, 0, 79412, 97871, 99, 449.36
2026/10/09 03:43:42.325, 1, 82701, 97871, 0, 145.45
2026/10/09 03:43:42.325, 2, 82372, 97871, 0, 143.56
2026/10/09 03:43:42.325, 3, 79991, 97871, 0, 146.04
2026/10/09 03:43:43.325, 0, 79412, 97871, 99, 445.71
2026/10/09 03:43:43.326, 1, 82701, 97871, 0, 145.52
2026/10/09 03:43:43.326, 2, 82372, 97871, 0, 143.62
2026/10/09 03:43:43.326, 3, 79991, 97871, 0, 145.86
2026/10/09 03:43:44.326, 0, 79412, 97871, 99, 444.32
2026/10/09 03:43:44.326, 1, 82701, 97871, 0, 144.90
2026/10/09 03:43:44.326, 2, 82372, 97871, 0, 143.50
2026/10/09 03:43:44.326, 3, 79991, 97871, 0, 145.90
2026/10/09 03:43:45.326, 0, 79412, 97871, 100, 443.54
2026/10/09 03:43:45.326, 1, 82701, 97871, 0, 144.69
2026/10/09 03:43:45.326, 2, 82372, 97871, 0, 143.88
2026/10/09 03:43:45.326, 3, 79991, 97871, 0, 146.07
2026/10/09 03:43:46.326, 0, 79412, 97871, 99, 447.55
2026/10/09 03:43:46.326, 1, 82701, 97871, 0, 144.59
2026/10/09 03:43:46.326, 2, 82372, 97871, 0, 143.66
2026/10/09 03:43:46.326, 3, 79991, 97871, 0, 145.49
2026/10/09 03:43:47.327, 0, 79412, 97871, 99, 444.52
2026/10/09 03:43:47.327, 1, 82701, 97871, 0, 144.63
2026/10/09 03:43:47.327, 2, 82372, 97871, 0, 143.65
2026/10/09 03:43:47.327, 3, 79991, 97871, 0, 145.82
2026/10/09 03:43:48.327, 0, 79412, 97871, 99, 443.72
2026/10/09 03:43:48.327, 1, 82701, 97871, 0, 144.66
2026/10/09 03:43:48.327, 2, 82372, 97871, 0, 143.74
2026/10/09 03:43:48.327, 3, 79991, 97871, 99, 251.80
2026/10/09 03:43:49.327, 0, 79412, 97871, 99, 438.95
2026/10/09 03:43:49.327, 1, 82701, 97871, 0, 144.58
2026/10/09 03:43:49.327, 2, 82372, 97871, 0, 143.52
2026/10/09 03:43:49.327, 3, 79991, 97871, 99, 439.52
2026/10/09 03:43:50.327, 0, 79412, 97871, 99, 443.92
2026/10/09 03:43:50.327, 1, 82701, 97871, 0, 144.65
2026/10/09 03:43:50.327, 2, 82372, 97871, 0, 143.60
2026/10/09 03:43:50.327, 3, 79991, 97871, 99, 436.68
2026/10/09 03:43:51.328, 0, 79412, 97871, 99, 444.15
2026/10/09 03:43:51.328, 1, 82701, 97871, 0, 144.44
2026/10/09 03:43:51.328, 2, 82372, 97871, 0, 143.65
2026/10/09 03:43:51.328, 3, 79991, 97871, 99, 447.14
2026/10/09 03:43:52.328, 0, 79412, 97871, 99, 443.71
2026/10/09 03:43:52.328, 1, 82701, 97871, 0, 144.58
2026/10/09 03:43:52.328, 2, 82372, 97871, 0, 143.37
2026/10/09 03:43:52.328, 3, 79991, 97871, 99, 440.74
2026/10/09 03:43:53.328, 0, 79412, 97871, 100, 438.24
2026/10/09 03:43:53.328, 1, 82701, 97871, 0, 169.20
2026/10/09 03:43:53.328, 2, 82372, 97871, 0, 143.46
2026/10/09 03:43:53.328, 3, 79991, 97871, 99, 438.95
2026/10/09 03:43:54.328, 0, 79412, 97871, 99, 442.02
2026/10/09 03:43:54.329, 1, 82701, 97871, 0, 144.21
2026/10/09 03:43:54.329, 2, 82372, 97871, 0, 143.67
2026/10/09 03:43:54.329, 3, 79991, 97871, 99, 436.75
2026/10/09 03:43:55.329, 0, 79412, 97871, 99, 444.17
2026/10/09 03:43:55.329, 1, 82701, 97871, 0, 143.96
2026/10/09 03:43:55.329, 2, 82372, 97871, 0, 143.65
2026/10/09 03:43:55.329, 3, 79991, 97871, 90, 443.47
2026/10/09 03:43:56.329, 0, 79412, 97871, 90, 446.33
2026/10/09 03:43:56.329, 1, 82701, 97871, 0, 143.96
2026/10/09 03:43:56.329, 2, 82372, 97871, 0, 143.68
2026/10/09 03:43:56.329, 3, 79991, 97871, 99, 444.23
2026/10/09 03:43:57.329, 0, 79412, 97871, 100, 442.17
2026/10/09 03:43:57.329, 1, 82701, 97871, 99, 227.35
2026/10/09 03:43:57.329, 2, 82372, 97871, 0, 143.59
2026/10/09 03:43:57.329, 3, 79991, 97871, 99, 441.06
2026/10/09 03:43:58.329, 0, 79412, 97871, 99, 433.17
2026/10/09 03:43:58.329, 1, 82701, 97871, 99, 456.87
2026/10/09 03:43:58.330, 2, 82374, 97871, 0, 170.50
2026/10/09 03:43:58.330, 3, 79991, 97871, 99, 440.02
2026/10/09 03:43:59.330, 0, 79412, 97871, 100, 442.22
2026/10/09 03:43:59.330, 1, 82701, 97871, 99, 459.93
2026/10/09 03:43:59.330, 2, 82374, 97871, 0, 142.50
2026/10/09 03:43:59.330, 3, 79991, 97871, 99, 445.32
2026/10/09 03:44:00.330, 0, 79412, 97871, 99, 442.99
2026/10/09 03:44:00.330, 1, 82701, 97871, 99, 457.82
2026/10/09 03:44:00.330, 2, 82374, 97871, 0, 142.34
2026/10/09 03:44:00.330, 3, 79991, 97871, 99, 444.52
2026/10/09 03:44:01.330, 0, 79412, 97871, 99, 445.23
2026/10/09 03:44:01.330, 1, 82701, 97871, 99, 455.50
2026/10/09 03:44:01.330, 2, 82374, 97871, 0, 142.35
2026/10/09 03:44:01.330, 3, 79991, 97871, 98, 446.75
2026/10/09 03:44:02.330, 0, 79412, 97871, 100, 444.05
2026/10/09 03:44:02.330, 1, 82701, 97871, 99, 456.77
2026/10/09 03:44:02.330, 2, 82374, 97871, 100, 292.28
2026/10/09 03:44:02.330, 3, 79991, 97871, 99, 438.19
2026/10/09 03:44:03.331, 0, 79412, 97871, 100, 452.72
2026/10/09 03:44:03.331, 1, 82701, 97871, 99, 459.21
2026/10/09 03:44:03.331, 2, 82374, 97871, 100, 467.70
2026/10/09 03:44:03.331, 3, 79991, 97871, 99, 444.86
2026/10/09 03:44:04.331, 0, 79412, 97871, 100, 444.35
2026/10/09 03:44:04.331, 1, 82701, 97871, 99, 464.14
2026/10/09 03:44:04.331, 2, 82374, 97871, 100, 471.96
2026/10/09 03:44:04.331, 3, 79991, 97871, 99, 440.80
2026/10/09 03:44:05.331, 0, 79412, 97871, 99, 442.81
2026/10/09 03:44:05.331, 1, 82701, 97871, 99, 471.14
2026/10/09 03:44:05.331, 2, 82374, 97871, 93, 470.61
2026/10/09 03:44:05.331, 3, 79991, 97871, 99, 437.12
2026/10/09 03:44:06.331, 0, 79412, 97871, 99, 440.48
2026/10/09 03:44:06.331, 1, 82701, 97871, 99, 460.44
2026/10/09 03:44:06.331, 2, 82374, 97871, 100, 474.66
2026/10/09 03:44:06.331, 3, 79991, 97871, 99, 441.98
2026/10/09 03:44:07.331, 0, 79412, 97871, 100, 446.28
2026/10/09 03:44:07.332, 1, 82701, 97871, 92, 472.72
2026/10/09 03:44:07.332, 2, 82374, 97871, 100, 469.59
2026/10/09 03:44:07.332, 3, 79991, 97871, 99, 443.30
2026/10/09 03:44:08.332, 0, 79412, 97871, 97, 450.10
2026/10/09 03:44:08.332, 1, 82701, 97871, 99, 465.99
2026/10/09 03:44:08.332, 2, 82374, 97871, 100, 469.72
2026/10/09 03:44:08.332, 3, 79991, 97871, 99, 440.41
2026/10/09 03:44:09.332, 0, 79412, 97871, 100, 443.69
2026/10/09 03:44:09.332, 1, 82701, 97871, 96, 465.40
2026/10/09 03:44:09.332, 2, 82374, 97871, 100, 466.80
2026/10/09 03:44:09.332, 3, 79991, 97871, 87, 440.47
2026/10/09 03:44:10.332, 0, 79412, 97871, 99, 449.49
2026/10/09 03:44:10.332, 1, 82701, 97871, 99, 467.06
2026/10/09 03:44:10.332, 2, 82374, 97871, 100, 469.97
2026/10/09 03:44:10.332, 3, 79991, 97871, 99, 441.98
2026/10/09 03:44:11.332, 0, 79412, 97871, 100, 446.09
2026/10/09 03:44:11.332, 1, 82701, 97871, 99, 466.20
2026/10/09 03:44:11.332, 2, 82374, 97871, 100, 472.67
2026/10/09 03:44:11.333, 3, 79991, 97871, 99, 448.90
2026/10/09 03:44:12.333, 0, 79412, 97871, 99, 439.45
2026/10/09 03:44:12.333, 1, 82701, 97871, 99, 459.18
2026/10/09 03:44:12.333, 2, 82374, 97871, 100, 474.57
2026/10/09 03:44:12.333, 3, 79991, 97871, 99, 439.02
2026/10/09 03:44:13.333, 0, 79412, 97871, 99, 442.17
2026/10/09 03:44:13.333, 1, 82701, 97871, 99, 462.13
2026/10/09 03:44:13.333, 2, 82374, 97871, 100, 472.37
2026/10/09 03:44:13.333, 3, 79991, 97871, 99, 439.47
2026/10/09 03:44:14.333, 0, 79412, 97871, 99, 446.43
2026/10/09 03:44:14.333, 1, 82701, 97871, 99, 470.20
2026/10/09 03:44:14.333, 2, 82374, 97871, 100, 472.89
2026/10/09 03:44:14.333, 3, 79991, 97871, 100, 447.46
2026/10/09 03:44:15.333, 0, 79412, 97871, 88, 447.41
2026/10/09 03:44:15.333, 1, 82701, 97871, 99, 463.81
2026/10/09 03:44:15.333, 2, 82374, 97871, 100, 479.14
2026/10/09 03:44:15.333, 3, 79991, 97871, 99, 445.72
2026/10/09 03:44:16.333, 0, 79412, 97871, 99, 443.13
2026/10/09 03:44:16.334, 1, 82701, 97871, 99, 463.17
2026/10/09 03:44:16.334, 2, 82374, 97871, 100, 475.93
2026/10/09 03:44:16.334, 3, 79991, 97871, 99, 443.95
2026/10/09 03:44:17.334, 0, 79412, 97871, 99, 445.90
2026/10/09 03:44:17.334, 1, 82701, 97871, 99, 471.18
2026/10/09 03:44:17.334, 2, 82374, 97871, 100, 478.78
2026/10/09 03:44:17.334, 3, 79991, 97871, 99, 436.89
2026/10/09 03:44:18.334, 0, 79412, 97871, 99, 444.67
2026/10/09 03:44:18.334, 1, 82701, 97871, 99, 465.02
2026/10/09 03:44:18.334, 2, 82374, 97871, 93, 473.11
2026/10/09 03:44:18.334, 3, 79991, 97871, 99, 437.23
2026/10/09 03:44:19.334, 0, 79412, 97871, 100, 445.63
2026/10/09 03:44:19.334, 1, 82701, 97871, 99, 463.01
2026/10/09 03:44:19.334, 2, 82374, 97871, 100, 473.41
2026/10/09 03:44:19.334, 3, 79991, 97871, 99, 446.70
2026/10/09 03:44:20.334, 0, 79412, 97871, 99, 440.00
2026/10/09 03:44:20.334, 1, 82701, 97871, 99, 464.90
2026/10/09 03:44:20.334, 2, 82374, 97871, 100, 473.22
2026/10/09 03:44:20.334, 3, 79991, 97871, 89, 445.11
2026/10/09 03:44:21.335, 0, 79412, 97871, 99, 442.64
2026/10/09 03:44:21.335, 1, 82701, 97871, 98, 470.82
2026/10/09 03:44:21.335, 2, 82374, 97871, 100, 469.02
2026/10/09 03:44:21.335, 3, 79991, 97871, 99, 443.18
2026/10/09 03:44:22.335, 0, 79412, 97871, 99, 449.40
2026/10/09 03:44:22.335, 1, 82701, 97871, 99, 464.09
2026/10/09 03:44:22.335, 2, 82374, 97871, 100, 470.08
2026/10/09 03:44:22.335, 3, 79991, 97871, 99, 445.37
2026/10/09 03:44:23.335, 0, 79412, 97871, 99, 447.49
2026/10/09 03:44:23.335, 1, 82701, 97871, 96, 462.31
2026/10/09 03:44:23.335, 2, 82374, 97871, 100, 472.43
2026/10/09 03:44:23.335, 3, 79991, 97871, 99, 437.28
2026/10/09 03:44:24.335, 0, 79412, 97871, 99, 445.22
2026/10/09 03:44:24.335, 1, 82701, 97871, 99, 463.69
2026/10/09 03:44:24.335, 2, 82374, 97871, 100, 475.48
2026/10/09 03:44:24.335, 3, 79991, 97871, 99, 444.72
2026/10/09 03:44:25.335, 0, 79412, 97871, 99, 446.56
2026/10/09 03:44:25.336, 1, 82701, 97871, 99, 467.52
2026/10/09 03:44:25.336, 2, 82374, 97871, 100, 472.19
2026/10/09 03:44:25.336, 3, 79991, 97871, 99, 445.26
2026/10/09 03:44:26.336, 0, 79412, 97871, 88, 448.01
2026/10/09 03:44:26.336, 1, 82701, 97871, 90, 469.40
2026/10/09 03:44:26.336, 2, 82374, 97871, 100, 468.52
2026/10/09 03:44:26.336, 3, 79991, 97871, 100, 450.33
2026/10/09 03:44:27.336, 0, 79412, 97871, 100, 443.95
2026/10/09 03:44:27.336, 1, 82701, 97871, 99, 468.04
2026/10/09 03:44:27.336, 2, 82374, 97871, 100, 471.36
2026/10/09 03:44:27.336, 3, 79991, 97871, 99, 443.39
2026/10/09 03:44:28.336, 0, 79412, 97871, 99, 446.92
2026/10/09 03:44:28.336, 1, 82701, 97871, 99, 464.87
2026/10/09 03:44:28.336, 2, 82374, 97871, 100, 479.89
2026/10/09 03:44:28.336, 3, 79991, 97871, 98, 443.28
2026/10/09 03:44:29.336, 0, 79412, 97871, 99, 445.02
2026/10/09 03:44:29.336, 1, 82701, 97871, 99, 463.39
2026/10/09 03:44:29.337, 2, 82374, 97871, 100, 474.21
2026/10/09 03:44:29.337, 3, 79991, 97871, 99, 444.89
2026/10/09 03:44:30.337, 0, 79412, 97871, 96, 445.73
2026/10/09 03:44:30.337, 1, 82701, 97871, 94, 474.97
2026/10/09 03:44:30.337, 2, 82374, 97871, 100, 473.11
2026/10/09 03:44:30.337, 3, 79991, 97871, 99, 439.22
2026/10/09 03:44:31.337, 0, 79412, 97871, 100, 444.09
2026/10/09 03:44:31.337, 1, 82701, 97871, 99, 465.72
2026/10/09 03:44:31.337, 2, 82374, 97871, 100, 469.78
2026/10/09 03:44:31.337, 3, 79991, 97871, 99, 443.15
2026/10/09 03:44:32.337, 0, 79412, 97871, 99, 446.46
2026/10/09 03:44:32.337, 1, 82701, 97871, 99, 469.25
2026/10/09 03:44:32.337, 2, 82374, 97871, 100, 472.47
2026/10/09 03:44:32.337, 3, 79991, 97871, 89, 448.13
2026/10/09 03:44:33.337, 0, 79412, 97871, 100, 443.11
2026/10/09 03:44:33.338, 1, 82701, 97871, 99, 470.15
2026/10/09 03:44:33.338, 2, 82374, 97871, 100, 478.90
2026/10/09 03:44:33.338, 3, 79991, 97871, 99, 440.05
2026/10/09 03:44:34.338, 0, 79412, 97871, 100, 439.41
2026/10/09 03:44:34.338, 1, 82701, 97871, 99, 467.93
2026/10/09 03:44:34.338, 2, 82374, 97871, 100, 476.85
2026/10/09 03:44:34.338, 3, 79991, 97871, 99, 437.50
2026/10/09 03:44:35.338, 0, 79412, 97871, 99, 445.82
2026/10/09 03:44:35.338, 1, 82701, 97871, 99, 465.40
2026/10/09 03:44:35.338, 2, 82374, 97871, 100, 477.47
2026/10/09 03:44:35.338, 3, 79991, 97871, 99, 445.14
2026/10/09 03:44:36.338, 0, 79412, 97871, 100, 443.68
2026/10/09 03:44:36.338, 1, 82701, 97871, 99, 473.16
2026/10/09 03:44:36.338, 2, 82374, 97871, 100, 472.55
2026/10/09 03:44:36.338, 3, 79991, 97871, 99, 438.82
2026/10/09 03:44:37.338, 0, 79412, 97871, 99, 452.12
2026/10/09 03:44:37.339, 1, 82701, 97871, 99, 462.84
2026/10/09 03:44:37.339, 2, 82374, 97871, 100, 469.91
2026/10/09 03:44:37.339, 3, 79991, 97871, 99, 446.99
2026/10/09 03:44:38.339, 0, 79412, 97871, 91, 450.03
2026/10/09 03:44:38.339, 1, 82701, 97871, 99, 462.12
2026/10/09 03:44:38.339, 2, 82374, 97871, 100, 475.54
2026/10/09 03:44:38.339, 3, 79991, 97871, 99, 447.40
2026/10/09 03:44:39.339, 0, 79412, 97871, 99, 446.00
2026/10/09 03:44:39.339, 1, 82701, 97871, 99, 466.79
2026/10/09 03:44:39.339, 2, 82374, 97871, 100, 476.30
2026/10/09 03:44:39.339, 3, 79991, 97871, 99, 444.12
2026/10/09 03:44:40.339, 0, 79412, 97871, 99, 445.42
2026/10/09 03:44:40.339, 1, 82701, 97871, 99, 462.94
2026/10/09 03:44:40.339, 2, 82374, 97871, 93, 476.85
2026/10/09 03:44:40.339, 3, 79991, 97871, 99, 439.57
2026/10/09 03:44:41.340, 0, 79412, 97871, 99, 445.82
2026/10/09 03:44:41.340, 1, 82701, 97871, 99, 473.27
2026/10/09 03:44:41.340, 2, 82374, 97871, 100, 475.05
2026/10/09 03:44:41.340, 3, 79991, 97871, 99, 438.72
2026/10/09 03:44:42.340, 0, 79412, 97871, 99, 450.19
2026/10/09 03:44:42.340, 1, 82701, 97871, 95, 467.36
2026/10/09 03:44:42.340, 2, 82374, 97871, 100, 479.01
2026/10/09 03:44:42.340, 3, 79991, 97871, 95, 443.67
2026/10/09 03:44:43.340, 0, 79412, 97871, 94, 446.71
2026/10/09 03:44:43.340, 1, 82701, 97871, 99, 468.77
2026/10/09 03:44:43.340, 2, 82374, 97871, 100, 473.91
2026/10/09 03:44:43.340, 3, 79991, 97871, 98, 445.99
2026/10/09 03:44:44.340, 0, 79412, 97871, 99, 446.95
2026/10/09 03:44:44.340, 1, 82701, 97871, 99, 463.20
2026/10/09 03:44:44.341, 2, 82374, 97871, 100, 467.20
2026/10/09 03:44:44.341, 3, 79991, 97871, 99, 439.04
2026/10/09 03:44:45.341, 0, 79412, 97871, 100, 454.38
2026/10/09 03:44:45.341, 1, 82701, 97871, 99, 463.61
2026/10/09 03:44:45.341, 2, 82374, 97871, 100, 485.58
2026/10/09 03:44:45.341, 3, 79991, 97871, 98, 444.48
2026/10/09 03:44:46.341, 0, 79412, 97871, 99, 448.03
2026/10/09 03:44:46.341, 1, 82701, 97871, 99, 464.00
2026/10/09 03:44:46.341, 2, 82374, 97871, 100, 471.58
2026/10/09 03:44:46.341, 3, 79991, 97871, 99, 445.84
2026/10/09 03:44:47.341, 0, 79412, 97871, 99, 452.27
2026/10/09 03:44:47.341, 1, 82701, 97871, 99, 468.31
2026/10/09 03:44:47.341, 2, 82374, 97871, 100, 471.14
2026/10/09 03:44:47.341, 3, 79991, 97871, 99, 442.45
2026/10/09 03:44:48.341, 0, 79412, 97871, 99, 447.44
2026/10/09 03:44:48.342, 1, 82701, 97871, 99, 469.03
2026/10/09 03:44:48.342, 2, 82374, 97871, 100, 478.06
2026/10/09 03:44:48.342, 3, 79991, 97871, 95, 441.58
2026/10/09 03:44:49.342, 0, 79412, 97871, 99, 450.15
2026/10/09 03:44:49.342, 1, 82701, 97871, 99, 469.65
2026/10/09 03:44:49.342, 2, 82374, 97871, 100, 479.17
2026/10/09 03:44:49.342, 3, 79991, 97871, 99, 451.30
2026/10/09 03:44:50.342, 0, 79412, 97871, 100, 449.31
2026/10/09 03:44:50.342, 1, 82701, 97871, 99, 462.66
2026/10/09 03:44:50.342, 2, 82374, 97871, 100, 476.26
2026/10/09 03:44:50.342, 3, 79991, 97871, 99, 446.70
2026/10/09 03:44:51.342, 0, 79412, 97871, 99, 446.16
2026/10/09 03:44:51.342, 1, 82701, 97871, 99, 475.99
2026/10/09 03:44:51.342, 2, 82374, 97871, 100, 473.40
2026/10/09 03:44:51.342, 3, 79991, 97871, 97, 453.20
2026/10/09 03:44:52.342, 0, 79412, 97871, 100, 446.94
2026/10/09 03:44:52.343, 1, 82701, 97871, 99, 475.61
2026/10/09 03:44:52.343, 2, 82374, 97871, 100, 475.33
2026/10/09 03:44:52.343, 3, 79991, 97871, 99, 442.37
2026/10/09 03:44:53.343, 0, 79412, 97871, 99, 448.84
2026/10/09 03:44:53.343, 1, 82701, 97871, 99, 469.23
2026/10/09 03:44:53.343, 2, 82374, 97871, 100, 478.21
2026/10/09 03:44:53.343, 3, 79991, 97871, 99, 441.17
2026/10/09 03:44:54.343, 0, 79412, 97871, 99, 445.92
2026/10/09 03:44:54.343, 1, 82701, 97871, 99, 469.40
2026/10/09 03:44:54.343, 2, 82374, 97871, 100, 473.81
2026/10/09 03:44:54.343, 3, 79991, 97871, 99, 441.84
2026/10/09 03:44:55.343, 0, 79412, 97871, 99, 451.83
2026/10/09 03:44:55.343, 1, 82701, 97871, 99, 465.29
2026/10/09 03:44:55.343, 2, 82374, 97871, 100, 469.66
2026/10/09 03:44:55.343, 3, 79991, 97871, 99, 445.70
2026/10/09 03:44:56.343, 0, 79412, 97871, 99, 450.40
2026/10/09 03:44:56.344, 1, 82701, 97871, 99, 469.16
2026/10/09 03:44:56.344, 2, 82374, 97871, 100, 472.78
2026/10/09 03:44:56.344, 3, 79991, 97871, 95, 448.59
2026/10/09 03:44:57.344, 0, 79412, 97871, 99, 448.35
2026/10/09 03:44:57.344, 1, 82701, 97871, 99, 468.98
2026/10/09 03:44:57.344, 2, 82374, 97871, 100, 476.55
2026/10/09 03:44:57.344, 3, 79991, 97871, 99, 441.14
2026/10/09 03:44:58.344, 0, 79412, 97871, 99, 455.33
2026/10/09 03:44:58.344, 1, 82701, 97871, 99, 464.97
2026/10/09 03:44:58.344, 2, 82374, 97871, 100, 471.74
2026/10/09 03:44:58.344, 3, 79991, 97871, 99, 446.77
2026/10/09 03:44:59.344, 0, 79412, 97871, 100, 447.67
2026/10/09 03:44:59.344, 1, 82701, 97871, 99, 464.69
2026/10/09 03:44:59.344, 2, 82374, 97871, 100, 475.75
2026/10/09 03:44:59.344, 3, 79991, 97871, 99, 448.17
2026/10/09 03:45:00.344, 0, 79412, 97871, 100, 448.66
2026/10/09 03:45:00.345, 1, 82701, 97871, 94, 472.63
2026/10/09 03:45:00.345, 2, 82374, 97871, 100, 479.14
2026/10/09 03:45:00.345, 3, 79991, 97871, 99, 442.83
2026/10/09 03:45:01.345, 0, 79412, 97871, 100, 447.90
2026/10/09 03:45:01.345, 1, 82701, 97871, 99, 465.22
2026/10/09 03:45:01.345, 2, 82374, 97871, 100, 472.28
2026/10/09 03:45:01.345, 3, 79991, 97871, 99, 439.69
2026/10/09 03:45:02.345, 0, 79412, 97871, 99, 444.99
2026/10/09 03:45:02.345, 1, 82701, 97871, 99, 464.97
2026/10/09 03:45:02.345, 2, 82374, 97871, 100, 478.92
2026/10/09 03:45:02.345, 3, 79991, 97871, 99, 444.48
2026/10/09 03:45:03.345, 0, 79412, 97871, 99, 448.12
2026/10/09 03:45:03.345, 1, 82701, 97871, 99, 464.18
2026/10/09 03:45:03.345, 2, 82374, 97871, 100, 473.97
2026/10/09 03:45:03.345, 3, 79991, 97871, 99, 443.28
2026/10/09 03:45:04.345, 0, 79412, 97871, 100, 457.87
2026/10/09 03:45:04.346, 1, 82701, 97871, 99, 468.51
2026/10/09 03:45:04.346, 2, 82374, 97871, 100, 469.77
2026/10/09 03:45:04.346, 3, 79991, 97871, 99, 447.96
2026/10/09 03:45:05.346, 0, 79412, 97871, 100, 450.51
2026/10/09 03:45:05.346, 1, 82701, 97871, 99, 471.67
2026/10/09 03:45:05.346, 2, 82374, 97871, 100, 476.95
2026/10/09 03:45:05.346, 3, 79991, 97871, 99, 445.07
2026/10/09 03:45:06.346, 0, 79412, 97871, 100, 451.06
2026/10/09 03:45:06.346, 1, 82701, 97871, 99, 471.16
2026/10/09 03:45:06.346, 2, 82374, 97871, 100, 468.80
2026/10/09 03:45:06.346, 3, 79991, 97871, 99, 449.06
2026/10/09 03:45:07.346, 0, 79412, 97871, 88, 452.14
2026/10/09 03:45:07.346, 1, 82703, 97871, 98, 468.72
2026/10/09 03:45:07.346, 2, 82374, 97871, 100, 473.52
2026/10/09 03:45:07.346, 3, 79991, 97871, 99, 448.70
2026/10/09 03:45:08.347, 0, 79412, 97871, 99, 450.22
2026/10/09 03:45:08.347, 1, 82703, 97871, 99, 464.01
2026/10/09 03:45:08.347, 2, 82374, 97871, 100, 476.93
2026/10/09 03:45:08.347, 3, 79991, 97871, 99, 441.08
2026/10/09 03:45:09.347, 0, 79412, 97871, 100, 450.03
2026/10/09 03:45:09.347, 1, 82703, 97871, 99, 462.38
2026/10/09 03:45:09.347, 2, 82374, 97871, 100, 472.97
2026/10/09 03:45:09.347, 3, 79991, 97871, 99, 439.51
2026/10/09 03:45:10.347, 0, 79412, 97871, 100, 448.35
2026/10/09 03:45:10.347, 1, 82703, 97871, 99, 464.26
2026/10/09 03:45:10.347, 2, 82374, 97871, 100, 476.38
2026/10/09 03:45:10.347, 3, 79991, 97871, 99, 441.82
2026/10/09 03:45:11.347, 0, 79412, 97871, 99, 448.96
2026/10/09 03:45:11.347, 1, 82703, 97871, 99, 465.31
2026/10/09 03:45:11.347, 2, 82374, 97871, 100, 478.65
2026/10/09 03:45:11.347, 3, 79991, 97871, 99, 442.41
2026/10/09 03:45:12.348, 0, 79412, 97871, 99, 448.80
2026/10/09 03:45:12.348, 1, 82703, 97871, 99, 470.11
2026/10/09 03:45:12.348, 2, 82374, 97871, 100, 474.63
2026/10/09 03:45:12.348, 3, 79991, 97871, 99, 446.30
2026/10/09 03:45:13.348, 0, 79412, 97871, 99, 447.11
2026/10/09 03:45:13.348, 1, 82703, 97871, 93, 466.85
2026/10/09 03:45:13.348, 2, 82374, 97871, 100, 469.41
2026/10/09 03:45:13.348, 3, 79991, 97871, 99, 442.51
2026/10/09 03:45:14.348, 0, 79412, 97871, 100, 450.86
2026/10/09 03:45:14.348, 1, 82703, 97871, 99, 464.96
2026/10/09 03:45:14.348, 2, 82374, 97871, 100, 482.58
2026/10/09 03:45:14.348, 3, 79991, 97871, 99, 440.02
2026/10/09 03:45:15.348, 0, 79412, 97871, 99, 451.23
2026/10/09 03:45:15.348, 1, 82703, 97871, 99, 461.77
2026/10/09 03:45:15.348, 2, 82374, 97871, 100, 475.88
2026/10/09 03:45:15.348, 3, 79991, 97871, 99, 439.17
2026/10/09 03:45:16.349, 0, 79412, 97871, 100, 449.33
2026/10/09 03:45:16.349, 1, 82703, 97871, 99, 469.53
2026/10/09 03:45:16.349, 2, 82374, 97871, 100, 477.14
2026/10/09 03:45:16.349, 3, 79990, 97871, 99, 447.71
2026/10/09 03:45:17.349, 0, 79412, 97871, 98, 453.38
2026/10/09 03:45:17.349, 1, 82703, 97871, 99, 465.78
2026/10/09 03:45:17.349, 2, 82374, 97871, 100, 482.01
2026/10/09 03:45:17.349, 3, 79990, 97871, 93, 441.25
2026/10/09 03:45:18.349, 0, 79412, 97871, 99, 447.00
2026/10/09 03:45:18.349, 1, 82703, 97871, 99, 468.91
2026/10/09 03:45:18.349, 2, 82374, 97871, 100, 474.83
2026/10/09 03:45:18.349, 3, 79990, 97871, 99, 446.08
2026/10/09 03:45:19.349, 0, 79412, 97871, 99, 447.64
2026/10/09 03:45:19.350, 1, 82703, 97871, 99, 463.60
2026/10/09 03:45:19.350, 2, 82374, 97871, 100, 473.46
2026/10/09 03:45:19.350, 3, 79990, 97871, 90, 440.67
2026/10/09 03:45:20.350, 0, 79412, 97871, 99, 449.85
2026/10/09 03:45:20.350, 1, 82703, 97871, 99, 469.47
2026/10/09 03:45:20.350, 2, 82374, 97871, 100, 477.90
2026/10/09 03:45:20.350, 3, 79990, 97871, 99, 441.15
2026/10/09 03:45:21.350, 0, 79412, 97871, 99, 452.77
2026/10/09 03:45:21.350, 1, 82703, 97871, 99, 476.82
2026/10/09 03:45:21.350, 2, 82374, 97871, 100, 474.60
2026/10/09 03:45:21.350, 3, 79990, 97871, 99, 432.12
2026/10/09 03:45:22.350, 0, 79412, 97871, 99, 449.13
2026/10/09 03:45:22.350, 1, 82703, 97871, 100, 511.02
2026/10/09 03:45:22.350, 2, 82374, 97871, 100, 478.69
2026/10/09 03:45:22.350, 3, 79990, 97871, 0, 199.64
2026/10/09 03:45:23.351, 0, 79412, 97871, 99, 447.95
2026/10/09 03:45:23.351, 1, 82703, 97871, 100, 527.09
2026/10/09 03:45:23.351, 2, 82374, 97871, 100, 476.24
2026/10/09 03:45:23.351, 3, 79990, 97871, 0, 146.10
2026/10/09 03:45:24.351, 0, 79412, 97871, 100, 444.56
2026/10/09 03:45:24.351, 1, 82703, 97871, 100, 518.77
2026/10/09 03:45:24.351, 2, 82374, 97871, 100, 475.00
2026/10/09 03:45:24.351, 3, 79990, 97871, 0, 145.53
2026/10/09 03:45:25.351, 0, 79412, 97871, 100, 449.27
2026/10/09 03:45:25.351, 1, 82703, 97871, 100, 524.80
2026/10/09 03:45:25.351, 2, 82374, 97871, 100, 477.33
2026/10/09 03:45:25.351, 3, 79990, 97871, 0, 145.42
2026/10/09 03:45:26.351, 0, 79412, 97871, 99, 448.79
2026/10/09 03:45:26.351, 1, 82703, 97871, 100, 532.91
2026/10/09 03:45:26.351, 2, 82374, 97871, 100, 478.36
2026/10/09 03:45:26.351, 3, 79992, 97871, 100, 426.30
2026/10/09 03:45:27.352, 0, 79412, 97871, 100, 449.01
2026/10/09 03:45:27.352, 1, 82703, 97871, 100, 526.16
2026/10/09 03:45:27.352, 2, 82374, 97871, 100, 468.97
2026/10/09 03:45:27.352, 3, 79992, 97871, 100, 501.44
2026/10/09 03:45:28.352, 0, 79412, 97871, 89, 453.80
2026/10/09 03:45:28.352, 1, 82703, 97871, 100, 530.22
2026/10/09 03:45:28.352, 2, 82374, 97871, 100, 472.45
2026/10/09 03:45:28.352, 3, 79992, 97871, 96, 505.48
2026/10/09 03:45:29.352, 0, 79412, 97871, 99, 446.41
2026/10/09 03:45:29.352, 1, 82703, 97871, 100, 524.36
2026/10/09 03:45:29.352, 2, 82374, 97871, 100, 471.55
2026/10/09 03:45:29.352, 3, 79992, 97871, 100, 509.05
2026/10/09 03:45:30.352, 0, 79412, 97871, 99, 451.60
2026/10/09 03:45:30.353, 1, 82703, 97871, 100, 531.41
2026/10/09 03:45:30.353, 2, 82374, 97871, 94, 472.98
2026/10/09 03:45:30.353, 3, 79992, 97871, 100, 522.27
2026/10/09 03:45:31.353, 0, 79412, 97871, 99, 450.90
2026/10/09 03:45:31.353, 1, 82703, 97871, 100, 523.53
2026/10/09 03:45:31.353, 2, 82374, 97871, 100, 470.30
2026/10/09 03:45:31.353, 3, 79992, 97871, 100, 516.29
2026/10/09 03:45:32.353, 0, 79412, 97871, 100, 450.90
2026/10/09 03:45:32.353, 1, 82703, 97871, 100, 520.74
2026/10/09 03:45:32.353, 2, 82374, 97871, 100, 474.14
2026/10/09 03:45:32.353, 3, 79992, 97871, 100, 531.01
2026/10/09 03:45:33.353, 0, 79412, 97871, 99, 450.67
2026/10/09 03:45:33.353, 1, 82703, 97871, 100, 524.11
2026/10/09 03:45:33.354, 2, 82374, 97871, 100, 474.18
2026/10/09 03:45:33.354, 3, 79992, 97871, 98, 525.28
2026/10/09 03:45:34.354, 0, 79412, 97871, 99, 450.06
2026/10/09 03:45:34.354, 1, 82703, 97871, 100, 527.76
2026/10/09 03:45:34.354, 2, 82374, 97871, 100, 475.05
2026/10/09 03:45:34.354, 3, 79992, 97871, 97, 512.77
2026/10/09 03:45:35.354, 0, 79412, 97871, 99, 444.35
2026/10/09 03:45:35.354, 1, 82703, 97871, 100, 522.23
2026/10/09 03:45:35.354, 2, 82374, 97871, 100, 484.12
2026/10/09 03:45:35.354, 3, 79992, 97871, 100, 512.42
2026/10/09 03:45:36.354, 0, 79412, 97871, 92, 443.52
2026/10/09 03:45:36.354, 1, 82703, 97871, 100, 474.57
2026/10/09 03:45:36.354, 2, 82374, 97871, 100, 473.68
2026/10/09 03:45:36.354, 3, 79992, 97871, 100, 514.53
2026/10/09 03:45:37.355, 0, 79412, 97871, 99, 447.83
2026/10/09 03:45:37.355, 1, 82703, 97871, 100, 524.83
2026/10/09 03:45:37.355, 2, 82374, 97871, 100, 467.42
2026/10/09 03:45:37.355, 3, 79992, 97871, 100, 512.69
2026/10/09 03:45:38.355, 0, 79412, 97871, 99, 447.98
2026/10/09 03:45:38.355, 1, 82703, 97871, 72, 498.82
2026/10/09 03:45:38.355, 2, 82374, 97871, 100, 470.89
2026/10/09 03:45:38.355, 3, 79992, 97871, 100, 509.98
2026/10/09 03:45:39.355, 0, 79412, 97871, 99, 448.93
2026/10/09 03:45:39.355, 1, 82703, 97871, 100, 539.32
2026/10/09 03:45:39.355, 2, 82374, 97871, 100, 472.09
2026/10/09 03:45:39.355, 3, 79992, 97871, 97, 515.84
2026/10/09 03:45:40.355, 0, 79412, 97871, 95, 453.71
2026/10/09 03:45:40.356, 1, 82703, 97871, 100, 528.45
2026/10/09 03:45:40.356, 2, 82374, 97871, 100, 474.57
2026/10/09 03:45:40.356, 3, 79992, 97871, 100, 490.44
2026/10/09 03:45:41.356, 0, 79412, 97871, 99, 446.79
2026/10/09 03:45:41.356, 1, 82703, 97871, 100, 529.40
2026/10/09 03:45:41.356, 2, 82374, 97871, 100, 477.32
2026/10/09 03:45:41.356, 3, 79992, 97871, 100, 460.07
2026/10/09 03:45:42.356, 0, 79412, 97871, 99, 448.35
2026/10/09 03:45:42.356, 1, 82703, 97871, 100, 532.44
2026/10/09 03:45:42.356, 2, 82374, 97871, 99, 478.14
2026/10/09 03:45:42.356, 3, 79992, 97871, 98, 525.55
2026/10/09 03:45:43.356, 0, 79412, 97871, 99, 445.71
2026/10/09 03:45:43.357, 1, 82703, 97871, 100, 532.29
2026/10/09 03:45:43.357, 2, 82374, 97871, 100, 471.45
2026/10/09 03:45:43.357, 3, 79992, 97871, 100, 484.57
2026/10/09 03:45:44.357, 0, 79412, 97871, 99, 448.37
2026/10/09 03:45:44.357, 1, 82703, 97871, 100, 530.43
2026/10/09 03:45:44.357, 2, 82374, 97871, 100, 473.14
2026/10/09 03:45:44.357, 3, 79992, 97871, 100, 519.60
2026/10/09 03:45:45.357, 0, 79412, 97871, 99, 442.92
2026/10/09 03:45:45.357, 1, 82703, 97871, 100, 522.78
2026/10/09 03:45:45.357, 2, 82374, 97871, 100, 470.56
2026/10/09 03:45:45.357, 3, 79992, 97871, 100, 515.41
2026/10/09 03:45:46.357, 0, 79412, 97871, 100, 448.37
2026/10/09 03:45:46.357, 1, 82703, 97871, 60, 486.26
2026/10/09 03:45:46.358, 2, 82374, 97871, 100, 466.07
2026/10/09 03:45:46.358, 3, 79992, 97871, 100, 514.96
2026/10/09 03:45:47.358, 0, 79412, 97871, 99, 452.53
2026/10/09 03:45:47.358, 1, 82703, 97871, 100, 550.84
2026/10/09 03:45:47.358, 2, 82374, 97871, 100, 481.15
2026/10/09 03:45:47.358, 3, 79992, 97871, 100, 517.24
2026/10/09 03:45:48.358, 0, 79412, 97871, 99, 449.09
2026/10/09 03:45:48.358, 1, 82703, 97871, 100, 530.48
2026/10/09 03:45:48.358, 2, 82374, 97871, 100, 473.70
2026/10/09 03:45:48.358, 3, 79992, 97871, 100, 518.90
2026/10/09 03:45:49.358, 0, 79412, 97871, 99, 446.46
2026/10/09 03:45:49.358, 1, 82703, 97871, 100, 530.49
2026/10/09 03:45:49.358, 2, 82374, 97871, 100, 479.04
2026/10/09 03:45:49.358, 3, 79992, 97871, 100, 521.27
2026/10/09 03:45:50.359, 0, 79412, 97871, 99, 448.85
2026/10/09 03:45:50.359, 1, 82703, 97871, 99, 507.36
2026/10/09 03:45:50.359, 2, 82374, 97871, 100, 474.10
2026/10/09 03:45:50.359, 3, 79992, 97871, 100, 488.97
2026/10/09 03:45:51.359, 0, 79412, 97871, 99, 450.20
2026/10/09 03:45:51.359, 1, 82703, 97871, 100, 542.61
2026/10/09 03:45:51.359, 2, 82374, 97871, 100, 472.25
2026/10/09 03:45:51.359, 3, 79992, 97871, 100, 532.97
2026/10/09 03:45:52.359, 0, 79412, 97871, 99, 449.87
2026/10/09 03:45:52.359, 1, 82703, 97871, 100, 533.39
2026/10/09 03:45:52.359, 2, 82374, 97871, 100, 474.86
2026/10/09 03:45:52.359, 3, 79992, 97871, 100, 514.94
2026/10/09 03:45:53.359, 0, 79412, 97871, 99, 447.35
2026/10/09 03:45:53.360, 1, 82703, 97871, 100, 530.72
2026/10/09 03:45:53.360, 2, 82374, 97871, 100, 483.62
2026/10/09 03:45:53.360, 3, 79992, 97871, 99, 491.58
2026/10/09 03:45:54.360, 0, 79412, 97871, 99, 451.72
2026/10/09 03:45:54.360, 1, 82703, 97871, 100, 538.81
2026/10/09 03:45:54.360, 2, 82374, 97871, 100, 502.30
2026/10/09 03:45:54.360, 3, 79992, 97871, 100, 528.86
2026/10/09 03:45:55.360, 0, 79412, 97871, 99, 450.88
2026/10/09 03:45:55.360, 1, 82703, 97871, 100, 530.26
2026/10/09 03:45:55.360, 2, 82374, 97871, 100, 528.85
2026/10/09 03:45:55.360, 3, 79992, 97871, 100, 518.79
2026/10/09 03:45:56.360, 0, 79412, 97871, 0, 215.13
2026/10/09 03:45:56.361, 1, 82703, 97871, 100, 531.09
2026/10/09 03:45:56.361, 2, 82374, 97871, 100, 529.90
2026/10/09 03:45:56.361, 3, 79992, 97871, 100, 517.45
2026/10/09 03:45:57.361, 0, 79412, 97871, 0, 139.56
2026/10/09 03:45:57.361, 1, 82703, 97871, 100, 538.88
2026/10/09 03:45:57.361, 2, 82374, 97871, 100, 520.59
2026/10/09 03:45:57.361, 3, 79992, 97871, 100, 519.56
2026/10/09 03:45:58.361, 0, 79412, 97871, 0, 139.28
2026/10/09 03:45:58.361, 1, 82703, 97871, 100, 537.80
2026/10/09 03:45:58.361, 2, 82374, 97871, 100, 526.94
2026/10/09 03:45:58.361, 3, 79992, 97871, 98, 514.77
2026/10/09 03:45:59.361, 0, 79412, 97871, 0, 138.99
2026/10/09 03:45:59.361, 1, 82703, 97871, 100, 536.81
2026/10/09 03:45:59.361, 2, 82374, 97871, 100, 530.98
2026/10/09 03:45:59.362, 3, 79992, 97871, 100, 514.79
2026/10/09 03:46:00.362, 0, 79412, 97871, 99, 273.39
2026/10/09 03:46:00.362, 1, 82703, 97871, 100, 536.30
2026/10/09 03:46:00.362, 2, 82374, 97871, 99, 526.03
2026/10/09 03:46:00.362, 3, 79992, 97871, 100, 520.19
2026/10/09 03:46:01.362, 0, 79412, 97871, 99, 441.12
2026/10/09 03:46:01.362, 1, 82703, 97871, 100, 540.14
2026/10/09 03:46:01.362, 2, 82374, 97871, 100, 522.08
2026/10/09 03:46:01.362, 3, 79992, 97871, 100, 516.17
2026/10/09 03:46:02.362, 0, 79412, 97871, 99, 456.79
2026/10/09 03:46:02.362, 1, 82703, 97871, 100, 535.03
2026/10/09 03:46:02.362, 2, 82374, 97871, 100, 528.42
2026/10/09 03:46:02.362, 3, 79992, 97871, 100, 519.00
2026/10/09 03:46:03.363, 0, 79412, 97871, 99, 465.16
2026/10/09 03:46:03.363, 1, 82703, 97871, 100, 536.13
2026/10/09 03:46:03.363, 2, 82374, 97871, 100, 526.54
2026/10/09 03:46:03.363, 3, 79992, 97871, 100, 517.60
2026/10/09 03:46:04.363, 0, 79412, 97871, 99, 474.05
2026/10/09 03:46:04.363, 1, 82703, 97871, 100, 515.62
2026/10/09 03:46:04.363, 2, 82374, 97871, 100, 522.86
2026/10/09 03:46:04.363, 3, 79992, 97871, 100, 513.79
2026/10/09 03:46:05.363, 0, 79412, 97871, 100, 465.42
2026/10/09 03:46:05.363, 1, 82703, 97871, 100, 490.90
2026/10/09 03:46:05.363, 2, 82374, 97871, 100, 533.05
2026/10/09 03:46:05.363, 3, 79992, 97871, 100, 470.62
2026/10/09 03:46:06.363, 0, 79412, 97871, 92, 467.47
2026/10/09 03:46:06.363, 1, 82703, 97871, 100, 549.35
2026/10/09 03:46:06.363, 2, 82374, 97871, 100, 521.57
2026/10/09 03:46:06.364, 3, 79992, 97871, 100, 544.70
2026/10/09 03:46:07.364, 0, 79412, 97871, 99, 470.28
2026/10/09 03:46:07.364, 1, 82703, 97871, 100, 539.24
2026/10/09 03:46:07.364, 2, 82374, 97871, 100, 529.36
2026/10/09 03:46:07.364, 3, 79992, 97871, 100, 534.63
2026/10/09 03:46:08.364, 0, 79412, 97871, 99, 467.32
2026/10/09 03:46:08.364, 1, 82703, 97871, 100, 521.83
2026/10/09 03:46:08.364, 2, 82374, 97871, 100, 525.48
2026/10/09 03:46:08.364, 3, 79992, 97871, 100, 512.57
2026/10/09 03:46:09.364, 0, 79412, 97871, 100, 480.48
2026/10/09 03:46:09.364, 1, 82703, 97871, 100, 515.53
2026/10/09 03:46:09.364, 2, 82374, 97871, 100, 523.95
2026/10/09 03:46:09.364, 3, 79992, 97871, 100, 511.25
2026/10/09 03:46:10.364, 0, 79412, 97871, 100, 464.88
2026/10/09 03:46:10.365, 1, 82703, 97871, 99, 525.79
2026/10/09 03:46:10.365, 2, 82374, 97871, 100, 520.65
2026/10/09 03:46:10.365, 3, 79992, 97871, 100, 509.04
2026/10/09 03:46:11.365, 0, 79412, 97871, 99, 478.29
2026/10/09 03:46:11.365, 1, 82703, 97871, 100, 520.07
2026/10/09 03:46:11.365, 2, 82374, 97871, 100, 526.28
2026/10/09 03:46:11.365, 3, 79992, 97871, 100, 506.79
2026/10/09 03:46:12.365, 0, 79412, 97871, 99, 466.22
2026/10/09 03:46:12.365, 1, 82703, 97871, 100, 511.85
2026/10/09 03:46:12.365, 2, 82374, 97871, 100, 466.93
2026/10/09 03:46:12.365, 3, 79992, 97871, 100, 542.24
2026/10/09 03:46:13.365, 0, 79412, 97871, 99, 476.56
2026/10/09 03:46:13.365, 1, 82703, 97871, 100, 550.75
2026/10/09 03:46:13.365, 2, 82374, 97871, 100, 530.16
2026/10/09 03:46:13.365, 3, 79992, 97871, 100, 527.39
2026/10/09 03:46:14.366, 0, 79412, 97871, 96, 462.98
2026/10/09 03:46:14.366, 1, 82703, 97871, 100, 548.85
2026/10/09 03:46:14.366, 2, 82374, 97871, 100, 515.41
2026/10/09 03:46:14.366, 3, 79992, 97871, 100, 515.13
2026/10/09 03:46:15.366, 0, 79412, 97871, 99, 466.21
2026/10/09 03:46:15.366, 1, 82703, 97871, 100, 529.66
2026/10/09 03:46:15.366, 2, 82374, 97871, 100, 520.55
2026/10/09 03:46:15.366, 3, 79992, 97871, 100, 513.92
2026/10/09 03:46:16.366, 0, 79412, 97871, 100, 470.14
2026/10/09 03:46:16.366, 1, 82703, 97871, 100, 530.85
2026/10/09 03:46:16.366, 2, 82376, 97871, 100, 525.00
2026/10/09 03:46:16.366, 3, 79992, 97871, 100, 516.38
2026/10/09 03:46:17.366, 0, 79412, 97871, 100, 472.05
2026/10/09 03:46:17.367, 1, 82703, 97871, 100, 533.33
2026/10/09 03:46:17.367, 2, 82376, 97871, 100, 525.02
2026/10/09 03:46:17.367, 3, 79992, 97871, 100, 515.54
2026/10/09 03:46:18.367, 0, 79412, 97871, 99, 464.91
2026/10/09 03:46:18.367, 1, 82703, 97871, 100, 537.37
2026/10/09 03:46:18.367, 2, 82376, 97871, 100, 525.67
2026/10/09 03:46:18.367, 3, 79992, 97871, 100, 520.08
2026/10/09 03:46:19.367, 0, 79412, 97871, 99, 464.54
2026/10/09 03:46:19.367, 1, 82703, 97871, 100, 533.83
2026/10/09 03:46:19.367, 2, 82376, 97871, 100, 529.12
2026/10/09 03:46:19.367, 3, 79992, 97871, 100, 518.27
2026/10/09 03:46:20.367, 0, 79412, 97871, 100, 467.58
2026/10/09 03:46:20.367, 1, 82703, 97871, 100, 536.89
2026/10/09 03:46:20.368, 2, 82376, 97871, 100, 524.39
2026/10/09 03:46:20.368, 3, 79992, 97871, 100, 516.20
2026/10/09 03:46:21.368, 0, 79412, 97871, 99, 463.73
2026/10/09 03:46:21.368, 1, 82703, 97871, 100, 537.60
2026/10/09 03:46:21.368, 2, 82376, 97871, 100, 526.74
2026/10/09 03:46:21.368, 3, 79992, 97871, 100, 519.15
2026/10/09 03:46:22.368, 0, 79412, 97871, 99, 467.29
2026/10/09 03:46:22.368, 1, 82703, 97871, 100, 540.31
2026/10/09 03:46:22.368, 2, 82376, 97871, 100, 520.12
2026/10/09 03:46:22.368, 3, 79992, 97871, 100, 516.88
2026/10/09 03:46:23.368, 0, 79412, 97871, 99, 459.70
2026/10/09 03:46:23.368, 1, 82703, 97871, 100, 537.27
2026/10/09 03:46:23.368, 2, 82376, 97871, 100, 522.23
2026/10/09 03:46:23.369, 3, 79992, 97871, 100, 521.44
2026/10/09 03:46:24.369, 0, 79412, 97871, 99, 442.90
2026/10/09 03:46:24.369, 1, 82703, 97871, 100, 539.68
2026/10/09 03:46:24.369, 2, 82376, 97871, 100, 504.23
2026/10/09 03:46:24.369, 3, 79992, 97871, 100, 518.11
2026/10/09 03:46:25.369, 0, 80000, 97871, 28, 373.00
2026/10/09 03:46:25.369, 1, 82703, 97871, 100, 529.40
2026/10/09 03:46:25.369, 2, 82376, 97871, 100, 536.43
2026/10/09 03:46:25.369, 3, 79992, 97871, 100, 522.53
2026/10/09 03:46:26.369, 0, 80000, 97871, 0, 140.00
2026/10/09 03:46:26.369, 1, 82703, 97871, 100, 531.86
2026/10/09 03:46:26.369, 2, 82376, 97871, 100, 524.59
2026/10/09 03:46:26.369, 3, 79992, 97871, 100, 518.00
2026/10/09 03:46:27.369, 0, 80000, 97871, 0, 139.17
2026/10/09 03:46:27.370, 1, 82703, 97871, 100, 534.73
2026/10/09 03:46:27.370, 2, 82376, 97871, 100, 529.52
2026/10/09 03:46:27.370, 3, 79992, 97871, 100, 516.40
2026/10/09 03:46:28.370, 0, 80000, 97871, 0, 139.01
2026/10/09 03:46:28.370, 1, 82703, 97871, 100, 523.28
2026/10/09 03:46:28.370, 2, 82376, 97871, 100, 507.31
2026/10/09 03:46:28.370, 3, 79992, 97871, 100, 519.12
2026/10/09 03:46:29.370, 0, 80002, 97871, 0, 157.12
2026/10/09 03:46:29.370, 1, 82703, 97871, 100, 532.64
2026/10/09 03:46:29.370, 2, 82376, 97871, 100, 537.16
2026/10/09 03:46:29.370, 3, 79992, 97871, 100, 512.32
2026/10/09 03:46:30.370, 0, 80002, 97871, 100, 501.73
2026/10/09 03:46:30.370, 1, 82703, 97871, 100, 539.29
2026/10/09 03:46:30.371, 2, 82376, 97871, 100, 528.70
2026/10/09 03:46:30.371, 3, 79992, 97871, 100, 517.45
2026/10/09 03:46:31.371, 0, 80002, 97871, 59, 500.61
2026/10/09 03:46:31.371, 1, 82703, 97871, 100, 533.33
2026/10/09 03:46:31.371, 2, 82376, 97871, 100, 526.29
2026/10/09 03:46:31.371, 3, 79992, 97871, 99, 472.47
2026/10/09 03:46:32.371, 0, 80002, 97871, 100, 520.72
2026/10/09 03:46:32.371, 1, 82703, 97871, 100, 536.06
2026/10/09 03:46:32.371, 2, 82376, 97871, 100, 524.59
2026/10/09 03:46:32.371, 3, 79992, 97871, 100, 496.39
2026/10/09 03:46:33.371, 0, 80002, 97871, 100, 516.88
2026/10/09 03:46:33.371, 1, 82703, 97871, 100, 536.35
2026/10/09 03:46:33.371, 2, 82376, 97871, 100, 531.70
2026/10/09 03:46:33.371, 3, 79992, 97871, 100, 541.84
2026/10/09 03:46:34.372, 0, 80002, 97871, 100, 530.93
2026/10/09 03:46:34.372, 1, 82703, 97871, 100, 531.45
2026/10/09 03:46:34.372, 2, 82376, 97871, 100, 529.90
2026/10/09 03:46:34.372, 3, 80674, 97871, 100, 539.52
2026/10/09 03:46:35.372, 0, 80002, 97871, 100, 518.88
2026/10/09 03:46:35.372, 1, 82703, 97871, 100, 527.47
2026/10/09 03:46:35.372, 2, 82376, 97871, 100, 530.71
2026/10/09 03:46:35.372, 3, 81444, 97871, 100, 536.42
2026/10/09 03:46:36.372, 0, 80002, 97871, 100, 517.75
2026/10/09 03:46:36.372, 1, 82703, 97871, 100, 526.49
2026/10/09 03:46:36.372, 2, 82376, 97871, 100, 528.21
2026/10/09 03:46:36.372, 3, 81444, 97871, 100, 528.88
2026/10/09 03:46:37.372, 0, 80002, 97871, 100, 516.55
2026/10/09 03:46:37.372, 1, 82703, 97871, 100, 529.44
2026/10/09 03:46:37.372, 2, 82376, 97871, 100, 535.28
2026/10/09 03:46:37.373, 3, 81444, 97871, 100, 508.36
2026/10/09 03:46:38.373, 0, 80002, 97871, 100, 517.34
2026/10/09 03:46:38.373, 1, 82703, 97871, 25, 451.75
2026/10/09 03:46:38.373, 2, 82376, 97871, 100, 526.58
2026/10/09 03:46:38.373, 3, 81444, 97871, 95, 514.66
2026/10/09 03:46:39.373, 0, 80002, 97871, 99, 488.13
2026/10/09 03:46:39.373, 1, 82703, 97871, 100, 537.88
2026/10/09 03:46:39.373, 2, 82376, 97871, 100, 532.02
2026/10/09 03:46:39.373, 3, 81444, 97871, 96, 511.52
2026/10/09 03:46:40.373, 0, 80674, 97871, 66, 431.96
2026/10/09 03:46:40.373, 1, 82703, 97871, 100, 548.98
2026/10/09 03:46:40.373, 2, 82376, 97871, 100, 532.06
2026/10/09 03:46:40.373, 3, 81444, 97871, 100, 507.11
2026/10/09 03:46:41.373, 0, 80674, 97871, 100, 528.51
2026/10/09 03:46:41.373, 1, 82703, 97871, 100, 549.05
2026/10/09 03:46:41.374, 2, 82376, 97871, 100, 532.17
2026/10/09 03:46:41.374, 3, 81444, 97871, 100, 517.53
2026/10/09 03:46:42.374, 0, 80674, 97871, 100, 531.75
2026/10/09 03:46:42.374, 1, 84417, 97871, 100, 547.84
2026/10/09 03:46:42.374, 2, 82376, 97871, 100, 522.51
2026/10/09 03:46:42.374, 3, 81444, 97871, 100, 484.61
2026/10/09 03:46:43.374, 0, 80674, 97871, 100, 536.50
2026/10/09 03:46:43.374, 1, 84417, 97871, 100, 544.85
2026/10/09 03:46:43.374, 2, 82376, 97871, 100, 515.14
2026/10/09 03:46:43.374, 3, 81444, 97871, 100, 544.51
2026/10/09 03:46:44.374, 0, 80674, 97871, 100, 510.03
2026/10/09 03:46:44.374, 1, 84417, 97871, 100, 528.15
2026/10/09 03:46:44.374, 2, 82376, 97871, 100, 478.30
2026/10/09 03:46:44.374, 3, 81444, 97871, 100, 541.81
2026/10/09 03:46:45.374, 0, 80674, 97871, 100, 515.56
2026/10/09 03:46:45.374, 1, 84417, 97871, 100, 531.25
2026/10/09 03:46:45.374, 2, 82376, 97871, 100, 546.81
2026/10/09 03:46:45.374, 3, 81444, 97871, 100, 540.43
2026/10/09 03:46:46.375, 0, 80674, 97871, 100, 513.83
2026/10/09 03:46:46.375, 1, 84417, 97871, 100, 533.12
2026/10/09 03:46:46.375, 2, 82376, 97871, 100, 543.47
2026/10/09 03:46:46.375, 3, 81444, 97871, 100, 539.23
2026/10/09 03:46:47.375, 0, 80674, 97871, 100, 514.90
2026/10/09 03:46:47.375, 1, 84417, 97871, 100, 533.72
2026/10/09 03:46:47.375, 2, 82376, 97871, 100, 521.91
2026/10/09 03:46:47.375, 3, 81444, 97871, 100, 520.92
2026/10/09 03:46:48.375, 0, 80674, 97871, 100, 526.88
2026/10/09 03:46:48.375, 1, 84417, 97871, 100, 527.19
2026/10/09 03:46:48.375, 2, 82376, 97871, 100, 522.80
2026/10/09 03:46:48.375, 3, 81444, 97871, 100, 520.98
2026/10/09 03:46:49.375, 0, 80674, 97871, 100, 510.94
2026/10/09 03:46:49.375, 1, 84417, 97871, 100, 531.97
2026/10/09 03:46:49.375, 2, 82376, 97871, 100, 520.10
2026/10/09 03:46:49.375, 3, 81444, 97871, 100, 520.54
2026/10/09 03:46:50.375, 0, 80674, 97871, 100, 512.58
2026/10/09 03:46:50.376, 1, 84417, 97871, 100, 527.46
2026/10/09 03:46:50.376, 2, 82376, 97871, 100, 522.82
2026/10/09 03:46:50.376, 3, 81444, 97871, 100, 519.38
2026/10/09 03:46:51.376, 0, 80674, 97871, 100, 511.64
2026/10/09 03:46:51.376, 1, 84417, 97871, 100, 527.29
2026/10/09 03:46:51.376, 2, 82376, 97871, 100, 513.64
2026/10/09 03:46:51.376, 3, 81444, 97871, 100, 515.20
2026/10/09 03:46:52.376, 0, 80674, 97871, 100, 520.09
2026/10/09 03:46:52.376, 1, 84417, 97871, 100, 512.31
2026/10/09 03:46:52.376, 2, 82376, 97871, 100, 527.70
2026/10/09 03:46:52.376, 3, 81444, 97871, 100, 521.16
2026/10/09 03:46:53.376, 0, 80674, 97871, 100, 511.24
2026/10/09 03:46:53.376, 1, 84417, 97871, 100, 549.93
2026/10/09 03:46:53.376, 2, 82376, 97871, 100, 547.20
2026/10/09 03:46:53.376, 3, 81444, 97871, 100, 521.73
2026/10/09 03:46:54.376, 0, 80674, 97871, 100, 515.67
2026/10/09 03:46:54.377, 1, 84417, 97871, 100, 548.47
2026/10/09 03:46:54.377, 2, 82376, 97871, 100, 534.85
2026/10/09 03:46:54.377, 3, 81444, 97871, 100, 527.93
2026/10/09 03:46:55.377, 0, 80674, 97871, 100, 510.19
2026/10/09 03:46:55.377, 1, 84417, 97871, 100, 546.82
2026/10/09 03:46:55.377, 2, 82376, 97871, 100, 532.45
2026/10/09 03:46:55.377, 3, 81444, 97871, 100, 531.81
2026/10/09 03:46:56.377, 0, 80674, 97871, 100, 431.94
2026/10/09 03:46:56.377, 1, 84417, 97871, 100, 545.71
2026/10/09 03:46:56.377, 2, 82376, 97871, 100, 530.45
2026/10/09 03:46:56.377, 3, 81444, 97871, 100, 525.84
2026/10/09 03:46:57.377, 0, 80674, 97871, 100, 530.08
2026/10/09 03:46:57.377, 1, 84417, 97871, 100, 535.22
2026/10/09 03:46:57.377, 2, 82376, 97871, 100, 534.14
2026/10/09 03:46:57.377, 3, 81444, 97871, 100, 524.76
2026/10/09 03:46:58.377, 0, 80674, 97871, 100, 526.33
2026/10/09 03:46:58.378, 1, 84417, 97871, 100, 537.84
2026/10/09 03:46:58.378, 2, 82376, 97871, 100, 530.23
2026/10/09 03:46:58.378, 3, 81444, 97871, 100, 528.45
2026/10/09 03:46:59.378, 0, 80674, 97871, 100, 516.94
2026/10/09 03:46:59.378, 1, 84417, 97871, 100, 535.14
2026/10/09 03:46:59.378, 2, 82376, 97871, 100, 533.61
2026/10/09 03:46:59.378, 3, 81444, 97871, 100, 524.12
2026/10/09 03:47:00.378, 0, 80674, 97871, 100, 523.33
2026/10/09 03:47:00.378, 1, 84417, 97871, 100, 534.48
2026/10/09 03:47:00.378, 2, 82376, 97871, 100, 536.20
2026/10/09 03:47:00.378, 3, 81444, 97871, 100, 517.38
2026/10/09 03:47:01.378, 0, 80674, 97871, 0, 445.27
2026/10/09 03:47:01.378, 1, 84417, 97871, 100, 542.15
2026/10/09 03:47:01.378, 2, 82376, 97871, 100, 536.64
2026/10/09 03:47:01.378, 3, 81444, 97871, 100, 528.77
2026/10/09 03:47:02.378, 0, 80674, 97871, 100, 530.19
2026/10/09 03:47:02.379, 1, 84417, 97871, 100, 533.94
2026/10/09 03:47:02.379, 2, 82376, 97871, 100, 529.77
2026/10/09 03:47:02.379, 3, 81444, 97871, 100, 525.92
2026/10/09 03:47:03.379, 0, 80674, 97871, 100, 528.08
2026/10/09 03:47:03.379, 1, 84417, 97871, 100, 534.14
2026/10/09 03:47:03.379, 2, 82376, 97871, 100, 533.44
2026/10/09 03:47:03.379, 3, 81444, 97871, 100, 523.99
2026/10/09 03:47:04.379, 0, 80674, 97871, 100, 515.21
2026/10/09 03:47:04.379, 1, 84417, 97871, 100, 538.69
2026/10/09 03:47:04.379, 2, 82376, 97871, 100, 531.36
2026/10/09 03:47:04.379, 3, 81444, 97871, 100, 522.84
2026/10/09 03:47:05.379, 0, 80674, 97871, 100, 513.79
2026/10/09 03:47:05.379, 1, 84417, 97871, 100, 535.81
2026/10/09 03:47:05.379, 2, 82376, 97871, 100, 525.99
2026/10/09 03:47:05.379, 3, 81444, 97871, 100, 525.11
2026/10/09 03:47:06.379, 0, 80674, 97871, 100, 514.65
2026/10/09 03:47:06.380, 1, 84417, 97871, 100, 535.51
2026/10/09 03:47:06.380, 2, 82376, 97871, 100, 534.95
2026/10/09 03:47:06.380, 3, 81444, 97871, 100, 532.47
2026/10/09 03:47:07.380, 0, 80674, 97871, 100, 516.99
2026/10/09 03:47:07.380, 1, 84417, 97871, 100, 537.68
2026/10/09 03:47:07.380, 2, 82376, 97871, 100, 528.40
2026/10/09 03:47:07.380, 3, 81444, 97871, 100, 523.87
2026/10/09 03:47:08.380, 0, 80674, 97871, 100, 518.94
2026/10/09 03:47:08.380, 1, 84417, 97871, 100, 538.76
2026/10/09 03:47:08.380, 2, 82376, 97871, 100, 527.39
2026/10/09 03:47:08.380, 3, 81444, 97871, 100, 529.10
2026/10/09 03:47:09.380, 0, 80674, 97871, 100, 528.48
2026/10/09 03:47:09.380, 1, 84417, 97871, 100, 542.36
2026/10/09 03:47:09.380, 2, 82376, 97871, 100, 537.44
2026/10/09 03:47:09.380, 3, 81444, 97871, 100, 525.89
2026/10/09 03:47:10.380, 0, 80674, 97871, 100, 513.29
2026/10/09 03:47:10.380, 1, 84417, 97871, 100, 536.66
2026/10/09 03:47:10.381, 2, 82376, 97871, 100, 543.95
2026/10/09 03:47:10.381, 3, 81444, 97871, 100, 523.85
2026/10/09 03:47:11.381, 0, 80674, 97871, 100, 512.95
2026/10/09 03:47:11.381, 1, 84417, 97871, 100, 535.66
2026/10/09 03:47:11.381, 2, 82376, 97871, 100, 533.34
2026/10/09 03:47:11.381, 3, 81444, 97871, 100, 522.31
2026/10/09 03:47:12.381, 0, 80674, 97871, 100, 517.14
2026/10/09 03:47:12.381, 1, 84417, 97871, 100, 535.76
2026/10/09 03:47:12.381, 2, 82376, 97871, 100, 527.24
2026/10/09 03:47:12.381, 3, 81444, 97871, 100, 523.43
2026/10/09 03:47:13.381, 0, 80674, 97871, 100, 515.41
2026/10/09 03:47:13.381, 1, 84417, 97871, 100, 536.96
2026/10/09 03:47:13.381, 2, 82376, 97871, 100, 533.05
2026/10/09 03:47:13.381, 3, 81444, 97871, 100, 529.93
2026/10/09 03:47:14.381, 0, 80674, 97871, 100, 513.08
2026/10/09 03:47:14.382, 1, 84417, 97871, 100, 533.53
2026/10/09 03:47:14.382, 2, 82376, 97871, 100, 531.43
2026/10/09 03:47:14.382, 3, 81444, 97871, 100, 528.72
2026/10/09 03:47:15.382, 0, 80674, 97871, 100, 524.51
2026/10/09 03:47:15.382, 1, 84417, 97871, 100, 531.97
2026/10/09 03:47:15.382, 2, 82376, 97871, 100, 529.01
2026/10/09 03:47:15.382, 3, 81444, 97871, 100, 525.40
2026/10/09 03:47:16.382, 0, 80674, 97871, 100, 509.83
2026/10/09 03:47:16.382, 1, 84416, 97871, 100, 537.53
2026/10/09 03:47:16.382, 2, 82376, 97871, 100, 525.58
2026/10/09 03:47:16.382, 3, 81444, 97871, 100, 524.52
2026/10/09 03:47:17.382, 0, 80674, 97871, 100, 513.91
2026/10/09 03:47:17.382, 1, 84416, 97871, 100, 539.37
2026/10/09 03:47:17.382, 2, 82376, 97871, 100, 524.12
2026/10/09 03:47:17.382, 3, 81444, 97871, 100, 514.75
2026/10/09 03:47:18.382, 0, 80674, 97871, 100, 511.92
2026/10/09 03:47:18.383, 1, 84416, 97871, 100, 531.67
2026/10/09 03:47:18.383, 2, 82376, 97871, 100, 520.02
2026/10/09 03:47:18.383, 3, 81444, 97871, 100, 511.45
2026/10/09 03:47:19.383, 0, 80674, 97871, 100, 517.46
2026/10/09 03:47:19.383, 1, 84416, 97871, 100, 535.95
2026/10/09 03:47:19.383, 2, 82376, 97871, 79, 442.09
2026/10/09 03:47:19.383, 3, 81443, 97871, 99, 512.43
2026/10/09 03:47:20.383, 0, 80674, 97871, 100, 521.55
2026/10/09 03:47:20.383, 1, 84416, 97871, 100, 534.32
2026/10/09 03:47:20.383, 2, 82376, 97871, 100, 551.83
2026/10/09 03:47:20.383, 3, 81443, 97871, 100, 516.91
2026/10/09 03:47:21.383, 0, 80674, 97871, 57, 368.26
2026/10/09 03:47:21.383, 1, 84416, 97871, 100, 536.18
2026/10/09 03:47:21.383, 2, 82376, 97871, 100, 550.41
2026/10/09 03:47:21.383, 3, 81443, 97871, 0, 306.89
2026/10/09 03:47:22.383, 0, 80674, 97871, 100, 532.40
2026/10/09 03:47:22.384, 1, 84416, 97871, 100, 541.86
2026/10/09 03:47:22.384, 2, 82376, 97871, 100, 548.28
2026/10/09 03:47:22.384, 3, 81443, 97871, 87, 440.68
2026/10/09 03:47:23.384, 0, 80674, 97871, 100, 529.78
2026/10/09 03:47:23.384, 1, 84416, 97871, 100, 532.26
2026/10/09 03:47:23.384, 2, 82376, 97871, 100, 548.34
2026/10/09 03:47:23.384, 3, 81443, 97871, 98, 448.23
2026/10/09 03:47:24.384, 0, 80674, 97871, 100, 526.05
2026/10/09 03:47:24.384, 1, 84416, 97871, 100, 539.42
2026/10/09 03:47:24.384, 2, 82376, 97871, 100, 545.26
2026/10/09 03:47:24.384, 3, 81443, 97871, 99, 440.48
2026/10/09 03:47:25.384, 0, 80673, 97871, 100, 524.49
2026/10/09 03:47:25.384, 1, 84416, 97871, 100, 530.38
2026/10/09 03:47:25.384, 2, 82376, 97871, 100, 525.38
2026/10/09 03:47:25.384, 3, 81443, 97871, 90, 445.71
2026/10/09 03:47:26.384, 0, 80673, 97871, 100, 516.93
2026/10/09 03:47:26.384, 1, 84416, 97871, 100, 536.80
2026/10/09 03:47:26.385, 2, 82376, 97871, 100, 519.29
2026/10/09 03:47:26.385, 3, 81443, 97871, 99, 439.69
2026/10/09 03:47:27.385, 0, 80673, 97871, 100, 515.28
2026/10/09 03:47:27.385, 1, 84416, 97871, 100, 536.96
2026/10/09 03:47:27.385, 2, 82376, 97871, 100, 521.71
2026/10/09 03:47:27.385, 3, 81443, 97871, 99, 440.96
2026/10/09 03:47:28.385, 0, 80673, 97871, 100, 517.14
2026/10/09 03:47:28.385, 1, 84416, 97871, 100, 538.62
2026/10/09 03:47:28.385, 2, 82376, 97871, 100, 523.63
2026/10/09 03:47:28.385, 3, 81443, 97871, 99, 441.56
2026/10/09 03:47:29.385, 0, 80673, 97871, 100, 517.29
2026/10/09 03:47:29.385, 1, 84416, 97871, 100, 540.12
2026/10/09 03:47:29.385, 2, 82376, 97871, 100, 526.10
2026/10/09 03:47:29.385, 3, 81443, 97871, 99, 449.64
2026/10/09 03:47:30.385, 0, 80673, 97871, 0, 387.21
2026/10/09 03:47:30.385, 1, 84416, 97871, 100, 536.99
2026/10/09 03:47:30.385, 2, 82376, 97871, 100, 516.25
2026/10/09 03:47:30.386, 3, 81443, 97871, 99, 444.77
2026/10/09 03:47:31.386, 0, 80673, 97871, 100, 293.25
2026/10/09 03:47:31.386, 1, 84416, 97871, 100, 534.24
2026/10/09 03:47:31.386, 2, 82376, 97871, 100, 515.79
2026/10/09 03:47:31.386, 3, 81443, 97871, 99, 445.23
2026/10/09 03:47:32.386, 0, 80673, 97871, 100, 534.05
2026/10/09 03:47:32.386, 1, 84416, 97871, 100, 538.13
2026/10/09 03:47:32.386, 2, 82376, 97871, 100, 515.50
2026/10/09 03:47:32.386, 3, 81443, 97871, 99, 450.18
2026/10/09 03:47:33.386, 0, 80673, 97871, 100, 530.18
2026/10/09 03:47:33.386, 1, 84416, 97871, 100, 543.57
2026/10/09 03:47:33.386, 2, 82376, 97871, 100, 496.88
2026/10/09 03:47:33.386, 3, 81443, 97871, 99, 444.68
2026/10/09 03:47:34.386, 0, 80673, 97871, 100, 527.37
2026/10/09 03:47:34.386, 1, 84416, 97871, 100, 537.02
2026/10/09 03:47:34.386, 2, 82376, 97871, 100, 550.69
2026/10/09 03:47:34.387, 3, 81443, 97871, 99, 446.12
2026/10/09 03:47:35.387, 0, 80673, 97871, 100, 526.61
2026/10/09 03:47:35.387, 1, 84416, 97871, 100, 536.92
2026/10/09 03:47:35.387, 2, 82376, 97871, 100, 548.77
2026/10/09 03:47:35.387, 3, 81443, 97871, 99, 445.51
2026/10/09 03:47:36.387, 0, 80673, 97871, 100, 517.35
2026/10/09 03:47:36.387, 1, 84416, 97871, 100, 534.39
2026/10/09 03:47:36.387, 2, 82376, 97871, 100, 545.02
2026/10/09 03:47:36.387, 3, 81443, 97871, 99, 446.53
2026/10/09 03:47:37.387, 0, 80673, 97871, 100, 514.54
2026/10/09 03:47:37.387, 1, 84416, 97871, 100, 535.38
2026/10/09 03:47:37.387, 2, 82376, 97871, 100, 541.42
2026/10/09 03:47:37.387, 3, 81443, 97871, 99, 443.07
2026/10/09 03:47:38.387, 0, 80673, 97871, 100, 518.81
2026/10/09 03:47:38.387, 1, 84416, 97871, 100, 531.12
2026/10/09 03:47:38.387, 2, 82376, 97871, 100, 535.38
2026/10/09 03:47:38.387, 3, 81443, 97871, 99, 437.99
2026/10/09 03:47:39.388, 0, 80673, 97871, 100, 514.48
2026/10/09 03:47:39.388, 1, 84416, 97871, 100, 520.02
2026/10/09 03:47:39.388, 2, 82376, 97871, 100, 531.14
2026/10/09 03:47:39.388, 3, 81443, 97871, 94, 439.56
2026/10/09 03:47:40.388, 0, 80673, 97871, 100, 514.96
2026/10/09 03:47:40.388, 1, 84416, 97871, 95, 525.27
2026/10/09 03:47:40.388, 2, 82376, 97871, 100, 532.94
2026/10/09 03:47:40.388, 3, 81443, 97871, 92, 449.86
2026/10/09 03:47:41.388, 0, 80673, 97871, 100, 520.63
2026/10/09 03:47:41.388, 1, 84416, 97871, 100, 522.10
2026/10/09 03:47:41.388, 2, 82376, 97871, 100, 532.20
2026/10/09 03:47:41.388, 3, 81443, 97871, 99, 443.64
2026/10/09 03:47:42.388, 0, 80673, 97871, 100, 517.04
2026/10/09 03:47:42.389, 1, 84416, 97871, 0, 379.88
2026/10/09 03:47:42.389, 2, 82376, 97871, 100, 526.16
2026/10/09 03:47:42.389, 3, 81443, 97871, 99, 442.86
2026/10/09 03:47:43.389, 0, 80673, 97871, 100, 516.36
2026/10/09 03:47:43.389, 1, 84416, 97871, 0, 162.87
2026/10/09 03:47:43.389, 2, 82376, 97871, 100, 526.29
2026/10/09 03:47:43.389, 3, 81443, 97871, 99, 444.01
2026/10/09 03:47:44.389, 0, 80673, 97871, 100, 524.09
2026/10/09 03:47:44.389, 1, 84416, 97871, 99, 239.25
2026/10/09 03:47:44.389, 2, 82376, 97871, 100, 523.58
2026/10/09 03:47:44.389, 3, 81443, 97871, 99, 451.69
2026/10/09 03:47:45.389, 0, 80673, 97871, 100, 530.17
2026/10/09 03:47:45.389, 1, 84416, 97871, 99, 464.46
2026/10/09 03:47:45.389, 2, 82376, 97871, 100, 543.17
2026/10/09 03:47:45.389, 3, 81443, 97871, 99, 442.75
2026/10/09 03:47:46.390, 0, 80673, 97871, 100, 530.19
2026/10/09 03:47:46.390, 1, 84416, 97871, 99, 467.29
2026/10/09 03:47:46.390, 2, 82376, 97871, 100, 536.10
2026/10/09 03:47:46.390, 3, 81443, 97871, 99, 441.70
2026/10/09 03:47:47.390, 0, 80673, 97871, 100, 516.21
2026/10/09 03:47:47.390, 1, 84416, 97871, 98, 468.64
2026/10/09 03:47:47.390, 2, 82376, 97871, 100, 540.19
2026/10/09 03:47:47.390, 3, 81443, 97871, 98, 447.21
2026/10/09 03:47:48.390, 0, 80673, 97871, 100, 518.47
2026/10/09 03:47:48.390, 1, 84416, 97871, 99, 464.82
2026/10/09 03:47:48.390, 2, 82376, 97871, 100, 535.55
2026/10/09 03:47:48.390, 3, 81443, 97871, 99, 448.52
2026/10/09 03:47:49.390, 0, 80673, 97871, 100, 517.11
2026/10/09 03:47:49.391, 1, 84416, 97871, 99, 465.39
2026/10/09 03:47:49.391, 2, 82376, 97871, 100, 540.95
2026/10/09 03:47:49.391, 3, 81443, 97871, 99, 445.67
2026/10/09 03:47:50.391, 0, 80673, 97871, 100, 520.03
2026/10/09 03:47:50.391, 1, 84416, 97871, 99, 462.89
2026/10/09 03:47:50.391, 2, 82376, 97871, 100, 538.09
2026/10/09 03:47:50.391, 3, 81443, 97871, 99, 440.00
2026/10/09 03:47:51.391, 0, 80673, 97871, 100, 516.28
2026/10/09 03:47:51.391, 1, 84416, 97871, 99, 465.22
2026/10/09 03:47:51.391, 2, 82376, 97871, 100, 538.49
2026/10/09 03:47:51.391, 3, 81443, 97871, 99, 439.54
2026/10/09 03:47:52.391, 0, 80673, 97871, 100, 517.24
2026/10/09 03:47:52.391, 1, 84416, 97871, 96, 472.51
2026/10/09 03:47:52.391, 2, 82376, 97871, 100, 535.65
2026/10/09 03:47:52.391, 3, 81443, 97871, 99, 450.34
2026/10/09 03:47:53.392, 0, 80673, 97871, 100, 518.76
2026/10/09 03:47:53.392, 1, 84416, 97871, 99, 465.49
2026/10/09 03:47:53.392, 2, 82376, 97871, 100, 539.78
2026/10/09 03:47:53.392, 3, 81443, 97871, 92, 448.77
2026/10/09 03:47:54.392, 0, 80673, 97871, 100, 522.64
2026/10/09 03:47:54.392, 1, 84416, 97871, 92, 471.40
2026/10/09 03:47:54.392, 2, 82376, 97871, 100, 534.29
2026/10/09 03:47:54.392, 3, 81443, 97871, 99, 446.73
2026/10/09 03:47:55.392, 0, 80673, 97871, 100, 523.29
2026/10/09 03:47:55.392, 1, 84416, 97871, 99, 463.22
2026/10/09 03:47:55.392, 2, 82376, 97871, 100, 533.37
2026/10/09 03:47:55.392, 3, 81443, 97871, 99, 446.79
2026/10/09 03:47:56.392, 0, 80673, 97871, 100, 526.31
2026/10/09 03:47:56.392, 1, 84416, 97871, 98, 466.63
2026/10/09 03:47:56.393, 2, 82376, 97871, 100, 533.36
2026/10/09 03:47:56.393, 3, 81443, 97871, 100, 439.81
2026/10/09 03:47:57.393, 0, 80673, 97871, 100, 529.92
2026/10/09 03:47:57.393, 1, 84416, 97871, 99, 470.96
2026/10/09 03:47:57.393, 2, 82376, 97871, 100, 528.59
2026/10/09 03:47:57.393, 3, 81443, 97871, 99, 446.66
2026/10/09 03:47:58.393, 0, 80673, 97871, 100, 517.25
2026/10/09 03:47:58.393, 1, 84416, 97871, 99, 467.33
2026/10/09 03:47:58.393, 2, 82376, 97871, 100, 531.47
2026/10/09 03:47:58.393, 3, 81443, 97871, 99, 453.87
2026/10/09 03:47:59.393, 0, 80673, 97871, 100, 519.71
2026/10/09 03:47:59.393, 1, 84416, 97871, 99, 462.83
2026/10/09 03:47:59.393, 2, 82376, 97871, 100, 534.19
2026/10/09 03:47:59.393, 3, 81443, 97871, 99, 447.32
2026/10/09 03:48:00.393, 0, 80673, 97871, 100, 519.68
2026/10/09 03:48:00.393, 1, 84416, 97871, 99, 466.84
2026/10/09 03:48:00.393, 2, 82376, 97871, 100, 534.54
2026/10/09 03:48:00.393, 3, 81443, 97871, 99, 446.52
2026/10/09 03:48:01.394, 0, 80673, 97871, 100, 519.81
2026/10/09 03:48:01.394, 1, 84416, 97871, 99, 469.12
2026/10/09 03:48:01.394, 2, 82376, 97871, 100, 537.12
2026/10/09 03:48:01.394, 3, 81443, 97871, 98, 445.19
2026/10/09 03:48:02.394, 0, 80673, 97871, 100, 522.03
2026/10/09 03:48:02.394, 1, 84416, 97871, 99, 462.39
2026/10/09 03:48:02.394, 2, 82376, 97871, 100, 535.71
2026/10/09 03:48:02.394, 3, 81443, 97871, 99, 446.45
2026/10/09 03:48:03.394, 0, 80673, 97871, 100, 514.48
2026/10/09 03:48:03.394, 1, 84416, 97871, 99, 465.45
2026/10/09 03:48:03.394, 2, 82376, 97871, 100, 540.10
2026/10/09 03:48:03.394, 3, 81443, 97871, 99, 442.26
2026/10/09 03:48:04.394, 0, 80673, 97871, 100, 521.10
2026/10/09 03:48:04.394, 1, 84416, 97871, 99, 477.55
2026/10/09 03:48:04.394, 2, 82376, 97871, 100, 532.07
2026/10/09 03:48:04.394, 3, 81443, 97871, 99, 447.78
2026/10/09 03:48:05.394, 0, 80673, 97871, 100, 516.38
2026/10/09 03:48:05.395, 1, 84416, 97871, 99, 465.18
2026/10/09 03:48:05.395, 2, 82376, 97871, 100, 532.46
2026/10/09 03:48:05.395, 3, 81443, 97871, 99, 447.97
2026/10/09 03:48:06.395, 0, 80673, 97871, 100, 510.28
2026/10/09 03:48:06.395, 1, 84416, 97871, 99, 465.36
2026/10/09 03:48:06.395, 2, 82376, 97871, 100, 535.07
2026/10/09 03:48:06.395, 3, 81443, 97871, 99, 440.96
2026/10/09 03:48:07.395, 0, 80673, 97871, 62, 244.25
2026/10/09 03:48:07.395, 1, 84416, 97871, 99, 469.35
2026/10/09 03:48:07.395, 2, 82376, 97871, 100, 536.29
2026/10/09 03:48:07.395, 3, 81443, 97871, 99, 440.07
2026/10/09 03:48:08.395, 0, 80673, 97871, 99, 446.45
2026/10/09 03:48:08.395, 1, 84416, 97871, 99, 466.39
2026/10/09 03:48:08.395, 2, 82376, 97871, 100, 537.05
2026/10/09 03:48:08.395, 3, 81443, 97871, 99, 449.85
2026/10/09 03:48:09.395, 0, 80673, 97871, 99, 445.25
2026/10/09 03:48:09.395, 1, 84416, 97871, 99, 469.99
2026/10/09 03:48:09.395, 2, 82376, 97871, 100, 531.30
2026/10/09 03:48:09.396, 3, 81443, 97871, 99, 440.27
2026/10/09 03:48:10.396, 0, 80673, 97871, 99, 449.90
2026/10/09 03:48:10.396, 1, 84416, 97871, 92, 460.72
2026/10/09 03:48:10.396, 2, 82376, 97871, 100, 541.65
2026/10/09 03:48:10.396, 3, 81443, 97871, 99, 448.24
2026/10/09 03:48:11.396, 0, 80673, 97871, 99, 450.41
2026/10/09 03:48:11.396, 1, 84416, 97871, 99, 462.68
2026/10/09 03:48:11.396, 2, 82376, 97871, 100, 533.34
2026/10/09 03:48:11.396, 3, 81443, 97871, 99, 447.10
2026/10/09 03:48:12.396, 0, 80673, 97871, 99, 451.64
2026/10/09 03:48:12.396, 1, 84416, 97871, 99, 476.38
2026/10/09 03:48:12.396, 2, 82376, 97871, 100, 533.29
2026/10/09 03:48:12.396, 3, 81443, 97871, 99, 445.08
2026/10/09 03:48:13.396, 0, 80673, 97871, 99, 449.44
2026/10/09 03:48:13.396, 1, 84416, 97871, 93, 473.10
2026/10/09 03:48:13.396, 2, 82376, 97871, 100, 536.62
2026/10/09 03:48:13.396, 3, 81443, 97871, 99, 440.55
2026/10/09 03:48:14.396, 0, 80673, 97871, 99, 451.36
2026/10/09 03:48:14.397, 1, 84416, 97871, 99, 472.73
2026/10/09 03:48:14.397, 2, 82376, 97871, 100, 535.22
2026/10/09 03:48:14.397, 3, 81443, 97871, 99, 441.30
2026/10/09 03:48:15.397, 0, 80673, 97871, 99, 446.97
2026/10/09 03:48:15.397, 1, 84416, 97871, 99, 462.28
2026/10/09 03:48:15.397, 2, 82376, 97871, 100, 539.24
2026/10/09 03:48:15.397, 3, 81443, 97871, 93, 445.29
2026/10/09 03:48:16.397, 0, 80673, 97871, 99, 449.85
2026/10/09 03:48:16.397, 1, 84416, 97871, 99, 463.86
2026/10/09 03:48:16.397, 2, 82376, 97871, 100, 536.65
2026/10/09 03:48:16.397, 3, 81443, 97871, 100, 447.30
2026/10/09 03:48:17.397, 0, 80673, 97871, 100, 448.45
2026/10/09 03:48:17.397, 1, 84416, 97871, 93, 472.46
2026/10/09 03:48:17.397, 2, 82376, 97871, 100, 538.47
2026/10/09 03:48:17.397, 3, 81443, 97871, 99, 440.17
2026/10/09 03:48:18.397, 0, 80673, 97871, 100, 452.25
2026/10/09 03:48:18.397, 1, 84416, 97871, 99, 466.33
2026/10/09 03:48:18.398, 2, 82376, 97871, 100, 537.24
2026/10/09 03:48:18.398, 3, 81443, 97871, 99, 445.06
2026/10/09 03:48:19.398, 0, 80673, 97871, 99, 448.39
2026/10/09 03:48:19.398, 1, 84416, 97871, 99, 471.22
2026/10/09 03:48:19.398, 2, 82376, 97871, 100, 527.54
2026/10/09 03:48:19.398, 3, 81443, 97871, 97, 454.51
2026/10/09 03:48:20.398, 0, 80673, 97871, 99, 453.00
2026/10/09 03:48:20.398, 1, 84416, 97871, 99, 468.54
2026/10/09 03:48:20.398, 2, 82376, 97871, 100, 527.05
2026/10/09 03:48:20.398, 3, 81443, 97871, 99, 441.79
2026/10/09 03:48:21.398, 0, 80673, 97871, 99, 454.61
2026/10/09 03:48:21.398, 1, 84416, 97871, 99, 466.12
2026/10/09 03:48:21.398, 2, 82376, 97871, 100, 526.09
2026/10/09 03:48:21.398, 3, 81443, 97871, 99, 447.10
2026/10/09 03:48:22.398, 0, 80673, 97871, 100, 451.51
2026/10/09 03:48:22.398, 1, 84416, 97871, 98, 466.16
2026/10/09 03:48:22.398, 2, 82376, 97871, 100, 527.02
2026/10/09 03:48:22.398, 3, 81443, 97871, 99, 455.70
2026/10/09 03:48:23.399, 0, 80673, 97871, 99, 449.31
2026/10/09 03:48:23.399, 1, 84416, 97871, 99, 469.04
2026/10/09 03:48:23.399, 2, 82376, 97871, 100, 525.82
2026/10/09 03:48:23.399, 3, 81443, 97871, 99, 451.85
2026/10/09 03:48:24.399, 0, 80673, 97871, 100, 452.60
2026/10/09 03:48:24.399, 1, 84416, 97871, 99, 466.55
2026/10/09 03:48:24.399, 2, 82376, 97871, 100, 524.73
2026/10/09 03:48:24.399, 3, 81443, 97871, 99, 447.03
2026/10/09 03:48:25.399, 0, 80673, 97871, 99, 450.01
2026/10/09 03:48:25.399, 1, 84416, 97871, 99, 462.59
2026/10/09 03:48:25.399, 2, 82376, 97871, 0, 324.20
2026/10/09 03:48:25.399, 3, 81443, 97871, 99, 446.07
2026/10/09 03:48:26.399, 0, 80673, 97871, 99, 450.80
2026/10/09 03:48:26.399, 1, 84416, 97871, 99, 467.26
2026/10/09 03:48:26.399, 2, 82376, 97871, 0, 164.82
2026/10/09 03:48:26.399, 3, 81443, 97871, 99, 442.45
2026/10/09 03:48:27.399, 0, 80673, 97871, 99, 450.57
2026/10/09 03:48:27.400, 1, 84416, 97871, 99, 463.09
2026/10/09 03:48:27.400, 2, 82376, 97871, 100, 295.02
2026/10/09 03:48:27.400, 3, 81443, 97871, 99, 442.80
2026/10/09 03:48:28.400, 0, 80673, 97871, 99, 447.24
2026/10/09 03:48:28.400, 1, 84416, 97871, 99, 470.98
2026/10/09 03:48:28.400, 2, 82376, 97871, 100, 472.89
2026/10/09 03:48:28.400, 3, 81443, 97871, 99, 447.65
2026/10/09 03:48:29.400, 0, 80673, 97871, 99, 449.19
2026/10/09 03:48:29.400, 1, 84416, 97871, 99, 468.77
2026/10/09 03:48:29.400, 2, 82376, 97871, 100, 471.14
2026/10/09 03:48:29.400, 3, 81443, 97871, 99, 449.07
2026/10/09 03:48:30.400, 0, 80673, 97871, 99, 451.53
2026/10/09 03:48:30.400, 1, 84416, 97871, 99, 471.24
2026/10/09 03:48:30.400, 2, 82376, 97871, 93, 472.95
2026/10/09 03:48:30.400, 3, 81443, 97871, 99, 442.28
2026/10/09 03:48:31.400, 0, 80673, 97871, 99, 452.59
2026/10/09 03:48:31.400, 1, 84416, 97871, 99, 462.60
2026/10/09 03:48:31.401, 2, 82376, 97871, 100, 473.75
2026/10/09 03:48:31.401, 3, 81443, 97871, 99, 449.03
2026/10/09 03:48:32.401, 0, 80673, 97871, 99, 449.78
2026/10/09 03:48:32.401, 1, 84416, 97871, 99, 467.52
2026/10/09 03:48:32.401, 2, 82376, 97871, 100, 474.29
2026/10/09 03:48:32.401, 3, 81443, 97871, 95, 450.86
2026/10/09 03:48:33.401, 0, 80673, 97871, 99, 448.00
2026/10/09 03:48:33.401, 1, 84416, 97871, 99, 463.36
2026/10/09 03:48:33.401, 2, 82376, 97871, 100, 473.37
2026/10/09 03:48:33.401, 3, 81443, 97871, 99, 441.70
2026/10/09 03:48:34.401, 0, 80673, 97871, 99, 449.46
2026/10/09 03:48:34.401, 1, 84416, 97871, 99, 470.90
2026/10/09 03:48:34.401, 2, 82376, 97871, 100, 465.21
2026/10/09 03:48:34.401, 3, 81443, 97871, 99, 441.77
2026/10/09 03:48:35.401, 0, 80673, 97871, 99, 451.54
2026/10/09 03:48:35.401, 1, 84416, 97871, 99, 464.14
2026/10/09 03:48:35.402, 2, 82376, 97871, 100, 469.27
2026/10/09 03:48:35.402, 3, 81443, 97871, 99, 443.29
2026/10/09 03:48:36.402, 0, 80673, 97871, 99, 449.62
2026/10/09 03:48:36.402, 1, 84416, 97871, 99, 472.87
2026/10/09 03:48:36.402, 2, 82376, 97871, 100, 471.97
2026/10/09 03:48:36.402, 3, 81443, 97871, 99, 446.89
2026/10/09 03:48:37.402, 0, 80673, 97871, 99, 448.32
2026/10/09 03:48:37.402, 1, 84416, 97871, 99, 466.09
2026/10/09 03:48:37.402, 2, 82376, 97871, 100, 474.68
2026/10/09 03:48:37.402, 3, 81443, 97871, 99, 448.52
2026/10/09 03:48:38.402, 0, 80673, 97871, 90, 446.53
2026/10/09 03:48:38.402, 1, 84416, 97871, 99, 466.03
2026/10/09 03:48:38.402, 2, 82376, 97871, 100, 473.57
2026/10/09 03:48:38.402, 3, 81443, 97871, 99, 454.93
2026/10/09 03:48:39.402, 0, 80673, 97871, 99, 452.24
2026/10/09 03:48:39.403, 1, 84416, 97871, 98, 476.14
2026/10/09 03:48:39.403, 2, 82376, 97871, 100, 471.77
2026/10/09 03:48:39.403, 3, 81443, 97871, 99, 449.04
2026/10/09 03:48:40.403, 0, 80673, 97871, 100, 455.96
2026/10/09 03:48:40.403, 1, 84416, 97871, 99, 470.26
2026/10/09 03:48:40.403, 2, 82376, 97871, 100, 479.68
2026/10/09 03:48:40.403, 3, 81443, 97871, 99, 442.89
2026/10/09 03:48:41.403, 0, 80673, 97871, 99, 451.44
2026/10/09 03:48:41.403, 1, 84416, 97871, 96, 469.68
2026/10/09 03:48:41.403, 2, 82376, 97871, 100, 479.96
2026/10/09 03:48:41.403, 3, 81443, 97871, 99, 441.77
2026/10/09 03:48:42.403, 0, 80673, 97871, 99, 447.10
2026/10/09 03:48:42.403, 1, 84416, 97871, 99, 463.16
2026/10/09 03:48:42.403, 2, 82376, 97871, 100, 477.36
2026/10/09 03:48:42.403, 3, 81443, 97871, 99, 440.19
2026/10/09 03:48:43.404, 0, 80673, 97871, 89, 449.36
2026/10/09 03:48:43.404, 1, 84416, 97871, 99, 469.00
2026/10/09 03:48:43.404, 2, 82376, 97871, 99, 475.78
2026/10/09 03:48:43.404, 3, 81443, 97871, 99, 442.33
2026/10/09 03:48:44.404, 0, 80673, 97871, 99, 448.98
2026/10/09 03:48:44.404, 1, 84416, 97871, 99, 469.26
2026/10/09 03:48:44.404, 2, 82376, 97871, 100, 473.60
2026/10/09 03:48:44.404, 3, 81443, 97871, 99, 449.11
2026/10/09 03:48:45.404, 0, 80673, 97871, 99, 449.68
2026/10/09 03:48:45.404, 1, 84416, 97871, 99, 471.15
2026/10/09 03:48:45.404, 2, 82376, 97871, 100, 475.30
2026/10/09 03:48:45.404, 3, 81443, 97871, 99, 446.24
2026/10/09 03:48:46.404, 0, 80673, 97871, 99, 457.54
2026/10/09 03:48:46.404, 1, 84416, 97871, 99, 465.88
2026/10/09 03:48:46.404, 2, 82376, 97871, 100, 471.67
2026/10/09 03:48:46.405, 3, 81443, 97871, 99, 440.47
2026/10/09 03:48:47.405, 0, 80673, 97871, 99, 450.43
2026/10/09 03:48:47.405, 1, 84416, 97871, 99, 470.86
2026/10/09 03:48:47.405, 2, 82376, 97871, 100, 470.22
2026/10/09 03:48:47.405, 3, 81443, 97871, 93, 439.93
2026/10/09 03:48:48.405, 0, 80673, 97871, 99, 450.01
2026/10/09 03:48:48.405, 1, 84416, 97871, 99, 466.38
2026/10/09 03:48:48.405, 2, 82376, 97871, 100, 473.80
2026/10/09 03:48:48.405, 3, 81443, 97871, 99, 442.83
2026/10/09 03:48:49.405, 0, 80673, 97871, 90, 447.52
2026/10/09 03:48:49.405, 1, 84416, 97871, 99, 465.46
2026/10/09 03:48:49.405, 2, 82376, 97871, 100, 477.56
2026/10/09 03:48:49.405, 3, 81443, 97871, 99, 448.51
2026/10/09 03:48:50.405, 0, 80673, 97871, 99, 448.96
2026/10/09 03:48:50.405, 1, 84416, 97871, 99, 462.61
2026/10/09 03:48:50.406, 2, 82376, 97871, 97, 477.06
2026/10/09 03:48:50.406, 3, 81443, 97871, 96, 445.89
2026/10/09 03:48:51.406, 0, 80673, 97871, 99, 450.06
2026/10/09 03:48:51.406, 1, 84416, 97871, 99, 470.03
2026/10/09 03:48:51.406, 2, 82376, 97871, 100, 474.51
2026/10/09 03:48:51.406, 3, 81443, 97871, 99, 445.62
2026/10/09 03:48:52.406, 0, 80673, 97871, 99, 454.54
2026/10/09 03:48:52.406, 1, 84416, 97871, 99, 467.53
2026/10/09 03:48:52.406, 2, 82376, 97871, 100, 474.49
2026/10/09 03:48:52.406, 3, 81443, 97871, 99, 443.15
2026/10/09 03:48:53.406, 0, 80673, 97871, 99, 450.98
2026/10/09 03:48:53.406, 1, 84416, 97871, 99, 471.17
2026/10/09 03:48:53.406, 2, 82376, 97871, 100, 479.27
2026/10/09 03:48:53.406, 3, 81443, 97871, 99, 447.08
2026/10/09 03:48:54.406, 0, 80673, 97871, 99, 455.38
2026/10/09 03:48:54.407, 1, 84416, 97871, 99, 473.12
2026/10/09 03:48:54.407, 2, 82376, 97871, 100, 472.14
2026/10/09 03:48:54.407, 3, 81443, 97871, 70, 376.09
2026/10/09 03:48:55.407, 0, 80673, 97871, 99, 449.08
2026/10/09 03:48:55.407, 1, 84416, 97871, 99, 464.73
2026/10/09 03:48:55.407, 2, 82376, 97871, 100, 472.53
2026/10/09 03:48:55.407, 3, 81443, 97871, 0, 147.09
2026/10/09 03:48:56.407, 0, 80673, 97871, 99, 446.40
2026/10/09 03:48:56.407, 1, 84416, 97871, 99, 463.14
2026/10/09 03:48:56.407, 2, 82376, 97871, 100, 472.03
2026/10/09 03:48:56.407, 3, 81443, 97871, 0, 149.66
2026/10/09 03:48:57.407, 0, 80673, 97871, 99, 447.45
2026/10/09 03:48:57.407, 1, 84416, 97871, 96, 465.89
2026/10/09 03:48:57.407, 2, 82376, 97871, 100, 472.74
2026/10/09 03:48:57.407, 3, 81443, 97871, 49, 231.58
2026/10/09 03:48:58.408, 0, 80673, 97871, 99, 457.24
2026/10/09 03:48:58.408, 1, 84416, 97871, 99, 467.49
2026/10/09 03:48:58.408, 2, 82376, 97871, 100, 478.35
2026/10/09 03:48:58.408, 3, 81443, 97871, 69, 474.30
2026/10/09 03:48:59.408, 0, 80673, 97871, 99, 453.06
2026/10/09 03:48:59.408, 1, 84416, 97871, 99, 468.13
2026/10/09 03:48:59.408, 2, 82376, 97871, 100, 475.34
2026/10/09 03:48:59.408, 3, 81443, 97871, 100, 514.39
2026/10/09 03:49:00.408, 0, 80673, 97871, 99, 450.44
2026/10/09 03:49:00.408, 1, 84416, 97871, 99, 468.21
2026/10/09 03:49:00.408, 2, 82376, 97871, 100, 473.79
2026/10/09 03:49:00.408, 3, 81443, 97871, 100, 517.69
2026/10/09 03:49:01.408, 0, 80673, 97871, 99, 452.12
2026/10/09 03:49:01.408, 1, 84416, 97871, 99, 462.90
2026/10/09 03:49:01.408, 2, 82376, 97871, 100, 473.47
2026/10/09 03:49:01.408, 3, 81443, 97871, 100, 510.12
2026/10/09 03:49:02.409, 0, 80673, 97871, 99, 455.85
2026/10/09 03:49:02.409, 1, 84416, 97871, 99, 459.85
2026/10/09 03:49:02.409, 2, 82376, 97871, 100, 471.10
2026/10/09 03:49:02.409, 3, 81443, 97871, 100, 512.56
2026/10/09 03:49:03.409, 0, 80673, 97871, 99, 451.69
2026/10/09 03:49:03.409, 1, 84416, 97871, 99, 465.03
2026/10/09 03:49:03.409, 2, 82376, 97871, 100, 479.20
2026/10/09 03:49:03.409, 3, 81443, 97871, 100, 507.75
2026/10/09 03:49:04.409, 0, 80673, 97871, 99, 448.34
2026/10/09 03:49:04.409, 1, 84416, 97871, 99, 472.45
2026/10/09 03:49:04.409, 2, 82376, 97871, 100, 473.95
2026/10/09 03:49:04.409, 3, 81443, 97871, 100, 515.93
2026/10/09 03:49:05.409, 0, 80673, 97871, 100, 455.04
2026/10/09 03:49:05.409, 1, 84416, 97871, 99, 463.93
2026/10/09 03:49:05.409, 2, 82376, 97871, 100, 477.26
2026/10/09 03:49:05.409, 3, 81443, 97871, 100, 510.21
2026/10/09 03:49:06.409, 0, 80673, 97871, 99, 450.85
2026/10/09 03:49:06.410, 1, 84416, 97871, 99, 468.87
2026/10/09 03:49:06.410, 2, 82376, 97871, 100, 472.92
2026/10/09 03:49:06.410, 3, 81443, 97871, 100, 512.32
2026/10/09 03:49:07.410, 0, 80673, 97871, 99, 451.00
2026/10/09 03:49:07.410, 1, 84416, 97871, 99, 465.61
2026/10/09 03:49:07.410, 2, 82376, 97871, 100, 475.64
2026/10/09 03:49:07.410, 3, 81443, 97871, 100, 513.70
2026/10/09 03:49:08.410, 0, 80673, 97871, 99, 454.93
2026/10/09 03:49:08.410, 1, 84416, 97871, 99, 464.94
2026/10/09 03:49:08.410, 2, 82376, 97871, 100, 470.31
2026/10/09 03:49:08.410, 3, 81443, 97871, 100, 513.49
2026/10/09 03:49:09.410, 0, 80673, 97871, 99, 451.35
2026/10/09 03:49:09.410, 1, 84416, 97871, 0, 210.22
2026/10/09 03:49:09.410, 2, 82376, 97871, 100, 470.92
2026/10/09 03:49:09.410, 3, 81443, 97871, 100, 506.13
2026/10/09 03:49:10.410, 0, 80673, 97871, 99, 454.18
2026/10/09 03:49:10.411, 1, 84416, 97871, 100, 251.53
2026/10/09 03:49:10.411, 2, 82376, 97871, 100, 480.59
2026/10/09 03:49:10.411, 3, 81443, 97871, 100, 507.91
2026/10/09 03:49:11.411, 0, 80673, 97871, 99, 452.30
2026/10/09 03:49:11.411, 1, 84416, 97871, 100, 501.52
2026/10/09 03:49:11.411, 2, 82376, 97871, 100, 479.11
2026/10/09 03:49:11.411, 3, 81443, 97871, 100, 509.03
2026/10/09 03:49:12.411, 0, 80673, 97871, 99, 451.55
2026/10/09 03:49:12.411, 1, 84416, 97871, 100, 530.87
2026/10/09 03:49:12.411, 2, 82376, 97871, 100, 474.27
2026/10/09 03:49:12.411, 3, 81443, 97871, 99, 454.47
2026/10/09 03:49:13.411, 0, 80673, 97871, 94, 447.71
2026/10/09 03:49:13.411, 1, 84416, 97871, 100, 521.48
2026/10/09 03:49:13.411, 2, 82376, 97871, 100, 475.79
2026/10/09 03:49:13.411, 3, 81443, 97871, 100, 517.82
2026/10/09 03:49:14.412, 0, 80673, 97871, 100, 453.00
2026/10/09 03:49:14.412, 1, 84416, 97871, 100, 531.65
2026/10/09 03:49:14.412, 2, 82376, 97871, 100, 472.47
2026/10/09 03:49:14.412, 3, 81443, 97871, 100, 503.89
2026/10/09 03:49:15.412, 0, 80673, 97871, 99, 451.85
2026/10/09 03:49:15.412, 1, 84416, 97871, 100, 521.94
2026/10/09 03:49:15.412, 2, 82376, 97871, 100, 477.06
2026/10/09 03:49:15.412, 3, 81443, 97871, 100, 506.50
2026/10/09 03:49:16.412, 0, 80673, 97871, 99, 452.19
2026/10/09 03:49:16.412, 1, 84416, 97871, 100, 529.40
2026/10/09 03:49:16.412, 2, 82376, 97871, 100, 477.54
2026/10/09 03:49:16.412, 3, 81443, 97871, 100, 516.14
2026/10/09 03:49:17.412, 0, 80673, 97871, 99, 448.92
2026/10/09 03:49:17.412, 1, 84416, 97871, 100, 520.04
2026/10/09 03:49:17.413, 2, 82375, 97871, 100, 475.41
2026/10/09 03:49:17.413, 3, 81443, 97871, 100, 515.95
2026/10/09 03:49:18.413, 0, 80673, 97871, 99, 451.88
2026/10/09 03:49:18.413, 1, 84416, 97871, 100, 521.38
2026/10/09 03:49:18.413, 2, 82375, 97871, 100, 480.75
2026/10/09 03:49:18.413, 3, 81443, 97871, 100, 519.72
2026/10/09 03:49:19.413, 0, 80673, 97871, 99, 453.05
2026/10/09 03:49:19.413, 1, 84416, 97871, 100, 525.43
2026/10/09 03:49:19.413, 2, 82375, 97871, 100, 470.68
2026/10/09 03:49:19.413, 3, 81443, 97871, 100, 515.46
2026/10/09 03:49:20.413, 0, 80673, 97871, 100, 455.50
2026/10/09 03:49:20.413, 1, 84416, 97871, 100, 524.62
2026/10/09 03:49:20.413, 2, 82375, 97871, 100, 468.07
2026/10/09 03:49:20.413, 3, 81443, 97871, 100, 515.20
2026/10/09 03:49:21.413, 0, 80673, 97871, 99, 450.36
2026/10/09 03:49:21.414, 1, 84416, 97871, 100, 521.91
2026/10/09 03:49:21.414, 2, 82375, 97871, 100, 468.50
2026/10/09 03:49:21.414, 3, 81443, 97871, 100, 513.56
2026/10/09 03:49:22.414, 0, 80673, 97871, 99, 452.13
2026/10/09 03:49:22.414, 1, 84416, 97871, 100, 528.18
2026/10/09 03:49:22.414, 2, 82375, 97871, 100, 476.24
2026/10/09 03:49:22.414, 3, 81443, 97871, 100, 496.92
2026/10/09 03:49:23.414, 0, 80673, 97871, 99, 448.98
2026/10/09 03:49:23.414, 1, 84416, 97871, 100, 524.56
2026/10/09 03:49:23.414, 2, 82375, 97871, 100, 472.01
2026/10/09 03:49:23.414, 3, 81443, 97871, 100, 524.80
2026/10/09 03:49:24.414, 0, 80673, 97871, 99, 450.02
2026/10/09 03:49:24.414, 1, 84416, 97871, 100, 522.13
2026/10/09 03:49:24.414, 2, 82375, 97871, 100, 471.77
2026/10/09 03:49:24.414, 3, 81443, 97871, 100, 516.37
2026/10/09 03:49:25.414, 0, 80673, 97871, 100, 455.92
2026/10/09 03:49:25.415, 1, 84416, 97871, 53, 483.06
2026/10/09 03:49:25.415, 2, 82375, 97871, 100, 477.67
2026/10/09 03:49:25.415, 3, 81443, 97871, 88, 483.40
2026/10/09 03:49:26.415, 0, 80673, 97871, 100, 452.60
2026/10/09 03:49:26.415, 1, 84416, 97871, 100, 539.44
2026/10/09 03:49:26.415, 2, 82375, 97871, 100, 474.47
2026/10/09 03:49:26.415, 3, 81443, 97871, 100, 540.66
2026/10/09 03:49:27.415, 0, 80673, 97871, 99, 447.05
2026/10/09 03:49:27.415, 1, 84416, 97871, 100, 517.63
2026/10/09 03:49:27.415, 2, 82375, 97871, 96, 479.13
2026/10/09 03:49:27.415, 3, 81443, 97871, 100, 517.20
2026/10/09 03:49:28.415, 0, 80673, 97871, 99, 452.45
2026/10/09 03:49:28.415, 1, 84416, 97871, 100, 518.17
2026/10/09 03:49:28.415, 2, 82375, 97871, 96, 471.10
2026/10/09 03:49:28.415, 3, 81443, 97871, 100, 519.00
2026/10/09 03:49:29.416, 0, 80673, 97871, 100, 453.59
2026/10/09 03:49:29.416, 1, 84416, 97871, 100, 528.65
2026/10/09 03:49:29.416, 2, 82375, 97871, 100, 473.31
2026/10/09 03:49:29.416, 3, 81443, 97871, 100, 518.65
2026/10/09 03:49:30.416, 0, 80673, 97871, 90, 456.36
2026/10/09 03:49:30.416, 1, 84416, 97871, 100, 533.60
2026/10/09 03:49:30.416, 2, 82375, 97871, 100, 474.38
2026/10/09 03:49:30.416, 3, 81443, 97871, 100, 518.65
2026/10/09 03:49:31.416, 0, 80673, 97871, 100, 449.58
2026/10/09 03:49:31.416, 1, 84416, 97871, 100, 528.27
2026/10/09 03:49:31.416, 2, 82375, 97871, 100, 473.54
2026/10/09 03:49:31.416, 3, 81443, 97871, 100, 521.28
2026/10/09 03:49:32.416, 0, 80673, 97871, 99, 450.73
2026/10/09 03:49:32.416, 1, 84416, 97871, 100, 528.14
2026/10/09 03:49:32.417, 2, 82375, 97871, 100, 470.94
2026/10/09 03:49:32.417, 3, 81443, 97871, 100, 518.83
2026/10/09 03:49:33.417, 0, 80673, 97871, 99, 454.42
2026/10/09 03:49:33.417, 1, 84416, 97871, 100, 528.11
2026/10/09 03:49:33.417, 2, 82375, 97871, 100, 476.52
2026/10/09 03:49:33.417, 3, 81443, 97871, 100, 518.57
2026/10/09 03:49:34.417, 0, 80673, 97871, 99, 448.11
2026/10/09 03:49:34.417, 1, 84416, 97871, 100, 524.70
2026/10/09 03:49:34.417, 2, 82375, 97871, 100, 475.95
2026/10/09 03:49:34.417, 3, 81443, 97871, 100, 514.37
2026/10/09 03:49:35.417, 0, 80673, 97871, 99, 449.37
2026/10/09 03:49:35.417, 1, 84416, 97871, 100, 522.38
2026/10/09 03:49:35.417, 2, 82375, 97871, 100, 474.56
2026/10/09 03:49:35.417, 3, 81443, 97871, 100, 518.32
2026/10/09 03:49:36.417, 0, 80673, 97871, 99, 449.25
2026/10/09 03:49:36.418, 1, 84416, 97871, 100, 502.27
2026/10/09 03:49:36.418, 2, 82375, 97871, 100, 473.45
2026/10/09 03:49:36.418, 3, 81443, 97871, 100, 506.86
2026/10/09 03:49:37.418, 0, 80673, 97871, 99, 451.14
2026/10/09 03:49:37.418, 1, 84416, 97871, 100, 538.12
2026/10/09 03:49:37.418, 2, 82375, 97871, 100, 473.90
2026/10/09 03:49:37.418, 3, 81443, 97871, 100, 463.30
2026/10/09 03:49:38.418, 0, 80673, 97871, 98, 457.11
2026/10/09 03:49:38.418, 1, 84416, 97871, 100, 529.45
2026/10/09 03:49:38.418, 2, 82375, 97871, 100, 472.84
2026/10/09 03:49:38.418, 3, 81443, 97871, 100, 545.70
2026/10/09 03:49:39.418, 0, 80673, 97871, 99, 448.78
2026/10/09 03:49:39.418, 1, 84416, 97871, 100, 521.92
2026/10/09 03:49:39.419, 2, 82375, 97871, 100, 471.33
2026/10/09 03:49:39.419, 3, 81443, 97871, 100, 529.95
2026/10/09 03:49:40.419, 0, 80673, 97871, 99, 446.70
2026/10/09 03:49:40.419, 1, 84416, 97871, 100, 509.19
2026/10/09 03:49:40.419, 2, 82375, 97871, 100, 476.69
2026/10/09 03:49:40.419, 3, 81443, 97871, 100, 511.69
2026/10/09 03:49:41.419, 0, 80673, 97871, 99, 453.11
2026/10/09 03:49:41.419, 1, 84416, 97871, 100, 544.08
2026/10/09 03:49:41.419, 2, 82375, 97871, 100, 477.66
2026/10/09 03:49:41.419, 3, 81443, 97871, 100, 514.31
2026/10/09 03:49:42.419, 0, 80673, 97871, 99, 455.32
2026/10/09 03:49:42.419, 1, 84416, 97871, 100, 525.85
2026/10/09 03:49:42.419, 2, 82375, 97871, 100, 476.99
2026/10/09 03:49:42.419, 3, 81443, 97871, 100, 510.78
2026/10/09 03:49:43.420, 0, 80673, 97871, 87, 451.14
2026/10/09 03:49:43.420, 1, 84416, 97871, 100, 534.63
2026/10/09 03:49:43.420, 2, 82375, 97871, 100, 478.51
2026/10/09 03:49:43.420, 3, 81443, 97871, 100, 506.97
2026/10/09 03:49:44.420, 0, 80673, 97871, 99, 449.66
2026/10/09 03:49:44.420, 1, 84416, 97871, 100, 532.75
2026/10/09 03:49:44.420, 2, 82375, 97871, 100, 475.16
2026/10/09 03:49:44.420, 3, 81443, 97871, 100, 542.23
2026/10/09 03:49:45.420, 0, 80673, 97871, 99, 448.61
2026/10/09 03:49:45.420, 1, 84416, 97871, 100, 534.23
2026/10/09 03:49:45.420, 2, 82375, 97871, 100, 470.96
2026/10/09 03:49:45.420, 3, 81443, 97871, 100, 527.87
2026/10/09 03:49:46.421, 0, 80673, 97871, 93, 451.44
2026/10/09 03:49:46.421, 1, 84416, 97871, 100, 534.07
2026/10/09 03:49:46.421, 2, 82375, 97871, 100, 475.77
2026/10/09 03:49:46.421, 3, 81443, 97871, 100, 518.22
2026/10/09 03:49:47.421, 0, 80673, 97871, 99, 453.40
2026/10/09 03:49:47.421, 1, 84416, 97871, 100, 532.22
2026/10/09 03:49:47.421, 2, 82375, 97871, 100, 475.49
2026/10/09 03:49:47.421, 3, 81443, 97871, 100, 513.95
2026/10/09 03:49:48.421, 0, 80673, 97871, 99, 458.21
2026/10/09 03:49:48.421, 1, 84416, 97871, 100, 535.50
2026/10/09 03:49:48.421, 2, 82375, 97871, 100, 476.78
2026/10/09 03:49:48.421, 3, 81443, 97871, 100, 510.42
2026/10/09 03:49:49.421, 0, 80673, 97871, 99, 454.17
2026/10/09 03:49:49.422, 1, 84416, 97871, 100, 530.15
2026/10/09 03:49:49.422, 2, 82375, 97871, 100, 471.06
2026/10/09 03:49:49.422, 3, 81443, 97871, 100, 515.11
2026/10/09 03:49:50.422, 0, 80673, 97871, 99, 451.09
2026/10/09 03:49:50.422, 1, 84416, 97871, 100, 534.60
2026/10/09 03:49:50.422, 2, 82375, 97871, 100, 468.44
2026/10/09 03:49:50.422, 3, 81443, 97871, 100, 523.81
2026/10/09 03:49:51.422, 0, 80673, 97871, 99, 457.06
2026/10/09 03:49:51.422, 1, 84416, 97871, 100, 530.42
2026/10/09 03:49:51.422, 2, 82375, 97871, 100, 473.24
2026/10/09 03:49:51.422, 3, 81443, 97871, 100, 516.40
2026/10/09 03:49:52.422, 0, 80673, 97871, 91, 455.44
2026/10/09 03:49:52.422, 1, 84416, 97871, 100, 528.03
2026/10/09 03:49:52.423, 2, 82375, 97871, 100, 475.64
2026/10/09 03:49:52.423, 3, 81443, 97871, 100, 516.66
2026/10/09 03:49:53.423, 0, 80673, 97871, 99, 449.08
2026/10/09 03:49:53.423, 1, 84416, 97871, 100, 524.41
2026/10/09 03:49:53.423, 2, 82375, 97871, 100, 472.73
2026/10/09 03:49:53.423, 3, 81443, 97871, 100, 522.92
2026/10/09 03:49:54.423, 0, 80673, 97871, 99, 448.97
2026/10/09 03:49:54.423, 1, 84416, 97871, 78, 481.35
2026/10/09 03:49:54.423, 2, 82375, 97871, 96, 474.13
2026/10/09 03:49:54.423, 3, 81443, 97871, 100, 517.69
2026/10/09 03:49:55.423, 0, 80673, 97871, 99, 450.36
2026/10/09 03:49:55.423, 1, 84416, 97871, 100, 526.57
2026/10/09 03:49:55.423, 2, 82375, 97871, 100, 473.53
2026/10/09 03:49:55.423, 3, 81443, 97871, 100, 518.29
2026/10/09 03:49:56.423, 0, 80673, 97871, 99, 448.90
2026/10/09 03:49:56.424, 1, 84416, 97871, 100, 548.47
2026/10/09 03:49:56.424, 2, 82375, 97871, 100, 475.91
2026/10/09 03:49:56.424, 3, 81443, 97871, 100, 516.04
2026/10/09 03:49:57.424, 0, 80673, 97871, 99, 454.20
2026/10/09 03:49:57.424, 1, 84416, 97871, 100, 527.29
2026/10/09 03:49:57.424, 2, 82375, 97871, 95, 473.56
2026/10/09 03:49:57.424, 3, 81443, 97871, 100, 524.82
2026/10/09 03:49:58.424, 0, 80673, 97871, 99, 453.64
2026/10/09 03:49:58.424, 1, 84416, 97871, 100, 517.90
2026/10/09 03:49:58.424, 2, 82375, 97871, 96, 479.74
2026/10/09 03:49:58.424, 3, 81443, 97871, 100, 519.09
2026/10/09 03:49:59.424, 0, 80673, 97871, 99, 449.02
2026/10/09 03:49:59.424, 1, 84416, 97871, 100, 514.44
2026/10/09 03:49:59.424, 2, 82375, 97871, 100, 473.82
2026/10/09 03:49:59.424, 3, 81443, 97871, 100, 517.79
2026/10/09 03:50:00.425, 0, 80673, 97871, 99, 450.87
2026/10/09 03:50:00.425, 1, 84416, 97871, 100, 523.15
2026/10/09 03:50:00.425, 2, 82375, 97871, 100, 469.73
2026/10/09 03:50:00.425, 3, 81443, 97871, 100, 518.77
2026/10/09 03:50:01.425, 0, 80673, 97871, 99, 451.87
2026/10/09 03:50:01.425, 1, 84416, 97871, 100, 523.93
2026/10/09 03:50:01.425, 2, 82375, 97871, 96, 477.49
2026/10/09 03:50:01.425, 3, 81443, 97871, 100, 516.65
2026/10/09 03:50:02.425, 0, 80673, 97871, 92, 454.15
2026/10/09 03:50:02.425, 1, 84416, 97871, 100, 524.50
2026/10/09 03:50:02.425, 2, 82375, 97871, 100, 472.77
2026/10/09 03:50:02.425, 3, 81443, 97871, 100, 515.29
2026/10/09 03:50:03.425, 0, 80673, 97871, 99, 449.87
2026/10/09 03:50:03.426, 1, 84416, 97871, 100, 549.16
2026/10/09 03:50:03.426, 2, 82375, 97871, 100, 470.83
2026/10/09 03:50:03.426, 3, 81443, 97871, 99, 495.86
2026/10/09 03:50:04.426, 0, 80673, 97871, 99, 454.40
2026/10/09 03:50:04.426, 1, 84416, 97871, 100, 539.62
2026/10/09 03:50:04.426, 2, 82375, 97871, 100, 470.01
2026/10/09 03:50:04.426, 3, 81443, 97871, 100, 465.10
2026/10/09 03:50:05.426, 0, 80673, 97871, 99, 449.65
2026/10/09 03:50:05.426, 1, 84416, 97871, 100, 525.79
2026/10/09 03:50:05.426, 2, 82375, 97871, 99, 475.43
2026/10/09 03:50:05.426, 3, 81443, 97871, 100, 542.79
2026/10/09 03:50:06.426, 0, 80673, 97871, 99, 449.93
2026/10/09 03:50:06.426, 1, 84416, 97871, 100, 526.46
2026/10/09 03:50:06.426, 2, 82375, 97871, 100, 473.16
2026/10/09 03:50:06.426, 3, 81443, 97871, 100, 543.45
2026/10/09 03:50:07.427, 0, 80673, 97871, 99, 449.26
2026/10/09 03:50:07.427, 1, 84416, 97871, 100, 534.12
2026/10/09 03:50:07.427, 2, 82375, 97871, 100, 475.82
2026/10/09 03:50:07.427, 3, 81443, 97871, 100, 541.15
2026/10/09 03:50:08.427, 0, 80673, 97871, 99, 451.94
2026/10/09 03:50:08.427, 1, 84416, 97871, 100, 528.47
2026/10/09 03:50:08.427, 2, 82375, 97871, 100, 474.38
2026/10/09 03:50:08.427, 3, 81443, 97871, 100, 538.04
2026/10/09 03:50:09.427, 0, 80673, 97871, 99, 453.28
2026/10/09 03:50:09.427, 1, 84416, 97871, 100, 539.09
2026/10/09 03:50:09.427, 2, 82375, 97871, 100, 472.07
2026/10/09 03:50:09.427, 3, 81443, 97871, 100, 507.23
2026/10/09 03:50:10.427, 0, 80673, 97871, 99, 452.60
2026/10/09 03:50:10.427, 1, 84416, 97871, 100, 534.66
2026/10/09 03:50:10.427, 2, 82375, 97871, 100, 468.77
2026/10/09 03:50:10.427, 3, 81443, 97871, 100, 511.17
2026/10/09 03:50:11.428, 0, 80673, 97871, 99, 450.74
2026/10/09 03:50:11.428, 1, 84416, 97871, 100, 527.63
2026/10/09 03:50:11.428, 2, 82375, 97871, 100, 468.84
2026/10/09 03:50:11.428, 3, 81443, 97871, 100, 509.26
2026/10/09 03:50:12.428, 0, 80673, 97871, 99, 454.76
2026/10/09 03:50:12.428, 1, 84416, 97871, 100, 535.26
2026/10/09 03:50:12.428, 2, 82375, 97871, 100, 474.40
2026/10/09 03:50:12.428, 3, 81443, 97871, 100, 509.75
2026/10/09 03:50:13.428, 0, 80673, 97871, 92, 452.57
2026/10/09 03:50:13.428, 1, 84416, 97871, 100, 530.61
2026/10/09 03:50:13.428, 2, 82375, 97871, 100, 476.67
2026/10/09 03:50:13.428, 3, 81443, 97871, 100, 515.32
2026/10/09 03:50:14.428, 0, 80673, 97871, 99, 450.50
2026/10/09 03:50:14.429, 1, 84416, 97871, 100, 541.18
2026/10/09 03:50:14.429, 2, 82375, 97871, 100, 479.68
2026/10/09 03:50:14.429, 3, 81443, 97871, 100, 479.36
2026/10/09 03:50:15.429, 0, 80673, 97871, 99, 455.24
2026/10/09 03:50:15.429, 1, 84416, 97871, 100, 532.51
2026/10/09 03:50:15.429, 2, 82375, 97871, 95, 471.97
2026/10/09 03:50:15.429, 3, 81443, 97871, 100, 545.09
2026/10/09 03:50:16.429, 0, 80673, 97871, 99, 455.64
2026/10/09 03:50:16.429, 1, 84416, 97871, 100, 529.20
2026/10/09 03:50:16.429, 2, 82375, 97871, 100, 465.05
2026/10/09 03:50:16.429, 3, 81443, 97871, 100, 543.01
2026/10/09 03:50:17.429, 0, 80673, 97871, 99, 447.55
2026/10/09 03:50:17.429, 1, 84416, 97871, 100, 530.24
2026/10/09 03:50:17.429, 2, 82375, 97871, 100, 474.15
2026/10/09 03:50:17.429, 3, 81443, 97871, 100, 542.45
2026/10/09 03:50:18.429, 0, 80673, 97871, 99, 450.05
2026/10/09 03:50:18.430, 1, 84416, 97871, 100, 519.47
2026/10/09 03:50:18.430, 2, 82375, 97871, 0, 372.62
2026/10/09 03:50:18.430, 3, 81443, 97871, 100, 539.42
2026/10/09 03:50:19.430, 0, 80673, 97871, 99, 449.58
2026/10/09 03:50:19.430, 1, 84416, 97871, 100, 531.45
2026/10/09 03:50:19.430, 2, 82375, 97871, 0, 144.49
2026/10/09 03:50:19.430, 3, 81443, 97871, 100, 524.60
2026/10/09 03:50:20.430, 0, 80673, 97871, 99, 447.74
2026/10/09 03:50:20.430, 1, 84416, 97871, 100, 542.51
2026/10/09 03:50:20.430, 2, 82375, 97871, 100, 462.33
2026/10/09 03:50:20.430, 3, 81443, 97871, 100, 521.16
2026/10/09 03:50:21.430, 0, 80673, 97871, 99, 448.68
2026/10/09 03:50:21.430, 1, 84416, 97871, 100, 524.91
2026/10/09 03:50:21.430, 2, 82375, 97871, 100, 503.41
2026/10/09 03:50:21.430, 3, 81443, 97871, 100, 521.13
2026/10/09 03:50:22.431, 0, 80673, 97871, 99, 451.00
2026/10/09 03:50:22.431, 1, 84416, 97871, 100, 537.87
2026/10/09 03:50:22.431, 2, 82375, 97871, 100, 528.02
2026/10/09 03:50:22.431, 3, 81443, 97871, 100, 515.90
2026/10/09 03:50:23.431, 0, 80673, 97871, 99, 450.96
2026/10/09 03:50:23.431, 1, 84416, 97871, 100, 532.55
2026/10/09 03:50:23.431, 2, 82375, 97871, 100, 528.79
2026/10/09 03:50:23.431, 3, 81443, 97871, 100, 521.39
2026/10/09 03:50:24.431, 0, 80673, 97871, 99, 455.58
2026/10/09 03:50:24.431, 1, 84416, 97871, 100, 535.05
2026/10/09 03:50:24.431, 2, 82375, 97871, 100, 521.09
2026/10/09 03:50:24.431, 3, 81443, 97871, 100, 525.39
2026/10/09 03:50:25.431, 0, 80673, 97871, 91, 450.77
2026/10/09 03:50:25.431, 1, 84416, 97871, 100, 527.21
2026/10/09 03:50:25.432, 2, 82375, 97871, 100, 526.48
2026/10/09 03:50:25.432, 3, 81443, 97871, 100, 519.71
2026/10/09 03:50:26.432, 0, 80673, 97871, 91, 449.49
2026/10/09 03:50:26.432, 1, 84416, 97871, 100, 521.81
2026/10/09 03:50:26.432, 2, 82375, 97871, 100, 526.01
2026/10/09 03:50:26.432, 3, 81443, 97871, 100, 524.71
2026/10/09 03:50:27.432, 0, 80673, 97871, 99, 450.01
2026/10/09 03:50:27.432, 1, 84416, 97871, 100, 519.91
2026/10/09 03:50:27.432, 2, 82375, 97871, 100, 528.15
2026/10/09 03:50:27.432, 3, 81443, 97871, 100, 529.99
2026/10/09 03:50:28.432, 0, 80673, 97871, 99, 445.33
2026/10/09 03:50:28.432, 1, 84416, 97871, 27, 452.17
2026/10/09 03:50:28.432, 2, 82375, 97871, 100, 523.68
2026/10/09 03:50:28.432, 3, 81443, 97871, 100, 530.07
2026/10/09 03:50:29.432, 0, 80673, 97871, 99, 449.10
2026/10/09 03:50:29.433, 1, 84416, 97871, 100, 552.95
2026/10/09 03:50:29.433, 2, 82375, 97871, 100, 527.48
2026/10/09 03:50:29.433, 3, 81443, 97871, 100, 531.55
2026/10/09 03:50:30.433, 0, 80673, 97871, 96, 455.62
2026/10/09 03:50:30.433, 1, 84416, 97871, 100, 550.37
2026/10/09 03:50:30.433, 2, 82375, 97871, 100, 526.87
2026/10/09 03:50:30.433, 3, 81443, 97871, 100, 528.20
2026/10/09 03:50:31.433, 0, 80673, 97871, 99, 451.36
2026/10/09 03:50:31.433, 1, 84416, 97871, 100, 546.17
2026/10/09 03:50:31.433, 2, 82375, 97871, 100, 523.78
2026/10/09 03:50:31.433, 3, 81443, 97871, 100, 524.87
2026/10/09 03:50:32.433, 0, 80673, 97871, 99, 448.05
2026/10/09 03:50:32.433, 1, 84416, 97871, 100, 548.97
2026/10/09 03:50:32.433, 2, 82375, 97871, 100, 536.53
2026/10/09 03:50:32.433, 3, 81443, 97871, 100, 523.64
2026/10/09 03:50:33.433, 0, 80673, 97871, 99, 449.94
2026/10/09 03:50:33.433, 1, 84416, 97871, 100, 546.32
2026/10/09 03:50:33.434, 2, 82375, 97871, 100, 533.38
2026/10/09 03:50:33.434, 3, 81443, 97871, 100, 519.37
2026/10/09 03:50:34.434, 0, 80673, 97871, 99, 451.17
2026/10/09 03:50:34.434, 1, 84416, 97871, 100, 520.44
2026/10/09 03:50:34.434, 2, 82375, 97871, 100, 520.59
2026/10/09 03:50:34.434, 3, 81443, 97871, 100, 521.41
2026/10/09 03:50:35.434, 0, 80673, 97871, 99, 450.67
2026/10/09 03:50:35.434, 1, 84416, 97871, 100, 530.56
2026/10/09 03:50:35.434, 2, 82375, 97871, 100, 525.95
2026/10/09 03:50:35.434, 3, 81443, 97871, 100, 522.21
2026/10/09 03:50:36.434, 0, 80673, 97871, 99, 449.77
2026/10/09 03:50:36.434, 1, 84416, 97871, 100, 522.91
2026/10/09 03:50:36.434, 2, 82375, 97871, 100, 521.90
2026/10/09 03:50:36.434, 3, 81443, 97871, 100, 525.39
2026/10/09 03:50:37.434, 0, 80673, 97871, 100, 453.27
2026/10/09 03:50:37.434, 1, 84416, 97871, 100, 515.11
2026/10/09 03:50:37.435, 2, 82375, 97871, 100, 524.97
2026/10/09 03:50:37.435, 3, 81443, 97871, 100, 527.56
2026/10/09 03:50:38.435, 0, 80673, 97871, 99, 451.88
2026/10/09 03:50:38.435, 1, 84416, 97871, 100, 528.11
2026/10/09 03:50:38.435, 2, 82375, 97871, 100, 516.09
2026/10/09 03:50:38.435, 3, 81443, 97871, 100, 526.48
2026/10/09 03:50:39.435, 0, 80673, 97871, 0, 236.09
2026/10/09 03:50:39.435, 1, 84416, 97871, 100, 514.46
2026/10/09 03:50:39.435, 2, 82375, 97871, 100, 508.38
2026/10/09 03:50:39.435, 3, 81443, 97871, 100, 529.29
2026/10/09 03:50:40.435, 0, 80673, 97871, 0, 178.46
2026/10/09 03:50:40.435, 1, 84416, 97871, 100, 530.48
2026/10/09 03:50:40.435, 2, 82375, 97871, 100, 515.46
2026/10/09 03:50:40.435, 3, 81443, 97871, 100, 524.80
2026/10/09 03:50:41.435, 0, 80673, 97871, 100, 441.74
2026/10/09 03:50:41.435, 1, 84416, 97871, 100, 525.72
2026/10/09 03:50:41.435, 2, 82375, 97871, 100, 503.52
2026/10/09 03:50:41.435, 3, 81443, 97871, 100, 530.85
2026/10/09 03:50:42.436, 0, 80673, 97871, 93, 448.92
2026/10/09 03:50:42.436, 1, 84416, 97871, 100, 510.25
2026/10/09 03:50:42.436, 2, 82375, 97871, 100, 526.01
2026/10/09 03:50:42.436, 3, 81443, 97871, 100, 525.02
2026/10/09 03:50:43.436, 0, 80673, 97871, 100, 458.59
2026/10/09 03:50:43.436, 1, 84416, 97871, 100, 550.05
2026/10/09 03:50:43.436, 2, 82375, 97871, 100, 527.29
2026/10/09 03:50:43.436, 3, 81443, 97871, 100, 528.76
2026/10/09 03:50:44.436, 0, 80673, 97871, 92, 467.77
2026/10/09 03:50:44.436, 1, 84416, 97871, 100, 549.99
2026/10/09 03:50:44.436, 2, 82375, 97871, 100, 529.79
2026/10/09 03:50:44.436, 3, 81443, 97871, 100, 522.84
2026/10/09 03:50:45.436, 0, 80673, 97871, 94, 466.36
2026/10/09 03:50:45.436, 1, 84416, 97871, 100, 551.91
2026/10/09 03:50:45.436, 2, 82375, 97871, 100, 528.88
2026/10/09 03:50:45.436, 3, 81443, 97871, 100, 524.02
2026/10/09 03:50:46.436, 0, 80673, 97871, 95, 463.35
2026/10/09 03:50:46.437, 1, 84416, 97871, 100, 546.43
2026/10/09 03:50:46.437, 2, 82375, 97871, 100, 525.17
2026/10/09 03:50:46.437, 3, 81443, 97871, 100, 527.90
2026/10/09 03:50:47.437, 0, 80673, 97871, 99, 462.42
2026/10/09 03:50:47.437, 1, 84416, 97871, 100, 539.06
2026/10/09 03:50:47.437, 2, 82375, 97871, 100, 527.26
2026/10/09 03:50:47.437, 3, 81443, 97871, 100, 527.77
2026/10/09 03:50:48.437, 0, 80673, 97871, 95, 464.99
2026/10/09 03:50:48.437, 1, 84416, 97871, 100, 536.19
2026/10/09 03:50:48.437, 2, 82375, 97871, 100, 525.41
2026/10/09 03:50:48.437, 3, 81443, 97871, 100, 528.81
2026/10/09 03:50:49.437, 0, 80673, 97871, 96, 471.61
2026/10/09 03:50:49.437, 1, 84416, 97871, 100, 533.24
2026/10/09 03:50:49.437, 2, 82375, 97871, 100, 522.55
2026/10/09 03:50:49.437, 3, 81443, 97871, 100, 521.92
2026/10/09 03:50:50.437, 0, 80673, 97871, 99, 463.70
2026/10/09 03:50:50.437, 1, 84416, 97871, 100, 530.84
2026/10/09 03:50:50.437, 2, 82375, 97871, 100, 517.98
2026/10/09 03:50:50.437, 3, 81443, 97871, 100, 509.98
2026/10/09 03:50:51.438, 0, 80673, 97871, 96, 468.67
2026/10/09 03:50:51.438, 1, 84416, 97871, 100, 535.63
2026/10/09 03:50:51.438, 2, 82375, 97871, 100, 510.70
2026/10/09 03:50:51.438, 3, 81443, 97871, 100, 507.15
2026/10/09 03:50:52.438, 0, 80673, 97871, 99, 467.40
2026/10/09 03:50:52.438, 1, 84416, 97871, 100, 529.76
2026/10/09 03:50:52.438, 2, 82375, 97871, 100, 527.25
2026/10/09 03:50:52.438, 3, 81443, 97871, 100, 517.13
2026/10/09 03:50:53.438, 0, 80673, 97871, 98, 467.79
2026/10/09 03:50:53.438, 1, 84416, 97871, 100, 535.41
2026/10/09 03:50:53.438, 2, 82375, 97871, 100, 525.64
2026/10/09 03:50:53.438, 3, 81443, 97871, 78, 477.52
2026/10/09 03:50:54.443, 0, 80673, 97871, 99, 460.38
2026/10/09 03:50:54.443, 1, 84416, 97871, 100, 527.91
2026/10/09 03:50:54.443, 2, 82375, 97871, 100, 520.35
2026/10/09 03:50:54.443, 3, 81443, 97871, 99, 312.43
2026/10/09 03:50:55.443, 0, 80673, 97871, 96, 469.52
2026/10/09 03:50:55.443, 1, 84416, 97871, 100, 538.58
2026/10/09 03:50:55.443, 2, 82375, 97871, 72, 502.67
2026/10/09 03:50:55.443, 3, 81443, 97871, 100, 464.22
2026/10/09 03:50:56.443, 0, 80673, 97871, 100, 468.85
2026/10/09 03:50:56.443, 1, 84416, 97871, 100, 533.09
2026/10/09 03:50:56.443, 2, 82375, 97871, 100, 547.77
2026/10/09 03:50:56.443, 3, 81443, 97871, 99, 454.96
2026/10/09 03:50:57.443, 0, 80673, 97871, 98, 467.70
2026/10/09 03:50:57.443, 1, 84416, 97871, 100, 535.72
2026/10/09 03:50:57.443, 2, 82375, 97871, 100, 524.30
2026/10/09 03:50:57.443, 3, 81443, 97871, 99, 460.64
2026/10/09 03:50:58.444, 0, 80673, 97871, 91, 460.14
2026/10/09 03:50:58.444, 1, 84416, 97871, 100, 536.47
2026/10/09 03:50:58.444, 2, 82375, 97871, 100, 529.75
2026/10/09 03:50:58.444, 3, 81443, 97871, 99, 463.42
2026/10/09 03:50:59.444, 0, 80673, 97871, 99, 470.71
2026/10/09 03:50:59.444, 1, 84416, 97871, 100, 538.77
2026/10/09 03:50:59.444, 2, 82375, 97871, 100, 532.51
2026/10/09 03:50:59.444, 3, 81443, 97871, 99, 458.37
2026/10/09 03:51:00.444, 0, 80673, 97871, 99, 466.05
2026/10/09 03:51:00.444, 1, 84416, 97871, 100, 538.60
2026/10/09 03:51:00.444, 2, 82375, 97871, 100, 532.19
2026/10/09 03:51:00.444, 3, 81443, 97871, 99, 461.83
2026/10/09 03:51:01.444, 0, 80673, 97871, 99, 474.43
2026/10/09 03:51:01.444, 1, 84416, 97871, 100, 539.04
2026/10/09 03:51:01.444, 2, 82375, 97871, 100, 530.34
2026/10/09 03:51:01.444, 3, 81443, 97871, 99, 469.52
2026/10/09 03:51:02.444, 0, 80673, 97871, 99, 455.31
2026/10/09 03:51:02.445, 1, 84416, 97871, 100, 533.90
2026/10/09 03:51:02.445, 2, 82375, 97871, 100, 529.84
2026/10/09 03:51:02.445, 3, 81443, 97871, 100, 464.78
2026/10/09 03:51:03.445, 0, 80673, 97871, 98, 469.74
2026/10/09 03:51:03.445, 1, 84416, 97871, 100, 531.50
2026/10/09 03:51:03.445, 2, 82375, 97871, 100, 532.63
2026/10/09 03:51:03.445, 3, 81443, 97871, 99, 454.43
2026/10/09 03:51:04.451, 0, 80673, 97871, 100, 446.82
2026/10/09 03:51:04.451, 1, 84416, 97871, 100, 532.89
2026/10/09 03:51:04.451, 2, 82375, 97871, 100, 528.25
2026/10/09 03:51:04.451, 3, 81443, 97871, 99, 452.53
2026/10/09 03:51:05.451, 0, 80673, 97871, 100, 459.49
2026/10/09 03:51:05.451, 1, 84416, 97871, 100, 532.26
2026/10/09 03:51:05.451, 2, 82375, 97871, 100, 528.98
2026/10/09 03:51:05.451, 3, 81443, 97871, 100, 463.86
2026/10/09 03:51:06.451, 0, 80673, 97871, 0, 202.48
2026/10/09 03:51:06.451, 1, 84416, 97871, 100, 535.95
2026/10/09 03:51:06.451, 2, 82375, 97871, 100, 530.65
2026/10/09 03:51:06.451, 3, 81443, 97871, 100, 453.89
2026/10/09 03:51:07.451, 0, 80673, 97871, 100, 381.85
2026/10/09 03:51:07.451, 1, 84416, 97871, 100, 531.16
2026/10/09 03:51:07.451, 2, 82375, 97871, 100, 534.50
2026/10/09 03:51:07.452, 3, 81443, 97871, 96, 465.94
2026/10/09 03:51:08.452, 0, 80673, 97871, 100, 496.35
2026/10/09 03:51:08.452, 1, 84416, 97871, 100, 537.98
2026/10/09 03:51:08.452, 2, 82375, 97871, 100, 524.77
2026/10/09 03:51:08.452, 3, 81443, 97871, 100, 451.23
2026/10/09 03:51:09.452, 0, 80673, 97871, 97, 503.28
2026/10/09 03:51:09.452, 1, 84416, 97871, 100, 535.17
2026/10/09 03:51:09.452, 2, 82375, 97871, 100, 523.95
2026/10/09 03:51:09.452, 3, 81443, 97871, 99, 454.09
2026/10/09 03:51:10.452, 0, 80673, 97871, 99, 531.48
2026/10/09 03:51:10.452, 1, 84416, 97871, 100, 536.90
2026/10/09 03:51:10.452, 2, 82375, 97871, 100, 513.19
2026/10/09 03:51:10.452, 3, 81443, 97871, 99, 462.91
2026/10/09 03:51:11.452, 0, 80673, 97871, 100, 525.13
2026/10/09 03:51:11.452, 1, 84416, 97871, 100, 535.09
2026/10/09 03:51:11.452, 2, 82375, 97871, 100, 503.77
2026/10/09 03:51:11.452, 3, 81443, 97871, 99, 457.08
2026/10/09 03:51:12.452, 0, 80673, 97871, 94, 521.23
2026/10/09 03:51:12.453, 1, 84416, 97871, 100, 534.76
2026/10/09 03:51:12.453, 2, 82375, 97871, 100, 546.43
2026/10/09 03:51:12.453, 3, 81443, 97871, 99, 454.84
2026/10/09 03:51:13.453, 0, 80673, 97871, 98, 517.85
2026/10/09 03:51:13.453, 1, 84416, 97871, 100, 538.84
2026/10/09 03:51:13.453, 2, 82375, 97871, 100, 538.51
2026/10/09 03:51:13.453, 3, 81443, 97871, 99, 461.73
2026/10/09 03:51:14.459, 0, 80673, 97871, 100, 520.32
2026/10/09 03:51:14.459, 1, 84416, 97871, 100, 532.62
2026/10/09 03:51:14.459, 2, 82375, 97871, 100, 520.14
2026/10/09 03:51:14.459, 3, 81443, 97871, 99, 468.76
2026/10/09 03:51:15.459, 0, 80673, 97871, 100, 512.70
2026/10/09 03:51:15.459, 1, 84416, 97871, 100, 538.90
2026/10/09 03:51:15.459, 2, 82375, 97871, 100, 522.04
2026/10/09 03:51:15.459, 3, 81443, 97871, 99, 456.91
2026/10/09 03:51:16.459, 0, 80673, 97871, 100, 508.98
2026/10/09 03:51:16.459, 1, 84416, 97871, 100, 535.50
2026/10/09 03:51:16.459, 2, 82375, 97871, 100, 524.33
2026/10/09 03:51:16.459, 3, 81443, 97871, 99, 458.72
2026/10/09 03:51:17.459, 0, 80673, 97871, 99, 450.67
2026/10/09 03:51:17.460, 1, 84416, 97871, 100, 530.07
2026/10/09 03:51:17.460, 2, 82375, 97871, 100, 522.78
2026/10/09 03:51:17.460, 3, 81443, 97871, 99, 464.48
2026/10/09 03:51:18.460, 0, 80673, 97871, 100, 472.30
2026/10/09 03:51:18.460, 1, 84416, 97871, 100, 533.84
2026/10/09 03:51:18.460, 2, 82375, 97871, 100, 510.92
2026/10/09 03:51:18.460, 3, 81442, 97871, 99, 456.45
2026/10/09 03:51:19.460, 0, 80673, 97871, 100, 527.93
2026/10/09 03:51:19.460, 1, 84416, 97871, 100, 539.54
2026/10/09 03:51:19.460, 2, 82375, 97871, 100, 539.27
2026/10/09 03:51:19.460, 3, 81442, 97871, 99, 458.08
2026/10/09 03:51:20.460, 0, 80673, 97871, 100, 534.99
2026/10/09 03:51:20.460, 1, 84416, 97871, 100, 532.40
2026/10/09 03:51:20.460, 2, 82375, 97871, 100, 547.05
2026/10/09 03:51:20.460, 3, 81442, 97871, 98, 480.61
2026/10/09 03:51:21.460, 0, 80673, 97871, 100, 515.80
2026/10/09 03:51:21.460, 1, 84416, 97871, 100, 536.09
2026/10/09 03:51:21.460, 2, 82375, 97871, 100, 535.51
2026/10/09 03:51:21.460, 3, 81442, 97871, 100, 451.43
2026/10/09 03:51:22.461, 0, 80673, 97871, 100, 523.63
2026/10/09 03:51:22.461, 1, 84416, 97871, 100, 535.12
2026/10/09 03:51:22.461, 2, 82375, 97871, 100, 527.99
2026/10/09 03:51:22.461, 3, 81442, 97871, 99, 463.25
2026/10/09 03:51:23.461, 0, 80673, 97871, 100, 515.56
2026/10/09 03:51:23.462, 1, 84416, 97871, 100, 536.86
2026/10/09 03:51:23.462, 2, 82375, 97871, 100, 530.61
2026/10/09 03:51:23.462, 3, 81442, 97871, 98, 463.38
2026/10/09 03:51:24.464, 0, 80673, 97871, 100, 519.84
2026/10/09 03:51:24.464, 1, 84416, 97871, 100, 536.81
2026/10/09 03:51:24.464, 2, 82375, 97871, 100, 527.57
2026/10/09 03:51:24.464, 3, 81442, 97871, 99, 453.62
2026/10/09 03:51:25.464, 0, 80673, 97871, 98, 525.65
2026/10/09 03:51:25.464, 1, 84416, 97871, 100, 535.76
2026/10/09 03:51:25.464, 2, 82375, 97871, 100, 533.46
2026/10/09 03:51:25.464, 3, 81442, 97871, 99, 456.67
2026/10/09 03:51:26.464, 0, 80673, 97871, 100, 516.94
2026/10/09 03:51:26.464, 1, 84416, 97871, 100, 534.84
2026/10/09 03:51:26.464, 2, 82375, 97871, 100, 532.60
2026/10/09 03:51:26.464, 3, 81442, 97871, 99, 464.87
2026/10/09 03:51:27.464, 0, 80673, 97871, 100, 518.45
2026/10/09 03:51:27.464, 1, 84416, 97871, 100, 524.00
2026/10/09 03:51:27.464, 2, 82375, 97871, 100, 533.82
2026/10/09 03:51:27.464, 3, 81442, 97871, 99, 462.39
2026/10/09 03:51:28.464, 0, 80673, 97871, 100, 513.74
2026/10/09 03:51:28.465, 1, 84416, 97871, 100, 529.29
2026/10/09 03:51:28.465, 2, 82375, 97871, 100, 533.06
2026/10/09 03:51:28.465, 3, 81442, 97871, 100, 471.38
2026/10/09 03:51:29.465, 0, 80673, 97871, 100, 522.33
2026/10/09 03:51:29.465, 1, 84416, 97871, 100, 524.10
2026/10/09 03:51:29.465, 2, 82375, 97871, 100, 527.93
2026/10/09 03:51:29.465, 3, 81442, 97871, 99, 470.53
2026/10/09 03:51:30.465, 0, 80673, 97871, 99, 515.36
2026/10/09 03:51:30.465, 1, 84416, 97871, 100, 526.81
2026/10/09 03:51:30.465, 2, 82375, 97871, 100, 534.01
2026/10/09 03:51:30.465, 3, 81442, 97871, 99, 463.18
2026/10/09 03:51:31.465, 0, 80673, 97871, 100, 516.21
2026/10/09 03:51:31.465, 1, 84416, 97871, 100, 526.97
2026/10/09 03:51:31.465, 2, 82375, 97871, 100, 532.76
2026/10/09 03:51:31.465, 3, 81442, 97871, 99, 455.70
2026/10/09 03:51:32.465, 0, 80673, 97871, 100, 528.10
2026/10/09 03:51:32.465, 1, 84416, 97871, 100, 525.87
2026/10/09 03:51:32.465, 2, 82375, 97871, 100, 529.65
2026/10/09 03:51:32.465, 3, 81442, 97871, 99, 452.40
2026/10/09 03:51:33.466, 0, 80673, 97871, 100, 466.62
2026/10/09 03:51:33.466, 1, 84416, 97871, 81, 331.53
2026/10/09 03:51:33.466, 2, 82375, 97871, 100, 533.65
2026/10/09 03:51:33.466, 3, 81442, 97871, 99, 451.89
2026/10/09 03:51:34.466, 0, 80673, 97871, 100, 480.38
2026/10/09 03:51:34.466, 1, 84416, 97871, 99, 467.89
2026/10/09 03:51:34.466, 2, 82375, 97871, 100, 536.45
2026/10/09 03:51:34.466, 3, 81442, 97871, 100, 445.40
2026/10/09 03:51:35.467, 0, 80673, 97871, 100, 526.45
2026/10/09 03:51:35.467, 1, 84416, 97871, 99, 476.93
2026/10/09 03:51:35.467, 2, 82375, 97871, 100, 537.94
2026/10/09 03:51:35.467, 3, 81442, 97871, 99, 455.90
2026/10/09 03:51:36.467, 0, 80673, 97871, 100, 522.98
2026/10/09 03:51:36.467, 1, 84416, 97871, 99, 486.57
2026/10/09 03:51:36.467, 2, 82375, 97871, 100, 541.43
2026/10/09 03:51:36.467, 3, 81442, 97871, 100, 451.52
2026/10/09 03:51:37.467, 0, 80673, 97871, 100, 521.85
2026/10/09 03:51:37.467, 1, 84416, 97871, 99, 481.40
2026/10/09 03:51:37.467, 2, 82375, 97871, 100, 534.93
2026/10/09 03:51:37.467, 3, 81442, 97871, 99, 445.80
2026/10/09 03:51:38.467, 0, 80673, 97871, 100, 525.16
2026/10/09 03:51:38.467, 1, 84416, 97871, 100, 480.79
2026/10/09 03:51:38.467, 2, 82375, 97871, 100, 536.76
2026/10/09 03:51:38.467, 3, 81442, 97871, 99, 451.63
2026/10/09 03:51:39.467, 0, 80673, 97871, 100, 463.27
2026/10/09 03:51:39.468, 1, 84416, 97871, 99, 476.69
2026/10/09 03:51:39.468, 2, 82375, 97871, 100, 527.10
2026/10/09 03:51:39.468, 3, 81442, 97871, 99, 451.77
2026/10/09 03:51:40.468, 0, 80673, 97871, 100, 534.53
2026/10/09 03:51:40.468, 1, 84416, 97871, 99, 484.45
2026/10/09 03:51:40.468, 2, 82375, 97871, 100, 536.40
2026/10/09 03:51:40.468, 3, 81442, 97871, 99, 452.17
2026/10/09 03:51:41.468, 0, 80673, 97871, 100, 523.98
2026/10/09 03:51:41.468, 1, 84416, 97871, 99, 489.64
2026/10/09 03:51:41.468, 2, 82375, 97871, 100, 533.72
2026/10/09 03:51:41.468, 3, 81442, 97871, 99, 456.70
2026/10/09 03:51:42.468, 0, 80673, 97871, 100, 516.60
2026/10/09 03:51:42.468, 1, 84416, 97871, 99, 480.24
2026/10/09 03:51:42.468, 2, 82375, 97871, 100, 532.58
2026/10/09 03:51:42.468, 3, 81442, 97871, 99, 456.64
2026/10/09 03:51:43.469, 0, 80673, 97871, 100, 517.29
2026/10/09 03:51:43.469, 1, 84416, 97871, 99, 475.89
2026/10/09 03:51:43.470, 2, 82375, 97871, 100, 522.35
2026/10/09 03:51:43.471, 3, 81442, 97871, 99, 451.44
2026/10/09 03:51:44.471, 0, 80673, 97871, 100, 516.03
2026/10/09 03:51:44.471, 1, 84416, 97871, 99, 485.08
2026/10/09 03:51:44.471, 2, 82375, 97871, 100, 524.18
2026/10/09 03:51:44.471, 3, 81442, 97871, 99, 448.33
2026/10/09 03:51:45.471, 0, 80673, 97871, 100, 518.25
2026/10/09 03:51:45.471, 1, 84416, 97871, 100, 478.48
2026/10/09 03:51:45.471, 2, 82375, 97871, 100, 519.49
2026/10/09 03:51:45.471, 3, 81442, 97871, 99, 457.32
2026/10/09 03:51:46.471, 0, 80673, 97871, 100, 527.40
2026/10/09 03:51:46.471, 1, 84416, 97871, 99, 477.06
2026/10/09 03:51:46.471, 2, 82375, 97871, 2, 459.11
2026/10/09 03:51:46.471, 3, 81442, 97871, 99, 455.56
2026/10/09 03:51:47.472, 0, 80673, 97871, 100, 521.89
2026/10/09 03:51:47.472, 1, 84416, 97871, 99, 477.81
2026/10/09 03:51:47.472, 2, 82375, 97871, 100, 540.40
2026/10/09 03:51:47.472, 3, 81442, 97871, 99, 446.68
2026/10/09 03:51:48.472, 0, 80673, 97871, 100, 518.18
2026/10/09 03:51:48.472, 1, 84416, 97871, 99, 483.59
2026/10/09 03:51:48.472, 2, 82375, 97871, 100, 549.32
2026/10/09 03:51:48.472, 3, 81442, 97871, 99, 454.51
2026/10/09 03:51:49.472, 0, 80673, 97871, 100, 515.59
2026/10/09 03:51:49.472, 1, 84416, 97871, 99, 482.33
2026/10/09 03:51:49.472, 2, 82375, 97871, 100, 550.83
2026/10/09 03:51:49.472, 3, 81442, 97871, 99, 452.95
2026/10/09 03:51:50.472, 0, 80673, 97871, 100, 514.36
2026/10/09 03:51:50.472, 1, 84416, 97871, 99, 481.01
2026/10/09 03:51:50.472, 2, 82375, 97871, 100, 546.68
2026/10/09 03:51:50.472, 3, 81442, 97871, 100, 450.64
2026/10/09 03:51:51.473, 0, 80673, 97871, 100, 518.01
2026/10/09 03:51:51.473, 1, 84416, 97871, 99, 473.60
2026/10/09 03:51:51.473, 2, 82375, 97871, 100, 544.46
2026/10/09 03:51:51.473, 3, 81442, 97871, 99, 454.79
2026/10/09 03:51:52.473, 0, 80673, 97871, 100, 518.58
2026/10/09 03:51:52.473, 1, 84416, 97871, 96, 498.21
2026/10/09 03:51:52.473, 2, 82375, 97871, 100, 523.42
2026/10/09 03:51:52.473, 3, 81442, 97871, 96, 455.68
2026/10/09 03:51:53.473, 0, 80673, 97871, 100, 521.66
2026/10/09 03:51:53.473, 1, 84416, 97871, 99, 477.37
2026/10/09 03:51:53.473, 2, 82375, 97871, 100, 526.79
2026/10/09 03:51:53.479, 3, 81442, 97871, 99, 446.40
2026/10/09 03:51:54.480, 0, 80673, 97871, 100, 516.30
2026/10/09 03:51:54.480, 1, 84416, 97871, 98, 497.67
2026/10/09 03:51:54.480, 2, 82375, 97871, 100, 523.37
2026/10/09 03:51:54.480, 3, 81442, 97871, 99, 451.28
2026/10/09 03:51:55.480, 0, 80673, 97871, 100, 515.80
2026/10/09 03:51:55.480, 1, 84416, 97871, 99, 467.95
2026/10/09 03:51:55.480, 2, 82375, 97871, 100, 524.62
2026/10/09 03:51:55.480, 3, 81442, 97871, 96, 454.17
2026/10/09 03:51:56.480, 0, 80673, 97871, 100, 516.69
2026/10/09 03:51:56.480, 1, 84416, 97871, 99, 481.26
2026/10/09 03:51:56.480, 2, 82375, 97871, 100, 526.24
2026/10/09 03:51:56.480, 3, 81442, 97871, 99, 445.38
2026/10/09 03:51:57.480, 0, 80673, 97871, 100, 521.98
2026/10/09 03:51:57.480, 1, 84416, 97871, 99, 498.46
2026/10/09 03:51:57.480, 2, 82375, 97871, 100, 522.35
2026/10/09 03:51:57.480, 3, 81442, 97871, 99, 452.48
2026/10/09 03:51:58.481, 0, 80673, 97871, 100, 497.15
2026/10/09 03:51:58.481, 1, 84416, 97871, 99, 475.55
2026/10/09 03:51:58.481, 2, 82375, 97871, 100, 526.71
2026/10/09 03:51:58.481, 3, 81442, 97871, 99, 452.51
2026/10/09 03:51:59.481, 0, 80673, 97871, 100, 395.72
2026/10/09 03:51:59.481, 1, 84416, 97871, 99, 478.93
2026/10/09 03:51:59.481, 2, 82375, 97871, 100, 520.08
2026/10/09 03:51:59.481, 3, 81442, 97871, 99, 452.54
2026/10/09 03:52:00.481, 0, 80673, 97871, 100, 529.58
2026/10/09 03:52:00.481, 1, 84416, 97871, 99, 486.95
2026/10/09 03:52:00.481, 2, 82375, 97871, 100, 483.20
2026/10/09 03:52:00.481, 3, 81442, 97871, 99, 445.38
2026/10/09 03:52:01.481, 0, 80673, 97871, 100, 531.36
2026/10/09 03:52:01.481, 1, 84416, 97871, 99, 471.94
2026/10/09 03:52:01.481, 2, 82375, 97871, 100, 562.09
2026/10/09 03:52:01.481, 3, 81442, 97871, 99, 454.75
2026/10/09 03:52:02.481, 0, 80673, 97871, 100, 526.72
2026/10/09 03:52:02.482, 1, 84416, 97871, 99, 492.44
2026/10/09 03:52:02.482, 2, 82375, 97871, 100, 549.82
2026/10/09 03:52:02.482, 3, 81442, 97871, 99, 454.95
2026/10/09 03:52:03.482, 0, 80673, 97871, 100, 528.41
2026/10/09 03:52:03.482, 1, 84416, 97871, 100, 484.08
2026/10/09 03:52:03.482, 2, 82375, 97871, 100, 549.78
2026/10/09 03:52:03.488, 3, 81442, 97871, 99, 453.50
2026/10/09 03:52:04.488, 0, 80673, 97871, 100, 517.00
2026/10/09 03:52:04.488, 1, 84416, 97871, 99, 479.11
2026/10/09 03:52:04.488, 2, 82375, 97871, 100, 548.62
2026/10/09 03:52:04.488, 3, 81442, 97871, 100, 456.05
2026/10/09 03:52:05.489, 0, 80673, 97871, 100, 518.23
2026/10/09 03:52:05.489, 1, 84416, 97871, 98, 489.74
2026/10/09 03:52:05.489, 2, 82375, 97871, 100, 545.10
2026/10/09 03:52:05.489, 3, 81442, 97871, 100, 453.94
2026/10/09 03:52:06.489, 0, 80673, 97871, 100, 518.57
2026/10/09 03:52:06.489, 1, 84416, 97871, 99, 477.91
2026/10/09 03:52:06.489, 2, 82375, 97871, 100, 522.68
2026/10/09 03:52:06.489, 3, 81442, 97871, 99, 454.08
2026/10/09 03:52:07.489, 0, 80673, 97871, 100, 517.52
2026/10/09 03:52:07.489, 1, 84416, 97871, 99, 480.04
2026/10/09 03:52:07.489, 2, 82375, 97871, 100, 531.77
2026/10/09 03:52:07.489, 3, 81442, 97871, 99, 451.09
2026/10/09 03:52:08.489, 0, 80673, 97871, 0, 241.01
2026/10/09 03:52:08.489, 1, 84416, 97871, 98, 479.64
2026/10/09 03:52:08.489, 2, 82375, 97871, 100, 533.37
2026/10/09 03:52:08.489, 3, 81442, 97871, 99, 452.74
2026/10/09 03:52:09.489, 0, 80673, 97871, 100, 446.88
2026/10/09 03:52:09.489, 1, 84416, 97871, 99, 475.96
2026/10/09 03:52:09.490, 2, 82375, 97871, 100, 530.97
2026/10/09 03:52:09.490, 3, 81442, 97871, 99, 451.43
2026/10/09 03:52:10.490, 0, 80673, 97871, 100, 531.80
2026/10/09 03:52:10.490, 1, 84416, 97871, 99, 472.61
2026/10/09 03:52:10.490, 2, 82375, 97871, 100, 540.93
2026/10/09 03:52:10.490, 3, 81442, 97871, 99, 452.14
2026/10/09 03:52:11.490, 0, 80673, 97871, 100, 530.35
2026/10/09 03:52:11.490, 1, 84416, 97871, 99, 475.79
2026/10/09 03:52:11.490, 2, 82375, 97871, 100, 536.51
2026/10/09 03:52:11.490, 3, 81442, 97871, 99, 454.47
2026/10/09 03:52:12.490, 0, 80673, 97871, 100, 529.74
2026/10/09 03:52:12.490, 1, 84416, 97871, 99, 473.07
2026/10/09 03:52:12.490, 2, 82375, 97871, 100, 534.33
2026/10/09 03:52:12.490, 3, 81442, 97871, 99, 455.27
2026/10/09 03:52:13.490, 0, 80673, 97871, 100, 527.28
2026/10/09 03:52:13.490, 1, 84416, 97871, 99, 475.52
2026/10/09 03:52:13.490, 2, 82375, 97871, 100, 532.79
2026/10/09 03:52:13.501, 3, 81442, 97871, 100, 457.50
2026/10/09 03:52:14.501, 0, 80673, 97871, 100, 517.45
2026/10/09 03:52:14.501, 1, 84416, 97871, 99, 473.58
2026/10/09 03:52:14.501, 2, 82375, 97871, 100, 539.31
2026/10/09 03:52:14.501, 3, 81442, 97871, 98, 454.34
2026/10/09 03:52:15.501, 0, 80673, 97871, 100, 515.85
2026/10/09 03:52:15.501, 1, 84416, 97871, 98, 484.04
2026/10/09 03:52:15.501, 2, 82375, 97871, 100, 537.72
2026/10/09 03:52:15.501, 3, 81442, 97871, 99, 451.06
2026/10/09 03:52:16.501, 0, 80673, 97871, 100, 520.42
2026/10/09 03:52:16.501, 1, 84416, 97871, 99, 477.74
2026/10/09 03:52:16.501, 2, 82375, 97871, 100, 540.20
2026/10/09 03:52:16.501, 3, 81442, 97871, 99, 452.70
2026/10/09 03:52:17.501, 0, 80673, 97871, 100, 520.34
2026/10/09 03:52:17.501, 1, 84416, 97871, 96, 478.28
2026/10/09 03:52:17.501, 2, 82375, 97871, 100, 540.05
2026/10/09 03:52:17.501, 3, 81442, 97871, 100, 452.99
2026/10/09 03:52:18.502, 0, 80673, 97871, 100, 516.92
2026/10/09 03:52:18.502, 1, 84416, 97871, 99, 464.39
2026/10/09 03:52:18.502, 2, 82375, 97871, 100, 540.53
2026/10/09 03:52:18.502, 3, 81442, 97871, 99, 452.42
2026/10/09 03:52:19.502, 0, 80673, 97871, 100, 519.01
2026/10/09 03:52:19.502, 1, 84416, 97871, 99, 478.74
2026/10/09 03:52:19.502, 2, 82375, 97871, 100, 541.16
2026/10/09 03:52:19.502, 3, 81442, 97871, 100, 454.53
2026/10/09 03:52:20.502, 0, 80673, 97871, 100, 523.89
2026/10/09 03:52:20.502, 1, 84416, 97871, 99, 472.85
2026/10/09 03:52:20.502, 2, 82375, 97871, 100, 537.10
2026/10/09 03:52:20.502, 3, 81442, 97871, 99, 453.28
2026/10/09 03:52:21.502, 0, 80673, 97871, 100, 518.86
2026/10/09 03:52:21.502, 1, 84416, 97871, 99, 474.02
2026/10/09 03:52:21.502, 2, 82375, 97871, 100, 539.79
2026/10/09 03:52:21.502, 3, 81442, 97871, 99, 454.99
2026/10/09 03:52:22.503, 0, 80673, 97871, 100, 519.86
2026/10/09 03:52:22.503, 1, 84416, 97871, 99, 469.90
2026/10/09 03:52:22.503, 2, 82375, 97871, 100, 539.32
2026/10/09 03:52:22.503, 3, 81442, 97871, 99, 457.15
2026/10/09 03:52:23.503, 0, 80673, 97871, 100, 519.78
2026/10/09 03:52:23.503, 1, 84416, 97871, 100, 482.45
2026/10/09 03:52:23.503, 2, 82375, 97871, 100, 538.30
2026/10/09 03:52:23.507, 3, 81442, 97871, 99, 441.45
2026/10/09 03:52:24.507, 0, 80673, 97871, 100, 532.27
2026/10/09 03:52:24.507, 1, 84416, 97871, 99, 466.10
2026/10/09 03:52:24.508, 2, 82375, 97871, 100, 529.96
2026/10/09 03:52:24.508, 3, 81442, 97871, 99, 454.39
2026/10/09 03:52:25.508, 0, 80673, 97871, 100, 529.37
2026/10/09 03:52:25.508, 1, 84416, 97871, 99, 470.93
2026/10/09 03:52:25.508, 2, 82375, 97871, 100, 537.03
2026/10/09 03:52:25.508, 3, 81442, 97871, 99, 452.90
2026/10/09 03:52:26.508, 0, 80673, 97871, 100, 525.45
2026/10/09 03:52:26.508, 1, 84416, 97871, 99, 480.72
2026/10/09 03:52:26.508, 2, 82375, 97871, 100, 532.78
2026/10/09 03:52:26.508, 3, 81442, 97871, 97, 454.52
2026/10/09 03:52:27.508, 0, 80673, 97871, 100, 515.48
2026/10/09 03:52:27.508, 1, 84416, 97871, 99, 475.75
2026/10/09 03:52:27.508, 2, 82375, 97871, 100, 527.21
2026/10/09 03:52:27.508, 3, 81442, 97871, 99, 444.70
2026/10/09 03:52:28.508, 0, 80673, 97871, 100, 511.83
2026/10/09 03:52:28.508, 1, 84416, 97871, 99, 480.70
2026/10/09 03:52:28.508, 2, 82375, 97871, 100, 534.35
2026/10/09 03:52:28.508, 3, 81442, 97871, 99, 452.62
2026/10/09 03:52:29.508, 0, 80673, 97871, 100, 518.97
2026/10/09 03:52:29.509, 1, 84416, 97871, 99, 486.45
2026/10/09 03:52:29.509, 2, 82375, 97871, 100, 538.89
2026/10/09 03:52:29.509, 3, 81442, 97871, 99, 455.14
2026/10/09 03:52:30.509, 0, 80673, 97871, 100, 517.04
2026/10/09 03:52:30.509, 1, 84416, 97871, 99, 471.24
2026/10/09 03:52:30.509, 2, 82375, 97871, 100, 534.77
2026/10/09 03:52:30.509, 3, 81442, 97871, 99, 454.63
2026/10/09 03:52:31.509, 0, 80673, 97871, 100, 517.11
2026/10/09 03:52:31.509, 1, 84416, 97871, 97, 481.86
2026/10/09 03:52:31.509, 2, 82375, 97871, 100, 533.36
2026/10/09 03:52:31.509, 3, 81442, 97871, 99, 444.80
2026/10/09 03:52:32.509, 0, 80673, 97871, 100, 519.39
2026/10/09 03:52:32.509, 1, 84416, 97871, 99, 464.14
2026/10/09 03:52:32.509, 2, 82375, 97871, 100, 540.71
2026/10/09 03:52:32.509, 3, 81442, 97871, 99, 453.23
2026/10/09 03:52:33.509, 0, 80673, 97871, 100, 519.91
2026/10/09 03:52:33.509, 1, 84416, 97871, 100, 478.72
2026/10/09 03:52:33.509, 2, 82375, 97871, 100, 533.11
2026/10/09 03:52:33.520, 3, 81442, 97871, 100, 450.55
2026/10/09 03:52:34.521, 0, 80673, 97871, 100, 520.02
2026/10/09 03:52:34.521, 1, 84416, 97871, 97, 478.57
2026/10/09 03:52:34.521, 2, 82375, 97871, 100, 532.31
2026/10/09 03:52:34.521, 3, 81442, 97871, 100, 456.43
2026/10/09 03:52:35.521, 0, 80673, 97871, 100, 520.08
2026/10/09 03:52:35.521, 1, 84416, 97871, 99, 474.60
2026/10/09 03:52:35.521, 2, 82375, 97871, 100, 532.80
2026/10/09 03:52:35.521, 3, 81442, 97871, 99, 446.96
2026/10/09 03:52:36.521, 0, 80673, 97871, 100, 530.80
2026/10/09 03:52:36.521, 1, 84416, 97871, 99, 474.90
2026/10/09 03:52:36.521, 2, 82375, 97871, 100, 533.37
2026/10/09 03:52:36.521, 3, 81442, 97871, 99, 451.62
2026/10/09 03:52:37.521, 0, 80673, 97871, 100, 525.88
2026/10/09 03:52:37.521, 1, 84416, 97871, 99, 477.42
2026/10/09 03:52:37.521, 2, 82375, 97871, 100, 539.25
2026/10/09 03:52:37.521, 3, 81442, 97871, 100, 452.11
2026/10/09 03:52:38.521, 0, 80673, 97871, 100, 517.43
2026/10/09 03:52:38.522, 1, 84416, 97871, 100, 477.73
2026/10/09 03:52:38.522, 2, 82375, 97871, 100, 540.91
2026/10/09 03:52:38.522, 3, 81442, 97871, 99, 444.66
2026/10/09 03:52:39.522, 0, 80673, 97871, 100, 517.21
2026/10/09 03:52:39.522, 1, 84416, 97871, 96, 472.74
2026/10/09 03:52:39.522, 2, 82375, 97871, 100, 538.05
2026/10/09 03:52:39.522, 3, 81442, 97871, 99, 449.58
2026/10/09 03:52:40.522, 0, 80673, 97871, 100, 522.38
2026/10/09 03:52:40.522, 1, 84416, 97871, 99, 483.26
2026/10/09 03:52:40.522, 2, 82375, 97871, 100, 533.58
2026/10/09 03:52:40.522, 3, 81442, 97871, 99, 454.34
2026/10/09 03:52:41.522, 0, 80673, 97871, 100, 517.29
2026/10/09 03:52:41.522, 1, 84416, 97871, 99, 475.69
2026/10/09 03:52:41.522, 2, 82375, 97871, 100, 537.88
2026/10/09 03:52:41.522, 3, 81442, 97871, 99, 445.90
2026/10/09 03:52:42.523, 0, 80673, 97871, 100, 518.38
2026/10/09 03:52:42.523, 1, 84416, 97871, 99, 484.85
2026/10/09 03:52:42.523, 2, 82375, 97871, 100, 538.81
2026/10/09 03:52:42.523, 3, 81442, 97871, 99, 452.49
2026/10/09 03:52:43.523, 0, 80673, 97871, 100, 518.74
2026/10/09 03:52:43.523, 1, 84416, 97871, 99, 473.82
2026/10/09 03:52:43.523, 2, 82375, 97871, 100, 537.39
2026/10/09 03:52:43.529, 3, 81442, 97871, 99, 451.10
2026/10/09 03:52:44.529, 0, 80673, 97871, 100, 444.93
2026/10/09 03:52:44.529, 1, 84416, 97871, 99, 475.64
2026/10/09 03:52:44.529, 2, 82375, 97871, 100, 537.34
2026/10/09 03:52:44.529, 3, 81442, 97871, 99, 444.92
2026/10/09 03:52:45.529, 0, 80673, 97871, 99, 315.22
2026/10/09 03:52:45.530, 1, 84416, 97871, 99, 473.94
2026/10/09 03:52:45.530, 2, 82375, 97871, 100, 540.11
2026/10/09 03:52:45.530, 3, 81442, 97871, 99, 449.29
2026/10/09 03:52:46.530, 0, 80673, 97871, 99, 454.99
2026/10/09 03:52:46.530, 1, 84416, 97871, 99, 478.88
2026/10/09 03:52:46.530, 2, 82375, 97871, 100, 528.09
2026/10/09 03:52:46.530, 3, 81442, 97871, 99, 453.34
2026/10/09 03:52:47.530, 0, 80673, 97871, 97, 458.69
2026/10/09 03:52:47.530, 1, 84416, 97871, 99, 475.19
2026/10/09 03:52:47.530, 2, 82375, 97871, 100, 528.98
2026/10/09 03:52:47.530, 3, 81442, 97871, 100, 441.08
2026/10/09 03:52:48.530, 0, 80673, 97871, 99, 449.52
2026/10/09 03:52:48.530, 1, 84416, 97871, 99, 475.51
2026/10/09 03:52:48.530, 2, 82375, 97871, 100, 528.80
2026/10/09 03:52:48.530, 3, 81442, 97871, 99, 453.38
2026/10/09 03:52:49.531, 0, 80673, 97871, 99, 461.66
2026/10/09 03:52:49.531, 1, 84416, 97871, 99, 477.79
2026/10/09 03:52:49.531, 2, 82375, 97871, 100, 522.96
2026/10/09 03:52:49.531, 3, 81442, 97871, 99, 455.29
2026/10/09 03:52:50.531, 0, 80673, 97871, 99, 461.72
2026/10/09 03:52:50.531, 1, 84416, 97871, 99, 475.88
2026/10/09 03:52:50.531, 2, 82375, 97871, 100, 517.40
2026/10/09 03:52:50.531, 3, 81442, 97871, 99, 454.35
2026/10/09 03:52:51.531, 0, 80673, 97871, 99, 457.10
2026/10/09 03:52:51.531, 1, 84416, 97871, 99, 478.00
2026/10/09 03:52:51.531, 2, 82375, 97871, 100, 532.53
2026/10/09 03:52:51.531, 3, 81442, 97871, 99, 456.68
2026/10/09 03:52:52.531, 0, 80673, 97871, 99, 456.61
2026/10/09 03:52:52.531, 1, 84416, 97871, 99, 480.44
2026/10/09 03:52:52.532, 2, 82375, 97871, 100, 524.54
2026/10/09 03:52:52.532, 3, 81442, 97871, 97, 452.84
2026/10/09 03:52:53.532, 0, 80673, 97871, 99, 457.33
2026/10/09 03:52:53.532, 1, 84416, 97871, 99, 485.66
2026/10/09 03:52:53.532, 2, 82375, 97871, 0, 335.68
2026/10/09 03:52:53.551, 3, 81442, 97871, 99, 448.51
2026/10/09 03:52:54.551, 0, 80673, 97871, 99, 454.99
2026/10/09 03:52:54.551, 1, 84416, 97871, 99, 481.25
2026/10/09 03:52:54.551, 2, 82375, 97871, 100, 482.81
2026/10/09 03:52:54.551, 3, 81442, 97871, 99, 447.43
2026/10/09 03:52:55.551, 0, 80673, 97871, 99, 461.81
2026/10/09 03:52:55.551, 1, 84416, 97871, 99, 483.03
2026/10/09 03:52:55.551, 2, 82375, 97871, 100, 485.89
2026/10/09 03:52:55.551, 3, 81442, 97871, 99, 453.05
2026/10/09 03:52:56.552, 0, 80673, 97871, 99, 461.04
2026/10/09 03:52:56.552, 1, 84416, 97871, 99, 476.49
2026/10/09 03:52:56.552, 2, 82375, 97871, 100, 488.41
2026/10/09 03:52:56.552, 3, 81442, 97871, 99, 453.73
2026/10/09 03:52:57.552, 0, 80673, 97871, 93, 465.98
2026/10/09 03:52:57.552, 1, 84416, 97871, 99, 472.57
2026/10/09 03:52:57.552, 2, 82375, 97871, 100, 480.94
2026/10/09 03:52:57.552, 3, 81442, 97871, 99, 449.80
2026/10/09 03:52:58.552, 0, 80673, 97871, 100, 448.15
2026/10/09 03:52:58.552, 1, 84416, 97871, 99, 472.45
2026/10/09 03:52:58.552, 2, 82375, 97871, 100, 482.12
2026/10/09 03:52:58.552, 3, 81442, 97871, 99, 449.40
2026/10/09 03:52:59.552, 0, 80673, 97871, 100, 474.58
2026/10/09 03:52:59.552, 1, 84416, 97871, 99, 481.78
2026/10/09 03:52:59.552, 2, 82375, 97871, 100, 482.87
2026/10/09 03:52:59.553, 3, 81442, 97871, 100, 454.67
2026/10/09 03:53:00.553, 0, 80673, 97871, 100, 453.17
2026/10/09 03:53:00.553, 1, 84416, 97871, 99, 482.07
2026/10/09 03:53:00.553, 2, 82375, 97871, 100, 493.45
2026/10/09 03:53:00.553, 3, 81442, 97871, 99, 454.02
2026/10/09 03:53:01.553, 0, 80673, 97871, 99, 458.75
2026/10/09 03:53:01.553, 1, 84416, 97871, 99, 472.91
2026/10/09 03:53:01.553, 2, 82375, 97871, 100, 486.55
2026/10/09 03:53:01.553, 3, 81442, 97871, 97, 452.83
2026/10/09 03:53:02.553, 0, 80673, 97871, 99, 466.56
2026/10/09 03:53:02.553, 1, 84416, 97871, 99, 476.88
2026/10/09 03:53:02.553, 2, 82375, 97871, 100, 506.36
2026/10/09 03:53:02.553, 3, 81442, 97871, 99, 444.81
2026/10/09 03:53:03.553, 0, 80673, 97871, 99, 457.74
2026/10/09 03:53:03.553, 1, 84416, 97871, 100, 479.98
2026/10/09 03:53:03.554, 2, 82375, 97871, 100, 488.59
2026/10/09 03:53:03.560, 3, 81442, 97871, 99, 452.51
2026/10/09 03:53:04.560, 0, 80673, 97871, 100, 460.48
2026/10/09 03:53:04.561, 1, 84416, 97871, 99, 469.04
2026/10/09 03:53:04.561, 2, 82375, 97871, 100, 509.47
2026/10/09 03:53:04.561, 3, 81442, 97871, 61, 428.56
2026/10/09 03:53:05.561, 0, 80673, 97871, 100, 451.80
2026/10/09 03:53:05.561, 1, 84416, 97871, 99, 478.42
2026/10/09 03:53:05.561, 2, 82375, 97871, 100, 481.33
2026/10/09 03:53:05.561, 3, 81442, 97871, 100, 529.86
2026/10/09 03:53:06.561, 0, 80673, 97871, 99, 460.48
2026/10/09 03:53:06.561, 1, 84416, 97871, 99, 486.90
2026/10/09 03:53:06.561, 2, 82375, 97871, 100, 486.28
2026/10/09 03:53:06.561, 3, 81442, 97871, 100, 517.18
2026/10/09 03:53:07.561, 0, 80673, 97871, 99, 459.68
2026/10/09 03:53:07.561, 1, 84416, 97871, 99, 476.73
2026/10/09 03:53:07.561, 2, 82375, 97871, 100, 492.18
2026/10/09 03:53:07.561, 3, 81442, 97871, 100, 523.56
2026/10/09 03:53:08.561, 0, 80673, 97871, 99, 450.95
2026/10/09 03:53:08.562, 1, 84416, 97871, 99, 467.22
2026/10/09 03:53:08.562, 2, 82375, 97871, 100, 487.50
2026/10/09 03:53:08.562, 3, 81442, 97871, 100, 522.05
2026/10/09 03:53:09.562, 0, 80673, 97871, 99, 461.74
2026/10/09 03:53:09.562, 1, 84416, 97871, 99, 467.45
2026/10/09 03:53:09.562, 2, 82375, 97871, 100, 485.10
2026/10/09 03:53:09.562, 3, 81442, 97871, 100, 520.72
2026/10/09 03:53:10.562, 0, 80673, 97871, 99, 458.61
2026/10/09 03:53:10.562, 1, 84416, 97871, 99, 475.30
2026/10/09 03:53:10.562, 2, 82375, 97871, 100, 487.61
2026/10/09 03:53:10.562, 3, 81442, 97871, 100, 530.84
2026/10/09 03:53:11.562, 0, 80673, 97871, 95, 458.79
2026/10/09 03:53:11.562, 1, 84416, 97871, 99, 477.69
2026/10/09 03:53:11.562, 2, 82375, 97871, 100, 483.70
2026/10/09 03:53:11.562, 3, 81442, 97871, 100, 523.07
2026/10/09 03:53:12.562, 0, 80673, 97871, 95, 461.88
2026/10/09 03:53:12.563, 1, 84416, 97871, 99, 467.54
2026/10/09 03:53:12.563, 2, 82375, 97871, 100, 487.03
2026/10/09 03:53:12.563, 3, 81442, 97871, 100, 514.99
2026/10/09 03:53:13.563, 0, 80673, 97871, 95, 460.42
2026/10/09 03:53:13.563, 1, 84416, 97871, 99, 477.91
2026/10/09 03:53:13.563, 2, 82375, 97871, 100, 501.26
2026/10/09 03:53:13.570, 3, 81442, 97871, 100, 524.66
2026/10/09 03:53:14.570, 0, 80673, 97871, 99, 450.23
2026/10/09 03:53:14.570, 1, 84416, 97871, 99, 471.35
2026/10/09 03:53:14.570, 2, 82375, 97871, 100, 490.57
2026/10/09 03:53:14.570, 3, 81442, 97871, 100, 522.29
2026/10/09 03:53:15.570, 0, 80673, 97871, 99, 459.93
2026/10/09 03:53:15.570, 1, 84416, 97871, 99, 485.94
2026/10/09 03:53:15.570, 2, 82375, 97871, 100, 483.90
2026/10/09 03:53:15.570, 3, 81442, 97871, 100, 518.70
2026/10/09 03:53:16.570, 0, 80673, 97871, 99, 454.99
2026/10/09 03:53:16.570, 1, 84416, 97871, 99, 469.10
2026/10/09 03:53:16.570, 2, 82375, 97871, 100, 483.95
2026/10/09 03:53:16.570, 3, 81442, 97871, 100, 517.66
2026/10/09 03:53:17.570, 0, 80673, 97871, 99, 452.59
2026/10/09 03:53:17.571, 1, 84416, 97871, 99, 475.71
2026/10/09 03:53:17.571, 2, 82375, 97871, 100, 496.24
2026/10/09 03:53:17.571, 3, 81442, 97871, 100, 518.73
2026/10/09 03:53:18.571, 0, 80673, 97871, 99, 458.63
2026/10/09 03:53:18.571, 1, 84416, 97871, 99, 476.88
2026/10/09 03:53:18.571, 2, 82375, 97871, 100, 492.64
2026/10/09 03:53:18.571, 3, 81442, 97871, 100, 522.63
2026/10/09 03:53:19.571, 0, 80673, 97871, 99, 459.02
2026/10/09 03:53:19.571, 1, 84416, 97871, 100, 489.11
2026/10/09 03:53:19.571, 2, 82374, 97871, 100, 508.30
2026/10/09 03:53:19.571, 3, 81442, 97871, 100, 521.68
2026/10/09 03:53:20.571, 0, 80673, 97871, 100, 462.74
2026/10/09 03:53:20.571, 1, 84416, 97871, 99, 470.32
2026/10/09 03:53:20.571, 2, 82374, 97871, 100, 481.52
2026/10/09 03:53:20.571, 3, 81442, 97871, 100, 526.65
2026/10/09 03:53:21.571, 0, 80673, 97871, 99, 459.69
2026/10/09 03:53:21.572, 1, 84416, 97871, 99, 477.14
2026/10/09 03:53:21.572, 2, 82374, 97871, 100, 484.40
2026/10/09 03:53:21.572, 3, 81442, 97871, 100, 517.22
2026/10/09 03:53:22.572, 0, 80673, 97871, 90, 463.69
2026/10/09 03:53:22.572, 1, 84416, 97871, 99, 474.22
2026/10/09 03:53:22.572, 2, 82374, 97871, 100, 494.98
2026/10/09 03:53:22.572, 3, 81442, 97871, 100, 519.36
2026/10/09 03:53:23.572, 0, 80673, 97871, 100, 462.20
2026/10/09 03:53:23.572, 1, 84416, 97871, 99, 472.82
2026/10/09 03:53:23.572, 2, 82374, 97871, 100, 490.68
2026/10/09 03:53:23.583, 3, 81442, 97871, 100, 525.62
2026/10/09 03:53:24.583, 0, 80673, 97871, 99, 453.92
2026/10/09 03:53:24.583, 1, 84416, 97871, 99, 478.91
2026/10/09 03:53:24.583, 2, 82374, 97871, 100, 483.07
2026/10/09 03:53:24.583, 3, 81442, 97871, 100, 520.40
2026/10/09 03:53:25.583, 0, 80673, 97871, 93, 466.79
2026/10/09 03:53:25.584, 1, 84416, 97871, 99, 470.52
2026/10/09 03:53:25.584, 2, 82374, 97871, 100, 486.42
2026/10/09 03:53:25.584, 3, 81442, 97871, 100, 519.20
2026/10/09 03:53:26.584, 0, 80673, 97871, 99, 446.46
2026/10/09 03:53:26.584, 1, 84416, 97871, 99, 472.11
2026/10/09 03:53:26.584, 2, 82374, 97871, 100, 497.37
2026/10/09 03:53:26.584, 3, 81442, 97871, 100, 525.96
2026/10/09 03:53:27.584, 0, 80673, 97871, 99, 460.02
2026/10/09 03:53:27.584, 1, 84416, 97871, 99, 470.17
2026/10/09 03:53:27.584, 2, 82374, 97871, 100, 491.48
2026/10/09 03:53:27.584, 3, 81442, 97871, 100, 515.00
2026/10/09 03:53:28.584, 0, 80673, 97871, 100, 463.95
2026/10/09 03:53:28.584, 1, 84416, 97871, 99, 474.33
2026/10/09 03:53:28.584, 2, 82374, 97871, 100, 482.88
2026/10/09 03:53:28.584, 3, 81442, 97871, 100, 519.88
2026/10/09 03:53:29.585, 0, 80673, 97871, 93, 461.76
2026/10/09 03:53:29.585, 1, 84416, 97871, 99, 470.25
2026/10/09 03:53:29.585, 2, 82374, 97871, 100, 490.54
2026/10/09 03:53:29.585, 3, 81442, 97871, 100, 520.23
2026/10/09 03:53:30.585, 0, 80673, 97871, 99, 450.30
2026/10/09 03:53:30.585, 1, 84416, 97871, 99, 473.32
2026/10/09 03:53:30.585, 2, 82374, 97871, 100, 487.80
2026/10/09 03:53:30.585, 3, 81442, 97871, 100, 526.88
2026/10/09 03:53:31.585, 0, 80673, 97871, 99, 463.76
2026/10/09 03:53:31.585, 1, 84416, 97871, 99, 480.39
2026/10/09 03:53:31.585, 2, 82374, 97871, 100, 486.10
2026/10/09 03:53:31.585, 3, 81442, 97871, 100, 514.49
2026/10/09 03:53:32.585, 0, 80673, 97871, 99, 461.39
2026/10/09 03:53:32.585, 1, 84416, 97871, 99, 478.34
2026/10/09 03:53:32.585, 2, 82374, 97871, 100, 486.05
2026/10/09 03:53:32.586, 3, 81442, 97871, 100, 518.68
2026/10/09 03:53:33.586, 0, 80673, 97871, 99, 467.22
2026/10/09 03:53:33.586, 1, 84416, 97871, 99, 477.49
2026/10/09 03:53:33.586, 2, 82374, 97871, 100, 500.64
2026/10/09 03:53:33.592, 3, 81442, 97871, 99, 457.22
2026/10/09 03:53:34.592, 0, 80673, 97871, 100, 450.66
2026/10/09 03:53:34.592, 1, 84416, 97871, 44, 456.18
2026/10/09 03:53:34.592, 2, 82374, 97871, 100, 482.02
2026/10/09 03:53:34.593, 3, 81442, 97871, 100, 471.54
2026/10/09 03:53:35.593, 0, 80673, 97871, 99, 459.99
2026/10/09 03:53:35.593, 1, 84416, 97871, 100, 535.45
2026/10/09 03:53:35.593, 2, 82374, 97871, 100, 486.70
2026/10/09 03:53:35.593, 3, 81442, 97871, 100, 543.32
2026/10/09 03:53:36.593, 0, 80673, 97871, 99, 458.66
2026/10/09 03:53:36.593, 1, 84416, 97871, 100, 515.44
2026/10/09 03:53:36.593, 2, 82374, 97871, 100, 487.19
2026/10/09 03:53:36.593, 3, 81442, 97871, 100, 543.02
2026/10/09 03:53:37.593, 0, 80673, 97871, 100, 458.59
2026/10/09 03:53:37.593, 1, 84416, 97871, 100, 530.02
2026/10/09 03:53:37.593, 2, 82374, 97871, 100, 497.78
2026/10/09 03:53:37.593, 3, 81442, 97871, 100, 522.85
2026/10/09 03:53:38.594, 0, 80673, 97871, 99, 459.06
2026/10/09 03:53:38.594, 1, 84416, 97871, 100, 537.34
2026/10/09 03:53:38.594, 2, 82374, 97871, 100, 478.89
2026/10/09 03:53:38.594, 3, 81442, 97871, 100, 497.37
2026/10/09 03:53:39.594, 0, 80673, 97871, 99, 453.36
2026/10/09 03:53:39.594, 1, 84416, 97871, 100, 533.06
2026/10/09 03:53:39.594, 2, 82374, 97871, 100, 478.56
2026/10/09 03:53:39.594, 3, 81442, 97871, 100, 539.70
2026/10/09 03:53:40.594, 0, 80673, 97871, 99, 453.10
2026/10/09 03:53:40.594, 1, 84416, 97871, 100, 529.51
2026/10/09 03:53:40.594, 2, 82374, 97871, 100, 482.06
2026/10/09 03:53:40.594, 3, 81442, 97871, 100, 540.68
2026/10/09 03:53:41.595, 0, 80673, 97871, 99, 457.51
2026/10/09 03:53:41.595, 1, 84416, 97871, 100, 529.82
2026/10/09 03:53:41.595, 2, 82374, 97871, 100, 488.77
2026/10/09 03:53:41.595, 3, 81442, 97871, 100, 529.15
2026/10/09 03:53:42.595, 0, 80673, 97871, 100, 460.56
2026/10/09 03:53:42.595, 1, 84416, 97871, 100, 533.63
2026/10/09 03:53:42.595, 2, 82374, 97871, 100, 483.78
2026/10/09 03:53:42.595, 3, 81442, 97871, 100, 526.84
2026/10/09 03:53:43.595, 0, 80673, 97871, 92, 461.00
2026/10/09 03:53:43.595, 1, 84416, 97871, 100, 530.26
2026/10/09 03:53:43.595, 2, 82374, 97871, 100, 486.78
2026/10/09 03:53:43.601, 3, 81442, 97871, 100, 531.32
2026/10/09 03:53:44.601, 0, 80673, 97871, 100, 449.85
2026/10/09 03:53:44.602, 1, 84416, 97871, 100, 527.98
2026/10/09 03:53:44.602, 2, 82374, 97871, 100, 487.22
2026/10/09 03:53:44.602, 3, 81442, 97871, 100, 529.22
2026/10/09 03:53:45.602, 0, 80673, 97871, 99, 460.61
2026/10/09 03:53:45.602, 1, 84416, 97871, 100, 537.31
2026/10/09 03:53:45.602, 2, 82374, 97871, 100, 475.82
2026/10/09 03:53:45.602, 3, 81442, 97871, 100, 519.34
2026/10/09 03:53:46.602, 0, 80673, 97871, 99, 460.79
2026/10/09 03:53:46.602, 1, 84416, 97871, 100, 531.98
2026/10/09 03:53:46.602, 2, 82374, 97871, 100, 482.48
2026/10/09 03:53:46.602, 3, 81442, 97871, 100, 529.05
2026/10/09 03:53:47.602, 0, 80673, 97871, 99, 461.76
2026/10/09 03:53:47.603, 1, 84416, 97871, 100, 532.41
2026/10/09 03:53:47.603, 2, 82374, 97871, 100, 488.88
2026/10/09 03:53:47.603, 3, 81442, 97871, 100, 521.36
2026/10/09 03:53:48.603, 0, 80673, 97871, 99, 456.77
2026/10/09 03:53:48.603, 1, 84416, 97871, 100, 532.22
2026/10/09 03:53:48.603, 2, 82374, 97871, 100, 490.25
2026/10/09 03:53:48.603, 3, 81442, 97871, 100, 519.05
2026/10/09 03:53:49.603, 0, 80673, 97871, 98, 462.54
2026/10/09 03:53:49.603, 1, 84416, 97871, 100, 533.83
2026/10/09 03:53:49.603, 2, 82374, 97871, 100, 479.26
2026/10/09 03:53:49.603, 3, 81442, 97871, 100, 524.27
2026/10/09 03:53:50.603, 0, 80673, 97871, 100, 458.17
2026/10/09 03:53:50.603, 1, 84416, 97871, 100, 509.72
2026/10/09 03:53:50.603, 2, 82374, 97871, 100, 482.99
2026/10/09 03:53:50.603, 3, 81442, 97871, 100, 524.20
2026/10/09 03:53:51.603, 0, 80673, 97871, 99, 451.35
2026/10/09 03:53:51.604, 1, 84416, 97871, 100, 527.48
2026/10/09 03:53:51.604, 2, 82374, 97871, 100, 483.07
2026/10/09 03:53:51.604, 3, 81442, 97871, 100, 522.24
2026/10/09 03:53:52.604, 0, 80673, 97871, 99, 455.61
2026/10/09 03:53:52.604, 1, 84416, 97871, 100, 527.40
2026/10/09 03:53:52.604, 2, 82374, 97871, 100, 488.00
2026/10/09 03:53:52.604, 3, 81442, 97871, 100, 520.52
2026/10/09 03:53:53.604, 0, 80673, 97871, 99, 451.63
2026/10/09 03:53:53.604, 1, 84416, 97871, 100, 530.66
2026/10/09 03:53:53.604, 2, 82374, 97871, 100, 476.03
2026/10/09 03:53:53.611, 3, 81442, 97871, 100, 523.57
2026/10/09 03:53:54.611, 0, 80673, 97871, 99, 463.97
2026/10/09 03:53:54.611, 1, 84416, 97871, 100, 526.50
2026/10/09 03:53:54.611, 2, 82374, 97871, 100, 489.44
2026/10/09 03:53:54.611, 3, 81442, 97871, 100, 520.79
2026/10/09 03:53:55.611, 0, 80673, 97871, 100, 454.10
2026/10/09 03:53:55.611, 1, 84416, 97871, 100, 533.34
2026/10/09 03:53:55.611, 2, 82374, 97871, 100, 489.84
2026/10/09 03:53:55.611, 3, 81442, 97871, 100, 500.93
2026/10/09 03:53:56.611, 0, 80673, 97871, 99, 457.97
2026/10/09 03:53:56.611, 1, 84416, 97871, 100, 534.70
2026/10/09 03:53:56.611, 2, 82374, 97871, 100, 479.62
2026/10/09 03:53:56.611, 3, 81442, 97871, 100, 463.00
2026/10/09 03:53:57.611, 0, 80673, 97871, 99, 452.77
2026/10/09 03:53:57.612, 1, 84416, 97871, 100, 525.12
2026/10/09 03:53:57.612, 2, 82374, 97871, 100, 488.07
2026/10/09 03:53:57.612, 3, 81442, 97871, 100, 540.52
2026/10/09 03:53:58.612, 0, 80673, 97871, 99, 457.26
2026/10/09 03:53:58.612, 1, 84416, 97871, 100, 533.77
2026/10/09 03:53:58.612, 2, 82374, 97871, 100, 482.73
2026/10/09 03:53:58.612, 3, 81442, 97871, 100, 541.62
2026/10/09 03:53:59.612, 0, 80673, 97871, 100, 453.97
2026/10/09 03:53:59.612, 1, 84416, 97871, 100, 524.91
2026/10/09 03:53:59.612, 2, 82374, 97871, 100, 486.74
2026/10/09 03:53:59.612, 3, 81442, 97871, 100, 538.35
2026/10/09 03:54:00.612, 0, 80673, 97871, 99, 453.10
2026/10/09 03:54:00.612, 1, 84416, 97871, 100, 533.41
2026/10/09 03:54:00.612, 2, 82374, 97871, 100, 484.34
2026/10/09 03:54:00.612, 3, 81442, 97871, 100, 538.06
2026/10/09 03:54:01.612, 0, 80673, 97871, 100, 455.52
2026/10/09 03:54:01.613, 1, 84416, 97871, 100, 523.25
2026/10/09 03:54:01.613, 2, 82374, 97871, 100, 479.54
2026/10/09 03:54:01.613, 3, 81442, 97871, 100, 539.00
2026/10/09 03:54:02.613, 0, 80673, 97871, 99, 462.10
2026/10/09 03:54:02.613, 1, 84416, 97871, 100, 530.12
2026/10/09 03:54:02.613, 2, 82374, 97871, 100, 483.21
2026/10/09 03:54:02.613, 3, 81442, 97871, 100, 519.64
2026/10/09 03:54:03.613, 0, 80673, 97871, 100, 448.27
2026/10/09 03:54:03.613, 1, 84416, 97871, 100, 527.85
2026/10/09 03:54:03.613, 2, 82374, 97871, 100, 493.54
2026/10/09 03:54:03.619, 3, 81442, 97871, 100, 517.10
2026/10/09 03:54:04.619, 0, 80673, 97871, 99, 457.79
2026/10/09 03:54:04.619, 1, 84416, 97871, 99, 489.28
2026/10/09 03:54:04.619, 2, 82374, 97871, 100, 481.69
2026/10/09 03:54:04.620, 3, 81442, 97871, 99, 481.49
2026/10/09 03:54:05.620, 0, 80673, 97871, 99, 451.26
2026/10/09 03:54:05.620, 1, 84416, 97871, 100, 485.63
2026/10/09 03:54:05.620, 2, 82374, 97871, 100, 484.17
2026/10/09 03:54:05.620, 3, 81442, 97871, 100, 518.43
2026/10/09 03:54:06.620, 0, 80673, 97871, 99, 455.82
2026/10/09 03:54:06.620, 1, 84416, 97871, 100, 543.14
2026/10/09 03:54:06.620, 2, 82374, 97871, 100, 484.53
2026/10/09 03:54:06.620, 3, 81442, 97871, 100, 540.20
2026/10/09 03:54:07.620, 0, 80673, 97871, 99, 459.31
2026/10/09 03:54:07.620, 1, 84416, 97871, 100, 547.22
2026/10/09 03:54:07.620, 2, 82374, 97871, 100, 482.65
2026/10/09 03:54:07.620, 3, 81442, 97871, 100, 540.74
2026/10/09 03:54:08.620, 0, 80673, 97871, 100, 452.51
2026/10/09 03:54:08.620, 1, 84416, 97871, 100, 529.93
2026/10/09 03:54:08.621, 2, 82374, 97871, 100, 478.22
2026/10/09 03:54:08.621, 3, 81442, 97871, 100, 541.15
2026/10/09 03:54:09.621, 0, 80673, 97871, 99, 458.27
2026/10/09 03:54:09.621, 1, 84416, 97871, 100, 513.48
2026/10/09 03:54:09.621, 2, 82374, 97871, 100, 484.68
2026/10/09 03:54:09.621, 3, 81442, 97871, 100, 541.39
2026/10/09 03:54:10.621, 0, 80673, 97871, 99, 461.61
2026/10/09 03:54:10.621, 1, 84416, 97871, 100, 546.29
2026/10/09 03:54:10.621, 2, 82374, 97871, 100, 484.61
2026/10/09 03:54:10.621, 3, 81442, 97871, 100, 527.81
2026/10/09 03:54:11.621, 0, 80673, 97871, 100, 455.05
2026/10/09 03:54:11.621, 1, 84416, 97871, 100, 546.21
2026/10/09 03:54:11.621, 2, 82374, 97871, 100, 488.72
2026/10/09 03:54:11.621, 3, 81442, 97871, 100, 520.68
2026/10/09 03:54:12.621, 0, 80673, 97871, 100, 461.07
2026/10/09 03:54:12.622, 1, 84416, 97871, 100, 537.42
2026/10/09 03:54:12.622, 2, 82374, 97871, 100, 472.36
2026/10/09 03:54:12.622, 3, 81442, 97871, 100, 530.67
2026/10/09 03:54:13.622, 0, 80673, 97871, 99, 458.20
2026/10/09 03:54:13.622, 1, 84416, 97871, 100, 538.41
2026/10/09 03:54:13.622, 2, 82374, 97871, 100, 486.22
2026/10/09 03:54:13.630, 3, 81442, 97871, 100, 527.86
2026/10/09 03:54:14.630, 0, 80673, 97871, 100, 451.33
2026/10/09 03:54:14.630, 1, 84416, 97871, 100, 537.45
2026/10/09 03:54:14.630, 2, 82374, 97871, 100, 485.61
2026/10/09 03:54:14.630, 3, 81442, 97871, 100, 532.39
2026/10/09 03:54:15.630, 0, 80673, 97871, 99, 456.02
2026/10/09 03:54:15.630, 1, 84416, 97871, 100, 538.29
2026/10/09 03:54:15.630, 2, 82374, 97871, 100, 488.63
2026/10/09 03:54:15.630, 3, 81442, 97871, 100, 530.22
2026/10/09 03:54:16.631, 0, 80673, 97871, 99, 459.69
2026/10/09 03:54:16.631, 1, 84416, 97871, 100, 535.29
2026/10/09 03:54:16.631, 2, 82374, 97871, 100, 476.06
2026/10/09 03:54:16.631, 3, 81442, 97871, 100, 520.45
2026/10/09 03:54:17.631, 0, 80673, 97871, 99, 452.79
2026/10/09 03:54:17.631, 1, 84416, 97871, 100, 539.74
2026/10/09 03:54:17.631, 2, 82374, 97871, 100, 487.48
2026/10/09 03:54:17.631, 3, 81442, 97871, 100, 523.16
2026/10/09 03:54:18.631, 0, 80673, 97871, 100, 463.08
2026/10/09 03:54:18.631, 1, 84416, 97871, 100, 539.64
2026/10/09 03:54:18.631, 2, 82374, 97871, 100, 482.95
2026/10/09 03:54:18.631, 3, 81442, 97871, 100, 523.58
2026/10/09 03:54:19.631, 0, 80673, 97871, 95, 458.37
2026/10/09 03:54:19.632, 1, 84416, 97871, 100, 532.15
2026/10/09 03:54:19.632, 2, 82374, 97871, 100, 486.73
2026/10/09 03:54:19.632, 3, 81442, 97871, 100, 528.43
2026/10/09 03:54:20.632, 0, 80673, 97871, 99, 452.66
2026/10/09 03:54:20.632, 1, 84416, 97871, 100, 538.83
2026/10/09 03:54:20.632, 2, 82374, 97871, 100, 489.68
2026/10/09 03:54:20.632, 3, 81442, 97871, 100, 528.95
2026/10/09 03:54:21.632, 0, 80673, 97871, 99, 457.96
2026/10/09 03:54:21.632, 1, 84416, 97871, 100, 537.54
2026/10/09 03:54:21.632, 2, 82374, 97871, 100, 483.28
2026/10/09 03:54:21.632, 3, 81442, 97871, 100, 529.52
2026/10/09 03:54:22.632, 0, 80673, 97871, 99, 455.67
2026/10/09 03:54:22.632, 1, 84416, 97871, 100, 532.77
2026/10/09 03:54:22.632, 2, 82374, 97871, 100, 482.91
2026/10/09 03:54:22.632, 3, 81442, 97871, 100, 526.30
2026/10/09 03:54:23.633, 0, 80673, 97871, 99, 452.15
2026/10/09 03:54:23.633, 1, 84416, 97871, 100, 543.12
2026/10/09 03:54:23.633, 2, 82374, 97871, 100, 485.38
2026/10/09 03:54:23.647, 3, 81442, 97871, 100, 523.81
2026/10/09 03:54:24.647, 0, 80673, 97871, 99, 455.58
2026/10/09 03:54:24.647, 1, 84416, 97871, 100, 538.71
2026/10/09 03:54:24.647, 2, 82374, 97871, 100, 485.61
2026/10/09 03:54:24.647, 3, 81442, 97871, 100, 531.12
2026/10/09 03:54:25.648, 0, 80673, 97871, 99, 459.37
2026/10/09 03:54:25.648, 1, 84416, 97871, 100, 534.82
2026/10/09 03:54:25.648, 2, 82374, 97871, 100, 486.92
2026/10/09 03:54:25.648, 3, 81442, 97871, 100, 529.49
2026/10/09 03:54:26.648, 0, 80673, 97871, 94, 462.02
2026/10/09 03:54:26.648, 1, 84416, 97871, 100, 529.04
2026/10/09 03:54:26.648, 2, 82374, 97871, 100, 487.65
2026/10/09 03:54:26.648, 3, 81442, 97871, 100, 529.27
2026/10/09 03:54:27.648, 0, 80673, 97871, 99, 451.47
2026/10/09 03:54:27.648, 1, 84416, 97871, 100, 523.53
2026/10/09 03:54:27.648, 2, 82374, 97871, 100, 480.06
2026/10/09 03:54:27.648, 3, 81442, 97871, 100, 534.42
2026/10/09 03:54:28.649, 0, 80673, 97871, 100, 457.11
2026/10/09 03:54:28.649, 1, 84416, 97871, 100, 493.79
2026/10/09 03:54:28.649, 2, 82374, 97871, 100, 483.05
2026/10/09 03:54:28.649, 3, 81442, 97871, 100, 528.29
2026/10/09 03:54:29.649, 0, 80673, 97871, 99, 459.72
2026/10/09 03:54:29.649, 1, 84416, 97871, 100, 551.28
2026/10/09 03:54:29.649, 2, 82374, 97871, 100, 484.83
2026/10/09 03:54:29.649, 3, 81442, 97871, 100, 524.30
2026/10/09 03:54:30.649, 0, 80673, 97871, 99, 447.33
2026/10/09 03:54:30.649, 1, 84416, 97871, 100, 550.50
2026/10/09 03:54:30.649, 2, 82374, 97871, 100, 484.86
2026/10/09 03:54:30.649, 3, 81442, 97871, 100, 528.91
2026/10/09 03:54:31.649, 0, 80673, 97871, 99, 459.84
2026/10/09 03:54:31.649, 1, 84416, 97871, 100, 549.84
2026/10/09 03:54:31.649, 2, 82374, 97871, 100, 485.42
2026/10/09 03:54:31.650, 3, 81442, 97871, 100, 521.01
2026/10/09 03:54:32.650, 0, 80673, 97871, 99, 455.88
2026/10/09 03:54:32.650, 1, 84416, 97871, 100, 550.38
2026/10/09 03:54:32.650, 2, 82374, 97871, 100, 485.86
2026/10/09 03:54:32.650, 3, 81442, 97871, 100, 524.35
2026/10/09 03:54:33.650, 0, 80673, 97871, 95, 461.37
2026/10/09 03:54:33.650, 1, 84416, 97871, 100, 549.83
2026/10/09 03:54:33.650, 2, 82374, 97871, 100, 484.65
2026/10/09 03:54:33.652, 3, 81442, 97871, 100, 529.65
2026/10/09 03:54:34.652, 0, 80673, 97871, 99, 449.74
2026/10/09 03:54:34.652, 1, 84416, 97871, 100, 535.84
2026/10/09 03:54:34.653, 2, 82374, 97871, 100, 488.30
2026/10/09 03:54:34.653, 3, 81442, 97871, 100, 521.98
2026/10/09 03:54:35.653, 0, 80673, 97871, 99, 449.28
2026/10/09 03:54:35.653, 1, 84416, 97871, 100, 529.36
2026/10/09 03:54:35.653, 2, 82374, 97871, 100, 479.24
2026/10/09 03:54:35.653, 3, 81442, 97871, 100, 519.76
2026/10/09 03:54:36.653, 0, 80673, 97871, 99, 454.45
2026/10/09 03:54:36.653, 1, 84416, 97871, 100, 519.88
2026/10/09 03:54:36.653, 2, 82374, 97871, 100, 486.21
2026/10/09 03:54:36.653, 3, 81442, 97871, 99, 441.40
2026/10/09 03:54:37.653, 0, 80673, 97871, 99, 455.63
2026/10/09 03:54:37.653, 1, 84416, 97871, 76, 484.81
2026/10/09 03:54:37.653, 2, 82374, 97871, 100, 487.35
2026/10/09 03:54:37.653, 3, 81442, 97871, 100, 512.32
2026/10/09 03:54:38.653, 0, 80673, 97871, 99, 461.42
2026/10/09 03:54:38.654, 1, 84416, 97871, 100, 551.55
2026/10/09 03:54:38.654, 2, 82374, 97871, 100, 481.29
2026/10/09 03:54:38.654, 3, 81442, 97871, 100, 543.65
2026/10/09 03:54:39.654, 0, 80673, 97871, 99, 446.67
2026/10/09 03:54:39.654, 1, 84416, 97871, 100, 548.60
2026/10/09 03:54:39.654, 2, 82374, 97871, 100, 480.90
2026/10/09 03:54:39.654, 3, 81442, 97871, 100, 541.55
2026/10/09 03:54:40.654, 0, 80673, 97871, 99, 461.65
2026/10/09 03:54:40.654, 1, 84416, 97871, 100, 547.53
2026/10/09 03:54:40.654, 2, 82374, 97871, 100, 487.47
2026/10/09 03:54:40.654, 3, 81442, 97871, 100, 540.54
2026/10/09 03:54:41.654, 0, 80673, 97871, 99, 454.20
2026/10/09 03:54:41.654, 1, 84416, 97871, 100, 549.58
2026/10/09 03:54:41.654, 2, 82374, 97871, 100, 476.80
2026/10/09 03:54:41.655, 3, 81442, 97871, 100, 538.90
2026/10/09 03:54:42.655, 0, 80673, 97871, 100, 460.70
2026/10/09 03:54:42.655, 1, 84416, 97871, 100, 547.21
2026/10/09 03:54:42.655, 2, 82374, 97871, 100, 486.31
2026/10/09 03:54:42.655, 3, 81442, 97871, 100, 537.08
2026/10/09 03:54:43.655, 0, 80673, 97871, 99, 452.41
2026/10/09 03:54:43.655, 1, 84416, 97871, 100, 541.13
2026/10/09 03:54:43.656, 2, 82374, 97871, 100, 485.94
2026/10/09 03:54:43.656, 3, 81442, 97871, 100, 537.74
2026/10/09 03:54:44.656, 0, 80673, 97871, 100, 458.28
2026/10/09 03:54:44.657, 1, 84416, 97871, 100, 536.25
2026/10/09 03:54:44.657, 2, 82374, 97871, 100, 483.47
2026/10/09 03:54:44.657, 3, 81442, 97871, 100, 537.84
2026/10/09 03:54:45.657, 0, 80673, 97871, 99, 453.32
2026/10/09 03:54:45.657, 1, 84416, 97871, 100, 539.30
2026/10/09 03:54:45.657, 2, 82374, 97871, 100, 478.84
2026/10/09 03:54:45.657, 3, 81442, 97871, 100, 536.70
2026/10/09 03:54:46.657, 0, 80673, 97871, 99, 457.49
2026/10/09 03:54:46.657, 1, 84416, 97871, 100, 543.33
2026/10/09 03:54:46.657, 2, 82374, 97871, 100, 485.32
2026/10/09 03:54:46.657, 3, 81442, 97871, 100, 538.91
2026/10/09 03:54:47.657, 0, 80673, 97871, 99, 456.66
2026/10/09 03:54:47.657, 1, 84416, 97871, 100, 537.17
2026/10/09 03:54:47.657, 2, 82374, 97871, 100, 479.71
2026/10/09 03:54:47.657, 3, 81442, 97871, 100, 526.27
2026/10/09 03:54:48.658, 0, 80673, 97871, 100, 456.36
2026/10/09 03:54:48.658, 1, 84416, 97871, 100, 539.74
2026/10/09 03:54:48.658, 2, 82374, 97871, 100, 485.73
2026/10/09 03:54:48.658, 3, 81442, 97871, 100, 516.42
2026/10/09 03:54:49.658, 0, 80673, 97871, 100, 463.87
2026/10/09 03:54:49.658, 1, 84416, 97871, 100, 537.73
2026/10/09 03:54:49.658, 2, 82374, 97871, 100, 485.98
2026/10/09 03:54:49.658, 3, 81442, 97871, 100, 516.31
2026/10/09 03:54:50.658, 0, 80673, 97871, 99, 457.69
2026/10/09 03:54:50.658, 1, 84416, 97871, 100, 535.77
2026/10/09 03:54:50.658, 2, 82374, 97871, 100, 477.32
2026/10/09 03:54:50.658, 3, 81442, 97871, 100, 514.40
2026/10/09 03:54:51.658, 0, 80673, 97871, 99, 450.35
2026/10/09 03:54:51.658, 1, 84416, 97871, 100, 535.33
2026/10/09 03:54:51.659, 2, 82374, 97871, 100, 484.28
2026/10/09 03:54:51.659, 3, 81442, 97871, 100, 515.35
2026/10/09 03:54:52.659, 0, 80673, 97871, 99, 459.84
2026/10/09 03:54:52.659, 1, 84416, 97871, 100, 544.26
2026/10/09 03:54:52.659, 2, 82374, 97871, 100, 482.82
2026/10/09 03:54:52.659, 3, 81442, 97871, 99, 485.71
2026/10/09 03:54:53.659, 0, 80673, 97871, 99, 458.40
2026/10/09 03:54:53.660, 1, 84416, 97871, 100, 540.63
2026/10/09 03:54:53.660, 2, 82374, 97871, 100, 479.17
2026/10/09 03:54:53.660, 3, 81442, 97871, 100, 521.26
2026/10/09 03:54:54.660, 0, 80673, 97871, 100, 458.80
2026/10/09 03:54:54.661, 1, 84416, 97871, 100, 539.73
2026/10/09 03:54:54.661, 2, 82374, 97871, 100, 481.02
2026/10/09 03:54:54.661, 3, 81442, 97871, 100, 542.35
2026/10/09 03:54:55.661, 0, 80673, 97871, 99, 452.75
2026/10/09 03:54:55.661, 1, 84416, 97871, 100, 542.22
2026/10/09 03:54:55.661, 2, 82374, 97871, 100, 483.28
2026/10/09 03:54:55.661, 3, 81442, 97871, 100, 541.38
2026/10/09 03:54:56.661, 0, 80673, 97871, 99, 458.97
2026/10/09 03:54:56.661, 1, 84416, 97871, 100, 538.40
2026/10/09 03:54:56.661, 2, 82374, 97871, 100, 478.08
2026/10/09 03:54:56.661, 3, 81442, 97871, 100, 540.11
2026/10/09 03:54:57.661, 0, 80673, 97871, 100, 456.29
2026/10/09 03:54:57.661, 1, 84416, 97871, 100, 538.13
2026/10/09 03:54:57.661, 2, 82374, 97871, 100, 484.27
2026/10/09 03:54:57.661, 3, 81442, 97871, 100, 540.06
2026/10/09 03:54:58.662, 0, 80673, 97871, 99, 449.64
2026/10/09 03:54:58.662, 1, 84416, 97871, 100, 540.66
2026/10/09 03:54:58.662, 2, 82374, 97871, 100, 478.95
2026/10/09 03:54:58.662, 3, 81442, 97871, 100, 539.48
2026/10/09 03:54:59.662, 0, 80673, 97871, 99, 456.83
2026/10/09 03:54:59.662, 1, 84416, 97871, 100, 542.64
2026/10/09 03:54:59.662, 2, 82374, 97871, 100, 483.08
2026/10/09 03:54:59.662, 3, 81442, 97871, 100, 537.64
2026/10/09 03:55:00.662, 0, 80673, 97871, 100, 452.68
2026/10/09 03:55:00.662, 1, 84416, 97871, 100, 538.90
2026/10/09 03:55:00.662, 2, 82374, 97871, 100, 484.73
2026/10/09 03:55:00.662, 3, 81442, 97871, 100, 539.84
2026/10/09 03:55:01.663, 0, 80673, 97871, 99, 456.22
2026/10/09 03:55:01.663, 1, 84416, 97871, 100, 541.94
2026/10/09 03:55:01.663, 2, 82374, 97871, 100, 480.07
2026/10/09 03:55:01.663, 3, 81442, 97871, 100, 537.65
2026/10/09 03:55:02.663, 0, 80673, 97871, 99, 455.32
2026/10/09 03:55:02.663, 1, 84416, 97871, 100, 540.18
2026/10/09 03:55:02.663, 2, 82374, 97871, 100, 479.13
2026/10/09 03:55:02.663, 3, 81442, 97871, 100, 538.80
2026/10/09 03:55:03.663, 0, 80673, 97871, 92, 459.34
2026/10/09 03:55:03.663, 1, 84416, 97871, 100, 540.08
2026/10/09 03:55:03.663, 2, 82374, 97871, 100, 484.33
2026/10/09 03:55:03.663, 3, 81442, 97871, 100, 522.03
2026/10/09 03:55:04.663, 0, 80673, 97871, 99, 452.22
2026/10/09 03:55:04.664, 1, 84416, 97871, 100, 541.22
2026/10/09 03:55:04.664, 2, 82374, 97871, 100, 478.84
2026/10/09 03:55:04.664, 3, 81442, 97871, 100, 520.78
2026/10/09 03:55:05.664, 0, 80673, 97871, 99, 458.07
2026/10/09 03:55:05.664, 1, 84416, 97871, 100, 540.70
2026/10/09 03:55:05.664, 2, 82374, 97871, 100, 482.70
2026/10/09 03:55:05.664, 3, 81442, 97871, 100, 523.09
2026/10/09 03:55:06.664, 0, 80673, 97871, 99, 451.76
2026/10/09 03:55:06.664, 1, 84416, 97871, 100, 540.33
2026/10/09 03:55:06.664, 2, 82374, 97871, 100, 485.46
2026/10/09 03:55:06.664, 3, 81442, 97871, 100, 532.53
2026/10/09 03:55:07.664, 0, 80673, 97871, 100, 456.82
2026/10/09 03:55:07.664, 1, 84416, 97871, 100, 540.22
2026/10/09 03:55:07.664, 2, 82374, 97871, 100, 480.11
2026/10/09 03:55:07.665, 3, 81442, 97871, 100, 533.81
2026/10/09 03:55:08.665, 0, 80673, 97871, 100, 458.07
2026/10/09 03:55:08.665, 1, 84416, 97871, 100, 534.99
2026/10/09 03:55:08.665, 2, 82374, 97871, 100, 485.88
2026/10/09 03:55:08.665, 3, 81442, 97871, 100, 532.70
2026/10/09 03:55:09.665, 0, 80673, 97871, 99, 451.43
2026/10/09 03:55:09.665, 1, 84416, 97871, 100, 540.61
2026/10/09 03:55:09.665, 2, 82374, 97871, 100, 486.54
2026/10/09 03:55:09.665, 3, 81442, 97871, 100, 531.77
2026/10/09 03:55:10.665, 0, 80673, 97871, 99, 457.45
2026/10/09 03:55:10.665, 1, 84416, 97871, 100, 532.39
2026/10/09 03:55:10.665, 2, 82374, 97871, 100, 488.65
2026/10/09 03:55:10.665, 3, 81442, 97871, 100, 524.80
2026/10/09 03:55:11.665, 0, 80673, 97871, 100, 460.66
2026/10/09 03:55:11.666, 1, 84416, 97871, 100, 526.55
2026/10/09 03:55:11.666, 2, 82374, 97871, 100, 491.80
2026/10/09 03:55:11.666, 3, 81442, 97871, 100, 526.89
2026/10/09 03:55:12.666, 0, 80673, 97871, 99, 450.49
2026/10/09 03:55:12.666, 1, 84416, 97871, 100, 521.47
2026/10/09 03:55:12.666, 2, 82374, 97871, 100, 472.74
2026/10/09 03:55:12.666, 3, 81442, 97871, 100, 532.45
2026/10/09 03:55:13.666, 0, 80673, 97871, 99, 452.61
2026/10/09 03:55:13.666, 1, 84416, 97871, 100, 483.60
2026/10/09 03:55:13.666, 2, 82374, 97871, 100, 484.12
2026/10/09 03:55:13.666, 3, 81442, 97871, 100, 527.89
2026/10/09 03:55:14.666, 0, 80673, 97871, 87, 457.73
2026/10/09 03:55:14.666, 1, 84416, 97871, 100, 548.39
2026/10/09 03:55:14.666, 2, 82374, 97871, 100, 485.29
2026/10/09 03:55:14.666, 3, 81442, 97871, 100, 531.35
2026/10/09 03:55:15.667, 0, 80673, 97871, 99, 450.54
2026/10/09 03:55:15.667, 1, 84416, 97871, 100, 545.65
2026/10/09 03:55:15.667, 2, 82374, 97871, 100, 485.20
2026/10/09 03:55:15.667, 3, 81442, 97871, 100, 534.16
2026/10/09 03:55:16.667, 0, 80673, 97871, 99, 456.31
2026/10/09 03:55:16.667, 1, 84416, 97871, 100, 546.66
2026/10/09 03:55:16.667, 2, 82374, 97871, 100, 479.58
2026/10/09 03:55:16.667, 3, 81442, 97871, 100, 533.89
2026/10/09 03:55:17.667, 0, 80673, 97871, 99, 451.02
2026/10/09 03:55:17.667, 1, 84416, 97871, 100, 548.15
2026/10/09 03:55:17.667, 2, 82374, 97871, 100, 485.30
2026/10/09 03:55:17.667, 3, 81442, 97871, 100, 534.58
2026/10/09 03:55:18.667, 0, 80673, 97871, 99, 455.44
2026/10/09 03:55:18.668, 1, 84416, 97871, 100, 547.34
2026/10/09 03:55:18.668, 2, 82374, 97871, 100, 479.82
2026/10/09 03:55:18.668, 3, 81442, 97871, 100, 529.47
2026/10/09 03:55:19.668, 0, 80673, 97871, 100, 452.66
2026/10/09 03:55:19.668, 1, 84416, 97871, 100, 549.61
2026/10/09 03:55:19.668, 2, 82374, 97871, 100, 481.21
2026/10/09 03:55:19.668, 3, 81442, 97871, 100, 531.36
2026/10/09 03:55:20.668, 0, 80673, 97871, 99, 455.20
2026/10/09 03:55:20.668, 1, 84416, 97871, 100, 548.01
2026/10/09 03:55:20.668, 2, 82374, 97871, 100, 485.49
2026/10/09 03:55:20.668, 3, 81442, 97871, 100, 528.42
2026/10/09 03:55:21.668, 0, 80673, 97871, 99, 450.93
2026/10/09 03:55:21.668, 1, 84416, 97871, 100, 550.02
2026/10/09 03:55:21.668, 2, 82374, 97871, 100, 490.79
2026/10/09 03:55:21.668, 3, 81442, 97871, 100, 529.69
2026/10/09 03:55:22.669, 0, 80673, 97871, 99, 452.83
2026/10/09 03:55:22.669, 1, 84416, 97871, 100, 549.68
2026/10/09 03:55:22.669, 2, 82374, 97871, 100, 475.65
2026/10/09 03:55:22.669, 3, 81442, 97871, 100, 530.02
2026/10/09 03:55:23.669, 0, 80673, 97871, 99, 452.18
2026/10/09 03:55:23.669, 1, 84416, 97871, 100, 546.62
2026/10/09 03:55:23.669, 2, 82374, 97871, 100, 482.51
2026/10/09 03:55:23.669, 3, 81442, 97871, 100, 529.39
2026/10/09 03:55:24.669, 0, 80673, 97871, 92, 454.08
2026/10/09 03:55:24.669, 1, 84416, 97871, 100, 539.78
2026/10/09 03:55:24.669, 2, 82374, 97871, 100, 452.85
2026/10/09 03:55:24.669, 3, 81442, 97871, 100, 519.18
2026/10/09 03:55:25.669, 0, 80673, 97871, 99, 450.75
2026/10/09 03:55:25.669, 1, 84416, 97871, 100, 531.96
2026/10/09 03:55:25.670, 2, 82374, 97871, 100, 542.97
2026/10/09 03:55:25.670, 3, 81442, 97871, 100, 522.28
2026/10/09 03:55:26.670, 0, 80673, 97871, 99, 456.69
2026/10/09 03:55:26.670, 1, 84416, 97871, 100, 529.66
2026/10/09 03:55:26.670, 2, 82374, 97871, 100, 531.50
2026/10/09 03:55:26.670, 3, 81442, 97871, 100, 531.78
2026/10/09 03:55:27.670, 0, 80673, 97871, 99, 450.63
2026/10/09 03:55:27.670, 1, 84416, 97871, 100, 530.06
2026/10/09 03:55:27.670, 2, 82374, 97871, 100, 538.53
2026/10/09 03:55:27.670, 3, 81442, 97871, 100, 535.55
2026/10/09 03:55:28.670, 0, 80673, 97871, 92, 458.93
2026/10/09 03:55:28.670, 1, 84416, 97871, 100, 528.71
2026/10/09 03:55:28.670, 2, 82374, 97871, 100, 531.26
2026/10/09 03:55:28.670, 3, 81442, 97871, 100, 529.71
2026/10/09 03:55:29.670, 0, 80673, 97871, 99, 452.22
2026/10/09 03:55:29.671, 1, 84416, 97871, 100, 532.23
2026/10/09 03:55:29.671, 2, 82374, 97871, 100, 536.14
2026/10/09 03:55:29.671, 3, 81442, 97871, 100, 535.78
2026/10/09 03:55:30.671, 0, 80673, 97871, 99, 459.17
2026/10/09 03:55:30.671, 1, 84416, 97871, 100, 519.35
2026/10/09 03:55:30.671, 2, 82374, 97871, 100, 527.36
2026/10/09 03:55:30.671, 3, 81442, 97871, 100, 529.18
2026/10/09 03:55:31.671, 0, 80673, 97871, 95, 457.86
2026/10/09 03:55:31.671, 1, 84416, 97871, 100, 506.55
2026/10/09 03:55:31.671, 2, 82374, 97871, 100, 533.81
2026/10/09 03:55:31.671, 3, 81442, 97871, 100, 536.56
2026/10/09 03:55:32.671, 0, 80673, 97871, 99, 459.80
2026/10/09 03:55:32.671, 1, 84416, 97871, 100, 549.63
2026/10/09 03:55:32.671, 2, 82374, 97871, 100, 540.62
2026/10/09 03:55:32.671, 3, 81442, 97871, 100, 533.23
2026/10/09 03:55:33.671, 0, 80673, 97871, 100, 460.64
2026/10/09 03:55:33.672, 1, 84416, 97871, 100, 544.44
2026/10/09 03:55:33.672, 2, 82374, 97871, 100, 533.24
2026/10/09 03:55:33.672, 3, 81442, 97871, 100, 535.81
2026/10/09 03:55:34.672, 0, 80673, 97871, 99, 456.42
2026/10/09 03:55:34.672, 1, 84416, 97871, 100, 547.43
2026/10/09 03:55:34.672, 2, 82374, 97871, 100, 543.60
2026/10/09 03:55:34.672, 3, 81442, 97871, 100, 529.93
2026/10/09 03:55:35.672, 0, 80673, 97871, 100, 458.33
2026/10/09 03:55:35.672, 1, 84416, 97871, 100, 549.20
2026/10/09 03:55:35.672, 2, 82374, 97871, 100, 530.57
2026/10/09 03:55:35.672, 3, 81442, 97871, 100, 527.70
2026/10/09 03:55:36.672, 0, 80673, 97871, 100, 459.87
2026/10/09 03:55:36.673, 1, 84416, 97871, 100, 547.74
2026/10/09 03:55:36.673, 2, 82374, 97871, 100, 538.46
2026/10/09 03:55:36.673, 3, 81442, 97871, 100, 530.64
2026/10/09 03:55:37.673, 0, 80673, 97871, 99, 449.61
2026/10/09 03:55:37.673, 1, 84416, 97871, 100, 545.19
2026/10/09 03:55:37.673, 2, 82374, 97871, 100, 527.81
2026/10/09 03:55:37.673, 3, 81442, 97871, 100, 524.31
2026/10/09 03:55:38.673, 0, 80673, 97871, 99, 457.48
2026/10/09 03:55:38.673, 1, 84416, 97871, 100, 548.76
2026/10/09 03:55:38.673, 2, 82374, 97871, 100, 533.95
2026/10/09 03:55:38.673, 3, 81442, 97871, 100, 524.97
2026/10/09 03:55:39.673, 0, 80673, 97871, 99, 453.31
2026/10/09 03:55:39.673, 1, 84416, 97871, 100, 545.62
2026/10/09 03:55:39.673, 2, 82374, 97871, 100, 531.78
2026/10/09 03:55:39.673, 3, 81442, 97871, 100, 521.07
2026/10/09 03:55:40.674, 0, 80673, 97871, 99, 454.06
2026/10/09 03:55:40.674, 1, 84416, 97871, 100, 549.58
2026/10/09 03:55:40.674, 2, 82374, 97871, 100, 528.26
2026/10/09 03:55:40.674, 3, 81442, 97871, 100, 527.11
2026/10/09 03:55:41.674, 0, 80673, 97871, 99, 461.00
2026/10/09 03:55:41.674, 1, 84416, 97871, 100, 550.24
2026/10/09 03:55:41.674, 2, 82374, 97871, 100, 538.08
2026/10/09 03:55:41.674, 3, 81442, 97871, 100, 529.75
2026/10/09 03:55:42.674, 0, 80673, 97871, 100, 453.30
2026/10/09 03:55:42.674, 1, 84416, 97871, 100, 534.66
2026/10/09 03:55:42.674, 2, 82374, 97871, 100, 527.20
2026/10/09 03:55:42.675, 3, 81442, 97871, 100, 528.32
2026/10/09 03:55:43.675, 0, 80673, 97871, 99, 457.52
2026/10/09 03:55:43.675, 1, 84416, 97871, 100, 535.26
2026/10/09 03:55:43.675, 2, 82374, 97871, 100, 530.31
2026/10/09 03:55:43.675, 3, 81442, 97871, 100, 535.49
2026/10/09 03:55:44.675, 0, 80673, 97871, 99, 453.58
2026/10/09 03:55:44.675, 1, 84416, 97871, 100, 534.25
2026/10/09 03:55:44.675, 2, 82374, 97871, 100, 537.59
2026/10/09 03:55:44.675, 3, 81442, 97871, 100, 532.71
2026/10/09 03:55:45.675, 0, 80673, 97871, 100, 457.23
2026/10/09 03:55:45.675, 1, 84416, 97871, 100, 538.88
2026/10/09 03:55:45.675, 2, 82374, 97871, 100, 530.79
2026/10/09 03:55:45.675, 3, 81442, 97871, 100, 531.72
2026/10/09 03:55:46.676, 0, 80673, 97871, 99, 455.99
2026/10/09 03:55:46.676, 1, 84416, 97871, 100, 541.47
2026/10/09 03:55:46.676, 2, 82374, 97871, 100, 527.40
2026/10/09 03:55:46.676, 3, 81442, 97871, 100, 526.53
2026/10/09 03:55:47.676, 0, 80673, 97871, 99, 464.85
2026/10/09 03:55:47.676, 1, 84416, 97871, 100, 543.11
2026/10/09 03:55:47.676, 2, 82374, 97871, 100, 539.84
2026/10/09 03:55:47.676, 3, 81442, 97871, 100, 533.03
2026/10/09 03:55:48.676, 0, 80673, 97871, 100, 451.47
2026/10/09 03:55:48.676, 1, 84416, 97871, 100, 536.52
2026/10/09 03:55:48.676, 2, 82374, 97871, 100, 532.14
2026/10/09 03:55:48.676, 3, 81442, 97871, 100, 530.49
2026/10/09 03:55:49.677, 0, 80673, 97871, 93, 423.95
2026/10/09 03:55:49.677, 1, 84416, 97871, 100, 545.34
2026/10/09 03:55:49.677, 2, 82374, 97871, 100, 531.74
2026/10/09 03:55:49.677, 3, 81442, 97871, 100, 521.19
2026/10/09 03:55:50.677, 0, 80673, 97871, 100, 498.12
2026/10/09 03:55:50.677, 1, 84416, 97871, 100, 537.81
2026/10/09 03:55:50.677, 2, 82374, 97871, 100, 530.65
2026/10/09 03:55:50.677, 3, 81442, 97871, 100, 513.85
2026/10/09 03:55:51.677, 0, 80673, 97871, 100, 462.71
2026/10/09 03:55:51.677, 1, 84416, 97871, 100, 535.18
2026/10/09 03:55:51.677, 2, 82374, 97871, 100, 527.97
2026/10/09 03:55:51.677, 3, 81442, 97871, 100, 513.20
2026/10/09 03:55:52.677, 0, 80673, 97871, 100, 500.10
2026/10/09 03:55:52.678, 1, 84416, 97871, 100, 543.17
2026/10/09 03:55:52.678, 2, 82374, 97871, 100, 537.49
2026/10/09 03:55:52.678, 3, 81442, 97871, 100, 517.45
2026/10/09 03:55:53.678, 0, 80673, 97871, 100, 484.37
2026/10/09 03:55:53.678, 1, 84416, 97871, 100, 528.98
2026/10/09 03:55:53.678, 2, 82374, 97871, 100, 528.65
2026/10/09 03:55:53.678, 3, 81442, 97871, 79, 414.04
2026/10/09 03:55:54.678, 0, 80673, 97871, 100, 501.16
2026/10/09 03:55:54.678, 1, 84416, 97871, 100, 541.83
2026/10/09 03:55:54.678, 2, 82374, 97871, 100, 527.98
2026/10/09 03:55:54.678, 3, 81442, 97871, 100, 529.59
2026/10/09 03:55:55.678, 0, 80673, 97871, 100, 504.44
2026/10/09 03:55:55.679, 1, 84416, 97871, 100, 542.72
2026/10/09 03:55:55.679, 2, 82374, 97871, 100, 530.95
2026/10/09 03:55:55.679, 3, 81442, 97871, 100, 542.53
2026/10/09 03:55:56.679, 0, 80673, 97871, 100, 507.26
2026/10/09 03:55:56.679, 1, 84416, 97871, 100, 545.07
2026/10/09 03:55:56.679, 2, 82374, 97871, 100, 526.94
2026/10/09 03:55:56.679, 3, 81442, 97871, 100, 541.21
2026/10/09 03:55:57.679, 0, 80673, 97871, 100, 474.20
2026/10/09 03:55:57.679, 1, 84416, 97871, 100, 542.38
2026/10/09 03:55:57.679, 2, 82374, 97871, 100, 517.95
2026/10/09 03:55:57.679, 3, 81442, 97871, 100, 542.63
2026/10/09 03:55:58.679, 0, 80673, 97871, 100, 513.61
2026/10/09 03:55:58.679, 1, 84416, 97871, 100, 542.58
2026/10/09 03:55:58.679, 2, 82374, 97871, 100, 483.14
2026/10/09 03:55:58.680, 3, 81442, 97871, 100, 539.54
2026/10/09 03:55:59.680, 0, 80673, 97871, 100, 499.30
2026/10/09 03:55:59.680, 1, 84416, 97871, 100, 543.87
2026/10/09 03:55:59.680, 2, 82374, 97871, 100, 552.49
2026/10/09 03:55:59.680, 3, 81442, 97871, 100, 539.91
2026/10/09 03:56:00.680, 0, 80673, 97871, 100, 494.50
2026/10/09 03:56:00.680, 1, 84416, 97871, 100, 538.22
2026/10/09 03:56:00.680, 2, 82374, 97871, 100, 552.45
2026/10/09 03:56:00.680, 3, 81442, 97871, 100, 536.90
2026/10/09 03:56:01.680, 0, 80673, 97871, 100, 510.96
2026/10/09 03:56:01.680, 1, 84416, 97871, 100, 539.17
2026/10/09 03:56:01.680, 2, 82374, 97871, 100, 535.91
2026/10/09 03:56:01.680, 3, 81442, 97871, 100, 542.14
2026/10/09 03:56:02.681, 0, 80673, 97871, 100, 488.20
2026/10/09 03:56:02.681, 1, 84416, 97871, 100, 540.57
2026/10/09 03:56:02.681, 2, 82374, 97871, 100, 543.77
2026/10/09 03:56:02.681, 3, 81442, 97871, 100, 536.88
2026/10/09 03:56:03.681, 0, 80673, 97871, 100, 495.79
2026/10/09 03:56:03.681, 1, 84416, 97871, 100, 543.38
2026/10/09 03:56:03.681, 2, 82374, 97871, 100, 543.21
2026/10/09 03:56:03.681, 3, 81442, 97871, 100, 538.19
2026/10/09 03:56:04.681, 0, 80673, 97871, 100, 482.61
2026/10/09 03:56:04.681, 1, 84416, 97871, 100, 537.96
2026/10/09 03:56:04.681, 2, 82374, 97871, 100, 549.70
2026/10/09 03:56:04.681, 3, 81442, 97871, 100, 524.92
2026/10/09 03:56:05.682, 0, 80673, 97871, 100, 500.05
2026/10/09 03:56:05.682, 1, 84416, 97871, 100, 543.54
2026/10/09 03:56:05.682, 2, 82374, 97871, 100, 549.21
2026/10/09 03:56:05.682, 3, 81442, 97871, 100, 522.67
2026/10/09 03:56:06.682, 0, 80673, 97871, 100, 480.11
2026/10/09 03:56:06.682, 1, 84416, 97871, 100, 537.53
2026/10/09 03:56:06.682, 2, 82374, 97871, 100, 523.30
2026/10/09 03:56:06.682, 3, 81442, 97871, 100, 525.35
2026/10/09 03:56:07.682, 0, 80673, 97871, 100, 495.28
2026/10/09 03:56:07.682, 1, 84416, 97871, 100, 539.23
2026/10/09 03:56:07.682, 2, 82374, 97871, 100, 540.12
2026/10/09 03:56:07.682, 3, 81442, 97871, 100, 533.77
2026/10/09 03:56:08.682, 0, 80673, 97871, 100, 495.62
2026/10/09 03:56:08.682, 1, 84416, 97871, 100, 539.71
2026/10/09 03:56:08.683, 2, 82374, 97871, 100, 543.29
2026/10/09 03:56:08.683, 3, 81442, 97871, 100, 535.69
2026/10/09 03:56:09.683, 0, 80673, 97871, 100, 486.70
2026/10/09 03:56:09.683, 1, 84416, 97871, 100, 539.92
2026/10/09 03:56:09.683, 2, 82374, 97871, 100, 542.17
2026/10/09 03:56:09.683, 3, 81442, 97871, 100, 532.90
2026/10/09 03:56:10.683, 0, 80673, 97871, 100, 490.56
2026/10/09 03:56:10.683, 1, 84416, 97871, 100, 539.43
2026/10/09 03:56:10.683, 2, 82374, 97871, 100, 539.26
2026/10/09 03:56:10.683, 3, 81442, 97871, 100, 526.62
2026/10/09 03:56:11.683, 0, 80673, 97871, 100, 474.00
2026/10/09 03:56:11.683, 1, 84416, 97871, 100, 543.51
2026/10/09 03:56:11.683, 2, 82374, 97871, 100, 554.70
2026/10/09 03:56:11.683, 3, 81442, 97871, 100, 527.83
2026/10/09 03:56:12.683, 0, 80673, 97871, 99, 495.42
2026/10/09 03:56:12.684, 1, 84416, 97871, 100, 543.14
2026/10/09 03:56:12.684, 2, 82374, 97871, 100, 540.98
2026/10/09 03:56:12.684, 3, 81442, 97871, 100, 532.07
2026/10/09 03:56:13.684, 0, 80673, 97871, 100, 488.98
2026/10/09 03:56:13.684, 1, 84416, 97871, 100, 543.03
2026/10/09 03:56:13.684, 2, 82374, 97871, 100, 532.08
2026/10/09 03:56:13.684, 3, 81442, 97871, 100, 530.25
2026/10/09 03:56:14.684, 0, 80673, 97871, 99, 487.90
2026/10/09 03:56:14.684, 1, 84416, 97871, 100, 539.95
2026/10/09 03:56:14.684, 2, 82374, 97871, 100, 527.76
2026/10/09 03:56:14.684, 3, 81442, 97871, 100, 529.02
2026/10/09 03:56:15.684, 0, 80673, 97871, 100, 512.55
2026/10/09 03:56:15.684, 1, 84416, 97871, 100, 541.77
2026/10/09 03:56:15.685, 2, 82374, 97871, 100, 541.81
2026/10/09 03:56:15.685, 3, 81442, 97871, 100, 530.77
2026/10/09 03:56:16.685, 0, 80673, 97871, 100, 485.40
2026/10/09 03:56:16.685, 1, 84416, 97871, 100, 541.05
2026/10/09 03:56:16.685, 2, 82374, 97871, 100, 532.68
2026/10/09 03:56:16.685, 3, 81442, 97871, 100, 534.48
2026/10/09 03:56:17.685, 0, 80673, 97871, 100, 487.07
2026/10/09 03:56:17.685, 1, 84416, 97871, 100, 540.61
2026/10/09 03:56:17.685, 2, 82374, 97871, 100, 533.81
2026/10/09 03:56:17.685, 3, 81442, 97871, 100, 535.47
2026/10/09 03:56:18.685, 0, 80673, 97871, 99, 488.81
2026/10/09 03:56:18.685, 1, 84416, 97871, 100, 536.98
2026/10/09 03:56:18.685, 2, 82374, 97871, 100, 533.38
2026/10/09 03:56:18.685, 3, 81442, 97871, 100, 530.94
2026/10/09 03:56:19.685, 0, 80673, 97871, 100, 498.15
2026/10/09 03:56:19.686, 1, 84416, 97871, 100, 539.69
2026/10/09 03:56:19.686, 2, 82374, 97871, 100, 534.24
2026/10/09 03:56:19.686, 3, 81442, 97871, 100, 530.57
2026/10/09 03:56:20.686, 0, 80673, 97871, 100, 478.40
2026/10/09 03:56:20.686, 1, 84416, 97871, 100, 542.47
2026/10/09 03:56:20.686, 2, 82374, 97871, 100, 538.00
2026/10/09 03:56:20.686, 3, 81442, 97871, 100, 528.58
2026/10/09 03:56:21.686, 0, 80673, 97871, 100, 479.44
2026/10/09 03:56:21.686, 1, 84416, 97871, 100, 542.20
2026/10/09 03:56:21.686, 2, 82374, 97871, 100, 528.12
2026/10/09 03:56:21.686, 3, 81442, 97871, 100, 517.13
2026/10/09 03:56:22.686, 0, 80673, 97871, 100, 493.54
2026/10/09 03:56:22.686, 1, 84416, 97871, 100, 540.99
2026/10/09 03:56:22.686, 2, 82374, 97871, 100, 517.38
2026/10/09 03:56:22.687, 3, 81442, 97871, 100, 515.90
2026/10/09 03:56:23.687, 0, 80673, 97871, 100, 479.56
2026/10/09 03:56:23.687, 1, 84416, 97871, 100, 533.01
2026/10/09 03:56:23.687, 2, 82374, 97871, 100, 482.93
2026/10/09 03:56:23.687, 3, 81442, 97871, 100, 518.01
2026/10/09 03:56:24.687, 0, 80673, 97871, 100, 500.60
2026/10/09 03:56:24.687, 1, 84416, 97871, 100, 536.94
2026/10/09 03:56:24.687, 2, 82374, 97871, 100, 550.98
2026/10/09 03:56:24.687, 3, 81442, 97871, 1, 457.17
2026/10/09 03:56:25.687, 0, 80673, 97871, 100, 493.18
2026/10/09 03:56:25.687, 1, 84416, 97871, 100, 533.67
2026/10/09 03:56:25.687, 2, 82374, 97871, 100, 543.26
2026/10/09 03:56:25.687, 3, 81442, 97871, 100, 552.54
2026/10/09 03:56:26.687, 0, 80673, 97871, 99, 452.33
2026/10/09 03:56:26.688, 1, 84416, 97871, 100, 534.92
2026/10/09 03:56:26.688, 2, 82374, 97871, 100, 547.20
2026/10/09 03:56:26.688, 3, 81442, 97871, 100, 542.40
2026/10/09 03:56:27.688, 0, 80673, 97871, 99, 441.15
2026/10/09 03:56:27.688, 1, 84416, 97871, 100, 548.09
2026/10/09 03:56:27.688, 2, 82374, 97871, 100, 548.61
2026/10/09 03:56:27.688, 3, 81442, 97871, 100, 540.81
2026/10/09 03:56:28.688, 0, 80673, 97871, 100, 467.11
2026/10/09 03:56:28.688, 1, 84416, 97871, 100, 539.95
2026/10/09 03:56:28.688, 2, 82374, 97871, 100, 551.75
2026/10/09 03:56:28.688, 3, 81442, 97871, 100, 539.74
2026/10/09 03:56:29.688, 0, 80673, 97871, 100, 531.40
2026/10/09 03:56:29.688, 1, 84416, 97871, 100, 540.18
2026/10/09 03:56:29.688, 2, 82374, 97871, 100, 541.89
2026/10/09 03:56:29.689, 3, 81442, 97871, 100, 536.46
2026/10/09 03:56:30.689, 0, 80673, 97871, 100, 529.17
2026/10/09 03:56:30.689, 1, 84416, 97871, 100, 541.29
2026/10/09 03:56:30.689, 2, 82374, 97871, 100, 541.51
2026/10/09 03:56:30.689, 3, 81442, 97871, 100, 535.11
2026/10/09 03:56:31.689, 0, 80673, 97871, 100, 529.95
2026/10/09 03:56:31.689, 1, 84416, 97871, 100, 541.94
2026/10/09 03:56:31.689, 2, 82374, 97871, 100, 524.07
2026/10/09 03:56:31.689, 3, 81442, 97871, 100, 537.65
2026/10/09 03:56:32.689, 0, 80673, 97871, 100, 532.98
2026/10/09 03:56:32.689, 1, 84416, 97871, 100, 539.61
2026/10/09 03:56:32.689, 2, 82374, 97871, 65, 511.02
2026/10/09 03:56:32.689, 3, 81442, 97871, 100, 538.15
2026/10/09 03:56:33.690, 0, 80673, 97871, 100, 482.10
2026/10/09 03:56:33.690, 1, 84416, 97871, 100, 545.85
2026/10/09 03:56:33.690, 2, 82374, 97871, 100, 548.78
2026/10/09 03:56:33.690, 3, 81442, 97871, 100, 536.26
2026/10/09 03:56:34.690, 0, 80673, 97871, 100, 528.65
2026/10/09 03:56:34.690, 1, 84416, 97871, 100, 538.04
2026/10/09 03:56:34.690, 2, 82374, 97871, 100, 549.63
2026/10/09 03:56:34.690, 3, 81442, 97871, 100, 537.10
2026/10/09 03:56:35.690, 0, 80673, 97871, 100, 524.65
2026/10/09 03:56:35.690, 1, 84416, 97871, 100, 523.86
2026/10/09 03:56:35.690, 2, 82374, 97871, 100, 547.91
2026/10/09 03:56:35.690, 3, 81442, 97871, 100, 521.32
2026/10/09 03:56:36.690, 0, 80673, 97871, 100, 525.47
2026/10/09 03:56:36.690, 1, 84416, 97871, 100, 527.67
2026/10/09 03:56:36.690, 2, 82374, 97871, 100, 548.80
2026/10/09 03:56:36.690, 3, 81442, 97871, 100, 522.51
2026/10/09 03:56:37.691, 0, 80673, 97871, 100, 536.72
2026/10/09 03:56:37.691, 1, 84416, 97871, 100, 526.24
2026/10/09 03:56:37.691, 2, 82374, 97871, 100, 548.21
2026/10/09 03:56:37.691, 3, 81442, 97871, 100, 520.10
2026/10/09 03:56:38.691, 0, 80673, 97871, 100, 522.95
2026/10/09 03:56:38.691, 1, 84416, 97871, 100, 530.41
2026/10/09 03:56:38.691, 2, 82374, 97871, 100, 540.55
2026/10/09 03:56:38.691, 3, 81442, 97871, 100, 531.35
2026/10/09 03:56:39.691, 0, 80673, 97871, 100, 523.65
2026/10/09 03:56:39.691, 1, 84416, 97871, 100, 535.54
2026/10/09 03:56:39.691, 2, 82374, 97871, 100, 537.79
2026/10/09 03:56:39.691, 3, 81442, 97871, 100, 532.53
2026/10/09 03:56:40.691, 0, 80673, 97871, 100, 521.18
2026/10/09 03:56:40.692, 1, 84416, 97871, 100, 529.55
2026/10/09 03:56:40.692, 2, 82374, 97871, 100, 538.73
2026/10/09 03:56:40.692, 3, 81442, 97871, 100, 533.91
2026/10/09 03:56:41.692, 0, 80673, 97871, 100, 523.53
2026/10/09 03:56:41.692, 1, 84416, 97871, 0, 428.89
2026/10/09 03:56:41.692, 2, 82374, 97871, 100, 547.63
2026/10/09 03:56:41.692, 3, 81442, 97871, 100, 530.52
2026/10/09 03:56:42.692, 0, 80673, 97871, 100, 524.29
2026/10/09 03:56:42.692, 1, 84416, 97871, 100, 551.07
2026/10/09 03:56:42.692, 2, 82374, 97871, 100, 545.76
2026/10/09 03:56:42.692, 3, 81442, 97871, 100, 523.51
2026/10/09 03:56:43.692, 0, 80673, 97871, 100, 524.28
2026/10/09 03:56:43.692, 1, 84416, 97871, 100, 550.44
2026/10/09 03:56:43.692, 2, 82374, 97871, 100, 546.46
2026/10/09 03:56:43.692, 3, 81442, 97871, 100, 530.14
2026/10/09 03:56:44.693, 0, 80673, 97871, 100, 517.11
2026/10/09 03:56:44.693, 1, 84416, 97871, 100, 547.36
2026/10/09 03:56:44.693, 2, 82374, 97871, 100, 539.49
2026/10/09 03:56:44.693, 3, 81442, 97871, 100, 528.56
2026/10/09 03:56:45.693, 0, 80673, 97871, 100, 521.01
2026/10/09 03:56:45.693, 1, 84416, 97871, 100, 549.14
2026/10/09 03:56:45.693, 2, 82374, 97871, 100, 539.70
2026/10/09 03:56:45.693, 3, 81442, 97871, 100, 528.61
2026/10/09 03:56:46.693, 0, 80673, 97871, 100, 521.21
2026/10/09 03:56:46.693, 1, 84416, 97871, 100, 553.35
2026/10/09 03:56:46.693, 2, 82374, 97871, 100, 535.40
2026/10/09 03:56:46.693, 3, 81442, 97871, 100, 533.50
2026/10/09 03:56:47.693, 0, 80673, 97871, 100, 522.41
2026/10/09 03:56:47.693, 1, 84416, 97871, 100, 545.83
2026/10/09 03:56:47.693, 2, 82374, 97871, 100, 539.67
2026/10/09 03:56:47.694, 3, 81442, 97871, 100, 529.96
2026/10/09 03:56:48.694, 0, 80673, 97871, 100, 520.79
2026/10/09 03:56:48.694, 1, 84416, 97871, 100, 552.59
2026/10/09 03:56:48.694, 2, 82374, 97871, 100, 546.81
2026/10/09 03:56:48.694, 3, 81442, 97871, 100, 533.87
2026/10/09 03:56:49.694, 0, 80673, 97871, 100, 522.14
2026/10/09 03:56:49.694, 1, 84416, 97871, 100, 547.45
2026/10/09 03:56:49.694, 2, 82374, 97871, 100, 546.02
2026/10/09 03:56:49.694, 3, 81442, 97871, 100, 533.88
2026/10/09 03:56:50.694, 0, 80673, 97871, 100, 526.85
2026/10/09 03:56:50.694, 1, 84416, 97871, 100, 552.14
2026/10/09 03:56:50.694, 2, 82374, 97871, 100, 542.26
2026/10/09 03:56:50.694, 3, 81442, 97871, 100, 533.78
2026/10/09 03:56:51.694, 0, 80673, 97871, 100, 521.55
2026/10/09 03:56:51.695, 1, 84416, 97871, 100, 547.97
2026/10/09 03:56:51.695, 2, 82374, 97871, 100, 541.37
2026/10/09 03:56:51.695, 3, 81442, 97871, 100, 531.74
2026/10/09 03:56:52.695, 0, 80673, 97871, 100, 462.51
2026/10/09 03:56:52.695, 1, 84416, 97871, 100, 539.90
2026/10/09 03:56:52.695, 2, 82374, 97871, 100, 542.45
2026/10/09 03:56:52.695, 3, 81442, 97871, 100, 533.05
2026/10/09 03:56:53.695, 0, 80673, 97871, 99, 439.07
2026/10/09 03:56:53.695, 1, 84416, 97871, 100, 532.14
2026/10/09 03:56:53.695, 2, 82374, 97871, 100, 541.46
2026/10/09 03:56:53.695, 3, 81442, 97871, 100, 531.17
2026/10/09 03:56:54.695, 0, 80673, 97871, 100, 488.85
2026/10/09 03:56:54.695, 1, 84416, 97871, 100, 541.87
2026/10/09 03:56:54.695, 2, 82374, 97871, 100, 544.37
2026/10/09 03:56:54.695, 3, 81442, 97871, 100, 531.03
2026/10/09 03:56:55.695, 0, 80673, 97871, 100, 527.08
2026/10/09 03:56:55.696, 1, 84416, 97871, 100, 536.56
2026/10/09 03:56:55.696, 2, 82374, 97871, 100, 539.59
2026/10/09 03:56:55.696, 3, 81442, 97871, 100, 536.84
2026/10/09 03:56:56.696, 0, 80673, 97871, 100, 527.57
2026/10/09 03:56:56.696, 1, 84416, 97871, 100, 548.42
2026/10/09 03:56:56.696, 2, 82374, 97871, 100, 546.30
2026/10/09 03:56:56.696, 3, 81442, 97871, 100, 519.92
2026/10/09 03:56:57.696, 0, 80673, 97871, 100, 525.19
2026/10/09 03:56:57.696, 1, 84416, 97871, 100, 545.57
2026/10/09 03:56:57.696, 2, 82374, 97871, 100, 539.14
2026/10/09 03:56:57.696, 3, 81442, 97871, 100, 528.31
2026/10/09 03:56:58.696, 0, 80673, 97871, 100, 525.25
2026/10/09 03:56:58.696, 1, 84416, 97871, 100, 539.16
2026/10/09 03:56:58.696, 2, 82374, 97871, 100, 541.52
2026/10/09 03:56:58.696, 3, 81442, 97871, 100, 530.79
2026/10/09 03:56:59.697, 0, 80673, 97871, 100, 522.32
2026/10/09 03:56:59.697, 1, 84416, 97871, 100, 541.06
2026/10/09 03:56:59.697, 2, 82374, 97871, 100, 545.41
2026/10/09 03:56:59.697, 3, 81442, 97871, 100, 530.16
2026/10/09 03:57:00.697, 0, 80673, 97871, 100, 522.54
2026/10/09 03:57:00.697, 1, 84416, 97871, 100, 541.63
2026/10/09 03:57:00.697, 2, 82374, 97871, 100, 545.67
2026/10/09 03:57:00.697, 3, 81442, 97871, 100, 528.40
2026/10/09 03:57:01.697, 0, 80673, 97871, 100, 523.93
2026/10/09 03:57:01.697, 1, 84416, 97871, 100, 541.55
2026/10/09 03:57:01.697, 2, 82374, 97871, 100, 545.24
2026/10/09 03:57:01.697, 3, 81442, 97871, 100, 533.06
2026/10/09 03:57:02.697, 0, 80673, 97871, 100, 492.89
2026/10/09 03:57:02.697, 1, 84416, 97871, 100, 538.13
2026/10/09 03:57:02.697, 2, 82374, 97871, 100, 543.05
2026/10/09 03:57:02.698, 3, 81442, 97871, 100, 531.07
2026/10/09 03:57:03.698, 0, 80673, 97871, 100, 504.31
2026/10/09 03:57:03.698, 1, 84416, 97871, 100, 540.98
2026/10/09 03:57:03.698, 2, 82374, 97871, 100, 536.36
2026/10/09 03:57:03.698, 3, 81442, 97871, 100, 530.91
2026/10/09 03:57:04.698, 0, 80673, 97871, 100, 526.01
2026/10/09 03:57:04.698, 1, 84416, 97871, 100, 538.91
2026/10/09 03:57:04.698, 2, 82374, 97871, 100, 540.51
2026/10/09 03:57:04.698, 3, 81442, 97871, 100, 533.54
2026/10/09 03:57:05.698, 0, 80673, 97871, 100, 527.62
2026/10/09 03:57:05.698, 1, 84416, 97871, 100, 539.00
2026/10/09 03:57:05.698, 2, 82374, 97871, 100, 539.76
2026/10/09 03:57:05.698, 3, 81442, 97871, 100, 527.37
2026/10/09 03:57:06.698, 0, 80673, 97871, 100, 527.13
2026/10/09 03:57:06.698, 1, 84416, 97871, 100, 540.63
2026/10/09 03:57:06.699, 2, 82374, 97871, 100, 537.92
2026/10/09 03:57:06.699, 3, 81442, 97871, 100, 535.64
2026/10/09 03:57:07.699, 0, 80673, 97871, 100, 524.73
2026/10/09 03:57:07.699, 1, 84416, 97871, 100, 548.11
2026/10/09 03:57:07.699, 2, 82374, 97871, 100, 527.67
2026/10/09 03:57:07.699, 3, 81442, 97871, 100, 527.84
2026/10/09 03:57:08.699, 0, 80673, 97871, 100, 524.47
2026/10/09 03:57:08.699, 1, 84416, 97871, 100, 534.98
2026/10/09 03:57:08.699, 2, 82374, 97871, 100, 514.15
2026/10/09 03:57:08.699, 3, 81442, 97871, 100, 526.91
2026/10/09 03:57:09.699, 0, 80673, 97871, 100, 525.49
2026/10/09 03:57:09.699, 1, 84416, 97871, 100, 541.55
2026/10/09 03:57:09.699, 2, 82374, 97871, 100, 471.57
2026/10/09 03:57:09.699, 3, 81442, 97871, 100, 529.78
2026/10/09 03:57:10.699, 0, 80673, 97871, 100, 522.80
2026/10/09 03:57:10.700, 1, 84416, 97871, 100, 539.73
2026/10/09 03:57:10.700, 2, 82374, 97871, 100, 547.45
2026/10/09 03:57:10.700, 3, 81442, 97871, 100, 524.61
2026/10/09 03:57:11.700, 0, 80673, 97871, 100, 527.66
2026/10/09 03:57:11.700, 1, 84416, 97871, 100, 531.45
2026/10/09 03:57:11.700, 2, 82374, 97871, 100, 549.72
2026/10/09 03:57:11.700, 3, 81442, 97871, 100, 521.46
2026/10/09 03:57:12.700, 0, 80673, 97871, 100, 522.17
2026/10/09 03:57:12.700, 1, 84416, 97871, 100, 522.71
2026/10/09 03:57:12.700, 2, 82374, 97871, 100, 550.33
2026/10/09 03:57:12.700, 3, 81442, 97871, 100, 528.52
2026/10/09 03:57:13.700, 0, 80673, 97871, 100, 528.97
2026/10/09 03:57:13.700, 1, 84416, 97871, 100, 521.39
2026/10/09 03:57:13.700, 2, 82374, 97871, 100, 548.58
2026/10/09 03:57:13.700, 3, 81442, 97871, 100, 528.41
2026/10/09 03:57:14.701, 0, 80673, 97871, 100, 523.70
2026/10/09 03:57:14.701, 1, 84416, 97871, 100, 534.48
2026/10/09 03:57:14.701, 2, 82374, 97871, 100, 545.82
2026/10/09 03:57:14.701, 3, 81442, 97871, 100, 529.65
2026/10/09 03:57:15.701, 0, 80673, 97871, 100, 519.76
2026/10/09 03:57:15.701, 1, 84416, 97871, 100, 532.36
2026/10/09 03:57:15.701, 2, 82374, 97871, 100, 550.35
2026/10/09 03:57:15.701, 3, 81442, 97871, 100, 529.85
2026/10/09 03:57:16.701, 0, 80673, 97871, 100, 523.60
2026/10/09 03:57:16.701, 1, 84416, 97871, 95, 477.43
2026/10/09 03:57:16.701, 2, 82374, 97871, 100, 548.13
2026/10/09 03:57:16.701, 3, 81442, 97871, 100, 532.09
2026/10/09 03:57:17.701, 0, 80673, 97871, 100, 523.46
2026/10/09 03:57:17.701, 1, 84416, 97871, 100, 550.74
2026/10/09 03:57:17.701, 2, 82374, 97871, 100, 541.59
2026/10/09 03:57:17.701, 3, 81442, 97871, 100, 531.94
2026/10/09 03:57:18.702, 0, 80673, 97871, 100, 519.75
2026/10/09 03:57:18.702, 1, 84416, 97871, 100, 549.78
2026/10/09 03:57:18.702, 2, 82374, 97871, 100, 550.65
2026/10/09 03:57:18.702, 3, 81442, 97871, 100, 528.40
2026/10/09 03:57:19.702, 0, 80673, 97871, 100, 525.39
2026/10/09 03:57:19.702, 1, 84416, 97871, 100, 550.15
2026/10/09 03:57:19.702, 2, 82374, 97871, 100, 550.02
2026/10/09 03:57:19.702, 3, 81442, 97871, 100, 529.98
2026/10/09 03:57:20.702, 0, 80673, 97871, 100, 524.89
2026/10/09 03:57:20.702, 1, 84416, 97871, 100, 550.71
2026/10/09 03:57:20.702, 2, 82374, 97871, 100, 531.66
2026/10/09 03:57:20.702, 3, 81442, 97871, 100, 529.96
2026/10/09 03:57:21.702, 0, 80673, 97871, 100, 524.11
2026/10/09 03:57:21.702, 1, 84416, 97871, 100, 548.02
2026/10/09 03:57:21.702, 2, 82374, 97871, 100, 540.97
2026/10/09 03:57:21.702, 3, 81442, 97871, 100, 533.33
2026/10/09 03:57:22.703, 0, 80673, 97871, 100, 526.55
2026/10/09 03:57:22.703, 1, 84416, 97871, 100, 547.94
2026/10/09 03:57:22.703, 2, 82374, 97871, 100, 543.11
2026/10/09 03:57:22.703, 3, 81442, 97871, 100, 528.03
2026/10/09 03:57:23.703, 0, 80673, 97871, 100, 523.93
2026/10/09 03:57:23.703, 1, 84416, 97871, 100, 547.37
2026/10/09 03:57:23.703, 2, 82374, 97871, 100, 533.47
2026/10/09 03:57:23.703, 3, 81442, 97871, 100, 530.66
2026/10/09 03:57:24.703, 0, 80673, 97871, 100, 523.17
2026/10/09 03:57:24.703, 1, 84416, 97871, 100, 549.19
2026/10/09 03:57:24.703, 2, 82374, 97871, 100, 527.23
2026/10/09 03:57:24.703, 3, 81442, 97871, 100, 528.59
2026/10/09 03:57:25.703, 0, 80673, 97871, 100, 525.43
2026/10/09 03:57:25.703, 1, 84416, 97871, 100, 548.70
2026/10/09 03:57:25.703, 2, 82374, 97871, 100, 531.77
2026/10/09 03:57:25.703, 3, 81442, 97871, 100, 529.62
2026/10/09 03:57:26.704, 0, 80673, 97871, 100, 525.80
2026/10/09 03:57:26.704, 1, 84416, 97871, 100, 550.31
2026/10/09 03:57:26.704, 2, 82374, 97871, 100, 523.49
2026/10/09 03:57:26.704, 3, 81442, 97871, 100, 523.50
2026/10/09 03:57:27.704, 0, 80673, 97871, 100, 524.30
2026/10/09 03:57:27.704, 1, 84416, 97871, 100, 542.41
2026/10/09 03:57:27.704, 2, 82374, 97871, 100, 492.30
2026/10/09 03:57:27.704, 3, 81442, 97871, 100, 523.90
2026/10/09 03:57:28.704, 0, 80673, 97871, 100, 523.56
2026/10/09 03:57:28.704, 1, 84416, 97871, 100, 531.56
2026/10/09 03:57:28.704, 2, 82374, 97871, 100, 552.42
2026/10/09 03:57:28.704, 3, 81442, 97871, 100, 523.68
2026/10/09 03:57:29.704, 0, 80673, 97871, 100, 524.67
2026/10/09 03:57:29.704, 1, 84416, 97871, 100, 534.99
2026/10/09 03:57:29.704, 2, 82374, 97871, 100, 548.35
2026/10/09 03:57:29.704, 3, 81442, 97871, 100, 532.19
2026/10/09 03:57:30.705, 0, 80673, 97871, 100, 524.66
2026/10/09 03:57:30.705, 1, 84416, 97871, 100, 536.23
2026/10/09 03:57:30.705, 2, 82374, 97871, 100, 549.45
2026/10/09 03:57:30.705, 3, 81442, 97871, 100, 529.19
2026/10/09 03:57:31.705, 0, 80673, 97871, 100, 520.60
2026/10/09 03:57:31.705, 1, 84416, 97871, 100, 542.01
2026/10/09 03:57:31.705, 2, 82374, 97871, 100, 546.74
2026/10/09 03:57:31.705, 3, 81442, 97871, 100, 534.07
2026/10/09 03:57:32.705, 0, 80673, 97871, 100, 523.56
2026/10/09 03:57:32.705, 1, 84416, 97871, 100, 537.39
2026/10/09 03:57:32.705, 2, 82374, 97871, 100, 549.21
2026/10/09 03:57:32.705, 3, 81442, 97871, 100, 529.85
2026/10/09 03:57:33.705, 0, 80673, 97871, 100, 521.57
2026/10/09 03:57:33.705, 1, 84416, 97871, 100, 541.56
2026/10/09 03:57:33.705, 2, 82374, 97871, 100, 547.20
2026/10/09 03:57:33.706, 3, 81442, 97871, 100, 531.47
2026/10/09 03:57:34.706, 0, 80673, 97871, 100, 532.22
2026/10/09 03:57:34.706, 1, 84416, 97871, 100, 539.08
2026/10/09 03:57:34.706, 2, 82374, 97871, 100, 546.11
2026/10/09 03:57:34.706, 3, 81442, 97871, 100, 533.31
2026/10/09 03:57:35.706, 0, 80673, 97871, 100, 479.97
2026/10/09 03:57:35.706, 1, 84416, 97871, 100, 534.70
2026/10/09 03:57:35.706, 2, 82374, 97871, 100, 546.84
2026/10/09 03:57:35.706, 3, 81442, 97871, 100, 533.11
2026/10/09 03:57:36.706, 0, 80673, 97871, 99, 438.14
2026/10/09 03:57:36.706, 1, 84416, 97871, 100, 536.12
2026/10/09 03:57:36.706, 2, 82374, 97871, 100, 546.05
2026/10/09 03:57:36.706, 3, 81442, 97871, 100, 530.39
2026/10/09 03:57:37.706, 0, 80673, 97871, 100, 437.47
2026/10/09 03:57:37.707, 1, 84416, 97871, 100, 538.22
2026/10/09 03:57:37.707, 2, 82374, 97871, 100, 545.65
2026/10/09 03:57:37.707, 3, 81442, 97871, 100, 534.07
2026/10/09 03:57:38.707, 0, 80673, 97871, 100, 526.80
2026/10/09 03:57:38.707, 1, 84416, 97871, 100, 542.01
2026/10/09 03:57:38.707, 2, 82374, 97871, 100, 545.95
2026/10/09 03:57:38.707, 3, 81442, 97871, 100, 527.37
2026/10/09 03:57:39.707, 0, 80673, 97871, 100, 524.90
2026/10/09 03:57:39.707, 1, 84416, 97871, 100, 536.42
2026/10/09 03:57:39.707, 2, 82374, 97871, 100, 546.61
2026/10/09 03:57:39.707, 3, 81442, 97871, 100, 528.08
2026/10/09 03:57:40.707, 0, 80673, 97871, 100, 525.18
2026/10/09 03:57:40.707, 1, 84416, 97871, 100, 539.71
2026/10/09 03:57:40.707, 2, 82374, 97871, 100, 534.56
2026/10/09 03:57:40.707, 3, 81442, 97871, 100, 530.56
2026/10/09 03:57:41.708, 0, 80673, 97871, 100, 526.12
2026/10/09 03:57:41.708, 1, 84416, 97871, 100, 544.17
2026/10/09 03:57:41.708, 2, 82374, 97871, 100, 546.02
2026/10/09 03:57:41.708, 3, 81442, 97871, 100, 523.79
2026/10/09 03:57:42.708, 0, 80673, 97871, 100, 526.03
2026/10/09 03:57:42.708, 1, 84416, 97871, 100, 538.85
2026/10/09 03:57:42.708, 2, 82374, 97871, 100, 545.53
2026/10/09 03:57:42.708, 3, 81442, 97871, 100, 520.94
2026/10/09 03:57:43.708, 0, 80673, 97871, 100, 526.17
2026/10/09 03:57:43.708, 1, 84416, 97871, 100, 535.67
2026/10/09 03:57:43.708, 2, 82374, 97871, 100, 542.68
2026/10/09 03:57:43.708, 3, 81442, 97871, 100, 528.34
2026/10/09 03:57:44.708, 0, 80673, 97871, 100, 525.15
2026/10/09 03:57:44.709, 1, 84416, 97871, 100, 539.18
2026/10/09 03:57:44.709, 2, 82374, 97871, 100, 550.64
2026/10/09 03:57:44.709, 3, 81442, 97871, 100, 530.73
2026/10/09 03:57:45.709, 0, 80673, 97871, 100, 524.41
2026/10/09 03:57:45.709, 1, 84416, 97871, 100, 541.84
2026/10/09 03:57:45.709, 2, 82374, 97871, 100, 544.41
2026/10/09 03:57:45.709, 3, 81442, 97871, 100, 534.15
2026/10/09 03:57:46.709, 0, 80673, 97871, 100, 525.85
2026/10/09 03:57:46.709, 1, 84416, 97871, 100, 538.60
2026/10/09 03:57:46.709, 2, 82374, 97871, 100, 546.23
2026/10/09 03:57:46.709, 3, 81442, 97871, 100, 536.39
2026/10/09 03:57:47.709, 0, 80673, 97871, 100, 528.41
2026/10/09 03:57:47.709, 1, 84416, 97871, 100, 540.59
2026/10/09 03:57:47.709, 2, 82374, 97871, 100, 545.37
2026/10/09 03:57:47.709, 3, 81442, 97871, 100, 533.93
2026/10/09 03:57:48.709, 0, 80673, 97871, 100, 532.98
2026/10/09 03:57:48.710, 1, 84416, 97871, 100, 543.67
2026/10/09 03:57:48.710, 2, 82374, 97871, 100, 540.15
2026/10/09 03:57:48.710, 3, 81442, 97871, 100, 533.38
2026/10/09 03:57:49.710, 0, 80673, 97871, 100, 533.09
2026/10/09 03:57:49.710, 1, 84416, 97871, 100, 543.43
2026/10/09 03:57:49.710, 2, 82374, 97871, 100, 544.57
2026/10/09 03:57:49.710, 3, 81442, 97871, 100, 529.53
2026/10/09 03:57:50.710, 0, 80673, 97871, 100, 529.86
2026/10/09 03:57:50.710, 1, 84416, 97871, 100, 542.98
2026/10/09 03:57:50.710, 2, 82374, 97871, 100, 542.42
2026/10/09 03:57:50.710, 3, 81442, 97871, 100, 534.25
2026/10/09 03:57:51.710, 0, 80673, 97871, 100, 524.97
2026/10/09 03:57:51.710, 1, 84416, 97871, 100, 536.49
2026/10/09 03:57:51.710, 2, 82374, 97871, 100, 544.40
2026/10/09 03:57:51.710, 3, 81442, 97871, 100, 523.41
2026/10/09 03:57:52.711, 0, 80673, 97871, 100, 511.71
2026/10/09 03:57:52.711, 1, 84416, 97871, 100, 532.52
2026/10/09 03:57:52.711, 2, 82374, 97871, 100, 547.84
2026/10/09 03:57:52.711, 3, 81442, 97871, 100, 529.54
2026/10/09 03:57:53.711, 0, 80673, 97871, 99, 437.56
2026/10/09 03:57:53.711, 1, 84416, 97871, 100, 536.09
2026/10/09 03:57:53.711, 2, 82374, 97871, 100, 544.05
2026/10/09 03:57:53.711, 3, 81442, 97871, 100, 533.38
2026/10/09 03:57:54.711, 0, 80673, 97871, 100, 489.87
2026/10/09 03:57:54.711, 1, 84416, 97871, 100, 540.09
2026/10/09 03:57:54.711, 2, 82374, 97871, 100, 539.81
2026/10/09 03:57:54.711, 3, 81442, 97871, 100, 530.06
2026/10/09 03:57:55.711, 0, 80673, 97871, 100, 525.86
2026/10/09 03:57:55.711, 1, 84416, 97871, 100, 539.06
2026/10/09 03:57:55.711, 2, 82374, 97871, 100, 547.10
2026/10/09 03:57:55.711, 3, 81442, 97871, 100, 528.54
2026/10/09 03:57:56.712, 0, 80673, 97871, 100, 525.93
2026/10/09 03:57:56.712, 1, 84416, 97871, 100, 539.31
2026/10/09 03:57:56.712, 2, 82374, 97871, 100, 549.88
2026/10/09 03:57:56.712, 3, 81442, 97871, 100, 533.22
2026/10/09 03:57:57.712, 0, 80673, 97871, 100, 527.63
2026/10/09 03:57:57.712, 1, 84416, 97871, 100, 544.53
2026/10/09 03:57:57.712, 2, 82374, 97871, 100, 545.43
2026/10/09 03:57:57.712, 3, 81442, 97871, 100, 523.12
2026/10/09 03:57:58.712, 0, 80673, 97871, 100, 526.61
2026/10/09 03:57:58.712, 1, 84416, 97871, 100, 541.40
2026/10/09 03:57:58.712, 2, 82374, 97871, 100, 545.35
2026/10/09 03:57:58.712, 3, 81442, 97871, 100, 527.13
2026/10/09 03:57:59.712, 0, 80673, 97871, 100, 526.38
2026/10/09 03:57:59.712, 1, 84416, 97871, 100, 538.93
2026/10/09 03:57:59.712, 2, 82374, 97871, 100, 543.13
2026/10/09 03:57:59.712, 3, 81442, 97871, 100, 534.77
2026/10/09 03:58:00.712, 0, 80673, 97871, 100, 526.05
2026/10/09 03:58:00.713, 1, 84416, 97871, 100, 537.62
2026/10/09 03:58:00.713, 2, 82374, 97871, 100, 547.61
2026/10/09 03:58:00.713, 3, 81442, 97871, 100, 531.32
2026/10/09 03:58:01.713, 0, 80673, 97871, 100, 527.32
2026/10/09 03:58:01.713, 1, 84416, 97871, 100, 535.97
2026/10/09 03:58:01.713, 2, 82374, 97871, 100, 543.19
2026/10/09 03:58:01.713, 3, 81442, 97871, 100, 529.66
2026/10/09 03:58:02.713, 0, 80673, 97871, 100, 527.67
2026/10/09 03:58:02.713, 1, 84416, 97871, 100, 542.41
2026/10/09 03:58:02.713, 2, 82374, 97871, 100, 545.51
2026/10/09 03:58:02.713, 3, 81442, 97871, 100, 533.45
2026/10/09 03:58:03.713, 0, 80673, 97871, 100, 527.53
2026/10/09 03:58:03.713, 1, 84416, 97871, 100, 541.89
2026/10/09 03:58:03.713, 2, 82374, 97871, 100, 540.22
2026/10/09 03:58:03.713, 3, 81442, 97871, 100, 532.70
2026/10/09 03:58:04.713, 0, 80673, 97871, 100, 530.07
2026/10/09 03:58:04.714, 1, 84416, 97871, 100, 539.74
2026/10/09 03:58:04.714, 2, 82374, 97871, 100, 540.82
2026/10/09 03:58:04.714, 3, 81442, 97871, 100, 534.96
2026/10/09 03:58:05.714, 0, 80673, 97871, 100, 532.46
2026/10/09 03:58:05.714, 1, 84416, 97871, 100, 541.72
2026/10/09 03:58:05.714, 2, 82374, 97871, 100, 540.67
2026/10/09 03:58:05.714, 3, 81442, 97871, 100, 533.45
2026/10/09 03:58:06.714, 0, 80673, 97871, 100, 532.75
2026/10/09 03:58:06.714, 1, 84416, 97871, 100, 539.75
2026/10/09 03:58:06.714, 2, 82374, 97871, 100, 539.70
2026/10/09 03:58:06.714, 3, 81442, 97871, 100, 533.31
2026/10/09 03:58:07.714, 0, 80673, 97871, 100, 530.76
2026/10/09 03:58:07.714, 1, 84416, 97871, 100, 539.62
2026/10/09 03:58:07.714, 2, 82374, 97871, 100, 546.15
2026/10/09 03:58:07.714, 3, 81442, 97871, 100, 531.33
2026/10/09 03:58:08.714, 0, 80673, 97871, 100, 530.81
2026/10/09 03:58:08.715, 1, 84416, 97871, 100, 533.08
2026/10/09 03:58:08.715, 2, 82374, 97871, 100, 541.81
2026/10/09 03:58:08.715, 3, 81442, 97871, 100, 530.81
2026/10/09 03:58:09.715, 0, 80673, 97871, 100, 526.12
2026/10/09 03:58:09.715, 1, 84416, 97871, 100, 537.18
2026/10/09 03:58:09.715, 2, 82374, 97871, 100, 542.33
2026/10/09 03:58:09.715, 3, 81442, 97871, 100, 527.58
2026/10/09 03:58:10.715, 0, 80673, 97871, 100, 530.05
2026/10/09 03:58:10.715, 1, 84416, 97871, 100, 541.15
2026/10/09 03:58:10.715, 2, 82374, 97871, 100, 547.85
2026/10/09 03:58:10.715, 3, 81442, 97871, 100, 530.12
2026/10/09 03:58:11.715, 0, 80673, 97871, 100, 529.39
2026/10/09 03:58:11.715, 1, 84416, 97871, 100, 542.05
2026/10/09 03:58:11.715, 2, 82374, 97871, 100, 540.67
2026/10/09 03:58:11.715, 3, 81442, 97871, 100, 525.00
2026/10/09 03:58:12.715, 0, 80673, 97871, 100, 530.28
2026/10/09 03:58:12.716, 1, 84416, 97871, 100, 547.88
2026/10/09 03:58:12.716, 2, 82374, 97871, 100, 547.91
2026/10/09 03:58:12.716, 3, 81442, 97871, 100, 519.07
2026/10/09 03:58:13.716, 0, 80673, 97871, 100, 529.41
2026/10/09 03:58:13.716, 1, 84416, 97871, 100, 545.88
2026/10/09 03:58:13.716, 2, 82374, 97871, 100, 540.07
2026/10/09 03:58:13.716, 3, 81442, 97871, 100, 529.42
2026/10/09 03:58:14.716, 0, 80673, 97871, 100, 530.05
2026/10/09 03:58:14.716, 1, 84416, 97871, 100, 537.26
2026/10/09 03:58:14.716, 2, 82374, 97871, 100, 549.65
2026/10/09 03:58:14.716, 3, 81442, 97871, 100, 534.72
2026/10/09 03:58:15.716, 0, 80673, 97871, 100, 529.69
2026/10/09 03:58:15.716, 1, 84416, 97871, 100, 541.08
2026/10/09 03:58:15.716, 2, 82374, 97871, 100, 543.33
2026/10/09 03:58:15.716, 3, 81442, 97871, 100, 537.40
2026/10/09 03:58:16.716, 0, 80673, 97871, 100, 528.26
2026/10/09 03:58:16.716, 1, 84416, 97871, 100, 539.92
2026/10/09 03:58:16.717, 2, 82374, 97871, 100, 541.71
2026/10/09 03:58:16.717, 3, 81442, 97871, 100, 527.58
2026/10/09 03:58:17.717, 0, 80673, 97871, 100, 530.50
2026/10/09 03:58:17.717, 1, 84416, 97871, 100, 542.58
2026/10/09 03:58:17.717, 2, 82374, 97871, 100, 541.24
2026/10/09 03:58:17.717, 3, 81442, 97871, 100, 530.77
2026/10/09 03:58:18.717, 0, 80673, 97871, 100, 525.75
2026/10/09 03:58:18.717, 1, 84416, 97871, 100, 542.64
2026/10/09 03:58:18.717, 2, 82374, 97871, 100, 545.24
2026/10/09 03:58:18.717, 3, 81442, 97871, 100, 531.22
2026/10/09 03:58:19.717, 0, 80673, 97871, 100, 527.04
2026/10/09 03:58:19.717, 1, 84416, 97871, 100, 542.08
2026/10/09 03:58:19.717, 2, 82374, 97871, 100, 546.96
2026/10/09 03:58:19.717, 3, 81442, 97871, 100, 528.57
2026/10/09 03:58:20.717, 0, 80673, 97871, 100, 528.83
2026/10/09 03:58:20.717, 1, 84416, 97871, 100, 546.85
2026/10/09 03:58:20.717, 2, 82374, 97871, 100, 537.18
2026/10/09 03:58:20.717, 3, 81442, 97871, 100, 532.83
2026/10/09 03:58:21.718, 0, 80673, 97871, 100, 528.59
2026/10/09 03:58:21.718, 1, 84416, 97871, 100, 546.62
2026/10/09 03:58:21.718, 2, 82374, 97871, 100, 540.55
2026/10/09 03:58:21.718, 3, 81442, 97871, 100, 529.50
2026/10/09 03:58:22.718, 0, 80673, 97871, 100, 526.29
2026/10/09 03:58:22.718, 1, 84416, 97871, 100, 536.70
2026/10/09 03:58:22.718, 2, 82374, 97871, 100, 544.61
2026/10/09 03:58:22.718, 3, 81442, 97871, 100, 514.68
2026/10/09 03:58:23.718, 0, 80673, 97871, 100, 526.03
2026/10/09 03:58:23.718, 1, 84416, 97871, 100, 539.86
2026/10/09 03:58:23.718, 2, 82374, 97871, 100, 537.85
2026/10/09 03:58:23.718, 3, 81442, 97871, 100, 516.98
2026/10/09 03:58:24.718, 0, 80673, 97871, 100, 531.56
2026/10/09 03:58:24.718, 1, 84416, 97871, 100, 535.65
2026/10/09 03:58:24.718, 2, 82374, 97871, 100, 542.38
2026/10/09 03:58:24.718, 3, 81442, 97871, 100, 516.82
2026/10/09 03:58:25.718, 0, 80673, 97871, 100, 529.62
2026/10/09 03:58:25.719, 1, 84416, 97871, 100, 537.22
2026/10/09 03:58:25.719, 2, 82374, 97871, 100, 550.89
2026/10/09 03:58:25.719, 3, 81442, 97871, 100, 517.28
2026/10/09 03:58:26.719, 0, 80673, 97871, 100, 526.57
2026/10/09 03:58:26.719, 1, 84416, 97871, 100, 533.44
2026/10/09 03:58:26.719, 2, 82374, 97871, 100, 546.46
2026/10/09 03:58:26.719, 3, 6, 97871, 0, 270.86
2026/10/09 03:58:27.719, 0, 80673, 97871, 100, 525.41
2026/10/09 03:58:27.719, 1, 84416, 97871, 100, 544.65
2026/10/09 03:58:27.719, 2, 82374, 97871, 100, 543.80
2026/10/09 03:58:27.719, 3, 6, 97871, 0, 149.95
2026/10/09 03:58:28.719, 0, 80673, 97871, 100, 528.23
2026/10/09 03:58:28.719, 1, 84416, 97871, 100, 533.94
2026/10/09 03:58:28.719, 2, 82374, 97871, 100, 545.54
2026/10/09 03:58:28.720, 3, 6, 97871, 0, 113.46
2026/10/09 03:58:29.720, 0, 80673, 97871, 100, 527.38
2026/10/09 03:58:29.720, 1, 84416, 97871, 100, 540.04
2026/10/09 03:58:29.720, 2, 82374, 97871, 100, 548.86
2026/10/09 03:58:29.720, 3, 6, 97871, 0, 98.74
2026/10/09 03:58:30.720, 0, 80673, 97871, 100, 524.35
2026/10/09 03:58:30.720, 1, 84416, 97871, 100, 541.06
2026/10/09 03:58:30.720, 2, 82374, 97871, 100, 545.58
2026/10/09 03:58:30.720, 3, 6, 97871, 0, 99.19
2026/10/09 03:58:31.720, 0, 80673, 97871, 100, 525.88
2026/10/09 03:58:31.720, 1, 84416, 97871, 100, 542.77
2026/10/09 03:58:31.720, 2, 82374, 97871, 100, 533.86
2026/10/09 03:58:31.720, 3, 6, 97871, 0, 99.25
2026/10/09 03:58:32.720, 0, 80673, 97871, 100, 528.37
2026/10/09 03:58:32.720, 1, 84416, 97871, 100, 543.18
2026/10/09 03:58:32.721, 2, 82374, 97871, 100, 532.42
2026/10/09 03:58:32.721, 3, 6, 97871, 0, 99.10
2026/10/09 03:58:33.721, 0, 80673, 97871, 100, 525.40
2026/10/09 03:58:33.721, 1, 84416, 97871, 100, 536.37
2026/10/09 03:58:33.721, 2, 82374, 97871, 100, 535.84
2026/10/09 03:58:33.721, 3, 6, 97871, 0, 99.21
2026/10/09 03:58:34.721, 0, 80673, 97871, 100, 525.86
2026/10/09 03:58:34.721, 1, 84416, 97871, 100, 537.49
2026/10/09 03:58:34.721, 2, 82374, 97871, 100, 524.11
2026/10/09 03:58:34.721, 3, 6, 97871, 0, 99.06
2026/10/09 03:58:35.721, 0, 80673, 97871, 100, 526.22
2026/10/09 03:58:35.721, 1, 84416, 97871, 100, 541.19
2026/10/09 03:58:35.721, 2, 82374, 97871, 100, 537.90
2026/10/09 03:58:35.721, 3, 6, 97871, 0, 99.01
2026/10/09 03:58:36.721, 0, 80673, 97871, 100, 529.59
2026/10/09 03:58:36.721, 1, 84416, 97871, 100, 540.54
2026/10/09 03:58:36.721, 2, 82374, 97871, 100, 523.46
2026/10/09 03:58:36.722, 3, 6, 97871, 0, 99.09
2026/10/09 03:58:37.722, 0, 80673, 97871, 100, 525.24
2026/10/09 03:58:37.722, 1, 84416, 97871, 100, 540.87
2026/10/09 03:58:37.722, 2, 82374, 97871, 78, 435.06
2026/10/09 03:58:37.722, 3, 6, 97871, 0, 98.89
2026/10/09 03:58:38.722, 0, 80673, 97871, 100, 527.13
2026/10/09 03:58:38.722, 1, 84416, 97871, 100, 539.84
2026/10/09 03:58:38.722, 2, 82374, 97871, 100, 550.67
2026/10/09 03:58:38.722, 3, 6, 97871, 0, 99.12
2026/10/09 03:58:39.722, 0, 80673, 97871, 100, 528.32
2026/10/09 03:58:39.722, 1, 84416, 97871, 100, 541.35
2026/10/09 03:58:39.722, 2, 82374, 97871, 100, 549.07
2026/10/09 03:58:39.722, 3, 6, 97871, 0, 99.03
2026/10/09 03:58:40.722, 0, 80673, 97871, 100, 526.79
2026/10/09 03:58:40.722, 1, 84416, 97871, 100, 537.20
2026/10/09 03:58:40.723, 2, 82374, 97871, 100, 550.39
2026/10/09 03:58:40.723, 3, 6, 97871, 0, 98.89
2026/10/09 03:58:41.723, 0, 80673, 97871, 100, 527.34
2026/10/09 03:58:41.723, 1, 84416, 97871, 100, 537.97
2026/10/09 03:58:41.723, 2, 82374, 97871, 100, 550.84
2026/10/09 03:58:41.723, 3, 6, 97871, 0, 99.01
2026/10/09 03:58:42.723, 0, 80673, 97871, 100, 526.68
2026/10/09 03:58:42.723, 1, 84416, 97871, 100, 540.59
2026/10/09 03:58:42.723, 2, 82374, 97871, 100, 550.83
2026/10/09 03:58:42.723, 3, 6, 97871, 0, 98.98
2026/10/09 03:58:43.723, 0, 80673, 97871, 100, 523.88
2026/10/09 03:58:43.723, 1, 84416, 97871, 100, 530.73
2026/10/09 03:58:43.723, 2, 82374, 97871, 100, 550.55
2026/10/09 03:58:43.723, 3, 6, 97871, 0, 98.86
2026/10/09 03:58:44.723, 0, 80673, 97871, 100, 529.14
2026/10/09 03:58:44.724, 1, 84416, 97871, 100, 534.24
2026/10/09 03:58:44.724, 2, 82374, 97871, 100, 547.85
2026/10/09 03:58:44.724, 3, 6, 97871, 0, 98.83
2026/10/09 03:58:45.724, 0, 80673, 97871, 100, 525.93
2026/10/09 03:58:45.724, 1, 84416, 97871, 100, 542.38
2026/10/09 03:58:45.724, 2, 82374, 97871, 100, 552.57
2026/10/09 03:58:45.724, 3, 6, 97871, 0, 99.03
2026/10/09 03:58:46.724, 0, 80673, 97871, 100, 526.30
2026/10/09 03:58:46.724, 1, 84416, 97871, 100, 543.40
2026/10/09 03:58:46.724, 2, 82374, 97871, 100, 550.13
2026/10/09 03:58:46.724, 3, 6, 97871, 0, 98.94
2026/10/09 03:58:47.724, 0, 80673, 97871, 100, 528.17
2026/10/09 03:58:47.724, 1, 84416, 97871, 100, 538.89
2026/10/09 03:58:47.724, 2, 82374, 97871, 100, 551.81
2026/10/09 03:58:47.724, 3, 6, 97871, 0, 98.79
2026/10/09 03:58:48.725, 0, 80673, 97871, 100, 525.13
2026/10/09 03:58:48.725, 1, 84416, 97871, 100, 535.78
2026/10/09 03:58:48.725, 2, 82374, 97871, 100, 549.79
2026/10/09 03:58:48.725, 3, 6, 97871, 0, 98.77
2026/10/09 03:58:49.725, 0, 80673, 97871, 100, 524.77
2026/10/09 03:58:49.725, 1, 84416, 97871, 100, 541.46
2026/10/09 03:58:49.725, 2, 82374, 97871, 100, 550.92
2026/10/09 03:58:49.725, 3, 6, 97871, 0, 98.82
2026/10/09 03:58:50.725, 0, 80673, 97871, 100, 527.06
2026/10/09 03:58:50.725, 1, 84416, 97871, 100, 536.00
2026/10/09 03:58:50.725, 2, 82374, 97871, 100, 549.79
2026/10/09 03:58:50.725, 3, 6, 97871, 0, 98.90
2026/10/09 03:58:51.725, 0, 80673, 97871, 100, 524.75
2026/10/09 03:58:51.725, 1, 84416, 97871, 100, 545.35
2026/10/09 03:58:51.725, 2, 82374, 97871, 100, 533.78
2026/10/09 03:58:51.726, 3, 6, 97871, 0, 98.95
2026/10/09 03:58:52.726, 0, 80673, 97871, 100, 525.32
2026/10/09 03:58:52.726, 1, 84416, 97871, 100, 535.46
2026/10/09 03:58:52.726, 2, 82374, 97871, 100, 535.69
2026/10/09 03:58:52.726, 3, 6, 97871, 0, 98.93
2026/10/09 03:58:53.726, 0, 80673, 97871, 100, 519.93
2026/10/09 03:58:53.726, 1, 84416, 97871, 100, 539.49
2026/10/09 03:58:53.726, 2, 82374, 97871, 100, 537.84
2026/10/09 03:58:53.726, 3, 6, 97871, 0, 98.80
2026/10/09 03:58:54.726, 0, 80673, 97871, 100, 453.92
2026/10/09 03:58:54.726, 1, 84416, 97871, 100, 543.64
2026/10/09 03:58:54.726, 2, 82374, 97871, 100, 544.15
2026/10/09 03:58:54.726, 3, 6, 97871, 0, 98.85
2026/10/09 03:58:55.726, 0, 80673, 97871, 78, 391.61
2026/10/09 03:58:55.726, 1, 84416, 97871, 100, 543.30
2026/10/09 03:58:55.726, 2, 82374, 97871, 100, 544.59
2026/10/09 03:58:55.727, 3, 6, 97871, 0, 98.94
2026/10/09 03:58:56.727, 0, 80673, 97871, 100, 530.85
2026/10/09 03:58:56.727, 1, 84416, 97871, 100, 540.06
2026/10/09 03:58:56.727, 2, 82374, 97871, 100, 542.31
2026/10/09 03:58:56.727, 3, 6, 97871, 0, 98.94
2026/10/09 03:58:57.727, 0, 80673, 97871, 100, 522.07
2026/10/09 03:58:57.727, 1, 84416, 97871, 100, 537.00
2026/10/09 03:58:57.727, 2, 82374, 97871, 100, 549.72
2026/10/09 03:58:57.727, 3, 6, 97871, 0, 98.99
2026/10/09 03:58:58.727, 0, 80673, 97871, 100, 524.30
2026/10/09 03:58:58.727, 1, 84416, 97871, 100, 542.52
2026/10/09 03:58:58.727, 2, 82374, 97871, 100, 550.21
2026/10/09 03:58:58.727, 3, 6, 97871, 0, 99.06
2026/10/09 03:58:59.727, 0, 80673, 97871, 100, 522.90
2026/10/09 03:58:59.727, 1, 84416, 97871, 100, 542.40
2026/10/09 03:58:59.727, 2, 82374, 97871, 100, 549.36
2026/10/09 03:58:59.727, 3, 6, 97871, 0, 99.10
2026/10/09 03:59:00.727, 0, 80673, 97871, 100, 523.83
2026/10/09 03:59:00.728, 1, 84416, 97871, 100, 539.63
2026/10/09 03:59:00.728, 2, 82374, 97871, 100, 548.43
2026/10/09 03:59:00.728, 3, 6, 97871, 0, 99.04
2026/10/09 03:59:01.728, 0, 80673, 97871, 100, 523.77
2026/10/09 03:59:01.728, 1, 84416, 97871, 100, 532.87
2026/10/09 03:59:01.728, 2, 82374, 97871, 100, 546.32
2026/10/09 03:59:01.728, 3, 6, 97871, 0, 99.03
2026/10/09 03:59:02.728, 0, 80673, 97871, 100, 524.66
2026/10/09 03:59:02.728, 1, 84416, 97871, 100, 542.09
2026/10/09 03:59:02.728, 2, 82374, 97871, 100, 545.05
2026/10/09 03:59:02.728, 3, 6, 97871, 0, 98.89
2026/10/09 03:59:03.728, 0, 80673, 97871, 100, 521.55
2026/10/09 03:59:03.728, 1, 84416, 97871, 100, 541.91
2026/10/09 03:59:03.728, 2, 82374, 97871, 100, 541.84
2026/10/09 03:59:03.728, 3, 6, 97871, 0, 99.00
2026/10/09 03:59:04.728, 0, 80673, 97871, 100, 523.19
2026/10/09 03:59:04.728, 1, 84416, 97871, 100, 539.36
2026/10/09 03:59:04.728, 2, 82374, 97871, 100, 543.90
2026/10/09 03:59:04.729, 3, 6, 97871, 0, 99.01
2026/10/09 03:59:05.729, 0, 80673, 97871, 100, 523.44
2026/10/09 03:59:05.729, 1, 84416, 97871, 100, 539.93
2026/10/09 03:59:05.729, 2, 82374, 97871, 100, 548.63
2026/10/09 03:59:05.729, 3, 6, 97871, 0, 99.00
2026/10/09 03:59:06.729, 0, 80673, 97871, 100, 523.80
2026/10/09 03:59:06.729, 1, 84416, 97871, 100, 536.61
2026/10/09 03:59:06.729, 2, 82374, 97871, 100, 550.52
2026/10/09 03:59:06.729, 3, 6, 97871, 0, 99.00
2026/10/09 03:59:07.729, 0, 80673, 97871, 100, 523.92
2026/10/09 03:59:07.729, 1, 84416, 97871, 100, 548.00
2026/10/09 03:59:07.729, 2, 82374, 97871, 100, 533.39
2026/10/09 03:59:07.729, 3, 6, 97871, 0, 99.10
2026/10/09 03:59:08.729, 0, 80673, 97871, 100, 524.29
2026/10/09 03:59:08.729, 1, 84416, 97871, 100, 537.78
2026/10/09 03:59:08.729, 2, 82374, 97871, 100, 538.63
2026/10/09 03:59:08.729, 3, 6, 97871, 0, 98.93
2026/10/09 03:59:09.729, 0, 80673, 97871, 100, 531.48
2026/10/09 03:59:09.730, 1, 84416, 97871, 100, 536.80
2026/10/09 03:59:09.730, 2, 82374, 97871, 100, 536.15
2026/10/09 03:59:09.730, 3, 6, 97871, 0, 98.93
2026/10/09 03:59:10.730, 0, 80673, 97871, 100, 526.07
2026/10/09 03:59:10.730, 1, 84416, 97871, 100, 540.32
2026/10/09 03:59:10.730, 2, 82374, 97871, 100, 533.59
2026/10/09 03:59:10.730, 3, 6, 97871, 0, 98.94
2026/10/09 03:59:11.730, 0, 80673, 97871, 100, 531.57
2026/10/09 03:59:11.730, 1, 84416, 97871, 100, 537.95
2026/10/09 03:59:11.730, 2, 82374, 97871, 100, 536.64
2026/10/09 03:59:11.730, 3, 6, 97871, 0, 99.06
2026/10/09 03:59:12.730, 0, 80673, 97871, 100, 525.01
2026/10/09 03:59:12.730, 1, 84416, 97871, 100, 539.39
2026/10/09 03:59:12.730, 2, 82374, 97871, 100, 514.78
2026/10/09 03:59:12.730, 3, 6, 97871, 0, 99.05
2026/10/09 03:59:13.730, 0, 80673, 97871, 100, 526.71
2026/10/09 03:59:13.730, 1, 84416, 97871, 100, 541.51
2026/10/09 03:59:13.730, 2, 82374, 97871, 100, 512.30
2026/10/09 03:59:13.730, 3, 6, 97871, 0, 99.05
2026/10/09 03:59:14.731, 0, 80673, 97871, 100, 526.44
2026/10/09 03:59:14.731, 1, 84416, 97871, 100, 541.42
2026/10/09 03:59:14.731, 2, 82374, 97871, 100, 545.25
2026/10/09 03:59:14.731, 3, 6, 97871, 0, 99.19
2026/10/09 03:59:15.731, 0, 80673, 97871, 100, 526.94
2026/10/09 03:59:15.731, 1, 84416, 97871, 100, 540.66
2026/10/09 03:59:15.731, 2, 82374, 97871, 100, 547.49
2026/10/09 03:59:15.731, 3, 6, 97871, 0, 98.95
2026/10/09 03:59:16.731, 0, 80673, 97871, 100, 530.31
2026/10/09 03:59:16.731, 1, 84416, 97871, 100, 535.96
2026/10/09 03:59:16.731, 2, 82374, 97871, 100, 545.31
2026/10/09 03:59:16.731, 3, 6, 97871, 0, 99.04
2026/10/09 03:59:17.731, 0, 80673, 97871, 100, 529.80
2026/10/09 03:59:17.731, 1, 84416, 97871, 100, 537.00
2026/10/09 03:59:17.731, 2, 82374, 97871, 100, 549.99
2026/10/09 03:59:17.731, 3, 6, 97871, 0, 99.04
2026/10/09 03:59:18.731, 0, 80673, 97871, 100, 526.24
2026/10/09 03:59:18.731, 1, 84416, 97871, 100, 537.43
2026/10/09 03:59:18.731, 2, 82374, 97871, 100, 552.15
2026/10/09 03:59:18.731, 3, 6, 97871, 0, 98.97
2026/10/09 03:59:19.732, 0, 80673, 97871, 100, 530.92
2026/10/09 03:59:19.732, 1, 84416, 97871, 100, 532.40
2026/10/09 03:59:19.732, 2, 82374, 97871, 100, 554.01
2026/10/09 03:59:19.732, 3, 6, 97871, 0, 99.08
2026/10/09 03:59:20.732, 0, 80673, 97871, 100, 531.61
2026/10/09 03:59:20.732, 1, 84416, 97871, 100, 535.75
2026/10/09 03:59:20.732, 2, 82374, 97871, 100, 548.77
2026/10/09 03:59:20.732, 3, 6, 97871, 0, 99.12
2026/10/09 03:59:21.732, 0, 80672, 97871, 100, 526.20
2026/10/09 03:59:21.732, 1, 84416, 97871, 100, 544.51
2026/10/09 03:59:21.732, 2, 82374, 97871, 100, 549.10
2026/10/09 03:59:21.732, 3, 6, 97871, 0, 98.96
2026/10/09 03:59:22.732, 0, 80672, 97871, 100, 529.60
2026/10/09 03:59:22.732, 1, 84416, 97871, 100, 539.92
2026/10/09 03:59:22.732, 2, 82374, 97871, 100, 547.16
2026/10/09 03:59:22.732, 3, 6, 97871, 0, 99.12
2026/10/09 03:59:23.732, 0, 80672, 97871, 100, 526.46
2026/10/09 03:59:23.732, 1, 84416, 97871, 100, 538.07
2026/10/09 03:59:23.732, 2, 82374, 97871, 100, 549.98
2026/10/09 03:59:23.733, 3, 6, 97871, 0, 99.01
2026/10/09 03:59:24.733, 0, 80672, 97871, 100, 524.89
2026/10/09 03:59:24.733, 1, 84416, 97871, 100, 541.34
2026/10/09 03:59:24.733, 2, 82374, 97871, 100, 548.63
2026/10/09 03:59:24.733, 3, 6, 97871, 0, 99.10
2026/10/09 03:59:25.733, 0, 80672, 97871, 100, 525.47
2026/10/09 03:59:25.733, 1, 84416, 97871, 100, 538.77
2026/10/09 03:59:25.733, 2, 82374, 97871, 100, 547.45
2026/10/09 03:59:25.733, 3, 6, 97871, 0, 99.21
2026/10/09 03:59:26.733, 0, 80672, 97871, 100, 491.35
2026/10/09 03:59:26.733, 1, 84416, 97871, 100, 541.91
2026/10/09 03:59:26.733, 2, 82374, 97871, 100, 540.24
2026/10/09 03:59:26.733, 3, 6, 97871, 0, 99.16
2026/10/09 03:59:27.733, 0, 80672, 97871, 99, 415.22
2026/10/09 03:59:27.733, 1, 84416, 97871, 100, 540.58
2026/10/09 03:59:27.733, 2, 82374, 97871, 100, 536.71
2026/10/09 03:59:27.733, 3, 6, 97871, 0, 99.05
2026/10/09 03:59:28.733, 0, 80672, 97871, 100, 535.92
2026/10/09 03:59:28.733, 1, 84416, 97871, 100, 540.27
2026/10/09 03:59:28.733, 2, 82374, 97871, 100, 535.30
2026/10/09 03:59:28.734, 3, 6, 97871, 0, 99.07
2026/10/09 03:59:29.734, 0, 80672, 97871, 100, 525.20
2026/10/09 03:59:29.734, 1, 84416, 97871, 100, 542.02
2026/10/09 03:59:29.734, 2, 82374, 97871, 100, 546.68
2026/10/09 03:59:29.734, 3, 6, 97871, 0, 99.19
2026/10/09 03:59:30.734, 0, 80672, 97871, 100, 524.38
2026/10/09 03:59:30.734, 1, 84416, 97871, 100, 535.10
2026/10/09 03:59:30.734, 2, 82374, 97871, 100, 547.94
2026/10/09 03:59:30.734, 3, 6, 97871, 0, 99.14
2026/10/09 03:59:31.734, 0, 80672, 97871, 100, 522.68
2026/10/09 03:59:31.734, 1, 84416, 97871, 100, 525.14
2026/10/09 03:59:31.734, 2, 82374, 97871, 100, 544.25
2026/10/09 03:59:31.734, 3, 6, 97871, 0, 99.10
2026/10/09 03:59:32.734, 0, 80672, 97871, 100, 522.55
2026/10/09 03:59:32.734, 1, 84416, 97871, 100, 521.71
2026/10/09 03:59:32.734, 2, 82374, 97871, 100, 544.81
2026/10/09 03:59:32.734, 3, 6, 97871, 0, 99.23
2026/10/09 03:59:33.734, 0, 80672, 97871, 100, 524.11
2026/10/09 03:59:33.734, 1, 84416, 97871, 100, 529.65
2026/10/09 03:59:33.734, 2, 82374, 97871, 100, 545.23
2026/10/09 03:59:33.735, 3, 6, 97871, 0, 99.09
2026/10/09 03:59:34.735, 0, 80672, 97871, 100, 524.80
2026/10/09 03:59:34.735, 1, 84416, 97871, 100, 533.95
2026/10/09 03:59:34.735, 2, 82374, 97871, 100, 549.71
2026/10/09 03:59:34.735, 3, 6, 97871, 0, 98.99
2026/10/09 03:59:35.735, 0, 80672, 97871, 100, 524.20
2026/10/09 03:59:35.735, 1, 84416, 97871, 99, 510.13
2026/10/09 03:59:35.735, 2, 82374, 97871, 100, 543.36
2026/10/09 03:59:35.735, 3, 6, 97871, 0, 99.15
2026/10/09 03:59:36.735, 0, 80672, 97871, 100, 524.34
2026/10/09 03:59:36.735, 1, 5, 97871, 0, 195.92
2026/10/09 03:59:36.735, 2, 82374, 97871, 100, 545.41
2026/10/09 03:59:36.735, 3, 6, 97871, 0, 99.27
2026/10/09 03:59:37.735, 0, 80672, 97871, 100, 524.51
2026/10/09 03:59:37.735, 1, 5, 97871, 0, 154.33
2026/10/09 03:59:37.735, 2, 82374, 97871, 100, 536.97
2026/10/09 03:59:37.736, 3, 6, 97871, 0, 99.27
2026/10/09 03:59:38.736, 0, 80672, 97871, 100, 524.42
2026/10/09 03:59:38.736, 1, 5, 97871, 0, 105.37
2026/10/09 03:59:38.736, 2, 82374, 97871, 100, 541.63
2026/10/09 03:59:38.736, 3, 6, 97871, 0, 99.30
2026/10/09 03:59:39.736, 0, 80672, 97871, 100, 523.05
2026/10/09 03:59:39.736, 1, 5, 97871, 0, 101.14
2026/10/09 03:59:39.736, 2, 82374, 97871, 100, 548.41
2026/10/09 03:59:39.736, 3, 6, 97871, 0, 99.17
2026/10/09 03:59:40.736, 0, 80672, 97871, 100, 522.75
2026/10/09 03:59:40.736, 1, 5, 97871, 0, 101.18
2026/10/09 03:59:40.736, 2, 82374, 97871, 100, 540.10
2026/10/09 03:59:40.736, 3, 6, 97871, 0, 99.22
2026/10/09 03:59:41.736, 0, 80672, 97871, 100, 532.23
2026/10/09 03:59:41.737, 1, 5, 97871, 0, 100.92
2026/10/09 03:59:41.737, 2, 82374, 97871, 100, 550.13
2026/10/09 03:59:41.737, 3, 6, 97871, 0, 99.10
2026/10/09 03:59:42.737, 0, 80672, 97871, 100, 526.95
2026/10/09 03:59:42.737, 1, 5, 97871, 0, 101.25
2026/10/09 03:59:42.737, 2, 82374, 97871, 100, 543.82
2026/10/09 03:59:42.737, 3, 6, 97871, 0, 99.14
2026/10/09 03:59:43.737, 0, 80672, 97871, 100, 528.84
2026/10/09 03:59:43.737, 1, 5, 97871, 0, 100.84
2026/10/09 03:59:43.737, 2, 82374, 97871, 100, 544.26
2026/10/09 03:59:43.737, 3, 6, 97871, 0, 99.22
2026/10/09 03:59:44.737, 0, 80672, 97871, 100, 528.73
2026/10/09 03:59:44.737, 1, 5, 97871, 0, 100.65
2026/10/09 03:59:44.738, 2, 82374, 97871, 100, 544.90
2026/10/09 03:59:44.738, 3, 6, 97871, 0, 99.02
2026/10/09 03:59:45.738, 0, 80672, 97871, 100, 529.81
2026/10/09 03:59:45.738, 1, 5, 97871, 0, 100.53
2026/10/09 03:59:45.738, 2, 82374, 97871, 100, 548.16
2026/10/09 03:59:45.738, 3, 6, 97871, 0, 99.19
2026/10/09 03:59:46.738, 0, 80672, 97871, 100, 526.95
2026/10/09 03:59:46.738, 1, 5, 97871, 0, 100.17
2026/10/09 03:59:46.738, 2, 82374, 97871, 100, 547.27
2026/10/09 03:59:46.738, 3, 6, 97871, 0, 99.22
2026/10/09 03:59:47.738, 0, 80672, 97871, 100, 530.43
2026/10/09 03:59:47.738, 1, 5, 97871, 0, 100.27
2026/10/09 03:59:47.738, 2, 82374, 97871, 100, 539.23
2026/10/09 03:59:47.738, 3, 6, 97871, 0, 99.21
2026/10/09 03:59:48.738, 0, 80672, 97871, 100, 530.50
2026/10/09 03:59:48.739, 1, 5, 97871, 0, 100.22
2026/10/09 03:59:48.739, 2, 82374, 97871, 100, 546.25
2026/10/09 03:59:48.739, 3, 6, 97871, 0, 99.06
2026/10/09 03:59:49.739, 0, 80672, 97871, 100, 527.56
2026/10/09 03:59:49.739, 1, 5, 97871, 0, 100.15
2026/10/09 03:59:49.739, 2, 82374, 97871, 100, 549.20
2026/10/09 03:59:49.739, 3, 6, 97871, 0, 99.18
2026/10/09 03:59:50.739, 0, 80672, 97871, 100, 527.79
2026/10/09 03:59:50.739, 1, 5, 97871, 0, 99.86
2026/10/09 03:59:50.739, 2, 82374, 97871, 100, 547.22
2026/10/09 03:59:50.739, 3, 6, 97871, 0, 99.20
2026/10/09 03:59:51.739, 0, 80672, 97871, 100, 527.07
2026/10/09 03:59:51.739, 1, 5, 97871, 0, 99.87
2026/10/09 03:59:51.739, 2, 82374, 97871, 100, 541.57
2026/10/09 03:59:51.739, 3, 6, 97871, 0, 99.19
2026/10/09 03:59:52.740, 0, 80672, 97871, 100, 527.14
2026/10/09 03:59:52.740, 1, 5, 97871, 0, 100.00
2026/10/09 03:59:52.740, 2, 82374, 97871, 100, 549.97
2026/10/09 03:59:52.740, 3, 6, 97871, 0, 99.11
2026/10/09 03:59:53.740, 0, 80672, 97871, 100, 527.55
2026/10/09 03:59:53.740, 1, 5, 97871, 0, 99.80
2026/10/09 03:59:53.740, 2, 82374, 97871, 100, 544.49
2026/10/09 03:59:53.740, 3, 6, 97871, 0, 99.23
2026/10/09 03:59:54.740, 0, 80672, 97871, 100, 526.32
2026/10/09 03:59:54.740, 1, 5, 97871, 0, 100.06
2026/10/09 03:59:54.740, 2, 82374, 97871, 100, 543.86
2026/10/09 03:59:54.740, 3, 6, 97871, 0, 99.02
2026/10/09 03:59:55.740, 0, 80672, 97871, 100, 532.72
2026/10/09 03:59:55.741, 1, 5, 97871, 0, 99.77
2026/10/09 03:59:55.741, 2, 82374, 97871, 100, 547.71
2026/10/09 03:59:55.741, 3, 6, 97871, 0, 99.07
2026/10/09 03:59:56.741, 0, 80672, 97871, 100, 529.02
2026/10/09 03:59:56.741, 1, 5, 97871, 0, 99.68
2026/10/09 03:59:56.741, 2, 82374, 97871, 100, 552.96
2026/10/09 03:59:56.741, 3, 6, 97871, 0, 99.04
2026/10/09 03:59:57.741, 0, 80672, 97871, 100, 526.32
2026/10/09 03:59:57.741, 1, 5, 97871, 0, 99.79
2026/10/09 03:59:57.741, 2, 82374, 97871, 100, 549.72
2026/10/09 03:59:57.741, 3, 6, 97871, 0, 99.15
2026/10/09 03:59:58.741, 0, 80672, 97871, 100, 528.68
2026/10/09 03:59:58.741, 1, 5, 97871, 0, 99.72
2026/10/09 03:59:58.741, 2, 82374, 97871, 100, 549.95
2026/10/09 03:59:58.741, 3, 6, 97871, 0, 99.13
2026/10/09 03:59:59.741, 0, 80672, 97871, 100, 526.96
2026/10/09 03:59:59.742, 1, 5, 97871, 0, 99.82
2026/10/09 03:59:59.742, 2, 82374, 97871, 100, 547.71
2026/10/09 03:59:59.742, 3, 6, 97871, 0, 99.15
2026/10/09 04:00:00.742, 0, 80672, 97871, 100, 527.66
2026/10/09 04:00:00.742, 1, 5, 97871, 0, 99.89
2026/10/09 04:00:00.742, 2, 82374, 97871, 100, 542.68
2026/10/09 04:00:00.742, 3, 6, 97871, 0, 99.25
2026/10/09 04:00:01.742, 0, 80672, 97871, 100, 528.13
2026/10/09 04:00:01.742, 1, 5, 97871, 0, 99.88
2026/10/09 04:00:01.742, 2, 82374, 97871, 100, 548.99
2026/10/09 04:00:01.742, 3, 6, 97871, 0, 99.17
2026/10/09 04:00:02.742, 0, 80672, 97871, 100, 529.67
2026/10/09 04:00:02.742, 1, 5, 97871, 0, 99.54
2026/10/09 04:00:02.742, 2, 82374, 97871, 100, 547.85
2026/10/09 04:00:02.742, 3, 6, 97871, 0, 99.19
2026/10/09 04:00:03.742, 0, 80672, 97871, 100, 527.50
2026/10/09 04:00:03.743, 1, 5, 97871, 0, 99.71
2026/10/09 04:00:03.743, 2, 82374, 97871, 100, 548.46
2026/10/09 04:00:03.743, 3, 6, 97871, 0, 99.21
2026/10/09 04:00:04.743, 0, 80672, 97871, 100, 526.02
2026/10/09 04:00:04.743, 1, 5, 97871, 0, 99.57
2026/10/09 04:00:04.743, 2, 82374, 97871, 100, 547.50
2026/10/09 04:00:04.743, 3, 6, 97871, 0, 99.18
2026/10/09 04:00:05.743, 0, 80672, 97871, 100, 528.67
2026/10/09 04:00:05.743, 1, 5, 97871, 0, 99.36
2026/10/09 04:00:05.743, 2, 82374, 97871, 100, 551.04
2026/10/09 04:00:05.743, 3, 6, 97871, 0, 99.19
2026/10/09 04:00:06.743, 0, 80672, 97871, 100, 529.15
2026/10/09 04:00:06.743, 1, 5, 97871, 0, 99.32
2026/10/09 04:00:06.743, 2, 82374, 97871, 100, 543.21
2026/10/09 04:00:06.743, 3, 6, 97871, 0, 99.18
2026/10/09 04:00:07.743, 0, 80672, 97871, 100, 527.98
2026/10/09 04:00:07.744, 1, 5, 97871, 0, 99.18
2026/10/09 04:00:07.744, 2, 82374, 97871, 100, 545.33
2026/10/09 04:00:07.744, 3, 6, 97871, 0, 99.39
2026/10/09 04:00:08.744, 0, 80672, 97871, 100, 526.85
2026/10/09 04:00:08.744, 1, 5, 97871, 0, 99.24
2026/10/09 04:00:08.744, 2, 82374, 97871, 100, 547.09
2026/10/09 04:00:08.744, 3, 6, 97871, 0, 99.32
2026/10/09 04:00:09.744, 0, 80672, 97871, 100, 527.76
2026/10/09 04:00:09.744, 1, 5, 97871, 0, 99.29
2026/10/09 04:00:09.744, 2, 82374, 97871, 100, 546.18
2026/10/09 04:00:09.744, 3, 6, 97871, 0, 99.25
2026/10/09 04:00:10.744, 0, 80672, 97871, 100, 530.03
2026/10/09 04:00:10.744, 1, 5, 97871, 0, 99.37
2026/10/09 04:00:10.744, 2, 82374, 97871, 100, 546.81
2026/10/09 04:00:10.744, 3, 6, 97871, 0, 99.43
2026/10/09 04:00:11.744, 0, 80672, 97871, 100, 529.52
2026/10/09 04:00:11.745, 1, 5, 97871, 0, 99.15
2026/10/09 04:00:11.745, 2, 82374, 97871, 100, 541.68
2026/10/09 04:00:11.745, 3, 6, 97871, 0, 99.30
2026/10/09 04:00:12.745, 0, 80672, 97871, 100, 530.29
2026/10/09 04:00:12.745, 1, 5, 97871, 0, 99.32
2026/10/09 04:00:12.745, 2, 82374, 97871, 100, 549.00
2026/10/09 04:00:12.745, 3, 6, 97871, 0, 99.53
2026/10/09 04:00:13.745, 0, 80672, 97871, 100, 529.94
2026/10/09 04:00:13.745, 1, 5, 97871, 0, 99.33
2026/10/09 04:00:13.745, 2, 82374, 97871, 100, 544.83
2026/10/09 04:00:13.745, 3, 6, 97871, 0, 99.43
2026/10/09 04:00:14.745, 0, 80672, 97871, 100, 528.73
2026/10/09 04:00:14.745, 1, 5, 97871, 0, 99.28
2026/10/09 04:00:14.745, 2, 82374, 97871, 100, 544.04
2026/10/09 04:00:14.745, 3, 6, 97871, 0, 99.21
2026/10/09 04:00:15.745, 0, 80672, 97871, 100, 526.87
2026/10/09 04:00:15.746, 1, 5, 97871, 0, 99.04
2026/10/09 04:00:15.746, 2, 82374, 97871, 100, 549.65
2026/10/09 04:00:15.746, 3, 6, 97871, 0, 99.23
2026/10/09 04:00:16.746, 0, 80672, 97871, 100, 526.51
2026/10/09 04:00:16.746, 1, 5, 97871, 0, 99.02
2026/10/09 04:00:16.746, 2, 82374, 97871, 100, 547.88
2026/10/09 04:00:16.746, 3, 6, 97871, 0, 99.20
2026/10/09 04:00:17.746, 0, 80672, 97871, 100, 529.04
2026/10/09 04:00:17.746, 1, 5, 97871, 0, 98.98
2026/10/09 04:00:17.746, 2, 82374, 97871, 100, 544.86
2026/10/09 04:00:17.746, 3, 6, 97871, 0, 99.18
2026/10/09 04:00:18.746, 0, 80672, 97871, 100, 531.26
2026/10/09 04:00:18.746, 1, 5, 97871, 0, 99.10
2026/10/09 04:00:18.746, 2, 82374, 97871, 100, 546.84
2026/10/09 04:00:18.746, 3, 6, 97871, 0, 99.25
2026/10/09 04:00:19.747, 0, 80672, 97871, 100, 527.11
2026/10/09 04:00:19.747, 1, 5, 97871, 0, 98.97
2026/10/09 04:00:19.747, 2, 82374, 97871, 100, 547.18
2026/10/09 04:00:19.747, 3, 6, 97871, 0, 99.11
2026/10/09 04:00:20.747, 0, 80672, 97871, 100, 527.79
2026/10/09 04:00:20.747, 1, 5, 97871, 0, 98.94
2026/10/09 04:00:20.747, 2, 82374, 97871, 100, 547.63
2026/10/09 04:00:20.747, 3, 6, 97871, 0, 99.39
2026/10/09 04:00:21.747, 0, 80672, 97871, 100, 530.47
2026/10/09 04:00:21.747, 1, 5, 97871, 0, 99.15
2026/10/09 04:00:21.747, 2, 82374, 97871, 100, 547.40
2026/10/09 04:00:21.747, 3, 6, 97871, 0, 99.43
2026/10/09 04:00:22.747, 0, 80672, 97871, 100, 531.64
2026/10/09 04:00:22.747, 1, 5, 97871, 0, 98.93
2026/10/09 04:00:22.747, 2, 82374, 97871, 100, 551.72
2026/10/09 04:00:22.747, 3, 6, 97871, 0, 99.36
2026/10/09 04:00:23.748, 0, 80672, 97871, 100, 527.89
2026/10/09 04:00:23.748, 1, 5, 97871, 0, 99.02
2026/10/09 04:00:23.748, 2, 82374, 97871, 100, 547.44
2026/10/09 04:00:23.748, 3, 6, 97871, 0, 99.42
2026/10/09 04:00:24.748, 0, 80672, 97871, 100, 529.95
2026/10/09 04:00:24.748, 1, 5, 97871, 0, 99.17
2026/10/09 04:00:24.748, 2, 82374, 97871, 100, 550.47
2026/10/09 04:00:24.748, 3, 6, 97871, 0, 99.32
2026/10/09 04:00:25.748, 0, 80672, 97871, 100, 527.93
2026/10/09 04:00:25.748, 1, 5, 97871, 0, 99.14
2026/10/09 04:00:25.748, 2, 82374, 97871, 100, 539.10
2026/10/09 04:00:25.748, 3, 6, 97871, 0, 99.33
2026/10/09 04:00:26.748, 0, 80672, 97871, 100, 526.98
2026/10/09 04:00:26.749, 1, 5, 97871, 0, 99.14
2026/10/09 04:00:26.749, 2, 82374, 97871, 100, 551.35
2026/10/09 04:00:26.749, 3, 6, 97871, 0, 99.23
2026/10/09 04:00:27.749, 0, 80672, 97871, 100, 530.48
2026/10/09 04:00:27.749, 1, 5, 97871, 0, 98.89
2026/10/09 04:00:27.749, 2, 82374, 97871, 100, 546.74
2026/10/09 04:00:27.749, 3, 6, 97871, 0, 99.30
2026/10/09 04:00:28.749, 0, 80672, 97871, 100, 528.72
2026/10/09 04:00:28.749, 1, 5, 97871, 0, 98.91
2026/10/09 04:00:28.749, 2, 82374, 97871, 100, 546.68
2026/10/09 04:00:28.749, 3, 6, 97871, 0, 99.27
2026/10/09 04:00:29.749, 0, 80672, 97871, 100, 527.46
2026/10/09 04:00:29.749, 1, 5, 97871, 0, 99.01
2026/10/09 04:00:29.749, 2, 82374, 97871, 100, 551.68
2026/10/09 04:00:29.749, 3, 6, 97871, 0, 99.50
2026/10/09 04:00:30.749, 0, 80672, 97871, 100, 527.02
2026/10/09 04:00:30.750, 1, 5, 97871, 0, 99.02
2026/10/09 04:00:30.750, 2, 82374, 97871, 100, 544.57
2026/10/09 04:00:30.750, 3, 6, 97871, 0, 99.30
2026/10/09 04:00:31.750, 0, 80672, 97871, 100, 528.10
2026/10/09 04:00:31.750, 1, 5, 97871, 0, 99.01
2026/10/09 04:00:31.750, 2, 82374, 97871, 100, 546.57
2026/10/09 04:00:31.750, 3, 6, 97871, 0, 99.54
2026/10/09 04:00:32.750, 0, 80672, 97871, 100, 526.66
2026/10/09 04:00:32.750, 1, 5, 97871, 0, 98.76
2026/10/09 04:00:32.750, 2, 82374, 97871, 100, 544.98
2026/10/09 04:00:32.750, 3, 6, 97871, 0, 99.41
2026/10/09 04:00:33.750, 0, 80672, 97871, 100, 524.93
2026/10/09 04:00:33.750, 1, 5, 97871, 0, 98.83
2026/10/09 04:00:33.750, 2, 82374, 97871, 100, 549.07
2026/10/09 04:00:33.750, 3, 6, 97871, 0, 99.30
2026/10/09 04:00:34.751, 0, 80672, 97871, 100, 529.30
2026/10/09 04:00:34.751, 1, 5, 97871, 0, 98.86
2026/10/09 04:00:34.751, 2, 82374, 97871, 100, 549.28
2026/10/09 04:00:34.751, 3, 6, 97871, 0, 99.31
2026/10/09 04:00:35.751, 0, 80672, 97871, 100, 526.06
2026/10/09 04:00:35.751, 1, 5, 97871, 0, 98.91
2026/10/09 04:00:35.751, 2, 82374, 97871, 100, 549.12
2026/10/09 04:00:35.751, 3, 6, 97871, 0, 99.31
2026/10/09 04:00:36.751, 0, 80672, 97871, 100, 525.30
2026/10/09 04:00:36.751, 1, 5, 97871, 0, 98.87
2026/10/09 04:00:36.751, 2, 82374, 97871, 100, 548.59
2026/10/09 04:00:36.751, 3, 6, 97871, 0, 99.30
2026/10/09 04:00:37.751, 0, 80672, 97871, 100, 528.38
2026/10/09 04:00:37.751, 1, 5, 97871, 0, 98.70
2026/10/09 04:00:37.751, 2, 82374, 97871, 100, 543.07
2026/10/09 04:00:37.752, 3, 6, 97871, 0, 99.33
2026/10/09 04:00:38.752, 0, 80672, 97871, 100, 529.11
2026/10/09 04:00:38.752, 1, 5, 97871, 0, 98.78
2026/10/09 04:00:38.752, 2, 82374, 97871, 100, 541.14
2026/10/09 04:00:38.752, 3, 6, 97871, 0, 99.30
2026/10/09 04:00:39.752, 0, 80672, 97871, 100, 529.42
2026/10/09 04:00:39.752, 1, 5, 97871, 0, 98.81
2026/10/09 04:00:39.752, 2, 82374, 97871, 100, 540.14
2026/10/09 04:00:39.752, 3, 6, 97871, 0, 99.42
2026/10/09 04:00:40.752, 0, 80672, 97871, 100, 528.48
2026/10/09 04:00:40.752, 1, 5, 97871, 0, 98.94
2026/10/09 04:00:40.752, 2, 82374, 97871, 100, 546.66
2026/10/09 04:00:40.752, 3, 6, 97871, 0, 99.31
2026/10/09 04:00:41.752, 0, 80672, 97871, 100, 528.76
2026/10/09 04:00:41.753, 1, 5, 97871, 0, 98.96
2026/10/09 04:00:41.753, 2, 82374, 97871, 100, 544.08
2026/10/09 04:00:41.753, 3, 6, 97871, 0, 99.18
2026/10/09 04:00:42.753, 0, 80672, 97871, 100, 530.36
2026/10/09 04:00:42.753, 1, 5, 97871, 0, 98.96
2026/10/09 04:00:42.753, 2, 82374, 97871, 100, 543.24
2026/10/09 04:00:42.753, 3, 6, 97871, 0, 99.30
2026/10/09 04:00:43.753, 0, 80672, 97871, 100, 526.11
2026/10/09 04:00:43.753, 1, 5, 97871, 0, 98.95
2026/10/09 04:00:43.753, 2, 82374, 97871, 100, 548.68
2026/10/09 04:00:43.753, 3, 6, 97871, 0, 99.37
2026/10/09 04:00:44.753, 0, 80672, 97871, 100, 528.49
2026/10/09 04:00:44.753, 1, 5, 97871, 0, 98.74
2026/10/09 04:00:44.753, 2, 82374, 97871, 100, 549.77
2026/10/09 04:00:44.753, 3, 6, 97871, 0, 99.22
2026/10/09 04:00:45.753, 0, 80672, 97871, 100, 527.53
2026/10/09 04:00:45.754, 1, 5, 97871, 0, 98.91
2026/10/09 04:00:45.754, 2, 82374, 97871, 100, 542.17
2026/10/09 04:00:45.754, 3, 6, 97871, 0, 99.16
2026/10/09 04:00:46.754, 0, 80672, 97871, 100, 529.68
2026/10/09 04:00:46.754, 1, 5, 97871, 0, 98.79
2026/10/09 04:00:46.754, 2, 82374, 97871, 100, 543.18
2026/10/09 04:00:46.754, 3, 6, 97871, 0, 99.27
2026/10/09 04:00:47.754, 0, 80672, 97871, 100, 527.09
2026/10/09 04:00:47.754, 1, 5, 97871, 0, 98.80
2026/10/09 04:00:47.754, 2, 82374, 97871, 100, 548.46
2026/10/09 04:00:47.754, 3, 6, 97871, 0, 99.31
2026/10/09 04:00:48.754, 0, 80672, 97871, 100, 530.91
2026/10/09 04:00:48.754, 1, 5, 97871, 0, 98.73
2026/10/09 04:00:48.754, 2, 82374, 97871, 100, 547.99
2026/10/09 04:00:48.754, 3, 6, 97871, 0, 99.23
2026/10/09 04:00:49.754, 0, 80672, 97871, 100, 527.03
2026/10/09 04:00:49.755, 1, 5, 97871, 0, 98.72
2026/10/09 04:00:49.755, 2, 82374, 97871, 100, 544.92
2026/10/09 04:00:49.755, 3, 6, 97871, 0, 99.30
2026/10/09 04:00:50.755, 0, 80672, 97871, 100, 527.34
2026/10/09 04:00:50.755, 1, 5, 97871, 0, 98.69
2026/10/09 04:00:50.755, 2, 82374, 97871, 100, 550.39
2026/10/09 04:00:50.755, 3, 6, 97871, 0, 99.32
2026/10/09 04:00:51.755, 0, 80672, 97871, 100, 525.96
2026/10/09 04:00:51.755, 1, 5, 97871, 0, 98.88
2026/10/09 04:00:51.755, 2, 82374, 97871, 100, 546.07
2026/10/09 04:00:51.755, 3, 6, 97871, 0, 99.21
2026/10/09 04:00:52.755, 0, 80672, 97871, 100, 529.07
2026/10/09 04:00:52.755, 1, 5, 97871, 0, 98.63
2026/10/09 04:00:52.755, 2, 82374, 97871, 100, 547.03
2026/10/09 04:00:52.755, 3, 6, 97871, 0, 99.27
2026/10/09 04:00:53.756, 0, 80672, 97871, 100, 529.41
2026/10/09 04:00:53.756, 1, 5, 97871, 0, 98.77
2026/10/09 04:00:53.756, 2, 82374, 97871, 100, 551.13
2026/10/09 04:00:53.756, 3, 6, 97871, 0, 99.33
2026/10/09 04:00:54.756, 0, 80672, 97871, 100, 529.94
2026/10/09 04:00:54.756, 1, 5, 97871, 0, 98.71
2026/10/09 04:00:54.756, 2, 82374, 97871, 100, 549.33
2026/10/09 04:00:54.756, 3, 6, 97871, 0, 99.38
2026/10/09 04:00:55.756, 0, 80672, 97871, 100, 527.97
2026/10/09 04:00:55.756, 1, 5, 97871, 0, 98.73
2026/10/09 04:00:55.756, 2, 82374, 97871, 100, 547.56
2026/10/09 04:00:55.756, 3, 6, 97871, 0, 99.39
2026/10/09 04:00:56.756, 0, 80672, 97871, 100, 526.90
2026/10/09 04:00:56.756, 1, 5, 97871, 0, 98.50
2026/10/09 04:00:56.756, 2, 82374, 97871, 100, 546.02
2026/10/09 04:00:56.757, 3, 6, 97871, 0, 99.36
2026/10/09 04:00:57.757, 0, 80672, 97871, 100, 526.92
2026/10/09 04:00:57.757, 1, 5, 97871, 0, 98.57
2026/10/09 04:00:57.757, 2, 82374, 97871, 100, 551.31
2026/10/09 04:00:57.757, 3, 6, 97871, 0, 99.34
2026/10/09 04:00:58.757, 0, 80672, 97871, 100, 528.22
2026/10/09 04:00:58.757, 1, 5, 97871, 0, 98.68
2026/10/09 04:00:58.757, 2, 82374, 97871, 100, 536.97
2026/10/09 04:00:58.757, 3, 6, 97871, 0, 99.51
2026/10/09 04:00:59.757, 0, 80672, 97871, 100, 527.24
2026/10/09 04:00:59.757, 1, 5, 97871, 0, 98.60
2026/10/09 04:00:59.757, 2, 82374, 97871, 100, 545.10
2026/10/09 04:00:59.757, 3, 6, 97871, 0, 99.36
2026/10/09 04:01:00.757, 0, 80672, 97871, 100, 525.38
2026/10/09 04:01:00.757, 1, 5, 97871, 0, 98.72
2026/10/09 04:01:00.757, 2, 82374, 97871, 100, 547.87
2026/10/09 04:01:00.758, 3, 6, 97871, 0, 99.33
2026/10/09 04:01:01.758, 0, 80672, 97871, 100, 528.87
2026/10/09 04:01:01.758, 1, 5, 97871, 0, 98.58
2026/10/09 04:01:01.758, 2, 82374, 97871, 100, 548.29
2026/10/09 04:01:01.758, 3, 6, 97871, 0, 99.32
2026/10/09 04:01:02.758, 0, 80672, 97871, 100, 528.04
2026/10/09 04:01:02.758, 1, 5, 97871, 0, 98.74
2026/10/09 04:01:02.758, 2, 82374, 97871, 100, 542.22
2026/10/09 04:01:02.758, 3, 6, 97871, 0, 99.19
2026/10/09 04:01:03.758, 0, 80672, 97871, 100, 528.17
2026/10/09 04:01:03.758, 1, 5, 97871, 0, 98.72
2026/10/09 04:01:03.758, 2, 82374, 97871, 100, 546.10
2026/10/09 04:01:03.758, 3, 6, 97871, 0, 99.15
2026/10/09 04:01:04.758, 0, 80672, 97871, 100, 528.43
2026/10/09 04:01:04.758, 1, 5, 97871, 0, 98.83
2026/10/09 04:01:04.759, 2, 82374, 97871, 100, 549.80
2026/10/09 04:01:04.759, 3, 6, 97871, 0, 99.36
2026/10/09 04:01:05.759, 0, 80672, 97871, 100, 528.20
2026/10/09 04:01:05.759, 1, 5, 97871, 0, 98.76
2026/10/09 04:01:05.759, 2, 82374, 97871, 100, 548.11
2026/10/09 04:01:05.759, 3, 6, 97871, 0, 99.08
2026/10/09 04:01:06.759, 0, 80672, 97871, 100, 525.07
2026/10/09 04:01:06.759, 1, 5, 97871, 0, 98.65
2026/10/09 04:01:06.759, 2, 82374, 97871, 100, 548.54
2026/10/09 04:01:06.759, 3, 6, 97871, 0, 99.09
2026/10/09 04:01:07.759, 0, 80672, 97871, 100, 526.70
2026/10/09 04:01:07.759, 1, 5, 97871, 0, 98.67
2026/10/09 04:01:07.759, 2, 82374, 97871, 100, 545.52
2026/10/09 04:01:07.759, 3, 6, 97871, 0, 98.94
2026/10/09 04:01:08.759, 0, 80672, 97871, 100, 527.91
2026/10/09 04:01:08.760, 1, 5, 97871, 0, 98.65
2026/10/09 04:01:08.760, 2, 82374, 97871, 100, 548.39
2026/10/09 04:01:08.760, 3, 6, 97871, 0, 99.14
2026/10/09 04:01:09.760, 0, 80672, 97871, 100, 529.19
2026/10/09 04:01:09.760, 1, 5, 97871, 0, 98.79
2026/10/09 04:01:09.760, 2, 82374, 97871, 100, 551.46
2026/10/09 04:01:09.760, 3, 6, 97871, 0, 99.13
2026/10/09 04:01:10.760, 0, 80672, 97871, 100, 527.40
2026/10/09 04:01:10.760, 1, 5, 97871, 0, 98.68
2026/10/09 04:01:10.760, 2, 82374, 97871, 100, 542.90
2026/10/09 04:01:10.760, 3, 6, 97871, 0, 99.06
2026/10/09 04:01:11.760, 0, 80672, 97871, 100, 527.02
2026/10/09 04:01:11.760, 1, 5, 97871, 0, 98.59
2026/10/09 04:01:11.760, 2, 82374, 97871, 100, 545.84
2026/10/09 04:01:11.760, 3, 6, 97871, 0, 99.15
2026/10/09 04:01:12.760, 0, 80672, 97871, 100, 526.11
2026/10/09 04:01:12.761, 1, 5, 97871, 0, 98.59
2026/10/09 04:01:12.761, 2, 82374, 97871, 100, 546.94
2026/10/09 04:01:12.761, 3, 6, 97871, 0, 99.00
2026/10/09 04:01:13.761, 0, 80672, 97871, 100, 529.73
2026/10/09 04:01:13.761, 1, 5, 97871, 0, 98.61
2026/10/09 04:01:13.761, 2, 82374, 97871, 100, 544.58
2026/10/09 04:01:13.761, 3, 6, 97871, 0, 99.09
2026/10/09 04:01:14.761, 0, 80672, 97871, 100, 528.11
2026/10/09 04:01:14.761, 1, 5, 97871, 0, 98.70
2026/10/09 04:01:14.761, 2, 82374, 97871, 100, 542.83
2026/10/09 04:01:14.761, 3, 6, 97871, 0, 99.07
2026/10/09 04:01:15.761, 0, 80672, 97871, 100, 527.38
2026/10/09 04:01:15.761, 1, 5, 97871, 0, 98.66
2026/10/09 04:01:15.761, 2, 82374, 97871, 100, 541.84
2026/10/09 04:01:15.761, 3, 6, 97871, 0, 99.15
2026/10/09 04:01:16.761, 0, 80672, 97871, 100, 529.66
2026/10/09 04:01:16.762, 1, 5, 97871, 0, 98.60
2026/10/09 04:01:16.762, 2, 82374, 97871, 100, 544.64
2026/10/09 04:01:16.762, 3, 6, 97871, 0, 99.21
2026/10/09 04:01:17.762, 0, 80672, 97871, 100, 526.99
2026/10/09 04:01:17.762, 1, 5, 97871, 0, 98.49
2026/10/09 04:01:17.762, 2, 82374, 97871, 100, 540.83
2026/10/09 04:01:17.762, 3, 6, 97871, 0, 99.18
2026/10/09 04:01:18.762, 0, 80672, 97871, 100, 528.01
2026/10/09 04:01:18.762, 1, 5, 97871, 0, 98.36
2026/10/09 04:01:18.762, 2, 82374, 97871, 100, 550.01
2026/10/09 04:01:18.762, 3, 6, 97871, 0, 99.14
2026/10/09 04:01:19.762, 0, 80672, 97871, 100, 527.99
2026/10/09 04:01:19.762, 1, 5, 97871, 0, 98.36
2026/10/09 04:01:19.762, 2, 82374, 97871, 100, 549.06
2026/10/09 04:01:19.762, 3, 6, 97871, 0, 99.12
2026/10/09 04:01:20.763, 0, 80672, 97871, 100, 526.49
2026/10/09 04:01:20.763, 1, 5, 97871, 0, 98.54
2026/10/09 04:01:20.763, 2, 82374, 97871, 100, 547.25
2026/10/09 04:01:20.763, 3, 6, 97871, 0, 99.06
2026/10/09 04:01:21.763, 0, 80672, 97871, 100, 528.74
2026/10/09 04:01:21.763, 1, 5, 97871, 0, 98.46
2026/10/09 04:01:21.763, 2, 82374, 97871, 100, 550.91
2026/10/09 04:01:21.763, 3, 6, 97871, 0, 99.18
2026/10/09 04:01:22.763, 0, 80672, 97871, 100, 528.01
2026/10/09 04:01:22.763, 1, 5, 97871, 0, 98.62
2026/10/09 04:01:22.763, 2, 82374, 97871, 100, 545.90
2026/10/09 04:01:22.763, 3, 6, 97871, 0, 99.13
2026/10/09 04:01:23.763, 0, 80672, 97871, 100, 530.09
2026/10/09 04:01:23.763, 1, 5, 97871, 0, 98.58
2026/10/09 04:01:23.763, 2, 82374, 97871, 100, 537.71
2026/10/09 04:01:23.763, 3, 6, 97871, 0, 99.31
2026/10/09 04:01:24.764, 0, 80672, 97871, 100, 530.08
2026/10/09 04:01:24.764, 1, 5, 97871, 0, 98.65
2026/10/09 04:01:24.764, 2, 82374, 97871, 100, 547.40
2026/10/09 04:01:24.764, 3, 6, 97871, 0, 99.18
2026/10/09 04:01:25.764, 0, 80672, 97871, 100, 530.23
2026/10/09 04:01:25.764, 1, 5, 97871, 0, 98.56
2026/10/09 04:01:25.764, 2, 82374, 97871, 100, 545.03
2026/10/09 04:01:25.764, 3, 6, 97871, 0, 99.19
2026/10/09 04:01:26.764, 0, 80672, 97871, 100, 525.97
2026/10/09 04:01:26.764, 1, 5, 97871, 0, 98.75
2026/10/09 04:01:26.764, 2, 82374, 97871, 100, 534.11
2026/10/09 04:01:26.764, 3, 6, 97871, 0, 99.20
2026/10/09 04:01:27.764, 0, 80672, 97871, 100, 524.13
2026/10/09 04:01:27.764, 1, 5, 97871, 0, 98.60
2026/10/09 04:01:27.764, 2, 82374, 97871, 100, 534.15
2026/10/09 04:01:27.764, 3, 6, 97871, 0, 99.35
2026/10/09 04:01:28.765, 0, 80672, 97871, 100, 516.47
2026/10/09 04:01:28.765, 1, 5, 97871, 0, 98.60
2026/10/09 04:01:28.765, 2, 82374, 97871, 100, 534.83
2026/10/09 04:01:28.765, 3, 6, 97871, 0, 99.41
2026/10/09 04:01:29.765, 0, 80672, 97871, 99, 453.69
2026/10/09 04:01:29.765, 1, 5, 97871, 0, 98.64
2026/10/09 04:01:29.765, 2, 82374, 97871, 89, 524.63
2026/10/09 04:01:29.765, 3, 6, 97871, 0, 99.32
2026/10/09 04:01:30.765, 0, 6, 97871, 2, 268.03
2026/10/09 04:01:30.790, 1, 5, 97871, 0, 98.50
2026/10/09 04:01:30.790, 2, 82374, 97871, 100, 521.16
2026/10/09 04:01:30.790, 3, 6, 97871, 0, 99.42
2026/10/09 04:01:31.790, 0, 6, 97871, 0, 143.37
2026/10/09 04:01:31.790, 1, 5, 97871, 0, 98.74
2026/10/09 04:01:31.790, 2, 82374, 97871, 100, 528.59
2026/10/09 04:01:31.790, 3, 6, 97871, 0, 99.48
2026/10/09 04:01:32.790, 0, 6, 97871, 0, 133.14
2026/10/09 04:01:32.790, 1, 5, 97871, 0, 98.71
2026/10/09 04:01:32.790, 2, 6, 97871, 0, 358.64
2026/10/09 04:01:32.790, 3, 6, 97871, 0, 99.32
2026/10/09 04:01:33.790, 0, 6, 97871, 0, 93.02
2026/10/09 04:01:33.791, 1, 5, 97871, 0, 98.62
2026/10/09 04:01:33.791, 2, 6, 97871, 0, 149.54
2026/10/09 04:01:33.791, 3, 6, 97871, 0, 99.68
