2026/10/09 04:12:19.011, 0, 6, 97871, 0, 94.13
2026/10/09 04:12:19.015, 1, 7, 97871, 0, 93.26
2026/10/09 04:12:19.018, 2, 6, 97871, 0, 91.18
2026/10/09 04:12:19.021, 3, 6, 97871, 0, 98.17
2026/10/09 04:12:20.025, 0, 6, 97871, 0, 93.91
2026/10/09 04:12:20.025, 1, 7, 97871, 0, 92.71
2026/10/09 04:12:20.025, 2, 6, 97871, 0, 90.90
2026/10/09 04:12:20.025, 3, 6, 97871, 0, 97.93
2026/10/09 04:12:21.025, 0, 6, 97871, 0, 93.94
2026/10/09 04:12:21.025, 1, 7, 97871, 0, 92.88
2026/10/09 04:12:21.025, 2, 6, 97871, 0, 90.75
2026/10/09 04:12:21.025, 3, 6, 97871, 0, 97.97
2026/10/09 04:12:22.026, 0, 6, 97871, 0, 93.99
2026/10/09 04:12:22.026, 1, 7, 97871, 0, 93.04
2026/10/09 04:12:22.026, 2, 6, 97871, 0, 91.02
2026/10/09 04:12:22.026, 3, 6, 97871, 0, 97.97
2026/10/09 04:12:23.026, 0, 6, 97871, 0, 93.87
2026/10/09 04:12:23.026, 1, 7, 97871, 0, 92.85
2026/10/09 04:12:23.026, 2, 6, 97871, 0, 90.86
2026/10/09 04:12:23.026, 3, 6, 97871, 0, 97.85
2026/10/09 04:12:24.026, 0, 6, 97871, 0, 93.73
2026/10/09 04:12:24.026, 1, 7, 97871, 0, 92.75
2026/10/09 04:12:24.026, 2, 6, 97871, 0, 90.74
2026/10/09 04:12:24.026, 3, 6, 97871, 0, 97.75
2026/10/09 04:12:25.026, 0, 6, 97871, 0, 93.87
2026/10/09 04:12:25.026, 1, 7, 97871, 0, 92.96
2026/10/09 04:12:25.026, 2, 6, 97871, 0, 90.88
2026/10/09 04:12:25.026, 3, 6, 97871, 0, 98.03
2026/10/09 04:12:26.026, 0, 6, 97871, 0, 93.77
2026/10/09 04:12:26.027, 1, 7, 97871, 0, 92.93
2026/10/09 04:12:26.027, 2, 6, 97871, 0, 90.68
2026/10/09 04:12:26.027, 3, 6, 97871, 0, 97.64
2026/10/09 04:12:27.027, 0, 6, 97871, 0, 93.80
2026/10/09 04:12:27.027, 1, 7, 97871, 0, 92.86
2026/10/09 04:12:27.027, 2, 6, 97871, 0, 90.69
2026/10/09 04:12:27.027, 3, 6, 97871, 0, 97.58
2026/10/09 04:12:28.027, 0, 6, 97871, 0, 93.68
2026/10/09 04:12:28.027, 1, 7, 97871, 0, 92.82
2026/10/09 04:12:28.027, 2, 6, 97871, 0, 90.70
2026/10/09 04:12:28.027, 3, 6, 97871, 0, 97.57
2026/10/09 04:12:29.027, 0, 6, 97871, 0, 93.75
2026/10/09 04:12:29.027, 1, 7, 97871, 0, 92.84
2026/10/09 04:12:29.027, 2, 6, 97871, 0, 90.61
2026/10/09 04:12:29.027, 3, 6, 97871, 0, 97.72
2026/10/09 04:12:30.027, 0, 6, 97871, 0, 93.78
2026/10/09 04:12:30.027, 1, 7, 97871, 0, 92.75
2026/10/09 04:12:30.027, 2, 6, 97871, 0, 90.73
2026/10/09 04:12:30.027, 3, 6, 97871, 0, 97.72
2026/10/09 04:12:31.027, 0, 6, 97871, 0, 93.74
2026/10/09 04:12:31.028, 1, 7, 97871, 0, 92.78
2026/10/09 04:12:31.028, 2, 6, 97871, 0, 90.86
2026/10/09 04:12:31.028, 3, 6, 97871, 0, 97.66
2026/10/09 04:12:32.028, 0, 6, 97871, 0, 93.82
2026/10/09 04:12:32.028, 1, 7, 97871, 0, 92.78
2026/10/09 04:12:32.028, 2, 6, 97871, 0, 91.19
2026/10/09 04:12:32.028, 3, 6, 97871, 0, 97.72
2026/10/09 04:12:33.028, 0, 6, 97871, 0, 93.74
2026/10/09 04:12:33.028, 1, 7, 97871, 0, 93.19
2026/10/09 04:12:33.028, 2, 6, 97871, 0, 90.83
2026/10/09 04:12:33.028, 3, 6, 97871, 0, 97.61
2026/10/09 04:12:34.028, 0, 6, 97871, 0, 93.87
2026/10/09 04:12:34.028, 1, 7, 97871, 0, 92.94
2026/10/09 04:12:34.028, 2, 6, 97871, 0, 90.81
2026/10/09 04:12:34.028, 3, 6, 97871, 0, 97.78
2026/10/09 04:12:35.028, 0, 6, 97871, 0, 93.79
2026/10/09 04:12:35.071, 1, 7, 97871, 0, 92.67
2026/10/09 04:12:35.121, 2, 6, 97871, 0, 90.77
2026/10/09 04:12:35.145, 3, 6, 97871, 0, 97.63
2026/10/09 04:12:36.145, 0, 6, 97871, 0, 93.43
2026/10/09 04:12:36.145, 1, 7, 97871, 0, 92.77
2026/10/09 04:12:36.145, 2, 6, 97871, 0, 90.82
2026/10/09 04:12:36.145, 3, 6, 97871, 0, 97.65
2026/10/09 04:12:37.145, 0, 6, 97871, 0, 93.59
2026/10/09 04:12:37.145, 1, 7, 97871, 0, 93.13
2026/10/09 04:12:37.145, 2, 6, 97871, 0, 90.85
2026/10/09 04:12:37.145, 3, 6, 97871, 0, 97.51
2026/10/09 04:12:38.145, 0, 6, 97871, 0, 93.59
2026/10/09 04:12:38.145, 1, 7, 97871, 0, 93.06
2026/10/09 04:12:38.146, 2, 6, 97871, 0, 90.85
2026/10/09 04:12:38.146, 3, 6, 97871, 0, 97.57
2026/10/09 04:12:39.146, 0, 6, 97871, 0, 93.49
2026/10/09 04:12:39.146, 1, 7, 97871, 0, 93.15
2026/10/09 04:12:39.146, 2, 6, 97871, 0, 90.93
2026/10/09 04:12:39.146, 3, 6, 97871, 0, 97.52
2026/10/09 04:12:40.146, 0, 6, 97871, 0, 93.52
2026/10/09 04:12:40.146, 1, 7, 97871, 0, 93.12
2026/10/09 04:12:40.146, 2, 6, 97871, 0, 90.84
2026/10/09 04:12:40.146, 3, 6, 97871, 0, 97.59
2026/10/09 04:12:41.146, 0, 6, 97871, 0, 93.45
2026/10/09 04:12:41.146, 1, 7, 97871, 0, 93.17
2026/10/09 04:12:41.146, 2, 6, 97871, 0, 90.91
2026/10/09 04:12:41.146, 3, 6, 97871, 0, 97.51
2026/10/09 04:12:42.146, 0, 6, 97871, 0, 93.48
2026/10/09 04:12:42.146, 1, 7, 97871, 0, 93.06
2026/10/09 04:12:42.146, 2, 6, 97871, 0, 90.80
2026/10/09 04:12:42.146, 3, 6, 97871, 0, 97.49
2026/10/09 04:12:43.146, 0, 6, 97871, 0, 93.51
2026/10/09 04:12:43.146, 1, 7, 97871, 0, 92.99
2026/10/09 04:12:43.146, 2, 6, 97871, 0, 90.78
2026/10/09 04:12:43.146, 3, 6, 97871, 0, 97.48
2026/10/09 04:12:44.146, 0, 6, 97871, 0, 93.54
2026/10/09 04:12:44.147, 1, 7, 97871, 0, 93.10
2026/10/09 04:12:44.147, 2, 6, 97871, 0, 90.87
2026/10/09 04:12:44.147, 3, 6, 97871, 0, 97.54
2026/10/09 04:12:45.147, 0, 6, 97871, 0, 93.61
2026/10/09 04:12:45.147, 1, 7, 97871, 0, 92.84
2026/10/09 04:12:45.147, 2, 6, 97871, 0, 90.92
2026/10/09 04:12:45.147, 3, 6, 97871, 0, 97.61
2026/10/09 04:12:46.147, 0, 6, 97871, 0, 93.49
2026/10/09 04:12:46.147, 1, 7, 97871, 0, 92.84
2026/10/09 04:12:46.147, 2, 6, 97871, 0, 90.98
2026/10/09 04:12:46.147, 3, 6, 97871, 0, 97.66
2026/10/09 04:12:47.147, 0, 6, 97871, 0, 93.78
2026/10/09 04:12:47.147, 1, 7, 97871, 0, 93.00
2026/10/09 04:12:47.147, 2, 6, 97871, 0, 91.13
2026/10/09 04:12:47.147, 3, 6, 97871, 0, 97.76
2026/10/09 04:12:48.147, 0, 6, 97871, 0, 93.80
2026/10/09 04:12:48.147, 1, 7, 97871, 0, 92.96
2026/10/09 04:12:48.147, 2, 6, 97871, 0, 91.12
2026/10/09 04:12:48.147, 3, 6, 97871, 0, 97.81
2026/10/09 04:12:49.147, 0, 6, 97871, 0, 93.69
2026/10/09 04:12:49.147, 1, 7, 97871, 0, 93.11
2026/10/09 04:12:49.147, 2, 6, 97871, 0, 90.97
2026/10/09 04:12:49.147, 3, 6, 97871, 0, 97.80
2026/10/09 04:12:50.147, 0, 6, 97871, 0, 93.81
2026/10/09 04:12:50.148, 1, 7, 97871, 0, 93.00
2026/10/09 04:12:50.148, 2, 6, 97871, 0, 91.23
2026/10/09 04:12:50.148, 3, 6, 97871, 0, 97.68
2026/10/09 04:12:51.148, 0, 6, 97871, 0, 93.79
2026/10/09 04:12:51.148, 1, 7, 97871, 0, 93.11
2026/10/09 04:12:51.148, 2, 6, 97871, 0, 91.27
2026/10/09 04:12:51.148, 3, 6, 97871, 0, 97.82
2026/10/09 04:12:52.148, 0, 6, 97871, 0, 93.70
2026/10/09 04:12:52.148, 1, 7, 97871, 0, 93.20
2026/10/09 04:12:52.148, 2, 6, 97871, 0, 91.00
2026/10/09 04:12:52.148, 3, 6, 97871, 0, 97.72
2026/10/09 04:12:53.148, 0, 6, 97871, 0, 93.65
2026/10/09 04:12:53.148, 1, 7, 97871, 0, 93.19
2026/10/09 04:12:53.148, 2, 6, 97871, 0, 90.94
2026/10/09 04:12:53.148, 3, 6, 97871, 0, 97.72
2026/10/09 04:12:54.148, 0, 6, 97871, 0, 93.61
2026/10/09 04:12:54.149, 1, 7, 97871, 0, 92.83
2026/10/09 04:12:54.149, 2, 6, 97871, 0, 90.86
2026/10/09 04:12:54.149, 3, 6, 97871, 0, 97.87
2026/10/09 04:12:55.149, 0, 6, 97871, 0, 93.43
2026/10/09 04:12:55.149, 1, 7, 97871, 0, 92.94
2026/10/09 04:12:55.149, 2, 6, 97871, 0, 90.89
2026/10/09 04:12:55.149, 3, 6, 97871, 0, 97.66
2026/10/09 04:12:56.149, 0, 6, 97871, 0, 93.51
2026/10/09 04:12:56.149, 1, 7, 97871, 0, 93.05
2026/10/09 04:12:56.149, 2, 6, 97871, 0, 90.87
2026/10/09 04:12:56.149, 3, 6, 97871, 0, 97.63
2026/10/09 04:12:57.149, 0, 6, 97871, 0, 93.55
2026/10/09 04:12:57.149, 1, 7, 97871, 0, 93.11
2026/10/09 04:12:57.150, 2, 6, 97871, 0, 91.06
2026/10/09 04:12:57.150, 3, 6, 97871, 0, 97.59
2026/10/09 04:12:58.150, 0, 6, 97871, 0, 93.52
2026/10/09 04:12:58.150, 1, 7, 97871, 0, 92.85
2026/10/09 04:12:58.150, 2, 6, 97871, 0, 90.77
2026/10/09 04:12:58.150, 3, 6, 97871, 0, 97.59
2026/10/09 04:12:59.150, 0, 6, 97871, 0, 93.47
2026/10/09 04:12:59.150, 1, 7, 97871, 0, 93.03
2026/10/09 04:12:59.150, 2, 6, 97871, 0, 90.80
2026/10/09 04:12:59.150, 3, 6, 97871, 0, 97.57
2026/10/09 04:13:00.150, 0, 6, 97871, 0, 93.50
2026/10/09 04:13:00.150, 1, 7, 97871, 0, 93.31
2026/10/09 04:13:00.150, 2, 6, 97871, 0, 90.82
2026/10/09 04:13:00.150, 3, 6, 97871, 0, 97.59
2026/10/09 04:13:01.151, 0, 6, 97871, 0, 93.52
2026/10/09 04:13:01.151, 1, 7, 97871, 0, 92.92
2026/10/09 04:13:01.151, 2, 6, 97871, 0, 90.68
2026/10/09 04:13:01.151, 3, 6, 97871, 0, 97.55
2026/10/09 04:13:02.151, 0, 6, 97871, 0, 93.53
2026/10/09 04:13:02.151, 1, 7, 97871, 0, 92.92
2026/10/09 04:13:02.151, 2, 6, 97871, 0, 90.77
2026/10/09 04:13:02.151, 3, 6, 97871, 0, 97.65
2026/10/09 04:13:03.151, 0, 6, 97871, 0, 93.49
2026/10/09 04:13:03.151, 1, 7, 97871, 0, 92.92
2026/10/09 04:13:03.151, 2, 6, 97871, 0, 90.76
2026/10/09 04:13:03.151, 3, 6, 97871, 0, 97.61
2026/10/09 04:13:04.151, 0, 6, 97871, 0, 93.56
2026/10/09 04:13:04.151, 1, 7, 97871, 0, 93.07
2026/10/09 04:13:04.152, 2, 6, 97871, 0, 90.95
2026/10/09 04:13:04.152, 3, 6, 97871, 0, 97.62
2026/10/09 04:13:05.152, 0, 6, 97871, 0, 93.53
2026/10/09 04:13:05.152, 1, 7, 97871, 0, 93.22
2026/10/09 04:13:05.152, 2, 6, 97871, 0, 90.80
2026/10/09 04:13:05.152, 3, 6, 97871, 0, 97.67
2026/10/09 04:13:06.152, 0, 6, 97871, 0, 93.58
2026/10/09 04:13:06.152, 1, 7, 97871, 0, 93.28
2026/10/09 04:13:06.152, 2, 6, 97871, 0, 90.96
2026/10/09 04:13:06.152, 3, 6, 97871, 0, 97.61
2026/10/09 04:13:07.152, 0, 6, 97871, 0, 93.55
2026/10/09 04:13:07.152, 1, 7, 97871, 0, 93.03
2026/10/09 04:13:07.152, 2, 6, 97871, 0, 90.99
2026/10/09 04:13:07.152, 3, 6, 97871, 0, 97.67
2026/10/09 04:13:08.152, 0, 6, 97871, 0, 93.57
2026/10/09 04:13:08.152, 1, 7, 97871, 0, 93.55
2026/10/09 04:13:08.152, 2, 6, 97871, 0, 90.88
2026/10/09 04:13:08.152, 3, 6, 97871, 0, 97.63
2026/10/09 04:13:09.153, 0, 6, 97871, 0, 93.53
2026/10/09 04:13:09.153, 1, 7, 97871, 0, 93.47
2026/10/09 04:13:09.153, 2, 6, 97871, 0, 90.86
2026/10/09 04:13:09.153, 3, 6, 97871, 0, 97.61
2026/10/09 04:13:10.153, 0, 6, 97871, 0, 93.55
2026/10/09 04:13:10.153, 1, 7, 97871, 0, 93.53
2026/10/09 04:13:10.153, 2, 6, 97871, 0, 91.03
2026/10/09 04:13:10.153, 3, 6, 97871, 0, 97.63
2026/10/09 04:13:11.153, 0, 6, 97871, 0, 93.59
2026/10/09 04:13:11.153, 1, 7, 97871, 0, 92.79
2026/10/09 04:13:11.153, 2, 6, 97871, 0, 90.80
2026/10/09 04:13:11.153, 3, 6, 97871, 0, 97.63
2026/10/09 04:13:12.153, 0, 6, 97871, 0, 93.57
2026/10/09 04:13:12.153, 1, 7, 97871, 0, 93.16
2026/10/09 04:13:12.153, 2, 6, 97871, 0, 90.78
2026/10/09 04:13:12.153, 3, 6, 97871, 0, 97.65
2026/10/09 04:13:13.153, 0, 6, 97871, 0, 93.54
2026/10/09 04:13:13.154, 1, 7, 97871, 0, 93.35
2026/10/09 04:13:13.154, 2, 6, 97871, 0, 90.89
2026/10/09 04:13:13.154, 3, 6, 97871, 0, 97.59
2026/10/09 04:13:14.154, 0, 6, 97871, 0, 93.64
2026/10/09 04:13:14.154, 1, 7, 97871, 0, 93.47
2026/10/09 04:13:14.154, 2, 6, 97871, 0, 90.85
2026/10/09 04:13:14.154, 3, 6, 97871, 0, 97.62
2026/10/09 04:13:15.154, 0, 6, 97871, 0, 93.54
2026/10/09 04:13:15.154, 1, 7, 97871, 0, 93.00
2026/10/09 04:13:15.154, 2, 6, 97871, 0, 90.90
2026/10/09 04:13:15.154, 3, 6, 97871, 0, 97.50
2026/10/09 04:13:16.154, 0, 6, 97871, 0, 93.69
2026/10/09 04:13:16.154, 1, 7, 97871, 0, 93.34
2026/10/09 04:13:16.154, 2, 6, 97871, 0, 90.87
2026/10/09 04:13:16.154, 3, 6, 97871, 0, 97.72
2026/10/09 04:13:17.154, 0, 6, 97871, 0, 93.76
2026/10/09 04:13:17.154, 1, 7, 97871, 0, 93.51
2026/10/09 04:13:17.154, 2, 6, 97871, 0, 91.11
2026/10/09 04:13:17.154, 3, 6, 97871, 0, 97.89
2026/10/09 04:13:18.154, 0, 6, 97871, 0, 93.99
2026/10/09 04:13:18.191, 1, 7, 97871, 0, 94.07
2026/10/09 04:13:18.236, 2, 6, 97871, 0, 91.15
2026/10/09 04:13:18.284, 3, 6, 97871, 0, 98.25
2026/10/09 04:13:19.308, 0, 6, 97871, 0, 93.89
2026/10/09 04:13:19.382, 1, 7, 97871, 0, 92.80
2026/10/09 04:13:19.427, 2, 6, 97871, 0, 91.06
2026/10/09 04:13:19.478, 3, 6, 97871, 0, 97.87
2026/10/09 04:13:20.522, 0, 6, 97871, 0, 93.88
2026/10/09 04:13:20.522, 1, 7, 97871, 0, 92.66
2026/10/09 04:13:20.522, 2, 6, 97871, 0, 91.06
2026/10/09 04:13:20.522, 3, 6, 97871, 0, 97.94
2026/10/09 04:13:21.522, 0, 6, 97871, 0, 93.67
2026/10/09 04:13:21.568, 1, 7, 97871, 0, 93.79
2026/10/09 04:13:21.613, 2, 6, 97871, 0, 90.84
2026/10/09 04:13:21.660, 3, 6, 97871, 0, 97.75
2026/10/09 04:13:22.704, 0, 6, 97871, 0, 93.75
2026/10/09 04:13:22.705, 1, 7, 97871, 0, 93.62
2026/10/09 04:13:22.705, 2, 6, 97871, 0, 91.09
2026/10/09 04:13:22.705, 3, 6, 97871, 0, 97.96
2026/10/09 04:13:23.705, 0, 6, 97871, 0, 93.90
2026/10/09 04:13:23.705, 1, 7, 97871, 0, 94.43
2026/10/09 04:13:23.705, 2, 6, 97871, 0, 91.11
2026/10/09 04:13:23.705, 3, 6, 97871, 0, 98.00
2026/10/09 04:13:24.705, 0, 6, 97871, 0, 93.60
2026/10/09 04:13:24.705, 1, 7, 97871, 0, 93.57
2026/10/09 04:13:24.705, 2, 6, 97871, 0, 90.93
2026/10/09 04:13:24.705, 3, 6, 97871, 0, 98.35
2026/10/09 04:13:25.705, 0, 6, 97871, 0, 93.82
2026/10/09 04:13:25.706, 1, 7, 97871, 0, 93.98
2026/10/09 04:13:25.706, 2, 6, 97871, 0, 91.12
2026/10/09 04:13:25.706, 3, 6, 97871, 0, 97.69
2026/10/09 04:13:26.706, 0, 6, 97871, 0, 93.87
2026/10/09 04:13:26.706, 1, 7, 97871, 0, 94.29
2026/10/09 04:13:26.706, 2, 6, 97871, 0, 91.13
2026/10/09 04:13:26.706, 3, 6, 97871, 0, 97.86
2026/10/09 04:13:27.706, 0, 6, 97871, 0, 93.62
2026/10/09 04:13:27.706, 1, 7, 97871, 0, 93.89
2026/10/09 04:13:27.706, 2, 6, 97871, 0, 90.74
2026/10/09 04:13:27.706, 3, 6, 97871, 0, 97.72
2026/10/09 04:13:28.706, 0, 6, 97871, 0, 93.49
2026/10/09 04:13:28.707, 1, 7, 97871, 0, 93.20
2026/10/09 04:13:28.707, 2, 6, 97871, 0, 91.10
2026/10/09 04:13:28.707, 3, 6, 97871, 0, 97.50
2026/10/09 04:13:29.707, 0, 6, 97871, 0, 93.52
2026/10/09 04:13:29.707, 1, 7, 97871, 0, 93.55
2026/10/09 04:13:29.707, 2, 6, 97871, 0, 90.69
2026/10/09 04:13:29.707, 3, 6, 97871, 0, 97.50
2026/10/09 04:13:30.707, 0, 6, 97871, 0, 93.55
2026/10/09 04:13:30.707, 1, 7, 97871, 0, 93.67
2026/10/09 04:13:30.707, 2, 6, 97871, 0, 90.97
2026/10/09 04:13:30.707, 3, 6, 97871, 0, 97.64
2026/10/09 04:13:31.707, 0, 6, 97871, 0, 93.52
2026/10/09 04:13:31.707, 1, 7, 97871, 0, 93.58
2026/10/09 04:13:31.707, 2, 6, 97871, 0, 90.88
2026/10/09 04:13:31.707, 3, 6, 97871, 0, 97.51
2026/10/09 04:13:32.707, 0, 6, 97871, 0, 93.53
2026/10/09 04:13:32.708, 1, 7, 97871, 0, 93.39
2026/10/09 04:13:32.708, 2, 6, 97871, 0, 91.08
2026/10/09 04:13:32.708, 3, 6, 97871, 0, 97.46
2026/10/09 04:13:33.708, 0, 6, 97871, 0, 93.57
2026/10/09 04:13:33.708, 1, 7, 97871, 0, 93.56
2026/10/09 04:13:33.708, 2, 6, 97871, 0, 90.92
2026/10/09 04:13:33.708, 3, 6, 97871, 0, 97.66
2026/10/09 04:13:34.708, 0, 6, 97871, 0, 93.55
2026/10/09 04:13:34.708, 1, 7, 97871, 0, 93.45
2026/10/09 04:13:34.708, 2, 6, 97871, 0, 90.66
2026/10/09 04:13:34.708, 3, 6, 97871, 0, 97.44
2026/10/09 04:13:35.708, 0, 6, 97871, 0, 93.61
2026/10/09 04:13:35.708, 1, 7, 97871, 0, 93.59
2026/10/09 04:13:35.708, 2, 6, 97871, 0, 90.73
2026/10/09 04:13:35.708, 3, 6, 97871, 0, 97.56
2026/10/09 04:13:36.708, 0, 6, 97871, 0, 93.51
2026/10/09 04:13:36.709, 1, 7, 97871, 0, 93.53
2026/10/09 04:13:36.709, 2, 6, 97871, 0, 90.61
2026/10/09 04:13:36.709, 3, 6, 97871, 0, 97.45
2026/10/09 04:13:37.709, 0, 6, 97871, 0, 93.46
2026/10/09 04:13:37.709, 1, 7, 97871, 0, 93.46
2026/10/09 04:13:37.709, 2, 6, 97871, 0, 90.89
2026/10/09 04:13:37.709, 3, 6, 97871, 0, 97.56
2026/10/09 04:13:38.709, 0, 6, 97871, 0, 93.53
2026/10/09 04:13:38.709, 1, 7, 97871, 0, 93.47
2026/10/09 04:13:38.709, 2, 6, 97871, 0, 90.83
2026/10/09 04:13:38.709, 3, 6, 97871, 0, 97.42
2026/10/09 04:13:39.709, 0, 6, 97871, 0, 93.62
2026/10/09 04:13:39.709, 1, 7, 97871, 0, 93.50
2026/10/09 04:13:39.709, 2, 6, 97871, 0, 90.95
2026/10/09 04:13:39.709, 3, 6, 97871, 0, 97.44
2026/10/09 04:13:40.709, 0, 6, 97871, 0, 93.57
2026/10/09 04:13:40.709, 1, 7, 97871, 0, 93.46
2026/10/09 04:13:40.709, 2, 6, 97871, 0, 90.79
2026/10/09 04:13:40.709, 3, 6, 97871, 0, 97.48
2026/10/09 04:13:41.710, 0, 6, 97871, 0, 93.55
2026/10/09 04:13:41.710, 1, 7, 97871, 0, 93.48
2026/10/09 04:13:41.710, 2, 6, 97871, 0, 90.74
2026/10/09 04:13:41.710, 3, 6, 97871, 0, 97.35
2026/10/09 04:13:42.710, 0, 6, 97871, 0, 93.54
2026/10/09 04:13:42.710, 1, 7, 97871, 0, 93.42
2026/10/09 04:13:42.710, 2, 6, 97871, 0, 90.70
2026/10/09 04:13:42.710, 3, 6, 97871, 0, 97.39
2026/10/09 04:13:43.710, 0, 6, 97871, 0, 93.49
2026/10/09 04:13:43.710, 1, 7, 97871, 0, 93.30
2026/10/09 04:13:43.710, 2, 6, 97871, 0, 90.67
2026/10/09 04:13:43.710, 3, 6, 97871, 0, 97.36
2026/10/09 04:13:44.710, 0, 6, 97871, 0, 93.64
2026/10/09 04:13:44.710, 1, 7, 97871, 0, 93.66
2026/10/09 04:13:44.710, 2, 6, 97871, 0, 90.83
2026/10/09 04:13:44.710, 3, 6, 97871, 0, 97.64
2026/10/09 04:13:45.711, 0, 6, 97871, 0, 93.69
2026/10/09 04:13:45.711, 1, 7, 97871, 0, 93.52
2026/10/09 04:13:45.711, 2, 6, 97871, 0, 91.06
2026/10/09 04:13:45.711, 3, 6, 97871, 0, 97.67
2026/10/09 04:13:46.711, 0, 6, 97871, 0, 93.63
2026/10/09 04:13:46.711, 1, 7, 97871, 0, 93.52
2026/10/09 04:13:46.711, 2, 6, 97871, 0, 90.99
2026/10/09 04:13:46.711, 3, 6, 97871, 0, 97.60
2026/10/09 04:13:47.711, 0, 6, 97871, 0, 93.71
2026/10/09 04:13:47.711, 1, 7, 97871, 0, 93.65
2026/10/09 04:13:47.711, 2, 6, 97871, 0, 90.90
2026/10/09 04:13:47.711, 3, 6, 97871, 0, 97.72
2026/10/09 04:13:48.711, 0, 6, 97871, 0, 93.70
2026/10/09 04:13:48.711, 1, 7, 97871, 0, 93.79
2026/10/09 04:13:48.711, 2, 6, 97871, 0, 91.02
2026/10/09 04:13:48.711, 3, 6, 97871, 0, 97.67
2026/10/09 04:13:49.712, 0, 6, 97871, 0, 93.75
2026/10/09 04:13:49.712, 1, 7, 97871, 0, 93.38
2026/10/09 04:13:49.712, 2, 6, 97871, 0, 90.99
2026/10/09 04:13:49.712, 3, 6, 97871, 0, 97.66
2026/10/09 04:13:50.712, 0, 6, 97871, 0, 93.57
2026/10/09 04:13:50.712, 1, 7, 97871, 0, 93.75
2026/10/09 04:13:50.712, 2, 6, 97871, 0, 90.79
2026/10/09 04:13:50.712, 3, 6, 97871, 0, 97.47
2026/10/09 04:13:51.712, 0, 6, 97871, 0, 93.58
2026/10/09 04:13:51.712, 1, 7, 97871, 0, 93.57
2026/10/09 04:13:51.712, 2, 6, 97871, 0, 90.88
2026/10/09 04:13:51.712, 3, 6, 97871, 0, 97.57
2026/10/09 04:13:52.712, 0, 6, 97871, 0, 93.47
2026/10/09 04:13:52.712, 1, 7, 97871, 0, 93.34
2026/10/09 04:13:52.712, 2, 6, 97871, 0, 90.69
2026/10/09 04:13:52.712, 3, 6, 97871, 0, 97.54
2026/10/09 04:13:53.712, 0, 6, 97871, 0, 93.54
2026/10/09 04:13:53.713, 1, 7, 97871, 0, 93.39
2026/10/09 04:13:53.713, 2, 6, 97871, 0, 90.75
2026/10/09 04:13:53.713, 3, 6, 97871, 0, 97.39
2026/10/09 04:13:54.713, 0, 6, 97871, 0, 93.43
2026/10/09 04:13:54.713, 1, 7, 97871, 0, 93.42
2026/10/09 04:13:54.713, 2, 6, 97871, 0, 90.80
2026/10/09 04:13:54.713, 3, 6, 97871, 0, 97.49
2026/10/09 04:13:55.713, 0, 6, 97871, 0, 93.43
2026/10/09 04:13:55.713, 1, 7, 97871, 0, 93.42
2026/10/09 04:13:55.713, 2, 6, 97871, 0, 90.68
2026/10/09 04:13:55.713, 3, 6, 97871, 0, 97.48
2026/10/09 04:13:56.713, 0, 6, 97871, 0, 93.44
2026/10/09 04:13:56.713, 1, 7, 97871, 0, 93.41
2026/10/09 04:13:56.713, 2, 6, 97871, 0, 90.91
2026/10/09 04:13:56.713, 3, 6, 97871, 0, 97.46
2026/10/09 04:13:57.713, 0, 6, 97871, 0, 93.46
2026/10/09 04:13:57.713, 1, 7, 97871, 0, 93.43
2026/10/09 04:13:57.713, 2, 6, 97871, 0, 90.76
2026/10/09 04:13:57.713, 3, 6, 97871, 0, 97.46
2026/10/09 04:13:58.714, 0, 6, 97871, 0, 93.53
2026/10/09 04:13:58.714, 1, 7, 97871, 0, 93.49
2026/10/09 04:13:58.714, 2, 6, 97871, 0, 90.92
2026/10/09 04:13:58.714, 3, 6, 97871, 0, 97.39
2026/10/09 04:13:59.714, 0, 6, 97871, 0, 93.56
2026/10/09 04:13:59.714, 1, 7, 97871, 0, 93.34
2026/10/09 04:13:59.714, 2, 6, 97871, 0, 90.82
2026/10/09 04:13:59.714, 3, 6, 97871, 0, 97.29
2026/10/09 04:14:00.714, 0, 6, 97871, 0, 93.50
2026/10/09 04:14:00.714, 1, 7, 97871, 0, 93.40
2026/10/09 04:14:00.714, 2, 6, 97871, 0, 90.80
2026/10/09 04:14:00.714, 3, 6, 97871, 0, 97.41
2026/10/09 04:14:01.714, 0, 6, 97871, 0, 93.48
2026/10/09 04:14:01.714, 1, 7, 97871, 0, 93.46
2026/10/09 04:14:01.714, 2, 6, 97871, 0, 90.87
2026/10/09 04:14:01.714, 3, 6, 97871, 0, 97.33
2026/10/09 04:14:02.714, 0, 6, 97871, 0, 93.50
2026/10/09 04:14:02.715, 1, 7, 97871, 0, 93.17
2026/10/09 04:14:02.715, 2, 6, 97871, 0, 90.79
2026/10/09 04:14:02.715, 3, 6, 97871, 0, 97.41
2026/10/09 04:14:03.715, 0, 6, 97871, 0, 93.52
2026/10/09 04:14:03.715, 1, 7, 97871, 0, 93.42
2026/10/09 04:14:03.715, 2, 6, 97871, 0, 90.95
2026/10/09 04:14:03.715, 3, 6, 97871, 0, 97.41
2026/10/09 04:14:04.715, 0, 6, 97871, 0, 93.43
2026/10/09 04:14:04.715, 1, 7, 97871, 0, 93.53
2026/10/09 04:14:04.715, 2, 6, 97871, 0, 91.05
2026/10/09 04:14:04.715, 3, 6, 97871, 0, 97.33
2026/10/09 04:14:05.715, 0, 6, 97871, 0, 93.42
2026/10/09 04:14:05.715, 1, 7, 97871, 0, 93.29
2026/10/09 04:14:05.715, 2, 6, 97871, 0, 90.77
2026/10/09 04:14:05.715, 3, 6, 97871, 0, 97.50
2026/10/09 04:14:06.715, 0, 6, 97871, 0, 93.51
2026/10/09 04:14:06.715, 1, 7, 97871, 0, 93.28
2026/10/09 04:14:06.715, 2, 6, 97871, 0, 90.85
2026/10/09 04:14:06.715, 3, 6, 97871, 0, 97.57
2026/10/09 04:14:07.716, 0, 6, 97871, 0, 93.57
2026/10/09 04:14:07.716, 1, 7, 97871, 0, 93.56
2026/10/09 04:14:07.716, 2, 6, 97871, 0, 91.06
2026/10/09 04:14:07.716, 3, 6, 97871, 0, 97.61
2026/10/09 04:14:08.716, 0, 6, 97871, 0, 93.45
2026/10/09 04:14:08.716, 1, 7, 97871, 0, 93.29
2026/10/09 04:14:08.716, 2, 6, 97871, 0, 90.80
2026/10/09 04:14:08.716, 3, 6, 97871, 0, 97.49
2026/10/09 04:14:09.716, 0, 6, 97871, 0, 93.49
2026/10/09 04:14:09.716, 1, 7, 97871, 0, 93.20
2026/10/09 04:14:09.716, 2, 6, 97871, 0, 90.80
2026/10/09 04:14:09.716, 3, 6, 97871, 0, 97.50
2026/10/09 04:14:10.716, 0, 6, 97871, 0, 93.51
2026/10/09 04:14:10.716, 1, 7, 97871, 0, 93.49
2026/10/09 04:14:10.716, 2, 6, 97871, 0, 90.88
2026/10/09 04:14:10.716, 3, 6, 97871, 0, 97.49
2026/10/09 04:14:11.716, 0, 6, 97871, 0, 93.52
2026/10/09 04:14:11.717, 1, 7, 97871, 0, 93.19
2026/10/09 04:14:11.717, 2, 6, 97871, 0, 91.03
2026/10/09 04:14:11.717, 3, 6, 97871, 0, 97.44
2026/10/09 04:14:12.717, 0, 6, 97871, 0, 93.41
2026/10/09 04:14:12.800, 1, 7, 97871, 0, 93.77
2026/10/09 04:14:12.846, 2, 6, 97871, 0, 90.72
2026/10/09 04:14:12.896, 3, 6, 97871, 0, 97.57
2026/10/09 04:14:13.941, 0, 6, 97871, 0, 93.77
2026/10/09 04:14:13.988, 1, 7, 97871, 0, 92.70
2026/10/09 04:14:14.032, 2, 6, 97871, 0, 91.05
2026/10/09 04:14:14.077, 3, 6, 97871, 0, 97.71
2026/10/09 04:14:15.125, 0, 6, 97871, 0, 93.85
2026/10/09 04:14:15.125, 1, 7, 97871, 0, 92.65
2026/10/09 04:14:15.125, 2, 6, 97871, 0, 90.85
2026/10/09 04:14:15.125, 3, 6, 97871, 0, 97.72
2026/10/09 04:14:16.125, 0, 6, 97871, 0, 93.70
2026/10/09 04:14:16.152, 1, 7, 97871, 0, 93.86
2026/10/09 04:14:16.201, 2, 6, 97871, 0, 90.83
2026/10/09 04:14:16.247, 3, 6, 97871, 0, 97.87
2026/10/09 04:14:17.297, 0, 6, 97871, 0, 93.75
2026/10/09 04:14:17.297, 1, 7, 97871, 0, 93.61
2026/10/09 04:14:17.297, 2, 6, 97871, 0, 91.02
2026/10/09 04:14:17.297, 3, 6, 97871, 0, 97.89
2026/10/09 04:14:18.297, 0, 6, 97871, 0, 93.91
2026/10/09 04:14:18.298, 1, 7, 97871, 0, 93.88
2026/10/09 04:14:18.298, 2, 6, 97871, 0, 91.14
2026/10/09 04:14:18.298, 3, 6, 97871, 0, 97.89
2026/10/09 04:14:19.298, 0, 6, 97871, 0, 93.71
2026/10/09 04:14:19.298, 1, 7, 97871, 0, 93.60
2026/10/09 04:14:19.298, 2, 6, 97871, 0, 90.90
2026/10/09 04:14:19.298, 3, 6, 97871, 0, 97.86
2026/10/09 04:14:20.298, 0, 6, 97871, 0, 93.56
2026/10/09 04:14:20.298, 1, 7, 97871, 0, 94.06
2026/10/09 04:14:20.298, 2, 6, 97871, 0, 90.76
2026/10/09 04:14:20.298, 3, 6, 97871, 0, 97.68
2026/10/09 04:14:21.298, 0, 6, 97871, 0, 93.73
2026/10/09 04:14:21.298, 1, 7, 97871, 0, 94.17
2026/10/09 04:14:21.298, 2, 6, 97871, 0, 91.14
2026/10/09 04:14:21.298, 3, 6, 97871, 0, 97.81
2026/10/09 04:14:22.298, 0, 6, 97871, 0, 93.52
2026/10/09 04:14:22.299, 1, 7, 97871, 0, 94.68
2026/10/09 04:14:22.299, 2, 6, 97871, 0, 90.89
2026/10/09 04:14:22.299, 3, 6, 97871, 0, 97.60
2026/10/09 04:14:23.299, 0, 6, 97871, 0, 93.50
2026/10/09 04:14:23.329, 1, 7, 97871, 0, 96.20
2026/10/09 04:14:23.352, 2, 6, 97871, 0, 91.00
2026/10/09 04:14:23.443, 3, 6, 97871, 0, 97.75
2026/10/09 04:14:24.489, 0, 6, 97871, 0, 93.60
2026/10/09 04:14:24.489, 1, 7, 97871, 0, 94.65
2026/10/09 04:14:24.489, 2, 6, 97871, 0, 90.78
2026/10/09 04:14:24.489, 3, 6, 97871, 0, 97.40
2026/10/09 04:14:25.489, 0, 6, 97871, 0, 93.56
2026/10/09 04:14:25.489, 1, 7, 97871, 0, 95.81
2026/10/09 04:14:25.489, 2, 6, 97871, 0, 90.80
2026/10/09 04:14:25.489, 3, 6, 97871, 0, 97.47
2026/10/09 04:14:26.489, 0, 6, 97871, 0, 93.61
2026/10/09 04:14:26.489, 1, 7, 97871, 0, 93.96
2026/10/09 04:14:26.489, 2, 6, 97871, 0, 90.73
2026/10/09 04:14:26.489, 3, 6, 97871, 0, 97.47
2026/10/09 04:14:27.490, 0, 6, 97871, 0, 93.49
2026/10/09 04:14:27.490, 1, 7, 97871, 0, 94.22
2026/10/09 04:14:27.490, 2, 6, 97871, 0, 90.85
2026/10/09 04:14:27.490, 3, 6, 97871, 0, 97.40
2026/10/09 04:14:28.490, 0, 8, 97871, 0, 93.64
2026/10/09 04:14:28.677, 1, 7, 97871, 0, 92.77
2026/10/09 04:14:28.679, 2, 6, 97871, 0, 90.69
2026/10/09 04:14:28.682, 3, 7, 97871, 0, 97.50
2026/10/09 04:14:29.684, 0, 8, 97871, 0, 93.54
2026/10/09 04:14:29.696, 1, 8, 97871, 0, 92.76
2026/10/09 04:14:29.697, 2, 6, 97871, 0, 90.84
2026/10/09 04:14:29.697, 3, 6, 97871, 0, 97.51
2026/10/09 04:14:30.698, 0, 8, 97871, 0, 93.54
2026/10/09 04:14:30.720, 1, 8, 97871, 0, 92.86
2026/10/09 04:14:30.744, 2, 8, 97871, 0, 90.74
2026/10/09 04:14:30.789, 3, 8, 97871, 0, 98.39
2026/10/09 04:14:31.834, 0, 8, 97871, 0, 93.43
2026/10/09 04:14:31.834, 1, 572, 97871, 0, 130.04
2026/10/09 04:14:31.834, 2, 570, 97871, 0, 130.84
2026/10/09 04:14:31.834, 3, 572, 97871, 0, 136.44
2026/10/09 04:14:32.834, 0, 8, 97871, 0, 93.54
2026/10/09 04:14:32.835, 1, 572, 97871, 0, 139.37
2026/10/09 04:14:32.835, 2, 570, 97871, 0, 139.88
2026/10/09 04:14:32.835, 3, 572, 97871, 0, 143.65
2026/10/09 04:14:33.835, 0, 8, 97871, 0, 93.52
2026/10/09 04:14:33.835, 1, 572, 97871, 0, 139.35
2026/10/09 04:14:33.835, 2, 570, 97871, 0, 139.76
2026/10/09 04:14:33.835, 3, 572, 97871, 0, 143.66
2026/10/09 04:14:34.835, 0, 761, 97871, 2, 99.37
2026/10/09 04:14:34.835, 1, 762, 97871, 0, 139.61
2026/10/09 04:14:34.835, 2, 760, 97871, 3, 140.07
2026/10/09 04:14:34.836, 3, 762, 97871, 0, 143.70
2026/10/09 04:14:35.836, 0, 761, 97871, 0, 139.67
2026/10/09 04:14:35.836, 1, 762, 97871, 0, 138.93
2026/10/09 04:14:35.836, 2, 760, 97871, 0, 139.78
2026/10/09 04:14:35.836, 3, 762, 97871, 0, 143.43
2026/10/09 04:14:36.836, 0, 763, 97871, 0, 139.30
2026/10/09 04:14:36.889, 1, 764, 97871, 0, 138.80
2026/10/09 04:14:36.945, 2, 762, 97871, 0, 139.93
2026/10/09 04:14:37.122, 3, 764, 97871, 0, 143.53
2026/10/09 04:14:38.215, 0, 763, 97871, 0, 138.68
2026/10/09 04:14:38.350, 1, 764, 97871, 0, 138.79
2026/10/09 04:14:38.581, 2, 762, 97871, 0, 140.18
2026/10/09 04:14:38.667, 3, 764, 97871, 0, 143.65
2026/10/09 04:14:39.668, 0, 1205, 97871, 0, 139.09
2026/10/09 04:14:39.668, 1, 1206, 97871, 0, 139.30
2026/10/09 04:14:39.668, 2, 1204, 97871, 0, 140.28
2026/10/09 04:14:39.668, 3, 1206, 97871, 0, 143.83
2026/10/09 04:14:40.668, 0, 11533, 97871, 1, 140.31
2026/10/09 04:14:40.668, 1, 11534, 97871, 0, 141.92
2026/10/09 04:14:40.668, 2, 11532, 97871, 4, 141.60
2026/10/09 04:14:40.668, 3, 11534, 97871, 2, 144.70
2026/10/09 04:14:41.668, 0, 11975, 97871, 2, 139.40
2026/10/09 04:14:41.669, 1, 11976, 97871, 0, 140.82
2026/10/09 04:14:41.669, 2, 11974, 97871, 0, 141.08
2026/10/09 04:14:41.669, 3, 11976, 97871, 1, 144.15
2026/10/09 04:14:42.669, 0, 11975, 97871, 1, 139.31
2026/10/09 04:14:42.669, 1, 11976, 97871, 0, 141.48
2026/10/09 04:14:42.669, 2, 11974, 97871, 0, 141.55
2026/10/09 04:14:42.669, 3, 11976, 97871, 1, 144.13
2026/10/09 04:14:43.669, 0, 11975, 97871, 1, 139.17
2026/10/09 04:14:43.670, 1, 11976, 97871, 0, 142.19
2026/10/09 04:14:43.670, 2, 11974, 97871, 1, 141.39
2026/10/09 04:14:43.670, 3, 11976, 97871, 0, 144.58
2026/10/09 04:14:44.670, 0, 11975, 97871, 5, 140.22
2026/10/09 04:14:44.670, 1, 11976, 97871, 2, 144.47
2026/10/09 04:14:44.670, 2, 11974, 97871, 7, 142.79
2026/10/09 04:14:44.670, 3, 11976, 97871, 6, 145.60
2026/10/09 04:14:45.670, 0, 11975, 97871, 2, 139.18
2026/10/09 04:14:45.671, 1, 11976, 97871, 1, 142.67
2026/10/09 04:14:45.671, 2, 11974, 97871, 1, 140.95
2026/10/09 04:14:45.671, 3, 11976, 97871, 2, 144.42
2026/10/09 04:14:46.671, 0, 11139, 97871, 0, 138.96
2026/10/09 04:14:46.671, 1, 11140, 97871, 0, 141.26
2026/10/09 04:14:46.671, 2, 11138, 97871, 0, 140.59
2026/10/09 04:14:46.671, 3, 11140, 97871, 0, 143.82
2026/10/09 04:14:47.671, 0, 11139, 97871, 0, 139.06
2026/10/09 04:14:47.671, 1, 11140, 97871, 0, 140.27
2026/10/09 04:14:47.671, 2, 11138, 97871, 0, 140.41
2026/10/09 04:14:47.671, 3, 11140, 97871, 0, 144.13
2026/10/09 04:14:48.671, 0, 11139, 97871, 0, 138.90
2026/10/09 04:14:48.671, 1, 11140, 97871, 0, 140.06
2026/10/09 04:14:48.671, 2, 11138, 97871, 0, 140.29
2026/10/09 04:14:48.671, 3, 11140, 97871, 0, 143.71
2026/10/09 04:14:49.671, 0, 11139, 97871, 0, 138.75
2026/10/09 04:14:49.671, 1, 11140, 97871, 0, 139.87
2026/10/09 04:14:49.672, 2, 11138, 97871, 0, 140.07
2026/10/09 04:14:49.672, 3, 11140, 97871, 0, 143.85
2026/10/09 04:14:50.672, 0, 11139, 97871, 0, 138.94
2026/10/09 04:14:50.672, 1, 11140, 97871, 0, 140.19
2026/10/09 04:14:50.672, 2, 11138, 97871, 0, 140.14
2026/10/09 04:14:50.672, 3, 11140, 97871, 0, 143.81
2026/10/09 04:14:51.672, 0, 11139, 97871, 0, 138.91
2026/10/09 04:14:51.672, 1, 11140, 97871, 0, 139.87
2026/10/09 04:14:51.672, 2, 11138, 97871, 0, 140.07
2026/10/09 04:14:51.672, 3, 11140, 97871, 0, 143.54
2026/10/09 04:14:52.672, 0, 11139, 97871, 0, 138.58
2026/10/09 04:14:52.672, 1, 11140, 97871, 0, 140.27
2026/10/09 04:14:52.672, 2, 11138, 97871, 0, 140.02
2026/10/09 04:14:52.672, 3, 11140, 97871, 0, 143.42
2026/10/09 04:14:53.673, 0, 11139, 97871, 0, 138.46
2026/10/09 04:14:53.673, 1, 11140, 97871, 0, 138.93
2026/10/09 04:14:53.673, 2, 11138, 97871, 0, 140.12
2026/10/09 04:14:53.673, 3, 11140, 97871, 0, 143.57
2026/10/09 04:14:54.673, 0, 11139, 97871, 0, 138.47
2026/10/09 04:14:54.673, 1, 11140, 97871, 0, 139.57
2026/10/09 04:14:54.673, 2, 11138, 97871, 0, 140.18
2026/10/09 04:14:54.673, 3, 11140, 97871, 0, 143.46
2026/10/09 04:14:55.673, 0, 11235, 97871, 0, 138.47
2026/10/09 04:14:55.673, 1, 11236, 97871, 0, 139.53
2026/10/09 04:14:55.673, 2, 11234, 97871, 0, 140.24
2026/10/09 04:14:55.674, 3, 11140, 97871, 0, 143.63
2026/10/09 04:14:56.674, 0, 11295, 97871, 0, 158.91
2026/10/09 04:14:56.674, 1, 11296, 97871, 0, 161.33
2026/10/09 04:14:56.674, 2, 11294, 97871, 0, 162.36
2026/10/09 04:14:56.674, 3, 11296, 97871, 0, 166.69
2026/10/09 04:14:57.674, 0, 11297, 97871, 45, 174.72
2026/10/09 04:14:57.675, 1, 11298, 97871, 0, 175.51
2026/10/09 04:14:57.675, 2, 11296, 97871, 9, 178.27
2026/10/09 04:14:57.675, 3, 11298, 97871, 15, 179.60
2026/10/09 04:14:58.675, 0, 11549, 97871, 34, 158.43
2026/10/09 04:14:58.675, 1, 11550, 97871, 39, 160.79
2026/10/09 04:14:58.675, 2, 11548, 97871, 40, 163.78
2026/10/09 04:14:58.675, 3, 11550, 97871, 18, 165.89
2026/10/09 04:14:59.675, 0, 11549, 97871, 0, 156.98
2026/10/09 04:14:59.675, 1, 11550, 97871, 0, 156.73
2026/10/09 04:14:59.675, 2, 11548, 97871, 0, 158.05
2026/10/09 04:14:59.675, 3, 11550, 97871, 0, 162.78
2026/10/09 04:15:00.675, 0, 11807, 97871, 0, 159.35
2026/10/09 04:15:00.676, 1, 11808, 97871, 0, 164.85
2026/10/09 04:15:00.676, 2, 11548, 97871, 0, 140.50
2026/10/09 04:15:00.676, 3, 11808, 97871, 0, 169.91
2026/10/09 04:15:01.676, 0, 11807, 97871, 0, 169.86
2026/10/09 04:15:01.676, 1, 11808, 97871, 0, 164.09
2026/10/09 04:15:01.676, 2, 11806, 97871, 0, 186.72
2026/10/09 04:15:01.676, 3, 11808, 97871, 0, 167.56
2026/10/09 04:15:02.676, 0, 11807, 97871, 0, 137.62
2026/10/09 04:15:02.676, 1, 11808, 97871, 0, 138.68
2026/10/09 04:15:02.676, 2, 11806, 97871, 0, 139.44
2026/10/09 04:15:02.676, 3, 11808, 97871, 0, 142.69
2026/10/09 04:15:03.676, 0, 11807, 97871, 0, 137.76
2026/10/09 04:15:03.676, 1, 11808, 97871, 0, 138.80
2026/10/09 04:15:03.676, 2, 11806, 97871, 0, 139.79
2026/10/09 04:15:03.677, 3, 11808, 97871, 0, 142.52
2026/10/09 04:15:04.677, 0, 11807, 97871, 0, 137.72
2026/10/09 04:15:04.677, 1, 12272, 97871, 31, 168.72
2026/10/09 04:15:04.677, 2, 11806, 97871, 0, 140.22
2026/10/09 04:15:04.677, 3, 11808, 97871, 0, 142.30
2026/10/09 04:15:05.677, 0, 12271, 97871, 0, 216.21
2026/10/09 04:15:05.677, 1, 12272, 97871, 0, 189.21
2026/10/09 04:15:05.677, 2, 12270, 97871, 0, 216.36
2026/10/09 04:15:05.677, 3, 12272, 97871, 0, 220.07
2026/10/09 04:15:06.677, 0, 12271, 97871, 0, 137.73
2026/10/09 04:15:06.677, 1, 12272, 97871, 0, 138.83
2026/10/09 04:15:06.677, 2, 12270, 97871, 0, 139.71
2026/10/09 04:15:06.677, 3, 12272, 97871, 0, 143.72
2026/10/09 04:15:07.678, 0, 12271, 97871, 0, 137.68
2026/10/09 04:15:07.678, 1, 12272, 97871, 0, 184.81
2026/10/09 04:15:07.678, 2, 12270, 97871, 0, 186.13
2026/10/09 04:15:07.678, 3, 12272, 97871, 0, 143.59
2026/10/09 04:15:08.678, 0, 12271, 97871, 0, 184.59
2026/10/09 04:15:08.678, 1, 12272, 97871, 0, 141.63
2026/10/09 04:15:08.678, 2, 12270, 97871, 0, 139.65
2026/10/09 04:15:08.678, 3, 12272, 97871, 0, 192.76
2026/10/09 04:15:09.678, 0, 12271, 97871, 0, 137.57
2026/10/09 04:15:09.678, 1, 12272, 97871, 0, 140.65
2026/10/09 04:15:09.678, 2, 12270, 97871, 0, 139.38
2026/10/09 04:15:09.678, 3, 12272, 97871, 0, 145.03
2026/10/09 04:15:10.678, 0, 12271, 97871, 0, 137.21
2026/10/09 04:15:10.678, 1, 12272, 97871, 0, 140.35
2026/10/09 04:15:10.678, 2, 12270, 97871, 0, 139.18
2026/10/09 04:15:10.678, 3, 12272, 97871, 0, 144.92
2026/10/09 04:15:11.678, 0, 12335, 97871, 92, 262.00
2026/10/09 04:15:11.679, 1, 12336, 97871, 95, 260.31
2026/10/09 04:15:11.679, 2, 12334, 97871, 100, 336.34
2026/10/09 04:15:11.679, 3, 12336, 97871, 95, 339.06
2026/10/09 04:15:12.679, 0, 12745, 97871, 0, 257.35
2026/10/09 04:15:12.679, 1, 12746, 97871, 0, 252.94
2026/10/09 04:15:12.679, 2, 12744, 97871, 0, 177.97
2026/10/09 04:15:12.679, 3, 12746, 97871, 0, 185.93
2026/10/09 04:15:13.679, 0, 12745, 97871, 0, 137.97
2026/10/09 04:15:13.679, 1, 12746, 97871, 0, 139.50
2026/10/09 04:15:13.679, 2, 12744, 97871, 0, 140.66
2026/10/09 04:15:13.679, 3, 12746, 97871, 0, 143.63
2026/10/09 04:15:14.680, 0, 78921, 97871, 0, 254.73
2026/10/09 04:15:14.685, 1, 78922, 97871, 15, 248.37
2026/10/09 04:15:14.685, 2, 19836, 97871, 0, 139.97
2026/10/09 04:15:14.685, 3, 21944, 97871, 0, 143.26
2026/10/09 04:15:15.693, 0, 78987, 97871, 9, 186.13
2026/10/09 04:15:15.693, 1, 78988, 97871, 11, 187.47
2026/10/09 04:15:15.693, 2, 78950, 97871, 10, 262.58
2026/10/09 04:15:15.693, 3, 78930, 97871, 9, 272.23
2026/10/09 04:15:16.693, 0, 79055, 97871, 7, 169.36
2026/10/09 04:15:16.694, 1, 79058, 97871, 8, 172.69
2026/10/09 04:15:16.694, 2, 79000, 97871, 6, 187.18
2026/10/09 04:15:16.694, 3, 78994, 97871, 6, 188.96
2026/10/09 04:15:17.694, 0, 79123, 97871, 4, 153.62
2026/10/09 04:15:17.694, 1, 79126, 97871, 5, 155.61
2026/10/09 04:15:17.694, 2, 79070, 97871, 6, 169.49
2026/10/09 04:15:17.694, 3, 79058, 97871, 5, 172.93
2026/10/09 04:15:18.694, 0, 79315, 97871, 10, 175.72
2026/10/09 04:15:18.694, 1, 79280, 97871, 10, 175.72
2026/10/09 04:15:18.694, 2, 79254, 97871, 6, 155.57
2026/10/09 04:15:18.694, 3, 79126, 97871, 7, 158.64
2026/10/09 04:15:19.694, 0, 79311, 97871, 8, 159.46
2026/10/09 04:15:19.694, 1, 79312, 97871, 8, 160.21
2026/10/09 04:15:19.694, 2, 79286, 97871, 9, 180.77
2026/10/09 04:15:19.694, 3, 79314, 97871, 10, 179.63
2026/10/09 04:15:20.694, 0, 79313, 97871, 0, 139.31
2026/10/09 04:15:20.695, 1, 79314, 97871, 0, 139.63
2026/10/09 04:15:20.695, 2, 79312, 97871, 8, 155.94
2026/10/09 04:15:20.695, 3, 79306, 97871, 7, 162.93
2026/10/09 04:15:21.695, 0, 79313, 97871, 0, 137.76
2026/10/09 04:15:21.695, 1, 79314, 97871, 0, 138.88
2026/10/09 04:15:21.695, 2, 79312, 97871, 0, 141.07
2026/10/09 04:15:21.695, 3, 79314, 97871, 0, 146.06
2026/10/09 04:15:22.695, 0, 79313, 97871, 0, 137.60
2026/10/09 04:15:22.696, 1, 79314, 97871, 0, 138.72
2026/10/09 04:15:22.696, 2, 79312, 97871, 0, 140.92
2026/10/09 04:15:22.696, 3, 79314, 97871, 0, 143.40
2026/10/09 04:15:23.696, 0, 79895, 97871, 0, 145.41
2026/10/09 04:15:23.696, 1, 79896, 97871, 0, 145.55
2026/10/09 04:15:23.696, 2, 79312, 97871, 0, 140.95
2026/10/09 04:15:23.696, 3, 79314, 97871, 0, 143.49
2026/10/09 04:15:24.696, 0, 79895, 97871, 0, 138.15
2026/10/09 04:15:24.696, 1, 79896, 97871, 0, 140.05
2026/10/09 04:15:24.696, 2, 79894, 97871, 0, 147.43
2026/10/09 04:15:24.696, 3, 79896, 97871, 0, 151.01
2026/10/09 04:15:25.696, 0, 80423, 97871, 1, 138.48
2026/10/09 04:15:25.697, 1, 80424, 97871, 2, 139.76
2026/10/09 04:15:25.697, 2, 79894, 97871, 0, 139.95
2026/10/09 04:15:25.697, 3, 79896, 97871, 0, 143.84
2026/10/09 04:15:26.697, 0, 80423, 97871, 0, 141.85
2026/10/09 04:15:26.697, 1, 80424, 97871, 0, 144.09
2026/10/09 04:15:26.697, 2, 80422, 97871, 0, 140.26
2026/10/09 04:15:26.697, 3, 80424, 97871, 0, 144.46
2026/10/09 04:15:27.697, 0, 80423, 97871, 0, 139.37
2026/10/09 04:15:27.697, 1, 80424, 97871, 0, 140.28
2026/10/09 04:15:27.697, 2, 80422, 97871, 63, 146.33
2026/10/09 04:15:27.697, 3, 80424, 97871, 0, 148.12
2026/10/09 04:15:28.697, 0, 80423, 97871, 0, 138.91
2026/10/09 04:15:28.698, 1, 80424, 97871, 0, 139.89
2026/10/09 04:15:28.698, 2, 80422, 97871, 0, 140.53
2026/10/09 04:15:28.698, 3, 80424, 97871, 0, 144.58
2026/10/09 04:15:29.698, 0, 80423, 97871, 0, 138.92
2026/10/09 04:15:29.698, 1, 80424, 97871, 0, 139.32
2026/10/09 04:15:29.698, 2, 80422, 97871, 0, 140.60
2026/10/09 04:15:29.698, 3, 80424, 97871, 0, 144.32
2026/10/09 04:15:30.698, 0, 80423, 97871, 0, 138.93
2026/10/09 04:15:30.698, 1, 80424, 97871, 0, 139.21
2026/10/09 04:15:30.698, 2, 80422, 97871, 0, 140.82
2026/10/09 04:15:30.698, 3, 80424, 97871, 0, 143.72
2026/10/09 04:15:31.699, 0, 80423, 97871, 0, 138.34
2026/10/09 04:15:31.699, 1, 80424, 97871, 0, 139.19
2026/10/09 04:15:31.699, 2, 80422, 97871, 0, 140.54
2026/10/09 04:15:31.699, 3, 80424, 97871, 0, 143.57
2026/10/09 04:15:32.699, 0, 80423, 97871, 0, 137.79
2026/10/09 04:15:32.699, 1, 80424, 97871, 0, 139.14
2026/10/09 04:15:32.699, 2, 80422, 97871, 0, 140.76
2026/10/09 04:15:32.699, 3, 80424, 97871, 0, 143.53
2026/10/09 04:15:33.699, 0, 80423, 97871, 0, 137.78
2026/10/09 04:15:33.700, 1, 80424, 97871, 0, 139.08
2026/10/09 04:15:33.700, 2, 80422, 97871, 0, 140.46
2026/10/09 04:15:33.700, 3, 80424, 97871, 0, 143.50
2026/10/09 04:15:34.700, 0, 80423, 97871, 0, 137.77
2026/10/09 04:15:34.700, 1, 80424, 97871, 0, 139.51
2026/10/09 04:15:34.700, 2, 80422, 97871, 0, 140.53
2026/10/09 04:15:34.700, 3, 80424, 97871, 0, 143.54
2026/10/09 04:15:35.700, 0, 80423, 97871, 0, 137.79
2026/10/09 04:15:35.700, 1, 80424, 97871, 0, 139.47
2026/10/09 04:15:35.700, 2, 80422, 97871, 0, 140.46
2026/10/09 04:15:35.700, 3, 80424, 97871, 0, 143.55
2026/10/09 04:15:36.700, 0, 80423, 97871, 0, 137.82
2026/10/09 04:15:36.700, 1, 80424, 97871, 0, 139.44
2026/10/09 04:15:36.700, 2, 80422, 97871, 0, 140.33
2026/10/09 04:15:36.700, 3, 80424, 97871, 0, 143.63
2026/10/09 04:15:37.700, 0, 80423, 97871, 0, 137.65
2026/10/09 04:15:37.700, 1, 80424, 97871, 0, 139.28
2026/10/09 04:15:37.701, 2, 80422, 97871, 0, 140.27
2026/10/09 04:15:37.701, 3, 80424, 97871, 0, 143.58
2026/10/09 04:15:38.701, 0, 80423, 97871, 0, 137.82
2026/10/09 04:15:38.701, 1, 80424, 97871, 0, 139.39
2026/10/09 04:15:38.701, 2, 80422, 97871, 0, 140.36
2026/10/09 04:15:38.701, 3, 80424, 97871, 0, 143.59
2026/10/09 04:15:39.701, 0, 80423, 97871, 0, 137.61
2026/10/09 04:15:39.701, 1, 80424, 97871, 0, 139.20
2026/10/09 04:15:39.701, 2, 80422, 97871, 0, 140.51
2026/10/09 04:15:39.701, 3, 80424, 97871, 0, 143.48
2026/10/09 04:15:40.701, 0, 80423, 97871, 0, 137.90
2026/10/09 04:15:40.701, 1, 80424, 97871, 0, 139.15
2026/10/09 04:15:40.701, 2, 80422, 97871, 0, 140.37
2026/10/09 04:15:40.701, 3, 80424, 97871, 0, 143.51
2026/10/09 04:15:41.701, 0, 80423, 97871, 0, 138.05
2026/10/09 04:15:41.701, 1, 80424, 97871, 0, 139.32
2026/10/09 04:15:41.701, 2, 80422, 97871, 0, 140.58
2026/10/09 04:15:41.701, 3, 80424, 97871, 0, 143.62
2026/10/09 04:15:42.701, 0, 80423, 97871, 0, 137.84
2026/10/09 04:15:42.702, 1, 80424, 97871, 0, 139.52
2026/10/09 04:15:42.702, 2, 80422, 97871, 0, 140.61
2026/10/09 04:15:42.702, 3, 80424, 97871, 0, 143.74
2026/10/09 04:15:43.702, 0, 80423, 97871, 0, 137.68
2026/10/09 04:15:43.702, 1, 80424, 97871, 0, 139.46
2026/10/09 04:15:43.702, 2, 80422, 97871, 0, 140.55
2026/10/09 04:15:43.702, 3, 80424, 97871, 0, 143.67
2026/10/09 04:15:44.702, 0, 80423, 97871, 0, 137.92
2026/10/09 04:15:44.702, 1, 80424, 97871, 0, 139.52
2026/10/09 04:15:44.702, 2, 80422, 97871, 0, 140.54
2026/10/09 04:15:44.702, 3, 80424, 97871, 0, 143.71
2026/10/09 04:15:45.702, 0, 80423, 97871, 0, 137.86
2026/10/09 04:15:45.702, 1, 80424, 97871, 0, 139.31
2026/10/09 04:15:45.702, 2, 80422, 97871, 0, 140.48
2026/10/09 04:15:45.702, 3, 80424, 97871, 0, 143.57
2026/10/09 04:15:46.702, 0, 80423, 97871, 0, 137.76
2026/10/09 04:15:46.702, 1, 80424, 97871, 0, 139.27
2026/10/09 04:15:46.702, 2, 80422, 97871, 0, 140.47
2026/10/09 04:15:46.702, 3, 80424, 97871, 0, 143.65
2026/10/09 04:15:47.703, 0, 80423, 97871, 0, 137.78
2026/10/09 04:15:47.703, 1, 80424, 97871, 0, 139.32
2026/10/09 04:15:47.703, 2, 80422, 97871, 0, 140.37
2026/10/09 04:15:47.703, 3, 80424, 97871, 0, 143.73
2026/10/09 04:15:48.703, 0, 80423, 97871, 0, 137.69
2026/10/09 04:15:48.703, 1, 80424, 97871, 0, 139.30
2026/10/09 04:15:48.703, 2, 80422, 97871, 0, 140.59
2026/10/09 04:15:48.703, 3, 80424, 97871, 0, 143.74
2026/10/09 04:15:49.703, 0, 80423, 97871, 0, 137.65
2026/10/09 04:15:49.703, 1, 80424, 97871, 0, 139.21
2026/10/09 04:15:49.703, 2, 80422, 97871, 0, 140.36
2026/10/09 04:15:49.703, 3, 80424, 97871, 0, 143.52
2026/10/09 04:15:50.703, 0, 80423, 97871, 0, 137.77
2026/10/09 04:15:50.703, 1, 80424, 97871, 0, 139.36
2026/10/09 04:15:50.703, 2, 80422, 97871, 0, 140.44
2026/10/09 04:15:50.703, 3, 80424, 97871, 0, 143.58
2026/10/09 04:15:51.703, 0, 80423, 97871, 0, 137.67
2026/10/09 04:15:51.703, 1, 80424, 97871, 0, 139.23
2026/10/09 04:15:51.703, 2, 80422, 97871, 0, 140.37
2026/10/09 04:15:51.704, 3, 80424, 97871, 0, 143.51
2026/10/09 04:15:52.704, 0, 80423, 97871, 0, 137.74
2026/10/09 04:15:52.704, 1, 80424, 97871, 0, 139.12
2026/10/09 04:15:52.704, 2, 80422, 97871, 0, 140.13
2026/10/09 04:15:52.704, 3, 80424, 97871, 0, 143.65
2026/10/09 04:15:53.704, 0, 80423, 97871, 0, 137.60
2026/10/09 04:15:53.704, 1, 80424, 97871, 0, 138.96
2026/10/09 04:15:53.704, 2, 80422, 97871, 0, 140.19
2026/10/09 04:15:53.704, 3, 80424, 97871, 0, 143.37
2026/10/09 04:15:54.704, 0, 80423, 97871, 0, 137.58
2026/10/09 04:15:54.704, 1, 80424, 97871, 0, 138.77
2026/10/09 04:15:54.704, 2, 80422, 97871, 0, 140.09
2026/10/09 04:15:54.704, 3, 80424, 97871, 0, 143.44
2026/10/09 04:15:55.704, 0, 80423, 97871, 0, 137.79
2026/10/09 04:15:55.704, 1, 80424, 97871, 0, 139.10
2026/10/09 04:15:55.704, 2, 80422, 97871, 0, 140.23
2026/10/09 04:15:55.704, 3, 80424, 97871, 0, 143.39
2026/10/09 04:15:56.704, 0, 80423, 97871, 0, 137.74
2026/10/09 04:15:56.705, 1, 80424, 97871, 0, 138.99
2026/10/09 04:15:56.705, 2, 80422, 97871, 0, 140.35
2026/10/09 04:15:56.705, 3, 80424, 97871, 0, 143.51
2026/10/09 04:15:57.705, 0, 80423, 97871, 0, 137.79
2026/10/09 04:15:57.705, 1, 80424, 97871, 0, 139.93
2026/10/09 04:15:57.705, 2, 80422, 97871, 0, 140.17
2026/10/09 04:15:57.705, 3, 80424, 97871, 0, 143.46
2026/10/09 04:15:58.705, 0, 80423, 97871, 0, 137.75
2026/10/09 04:15:58.705, 1, 80424, 97871, 0, 139.07
2026/10/09 04:15:58.705, 2, 80422, 97871, 0, 140.23
2026/10/09 04:15:58.705, 3, 80424, 97871, 0, 143.54
2026/10/09 04:15:59.706, 0, 80423, 97871, 0, 137.70
2026/10/09 04:15:59.706, 1, 80424, 97871, 0, 139.16
2026/10/09 04:15:59.706, 2, 80422, 97871, 0, 140.21
2026/10/09 04:15:59.706, 3, 80424, 97871, 0, 143.51
2026/10/09 04:16:00.706, 0, 80423, 97871, 0, 137.77
2026/10/09 04:16:00.706, 1, 80424, 97871, 0, 139.17
2026/10/09 04:16:00.706, 2, 80422, 97871, 0, 140.27
2026/10/09 04:16:00.706, 3, 80424, 97871, 0, 143.49
2026/10/09 04:16:01.707, 0, 80423, 97871, 0, 137.58
2026/10/09 04:16:01.707, 1, 80424, 97871, 0, 138.87
2026/10/09 04:16:01.707, 2, 80422, 97871, 0, 140.38
2026/10/09 04:16:01.707, 3, 80424, 97871, 0, 143.53
2026/10/09 04:16:02.707, 0, 80423, 97871, 0, 137.89
2026/10/09 04:16:02.707, 1, 80424, 97871, 0, 138.99
2026/10/09 04:16:02.707, 2, 80422, 97871, 0, 140.69
2026/10/09 04:16:02.707, 3, 80424, 97871, 0, 143.53
2026/10/09 04:16:03.707, 0, 80423, 97871, 0, 137.63
2026/10/09 04:16:03.708, 1, 80424, 97871, 0, 138.67
2026/10/09 04:16:03.708, 2, 80422, 97871, 0, 140.48
2026/10/09 04:16:03.708, 3, 80424, 97871, 0, 143.56
2026/10/09 04:16:04.708, 0, 80423, 97871, 0, 137.73
2026/10/09 04:16:04.708, 1, 80424, 97871, 0, 138.90
2026/10/09 04:16:04.708, 2, 80422, 97871, 0, 140.06
2026/10/09 04:16:04.708, 3, 80424, 97871, 0, 143.64
2026/10/09 04:16:05.708, 0, 80423, 97871, 0, 158.75
2026/10/09 04:16:05.708, 1, 80424, 97871, 0, 158.28
2026/10/09 04:16:05.708, 2, 80422, 97871, 0, 177.49
2026/10/09 04:16:05.708, 3, 80424, 97871, 0, 172.53
2026/10/09 04:16:06.709, 0, 80423, 97871, 100, 331.72
2026/10/09 04:16:06.709, 1, 80424, 97871, 100, 333.79
2026/10/09 04:16:06.709, 2, 80422, 97871, 0, 292.39
2026/10/09 04:16:06.709, 3, 80424, 97871, 0, 296.99
2026/10/09 04:16:07.709, 0, 80423, 97871, 100, 392.16
2026/10/09 04:16:07.709, 1, 80424, 97871, 100, 393.71
2026/10/09 04:16:07.709, 2, 80422, 97871, 100, 353.98
2026/10/09 04:16:07.709, 3, 80424, 97871, 100, 354.94
2026/10/09 04:16:08.709, 0, 80423, 97871, 100, 403.14
2026/10/09 04:16:08.709, 1, 80424, 97871, 99, 407.18
2026/10/09 04:16:08.709, 2, 80422, 97871, 100, 409.42
2026/10/09 04:16:08.709, 3, 80424, 97871, 92, 411.68
2026/10/09 04:16:09.709, 0, 80423, 97871, 100, 391.04
2026/10/09 04:16:09.709, 1, 80424, 97871, 100, 394.45
2026/10/09 04:16:09.709, 2, 80422, 97871, 100, 407.65
2026/10/09 04:16:09.709, 3, 80424, 97871, 100, 407.11
2026/10/09 04:16:10.709, 0, 80423, 97871, 100, 409.93
2026/10/09 04:16:10.709, 1, 80424, 97871, 100, 411.19
2026/10/09 04:16:10.709, 2, 80422, 97871, 100, 391.97
2026/10/09 04:16:10.709, 3, 80424, 97871, 100, 392.99
2026/10/09 04:16:11.710, 0, 80423, 97871, 100, 387.68
2026/10/09 04:16:11.710, 1, 80424, 97871, 100, 389.80
2026/10/09 04:16:11.710, 2, 80422, 97871, 100, 410.42
2026/10/09 04:16:11.710, 3, 80424, 97871, 100, 411.06
2026/10/09 04:16:12.710, 0, 80423, 97871, 100, 406.50
2026/10/09 04:16:12.710, 1, 80424, 97871, 100, 408.81
2026/10/09 04:16:12.710, 2, 80422, 97871, 100, 391.14
2026/10/09 04:16:12.710, 3, 80424, 97871, 100, 390.17
2026/10/09 04:16:13.710, 0, 80423, 97871, 100, 399.46
2026/10/09 04:16:13.710, 1, 80424, 97871, 99, 402.97
2026/10/09 04:16:13.710, 2, 80422, 97871, 100, 430.50
2026/10/09 04:16:13.710, 3, 80424, 97871, 100, 432.96
2026/10/09 04:16:14.710, 0, 80423, 97871, 100, 419.28
2026/10/09 04:16:14.710, 1, 80424, 97871, 100, 414.20
2026/10/09 04:16:14.710, 2, 80422, 97871, 100, 392.07
2026/10/09 04:16:14.710, 3, 80424, 97871, 100, 387.64
2026/10/09 04:16:15.710, 0, 80423, 97871, 100, 398.06
2026/10/09 04:16:15.710, 1, 80424, 97871, 100, 400.50
2026/10/09 04:16:15.711, 2, 80422, 97871, 100, 414.48
2026/10/09 04:16:15.711, 3, 80424, 97871, 100, 417.49
2026/10/09 04:16:16.711, 0, 80423, 97871, 100, 404.91
2026/10/09 04:16:16.711, 1, 80424, 97871, 100, 406.32
2026/10/09 04:16:16.711, 2, 80422, 97871, 100, 406.12
2026/10/09 04:16:16.711, 3, 80424, 97871, 100, 407.82
2026/10/09 04:16:17.711, 0, 80423, 97871, 100, 410.52
2026/10/09 04:16:17.711, 1, 80424, 97871, 100, 407.42
2026/10/09 04:16:17.711, 2, 80422, 97871, 100, 408.70
2026/10/09 04:16:17.711, 3, 80424, 97871, 100, 409.32
2026/10/09 04:16:18.711, 0, 80423, 97871, 100, 401.26
2026/10/09 04:16:18.711, 1, 80424, 97871, 100, 400.50
2026/10/09 04:16:18.711, 2, 80422, 97871, 100, 398.22
2026/10/09 04:16:18.711, 3, 80424, 97871, 100, 397.66
2026/10/09 04:16:19.711, 0, 80423, 97871, 100, 386.38
2026/10/09 04:16:19.711, 1, 80424, 97871, 100, 388.49
2026/10/09 04:16:19.711, 2, 80422, 97871, 100, 403.94
2026/10/09 04:16:19.711, 3, 80424, 97871, 100, 401.87
2026/10/09 04:16:20.711, 0, 80423, 97871, 100, 404.82
2026/10/09 04:16:20.712, 1, 80424, 97871, 100, 408.76
2026/10/09 04:16:20.712, 2, 80422, 97871, 100, 388.81
2026/10/09 04:16:20.712, 3, 80424, 97871, 100, 388.14
2026/10/09 04:16:21.712, 0, 80423, 97871, 100, 387.18
2026/10/09 04:16:21.712, 1, 80424, 97871, 100, 393.40
2026/10/09 04:16:21.712, 2, 80422, 97871, 100, 408.09
2026/10/09 04:16:21.712, 3, 80424, 97871, 100, 409.73
2026/10/09 04:16:22.712, 0, 80423, 97871, 100, 401.64
2026/10/09 04:16:22.712, 1, 80424, 97871, 100, 404.30
2026/10/09 04:16:22.712, 2, 80422, 97871, 100, 396.50
2026/10/09 04:16:22.712, 3, 80424, 97871, 100, 396.12
2026/10/09 04:16:23.712, 0, 80423, 97871, 100, 391.24
2026/10/09 04:16:23.712, 1, 80424, 97871, 100, 392.12
2026/10/09 04:16:23.712, 2, 80422, 97871, 100, 403.92
2026/10/09 04:16:23.712, 3, 80424, 97871, 100, 404.70
2026/10/09 04:16:24.712, 0, 80423, 97871, 100, 397.30
2026/10/09 04:16:24.712, 1, 80424, 97871, 100, 397.87
2026/10/09 04:16:24.712, 2, 80422, 97871, 100, 393.06
2026/10/09 04:16:24.712, 3, 80424, 97871, 100, 393.75
2026/10/09 04:16:25.712, 0, 80423, 97871, 100, 401.10
2026/10/09 04:16:25.713, 1, 80424, 97871, 100, 400.30
2026/10/09 04:16:25.713, 2, 80422, 97871, 100, 396.43
2026/10/09 04:16:25.713, 3, 80424, 97871, 100, 397.04
2026/10/09 04:16:26.713, 0, 80423, 97871, 100, 404.89
2026/10/09 04:16:26.713, 1, 80424, 97871, 100, 403.33
2026/10/09 04:16:26.713, 2, 80422, 97871, 100, 404.91
2026/10/09 04:16:26.713, 3, 80424, 97871, 100, 401.93
2026/10/09 04:16:27.713, 0, 80423, 97871, 100, 391.57
2026/10/09 04:16:27.713, 1, 80424, 97871, 100, 396.64
2026/10/09 04:16:27.713, 2, 80422, 97871, 100, 408.07
2026/10/09 04:16:27.713, 3, 80424, 97871, 100, 408.75
2026/10/09 04:16:28.713, 0, 80423, 97871, 100, 398.88
2026/10/09 04:16:28.713, 1, 80424, 97871, 100, 398.98
2026/10/09 04:16:28.713, 2, 80422, 97871, 100, 396.42
2026/10/09 04:16:28.713, 3, 80424, 97871, 100, 401.34
2026/10/09 04:16:29.713, 0, 80423, 97871, 100, 392.05
2026/10/09 04:16:29.713, 1, 80424, 97871, 100, 394.53
2026/10/09 04:16:29.713, 2, 80422, 97871, 100, 407.55
2026/10/09 04:16:29.713, 3, 80424, 97871, 100, 397.30
2026/10/09 04:16:30.714, 0, 80423, 97871, 100, 400.09
2026/10/09 04:16:30.714, 1, 80424, 97871, 100, 401.59
2026/10/09 04:16:30.714, 2, 80422, 97871, 100, 391.98
2026/10/09 04:16:30.714, 3, 80424, 97871, 100, 394.98
2026/10/09 04:16:31.714, 0, 80423, 97871, 100, 398.76
2026/10/09 04:16:31.714, 1, 80424, 97871, 100, 404.93
2026/10/09 04:16:31.714, 2, 80422, 97871, 93, 394.63
2026/10/09 04:16:31.714, 3, 80424, 97871, 92, 397.85
2026/10/09 04:16:32.714, 0, 80423, 97871, 100, 392.44
2026/10/09 04:16:32.714, 1, 80424, 97871, 100, 389.83
2026/10/09 04:16:32.714, 2, 80422, 97871, 100, 399.97
2026/10/09 04:16:32.714, 3, 80424, 97871, 100, 399.67
2026/10/09 04:16:33.714, 0, 80423, 97871, 100, 394.41
2026/10/09 04:16:33.714, 1, 80424, 97871, 100, 397.04
2026/10/09 04:16:33.714, 2, 80422, 97871, 100, 393.29
2026/10/09 04:16:33.714, 3, 80424, 97871, 100, 392.91
2026/10/09 04:16:34.714, 0, 80423, 97871, 100, 380.41
2026/10/09 04:16:34.715, 1, 80424, 97871, 100, 385.96
2026/10/09 04:16:34.715, 2, 80422, 97871, 100, 400.38
2026/10/09 04:16:34.715, 3, 80424, 97871, 100, 401.88
2026/10/09 04:16:35.715, 0, 80423, 97871, 100, 403.37
2026/10/09 04:16:35.715, 1, 80424, 97871, 100, 407.58
2026/10/09 04:16:35.715, 2, 80421, 97871, 100, 398.94
2026/10/09 04:16:35.715, 3, 80423, 97871, 100, 396.57
2026/10/09 04:16:36.715, 0, 80423, 97871, 100, 392.28
2026/10/09 04:16:36.715, 1, 80424, 97871, 100, 398.11
2026/10/09 04:16:36.715, 2, 80421, 97871, 100, 407.03
2026/10/09 04:16:36.715, 3, 80423, 97871, 100, 406.87
2026/10/09 04:16:37.715, 0, 80423, 97871, 100, 385.70
2026/10/09 04:16:37.715, 1, 80424, 97871, 100, 385.99
2026/10/09 04:16:37.715, 2, 80421, 97871, 100, 397.79
2026/10/09 04:16:37.715, 3, 80423, 97871, 100, 396.53
2026/10/09 04:16:38.715, 0, 80423, 97871, 100, 396.83
2026/10/09 04:16:38.715, 1, 80424, 97871, 100, 399.10
2026/10/09 04:16:38.716, 2, 80421, 97871, 0, 275.21
2026/10/09 04:16:38.716, 3, 80423, 97871, 0, 265.56
2026/10/09 04:16:39.716, 0, 80423, 97871, 89, 336.95
2026/10/09 04:16:39.716, 1, 80424, 97871, 17, 340.46
2026/10/09 04:16:39.716, 2, 80421, 97871, 0, 141.49
2026/10/09 04:16:39.716, 3, 80423, 97871, 0, 144.06
2026/10/09 04:16:40.716, 0, 80759, 97871, 100, 495.75
2026/10/09 04:16:40.716, 1, 80760, 97871, 100, 468.87
2026/10/09 04:16:40.716, 2, 80757, 97871, 100, 476.96
2026/10/09 04:16:40.716, 3, 80759, 97871, 100, 517.58
2026/10/09 04:16:41.716, 0, 80761, 97871, 100, 426.98
2026/10/09 04:16:41.716, 1, 80762, 97871, 100, 435.03
2026/10/09 04:16:41.716, 2, 80759, 97871, 100, 438.57
2026/10/09 04:16:41.716, 3, 80761, 97871, 100, 435.49
2026/10/09 04:16:42.716, 0, 80761, 97871, 100, 488.35
2026/10/09 04:16:42.717, 1, 80762, 97871, 100, 467.90
2026/10/09 04:16:42.717, 2, 80759, 97871, 100, 477.44
2026/10/09 04:16:42.717, 3, 80761, 97871, 100, 512.98
2026/10/09 04:16:43.717, 0, 80761, 97871, 100, 456.89
2026/10/09 04:16:43.717, 1, 80762, 97871, 100, 457.68
2026/10/09 04:16:43.717, 2, 80759, 97871, 97, 461.96
2026/10/09 04:16:43.717, 3, 80761, 97871, 98, 461.10
2026/10/09 04:16:44.717, 0, 80761, 97871, 100, 481.07
2026/10/09 04:16:44.717, 1, 80762, 97871, 100, 475.27
2026/10/09 04:16:44.717, 2, 80759, 97871, 99, 489.96
2026/10/09 04:16:44.717, 3, 80761, 97871, 100, 491.89
2026/10/09 04:16:45.717, 0, 80761, 97871, 100, 464.74
2026/10/09 04:16:45.718, 1, 80762, 97871, 100, 462.63
2026/10/09 04:16:45.718, 2, 80759, 97871, 100, 472.99
2026/10/09 04:16:45.718, 3, 80761, 97871, 100, 474.27
2026/10/09 04:16:46.718, 0, 80761, 97871, 100, 468.19
2026/10/09 04:16:46.718, 1, 80762, 97871, 100, 467.42
2026/10/09 04:16:46.718, 2, 80759, 97871, 100, 470.68
2026/10/09 04:16:46.718, 3, 80761, 97871, 100, 471.78
2026/10/09 04:16:47.718, 0, 80761, 97871, 99, 464.27
2026/10/09 04:16:47.718, 1, 80762, 97871, 99, 468.08
2026/10/09 04:16:47.718, 2, 80759, 97871, 100, 479.04
2026/10/09 04:16:47.718, 3, 80761, 97871, 100, 484.05
2026/10/09 04:16:48.718, 0, 80761, 97871, 100, 468.68
2026/10/09 04:16:48.718, 1, 80762, 97871, 100, 461.15
2026/10/09 04:16:48.718, 2, 80759, 97871, 100, 468.19
2026/10/09 04:16:48.718, 3, 80761, 97871, 100, 467.41
2026/10/09 04:16:49.719, 0, 80761, 97871, 100, 429.25
2026/10/09 04:16:49.719, 1, 80762, 97871, 100, 439.64
2026/10/09 04:16:49.719, 2, 80759, 97871, 100, 432.78
2026/10/09 04:16:49.719, 3, 80761, 97871, 100, 429.61
2026/10/09 04:16:50.719, 0, 80761, 97871, 100, 387.22
2026/10/09 04:16:50.719, 1, 80762, 97871, 100, 395.25
2026/10/09 04:16:50.719, 2, 80759, 97871, 0, 240.95
2026/10/09 04:16:50.719, 3, 80761, 97871, 0, 227.63
2026/10/09 04:16:51.719, 0, 80761, 97871, 100, 432.72
2026/10/09 04:16:51.719, 1, 80762, 97871, 100, 418.40
2026/10/09 04:16:51.719, 2, 80759, 97871, 100, 355.54
2026/10/09 04:16:51.719, 3, 80761, 97871, 100, 378.02
2026/10/09 04:16:52.719, 0, 80761, 97871, 100, 514.89
2026/10/09 04:16:52.719, 1, 80762, 97871, 100, 497.07
2026/10/09 04:16:52.720, 2, 80759, 97871, 100, 502.95
2026/10/09 04:16:52.720, 3, 80761, 97871, 100, 514.60
2026/10/09 04:16:53.720, 0, 80763, 97871, 100, 522.32
2026/10/09 04:16:53.720, 1, 80764, 97871, 100, 496.39
2026/10/09 04:16:53.720, 2, 80759, 97871, 100, 500.80
2026/10/09 04:16:53.720, 3, 80761, 97871, 100, 516.08
2026/10/09 04:16:54.720, 0, 80763, 97871, 100, 520.33
2026/10/09 04:16:54.720, 1, 80764, 97871, 100, 499.98
2026/10/09 04:16:54.720, 2, 80761, 97871, 100, 501.35
2026/10/09 04:16:54.720, 3, 80763, 97871, 100, 505.49
2026/10/09 04:16:55.720, 0, 80763, 97871, 100, 531.14
2026/10/09 04:16:55.720, 1, 80764, 97871, 100, 516.14
2026/10/09 04:16:55.720, 2, 80761, 97871, 100, 521.38
2026/10/09 04:16:55.720, 3, 80763, 97871, 100, 528.95
2026/10/09 04:16:56.720, 0, 80763, 97871, 100, 432.52
2026/10/09 04:16:56.720, 1, 80764, 97871, 100, 453.03
2026/10/09 04:16:56.720, 2, 80761, 97871, 100, 492.06
2026/10/09 04:16:56.721, 3, 80763, 97871, 100, 490.11
2026/10/09 04:16:57.721, 0, 80763, 97871, 0, 172.03
2026/10/09 04:16:57.721, 1, 80764, 97871, 0, 161.45
2026/10/09 04:16:57.721, 2, 80761, 97871, 89, 377.37
2026/10/09 04:16:57.721, 3, 80763, 97871, 100, 381.90
2026/10/09 04:16:58.721, 0, 80763, 97871, 100, 510.22
2026/10/09 04:16:58.721, 1, 80764, 97871, 100, 502.80
2026/10/09 04:16:58.721, 2, 80761, 97871, 100, 499.97
2026/10/09 04:16:58.721, 3, 80763, 97871, 100, 538.66
2026/10/09 04:16:59.721, 0, 80763, 97871, 100, 514.69
2026/10/09 04:16:59.721, 1, 80764, 97871, 100, 506.95
2026/10/09 04:16:59.721, 2, 80761, 97871, 100, 492.83
2026/10/09 04:16:59.721, 3, 80763, 97871, 100, 526.46
2026/10/09 04:17:00.721, 0, 80763, 97871, 100, 507.71
2026/10/09 04:17:00.721, 1, 80764, 97871, 100, 503.34
2026/10/09 04:17:00.722, 2, 80761, 97871, 100, 494.26
2026/10/09 04:17:00.722, 3, 80763, 97871, 100, 532.13
2026/10/09 04:17:01.722, 0, 80763, 97871, 100, 524.83
2026/10/09 04:17:01.722, 1, 80764, 97871, 100, 502.58
2026/10/09 04:17:01.722, 2, 80761, 97871, 100, 509.12
2026/10/09 04:17:01.722, 3, 80763, 97871, 100, 525.86
2026/10/09 04:17:02.722, 0, 80763, 97871, 100, 505.75
2026/10/09 04:17:02.722, 1, 80764, 97871, 100, 498.71
2026/10/09 04:17:02.722, 2, 80761, 97871, 100, 507.57
2026/10/09 04:17:02.722, 3, 80763, 97871, 100, 513.04
2026/10/09 04:17:03.722, 0, 80763, 97871, 100, 500.99
2026/10/09 04:17:03.722, 1, 80764, 97871, 100, 490.39
2026/10/09 04:17:03.722, 2, 80761, 97871, 100, 497.13
2026/10/09 04:17:03.722, 3, 80763, 97871, 100, 505.57
2026/10/09 04:17:04.722, 0, 80763, 97871, 100, 502.15
2026/10/09 04:17:04.722, 1, 80764, 97871, 100, 489.28
2026/10/09 04:17:04.723, 2, 80761, 97871, 100, 493.61
2026/10/09 04:17:04.723, 3, 80763, 97871, 100, 504.95
2026/10/09 04:17:05.723, 0, 80763, 97871, 100, 505.11
2026/10/09 04:17:05.723, 1, 80764, 97871, 100, 491.46
2026/10/09 04:17:05.723, 2, 80761, 97871, 100, 498.69
2026/10/09 04:17:05.723, 3, 80763, 97871, 100, 507.63
2026/10/09 04:17:06.723, 0, 80763, 97871, 100, 500.36
2026/10/09 04:17:06.723, 1, 80764, 97871, 100, 491.74
2026/10/09 04:17:06.723, 2, 80761, 97871, 100, 493.12
2026/10/09 04:17:06.723, 3, 80763, 97871, 100, 506.51
2026/10/09 04:17:07.723, 0, 80763, 97871, 100, 500.92
2026/10/09 04:17:07.723, 1, 80764, 97871, 100, 488.65
2026/10/09 04:17:07.723, 2, 80761, 97871, 100, 497.79
2026/10/09 04:17:07.723, 3, 80763, 97871, 100, 504.15
2026/10/09 04:17:08.723, 0, 80763, 97871, 100, 502.25
2026/10/09 04:17:08.723, 1, 80764, 97871, 100, 490.91
2026/10/09 04:17:08.724, 2, 80761, 97871, 100, 495.24
2026/10/09 04:17:08.724, 3, 80763, 97871, 100, 499.71
2026/10/09 04:17:09.724, 0, 80763, 97871, 100, 501.89
2026/10/09 04:17:09.724, 1, 80764, 97871, 100, 491.75
2026/10/09 04:17:09.724, 2, 80761, 97871, 100, 496.16
2026/10/09 04:17:09.724, 3, 80763, 97871, 100, 509.45
2026/10/09 04:17:10.724, 0, 80763, 97871, 100, 497.53
2026/10/09 04:17:10.724, 1, 80764, 97871, 100, 489.50
2026/10/09 04:17:10.724, 2, 80761, 97871, 100, 495.54
2026/10/09 04:17:10.724, 3, 80763, 97871, 100, 500.62
2026/10/09 04:17:11.724, 0, 80763, 97871, 100, 499.06
2026/10/09 04:17:11.724, 1, 80764, 97871, 100, 490.85
2026/10/09 04:17:11.724, 2, 80761, 97871, 100, 495.50
2026/10/09 04:17:11.724, 3, 80763, 97871, 100, 505.22
2026/10/09 04:17:12.724, 0, 80763, 97871, 100, 495.99
2026/10/09 04:17:12.725, 1, 80764, 97871, 100, 487.64
2026/10/09 04:17:12.725, 2, 80761, 97871, 100, 493.21
2026/10/09 04:17:12.725, 3, 80763, 97871, 100, 506.88
2026/10/09 04:17:13.725, 0, 80763, 97871, 100, 503.03
2026/10/09 04:17:13.725, 1, 80764, 97871, 100, 491.65
2026/10/09 04:17:13.725, 2, 80761, 97871, 100, 491.38
2026/10/09 04:17:13.725, 3, 80763, 97871, 100, 499.97
2026/10/09 04:17:14.725, 0, 80763, 97871, 100, 504.99
2026/10/09 04:17:14.725, 1, 80764, 97871, 100, 495.37
2026/10/09 04:17:14.725, 2, 80761, 97871, 100, 495.69
2026/10/09 04:17:14.725, 3, 80763, 97871, 100, 507.20
2026/10/09 04:17:15.725, 0, 80763, 97871, 100, 505.65
2026/10/09 04:17:15.725, 1, 80764, 97871, 100, 493.69
2026/10/09 04:17:15.725, 2, 80761, 97871, 100, 495.94
2026/10/09 04:17:15.725, 3, 80763, 97871, 100, 512.17
2026/10/09 04:17:16.725, 0, 80763, 97871, 100, 497.42
2026/10/09 04:17:16.726, 1, 80764, 97871, 100, 488.20
2026/10/09 04:17:16.726, 2, 80761, 97871, 100, 493.40
2026/10/09 04:17:16.726, 3, 80763, 97871, 100, 501.44
2026/10/09 04:17:17.726, 0, 80763, 97871, 100, 506.68
2026/10/09 04:17:17.726, 1, 80764, 97871, 100, 493.22
2026/10/09 04:17:17.726, 2, 80761, 97871, 100, 500.31
2026/10/09 04:17:17.726, 3, 80763, 97871, 100, 510.09
2026/10/09 04:17:18.726, 0, 80763, 97871, 100, 498.78
2026/10/09 04:17:18.726, 1, 80764, 97871, 100, 495.26
2026/10/09 04:17:18.726, 2, 80761, 97871, 100, 505.18
2026/10/09 04:17:18.726, 3, 80763, 97871, 100, 505.79
2026/10/09 04:17:19.726, 0, 80763, 97871, 100, 400.59
2026/10/09 04:17:19.726, 1, 80764, 97871, 100, 399.05
2026/10/09 04:17:19.726, 2, 80761, 97871, 100, 409.20
2026/10/09 04:17:19.726, 3, 80763, 97871, 100, 407.11
2026/10/09 04:17:20.726, 0, 80763, 97871, 100, 368.07
2026/10/09 04:17:20.727, 1, 80764, 97871, 100, 371.83
2026/10/09 04:17:20.727, 2, 80761, 97871, 100, 377.10
2026/10/09 04:17:20.727, 3, 80763, 97871, 100, 387.48
2026/10/09 04:17:21.727, 0, 80763, 97871, 100, 515.00
2026/10/09 04:17:21.727, 1, 80764, 97871, 100, 504.38
2026/10/09 04:17:21.727, 2, 80761, 97871, 100, 495.15
2026/10/09 04:17:21.727, 3, 80763, 97871, 100, 531.35
2026/10/09 04:17:22.727, 0, 80763, 97871, 100, 510.43
2026/10/09 04:17:22.727, 1, 80764, 97871, 100, 502.74
2026/10/09 04:17:22.727, 2, 80761, 97871, 100, 496.86
2026/10/09 04:17:22.727, 3, 80763, 97871, 100, 534.40
2026/10/09 04:17:23.727, 0, 80763, 97871, 100, 523.28
2026/10/09 04:17:23.727, 1, 80764, 97871, 100, 496.78
2026/10/09 04:17:23.727, 2, 80761, 97871, 100, 493.34
2026/10/09 04:17:23.727, 3, 80763, 97871, 100, 529.84
2026/10/09 04:17:24.728, 0, 80763, 97871, 100, 514.11
2026/10/09 04:17:24.728, 1, 80764, 97871, 100, 508.77
2026/10/09 04:17:24.728, 2, 80761, 97871, 96, 506.85
2026/10/09 04:17:24.728, 3, 80763, 97871, 100, 504.39
2026/10/09 04:17:25.728, 0, 80763, 97871, 100, 523.13
2026/10/09 04:17:25.728, 1, 80764, 97871, 100, 511.15
2026/10/09 04:17:25.728, 2, 80761, 97871, 100, 503.54
2026/10/09 04:17:25.728, 3, 80763, 97871, 100, 503.02
2026/10/09 04:17:26.728, 0, 80763, 97871, 100, 507.24
2026/10/09 04:17:26.728, 1, 80764, 97871, 100, 493.06
2026/10/09 04:17:26.728, 2, 80761, 97871, 100, 497.57
2026/10/09 04:17:26.728, 3, 80763, 97871, 100, 503.60
2026/10/09 04:17:27.728, 0, 80763, 97871, 100, 521.56
2026/10/09 04:17:27.728, 1, 80764, 97871, 100, 509.25
2026/10/09 04:17:27.728, 2, 80761, 97871, 100, 514.08
2026/10/09 04:17:27.728, 3, 80763, 97871, 100, 517.20
2026/10/09 04:17:28.729, 0, 80763, 97871, 100, 526.28
2026/10/09 04:17:28.729, 1, 80764, 97871, 100, 513.49
2026/10/09 04:17:28.729, 2, 80761, 97871, 100, 516.57
2026/10/09 04:17:28.729, 3, 80763, 97871, 100, 520.97
2026/10/09 04:17:29.729, 0, 80763, 97871, 100, 518.46
2026/10/09 04:17:29.729, 1, 80764, 97871, 100, 505.60
2026/10/09 04:17:29.729, 2, 80761, 97871, 100, 514.14
2026/10/09 04:17:29.729, 3, 80763, 97871, 100, 518.29
2026/10/09 04:17:30.729, 0, 80763, 97871, 100, 415.28
2026/10/09 04:17:30.729, 1, 80764, 97871, 100, 415.83
2026/10/09 04:17:30.729, 2, 80761, 97871, 0, 336.61
2026/10/09 04:17:30.729, 3, 80763, 97871, 0, 329.70
2026/10/09 04:17:31.729, 0, 80763, 97871, 100, 437.10
2026/10/09 04:17:31.730, 1, 80764, 97871, 100, 433.18
2026/10/09 04:17:31.730, 2, 80761, 97871, 100, 389.21
2026/10/09 04:17:31.730, 3, 80763, 97871, 100, 407.86
2026/10/09 04:17:32.730, 0, 80763, 97871, 100, 519.47
2026/10/09 04:17:32.730, 1, 80764, 97871, 100, 494.01
2026/10/09 04:17:32.730, 2, 80761, 97871, 100, 495.85
2026/10/09 04:17:32.730, 3, 80763, 97871, 100, 529.05
2026/10/09 04:17:33.730, 0, 80763, 97871, 100, 524.83
2026/10/09 04:17:33.730, 1, 80764, 97871, 100, 494.20
2026/10/09 04:17:33.730, 2, 80761, 97871, 100, 491.00
2026/10/09 04:17:33.730, 3, 80763, 97871, 100, 527.29
2026/10/09 04:17:34.730, 0, 80763, 97871, 100, 521.72
2026/10/09 04:17:34.730, 1, 80764, 97871, 100, 502.89
2026/10/09 04:17:34.730, 2, 80761, 97871, 100, 493.79
2026/10/09 04:17:34.730, 3, 80763, 97871, 100, 517.13
2026/10/09 04:17:35.730, 0, 80763, 97871, 100, 511.68
2026/10/09 04:17:35.731, 1, 80764, 97871, 100, 502.31
2026/10/09 04:17:35.731, 2, 80761, 97871, 100, 497.52
2026/10/09 04:17:35.731, 3, 80763, 97871, 100, 504.00
2026/10/09 04:17:36.731, 0, 80763, 97871, 100, 522.85
2026/10/09 04:17:36.731, 1, 80764, 97871, 100, 510.06
2026/10/09 04:17:36.731, 2, 80761, 97871, 100, 506.70
2026/10/09 04:17:36.731, 3, 80763, 97871, 100, 512.49
2026/10/09 04:17:37.731, 0, 80763, 97871, 100, 510.40
2026/10/09 04:17:37.731, 1, 80764, 97871, 100, 504.59
2026/10/09 04:17:37.731, 2, 80761, 97871, 100, 498.87
2026/10/09 04:17:37.731, 3, 80763, 97871, 100, 509.54
2026/10/09 04:17:38.731, 0, 80763, 97871, 100, 515.64
2026/10/09 04:17:38.731, 1, 80764, 97871, 100, 503.42
2026/10/09 04:17:38.731, 2, 80761, 97871, 100, 517.35
2026/10/09 04:17:38.731, 3, 80763, 97871, 100, 517.33
2026/10/09 04:17:39.731, 0, 80763, 97871, 100, 516.13
2026/10/09 04:17:39.732, 1, 80764, 97871, 100, 504.56
2026/10/09 04:17:39.732, 2, 80761, 97871, 100, 508.66
2026/10/09 04:17:39.732, 3, 80763, 97871, 100, 514.14
2026/10/09 04:17:40.732, 0, 80763, 97871, 100, 504.76
2026/10/09 04:17:40.732, 1, 80764, 97871, 100, 494.62
2026/10/09 04:17:40.732, 2, 80761, 97871, 100, 502.25
2026/10/09 04:17:40.732, 3, 80763, 97871, 100, 508.51
2026/10/09 04:17:41.732, 0, 80763, 97871, 100, 502.10
2026/10/09 04:17:41.732, 1, 80764, 97871, 100, 494.73
2026/10/09 04:17:41.732, 2, 80761, 97871, 100, 501.95
2026/10/09 04:17:41.732, 3, 80763, 97871, 100, 506.13
2026/10/09 04:17:42.732, 0, 80763, 97871, 100, 500.28
2026/10/09 04:17:42.732, 1, 80764, 97871, 100, 495.01
2026/10/09 04:17:42.732, 2, 80761, 97871, 100, 499.44
2026/10/09 04:17:42.732, 3, 80763, 97871, 100, 506.42
2026/10/09 04:17:43.733, 0, 80763, 97871, 100, 504.34
2026/10/09 04:17:43.733, 1, 80764, 97871, 100, 489.01
2026/10/09 04:17:43.733, 2, 80761, 97871, 100, 498.28
2026/10/09 04:17:43.733, 3, 80763, 97871, 100, 504.53
2026/10/09 04:17:44.733, 0, 80763, 97871, 100, 498.41
2026/10/09 04:17:44.733, 1, 80764, 97871, 100, 492.70
2026/10/09 04:17:44.733, 2, 80761, 97871, 100, 492.61
2026/10/09 04:17:44.733, 3, 80763, 97871, 100, 498.56
2026/10/09 04:17:45.733, 0, 80763, 97871, 100, 498.98
2026/10/09 04:17:45.733, 1, 80764, 97871, 100, 496.21
2026/10/09 04:17:45.733, 2, 80761, 97871, 100, 500.56
2026/10/09 04:17:45.733, 3, 80763, 97871, 100, 507.38
2026/10/09 04:17:46.733, 0, 80763, 97871, 100, 502.60
2026/10/09 04:17:46.733, 1, 80764, 97871, 100, 496.85
2026/10/09 04:17:46.734, 2, 80761, 97871, 100, 500.03
2026/10/09 04:17:46.734, 3, 80763, 97871, 100, 503.17
2026/10/09 04:17:47.734, 0, 80763, 97871, 100, 502.17
2026/10/09 04:17:47.734, 1, 80764, 97871, 100, 492.35
2026/10/09 04:17:47.734, 2, 80761, 97871, 100, 499.09
2026/10/09 04:17:47.734, 3, 80763, 97871, 100, 505.64
2026/10/09 04:17:48.734, 0, 80763, 97871, 100, 499.70
2026/10/09 04:17:48.734, 1, 80764, 97871, 100, 495.20
2026/10/09 04:17:48.734, 2, 80761, 97871, 100, 502.16
2026/10/09 04:17:48.734, 3, 80763, 97871, 100, 507.83
2026/10/09 04:17:49.734, 0, 80763, 97871, 100, 499.61
2026/10/09 04:17:49.734, 1, 80764, 97871, 100, 492.47
2026/10/09 04:17:49.734, 2, 80761, 97871, 100, 498.74
2026/10/09 04:17:49.734, 3, 80763, 97871, 100, 505.63
2026/10/09 04:17:50.735, 0, 80763, 97871, 100, 503.63
2026/10/09 04:17:50.735, 1, 80764, 97871, 100, 491.85
2026/10/09 04:17:50.735, 2, 80761, 97871, 100, 497.98
2026/10/09 04:17:50.735, 3, 80763, 97871, 100, 500.63
2026/10/09 04:17:51.735, 0, 80763, 97871, 100, 499.28
2026/10/09 04:17:51.735, 1, 80764, 97871, 100, 492.53
2026/10/09 04:17:51.735, 2, 80761, 97871, 100, 498.88
2026/10/09 04:17:51.735, 3, 80763, 97871, 100, 501.22
2026/10/09 04:17:52.735, 0, 80763, 97871, 100, 500.14
2026/10/09 04:17:52.735, 1, 80764, 97871, 100, 490.27
2026/10/09 04:17:52.735, 2, 80761, 97871, 100, 500.63
2026/10/09 04:17:52.735, 3, 80763, 97871, 100, 505.54
2026/10/09 04:17:53.735, 0, 80763, 97871, 100, 498.41
2026/10/09 04:17:53.735, 1, 80764, 97871, 100, 488.79
2026/10/09 04:17:53.735, 2, 80761, 97871, 100, 498.05
2026/10/09 04:17:53.735, 3, 80763, 97871, 100, 506.98
2026/10/09 04:17:54.736, 0, 80763, 97871, 100, 499.52
2026/10/09 04:17:54.736, 1, 80764, 97871, 100, 496.03
2026/10/09 04:17:54.736, 2, 80761, 97871, 100, 496.20
2026/10/09 04:17:54.736, 3, 80763, 97871, 100, 507.06
2026/10/09 04:17:55.736, 0, 80763, 97871, 100, 497.58
2026/10/09 04:17:55.736, 1, 80764, 97871, 100, 493.59
2026/10/09 04:17:55.736, 2, 80761, 97871, 100, 501.77
2026/10/09 04:17:55.736, 3, 80763, 97871, 100, 509.16
2026/10/09 04:17:56.736, 0, 80763, 97871, 100, 499.52
2026/10/09 04:17:56.736, 1, 80764, 97871, 100, 491.88
2026/10/09 04:17:56.736, 2, 80761, 97871, 100, 497.02
2026/10/09 04:17:56.736, 3, 80763, 97871, 100, 503.92
2026/10/09 04:17:57.736, 0, 80763, 97871, 100, 502.08
2026/10/09 04:17:57.737, 1, 80764, 97871, 100, 490.37
2026/10/09 04:17:57.737, 2, 80761, 97871, 100, 494.48
2026/10/09 04:17:57.737, 3, 80763, 97871, 100, 502.19
2026/10/09 04:17:58.737, 0, 80763, 97871, 100, 502.22
2026/10/09 04:17:58.737, 1, 80764, 97871, 100, 493.03
2026/10/09 04:17:58.737, 2, 80761, 97871, 100, 503.90
2026/10/09 04:17:58.737, 3, 80763, 97871, 100, 509.01
2026/10/09 04:17:59.737, 0, 80763, 97871, 100, 499.21
2026/10/09 04:17:59.737, 1, 80764, 97871, 100, 494.19
2026/10/09 04:17:59.737, 2, 80761, 97871, 100, 498.09
2026/10/09 04:17:59.737, 3, 80763, 97871, 100, 502.24
2026/10/09 04:18:00.737, 0, 80763, 97871, 100, 497.86
2026/10/09 04:18:00.737, 1, 80764, 97871, 100, 489.42
2026/10/09 04:18:00.737, 2, 80761, 97871, 100, 500.90
2026/10/09 04:18:00.737, 3, 80763, 97871, 100, 507.33
2026/10/09 04:18:01.738, 0, 80763, 97871, 100, 506.54
2026/10/09 04:18:01.738, 1, 80764, 97871, 100, 497.14
2026/10/09 04:18:01.738, 2, 80761, 97871, 100, 499.96
2026/10/09 04:18:01.738, 3, 80763, 97871, 100, 506.52
2026/10/09 04:18:02.738, 0, 80763, 97871, 100, 501.04
2026/10/09 04:18:02.738, 1, 80764, 97871, 100, 493.43
2026/10/09 04:18:02.738, 2, 80761, 97871, 100, 499.60
2026/10/09 04:18:02.738, 3, 80763, 97871, 100, 505.44
2026/10/09 04:18:03.738, 0, 80763, 97871, 100, 501.83
2026/10/09 04:18:03.738, 1, 80764, 97871, 100, 494.12
2026/10/09 04:18:03.738, 2, 80761, 97871, 100, 497.91
2026/10/09 04:18:03.738, 3, 80763, 97871, 100, 499.01
2026/10/09 04:18:04.738, 0, 80763, 97871, 100, 499.51
2026/10/09 04:18:04.739, 1, 80764, 97871, 100, 488.82
2026/10/09 04:18:04.739, 2, 80761, 97871, 100, 496.16
2026/10/09 04:18:04.739, 3, 80763, 97871, 100, 502.87
2026/10/09 04:18:05.739, 0, 80763, 97871, 100, 503.29
2026/10/09 04:18:05.739, 1, 80764, 97871, 100, 492.23
2026/10/09 04:18:05.739, 2, 80761, 97871, 100, 498.58
2026/10/09 04:18:05.739, 3, 80763, 97871, 100, 506.14
2026/10/09 04:18:06.739, 0, 80763, 97871, 100, 496.28
2026/10/09 04:18:06.739, 1, 80764, 97871, 100, 489.56
2026/10/09 04:18:06.739, 2, 80761, 97871, 100, 496.51
2026/10/09 04:18:06.739, 3, 80763, 97871, 100, 499.26
2026/10/09 04:18:07.739, 0, 80763, 97871, 100, 497.54
2026/10/09 04:18:07.739, 1, 80764, 97871, 100, 489.14
2026/10/09 04:18:07.739, 2, 80761, 97871, 100, 495.37
2026/10/09 04:18:07.739, 3, 80763, 97871, 100, 502.96
2026/10/09 04:18:08.740, 0, 80763, 97871, 100, 514.70
2026/10/09 04:18:08.740, 1, 80764, 97871, 100, 500.02
2026/10/09 04:18:08.740, 2, 80761, 97871, 100, 507.65
2026/10/09 04:18:08.740, 3, 80763, 97871, 100, 514.56
2026/10/09 04:18:09.740, 0, 80763, 97871, 100, 510.45
2026/10/09 04:18:09.740, 1, 80764, 97871, 100, 504.53
2026/10/09 04:18:09.740, 2, 80761, 97871, 100, 512.05
2026/10/09 04:18:09.740, 3, 80763, 97871, 100, 520.72
2026/10/09 04:18:10.740, 0, 80763, 97871, 0, 343.12
2026/10/09 04:18:10.740, 1, 80764, 97871, 0, 345.72
2026/10/09 04:18:10.740, 2, 80761, 97871, 100, 450.60
2026/10/09 04:18:10.740, 3, 80763, 97871, 100, 446.38
2026/10/09 04:18:11.740, 0, 80763, 97871, 0, 139.06
2026/10/09 04:18:11.740, 1, 80764, 97871, 0, 143.59
2026/10/09 04:18:11.740, 2, 80761, 97871, 0, 302.41
2026/10/09 04:18:11.741, 3, 80763, 97871, 0, 295.92
2026/10/09 04:18:12.741, 0, 80763, 97871, 100, 457.74
2026/10/09 04:18:12.741, 1, 80764, 97871, 100, 453.59
2026/10/09 04:18:12.741, 2, 80761, 97871, 100, 447.98
2026/10/09 04:18:12.741, 3, 80763, 97871, 100, 475.58
2026/10/09 04:18:13.741, 0, 80763, 97871, 100, 516.39
2026/10/09 04:18:13.741, 1, 80764, 97871, 100, 502.01
2026/10/09 04:18:13.741, 2, 80761, 97871, 100, 495.22
2026/10/09 04:18:13.741, 3, 80763, 97871, 100, 529.26
2026/10/09 04:18:14.741, 0, 80763, 97871, 100, 506.57
2026/10/09 04:18:14.741, 1, 80764, 97871, 100, 493.80
2026/10/09 04:18:14.741, 2, 80761, 97871, 100, 495.14
2026/10/09 04:18:14.741, 3, 80763, 97871, 100, 526.22
2026/10/09 04:18:15.742, 0, 80763, 97871, 100, 522.52
2026/10/09 04:18:15.742, 1, 80764, 97871, 100, 509.22
2026/10/09 04:18:15.742, 2, 80761, 97871, 100, 492.87
2026/10/09 04:18:15.742, 3, 80763, 97871, 100, 511.76
2026/10/09 04:18:16.742, 0, 80763, 97871, 100, 521.90
2026/10/09 04:18:16.742, 1, 80764, 97871, 100, 517.45
2026/10/09 04:18:16.742, 2, 80761, 97871, 100, 499.70
2026/10/09 04:18:16.742, 3, 80763, 97871, 100, 512.95
2026/10/09 04:18:17.742, 0, 80763, 97871, 100, 503.94
2026/10/09 04:18:17.742, 1, 80764, 97871, 100, 493.47
2026/10/09 04:18:17.742, 2, 80761, 97871, 100, 497.75
2026/10/09 04:18:17.742, 3, 80763, 97871, 100, 507.15
2026/10/09 04:18:18.742, 0, 80763, 97871, 100, 519.16
2026/10/09 04:18:18.742, 1, 80764, 97871, 100, 516.90
2026/10/09 04:18:18.743, 2, 80761, 97871, 100, 508.11
2026/10/09 04:18:18.743, 3, 80763, 97871, 100, 501.04
2026/10/09 04:18:19.743, 0, 80763, 97871, 100, 506.08
2026/10/09 04:18:19.743, 1, 80764, 97871, 100, 497.72
2026/10/09 04:18:19.743, 2, 80761, 97871, 100, 510.43
2026/10/09 04:18:19.743, 3, 80763, 97871, 100, 503.53
2026/10/09 04:18:20.743, 0, 80763, 97871, 100, 506.04
2026/10/09 04:18:20.743, 1, 80764, 97871, 100, 499.01
2026/10/09 04:18:20.743, 2, 80761, 97871, 100, 513.65
2026/10/09 04:18:20.743, 3, 80763, 97871, 100, 507.05
2026/10/09 04:18:21.743, 0, 80763, 97871, 100, 518.19
2026/10/09 04:18:21.743, 1, 80764, 97871, 100, 507.32
2026/10/09 04:18:21.743, 2, 80761, 97871, 96, 506.53
2026/10/09 04:18:21.743, 3, 80763, 97871, 96, 513.68
2026/10/09 04:18:22.743, 0, 80763, 97871, 100, 504.89
2026/10/09 04:18:22.744, 1, 80764, 97871, 100, 501.32
2026/10/09 04:18:22.744, 2, 80761, 97871, 100, 509.38
2026/10/09 04:18:22.744, 3, 80763, 97871, 100, 514.20
2026/10/09 04:18:23.744, 0, 80763, 97871, 100, 507.33
2026/10/09 04:18:23.744, 1, 80764, 97871, 100, 501.50
2026/10/09 04:18:23.744, 2, 80761, 97871, 100, 505.62
2026/10/09 04:18:23.744, 3, 80763, 97871, 100, 510.44
2026/10/09 04:18:24.744, 0, 80763, 97871, 100, 515.51
2026/10/09 04:18:24.744, 1, 80764, 97871, 100, 509.15
2026/10/09 04:18:24.744, 2, 80761, 97871, 100, 515.46
2026/10/09 04:18:24.744, 3, 80763, 97871, 100, 513.01
2026/10/09 04:18:25.744, 0, 80763, 97871, 100, 512.75
2026/10/09 04:18:25.744, 1, 80764, 97871, 100, 503.81
2026/10/09 04:18:25.744, 2, 80761, 97871, 100, 508.91
2026/10/09 04:18:25.744, 3, 80763, 97871, 100, 510.30
2026/10/09 04:18:26.745, 0, 80763, 97871, 100, 528.32
2026/10/09 04:18:26.745, 1, 80764, 97871, 100, 519.91
2026/10/09 04:18:26.745, 2, 80761, 97871, 100, 519.40
2026/10/09 04:18:26.745, 3, 80763, 97871, 100, 522.47
2026/10/09 04:18:27.745, 0, 80763, 97871, 100, 530.75
2026/10/09 04:18:27.745, 1, 80764, 97871, 100, 517.82
2026/10/09 04:18:27.745, 2, 80761, 97871, 100, 520.41
2026/10/09 04:18:27.745, 3, 80763, 97871, 100, 526.44
2026/10/09 04:18:28.745, 0, 80763, 97871, 100, 528.33
2026/10/09 04:18:28.745, 1, 80764, 97871, 100, 515.41
2026/10/09 04:18:28.745, 2, 80761, 97871, 100, 518.93
2026/10/09 04:18:28.745, 3, 80763, 97871, 100, 524.78
2026/10/09 04:18:29.746, 0, 80763, 97871, 100, 520.26
2026/10/09 04:18:29.746, 1, 80764, 97871, 100, 504.51
2026/10/09 04:18:29.746, 2, 80761, 97871, 100, 509.63
2026/10/09 04:18:29.746, 3, 80763, 97871, 100, 517.08
2026/10/09 04:18:30.746, 0, 80763, 97871, 100, 456.40
2026/10/09 04:18:30.746, 1, 80763, 97871, 100, 453.87
2026/10/09 04:18:30.746, 2, 80761, 97871, 100, 478.38
2026/10/09 04:18:30.746, 3, 80763, 97871, 100, 488.83
2026/10/09 04:18:31.746, 0, 80763, 97871, 0, 246.91
2026/10/09 04:18:31.746, 1, 80763, 97871, 0, 250.50
2026/10/09 04:18:31.746, 2, 80761, 97871, 0, 288.02
2026/10/09 04:18:31.746, 3, 80763, 97871, 0, 305.36
2026/10/09 04:18:32.747, 0, 80763, 97871, 100, 343.65
2026/10/09 04:18:32.747, 1, 80763, 97871, 100, 347.67
2026/10/09 04:18:32.747, 2, 80761, 97871, 100, 367.51
2026/10/09 04:18:32.747, 3, 80763, 97871, 100, 339.59
2026/10/09 04:18:33.747, 0, 80763, 97871, 100, 517.52
2026/10/09 04:18:33.747, 1, 80763, 97871, 100, 504.58
2026/10/09 04:18:33.747, 2, 80761, 97871, 100, 499.24
2026/10/09 04:18:33.747, 3, 80763, 97871, 100, 521.92
2026/10/09 04:18:34.747, 0, 80763, 97871, 100, 517.53
2026/10/09 04:18:34.747, 1, 80763, 97871, 100, 507.61
2026/10/09 04:18:34.748, 2, 80761, 97871, 100, 494.57
2026/10/09 04:18:34.748, 3, 80763, 97871, 100, 509.51
2026/10/09 04:18:35.748, 0, 80763, 97871, 100, 520.82
2026/10/09 04:18:35.748, 1, 80763, 97871, 100, 498.90
2026/10/09 04:18:35.748, 2, 80761, 97871, 100, 492.77
2026/10/09 04:18:35.748, 3, 80763, 97871, 100, 518.48
2026/10/09 04:18:36.748, 0, 80763, 97871, 100, 519.22
2026/10/09 04:18:36.748, 1, 80763, 97871, 100, 514.93
2026/10/09 04:18:36.748, 2, 80761, 97871, 100, 500.98
2026/10/09 04:18:36.748, 3, 80763, 97871, 100, 512.00
2026/10/09 04:18:37.748, 0, 80763, 97871, 100, 522.93
2026/10/09 04:18:37.748, 1, 80763, 97871, 100, 516.91
2026/10/09 04:18:37.748, 2, 80761, 97871, 100, 502.84
2026/10/09 04:18:37.748, 3, 80763, 97871, 100, 508.46
2026/10/09 04:18:38.749, 0, 80763, 97871, 100, 516.89
2026/10/09 04:18:38.749, 1, 80763, 97871, 100, 506.29
2026/10/09 04:18:38.749, 2, 80761, 97871, 100, 504.60
2026/10/09 04:18:38.749, 3, 80763, 97871, 100, 509.89
2026/10/09 04:18:39.749, 0, 80763, 97871, 100, 502.85
2026/10/09 04:18:39.749, 1, 80763, 97871, 100, 495.27
2026/10/09 04:18:39.749, 2, 80761, 97871, 100, 503.16
2026/10/09 04:18:39.749, 3, 80763, 97871, 100, 505.34
2026/10/09 04:18:40.749, 0, 80763, 97871, 100, 511.46
2026/10/09 04:18:40.749, 1, 80763, 97871, 100, 500.59
2026/10/09 04:18:40.749, 2, 80761, 97871, 100, 503.57
2026/10/09 04:18:40.749, 3, 80763, 97871, 100, 511.68
2026/10/09 04:18:41.749, 0, 80763, 97871, 100, 509.43
2026/10/09 04:18:41.750, 1, 80763, 97871, 100, 498.54
2026/10/09 04:18:41.750, 2, 80761, 97871, 100, 512.11
2026/10/09 04:18:41.750, 3, 80763, 97871, 100, 508.60
2026/10/09 04:18:42.750, 0, 80763, 97871, 100, 506.36
2026/10/09 04:18:42.750, 1, 80763, 97871, 100, 505.96
2026/10/09 04:18:42.750, 2, 80761, 97871, 100, 512.04
2026/10/09 04:18:42.750, 3, 80763, 97871, 100, 512.65
2026/10/09 04:18:43.750, 0, 80763, 97871, 100, 506.08
2026/10/09 04:18:43.750, 1, 80763, 97871, 100, 495.79
2026/10/09 04:18:43.750, 2, 80761, 97871, 100, 512.55
2026/10/09 04:18:43.750, 3, 80763, 97871, 100, 509.68
2026/10/09 04:18:44.750, 0, 80763, 97871, 100, 508.68
2026/10/09 04:18:44.751, 1, 80763, 97871, 100, 503.64
2026/10/09 04:18:44.751, 2, 80761, 97871, 100, 507.95
2026/10/09 04:18:44.751, 3, 80763, 97871, 100, 513.63
2026/10/09 04:18:45.751, 0, 80763, 97871, 100, 511.30
2026/10/09 04:18:45.751, 1, 80763, 97871, 100, 502.72
2026/10/09 04:18:45.751, 2, 80761, 97871, 100, 504.56
2026/10/09 04:18:45.751, 3, 80763, 97871, 100, 507.74
2026/10/09 04:18:46.751, 0, 80763, 97871, 100, 523.84
2026/10/09 04:18:46.751, 1, 80763, 97871, 100, 508.46
2026/10/09 04:18:46.751, 2, 80761, 97871, 100, 514.57
2026/10/09 04:18:46.751, 3, 80763, 97871, 100, 532.13
2026/10/09 04:18:47.751, 0, 80763, 97871, 100, 530.45
2026/10/09 04:18:47.752, 1, 80763, 97871, 100, 514.94
2026/10/09 04:18:47.752, 2, 80761, 97871, 100, 517.91
2026/10/09 04:18:47.752, 3, 80763, 97871, 100, 526.03
2026/10/09 04:18:48.752, 0, 80763, 97871, 100, 512.21
2026/10/09 04:18:48.752, 1, 80763, 97871, 100, 502.20
2026/10/09 04:18:48.752, 2, 80761, 97871, 100, 510.07
2026/10/09 04:18:48.752, 3, 80763, 97871, 100, 518.49
2026/10/09 04:18:49.752, 0, 80763, 97871, 100, 504.77
2026/10/09 04:18:49.752, 1, 80763, 97871, 100, 491.72
2026/10/09 04:18:49.752, 2, 80761, 97871, 100, 500.16
2026/10/09 04:18:49.752, 3, 80763, 97871, 100, 509.13
2026/10/09 04:18:50.752, 0, 80763, 97871, 100, 504.68
2026/10/09 04:18:50.752, 1, 80763, 97871, 100, 497.76
2026/10/09 04:18:50.752, 2, 80761, 97871, 100, 498.55
2026/10/09 04:18:50.753, 3, 80763, 97871, 100, 500.07
2026/10/09 04:18:51.753, 0, 80763, 97871, 100, 503.27
2026/10/09 04:18:51.753, 1, 80763, 97871, 100, 491.86
2026/10/09 04:18:51.753, 2, 80761, 97871, 100, 496.97
2026/10/09 04:18:51.753, 3, 80763, 97871, 100, 507.41
2026/10/09 04:18:52.753, 0, 80763, 97871, 100, 500.52
2026/10/09 04:18:52.753, 1, 80763, 97871, 100, 494.53
2026/10/09 04:18:52.753, 2, 80761, 97871, 100, 500.31
2026/10/09 04:18:52.753, 3, 80763, 97871, 100, 511.80
2026/10/09 04:18:53.753, 0, 80763, 97871, 100, 499.39
2026/10/09 04:18:53.753, 1, 80763, 97871, 100, 492.21
2026/10/09 04:18:53.753, 2, 80761, 97871, 100, 499.80
2026/10/09 04:18:53.753, 3, 80763, 97871, 100, 510.46
2026/10/09 04:18:54.753, 0, 80763, 97871, 100, 504.29
2026/10/09 04:18:54.754, 1, 80763, 97871, 100, 493.48
2026/10/09 04:18:54.754, 2, 80761, 97871, 100, 503.62
2026/10/09 04:18:54.754, 3, 80763, 97871, 100, 509.68
2026/10/09 04:18:55.754, 0, 80763, 97871, 100, 501.60
2026/10/09 04:18:55.754, 1, 80763, 97871, 100, 497.82
2026/10/09 04:18:55.754, 2, 80761, 97871, 100, 504.88
2026/10/09 04:18:55.754, 3, 80763, 97871, 100, 506.49
2026/10/09 04:18:56.754, 0, 80763, 97871, 100, 501.92
2026/10/09 04:18:56.754, 1, 80763, 97871, 100, 486.74
2026/10/09 04:18:56.754, 2, 80761, 97871, 100, 500.99
2026/10/09 04:18:56.754, 3, 80763, 97871, 100, 506.58
2026/10/09 04:18:57.754, 0, 80763, 97871, 100, 503.78
2026/10/09 04:18:57.754, 1, 80763, 97871, 100, 493.66
2026/10/09 04:18:57.754, 2, 80761, 97871, 100, 498.76
2026/10/09 04:18:57.755, 3, 80763, 97871, 100, 503.80
2026/10/09 04:18:58.755, 0, 80763, 97871, 100, 502.53
2026/10/09 04:18:58.755, 1, 80763, 97871, 100, 496.49
2026/10/09 04:18:58.755, 2, 80761, 97871, 100, 500.61
2026/10/09 04:18:58.755, 3, 80763, 97871, 100, 506.61
2026/10/09 04:18:59.755, 0, 80763, 97871, 100, 500.82
2026/10/09 04:18:59.755, 1, 80763, 97871, 100, 493.73
2026/10/09 04:18:59.755, 2, 80761, 97871, 100, 499.06
2026/10/09 04:18:59.755, 3, 80763, 97871, 100, 504.44
2026/10/09 04:19:00.755, 0, 80763, 97871, 100, 501.65
2026/10/09 04:19:00.755, 1, 80763, 97871, 100, 492.83
2026/10/09 04:19:00.755, 2, 80761, 97871, 100, 497.47
2026/10/09 04:19:00.755, 3, 80763, 97871, 100, 505.07
2026/10/09 04:19:01.755, 0, 80763, 97871, 100, 500.10
2026/10/09 04:19:01.756, 1, 80763, 97871, 100, 491.88
2026/10/09 04:19:01.756, 2, 80761, 97871, 100, 498.99
2026/10/09 04:19:01.756, 3, 80763, 97871, 100, 500.67
2026/10/09 04:19:02.756, 0, 80763, 97871, 100, 503.77
2026/10/09 04:19:02.756, 1, 80763, 97871, 100, 492.38
2026/10/09 04:19:02.756, 2, 80761, 97871, 100, 504.06
2026/10/09 04:19:02.756, 3, 80763, 97871, 100, 506.02
2026/10/09 04:19:03.756, 0, 80763, 97871, 100, 500.38
2026/10/09 04:19:03.756, 1, 80763, 97871, 100, 493.31
2026/10/09 04:19:03.756, 2, 80761, 97871, 100, 502.80
2026/10/09 04:19:03.756, 3, 80763, 97871, 100, 505.06
2026/10/09 04:19:04.756, 0, 80763, 97871, 100, 503.22
2026/10/09 04:19:04.756, 1, 80763, 97871, 100, 491.74
2026/10/09 04:19:04.756, 2, 80761, 97871, 100, 499.07
2026/10/09 04:19:04.757, 3, 80763, 97871, 100, 504.85
2026/10/09 04:19:05.757, 0, 80763, 97871, 100, 503.84
2026/10/09 04:19:05.757, 1, 80763, 97871, 100, 498.02
2026/10/09 04:19:05.757, 2, 80761, 97871, 100, 494.61
2026/10/09 04:19:05.757, 3, 80763, 97871, 100, 500.99
2026/10/09 04:19:06.757, 0, 80763, 97871, 100, 504.80
2026/10/09 04:19:06.757, 1, 80763, 97871, 100, 491.64
2026/10/09 04:19:06.757, 2, 80761, 97871, 100, 499.49
2026/10/09 04:19:06.757, 3, 80763, 97871, 100, 507.43
2026/10/09 04:19:07.757, 0, 80763, 97871, 100, 500.74
2026/10/09 04:19:07.757, 1, 80763, 97871, 100, 491.00
2026/10/09 04:19:07.757, 2, 80761, 97871, 100, 500.42
2026/10/09 04:19:07.757, 3, 80763, 97871, 100, 504.76
2026/10/09 04:19:08.757, 0, 80763, 97871, 100, 503.94
2026/10/09 04:19:08.758, 1, 80763, 97871, 100, 493.27
2026/10/09 04:19:08.758, 2, 80761, 97871, 100, 501.48
2026/10/09 04:19:08.758, 3, 80763, 97871, 100, 505.78
2026/10/09 04:19:09.758, 0, 80763, 97871, 100, 503.08
2026/10/09 04:19:09.758, 1, 80763, 97871, 100, 495.10
2026/10/09 04:19:09.758, 2, 80761, 97871, 100, 499.76
2026/10/09 04:19:09.758, 3, 80763, 97871, 100, 503.53
2026/10/09 04:19:10.758, 0, 80763, 97871, 100, 501.68
2026/10/09 04:19:10.758, 1, 80763, 97871, 100, 492.53
2026/10/09 04:19:10.758, 2, 80761, 97871, 100, 497.42
2026/10/09 04:19:10.758, 3, 80763, 97871, 100, 506.47
2026/10/09 04:19:11.758, 0, 80763, 97871, 100, 502.59
2026/10/09 04:19:11.758, 1, 80763, 97871, 100, 494.21
2026/10/09 04:19:11.758, 2, 80761, 97871, 100, 501.87
2026/10/09 04:19:11.759, 3, 80763, 97871, 100, 508.71
2026/10/09 04:19:12.759, 0, 80763, 97871, 100, 503.38
2026/10/09 04:19:12.759, 1, 80763, 97871, 100, 495.64
2026/10/09 04:19:12.759, 2, 80761, 97871, 100, 503.83
2026/10/09 04:19:12.759, 3, 80763, 97871, 100, 507.28
2026/10/09 04:19:13.759, 0, 80763, 97871, 100, 505.60
2026/10/09 04:19:13.759, 1, 80763, 97871, 100, 495.75
2026/10/09 04:19:13.759, 2, 80761, 97871, 100, 497.26
2026/10/09 04:19:13.759, 3, 80763, 97871, 100, 508.60
2026/10/09 04:19:14.759, 0, 80763, 97871, 100, 504.20
2026/10/09 04:19:14.759, 1, 80763, 97871, 100, 493.30
2026/10/09 04:19:14.759, 2, 80761, 97871, 100, 497.06
2026/10/09 04:19:14.759, 3, 80763, 97871, 100, 504.69
2026/10/09 04:19:15.759, 0, 80763, 97871, 100, 502.90
2026/10/09 04:19:15.760, 1, 80763, 97871, 100, 491.43
2026/10/09 04:19:15.760, 2, 80761, 97871, 100, 496.62
2026/10/09 04:19:15.760, 3, 80763, 97871, 100, 503.63
2026/10/09 04:19:16.760, 0, 80763, 97871, 100, 503.38
2026/10/09 04:19:16.760, 1, 80763, 97871, 100, 492.90
2026/10/09 04:19:16.760, 2, 80761, 97871, 100, 502.53
2026/10/09 04:19:16.760, 3, 80763, 97871, 100, 507.91
2026/10/09 04:19:17.760, 0, 80763, 97871, 100, 502.75
2026/10/09 04:19:17.760, 1, 80763, 97871, 100, 492.49
2026/10/09 04:19:17.760, 2, 80761, 97871, 100, 497.94
2026/10/09 04:19:17.760, 3, 80763, 97871, 100, 500.15
2026/10/09 04:19:18.760, 0, 80763, 97871, 100, 503.38
2026/10/09 04:19:18.760, 1, 80763, 97871, 100, 488.74
2026/10/09 04:19:18.760, 2, 80761, 97871, 100, 502.20
2026/10/09 04:19:18.761, 3, 80763, 97871, 100, 505.96
2026/10/09 04:19:19.761, 0, 80763, 97871, 100, 498.18
2026/10/09 04:19:19.761, 1, 80763, 97871, 100, 493.39
2026/10/09 04:19:19.761, 2, 80761, 97871, 100, 497.71
2026/10/09 04:19:19.761, 3, 80763, 97871, 100, 506.66
2026/10/09 04:19:20.761, 0, 80763, 97871, 100, 504.00
2026/10/09 04:19:20.761, 1, 80763, 97871, 100, 495.07
2026/10/09 04:19:20.761, 2, 80761, 97871, 100, 498.69
2026/10/09 04:19:20.761, 3, 80763, 97871, 100, 504.71
2026/10/09 04:19:21.761, 0, 80763, 97871, 100, 503.08
2026/10/09 04:19:21.761, 1, 80763, 97871, 100, 492.69
2026/10/09 04:19:21.761, 2, 80761, 97871, 100, 495.53
2026/10/09 04:19:21.761, 3, 80763, 97871, 100, 508.12
2026/10/09 04:19:22.761, 0, 80763, 97871, 100, 503.60
2026/10/09 04:19:22.762, 1, 80763, 97871, 100, 493.33
2026/10/09 04:19:22.762, 2, 80761, 97871, 100, 500.43
2026/10/09 04:19:22.762, 3, 80763, 97871, 100, 504.16
2026/10/09 04:19:23.762, 0, 80763, 97871, 100, 503.55
2026/10/09 04:19:23.762, 1, 80763, 97871, 100, 491.33
2026/10/09 04:19:23.762, 2, 80761, 97871, 100, 497.39
2026/10/09 04:19:23.762, 3, 80763, 97871, 100, 502.76
2026/10/09 04:19:24.762, 0, 80763, 97871, 100, 504.99
2026/10/09 04:19:24.762, 1, 80763, 97871, 100, 490.25
2026/10/09 04:19:24.762, 2, 80761, 97871, 100, 501.88
2026/10/09 04:19:24.762, 3, 80763, 97871, 100, 508.29
2026/10/09 04:19:25.762, 0, 80763, 97871, 100, 503.09
2026/10/09 04:19:25.762, 1, 80763, 97871, 100, 493.14
2026/10/09 04:19:25.762, 2, 80761, 97871, 100, 499.38
2026/10/09 04:19:25.763, 3, 80763, 97871, 100, 504.39
2026/10/09 04:19:26.763, 0, 80763, 97871, 100, 506.07
2026/10/09 04:19:26.763, 1, 80763, 97871, 100, 490.57
2026/10/09 04:19:26.763, 2, 80761, 97871, 100, 496.96
2026/10/09 04:19:26.763, 3, 80763, 97871, 100, 504.65
2026/10/09 04:19:27.763, 0, 80763, 97871, 100, 509.22
2026/10/09 04:19:27.763, 1, 80763, 97871, 100, 502.42
2026/10/09 04:19:27.763, 2, 80761, 97871, 100, 502.02
2026/10/09 04:19:27.763, 3, 80763, 97871, 100, 508.72
2026/10/09 04:19:28.763, 0, 80763, 97871, 100, 501.82
2026/10/09 04:19:28.763, 1, 80763, 97871, 100, 492.99
2026/10/09 04:19:28.763, 2, 80761, 97871, 100, 501.69
2026/10/09 04:19:28.763, 3, 80763, 97871, 100, 502.96
2026/10/09 04:19:29.763, 0, 80763, 97871, 100, 503.19
2026/10/09 04:19:29.764, 1, 80763, 97871, 100, 492.50
2026/10/09 04:19:29.764, 2, 80761, 97871, 100, 497.88
2026/10/09 04:19:29.764, 3, 80763, 97871, 100, 501.32
2026/10/09 04:19:30.764, 0, 80763, 97871, 100, 503.16
2026/10/09 04:19:30.764, 1, 80763, 97871, 100, 496.47
2026/10/09 04:19:30.764, 2, 80761, 97871, 100, 503.89
2026/10/09 04:19:30.764, 3, 80763, 97871, 100, 508.73
2026/10/09 04:19:31.764, 0, 80763, 97871, 100, 500.38
2026/10/09 04:19:31.764, 1, 80763, 97871, 100, 488.31
2026/10/09 04:19:31.764, 2, 80761, 97871, 100, 499.98
2026/10/09 04:19:31.764, 3, 80763, 97871, 100, 508.38
2026/10/09 04:19:32.764, 0, 80763, 97871, 100, 504.28
2026/10/09 04:19:32.764, 1, 80763, 97871, 100, 494.27
2026/10/09 04:19:32.764, 2, 80761, 97871, 100, 503.64
2026/10/09 04:19:32.764, 3, 80763, 97871, 100, 503.67
2026/10/09 04:19:33.765, 0, 80763, 97871, 100, 500.02
2026/10/09 04:19:33.765, 1, 80763, 97871, 100, 491.15
2026/10/09 04:19:33.765, 2, 80761, 97871, 100, 498.99
2026/10/09 04:19:33.765, 3, 80763, 97871, 100, 507.10
2026/10/09 04:19:34.765, 0, 80763, 97871, 100, 500.91
2026/10/09 04:19:34.765, 1, 80763, 97871, 100, 493.64
2026/10/09 04:19:34.765, 2, 80761, 97871, 100, 496.41
2026/10/09 04:19:34.765, 3, 80763, 97871, 100, 503.92
2026/10/09 04:19:35.765, 0, 80763, 97871, 100, 499.03
2026/10/09 04:19:35.765, 1, 80763, 97871, 100, 491.27
2026/10/09 04:19:35.765, 2, 80761, 97871, 100, 502.45
2026/10/09 04:19:35.765, 3, 80763, 97871, 100, 503.91
2026/10/09 04:19:36.765, 0, 80763, 97871, 100, 508.92
2026/10/09 04:19:36.766, 1, 80763, 97871, 100, 490.64
2026/10/09 04:19:36.766, 2, 80761, 97871, 100, 495.89
2026/10/09 04:19:36.766, 3, 80763, 97871, 100, 505.89
2026/10/09 04:19:37.766, 0, 80763, 97871, 100, 499.98
2026/10/09 04:19:37.766, 1, 80763, 97871, 100, 492.39
2026/10/09 04:19:37.766, 2, 80761, 97871, 100, 497.39
2026/10/09 04:19:37.766, 3, 80763, 97871, 100, 503.65
2026/10/09 04:19:38.766, 0, 80763, 97871, 100, 503.05
2026/10/09 04:19:38.766, 1, 80763, 97871, 100, 494.14
2026/10/09 04:19:38.766, 2, 80761, 97871, 100, 498.22
2026/10/09 04:19:38.766, 3, 80763, 97871, 100, 503.23
2026/10/09 04:19:39.766, 0, 80763, 97871, 100, 505.08
2026/10/09 04:19:39.766, 1, 80763, 97871, 100, 499.24
2026/10/09 04:19:39.767, 2, 80761, 97871, 100, 501.53
2026/10/09 04:19:39.767, 3, 80763, 97871, 100, 504.83
2026/10/09 04:19:40.767, 0, 80763, 97871, 100, 503.39
2026/10/09 04:19:40.767, 1, 80763, 97871, 100, 492.70
2026/10/09 04:19:40.767, 2, 80761, 97871, 100, 504.97
2026/10/09 04:19:40.767, 3, 80763, 97871, 100, 504.95
2026/10/09 04:19:41.767, 0, 80763, 97871, 100, 504.66
2026/10/09 04:19:41.767, 1, 80763, 97871, 100, 489.08
2026/10/09 04:19:41.767, 2, 80761, 97871, 100, 502.17
2026/10/09 04:19:41.767, 3, 80763, 97871, 100, 507.30
2026/10/09 04:19:42.767, 0, 80763, 97871, 100, 502.82
2026/10/09 04:19:42.767, 1, 80763, 97871, 100, 489.60
2026/10/09 04:19:42.767, 2, 80761, 97871, 100, 499.60
2026/10/09 04:19:42.767, 3, 80763, 97871, 100, 506.50
2026/10/09 04:19:43.768, 0, 80763, 97871, 100, 500.63
2026/10/09 04:19:43.768, 1, 80763, 97871, 100, 490.03
2026/10/09 04:19:43.768, 2, 80761, 97871, 100, 492.22
2026/10/09 04:19:43.768, 3, 80763, 97871, 100, 502.60
2026/10/09 04:19:44.768, 0, 80763, 97871, 100, 521.00
2026/10/09 04:19:44.768, 1, 80763, 97871, 100, 506.35
2026/10/09 04:19:44.768, 2, 80761, 97871, 100, 511.74
2026/10/09 04:19:44.768, 3, 80763, 97871, 100, 522.87
2026/10/09 04:19:45.768, 0, 80763, 97871, 100, 529.63
2026/10/09 04:19:45.768, 1, 80763, 97871, 100, 511.05
2026/10/09 04:19:45.768, 2, 80761, 97871, 100, 514.27
2026/10/09 04:19:45.768, 3, 80763, 97871, 100, 521.39
2026/10/09 04:19:46.768, 0, 80763, 97871, 100, 522.61
2026/10/09 04:19:46.769, 1, 80763, 97871, 100, 503.56
2026/10/09 04:19:46.769, 2, 80761, 97871, 100, 506.28
2026/10/09 04:19:46.769, 3, 80763, 97871, 100, 517.65
2026/10/09 04:19:47.769, 0, 80763, 97871, 100, 457.73
2026/10/09 04:19:47.769, 1, 80763, 97871, 100, 467.88
2026/10/09 04:19:47.769, 2, 80761, 97871, 100, 412.06
2026/10/09 04:19:47.769, 3, 80763, 97871, 100, 417.81
2026/10/09 04:19:48.769, 0, 80763, 97871, 0, 200.65
2026/10/09 04:19:48.769, 1, 80763, 97871, 0, 225.43
2026/10/09 04:19:48.769, 2, 80761, 97871, 0, 143.39
2026/10/09 04:19:48.769, 3, 80763, 97871, 0, 147.35
2026/10/09 04:19:49.769, 0, 80763, 97871, 100, 453.08
2026/10/09 04:19:49.769, 1, 80763, 97871, 100, 407.44
2026/10/09 04:19:49.769, 2, 80761, 97871, 100, 434.42
2026/10/09 04:19:49.769, 3, 80763, 97871, 100, 444.24
2026/10/09 04:19:50.770, 0, 80763, 97871, 100, 514.46
2026/10/09 04:19:50.770, 1, 80763, 97871, 100, 515.46
2026/10/09 04:19:50.770, 2, 80761, 97871, 100, 494.32
2026/10/09 04:19:50.770, 3, 80763, 97871, 100, 523.67
2026/10/09 04:19:51.770, 0, 80763, 97871, 100, 517.08
2026/10/09 04:19:51.770, 1, 80763, 97871, 100, 503.26
2026/10/09 04:19:51.770, 2, 80761, 97871, 100, 492.88
2026/10/09 04:19:51.770, 3, 80763, 97871, 100, 519.39
2026/10/09 04:19:52.770, 0, 80763, 97871, 100, 518.30
2026/10/09 04:19:52.770, 1, 80763, 97871, 100, 511.01
2026/10/09 04:19:52.770, 2, 80761, 97871, 100, 494.26
2026/10/09 04:19:52.770, 3, 80763, 97871, 100, 523.28
2026/10/09 04:19:53.771, 0, 80763, 97871, 100, 517.80
2026/10/09 04:19:53.771, 1, 80763, 97871, 100, 518.26
2026/10/09 04:19:53.771, 2, 80761, 97871, 100, 496.84
2026/10/09 04:19:53.771, 3, 80763, 97871, 100, 508.53
2026/10/09 04:19:54.771, 0, 80763, 97871, 100, 521.46
2026/10/09 04:19:54.771, 1, 80763, 97871, 100, 522.22
2026/10/09 04:19:54.771, 2, 80761, 97871, 100, 502.69
2026/10/09 04:19:54.771, 3, 80763, 97871, 100, 502.51
2026/10/09 04:19:55.771, 0, 80763, 97871, 100, 504.74
2026/10/09 04:19:55.771, 1, 80763, 97871, 100, 497.73
2026/10/09 04:19:55.771, 2, 80761, 97871, 100, 506.91
2026/10/09 04:19:55.771, 3, 80763, 97871, 100, 505.22
2026/10/09 04:19:56.771, 0, 80763, 97871, 100, 498.35
2026/10/09 04:19:56.771, 1, 80763, 97871, 100, 492.49
2026/10/09 04:19:56.771, 2, 80761, 97871, 100, 496.07
2026/10/09 04:19:56.771, 3, 80763, 97871, 100, 506.97
2026/10/09 04:19:57.772, 0, 80763, 97871, 100, 507.08
2026/10/09 04:19:57.772, 1, 80763, 97871, 100, 502.60
2026/10/09 04:19:57.772, 2, 80761, 97871, 100, 505.17
2026/10/09 04:19:57.772, 3, 80763, 97871, 100, 508.39
2026/10/09 04:19:58.772, 0, 80763, 97871, 100, 509.68
2026/10/09 04:19:58.772, 1, 80763, 97871, 100, 499.16
2026/10/09 04:19:58.772, 2, 80761, 97871, 100, 510.03
2026/10/09 04:19:58.772, 3, 80763, 97871, 100, 511.27
2026/10/09 04:19:59.772, 0, 80763, 97871, 100, 510.48
2026/10/09 04:19:59.779, 1, 80763, 97871, 100, 501.10
2026/10/09 04:19:59.779, 2, 80761, 97871, 100, 510.90
2026/10/09 04:19:59.779, 3, 80763, 97871, 100, 514.14
2026/10/09 04:20:00.779, 0, 80763, 97871, 100, 500.59
2026/10/09 04:20:00.779, 1, 80763, 97871, 100, 500.49
2026/10/09 04:20:00.779, 2, 80761, 97871, 100, 509.33
2026/10/09 04:20:00.779, 3, 80763, 97871, 100, 508.05
2026/10/09 04:20:01.780, 0, 80763, 97871, 100, 499.55
2026/10/09 04:20:01.780, 1, 80763, 97871, 100, 495.13
2026/10/09 04:20:01.780, 2, 80761, 97871, 100, 504.08
2026/10/09 04:20:01.780, 3, 80763, 97871, 100, 504.46
2026/10/09 04:20:02.780, 0, 80763, 97871, 100, 511.12
2026/10/09 04:20:02.780, 1, 80763, 97871, 100, 506.36
2026/10/09 04:20:02.780, 2, 80761, 97871, 100, 504.12
2026/10/09 04:20:02.780, 3, 80763, 97871, 100, 508.89
2026/10/09 04:20:03.780, 0, 80763, 97871, 100, 526.75
2026/10/09 04:20:03.780, 1, 80763, 97871, 100, 514.36
2026/10/09 04:20:03.780, 2, 80761, 97871, 100, 515.07
2026/10/09 04:20:03.780, 3, 80763, 97871, 100, 517.92
2026/10/09 04:20:04.780, 0, 80763, 97871, 100, 527.15
2026/10/09 04:20:04.780, 1, 80763, 97871, 100, 514.79
2026/10/09 04:20:04.781, 2, 80761, 97871, 100, 519.49
2026/10/09 04:20:04.781, 3, 80763, 97871, 100, 525.66
2026/10/09 04:20:05.781, 0, 80763, 97871, 100, 505.46
2026/10/09 04:20:05.781, 1, 80763, 97871, 100, 494.88
2026/10/09 04:20:05.781, 2, 80761, 97871, 100, 506.86
2026/10/09 04:20:05.781, 3, 80763, 97871, 100, 514.61
2026/10/09 04:20:06.781, 0, 80763, 97871, 100, 501.31
2026/10/09 04:20:06.781, 1, 80763, 97871, 100, 494.66
2026/10/09 04:20:06.781, 2, 80761, 97871, 100, 495.97
2026/10/09 04:20:06.781, 3, 80763, 97871, 100, 503.96
2026/10/09 04:20:07.781, 0, 80763, 97871, 100, 503.34
2026/10/09 04:20:07.781, 1, 80763, 97871, 100, 493.19
2026/10/09 04:20:07.781, 2, 80761, 97871, 100, 497.73
2026/10/09 04:20:07.781, 3, 80763, 97871, 100, 506.10
2026/10/09 04:20:08.781, 0, 80763, 97871, 100, 503.41
2026/10/09 04:20:08.782, 1, 80763, 97871, 100, 494.60
2026/10/09 04:20:08.782, 2, 80761, 97871, 100, 500.18
2026/10/09 04:20:08.782, 3, 80763, 97871, 100, 505.73
2026/10/09 04:20:09.782, 0, 80763, 97871, 100, 503.74
2026/10/09 04:20:09.786, 1, 80763, 97871, 100, 492.39
2026/10/09 04:20:09.786, 2, 80761, 97871, 100, 494.31
2026/10/09 04:20:09.786, 3, 80763, 97871, 100, 503.17
2026/10/09 04:20:10.786, 0, 80763, 97871, 100, 502.96
2026/10/09 04:20:10.786, 1, 80763, 97871, 100, 496.83
2026/10/09 04:20:10.786, 2, 80761, 97871, 100, 498.95
2026/10/09 04:20:10.786, 3, 80763, 97871, 100, 504.71
2026/10/09 04:20:11.786, 0, 80763, 97871, 100, 501.39
2026/10/09 04:20:11.786, 1, 80763, 97871, 100, 494.24
2026/10/09 04:20:11.786, 2, 80761, 97871, 100, 497.40
2026/10/09 04:20:11.786, 3, 80763, 97871, 100, 506.25
2026/10/09 04:20:12.786, 0, 80763, 97871, 100, 505.53
2026/10/09 04:20:12.787, 1, 80763, 97871, 100, 495.67
2026/10/09 04:20:12.787, 2, 80761, 97871, 100, 498.42
2026/10/09 04:20:12.787, 3, 80763, 97871, 100, 506.54
2026/10/09 04:20:13.787, 0, 80763, 97871, 100, 503.16
2026/10/09 04:20:13.787, 1, 80763, 97871, 100, 497.09
2026/10/09 04:20:13.787, 2, 80761, 97871, 100, 497.64
2026/10/09 04:20:13.787, 3, 80763, 97871, 100, 504.52
2026/10/09 04:20:14.787, 0, 80763, 97871, 100, 502.41
2026/10/09 04:20:14.787, 1, 80763, 97871, 100, 492.47
2026/10/09 04:20:14.787, 2, 80761, 97871, 100, 499.16
2026/10/09 04:20:14.787, 3, 80763, 97871, 100, 503.13
2026/10/09 04:20:15.787, 0, 80763, 97871, 100, 499.39
2026/10/09 04:20:15.787, 1, 80763, 97871, 100, 492.98
2026/10/09 04:20:15.787, 2, 80761, 97871, 100, 498.65
2026/10/09 04:20:15.787, 3, 80763, 97871, 100, 507.23
2026/10/09 04:20:16.787, 0, 80763, 97871, 100, 502.54
2026/10/09 04:20:16.788, 1, 80763, 97871, 100, 494.99
2026/10/09 04:20:16.788, 2, 80761, 97871, 100, 498.70
2026/10/09 04:20:16.788, 3, 80763, 97871, 100, 503.88
2026/10/09 04:20:17.788, 0, 80763, 97871, 100, 502.64
2026/10/09 04:20:17.788, 1, 80763, 97871, 100, 494.47
2026/10/09 04:20:17.788, 2, 80761, 97871, 100, 500.99
2026/10/09 04:20:17.788, 3, 80763, 97871, 100, 507.76
2026/10/09 04:20:18.788, 0, 80763, 97871, 100, 503.18
2026/10/09 04:20:18.788, 1, 80763, 97871, 100, 495.77
2026/10/09 04:20:18.788, 2, 80761, 97871, 100, 499.79
2026/10/09 04:20:18.788, 3, 80763, 97871, 100, 504.50
2026/10/09 04:20:19.788, 0, 80763, 97871, 100, 503.99
2026/10/09 04:20:19.793, 1, 80763, 97871, 100, 496.24
2026/10/09 04:20:19.793, 2, 80761, 97871, 100, 496.23
2026/10/09 04:20:19.793, 3, 80763, 97871, 100, 501.58
2026/10/09 04:20:20.793, 0, 80763, 97871, 100, 502.92
2026/10/09 04:20:20.793, 1, 80763, 97871, 100, 489.61
2026/10/09 04:20:20.793, 2, 80761, 97871, 100, 498.97
2026/10/09 04:20:20.793, 3, 80763, 97871, 100, 506.67
2026/10/09 04:20:21.793, 0, 80763, 97871, 100, 500.35
2026/10/09 04:20:21.794, 1, 80763, 97871, 100, 495.00
2026/10/09 04:20:21.794, 2, 80761, 97871, 100, 502.87
2026/10/09 04:20:21.794, 3, 80763, 97871, 100, 510.24
2026/10/09 04:20:22.794, 0, 80763, 97871, 100, 502.79
2026/10/09 04:20:22.794, 1, 80763, 97871, 100, 494.14
2026/10/09 04:20:22.794, 2, 80761, 97871, 100, 497.23
2026/10/09 04:20:22.794, 3, 80763, 97871, 100, 505.02
2026/10/09 04:20:23.794, 0, 80763, 97871, 100, 516.27
2026/10/09 04:20:23.794, 1, 80763, 97871, 100, 505.55
2026/10/09 04:20:23.794, 2, 80761, 97871, 100, 505.42
2026/10/09 04:20:23.794, 3, 80763, 97871, 100, 507.92
2026/10/09 04:20:24.794, 0, 80763, 97871, 100, 527.31
2026/10/09 04:20:24.794, 1, 80763, 97871, 100, 507.82
2026/10/09 04:20:24.794, 2, 80761, 97871, 100, 516.71
2026/10/09 04:20:24.794, 3, 80763, 97871, 100, 522.20
2026/10/09 04:20:25.795, 0, 80763, 97871, 100, 522.96
2026/10/09 04:20:25.795, 1, 80763, 97871, 100, 503.07
2026/10/09 04:20:25.795, 2, 80761, 97871, 100, 510.54
2026/10/09 04:20:25.795, 3, 80763, 97871, 100, 516.89
2026/10/09 04:20:26.795, 0, 80763, 97871, 100, 461.92
2026/10/09 04:20:26.795, 1, 80763, 97871, 100, 460.41
2026/10/09 04:20:26.795, 2, 80761, 97871, 100, 487.17
2026/10/09 04:20:26.795, 3, 80763, 97871, 100, 497.53
2026/10/09 04:20:27.795, 0, 80763, 97871, 0, 213.24
2026/10/09 04:20:27.795, 1, 80763, 97871, 0, 219.34
2026/10/09 04:20:27.795, 2, 80761, 97871, 14, 356.17
2026/10/09 04:20:27.795, 3, 80763, 97871, 33, 366.90
2026/10/09 04:20:28.795, 0, 80763, 97871, 100, 371.58
2026/10/09 04:20:28.795, 1, 80763, 97871, 100, 373.79
2026/10/09 04:20:28.796, 2, 80761, 97871, 100, 391.87
2026/10/09 04:20:28.796, 3, 80763, 97871, 100, 393.92
2026/10/09 04:20:29.796, 0, 80763, 97871, 100, 509.00
2026/10/09 04:20:29.825, 1, 80763, 97871, 100, 504.51
2026/10/09 04:20:29.825, 2, 80761, 97871, 100, 492.51
2026/10/09 04:20:29.825, 3, 80763, 97871, 100, 522.33
2026/10/09 04:20:30.825, 0, 80763, 97871, 100, 519.01
2026/10/09 04:20:30.825, 1, 80763, 97871, 100, 507.20
2026/10/09 04:20:30.825, 2, 80761, 97871, 100, 495.04
2026/10/09 04:20:30.825, 3, 80763, 97871, 100, 514.83
2026/10/09 04:20:31.825, 0, 80762, 97871, 100, 525.38
2026/10/09 04:20:31.825, 1, 80763, 97871, 100, 509.94
2026/10/09 04:20:31.825, 2, 80761, 97871, 100, 496.74
2026/10/09 04:20:31.825, 3, 80763, 97871, 100, 512.62
2026/10/09 04:20:32.825, 0, 80762, 97871, 100, 523.71
2026/10/09 04:20:32.826, 1, 80763, 97871, 100, 511.31
2026/10/09 04:20:32.826, 2, 80761, 97871, 100, 497.89
2026/10/09 04:20:32.826, 3, 80762, 97871, 100, 514.24
2026/10/09 04:20:33.826, 0, 80762, 97871, 100, 502.76
2026/10/09 04:20:33.826, 1, 80763, 97871, 100, 492.64
2026/10/09 04:20:33.826, 2, 80761, 97871, 100, 500.79
2026/10/09 04:20:33.826, 3, 80762, 97871, 100, 507.02
2026/10/09 04:20:34.826, 0, 80762, 97871, 100, 513.25
2026/10/09 04:20:34.826, 1, 80763, 97871, 100, 503.22
2026/10/09 04:20:34.826, 2, 80761, 97871, 100, 497.31
2026/10/09 04:20:34.826, 3, 80762, 97871, 100, 509.38
2026/10/09 04:20:35.826, 0, 80762, 97871, 100, 508.71
2026/10/09 04:20:35.826, 1, 80763, 97871, 100, 495.92
2026/10/09 04:20:35.826, 2, 80761, 97871, 100, 500.51
2026/10/09 04:20:35.826, 3, 80762, 97871, 100, 507.02
2026/10/09 04:20:36.826, 0, 80762, 97871, 100, 513.77
2026/10/09 04:20:36.827, 1, 80763, 97871, 100, 504.39
2026/10/09 04:20:36.827, 2, 80761, 97871, 100, 514.29
2026/10/09 04:20:36.827, 3, 80762, 97871, 100, 506.79
2026/10/09 04:20:37.827, 0, 80762, 97871, 100, 502.29
2026/10/09 04:20:37.827, 1, 80763, 97871, 100, 490.59
2026/10/09 04:20:37.827, 2, 80761, 97871, 100, 507.40
2026/10/09 04:20:37.827, 3, 80762, 97871, 100, 508.62
2026/10/09 04:20:38.827, 0, 80762, 97871, 100, 513.26
2026/10/09 04:20:38.827, 1, 80763, 97871, 100, 503.18
2026/10/09 04:20:38.827, 2, 80761, 97871, 100, 509.59
2026/10/09 04:20:38.827, 3, 80762, 97871, 100, 510.57
2026/10/09 04:20:39.827, 0, 80762, 97871, 100, 512.05
2026/10/09 04:20:39.833, 1, 80763, 97871, 100, 502.32
2026/10/09 04:20:39.833, 2, 80761, 97871, 100, 508.50
2026/10/09 04:20:39.833, 3, 80762, 97871, 100, 508.58
2026/10/09 04:20:40.833, 0, 80762, 97871, 100, 514.71
2026/10/09 04:20:40.833, 1, 80763, 97871, 100, 505.18
2026/10/09 04:20:40.833, 2, 80761, 97871, 100, 504.34
2026/10/09 04:20:40.833, 3, 80762, 97871, 100, 507.14
2026/10/09 04:20:41.833, 0, 80762, 97871, 100, 508.62
2026/10/09 04:20:41.833, 1, 80763, 97871, 100, 501.41
2026/10/09 04:20:41.833, 2, 80761, 97871, 100, 504.02
2026/10/09 04:20:41.833, 3, 80762, 97871, 100, 508.70
2026/10/09 04:20:42.833, 0, 80762, 97871, 100, 523.21
2026/10/09 04:20:42.833, 1, 80763, 97871, 100, 513.72
2026/10/09 04:20:42.833, 2, 80761, 97871, 100, 509.21
2026/10/09 04:20:42.833, 3, 80762, 97871, 100, 516.54
2026/10/09 04:20:43.834, 0, 80762, 97871, 100, 529.47
2026/10/09 04:20:43.834, 1, 80763, 97871, 100, 514.66
2026/10/09 04:20:43.834, 2, 80761, 97871, 100, 518.48
2026/10/09 04:20:43.834, 3, 80762, 97871, 100, 525.66
2026/10/09 04:20:44.834, 0, 80762, 97871, 100, 504.74
2026/10/09 04:20:44.834, 1, 80763, 97871, 100, 494.21
2026/10/09 04:20:44.834, 2, 80761, 97871, 100, 509.35
2026/10/09 04:20:44.834, 3, 80762, 97871, 100, 516.79
2026/10/09 04:20:45.834, 0, 80762, 97871, 100, 502.04
2026/10/09 04:20:45.834, 1, 80763, 97871, 100, 492.70
2026/10/09 04:20:45.834, 2, 80761, 97871, 100, 501.11
2026/10/09 04:20:45.834, 3, 80762, 97871, 100, 507.76
2026/10/09 04:20:46.835, 0, 80762, 97871, 100, 502.64
2026/10/09 04:20:46.835, 1, 80763, 97871, 100, 492.89
2026/10/09 04:20:46.835, 2, 80761, 97871, 100, 500.43
2026/10/09 04:20:46.835, 3, 80762, 97871, 100, 504.61
2026/10/09 04:20:47.835, 0, 80762, 97871, 100, 508.73
2026/10/09 04:20:47.835, 1, 80763, 97871, 100, 493.49
2026/10/09 04:20:47.835, 2, 80761, 97871, 100, 496.39
2026/10/09 04:20:47.835, 3, 80762, 97871, 100, 506.00
2026/10/09 04:20:48.835, 0, 80762, 97871, 100, 500.73
2026/10/09 04:20:48.835, 1, 80763, 97871, 100, 493.42
2026/10/09 04:20:48.835, 2, 80761, 97871, 100, 494.46
2026/10/09 04:20:48.835, 3, 80762, 97871, 100, 506.16
2026/10/09 04:20:49.835, 0, 80762, 97871, 100, 501.84
2026/10/09 04:20:49.841, 1, 80763, 97871, 100, 490.90
2026/10/09 04:20:49.841, 2, 80761, 97871, 100, 497.05
2026/10/09 04:20:49.841, 3, 80762, 97871, 100, 504.81
2026/10/09 04:20:50.841, 0, 80762, 97871, 100, 502.29
2026/10/09 04:20:50.841, 1, 80763, 97871, 100, 497.49
2026/10/09 04:20:50.842, 2, 80761, 97871, 100, 496.96
2026/10/09 04:20:50.842, 3, 80762, 97871, 100, 511.07
2026/10/09 04:20:51.842, 0, 80762, 97871, 100, 503.53
2026/10/09 04:20:51.842, 1, 80763, 97871, 100, 494.32
2026/10/09 04:20:51.842, 2, 80761, 97871, 100, 504.34
2026/10/09 04:20:51.842, 3, 80762, 97871, 100, 509.82
2026/10/09 04:20:52.842, 0, 80762, 97871, 100, 500.95
2026/10/09 04:20:52.842, 1, 80763, 97871, 100, 491.85
2026/10/09 04:20:52.842, 2, 80761, 97871, 100, 496.13
2026/10/09 04:20:52.842, 3, 80762, 97871, 100, 503.35
2026/10/09 04:20:53.842, 0, 80762, 97871, 100, 501.26
2026/10/09 04:20:53.842, 1, 80763, 97871, 100, 492.83
2026/10/09 04:20:53.842, 2, 80761, 97871, 100, 497.72
2026/10/09 04:20:53.842, 3, 80762, 97871, 100, 502.49
2026/10/09 04:20:54.842, 0, 80762, 97871, 100, 502.26
2026/10/09 04:20:54.842, 1, 80763, 97871, 100, 494.26
2026/10/09 04:20:54.842, 2, 80761, 97871, 100, 497.98
2026/10/09 04:20:54.842, 3, 80762, 97871, 100, 505.54
2026/10/09 04:20:55.843, 0, 80762, 97871, 100, 502.57
2026/10/09 04:20:55.843, 1, 80763, 97871, 100, 495.55
2026/10/09 04:20:55.843, 2, 80761, 97871, 100, 500.13
2026/10/09 04:20:55.843, 3, 80762, 97871, 100, 504.36
2026/10/09 04:20:56.843, 0, 80762, 97871, 100, 504.39
2026/10/09 04:20:56.843, 1, 80763, 97871, 100, 493.36
2026/10/09 04:20:56.843, 2, 80761, 97871, 100, 496.62
2026/10/09 04:20:56.843, 3, 80762, 97871, 100, 506.34
2026/10/09 04:20:57.843, 0, 80762, 97871, 100, 500.19
2026/10/09 04:20:57.843, 1, 80763, 97871, 100, 492.42
2026/10/09 04:20:57.843, 2, 80761, 97871, 100, 496.26
2026/10/09 04:20:57.843, 3, 80762, 97871, 100, 506.36
2026/10/09 04:20:58.843, 0, 80762, 97871, 100, 504.61
2026/10/09 04:20:58.843, 1, 80763, 97871, 100, 489.49
2026/10/09 04:20:58.843, 2, 80761, 97871, 100, 500.27
2026/10/09 04:20:58.843, 3, 80762, 97871, 100, 505.81
2026/10/09 04:20:59.844, 0, 80762, 97871, 100, 502.77
2026/10/09 04:20:59.849, 1, 80763, 97871, 100, 492.27
2026/10/09 04:20:59.849, 2, 80761, 97871, 100, 498.73
2026/10/09 04:20:59.849, 3, 80762, 97871, 100, 502.72
2026/10/09 04:21:00.849, 0, 80762, 97871, 100, 503.18
2026/10/09 04:21:00.849, 1, 80763, 97871, 100, 493.18
2026/10/09 04:21:00.849, 2, 80761, 97871, 100, 504.79
2026/10/09 04:21:00.849, 3, 80762, 97871, 100, 509.41
2026/10/09 04:21:01.849, 0, 80762, 97871, 100, 503.03
2026/10/09 04:21:01.849, 1, 80763, 97871, 100, 492.42
2026/10/09 04:21:01.849, 2, 80761, 97871, 100, 500.70
2026/10/09 04:21:01.850, 3, 80762, 97871, 100, 503.53
2026/10/09 04:21:02.850, 0, 80762, 97871, 100, 502.12
2026/10/09 04:21:02.850, 1, 80763, 97871, 100, 492.56
2026/10/09 04:21:02.850, 2, 80761, 97871, 100, 498.05
2026/10/09 04:21:02.850, 3, 80762, 97871, 100, 507.56
2026/10/09 04:21:03.850, 0, 80762, 97871, 100, 502.20
2026/10/09 04:21:03.850, 1, 80763, 97871, 100, 492.23
2026/10/09 04:21:03.850, 2, 80761, 97871, 100, 494.66
2026/10/09 04:21:03.850, 3, 80762, 97871, 100, 502.32
2026/10/09 04:21:04.850, 0, 80762, 97871, 100, 503.51
2026/10/09 04:21:04.850, 1, 80763, 97871, 100, 495.29
2026/10/09 04:21:04.850, 2, 80761, 97871, 100, 493.72
2026/10/09 04:21:04.850, 3, 80762, 97871, 100, 501.92
2026/10/09 04:21:05.850, 0, 80762, 97871, 100, 502.75
2026/10/09 04:21:05.850, 1, 80763, 97871, 100, 489.55
2026/10/09 04:21:05.850, 2, 80761, 97871, 100, 496.15
2026/10/09 04:21:05.850, 3, 80762, 97871, 100, 504.41
2026/10/09 04:21:06.851, 0, 80762, 97871, 100, 502.52
2026/10/09 04:21:06.851, 1, 80763, 97871, 100, 492.23
2026/10/09 04:21:06.851, 2, 80761, 97871, 100, 499.16
2026/10/09 04:21:06.851, 3, 80762, 97871, 100, 507.66
2026/10/09 04:21:07.851, 0, 80762, 97871, 100, 502.83
2026/10/09 04:21:07.851, 1, 80763, 97871, 100, 493.85
2026/10/09 04:21:07.851, 2, 80761, 97871, 100, 495.06
2026/10/09 04:21:07.851, 3, 80762, 97871, 100, 505.46
2026/10/09 04:21:08.851, 0, 80762, 97871, 100, 503.38
2026/10/09 04:21:08.851, 1, 80763, 97871, 100, 494.40
2026/10/09 04:21:08.851, 2, 80761, 97871, 100, 499.06
2026/10/09 04:21:08.851, 3, 80762, 97871, 100, 501.28
2026/10/09 04:21:09.851, 0, 80762, 97871, 100, 501.64
2026/10/09 04:21:09.858, 1, 80763, 97871, 100, 494.25
2026/10/09 04:21:09.858, 2, 80761, 97871, 100, 499.48
2026/10/09 04:21:09.858, 3, 80762, 97871, 100, 504.50
2026/10/09 04:21:10.859, 0, 80762, 97871, 100, 500.13
2026/10/09 04:21:10.859, 1, 80763, 97871, 100, 494.08
2026/10/09 04:21:10.859, 2, 80761, 97871, 100, 498.18
2026/10/09 04:21:10.859, 3, 80762, 97871, 100, 507.88
2026/10/09 04:21:11.859, 0, 80762, 97871, 100, 501.10
2026/10/09 04:21:11.859, 1, 80763, 97871, 100, 494.48
2026/10/09 04:21:11.859, 2, 80761, 97871, 100, 498.18
2026/10/09 04:21:11.859, 3, 80762, 97871, 100, 505.12
2026/10/09 04:21:12.859, 0, 80762, 97871, 100, 504.44
2026/10/09 04:21:12.859, 1, 80763, 97871, 100, 491.71
2026/10/09 04:21:12.859, 2, 80761, 97871, 100, 499.87
2026/10/09 04:21:12.859, 3, 80762, 97871, 100, 503.95
2026/10/09 04:21:13.859, 0, 80762, 97871, 100, 501.45
2026/10/09 04:21:13.859, 1, 80763, 97871, 100, 496.11
2026/10/09 04:21:13.859, 2, 80761, 97871, 100, 497.12
2026/10/09 04:21:13.859, 3, 80762, 97871, 100, 502.55
2026/10/09 04:21:14.859, 0, 80762, 97871, 100, 501.12
2026/10/09 04:21:14.860, 1, 80763, 97871, 100, 491.20
2026/10/09 04:21:14.860, 2, 80761, 97871, 100, 499.25
2026/10/09 04:21:14.860, 3, 80762, 97871, 100, 502.41
2026/10/09 04:21:15.860, 0, 80762, 97871, 100, 499.16
2026/10/09 04:21:15.860, 1, 80763, 97871, 100, 489.50
2026/10/09 04:21:15.860, 2, 80761, 97871, 100, 496.40
2026/10/09 04:21:15.860, 3, 80762, 97871, 100, 504.90
2026/10/09 04:21:16.860, 0, 80762, 97871, 100, 504.71
2026/10/09 04:21:16.860, 1, 80763, 97871, 100, 493.23
2026/10/09 04:21:16.860, 2, 80761, 97871, 100, 496.65
2026/10/09 04:21:16.860, 3, 80762, 97871, 100, 506.90
2026/10/09 04:21:17.860, 0, 80762, 97871, 100, 504.25
2026/10/09 04:21:17.860, 1, 80763, 97871, 100, 496.67
2026/10/09 04:21:17.860, 2, 80761, 97871, 100, 500.81
2026/10/09 04:21:17.860, 3, 80762, 97871, 100, 505.78
2026/10/09 04:21:18.860, 0, 80762, 97871, 100, 503.43
2026/10/09 04:21:18.860, 1, 80763, 97871, 100, 495.60
2026/10/09 04:21:18.861, 2, 80761, 97871, 100, 498.81
2026/10/09 04:21:18.861, 3, 80762, 97871, 100, 508.54
2026/10/09 04:21:19.861, 0, 80762, 97871, 100, 503.35
2026/10/09 04:21:19.865, 1, 80763, 97871, 100, 488.76
2026/10/09 04:21:19.865, 2, 80761, 97871, 100, 496.55
2026/10/09 04:21:19.865, 3, 80762, 97871, 100, 499.67
2026/10/09 04:21:20.865, 0, 80762, 97871, 100, 503.81
2026/10/09 04:21:20.865, 1, 80763, 97871, 100, 489.50
2026/10/09 04:21:20.865, 2, 80761, 97871, 100, 492.81
2026/10/09 04:21:20.865, 3, 80762, 97871, 100, 503.09
2026/10/09 04:21:21.865, 0, 80762, 97871, 100, 497.67
2026/10/09 04:21:21.865, 1, 80763, 97871, 100, 489.64
2026/10/09 04:21:21.865, 2, 80761, 97871, 100, 496.03
2026/10/09 04:21:21.865, 3, 80762, 97871, 100, 507.36
2026/10/09 04:21:22.866, 0, 80762, 97871, 100, 505.36
2026/10/09 04:21:22.866, 1, 80763, 97871, 100, 496.93
2026/10/09 04:21:22.866, 2, 80761, 97871, 100, 498.25
2026/10/09 04:21:22.866, 3, 80762, 97871, 100, 506.91
2026/10/09 04:21:23.866, 0, 80762, 97871, 100, 502.68
2026/10/09 04:21:23.866, 1, 80763, 97871, 100, 493.84
2026/10/09 04:21:23.866, 2, 80761, 97871, 100, 494.50
2026/10/09 04:21:23.866, 3, 80762, 97871, 100, 501.42
2026/10/09 04:21:24.866, 0, 80762, 97871, 100, 504.56
2026/10/09 04:21:24.866, 1, 80763, 97871, 100, 495.07
2026/10/09 04:21:24.866, 2, 80761, 97871, 100, 497.08
2026/10/09 04:21:24.866, 3, 80762, 97871, 100, 503.85
2026/10/09 04:21:25.866, 0, 80762, 97871, 100, 504.12
2026/10/09 04:21:25.866, 1, 80763, 97871, 100, 493.59
2026/10/09 04:21:25.866, 2, 80761, 97871, 100, 492.63
2026/10/09 04:21:25.866, 3, 80762, 97871, 100, 503.09
2026/10/09 04:21:26.867, 0, 80762, 97871, 100, 508.63
2026/10/09 04:21:26.867, 1, 80763, 97871, 100, 496.80
2026/10/09 04:21:26.867, 2, 80761, 97871, 100, 497.59
2026/10/09 04:21:26.867, 3, 80762, 97871, 100, 502.40
2026/10/09 04:21:27.867, 0, 80762, 97871, 100, 501.17
2026/10/09 04:21:27.867, 1, 80763, 97871, 100, 492.67
2026/10/09 04:21:27.867, 2, 80761, 97871, 100, 497.82
2026/10/09 04:21:27.867, 3, 80762, 97871, 100, 503.62
2026/10/09 04:21:28.867, 0, 80762, 97871, 100, 499.74
2026/10/09 04:21:28.867, 1, 80763, 97871, 100, 491.58
2026/10/09 04:21:28.867, 2, 80761, 97871, 100, 503.33
2026/10/09 04:21:28.867, 3, 80762, 97871, 100, 505.75
2026/10/09 04:21:29.867, 0, 80762, 97871, 100, 502.83
2026/10/09 04:21:29.871, 1, 80763, 97871, 100, 490.65
2026/10/09 04:21:29.871, 2, 80761, 97871, 100, 497.28
2026/10/09 04:21:29.871, 3, 80762, 97871, 100, 505.52
2026/10/09 04:21:30.871, 0, 80762, 97871, 100, 501.22
2026/10/09 04:21:30.871, 1, 80763, 97871, 100, 491.33
2026/10/09 04:21:30.872, 2, 80761, 97871, 100, 494.23
2026/10/09 04:21:30.872, 3, 80762, 97871, 100, 503.95
2026/10/09 04:21:31.872, 0, 80762, 97871, 100, 502.61
2026/10/09 04:21:31.872, 1, 80763, 97871, 100, 497.34
2026/10/09 04:21:31.872, 2, 80761, 97871, 100, 497.81
2026/10/09 04:21:31.872, 3, 80762, 97871, 100, 503.06
2026/10/09 04:21:32.872, 0, 80762, 97871, 100, 503.65
2026/10/09 04:21:32.872, 1, 80763, 97871, 100, 495.27
2026/10/09 04:21:32.872, 2, 80761, 97871, 100, 498.72
2026/10/09 04:21:32.872, 3, 80762, 97871, 100, 506.15
2026/10/09 04:21:33.872, 0, 80762, 97871, 100, 504.70
2026/10/09 04:21:33.872, 1, 80763, 97871, 100, 494.26
2026/10/09 04:21:33.872, 2, 80761, 97871, 100, 496.56
2026/10/09 04:21:33.872, 3, 80762, 97871, 100, 502.91
2026/10/09 04:21:34.872, 0, 80762, 97871, 100, 500.59
2026/10/09 04:21:34.872, 1, 80763, 97871, 100, 489.54
2026/10/09 04:21:34.872, 2, 80761, 97871, 100, 500.43
2026/10/09 04:21:34.872, 3, 80762, 97871, 100, 506.33
2026/10/09 04:21:35.873, 0, 80762, 97871, 100, 504.68
2026/10/09 04:21:35.873, 1, 80763, 97871, 100, 490.53
2026/10/09 04:21:35.873, 2, 80761, 97871, 100, 498.54
2026/10/09 04:21:35.873, 3, 80762, 97871, 100, 505.28
2026/10/09 04:21:36.873, 0, 80762, 97871, 100, 501.50
2026/10/09 04:21:36.873, 1, 80763, 97871, 100, 494.64
2026/10/09 04:21:36.873, 2, 80761, 97871, 100, 498.04
2026/10/09 04:21:36.873, 3, 80762, 97871, 100, 504.96
2026/10/09 04:21:37.873, 0, 80762, 97871, 100, 505.59
2026/10/09 04:21:37.873, 1, 80763, 97871, 100, 493.87
2026/10/09 04:21:37.873, 2, 80761, 97871, 100, 496.80
2026/10/09 04:21:37.873, 3, 80762, 97871, 100, 505.42
2026/10/09 04:21:38.873, 0, 80762, 97871, 100, 505.89
2026/10/09 04:21:38.873, 1, 80763, 97871, 100, 491.34
2026/10/09 04:21:38.873, 2, 80761, 97871, 100, 502.59
2026/10/09 04:21:38.873, 3, 80762, 97871, 100, 508.11
2026/10/09 04:21:39.874, 0, 80762, 97871, 100, 500.19
2026/10/09 04:21:39.879, 1, 80763, 97871, 100, 490.95
2026/10/09 04:21:39.879, 2, 80761, 97871, 100, 496.42
2026/10/09 04:21:39.879, 3, 80762, 97871, 100, 503.64
2026/10/09 04:21:40.879, 0, 80762, 97871, 100, 503.45
2026/10/09 04:21:40.879, 1, 80763, 97871, 100, 493.93
2026/10/09 04:21:40.879, 2, 80761, 97871, 100, 496.77
2026/10/09 04:21:40.879, 3, 80762, 97871, 100, 501.63
2026/10/09 04:21:41.879, 0, 80762, 97871, 100, 504.05
2026/10/09 04:21:41.879, 1, 80763, 97871, 100, 493.21
2026/10/09 04:21:41.879, 2, 80761, 97871, 100, 502.70
2026/10/09 04:21:41.879, 3, 80762, 97871, 100, 502.74
2026/10/09 04:21:42.879, 0, 80762, 97871, 100, 503.23
2026/10/09 04:21:42.879, 1, 80763, 97871, 100, 493.32
2026/10/09 04:21:42.880, 2, 80761, 97871, 100, 498.91
2026/10/09 04:21:42.880, 3, 80762, 97871, 100, 505.86
2026/10/09 04:21:43.880, 0, 80762, 97871, 100, 502.87
2026/10/09 04:21:43.880, 1, 80763, 97871, 100, 493.45
2026/10/09 04:21:43.880, 2, 80761, 97871, 100, 498.12
2026/10/09 04:21:43.880, 3, 80762, 97871, 100, 502.08
2026/10/09 04:21:44.880, 0, 80762, 97871, 100, 500.21
2026/10/09 04:21:44.880, 1, 80763, 97871, 100, 491.39
2026/10/09 04:21:44.880, 2, 80761, 97871, 100, 498.52
2026/10/09 04:21:44.880, 3, 80762, 97871, 100, 501.81
2026/10/09 04:21:45.880, 0, 80762, 97871, 100, 501.45
2026/10/09 04:21:45.880, 1, 80763, 97871, 100, 493.06
2026/10/09 04:21:45.880, 2, 80761, 97871, 100, 498.21
2026/10/09 04:21:45.880, 3, 80762, 97871, 100, 504.24
2026/10/09 04:21:46.880, 0, 80762, 97871, 100, 505.91
2026/10/09 04:21:46.880, 1, 80763, 97871, 100, 494.96
2026/10/09 04:21:46.880, 2, 80761, 97871, 100, 493.70
2026/10/09 04:21:46.881, 3, 80762, 97871, 100, 502.62
2026/10/09 04:21:47.881, 0, 80762, 97871, 100, 503.01
2026/10/09 04:21:47.881, 1, 80763, 97871, 100, 491.93
2026/10/09 04:21:47.881, 2, 80761, 97871, 100, 497.29
2026/10/09 04:21:47.881, 3, 80762, 97871, 100, 502.96
2026/10/09 04:21:48.881, 0, 80762, 97871, 100, 498.23
2026/10/09 04:21:48.881, 1, 80763, 97871, 100, 490.18
2026/10/09 04:21:48.881, 2, 80761, 97871, 100, 494.33
2026/10/09 04:21:48.881, 3, 80762, 97871, 100, 502.63
2026/10/09 04:21:49.881, 0, 80762, 97871, 100, 500.79
2026/10/09 04:21:49.885, 1, 80763, 97871, 100, 492.34
2026/10/09 04:21:49.885, 2, 80761, 97871, 100, 499.07
2026/10/09 04:21:49.885, 3, 80762, 97871, 100, 503.38
2026/10/09 04:21:50.885, 0, 80762, 97871, 100, 499.32
2026/10/09 04:21:50.885, 1, 80763, 97871, 100, 494.95
2026/10/09 04:21:50.886, 2, 80761, 97871, 100, 497.44
2026/10/09 04:21:50.886, 3, 80762, 97871, 100, 505.49
2026/10/09 04:21:51.886, 0, 80762, 97871, 100, 502.80
2026/10/09 04:21:51.886, 1, 80763, 97871, 100, 494.56
2026/10/09 04:21:51.886, 2, 80761, 97871, 100, 498.95
2026/10/09 04:21:51.886, 3, 80762, 97871, 100, 506.95
2026/10/09 04:21:52.886, 0, 80762, 97871, 100, 504.15
2026/10/09 04:21:52.886, 1, 80763, 97871, 100, 490.80
2026/10/09 04:21:52.886, 2, 80761, 97871, 100, 499.64
2026/10/09 04:21:52.886, 3, 80762, 97871, 100, 502.35
2026/10/09 04:21:53.886, 0, 80762, 97871, 100, 503.38
2026/10/09 04:21:53.886, 1, 80763, 97871, 100, 491.34
2026/10/09 04:21:53.886, 2, 80761, 97871, 100, 496.88
2026/10/09 04:21:53.886, 3, 80762, 97871, 100, 506.58
2026/10/09 04:21:54.886, 0, 80762, 97871, 100, 504.06
2026/10/09 04:21:54.886, 1, 80763, 97871, 100, 493.78
2026/10/09 04:21:54.886, 2, 80761, 97871, 100, 498.92
2026/10/09 04:21:54.887, 3, 80762, 97871, 100, 508.80
2026/10/09 04:21:55.887, 0, 80762, 97871, 100, 500.08
2026/10/09 04:21:55.887, 1, 80763, 97871, 100, 488.97
2026/10/09 04:21:55.887, 2, 80761, 97871, 100, 496.93
2026/10/09 04:21:55.887, 3, 80762, 97871, 100, 501.22
2026/10/09 04:21:56.887, 0, 80762, 97871, 100, 500.80
2026/10/09 04:21:56.887, 1, 80763, 97871, 100, 494.85
2026/10/09 04:21:56.887, 2, 80761, 97871, 100, 499.25
2026/10/09 04:21:56.887, 3, 80762, 97871, 100, 503.29
2026/10/09 04:21:57.887, 0, 80762, 97871, 100, 503.08
2026/10/09 04:21:57.887, 1, 80763, 97871, 100, 491.92
2026/10/09 04:21:57.887, 2, 80761, 97871, 100, 497.64
2026/10/09 04:21:57.887, 3, 80762, 97871, 100, 502.55
2026/10/09 04:21:58.887, 0, 80762, 97871, 100, 504.20
2026/10/09 04:21:58.887, 1, 80763, 97871, 100, 490.82
2026/10/09 04:21:58.887, 2, 80761, 97871, 100, 499.01
2026/10/09 04:21:58.888, 3, 80762, 97871, 100, 499.69
2026/10/09 04:21:59.888, 0, 80762, 97871, 100, 501.67
2026/10/09 04:21:59.903, 1, 80763, 97871, 100, 495.02
2026/10/09 04:21:59.903, 2, 80761, 97871, 100, 494.98
2026/10/09 04:21:59.903, 3, 80762, 97871, 100, 505.61
2026/10/09 04:22:00.903, 0, 80762, 97871, 100, 501.50
2026/10/09 04:22:00.903, 1, 80763, 97871, 100, 493.65
2026/10/09 04:22:00.903, 2, 80761, 97871, 100, 498.82
2026/10/09 04:22:00.903, 3, 80762, 97871, 100, 504.81
2026/10/09 04:22:01.903, 0, 80762, 97871, 100, 501.45
2026/10/09 04:22:01.904, 1, 80763, 97871, 100, 492.67
2026/10/09 04:22:01.904, 2, 80761, 97871, 100, 497.09
2026/10/09 04:22:01.904, 3, 80762, 97871, 100, 502.74
2026/10/09 04:22:02.904, 0, 80762, 97871, 100, 502.68
2026/10/09 04:22:02.904, 1, 80763, 97871, 100, 495.05
2026/10/09 04:22:02.904, 2, 80761, 97871, 100, 498.26
2026/10/09 04:22:02.904, 3, 80762, 97871, 100, 508.06
2026/10/09 04:22:03.904, 0, 80762, 97871, 100, 500.09
2026/10/09 04:22:03.904, 1, 80763, 97871, 100, 492.11
2026/10/09 04:22:03.904, 2, 80761, 97871, 100, 497.03
2026/10/09 04:22:03.904, 3, 80762, 97871, 100, 503.93
2026/10/09 04:22:04.904, 0, 80762, 97871, 100, 503.71
2026/10/09 04:22:04.904, 1, 80763, 97871, 100, 491.07
2026/10/09 04:22:04.904, 2, 80761, 97871, 100, 499.32
2026/10/09 04:22:04.904, 3, 80762, 97871, 100, 504.90
2026/10/09 04:22:05.904, 0, 80762, 97871, 100, 504.09
2026/10/09 04:22:05.904, 1, 80763, 97871, 100, 494.90
2026/10/09 04:22:05.904, 2, 80761, 97871, 100, 496.71
2026/10/09 04:22:05.905, 3, 80762, 97871, 100, 506.13
2026/10/09 04:22:06.905, 0, 80762, 97871, 100, 506.78
2026/10/09 04:22:06.905, 1, 80763, 97871, 100, 492.99
2026/10/09 04:22:06.905, 2, 80761, 97871, 100, 496.27
2026/10/09 04:22:06.905, 3, 80762, 97871, 100, 506.75
2026/10/09 04:22:07.905, 0, 80762, 97871, 100, 501.12
2026/10/09 04:22:07.905, 1, 80763, 97871, 100, 488.79
2026/10/09 04:22:07.905, 2, 80761, 97871, 100, 498.27
2026/10/09 04:22:07.905, 3, 80762, 97871, 100, 507.30
2026/10/09 04:22:08.905, 0, 80762, 97871, 100, 502.34
2026/10/09 04:22:08.905, 1, 80763, 97871, 100, 495.16
2026/10/09 04:22:08.905, 2, 80761, 97871, 100, 498.58
2026/10/09 04:22:08.905, 3, 80762, 97871, 100, 503.52
2026/10/09 04:22:09.905, 0, 80762, 97871, 100, 504.44
2026/10/09 04:22:09.910, 1, 80763, 97871, 100, 493.26
2026/10/09 04:22:09.910, 2, 80761, 97871, 100, 498.07
2026/10/09 04:22:09.910, 3, 80762, 97871, 100, 504.16
2026/10/09 04:22:10.910, 0, 80762, 97871, 100, 504.77
2026/10/09 04:22:10.910, 1, 80763, 97871, 100, 493.63
2026/10/09 04:22:10.910, 2, 80761, 97871, 100, 496.89
2026/10/09 04:22:10.910, 3, 80762, 97871, 100, 501.48
2026/10/09 04:22:11.910, 0, 80762, 97871, 100, 503.98
2026/10/09 04:22:11.910, 1, 80763, 97871, 100, 490.53
2026/10/09 04:22:11.910, 2, 80761, 97871, 100, 491.76
2026/10/09 04:22:11.910, 3, 80762, 97871, 100, 502.08
2026/10/09 04:22:12.911, 0, 80762, 97871, 100, 500.66
2026/10/09 04:22:12.911, 1, 80763, 97871, 100, 493.03
2026/10/09 04:22:12.911, 2, 80761, 97871, 100, 496.39
2026/10/09 04:22:12.911, 3, 80762, 97871, 100, 505.59
2026/10/09 04:22:13.911, 0, 80762, 97871, 100, 505.15
2026/10/09 04:22:13.911, 1, 80763, 97871, 100, 494.91
2026/10/09 04:22:13.911, 2, 80761, 97871, 100, 496.19
2026/10/09 04:22:13.911, 3, 80762, 97871, 100, 503.29
2026/10/09 04:22:14.911, 0, 80762, 97871, 100, 505.14
2026/10/09 04:22:14.911, 1, 80763, 97871, 100, 492.20
2026/10/09 04:22:14.911, 2, 80761, 97871, 100, 497.31
2026/10/09 04:22:14.911, 3, 80762, 97871, 100, 505.62
2026/10/09 04:22:15.911, 0, 80762, 97871, 100, 503.00
2026/10/09 04:22:15.911, 1, 80763, 97871, 100, 491.00
2026/10/09 04:22:15.911, 2, 80761, 97871, 100, 498.25
2026/10/09 04:22:15.911, 3, 80762, 97871, 100, 504.01
2026/10/09 04:22:16.912, 0, 80762, 97871, 100, 501.79
2026/10/09 04:22:16.912, 1, 80763, 97871, 100, 490.99
2026/10/09 04:22:16.912, 2, 80761, 97871, 100, 500.00
2026/10/09 04:22:16.912, 3, 80762, 97871, 100, 503.80
2026/10/09 04:22:17.912, 0, 80762, 97871, 100, 505.49
2026/10/09 04:22:17.912, 1, 80763, 97871, 100, 493.58
2026/10/09 04:22:17.912, 2, 80761, 97871, 100, 499.92
2026/10/09 04:22:17.912, 3, 80762, 97871, 100, 507.31
2026/10/09 04:22:18.912, 0, 80762, 97871, 100, 501.45
2026/10/09 04:22:18.912, 1, 80763, 97871, 100, 488.21
2026/10/09 04:22:18.912, 2, 80761, 97871, 100, 496.07
2026/10/09 04:22:18.912, 3, 80762, 97871, 100, 505.22
2026/10/09 04:22:19.912, 0, 80762, 97871, 100, 506.25
2026/10/09 04:22:19.918, 1, 80763, 97871, 100, 491.95
2026/10/09 04:22:19.918, 2, 80761, 97871, 100, 498.52
2026/10/09 04:22:19.918, 3, 80762, 97871, 100, 506.77
2026/10/09 04:22:20.918, 0, 80762, 97871, 100, 501.04
2026/10/09 04:22:20.919, 1, 80763, 97871, 100, 491.59
2026/10/09 04:22:20.919, 2, 80761, 97871, 100, 501.29
2026/10/09 04:22:20.919, 3, 80762, 97871, 100, 504.24
2026/10/09 04:22:21.919, 0, 80762, 97871, 100, 505.06
2026/10/09 04:22:21.919, 1, 80763, 97871, 100, 492.67
2026/10/09 04:22:21.919, 2, 80761, 97871, 100, 497.33
2026/10/09 04:22:21.919, 3, 80762, 97871, 100, 505.83
2026/10/09 04:22:22.919, 0, 80762, 97871, 100, 502.79
2026/10/09 04:22:22.919, 1, 80763, 97871, 100, 491.14
2026/10/09 04:22:22.919, 2, 80761, 97871, 100, 500.10
2026/10/09 04:22:22.919, 3, 80762, 97871, 100, 503.67
2026/10/09 04:22:23.919, 0, 80762, 97871, 100, 501.10
2026/10/09 04:22:23.919, 1, 80763, 97871, 100, 494.72
2026/10/09 04:22:23.919, 2, 80761, 97871, 100, 498.54
2026/10/09 04:22:23.919, 3, 80762, 97871, 100, 503.05
2026/10/09 04:22:24.919, 0, 80762, 97871, 100, 505.15
2026/10/09 04:22:24.920, 1, 80763, 97871, 100, 494.23
2026/10/09 04:22:24.920, 2, 80761, 97871, 100, 492.04
2026/10/09 04:22:24.920, 3, 80762, 97871, 100, 502.66
2026/10/09 04:22:25.920, 0, 80762, 97871, 100, 502.77
2026/10/09 04:22:25.920, 1, 80763, 97871, 100, 489.62
2026/10/09 04:22:25.920, 2, 80761, 97871, 100, 498.71
2026/10/09 04:22:25.920, 3, 80762, 97871, 100, 503.32
2026/10/09 04:22:26.920, 0, 80762, 97871, 100, 502.71
2026/10/09 04:22:26.920, 1, 80763, 97871, 100, 491.98
2026/10/09 04:22:26.920, 2, 80761, 97871, 100, 495.89
2026/10/09 04:22:26.920, 3, 80762, 97871, 100, 504.97
2026/10/09 04:22:27.920, 0, 80762, 97871, 100, 502.68
2026/10/09 04:22:27.920, 1, 80763, 97871, 100, 487.41
2026/10/09 04:22:27.920, 2, 80761, 97871, 100, 495.05
2026/10/09 04:22:27.920, 3, 80762, 97871, 100, 502.86
2026/10/09 04:22:28.920, 0, 80762, 97871, 100, 503.60
2026/10/09 04:22:28.921, 1, 80763, 97871, 100, 494.71
2026/10/09 04:22:28.921, 2, 80761, 97871, 100, 496.95
2026/10/09 04:22:28.921, 3, 80762, 97871, 100, 503.45
2026/10/09 04:22:29.921, 0, 80762, 97871, 100, 501.98
2026/10/09 04:22:29.925, 1, 80763, 97871, 100, 491.54
2026/10/09 04:22:29.925, 2, 80761, 97871, 100, 499.21
2026/10/09 04:22:29.925, 3, 80762, 97871, 100, 502.90
2026/10/09 04:22:30.925, 0, 80762, 97871, 100, 504.94
2026/10/09 04:22:30.925, 1, 80763, 97871, 100, 494.36
2026/10/09 04:22:30.925, 2, 80761, 97871, 100, 492.11
2026/10/09 04:22:30.925, 3, 80762, 97871, 100, 503.13
2026/10/09 04:22:31.925, 0, 80762, 97871, 100, 505.22
2026/10/09 04:22:31.925, 1, 80763, 97871, 100, 493.96
2026/10/09 04:22:31.925, 2, 80761, 97871, 100, 496.61
2026/10/09 04:22:31.925, 3, 80762, 97871, 100, 502.47
2026/10/09 04:22:32.926, 0, 80762, 97871, 100, 500.83
2026/10/09 04:22:32.926, 1, 80763, 97871, 100, 489.57
2026/10/09 04:22:32.926, 2, 80761, 97871, 100, 498.95
2026/10/09 04:22:32.926, 3, 80762, 97871, 100, 503.99
2026/10/09 04:22:33.926, 0, 80762, 97871, 100, 506.49
2026/10/09 04:22:33.926, 1, 80763, 97871, 100, 500.16
2026/10/09 04:22:33.926, 2, 80761, 97871, 100, 498.01
2026/10/09 04:22:33.926, 3, 80762, 97871, 100, 506.98
2026/10/09 04:22:34.926, 0, 80762, 97871, 100, 501.46
2026/10/09 04:22:34.926, 1, 80763, 97871, 100, 490.76
2026/10/09 04:22:34.926, 2, 80761, 97871, 100, 499.66
2026/10/09 04:22:34.926, 3, 80762, 97871, 100, 506.61
2026/10/09 04:22:35.926, 0, 80762, 97871, 100, 502.52
2026/10/09 04:22:35.926, 1, 80763, 97871, 100, 490.85
2026/10/09 04:22:35.926, 2, 80761, 97871, 100, 496.27
2026/10/09 04:22:35.926, 3, 80762, 97871, 100, 503.89
2026/10/09 04:22:36.927, 0, 80762, 97871, 100, 502.21
2026/10/09 04:22:36.927, 1, 80763, 97871, 100, 490.03
2026/10/09 04:22:36.927, 2, 80761, 97871, 100, 496.36
2026/10/09 04:22:36.927, 3, 80762, 97871, 100, 503.74
2026/10/09 04:22:37.927, 0, 80762, 97871, 100, 500.29
2026/10/09 04:22:37.927, 1, 80763, 97871, 100, 490.89
2026/10/09 04:22:37.927, 2, 80761, 97871, 100, 500.56
2026/10/09 04:22:37.927, 3, 80762, 97871, 100, 509.48
2026/10/09 04:22:38.927, 0, 80762, 97871, 100, 504.44
2026/10/09 04:22:38.927, 1, 80763, 97871, 100, 496.33
2026/10/09 04:22:38.927, 2, 80761, 97871, 100, 495.27
2026/10/09 04:22:38.927, 3, 80762, 97871, 100, 502.34
2026/10/09 04:22:39.927, 0, 80762, 97871, 100, 502.26
2026/10/09 04:22:39.937, 1, 80763, 97871, 100, 491.87
2026/10/09 04:22:39.937, 2, 80761, 97871, 100, 497.22
2026/10/09 04:22:39.937, 3, 80762, 97871, 100, 503.01
2026/10/09 04:22:40.937, 0, 80762, 97871, 100, 500.04
2026/10/09 04:22:40.937, 1, 80763, 97871, 100, 486.95
2026/10/09 04:22:40.937, 2, 80761, 97871, 100, 497.05
2026/10/09 04:22:40.937, 3, 80762, 97871, 100, 502.22
2026/10/09 04:22:41.937, 0, 80762, 97871, 100, 504.75
2026/10/09 04:22:41.937, 1, 80763, 97871, 100, 494.29
2026/10/09 04:22:41.937, 2, 80761, 97871, 100, 493.21
2026/10/09 04:22:41.937, 3, 80762, 97871, 100, 501.48
2026/10/09 04:22:42.937, 0, 80762, 97871, 100, 499.95
2026/10/09 04:22:42.937, 1, 80763, 97871, 100, 492.58
2026/10/09 04:22:42.937, 2, 80761, 97871, 100, 494.61
2026/10/09 04:22:42.937, 3, 80762, 97871, 100, 503.30
2026/10/09 04:22:43.937, 0, 80762, 97871, 100, 503.35
2026/10/09 04:22:43.938, 1, 80763, 97871, 100, 493.14
2026/10/09 04:22:43.938, 2, 80761, 97871, 100, 494.24
2026/10/09 04:22:43.938, 3, 80762, 97871, 100, 506.59
2026/10/09 04:22:44.938, 0, 80762, 97871, 100, 503.66
2026/10/09 04:22:44.938, 1, 80763, 97871, 100, 492.95
2026/10/09 04:22:44.938, 2, 80761, 97871, 100, 497.44
2026/10/09 04:22:44.938, 3, 80762, 97871, 100, 503.99
2026/10/09 04:22:45.938, 0, 80762, 97871, 100, 499.88
2026/10/09 04:22:45.938, 1, 80763, 97871, 100, 490.87
2026/10/09 04:22:45.938, 2, 80761, 97871, 100, 497.30
2026/10/09 04:22:45.938, 3, 80762, 97871, 100, 504.35
2026/10/09 04:22:46.938, 0, 80762, 97871, 100, 502.33
2026/10/09 04:22:46.938, 1, 80763, 97871, 100, 493.27
2026/10/09 04:22:46.939, 2, 80761, 97871, 100, 496.87
2026/10/09 04:22:46.939, 3, 80762, 97871, 100, 501.92
2026/10/09 04:22:47.939, 0, 80762, 97871, 100, 500.16
2026/10/09 04:22:47.939, 1, 80763, 97871, 100, 492.03
2026/10/09 04:22:47.939, 2, 80761, 97871, 100, 497.93
2026/10/09 04:22:47.939, 3, 80762, 97871, 100, 506.40
2026/10/09 04:22:48.939, 0, 80762, 97871, 100, 500.83
2026/10/09 04:22:48.939, 1, 80763, 97871, 100, 491.34
2026/10/09 04:22:48.939, 2, 80761, 97871, 100, 500.39
2026/10/09 04:22:48.939, 3, 80762, 97871, 100, 509.45
2026/10/09 04:22:49.939, 0, 80762, 97871, 100, 506.05
2026/10/09 04:22:49.943, 1, 80763, 97871, 100, 492.88
2026/10/09 04:22:49.943, 2, 80761, 97871, 100, 493.20
2026/10/09 04:22:49.943, 3, 80762, 97871, 100, 503.46
2026/10/09 04:22:50.943, 0, 80762, 97871, 100, 505.44
2026/10/09 04:22:50.944, 1, 80763, 97871, 100, 491.08
2026/10/09 04:22:50.944, 2, 80761, 97871, 100, 496.80
2026/10/09 04:22:50.944, 3, 80762, 97871, 100, 505.26
2026/10/09 04:22:51.944, 0, 80762, 97871, 100, 501.25
2026/10/09 04:22:51.944, 1, 80763, 97871, 100, 490.27
2026/10/09 04:22:51.944, 2, 80761, 97871, 100, 498.61
2026/10/09 04:22:51.944, 3, 80762, 97871, 100, 507.02
2026/10/09 04:22:52.944, 0, 80762, 97871, 100, 501.07
2026/10/09 04:22:52.944, 1, 80763, 97871, 100, 496.68
2026/10/09 04:22:52.944, 2, 80761, 97871, 100, 497.29
2026/10/09 04:22:52.944, 3, 80762, 97871, 100, 503.71
2026/10/09 04:22:53.944, 0, 80762, 97871, 100, 503.57
2026/10/09 04:22:53.944, 1, 80763, 97871, 100, 490.04
2026/10/09 04:22:53.944, 2, 80761, 97871, 100, 498.75
2026/10/09 04:22:53.944, 3, 80762, 97871, 100, 504.63
2026/10/09 04:22:54.944, 0, 80762, 97871, 100, 500.06
2026/10/09 04:22:54.944, 1, 80763, 97871, 100, 491.86
2026/10/09 04:22:54.944, 2, 80761, 97871, 100, 496.16
2026/10/09 04:22:54.945, 3, 80762, 97871, 100, 503.49
2026/10/09 04:22:55.945, 0, 80762, 97871, 100, 517.49
2026/10/09 04:22:55.945, 1, 80763, 97871, 100, 506.05
2026/10/09 04:22:55.945, 2, 80761, 97871, 100, 503.33
2026/10/09 04:22:55.945, 3, 80762, 97871, 100, 505.45
2026/10/09 04:22:56.945, 0, 80762, 97871, 100, 525.83
2026/10/09 04:22:56.945, 1, 80763, 97871, 100, 507.79
2026/10/09 04:22:56.945, 2, 80761, 97871, 100, 516.93
2026/10/09 04:22:56.945, 3, 80762, 97871, 100, 525.52
2026/10/09 04:22:57.945, 0, 80762, 97871, 100, 520.31
2026/10/09 04:22:57.945, 1, 80763, 97871, 100, 501.76
2026/10/09 04:22:57.945, 2, 80761, 97871, 100, 511.96
2026/10/09 04:22:57.945, 3, 80762, 97871, 100, 522.58
2026/10/09 04:22:58.945, 0, 80762, 97871, 100, 456.74
2026/10/09 04:22:58.945, 1, 80763, 97871, 100, 459.04
2026/10/09 04:22:58.945, 2, 80761, 97871, 100, 501.20
2026/10/09 04:22:58.945, 3, 80762, 97871, 100, 513.99
2026/10/09 04:22:59.946, 0, 80762, 97871, 0, 238.90
2026/10/09 04:22:59.952, 1, 80763, 97871, 0, 247.10
2026/10/09 04:22:59.952, 2, 80761, 97871, 100, 366.79
2026/10/09 04:22:59.952, 3, 80762, 97871, 100, 381.93
2026/10/09 04:23:00.952, 0, 80762, 97871, 0, 139.38
2026/10/09 04:23:00.952, 1, 80763, 97871, 0, 143.96
2026/10/09 04:23:00.953, 2, 80761, 97871, 0, 141.78
2026/10/09 04:23:00.953, 3, 80762, 97871, 0, 145.47
2026/10/09 04:23:01.953, 0, 80762, 97871, 0, 139.40
2026/10/09 04:23:01.953, 1, 80763, 97871, 0, 143.79
2026/10/09 04:23:01.953, 2, 80761, 97871, 0, 141.33
2026/10/09 04:23:01.953, 3, 80762, 97871, 0, 145.21
2026/10/09 04:23:02.953, 0, 77464, 97871, 0, 138.94
2026/10/09 04:23:02.953, 1, 77413, 97871, 0, 143.12
2026/10/09 04:23:02.953, 2, 77315, 97871, 0, 140.81
2026/10/09 04:23:02.953, 3, 77316, 97871, 0, 144.81
2026/10/09 04:23:03.954, 0, 77316, 97871, 0, 138.70
2026/10/09 04:23:03.954, 1, 77317, 97871, 0, 143.82
2026/10/09 04:23:03.954, 2, 77315, 97871, 0, 140.13
2026/10/09 04:23:03.954, 3, 77316, 97871, 0, 144.62
2026/10/09 04:23:04.954, 0, 77316, 97871, 0, 138.72
2026/10/09 04:23:04.981, 1, 77317, 97871, 0, 143.45
2026/10/09 04:23:04.981, 2, 77315, 97871, 0, 139.42
2026/10/09 04:23:04.981, 3, 77316, 97871, 0, 144.48
2026/10/09 04:23:05.981, 0, 6, 97871, 0, 141.26
2026/10/09 04:23:06.055, 1, 7, 97871, 0, 144.82
2026/10/09 04:23:06.055, 2, 5, 97871, 0, 142.09
2026/10/09 04:23:06.056, 3, 6, 97871, 0, 147.00
2026/10/09 04:23:07.056, 0, 6, 97871, 0, 142.53
2026/10/09 04:23:07.056, 1, 7, 97871, 0, 145.66
2026/10/09 04:23:07.056, 2, 5, 97871, 0, 143.08
2026/10/09 04:23:07.056, 3, 6, 97871, 0, 148.49
2026/10/09 04:23:08.056, 0, 6, 97871, 0, 111.16
2026/10/09 04:23:08.056, 1, 7, 97871, 0, 126.50
2026/10/09 04:23:08.056, 2, 5, 97871, 0, 100.58
2026/10/09 04:23:08.056, 3, 6, 97871, 0, 133.85
2026/10/09 04:23:09.056, 0, 6, 97871, 0, 93.78
2026/10/09 04:23:09.056, 1, 7, 97871, 0, 94.76
2026/10/09 04:23:09.056, 2, 5, 97871, 0, 90.25
2026/10/09 04:23:09.056, 3, 6, 97871, 0, 97.44
2026/10/09 04:23:10.056, 0, 6, 97871, 0, 93.89
2026/10/09 04:23:10.057, 1, 7, 97871, 0, 94.97
2026/10/09 04:23:10.057, 2, 5, 97871, 0, 90.06
2026/10/09 04:23:10.057, 3, 6, 97871, 0, 97.79
2026/10/09 04:23:11.057, 0, 6, 97871, 0, 93.89
2026/10/09 04:23:11.057, 1, 7, 97871, 0, 95.21
2026/10/09 04:23:11.057, 2, 5, 97871, 0, 90.11
2026/10/09 04:23:11.057, 3, 6, 97871, 0, 97.66
2026/10/09 04:23:12.057, 0, 6, 97871, 0, 93.79
2026/10/09 04:23:12.057, 1, 7, 97871, 0, 95.00
2026/10/09 04:23:12.057, 2, 5, 97871, 0, 90.11
2026/10/09 04:23:12.057, 3, 6, 97871, 0, 97.69
2026/10/09 04:23:13.057, 0, 6, 97871, 0, 93.75
2026/10/09 04:23:13.057, 1, 7, 97871, 0, 94.71
2026/10/09 04:23:13.057, 2, 5, 97871, 0, 90.03
2026/10/09 04:23:13.057, 3, 6, 97871, 0, 97.58
2026/10/09 04:23:14.057, 0, 6, 97871, 0, 93.70
2026/10/09 04:23:14.057, 1, 7, 97871, 0, 94.92
2026/10/09 04:23:14.057, 2, 5, 97871, 0, 89.95
2026/10/09 04:23:14.057, 3, 6, 97871, 0, 97.67
2026/10/09 04:23:15.058, 0, 6, 97871, 0, 93.69
2026/10/09 04:23:15.080, 1, 7, 97871, 0, 94.50
2026/10/09 04:23:15.080, 2, 5, 97871, 0, 89.82
2026/10/09 04:23:15.080, 3, 6, 97871, 0, 97.59
2026/10/09 04:23:16.080, 0, 6, 97871, 0, 93.64
2026/10/09 04:23:16.118, 1, 7, 97871, 0, 94.42
2026/10/09 04:23:16.143, 2, 5, 97871, 0, 89.94
2026/10/09 04:23:16.143, 3, 6, 97871, 0, 97.65
2026/10/09 04:23:17.143, 0, 6, 97871, 0, 93.68
2026/10/09 04:23:17.143, 1, 7, 97871, 0, 94.39
2026/10/09 04:23:17.143, 2, 5, 97871, 0, 89.85
2026/10/09 04:23:17.143, 3, 6, 97871, 0, 97.48
2026/10/09 04:23:18.144, 0, 6, 97871, 0, 93.70
2026/10/09 04:23:18.144, 1, 7, 97871, 0, 94.29
2026/10/09 04:23:18.144, 2, 5, 97871, 0, 89.90
2026/10/09 04:23:18.144, 3, 6, 97871, 0, 97.53
2026/10/09 04:23:19.144, 0, 6, 97871, 0, 93.74
2026/10/09 04:23:19.144, 1, 7, 97871, 0, 94.53
2026/10/09 04:23:19.144, 2, 5, 97871, 0, 89.86
2026/10/09 04:23:19.144, 3, 6, 97871, 0, 97.49
2026/10/09 04:23:20.144, 0, 6, 97871, 0, 93.76
2026/10/09 04:23:20.144, 1, 7, 97871, 0, 94.42
2026/10/09 04:23:20.144, 2, 5, 97871, 0, 89.79
2026/10/09 04:23:20.144, 3, 6, 97871, 0, 97.43
2026/10/09 04:23:21.144, 0, 6, 97871, 0, 93.80
2026/10/09 04:23:21.144, 1, 7, 97871, 0, 94.32
2026/10/09 04:23:21.144, 2, 5, 97871, 0, 89.94
2026/10/09 04:23:21.144, 3, 6, 97871, 0, 97.49
2026/10/09 04:23:22.144, 0, 6, 97871, 0, 93.98
2026/10/09 04:23:22.144, 1, 7, 97871, 0, 94.65
2026/10/09 04:23:22.145, 2, 5, 97871, 0, 90.14
2026/10/09 04:23:22.145, 3, 6, 97871, 0, 97.66
2026/10/09 04:23:23.145, 0, 6, 97871, 0, 93.99
2026/10/09 04:23:23.145, 1, 7, 97871, 0, 94.48
2026/10/09 04:23:23.145, 2, 5, 97871, 0, 90.28
2026/10/09 04:23:23.145, 3, 6, 97871, 0, 97.76
2026/10/09 04:23:24.145, 0, 6, 97871, 0, 93.96
2026/10/09 04:23:24.168, 1, 7, 97871, 0, 94.00
2026/10/09 04:23:24.195, 2, 5, 97871, 0, 90.13
2026/10/09 04:23:24.240, 3, 6, 97871, 0, 97.82
2026/10/09 04:23:25.262, 0, 6, 97871, 0, 94.05
2026/10/09 04:23:25.300, 1, 7, 97871, 0, 94.14
2026/10/09 04:23:25.349, 2, 5, 97871, 0, 90.03
2026/10/09 04:23:25.349, 3, 6, 97871, 0, 97.85
2026/10/09 04:23:26.349, 0, 6, 97871, 0, 94.02
2026/10/09 04:23:26.349, 1, 7, 97871, 0, 94.13
2026/10/09 04:23:26.349, 2, 5, 97871, 0, 90.03
2026/10/09 04:23:26.349, 3, 6, 97871, 0, 97.84
2026/10/09 04:23:27.349, 0, 6, 97871, 0, 93.76
2026/10/09 04:23:27.349, 1, 7, 97871, 0, 93.98
2026/10/09 04:23:27.349, 2, 5, 97871, 0, 89.92
2026/10/09 04:23:27.349, 3, 6, 97871, 0, 97.53
2026/10/09 04:23:28.353, 0, 6, 97871, 0, 93.89
2026/10/09 04:23:28.354, 1, 7, 97871, 0, 94.24
2026/10/09 04:23:28.354, 2, 5, 97871, 0, 90.13
2026/10/09 04:23:28.354, 3, 6, 97871, 0, 97.75
2026/10/09 04:23:29.354, 0, 6, 97871, 0, 93.71
2026/10/09 04:23:29.354, 1, 7, 97871, 0, 94.14
2026/10/09 04:23:29.354, 2, 5, 97871, 0, 89.83
2026/10/09 04:23:29.354, 3, 6, 97871, 0, 97.52
2026/10/09 04:23:30.354, 0, 6, 97871, 0, 93.62
2026/10/09 04:23:30.354, 1, 7, 97871, 0, 93.79
2026/10/09 04:23:30.354, 2, 5, 97871, 0, 89.89
2026/10/09 04:23:30.354, 3, 6, 97871, 0, 97.65
2026/10/09 04:23:31.354, 0, 6, 97871, 0, 93.68
2026/10/09 04:23:31.354, 1, 7, 97871, 0, 94.19
2026/10/09 04:23:31.354, 2, 5, 97871, 0, 90.01
2026/10/09 04:23:31.354, 3, 6, 97871, 0, 97.61
2026/10/09 04:23:32.354, 0, 6, 97871, 0, 93.64
2026/10/09 04:23:32.354, 1, 7, 97871, 0, 93.89
2026/10/09 04:23:32.355, 2, 5, 97871, 0, 89.95
2026/10/09 04:23:32.355, 3, 6, 97871, 0, 97.44
2026/10/09 04:23:33.355, 0, 6, 97871, 0, 93.75
2026/10/09 04:23:33.355, 1, 7, 97871, 0, 93.54
2026/10/09 04:23:33.355, 2, 5, 97871, 0, 89.85
2026/10/09 04:23:33.355, 3, 6, 97871, 0, 97.55
2026/10/09 04:23:34.355, 0, 6, 97871, 0, 93.72
2026/10/09 04:23:34.355, 1, 7, 97871, 0, 93.60
2026/10/09 04:23:34.355, 2, 5, 97871, 0, 89.88
2026/10/09 04:23:34.355, 3, 6, 97871, 0, 97.64
2026/10/09 04:23:35.355, 0, 6, 97871, 0, 93.67
2026/10/09 04:23:35.355, 1, 7, 97871, 0, 93.89
2026/10/09 04:23:35.355, 2, 5, 97871, 0, 89.67
2026/10/09 04:23:35.355, 3, 6, 97871, 0, 97.55
2026/10/09 04:23:36.355, 0, 6, 97871, 0, 93.68
2026/10/09 04:23:36.355, 1, 7, 97871, 0, 93.88
2026/10/09 04:23:36.355, 2, 5, 97871, 0, 89.88
2026/10/09 04:23:36.355, 3, 6, 97871, 0, 97.64
2026/10/09 04:23:37.355, 0, 6, 97871, 0, 93.61
2026/10/09 04:23:37.356, 1, 7, 97871, 0, 93.52
2026/10/09 04:23:37.356, 2, 5, 97871, 0, 89.83
2026/10/09 04:23:37.356, 3, 6, 97871, 0, 97.67
2026/10/09 04:23:38.356, 0, 6, 97871, 0, 93.68
2026/10/09 04:23:38.356, 1, 7, 97871, 0, 93.63
2026/10/09 04:23:38.356, 2, 5, 97871, 0, 89.81
2026/10/09 04:23:38.356, 3, 6, 97871, 0, 97.60
2026/10/09 04:23:39.356, 0, 6, 97871, 0, 94.02
2026/10/09 04:23:39.357, 1, 7, 97871, 0, 93.98
2026/10/09 04:23:39.357, 2, 5, 97871, 0, 90.46
2026/10/09 04:23:39.357, 3, 6, 97871, 0, 97.83
2026/10/09 04:23:40.357, 0, 6, 97871, 0, 93.87
2026/10/09 04:23:40.376, 1, 7, 97871, 0, 93.83
2026/10/09 04:23:40.376, 2, 5, 97871, 0, 90.18
2026/10/09 04:23:40.377, 3, 6, 97871, 0, 97.61
2026/10/09 04:23:41.379, 0, 6, 97871, 0, 93.80
2026/10/09 04:23:41.411, 1, 7, 97871, 0, 93.26
2026/10/09 04:23:41.456, 2, 5, 97871, 0, 89.80
2026/10/09 04:23:41.524, 3, 6, 97871, 0, 97.70
2026/10/09 04:23:42.595, 0, 6, 97871, 0, 93.79
2026/10/09 04:23:42.595, 1, 7, 97871, 0, 93.59
2026/10/09 04:23:42.595, 2, 5, 97871, 0, 90.11
2026/10/09 04:23:42.595, 3, 6, 97871, 0, 97.57
2026/10/09 04:23:43.595, 0, 6, 97871, 0, 93.78
2026/10/09 04:23:43.649, 1, 7, 97871, 0, 93.75
2026/10/09 04:23:43.649, 2, 5, 97871, 0, 90.19
2026/10/09 04:23:43.652, 3, 6, 97871, 0, 97.63
2026/10/09 04:23:44.653, 0, 6, 97871, 0, 93.71
2026/10/09 04:23:44.653, 1, 7, 97871, 0, 94.34
2026/10/09 04:23:44.653, 2, 5, 97871, 0, 90.46
2026/10/09 04:23:44.653, 3, 6, 97871, 0, 97.70
2026/10/09 04:23:45.653, 0, 6, 97871, 0, 93.92
2026/10/09 04:23:45.653, 1, 7, 97871, 0, 94.51
2026/10/09 04:23:45.653, 2, 5, 97871, 0, 90.43
2026/10/09 04:23:45.653, 3, 6, 97871, 0, 97.84
2026/10/09 04:23:46.653, 0, 6, 97871, 0, 93.85
2026/10/09 04:23:46.654, 1, 7, 97871, 0, 94.13
2026/10/09 04:23:46.654, 2, 5, 97871, 0, 90.16
2026/10/09 04:23:46.654, 3, 6, 97871, 0, 97.70
2026/10/09 04:23:47.654, 0, 6, 97871, 0, 93.92
2026/10/09 04:23:47.654, 1, 7, 97871, 0, 94.17
2026/10/09 04:23:47.654, 2, 5, 97871, 0, 90.64
2026/10/09 04:23:47.654, 3, 6, 97871, 0, 97.77
2026/10/09 04:23:48.654, 0, 6, 97871, 0, 93.85
2026/10/09 04:23:48.654, 1, 7, 97871, 0, 94.38
2026/10/09 04:23:48.654, 2, 5, 97871, 0, 90.61
2026/10/09 04:23:48.654, 3, 6, 97871, 0, 97.77
2026/10/09 04:23:49.654, 0, 6, 97871, 0, 93.83
2026/10/09 04:23:49.655, 1, 7, 97871, 0, 94.00
2026/10/09 04:23:49.655, 2, 5, 97871, 0, 90.36
2026/10/09 04:23:49.655, 3, 6, 97871, 0, 97.83
2026/10/09 04:23:50.655, 0, 6, 97871, 0, 93.97
2026/10/09 04:23:50.655, 1, 7, 97871, 0, 94.27
2026/10/09 04:23:50.655, 2, 5, 97871, 0, 90.16
2026/10/09 04:23:50.655, 3, 6, 97871, 0, 97.75
2026/10/09 04:23:51.655, 0, 6, 97871, 0, 93.92
2026/10/09 04:23:51.655, 1, 7, 97871, 0, 94.16
2026/10/09 04:23:51.655, 2, 5, 97871, 0, 90.12
2026/10/09 04:23:51.655, 3, 6, 97871, 0, 97.82
2026/10/09 04:23:52.655, 0, 6, 97871, 0, 93.91
2026/10/09 04:23:52.655, 1, 7, 97871, 0, 94.05
2026/10/09 04:23:52.655, 2, 5, 97871, 0, 90.19
2026/10/09 04:23:52.655, 3, 6, 97871, 0, 97.62
2026/10/09 04:23:53.655, 0, 6, 97871, 0, 93.94
2026/10/09 04:23:53.655, 1, 7, 97871, 0, 94.12
2026/10/09 04:23:53.655, 2, 5, 97871, 0, 90.10
2026/10/09 04:23:53.656, 3, 6, 97871, 0, 97.85
2026/10/09 04:23:54.656, 0, 6, 97871, 0, 93.98
2026/10/09 04:23:54.656, 1, 7, 97871, 0, 94.11
2026/10/09 04:23:54.656, 2, 5, 97871, 0, 90.03
2026/10/09 04:23:54.656, 3, 6, 97871, 0, 97.78
2026/10/09 04:23:55.656, 0, 6, 97871, 0, 93.66
2026/10/09 04:23:55.656, 1, 7, 97871, 0, 94.05
2026/10/09 04:23:55.656, 2, 5, 97871, 0, 89.98
2026/10/09 04:23:55.656, 3, 6, 97871, 0, 97.70
2026/10/09 04:23:56.656, 0, 6, 97871, 0, 93.73
2026/10/09 04:23:56.656, 1, 7, 97871, 0, 94.18
2026/10/09 04:23:56.656, 2, 5, 97871, 0, 90.14
2026/10/09 04:23:56.656, 3, 6, 97871, 0, 97.63
2026/10/09 04:23:57.656, 0, 6, 97871, 0, 93.72
2026/10/09 04:23:57.656, 1, 7, 97871, 0, 94.09
2026/10/09 04:23:57.656, 2, 5, 97871, 0, 90.08
2026/10/09 04:23:57.656, 3, 6, 97871, 0, 97.71
2026/10/09 04:23:58.656, 0, 6, 97871, 0, 93.60
2026/10/09 04:23:58.657, 1, 7, 97871, 0, 93.75
2026/10/09 04:23:58.657, 2, 5, 97871, 0, 89.95
2026/10/09 04:23:58.657, 3, 6, 97871, 0, 97.46
2026/10/09 04:23:59.657, 0, 6, 97871, 0, 93.50
2026/10/09 04:23:59.657, 1, 7, 97871, 0, 93.81
2026/10/09 04:23:59.657, 2, 5, 97871, 0, 89.87
2026/10/09 04:23:59.657, 3, 6, 97871, 0, 97.44
2026/10/09 04:24:00.657, 0, 6, 97871, 0, 93.65
2026/10/09 04:24:00.657, 1, 7, 97871, 0, 93.65
2026/10/09 04:24:00.657, 2, 5, 97871, 0, 89.90
2026/10/09 04:24:00.657, 3, 6, 97871, 0, 97.52
2026/10/09 04:24:01.657, 0, 6, 97871, 0, 93.55
2026/10/09 04:24:01.657, 1, 7, 97871, 0, 93.88
2026/10/09 04:24:01.657, 2, 5, 97871, 0, 89.68
2026/10/09 04:24:01.657, 3, 6, 97871, 0, 97.60
2026/10/09 04:24:02.657, 0, 6, 97871, 0, 93.61
2026/10/09 04:24:02.657, 1, 7, 97871, 0, 93.62
2026/10/09 04:24:02.657, 2, 5, 97871, 0, 89.90
2026/10/09 04:24:02.658, 3, 6, 97871, 0, 97.53
2026/10/09 04:24:03.658, 0, 6, 97871, 0, 93.63
2026/10/09 04:24:03.658, 1, 7, 97871, 0, 93.68
2026/10/09 04:24:03.658, 2, 5, 97871, 0, 89.89
2026/10/09 04:24:03.658, 3, 6, 97871, 0, 97.52
2026/10/09 04:24:04.658, 0, 6, 97871, 0, 93.77
2026/10/09 04:24:04.658, 1, 7, 97871, 0, 93.96
2026/10/09 04:24:04.658, 2, 5, 97871, 0, 90.02
2026/10/09 04:24:04.658, 3, 6, 97871, 0, 97.72
2026/10/09 04:24:05.658, 0, 6, 97871, 0, 93.59
2026/10/09 04:24:05.658, 1, 7, 97871, 0, 93.67
2026/10/09 04:24:05.658, 2, 5, 97871, 0, 89.94
2026/10/09 04:24:05.658, 3, 6, 97871, 0, 97.60
2026/10/09 04:24:06.658, 0, 6, 97871, 0, 93.60
2026/10/09 04:24:06.658, 1, 7, 97871, 0, 93.83
2026/10/09 04:24:06.658, 2, 5, 97871, 0, 89.92
2026/10/09 04:24:06.658, 3, 6, 97871, 0, 97.58
2026/10/09 04:24:07.658, 0, 6, 97871, 0, 93.64
2026/10/09 04:24:07.659, 1, 7, 97871, 0, 93.59
2026/10/09 04:24:07.659, 2, 5, 97871, 0, 90.09
2026/10/09 04:24:07.659, 3, 6, 97871, 0, 97.67
2026/10/09 04:24:08.659, 0, 6, 97871, 0, 93.64
2026/10/09 04:24:08.659, 1, 7, 97871, 0, 93.56
2026/10/09 04:24:08.659, 2, 5, 97871, 0, 90.06
2026/10/09 04:24:08.659, 3, 6, 97871, 0, 97.44
2026/10/09 04:24:09.659, 0, 6, 97871, 0, 93.68
2026/10/09 04:24:09.659, 1, 7, 97871, 0, 93.68
2026/10/09 04:24:09.659, 2, 5, 97871, 0, 90.16
2026/10/09 04:24:09.659, 3, 6, 97871, 0, 97.58
2026/10/09 04:24:10.659, 0, 6, 97871, 0, 93.65
2026/10/09 04:24:10.659, 1, 7, 97871, 0, 93.54
2026/10/09 04:24:10.659, 2, 5, 97871, 0, 90.03
2026/10/09 04:24:10.659, 3, 6, 97871, 0, 97.58
2026/10/09 04:24:11.659, 0, 6, 97871, 0, 93.59
2026/10/09 04:24:11.660, 1, 7, 97871, 0, 93.71
2026/10/09 04:24:11.660, 2, 5, 97871, 0, 90.08
2026/10/09 04:24:11.660, 3, 6, 97871, 0, 97.61
2026/10/09 04:24:12.660, 0, 6, 97871, 0, 93.58
2026/10/09 04:24:12.660, 1, 7, 97871, 0, 93.78
2026/10/09 04:24:12.660, 2, 5, 97871, 0, 90.04
2026/10/09 04:24:12.660, 3, 6, 97871, 0, 97.57
2026/10/09 04:24:13.660, 0, 6, 97871, 0, 93.60
2026/10/09 04:24:13.660, 1, 7, 97871, 0, 93.64
2026/10/09 04:24:13.660, 2, 5, 97871, 0, 90.02
2026/10/09 04:24:13.660, 3, 6, 97871, 0, 97.51
2026/10/09 04:24:14.660, 0, 6, 97871, 0, 93.54
2026/10/09 04:24:14.660, 1, 7, 97871, 0, 93.55
2026/10/09 04:24:14.660, 2, 5, 97871, 0, 90.04
2026/10/09 04:24:14.660, 3, 6, 97871, 0, 97.51
2026/10/09 04:24:15.660, 0, 6, 97871, 0, 93.67
2026/10/09 04:24:15.660, 1, 7, 97871, 0, 93.65
2026/10/09 04:24:15.660, 2, 5, 97871, 0, 90.15
2026/10/09 04:24:15.660, 3, 6, 97871, 0, 97.56
2026/10/09 04:24:16.660, 0, 6, 97871, 0, 93.65
2026/10/09 04:24:16.661, 1, 7, 97871, 0, 93.74
2026/10/09 04:24:16.661, 2, 5, 97871, 0, 90.13
2026/10/09 04:24:16.661, 3, 6, 97871, 0, 97.51
2026/10/09 04:24:17.661, 0, 6, 97871, 0, 93.58
2026/10/09 04:24:17.661, 1, 7, 97871, 0, 93.73
2026/10/09 04:24:17.661, 2, 5, 97871, 0, 89.99
2026/10/09 04:24:17.661, 3, 6, 97871, 0, 97.61
2026/10/09 04:24:18.661, 0, 6, 97871, 0, 93.49
2026/10/09 04:24:18.661, 1, 7, 97871, 0, 93.69
2026/10/09 04:24:18.661, 2, 5, 97871, 0, 89.94
2026/10/09 04:24:18.661, 3, 6, 97871, 0, 97.36
2026/10/09 04:24:19.661, 0, 6, 97871, 0, 93.89
2026/10/09 04:24:19.661, 1, 7, 97871, 0, 93.89
2026/10/09 04:24:19.661, 2, 5, 97871, 0, 90.21
2026/10/09 04:24:19.661, 3, 6, 97871, 0, 97.78
2026/10/09 04:24:20.661, 0, 6, 97871, 0, 93.87
2026/10/09 04:24:20.661, 1, 7, 97871, 0, 93.99
2026/10/09 04:24:20.661, 2, 5, 97871, 0, 90.22
2026/10/09 04:24:20.662, 3, 6, 97871, 0, 97.77
2026/10/09 04:24:21.662, 0, 6, 97871, 0, 93.89
2026/10/09 04:24:21.662, 1, 7, 97871, 0, 93.82
2026/10/09 04:24:21.662, 2, 5, 97871, 0, 90.22
2026/10/09 04:24:21.662, 3, 6, 97871, 0, 97.77
2026/10/09 04:24:22.662, 0, 6, 97871, 0, 93.87
2026/10/09 04:24:22.662, 1, 7, 97871, 0, 93.87
2026/10/09 04:24:22.662, 2, 5, 97871, 0, 90.27
2026/10/09 04:24:22.662, 3, 6, 97871, 0, 97.84
2026/10/09 04:24:23.662, 0, 6, 97871, 0, 93.87
2026/10/09 04:24:23.662, 1, 7, 97871, 0, 94.06
2026/10/09 04:24:23.662, 2, 5, 97871, 0, 90.32
2026/10/09 04:24:23.662, 3, 6, 97871, 0, 97.81
2026/10/09 04:24:24.662, 0, 6, 97871, 0, 93.91
2026/10/09 04:24:24.662, 1, 7, 97871, 0, 93.90
2026/10/09 04:24:24.662, 2, 5, 97871, 0, 90.25
2026/10/09 04:24:24.662, 3, 6, 97871, 0, 97.65
2026/10/09 04:24:25.662, 0, 6, 97871, 0, 93.65
2026/10/09 04:24:25.663, 1, 7, 97871, 0, 93.87
2026/10/09 04:24:25.663, 2, 5, 97871, 0, 90.19
2026/10/09 04:24:25.663, 3, 6, 97871, 0, 97.56
2026/10/09 04:24:26.663, 0, 6, 97871, 0, 93.82
2026/10/09 04:24:26.663, 1, 7, 97871, 0, 93.93
2026/10/09 04:24:26.663, 2, 5, 97871, 0, 90.12
2026/10/09 04:24:26.663, 3, 6, 97871, 0, 97.66
2026/10/09 04:24:27.663, 0, 6, 97871, 0, 93.60
2026/10/09 04:24:27.663, 1, 7, 97871, 0, 93.60
2026/10/09 04:24:27.663, 2, 5, 97871, 0, 90.27
2026/10/09 04:24:27.663, 3, 6, 97871, 0, 97.43
2026/10/09 04:24:28.663, 0, 6, 97871, 0, 93.61
2026/10/09 04:24:28.663, 1, 7, 97871, 0, 93.77
2026/10/09 04:24:28.663, 2, 5, 97871, 0, 90.35
2026/10/09 04:24:28.663, 3, 6, 97871, 0, 97.41
2026/10/09 04:24:29.663, 0, 6, 97871, 0, 93.53
2026/10/09 04:24:29.663, 1, 7, 97871, 0, 93.46
2026/10/09 04:24:29.663, 2, 5, 97871, 0, 90.20
2026/10/09 04:24:29.663, 3, 6, 97871, 0, 97.38
2026/10/09 04:24:30.664, 0, 6, 97871, 0, 93.63
2026/10/09 04:24:30.664, 1, 7, 97871, 0, 93.44
2026/10/09 04:24:30.664, 2, 5, 97871, 0, 90.23
2026/10/09 04:24:30.664, 3, 6, 97871, 0, 97.26
2026/10/09 04:24:31.664, 0, 6, 97871, 0, 93.56
2026/10/09 04:24:31.664, 1, 7, 97871, 0, 93.59
2026/10/09 04:24:31.664, 2, 5, 97871, 0, 90.17
2026/10/09 04:24:31.664, 3, 6, 97871, 0, 97.33
2026/10/09 04:24:32.664, 0, 6, 97871, 0, 93.65
2026/10/09 04:24:32.664, 1, 7, 97871, 0, 93.61
2026/10/09 04:24:32.664, 2, 5, 97871, 0, 90.26
2026/10/09 04:24:32.664, 3, 6, 97871, 0, 97.40
2026/10/09 04:24:33.664, 0, 6, 97871, 0, 93.65
2026/10/09 04:24:33.664, 1, 6, 97871, 0, 93.59
2026/10/09 04:24:33.664, 2, 4, 97871, 0, 90.31
2026/10/09 04:24:33.664, 3, 6, 97871, 0, 97.41
2026/10/09 04:24:34.664, 0, 6, 97871, 0, 93.74
2026/10/09 04:24:34.693, 1, 6, 97871, 0, 93.19
2026/10/09 04:24:34.744, 2, 4, 97871, 0, 90.24
2026/10/09 04:24:34.789, 3, 6, 97871, 0, 97.48
2026/10/09 04:24:35.837, 0, 6, 97871, 0, 93.63
2026/10/09 04:24:35.884, 1, 6, 97871, 0, 92.73
2026/10/09 04:24:35.929, 2, 4, 97871, 0, 90.44
2026/10/09 04:24:35.974, 3, 6, 97871, 0, 97.56
2026/10/09 04:24:37.022, 0, 6, 97871, 0, 93.61
2026/10/09 04:24:37.022, 1, 6, 97871, 0, 93.37
2026/10/09 04:24:37.022, 2, 4, 97871, 0, 90.45
2026/10/09 04:24:37.022, 3, 6, 97871, 0, 97.58
2026/10/09 04:24:38.022, 0, 6, 97871, 0, 93.75
2026/10/09 04:24:38.022, 1, 6, 97871, 0, 93.29
2026/10/09 04:24:38.022, 2, 4, 97871, 0, 90.23
2026/10/09 04:24:38.022, 3, 6, 97871, 0, 97.45
2026/10/09 04:24:39.022, 0, 6, 97871, 0, 93.78
2026/10/09 04:24:39.022, 1, 6, 97871, 0, 94.05
2026/10/09 04:24:39.022, 2, 4, 97871, 0, 90.39
2026/10/09 04:24:39.022, 3, 6, 97871, 0, 97.66
2026/10/09 04:24:40.022, 0, 6, 97871, 0, 93.68
2026/10/09 04:24:40.022, 1, 6, 97871, 0, 93.68
2026/10/09 04:24:40.022, 2, 4, 97871, 0, 90.42
2026/10/09 04:24:40.022, 3, 6, 97871, 0, 97.74
2026/10/09 04:24:41.023, 0, 6, 97871, 0, 93.64
2026/10/09 04:24:41.023, 1, 6, 97871, 0, 93.85
2026/10/09 04:24:41.023, 2, 4, 97871, 0, 90.32
2026/10/09 04:24:41.023, 3, 6, 97871, 0, 97.61
2026/10/09 04:24:42.023, 0, 6, 97871, 0, 93.71
2026/10/09 04:24:42.023, 1, 6, 97871, 0, 94.12
2026/10/09 04:24:42.023, 2, 4, 97871, 0, 90.34
2026/10/09 04:24:42.023, 3, 6, 97871, 0, 97.52
2026/10/09 04:24:43.023, 0, 6, 97871, 0, 93.71
2026/10/09 04:24:43.023, 1, 6, 97871, 0, 93.83
2026/10/09 04:24:43.023, 2, 4, 97871, 0, 90.44
2026/10/09 04:24:43.023, 3, 6, 97871, 0, 97.54
2026/10/09 04:24:44.023, 0, 6, 97871, 0, 93.75
2026/10/09 04:24:44.023, 1, 6, 97871, 0, 96.59
2026/10/09 04:24:44.023, 2, 4, 97871, 0, 90.66
2026/10/09 04:24:44.023, 3, 6, 97871, 0, 97.48
2026/10/09 04:24:45.024, 0, 6, 97871, 0, 93.70
2026/10/09 04:24:45.216, 1, 6, 97871, 0, 94.68
2026/10/09 04:24:45.500, 2, 4, 97871, 0, 90.43
2026/10/09 04:24:45.500, 3, 6, 97871, 0, 97.28
2026/10/09 04:24:46.501, 0, 6, 97871, 0, 93.72
2026/10/09 04:24:46.501, 1, 6, 97871, 0, 95.76
2026/10/09 04:24:46.502, 2, 4, 97871, 0, 90.46
2026/10/09 04:24:46.502, 3, 6, 97871, 0, 97.27
2026/10/09 04:24:47.502, 0, 6, 97871, 0, 93.61
2026/10/09 04:24:47.502, 1, 6, 97871, 0, 94.11
2026/10/09 04:24:47.502, 2, 4, 97871, 0, 90.36
2026/10/09 04:24:47.502, 3, 6, 97871, 0, 97.27
2026/10/09 04:24:48.502, 0, 6, 97871, 0, 93.60
2026/10/09 04:24:48.503, 1, 6, 97871, 0, 94.22
2026/10/09 04:24:48.503, 2, 4, 97871, 0, 90.36
2026/10/09 04:24:48.503, 3, 6, 97871, 0, 97.35
2026/10/09 04:24:49.503, 0, 8, 97871, 0, 93.86
2026/10/09 04:24:49.635, 1, 7, 97871, 0, 93.17
2026/10/09 04:24:49.636, 2, 5, 97871, 0, 90.46
2026/10/09 04:24:49.637, 3, 6, 97871, 0, 97.51
2026/10/09 04:24:50.640, 0, 8, 97871, 0, 93.93
2026/10/09 04:24:50.694, 1, 9, 97871, 0, 93.05
2026/10/09 04:24:50.695, 2, 5, 97871, 0, 90.66
2026/10/09 04:24:50.697, 3, 6, 97871, 0, 97.50
2026/10/09 04:24:51.697, 0, 8, 97871, 0, 93.83
2026/10/09 04:24:51.713, 1, 9, 97871, 0, 92.79
2026/10/09 04:24:51.758, 2, 7, 97871, 0, 90.56
2026/10/09 04:24:51.758, 3, 9, 97871, 0, 97.64
2026/10/09 04:24:52.759, 0, 8, 97871, 0, 93.70
2026/10/09 04:24:52.759, 1, 571, 97871, 0, 135.63
2026/10/09 04:24:52.759, 2, 570, 97871, 0, 131.92
2026/10/09 04:24:52.759, 3, 573, 97871, 0, 142.58
2026/10/09 04:24:53.759, 0, 762, 97871, 0, 130.24
2026/10/09 04:24:53.787, 1, 763, 97871, 0, 139.70
2026/10/09 04:24:53.828, 2, 762, 97871, 0, 138.81
2026/10/09 04:24:53.865, 3, 765, 97871, 0, 144.04
2026/10/09 04:24:54.925, 0, 762, 97871, 0, 137.53
2026/10/09 04:24:55.070, 1, 763, 97871, 0, 139.03
2026/10/09 04:24:55.176, 2, 762, 97871, 0, 138.69
2026/10/09 04:24:55.293, 3, 765, 97871, 0, 143.85
2026/10/09 04:24:56.346, 0, 1204, 97871, 0, 137.65
2026/10/09 04:24:56.388, 1, 1205, 97871, 0, 139.46
2026/10/09 04:24:56.388, 2, 1166, 97871, 0, 138.75
2026/10/09 04:24:56.388, 3, 1179, 97871, 0, 144.14
2026/10/09 04:24:57.388, 0, 9350, 97871, 1, 137.80
2026/10/09 04:24:57.388, 1, 12103, 97871, 4, 141.96
2026/10/09 04:24:57.388, 2, 12102, 97871, 4, 140.45
2026/10/09 04:24:57.389, 3, 12105, 97871, 4, 145.17
2026/10/09 04:24:58.389, 0, 12102, 97871, 16, 139.32
2026/10/09 04:24:58.389, 1, 12103, 97871, 2, 146.18
2026/10/09 04:24:58.389, 2, 12102, 97871, 5, 141.86
2026/10/09 04:24:58.389, 3, 12105, 97871, 8, 145.51
2026/10/09 04:24:59.389, 0, 14332, 97871, 6, 138.29
2026/10/09 04:24:59.389, 1, 14333, 97871, 0, 143.04
2026/10/09 04:24:59.389, 2, 14332, 97871, 0, 140.14
2026/10/09 04:24:59.389, 3, 14335, 97871, 0, 144.90
2026/10/09 04:25:00.389, 0, 14332, 97871, 4, 137.40
2026/10/09 04:25:00.389, 1, 14333, 97871, 3, 139.46
2026/10/09 04:25:00.389, 2, 14332, 97871, 4, 138.89
2026/10/09 04:25:00.389, 3, 14335, 97871, 1, 143.88
2026/10/09 04:25:01.390, 0, 14332, 97871, 1, 137.52
2026/10/09 04:25:01.390, 1, 14333, 97871, 0, 140.18
2026/10/09 04:25:01.390, 2, 14332, 97871, 0, 139.18
2026/10/09 04:25:01.390, 3, 14335, 97871, 1, 144.01
2026/10/09 04:25:02.390, 0, 14372, 97871, 1, 137.50
2026/10/09 04:25:02.390, 1, 14333, 97871, 0, 139.34
2026/10/09 04:25:02.390, 2, 14372, 97871, 2, 139.11
2026/10/09 04:25:02.390, 3, 14335, 97871, 0, 143.86
2026/10/09 04:25:03.391, 0, 13094, 97871, 0, 137.30
2026/10/09 04:25:03.391, 1, 13095, 97871, 0, 140.40
2026/10/09 04:25:03.391, 2, 13092, 97871, 0, 138.94
2026/10/09 04:25:03.391, 3, 13095, 97871, 0, 143.92
2026/10/09 04:25:04.391, 0, 13092, 97871, 0, 137.48
2026/10/09 04:25:04.391, 1, 13093, 97871, 0, 140.52
2026/10/09 04:25:04.391, 2, 13092, 97871, 0, 138.61
2026/10/09 04:25:04.391, 3, 13095, 97871, 0, 143.98
2026/10/09 04:25:05.391, 0, 13092, 97871, 0, 137.30
2026/10/09 04:25:05.391, 1, 13093, 97871, 0, 140.03
2026/10/09 04:25:05.391, 2, 13092, 97871, 0, 138.66
2026/10/09 04:25:05.391, 3, 13095, 97871, 0, 143.90
2026/10/09 04:25:06.391, 0, 13092, 97871, 0, 137.34
2026/10/09 04:25:06.391, 1, 13093, 97871, 0, 140.06
2026/10/09 04:25:06.392, 2, 13092, 97871, 0, 138.86
2026/10/09 04:25:06.392, 3, 13095, 97871, 0, 143.97
2026/10/09 04:25:07.392, 0, 13092, 97871, 0, 137.38
2026/10/09 04:25:07.392, 1, 13093, 97871, 0, 140.10
2026/10/09 04:25:07.392, 2, 13092, 97871, 0, 138.66
2026/10/09 04:25:07.392, 3, 13095, 97871, 0, 143.86
2026/10/09 04:25:08.392, 0, 13092, 97871, 0, 137.47
2026/10/09 04:25:08.392, 1, 13093, 97871, 0, 140.20
2026/10/09 04:25:08.392, 2, 13092, 97871, 0, 138.59
2026/10/09 04:25:08.392, 3, 13095, 97871, 0, 143.88
2026/10/09 04:25:09.392, 0, 13092, 97871, 0, 137.35
2026/10/09 04:25:09.392, 1, 13093, 97871, 0, 140.25
2026/10/09 04:25:09.392, 2, 13092, 97871, 0, 138.61
2026/10/09 04:25:09.392, 3, 13095, 97871, 0, 143.94
2026/10/09 04:25:10.392, 0, 13092, 97871, 0, 137.44
2026/10/09 04:25:10.392, 1, 13093, 97871, 0, 139.93
2026/10/09 04:25:10.392, 2, 13092, 97871, 0, 138.91
2026/10/09 04:25:10.392, 3, 13095, 97871, 0, 143.95
2026/10/09 04:25:11.393, 0, 13092, 97871, 0, 137.41
2026/10/09 04:25:11.393, 1, 13093, 97871, 0, 139.97
2026/10/09 04:25:11.393, 2, 13188, 97871, 0, 138.83
2026/10/09 04:25:11.393, 3, 13191, 97871, 0, 144.18
2026/10/09 04:25:12.393, 0, 13248, 97871, 0, 160.06
2026/10/09 04:25:12.393, 1, 13189, 97871, 0, 140.04
2026/10/09 04:25:12.393, 2, 13248, 97871, 0, 171.03
2026/10/09 04:25:12.393, 3, 13251, 97871, 45, 175.89
2026/10/09 04:25:13.393, 0, 13248, 97871, 0, 161.28
2026/10/09 04:25:13.393, 1, 13249, 97871, 44, 172.48
2026/10/09 04:25:13.393, 2, 13372, 97871, 0, 167.90
2026/10/09 04:25:13.393, 3, 13315, 97871, 0, 172.39
2026/10/09 04:25:14.394, 0, 13500, 97871, 0, 177.45
2026/10/09 04:25:14.394, 1, 13373, 97871, 0, 168.96
2026/10/09 04:25:14.394, 2, 13500, 97871, 0, 158.72
2026/10/09 04:25:14.394, 3, 13503, 97871, 0, 163.92
2026/10/09 04:25:15.394, 0, 13500, 97871, 0, 155.63
2026/10/09 04:25:15.394, 1, 13501, 97871, 0, 157.43
2026/10/09 04:25:15.394, 2, 13500, 97871, 0, 156.58
2026/10/09 04:25:15.394, 3, 13503, 97871, 0, 162.00
2026/10/09 04:25:16.394, 0, 13500, 97871, 0, 137.67
2026/10/09 04:25:16.395, 1, 13501, 97871, 0, 159.67
2026/10/09 04:25:16.395, 2, 13758, 97871, 0, 187.07
2026/10/09 04:25:16.395, 3, 13761, 97871, 32, 191.83
2026/10/09 04:25:17.395, 0, 13758, 97871, 0, 184.04
2026/10/09 04:25:17.395, 1, 13759, 97871, 55, 187.43
2026/10/09 04:25:17.395, 2, 13758, 97871, 0, 139.72
2026/10/09 04:25:17.395, 3, 13761, 97871, 0, 143.67
2026/10/09 04:25:18.395, 0, 13758, 97871, 0, 137.84
2026/10/09 04:25:18.395, 1, 13759, 97871, 0, 140.78
2026/10/09 04:25:18.395, 2, 13758, 97871, 0, 139.21
2026/10/09 04:25:18.395, 3, 13761, 97871, 0, 143.32
2026/10/09 04:25:19.395, 0, 13758, 97871, 0, 137.58
2026/10/09 04:25:19.395, 1, 13759, 97871, 0, 140.88
2026/10/09 04:25:19.395, 2, 13758, 97871, 0, 139.55
2026/10/09 04:25:19.395, 3, 13761, 97871, 0, 143.12
2026/10/09 04:25:20.396, 0, 13758, 97871, 0, 137.83
2026/10/09 04:25:20.396, 1, 13759, 97871, 0, 141.05
2026/10/09 04:25:20.396, 2, 14350, 97871, 92, 218.36
2026/10/09 04:25:20.396, 3, 14225, 97871, 0, 143.16
2026/10/09 04:25:21.396, 0, 14350, 97871, 0, 220.07
2026/10/09 04:25:21.396, 1, 14351, 97871, 90, 228.67
2026/10/09 04:25:21.396, 2, 14350, 97871, 0, 151.31
2026/10/09 04:25:21.396, 3, 14353, 97871, 0, 225.00
2026/10/09 04:25:22.396, 0, 14350, 97871, 0, 137.75
2026/10/09 04:25:22.396, 1, 14351, 97871, 0, 140.23
2026/10/09 04:25:22.396, 2, 14350, 97871, 0, 139.35
2026/10/09 04:25:22.396, 3, 14353, 97871, 0, 143.32
2026/10/09 04:25:23.396, 0, 14350, 97871, 0, 155.18
2026/10/09 04:25:23.397, 1, 14351, 97871, 0, 140.22
2026/10/09 04:25:23.397, 2, 14350, 97871, 0, 217.65
2026/10/09 04:25:23.397, 3, 14353, 97871, 90, 161.26
2026/10/09 04:25:24.397, 0, 14350, 97871, 0, 198.07
2026/10/09 04:25:24.397, 1, 14351, 97871, 0, 225.86
2026/10/09 04:25:24.397, 2, 14350, 97871, 0, 139.82
2026/10/09 04:25:24.397, 3, 14353, 97871, 0, 205.10
2026/10/09 04:25:25.397, 0, 14350, 97871, 0, 137.57
2026/10/09 04:25:25.397, 1, 14351, 97871, 0, 139.54
2026/10/09 04:25:25.397, 2, 14350, 97871, 26, 157.19
2026/10/09 04:25:25.397, 3, 14353, 97871, 0, 143.17
2026/10/09 04:25:26.397, 0, 14350, 97871, 0, 184.55
2026/10/09 04:25:26.397, 1, 14351, 97871, 68, 194.90
2026/10/09 04:25:26.397, 2, 14350, 97871, 0, 171.46
2026/10/09 04:25:26.397, 3, 14353, 97871, 0, 191.24
2026/10/09 04:25:27.397, 0, 14350, 97871, 0, 137.60
2026/10/09 04:25:27.397, 1, 14351, 97871, 0, 139.64
2026/10/09 04:25:27.397, 2, 14350, 97871, 0, 138.97
2026/10/09 04:25:27.397, 3, 14353, 97871, 0, 143.05
2026/10/09 04:25:28.397, 0, 14350, 97871, 0, 137.42
2026/10/09 04:25:28.398, 1, 14351, 97871, 0, 139.21
2026/10/09 04:25:28.398, 2, 14350, 97871, 0, 138.90
2026/10/09 04:25:28.398, 3, 14353, 97871, 0, 143.02
2026/10/09 04:25:29.398, 0, 14414, 97871, 100, 175.69
2026/10/09 04:25:29.398, 1, 14351, 97871, 0, 139.73
2026/10/09 04:25:29.398, 2, 15422, 97871, 87, 305.49
2026/10/09 04:25:29.398, 3, 15425, 97871, 84, 264.77
2026/10/09 04:25:30.398, 0, 15422, 97871, 83, 283.93
2026/10/09 04:25:30.398, 1, 15423, 97871, 87, 330.42
2026/10/09 04:25:30.398, 2, 16062, 97871, 0, 248.45
2026/10/09 04:25:30.398, 3, 16065, 97871, 0, 286.24
2026/10/09 04:25:31.398, 0, 16062, 97871, 0, 212.03
2026/10/09 04:25:31.398, 1, 16063, 97871, 0, 220.82
2026/10/09 04:25:31.398, 2, 16062, 97871, 0, 139.55
2026/10/09 04:25:31.398, 3, 16065, 97871, 0, 143.86
2026/10/09 04:25:32.398, 0, 16062, 97871, 0, 137.84
2026/10/09 04:25:32.398, 1, 16063, 97871, 0, 139.70
2026/10/09 04:25:32.398, 2, 16062, 97871, 0, 139.43
2026/10/09 04:25:32.399, 3, 16065, 97871, 0, 143.47
2026/10/09 04:25:33.399, 0, 16062, 97871, 0, 137.66
2026/10/09 04:25:33.399, 1, 16063, 97871, 0, 146.94
2026/10/09 04:25:33.399, 2, 16062, 97871, 0, 150.40
2026/10/09 04:25:33.399, 3, 16065, 97871, 0, 154.30
2026/10/09 04:25:34.399, 0, 16062, 97871, 0, 148.99
2026/10/09 04:25:34.399, 1, 16063, 97871, 0, 151.85
2026/10/09 04:25:34.399, 2, 16062, 97871, 0, 155.36
2026/10/09 04:25:34.399, 3, 16065, 97871, 0, 154.39
2026/10/09 04:25:35.399, 0, 16062, 97871, 0, 153.23
2026/10/09 04:25:35.400, 1, 16063, 97871, 0, 150.68
2026/10/09 04:25:35.400, 2, 16062, 97871, 0, 144.85
2026/10/09 04:25:35.400, 3, 16065, 97871, 0, 151.45
2026/10/09 04:25:36.400, 0, 16062, 97871, 0, 142.53
2026/10/09 04:25:36.400, 1, 16063, 97871, 0, 139.68
2026/10/09 04:25:36.400, 2, 17104, 97871, 60, 155.57
2026/10/09 04:25:36.400, 3, 17107, 97871, 0, 143.00
2026/10/09 04:25:37.400, 0, 17104, 97871, 17, 152.48
2026/10/09 04:25:37.400, 1, 17105, 97871, 0, 153.40
2026/10/09 04:25:37.400, 2, 17104, 97871, 0, 139.83
2026/10/09 04:25:37.400, 3, 17107, 97871, 0, 157.74
2026/10/09 04:25:38.400, 0, 17104, 97871, 0, 138.94
2026/10/09 04:25:38.400, 1, 17105, 97871, 0, 139.57
2026/10/09 04:25:38.401, 2, 17104, 97871, 0, 139.56
2026/10/09 04:25:38.401, 3, 17107, 97871, 0, 143.35
2026/10/09 04:25:39.401, 0, 17104, 97871, 0, 137.78
2026/10/09 04:25:39.401, 1, 17105, 97871, 0, 139.68
2026/10/09 04:25:39.401, 2, 17104, 97871, 0, 162.71
2026/10/09 04:25:39.401, 3, 17107, 97871, 20, 165.93
2026/10/09 04:25:40.401, 0, 17104, 97871, 66, 161.11
2026/10/09 04:25:40.401, 1, 17105, 97871, 0, 162.01
2026/10/09 04:25:40.401, 2, 17104, 97871, 9, 156.77
2026/10/09 04:25:40.401, 3, 17107, 97871, 0, 157.98
2026/10/09 04:25:41.401, 0, 17104, 97871, 0, 152.36
2026/10/09 04:25:41.401, 1, 17105, 97871, 40, 156.22
2026/10/09 04:25:41.402, 2, 17252, 97871, 5, 185.66
2026/10/09 04:25:41.402, 3, 17255, 97871, 1, 188.93
2026/10/09 04:25:42.402, 0, 17252, 97871, 0, 183.56
2026/10/09 04:25:42.402, 1, 17253, 97871, 4, 181.57
2026/10/09 04:25:42.402, 2, 17252, 97871, 0, 144.11
2026/10/09 04:25:42.402, 3, 17255, 97871, 0, 148.32
2026/10/09 04:25:43.402, 0, 17252, 97871, 0, 144.90
2026/10/09 04:25:43.402, 1, 17253, 97871, 0, 145.83
2026/10/09 04:25:43.402, 2, 17252, 97871, 0, 140.10
2026/10/09 04:25:43.402, 3, 17255, 97871, 0, 142.84
2026/10/09 04:25:44.402, 0, 17252, 97871, 0, 139.03
2026/10/09 04:25:44.402, 1, 17253, 97871, 0, 140.85
2026/10/09 04:25:44.402, 2, 80810, 97871, 17, 258.44
2026/10/09 04:25:44.402, 3, 80813, 97871, 34, 264.10
2026/10/09 04:25:45.403, 0, 80362, 97871, 0, 253.16
2026/10/09 04:25:45.403, 1, 80363, 97871, 100, 250.49
2026/10/09 04:25:45.403, 2, 77960, 97871, 13, 153.42
2026/10/09 04:25:45.403, 3, 77957, 97871, 9, 165.65
2026/10/09 04:25:46.403, 0, 77942, 97871, 0, 150.95
2026/10/09 04:25:46.403, 1, 77979, 97871, 11, 176.13
2026/10/09 04:25:46.403, 2, 77996, 97871, 8, 183.41
2026/10/09 04:25:46.403, 3, 78017, 97871, 5, 186.28
2026/10/09 04:25:47.403, 0, 77982, 97871, 6, 185.43
2026/10/09 04:25:47.403, 1, 78029, 97871, 5, 182.19
2026/10/09 04:25:47.404, 2, 78060, 97871, 5, 170.05
2026/10/09 04:25:47.404, 3, 78091, 97871, 4, 173.28
2026/10/09 04:25:48.404, 0, 78040, 97871, 5, 165.93
2026/10/09 04:25:48.404, 1, 78101, 97871, 5, 164.45
2026/10/09 04:25:48.404, 2, 78126, 97871, 6, 157.05
2026/10/09 04:25:48.404, 3, 78143, 97871, 6, 159.14
2026/10/09 04:25:49.404, 0, 78100, 97871, 6, 156.99
2026/10/09 04:25:49.404, 1, 78585, 97871, 5, 161.42
2026/10/09 04:25:49.404, 2, 78660, 97871, 13, 179.15
2026/10/09 04:25:49.404, 3, 78487, 97871, 13, 190.12
2026/10/09 04:25:50.404, 0, 78280, 97871, 4, 150.28
2026/10/09 04:25:50.404, 1, 78555, 97871, 9, 200.38
2026/10/09 04:25:50.404, 2, 78552, 97871, 9, 187.74
2026/10/09 04:25:50.404, 3, 78529, 97871, 9, 187.36
2026/10/09 04:25:51.404, 0, 78556, 97871, 11, 196.46
2026/10/09 04:25:51.404, 1, 78555, 97871, 8, 171.70
2026/10/09 04:25:51.404, 2, 78548, 97871, 8, 163.47
2026/10/09 04:25:51.405, 3, 78553, 97871, 0, 160.96
2026/10/09 04:25:52.405, 0, 78528, 97871, 6, 177.47
2026/10/09 04:25:52.405, 1, 78551, 97871, 0, 144.53
2026/10/09 04:25:52.405, 2, 78762, 97871, 30, 174.44
2026/10/09 04:25:52.405, 3, 78765, 97871, 10, 172.86
2026/10/09 04:25:53.405, 0, 79028, 97871, 10, 157.69
2026/10/09 04:25:53.405, 1, 79029, 97871, 0, 145.04
2026/10/09 04:25:53.405, 2, 78744, 97871, 0, 143.43
2026/10/09 04:25:53.405, 3, 78747, 97871, 0, 149.63
2026/10/09 04:25:54.405, 0, 78764, 97871, 1, 165.62
2026/10/09 04:25:54.406, 1, 78765, 97871, 33, 165.90
2026/10/09 04:25:54.406, 2, 78744, 97871, 0, 140.99
2026/10/09 04:25:54.406, 3, 78747, 97871, 0, 143.95
2026/10/09 04:25:55.406, 0, 78744, 97871, 0, 140.10
2026/10/09 04:25:55.406, 1, 78745, 97871, 0, 140.86
2026/10/09 04:25:55.406, 2, 78744, 97871, 0, 141.59
2026/10/09 04:25:55.406, 3, 78747, 97871, 0, 144.10
2026/10/09 04:25:56.406, 0, 78744, 97871, 0, 139.09
2026/10/09 04:25:56.406, 1, 78745, 97871, 0, 140.07
2026/10/09 04:25:56.407, 2, 79512, 97871, 0, 160.97
2026/10/09 04:25:56.407, 3, 79515, 97871, 0, 162.31
2026/10/09 04:25:57.407, 0, 78744, 97871, 0, 139.17
2026/10/09 04:25:57.407, 1, 78745, 97871, 0, 140.11
2026/10/09 04:25:57.407, 2, 79512, 97871, 0, 141.13
2026/10/09 04:25:57.407, 3, 79515, 97871, 0, 143.89
2026/10/09 04:25:58.407, 0, 79512, 97871, 0, 156.46
2026/10/09 04:25:58.407, 1, 79513, 97871, 0, 158.04
2026/10/09 04:25:58.407, 2, 80040, 97871, 0, 141.52
2026/10/09 04:25:58.408, 3, 80043, 97871, 0, 144.48
2026/10/09 04:25:59.408, 0, 79512, 97871, 0, 138.01
2026/10/09 04:25:59.408, 1, 79513, 97871, 0, 139.98
2026/10/09 04:25:59.408, 2, 81084, 97871, 51, 153.01
2026/10/09 04:25:59.408, 3, 81087, 97871, 17, 152.03
2026/10/09 04:26:00.408, 0, 80562, 97871, 0, 138.36
2026/10/09 04:26:00.409, 1, 80563, 97871, 0, 140.00
2026/10/09 04:26:00.409, 2, 84210, 97871, 0, 161.23
2026/10/09 04:26:00.409, 3, 84213, 97871, 0, 165.20
2026/10/09 04:26:01.409, 0, 84210, 97871, 12, 155.96
2026/10/09 04:26:01.409, 1, 84211, 97871, 0, 168.82
2026/10/09 04:26:01.409, 2, 84210, 97871, 0, 139.46
2026/10/09 04:26:01.409, 3, 84213, 97871, 0, 142.80
2026/10/09 04:26:02.409, 0, 84210, 97871, 0, 150.90
2026/10/09 04:26:02.409, 1, 84211, 97871, 0, 139.94
2026/10/09 04:26:02.410, 2, 84210, 97871, 0, 139.18
2026/10/09 04:26:02.410, 3, 84213, 97871, 0, 143.02
2026/10/09 04:26:03.410, 0, 84210, 97871, 0, 137.39
2026/10/09 04:26:03.410, 1, 84211, 97871, 0, 139.49
2026/10/09 04:26:03.410, 2, 84210, 97871, 0, 139.09
2026/10/09 04:26:03.410, 3, 84213, 97871, 0, 143.05
2026/10/09 04:26:04.410, 0, 84210, 97871, 0, 137.26
2026/10/09 04:26:04.410, 1, 84211, 97871, 0, 139.62
2026/10/09 04:26:04.410, 2, 84212, 97871, 18, 148.74
2026/10/09 04:26:04.410, 3, 84215, 97871, 68, 151.96
2026/10/09 04:26:05.410, 0, 84210, 97871, 0, 137.49
2026/10/09 04:26:05.410, 1, 84211, 97871, 0, 139.71
2026/10/09 04:26:05.410, 2, 84212, 97871, 0, 139.33
2026/10/09 04:26:05.410, 3, 84215, 97871, 0, 143.22
2026/10/09 04:26:06.410, 0, 84212, 97871, 1, 147.32
2026/10/09 04:26:06.410, 1, 84213, 97871, 0, 148.60
2026/10/09 04:26:06.411, 2, 84212, 97871, 5, 141.42
2026/10/09 04:26:06.411, 3, 84215, 97871, 5, 143.96
2026/10/09 04:26:07.411, 0, 84212, 97871, 0, 137.38
2026/10/09 04:26:07.411, 1, 84213, 97871, 0, 139.01
2026/10/09 04:26:07.411, 2, 84212, 97871, 0, 146.60
2026/10/09 04:26:07.411, 3, 84215, 97871, 0, 149.03
2026/10/09 04:26:08.411, 0, 84212, 97871, 32, 145.08
2026/10/09 04:26:08.411, 1, 84213, 97871, 0, 145.15
2026/10/09 04:26:08.411, 2, 84212, 97871, 0, 141.24
2026/10/09 04:26:08.411, 3, 84215, 97871, 0, 143.90
2026/10/09 04:26:09.411, 0, 84212, 97871, 0, 139.35
2026/10/09 04:26:09.411, 1, 84213, 97871, 0, 140.18
2026/10/09 04:26:09.411, 2, 84212, 97871, 0, 140.90
2026/10/09 04:26:09.411, 3, 84215, 97871, 0, 143.74
2026/10/09 04:26:10.411, 0, 84212, 97871, 0, 139.07
2026/10/09 04:26:10.414, 1, 84213, 97871, 0, 139.80
2026/10/09 04:26:10.414, 2, 84212, 97871, 0, 140.87
2026/10/09 04:26:10.414, 3, 84215, 97871, 0, 143.75
2026/10/09 04:26:11.414, 0, 84212, 97871, 0, 139.05
2026/10/09 04:26:11.414, 1, 84213, 97871, 0, 139.81
2026/10/09 04:26:11.414, 2, 84212, 97871, 0, 141.06
2026/10/09 04:26:11.414, 3, 84215, 97871, 0, 143.67
2026/10/09 04:26:12.415, 0, 84212, 97871, 0, 139.04
2026/10/09 04:26:12.415, 1, 84213, 97871, 0, 139.62
2026/10/09 04:26:12.415, 2, 84212, 97871, 0, 141.06
2026/10/09 04:26:12.415, 3, 84215, 97871, 0, 143.80
2026/10/09 04:26:13.415, 0, 84212, 97871, 0, 139.14
2026/10/09 04:26:13.415, 1, 84213, 97871, 0, 139.61
2026/10/09 04:26:13.415, 2, 84212, 97871, 0, 140.97
2026/10/09 04:26:13.415, 3, 84215, 97871, 0, 143.99
2026/10/09 04:26:14.415, 0, 84212, 97871, 0, 138.93
2026/10/09 04:26:14.415, 1, 84213, 97871, 0, 139.65
2026/10/09 04:26:14.415, 2, 84212, 97871, 0, 140.93
2026/10/09 04:26:14.415, 3, 84215, 97871, 0, 143.73
2026/10/09 04:26:15.415, 0, 84212, 97871, 0, 138.96
2026/10/09 04:26:15.415, 1, 84213, 97871, 0, 139.74
2026/10/09 04:26:15.415, 2, 84212, 97871, 0, 141.02
2026/10/09 04:26:15.415, 3, 84215, 97871, 0, 143.73
2026/10/09 04:26:16.415, 0, 84212, 97871, 0, 139.14
2026/10/09 04:26:16.415, 1, 84213, 97871, 0, 139.90
2026/10/09 04:26:16.415, 2, 84212, 97871, 0, 141.24
2026/10/09 04:26:16.415, 3, 84215, 97871, 0, 143.91
2026/10/09 04:26:17.416, 0, 84212, 97871, 0, 139.11
2026/10/09 04:26:17.416, 1, 84213, 97871, 0, 139.77
2026/10/09 04:26:17.416, 2, 84212, 97871, 0, 141.12
2026/10/09 04:26:17.416, 3, 84215, 97871, 0, 143.90
2026/10/09 04:26:18.416, 0, 84212, 97871, 0, 139.00
2026/10/09 04:26:18.416, 1, 84213, 97871, 0, 139.68
2026/10/09 04:26:18.416, 2, 84212, 97871, 0, 141.29
2026/10/09 04:26:18.416, 3, 84215, 97871, 0, 143.94
2026/10/09 04:26:19.416, 0, 84212, 97871, 0, 139.07
2026/10/09 04:26:19.416, 1, 84213, 97871, 0, 139.81
2026/10/09 04:26:19.416, 2, 84212, 97871, 0, 141.23
2026/10/09 04:26:19.416, 3, 84215, 97871, 0, 143.95
2026/10/09 04:26:20.416, 0, 84212, 97871, 0, 139.07
2026/10/09 04:26:20.419, 1, 84213, 97871, 0, 139.82
2026/10/09 04:26:20.419, 2, 84212, 97871, 0, 141.02
2026/10/09 04:26:20.419, 3, 84215, 97871, 0, 143.89
2026/10/09 04:26:21.419, 0, 84212, 97871, 0, 139.01
2026/10/09 04:26:21.420, 1, 84213, 97871, 0, 139.65
2026/10/09 04:26:21.420, 2, 84212, 97871, 0, 140.99
2026/10/09 04:26:21.420, 3, 84215, 97871, 0, 143.81
2026/10/09 04:26:22.420, 0, 84212, 97871, 0, 138.95
2026/10/09 04:26:22.420, 1, 84213, 97871, 0, 139.54
2026/10/09 04:26:22.420, 2, 84212, 97871, 0, 140.89
2026/10/09 04:26:22.420, 3, 84215, 97871, 0, 143.73
2026/10/09 04:26:23.420, 0, 84212, 97871, 0, 139.05
2026/10/09 04:26:23.420, 1, 84213, 97871, 0, 139.52
2026/10/09 04:26:23.420, 2, 84212, 97871, 0, 140.74
2026/10/09 04:26:23.420, 3, 84215, 97871, 0, 143.69
2026/10/09 04:26:24.420, 0, 84212, 97871, 0, 138.93
2026/10/09 04:26:24.420, 1, 84213, 97871, 0, 139.54
2026/10/09 04:26:24.420, 2, 84212, 97871, 0, 140.99
2026/10/09 04:26:24.420, 3, 84215, 97871, 0, 143.67
2026/10/09 04:26:25.420, 0, 84212, 97871, 0, 138.99
2026/10/09 04:26:25.420, 1, 84213, 97871, 0, 139.53
2026/10/09 04:26:25.420, 2, 84212, 97871, 0, 140.99
2026/10/09 04:26:25.420, 3, 84215, 97871, 0, 143.69
2026/10/09 04:26:26.421, 0, 84212, 97871, 0, 139.03
2026/10/09 04:26:26.421, 1, 84213, 97871, 0, 139.49
2026/10/09 04:26:26.421, 2, 84212, 97871, 0, 141.10
2026/10/09 04:26:26.421, 3, 84215, 97871, 0, 143.68
2026/10/09 04:26:27.421, 0, 84212, 97871, 0, 138.91
2026/10/09 04:26:27.421, 1, 84213, 97871, 0, 139.55
2026/10/09 04:26:27.421, 2, 84212, 97871, 0, 141.27
2026/10/09 04:26:27.421, 3, 84215, 97871, 0, 143.62
2026/10/09 04:26:28.421, 0, 84212, 97871, 0, 139.07
2026/10/09 04:26:28.421, 1, 84213, 97871, 0, 139.40
2026/10/09 04:26:28.421, 2, 84212, 97871, 0, 141.14
2026/10/09 04:26:28.421, 3, 84215, 97871, 0, 143.67
2026/10/09 04:26:29.421, 0, 84212, 97871, 0, 138.96
2026/10/09 04:26:29.421, 1, 84213, 97871, 0, 139.55
2026/10/09 04:26:29.421, 2, 84212, 97871, 0, 141.15
2026/10/09 04:26:29.421, 3, 84215, 97871, 0, 143.63
2026/10/09 04:26:30.421, 0, 84212, 97871, 0, 139.02
2026/10/09 04:26:30.426, 1, 84213, 97871, 0, 139.62
2026/10/09 04:26:30.427, 2, 84212, 97871, 0, 141.08
2026/10/09 04:26:30.427, 3, 84215, 97871, 0, 143.62
2026/10/09 04:26:31.427, 0, 84212, 97871, 0, 138.99
2026/10/09 04:26:31.427, 1, 84213, 97871, 0, 139.67
2026/10/09 04:26:31.427, 2, 84212, 97871, 0, 141.17
2026/10/09 04:26:31.427, 3, 84215, 97871, 0, 143.60
2026/10/09 04:26:32.427, 0, 84212, 97871, 0, 139.07
2026/10/09 04:26:32.427, 1, 84213, 97871, 0, 139.43
2026/10/09 04:26:32.427, 2, 84212, 97871, 0, 140.99
2026/10/09 04:26:32.427, 3, 84215, 97871, 0, 143.70
2026/10/09 04:26:33.427, 0, 84212, 97871, 0, 138.99
2026/10/09 04:26:33.427, 1, 84213, 97871, 0, 140.43
2026/10/09 04:26:33.427, 2, 84212, 97871, 0, 141.14
2026/10/09 04:26:33.427, 3, 84215, 97871, 0, 143.66
2026/10/09 04:26:34.427, 0, 84212, 97871, 0, 138.99
2026/10/09 04:26:34.427, 1, 84213, 97871, 0, 139.48
2026/10/09 04:26:34.427, 2, 84212, 97871, 0, 141.16
2026/10/09 04:26:34.427, 3, 84215, 97871, 0, 143.63
2026/10/09 04:26:35.427, 0, 84212, 97871, 0, 139.06
2026/10/09 04:26:35.428, 1, 84213, 97871, 0, 139.57
2026/10/09 04:26:35.428, 2, 84212, 97871, 0, 141.32
2026/10/09 04:26:35.428, 3, 84215, 97871, 0, 143.66
2026/10/09 04:26:36.428, 0, 84212, 97871, 0, 138.87
2026/10/09 04:26:36.428, 1, 84213, 97871, 0, 139.46
2026/10/09 04:26:36.428, 2, 84212, 97871, 0, 141.06
2026/10/09 04:26:36.428, 3, 84215, 97871, 0, 143.69
2026/10/09 04:26:37.428, 0, 84212, 97871, 0, 139.39
2026/10/09 04:26:37.428, 1, 84213, 97871, 0, 139.85
2026/10/09 04:26:37.428, 2, 84212, 97871, 0, 141.34
2026/10/09 04:26:37.428, 3, 84215, 97871, 0, 144.00
2026/10/09 04:26:38.428, 0, 84212, 97871, 0, 139.06
2026/10/09 04:26:38.428, 1, 84213, 97871, 0, 139.49
2026/10/09 04:26:38.428, 2, 84212, 97871, 0, 141.40
2026/10/09 04:26:38.428, 3, 84215, 97871, 0, 143.90
2026/10/09 04:26:39.428, 0, 84212, 97871, 0, 139.23
2026/10/09 04:26:39.429, 1, 84213, 97871, 0, 138.90
2026/10/09 04:26:39.429, 2, 84212, 97871, 0, 141.33
2026/10/09 04:26:39.429, 3, 84215, 97871, 0, 143.74
2026/10/09 04:26:40.429, 0, 84212, 97871, 0, 138.67
2026/10/09 04:26:40.431, 1, 84213, 97871, 0, 138.75
2026/10/09 04:26:40.432, 2, 84212, 97871, 0, 141.01
2026/10/09 04:26:40.432, 3, 84215, 97871, 0, 143.68
2026/10/09 04:26:41.432, 0, 84212, 97871, 0, 138.76
2026/10/09 04:26:41.432, 1, 84213, 97871, 0, 138.64
2026/10/09 04:26:41.432, 2, 84212, 97871, 0, 141.22
2026/10/09 04:26:41.432, 3, 84215, 97871, 0, 143.62
2026/10/09 04:26:42.432, 0, 84212, 97871, 0, 138.83
2026/10/09 04:26:42.432, 1, 84213, 97871, 0, 138.60
2026/10/09 04:26:42.432, 2, 84212, 97871, 0, 141.26
2026/10/09 04:26:42.432, 3, 84215, 97871, 0, 143.57
2026/10/09 04:26:43.432, 0, 84212, 97871, 0, 138.74
2026/10/09 04:26:43.432, 1, 84213, 97871, 0, 138.77
2026/10/09 04:26:43.432, 2, 84212, 97871, 0, 145.21
2026/10/09 04:26:43.432, 3, 84215, 97871, 3, 148.34
2026/10/09 04:26:44.432, 0, 84212, 97871, 97, 328.18
2026/10/09 04:26:44.432, 1, 84213, 97871, 70, 336.21
2026/10/09 04:26:44.433, 2, 84212, 97871, 99, 335.72
2026/10/09 04:26:44.433, 3, 84215, 97871, 100, 342.43
2026/10/09 04:26:45.433, 0, 84212, 97871, 99, 420.48
2026/10/09 04:26:45.433, 1, 84213, 97871, 99, 414.18
2026/10/09 04:26:45.433, 2, 84212, 97871, 99, 413.95
2026/10/09 04:26:45.433, 3, 84215, 97871, 99, 417.02
2026/10/09 04:26:46.433, 0, 84212, 97871, 100, 387.93
2026/10/09 04:26:46.433, 1, 84213, 97871, 81, 386.19
2026/10/09 04:26:46.433, 2, 84214, 97871, 99, 431.11
2026/10/09 04:26:46.433, 3, 84217, 97871, 99, 430.72
2026/10/09 04:26:47.433, 0, 84212, 97871, 99, 404.29
2026/10/09 04:26:47.433, 1, 84213, 97871, 100, 407.93
2026/10/09 04:26:47.433, 2, 84214, 97871, 99, 415.61
2026/10/09 04:26:47.433, 3, 84217, 97871, 99, 420.20
2026/10/09 04:26:48.433, 0, 84212, 97871, 99, 425.59
2026/10/09 04:26:48.433, 1, 84213, 97871, 100, 422.45
2026/10/09 04:26:48.433, 2, 84214, 97871, 99, 438.34
2026/10/09 04:26:48.433, 3, 84217, 97871, 99, 437.58
2026/10/09 04:26:49.434, 0, 84212, 97871, 99, 412.21
2026/10/09 04:26:49.434, 1, 84213, 97871, 99, 409.09
2026/10/09 04:26:49.434, 2, 84214, 97871, 99, 420.42
2026/10/09 04:26:49.434, 3, 84217, 97871, 99, 424.72
2026/10/09 04:26:50.434, 0, 84212, 97871, 100, 424.77
2026/10/09 04:26:50.438, 1, 84213, 97871, 100, 423.26
2026/10/09 04:26:50.438, 2, 84214, 97871, 99, 424.24
2026/10/09 04:26:50.438, 3, 84217, 97871, 99, 424.75
2026/10/09 04:26:51.438, 0, 84212, 97871, 99, 420.25
2026/10/09 04:26:51.438, 1, 84213, 97871, 99, 420.68
2026/10/09 04:26:51.438, 2, 84214, 97871, 99, 412.17
2026/10/09 04:26:51.438, 3, 84217, 97871, 99, 411.32
2026/10/09 04:26:52.439, 0, 84212, 97871, 99, 401.90
2026/10/09 04:26:52.439, 1, 84213, 97871, 99, 402.39
2026/10/09 04:26:52.439, 2, 84214, 97871, 99, 401.33
2026/10/09 04:26:52.439, 3, 84217, 97871, 99, 404.93
2026/10/09 04:26:53.439, 0, 84214, 97871, 99, 390.79
2026/10/09 04:26:53.439, 1, 84215, 97871, 99, 396.40
2026/10/09 04:26:53.439, 2, 84214, 97871, 99, 402.79
2026/10/09 04:26:53.439, 3, 84217, 97871, 99, 401.74
2026/10/09 04:26:54.439, 0, 84214, 97871, 99, 408.23
2026/10/09 04:26:54.439, 1, 84215, 97871, 100, 407.35
2026/10/09 04:26:54.439, 2, 84214, 97871, 99, 404.10
2026/10/09 04:26:54.439, 3, 84217, 97871, 99, 410.88
2026/10/09 04:26:55.439, 0, 84214, 97871, 99, 402.97
2026/10/09 04:26:55.439, 1, 84215, 97871, 100, 410.69
2026/10/09 04:26:55.439, 2, 84214, 97871, 100, 412.93
2026/10/09 04:26:55.439, 3, 84217, 97871, 99, 406.86
2026/10/09 04:26:56.439, 0, 84214, 97871, 99, 405.04
2026/10/09 04:26:56.439, 1, 84215, 97871, 99, 404.51
2026/10/09 04:26:56.440, 2, 84214, 97871, 99, 406.94
2026/10/09 04:26:56.440, 3, 84217, 97871, 99, 406.10
2026/10/09 04:26:57.440, 0, 84214, 97871, 99, 399.27
2026/10/09 04:26:57.440, 1, 84215, 97871, 99, 405.42
2026/10/09 04:26:57.440, 2, 84214, 97871, 99, 410.14
2026/10/09 04:26:57.440, 3, 84217, 97871, 100, 407.58
2026/10/09 04:26:58.440, 0, 84214, 97871, 99, 406.77
2026/10/09 04:26:58.440, 1, 84215, 97871, 100, 406.27
2026/10/09 04:26:58.440, 2, 84214, 97871, 99, 406.85
2026/10/09 04:26:58.440, 3, 84217, 97871, 99, 412.38
2026/10/09 04:26:59.440, 0, 84214, 97871, 99, 405.39
2026/10/09 04:26:59.440, 1, 84215, 97871, 100, 403.98
2026/10/09 04:26:59.440, 2, 84214, 97871, 96, 415.54
2026/10/09 04:26:59.440, 3, 84217, 97871, 96, 413.36
2026/10/09 04:27:00.440, 0, 84214, 97871, 99, 412.30
2026/10/09 04:27:00.448, 1, 84215, 97871, 99, 409.27
2026/10/09 04:27:00.448, 2, 84214, 97871, 99, 404.20
2026/10/09 04:27:00.448, 3, 84217, 97871, 99, 402.95
2026/10/09 04:27:01.448, 0, 84214, 97871, 99, 399.06
2026/10/09 04:27:01.448, 1, 84215, 97871, 99, 404.32
2026/10/09 04:27:01.448, 2, 84214, 97871, 99, 408.40
2026/10/09 04:27:01.448, 3, 84217, 97871, 99, 407.03
2026/10/09 04:27:02.448, 0, 84214, 97871, 100, 401.71
2026/10/09 04:27:02.448, 1, 84215, 97871, 100, 399.75
2026/10/09 04:27:02.448, 2, 84214, 97871, 99, 410.41
2026/10/09 04:27:02.449, 3, 84217, 97871, 99, 408.68
2026/10/09 04:27:03.449, 0, 84214, 97871, 99, 398.40
2026/10/09 04:27:03.449, 1, 84215, 97871, 100, 397.68
2026/10/09 04:27:03.449, 2, 84214, 97871, 99, 404.38
2026/10/09 04:27:03.449, 3, 84217, 97871, 99, 405.81
2026/10/09 04:27:04.449, 0, 84214, 97871, 99, 394.16
2026/10/09 04:27:04.449, 1, 84215, 97871, 100, 394.67
2026/10/09 04:27:04.449, 2, 84214, 97871, 99, 409.70
2026/10/09 04:27:04.449, 3, 84217, 97871, 99, 410.71
2026/10/09 04:27:05.449, 0, 84214, 97871, 100, 411.66
2026/10/09 04:27:05.449, 1, 84215, 97871, 100, 411.91
2026/10/09 04:27:05.449, 2, 84214, 97871, 99, 408.82
2026/10/09 04:27:05.449, 3, 84217, 97871, 99, 406.18
2026/10/09 04:27:06.449, 0, 84214, 97871, 99, 393.78
2026/10/09 04:27:06.449, 1, 84215, 97871, 99, 402.02
2026/10/09 04:27:06.449, 2, 84214, 97871, 99, 403.32
2026/10/09 04:27:06.449, 3, 84217, 97871, 99, 400.89
2026/10/09 04:27:07.449, 0, 84214, 97871, 11, 357.46
2026/10/09 04:27:07.449, 1, 84215, 97871, 41, 344.40
2026/10/09 04:27:07.449, 2, 84214, 97871, 99, 391.64
2026/10/09 04:27:07.449, 3, 84217, 97871, 99, 391.43
2026/10/09 04:27:08.450, 0, 84214, 97871, 100, 378.46
2026/10/09 04:27:08.450, 1, 84215, 97871, 100, 394.28
2026/10/09 04:27:08.450, 2, 84214, 97871, 100, 444.18
2026/10/09 04:27:08.450, 3, 84217, 97871, 100, 448.52
2026/10/09 04:27:09.450, 0, 84216, 97871, 90, 487.18
2026/10/09 04:27:09.450, 1, 84217, 97871, 93, 482.43
2026/10/09 04:27:09.450, 2, 84216, 97871, 0, 394.91
2026/10/09 04:27:09.450, 3, 84219, 97871, 0, 396.18
2026/10/09 04:27:10.450, 0, 84216, 97871, 100, 445.98
2026/10/09 04:27:10.455, 1, 84217, 97871, 100, 453.12
2026/10/09 04:27:10.455, 2, 84216, 97871, 100, 398.55
2026/10/09 04:27:10.455, 3, 84219, 97871, 100, 394.23
2026/10/09 04:27:11.455, 0, 84216, 97871, 100, 495.53
2026/10/09 04:27:11.455, 1, 84217, 97871, 100, 493.80
2026/10/09 04:27:11.455, 2, 84216, 97871, 100, 502.24
2026/10/09 04:27:11.455, 3, 84219, 97871, 100, 507.58
2026/10/09 04:27:12.455, 0, 84216, 97871, 100, 493.33
2026/10/09 04:27:12.455, 1, 84217, 97871, 100, 487.55
2026/10/09 04:27:12.455, 2, 84216, 97871, 100, 490.46
2026/10/09 04:27:12.455, 3, 84219, 97871, 100, 499.21
2026/10/09 04:27:13.455, 0, 84216, 97871, 100, 492.74
2026/10/09 04:27:13.455, 1, 84217, 97871, 100, 488.99
2026/10/09 04:27:13.455, 2, 84216, 97871, 100, 502.15
2026/10/09 04:27:13.455, 3, 84219, 97871, 100, 499.11
2026/10/09 04:27:14.455, 0, 84216, 97871, 100, 501.08
2026/10/09 04:27:14.455, 1, 84217, 97871, 100, 494.36
2026/10/09 04:27:14.455, 2, 84216, 97871, 100, 509.60
2026/10/09 04:27:14.455, 3, 84219, 97871, 100, 503.14
2026/10/09 04:27:15.456, 0, 84216, 97871, 100, 489.47
2026/10/09 04:27:15.456, 1, 84217, 97871, 100, 485.79
2026/10/09 04:27:15.456, 2, 84216, 97871, 100, 489.87
2026/10/09 04:27:15.456, 3, 84219, 97871, 100, 500.29
2026/10/09 04:27:16.456, 0, 84216, 97871, 100, 485.92
2026/10/09 04:27:16.456, 1, 84217, 97871, 100, 481.29
2026/10/09 04:27:16.456, 2, 84216, 97871, 100, 497.64
2026/10/09 04:27:16.456, 3, 84219, 97871, 100, 503.76
2026/10/09 04:27:17.456, 0, 84216, 97871, 0, 344.93
2026/10/09 04:27:17.456, 1, 84217, 97871, 0, 337.00
2026/10/09 04:27:17.456, 2, 84216, 97871, 99, 452.87
2026/10/09 04:27:17.456, 3, 84219, 97871, 99, 445.63
2026/10/09 04:27:18.456, 0, 84216, 97871, 100, 341.92
2026/10/09 04:27:18.456, 1, 84217, 97871, 100, 357.83
2026/10/09 04:27:18.456, 2, 84216, 97871, 100, 433.68
2026/10/09 04:27:18.456, 3, 84219, 97871, 100, 423.76
2026/10/09 04:27:19.456, 0, 84216, 97871, 100, 505.78
2026/10/09 04:27:19.456, 1, 84217, 97871, 100, 496.07
2026/10/09 04:27:19.456, 2, 84216, 97871, 100, 503.84
2026/10/09 04:27:19.457, 3, 84219, 97871, 100, 518.19
2026/10/09 04:27:20.457, 0, 84216, 97871, 100, 503.93
2026/10/09 04:27:20.461, 1, 84217, 97871, 100, 496.38
2026/10/09 04:27:20.461, 2, 84216, 97871, 100, 506.64
2026/10/09 04:27:20.461, 3, 84219, 97871, 100, 507.32
2026/10/09 04:27:21.461, 0, 84216, 97871, 100, 502.64
2026/10/09 04:27:21.461, 1, 84217, 97871, 100, 496.19
2026/10/09 04:27:21.461, 2, 84216, 97871, 98, 502.43
2026/10/09 04:27:21.461, 3, 84219, 97871, 100, 506.88
2026/10/09 04:27:22.461, 0, 84216, 97871, 71, 444.18
2026/10/09 04:27:22.461, 1, 84217, 97871, 100, 440.26
2026/10/09 04:27:22.461, 2, 84216, 97871, 98, 499.30
2026/10/09 04:27:22.461, 3, 84219, 97871, 99, 513.31
2026/10/09 04:27:23.462, 0, 84216, 97871, 100, 504.10
2026/10/09 04:27:23.462, 1, 84217, 97871, 100, 498.31
2026/10/09 04:27:23.462, 2, 84216, 97871, 98, 500.12
2026/10/09 04:27:23.462, 3, 84219, 97871, 94, 513.40
2026/10/09 04:27:24.462, 0, 84216, 97871, 99, 469.74
2026/10/09 04:27:24.462, 1, 84217, 97871, 100, 463.85
2026/10/09 04:27:24.462, 2, 84216, 97871, 0, 383.49
2026/10/09 04:27:24.462, 3, 84219, 97871, 26, 379.06
2026/10/09 04:27:25.462, 0, 84216, 97871, 100, 455.72
2026/10/09 04:27:25.462, 1, 84217, 97871, 100, 450.57
2026/10/09 04:27:25.462, 2, 84216, 97871, 100, 459.97
2026/10/09 04:27:25.462, 3, 84219, 97871, 100, 475.33
2026/10/09 04:27:26.462, 0, 84216, 97871, 100, 507.94
2026/10/09 04:27:26.462, 1, 84217, 97871, 100, 495.28
2026/10/09 04:27:26.462, 2, 84216, 97871, 100, 500.61
2026/10/09 04:27:26.462, 3, 84219, 97871, 100, 511.67
2026/10/09 04:27:27.462, 0, 84216, 97871, 100, 508.33
2026/10/09 04:27:27.462, 1, 84217, 97871, 100, 493.14
2026/10/09 04:27:27.462, 2, 84216, 97871, 100, 504.59
2026/10/09 04:27:27.462, 3, 84219, 97871, 100, 509.81
2026/10/09 04:27:28.463, 0, 84216, 97871, 100, 504.03
2026/10/09 04:27:28.463, 1, 84217, 97871, 100, 498.48
2026/10/09 04:27:28.463, 2, 84216, 97871, 100, 500.72
2026/10/09 04:27:28.463, 3, 84219, 97871, 100, 504.46
2026/10/09 04:27:29.463, 0, 84216, 97871, 100, 497.66
2026/10/09 04:27:29.463, 1, 84217, 97871, 100, 481.70
2026/10/09 04:27:29.463, 2, 84216, 97871, 100, 496.21
2026/10/09 04:27:29.463, 3, 84219, 97871, 100, 506.70
2026/10/09 04:27:30.463, 0, 84216, 97871, 100, 496.92
2026/10/09 04:27:30.469, 1, 84217, 97871, 100, 492.19
2026/10/09 04:27:30.469, 2, 84216, 97871, 100, 496.54
2026/10/09 04:27:30.469, 3, 84219, 97871, 100, 506.02
2026/10/09 04:27:31.469, 0, 84216, 97871, 79, 494.61
2026/10/09 04:27:31.469, 1, 84217, 97871, 100, 486.05
2026/10/09 04:27:31.469, 2, 84216, 97871, 100, 493.49
2026/10/09 04:27:31.469, 3, 84219, 97871, 100, 501.65
2026/10/09 04:27:32.469, 0, 84216, 97871, 100, 500.06
2026/10/09 04:27:32.469, 1, 84217, 97871, 100, 480.14
2026/10/09 04:27:32.469, 2, 84216, 97871, 100, 491.69
2026/10/09 04:27:32.469, 3, 84219, 97871, 100, 500.06
2026/10/09 04:27:33.469, 0, 84216, 97871, 100, 494.55
2026/10/09 04:27:33.469, 1, 84217, 97871, 100, 487.25
2026/10/09 04:27:33.469, 2, 84216, 97871, 100, 492.37
2026/10/09 04:27:33.469, 3, 84219, 97871, 100, 500.91
2026/10/09 04:27:34.469, 0, 84216, 97871, 100, 497.58
2026/10/09 04:27:34.469, 1, 84217, 97871, 100, 487.66
2026/10/09 04:27:34.469, 2, 84216, 97871, 100, 495.99
2026/10/09 04:27:34.469, 3, 84219, 97871, 100, 497.10
2026/10/09 04:27:35.470, 0, 84216, 97871, 100, 498.11
2026/10/09 04:27:35.470, 1, 84217, 97871, 100, 491.84
2026/10/09 04:27:35.470, 2, 84216, 97871, 100, 493.73
2026/10/09 04:27:35.470, 3, 84219, 97871, 100, 503.74
2026/10/09 04:27:36.470, 0, 84216, 97871, 100, 495.88
2026/10/09 04:27:36.470, 1, 84217, 97871, 100, 489.06
2026/10/09 04:27:36.470, 2, 84216, 97871, 100, 495.37
2026/10/09 04:27:36.470, 3, 84219, 97871, 100, 499.76
2026/10/09 04:27:37.470, 0, 84216, 97871, 100, 495.21
2026/10/09 04:27:37.470, 1, 84217, 97871, 100, 487.27
2026/10/09 04:27:37.470, 2, 84216, 97871, 100, 492.00
2026/10/09 04:27:37.470, 3, 84219, 97871, 100, 506.96
2026/10/09 04:27:38.470, 0, 84216, 97871, 100, 493.36
2026/10/09 04:27:38.470, 1, 84217, 97871, 100, 483.69
2026/10/09 04:27:38.470, 2, 84216, 97871, 100, 491.86
2026/10/09 04:27:38.470, 3, 84219, 97871, 100, 500.35
2026/10/09 04:27:39.470, 0, 84216, 97871, 100, 502.05
2026/10/09 04:27:39.471, 1, 84217, 97871, 100, 485.48
2026/10/09 04:27:39.471, 2, 84216, 97871, 100, 491.22
2026/10/09 04:27:39.471, 3, 84219, 97871, 100, 498.10
2026/10/09 04:27:40.471, 0, 84216, 97871, 100, 489.64
2026/10/09 04:27:40.475, 1, 84217, 97871, 100, 486.13
2026/10/09 04:27:40.475, 2, 84216, 97871, 100, 490.86
2026/10/09 04:27:40.475, 3, 84219, 97871, 100, 490.91
2026/10/09 04:27:41.475, 0, 84216, 97871, 100, 486.05
2026/10/09 04:27:41.475, 1, 84217, 97871, 100, 476.42
2026/10/09 04:27:41.475, 2, 84216, 97871, 100, 492.89
2026/10/09 04:27:41.475, 3, 84219, 97871, 100, 500.32
2026/10/09 04:27:42.475, 0, 84216, 97871, 100, 489.56
2026/10/09 04:27:42.475, 1, 84217, 97871, 100, 484.48
2026/10/09 04:27:42.475, 2, 84216, 97871, 100, 496.24
2026/10/09 04:27:42.476, 3, 84219, 97871, 100, 500.12
2026/10/09 04:27:43.476, 0, 84216, 97871, 100, 496.64
2026/10/09 04:27:43.476, 1, 84217, 97871, 100, 486.89
2026/10/09 04:27:43.476, 2, 84216, 97871, 100, 494.79
2026/10/09 04:27:43.476, 3, 84219, 97871, 100, 505.49
2026/10/09 04:27:44.476, 0, 84216, 97871, 100, 501.90
2026/10/09 04:27:44.476, 1, 84217, 97871, 100, 485.53
2026/10/09 04:27:44.476, 2, 84216, 97871, 100, 490.55
2026/10/09 04:27:44.476, 3, 84219, 97871, 100, 505.30
2026/10/09 04:27:45.476, 0, 84216, 97871, 100, 496.93
2026/10/09 04:27:45.476, 1, 84217, 97871, 100, 485.06
2026/10/09 04:27:45.476, 2, 84216, 97871, 100, 493.61
2026/10/09 04:27:45.476, 3, 84219, 97871, 100, 503.32
2026/10/09 04:27:46.476, 0, 84216, 97871, 100, 489.23
2026/10/09 04:27:46.476, 1, 84217, 97871, 100, 480.67
2026/10/09 04:27:46.476, 2, 84216, 97871, 100, 493.00
2026/10/09 04:27:46.476, 3, 84219, 97871, 100, 494.76
2026/10/09 04:27:47.476, 0, 84216, 97871, 100, 490.26
2026/10/09 04:27:47.476, 1, 84217, 97871, 100, 475.93
2026/10/09 04:27:47.477, 2, 84216, 97871, 100, 503.63
2026/10/09 04:27:47.477, 3, 84219, 97871, 100, 515.12
2026/10/09 04:27:48.477, 0, 84216, 97871, 100, 508.42
2026/10/09 04:27:48.477, 1, 84217, 97871, 100, 498.10
2026/10/09 04:27:48.477, 2, 84216, 97871, 99, 441.80
2026/10/09 04:27:48.477, 3, 84219, 97871, 99, 458.85
2026/10/09 04:27:49.477, 0, 84216, 97871, 100, 382.27
2026/10/09 04:27:49.477, 1, 84217, 97871, 100, 384.46
2026/10/09 04:27:49.477, 2, 84216, 97871, 100, 273.69
2026/10/09 04:27:49.477, 3, 84219, 97871, 100, 259.04
2026/10/09 04:27:50.477, 0, 84216, 97871, 100, 505.81
2026/10/09 04:27:50.495, 1, 84217, 97871, 100, 497.08
2026/10/09 04:27:50.496, 2, 84216, 97871, 100, 503.56
2026/10/09 04:27:50.496, 3, 84219, 97871, 100, 512.01
2026/10/09 04:27:51.496, 0, 84216, 97871, 100, 503.71
2026/10/09 04:27:51.496, 1, 84217, 97871, 100, 496.73
2026/10/09 04:27:51.496, 2, 84216, 97871, 100, 503.78
2026/10/09 04:27:51.496, 3, 84219, 97871, 100, 512.34
2026/10/09 04:27:52.496, 0, 84216, 97871, 100, 503.52
2026/10/09 04:27:52.496, 1, 84217, 97871, 100, 497.39
2026/10/09 04:27:52.496, 2, 84216, 97871, 100, 506.12
2026/10/09 04:27:52.496, 3, 84219, 97871, 100, 510.16
2026/10/09 04:27:53.496, 0, 84216, 97871, 100, 504.26
2026/10/09 04:27:53.496, 1, 84217, 97871, 100, 498.07
2026/10/09 04:27:53.496, 2, 84216, 97871, 99, 499.88
2026/10/09 04:27:53.496, 3, 84219, 97871, 100, 505.90
2026/10/09 04:27:54.496, 0, 84216, 97871, 100, 505.31
2026/10/09 04:27:54.496, 1, 84217, 97871, 100, 499.50
2026/10/09 04:27:54.496, 2, 84216, 97871, 95, 502.33
2026/10/09 04:27:54.496, 3, 84219, 97871, 100, 509.54
2026/10/09 04:27:55.496, 0, 84216, 97871, 100, 506.25
2026/10/09 04:27:55.496, 1, 84217, 97871, 100, 497.79
2026/10/09 04:27:55.497, 2, 84216, 97871, 100, 503.61
2026/10/09 04:27:55.497, 3, 84219, 97871, 100, 509.78
2026/10/09 04:27:56.497, 0, 84216, 97871, 100, 504.12
2026/10/09 04:27:56.497, 1, 84217, 97871, 100, 496.20
2026/10/09 04:27:56.497, 2, 84216, 97871, 100, 507.92
2026/10/09 04:27:56.497, 3, 84219, 97871, 100, 510.01
2026/10/09 04:27:57.497, 0, 84216, 97871, 100, 495.76
2026/10/09 04:27:57.497, 1, 84217, 97871, 100, 483.27
2026/10/09 04:27:57.497, 2, 84216, 97871, 100, 491.26
2026/10/09 04:27:57.497, 3, 84219, 97871, 100, 494.27
2026/10/09 04:27:58.497, 0, 84216, 97871, 90, 476.20
2026/10/09 04:27:58.497, 1, 84217, 97871, 98, 476.86
2026/10/09 04:27:58.497, 2, 84216, 97871, 97, 486.60
2026/10/09 04:27:58.497, 3, 84219, 97871, 99, 497.90
2026/10/09 04:27:59.497, 0, 84216, 97871, 71, 423.66
2026/10/09 04:27:59.497, 1, 84217, 97871, 100, 428.68
2026/10/09 04:27:59.497, 2, 84216, 97871, 96, 443.88
2026/10/09 04:27:59.497, 3, 84219, 97871, 66, 445.18
2026/10/09 04:28:00.497, 0, 84216, 97871, 73, 407.48
2026/10/09 04:28:00.505, 1, 84217, 97871, 100, 409.37
2026/10/09 04:28:00.505, 2, 84218, 97871, 100, 476.41
2026/10/09 04:28:00.505, 3, 84221, 97871, 100, 480.63
2026/10/09 04:28:01.505, 0, 84216, 97871, 100, 492.92
2026/10/09 04:28:01.505, 1, 84217, 97871, 100, 488.42
2026/10/09 04:28:01.505, 2, 84218, 97871, 0, 365.43
2026/10/09 04:28:01.505, 3, 84221, 97871, 0, 362.80
2026/10/09 04:28:02.505, 0, 84216, 97871, 100, 386.37
2026/10/09 04:28:02.506, 1, 84217, 97871, 100, 385.88
2026/10/09 04:28:02.506, 2, 84218, 97871, 100, 347.48
2026/10/09 04:28:02.506, 3, 84221, 97871, 100, 355.82
2026/10/09 04:28:03.506, 0, 84216, 97871, 100, 504.69
2026/10/09 04:28:03.506, 1, 84217, 97871, 100, 498.54
2026/10/09 04:28:03.506, 2, 84218, 97871, 100, 499.76
2026/10/09 04:28:03.506, 3, 84221, 97871, 100, 516.37
2026/10/09 04:28:04.506, 0, 84216, 97871, 100, 502.53
2026/10/09 04:28:04.506, 1, 84217, 97871, 100, 499.09
2026/10/09 04:28:04.506, 2, 84218, 97871, 100, 503.20
2026/10/09 04:28:04.506, 3, 84221, 97871, 100, 509.44
2026/10/09 04:28:05.506, 0, 84216, 97871, 100, 507.75
2026/10/09 04:28:05.506, 1, 84217, 97871, 100, 497.09
2026/10/09 04:28:05.506, 2, 84218, 97871, 100, 503.68
2026/10/09 04:28:05.506, 3, 84221, 97871, 100, 509.45
2026/10/09 04:28:06.506, 0, 84216, 97871, 100, 504.51
2026/10/09 04:28:06.506, 1, 84217, 97871, 100, 502.17
2026/10/09 04:28:06.506, 2, 84218, 97871, 100, 498.53
2026/10/09 04:28:06.506, 3, 84221, 97871, 100, 512.11
2026/10/09 04:28:07.506, 0, 84216, 97871, 100, 505.23
2026/10/09 04:28:07.506, 1, 84217, 97871, 100, 494.59
2026/10/09 04:28:07.507, 2, 84218, 97871, 100, 502.72
2026/10/09 04:28:07.507, 3, 84221, 97871, 100, 507.51
2026/10/09 04:28:08.507, 0, 84216, 97871, 100, 506.95
2026/10/09 04:28:08.507, 1, 84217, 97871, 100, 499.42
2026/10/09 04:28:08.507, 2, 84218, 97871, 100, 503.79
2026/10/09 04:28:08.507, 3, 84221, 97871, 100, 507.67
2026/10/09 04:28:09.507, 0, 84216, 97871, 100, 505.19
2026/10/09 04:28:09.507, 1, 84217, 97871, 100, 494.37
2026/10/09 04:28:09.507, 2, 84218, 97871, 100, 497.80
2026/10/09 04:28:09.507, 3, 84221, 97871, 100, 509.68
2026/10/09 04:28:10.507, 0, 84216, 97871, 100, 494.84
2026/10/09 04:28:10.512, 1, 84217, 97871, 100, 482.10
2026/10/09 04:28:10.512, 2, 84218, 97871, 100, 487.89
2026/10/09 04:28:10.512, 3, 84221, 97871, 100, 497.31
2026/10/09 04:28:11.512, 0, 84216, 97871, 100, 496.64
2026/10/09 04:28:11.512, 1, 84217, 97871, 100, 488.20
2026/10/09 04:28:11.512, 2, 84218, 97871, 100, 489.41
2026/10/09 04:28:11.512, 3, 84221, 97871, 100, 498.58
2026/10/09 04:28:12.512, 0, 84216, 97871, 100, 500.45
2026/10/09 04:28:12.512, 1, 84217, 97871, 100, 490.05
2026/10/09 04:28:12.512, 2, 84218, 97871, 100, 494.24
2026/10/09 04:28:12.512, 3, 84221, 97871, 100, 501.34
2026/10/09 04:28:13.512, 0, 84216, 97871, 97, 497.63
2026/10/09 04:28:13.512, 1, 84217, 97871, 99, 486.00
2026/10/09 04:28:13.512, 2, 84218, 97871, 100, 487.51
2026/10/09 04:28:13.512, 3, 84221, 97871, 100, 499.68
2026/10/09 04:28:14.512, 0, 84216, 97871, 100, 497.77
2026/10/09 04:28:14.512, 1, 84217, 97871, 100, 488.59
2026/10/09 04:28:14.513, 2, 84218, 97871, 100, 496.53
2026/10/09 04:28:14.513, 3, 84221, 97871, 100, 503.00
2026/10/09 04:28:15.513, 0, 84216, 97871, 100, 496.46
2026/10/09 04:28:15.513, 1, 84217, 97871, 100, 488.60
2026/10/09 04:28:15.513, 2, 84218, 97871, 100, 489.91
2026/10/09 04:28:15.513, 3, 84221, 97871, 100, 502.12
2026/10/09 04:28:16.513, 0, 84216, 97871, 100, 496.11
2026/10/09 04:28:16.513, 1, 84217, 97871, 100, 489.73
2026/10/09 04:28:16.513, 2, 84218, 97871, 100, 489.82
2026/10/09 04:28:16.513, 3, 84221, 97871, 100, 501.45
2026/10/09 04:28:17.513, 0, 84216, 97871, 100, 497.00
2026/10/09 04:28:17.513, 1, 84217, 97871, 100, 493.99
2026/10/09 04:28:17.513, 2, 84218, 97871, 100, 495.57
2026/10/09 04:28:17.513, 3, 84221, 97871, 100, 504.40
2026/10/09 04:28:18.513, 0, 84216, 97871, 100, 497.02
2026/10/09 04:28:18.513, 1, 84217, 97871, 100, 492.58
2026/10/09 04:28:18.513, 2, 84218, 97871, 100, 493.01
2026/10/09 04:28:18.513, 3, 84221, 97871, 100, 502.27
2026/10/09 04:28:19.514, 0, 84216, 97871, 100, 503.07
2026/10/09 04:28:19.514, 1, 84217, 97871, 100, 493.78
2026/10/09 04:28:19.514, 2, 84218, 97871, 100, 503.04
2026/10/09 04:28:19.514, 3, 84221, 97871, 100, 503.15
2026/10/09 04:28:20.514, 0, 84216, 97871, 100, 492.91
2026/10/09 04:28:20.519, 1, 84217, 97871, 100, 492.01
2026/10/09 04:28:20.519, 2, 84218, 97871, 100, 494.87
2026/10/09 04:28:20.519, 3, 84221, 97871, 100, 497.62
2026/10/09 04:28:21.519, 0, 84216, 97871, 100, 491.96
2026/10/09 04:28:21.519, 1, 84217, 97871, 100, 486.42
2026/10/09 04:28:21.519, 2, 84218, 97871, 100, 492.45
2026/10/09 04:28:21.519, 3, 84221, 97871, 100, 497.25
2026/10/09 04:28:22.520, 0, 84216, 97871, 100, 500.82
2026/10/09 04:28:22.520, 1, 84217, 97871, 100, 493.67
2026/10/09 04:28:22.520, 2, 84218, 97871, 100, 499.89
2026/10/09 04:28:22.520, 3, 84221, 97871, 100, 502.05
2026/10/09 04:28:23.520, 0, 84216, 97871, 100, 500.54
2026/10/09 04:28:23.520, 1, 84217, 97871, 100, 487.62
2026/10/09 04:28:23.520, 2, 84218, 97871, 100, 492.10
2026/10/09 04:28:23.520, 3, 84221, 97871, 100, 501.12
2026/10/09 04:28:24.520, 0, 84216, 97871, 100, 501.81
2026/10/09 04:28:24.520, 1, 84217, 97871, 100, 494.64
2026/10/09 04:28:24.520, 2, 84218, 97871, 100, 497.39
2026/10/09 04:28:24.520, 3, 84221, 97871, 100, 506.26
2026/10/09 04:28:25.520, 0, 84216, 97871, 100, 503.29
2026/10/09 04:28:25.520, 1, 84217, 97871, 100, 494.52
2026/10/09 04:28:25.520, 2, 84218, 97871, 100, 493.50
2026/10/09 04:28:25.520, 3, 84221, 97871, 100, 504.52
2026/10/09 04:28:26.520, 0, 84216, 97871, 100, 495.75
2026/10/09 04:28:26.520, 1, 84217, 97871, 100, 487.18
2026/10/09 04:28:26.520, 2, 84218, 97871, 100, 489.85
2026/10/09 04:28:26.520, 3, 84221, 97871, 100, 496.73
2026/10/09 04:28:27.521, 0, 84216, 97871, 100, 501.59
2026/10/09 04:28:27.521, 1, 84217, 97871, 100, 491.37
2026/10/09 04:28:27.521, 2, 84218, 97871, 100, 493.99
2026/10/09 04:28:27.521, 3, 84221, 97871, 100, 506.49
2026/10/09 04:28:28.521, 0, 84216, 97871, 100, 498.68
2026/10/09 04:28:28.521, 1, 84217, 97871, 100, 490.27
2026/10/09 04:28:28.521, 2, 84218, 97871, 100, 491.72
2026/10/09 04:28:28.521, 3, 84221, 97871, 100, 498.20
2026/10/09 04:28:29.521, 0, 84216, 97871, 100, 496.96
2026/10/09 04:28:29.521, 1, 84217, 97871, 100, 492.31
2026/10/09 04:28:29.521, 2, 84218, 97871, 100, 490.84
2026/10/09 04:28:29.521, 3, 84221, 97871, 100, 501.77
2026/10/09 04:28:30.521, 0, 84216, 97871, 100, 501.80
2026/10/09 04:28:30.527, 1, 84217, 97871, 100, 489.92
2026/10/09 04:28:30.527, 2, 84218, 97871, 100, 498.23
2026/10/09 04:28:30.527, 3, 84221, 97871, 100, 498.13
2026/10/09 04:28:31.528, 0, 84216, 97871, 100, 502.27
2026/10/09 04:28:31.528, 1, 84217, 97871, 100, 488.17
2026/10/09 04:28:31.528, 2, 84218, 97871, 100, 492.11
2026/10/09 04:28:31.528, 3, 84221, 97871, 100, 501.17
2026/10/09 04:28:32.528, 0, 84216, 97871, 100, 498.17
2026/10/09 04:28:32.528, 1, 84217, 97871, 100, 486.68
2026/10/09 04:28:32.528, 2, 84218, 97871, 100, 494.58
2026/10/09 04:28:32.528, 3, 84221, 97871, 100, 498.38
2026/10/09 04:28:33.528, 0, 84216, 97871, 100, 494.44
2026/10/09 04:28:33.528, 1, 84217, 97871, 100, 489.08
2026/10/09 04:28:33.528, 2, 84218, 97871, 100, 489.33
2026/10/09 04:28:33.528, 3, 84221, 97871, 100, 502.02
2026/10/09 04:28:34.528, 0, 84216, 97871, 100, 496.54
2026/10/09 04:28:34.528, 1, 84217, 97871, 100, 492.06
2026/10/09 04:28:34.528, 2, 84218, 97871, 100, 498.17
2026/10/09 04:28:34.528, 3, 84221, 97871, 100, 499.12
2026/10/09 04:28:35.528, 0, 84216, 97871, 100, 499.34
2026/10/09 04:28:35.528, 1, 84217, 97871, 100, 492.27
2026/10/09 04:28:35.528, 2, 84218, 97871, 100, 493.88
2026/10/09 04:28:35.529, 3, 84221, 97871, 100, 505.73
2026/10/09 04:28:36.529, 0, 84216, 97871, 100, 499.69
2026/10/09 04:28:36.529, 1, 84217, 97871, 100, 494.05
2026/10/09 04:28:36.529, 2, 84218, 97871, 100, 494.59
2026/10/09 04:28:36.529, 3, 84221, 97871, 100, 502.40
2026/10/09 04:28:37.529, 0, 84216, 97871, 100, 504.26
2026/10/09 04:28:37.529, 1, 84217, 97871, 100, 493.65
2026/10/09 04:28:37.529, 2, 84218, 97871, 100, 497.65
2026/10/09 04:28:37.529, 3, 84221, 97871, 100, 501.26
2026/10/09 04:28:38.529, 0, 84216, 97871, 100, 498.35
2026/10/09 04:28:38.529, 1, 84217, 97871, 100, 491.65
2026/10/09 04:28:38.529, 2, 84218, 97871, 100, 490.96
2026/10/09 04:28:38.529, 3, 84221, 97871, 100, 497.61
2026/10/09 04:28:39.529, 0, 84216, 97871, 100, 495.59
2026/10/09 04:28:39.529, 1, 84217, 97871, 100, 488.30
2026/10/09 04:28:39.529, 2, 84218, 97871, 100, 488.72
2026/10/09 04:28:39.529, 3, 84221, 97871, 100, 497.91
2026/10/09 04:28:40.529, 0, 84216, 97871, 100, 501.42
2026/10/09 04:28:40.534, 1, 84217, 97871, 100, 487.32
2026/10/09 04:28:40.534, 2, 84218, 97871, 100, 494.76
2026/10/09 04:28:40.534, 3, 84221, 97871, 100, 506.67
2026/10/09 04:28:41.534, 0, 84216, 97871, 100, 501.30
2026/10/09 04:28:41.534, 1, 84217, 97871, 100, 492.73
2026/10/09 04:28:41.534, 2, 84218, 97871, 100, 493.76
2026/10/09 04:28:41.534, 3, 84221, 97871, 100, 504.19
2026/10/09 04:28:42.534, 0, 84216, 97871, 100, 496.87
2026/10/09 04:28:42.534, 1, 84217, 97871, 100, 487.82
2026/10/09 04:28:42.534, 2, 84218, 97871, 100, 499.67
2026/10/09 04:28:42.534, 3, 84221, 97871, 100, 509.34
2026/10/09 04:28:43.535, 0, 84216, 97871, 100, 494.67
2026/10/09 04:28:43.535, 1, 84217, 97871, 100, 485.87
2026/10/09 04:28:43.535, 2, 84218, 97871, 100, 492.21
2026/10/09 04:28:43.535, 3, 84221, 97871, 100, 502.36
2026/10/09 04:28:44.535, 0, 84216, 97871, 100, 498.79
2026/10/09 04:28:44.535, 1, 84217, 97871, 100, 490.67
2026/10/09 04:28:44.535, 2, 84218, 97871, 100, 489.89
2026/10/09 04:28:44.535, 3, 84221, 97871, 100, 497.95
2026/10/09 04:28:45.535, 0, 84216, 97871, 100, 496.71
2026/10/09 04:28:45.535, 1, 84217, 97871, 100, 487.87
2026/10/09 04:28:45.535, 2, 84218, 97871, 100, 489.30
2026/10/09 04:28:45.535, 3, 84221, 97871, 100, 498.30
2026/10/09 04:28:46.536, 0, 84218, 97871, 69, 443.39
2026/10/09 04:28:46.536, 1, 84219, 97871, 100, 450.71
2026/10/09 04:28:46.536, 2, 84218, 97871, 67, 458.12
2026/10/09 04:28:46.536, 3, 84221, 97871, 100, 467.00
2026/10/09 04:28:47.536, 0, 84218, 97871, 100, 439.45
2026/10/09 04:28:47.536, 1, 84219, 97871, 100, 458.48
2026/10/09 04:28:47.536, 2, 84218, 97871, 100, 491.48
2026/10/09 04:28:47.536, 3, 84221, 97871, 100, 492.23
2026/10/09 04:28:48.536, 0, 84218, 97871, 60, 462.23
2026/10/09 04:28:48.536, 1, 84219, 97871, 92, 443.53
2026/10/09 04:28:48.536, 2, 84218, 97871, 99, 457.70
2026/10/09 04:28:48.536, 3, 84221, 97871, 99, 463.90
2026/10/09 04:28:49.536, 0, 84218, 97871, 100, 279.98
2026/10/09 04:28:49.537, 1, 84219, 97871, 100, 303.90
2026/10/09 04:28:49.537, 2, 84218, 97871, 100, 307.37
2026/10/09 04:28:49.537, 3, 84221, 97871, 100, 311.35
2026/10/09 04:28:50.537, 0, 84218, 97871, 100, 507.14
2026/10/09 04:28:50.543, 1, 84219, 97871, 100, 492.66
2026/10/09 04:28:50.543, 2, 84218, 97871, 100, 503.71
2026/10/09 04:28:50.543, 3, 84221, 97871, 100, 510.05
2026/10/09 04:28:51.543, 0, 84218, 97871, 100, 508.89
2026/10/09 04:28:51.543, 1, 84219, 97871, 100, 495.86
2026/10/09 04:28:51.543, 2, 84218, 97871, 100, 500.29
2026/10/09 04:28:51.543, 3, 84221, 97871, 100, 514.03
2026/10/09 04:28:52.543, 0, 84218, 97871, 100, 505.31
2026/10/09 04:28:52.543, 1, 84219, 97871, 100, 497.52
2026/10/09 04:28:52.543, 2, 84218, 97871, 100, 507.68
2026/10/09 04:28:52.543, 3, 84221, 97871, 100, 509.15
2026/10/09 04:28:53.543, 0, 84218, 97871, 100, 503.12
2026/10/09 04:28:53.543, 1, 84219, 97871, 100, 495.02
2026/10/09 04:28:53.543, 2, 84218, 97871, 100, 502.11
2026/10/09 04:28:53.543, 3, 84221, 97871, 100, 515.47
2026/10/09 04:28:54.544, 0, 84218, 97871, 100, 504.48
2026/10/09 04:28:54.544, 1, 84219, 97871, 100, 495.40
2026/10/09 04:28:54.544, 2, 84218, 97871, 100, 502.92
2026/10/09 04:28:54.544, 3, 84221, 97871, 100, 510.54
2026/10/09 04:28:55.544, 0, 84218, 97871, 100, 504.89
2026/10/09 04:28:55.544, 1, 84219, 97871, 100, 499.76
2026/10/09 04:28:55.544, 2, 84218, 97871, 100, 504.58
2026/10/09 04:28:55.544, 3, 84221, 97871, 100, 507.66
2026/10/09 04:28:56.544, 0, 84218, 97871, 100, 502.89
2026/10/09 04:28:56.544, 1, 84219, 97871, 100, 497.43
2026/10/09 04:28:56.544, 2, 84218, 97871, 100, 500.65
2026/10/09 04:28:56.544, 3, 84221, 97871, 100, 513.01
2026/10/09 04:28:57.544, 0, 84218, 97871, 100, 507.90
2026/10/09 04:28:57.544, 1, 84219, 97871, 100, 495.97
2026/10/09 04:28:57.544, 2, 84218, 97871, 100, 502.80
2026/10/09 04:28:57.544, 3, 84221, 97871, 100, 510.60
2026/10/09 04:28:58.544, 0, 84218, 97871, 100, 500.15
2026/10/09 04:28:58.545, 1, 84219, 97871, 100, 500.79
2026/10/09 04:28:58.545, 2, 84218, 97871, 100, 504.93
2026/10/09 04:28:58.545, 3, 84221, 97871, 100, 510.19
2026/10/09 04:28:59.545, 0, 85626, 97871, 100, 504.12
2026/10/09 04:28:59.545, 1, 85627, 97871, 100, 506.58
2026/10/09 04:28:59.545, 2, 85624, 97871, 100, 501.28
2026/10/09 04:28:59.545, 3, 85627, 97871, 100, 511.44
2026/10/09 04:29:00.545, 0, 85626, 97871, 100, 503.63
2026/10/09 04:29:00.549, 1, 85627, 97871, 100, 505.35
2026/10/09 04:29:00.549, 2, 85624, 97871, 100, 504.50
2026/10/09 04:29:00.549, 3, 85627, 97871, 100, 512.07
2026/10/09 04:29:01.549, 0, 85626, 97871, 100, 506.19
2026/10/09 04:29:01.550, 1, 85627, 97871, 100, 497.58
2026/10/09 04:29:01.550, 2, 85624, 97871, 100, 502.35
2026/10/09 04:29:01.550, 3, 85627, 97871, 100, 508.81
2026/10/09 04:29:02.550, 0, 85626, 97871, 100, 509.19
2026/10/09 04:29:02.550, 1, 85627, 97871, 100, 498.92
2026/10/09 04:29:02.550, 2, 85624, 97871, 100, 501.71
2026/10/09 04:29:02.550, 3, 85627, 97871, 100, 509.28
2026/10/09 04:29:03.550, 0, 85626, 97871, 100, 509.42
2026/10/09 04:29:03.550, 1, 85627, 97871, 100, 502.12
2026/10/09 04:29:03.550, 2, 85624, 97871, 100, 503.22
2026/10/09 04:29:03.550, 3, 85627, 97871, 100, 506.93
2026/10/09 04:29:04.550, 0, 85626, 97871, 100, 512.75
2026/10/09 04:29:04.550, 1, 85627, 97871, 100, 498.17
2026/10/09 04:29:04.550, 2, 85624, 97871, 100, 502.40
2026/10/09 04:29:04.550, 3, 85627, 97871, 100, 510.81
2026/10/09 04:29:05.550, 0, 85626, 97871, 100, 497.57
2026/10/09 04:29:05.550, 1, 85627, 97871, 100, 487.67
2026/10/09 04:29:05.550, 2, 85624, 97871, 100, 497.67
2026/10/09 04:29:05.551, 3, 85627, 97871, 100, 498.65
2026/10/09 04:29:06.551, 0, 85626, 97871, 100, 492.20
2026/10/09 04:29:06.551, 1, 85627, 97871, 100, 480.70
2026/10/09 04:29:06.551, 2, 85624, 97871, 99, 476.24
2026/10/09 04:29:06.551, 3, 85627, 97871, 99, 492.57
2026/10/09 04:29:07.551, 0, 85626, 97871, 100, 498.29
2026/10/09 04:29:07.551, 1, 85627, 97871, 100, 482.61
2026/10/09 04:29:07.551, 2, 85624, 97871, 100, 483.81
2026/10/09 04:29:07.551, 3, 85627, 97871, 100, 498.91
2026/10/09 04:29:08.551, 0, 85626, 97871, 99, 491.80
2026/10/09 04:29:08.551, 1, 85627, 97871, 100, 482.29
2026/10/09 04:29:08.551, 2, 85624, 97871, 100, 486.67
2026/10/09 04:29:08.551, 3, 85627, 97871, 100, 499.22
2026/10/09 04:29:09.551, 0, 85626, 97871, 99, 494.09
2026/10/09 04:29:09.551, 1, 85627, 97871, 99, 477.53
2026/10/09 04:29:09.551, 2, 85624, 97871, 100, 489.45
2026/10/09 04:29:09.551, 3, 85627, 97871, 100, 503.52
2026/10/09 04:29:10.552, 0, 85626, 97871, 100, 491.35
2026/10/09 04:29:10.557, 1, 85627, 97871, 100, 480.46
2026/10/09 04:29:10.557, 2, 85624, 97871, 100, 486.81
2026/10/09 04:29:10.557, 3, 85627, 97871, 100, 497.86
2026/10/09 04:29:11.558, 0, 85626, 97871, 100, 465.36
2026/10/09 04:29:11.558, 1, 85627, 97871, 100, 466.22
2026/10/09 04:29:11.558, 2, 85624, 97871, 100, 473.90
2026/10/09 04:29:11.558, 3, 85627, 97871, 68, 481.74
2026/10/09 04:29:12.558, 0, 85626, 97871, 0, 327.87
2026/10/09 04:29:12.558, 1, 85627, 97871, 0, 313.36
2026/10/09 04:29:12.558, 2, 85624, 97871, 99, 469.73
2026/10/09 04:29:12.558, 3, 85627, 97871, 99, 484.60
2026/10/09 04:29:13.558, 0, 85626, 97871, 100, 338.41
2026/10/09 04:29:13.558, 1, 85627, 97871, 100, 341.74
2026/10/09 04:29:13.558, 2, 85624, 97871, 100, 340.14
2026/10/09 04:29:13.558, 3, 85627, 97871, 100, 343.54
2026/10/09 04:29:14.558, 0, 85626, 97871, 100, 510.72
2026/10/09 04:29:14.558, 1, 85627, 97871, 100, 493.49
2026/10/09 04:29:14.558, 2, 85624, 97871, 100, 505.62
2026/10/09 04:29:14.558, 3, 85627, 97871, 100, 514.51
2026/10/09 04:29:15.559, 0, 85626, 97871, 100, 509.32
2026/10/09 04:29:15.559, 1, 85627, 97871, 100, 495.52
2026/10/09 04:29:15.559, 2, 85624, 97871, 100, 502.98
2026/10/09 04:29:15.559, 3, 85627, 97871, 100, 513.40
2026/10/09 04:29:16.559, 0, 85626, 97871, 100, 505.73
2026/10/09 04:29:16.559, 1, 85627, 97871, 100, 497.70
2026/10/09 04:29:16.559, 2, 85624, 97871, 100, 504.87
2026/10/09 04:29:16.559, 3, 85627, 97871, 100, 513.00
2026/10/09 04:29:17.559, 0, 85626, 97871, 100, 505.75
2026/10/09 04:29:17.559, 1, 85627, 97871, 100, 496.46
2026/10/09 04:29:17.559, 2, 85624, 97871, 100, 503.27
2026/10/09 04:29:17.559, 3, 85627, 97871, 100, 511.39
2026/10/09 04:29:18.559, 0, 85626, 97871, 100, 507.04
2026/10/09 04:29:18.559, 1, 85627, 97871, 100, 498.28
2026/10/09 04:29:18.559, 2, 85624, 97871, 100, 501.70
2026/10/09 04:29:18.559, 3, 85627, 97871, 100, 511.47
2026/10/09 04:29:19.560, 0, 85626, 97871, 100, 504.66
2026/10/09 04:29:19.560, 1, 85627, 97871, 100, 499.24
2026/10/09 04:29:19.560, 2, 85624, 97871, 100, 500.08
2026/10/09 04:29:19.560, 3, 85627, 97871, 100, 508.23
2026/10/09 04:29:20.560, 0, 85626, 97871, 100, 506.56
2026/10/09 04:29:20.566, 1, 85627, 97871, 100, 495.42
2026/10/09 04:29:20.566, 2, 85624, 97871, 100, 501.20
2026/10/09 04:29:20.566, 3, 85627, 97871, 100, 507.26
2026/10/09 04:29:21.566, 0, 85626, 97871, 100, 507.11
2026/10/09 04:29:21.566, 1, 85627, 97871, 100, 493.91
2026/10/09 04:29:21.566, 2, 85624, 97871, 100, 500.27
2026/10/09 04:29:21.566, 3, 85627, 97871, 100, 515.09
2026/10/09 04:29:22.566, 0, 85626, 97871, 100, 506.42
2026/10/09 04:29:22.566, 1, 85627, 97871, 100, 500.97
2026/10/09 04:29:22.566, 2, 85624, 97871, 100, 498.15
2026/10/09 04:29:22.566, 3, 85627, 97871, 100, 512.25
2026/10/09 04:29:23.566, 0, 85626, 97871, 100, 504.77
2026/10/09 04:29:23.567, 1, 85627, 97871, 100, 496.77
2026/10/09 04:29:23.567, 2, 85624, 97871, 100, 501.32
2026/10/09 04:29:23.567, 3, 85627, 97871, 100, 507.57
2026/10/09 04:29:24.567, 0, 85626, 97871, 100, 505.07
2026/10/09 04:29:24.567, 1, 85627, 97871, 100, 496.70
2026/10/09 04:29:24.567, 2, 85624, 97871, 100, 501.42
2026/10/09 04:29:24.567, 3, 85627, 97871, 100, 512.16
2026/10/09 04:29:25.567, 0, 85626, 97871, 100, 506.76
2026/10/09 04:29:25.567, 1, 85627, 97871, 100, 498.02
2026/10/09 04:29:25.567, 2, 85624, 97871, 100, 505.56
2026/10/09 04:29:25.567, 3, 85627, 97871, 100, 509.17
2026/10/09 04:29:26.567, 0, 85626, 97871, 100, 502.62
2026/10/09 04:29:26.567, 1, 85627, 97871, 100, 493.18
2026/10/09 04:29:26.567, 2, 85624, 97871, 100, 501.92
2026/10/09 04:29:26.567, 3, 85627, 97871, 100, 511.19
2026/10/09 04:29:27.567, 0, 85626, 97871, 100, 501.75
2026/10/09 04:29:27.567, 1, 85627, 97871, 100, 498.02
2026/10/09 04:29:27.567, 2, 85624, 97871, 100, 502.64
2026/10/09 04:29:27.567, 3, 85627, 97871, 100, 508.01
2026/10/09 04:29:28.568, 0, 85626, 97871, 100, 502.54
2026/10/09 04:29:28.568, 1, 85627, 97871, 100, 495.98
2026/10/09 04:29:28.568, 2, 85624, 97871, 100, 503.96
2026/10/09 04:29:28.568, 3, 85627, 97871, 100, 507.70
2026/10/09 04:29:29.568, 0, 85626, 97871, 100, 500.77
2026/10/09 04:29:29.568, 1, 85627, 97871, 100, 491.61
2026/10/09 04:29:29.568, 2, 85624, 97871, 100, 502.32
2026/10/09 04:29:29.568, 3, 85627, 97871, 100, 506.91
2026/10/09 04:29:30.568, 0, 85626, 97871, 100, 500.16
2026/10/09 04:29:30.572, 1, 85627, 97871, 100, 489.11
2026/10/09 04:29:30.572, 2, 85624, 97871, 100, 493.56
2026/10/09 04:29:30.572, 3, 85627, 97871, 100, 508.81
2026/10/09 04:29:31.572, 0, 85626, 97871, 100, 491.85
2026/10/09 04:29:31.572, 1, 85627, 97871, 100, 505.31
2026/10/09 04:29:31.573, 2, 85624, 97871, 100, 489.65
2026/10/09 04:29:31.573, 3, 85627, 97871, 100, 501.90
2026/10/09 04:29:32.573, 0, 85626, 97871, 100, 500.49
2026/10/09 04:29:32.573, 1, 85627, 97871, 100, 492.18
2026/10/09 04:29:32.573, 2, 85624, 97871, 100, 494.93
2026/10/09 04:29:32.573, 3, 85627, 97871, 100, 500.85
2026/10/09 04:29:33.573, 0, 85626, 97871, 100, 500.68
2026/10/09 04:29:33.573, 1, 85627, 97871, 100, 490.39
2026/10/09 04:29:33.573, 2, 85624, 97871, 100, 495.83
2026/10/09 04:29:33.573, 3, 85627, 97871, 100, 501.33
2026/10/09 04:29:34.573, 0, 85626, 97871, 100, 502.46
2026/10/09 04:29:34.573, 1, 85627, 97871, 100, 491.59
2026/10/09 04:29:34.573, 2, 85624, 97871, 100, 501.12
2026/10/09 04:29:34.573, 3, 85627, 97871, 100, 498.64
2026/10/09 04:29:35.573, 0, 85626, 97871, 100, 499.84
2026/10/09 04:29:35.573, 1, 85627, 97871, 100, 492.69
2026/10/09 04:29:35.573, 2, 85624, 97871, 100, 494.35
2026/10/09 04:29:35.573, 3, 85627, 97871, 100, 503.93
2026/10/09 04:29:36.574, 0, 85626, 97871, 100, 497.08
2026/10/09 04:29:36.574, 1, 85627, 97871, 100, 494.73
2026/10/09 04:29:36.574, 2, 85624, 97871, 100, 495.21
2026/10/09 04:29:36.574, 3, 85627, 97871, 100, 503.77
2026/10/09 04:29:37.574, 0, 85626, 97871, 100, 507.14
2026/10/09 04:29:37.574, 1, 85627, 97871, 100, 487.45
2026/10/09 04:29:37.574, 2, 85624, 97871, 100, 496.06
2026/10/09 04:29:37.574, 3, 85627, 97871, 100, 509.39
2026/10/09 04:29:38.574, 0, 85626, 97871, 100, 497.54
2026/10/09 04:29:38.574, 1, 85627, 97871, 100, 498.86
2026/10/09 04:29:38.574, 2, 85624, 97871, 100, 496.57
2026/10/09 04:29:38.574, 3, 85627, 97871, 100, 502.42
2026/10/09 04:29:39.574, 0, 85626, 97871, 100, 496.62
2026/10/09 04:29:39.574, 1, 85627, 97871, 100, 499.65
2026/10/09 04:29:39.574, 2, 85624, 97871, 100, 494.87
2026/10/09 04:29:39.574, 3, 85627, 97871, 100, 504.01
2026/10/09 04:29:40.575, 0, 85626, 97871, 100, 499.98
2026/10/09 04:29:40.593, 1, 85627, 97871, 100, 493.08
2026/10/09 04:29:40.593, 2, 85624, 97871, 100, 494.76
2026/10/09 04:29:40.593, 3, 85627, 97871, 100, 500.92
2026/10/09 04:29:41.593, 0, 85626, 97871, 100, 500.91
2026/10/09 04:29:41.593, 1, 85627, 97871, 100, 494.13
2026/10/09 04:29:41.593, 2, 85624, 97871, 100, 490.89
2026/10/09 04:29:41.593, 3, 85627, 97871, 100, 502.01
2026/10/09 04:29:42.593, 0, 85626, 97871, 100, 504.35
2026/10/09 04:29:42.593, 1, 85627, 97871, 100, 498.45
2026/10/09 04:29:42.593, 2, 85624, 97871, 100, 499.95
2026/10/09 04:29:42.593, 3, 85627, 97871, 100, 504.37
2026/10/09 04:29:43.593, 0, 85626, 97871, 100, 506.55
2026/10/09 04:29:43.594, 1, 85627, 97871, 100, 496.07
2026/10/09 04:29:43.594, 2, 85624, 97871, 100, 500.14
2026/10/09 04:29:43.594, 3, 85627, 97871, 100, 507.26
2026/10/09 04:29:44.594, 0, 85626, 97871, 100, 497.12
2026/10/09 04:29:44.594, 1, 85627, 97871, 100, 491.68
2026/10/09 04:29:44.594, 2, 85624, 97871, 100, 492.31
2026/10/09 04:29:44.594, 3, 85627, 97871, 100, 500.23
2026/10/09 04:29:45.594, 0, 85626, 97871, 100, 501.28
2026/10/09 04:29:45.594, 1, 85627, 97871, 100, 492.25
2026/10/09 04:29:45.594, 2, 85624, 97871, 100, 500.08
2026/10/09 04:29:45.594, 3, 85627, 97871, 100, 503.27
2026/10/09 04:29:46.594, 0, 85626, 97871, 100, 502.46
2026/10/09 04:29:46.594, 1, 85627, 97871, 100, 496.40
2026/10/09 04:29:46.594, 2, 85624, 97871, 100, 503.77
2026/10/09 04:29:46.594, 3, 85627, 97871, 100, 503.25
2026/10/09 04:29:47.594, 0, 85626, 97871, 100, 500.01
2026/10/09 04:29:47.595, 1, 85627, 97871, 100, 496.65
2026/10/09 04:29:47.595, 2, 85624, 97871, 100, 501.79
2026/10/09 04:29:47.595, 3, 85627, 97871, 100, 504.60
2026/10/09 04:29:48.595, 0, 85626, 97871, 100, 504.19
2026/10/09 04:29:48.595, 1, 85627, 97871, 100, 494.25
2026/10/09 04:29:48.595, 2, 85624, 97871, 100, 497.58
2026/10/09 04:29:48.595, 3, 85627, 97871, 100, 510.98
2026/10/09 04:29:49.595, 0, 85626, 97871, 100, 509.49
2026/10/09 04:29:49.595, 1, 85627, 97871, 100, 499.37
2026/10/09 04:29:49.595, 2, 85624, 97871, 100, 499.57
2026/10/09 04:29:49.595, 3, 85627, 97871, 100, 509.11
2026/10/09 04:29:50.595, 0, 85626, 97871, 100, 501.17
2026/10/09 04:29:50.601, 1, 85627, 97871, 100, 496.25
2026/10/09 04:29:50.601, 2, 85624, 97871, 100, 495.27
2026/10/09 04:29:50.601, 3, 85627, 97871, 100, 511.10
2026/10/09 04:29:51.601, 0, 85626, 97871, 100, 503.22
2026/10/09 04:29:51.601, 1, 85627, 97871, 100, 496.86
2026/10/09 04:29:51.601, 2, 85624, 97871, 100, 499.28
2026/10/09 04:29:51.601, 3, 85627, 97871, 100, 504.66
2026/10/09 04:29:52.601, 0, 85626, 97871, 100, 503.20
2026/10/09 04:29:52.601, 1, 85627, 97871, 100, 501.60
2026/10/09 04:29:52.601, 2, 85624, 97871, 100, 497.00
2026/10/09 04:29:52.601, 3, 85627, 97871, 100, 506.88
2026/10/09 04:29:53.601, 0, 85626, 97871, 100, 503.41
2026/10/09 04:29:53.602, 1, 85627, 97871, 100, 496.91
2026/10/09 04:29:53.602, 2, 85624, 97871, 100, 498.06
2026/10/09 04:29:53.602, 3, 85627, 97871, 100, 507.49
2026/10/09 04:29:54.602, 0, 85626, 97871, 100, 504.59
2026/10/09 04:29:54.602, 1, 85627, 97871, 100, 497.63
2026/10/09 04:29:54.602, 2, 85624, 97871, 100, 493.29
2026/10/09 04:29:54.602, 3, 85627, 97871, 100, 505.94
2026/10/09 04:29:55.602, 0, 85626, 97871, 100, 499.43
2026/10/09 04:29:55.602, 1, 85627, 97871, 100, 501.09
2026/10/09 04:29:55.602, 2, 85624, 97871, 100, 502.91
2026/10/09 04:29:55.602, 3, 85627, 97871, 100, 509.85
2026/10/09 04:29:56.602, 0, 85626, 97871, 100, 502.21
2026/10/09 04:29:56.602, 1, 85627, 97871, 100, 487.17
2026/10/09 04:29:56.602, 2, 85624, 97871, 100, 496.62
2026/10/09 04:29:56.602, 3, 85627, 97871, 100, 512.27
2026/10/09 04:29:57.602, 0, 85626, 97871, 100, 509.17
2026/10/09 04:29:57.602, 1, 85627, 97871, 100, 494.91
2026/10/09 04:29:57.602, 2, 85624, 97871, 100, 499.79
2026/10/09 04:29:57.602, 3, 85627, 97871, 100, 506.60
2026/10/09 04:29:58.602, 0, 85626, 97871, 100, 504.74
2026/10/09 04:29:58.603, 1, 85627, 97871, 100, 491.19
2026/10/09 04:29:58.603, 2, 85624, 97871, 100, 505.08
2026/10/09 04:29:58.603, 3, 85627, 97871, 100, 510.77
2026/10/09 04:29:59.603, 0, 85626, 97871, 100, 501.51
2026/10/09 04:29:59.603, 1, 85627, 97871, 100, 492.16
2026/10/09 04:29:59.603, 2, 85624, 97871, 100, 500.29
2026/10/09 04:29:59.603, 3, 85627, 97871, 100, 506.67
2026/10/09 04:30:00.603, 0, 85626, 97871, 100, 504.47
2026/10/09 04:30:00.607, 1, 85627, 97871, 100, 496.27
2026/10/09 04:30:00.607, 2, 85624, 97871, 100, 500.73
2026/10/09 04:30:00.607, 3, 85627, 97871, 100, 508.44
2026/10/09 04:30:01.607, 0, 85626, 97871, 100, 499.12
2026/10/09 04:30:01.607, 1, 85627, 97871, 100, 491.75
2026/10/09 04:30:01.607, 2, 85624, 97871, 100, 496.40
2026/10/09 04:30:01.607, 3, 85627, 97871, 100, 504.64
2026/10/09 04:30:02.608, 0, 85626, 97871, 100, 503.31
2026/10/09 04:30:02.608, 1, 85627, 97871, 100, 492.06
2026/10/09 04:30:02.608, 2, 85624, 97871, 100, 493.79
2026/10/09 04:30:02.608, 3, 85627, 97871, 100, 501.86
2026/10/09 04:30:03.608, 0, 85626, 97871, 100, 501.93
2026/10/09 04:30:03.608, 1, 85627, 97871, 100, 497.75
2026/10/09 04:30:03.608, 2, 85624, 97871, 100, 498.87
2026/10/09 04:30:03.608, 3, 85627, 97871, 100, 502.47
2026/10/09 04:30:04.608, 0, 85626, 97871, 100, 500.89
2026/10/09 04:30:04.608, 1, 85627, 97871, 100, 498.35
2026/10/09 04:30:04.608, 2, 85624, 97871, 100, 500.75
2026/10/09 04:30:04.608, 3, 85627, 97871, 100, 505.79
2026/10/09 04:30:05.608, 0, 85626, 97871, 100, 499.46
2026/10/09 04:30:05.608, 1, 85627, 97871, 100, 493.34
2026/10/09 04:30:05.608, 2, 85624, 97871, 100, 497.58
2026/10/09 04:30:05.608, 3, 85627, 97871, 100, 509.12
2026/10/09 04:30:06.608, 0, 85626, 97871, 100, 503.90
2026/10/09 04:30:06.608, 1, 85627, 97871, 100, 493.30
2026/10/09 04:30:06.608, 2, 85624, 97871, 100, 495.16
2026/10/09 04:30:06.609, 3, 85627, 97871, 100, 500.16
2026/10/09 04:30:07.609, 0, 85626, 97871, 100, 503.39
2026/10/09 04:30:07.609, 1, 85627, 97871, 100, 498.29
2026/10/09 04:30:07.609, 2, 85624, 97871, 100, 497.15
2026/10/09 04:30:07.609, 3, 85627, 97871, 100, 501.98
2026/10/09 04:30:08.609, 0, 85626, 97871, 100, 505.37
2026/10/09 04:30:08.609, 1, 85627, 97871, 100, 484.96
2026/10/09 04:30:08.609, 2, 85624, 97871, 100, 492.61
2026/10/09 04:30:08.609, 3, 85627, 97871, 100, 500.89
2026/10/09 04:30:09.609, 0, 85626, 97871, 100, 503.90
2026/10/09 04:30:09.609, 1, 85627, 97871, 100, 501.82
2026/10/09 04:30:09.609, 2, 85624, 97871, 100, 496.50
2026/10/09 04:30:09.609, 3, 85627, 97871, 100, 504.70
2026/10/09 04:30:10.609, 0, 85626, 97871, 100, 503.23
2026/10/09 04:30:10.614, 1, 85627, 97871, 100, 496.16
2026/10/09 04:30:10.614, 2, 85624, 97871, 100, 500.52
2026/10/09 04:30:10.614, 3, 85627, 97871, 100, 507.61
2026/10/09 04:30:11.614, 0, 85626, 97871, 100, 503.31
2026/10/09 04:30:11.614, 1, 85627, 97871, 100, 502.61
2026/10/09 04:30:11.614, 2, 85624, 97871, 100, 499.66
2026/10/09 04:30:11.614, 3, 85627, 97871, 100, 503.49
2026/10/09 04:30:12.614, 0, 85626, 97871, 100, 502.88
2026/10/09 04:30:12.614, 1, 85627, 97871, 100, 490.38
2026/10/09 04:30:12.614, 2, 85624, 97871, 100, 499.09
2026/10/09 04:30:12.614, 3, 85627, 97871, 100, 502.36
2026/10/09 04:30:13.614, 0, 85626, 97871, 100, 504.02
2026/10/09 04:30:13.614, 1, 85627, 97871, 100, 487.29
2026/10/09 04:30:13.614, 2, 85624, 97871, 100, 499.11
2026/10/09 04:30:13.614, 3, 85627, 97871, 100, 502.68
2026/10/09 04:30:14.614, 0, 85626, 97871, 100, 507.36
2026/10/09 04:30:14.615, 1, 85627, 97871, 100, 491.73
2026/10/09 04:30:14.615, 2, 85624, 97871, 100, 497.16
2026/10/09 04:30:14.615, 3, 85627, 97871, 100, 507.55
2026/10/09 04:30:15.615, 0, 85626, 97871, 100, 500.96
2026/10/09 04:30:15.615, 1, 85627, 97871, 100, 494.96
2026/10/09 04:30:15.615, 2, 85624, 97871, 100, 494.85
2026/10/09 04:30:15.615, 3, 85627, 97871, 100, 508.14
2026/10/09 04:30:16.615, 0, 85626, 97871, 100, 504.03
2026/10/09 04:30:16.615, 1, 85627, 97871, 100, 493.07
2026/10/09 04:30:16.615, 2, 85624, 97871, 100, 499.17
2026/10/09 04:30:16.615, 3, 85627, 97871, 100, 509.55
2026/10/09 04:30:17.615, 0, 85626, 97871, 100, 504.33
2026/10/09 04:30:17.615, 1, 85627, 97871, 100, 495.51
2026/10/09 04:30:17.615, 2, 85624, 97871, 100, 501.69
2026/10/09 04:30:17.615, 3, 85627, 97871, 100, 512.75
2026/10/09 04:30:18.615, 0, 85626, 97871, 100, 503.88
2026/10/09 04:30:18.615, 1, 85627, 97871, 100, 494.37
2026/10/09 04:30:18.615, 2, 85624, 97871, 100, 497.24
2026/10/09 04:30:18.615, 3, 85627, 97871, 100, 506.88
2026/10/09 04:30:19.616, 0, 85626, 97871, 100, 502.63
2026/10/09 04:30:19.616, 1, 85627, 97871, 100, 496.78
2026/10/09 04:30:19.616, 2, 85624, 97871, 100, 496.70
2026/10/09 04:30:19.616, 3, 85627, 97871, 100, 502.52
2026/10/09 04:30:20.616, 0, 85626, 97871, 100, 500.96
2026/10/09 04:30:20.623, 1, 85627, 97871, 100, 494.19
2026/10/09 04:30:20.623, 2, 85624, 97871, 100, 498.37
2026/10/09 04:30:20.623, 3, 85627, 97871, 100, 507.02
2026/10/09 04:30:21.623, 0, 85626, 97871, 100, 500.22
2026/10/09 04:30:21.623, 1, 85627, 97871, 100, 495.87
2026/10/09 04:30:21.623, 2, 85624, 97871, 100, 498.95
2026/10/09 04:30:21.623, 3, 85627, 97871, 100, 501.89
2026/10/09 04:30:22.623, 0, 85626, 97871, 100, 503.44
2026/10/09 04:30:22.623, 1, 85627, 97871, 100, 491.46
2026/10/09 04:30:22.623, 2, 85624, 97871, 100, 498.39
2026/10/09 04:30:22.623, 3, 85627, 97871, 100, 506.25
2026/10/09 04:30:23.623, 0, 85626, 97871, 100, 501.57
2026/10/09 04:30:23.623, 1, 85627, 97871, 100, 498.80
2026/10/09 04:30:23.623, 2, 85624, 97871, 100, 498.31
2026/10/09 04:30:23.624, 3, 85627, 97871, 100, 510.39
2026/10/09 04:30:24.624, 0, 85626, 97871, 100, 503.27
2026/10/09 04:30:24.624, 1, 85627, 97871, 100, 492.23
2026/10/09 04:30:24.624, 2, 85624, 97871, 100, 497.67
2026/10/09 04:30:24.624, 3, 85627, 97871, 100, 505.17
2026/10/09 04:30:25.624, 0, 85626, 97871, 100, 500.01
2026/10/09 04:30:25.624, 1, 85627, 97871, 100, 493.72
2026/10/09 04:30:25.624, 2, 85624, 97871, 100, 496.93
2026/10/09 04:30:25.624, 3, 85627, 97871, 100, 502.52
2026/10/09 04:30:26.624, 0, 85626, 97871, 100, 507.26
2026/10/09 04:30:26.624, 1, 85627, 97871, 100, 492.85
2026/10/09 04:30:26.624, 2, 85624, 97871, 100, 499.58
2026/10/09 04:30:26.624, 3, 85627, 97871, 100, 506.86
2026/10/09 04:30:27.624, 0, 85626, 97871, 100, 500.40
2026/10/09 04:30:27.624, 1, 85627, 97871, 100, 495.56
2026/10/09 04:30:27.624, 2, 85624, 97871, 100, 500.17
2026/10/09 04:30:27.624, 3, 85627, 97871, 100, 509.22
2026/10/09 04:30:28.624, 0, 85626, 97871, 100, 504.17
2026/10/09 04:30:28.625, 1, 85627, 97871, 100, 495.00
2026/10/09 04:30:28.625, 2, 85624, 97871, 100, 500.46
2026/10/09 04:30:28.625, 3, 85627, 97871, 100, 505.56
2026/10/09 04:30:29.625, 0, 85626, 97871, 100, 503.71
2026/10/09 04:30:29.625, 1, 85627, 97871, 100, 496.97
2026/10/09 04:30:29.625, 2, 85624, 97871, 100, 497.39
2026/10/09 04:30:29.625, 3, 85627, 97871, 100, 507.78
2026/10/09 04:30:30.625, 0, 85626, 97871, 100, 499.73
2026/10/09 04:30:30.629, 1, 85627, 97871, 100, 495.54
2026/10/09 04:30:30.629, 2, 85624, 97871, 100, 494.96
2026/10/09 04:30:30.629, 3, 85627, 97871, 100, 507.48
2026/10/09 04:30:31.630, 0, 85626, 97871, 100, 503.12
2026/10/09 04:30:31.630, 1, 85627, 97871, 100, 500.40
2026/10/09 04:30:31.630, 2, 85624, 97871, 100, 503.83
2026/10/09 04:30:31.630, 3, 85627, 97871, 100, 506.98
2026/10/09 04:30:32.630, 0, 85626, 97871, 100, 500.53
2026/10/09 04:30:32.630, 1, 85627, 97871, 100, 493.07
2026/10/09 04:30:32.630, 2, 85624, 97871, 100, 498.35
2026/10/09 04:30:32.630, 3, 85627, 97871, 100, 510.83
2026/10/09 04:30:33.630, 0, 85626, 97871, 100, 500.54
2026/10/09 04:30:33.630, 1, 85627, 97871, 100, 496.01
2026/10/09 04:30:33.630, 2, 85624, 97871, 100, 500.79
2026/10/09 04:30:33.630, 3, 85627, 97871, 100, 504.06
2026/10/09 04:30:34.630, 0, 85626, 97871, 100, 500.10
2026/10/09 04:30:34.630, 1, 85627, 97871, 100, 498.10
2026/10/09 04:30:34.630, 2, 85624, 97871, 100, 501.80
2026/10/09 04:30:34.630, 3, 85627, 97871, 100, 505.23
2026/10/09 04:30:35.631, 0, 85625, 97871, 100, 502.69
2026/10/09 04:30:35.631, 1, 85627, 97871, 100, 490.43
2026/10/09 04:30:35.631, 2, 85624, 97871, 100, 499.80
2026/10/09 04:30:35.631, 3, 85626, 97871, 100, 501.30
2026/10/09 04:30:36.631, 0, 85625, 97871, 100, 501.81
2026/10/09 04:30:36.631, 1, 85626, 97871, 100, 493.90
2026/10/09 04:30:36.631, 2, 85624, 97871, 100, 496.55
2026/10/09 04:30:36.631, 3, 85626, 97871, 100, 501.36
2026/10/09 04:30:37.631, 0, 85625, 97871, 100, 499.93
2026/10/09 04:30:37.631, 1, 85626, 97871, 100, 496.29
2026/10/09 04:30:37.631, 2, 85624, 97871, 100, 502.23
2026/10/09 04:30:37.631, 3, 85626, 97871, 100, 505.83
2026/10/09 04:30:38.631, 0, 85625, 97871, 100, 491.40
2026/10/09 04:30:38.631, 1, 85626, 97871, 100, 481.28
2026/10/09 04:30:38.631, 2, 85624, 97871, 100, 494.12
2026/10/09 04:30:38.631, 3, 85626, 97871, 100, 507.73
2026/10/09 04:30:39.631, 0, 85625, 97871, 100, 493.09
2026/10/09 04:30:39.632, 1, 85626, 97871, 100, 488.44
2026/10/09 04:30:39.632, 2, 85624, 97871, 100, 486.24
2026/10/09 04:30:39.632, 3, 85626, 97871, 100, 479.97
2026/10/09 04:30:40.632, 0, 85625, 97871, 100, 489.08
2026/10/09 04:30:40.640, 1, 85626, 97871, 100, 481.18
2026/10/09 04:30:40.640, 2, 85624, 97871, 100, 486.90
2026/10/09 04:30:40.640, 3, 85626, 97871, 100, 500.44
2026/10/09 04:30:41.640, 0, 85625, 97871, 64, 457.63
2026/10/09 04:30:41.640, 1, 85626, 97871, 100, 437.26
2026/10/09 04:30:41.640, 2, 85624, 97871, 100, 486.07
2026/10/09 04:30:41.640, 3, 85626, 97871, 100, 498.55
2026/10/09 04:30:42.640, 0, 85625, 97871, 100, 493.02
2026/10/09 04:30:42.640, 1, 85626, 97871, 100, 484.15
2026/10/09 04:30:42.640, 2, 85624, 97871, 100, 488.77
2026/10/09 04:30:42.640, 3, 85626, 97871, 93, 500.85
2026/10/09 04:30:43.641, 0, 85625, 97871, 0, 235.74
2026/10/09 04:30:43.641, 1, 85626, 97871, 0, 223.05
2026/10/09 04:30:43.641, 2, 85624, 97871, 100, 459.77
2026/10/09 04:30:43.641, 3, 85626, 97871, 88, 458.95
2026/10/09 04:30:44.641, 0, 85625, 97871, 0, 139.08
2026/10/09 04:30:44.641, 1, 85626, 97871, 0, 144.53
2026/10/09 04:30:44.641, 2, 85624, 97871, 99, 465.87
2026/10/09 04:30:44.641, 3, 85626, 97871, 99, 467.48
2026/10/09 04:30:45.641, 0, 85625, 97871, 100, 227.25
2026/10/09 04:30:45.641, 1, 85626, 97871, 100, 252.01
2026/10/09 04:30:45.641, 2, 85624, 97871, 100, 250.86
2026/10/09 04:30:45.641, 3, 85626, 97871, 100, 255.20
2026/10/09 04:30:46.641, 0, 85625, 97871, 100, 505.77
2026/10/09 04:30:46.642, 1, 85626, 97871, 100, 494.91
2026/10/09 04:30:46.642, 2, 85624, 97871, 100, 500.97
2026/10/09 04:30:46.642, 3, 85626, 97871, 100, 509.80
2026/10/09 04:30:47.642, 0, 85625, 97871, 100, 505.39
2026/10/09 04:30:47.642, 1, 85626, 97871, 100, 500.43
2026/10/09 04:30:47.642, 2, 85624, 97871, 100, 503.88
2026/10/09 04:30:47.642, 3, 85626, 97871, 100, 510.93
2026/10/09 04:30:48.642, 0, 85625, 97871, 100, 504.48
2026/10/09 04:30:48.642, 1, 85626, 97871, 100, 494.98
2026/10/09 04:30:48.642, 2, 85624, 97871, 100, 499.82
2026/10/09 04:30:48.642, 3, 85626, 97871, 100, 509.81
2026/10/09 04:30:49.642, 0, 85625, 97871, 100, 503.48
2026/10/09 04:30:49.642, 1, 85626, 97871, 100, 497.62
2026/10/09 04:30:49.643, 2, 85624, 97871, 100, 501.34
2026/10/09 04:30:49.643, 3, 85626, 97871, 100, 512.62
2026/10/09 04:30:50.643, 0, 85625, 97871, 100, 505.75
2026/10/09 04:30:50.646, 1, 85626, 97871, 100, 496.67
2026/10/09 04:30:50.646, 2, 85624, 97871, 100, 499.92
2026/10/09 04:30:50.646, 3, 85626, 97871, 100, 509.52
2026/10/09 04:30:51.647, 0, 85625, 97871, 100, 505.97
2026/10/09 04:30:51.647, 1, 85626, 97871, 100, 502.98
2026/10/09 04:30:51.647, 2, 85624, 97871, 100, 501.26
2026/10/09 04:30:51.647, 3, 85626, 97871, 100, 504.40
2026/10/09 04:30:52.647, 0, 85625, 97871, 100, 507.33
2026/10/09 04:30:52.647, 1, 85626, 97871, 100, 496.44
2026/10/09 04:30:52.647, 2, 85624, 97871, 100, 500.16
2026/10/09 04:30:52.647, 3, 85626, 97871, 100, 515.47
2026/10/09 04:30:53.647, 0, 85625, 97871, 100, 504.20
2026/10/09 04:30:53.647, 1, 85626, 97871, 100, 500.30
2026/10/09 04:30:53.647, 2, 85624, 97871, 100, 504.85
2026/10/09 04:30:53.647, 3, 85626, 97871, 100, 511.48
2026/10/09 04:30:54.647, 0, 85625, 97871, 100, 504.54
2026/10/09 04:30:54.647, 1, 85626, 97871, 100, 495.87
2026/10/09 04:30:54.647, 2, 85624, 97871, 100, 503.79
2026/10/09 04:30:54.647, 3, 85626, 97871, 100, 507.27
2026/10/09 04:30:55.647, 0, 85625, 97871, 100, 504.53
2026/10/09 04:30:55.648, 1, 85626, 97871, 100, 498.04
2026/10/09 04:30:55.648, 2, 85624, 97871, 100, 501.33
2026/10/09 04:30:55.648, 3, 85626, 97871, 100, 507.29
2026/10/09 04:30:56.648, 0, 85625, 97871, 100, 505.46
2026/10/09 04:30:56.648, 1, 85626, 97871, 100, 497.34
2026/10/09 04:30:56.648, 2, 85624, 97871, 100, 500.55
2026/10/09 04:30:56.648, 3, 85626, 97871, 100, 507.45
2026/10/09 04:30:57.648, 0, 85625, 97871, 100, 503.11
2026/10/09 04:30:57.648, 1, 85626, 97871, 100, 498.44
2026/10/09 04:30:57.648, 2, 85624, 97871, 100, 505.39
2026/10/09 04:30:57.648, 3, 85626, 97871, 100, 513.73
2026/10/09 04:30:58.648, 0, 85625, 97871, 100, 505.37
2026/10/09 04:30:58.648, 1, 85626, 97871, 100, 495.02
2026/10/09 04:30:58.648, 2, 85624, 97871, 100, 504.51
2026/10/09 04:30:58.648, 3, 85626, 97871, 100, 508.52
2026/10/09 04:30:59.648, 0, 85625, 97871, 100, 505.08
2026/10/09 04:30:59.649, 1, 85626, 97871, 100, 501.21
2026/10/09 04:30:59.649, 2, 85624, 97871, 100, 501.05
2026/10/09 04:30:59.649, 3, 85626, 97871, 100, 507.55
2026/10/09 04:31:00.649, 0, 85625, 97871, 100, 507.16
2026/10/09 04:31:00.654, 1, 85626, 97871, 100, 502.19
2026/10/09 04:31:00.654, 2, 85624, 97871, 100, 501.85
2026/10/09 04:31:00.654, 3, 85626, 97871, 100, 504.14
2026/10/09 04:31:01.654, 0, 85625, 97871, 100, 503.45
2026/10/09 04:31:01.654, 1, 85626, 97871, 100, 495.17
2026/10/09 04:31:01.654, 2, 85624, 97871, 100, 503.00
2026/10/09 04:31:01.654, 3, 85626, 97871, 100, 507.54
2026/10/09 04:31:02.654, 0, 85625, 97871, 100, 496.81
2026/10/09 04:31:02.654, 1, 85626, 97871, 100, 487.05
2026/10/09 04:31:02.654, 2, 85624, 97871, 100, 495.46
2026/10/09 04:31:02.654, 3, 85626, 97871, 100, 498.73
2026/10/09 04:31:03.655, 0, 85625, 97871, 100, 503.82
2026/10/09 04:31:03.655, 1, 85626, 97871, 100, 496.57
2026/10/09 04:31:03.655, 2, 85624, 97871, 100, 493.60
2026/10/09 04:31:03.655, 3, 85626, 97871, 100, 508.69
2026/10/09 04:31:04.655, 0, 85625, 97871, 100, 500.09
2026/10/09 04:31:04.655, 1, 85626, 97871, 100, 486.47
2026/10/09 04:31:04.655, 2, 85624, 97871, 100, 495.00
2026/10/09 04:31:04.655, 3, 85626, 97871, 100, 497.61
2026/10/09 04:31:05.655, 0, 85625, 97871, 100, 505.15
2026/10/09 04:31:05.655, 1, 85626, 97871, 100, 492.75
2026/10/09 04:31:05.655, 2, 85624, 97871, 100, 497.21
2026/10/09 04:31:05.655, 3, 85626, 97871, 100, 505.52
2026/10/09 04:31:06.655, 0, 85625, 97871, 100, 499.78
2026/10/09 04:31:06.655, 1, 85626, 97871, 100, 492.87
2026/10/09 04:31:06.655, 2, 85624, 97871, 100, 493.61
2026/10/09 04:31:06.655, 3, 85626, 97871, 100, 508.45
2026/10/09 04:31:07.656, 0, 85625, 97871, 100, 500.53
2026/10/09 04:31:07.656, 1, 85626, 97871, 100, 497.51
2026/10/09 04:31:07.656, 2, 85624, 97871, 100, 499.33
2026/10/09 04:31:07.656, 3, 85626, 97871, 100, 500.40
2026/10/09 04:31:08.656, 0, 85625, 97871, 100, 502.15
2026/10/09 04:31:08.656, 1, 85626, 97871, 100, 497.68
2026/10/09 04:31:08.656, 2, 85624, 97871, 100, 497.93
2026/10/09 04:31:08.656, 3, 85626, 97871, 100, 502.16
2026/10/09 04:31:09.656, 0, 85625, 97871, 100, 502.92
2026/10/09 04:31:09.656, 1, 85626, 97871, 100, 498.83
2026/10/09 04:31:09.656, 2, 85624, 97871, 100, 497.44
2026/10/09 04:31:09.656, 3, 85626, 97871, 100, 505.52
2026/10/09 04:31:10.656, 0, 85625, 97871, 100, 500.28
2026/10/09 04:31:10.662, 1, 85626, 97871, 100, 497.32
2026/10/09 04:31:10.662, 2, 85624, 97871, 100, 499.45
2026/10/09 04:31:10.662, 3, 85626, 97871, 100, 503.71
2026/10/09 04:31:11.662, 0, 85625, 97871, 100, 500.13
2026/10/09 04:31:11.662, 1, 85626, 97871, 100, 493.55
2026/10/09 04:31:11.662, 2, 85624, 97871, 100, 499.12
2026/10/09 04:31:11.662, 3, 85626, 97871, 100, 507.12
2026/10/09 04:31:12.662, 0, 85625, 97871, 100, 506.52
2026/10/09 04:31:12.662, 1, 85626, 97871, 100, 495.99
2026/10/09 04:31:12.662, 2, 85624, 97871, 100, 503.56
2026/10/09 04:31:12.662, 3, 85626, 97871, 100, 503.18
2026/10/09 04:31:13.662, 0, 85625, 97871, 100, 499.70
2026/10/09 04:31:13.662, 1, 85626, 97871, 100, 493.86
2026/10/09 04:31:13.662, 2, 85624, 97871, 100, 502.32
2026/10/09 04:31:13.662, 3, 85626, 97871, 100, 507.58
2026/10/09 04:31:14.663, 0, 85625, 97871, 100, 495.37
2026/10/09 04:31:14.663, 1, 85626, 97871, 100, 494.39
2026/10/09 04:31:14.663, 2, 85624, 97871, 100, 499.48
2026/10/09 04:31:14.663, 3, 85626, 97871, 100, 502.76
2026/10/09 04:31:15.663, 0, 85625, 97871, 100, 502.38
2026/10/09 04:31:15.663, 1, 85626, 97871, 100, 496.20
2026/10/09 04:31:15.663, 2, 85624, 97871, 100, 500.90
2026/10/09 04:31:15.663, 3, 85626, 97871, 100, 505.78
2026/10/09 04:31:16.663, 0, 85625, 97871, 100, 503.21
2026/10/09 04:31:16.663, 1, 85626, 97871, 100, 496.34
2026/10/09 04:31:16.663, 2, 85624, 97871, 100, 498.00
2026/10/09 04:31:16.663, 3, 85626, 97871, 100, 504.73
2026/10/09 04:31:17.663, 0, 85625, 97871, 100, 501.00
2026/10/09 04:31:17.663, 1, 85626, 97871, 100, 492.59
2026/10/09 04:31:17.663, 2, 85624, 97871, 100, 496.45
2026/10/09 04:31:17.663, 3, 85626, 97871, 100, 509.24
2026/10/09 04:31:18.664, 0, 85625, 97871, 100, 502.31
2026/10/09 04:31:18.664, 1, 85626, 97871, 100, 494.95
2026/10/09 04:31:18.664, 2, 85624, 97871, 100, 498.73
2026/10/09 04:31:18.664, 3, 85626, 97871, 100, 503.46
2026/10/09 04:31:19.664, 0, 85625, 97871, 100, 503.49
2026/10/09 04:31:19.664, 1, 85626, 97871, 100, 493.91
2026/10/09 04:31:19.664, 2, 85624, 97871, 100, 493.66
2026/10/09 04:31:19.664, 3, 85626, 97871, 100, 505.89
2026/10/09 04:31:20.664, 0, 85625, 97871, 100, 505.89
2026/10/09 04:31:20.668, 1, 85626, 97871, 100, 496.98
2026/10/09 04:31:20.668, 2, 85624, 97871, 100, 499.15
2026/10/09 04:31:20.668, 3, 85626, 97871, 100, 502.01
2026/10/09 04:31:21.668, 0, 85625, 97871, 100, 502.27
2026/10/09 04:31:21.668, 1, 85626, 97871, 100, 497.24
2026/10/09 04:31:21.668, 2, 85624, 97871, 100, 501.50
2026/10/09 04:31:21.668, 3, 85626, 97871, 100, 510.85
2026/10/09 04:31:22.668, 0, 85625, 97871, 100, 502.62
2026/10/09 04:31:22.668, 1, 85626, 97871, 100, 501.85
2026/10/09 04:31:22.668, 2, 85624, 97871, 100, 499.09
2026/10/09 04:31:22.669, 3, 85626, 97871, 100, 508.09
2026/10/09 04:31:23.669, 0, 85625, 97871, 100, 503.28
2026/10/09 04:31:23.669, 1, 85626, 97871, 100, 502.57
2026/10/09 04:31:23.669, 2, 85624, 97871, 100, 501.35
2026/10/09 04:31:23.669, 3, 85626, 97871, 100, 510.54
2026/10/09 04:31:24.669, 0, 85625, 97871, 100, 505.49
2026/10/09 04:31:24.669, 1, 85626, 97871, 100, 496.38
2026/10/09 04:31:24.669, 2, 85624, 97871, 100, 502.45
2026/10/09 04:31:24.669, 3, 85626, 97871, 100, 504.80
2026/10/09 04:31:25.669, 0, 85625, 97871, 100, 503.47
2026/10/09 04:31:25.669, 1, 85626, 97871, 100, 485.02
2026/10/09 04:31:25.669, 2, 85624, 97871, 100, 503.91
2026/10/09 04:31:25.669, 3, 85626, 97871, 100, 508.71
2026/10/09 04:31:26.669, 0, 85625, 97871, 100, 493.05
2026/10/09 04:31:26.669, 1, 85626, 97871, 100, 486.24
2026/10/09 04:31:26.669, 2, 85624, 97871, 100, 486.43
2026/10/09 04:31:26.669, 3, 85626, 97871, 100, 482.97
2026/10/09 04:31:27.669, 0, 85625, 97871, 100, 493.92
2026/10/09 04:31:27.670, 1, 85626, 97871, 100, 486.71
2026/10/09 04:31:27.670, 2, 85624, 97871, 100, 488.05
2026/10/09 04:31:27.670, 3, 85626, 97871, 100, 496.89
2026/10/09 04:31:28.670, 0, 85625, 97871, 100, 498.77
2026/10/09 04:31:28.670, 1, 85626, 97871, 100, 486.46
2026/10/09 04:31:28.670, 2, 85624, 97871, 100, 489.29
2026/10/09 04:31:28.670, 3, 85626, 97871, 100, 501.51
2026/10/09 04:31:29.670, 0, 85625, 97871, 70, 455.86
2026/10/09 04:31:29.670, 1, 85626, 97871, 100, 445.31
2026/10/09 04:31:29.670, 2, 85624, 97871, 100, 473.54
2026/10/09 04:31:29.670, 3, 85626, 97871, 74, 483.11
2026/10/09 04:31:30.670, 0, 85625, 97871, 100, 475.63
2026/10/09 04:31:30.690, 1, 85626, 97871, 100, 478.49
2026/10/09 04:31:30.690, 2, 85624, 97871, 100, 480.44
2026/10/09 04:31:30.690, 3, 85626, 97871, 100, 493.93
2026/10/09 04:31:31.690, 0, 85625, 97871, 0, 164.40
2026/10/09 04:31:31.690, 1, 85626, 97871, 0, 157.96
2026/10/09 04:31:31.690, 2, 85624, 97871, 46, 380.83
2026/10/09 04:31:31.690, 3, 85626, 97871, 0, 355.92
2026/10/09 04:31:32.690, 0, 85625, 97871, 100, 406.32
2026/10/09 04:31:32.690, 1, 85626, 97871, 100, 419.97
2026/10/09 04:31:32.690, 2, 85624, 97871, 100, 400.40
2026/10/09 04:31:32.690, 3, 85626, 97871, 100, 440.62
2026/10/09 04:31:33.690, 0, 85625, 97871, 100, 505.17
2026/10/09 04:31:33.690, 1, 85626, 97871, 100, 495.19
2026/10/09 04:31:33.690, 2, 85624, 97871, 100, 502.45
2026/10/09 04:31:33.690, 3, 85626, 97871, 100, 508.35
2026/10/09 04:31:34.691, 0, 85625, 97871, 100, 509.16
2026/10/09 04:31:34.691, 1, 85626, 97871, 100, 500.87
2026/10/09 04:31:34.691, 2, 85624, 97871, 100, 507.65
2026/10/09 04:31:34.691, 3, 85626, 97871, 100, 510.99
2026/10/09 04:31:35.691, 0, 85625, 97871, 100, 504.68
2026/10/09 04:31:35.691, 1, 85626, 97871, 100, 495.73
2026/10/09 04:31:35.691, 2, 85624, 97871, 100, 502.43
2026/10/09 04:31:35.691, 3, 85626, 97871, 100, 512.83
2026/10/09 04:31:36.691, 0, 85625, 97871, 100, 505.86
2026/10/09 04:31:36.691, 1, 85626, 97871, 100, 496.51
2026/10/09 04:31:36.691, 2, 85624, 97871, 100, 502.63
2026/10/09 04:31:36.691, 3, 85626, 97871, 100, 504.99
2026/10/09 04:31:37.691, 0, 85625, 97871, 100, 505.54
2026/10/09 04:31:37.691, 1, 85626, 97871, 100, 499.86
2026/10/09 04:31:37.691, 2, 85624, 97871, 100, 500.32
2026/10/09 04:31:37.691, 3, 85626, 97871, 100, 510.94
2026/10/09 04:31:38.691, 0, 85625, 97871, 100, 506.57
2026/10/09 04:31:38.692, 1, 85626, 97871, 100, 495.51
2026/10/09 04:31:38.692, 2, 85624, 97871, 100, 502.70
2026/10/09 04:31:38.692, 3, 85626, 97871, 100, 512.16
2026/10/09 04:31:39.692, 0, 85625, 97871, 100, 505.41
2026/10/09 04:31:39.692, 1, 85626, 97871, 100, 498.53
2026/10/09 04:31:39.692, 2, 85624, 97871, 100, 504.14
2026/10/09 04:31:39.692, 3, 85626, 97871, 100, 506.44
2026/10/09 04:31:40.692, 0, 85625, 97871, 100, 502.83
2026/10/09 04:31:40.700, 1, 85626, 97871, 100, 489.33
2026/10/09 04:31:40.700, 2, 85624, 97871, 100, 503.00
2026/10/09 04:31:40.700, 3, 85626, 97871, 100, 506.24
2026/10/09 04:31:41.700, 0, 85625, 97871, 100, 506.67
2026/10/09 04:31:41.700, 1, 85626, 97871, 100, 492.01
2026/10/09 04:31:41.700, 2, 85624, 97871, 100, 500.78
2026/10/09 04:31:41.700, 3, 85626, 97871, 100, 507.22
2026/10/09 04:31:42.700, 0, 85625, 97871, 100, 503.38
2026/10/09 04:31:42.700, 1, 85626, 97871, 100, 498.96
2026/10/09 04:31:42.700, 2, 85624, 97871, 100, 502.12
2026/10/09 04:31:42.700, 3, 85626, 97871, 100, 511.30
2026/10/09 04:31:43.700, 0, 85625, 97871, 100, 503.38
2026/10/09 04:31:43.700, 1, 85626, 97871, 100, 498.57
2026/10/09 04:31:43.700, 2, 85624, 97871, 100, 500.10
2026/10/09 04:31:43.701, 3, 85626, 97871, 100, 509.66
2026/10/09 04:31:44.701, 0, 85625, 97871, 100, 503.79
2026/10/09 04:31:44.701, 1, 85626, 97871, 100, 499.58
2026/10/09 04:31:44.701, 2, 85624, 97871, 100, 504.63
2026/10/09 04:31:44.701, 3, 85626, 97871, 100, 507.33
2026/10/09 04:31:45.701, 0, 85625, 97871, 100, 509.64
2026/10/09 04:31:45.701, 1, 85626, 97871, 100, 500.34
2026/10/09 04:31:45.701, 2, 85624, 97871, 100, 501.54
2026/10/09 04:31:45.701, 3, 85626, 97871, 100, 508.84
2026/10/09 04:31:46.701, 0, 85625, 97871, 100, 506.99
2026/10/09 04:31:46.701, 1, 85626, 97871, 100, 499.11
2026/10/09 04:31:46.701, 2, 85624, 97871, 100, 499.84
2026/10/09 04:31:46.701, 3, 85626, 97871, 100, 508.33
2026/10/09 04:31:47.701, 0, 85625, 97871, 100, 504.34
2026/10/09 04:31:47.701, 1, 85626, 97871, 100, 495.29
2026/10/09 04:31:47.701, 2, 85624, 97871, 100, 501.69
2026/10/09 04:31:47.701, 3, 85626, 97871, 100, 508.05
2026/10/09 04:31:48.701, 0, 85625, 97871, 100, 504.24
2026/10/09 04:31:48.702, 1, 85626, 97871, 100, 497.16
2026/10/09 04:31:48.702, 2, 85624, 97871, 100, 499.30
2026/10/09 04:31:48.702, 3, 85626, 97871, 100, 503.03
2026/10/09 04:31:49.702, 0, 85625, 97871, 100, 500.30
2026/10/09 04:31:49.702, 1, 85626, 97871, 100, 490.81
2026/10/09 04:31:49.702, 2, 85624, 97871, 100, 493.30
2026/10/09 04:31:49.702, 3, 85626, 97871, 100, 502.47
2026/10/09 04:31:50.702, 0, 85625, 97871, 100, 498.78
2026/10/09 04:31:50.706, 1, 85626, 97871, 100, 495.71
2026/10/09 04:31:50.706, 2, 85624, 97871, 100, 492.95
2026/10/09 04:31:50.706, 3, 85626, 97871, 100, 507.00
2026/10/09 04:31:51.706, 0, 85625, 97871, 100, 500.66
2026/10/09 04:31:51.706, 1, 85626, 97871, 100, 495.78
2026/10/09 04:31:51.706, 2, 85624, 97871, 100, 492.72
2026/10/09 04:31:51.706, 3, 85626, 97871, 100, 503.50
2026/10/09 04:31:52.707, 0, 85625, 97871, 100, 502.08
2026/10/09 04:31:52.707, 1, 85626, 97871, 100, 499.69
2026/10/09 04:31:52.707, 2, 85624, 97871, 100, 496.00
2026/10/09 04:31:52.707, 3, 85626, 97871, 100, 502.54
2026/10/09 04:31:53.707, 0, 85625, 97871, 100, 503.87
2026/10/09 04:31:53.707, 1, 85626, 97871, 100, 496.19
2026/10/09 04:31:53.707, 2, 85624, 97871, 100, 500.96
2026/10/09 04:31:53.707, 3, 85626, 97871, 100, 503.14
2026/10/09 04:31:54.707, 0, 85625, 97871, 100, 497.77
2026/10/09 04:31:54.707, 1, 85626, 97871, 100, 488.55
2026/10/09 04:31:54.707, 2, 85624, 97871, 100, 499.39
2026/10/09 04:31:54.707, 3, 85626, 97871, 100, 501.82
2026/10/09 04:31:55.707, 0, 85625, 97871, 100, 500.64
2026/10/09 04:31:55.707, 1, 85626, 97871, 100, 499.61
2026/10/09 04:31:55.707, 2, 85624, 97871, 100, 503.38
2026/10/09 04:31:55.707, 3, 85626, 97871, 100, 508.01
2026/10/09 04:31:56.708, 0, 85625, 97871, 100, 499.57
2026/10/09 04:31:56.708, 1, 85626, 97871, 100, 500.24
2026/10/09 04:31:56.708, 2, 85624, 97871, 100, 499.63
2026/10/09 04:31:56.708, 3, 85626, 97871, 100, 508.37
2026/10/09 04:31:57.708, 0, 85625, 97871, 100, 502.58
2026/10/09 04:31:57.708, 1, 85626, 97871, 100, 489.40
2026/10/09 04:31:57.708, 2, 85624, 97871, 100, 494.27
2026/10/09 04:31:57.708, 3, 85626, 97871, 100, 508.25
2026/10/09 04:31:58.708, 0, 85625, 97871, 100, 497.84
2026/10/09 04:31:58.708, 1, 85626, 97871, 100, 495.49
2026/10/09 04:31:58.708, 2, 85624, 97871, 100, 494.68
2026/10/09 04:31:58.708, 3, 85626, 97871, 100, 506.55
2026/10/09 04:31:59.708, 0, 85625, 97871, 100, 505.60
2026/10/09 04:31:59.708, 1, 85626, 97871, 100, 492.64
2026/10/09 04:31:59.708, 2, 85624, 97871, 100, 499.08
2026/10/09 04:31:59.708, 3, 85626, 97871, 100, 500.87
2026/10/09 04:32:00.709, 0, 85625, 97871, 100, 499.72
2026/10/09 04:32:00.713, 1, 85626, 97871, 100, 502.40
2026/10/09 04:32:00.713, 2, 85624, 97871, 100, 498.73
2026/10/09 04:32:00.713, 3, 85626, 97871, 100, 500.01
2026/10/09 04:32:01.713, 0, 85625, 97871, 100, 501.68
2026/10/09 04:32:01.713, 1, 85626, 97871, 100, 493.71
2026/10/09 04:32:01.713, 2, 85624, 97871, 100, 495.07
2026/10/09 04:32:01.713, 3, 85626, 97871, 100, 508.11
2026/10/09 04:32:02.713, 0, 85625, 97871, 100, 500.18
2026/10/09 04:32:02.713, 1, 85626, 97871, 100, 494.09
2026/10/09 04:32:02.713, 2, 85624, 97871, 100, 496.09
2026/10/09 04:32:02.713, 3, 85626, 97871, 100, 504.67
2026/10/09 04:32:03.713, 0, 85625, 97871, 100, 502.67
2026/10/09 04:32:03.713, 1, 85626, 97871, 100, 493.39
2026/10/09 04:32:03.713, 2, 85624, 97871, 100, 496.74
2026/10/09 04:32:03.713, 3, 85626, 97871, 100, 506.18
2026/10/09 04:32:04.714, 0, 85625, 97871, 100, 502.30
2026/10/09 04:32:04.714, 1, 85626, 97871, 100, 497.44
2026/10/09 04:32:04.714, 2, 85624, 97871, 100, 501.18
2026/10/09 04:32:04.714, 3, 85626, 97871, 100, 504.28
2026/10/09 04:32:05.714, 0, 85625, 97871, 100, 500.26
2026/10/09 04:32:05.714, 1, 85626, 97871, 100, 496.81
2026/10/09 04:32:05.714, 2, 85624, 97871, 100, 501.32
2026/10/09 04:32:05.714, 3, 85626, 97871, 100, 499.22
2026/10/09 04:32:06.714, 0, 85625, 97871, 100, 500.91
2026/10/09 04:32:06.714, 1, 85626, 97871, 100, 498.90
2026/10/09 04:32:06.714, 2, 85624, 97871, 100, 501.97
2026/10/09 04:32:06.714, 3, 85626, 97871, 100, 508.67
2026/10/09 04:32:07.714, 0, 85625, 97871, 100, 503.45
2026/10/09 04:32:07.714, 1, 85626, 97871, 100, 492.94
2026/10/09 04:32:07.714, 2, 85624, 97871, 100, 498.74
2026/10/09 04:32:07.714, 3, 85626, 97871, 100, 502.86
2026/10/09 04:32:08.714, 0, 85625, 97871, 100, 499.87
2026/10/09 04:32:08.715, 1, 85626, 97871, 100, 495.85
2026/10/09 04:32:08.715, 2, 85624, 97871, 100, 496.98
2026/10/09 04:32:08.715, 3, 85626, 97871, 100, 505.52
2026/10/09 04:32:09.715, 0, 85625, 97871, 100, 497.52
2026/10/09 04:32:09.715, 1, 85626, 97871, 100, 498.40
2026/10/09 04:32:09.715, 2, 85624, 97871, 100, 498.57
2026/10/09 04:32:09.715, 3, 85626, 97871, 100, 505.74
2026/10/09 04:32:10.715, 0, 85625, 97871, 100, 503.20
2026/10/09 04:32:10.721, 1, 85626, 97871, 100, 493.04
2026/10/09 04:32:10.721, 2, 85624, 97871, 100, 501.80
2026/10/09 04:32:10.722, 3, 85626, 97871, 100, 505.44
2026/10/09 04:32:11.722, 0, 85625, 97871, 100, 501.95
2026/10/09 04:32:11.722, 1, 85626, 97871, 100, 492.64
2026/10/09 04:32:11.722, 2, 85624, 97871, 100, 496.07
2026/10/09 04:32:11.722, 3, 85626, 97871, 100, 507.76
2026/10/09 04:32:12.722, 0, 85625, 97871, 100, 498.86
2026/10/09 04:32:12.722, 1, 85626, 97871, 100, 501.52
2026/10/09 04:32:12.722, 2, 85624, 97871, 100, 500.83
2026/10/09 04:32:12.722, 3, 85626, 97871, 100, 509.25
2026/10/09 04:32:13.722, 0, 85625, 97871, 100, 503.66
2026/10/09 04:32:13.722, 1, 85626, 97871, 100, 493.89
2026/10/09 04:32:13.722, 2, 85624, 97871, 100, 498.36
2026/10/09 04:32:13.722, 3, 85626, 97871, 100, 511.78
2026/10/09 04:32:14.722, 0, 85625, 97871, 100, 504.20
2026/10/09 04:32:14.722, 1, 85626, 97871, 100, 492.61
2026/10/09 04:32:14.722, 2, 85624, 97871, 100, 502.63
2026/10/09 04:32:14.722, 3, 85626, 97871, 100, 509.52
2026/10/09 04:32:15.723, 0, 85625, 97871, 100, 504.50
2026/10/09 04:32:15.723, 1, 85626, 97871, 100, 496.49
2026/10/09 04:32:15.723, 2, 85624, 97871, 100, 497.75
2026/10/09 04:32:15.723, 3, 85626, 97871, 100, 504.39
2026/10/09 04:32:16.723, 0, 85625, 97871, 100, 507.06
2026/10/09 04:32:16.723, 1, 85626, 97871, 100, 497.19
2026/10/09 04:32:16.723, 2, 85624, 97871, 100, 499.12
2026/10/09 04:32:16.723, 3, 85626, 97871, 100, 502.35
2026/10/09 04:32:17.723, 0, 85625, 97871, 100, 502.13
2026/10/09 04:32:17.723, 1, 85626, 97871, 100, 499.91
2026/10/09 04:32:17.723, 2, 85624, 97871, 100, 501.15
2026/10/09 04:32:17.723, 3, 85626, 97871, 100, 498.77
2026/10/09 04:32:18.723, 0, 85625, 97871, 100, 501.28
2026/10/09 04:32:18.723, 1, 85626, 97871, 100, 491.67
2026/10/09 04:32:18.723, 2, 85624, 97871, 100, 496.68
2026/10/09 04:32:18.723, 3, 85626, 97871, 100, 506.80
2026/10/09 04:32:19.724, 0, 85625, 97871, 100, 503.14
2026/10/09 04:32:19.724, 1, 85626, 97871, 100, 498.98
2026/10/09 04:32:19.724, 2, 85624, 97871, 100, 495.77
2026/10/09 04:32:19.724, 3, 85626, 97871, 100, 501.22
2026/10/09 04:32:20.724, 0, 85625, 97871, 100, 502.41
2026/10/09 04:32:20.728, 1, 85626, 97871, 100, 486.79
2026/10/09 04:32:20.728, 2, 85624, 97871, 100, 502.31
2026/10/09 04:32:20.728, 3, 85626, 97871, 100, 507.24
2026/10/09 04:32:21.728, 0, 85625, 97871, 100, 502.11
2026/10/09 04:32:21.728, 1, 85626, 97871, 100, 496.87
2026/10/09 04:32:21.728, 2, 85624, 97871, 100, 493.13
2026/10/09 04:32:21.728, 3, 85626, 97871, 100, 503.78
2026/10/09 04:32:22.728, 0, 85625, 97871, 100, 500.78
2026/10/09 04:32:22.729, 1, 85626, 97871, 100, 496.82
2026/10/09 04:32:22.729, 2, 85624, 97871, 100, 495.41
2026/10/09 04:32:22.729, 3, 85626, 97871, 100, 517.20
2026/10/09 04:32:23.729, 0, 85625, 97871, 100, 506.67
2026/10/09 04:32:23.729, 1, 85626, 97871, 100, 489.86
2026/10/09 04:32:23.729, 2, 85624, 97871, 100, 497.57
2026/10/09 04:32:23.729, 3, 85626, 97871, 100, 502.77
2026/10/09 04:32:24.729, 0, 85625, 97871, 100, 504.36
2026/10/09 04:32:24.729, 1, 85626, 97871, 100, 498.27
2026/10/09 04:32:24.729, 2, 85624, 97871, 100, 498.17
2026/10/09 04:32:24.729, 3, 85626, 97871, 100, 508.98
2026/10/09 04:32:25.729, 0, 85625, 97871, 100, 506.01
2026/10/09 04:32:25.729, 1, 85626, 97871, 100, 492.04
2026/10/09 04:32:25.729, 2, 85624, 97871, 100, 500.34
2026/10/09 04:32:25.729, 3, 85626, 97871, 100, 511.01
2026/10/09 04:32:26.729, 0, 85625, 97871, 100, 505.93
2026/10/09 04:32:26.730, 1, 85626, 97871, 100, 496.19
2026/10/09 04:32:26.730, 2, 85624, 97871, 100, 498.41
2026/10/09 04:32:26.730, 3, 85626, 97871, 100, 511.73
2026/10/09 04:32:27.730, 0, 85625, 97871, 100, 502.59
2026/10/09 04:32:27.730, 1, 85626, 97871, 100, 492.09
2026/10/09 04:32:27.730, 2, 85624, 97871, 100, 503.33
2026/10/09 04:32:27.730, 3, 85626, 97871, 100, 507.61
2026/10/09 04:32:28.730, 0, 85625, 97871, 100, 499.45
2026/10/09 04:32:28.730, 1, 85626, 97871, 100, 498.47
2026/10/09 04:32:28.730, 2, 85624, 97871, 100, 500.88
2026/10/09 04:32:28.730, 3, 85626, 97871, 100, 509.61
2026/10/09 04:32:29.730, 0, 85625, 97871, 100, 500.66
2026/10/09 04:32:29.730, 1, 85626, 97871, 100, 492.10
2026/10/09 04:32:29.730, 2, 85624, 97871, 100, 497.88
2026/10/09 04:32:29.730, 3, 85626, 97871, 100, 505.75
2026/10/09 04:32:30.730, 0, 85625, 97871, 100, 505.89
2026/10/09 04:32:30.738, 1, 85626, 97871, 100, 495.93
2026/10/09 04:32:30.738, 2, 85624, 97871, 100, 499.30
2026/10/09 04:32:30.738, 3, 85626, 97871, 100, 502.68
2026/10/09 04:32:31.738, 0, 85625, 97871, 100, 502.78
2026/10/09 04:32:31.738, 1, 85626, 97871, 100, 496.35
2026/10/09 04:32:31.738, 2, 85624, 97871, 100, 503.46
2026/10/09 04:32:31.739, 3, 85626, 97871, 100, 510.01
2026/10/09 04:32:32.739, 0, 85625, 97871, 100, 506.72
2026/10/09 04:32:32.739, 1, 85626, 97871, 100, 492.83
2026/10/09 04:32:32.739, 2, 85624, 97871, 100, 493.98
2026/10/09 04:32:32.739, 3, 85626, 97871, 100, 506.70
2026/10/09 04:32:33.739, 0, 85625, 97871, 100, 502.94
2026/10/09 04:32:33.739, 1, 85626, 97871, 100, 492.50
2026/10/09 04:32:33.739, 2, 85624, 97871, 100, 495.84
2026/10/09 04:32:33.739, 3, 85626, 97871, 100, 505.30
2026/10/09 04:32:34.739, 0, 85625, 97871, 100, 505.90
2026/10/09 04:32:34.739, 1, 85626, 97871, 100, 493.84
2026/10/09 04:32:34.739, 2, 85624, 97871, 100, 499.60
2026/10/09 04:32:34.739, 3, 85626, 97871, 100, 510.51
2026/10/09 04:32:35.739, 0, 85625, 97871, 100, 506.23
2026/10/09 04:32:35.739, 1, 85626, 97871, 100, 496.41
2026/10/09 04:32:35.739, 2, 85624, 97871, 100, 498.44
2026/10/09 04:32:35.739, 3, 85626, 97871, 100, 503.57
2026/10/09 04:32:36.740, 0, 85625, 97871, 100, 501.48
2026/10/09 04:32:36.740, 1, 85626, 97871, 100, 504.16
2026/10/09 04:32:36.740, 2, 85623, 97871, 100, 504.58
2026/10/09 04:32:36.740, 3, 85626, 97871, 100, 511.34
2026/10/09 04:32:37.740, 0, 85625, 97871, 100, 502.56
2026/10/09 04:32:37.740, 1, 85626, 97871, 100, 495.60
2026/10/09 04:32:37.740, 2, 85623, 97871, 100, 497.40
2026/10/09 04:32:37.740, 3, 85626, 97871, 100, 511.78
2026/10/09 04:32:38.740, 0, 85625, 97871, 100, 503.77
2026/10/09 04:32:38.740, 1, 85626, 97871, 100, 498.77
2026/10/09 04:32:38.740, 2, 85623, 97871, 100, 498.13
2026/10/09 04:32:38.740, 3, 85626, 97871, 100, 504.50
2026/10/09 04:32:39.740, 0, 85625, 97871, 100, 502.47
2026/10/09 04:32:39.740, 1, 85626, 97871, 100, 492.63
2026/10/09 04:32:39.740, 2, 85623, 97871, 100, 498.07
2026/10/09 04:32:39.740, 3, 85626, 97871, 100, 509.42
2026/10/09 04:32:40.741, 0, 85625, 97871, 100, 503.42
2026/10/09 04:32:40.745, 1, 85626, 97871, 100, 488.48
2026/10/09 04:32:40.745, 2, 85623, 97871, 100, 505.74
2026/10/09 04:32:40.745, 3, 85626, 97871, 100, 509.95
2026/10/09 04:32:41.745, 0, 85625, 97871, 100, 506.52
2026/10/09 04:32:41.745, 1, 85626, 97871, 100, 496.35
2026/10/09 04:32:41.745, 2, 85623, 97871, 100, 494.53
2026/10/09 04:32:41.745, 3, 85626, 97871, 100, 503.87
2026/10/09 04:32:42.745, 0, 85625, 97871, 100, 506.48
2026/10/09 04:32:42.745, 1, 85626, 97871, 100, 496.77
2026/10/09 04:32:42.745, 2, 85623, 97871, 100, 496.69
2026/10/09 04:32:42.745, 3, 85626, 97871, 100, 506.94
2026/10/09 04:32:43.745, 0, 85625, 97871, 100, 503.61
2026/10/09 04:32:43.745, 1, 85626, 97871, 100, 496.61
2026/10/09 04:32:43.745, 2, 85623, 97871, 100, 499.11
2026/10/09 04:32:43.745, 3, 85626, 97871, 100, 504.17
2026/10/09 04:32:44.746, 0, 85625, 97871, 100, 500.10
2026/10/09 04:32:44.746, 1, 85626, 97871, 100, 494.79
2026/10/09 04:32:44.746, 2, 85623, 97871, 100, 496.13
2026/10/09 04:32:44.746, 3, 85626, 97871, 100, 502.62
2026/10/09 04:32:45.746, 0, 85625, 97871, 100, 500.92
2026/10/09 04:32:45.746, 1, 85626, 97871, 100, 492.60
2026/10/09 04:32:45.746, 2, 85623, 97871, 100, 503.58
2026/10/09 04:32:45.746, 3, 85626, 97871, 100, 506.00
2026/10/09 04:32:46.746, 0, 85625, 97871, 100, 506.18
2026/10/09 04:32:46.746, 1, 85626, 97871, 100, 496.42
2026/10/09 04:32:46.746, 2, 85623, 97871, 100, 498.05
2026/10/09 04:32:46.746, 3, 85626, 97871, 100, 509.73
2026/10/09 04:32:47.746, 0, 85625, 97871, 100, 503.24
2026/10/09 04:32:47.747, 1, 85626, 97871, 100, 495.17
2026/10/09 04:32:47.747, 2, 85623, 97871, 100, 494.52
2026/10/09 04:32:47.747, 3, 85626, 97871, 100, 505.97
2026/10/09 04:32:48.747, 0, 85625, 97871, 100, 502.83
2026/10/09 04:32:48.747, 1, 85626, 97871, 100, 493.43
2026/10/09 04:32:48.747, 2, 85623, 97871, 100, 502.84
2026/10/09 04:32:48.747, 3, 85626, 97871, 100, 503.58
2026/10/09 04:32:49.747, 0, 85625, 97871, 100, 505.29
2026/10/09 04:32:49.747, 1, 85626, 97871, 100, 499.15
2026/10/09 04:32:49.747, 2, 85623, 97871, 100, 495.64
2026/10/09 04:32:49.747, 3, 85626, 97871, 100, 501.64
2026/10/09 04:32:50.747, 0, 85625, 97871, 100, 502.14
2026/10/09 04:32:50.751, 1, 85626, 97871, 100, 497.26
2026/10/09 04:32:50.751, 2, 85623, 97871, 100, 498.46
2026/10/09 04:32:50.751, 3, 85626, 97871, 100, 508.60
2026/10/09 04:32:51.751, 0, 85625, 97871, 100, 500.32
2026/10/09 04:32:51.751, 1, 85626, 97871, 100, 494.41
2026/10/09 04:32:51.751, 2, 85623, 97871, 100, 496.20
2026/10/09 04:32:51.751, 3, 85626, 97871, 100, 502.82
2026/10/09 04:32:52.751, 0, 85625, 97871, 100, 504.50
2026/10/09 04:32:52.752, 1, 85626, 97871, 100, 495.97
2026/10/09 04:32:52.752, 2, 85623, 97871, 100, 502.26
2026/10/09 04:32:52.752, 3, 85626, 97871, 100, 506.94
2026/10/09 04:32:53.752, 0, 85625, 97871, 100, 504.36
2026/10/09 04:32:53.752, 1, 85626, 97871, 100, 492.58
2026/10/09 04:32:53.752, 2, 85623, 97871, 100, 498.97
2026/10/09 04:32:53.752, 3, 85626, 97871, 100, 503.82
2026/10/09 04:32:54.752, 0, 85625, 97871, 100, 505.45
2026/10/09 04:32:54.752, 1, 85626, 97871, 100, 491.68
2026/10/09 04:32:54.752, 2, 85623, 97871, 100, 497.33
2026/10/09 04:32:54.752, 3, 85626, 97871, 100, 509.32
2026/10/09 04:32:55.752, 0, 85625, 97871, 100, 505.43
2026/10/09 04:32:55.752, 1, 85626, 97871, 100, 491.09
2026/10/09 04:32:55.752, 2, 85623, 97871, 100, 500.37
2026/10/09 04:32:55.752, 3, 85626, 97871, 100, 506.54
2026/10/09 04:32:56.752, 0, 85625, 97871, 100, 502.62
2026/10/09 04:32:56.752, 1, 85626, 97871, 100, 492.58
2026/10/09 04:32:56.753, 2, 85623, 97871, 100, 495.81
2026/10/09 04:32:56.753, 3, 85626, 97871, 100, 508.53
2026/10/09 04:32:57.753, 0, 85625, 97871, 100, 504.83
2026/10/09 04:32:57.753, 1, 85626, 97871, 100, 499.86
2026/10/09 04:32:57.753, 2, 85623, 97871, 100, 496.59
2026/10/09 04:32:57.753, 3, 85626, 97871, 100, 506.98
2026/10/09 04:32:58.753, 0, 85625, 97871, 100, 505.92
2026/10/09 04:32:58.753, 1, 85626, 97871, 100, 492.67
2026/10/09 04:32:58.753, 2, 85623, 97871, 100, 497.56
2026/10/09 04:32:58.753, 3, 85626, 97871, 100, 512.55
2026/10/09 04:32:59.753, 0, 85625, 97871, 100, 507.24
2026/10/09 04:32:59.753, 1, 85626, 97871, 100, 501.20
2026/10/09 04:32:59.753, 2, 85623, 97871, 100, 495.70
2026/10/09 04:32:59.753, 3, 85626, 97871, 100, 503.33
2026/10/09 04:33:00.753, 0, 85625, 97871, 100, 506.52
2026/10/09 04:33:00.759, 1, 85626, 97871, 100, 494.39
2026/10/09 04:33:00.759, 2, 85623, 97871, 100, 497.88
2026/10/09 04:33:00.759, 3, 85626, 97871, 100, 502.88
2026/10/09 04:33:01.759, 0, 85625, 97871, 100, 497.78
2026/10/09 04:33:01.759, 1, 85626, 97871, 100, 493.02
2026/10/09 04:33:01.759, 2, 85623, 97871, 100, 495.35
2026/10/09 04:33:01.759, 3, 85626, 97871, 100, 507.54
2026/10/09 04:33:02.759, 0, 85625, 97871, 100, 503.21
2026/10/09 04:33:02.759, 1, 85626, 97871, 100, 495.82
2026/10/09 04:33:02.759, 2, 85623, 97871, 100, 502.73
2026/10/09 04:33:02.759, 3, 85626, 97871, 100, 507.69
2026/10/09 04:33:03.759, 0, 85625, 97871, 100, 506.60
2026/10/09 04:33:03.759, 1, 85626, 97871, 100, 498.52
2026/10/09 04:33:03.759, 2, 85623, 97871, 100, 494.63
2026/10/09 04:33:03.759, 3, 85626, 97871, 100, 506.69
2026/10/09 04:33:04.759, 0, 85625, 97871, 100, 503.13
2026/10/09 04:33:04.760, 1, 85626, 97871, 100, 494.51
2026/10/09 04:33:04.760, 2, 85623, 97871, 100, 500.93
2026/10/09 04:33:04.760, 3, 85626, 97871, 100, 508.99
2026/10/09 04:33:05.760, 0, 85625, 97871, 100, 504.64
2026/10/09 04:33:05.760, 1, 85626, 97871, 100, 499.36
2026/10/09 04:33:05.760, 2, 85623, 97871, 100, 492.79
2026/10/09 04:33:05.760, 3, 85626, 97871, 100, 503.87
2026/10/09 04:33:06.760, 0, 85625, 97871, 100, 502.50
2026/10/09 04:33:06.760, 1, 85626, 97871, 100, 489.42
2026/10/09 04:33:06.760, 2, 85623, 97871, 100, 496.03
2026/10/09 04:33:06.760, 3, 85626, 97871, 100, 508.98
2026/10/09 04:33:07.760, 0, 85625, 97871, 100, 502.62
2026/10/09 04:33:07.760, 1, 85626, 97871, 100, 496.60
2026/10/09 04:33:07.760, 2, 85623, 97871, 100, 501.83
2026/10/09 04:33:07.760, 3, 85626, 97871, 100, 508.98
2026/10/09 04:33:08.761, 0, 85625, 97871, 100, 503.51
2026/10/09 04:33:08.761, 1, 85626, 97871, 100, 498.44
2026/10/09 04:33:08.761, 2, 85623, 97871, 100, 500.31
2026/10/09 04:33:08.761, 3, 85626, 97871, 100, 504.92
2026/10/09 04:33:09.761, 0, 85625, 97871, 100, 505.51
2026/10/09 04:33:09.761, 1, 85626, 97871, 100, 495.78
2026/10/09 04:33:09.761, 2, 85623, 97871, 100, 497.43
2026/10/09 04:33:09.761, 3, 85626, 97871, 100, 505.05
2026/10/09 04:33:10.761, 0, 85625, 97871, 100, 503.23
2026/10/09 04:33:10.765, 1, 85626, 97871, 100, 497.30
2026/10/09 04:33:10.765, 2, 85623, 97871, 100, 499.49
2026/10/09 04:33:10.765, 3, 85626, 97871, 100, 516.55
2026/10/09 04:33:11.765, 0, 85625, 97871, 100, 505.40
2026/10/09 04:33:11.765, 1, 85626, 97871, 100, 491.43
2026/10/09 04:33:11.765, 2, 85623, 97871, 100, 492.27
2026/10/09 04:33:11.765, 3, 85626, 97871, 100, 502.43
2026/10/09 04:33:12.765, 0, 85625, 97871, 100, 507.09
2026/10/09 04:33:12.765, 1, 85626, 97871, 100, 500.66
2026/10/09 04:33:12.765, 2, 85623, 97871, 100, 500.52
2026/10/09 04:33:12.766, 3, 85626, 97871, 100, 505.55
2026/10/09 04:33:13.766, 0, 85625, 97871, 100, 504.65
2026/10/09 04:33:13.766, 1, 85626, 97871, 100, 495.78
2026/10/09 04:33:13.766, 2, 85623, 97871, 100, 501.77
2026/10/09 04:33:13.766, 3, 85626, 97871, 100, 502.08
2026/10/09 04:33:14.766, 0, 85625, 97871, 100, 504.51
2026/10/09 04:33:14.766, 1, 85626, 97871, 100, 491.39
2026/10/09 04:33:14.766, 2, 85623, 97871, 100, 498.91
2026/10/09 04:33:14.766, 3, 85626, 97871, 100, 505.85
2026/10/09 04:33:15.766, 0, 85625, 97871, 100, 502.49
2026/10/09 04:33:15.766, 1, 85626, 97871, 100, 499.11
2026/10/09 04:33:15.766, 2, 85623, 97871, 100, 492.21
2026/10/09 04:33:15.766, 3, 85626, 97871, 100, 505.73
2026/10/09 04:33:16.766, 0, 85625, 97871, 100, 504.41
2026/10/09 04:33:16.766, 1, 85626, 97871, 100, 503.04
2026/10/09 04:33:16.766, 2, 85623, 97871, 100, 500.56
2026/10/09 04:33:16.766, 3, 85626, 97871, 100, 509.84
2026/10/09 04:33:17.767, 0, 85625, 97871, 100, 504.74
2026/10/09 04:33:17.767, 1, 85626, 97871, 100, 495.51
2026/10/09 04:33:17.767, 2, 85623, 97871, 100, 495.93
2026/10/09 04:33:17.767, 3, 85626, 97871, 100, 499.87
2026/10/09 04:33:18.767, 0, 85625, 97871, 100, 502.24
2026/10/09 04:33:18.767, 1, 85626, 97871, 100, 495.27
2026/10/09 04:33:18.767, 2, 85623, 97871, 100, 496.55
2026/10/09 04:33:18.767, 3, 85626, 97871, 100, 508.01
2026/10/09 04:33:19.767, 0, 85625, 97871, 100, 502.41
2026/10/09 04:33:19.767, 1, 85626, 97871, 100, 498.86
2026/10/09 04:33:19.767, 2, 85623, 97871, 100, 499.85
2026/10/09 04:33:19.767, 3, 85626, 97871, 100, 506.47
2026/10/09 04:33:20.767, 0, 85625, 97871, 100, 504.58
2026/10/09 04:33:20.785, 1, 85626, 97871, 100, 504.07
2026/10/09 04:33:20.785, 2, 85623, 97871, 100, 500.95
2026/10/09 04:33:20.785, 3, 85626, 97871, 100, 507.31
2026/10/09 04:33:21.785, 0, 85625, 97871, 100, 502.53
2026/10/09 04:33:21.785, 1, 85626, 97871, 100, 495.94
2026/10/09 04:33:21.785, 2, 85623, 97871, 100, 498.80
2026/10/09 04:33:21.785, 3, 85626, 97871, 100, 502.96
2026/10/09 04:33:22.785, 0, 85625, 97871, 100, 499.74
2026/10/09 04:33:22.785, 1, 85626, 97871, 100, 493.83
2026/10/09 04:33:22.785, 2, 85623, 97871, 100, 496.10
2026/10/09 04:33:22.785, 3, 85626, 97871, 100, 498.61
2026/10/09 04:33:23.785, 0, 85625, 97871, 100, 506.67
2026/10/09 04:33:23.786, 1, 85626, 97871, 100, 497.93
2026/10/09 04:33:23.786, 2, 85623, 97871, 100, 499.67
2026/10/09 04:33:23.786, 3, 85626, 97871, 100, 504.83
2026/10/09 04:33:24.786, 0, 85625, 97871, 100, 499.64
2026/10/09 04:33:24.786, 1, 85626, 97871, 100, 491.68
2026/10/09 04:33:24.786, 2, 85623, 97871, 100, 501.22
2026/10/09 04:33:24.786, 3, 85626, 97871, 100, 504.51
2026/10/09 04:33:25.786, 0, 85625, 97871, 100, 500.20
2026/10/09 04:33:25.786, 1, 85626, 97871, 100, 498.19
2026/10/09 04:33:25.786, 2, 85623, 97871, 100, 503.20
2026/10/09 04:33:25.786, 3, 85626, 97871, 100, 510.49
2026/10/09 04:33:26.786, 0, 85625, 97871, 100, 502.08
2026/10/09 04:33:26.786, 1, 85626, 97871, 100, 493.81
2026/10/09 04:33:26.786, 2, 85623, 97871, 100, 497.89
2026/10/09 04:33:26.786, 3, 85626, 97871, 100, 503.90
2026/10/09 04:33:27.786, 0, 85625, 97871, 100, 496.81
2026/10/09 04:33:27.787, 1, 85626, 97871, 100, 499.00
2026/10/09 04:33:27.787, 2, 85623, 97871, 100, 500.42
2026/10/09 04:33:27.787, 3, 85626, 97871, 100, 509.41
2026/10/09 04:33:28.787, 0, 85625, 97871, 100, 508.79
2026/10/09 04:33:28.787, 1, 85626, 97871, 100, 492.34
2026/10/09 04:33:28.787, 2, 85623, 97871, 100, 489.94
2026/10/09 04:33:28.787, 3, 85626, 97871, 100, 499.23
2026/10/09 04:33:29.787, 0, 85625, 97871, 100, 499.20
2026/10/09 04:33:29.787, 1, 85626, 97871, 100, 499.71
2026/10/09 04:33:29.787, 2, 85623, 97871, 100, 502.79
2026/10/09 04:33:29.787, 3, 85626, 97871, 100, 514.23
2026/10/09 04:33:30.787, 0, 85625, 97871, 100, 500.52
2026/10/09 04:33:30.797, 1, 85626, 97871, 100, 490.75
2026/10/09 04:33:30.797, 2, 85623, 97871, 100, 500.20
2026/10/09 04:33:30.797, 3, 85626, 97871, 100, 503.32
2026/10/09 04:33:31.797, 0, 85625, 97871, 100, 505.14
2026/10/09 04:33:31.797, 1, 85626, 97871, 100, 499.35
2026/10/09 04:33:31.797, 2, 85623, 97871, 100, 491.61
2026/10/09 04:33:31.797, 3, 85626, 97871, 100, 501.35
2026/10/09 04:33:32.797, 0, 85625, 97871, 100, 502.55
2026/10/09 04:33:32.797, 1, 85626, 97871, 100, 494.02
2026/10/09 04:33:32.797, 2, 85623, 97871, 100, 499.99
2026/10/09 04:33:32.797, 3, 85626, 97871, 100, 505.06
2026/10/09 04:33:33.797, 0, 85625, 97871, 100, 501.48
2026/10/09 04:33:33.797, 1, 85626, 97871, 100, 498.63
2026/10/09 04:33:33.797, 2, 85623, 97871, 100, 500.75
2026/10/09 04:33:33.797, 3, 85626, 97871, 100, 500.91
2026/10/09 04:33:34.797, 0, 85625, 97871, 100, 503.54
2026/10/09 04:33:34.798, 1, 85626, 97871, 100, 499.42
2026/10/09 04:33:34.798, 2, 85623, 97871, 100, 497.10
2026/10/09 04:33:34.798, 3, 85626, 97871, 100, 507.30
2026/10/09 04:33:35.798, 0, 85625, 97871, 100, 504.27
2026/10/09 04:33:35.798, 1, 85626, 97871, 100, 498.11
2026/10/09 04:33:35.798, 2, 85623, 97871, 100, 500.74
2026/10/09 04:33:35.798, 3, 85626, 97871, 100, 504.44
2026/10/09 04:33:36.798, 0, 85625, 97871, 100, 500.35
2026/10/09 04:33:36.798, 1, 85626, 97871, 100, 496.69
2026/10/09 04:33:36.798, 2, 85623, 97871, 100, 501.90
2026/10/09 04:33:36.798, 3, 85626, 97871, 100, 508.83
2026/10/09 04:33:37.798, 0, 85625, 97871, 100, 506.36
2026/10/09 04:33:37.798, 1, 85626, 97871, 100, 496.85
2026/10/09 04:33:37.798, 2, 85623, 97871, 100, 497.70
2026/10/09 04:33:37.798, 3, 85626, 97871, 100, 512.17
2026/10/09 04:33:38.798, 0, 85625, 97871, 100, 500.31
2026/10/09 04:33:38.798, 1, 85626, 97871, 100, 490.04
2026/10/09 04:33:38.798, 2, 85623, 97871, 100, 501.86
2026/10/09 04:33:38.798, 3, 85626, 97871, 100, 503.40
2026/10/09 04:33:39.798, 0, 85625, 97871, 100, 507.58
2026/10/09 04:33:39.799, 1, 85626, 97871, 100, 491.29
2026/10/09 04:33:39.799, 2, 85623, 97871, 100, 495.51
2026/10/09 04:33:39.799, 3, 85626, 97871, 100, 501.61
2026/10/09 04:33:40.799, 0, 85625, 97871, 100, 504.90
2026/10/09 04:33:40.803, 1, 85626, 97871, 100, 493.63
2026/10/09 04:33:40.803, 2, 85623, 97871, 100, 497.85
2026/10/09 04:33:40.803, 3, 85626, 97871, 100, 507.96
2026/10/09 04:33:41.803, 0, 85625, 97871, 100, 503.67
2026/10/09 04:33:41.803, 1, 85626, 97871, 100, 494.47
2026/10/09 04:33:41.803, 2, 85623, 97871, 100, 500.13
2026/10/09 04:33:41.803, 3, 85626, 97871, 100, 504.69
2026/10/09 04:33:42.803, 0, 85625, 97871, 100, 505.31
2026/10/09 04:33:42.804, 1, 85626, 97871, 100, 495.72
2026/10/09 04:33:42.804, 2, 85623, 97871, 100, 492.74
2026/10/09 04:33:42.804, 3, 85626, 97871, 100, 504.21
2026/10/09 04:33:43.804, 0, 85625, 97871, 100, 502.87
2026/10/09 04:33:43.804, 1, 85626, 97871, 100, 492.59
2026/10/09 04:33:43.804, 2, 85623, 97871, 100, 496.76
2026/10/09 04:33:43.804, 3, 85626, 97871, 100, 500.70
2026/10/09 04:33:44.804, 0, 85625, 97871, 100, 503.41
2026/10/09 04:33:44.804, 1, 85626, 97871, 100, 491.40
2026/10/09 04:33:44.804, 2, 85623, 97871, 100, 499.93
2026/10/09 04:33:44.804, 3, 85626, 97871, 100, 508.24
2026/10/09 04:33:45.804, 0, 85625, 97871, 100, 505.31
2026/10/09 04:33:45.804, 1, 85626, 97871, 100, 494.73
2026/10/09 04:33:45.804, 2, 85623, 97871, 100, 497.51
2026/10/09 04:33:45.804, 3, 85626, 97871, 100, 511.17
2026/10/09 04:33:46.804, 0, 85625, 97871, 100, 507.36
2026/10/09 04:33:46.804, 1, 85626, 97871, 100, 496.00
2026/10/09 04:33:46.805, 2, 85623, 97871, 100, 499.75
2026/10/09 04:33:46.805, 3, 85626, 97871, 100, 506.88
2026/10/09 04:33:47.805, 0, 85625, 97871, 100, 496.50
2026/10/09 04:33:47.805, 1, 85626, 97871, 100, 502.22
2026/10/09 04:33:47.805, 2, 85623, 97871, 100, 498.04
2026/10/09 04:33:47.805, 3, 85626, 97871, 100, 507.19
2026/10/09 04:33:48.805, 0, 85625, 97871, 100, 502.90
2026/10/09 04:33:48.805, 1, 85626, 97871, 100, 499.89
2026/10/09 04:33:48.805, 2, 85623, 97871, 100, 493.42
2026/10/09 04:33:48.805, 3, 85626, 97871, 100, 507.60
2026/10/09 04:33:49.805, 0, 85625, 97871, 100, 503.40
2026/10/09 04:33:49.805, 1, 85626, 97871, 100, 486.42
2026/10/09 04:33:49.805, 2, 85623, 97871, 100, 496.26
2026/10/09 04:33:49.805, 3, 85626, 97871, 100, 502.61
2026/10/09 04:33:50.805, 0, 85625, 97871, 100, 503.98
2026/10/09 04:33:50.810, 1, 85626, 97871, 100, 491.64
2026/10/09 04:33:50.810, 2, 85623, 97871, 100, 496.65
2026/10/09 04:33:50.810, 3, 85626, 97871, 100, 501.76
2026/10/09 04:33:51.810, 0, 85625, 97871, 100, 502.21
2026/10/09 04:33:51.810, 1, 85626, 97871, 100, 495.91
2026/10/09 04:33:51.810, 2, 85623, 97871, 100, 504.74
2026/10/09 04:33:51.810, 3, 85626, 97871, 100, 509.63
2026/10/09 04:33:52.810, 0, 85625, 97871, 100, 501.17
2026/10/09 04:33:52.810, 1, 85626, 97871, 100, 496.55
2026/10/09 04:33:52.810, 2, 85623, 97871, 100, 502.49
2026/10/09 04:33:52.810, 3, 85626, 97871, 100, 507.32
2026/10/09 04:33:53.810, 0, 85625, 97871, 100, 500.28
2026/10/09 04:33:53.810, 1, 85626, 97871, 100, 496.59
2026/10/09 04:33:53.810, 2, 85623, 97871, 100, 496.66
2026/10/09 04:33:53.810, 3, 85626, 97871, 100, 504.93
2026/10/09 04:33:54.810, 0, 85625, 97871, 100, 502.84
2026/10/09 04:33:54.810, 1, 85626, 97871, 100, 495.70
2026/10/09 04:33:54.810, 2, 85623, 97871, 100, 501.37
2026/10/09 04:33:54.810, 3, 85626, 97871, 100, 506.19
2026/10/09 04:33:55.811, 0, 85625, 97871, 100, 504.94
2026/10/09 04:33:55.811, 1, 85626, 97871, 100, 497.66
2026/10/09 04:33:55.811, 2, 85623, 97871, 100, 488.36
2026/10/09 04:33:55.811, 3, 85626, 97871, 100, 506.47
2026/10/09 04:33:56.811, 0, 85625, 97871, 100, 507.41
2026/10/09 04:33:56.811, 1, 85626, 97871, 100, 491.80
2026/10/09 04:33:56.811, 2, 85623, 97871, 100, 496.20
2026/10/09 04:33:56.811, 3, 85626, 97871, 100, 508.93
2026/10/09 04:33:57.811, 0, 85625, 97871, 100, 499.04
2026/10/09 04:33:57.811, 1, 85626, 97871, 100, 498.27
2026/10/09 04:33:57.811, 2, 85623, 97871, 100, 499.52
2026/10/09 04:33:57.811, 3, 85626, 97871, 100, 514.30
2026/10/09 04:33:58.811, 0, 85625, 97871, 100, 499.98
2026/10/09 04:33:58.811, 1, 85626, 97871, 100, 495.19
2026/10/09 04:33:58.811, 2, 85623, 97871, 100, 501.90
2026/10/09 04:33:58.811, 3, 85626, 97871, 100, 500.89
2026/10/09 04:33:59.811, 0, 85625, 97871, 100, 507.62
2026/10/09 04:33:59.812, 1, 85626, 97871, 100, 496.48
2026/10/09 04:33:59.812, 2, 85623, 97871, 100, 500.87
2026/10/09 04:33:59.812, 3, 85626, 97871, 100, 500.20
2026/10/09 04:34:00.812, 0, 85625, 97871, 100, 507.89
2026/10/09 04:34:00.818, 1, 85626, 97871, 100, 489.89
2026/10/09 04:34:00.818, 2, 85623, 97871, 100, 501.58
2026/10/09 04:34:00.818, 3, 85626, 97871, 100, 500.02
2026/10/09 04:34:01.818, 0, 85625, 97871, 100, 506.43
2026/10/09 04:34:01.819, 1, 85626, 97871, 100, 500.30
2026/10/09 04:34:01.819, 2, 85623, 97871, 100, 495.37
2026/10/09 04:34:01.819, 3, 85626, 97871, 100, 507.54
2026/10/09 04:34:02.819, 0, 85625, 97871, 100, 503.04
2026/10/09 04:34:02.819, 1, 85626, 97871, 100, 496.34
2026/10/09 04:34:02.819, 2, 85623, 97871, 100, 502.43
2026/10/09 04:34:02.819, 3, 85626, 97871, 100, 507.30
2026/10/09 04:34:03.819, 0, 85625, 97871, 100, 499.80
2026/10/09 04:34:03.819, 1, 85626, 97871, 100, 492.83
2026/10/09 04:34:03.819, 2, 85623, 97871, 100, 498.57
2026/10/09 04:34:03.819, 3, 85626, 97871, 100, 511.62
2026/10/09 04:34:04.819, 0, 85625, 97871, 100, 503.74
2026/10/09 04:34:04.819, 1, 85626, 97871, 100, 496.15
2026/10/09 04:34:04.819, 2, 85623, 97871, 100, 499.62
2026/10/09 04:34:04.819, 3, 85626, 97871, 100, 510.18
2026/10/09 04:34:05.819, 0, 85625, 97871, 100, 503.98
2026/10/09 04:34:05.819, 1, 85626, 97871, 100, 497.55
2026/10/09 04:34:05.819, 2, 85623, 97871, 100, 498.91
2026/10/09 04:34:05.819, 3, 85626, 97871, 100, 507.81
2026/10/09 04:34:06.819, 0, 85625, 97871, 100, 502.30
2026/10/09 04:34:06.820, 1, 85626, 97871, 100, 499.85
2026/10/09 04:34:06.820, 2, 85623, 97871, 100, 495.58
2026/10/09 04:34:06.820, 3, 85626, 97871, 100, 506.89
2026/10/09 04:34:07.820, 0, 85625, 97871, 100, 505.51
2026/10/09 04:34:07.820, 1, 85626, 97871, 100, 501.84
2026/10/09 04:34:07.820, 2, 85623, 97871, 100, 497.49
2026/10/09 04:34:07.820, 3, 85626, 97871, 100, 502.84
2026/10/09 04:34:08.820, 0, 85625, 97871, 100, 501.11
2026/10/09 04:34:08.820, 1, 85626, 97871, 100, 493.49
2026/10/09 04:34:08.820, 2, 85623, 97871, 100, 499.33
2026/10/09 04:34:08.820, 3, 85626, 97871, 100, 502.76
2026/10/09 04:34:09.820, 0, 85625, 97871, 100, 507.82
2026/10/09 04:34:09.820, 1, 85626, 97871, 100, 496.28
2026/10/09 04:34:09.820, 2, 85623, 97871, 100, 500.30
2026/10/09 04:34:09.820, 3, 85626, 97871, 100, 507.72
2026/10/09 04:34:10.820, 0, 85625, 97871, 100, 504.02
2026/10/09 04:34:10.825, 1, 85626, 97871, 100, 493.80
2026/10/09 04:34:10.825, 2, 85623, 97871, 100, 498.88
2026/10/09 04:34:10.825, 3, 85626, 97871, 100, 505.33
2026/10/09 04:34:11.825, 0, 85625, 97871, 100, 504.51
2026/10/09 04:34:11.825, 1, 85626, 97871, 100, 496.79
2026/10/09 04:34:11.825, 2, 85623, 97871, 100, 500.37
2026/10/09 04:34:11.825, 3, 85626, 97871, 100, 507.29
2026/10/09 04:34:12.825, 0, 85625, 97871, 100, 503.20
2026/10/09 04:34:12.825, 1, 85626, 97871, 100, 494.66
2026/10/09 04:34:12.825, 2, 85623, 97871, 100, 494.49
2026/10/09 04:34:12.825, 3, 85626, 97871, 100, 502.50
2026/10/09 04:34:13.826, 0, 85625, 97871, 100, 502.40
2026/10/09 04:34:13.826, 1, 85626, 97871, 100, 501.05
2026/10/09 04:34:13.826, 2, 85623, 97871, 100, 500.09
2026/10/09 04:34:13.826, 3, 85626, 97871, 100, 504.85
2026/10/09 04:34:14.826, 0, 85625, 97871, 100, 499.52
2026/10/09 04:34:14.826, 1, 85626, 97871, 100, 495.59
2026/10/09 04:34:14.826, 2, 85623, 97871, 100, 500.09
2026/10/09 04:34:14.826, 3, 85626, 97871, 100, 506.45
2026/10/09 04:34:15.826, 0, 85625, 97871, 100, 496.50
2026/10/09 04:34:15.826, 1, 85626, 97871, 100, 497.71
2026/10/09 04:34:15.826, 2, 85623, 97871, 100, 501.43
2026/10/09 04:34:15.826, 3, 85626, 97871, 100, 505.34
2026/10/09 04:34:16.826, 0, 85625, 97871, 100, 504.03
2026/10/09 04:34:16.826, 1, 85626, 97871, 100, 494.80
2026/10/09 04:34:16.826, 2, 85623, 97871, 100, 497.14
2026/10/09 04:34:16.826, 3, 85626, 97871, 100, 511.28
2026/10/09 04:34:17.826, 0, 85625, 97871, 100, 504.95
2026/10/09 04:34:17.826, 1, 85626, 97871, 100, 487.21
2026/10/09 04:34:17.826, 2, 85623, 97871, 100, 499.06
2026/10/09 04:34:17.827, 3, 85626, 97871, 100, 505.91
2026/10/09 04:34:18.827, 0, 85625, 97871, 100, 500.49
2026/10/09 04:34:18.827, 1, 85626, 97871, 100, 496.23
2026/10/09 04:34:18.827, 2, 85623, 97871, 100, 497.32
2026/10/09 04:34:18.827, 3, 85626, 97871, 100, 502.60
2026/10/09 04:34:19.827, 0, 85625, 97871, 100, 503.20
2026/10/09 04:34:19.827, 1, 85626, 97871, 100, 493.93
2026/10/09 04:34:19.827, 2, 85623, 97871, 100, 496.38
2026/10/09 04:34:19.827, 3, 85626, 97871, 100, 505.76
2026/10/09 04:34:20.827, 0, 85625, 97871, 100, 504.38
2026/10/09 04:34:20.833, 1, 85626, 97871, 100, 498.82
2026/10/09 04:34:20.833, 2, 85623, 97871, 100, 500.74
2026/10/09 04:34:20.833, 3, 85626, 97871, 100, 497.98
2026/10/09 04:34:21.833, 0, 85625, 97871, 100, 505.10
2026/10/09 04:34:21.833, 1, 85626, 97871, 100, 500.40
2026/10/09 04:34:21.833, 2, 85623, 97871, 100, 505.62
2026/10/09 04:34:21.833, 3, 85626, 97871, 100, 509.65
2026/10/09 04:34:22.833, 0, 85625, 97871, 100, 501.30
2026/10/09 04:34:22.833, 1, 85626, 97871, 100, 497.82
2026/10/09 04:34:22.833, 2, 85623, 97871, 100, 498.01
2026/10/09 04:34:22.833, 3, 85626, 97871, 100, 507.57
2026/10/09 04:34:23.833, 0, 85625, 97871, 100, 503.17
2026/10/09 04:34:23.833, 1, 85626, 97871, 100, 499.35
2026/10/09 04:34:23.833, 2, 85623, 97871, 100, 499.14
2026/10/09 04:34:23.833, 3, 85626, 97871, 100, 511.18
2026/10/09 04:34:24.833, 0, 85625, 97871, 100, 503.55
2026/10/09 04:34:24.833, 1, 85626, 97871, 100, 497.23
2026/10/09 04:34:24.833, 2, 85623, 97871, 100, 497.29
2026/10/09 04:34:24.833, 3, 85626, 97871, 100, 508.31
2026/10/09 04:34:25.834, 0, 85625, 97871, 100, 503.65
2026/10/09 04:34:25.834, 1, 85626, 97871, 100, 500.05
2026/10/09 04:34:25.834, 2, 85623, 97871, 100, 503.70
2026/10/09 04:34:25.834, 3, 85626, 97871, 100, 505.02
2026/10/09 04:34:26.834, 0, 85625, 97871, 100, 487.40
2026/10/09 04:34:26.834, 1, 85626, 97871, 100, 495.89
2026/10/09 04:34:26.834, 2, 85623, 97871, 100, 496.70
2026/10/09 04:34:26.834, 3, 85626, 97871, 100, 506.85
2026/10/09 04:34:27.834, 0, 85625, 97871, 100, 494.58
2026/10/09 04:34:27.834, 1, 85626, 97871, 100, 481.88
2026/10/09 04:34:27.834, 2, 85623, 97871, 100, 488.01
2026/10/09 04:34:27.834, 3, 85626, 97871, 100, 479.35
2026/10/09 04:34:28.834, 0, 85625, 97871, 100, 495.63
2026/10/09 04:34:28.834, 1, 85626, 97871, 100, 484.39
2026/10/09 04:34:28.834, 2, 85623, 97871, 100, 491.27
2026/10/09 04:34:28.834, 3, 85626, 97871, 100, 499.16
2026/10/09 04:34:29.834, 0, 85625, 97871, 100, 498.66
2026/10/09 04:34:29.834, 1, 85626, 97871, 100, 481.80
2026/10/09 04:34:29.834, 2, 85623, 97871, 100, 488.87
2026/10/09 04:34:29.834, 3, 85626, 97871, 100, 496.81
2026/10/09 04:34:30.835, 0, 85625, 97871, 67, 468.70
2026/10/09 04:34:30.839, 1, 85626, 97871, 100, 452.61
2026/10/09 04:34:30.839, 2, 85623, 97871, 100, 486.10
2026/10/09 04:34:30.839, 3, 85626, 97871, 100, 500.47
2026/10/09 04:34:31.839, 0, 85625, 97871, 100, 482.63
2026/10/09 04:34:31.839, 1, 85626, 97871, 100, 470.61
2026/10/09 04:34:31.839, 2, 85623, 97871, 100, 462.24
2026/10/09 04:34:31.839, 3, 85626, 97871, 100, 466.68
2026/10/09 04:34:32.840, 0, 85625, 97871, 0, 210.91
2026/10/09 04:34:32.840, 1, 85626, 97871, 0, 191.28
2026/10/09 04:34:32.840, 2, 85623, 97871, 99, 431.88
2026/10/09 04:34:32.840, 3, 85626, 97871, 54, 448.32
2026/10/09 04:34:33.840, 0, 85625, 97871, 0, 139.35
2026/10/09 04:34:33.840, 1, 85626, 97871, 0, 145.19
2026/10/09 04:34:33.840, 2, 85623, 97871, 0, 144.04
2026/10/09 04:34:33.840, 3, 85626, 97871, 0, 145.00
2026/10/09 04:34:34.840, 0, 77211, 97871, 0, 138.99
2026/10/09 04:34:34.840, 1, 77212, 97871, 0, 143.46
2026/10/09 04:34:34.840, 2, 77211, 97871, 0, 142.14
2026/10/09 04:34:34.840, 3, 77214, 97871, 0, 143.62
2026/10/09 04:34:35.841, 0, 5, 97871, 0, 140.14
2026/10/09 04:34:35.841, 1, 6, 97871, 0, 145.46
2026/10/09 04:34:35.841, 2, 5, 97871, 0, 144.74
2026/10/09 04:34:35.841, 3, 8, 97871, 0, 146.40
