2026/10/09 04:19:04.135, 0, 17, 97871, 0, 93.74
2026/10/09 04:19:04.139, 1, 17, 97871, 0, 85.88
2026/10/09 04:19:04.143, 2, 53, 97871, 0, 94.15
2026/10/09 04:19:04.146, 3, 60, 97871, 0, 89.27
2026/10/09 04:19:05.150, 0, 17, 97871, 0, 93.38
2026/10/09 04:19:05.150, 1, 17, 97871, 0, 85.46
2026/10/09 04:19:05.150, 2, 53, 97871, 0, 93.82
2026/10/09 04:19:05.150, 3, 60, 97871, 0, 88.82
2026/10/09 04:19:06.150, 0, 17, 97871, 0, 93.42
2026/10/09 04:19:06.150, 1, 17, 97871, 0, 85.60
2026/10/09 04:19:06.150, 2, 53, 97871, 0, 93.80
2026/10/09 04:19:06.150, 3, 60, 97871, 0, 88.89
2026/10/09 04:19:07.150, 0, 17, 97871, 0, 93.64
2026/10/09 04:19:07.150, 1, 17, 97871, 0, 85.65
2026/10/09 04:19:07.150, 2, 53, 97871, 0, 93.82
2026/10/09 04:19:07.150, 3, 60, 97871, 0, 89.03
2026/10/09 04:19:08.150, 0, 17, 97871, 0, 93.31
2026/10/09 04:19:08.150, 1, 17, 97871, 0, 85.55
2026/10/09 04:19:08.150, 2, 53, 97871, 0, 93.69
2026/10/09 04:19:08.150, 3, 60, 97871, 0, 88.96
2026/10/09 04:19:09.151, 0, 17, 97871, 0, 93.33
2026/10/09 04:19:09.151, 1, 17, 97871, 0, 85.57
2026/10/09 04:19:09.151, 2, 53, 97871, 0, 93.72
2026/10/09 04:19:09.151, 3, 60, 97871, 0, 88.87
2026/10/09 04:19:10.151, 0, 17, 97871, 0, 93.41
2026/10/09 04:19:10.151, 1, 17, 97871, 0, 85.39
2026/10/09 04:19:10.151, 2, 53, 97871, 0, 93.78
2026/10/09 04:19:10.151, 3, 60, 97871, 0, 88.92
2026/10/09 04:19:11.151, 0, 17, 97871, 0, 93.32
2026/10/09 04:19:11.151, 1, 17, 97871, 0, 85.51
2026/10/09 04:19:11.151, 2, 53, 97871, 0, 93.63
2026/10/09 04:19:11.151, 3, 60, 97871, 0, 89.00
2026/10/09 04:19:12.152, 0, 17, 97871, 0, 93.29
2026/10/09 04:19:12.152, 1, 17, 97871, 0, 85.33
2026/10/09 04:19:12.152, 2, 53, 97871, 0, 93.92
2026/10/09 04:19:12.152, 3, 60, 97871, 0, 89.08
2026/10/09 04:19:13.152, 0, 17, 97871, 0, 93.39
2026/10/09 04:19:13.152, 1, 17, 97871, 0, 85.37
2026/10/09 04:19:13.152, 2, 53, 97871, 0, 94.16
2026/10/09 04:19:13.152, 3, 60, 97871, 0, 89.04
2026/10/09 04:19:14.152, 0, 17, 97871, 0, 93.45
2026/10/09 04:19:14.152, 1, 17, 97871, 0, 85.43
2026/10/09 04:19:14.152, 2, 53, 97871, 0, 94.11
2026/10/09 04:19:14.153, 3, 60, 97871, 0, 89.22
2026/10/09 04:19:15.153, 0, 17, 97871, 0, 93.55
2026/10/09 04:19:15.153, 1, 17, 97871, 0, 85.48
2026/10/09 04:19:15.153, 2, 53, 97871, 0, 93.95
2026/10/09 04:19:15.153, 3, 60, 97871, 0, 88.92
2026/10/09 04:19:16.153, 0, 17, 97871, 0, 93.52
2026/10/09 04:19:16.153, 1, 17, 97871, 0, 85.55
2026/10/09 04:19:16.153, 2, 53, 97871, 0, 94.07
2026/10/09 04:19:16.153, 3, 60, 97871, 0, 88.91
2026/10/09 04:19:17.153, 0, 17, 97871, 0, 93.57
2026/10/09 04:19:17.153, 1, 17, 97871, 0, 85.57
2026/10/09 04:19:17.154, 2, 53, 97871, 0, 94.17
2026/10/09 04:19:17.154, 3, 60, 97871, 0, 89.05
2026/10/09 04:19:18.154, 0, 17, 97871, 0, 93.72
2026/10/09 04:19:18.154, 1, 17, 97871, 0, 85.86
2026/10/09 04:19:18.154, 2, 53, 97871, 0, 94.74
2026/10/09 04:19:18.154, 3, 60, 97871, 0, 89.49
2026/10/09 04:19:19.154, 0, 17, 97871, 0, 93.46
2026/10/09 04:19:19.154, 1, 17, 97871, 0, 85.73
2026/10/09 04:19:19.154, 2, 53, 97871, 0, 94.86
2026/10/09 04:19:19.154, 3, 60, 97871, 0, 88.96
2026/10/09 04:19:20.154, 0, 17, 97871, 0, 93.46
2026/10/09 04:19:20.154, 1, 17, 97871, 0, 85.55
2026/10/09 04:19:20.154, 2, 53, 97871, 0, 94.27
2026/10/09 04:19:20.154, 3, 60, 97871, 0, 88.89
2026/10/09 04:19:21.154, 0, 17, 97871, 0, 93.60
2026/10/09 04:19:21.180, 1, 17, 97871, 0, 85.57
2026/10/09 04:19:21.225, 2, 53, 97871, 0, 94.09
2026/10/09 04:19:21.273, 3, 60, 97871, 0, 88.83
2026/10/09 04:19:22.389, 0, 17, 97871, 0, 93.47
2026/10/09 04:19:22.435, 1, 17, 97871, 0, 85.53
2026/10/09 04:19:22.479, 2, 53, 97871, 0, 94.24
2026/10/09 04:19:22.524, 3, 60, 97871, 0, 88.83
2026/10/09 04:19:23.572, 0, 17, 97871, 0, 93.45
2026/10/09 04:19:23.573, 1, 17, 97871, 0, 85.71
2026/10/09 04:19:23.573, 2, 53, 97871, 0, 94.26
2026/10/09 04:19:23.573, 3, 60, 97871, 0, 89.12
2026/10/09 04:19:24.573, 0, 17, 97871, 0, 93.52
2026/10/09 04:19:24.573, 1, 17, 97871, 0, 85.72
2026/10/09 04:19:24.573, 2, 53, 97871, 0, 94.40
2026/10/09 04:19:24.573, 3, 60, 97871, 0, 89.67
2026/10/09 04:19:25.573, 0, 17, 97871, 0, 93.48
2026/10/09 04:19:25.573, 1, 17, 97871, 0, 85.92
2026/10/09 04:19:25.573, 2, 53, 97871, 0, 94.43
2026/10/09 04:19:25.573, 3, 60, 97871, 0, 89.66
2026/10/09 04:19:26.573, 0, 17, 97871, 0, 93.37
2026/10/09 04:19:26.573, 1, 17, 97871, 0, 85.77
2026/10/09 04:19:26.573, 2, 53, 97871, 0, 94.60
2026/10/09 04:19:26.573, 3, 60, 97871, 0, 89.61
2026/10/09 04:19:27.574, 0, 17, 97871, 0, 93.39
2026/10/09 04:19:27.609, 1, 17, 97871, 0, 86.00
2026/10/09 04:19:27.658, 2, 53, 97871, 0, 94.43
2026/10/09 04:19:27.704, 3, 60, 97871, 0, 89.87
2026/10/09 04:19:28.749, 0, 17, 97871, 0, 93.56
2026/10/09 04:19:28.749, 1, 17, 97871, 0, 85.69
2026/10/09 04:19:28.749, 2, 53, 97871, 0, 94.40
2026/10/09 04:19:28.749, 3, 60, 97871, 0, 89.31
2026/10/09 04:19:29.749, 0, 17, 97871, 0, 93.61
2026/10/09 04:19:29.749, 1, 17, 97871, 0, 85.90
2026/10/09 04:19:29.749, 2, 53, 97871, 0, 94.63
2026/10/09 04:19:29.749, 3, 60, 97871, 0, 90.13
2026/10/09 04:19:30.749, 0, 17, 97871, 0, 93.50
2026/10/09 04:19:30.750, 1, 17, 97871, 0, 85.80
2026/10/09 04:19:30.750, 2, 53, 97871, 0, 94.46
2026/10/09 04:19:30.750, 3, 60, 97871, 0, 89.87
2026/10/09 04:19:31.750, 0, 17, 97871, 0, 93.60
2026/10/09 04:19:31.750, 1, 17, 97871, 0, 85.64
2026/10/09 04:19:31.750, 2, 53, 97871, 0, 94.59
2026/10/09 04:19:31.750, 3, 60, 97871, 0, 89.59
2026/10/09 04:19:32.750, 0, 17, 97871, 0, 93.77
2026/10/09 04:19:32.750, 1, 17, 97871, 0, 85.84
2026/10/09 04:19:32.750, 2, 53, 97871, 0, 94.72
2026/10/09 04:19:32.750, 3, 60, 97871, 0, 89.50
2026/10/09 04:19:33.750, 0, 17, 97871, 0, 93.65
2026/10/09 04:19:33.750, 1, 17, 97871, 0, 85.61
2026/10/09 04:19:33.750, 2, 53, 97871, 0, 94.37
2026/10/09 04:19:33.750, 3, 60, 97871, 0, 88.90
2026/10/09 04:19:34.751, 0, 17, 97871, 0, 93.62
2026/10/09 04:19:34.751, 1, 17, 97871, 0, 85.76
2026/10/09 04:19:34.751, 2, 53, 97871, 0, 94.38
2026/10/09 04:19:34.751, 3, 60, 97871, 0, 88.90
2026/10/09 04:19:35.751, 0, 17, 97871, 0, 93.77
2026/10/09 04:19:35.751, 1, 17, 97871, 0, 85.75
2026/10/09 04:19:35.751, 2, 53, 97871, 0, 94.35
2026/10/09 04:19:35.751, 3, 60, 97871, 0, 89.03
2026/10/09 04:19:36.751, 0, 17, 97871, 0, 93.60
2026/10/09 04:19:36.751, 1, 17, 97871, 0, 85.83
2026/10/09 04:19:36.751, 2, 53, 97871, 0, 94.56
2026/10/09 04:19:36.751, 3, 60, 97871, 0, 88.98
2026/10/09 04:19:37.751, 0, 17, 97871, 0, 93.68
2026/10/09 04:19:37.751, 1, 17, 97871, 0, 85.81
2026/10/09 04:19:37.751, 2, 53, 97871, 0, 94.55
2026/10/09 04:19:37.751, 3, 60, 97871, 0, 89.02
2026/10/09 04:19:38.751, 0, 17, 97871, 0, 93.49
2026/10/09 04:19:38.751, 1, 17, 97871, 0, 85.72
2026/10/09 04:19:38.751, 2, 53, 97871, 0, 94.36
2026/10/09 04:19:38.752, 3, 60, 97871, 0, 89.08
2026/10/09 04:19:39.752, 0, 17, 97871, 0, 93.54
2026/10/09 04:19:39.752, 1, 17, 97871, 0, 85.77
2026/10/09 04:19:39.752, 2, 53, 97871, 0, 94.33
2026/10/09 04:19:39.752, 3, 60, 97871, 0, 89.30
2026/10/09 04:19:40.752, 0, 17, 97871, 0, 93.56
2026/10/09 04:19:40.752, 1, 17, 97871, 0, 85.93
2026/10/09 04:19:40.752, 2, 53, 97871, 0, 94.28
2026/10/09 04:19:40.752, 3, 60, 97871, 0, 89.63
2026/10/09 04:19:41.752, 0, 17, 97871, 0, 93.76
2026/10/09 04:19:41.752, 1, 17, 97871, 0, 86.03
2026/10/09 04:19:41.752, 2, 53, 97871, 0, 94.60
2026/10/09 04:19:41.752, 3, 60, 97871, 0, 89.67
2026/10/09 04:19:42.753, 0, 17, 97871, 0, 93.68
2026/10/09 04:19:42.753, 1, 17, 97871, 0, 85.87
2026/10/09 04:19:42.753, 2, 53, 97871, 0, 95.01
2026/10/09 04:19:42.753, 3, 60, 97871, 0, 88.90
2026/10/09 04:19:43.753, 0, 17, 97871, 0, 93.50
2026/10/09 04:19:43.753, 1, 17, 97871, 0, 85.77
2026/10/09 04:19:43.753, 2, 53, 97871, 0, 94.42
2026/10/09 04:19:43.753, 3, 60, 97871, 0, 89.54
2026/10/09 04:19:44.753, 0, 17, 97871, 0, 93.67
2026/10/09 04:19:44.753, 1, 17, 97871, 0, 85.84
2026/10/09 04:19:44.753, 2, 53, 97871, 0, 94.36
2026/10/09 04:19:44.753, 3, 60, 97871, 0, 89.60
2026/10/09 04:19:45.753, 0, 17, 97871, 0, 93.64
2026/10/09 04:19:45.753, 1, 17, 97871, 0, 85.83
2026/10/09 04:19:45.753, 2, 53, 97871, 0, 94.49
2026/10/09 04:19:45.753, 3, 60, 97871, 0, 89.98
2026/10/09 04:19:46.754, 0, 17, 97871, 0, 93.43
2026/10/09 04:19:46.754, 1, 17, 97871, 0, 85.75
2026/10/09 04:19:46.754, 2, 53, 97871, 0, 94.25
2026/10/09 04:19:46.754, 3, 60, 97871, 0, 89.99
2026/10/09 04:19:47.754, 0, 17, 97871, 0, 93.87
2026/10/09 04:19:47.754, 1, 17, 97871, 0, 85.84
2026/10/09 04:19:47.754, 2, 53, 97871, 0, 95.18
2026/10/09 04:19:47.754, 3, 60, 97871, 0, 89.53
2026/10/09 04:19:48.754, 0, 17, 97871, 0, 93.71
2026/10/09 04:19:48.754, 1, 17, 97871, 0, 85.67
2026/10/09 04:19:48.754, 2, 53, 97871, 0, 94.47
2026/10/09 04:19:48.754, 3, 60, 97871, 0, 88.95
2026/10/09 04:19:49.754, 0, 17, 97871, 0, 93.80
2026/10/09 04:19:49.754, 1, 17, 97871, 0, 85.86
2026/10/09 04:19:49.754, 2, 53, 97871, 0, 94.70
2026/10/09 04:19:49.754, 3, 60, 97871, 0, 90.02
2026/10/09 04:19:50.755, 0, 17, 97871, 0, 93.99
2026/10/09 04:19:50.755, 1, 17, 97871, 0, 85.88
2026/10/09 04:19:50.755, 2, 53, 97871, 0, 94.57
2026/10/09 04:19:50.755, 3, 60, 97871, 0, 90.34
2026/10/09 04:19:51.755, 0, 17, 97871, 0, 93.67
2026/10/09 04:19:51.755, 1, 17, 97871, 0, 85.75
2026/10/09 04:19:51.756, 2, 53, 97871, 0, 94.23
2026/10/09 04:19:51.757, 3, 60, 97871, 0, 89.69
2026/10/09 04:19:52.757, 0, 17, 97871, 0, 93.60
2026/10/09 04:19:52.798, 1, 17, 97871, 0, 85.64
2026/10/09 04:19:52.843, 2, 53, 97871, 0, 94.10
2026/10/09 04:19:52.958, 3, 60, 97871, 0, 88.93
2026/10/09 04:19:53.959, 0, 17, 97871, 0, 93.69
2026/10/09 04:19:53.959, 1, 17, 97871, 0, 85.66
2026/10/09 04:19:53.959, 2, 53, 97871, 0, 94.11
2026/10/09 04:19:53.959, 3, 60, 97871, 0, 89.34
2026/10/09 04:19:54.959, 0, 17, 97871, 0, 93.62
2026/10/09 04:19:55.018, 1, 17, 97871, 0, 85.66
2026/10/09 04:19:55.019, 2, 53, 97871, 0, 93.97
2026/10/09 04:19:55.019, 3, 60, 97871, 0, 89.68
2026/10/09 04:19:56.021, 0, 17, 97871, 0, 93.53
2026/10/09 04:19:56.021, 1, 17, 97871, 0, 85.57
2026/10/09 04:19:56.021, 2, 53, 97871, 0, 94.19
2026/10/09 04:19:56.021, 3, 60, 97871, 0, 90.18
2026/10/09 04:19:57.021, 0, 17, 97871, 0, 93.49
2026/10/09 04:19:57.021, 1, 17, 97871, 0, 85.64
2026/10/09 04:19:57.022, 2, 53, 97871, 0, 94.35
2026/10/09 04:19:57.022, 3, 60, 97871, 0, 90.15
2026/10/09 04:19:58.022, 0, 17, 97871, 0, 93.84
2026/10/09 04:19:58.022, 1, 17, 97871, 0, 86.14
2026/10/09 04:19:58.022, 2, 53, 97871, 0, 94.37
2026/10/09 04:19:58.022, 3, 60, 97871, 0, 90.42
2026/10/09 04:19:59.022, 0, 17, 97871, 0, 93.75
2026/10/09 04:19:59.022, 1, 17, 97871, 0, 86.02
2026/10/09 04:19:59.022, 2, 53, 97871, 0, 94.39
2026/10/09 04:19:59.022, 3, 60, 97871, 0, 90.37
2026/10/09 04:20:00.022, 0, 17, 97871, 0, 93.67
2026/10/09 04:20:00.022, 1, 17, 97871, 0, 85.68
2026/10/09 04:20:00.022, 2, 53, 97871, 0, 94.30
2026/10/09 04:20:00.023, 3, 60, 97871, 0, 89.89
2026/10/09 04:20:01.023, 0, 17, 97871, 0, 93.74
2026/10/09 04:20:01.023, 1, 17, 97871, 0, 85.75
2026/10/09 04:20:01.023, 2, 53, 97871, 0, 94.55
2026/10/09 04:20:01.023, 3, 60, 97871, 0, 90.08
2026/10/09 04:20:02.023, 0, 17, 97871, 0, 94.06
2026/10/09 04:20:02.023, 1, 17, 97871, 0, 86.12
2026/10/09 04:20:02.023, 2, 53, 97871, 0, 94.59
2026/10/09 04:20:02.023, 3, 60, 97871, 0, 91.44
2026/10/09 04:20:03.023, 0, 17, 97871, 0, 93.57
2026/10/09 04:20:03.023, 1, 17, 97871, 0, 85.98
2026/10/09 04:20:03.023, 2, 53, 97871, 0, 94.46
2026/10/09 04:20:03.023, 3, 60, 97871, 0, 90.32
2026/10/09 04:20:04.024, 0, 17, 97871, 0, 93.79
2026/10/09 04:20:04.024, 1, 17, 97871, 0, 85.69
2026/10/09 04:20:04.024, 2, 53, 97871, 0, 94.29
2026/10/09 04:20:04.024, 3, 60, 97871, 0, 88.95
2026/10/09 04:20:05.024, 0, 17, 97871, 0, 93.74
2026/10/09 04:20:05.024, 1, 17, 97871, 0, 85.93
2026/10/09 04:20:05.024, 2, 53, 97871, 0, 94.27
2026/10/09 04:20:05.024, 3, 60, 97871, 0, 89.40
2026/10/09 04:20:06.024, 0, 17, 97871, 0, 93.49
2026/10/09 04:20:06.024, 1, 17, 97871, 0, 86.49
2026/10/09 04:20:06.024, 2, 53, 97871, 0, 94.01
2026/10/09 04:20:06.024, 3, 60, 97871, 0, 89.84
2026/10/09 04:20:07.024, 0, 16, 97871, 0, 93.58
2026/10/09 04:20:07.025, 1, 17, 97871, 0, 86.44
2026/10/09 04:20:07.025, 2, 52, 97871, 0, 94.32
2026/10/09 04:20:07.025, 3, 59, 97871, 0, 89.89
2026/10/09 04:20:08.025, 0, 16, 97871, 0, 93.63
2026/10/09 04:20:08.025, 1, 17, 97871, 0, 86.35
2026/10/09 04:20:08.025, 2, 52, 97871, 0, 94.11
2026/10/09 04:20:08.025, 3, 59, 97871, 0, 89.75
2026/10/09 04:20:09.025, 0, 16, 97871, 0, 93.50
2026/10/09 04:20:09.025, 1, 17, 97871, 0, 86.38
2026/10/09 04:20:09.025, 2, 52, 97871, 0, 94.05
2026/10/09 04:20:09.025, 3, 59, 97871, 0, 89.70
2026/10/09 04:20:10.025, 0, 16, 97871, 0, 93.56
2026/10/09 04:20:10.025, 1, 17, 97871, 0, 86.21
2026/10/09 04:20:10.025, 2, 52, 97871, 0, 94.19
2026/10/09 04:20:10.025, 3, 59, 97871, 0, 89.99
2026/10/09 04:20:11.026, 0, 16, 97871, 0, 93.67
2026/10/09 04:20:11.026, 1, 17, 97871, 0, 86.32
2026/10/09 04:20:11.026, 2, 52, 97871, 0, 94.13
2026/10/09 04:20:11.026, 3, 59, 97871, 0, 90.44
2026/10/09 04:20:12.026, 0, 16, 97871, 0, 93.55
2026/10/09 04:20:12.026, 1, 17, 97871, 0, 86.19
2026/10/09 04:20:12.026, 2, 52, 97871, 0, 94.32
2026/10/09 04:20:12.026, 3, 59, 97871, 0, 90.09
2026/10/09 04:20:13.026, 0, 16, 97871, 0, 93.52
2026/10/09 04:20:13.026, 1, 17, 97871, 0, 86.13
2026/10/09 04:20:13.026, 2, 52, 97871, 0, 94.30
2026/10/09 04:20:13.026, 3, 59, 97871, 0, 90.27
2026/10/09 04:20:14.027, 0, 16, 97871, 0, 93.68
2026/10/09 04:20:14.027, 1, 17, 97871, 0, 86.24
2026/10/09 04:20:14.027, 2, 52, 97871, 0, 94.07
2026/10/09 04:20:14.027, 3, 59, 97871, 0, 90.38
2026/10/09 04:20:15.027, 0, 16, 97871, 0, 93.48
2026/10/09 04:20:15.027, 1, 17, 97871, 0, 86.29
2026/10/09 04:20:15.027, 2, 52, 97871, 0, 94.08
2026/10/09 04:20:15.027, 3, 59, 97871, 0, 90.45
2026/10/09 04:20:16.027, 0, 16, 97871, 0, 93.32
2026/10/09 04:20:16.027, 1, 17, 97871, 0, 86.29
2026/10/09 04:20:16.027, 2, 52, 97871, 0, 94.03
2026/10/09 04:20:16.027, 3, 59, 97871, 0, 90.17
2026/10/09 04:20:17.028, 0, 16, 97871, 0, 93.50
2026/10/09 04:20:17.028, 1, 17, 97871, 0, 86.29
2026/10/09 04:20:17.028, 2, 52, 97871, 0, 94.17
2026/10/09 04:20:17.028, 3, 59, 97871, 0, 90.36
2026/10/09 04:20:18.028, 0, 16, 97871, 0, 93.56
2026/10/09 04:20:18.028, 1, 17, 97871, 0, 86.11
2026/10/09 04:20:18.028, 2, 52, 97871, 0, 94.09
2026/10/09 04:20:18.028, 3, 59, 97871, 0, 90.28
2026/10/09 04:20:19.028, 0, 16, 97871, 0, 93.55
2026/10/09 04:20:19.028, 1, 17, 97871, 0, 86.24
2026/10/09 04:20:19.028, 2, 52, 97871, 0, 94.09
2026/10/09 04:20:19.028, 3, 59, 97871, 0, 90.24
2026/10/09 04:20:20.028, 0, 16, 97871, 0, 93.59
2026/10/09 04:20:20.029, 1, 17, 97871, 0, 86.24
2026/10/09 04:20:20.029, 2, 52, 97871, 0, 94.11
2026/10/09 04:20:20.029, 3, 59, 97871, 0, 90.25
2026/10/09 04:20:21.029, 0, 16, 97871, 0, 93.76
2026/10/09 04:20:21.029, 1, 17, 97871, 0, 86.23
2026/10/09 04:20:21.029, 2, 52, 97871, 0, 94.14
2026/10/09 04:20:21.029, 3, 59, 97871, 0, 90.23
2026/10/09 04:20:22.029, 0, 16, 97871, 0, 93.63
2026/10/09 04:20:22.029, 1, 17, 97871, 0, 86.26
2026/10/09 04:20:22.029, 2, 52, 97871, 0, 94.19
2026/10/09 04:20:22.029, 3, 59, 97871, 0, 90.32
2026/10/09 04:20:23.029, 0, 16, 97871, 0, 93.54
2026/10/09 04:20:23.029, 1, 17, 97871, 0, 86.07
2026/10/09 04:20:23.029, 2, 52, 97871, 0, 94.09
2026/10/09 04:20:23.029, 3, 59, 97871, 0, 90.32
2026/10/09 04:20:24.029, 0, 16, 97871, 0, 93.55
2026/10/09 04:20:24.030, 1, 17, 97871, 0, 86.21
2026/10/09 04:20:24.030, 2, 52, 97871, 0, 94.18
2026/10/09 04:20:24.030, 3, 59, 97871, 0, 90.17
2026/10/09 04:20:25.030, 0, 16, 97871, 0, 93.59
2026/10/09 04:20:25.030, 1, 17, 97871, 0, 86.27
2026/10/09 04:20:25.030, 2, 52, 97871, 0, 94.45
2026/10/09 04:20:25.030, 3, 59, 97871, 0, 90.05
2026/10/09 04:20:26.030, 0, 16, 97871, 0, 93.48
2026/10/09 04:20:26.030, 1, 17, 97871, 0, 86.14
2026/10/09 04:20:26.030, 2, 52, 97871, 0, 94.08
2026/10/09 04:20:26.030, 3, 59, 97871, 0, 90.21
2026/10/09 04:20:27.030, 0, 16, 97871, 0, 93.54
2026/10/09 04:20:27.030, 1, 17, 97871, 0, 86.18
2026/10/09 04:20:27.030, 2, 52, 97871, 0, 94.11
2026/10/09 04:20:27.030, 3, 59, 97871, 0, 90.15
2026/10/09 04:20:28.030, 0, 16, 97871, 0, 93.60
2026/10/09 04:20:28.030, 1, 17, 97871, 0, 86.20
2026/10/09 04:20:28.030, 2, 52, 97871, 0, 94.31
2026/10/09 04:20:28.031, 3, 59, 97871, 0, 90.20
2026/10/09 04:20:29.031, 0, 16, 97871, 0, 93.51
2026/10/09 04:20:29.031, 1, 17, 97871, 0, 86.10
2026/10/09 04:20:29.031, 2, 52, 97871, 0, 94.26
2026/10/09 04:20:29.031, 3, 59, 97871, 0, 90.19
2026/10/09 04:20:30.031, 0, 16, 97871, 0, 93.67
2026/10/09 04:20:30.031, 1, 17, 97871, 0, 86.21
2026/10/09 04:20:30.031, 2, 52, 97871, 0, 94.38
2026/10/09 04:20:30.031, 3, 59, 97871, 0, 90.17
2026/10/09 04:20:31.031, 0, 16, 97871, 0, 93.69
2026/10/09 04:20:31.031, 1, 17, 97871, 0, 86.19
2026/10/09 04:20:31.031, 2, 52, 97871, 0, 94.28
2026/10/09 04:20:31.031, 3, 59, 97871, 0, 90.18
2026/10/09 04:20:32.031, 0, 16, 97871, 0, 93.43
2026/10/09 04:20:32.031, 1, 17, 97871, 0, 86.18
2026/10/09 04:20:32.031, 2, 52, 97871, 0, 94.32
2026/10/09 04:20:32.031, 3, 59, 97871, 0, 90.19
2026/10/09 04:20:33.032, 0, 16, 97871, 0, 93.74
2026/10/09 04:20:33.032, 1, 17, 97871, 0, 86.26
2026/10/09 04:20:33.032, 2, 52, 97871, 0, 94.18
2026/10/09 04:20:33.032, 3, 59, 97871, 0, 90.19
2026/10/09 04:20:34.032, 0, 16, 97871, 0, 93.53
2026/10/09 04:20:34.032, 1, 17, 97871, 0, 86.41
2026/10/09 04:20:34.032, 2, 52, 97871, 0, 94.39
2026/10/09 04:20:34.032, 3, 59, 97871, 0, 90.29
2026/10/09 04:20:35.032, 0, 16, 97871, 0, 93.40
2026/10/09 04:20:35.032, 1, 17, 97871, 0, 86.24
2026/10/09 04:20:35.032, 2, 52, 97871, 0, 94.31
2026/10/09 04:20:35.032, 3, 59, 97871, 0, 90.14
2026/10/09 04:20:36.032, 0, 16, 97871, 0, 93.65
2026/10/09 04:20:36.033, 1, 17, 97871, 0, 86.29
2026/10/09 04:20:36.033, 2, 52, 97871, 0, 94.21
2026/10/09 04:20:36.033, 3, 59, 97871, 0, 90.10
2026/10/09 04:20:37.033, 0, 16, 97871, 0, 93.32
2026/10/09 04:20:37.033, 1, 17, 97871, 0, 86.22
2026/10/09 04:20:37.033, 2, 52, 97871, 0, 94.21
2026/10/09 04:20:37.033, 3, 59, 97871, 0, 90.12
2026/10/09 04:20:38.033, 0, 16, 97871, 0, 93.42
2026/10/09 04:20:38.033, 1, 17, 97871, 0, 86.16
2026/10/09 04:20:38.033, 2, 52, 97871, 0, 94.30
2026/10/09 04:20:38.033, 3, 59, 97871, 0, 90.11
2026/10/09 04:20:39.033, 0, 16, 97871, 0, 93.37
2026/10/09 04:20:39.033, 1, 17, 97871, 0, 86.19
2026/10/09 04:20:39.033, 2, 52, 97871, 0, 94.26
2026/10/09 04:20:39.033, 3, 59, 97871, 0, 90.14
2026/10/09 04:20:40.034, 0, 16, 97871, 0, 93.41
2026/10/09 04:20:40.034, 1, 17, 97871, 0, 86.06
2026/10/09 04:20:40.034, 2, 52, 97871, 0, 94.11
2026/10/09 04:20:40.034, 3, 59, 97871, 0, 90.03
2026/10/09 04:20:41.034, 0, 16, 97871, 0, 93.43
2026/10/09 04:20:41.034, 1, 17, 97871, 0, 86.20
2026/10/09 04:20:41.034, 2, 52, 97871, 0, 94.03
2026/10/09 04:20:41.034, 3, 59, 97871, 0, 90.35
2026/10/09 04:20:42.034, 0, 16, 97871, 0, 93.29
2026/10/09 04:20:42.034, 1, 17, 97871, 0, 86.12
2026/10/09 04:20:42.034, 2, 52, 97871, 0, 94.06
2026/10/09 04:20:42.034, 3, 59, 97871, 0, 90.35
2026/10/09 04:20:43.034, 0, 16, 97871, 0, 93.41
2026/10/09 04:20:43.034, 1, 17, 97871, 0, 86.14
2026/10/09 04:20:43.034, 2, 52, 97871, 0, 94.14
2026/10/09 04:20:43.034, 3, 59, 97871, 0, 90.18
2026/10/09 04:20:44.035, 0, 16, 97871, 0, 93.55
2026/10/09 04:20:44.035, 1, 17, 97871, 0, 86.13
2026/10/09 04:20:44.035, 2, 52, 97871, 0, 94.39
2026/10/09 04:20:44.035, 3, 59, 97871, 0, 90.26
2026/10/09 04:20:45.035, 0, 16, 97871, 0, 93.54
2026/10/09 04:20:45.035, 1, 17, 97871, 0, 86.10
2026/10/09 04:20:45.035, 2, 52, 97871, 0, 94.25
2026/10/09 04:20:45.035, 3, 59, 97871, 0, 90.29
2026/10/09 04:20:46.035, 0, 16, 97871, 0, 93.43
2026/10/09 04:20:46.035, 1, 17, 97871, 0, 86.21
2026/10/09 04:20:46.035, 2, 52, 97871, 0, 94.15
2026/10/09 04:20:46.035, 3, 59, 97871, 0, 90.00
2026/10/09 04:20:47.035, 0, 16, 97871, 0, 93.53
2026/10/09 04:20:47.035, 1, 17, 97871, 0, 86.09
2026/10/09 04:20:47.035, 2, 52, 97871, 0, 94.15
2026/10/09 04:20:47.035, 3, 59, 97871, 0, 90.18
2026/10/09 04:20:48.036, 0, 16, 97871, 0, 93.57
2026/10/09 04:20:48.036, 1, 17, 97871, 0, 86.20
2026/10/09 04:20:48.036, 2, 52, 97871, 0, 94.12
2026/10/09 04:20:48.036, 3, 59, 97871, 0, 90.64
2026/10/09 04:20:49.036, 0, 16, 97871, 0, 93.52
2026/10/09 04:20:49.036, 1, 17, 97871, 0, 86.07
2026/10/09 04:20:49.036, 2, 52, 97871, 0, 94.13
2026/10/09 04:20:49.036, 3, 59, 97871, 0, 90.88
2026/10/09 04:20:50.036, 0, 16, 97871, 0, 93.55
2026/10/09 04:20:50.079, 1, 17, 97871, 0, 86.13
2026/10/09 04:20:50.127, 2, 52, 97871, 0, 94.26
2026/10/09 04:20:50.151, 3, 59, 97871, 0, 90.20
2026/10/09 04:20:51.151, 0, 16, 97871, 0, 93.46
2026/10/09 04:20:51.191, 1, 17, 97871, 0, 86.03
2026/10/09 04:20:51.192, 2, 52, 97871, 0, 94.19
2026/10/09 04:20:51.192, 3, 59, 97871, 0, 90.11
2026/10/09 04:20:52.192, 0, 16, 97871, 0, 93.52
2026/10/09 04:20:52.221, 1, 17, 97871, 0, 86.25
2026/10/09 04:20:52.267, 2, 52, 97871, 0, 94.25
2026/10/09 04:20:52.267, 3, 59, 97871, 0, 91.23
2026/10/09 04:20:53.268, 0, 16, 97871, 0, 93.46
2026/10/09 04:20:53.268, 1, 17, 97871, 0, 86.11
2026/10/09 04:20:53.268, 2, 52, 97871, 0, 94.31
2026/10/09 04:20:53.268, 3, 59, 97871, 0, 90.87
2026/10/09 04:20:54.268, 0, 16, 97871, 0, 93.28
2026/10/09 04:20:54.268, 1, 17, 97871, 0, 86.15
2026/10/09 04:20:54.268, 2, 52, 97871, 0, 94.28
2026/10/09 04:20:54.268, 3, 59, 97871, 0, 90.34
2026/10/09 04:20:55.268, 0, 16, 97871, 0, 93.40
2026/10/09 04:20:55.268, 1, 17, 97871, 0, 86.13
2026/10/09 04:20:55.268, 2, 52, 97871, 0, 94.18
2026/10/09 04:20:55.268, 3, 59, 97871, 0, 90.01
2026/10/09 04:20:56.268, 0, 16, 97871, 0, 93.69
2026/10/09 04:20:56.269, 1, 17, 97871, 0, 86.40
2026/10/09 04:20:56.269, 2, 52, 97871, 0, 94.66
2026/10/09 04:20:56.269, 3, 59, 97871, 0, 90.17
2026/10/09 04:20:57.269, 0, 16, 97871, 0, 93.58
2026/10/09 04:20:57.269, 1, 17, 97871, 0, 86.26
2026/10/09 04:20:57.269, 2, 52, 97871, 0, 94.65
2026/10/09 04:20:57.269, 3, 59, 97871, 0, 91.25
2026/10/09 04:20:58.269, 0, 16, 97871, 0, 93.66
2026/10/09 04:20:58.269, 1, 17, 97871, 0, 86.59
2026/10/09 04:20:58.269, 2, 52, 97871, 0, 94.46
2026/10/09 04:20:58.269, 3, 59, 97871, 0, 91.19
2026/10/09 04:20:59.269, 0, 16, 97871, 0, 93.90
2026/10/09 04:20:59.269, 1, 17, 97871, 0, 86.55
2026/10/09 04:20:59.269, 2, 52, 97871, 0, 94.58
2026/10/09 04:20:59.270, 3, 59, 97871, 0, 91.21
2026/10/09 04:21:00.270, 0, 16, 97871, 0, 93.69
2026/10/09 04:21:00.270, 1, 17, 97871, 0, 86.26
2026/10/09 04:21:00.270, 2, 52, 97871, 0, 94.34
2026/10/09 04:21:00.270, 3, 59, 97871, 0, 90.92
2026/10/09 04:21:01.270, 0, 16, 97871, 0, 93.38
2026/10/09 04:21:01.270, 1, 17, 97871, 0, 86.24
2026/10/09 04:21:01.270, 2, 52, 97871, 0, 94.17
2026/10/09 04:21:01.270, 3, 59, 97871, 0, 89.96
2026/10/09 04:21:02.270, 0, 17, 97871, 0, 93.57
2026/10/09 04:21:02.270, 1, 17, 97871, 0, 86.16
2026/10/09 04:21:02.270, 2, 55, 97871, 0, 94.40
2026/10/09 04:21:02.270, 3, 59, 97871, 0, 90.30
2026/10/09 04:21:03.270, 0, 17, 97871, 0, 93.65
2026/10/09 04:21:03.272, 1, 17, 97871, 0, 85.87
2026/10/09 04:21:03.275, 2, 777, 97871, 0, 133.38
2026/10/09 04:21:03.276, 3, 59, 97871, 0, 89.74
2026/10/09 04:21:04.300, 0, 17, 97871, 0, 93.40
2026/10/09 04:21:04.366, 1, 17, 97871, 0, 85.79
2026/10/09 04:21:04.410, 2, 3261, 97871, 0, 141.52
2026/10/09 04:21:04.419, 3, 61, 97871, 0, 89.45
2026/10/09 04:21:05.422, 0, 17, 97871, 0, 93.42
2026/10/09 04:21:05.423, 1, 742, 97871, 0, 87.65
2026/10/09 04:21:05.423, 2, 3261, 97871, 0, 141.34
2026/10/09 04:21:05.423, 3, 3269, 97871, 2, 132.45
2026/10/09 04:21:06.423, 0, 17, 97871, 0, 93.49
2026/10/09 04:21:06.423, 1, 13114, 97871, 0, 132.53
2026/10/09 04:21:06.423, 2, 16397, 97871, 2, 142.21
2026/10/09 04:21:06.424, 3, 16405, 97871, 0, 136.11
2026/10/09 04:21:07.424, 0, 17, 97871, 0, 93.43
2026/10/09 04:21:07.424, 1, 16362, 97871, 0, 131.66
2026/10/09 04:21:07.424, 2, 16397, 97871, 0, 141.33
2026/10/09 04:21:07.424, 3, 16405, 97871, 0, 135.51
2026/10/09 04:21:08.424, 0, 17, 97871, 0, 93.43
2026/10/09 04:21:08.424, 1, 20638, 97871, 1, 132.10
2026/10/09 04:21:08.424, 2, 20673, 97871, 2, 142.37
2026/10/09 04:21:08.424, 3, 20681, 97871, 2, 136.33
2026/10/09 04:21:09.424, 0, 17, 97871, 0, 93.65
2026/10/09 04:21:09.425, 1, 20638, 97871, 3, 131.88
2026/10/09 04:21:09.425, 2, 20673, 97871, 2, 141.48
2026/10/09 04:21:09.425, 3, 20681, 97871, 5, 135.87
2026/10/09 04:21:10.425, 0, 17, 97871, 0, 93.64
2026/10/09 04:21:10.425, 1, 20638, 97871, 0, 132.18
2026/10/09 04:21:10.425, 2, 20673, 97871, 3, 141.77
2026/10/09 04:21:10.425, 3, 20681, 97871, 1, 137.69
2026/10/09 04:21:11.425, 0, 17, 97871, 0, 93.76
2026/10/09 04:21:11.426, 1, 20638, 97871, 4, 131.90
2026/10/09 04:21:11.426, 2, 20673, 97871, 0, 141.91
2026/10/09 04:21:11.426, 3, 20681, 97871, 1, 138.66
2026/10/09 04:21:12.426, 0, 17, 97871, 0, 93.53
2026/10/09 04:21:12.426, 1, 20638, 97871, 3, 132.31
2026/10/09 04:21:12.426, 2, 20673, 97871, 5, 142.01
2026/10/09 04:21:12.426, 3, 20681, 97871, 1, 138.03
2026/10/09 04:21:13.426, 0, 17, 97871, 0, 93.61
2026/10/09 04:21:13.426, 1, 20638, 97871, 7, 132.91
2026/10/09 04:21:13.426, 2, 20673, 97871, 5, 142.73
2026/10/09 04:21:13.426, 3, 20681, 97871, 1, 140.12
2026/10/09 04:21:14.427, 0, 17, 97871, 0, 93.44
2026/10/09 04:21:14.427, 1, 18534, 97871, 0, 131.60
2026/10/09 04:21:14.427, 2, 18569, 97871, 0, 141.44
2026/10/09 04:21:14.427, 3, 18991, 97871, 0, 136.78
2026/10/09 04:21:15.428, 0, 17, 97871, 0, 93.38
2026/10/09 04:21:15.428, 1, 18948, 97871, 0, 131.49
2026/10/09 04:21:15.428, 2, 18983, 97871, 0, 141.21
2026/10/09 04:21:15.428, 3, 18991, 97871, 0, 135.96
2026/10/09 04:21:16.428, 0, 17, 97871, 0, 93.30
2026/10/09 04:21:16.428, 1, 18948, 97871, 0, 131.37
2026/10/09 04:21:16.428, 2, 18983, 97871, 0, 141.07
2026/10/09 04:21:16.428, 3, 18991, 97871, 0, 135.36
2026/10/09 04:21:17.428, 0, 17, 97871, 0, 93.37
2026/10/09 04:21:17.428, 1, 18948, 97871, 0, 131.26
2026/10/09 04:21:17.428, 2, 18983, 97871, 0, 141.32
2026/10/09 04:21:17.428, 3, 18991, 97871, 0, 135.27
2026/10/09 04:21:18.428, 0, 19, 97871, 0, 93.45
2026/10/09 04:21:18.464, 1, 18948, 97871, 0, 131.30
2026/10/09 04:21:18.517, 2, 18983, 97871, 0, 141.30
2026/10/09 04:21:18.545, 3, 18991, 97871, 0, 135.12
2026/10/09 04:21:19.568, 0, 3226, 97871, 1, 120.54
2026/10/09 04:21:19.568, 1, 18948, 97871, 0, 131.27
2026/10/09 04:21:19.569, 2, 18983, 97871, 0, 140.71
2026/10/09 04:21:19.569, 3, 18991, 97871, 0, 135.75
2026/10/09 04:21:20.569, 0, 20638, 97871, 3, 139.48
2026/10/09 04:21:20.569, 1, 18948, 97871, 0, 131.35
2026/10/09 04:21:20.569, 2, 18983, 97871, 0, 140.73
2026/10/09 04:21:20.569, 3, 18991, 97871, 0, 135.86
2026/10/09 04:21:21.569, 0, 20638, 97871, 4, 139.31
2026/10/09 04:21:21.569, 1, 18948, 97871, 0, 131.52
2026/10/09 04:21:21.569, 2, 18983, 97871, 0, 140.24
2026/10/09 04:21:21.569, 3, 18991, 97871, 0, 137.73
2026/10/09 04:21:22.570, 0, 20638, 97871, 8, 139.11
2026/10/09 04:21:22.570, 1, 18948, 97871, 0, 131.35
2026/10/09 04:21:22.570, 2, 18983, 97871, 0, 140.23
2026/10/09 04:21:22.570, 3, 18991, 97871, 0, 136.81
2026/10/09 04:21:23.570, 0, 18948, 97871, 0, 137.21
2026/10/09 04:21:23.570, 1, 19140, 97871, 0, 131.27
2026/10/09 04:21:23.570, 2, 18983, 97871, 0, 140.22
2026/10/09 04:21:23.570, 3, 19183, 97871, 0, 135.68
2026/10/09 04:21:24.570, 0, 18948, 97871, 0, 137.62
2026/10/09 04:21:24.570, 1, 19200, 97871, 0, 165.67
2026/10/09 04:21:24.570, 2, 19235, 97871, 74, 175.56
2026/10/09 04:21:24.570, 3, 19243, 97871, 0, 171.28
2026/10/09 04:21:25.570, 0, 18948, 97871, 0, 137.69
2026/10/09 04:21:25.571, 1, 19200, 97871, 10, 185.89
2026/10/09 04:21:25.571, 2, 19235, 97871, 0, 154.79
2026/10/09 04:21:25.571, 3, 19243, 97871, 21, 189.73
2026/10/09 04:21:26.571, 0, 18948, 97871, 0, 137.57
2026/10/09 04:21:26.571, 1, 19612, 97871, 70, 163.41
2026/10/09 04:21:26.571, 2, 19647, 97871, 0, 190.70
2026/10/09 04:21:26.571, 3, 19655, 97871, 66, 170.44
2026/10/09 04:21:27.571, 0, 18948, 97871, 0, 137.58
2026/10/09 04:21:27.571, 1, 19612, 97871, 0, 162.05
2026/10/09 04:21:27.571, 2, 19647, 97871, 0, 196.34
2026/10/09 04:21:27.571, 3, 19655, 97871, 0, 169.20
2026/10/09 04:21:28.571, 0, 18948, 97871, 0, 137.65
2026/10/09 04:21:28.571, 1, 19612, 97871, 0, 145.10
2026/10/09 04:21:28.571, 2, 19647, 97871, 0, 140.12
2026/10/09 04:21:28.571, 3, 19655, 97871, 0, 156.98
2026/10/09 04:21:29.571, 0, 18948, 97871, 0, 137.83
2026/10/09 04:21:29.572, 1, 19612, 97871, 0, 187.46
2026/10/09 04:21:29.572, 2, 19647, 97871, 0, 209.89
2026/10/09 04:21:29.572, 3, 19655, 97871, 0, 187.83
2026/10/09 04:21:30.572, 0, 18948, 97871, 0, 137.25
2026/10/09 04:21:30.572, 1, 19612, 97871, 0, 130.26
2026/10/09 04:21:30.572, 2, 19647, 97871, 0, 139.94
2026/10/09 04:21:30.572, 3, 19655, 97871, 0, 135.94
2026/10/09 04:21:31.572, 0, 19140, 97871, 0, 137.61
2026/10/09 04:21:31.572, 1, 19612, 97871, 0, 130.06
2026/10/09 04:21:31.572, 2, 19647, 97871, 0, 139.76
2026/10/09 04:21:31.572, 3, 19655, 97871, 0, 136.27
2026/10/09 04:21:32.573, 0, 19200, 97871, 0, 173.69
2026/10/09 04:21:32.573, 1, 20284, 97871, 99, 198.62
2026/10/09 04:21:32.573, 2, 20319, 97871, 0, 153.09
2026/10/09 04:21:32.573, 3, 20327, 97871, 66, 206.41
2026/10/09 04:21:33.573, 0, 19296, 97871, 42, 193.41
2026/10/09 04:21:33.573, 1, 20284, 97871, 0, 175.51
2026/10/09 04:21:33.573, 2, 20319, 97871, 0, 229.93
2026/10/09 04:21:33.573, 3, 20327, 97871, 0, 182.99
2026/10/09 04:21:34.573, 0, 19612, 97871, 0, 173.17
2026/10/09 04:21:34.573, 1, 20284, 97871, 0, 130.13
2026/10/09 04:21:34.573, 2, 20319, 97871, 0, 139.70
2026/10/09 04:21:34.573, 3, 20327, 97871, 0, 136.35
2026/10/09 04:21:35.573, 0, 19612, 97871, 0, 169.86
2026/10/09 04:21:35.573, 1, 20284, 97871, 0, 181.70
2026/10/09 04:21:35.573, 2, 20319, 97871, 58, 189.78
2026/10/09 04:21:35.573, 3, 20327, 97871, 0, 191.59
2026/10/09 04:21:36.574, 0, 19612, 97871, 93, 188.76
2026/10/09 04:21:36.574, 1, 20284, 97871, 0, 131.92
2026/10/09 04:21:36.574, 2, 20319, 97871, 0, 139.67
2026/10/09 04:21:36.574, 3, 20327, 97871, 0, 136.69
2026/10/09 04:21:37.574, 0, 19612, 97871, 0, 161.74
2026/10/09 04:21:37.574, 1, 20284, 97871, 0, 131.57
2026/10/09 04:21:37.574, 2, 20319, 97871, 0, 139.66
2026/10/09 04:21:37.574, 3, 20327, 97871, 0, 136.11
2026/10/09 04:21:38.574, 0, 19612, 97871, 0, 137.22
2026/10/09 04:21:38.574, 1, 20284, 97871, 0, 131.51
2026/10/09 04:21:38.574, 2, 20319, 97871, 0, 139.51
2026/10/09 04:21:38.574, 3, 20327, 97871, 0, 136.15
2026/10/09 04:21:39.574, 0, 19612, 97871, 0, 137.20
2026/10/09 04:21:39.574, 1, 21020, 97871, 97, 280.39
2026/10/09 04:21:39.574, 2, 20319, 97871, 0, 139.55
2026/10/09 04:21:39.574, 3, 20391, 97871, 95, 273.63
2026/10/09 04:21:40.575, 0, 20284, 97871, 96, 201.18
2026/10/09 04:21:40.575, 1, 21020, 97871, 0, 328.30
2026/10/09 04:21:40.575, 2, 21055, 97871, 100, 404.00
2026/10/09 04:21:40.575, 3, 21063, 97871, 0, 344.44
2026/10/09 04:21:41.575, 0, 20284, 97871, 0, 177.23
2026/10/09 04:21:41.575, 1, 21020, 97871, 0, 131.47
2026/10/09 04:21:41.575, 2, 21055, 97871, 0, 221.93
2026/10/09 04:21:41.575, 3, 21063, 97871, 0, 137.12
2026/10/09 04:21:42.575, 0, 20284, 97871, 0, 137.30
2026/10/09 04:21:42.575, 1, 19044, 97871, 0, 131.36
2026/10/09 04:21:42.575, 2, 21055, 97871, 0, 139.98
2026/10/09 04:21:42.575, 3, 19087, 97871, 0, 136.18
2026/10/09 04:21:43.575, 0, 20284, 97871, 0, 189.35
2026/10/09 04:21:43.575, 1, 19044, 97871, 0, 130.62
2026/10/09 04:21:43.575, 2, 19079, 97871, 0, 139.57
2026/10/09 04:21:43.575, 3, 19087, 97871, 0, 135.83
2026/10/09 04:21:44.576, 0, 20284, 97871, 0, 137.73
2026/10/09 04:21:44.583, 1, 50256, 97871, 0, 133.30
2026/10/09 04:21:44.583, 2, 52127, 97871, 6, 143.00
2026/10/09 04:21:44.583, 3, 61315, 97871, 9, 139.73
2026/10/09 04:21:45.593, 0, 20284, 97871, 0, 137.41
2026/10/09 04:21:45.594, 1, 79748, 97871, 100, 295.64
2026/10/09 04:21:45.594, 2, 79783, 97871, 100, 313.18
2026/10/09 04:21:45.594, 3, 79791, 97871, 100, 296.74
2026/10/09 04:21:46.594, 0, 20284, 97871, 0, 137.20
2026/10/09 04:21:46.594, 1, 78006, 97871, 28, 236.79
2026/10/09 04:21:46.594, 2, 78061, 97871, 21, 234.41
2026/10/09 04:21:46.594, 3, 78065, 97871, 23, 244.38
2026/10/09 04:21:47.594, 0, 20348, 97871, 95, 215.89
2026/10/09 04:21:47.594, 1, 78126, 97871, 13, 204.45
2026/10/09 04:21:47.594, 2, 78155, 97871, 17, 209.37
2026/10/09 04:21:47.594, 3, 78179, 97871, 16, 201.20
2026/10/09 04:21:48.594, 0, 21020, 97871, 0, 405.48
2026/10/09 04:21:48.595, 1, 78364, 97871, 22, 215.09
2026/10/09 04:21:48.595, 2, 78435, 97871, 18, 220.78
2026/10/09 04:21:48.595, 3, 78409, 97871, 19, 217.86
2026/10/09 04:21:49.595, 0, 21020, 97871, 0, 137.96
2026/10/09 04:21:49.595, 1, 78376, 97871, 0, 149.49
2026/10/09 04:21:49.595, 2, 78411, 97871, 0, 167.62
2026/10/09 04:21:49.595, 3, 78419, 97871, 0, 153.10
2026/10/09 04:21:50.595, 0, 19044, 97871, 0, 137.83
2026/10/09 04:21:50.595, 1, 78376, 97871, 0, 131.15
2026/10/09 04:21:50.595, 2, 78411, 97871, 0, 141.34
2026/10/09 04:21:50.595, 3, 78419, 97871, 0, 136.25
2026/10/09 04:21:51.595, 0, 77796, 97871, 0, 145.88
2026/10/09 04:21:51.595, 1, 78894, 97871, 0, 141.00
2026/10/09 04:21:51.595, 2, 78667, 97871, 0, 149.97
2026/10/09 04:21:51.595, 3, 78675, 97871, 14, 143.95
2026/10/09 04:21:52.595, 0, 77952, 97871, 29, 336.93
2026/10/09 04:21:52.596, 1, 78894, 97871, 0, 132.09
2026/10/09 04:21:52.596, 2, 78929, 97871, 0, 142.01
2026/10/09 04:21:52.596, 3, 78937, 97871, 0, 137.59
2026/10/09 04:21:53.596, 0, 78046, 97871, 14, 225.32
2026/10/09 04:21:53.596, 1, 78894, 97871, 0, 131.54
2026/10/09 04:21:53.596, 2, 78929, 97871, 0, 141.36
2026/10/09 04:21:53.596, 3, 78937, 97871, 0, 137.93
2026/10/09 04:21:54.596, 0, 78446, 97871, 16, 189.44
2026/10/09 04:21:54.596, 1, 79422, 97871, 0, 133.29
2026/10/09 04:21:54.596, 2, 79457, 97871, 2, 142.47
2026/10/09 04:21:54.596, 3, 79463, 97871, 0, 139.13
2026/10/09 04:21:55.596, 0, 78366, 97871, 16, 213.60
2026/10/09 04:21:55.596, 1, 79422, 97871, 0, 135.84
2026/10/09 04:21:55.596, 2, 79457, 97871, 0, 146.75
2026/10/09 04:21:55.596, 3, 79465, 97871, 0, 144.38
2026/10/09 04:21:56.597, 0, 78376, 97871, 0, 153.92
2026/10/09 04:21:56.597, 1, 79422, 97871, 0, 131.87
2026/10/09 04:21:56.597, 2, 79457, 97871, 0, 141.47
2026/10/09 04:21:56.597, 3, 79465, 97871, 0, 137.88
2026/10/09 04:21:57.597, 0, 78376, 97871, 0, 138.04
2026/10/09 04:21:57.597, 1, 79422, 97871, 0, 132.08
2026/10/09 04:21:57.597, 2, 79457, 97871, 0, 141.50
2026/10/09 04:21:57.597, 3, 79465, 97871, 0, 137.86
2026/10/09 04:21:58.597, 0, 78894, 97871, 0, 146.38
2026/10/09 04:21:58.597, 1, 79422, 97871, 0, 132.19
2026/10/09 04:21:58.597, 2, 79457, 97871, 0, 141.27
2026/10/09 04:21:58.597, 3, 79465, 97871, 0, 137.74
2026/10/09 04:21:59.597, 0, 78894, 97871, 0, 137.77
2026/10/09 04:21:59.597, 1, 79422, 97871, 0, 131.92
2026/10/09 04:21:59.597, 2, 79457, 97871, 0, 141.32
2026/10/09 04:21:59.597, 3, 79465, 97871, 0, 137.29
2026/10/09 04:22:00.598, 0, 79420, 97871, 0, 138.31
2026/10/09 04:22:00.598, 1, 79422, 97871, 0, 132.07
2026/10/09 04:22:00.598, 2, 79457, 97871, 0, 141.36
2026/10/09 04:22:00.598, 3, 79465, 97871, 0, 137.48
2026/10/09 04:22:01.598, 0, 79422, 97871, 0, 142.97
2026/10/09 04:22:01.598, 1, 79422, 97871, 0, 132.16
2026/10/09 04:22:01.598, 2, 79457, 97871, 0, 141.51
2026/10/09 04:22:01.598, 3, 79465, 97871, 0, 137.51
2026/10/09 04:22:02.598, 0, 79422, 97871, 0, 138.62
2026/10/09 04:22:02.598, 1, 79422, 97871, 0, 132.02
2026/10/09 04:22:02.598, 2, 79457, 97871, 0, 141.30
2026/10/09 04:22:02.598, 3, 79465, 97871, 0, 137.51
2026/10/09 04:22:03.598, 0, 79422, 97871, 0, 138.57
2026/10/09 04:22:03.598, 1, 79422, 97871, 0, 131.92
2026/10/09 04:22:03.598, 2, 79457, 97871, 0, 141.23
2026/10/09 04:22:03.598, 3, 79465, 97871, 0, 137.40
2026/10/09 04:22:04.599, 0, 79422, 97871, 0, 138.46
2026/10/09 04:22:04.599, 1, 79422, 97871, 0, 131.82
2026/10/09 04:22:04.599, 2, 79457, 97871, 0, 141.25
2026/10/09 04:22:04.599, 3, 79465, 97871, 0, 137.38
2026/10/09 04:22:05.599, 0, 79422, 97871, 0, 138.46
2026/10/09 04:22:05.599, 1, 79422, 97871, 0, 131.97
2026/10/09 04:22:05.599, 2, 79457, 97871, 0, 141.14
2026/10/09 04:22:05.599, 3, 79465, 97871, 0, 137.19
2026/10/09 04:22:06.599, 0, 79422, 97871, 0, 138.29
2026/10/09 04:22:06.599, 1, 79422, 97871, 0, 131.88
2026/10/09 04:22:06.599, 2, 79457, 97871, 0, 141.20
2026/10/09 04:22:06.599, 3, 79465, 97871, 0, 137.39
2026/10/09 04:22:07.599, 0, 79422, 97871, 0, 138.66
2026/10/09 04:22:07.599, 1, 79422, 97871, 0, 132.01
2026/10/09 04:22:07.599, 2, 79457, 97871, 0, 141.16
2026/10/09 04:22:07.599, 3, 79465, 97871, 0, 137.24
2026/10/09 04:22:08.599, 0, 79422, 97871, 0, 138.59
2026/10/09 04:22:08.600, 1, 79422, 97871, 0, 131.98
2026/10/09 04:22:08.600, 2, 79457, 97871, 0, 141.13
2026/10/09 04:22:08.600, 3, 79465, 97871, 0, 137.33
2026/10/09 04:22:09.600, 0, 79422, 97871, 0, 138.60
2026/10/09 04:22:09.600, 1, 79422, 97871, 0, 131.89
2026/10/09 04:22:09.600, 2, 79457, 97871, 0, 141.12
2026/10/09 04:22:09.600, 3, 79465, 97871, 0, 137.46
2026/10/09 04:22:10.600, 0, 79422, 97871, 0, 138.45
2026/10/09 04:22:10.600, 1, 79422, 97871, 0, 131.94
2026/10/09 04:22:10.600, 2, 79457, 97871, 0, 141.12
2026/10/09 04:22:10.600, 3, 79465, 97871, 0, 137.24
2026/10/09 04:22:11.600, 0, 79422, 97871, 0, 138.38
2026/10/09 04:22:11.600, 1, 79422, 97871, 0, 131.88
2026/10/09 04:22:11.600, 2, 79457, 97871, 0, 141.12
2026/10/09 04:22:11.600, 3, 79465, 97871, 0, 137.05
2026/10/09 04:22:12.600, 0, 79422, 97871, 0, 138.49
2026/10/09 04:22:12.600, 1, 79422, 97871, 0, 131.88
2026/10/09 04:22:12.600, 2, 79457, 97871, 0, 141.22
2026/10/09 04:22:12.601, 3, 79465, 97871, 0, 137.06
2026/10/09 04:22:13.601, 0, 79422, 97871, 0, 138.60
2026/10/09 04:22:13.601, 1, 79422, 97871, 0, 131.95
2026/10/09 04:22:13.601, 2, 79457, 97871, 0, 141.12
2026/10/09 04:22:13.601, 3, 79465, 97871, 0, 137.28
2026/10/09 04:22:14.601, 0, 79422, 97871, 0, 138.77
2026/10/09 04:22:14.601, 1, 79422, 97871, 0, 132.12
2026/10/09 04:22:14.601, 2, 79457, 97871, 0, 141.55
2026/10/09 04:22:14.601, 3, 79465, 97871, 0, 137.66
2026/10/09 04:22:15.601, 0, 79422, 97871, 0, 138.40
2026/10/09 04:22:15.601, 1, 79422, 97871, 0, 131.84
2026/10/09 04:22:15.601, 2, 79457, 97871, 0, 141.18
2026/10/09 04:22:15.601, 3, 79465, 97871, 0, 137.59
2026/10/09 04:22:16.602, 0, 79422, 97871, 0, 138.52
2026/10/09 04:22:16.602, 1, 79422, 97871, 0, 131.60
2026/10/09 04:22:16.602, 2, 79457, 97871, 0, 141.15
2026/10/09 04:22:16.602, 3, 79465, 97871, 0, 137.45
2026/10/09 04:22:17.602, 0, 79422, 97871, 0, 138.65
2026/10/09 04:22:17.602, 1, 79422, 97871, 0, 131.91
2026/10/09 04:22:17.602, 2, 79457, 97871, 0, 141.17
2026/10/09 04:22:17.602, 3, 79465, 97871, 0, 137.36
2026/10/09 04:22:18.602, 0, 79422, 97871, 0, 138.65
2026/10/09 04:22:18.603, 1, 79422, 97871, 0, 131.97
2026/10/09 04:22:18.603, 2, 79457, 97871, 0, 141.49
2026/10/09 04:22:18.603, 3, 79465, 97871, 0, 137.28
2026/10/09 04:22:19.603, 0, 79422, 97871, 0, 138.40
2026/10/09 04:22:19.603, 1, 79422, 97871, 0, 131.94
2026/10/09 04:22:19.603, 2, 79457, 97871, 0, 141.10
2026/10/09 04:22:19.603, 3, 79465, 97871, 0, 137.08
2026/10/09 04:22:20.603, 0, 79422, 97871, 0, 138.65
2026/10/09 04:22:20.603, 1, 79422, 97871, 0, 131.80
2026/10/09 04:22:20.603, 2, 79457, 97871, 0, 141.15
2026/10/09 04:22:20.603, 3, 79465, 97871, 0, 137.13
2026/10/09 04:22:21.604, 0, 79422, 97871, 0, 138.47
2026/10/09 04:22:21.604, 1, 79422, 97871, 0, 131.85
2026/10/09 04:22:21.604, 2, 79457, 97871, 0, 141.34
2026/10/09 04:22:21.604, 3, 79465, 97871, 0, 137.51
2026/10/09 04:22:22.604, 0, 79422, 97871, 0, 138.71
2026/10/09 04:22:22.604, 1, 79422, 97871, 0, 132.00
2026/10/09 04:22:22.604, 2, 79457, 97871, 0, 141.22
2026/10/09 04:22:22.604, 3, 79465, 97871, 0, 137.16
2026/10/09 04:22:23.604, 0, 79422, 97871, 0, 138.65
2026/10/09 04:22:23.605, 1, 79422, 97871, 0, 131.97
2026/10/09 04:22:23.605, 2, 79457, 97871, 0, 141.26
2026/10/09 04:22:23.605, 3, 79465, 97871, 0, 136.72
2026/10/09 04:22:24.605, 0, 79422, 97871, 0, 138.68
2026/10/09 04:22:24.605, 1, 79422, 97871, 0, 132.07
2026/10/09 04:22:24.605, 2, 79457, 97871, 0, 141.40
2026/10/09 04:22:24.605, 3, 79465, 97871, 0, 136.70
2026/10/09 04:22:25.605, 0, 79422, 97871, 0, 138.57
2026/10/09 04:22:25.605, 1, 79422, 97871, 0, 132.05
2026/10/09 04:22:25.605, 2, 79457, 97871, 0, 141.47
2026/10/09 04:22:25.605, 3, 79465, 97871, 0, 136.43
2026/10/09 04:22:26.605, 0, 79422, 97871, 0, 138.50
2026/10/09 04:22:26.606, 1, 79422, 97871, 0, 131.82
2026/10/09 04:22:26.606, 2, 79457, 97871, 0, 141.50
2026/10/09 04:22:26.606, 3, 79465, 97871, 0, 136.15
2026/10/09 04:22:27.606, 0, 79422, 97871, 0, 138.49
2026/10/09 04:22:27.606, 1, 79422, 97871, 0, 131.81
2026/10/09 04:22:27.606, 2, 79457, 97871, 0, 141.46
2026/10/09 04:22:27.606, 3, 79465, 97871, 0, 136.30
2026/10/09 04:22:28.606, 0, 79422, 97871, 0, 138.43
2026/10/09 04:22:28.606, 1, 79422, 97871, 0, 131.34
2026/10/09 04:22:28.606, 2, 79457, 97871, 0, 141.42
2026/10/09 04:22:28.606, 3, 79465, 97871, 0, 136.08
2026/10/09 04:22:29.606, 0, 79422, 97871, 0, 138.40
2026/10/09 04:22:29.606, 1, 79422, 97871, 0, 130.96
2026/10/09 04:22:29.606, 2, 79457, 97871, 0, 141.30
2026/10/09 04:22:29.606, 3, 79465, 97871, 0, 135.71
2026/10/09 04:22:30.607, 0, 79422, 97871, 0, 138.68
2026/10/09 04:22:30.607, 1, 79422, 97871, 0, 131.11
2026/10/09 04:22:30.607, 2, 79457, 97871, 0, 141.15
2026/10/09 04:22:30.607, 3, 79465, 97871, 0, 135.75
2026/10/09 04:22:31.607, 0, 79422, 97871, 0, 145.86
2026/10/09 04:22:31.607, 1, 79422, 97871, 22, 139.88
2026/10/09 04:22:31.607, 2, 79457, 97871, 26, 149.19
2026/10/09 04:22:31.607, 3, 79465, 97871, 0, 144.10
2026/10/09 04:22:32.607, 0, 79422, 97871, 0, 137.84
2026/10/09 04:22:32.607, 1, 79422, 97871, 0, 131.15
2026/10/09 04:22:32.607, 2, 79457, 97871, 0, 141.33
2026/10/09 04:22:32.607, 3, 79465, 97871, 0, 136.46
2026/10/09 04:22:33.607, 0, 79422, 97871, 0, 137.84
2026/10/09 04:22:33.607, 1, 79422, 97871, 0, 130.87
2026/10/09 04:22:33.607, 2, 79457, 97871, 0, 141.34
2026/10/09 04:22:33.607, 3, 79465, 97871, 0, 135.91
2026/10/09 04:22:34.608, 0, 79422, 97871, 0, 137.85
2026/10/09 04:22:34.608, 1, 79422, 97871, 0, 130.94
2026/10/09 04:22:34.608, 2, 79457, 97871, 0, 141.34
2026/10/09 04:22:34.608, 3, 79465, 97871, 0, 135.89
2026/10/09 04:22:35.608, 0, 79422, 97871, 0, 137.68
2026/10/09 04:22:35.608, 1, 79422, 97871, 0, 130.66
2026/10/09 04:22:35.608, 2, 79457, 97871, 0, 141.22
2026/10/09 04:22:35.608, 3, 79465, 97871, 0, 135.76
2026/10/09 04:22:36.608, 0, 79422, 97871, 0, 137.71
2026/10/09 04:22:36.608, 1, 79422, 97871, 0, 130.90
2026/10/09 04:22:36.608, 2, 79457, 97871, 0, 141.15
2026/10/09 04:22:36.608, 3, 79465, 97871, 0, 135.79
2026/10/09 04:22:37.608, 0, 79422, 97871, 3, 147.25
2026/10/09 04:22:37.609, 1, 79422, 97871, 0, 131.14
2026/10/09 04:22:37.609, 2, 79457, 97871, 0, 144.84
2026/10/09 04:22:37.609, 3, 79465, 97871, 0, 143.06
2026/10/09 04:22:38.609, 0, 79422, 97871, 0, 166.21
2026/10/09 04:22:38.609, 1, 79422, 97871, 0, 206.75
2026/10/09 04:22:38.609, 2, 79457, 97871, 0, 185.31
2026/10/09 04:22:38.609, 3, 79469, 97871, 12, 158.27
2026/10/09 04:22:39.609, 0, 79422, 97871, 0, 137.14
2026/10/09 04:22:39.609, 1, 79422, 97871, 0, 129.87
2026/10/09 04:22:39.609, 2, 79457, 97871, 0, 141.17
2026/10/09 04:22:39.609, 3, 79473, 97871, 100, 409.58
2026/10/09 04:22:40.609, 0, 79422, 97871, 0, 190.00
2026/10/09 04:22:40.609, 1, 79422, 97871, 0, 159.59
2026/10/09 04:22:40.609, 2, 79457, 97871, 0, 220.20
2026/10/09 04:22:40.609, 3, 79473, 97871, 100, 402.09
2026/10/09 04:22:41.609, 0, 79422, 97871, 0, 168.99
2026/10/09 04:22:41.609, 1, 79422, 97871, 37, 168.46
2026/10/09 04:22:41.609, 2, 79457, 97871, 0, 173.43
2026/10/09 04:22:41.609, 3, 79473, 97871, 100, 460.10
2026/10/09 04:22:42.609, 0, 79422, 97871, 0, 173.33
2026/10/09 04:22:42.610, 1, 79422, 97871, 0, 157.04
2026/10/09 04:22:42.610, 2, 79457, 97871, 0, 173.13
2026/10/09 04:22:42.610, 3, 79473, 97871, 99, 459.46
2026/10/09 04:22:43.610, 0, 79422, 97871, 0, 187.60
2026/10/09 04:22:43.610, 1, 79422, 97871, 0, 179.43
2026/10/09 04:22:43.610, 2, 79457, 97871, 0, 154.73
2026/10/09 04:22:43.610, 3, 79473, 97871, 100, 435.21
2026/10/09 04:22:44.610, 0, 79422, 97871, 0, 191.46
2026/10/09 04:22:44.610, 1, 79422, 97871, 0, 160.21
2026/10/09 04:22:44.610, 2, 79457, 97871, 0, 215.11
2026/10/09 04:22:44.610, 3, 79473, 97871, 100, 432.53
2026/10/09 04:22:45.610, 0, 79422, 97871, 0, 227.64
2026/10/09 04:22:45.610, 1, 79422, 97871, 0, 176.18
2026/10/09 04:22:45.610, 2, 79457, 97871, 0, 166.19
2026/10/09 04:22:45.610, 3, 79473, 97871, 100, 443.64
2026/10/09 04:22:46.610, 0, 79422, 97871, 0, 137.40
2026/10/09 04:22:46.610, 1, 79422, 97871, 0, 163.53
2026/10/09 04:22:46.610, 2, 79457, 97871, 66, 187.93
2026/10/09 04:22:46.610, 3, 79473, 97871, 100, 459.93
2026/10/09 04:22:47.610, 0, 79422, 97871, 66, 203.41
2026/10/09 04:22:47.611, 1, 79422, 97871, 0, 169.49
2026/10/09 04:22:47.611, 2, 79457, 97871, 0, 175.25
2026/10/09 04:22:47.611, 3, 79473, 97871, 100, 449.65
2026/10/09 04:22:48.611, 0, 79422, 97871, 0, 138.04
2026/10/09 04:22:48.611, 1, 79422, 97871, 0, 158.56
2026/10/09 04:22:48.611, 2, 79457, 97871, 0, 168.88
2026/10/09 04:22:48.611, 3, 79473, 97871, 100, 459.17
2026/10/09 04:22:49.611, 0, 79422, 97871, 74, 236.33
2026/10/09 04:22:49.611, 1, 79422, 97871, 0, 182.63
2026/10/09 04:22:49.611, 2, 79457, 97871, 61, 201.82
2026/10/09 04:22:49.611, 3, 79473, 97871, 100, 434.79
2026/10/09 04:22:50.611, 0, 79422, 97871, 72, 194.35
2026/10/09 04:22:50.611, 1, 79422, 97871, 0, 164.76
2026/10/09 04:22:50.611, 2, 79457, 97871, 0, 180.90
2026/10/09 04:22:50.611, 3, 79473, 97871, 100, 456.99
2026/10/09 04:22:51.611, 0, 79422, 97871, 0, 143.17
2026/10/09 04:22:51.611, 1, 79422, 97871, 0, 183.32
2026/10/09 04:22:51.611, 2, 79457, 97871, 0, 170.21
2026/10/09 04:22:51.612, 3, 79473, 97871, 100, 449.65
2026/10/09 04:22:52.612, 0, 79422, 97871, 53, 226.29
2026/10/09 04:22:52.612, 1, 79422, 97871, 0, 177.64
2026/10/09 04:22:52.612, 2, 79457, 97871, 0, 188.03
2026/10/09 04:22:52.612, 3, 79473, 97871, 100, 450.00
2026/10/09 04:22:53.612, 0, 79422, 97871, 25, 162.28
2026/10/09 04:22:53.612, 1, 79422, 97871, 50, 162.19
2026/10/09 04:22:53.612, 2, 79457, 97871, 0, 164.98
2026/10/09 04:22:53.612, 3, 79473, 97871, 100, 465.26
2026/10/09 04:22:54.612, 0, 79422, 97871, 0, 160.29
2026/10/09 04:22:54.612, 1, 79422, 97871, 0, 166.68
2026/10/09 04:22:54.612, 2, 79457, 97871, 0, 169.41
2026/10/09 04:22:54.612, 3, 79473, 97871, 100, 446.42
2026/10/09 04:22:55.612, 0, 79422, 97871, 0, 176.13
2026/10/09 04:22:55.612, 1, 79422, 97871, 0, 170.00
2026/10/09 04:22:55.612, 2, 79457, 97871, 0, 178.35
2026/10/09 04:22:55.612, 3, 79473, 97871, 100, 451.83
2026/10/09 04:22:56.612, 0, 79422, 97871, 0, 187.81
2026/10/09 04:22:56.612, 1, 79422, 97871, 0, 176.09
2026/10/09 04:22:56.612, 2, 79457, 97871, 0, 188.81
2026/10/09 04:22:56.612, 3, 79473, 97871, 100, 449.66
2026/10/09 04:22:57.613, 0, 79422, 97871, 0, 191.89
2026/10/09 04:22:57.613, 1, 79422, 97871, 0, 159.59
2026/10/09 04:22:57.613, 2, 79457, 97871, 12, 206.94
2026/10/09 04:22:57.613, 3, 79473, 97871, 100, 449.71
2026/10/09 04:22:58.613, 0, 79422, 97871, 0, 182.32
2026/10/09 04:22:58.613, 1, 79422, 97871, 0, 165.25
2026/10/09 04:22:58.613, 2, 79457, 97871, 0, 140.98
2026/10/09 04:22:58.613, 3, 79473, 97871, 100, 453.28
2026/10/09 04:22:59.613, 0, 79422, 97871, 0, 170.35
2026/10/09 04:22:59.613, 1, 79422, 97871, 0, 130.11
2026/10/09 04:22:59.613, 2, 79457, 97871, 0, 174.79
2026/10/09 04:22:59.613, 3, 79473, 97871, 100, 457.00
2026/10/09 04:23:00.613, 0, 79422, 97871, 0, 175.05
2026/10/09 04:23:00.613, 1, 79422, 97871, 0, 165.30
2026/10/09 04:23:00.613, 2, 79457, 97871, 0, 180.35
2026/10/09 04:23:00.613, 3, 79473, 97871, 100, 450.37
2026/10/09 04:23:01.613, 0, 79422, 97871, 0, 137.51
2026/10/09 04:23:01.613, 1, 79422, 97871, 0, 163.83
2026/10/09 04:23:01.613, 2, 79457, 97871, 9, 177.89
2026/10/09 04:23:01.613, 3, 79473, 97871, 100, 462.07
2026/10/09 04:23:02.614, 0, 79422, 97871, 0, 173.74
2026/10/09 04:23:02.614, 1, 79422, 97871, 0, 169.39
2026/10/09 04:23:02.614, 2, 79457, 97871, 0, 142.65
2026/10/09 04:23:02.614, 3, 79473, 97871, 100, 459.50
2026/10/09 04:23:03.614, 0, 79422, 97871, 0, 164.91
2026/10/09 04:23:03.614, 1, 79422, 97871, 0, 159.79
2026/10/09 04:23:03.614, 2, 79457, 97871, 0, 182.76
2026/10/09 04:23:03.614, 3, 79473, 97871, 100, 457.01
2026/10/09 04:23:04.614, 0, 79422, 97871, 0, 186.17
2026/10/09 04:23:04.614, 1, 79422, 97871, 0, 130.88
2026/10/09 04:23:04.614, 2, 79457, 97871, 0, 177.31
2026/10/09 04:23:04.614, 3, 79473, 97871, 100, 450.35
2026/10/09 04:23:05.614, 0, 79422, 97871, 0, 168.26
2026/10/09 04:23:05.614, 1, 79422, 97871, 0, 198.13
2026/10/09 04:23:05.614, 2, 79457, 97871, 0, 179.01
2026/10/09 04:23:05.614, 3, 79473, 97871, 100, 451.92
2026/10/09 04:23:06.614, 0, 79422, 97871, 52, 169.12
2026/10/09 04:23:06.614, 1, 79422, 97871, 0, 142.08
2026/10/09 04:23:06.614, 2, 79457, 97871, 0, 178.27
2026/10/09 04:23:06.614, 3, 79473, 97871, 100, 464.37
2026/10/09 04:23:07.614, 0, 79422, 97871, 0, 138.96
2026/10/09 04:23:07.615, 1, 79422, 97871, 0, 168.59
2026/10/09 04:23:07.615, 2, 79457, 97871, 0, 184.25
2026/10/09 04:23:07.615, 3, 79473, 97871, 100, 452.30
2026/10/09 04:23:08.615, 0, 79422, 97871, 0, 174.92
2026/10/09 04:23:08.615, 1, 79422, 97871, 0, 130.31
2026/10/09 04:23:08.615, 2, 79457, 97871, 0, 140.79
2026/10/09 04:23:08.615, 3, 79473, 97871, 100, 466.74
2026/10/09 04:23:09.615, 0, 79422, 97871, 0, 165.18
2026/10/09 04:23:09.615, 1, 79422, 97871, 0, 202.18
2026/10/09 04:23:09.615, 2, 79457, 97871, 0, 171.69
2026/10/09 04:23:09.615, 3, 79473, 97871, 100, 460.07
2026/10/09 04:23:10.615, 0, 79422, 97871, 0, 177.19
2026/10/09 04:23:10.615, 1, 79422, 97871, 0, 130.79
2026/10/09 04:23:10.615, 2, 79457, 97871, 0, 170.66
2026/10/09 04:23:10.615, 3, 79473, 97871, 100, 457.93
2026/10/09 04:23:11.615, 0, 79422, 97871, 0, 178.28
2026/10/09 04:23:11.615, 1, 79422, 97871, 0, 169.05
2026/10/09 04:23:11.615, 2, 79457, 97871, 0, 180.15
2026/10/09 04:23:11.615, 3, 79473, 97871, 100, 452.38
2026/10/09 04:23:12.615, 0, 79422, 97871, 0, 137.51
2026/10/09 04:23:12.616, 1, 79422, 97871, 0, 158.79
2026/10/09 04:23:12.616, 2, 79457, 97871, 0, 171.61
2026/10/09 04:23:12.616, 3, 79473, 97871, 100, 462.07
2026/10/09 04:23:13.616, 0, 79422, 97871, 0, 171.71
2026/10/09 04:23:13.616, 1, 79422, 97871, 0, 172.89
2026/10/09 04:23:13.616, 2, 79457, 97871, 0, 165.01
2026/10/09 04:23:13.616, 3, 79473, 97871, 100, 454.54
2026/10/09 04:23:14.616, 0, 79422, 97871, 0, 213.02
2026/10/09 04:23:14.616, 1, 79422, 97871, 0, 163.02
2026/10/09 04:23:14.616, 2, 79457, 97871, 0, 178.34
2026/10/09 04:23:14.616, 3, 79473, 97871, 100, 444.82
2026/10/09 04:23:15.616, 0, 79422, 97871, 0, 137.49
2026/10/09 04:23:15.616, 1, 79422, 97871, 15, 159.14
2026/10/09 04:23:15.616, 2, 79457, 97871, 0, 140.81
2026/10/09 04:23:15.616, 3, 79473, 97871, 100, 468.19
2026/10/09 04:23:16.616, 0, 79422, 97871, 0, 173.51
2026/10/09 04:23:16.616, 1, 79422, 97871, 0, 162.85
2026/10/09 04:23:16.616, 2, 79457, 97871, 0, 180.86
2026/10/09 04:23:16.616, 3, 79473, 97871, 100, 456.26
2026/10/09 04:23:17.617, 0, 79422, 97871, 0, 172.80
2026/10/09 04:23:17.617, 1, 79422, 97871, 0, 162.63
2026/10/09 04:23:17.617, 2, 79457, 97871, 42, 204.76
2026/10/09 04:23:17.617, 3, 79473, 97871, 100, 453.01
2026/10/09 04:23:18.617, 0, 79422, 97871, 0, 147.32
2026/10/09 04:23:18.617, 1, 79422, 97871, 0, 132.58
2026/10/09 04:23:18.617, 2, 79457, 97871, 0, 158.03
2026/10/09 04:23:18.617, 3, 79473, 97871, 100, 456.25
2026/10/09 04:23:19.617, 0, 79422, 97871, 0, 172.91
2026/10/09 04:23:19.617, 1, 79422, 97871, 0, 163.58
2026/10/09 04:23:19.617, 2, 79457, 97871, 0, 172.70
2026/10/09 04:23:19.617, 3, 79473, 97871, 100, 453.44
2026/10/09 04:23:20.617, 0, 79422, 97871, 0, 166.45
2026/10/09 04:23:20.617, 1, 79422, 97871, 0, 129.85
2026/10/09 04:23:20.617, 2, 79457, 97871, 0, 142.35
2026/10/09 04:23:20.617, 3, 79473, 97871, 100, 467.12
2026/10/09 04:23:21.617, 0, 79422, 97871, 0, 137.27
2026/10/09 04:23:21.617, 1, 79422, 97871, 0, 166.06
2026/10/09 04:23:21.617, 2, 79457, 97871, 0, 170.52
2026/10/09 04:23:21.617, 3, 79473, 97871, 100, 462.04
2026/10/09 04:23:22.618, 0, 79422, 97871, 0, 170.29
2026/10/09 04:23:22.618, 1, 79422, 97871, 0, 160.72
2026/10/09 04:23:22.618, 2, 79457, 97871, 0, 142.43
2026/10/09 04:23:22.618, 3, 79473, 97871, 100, 462.85
2026/10/09 04:23:23.618, 0, 79422, 97871, 0, 179.88
2026/10/09 04:23:23.618, 1, 79422, 97871, 0, 130.84
2026/10/09 04:23:23.618, 2, 79457, 97871, 0, 171.58
2026/10/09 04:23:23.618, 3, 79473, 97871, 100, 460.29
2026/10/09 04:23:24.618, 0, 79422, 97871, 0, 137.72
2026/10/09 04:23:24.618, 1, 79422, 97871, 0, 171.82
2026/10/09 04:23:24.618, 2, 79457, 97871, 0, 141.13
2026/10/09 04:23:24.618, 3, 79473, 97871, 100, 465.98
2026/10/09 04:23:25.618, 0, 79422, 97871, 0, 185.09
2026/10/09 04:23:25.618, 1, 79422, 97871, 0, 162.30
2026/10/09 04:23:25.618, 2, 79457, 97871, 0, 175.88
2026/10/09 04:23:25.618, 3, 79473, 97871, 100, 454.64
2026/10/09 04:23:26.618, 0, 79422, 97871, 0, 169.42
2026/10/09 04:23:26.618, 1, 79422, 97871, 0, 166.15
2026/10/09 04:23:26.618, 2, 79457, 97871, 0, 171.44
2026/10/09 04:23:26.618, 3, 79473, 97871, 100, 456.58
2026/10/09 04:23:27.619, 0, 79422, 97871, 0, 167.90
2026/10/09 04:23:27.619, 1, 79422, 97871, 0, 130.37
2026/10/09 04:23:27.619, 2, 79457, 97871, 0, 174.41
2026/10/09 04:23:27.619, 3, 79473, 97871, 100, 461.71
2026/10/09 04:23:28.619, 0, 79422, 97871, 0, 137.52
2026/10/09 04:23:28.619, 1, 79422, 97871, 0, 163.49
2026/10/09 04:23:28.619, 2, 79457, 97871, 0, 141.10
2026/10/09 04:23:28.619, 3, 79473, 97871, 100, 466.42
2026/10/09 04:23:29.619, 0, 79422, 97871, 0, 171.98
2026/10/09 04:23:29.619, 1, 79422, 97871, 0, 130.24
2026/10/09 04:23:29.619, 2, 79457, 97871, 0, 179.38
2026/10/09 04:23:29.619, 3, 79473, 97871, 100, 460.53
2026/10/09 04:23:30.619, 0, 79422, 97871, 0, 137.90
2026/10/09 04:23:30.619, 1, 79422, 97871, 0, 130.02
2026/10/09 04:23:30.619, 2, 79457, 97871, 0, 140.98
2026/10/09 04:23:30.619, 3, 79473, 97871, 100, 465.99
2026/10/09 04:23:31.619, 0, 79422, 97871, 0, 137.79
2026/10/09 04:23:31.619, 1, 79422, 97871, 0, 129.78
2026/10/09 04:23:31.619, 2, 79457, 97871, 0, 140.79
2026/10/09 04:23:31.619, 3, 79473, 97871, 100, 433.56
2026/10/09 04:23:32.620, 0, 80094, 97871, 100, 475.10
2026/10/09 04:23:32.620, 1, 80094, 97871, 100, 513.01
2026/10/09 04:23:32.620, 2, 80453, 97871, 100, 501.80
2026/10/09 04:23:32.620, 3, 79473, 97871, 99, 274.24
2026/10/09 04:23:33.620, 0, 80094, 97871, 0, 139.34
2026/10/09 04:23:33.620, 1, 80094, 97871, 0, 170.84
2026/10/09 04:23:33.620, 2, 80453, 97871, 0, 144.03
2026/10/09 04:23:33.620, 3, 79473, 97871, 100, 360.62
2026/10/09 04:23:34.620, 0, 80094, 97871, 0, 138.21
2026/10/09 04:23:34.620, 1, 80094, 97871, 0, 129.96
2026/10/09 04:23:34.620, 2, 80453, 97871, 0, 141.46
2026/10/09 04:23:34.620, 3, 79473, 97871, 100, 528.58
2026/10/09 04:23:35.620, 0, 80094, 97871, 0, 138.23
2026/10/09 04:23:35.620, 1, 80094, 97871, 0, 129.50
2026/10/09 04:23:35.620, 2, 80453, 97871, 0, 141.33
2026/10/09 04:23:35.620, 3, 79473, 97871, 100, 459.88
2026/10/09 04:23:36.620, 0, 80094, 97871, 100, 553.93
2026/10/09 04:23:36.621, 1, 80094, 97871, 61, 488.04
2026/10/09 04:23:36.621, 2, 80453, 97871, 0, 469.32
2026/10/09 04:23:36.621, 3, 79473, 97871, 100, 257.80
2026/10/09 04:23:37.621, 0, 80094, 97871, 0, 140.98
2026/10/09 04:23:37.621, 1, 80094, 97871, 0, 132.43
2026/10/09 04:23:37.621, 2, 80453, 97871, 0, 142.05
2026/10/09 04:23:37.621, 3, 79473, 97871, 100, 413.60
2026/10/09 04:23:38.621, 0, 80094, 97871, 0, 254.93
2026/10/09 04:23:38.621, 1, 80094, 97871, 62, 263.92
2026/10/09 04:23:38.621, 2, 80453, 97871, 53, 294.12
2026/10/09 04:23:38.621, 3, 79473, 97871, 95, 442.95
2026/10/09 04:23:39.621, 0, 80094, 97871, 0, 363.73
2026/10/09 04:23:39.621, 1, 80094, 97871, 27, 375.45
2026/10/09 04:23:39.621, 2, 80453, 97871, 19, 330.37
2026/10/09 04:23:39.621, 3, 79473, 97871, 99, 394.10
2026/10/09 04:23:40.621, 0, 80094, 97871, 0, 206.10
2026/10/09 04:23:40.621, 1, 80094, 97871, 0, 204.34
2026/10/09 04:23:40.621, 2, 80453, 97871, 49, 229.29
2026/10/09 04:23:40.621, 3, 79473, 97871, 100, 504.23
2026/10/09 04:23:41.622, 0, 80094, 97871, 0, 318.40
2026/10/09 04:23:41.622, 1, 80094, 97871, 0, 313.68
2026/10/09 04:23:41.622, 2, 80453, 97871, 0, 300.08
2026/10/09 04:23:41.622, 3, 79473, 97871, 100, 430.46
2026/10/09 04:23:42.622, 0, 80094, 97871, 31, 277.12
2026/10/09 04:23:42.622, 1, 80094, 97871, 85, 265.90
2026/10/09 04:23:42.622, 2, 80453, 97871, 57, 282.77
2026/10/09 04:23:42.622, 3, 79473, 97871, 100, 465.26
2026/10/09 04:23:43.622, 0, 80094, 97871, 37, 284.99
2026/10/09 04:23:43.622, 1, 80094, 97871, 0, 279.33
2026/10/09 04:23:43.622, 2, 80453, 97871, 0, 259.97
2026/10/09 04:23:43.622, 3, 79473, 97871, 100, 470.58
2026/10/09 04:23:44.622, 0, 80094, 97871, 37, 301.65
2026/10/09 04:23:44.622, 1, 80094, 97871, 39, 307.15
2026/10/09 04:23:44.622, 2, 80453, 97871, 62, 312.57
2026/10/09 04:23:44.622, 3, 79473, 97871, 100, 463.04
2026/10/09 04:23:45.622, 0, 80094, 97871, 0, 252.05
2026/10/09 04:23:45.622, 1, 80094, 97871, 21, 231.58
2026/10/09 04:23:45.622, 2, 80453, 97871, 57, 244.73
2026/10/09 04:23:45.623, 3, 79473, 97871, 100, 482.73
2026/10/09 04:23:46.623, 0, 80094, 97871, 0, 147.08
2026/10/09 04:23:46.623, 1, 80094, 97871, 0, 141.21
2026/10/09 04:23:46.623, 2, 80453, 97871, 0, 142.86
2026/10/09 04:23:46.623, 3, 79473, 97871, 100, 526.81
2026/10/09 04:23:47.623, 0, 80094, 97871, 0, 137.82
2026/10/09 04:23:47.623, 1, 80094, 97871, 0, 130.61
2026/10/09 04:23:47.623, 2, 80453, 97871, 0, 141.67
2026/10/09 04:23:47.623, 3, 79473, 97871, 100, 512.37
2026/10/09 04:23:48.623, 0, 80094, 97871, 0, 137.65
2026/10/09 04:23:48.623, 1, 80094, 97871, 0, 129.74
2026/10/09 04:23:48.623, 2, 80453, 97871, 0, 140.98
2026/10/09 04:23:48.623, 3, 79473, 97871, 100, 473.69
2026/10/09 04:23:49.623, 0, 80094, 97871, 100, 383.68
2026/10/09 04:23:49.623, 1, 80094, 97871, 100, 375.87
2026/10/09 04:23:49.623, 2, 80453, 97871, 100, 372.04
2026/10/09 04:23:49.623, 3, 79473, 97871, 100, 313.44
2026/10/09 04:23:50.623, 0, 80094, 97871, 100, 558.34
2026/10/09 04:23:50.623, 1, 80094, 97871, 100, 529.71
2026/10/09 04:23:50.624, 2, 80453, 97871, 100, 534.57
2026/10/09 04:23:50.624, 3, 79473, 97871, 62, 203.21
2026/10/09 04:23:51.624, 0, 80094, 97871, 100, 550.20
2026/10/09 04:23:51.624, 1, 80094, 97871, 100, 524.56
2026/10/09 04:23:51.624, 2, 80453, 97871, 100, 535.07
2026/10/09 04:23:51.624, 3, 79473, 97871, 66, 151.64
2026/10/09 04:23:52.624, 0, 80094, 97871, 100, 510.16
2026/10/09 04:23:52.624, 1, 80094, 97871, 0, 333.99
2026/10/09 04:23:52.624, 2, 80453, 97871, 0, 449.98
2026/10/09 04:23:52.624, 3, 79473, 97871, 57, 145.07
2026/10/09 04:23:53.624, 0, 80094, 97871, 0, 141.16
2026/10/09 04:23:53.624, 1, 80094, 97871, 0, 134.13
2026/10/09 04:23:53.624, 2, 80453, 97871, 0, 144.18
2026/10/09 04:23:53.624, 3, 79473, 97871, 47, 148.40
2026/10/09 04:23:54.624, 0, 80094, 97871, 0, 141.30
2026/10/09 04:23:54.624, 1, 80094, 97871, 0, 133.20
2026/10/09 04:23:54.624, 2, 80453, 97871, 0, 144.76
2026/10/09 04:23:54.625, 3, 79473, 97871, 61, 144.68
2026/10/09 04:23:55.625, 0, 80094, 97871, 0, 139.73
2026/10/09 04:23:55.625, 1, 80094, 97871, 0, 133.21
2026/10/09 04:23:55.625, 2, 80453, 97871, 0, 145.83
2026/10/09 04:23:55.625, 3, 79473, 97871, 63, 144.51
2026/10/09 04:23:56.625, 0, 80094, 97871, 0, 139.73
2026/10/09 04:23:56.625, 1, 80094, 97871, 0, 130.58
2026/10/09 04:23:56.625, 2, 80453, 97871, 0, 141.55
2026/10/09 04:23:56.625, 3, 79473, 97871, 100, 495.00
2026/10/09 04:23:57.625, 0, 80094, 97871, 0, 138.23
2026/10/09 04:23:57.625, 1, 80094, 97871, 0, 130.19
2026/10/09 04:23:57.625, 2, 80453, 97871, 0, 140.26
2026/10/09 04:23:57.625, 3, 79473, 97871, 100, 532.02
2026/10/09 04:23:58.625, 0, 80094, 97871, 0, 137.98
2026/10/09 04:23:58.625, 1, 80094, 97871, 0, 129.93
2026/10/09 04:23:58.625, 2, 80453, 97871, 0, 139.99
2026/10/09 04:23:58.625, 3, 79473, 97871, 100, 532.31
2026/10/09 04:23:59.625, 0, 80094, 97871, 0, 137.90
2026/10/09 04:23:59.626, 1, 80094, 97871, 0, 129.79
2026/10/09 04:23:59.626, 2, 80453, 97871, 0, 139.96
2026/10/09 04:23:59.626, 3, 79473, 97871, 100, 522.15
2026/10/09 04:24:00.626, 0, 80094, 97871, 0, 137.83
2026/10/09 04:24:00.626, 1, 80094, 97871, 0, 129.70
2026/10/09 04:24:00.626, 2, 80453, 97871, 0, 139.86
2026/10/09 04:24:00.626, 3, 79473, 97871, 100, 522.44
2026/10/09 04:24:01.626, 0, 80094, 97871, 0, 137.60
2026/10/09 04:24:01.626, 1, 80094, 97871, 0, 129.58
2026/10/09 04:24:01.626, 2, 80453, 97871, 0, 139.76
2026/10/09 04:24:01.626, 3, 79473, 97871, 100, 478.00
2026/10/09 04:24:02.626, 0, 80094, 97871, 100, 384.46
2026/10/09 04:24:02.626, 1, 80094, 97871, 100, 372.61
2026/10/09 04:24:02.626, 2, 80453, 97871, 100, 372.84
2026/10/09 04:24:02.626, 3, 79473, 97871, 97, 324.06
2026/10/09 04:24:03.626, 0, 80094, 97871, 100, 555.83
2026/10/09 04:24:03.626, 1, 80094, 97871, 100, 525.74
2026/10/09 04:24:03.627, 2, 80453, 97871, 100, 539.34
2026/10/09 04:24:03.627, 3, 79473, 97871, 96, 173.68
2026/10/09 04:24:04.627, 0, 80094, 97871, 100, 554.23
2026/10/09 04:24:04.627, 1, 80094, 97871, 100, 522.76
2026/10/09 04:24:04.627, 2, 80453, 97871, 100, 537.29
2026/10/09 04:24:04.627, 3, 79473, 97871, 99, 179.34
2026/10/09 04:24:05.627, 0, 80094, 97871, 50, 468.00
2026/10/09 04:24:05.627, 1, 80094, 97871, 0, 380.74
2026/10/09 04:24:05.627, 2, 80453, 97871, 0, 441.16
2026/10/09 04:24:05.627, 3, 79473, 97871, 95, 173.81
2026/10/09 04:24:06.627, 0, 80094, 97871, 0, 140.49
2026/10/09 04:24:06.627, 1, 80094, 97871, 0, 132.94
2026/10/09 04:24:06.627, 2, 80453, 97871, 0, 144.18
2026/10/09 04:24:06.627, 3, 79473, 97871, 100, 372.25
2026/10/09 04:24:07.627, 0, 80094, 97871, 0, 139.02
2026/10/09 04:24:07.627, 1, 80094, 97871, 0, 159.41
2026/10/09 04:24:07.627, 2, 80453, 97871, 0, 142.24
2026/10/09 04:24:07.627, 3, 79473, 97871, 100, 532.04
2026/10/09 04:24:08.628, 0, 80093, 97871, 0, 208.00
2026/10/09 04:24:08.628, 1, 80093, 97871, 0, 236.64
2026/10/09 04:24:08.628, 2, 80452, 97871, 54, 279.62
2026/10/09 04:24:08.628, 3, 79473, 97871, 100, 512.02
2026/10/09 04:24:09.628, 0, 80093, 97871, 46, 384.66
2026/10/09 04:24:09.628, 1, 80093, 97871, 42, 323.94
2026/10/09 04:24:09.628, 2, 80452, 97871, 66, 318.10
2026/10/09 04:24:09.628, 3, 79473, 97871, 100, 427.95
2026/10/09 04:24:10.628, 0, 80093, 97871, 47, 461.96
2026/10/09 04:24:10.628, 1, 80093, 97871, 28, 413.09
2026/10/09 04:24:10.628, 2, 80452, 97871, 97, 432.96
2026/10/09 04:24:10.628, 3, 79473, 97871, 100, 391.56
2026/10/09 04:24:11.628, 0, 80093, 97871, 72, 381.46
2026/10/09 04:24:11.628, 1, 80093, 97871, 72, 333.97
2026/10/09 04:24:11.628, 2, 80452, 97871, 46, 361.72
2026/10/09 04:24:11.628, 3, 79473, 97871, 100, 421.41
2026/10/09 04:24:12.628, 0, 80093, 97871, 97, 404.34
2026/10/09 04:24:12.629, 1, 80093, 97871, 25, 373.56
2026/10/09 04:24:12.629, 2, 80452, 97871, 52, 406.97
2026/10/09 04:24:12.629, 3, 79473, 97871, 100, 403.45
2026/10/09 04:24:13.629, 0, 80093, 97871, 78, 373.91
2026/10/09 04:24:13.629, 1, 80093, 97871, 42, 354.08
2026/10/09 04:24:13.629, 2, 80452, 97871, 27, 358.23
2026/10/09 04:24:13.629, 3, 79473, 97871, 93, 422.83
2026/10/09 04:24:14.629, 0, 80093, 97871, 48, 314.09
2026/10/09 04:24:14.629, 1, 80093, 97871, 50, 331.04
2026/10/09 04:24:14.629, 2, 80452, 97871, 11, 304.76
2026/10/09 04:24:14.629, 3, 79473, 97871, 65, 381.67
2026/10/09 04:24:15.629, 0, 80093, 97871, 0, 298.01
2026/10/09 04:24:15.629, 1, 80093, 97871, 0, 283.90
2026/10/09 04:24:15.629, 2, 80452, 97871, 0, 272.49
2026/10/09 04:24:15.629, 3, 79473, 97871, 98, 333.04
2026/10/09 04:24:16.629, 0, 80093, 97871, 2, 284.26
2026/10/09 04:24:16.629, 1, 80093, 97871, 0, 247.58
2026/10/09 04:24:16.629, 2, 80452, 97871, 0, 306.62
2026/10/09 04:24:16.630, 3, 79473, 97871, 68, 317.86
2026/10/09 04:24:17.630, 0, 80093, 97871, 0, 297.11
2026/10/09 04:24:17.630, 1, 80093, 97871, 17, 332.91
2026/10/09 04:24:17.630, 2, 80452, 97871, 43, 327.02
2026/10/09 04:24:17.630, 3, 79473, 97871, 96, 390.68
2026/10/09 04:24:18.630, 0, 80093, 97871, 55, 273.08
2026/10/09 04:24:18.630, 1, 80093, 97871, 0, 279.20
2026/10/09 04:24:18.630, 2, 80452, 97871, 19, 299.27
2026/10/09 04:24:18.630, 3, 79473, 97871, 75, 360.61
2026/10/09 04:24:19.630, 0, 80093, 97871, 0, 235.15
2026/10/09 04:24:19.630, 1, 80093, 97871, 0, 228.18
2026/10/09 04:24:19.630, 2, 80452, 97871, 0, 271.80
2026/10/09 04:24:19.630, 3, 79473, 97871, 88, 371.96
2026/10/09 04:24:20.630, 0, 80093, 97871, 0, 312.31
2026/10/09 04:24:20.630, 1, 80093, 97871, 43, 284.10
2026/10/09 04:24:20.630, 2, 80452, 97871, 88, 280.77
2026/10/09 04:24:20.630, 3, 79473, 97871, 100, 389.45
2026/10/09 04:24:21.631, 0, 80093, 97871, 50, 260.52
2026/10/09 04:24:21.631, 1, 80093, 97871, 0, 275.82
2026/10/09 04:24:21.631, 2, 80452, 97871, 50, 298.17
2026/10/09 04:24:21.631, 3, 79473, 97871, 68, 325.54
2026/10/09 04:24:22.631, 0, 80093, 97871, 26, 344.54
2026/10/09 04:24:22.631, 1, 80093, 97871, 0, 323.78
2026/10/09 04:24:22.631, 2, 80452, 97871, 0, 301.13
2026/10/09 04:24:22.631, 3, 79473, 97871, 67, 307.80
2026/10/09 04:24:23.631, 0, 80093, 97871, 0, 298.66
2026/10/09 04:24:23.631, 1, 80093, 97871, 53, 296.45
2026/10/09 04:24:23.631, 2, 80452, 97871, 71, 339.55
2026/10/09 04:24:23.631, 3, 79473, 97871, 97, 352.13
2026/10/09 04:24:24.631, 0, 80093, 97871, 0, 327.44
2026/10/09 04:24:24.631, 1, 80093, 97871, 0, 301.26
2026/10/09 04:24:24.631, 2, 80452, 97871, 17, 307.02
2026/10/09 04:24:24.631, 3, 79473, 97871, 71, 366.08
2026/10/09 04:24:25.632, 0, 80093, 97871, 0, 294.14
2026/10/09 04:24:25.632, 1, 80093, 97871, 24, 264.67
2026/10/09 04:24:25.632, 2, 80452, 97871, 18, 285.56
2026/10/09 04:24:25.632, 3, 79473, 97871, 68, 299.46
2026/10/09 04:24:26.632, 0, 80093, 97871, 25, 324.38
2026/10/09 04:24:26.632, 1, 80093, 97871, 96, 369.40
2026/10/09 04:24:26.632, 2, 80452, 97871, 76, 375.84
2026/10/09 04:24:26.632, 3, 79473, 97871, 66, 305.07
2026/10/09 04:24:27.632, 0, 80093, 97871, 0, 253.26
2026/10/09 04:24:27.632, 1, 80093, 97871, 0, 261.80
2026/10/09 04:24:27.632, 2, 80452, 97871, 0, 222.48
2026/10/09 04:24:27.632, 3, 79473, 97871, 92, 353.83
2026/10/09 04:24:28.632, 0, 80093, 97871, 0, 278.31
2026/10/09 04:24:28.632, 1, 80093, 97871, 38, 256.89
2026/10/09 04:24:28.632, 2, 80452, 97871, 63, 254.10
2026/10/09 04:24:28.632, 3, 79473, 97871, 92, 441.02
2026/10/09 04:24:29.632, 0, 80093, 97871, 0, 268.57
2026/10/09 04:24:29.632, 1, 80093, 97871, 0, 305.78
2026/10/09 04:24:29.633, 2, 80452, 97871, 0, 239.14
2026/10/09 04:24:29.633, 3, 79473, 97871, 78, 378.36
2026/10/09 04:24:30.633, 0, 80093, 97871, 0, 291.95
2026/10/09 04:24:30.633, 1, 80093, 97871, 66, 303.54
2026/10/09 04:24:30.633, 2, 80452, 97871, 72, 300.65
2026/10/09 04:24:30.633, 3, 79473, 97871, 100, 412.18
2026/10/09 04:24:31.633, 0, 80093, 97871, 0, 338.43
2026/10/09 04:24:31.633, 1, 80093, 97871, 0, 322.15
2026/10/09 04:24:31.633, 2, 80452, 97871, 0, 300.51
2026/10/09 04:24:31.633, 3, 79473, 97871, 57, 272.34
2026/10/09 04:24:32.633, 0, 80093, 97871, 0, 274.93
2026/10/09 04:24:32.633, 1, 80093, 97871, 56, 278.09
2026/10/09 04:24:32.633, 2, 80452, 97871, 0, 283.56
2026/10/09 04:24:32.633, 3, 79473, 97871, 61, 350.34
2026/10/09 04:24:33.633, 0, 80093, 97871, 0, 319.23
2026/10/09 04:24:33.634, 1, 80093, 97871, 0, 303.55
2026/10/09 04:24:33.634, 2, 80452, 97871, 0, 307.12
2026/10/09 04:24:33.634, 3, 79473, 97871, 61, 345.86
2026/10/09 04:24:34.634, 0, 80093, 97871, 0, 297.64
2026/10/09 04:24:34.634, 1, 80093, 97871, 0, 290.51
2026/10/09 04:24:34.634, 2, 80452, 97871, 0, 278.98
2026/10/09 04:24:34.634, 3, 79473, 97871, 56, 306.04
2026/10/09 04:24:35.634, 0, 80093, 97871, 0, 138.90
2026/10/09 04:24:35.634, 1, 80093, 97871, 0, 132.19
2026/10/09 04:24:35.634, 2, 80452, 97871, 0, 141.89
2026/10/09 04:24:35.634, 3, 79473, 97871, 100, 528.93
2026/10/09 04:24:36.634, 0, 80093, 97871, 0, 138.37
2026/10/09 04:24:36.634, 1, 80093, 97871, 0, 130.77
2026/10/09 04:24:36.634, 2, 80452, 97871, 0, 140.54
2026/10/09 04:24:36.634, 3, 79473, 97871, 100, 520.39
2026/10/09 04:24:37.634, 0, 80093, 97871, 0, 138.03
2026/10/09 04:24:37.634, 1, 80093, 97871, 0, 130.35
2026/10/09 04:24:37.634, 2, 80452, 97871, 0, 140.18
2026/10/09 04:24:37.634, 3, 79473, 97871, 100, 522.42
2026/10/09 04:24:38.635, 0, 80093, 97871, 0, 138.05
2026/10/09 04:24:38.635, 1, 80093, 97871, 0, 130.00
2026/10/09 04:24:38.635, 2, 80452, 97871, 0, 140.12
2026/10/09 04:24:38.635, 3, 79473, 97871, 100, 507.29
2026/10/09 04:24:39.635, 0, 80093, 97871, 0, 137.98
2026/10/09 04:24:39.635, 1, 80093, 97871, 0, 129.48
2026/10/09 04:24:39.635, 2, 80452, 97871, 0, 139.98
2026/10/09 04:24:39.635, 3, 79473, 97871, 100, 446.32
2026/10/09 04:24:40.635, 0, 80093, 97871, 100, 456.04
2026/10/09 04:24:40.635, 1, 80093, 97871, 100, 430.19
2026/10/09 04:24:40.635, 2, 80452, 97871, 100, 436.75
2026/10/09 04:24:40.635, 3, 79473, 97871, 68, 195.70
2026/10/09 04:24:41.635, 0, 80093, 97871, 100, 556.49
2026/10/09 04:24:41.635, 1, 80093, 97871, 100, 523.73
2026/10/09 04:24:41.635, 2, 80452, 97871, 100, 535.97
2026/10/09 04:24:41.635, 3, 79473, 97871, 69, 149.58
2026/10/09 04:24:42.635, 0, 80093, 97871, 100, 552.44
2026/10/09 04:24:42.636, 1, 80093, 97871, 100, 519.36
2026/10/09 04:24:42.636, 2, 80452, 97871, 100, 534.76
2026/10/09 04:24:42.636, 3, 79473, 97871, 58, 144.89
2026/10/09 04:24:43.636, 0, 80093, 97871, 100, 553.15
2026/10/09 04:24:43.636, 1, 80093, 97871, 100, 520.06
2026/10/09 04:24:43.636, 2, 80452, 97871, 100, 533.74
2026/10/09 04:24:43.636, 3, 79473, 97871, 65, 147.40
2026/10/09 04:24:44.636, 0, 80093, 97871, 100, 553.12
2026/10/09 04:24:44.636, 1, 80093, 97871, 100, 521.28
2026/10/09 04:24:44.636, 2, 80452, 97871, 100, 531.29
2026/10/09 04:24:44.636, 3, 79473, 97871, 63, 144.78
2026/10/09 04:24:45.636, 0, 80093, 97871, 100, 555.72
2026/10/09 04:24:45.636, 1, 80093, 97871, 100, 522.28
2026/10/09 04:24:45.636, 2, 80452, 97871, 100, 532.67
2026/10/09 04:24:45.636, 3, 79473, 97871, 48, 147.60
2026/10/09 04:24:46.636, 0, 80093, 97871, 0, 452.41
2026/10/09 04:24:46.636, 1, 80093, 97871, 0, 414.19
2026/10/09 04:24:46.636, 2, 80452, 97871, 100, 534.22
2026/10/09 04:24:46.636, 3, 79473, 97871, 66, 144.40
2026/10/09 04:24:47.637, 0, 80093, 97871, 0, 140.48
2026/10/09 04:24:47.637, 1, 80093, 97871, 0, 134.58
2026/10/09 04:24:47.637, 2, 80452, 97871, 0, 191.61
2026/10/09 04:24:47.637, 3, 79473, 97871, 60, 143.97
2026/10/09 04:24:48.637, 0, 80093, 97871, 0, 140.75
2026/10/09 04:24:48.637, 1, 80093, 97871, 0, 135.09
2026/10/09 04:24:48.637, 2, 80452, 97871, 0, 144.41
2026/10/09 04:24:48.637, 3, 79473, 97871, 66, 155.59
2026/10/09 04:24:49.637, 0, 80093, 97871, 0, 138.48
2026/10/09 04:24:49.637, 1, 80093, 97871, 0, 132.46
2026/10/09 04:24:49.637, 2, 80452, 97871, 0, 141.11
2026/10/09 04:24:49.637, 3, 80145, 97871, 100, 532.52
2026/10/09 04:24:50.637, 0, 80093, 97871, 0, 138.38
2026/10/09 04:24:50.637, 1, 80093, 97871, 0, 131.66
2026/10/09 04:24:50.637, 2, 80452, 97871, 0, 140.89
2026/10/09 04:24:50.637, 3, 80145, 97871, 100, 521.99
2026/10/09 04:24:51.637, 0, 80093, 97871, 0, 138.17
2026/10/09 04:24:51.637, 1, 80093, 97871, 0, 130.36
2026/10/09 04:24:51.637, 2, 80452, 97871, 0, 140.58
2026/10/09 04:24:51.637, 3, 80145, 97871, 100, 522.80
2026/10/09 04:24:52.638, 0, 80093, 97871, 0, 138.20
2026/10/09 04:24:52.638, 1, 80093, 97871, 0, 130.27
2026/10/09 04:24:52.638, 2, 80452, 97871, 0, 140.47
2026/10/09 04:24:52.638, 3, 80145, 97871, 100, 520.94
2026/10/09 04:24:53.638, 0, 80093, 97871, 0, 137.81
2026/10/09 04:24:53.638, 1, 80093, 97871, 0, 130.05
2026/10/09 04:24:53.638, 2, 80452, 97871, 0, 140.51
2026/10/09 04:24:53.638, 3, 80145, 97871, 100, 523.77
2026/10/09 04:24:54.638, 0, 80093, 97871, 0, 137.84
2026/10/09 04:24:54.638, 1, 80093, 97871, 0, 129.84
2026/10/09 04:24:54.638, 2, 80452, 97871, 0, 140.25
2026/10/09 04:24:54.638, 3, 80145, 97871, 100, 524.19
2026/10/09 04:24:55.638, 0, 80093, 97871, 0, 137.80
2026/10/09 04:24:55.638, 1, 80093, 97871, 0, 129.85
2026/10/09 04:24:55.638, 2, 80452, 97871, 0, 140.10
2026/10/09 04:24:55.638, 3, 80145, 97871, 100, 523.17
2026/10/09 04:24:56.638, 0, 80093, 97871, 0, 137.73
2026/10/09 04:24:56.638, 1, 80093, 97871, 0, 129.92
2026/10/09 04:24:56.638, 2, 80452, 97871, 0, 140.09
2026/10/09 04:24:56.638, 3, 80145, 97871, 100, 521.53
2026/10/09 04:24:57.638, 0, 80093, 97871, 0, 137.76
2026/10/09 04:24:57.638, 1, 80093, 97871, 0, 129.78
2026/10/09 04:24:57.639, 2, 80452, 97871, 0, 140.05
2026/10/09 04:24:57.639, 3, 80145, 97871, 100, 525.33
2026/10/09 04:24:58.639, 0, 80093, 97871, 0, 137.63
2026/10/09 04:24:58.639, 1, 80093, 97871, 0, 129.59
2026/10/09 04:24:58.639, 2, 80452, 97871, 0, 139.99
2026/10/09 04:24:58.639, 3, 80145, 97871, 100, 524.78
2026/10/09 04:24:59.639, 0, 80093, 97871, 0, 137.38
2026/10/09 04:24:59.639, 1, 80093, 97871, 0, 129.56
2026/10/09 04:24:59.639, 2, 80452, 97871, 0, 139.85
2026/10/09 04:24:59.639, 3, 80145, 97871, 100, 526.70
2026/10/09 04:25:00.639, 0, 80093, 97871, 0, 137.43
2026/10/09 04:25:00.639, 1, 80093, 97871, 0, 129.43
2026/10/09 04:25:00.639, 2, 80452, 97871, 0, 139.92
2026/10/09 04:25:00.639, 3, 80145, 97871, 100, 525.31
2026/10/09 04:25:01.639, 0, 80093, 97871, 0, 137.52
2026/10/09 04:25:01.639, 1, 80093, 97871, 0, 129.39
2026/10/09 04:25:01.639, 2, 80452, 97871, 0, 139.85
2026/10/09 04:25:01.639, 3, 80145, 97871, 100, 527.94
2026/10/09 04:25:02.639, 0, 80093, 97871, 0, 137.41
2026/10/09 04:25:02.639, 1, 80093, 97871, 0, 129.39
2026/10/09 04:25:02.639, 2, 80452, 97871, 0, 139.96
2026/10/09 04:25:02.640, 3, 80145, 97871, 100, 524.18
2026/10/09 04:25:03.640, 0, 80093, 97871, 0, 137.45
2026/10/09 04:25:03.640, 1, 80093, 97871, 0, 129.43
2026/10/09 04:25:03.640, 2, 80452, 97871, 0, 139.91
2026/10/09 04:25:03.640, 3, 80145, 97871, 100, 525.99
2026/10/09 04:25:04.640, 0, 80093, 97871, 0, 137.58
2026/10/09 04:25:04.640, 1, 80093, 97871, 0, 129.60
2026/10/09 04:25:04.640, 2, 80452, 97871, 0, 140.00
2026/10/09 04:25:04.640, 3, 80145, 97871, 100, 525.56
2026/10/09 04:25:05.640, 0, 80093, 97871, 0, 137.34
2026/10/09 04:25:05.640, 1, 80093, 97871, 0, 129.80
2026/10/09 04:25:05.640, 2, 80452, 97871, 0, 139.83
2026/10/09 04:25:05.640, 3, 80145, 97871, 100, 523.68
2026/10/09 04:25:06.640, 0, 80093, 97871, 0, 137.31
2026/10/09 04:25:06.640, 1, 80093, 97871, 0, 129.69
2026/10/09 04:25:06.640, 2, 80452, 97871, 0, 139.79
2026/10/09 04:25:06.640, 3, 80145, 97871, 100, 529.44
2026/10/09 04:25:07.640, 0, 80093, 97871, 0, 137.28
2026/10/09 04:25:07.640, 1, 80093, 97871, 0, 129.51
2026/10/09 04:25:07.640, 2, 80452, 97871, 0, 139.79
2026/10/09 04:25:07.640, 3, 80145, 97871, 100, 526.29
2026/10/09 04:25:08.640, 0, 80093, 97871, 0, 137.57
2026/10/09 04:25:08.641, 1, 80093, 97871, 0, 129.58
2026/10/09 04:25:08.641, 2, 80452, 97871, 0, 139.75
2026/10/09 04:25:08.641, 3, 80145, 97871, 100, 526.74
2026/10/09 04:25:09.641, 0, 80093, 97871, 0, 137.36
2026/10/09 04:25:09.641, 1, 80093, 97871, 0, 129.53
2026/10/09 04:25:09.641, 2, 80452, 97871, 0, 139.60
2026/10/09 04:25:09.641, 3, 80145, 97871, 100, 522.74
2026/10/09 04:25:10.641, 0, 80093, 97871, 0, 137.31
2026/10/09 04:25:10.641, 1, 80093, 97871, 0, 129.57
2026/10/09 04:25:10.641, 2, 80452, 97871, 0, 139.72
2026/10/09 04:25:10.641, 3, 80145, 97871, 100, 529.15
2026/10/09 04:25:11.641, 0, 80093, 97871, 0, 137.44
2026/10/09 04:25:11.641, 1, 80093, 97871, 0, 129.54
2026/10/09 04:25:11.641, 2, 80452, 97871, 0, 139.68
2026/10/09 04:25:11.641, 3, 80145, 97871, 100, 526.90
2026/10/09 04:25:12.641, 0, 80093, 97871, 0, 137.42
2026/10/09 04:25:12.641, 1, 80093, 97871, 0, 129.45
2026/10/09 04:25:12.641, 2, 80452, 97871, 0, 139.77
2026/10/09 04:25:12.641, 3, 80145, 97871, 100, 528.34
2026/10/09 04:25:13.641, 0, 80093, 97871, 0, 137.36
2026/10/09 04:25:13.641, 1, 80093, 97871, 0, 129.42
2026/10/09 04:25:13.641, 2, 80452, 97871, 0, 139.87
2026/10/09 04:25:13.641, 3, 80145, 97871, 100, 525.05
2026/10/09 04:25:14.641, 0, 80093, 97871, 0, 137.49
2026/10/09 04:25:14.642, 1, 80093, 97871, 0, 129.48
2026/10/09 04:25:14.642, 2, 80452, 97871, 0, 139.60
2026/10/09 04:25:14.642, 3, 80145, 97871, 100, 527.25
2026/10/09 04:25:15.642, 0, 80093, 97871, 0, 137.51
2026/10/09 04:25:15.642, 1, 80093, 97871, 0, 129.36
2026/10/09 04:25:15.642, 2, 80452, 97871, 0, 139.73
2026/10/09 04:25:15.642, 3, 80145, 97871, 100, 524.98
2026/10/09 04:25:16.642, 0, 80093, 97871, 0, 139.59
2026/10/09 04:25:16.642, 1, 80093, 97871, 0, 129.79
2026/10/09 04:25:16.642, 2, 80452, 97871, 0, 139.90
2026/10/09 04:25:16.642, 3, 80145, 97871, 79, 478.26
2026/10/09 04:25:17.642, 0, 80093, 97871, 0, 139.07
2026/10/09 04:25:17.642, 1, 80093, 97871, 0, 132.03
2026/10/09 04:25:17.642, 2, 80452, 97871, 0, 141.78
2026/10/09 04:25:17.642, 3, 80145, 97871, 83, 324.78
2026/10/09 04:25:18.642, 0, 80093, 97871, 0, 138.72
2026/10/09 04:25:18.642, 1, 80093, 97871, 0, 129.94
2026/10/09 04:25:18.642, 2, 80452, 97871, 0, 141.22
2026/10/09 04:25:18.642, 3, 80145, 97871, 100, 449.64
2026/10/09 04:25:19.642, 0, 80093, 97871, 0, 137.58
2026/10/09 04:25:19.642, 1, 80093, 97871, 0, 129.80
2026/10/09 04:25:19.642, 2, 80452, 97871, 0, 139.75
2026/10/09 04:25:19.642, 3, 80145, 97871, 100, 526.16
2026/10/09 04:25:20.643, 0, 80093, 97871, 0, 137.49
2026/10/09 04:25:20.643, 1, 80093, 97871, 0, 129.71
2026/10/09 04:25:20.643, 2, 80452, 97871, 0, 139.78
2026/10/09 04:25:20.643, 3, 80145, 97871, 100, 525.33
2026/10/09 04:25:21.643, 0, 80093, 97871, 0, 137.62
2026/10/09 04:25:21.643, 1, 80093, 97871, 0, 129.61
2026/10/09 04:25:21.643, 2, 80452, 97871, 0, 139.87
2026/10/09 04:25:21.643, 3, 80145, 97871, 100, 522.22
2026/10/09 04:25:22.643, 0, 80093, 97871, 0, 137.37
2026/10/09 04:25:22.643, 1, 80093, 97871, 0, 129.62
2026/10/09 04:25:22.643, 2, 80452, 97871, 0, 139.62
2026/10/09 04:25:22.643, 3, 80145, 97871, 100, 524.78
2026/10/09 04:25:23.643, 0, 80093, 97871, 0, 137.34
2026/10/09 04:25:23.643, 1, 80093, 97871, 0, 129.48
2026/10/09 04:25:23.643, 2, 80452, 97871, 0, 139.48
2026/10/09 04:25:23.643, 3, 80145, 97871, 100, 526.68
2026/10/09 04:25:24.643, 0, 80093, 97871, 0, 137.47
2026/10/09 04:25:24.643, 1, 80093, 97871, 0, 129.78
2026/10/09 04:25:24.643, 2, 80452, 97871, 0, 139.78
2026/10/09 04:25:24.643, 3, 80145, 97871, 100, 522.93
2026/10/09 04:25:25.643, 0, 80093, 97871, 0, 137.35
2026/10/09 04:25:25.643, 1, 80093, 97871, 0, 129.65
2026/10/09 04:25:25.643, 2, 80452, 97871, 0, 139.97
2026/10/09 04:25:25.643, 3, 80145, 97871, 100, 521.09
2026/10/09 04:25:26.644, 0, 80093, 97871, 0, 137.16
2026/10/09 04:25:26.644, 1, 80093, 97871, 0, 129.53
2026/10/09 04:25:26.644, 2, 80452, 97871, 0, 139.54
2026/10/09 04:25:26.644, 3, 80145, 97871, 100, 524.21
2026/10/09 04:25:27.644, 0, 80093, 97871, 0, 137.17
2026/10/09 04:25:27.644, 1, 80093, 97871, 0, 129.58
2026/10/09 04:25:27.644, 2, 80452, 97871, 0, 139.66
2026/10/09 04:25:27.644, 3, 80145, 97871, 100, 526.24
2026/10/09 04:25:28.644, 0, 80093, 97871, 0, 137.12
2026/10/09 04:25:28.644, 1, 80093, 97871, 0, 129.60
2026/10/09 04:25:28.644, 2, 80452, 97871, 0, 139.67
2026/10/09 04:25:28.644, 3, 80145, 97871, 100, 529.09
2026/10/09 04:25:29.644, 0, 80093, 97871, 0, 137.09
2026/10/09 04:25:29.644, 1, 80093, 97871, 0, 129.40
2026/10/09 04:25:29.644, 2, 80452, 97871, 0, 139.44
2026/10/09 04:25:29.644, 3, 80145, 97871, 100, 527.09
2026/10/09 04:25:30.644, 0, 80093, 97871, 0, 137.12
2026/10/09 04:25:30.644, 1, 80093, 97871, 0, 131.63
2026/10/09 04:25:30.644, 2, 80452, 97871, 0, 140.33
2026/10/09 04:25:30.644, 3, 80145, 97871, 67, 409.11
2026/10/09 04:25:31.644, 0, 80093, 97871, 0, 139.16
2026/10/09 04:25:31.644, 1, 80093, 97871, 0, 131.57
2026/10/09 04:25:31.644, 2, 80452, 97871, 0, 141.71
2026/10/09 04:25:31.644, 3, 80145, 97871, 100, 244.37
2026/10/09 04:25:32.645, 0, 80093, 97871, 0, 139.26
2026/10/09 04:25:32.645, 1, 80093, 97871, 0, 130.51
2026/10/09 04:25:32.645, 2, 80452, 97871, 0, 139.70
2026/10/09 04:25:32.645, 3, 80145, 97871, 100, 443.28
2026/10/09 04:25:33.645, 0, 80093, 97871, 0, 137.10
2026/10/09 04:25:33.645, 1, 80093, 97871, 0, 130.91
2026/10/09 04:25:33.645, 2, 80452, 97871, 0, 141.45
2026/10/09 04:25:33.645, 3, 80145, 97871, 100, 474.45
2026/10/09 04:25:34.645, 0, 80093, 97871, 0, 139.27
2026/10/09 04:25:34.645, 1, 80093, 97871, 0, 131.36
2026/10/09 04:25:34.645, 2, 80452, 97871, 0, 142.28
2026/10/09 04:25:34.645, 3, 80145, 97871, 67, 351.02
2026/10/09 04:25:35.645, 0, 80093, 97871, 0, 137.23
2026/10/09 04:25:35.645, 1, 80093, 97871, 0, 129.21
2026/10/09 04:25:35.645, 2, 80452, 97871, 0, 140.24
2026/10/09 04:25:35.645, 3, 80145, 97871, 100, 521.64
2026/10/09 04:25:36.645, 0, 80093, 97871, 0, 137.37
2026/10/09 04:25:36.645, 1, 80093, 97871, 0, 129.15
2026/10/09 04:25:36.645, 2, 80452, 97871, 0, 139.49
2026/10/09 04:25:36.645, 3, 80145, 97871, 100, 529.46
2026/10/09 04:25:37.645, 0, 80093, 97871, 0, 137.17
2026/10/09 04:25:37.646, 1, 80093, 97871, 0, 129.24
2026/10/09 04:25:37.646, 2, 80452, 97871, 0, 139.53
2026/10/09 04:25:37.646, 3, 80145, 97871, 100, 525.12
2026/10/09 04:25:38.646, 0, 80093, 97871, 0, 137.21
2026/10/09 04:25:38.646, 1, 80093, 97871, 0, 129.30
2026/10/09 04:25:38.646, 2, 80452, 97871, 0, 139.50
2026/10/09 04:25:38.646, 3, 80145, 97871, 100, 522.38
2026/10/09 04:25:39.646, 0, 80093, 97871, 0, 137.21
2026/10/09 04:25:39.646, 1, 80093, 97871, 0, 128.88
2026/10/09 04:25:39.646, 2, 80452, 97871, 0, 139.60
2026/10/09 04:25:39.646, 3, 80145, 97871, 100, 489.30
2026/10/09 04:25:40.646, 0, 80093, 97871, 100, 283.60
2026/10/09 04:25:40.646, 1, 80093, 97871, 100, 283.37
2026/10/09 04:25:40.646, 2, 80452, 97871, 100, 291.98
2026/10/09 04:25:40.646, 3, 80145, 97871, 56, 329.30
2026/10/09 04:25:41.646, 0, 80093, 97871, 100, 555.72
2026/10/09 04:25:41.647, 1, 80093, 97871, 100, 525.79
2026/10/09 04:25:41.647, 2, 80452, 97871, 100, 539.34
2026/10/09 04:25:41.647, 3, 80145, 97871, 58, 181.44
2026/10/09 04:25:42.647, 0, 80093, 97871, 100, 556.88
2026/10/09 04:25:42.647, 1, 80093, 97871, 100, 524.01
2026/10/09 04:25:42.647, 2, 80452, 97871, 100, 535.22
2026/10/09 04:25:42.647, 3, 80145, 97871, 7, 146.85
2026/10/09 04:25:43.647, 0, 80093, 97871, 100, 555.25
2026/10/09 04:25:43.647, 1, 80093, 97871, 100, 522.22
2026/10/09 04:25:43.647, 2, 80452, 97871, 100, 534.30
2026/10/09 04:25:43.647, 3, 80145, 97871, 97, 150.43
2026/10/09 04:25:44.647, 0, 80093, 97871, 100, 553.64
2026/10/09 04:25:44.647, 1, 80093, 97871, 100, 520.36
2026/10/09 04:25:44.647, 2, 80452, 97871, 100, 532.62
2026/10/09 04:25:44.647, 3, 80145, 97871, 87, 153.67
2026/10/09 04:25:45.647, 0, 80093, 97871, 100, 554.92
2026/10/09 04:25:45.647, 1, 80093, 97871, 100, 520.76
2026/10/09 04:25:45.647, 2, 80452, 97871, 100, 530.93
2026/10/09 04:25:45.647, 3, 80145, 97871, 100, 146.41
2026/10/09 04:25:46.648, 0, 80093, 97871, 100, 552.84
2026/10/09 04:25:46.648, 1, 80093, 97871, 100, 524.01
2026/10/09 04:25:46.648, 2, 80452, 97871, 100, 532.02
2026/10/09 04:25:46.648, 3, 80145, 97871, 100, 271.97
2026/10/09 04:25:47.648, 0, 80093, 97871, 0, 245.38
2026/10/09 04:25:47.648, 1, 80093, 97871, 0, 231.77
2026/10/09 04:25:47.648, 2, 80452, 97871, 0, 304.64
2026/10/09 04:25:47.648, 3, 80145, 97871, 100, 529.38
2026/10/09 04:25:48.648, 0, 80093, 97871, 0, 138.83
2026/10/09 04:25:48.648, 1, 80093, 97871, 0, 132.32
2026/10/09 04:25:48.648, 2, 80452, 97871, 0, 142.76
2026/10/09 04:25:48.648, 3, 80145, 97871, 100, 524.29
2026/10/09 04:25:49.648, 0, 80093, 97871, 0, 138.38
2026/10/09 04:25:49.648, 1, 80093, 97871, 0, 131.87
2026/10/09 04:25:49.648, 2, 80452, 97871, 0, 141.00
2026/10/09 04:25:49.648, 3, 80145, 97871, 100, 523.92
2026/10/09 04:25:50.648, 0, 80093, 97871, 0, 138.00
2026/10/09 04:25:50.648, 1, 80093, 97871, 0, 131.55
2026/10/09 04:25:50.648, 2, 80452, 97871, 0, 140.90
2026/10/09 04:25:50.648, 3, 80145, 97871, 100, 526.20
2026/10/09 04:25:51.649, 0, 80093, 97871, 0, 137.66
2026/10/09 04:25:51.649, 1, 80093, 97871, 0, 130.79
2026/10/09 04:25:51.649, 2, 80452, 97871, 0, 140.54
2026/10/09 04:25:51.649, 3, 80145, 97871, 100, 526.07
2026/10/09 04:25:52.649, 0, 80093, 97871, 0, 137.67
2026/10/09 04:25:52.649, 1, 80093, 97871, 0, 130.79
2026/10/09 04:25:52.649, 2, 80452, 97871, 0, 140.34
2026/10/09 04:25:52.649, 3, 80145, 97871, 100, 526.71
2026/10/09 04:25:53.649, 0, 80093, 97871, 0, 137.58
2026/10/09 04:25:53.649, 1, 80093, 97871, 0, 130.28
2026/10/09 04:25:53.649, 2, 80452, 97871, 0, 140.21
2026/10/09 04:25:53.649, 3, 80145, 97871, 100, 525.22
2026/10/09 04:25:54.649, 0, 80093, 97871, 0, 137.58
2026/10/09 04:25:54.649, 1, 80093, 97871, 0, 130.11
2026/10/09 04:25:54.649, 2, 80452, 97871, 0, 140.31
2026/10/09 04:25:54.649, 3, 80145, 97871, 100, 525.43
2026/10/09 04:25:55.649, 0, 80093, 97871, 0, 137.43
2026/10/09 04:25:55.649, 1, 80093, 97871, 0, 129.92
2026/10/09 04:25:55.649, 2, 80452, 97871, 0, 140.09
2026/10/09 04:25:55.649, 3, 80145, 97871, 100, 527.48
2026/10/09 04:25:56.649, 0, 80093, 97871, 0, 137.32
2026/10/09 04:25:56.649, 1, 80093, 97871, 0, 129.68
2026/10/09 04:25:56.649, 2, 80452, 97871, 0, 140.02
2026/10/09 04:25:56.650, 3, 80145, 97871, 100, 530.47
2026/10/09 04:25:57.650, 0, 80093, 97871, 0, 137.26
2026/10/09 04:25:57.650, 1, 80093, 97871, 0, 129.66
2026/10/09 04:25:57.650, 2, 80452, 97871, 0, 140.09
2026/10/09 04:25:57.650, 3, 80145, 97871, 100, 528.69
2026/10/09 04:25:58.650, 0, 80093, 97871, 0, 137.36
2026/10/09 04:25:58.650, 1, 80093, 97871, 0, 129.66
2026/10/09 04:25:58.650, 2, 80452, 97871, 0, 139.95
2026/10/09 04:25:58.650, 3, 80145, 97871, 100, 526.83
2026/10/09 04:25:59.650, 0, 80093, 97871, 0, 137.25
2026/10/09 04:25:59.650, 1, 80093, 97871, 0, 129.64
2026/10/09 04:25:59.650, 2, 80452, 97871, 0, 139.89
2026/10/09 04:25:59.650, 3, 80145, 97871, 100, 526.85
2026/10/09 04:26:00.650, 0, 80093, 97871, 0, 137.17
2026/10/09 04:26:00.650, 1, 80093, 97871, 0, 129.62
2026/10/09 04:26:00.650, 2, 80452, 97871, 0, 139.71
2026/10/09 04:26:00.650, 3, 80145, 97871, 100, 526.52
2026/10/09 04:26:01.650, 0, 80093, 97871, 0, 137.23
2026/10/09 04:26:01.650, 1, 80093, 97871, 0, 129.76
2026/10/09 04:26:01.650, 2, 80452, 97871, 0, 139.93
2026/10/09 04:26:01.651, 3, 80145, 97871, 100, 527.12
2026/10/09 04:26:02.651, 0, 80093, 97871, 0, 137.07
2026/10/09 04:26:02.651, 1, 80093, 97871, 0, 129.63
2026/10/09 04:26:02.651, 2, 80452, 97871, 0, 139.87
2026/10/09 04:26:02.651, 3, 80145, 97871, 100, 526.76
2026/10/09 04:26:03.651, 0, 80093, 97871, 0, 137.24
2026/10/09 04:26:03.651, 1, 80093, 97871, 0, 129.68
2026/10/09 04:26:03.651, 2, 80452, 97871, 0, 139.77
2026/10/09 04:26:03.651, 3, 80145, 97871, 100, 526.95
2026/10/09 04:26:04.651, 0, 80093, 97871, 0, 137.15
2026/10/09 04:26:04.651, 1, 80093, 97871, 0, 129.68
2026/10/09 04:26:04.651, 2, 80452, 97871, 0, 139.63
2026/10/09 04:26:04.651, 3, 80145, 97871, 100, 527.97
2026/10/09 04:26:05.651, 0, 80093, 97871, 0, 137.13
2026/10/09 04:26:05.651, 1, 80093, 97871, 0, 129.61
2026/10/09 04:26:05.651, 2, 80452, 97871, 0, 139.66
2026/10/09 04:26:05.651, 3, 80145, 97871, 100, 526.88
2026/10/09 04:26:06.651, 0, 80093, 97871, 0, 137.18
2026/10/09 04:26:06.651, 1, 80093, 97871, 0, 129.61
2026/10/09 04:26:06.651, 2, 80452, 97871, 0, 139.84
2026/10/09 04:26:06.651, 3, 80145, 97871, 100, 529.70
2026/10/09 04:26:07.651, 0, 80093, 97871, 0, 137.14
2026/10/09 04:26:07.651, 1, 80093, 97871, 0, 129.57
2026/10/09 04:26:07.651, 2, 80452, 97871, 0, 139.82
2026/10/09 04:26:07.651, 3, 80145, 97871, 100, 528.58
2026/10/09 04:26:08.652, 0, 80093, 97871, 0, 137.11
2026/10/09 04:26:08.652, 1, 80093, 97871, 0, 129.60
2026/10/09 04:26:08.652, 2, 80452, 97871, 0, 139.80
2026/10/09 04:26:08.652, 3, 80145, 97871, 100, 527.10
2026/10/09 04:26:09.652, 0, 80093, 97871, 0, 137.38
2026/10/09 04:26:09.652, 1, 80093, 97871, 0, 129.62
2026/10/09 04:26:09.652, 2, 80452, 97871, 0, 139.83
2026/10/09 04:26:09.652, 3, 80144, 97871, 100, 527.29
2026/10/09 04:26:10.652, 0, 80093, 97871, 0, 137.25
2026/10/09 04:26:10.652, 1, 80092, 97871, 0, 129.46
2026/10/09 04:26:10.652, 2, 80452, 97871, 0, 139.74
2026/10/09 04:26:10.652, 3, 80144, 97871, 100, 525.91
2026/10/09 04:26:11.652, 0, 80093, 97871, 0, 187.84
2026/10/09 04:26:11.652, 1, 80092, 97871, 0, 129.61
2026/10/09 04:26:11.652, 2, 80452, 97871, 0, 139.77
2026/10/09 04:26:11.652, 3, 80144, 97871, 100, 525.75
2026/10/09 04:26:12.652, 0, 80093, 97871, 0, 138.10
2026/10/09 04:26:12.652, 1, 80092, 97871, 0, 162.50
2026/10/09 04:26:12.652, 2, 80452, 97871, 0, 178.34
2026/10/09 04:26:12.652, 3, 80144, 97871, 100, 524.62
2026/10/09 04:26:13.652, 0, 80093, 97871, 0, 137.88
2026/10/09 04:26:13.652, 1, 80092, 97871, 0, 130.06
2026/10/09 04:26:13.652, 2, 80452, 97871, 0, 141.72
2026/10/09 04:26:13.652, 3, 80144, 97871, 100, 526.91
2026/10/09 04:26:14.653, 0, 80093, 97871, 0, 172.15
2026/10/09 04:26:14.653, 1, 80092, 97871, 0, 129.92
2026/10/09 04:26:14.653, 2, 80452, 97871, 0, 141.56
2026/10/09 04:26:14.653, 3, 80144, 97871, 100, 526.40
2026/10/09 04:26:15.653, 0, 80093, 97871, 0, 137.75
2026/10/09 04:26:15.653, 1, 80092, 97871, 0, 130.08
2026/10/09 04:26:15.653, 2, 80452, 97871, 0, 141.65
2026/10/09 04:26:15.653, 3, 80144, 97871, 100, 531.66
2026/10/09 04:26:16.653, 0, 80093, 97871, 0, 137.78
2026/10/09 04:26:16.653, 1, 80092, 97871, 0, 163.40
2026/10/09 04:26:16.653, 2, 80452, 97871, 0, 188.12
2026/10/09 04:26:16.653, 3, 80144, 97871, 100, 527.21
2026/10/09 04:26:17.653, 0, 80093, 97871, 0, 137.82
2026/10/09 04:26:17.653, 1, 80092, 97871, 0, 130.64
2026/10/09 04:26:17.653, 2, 80452, 97871, 0, 153.48
2026/10/09 04:26:17.653, 3, 80143, 97871, 100, 523.77
2026/10/09 04:26:18.653, 0, 80093, 97871, 0, 137.63
2026/10/09 04:26:18.653, 1, 80092, 97871, 0, 130.68
2026/10/09 04:26:18.653, 2, 80452, 97871, 0, 140.68
2026/10/09 04:26:18.653, 3, 80143, 97871, 100, 524.35
2026/10/09 04:26:19.654, 0, 80093, 97871, 65, 225.40
2026/10/09 04:26:19.654, 1, 80092, 97871, 77, 186.19
2026/10/09 04:26:19.654, 2, 80452, 97871, 0, 171.98
2026/10/09 04:26:19.654, 3, 80143, 97871, 59, 468.72
2026/10/09 04:26:20.654, 0, 80093, 97871, 50, 167.16
2026/10/09 04:26:20.654, 1, 80092, 97871, 14, 179.30
2026/10/09 04:26:20.654, 2, 80452, 97871, 40, 172.94
2026/10/09 04:26:20.654, 3, 80143, 97871, 100, 496.29
2026/10/09 04:26:21.654, 0, 80093, 97871, 16, 170.34
2026/10/09 04:26:21.654, 1, 80092, 97871, 0, 212.19
2026/10/09 04:26:21.654, 2, 80452, 97871, 78, 182.47
2026/10/09 04:26:21.654, 3, 80143, 97871, 100, 526.27
2026/10/09 04:26:22.654, 0, 80093, 97871, 0, 182.02
2026/10/09 04:26:22.654, 1, 80092, 97871, 0, 163.27
2026/10/09 04:26:22.654, 2, 80452, 97871, 0, 174.15
2026/10/09 04:26:22.654, 3, 80143, 97871, 100, 526.65
2026/10/09 04:26:23.655, 0, 80093, 97871, 0, 137.90
2026/10/09 04:26:23.655, 1, 80092, 97871, 0, 130.09
2026/10/09 04:26:23.655, 2, 80452, 97871, 0, 183.42
2026/10/09 04:26:23.655, 3, 80143, 97871, 100, 525.06
2026/10/09 04:26:24.655, 0, 80093, 97871, 0, 138.36
2026/10/09 04:26:24.655, 1, 80092, 97871, 0, 131.00
2026/10/09 04:26:24.655, 2, 80452, 97871, 0, 141.18
2026/10/09 04:26:24.655, 3, 80143, 97871, 100, 416.06
2026/10/09 04:26:25.656, 0, 80093, 97871, 0, 304.99
2026/10/09 04:26:25.656, 1, 80092, 97871, 0, 304.16
2026/10/09 04:26:25.656, 2, 80452, 97871, 0, 261.83
2026/10/09 04:26:25.656, 3, 80143, 97871, 100, 500.42
2026/10/09 04:26:26.656, 0, 80093, 97871, 0, 138.02
2026/10/09 04:26:26.656, 1, 80092, 97871, 0, 130.63
2026/10/09 04:26:26.656, 2, 80452, 97871, 0, 198.14
2026/10/09 04:26:26.656, 3, 80143, 97871, 100, 529.74
2026/10/09 04:26:27.656, 0, 80093, 97871, 0, 167.71
2026/10/09 04:26:27.656, 1, 80092, 97871, 0, 129.71
2026/10/09 04:26:27.656, 2, 80452, 97871, 0, 140.25
2026/10/09 04:26:27.656, 3, 80143, 97871, 100, 527.03
2026/10/09 04:26:28.656, 0, 80093, 97871, 0, 144.77
2026/10/09 04:26:28.656, 1, 80092, 97871, 0, 185.21
2026/10/09 04:26:28.657, 2, 80452, 97871, 0, 183.63
2026/10/09 04:26:28.657, 3, 80143, 97871, 98, 484.23
2026/10/09 04:26:29.657, 0, 80093, 97871, 87, 328.15
2026/10/09 04:26:29.657, 1, 80092, 97871, 29, 263.41
2026/10/09 04:26:29.657, 2, 80452, 97871, 96, 236.18
2026/10/09 04:26:29.657, 3, 80143, 97871, 100, 475.66
2026/10/09 04:26:30.657, 0, 80093, 97871, 51, 401.11
2026/10/09 04:26:30.657, 1, 80092, 97871, 93, 416.94
2026/10/09 04:26:30.657, 2, 80452, 97871, 92, 372.11
2026/10/09 04:26:30.657, 3, 80143, 97871, 100, 410.52
2026/10/09 04:26:31.657, 0, 80093, 97871, 0, 413.77
2026/10/09 04:26:31.657, 1, 80092, 97871, 49, 428.95
2026/10/09 04:26:31.657, 2, 80452, 97871, 100, 447.80
2026/10/09 04:26:31.657, 3, 80143, 97871, 100, 388.21
2026/10/09 04:26:32.658, 0, 80093, 97871, 0, 338.59
2026/10/09 04:26:32.658, 1, 80092, 97871, 43, 338.95
2026/10/09 04:26:32.658, 2, 80452, 97871, 93, 295.13
2026/10/09 04:26:32.658, 3, 80143, 97871, 79, 334.30
2026/10/09 04:26:33.658, 0, 80093, 97871, 37, 317.03
2026/10/09 04:26:33.658, 1, 80092, 97871, 0, 277.80
2026/10/09 04:26:33.658, 2, 80452, 97871, 59, 314.19
2026/10/09 04:26:33.658, 3, 80143, 97871, 67, 337.16
2026/10/09 04:26:34.658, 0, 80093, 97871, 56, 205.71
2026/10/09 04:26:34.658, 1, 80092, 97871, 0, 213.70
2026/10/09 04:26:34.658, 2, 80452, 97871, 0, 212.89
2026/10/09 04:26:34.658, 3, 80143, 97871, 100, 495.84
2026/10/09 04:26:35.659, 0, 80093, 97871, 0, 138.10
2026/10/09 04:26:35.659, 1, 80092, 97871, 0, 175.15
2026/10/09 04:26:35.659, 2, 80452, 97871, 0, 141.93
2026/10/09 04:26:35.659, 3, 80143, 97871, 100, 531.14
2026/10/09 04:26:36.659, 0, 80093, 97871, 0, 190.41
2026/10/09 04:26:36.659, 1, 80092, 97871, 0, 130.33
2026/10/09 04:26:36.659, 2, 80452, 97871, 0, 180.88
2026/10/09 04:26:36.659, 3, 80143, 97871, 100, 531.29
2026/10/09 04:26:37.659, 0, 80093, 97871, 0, 137.56
2026/10/09 04:26:37.659, 1, 80092, 97871, 0, 129.97
2026/10/09 04:26:37.659, 2, 80452, 97871, 0, 142.85
2026/10/09 04:26:37.659, 3, 80143, 97871, 100, 529.00
2026/10/09 04:26:38.659, 0, 80093, 97871, 0, 137.51
2026/10/09 04:26:38.659, 1, 80092, 97871, 0, 129.90
2026/10/09 04:26:38.659, 2, 80452, 97871, 0, 142.62
2026/10/09 04:26:38.659, 3, 80143, 97871, 100, 527.40
2026/10/09 04:26:39.659, 0, 80093, 97871, 0, 137.37
2026/10/09 04:26:39.660, 1, 80092, 97871, 0, 143.08
2026/10/09 04:26:39.660, 2, 80452, 97871, 0, 142.52
2026/10/09 04:26:39.660, 3, 80143, 97871, 100, 526.73
2026/10/09 04:26:40.660, 0, 80093, 97871, 0, 189.14
2026/10/09 04:26:40.660, 1, 80092, 97871, 0, 160.59
2026/10/09 04:26:40.660, 2, 80452, 97871, 0, 185.22
2026/10/09 04:26:40.660, 3, 80143, 97871, 100, 529.82
2026/10/09 04:26:41.660, 0, 80093, 97871, 0, 137.91
2026/10/09 04:26:41.660, 1, 80092, 97871, 60, 161.53
2026/10/09 04:26:41.660, 2, 80452, 97871, 0, 141.37
2026/10/09 04:26:41.660, 3, 80143, 97871, 100, 524.08
2026/10/09 04:26:42.660, 0, 80093, 97871, 0, 138.23
2026/10/09 04:26:42.660, 1, 80092, 97871, 0, 130.00
2026/10/09 04:26:42.660, 2, 80452, 97871, 0, 168.32
2026/10/09 04:26:42.660, 3, 80143, 97871, 100, 522.11
2026/10/09 04:26:43.660, 0, 80093, 97871, 31, 199.55
2026/10/09 04:26:43.661, 1, 80092, 97871, 0, 131.05
2026/10/09 04:26:43.661, 2, 80452, 97871, 0, 142.57
2026/10/09 04:26:43.661, 3, 80143, 97871, 100, 385.93
2026/10/09 04:26:44.661, 0, 80093, 97871, 20, 293.68
2026/10/09 04:26:44.661, 1, 80092, 97871, 52, 333.45
2026/10/09 04:26:44.661, 2, 80452, 97871, 0, 276.81
2026/10/09 04:26:44.661, 3, 80143, 97871, 75, 326.57
2026/10/09 04:26:45.664, 0, 80093, 97871, 0, 239.43
2026/10/09 04:26:45.664, 1, 80092, 97871, 0, 217.25
2026/10/09 04:26:45.664, 2, 80452, 97871, 0, 233.27
2026/10/09 04:26:45.664, 3, 80143, 97871, 100, 494.99
2026/10/09 04:26:46.664, 0, 80093, 97871, 0, 138.27
2026/10/09 04:26:46.664, 1, 80092, 97871, 0, 130.94
2026/10/09 04:26:46.664, 2, 80452, 97871, 0, 140.59
2026/10/09 04:26:46.664, 3, 80143, 97871, 100, 526.18
2026/10/09 04:26:47.664, 0, 80093, 97871, 0, 137.81
2026/10/09 04:26:47.664, 1, 80092, 97871, 0, 130.45
2026/10/09 04:26:47.664, 2, 80452, 97871, 0, 140.35
2026/10/09 04:26:47.664, 3, 80143, 97871, 100, 523.77
2026/10/09 04:26:48.664, 0, 80093, 97871, 0, 137.71
2026/10/09 04:26:48.664, 1, 80092, 97871, 0, 130.25
2026/10/09 04:26:48.664, 2, 80452, 97871, 0, 172.09
2026/10/09 04:26:48.665, 3, 80143, 97871, 100, 523.63
2026/10/09 04:26:49.665, 0, 80093, 97871, 0, 145.22
2026/10/09 04:26:49.665, 1, 80092, 97871, 0, 130.10
2026/10/09 04:26:49.665, 2, 80452, 97871, 0, 141.34
2026/10/09 04:26:49.665, 3, 80143, 97871, 100, 525.99
2026/10/09 04:26:50.665, 0, 80093, 97871, 0, 191.17
2026/10/09 04:26:50.665, 1, 80092, 97871, 0, 177.95
2026/10/09 04:26:50.665, 2, 80452, 97871, 0, 185.73
2026/10/09 04:26:50.665, 3, 80143, 97871, 100, 523.58
2026/10/09 04:26:51.665, 0, 80093, 97871, 0, 137.61
2026/10/09 04:26:51.665, 1, 80092, 97871, 0, 129.89
2026/10/09 04:26:51.665, 2, 80452, 97871, 0, 140.19
2026/10/09 04:26:51.665, 3, 80143, 97871, 100, 526.44
2026/10/09 04:26:52.665, 0, 80093, 97871, 0, 137.50
2026/10/09 04:26:52.665, 1, 80092, 97871, 0, 129.74
2026/10/09 04:26:52.665, 2, 80452, 97871, 0, 140.14
2026/10/09 04:26:52.665, 3, 80143, 97871, 100, 521.56
2026/10/09 04:26:53.666, 0, 80093, 97871, 0, 137.47
2026/10/09 04:26:53.666, 1, 80092, 97871, 0, 129.45
2026/10/09 04:26:53.666, 2, 80452, 97871, 0, 140.10
2026/10/09 04:26:53.666, 3, 80143, 97871, 100, 525.71
2026/10/09 04:26:54.666, 0, 80093, 97871, 0, 173.16
2026/10/09 04:26:54.669, 1, 80092, 97871, 0, 130.44
2026/10/09 04:26:54.669, 2, 80452, 97871, 0, 140.26
2026/10/09 04:26:54.670, 3, 80143, 97871, 62, 460.91
2026/10/09 04:26:55.670, 0, 80093, 97871, 35, 227.86
2026/10/09 04:26:55.670, 1, 80092, 97871, 51, 231.28
2026/10/09 04:26:55.670, 2, 80452, 97871, 0, 233.61
2026/10/09 04:26:55.670, 3, 80143, 97871, 100, 461.53
2026/10/09 04:26:56.670, 0, 80093, 97871, 0, 240.48
2026/10/09 04:26:56.670, 1, 80092, 97871, 0, 204.45
2026/10/09 04:26:56.670, 2, 80452, 97871, 0, 246.01
2026/10/09 04:26:56.670, 3, 80143, 97871, 100, 508.28
2026/10/09 04:26:57.671, 0, 80093, 97871, 0, 138.12
2026/10/09 04:26:57.671, 1, 80092, 97871, 0, 129.85
2026/10/09 04:26:57.671, 2, 80452, 97871, 0, 141.97
2026/10/09 04:26:57.671, 3, 80143, 97871, 100, 529.88
2026/10/09 04:26:58.671, 0, 80093, 97871, 0, 137.76
2026/10/09 04:26:58.671, 1, 80092, 97871, 0, 129.53
2026/10/09 04:26:58.671, 2, 80452, 97871, 0, 141.71
2026/10/09 04:26:58.671, 3, 80143, 97871, 100, 528.85
2026/10/09 04:26:59.671, 0, 80093, 97871, 0, 173.56
2026/10/09 04:26:59.671, 1, 80092, 97871, 0, 129.51
2026/10/09 04:26:59.671, 2, 80452, 97871, 0, 141.41
2026/10/09 04:26:59.671, 3, 80143, 97871, 100, 527.22
2026/10/09 04:27:00.671, 0, 80093, 97871, 0, 137.59
2026/10/09 04:27:00.671, 1, 80092, 97871, 0, 166.43
2026/10/09 04:27:00.671, 2, 80452, 97871, 0, 175.61
2026/10/09 04:27:00.671, 3, 80143, 97871, 100, 527.68
2026/10/09 04:27:01.671, 0, 80093, 97871, 0, 168.99
2026/10/09 04:27:01.672, 1, 80092, 97871, 0, 166.54
2026/10/09 04:27:01.672, 2, 80452, 97871, 0, 141.49
2026/10/09 04:27:01.672, 3, 80143, 97871, 100, 525.90
2026/10/09 04:27:02.672, 0, 80093, 97871, 0, 167.63
2026/10/09 04:27:02.672, 1, 80092, 97871, 0, 132.52
2026/10/09 04:27:02.672, 2, 80452, 97871, 0, 182.84
2026/10/09 04:27:02.672, 3, 80143, 97871, 100, 427.80
2026/10/09 04:27:03.672, 0, 80093, 97871, 0, 295.98
2026/10/09 04:27:03.672, 1, 80092, 97871, 14, 301.50
2026/10/09 04:27:03.672, 2, 80452, 97871, 68, 319.94
2026/10/09 04:27:03.672, 3, 80143, 97871, 63, 337.76
2026/10/09 04:27:04.672, 0, 80093, 97871, 57, 337.51
2026/10/09 04:27:04.674, 1, 80092, 97871, 66, 335.67
2026/10/09 04:27:04.674, 2, 80452, 97871, 62, 334.48
2026/10/09 04:27:04.675, 3, 80143, 97871, 74, 345.73
2026/10/09 04:27:05.675, 0, 80093, 97871, 0, 216.06
2026/10/09 04:27:05.675, 1, 80092, 97871, 44, 222.45
2026/10/09 04:27:05.675, 2, 80452, 97871, 0, 252.63
2026/10/09 04:27:05.675, 3, 80143, 97871, 100, 503.84
2026/10/09 04:27:06.675, 0, 80093, 97871, 0, 172.45
2026/10/09 04:27:06.675, 1, 80092, 97871, 0, 161.58
2026/10/09 04:27:06.675, 2, 80452, 97871, 0, 141.64
2026/10/09 04:27:06.675, 3, 80143, 97871, 100, 531.40
2026/10/09 04:27:07.675, 0, 80093, 97871, 0, 137.85
2026/10/09 04:27:07.676, 1, 80092, 97871, 0, 130.92
2026/10/09 04:27:07.676, 2, 80452, 97871, 0, 181.09
2026/10/09 04:27:07.676, 3, 80143, 97871, 100, 526.81
2026/10/09 04:27:08.676, 0, 80093, 97871, 0, 176.68
2026/10/09 04:27:08.676, 1, 80092, 97871, 0, 165.88
2026/10/09 04:27:08.676, 2, 80452, 97871, 0, 142.38
2026/10/09 04:27:08.676, 3, 80143, 97871, 100, 525.07
2026/10/09 04:27:09.676, 0, 80093, 97871, 0, 208.35
2026/10/09 04:27:09.676, 1, 80092, 97871, 0, 195.26
2026/10/09 04:27:09.676, 2, 80452, 97871, 0, 196.03
2026/10/09 04:27:09.676, 3, 80143, 97871, 100, 525.07
2026/10/09 04:27:10.676, 0, 80093, 97871, 0, 139.80
2026/10/09 04:27:10.676, 1, 80092, 97871, 0, 132.31
2026/10/09 04:27:10.676, 2, 80452, 97871, 0, 141.38
2026/10/09 04:27:10.676, 3, 80143, 97871, 60, 333.01
2026/10/09 04:27:11.677, 0, 80093, 97871, 19, 185.54
2026/10/09 04:27:11.677, 1, 80092, 97871, 0, 183.07
2026/10/09 04:27:11.677, 2, 80452, 97871, 53, 194.85
2026/10/09 04:27:11.677, 3, 80143, 97871, 94, 368.09
2026/10/09 04:27:12.677, 0, 80093, 97871, 100, 316.28
2026/10/09 04:27:12.677, 1, 80092, 97871, 64, 280.57
2026/10/09 04:27:12.677, 2, 80452, 97871, 3, 314.85
2026/10/09 04:27:12.677, 3, 80143, 97871, 59, 291.08
2026/10/09 04:27:13.677, 0, 80093, 97871, 0, 195.88
2026/10/09 04:27:13.677, 1, 80092, 97871, 0, 208.14
2026/10/09 04:27:13.677, 2, 80452, 97871, 0, 170.21
2026/10/09 04:27:13.677, 3, 80143, 97871, 100, 481.75
2026/10/09 04:27:14.677, 0, 80093, 97871, 0, 138.00
2026/10/09 04:27:14.682, 1, 80092, 97871, 0, 131.48
2026/10/09 04:27:14.682, 2, 80452, 97871, 0, 141.96
2026/10/09 04:27:14.682, 3, 80143, 97871, 100, 527.83
2026/10/09 04:27:15.683, 0, 80093, 97871, 0, 137.84
2026/10/09 04:27:15.683, 1, 80092, 97871, 0, 131.01
2026/10/09 04:27:15.683, 2, 80452, 97871, 0, 141.81
2026/10/09 04:27:15.683, 3, 80143, 97871, 100, 527.42
2026/10/09 04:27:16.683, 0, 80093, 97871, 0, 174.19
2026/10/09 04:27:16.683, 1, 80092, 97871, 0, 130.51
2026/10/09 04:27:16.683, 2, 80452, 97871, 0, 172.98
2026/10/09 04:27:16.683, 3, 80143, 97871, 100, 526.88
2026/10/09 04:27:17.683, 0, 80093, 97871, 0, 169.35
2026/10/09 04:27:17.683, 1, 80092, 97871, 0, 168.49
2026/10/09 04:27:17.683, 2, 80452, 97871, 66, 193.22
2026/10/09 04:27:17.683, 3, 80143, 97871, 100, 526.50
2026/10/09 04:27:18.683, 0, 80093, 97871, 0, 138.91
2026/10/09 04:27:18.683, 1, 80092, 97871, 0, 181.85
2026/10/09 04:27:18.683, 2, 80452, 97871, 0, 190.26
2026/10/09 04:27:18.683, 3, 80143, 97871, 100, 431.96
2026/10/09 04:27:19.684, 0, 80093, 97871, 80, 218.91
2026/10/09 04:27:19.684, 1, 80092, 97871, 0, 164.08
2026/10/09 04:27:19.684, 2, 80452, 97871, 0, 191.17
2026/10/09 04:27:19.684, 3, 80143, 97871, 100, 509.82
2026/10/09 04:27:20.684, 0, 80093, 97871, 6, 174.90
2026/10/09 04:27:20.684, 1, 80092, 97871, 0, 162.03
2026/10/09 04:27:20.684, 2, 80452, 97871, 0, 183.78
2026/10/09 04:27:20.684, 3, 80143, 97871, 100, 524.98
2026/10/09 04:27:21.684, 0, 80093, 97871, 0, 137.88
2026/10/09 04:27:21.684, 1, 80092, 97871, 0, 130.05
2026/10/09 04:27:21.684, 2, 80452, 97871, 0, 141.91
2026/10/09 04:27:21.684, 3, 80143, 97871, 100, 526.36
2026/10/09 04:27:22.684, 0, 80093, 97871, 0, 137.50
2026/10/09 04:27:22.684, 1, 80092, 97871, 0, 173.71
2026/10/09 04:27:22.684, 2, 80452, 97871, 0, 176.67
2026/10/09 04:27:22.684, 3, 80143, 97871, 100, 526.26
2026/10/09 04:27:23.685, 0, 80093, 97871, 0, 139.18
2026/10/09 04:27:23.685, 1, 80092, 97871, 0, 132.26
2026/10/09 04:27:23.685, 2, 80452, 97871, 0, 143.05
2026/10/09 04:27:23.685, 3, 80143, 97871, 62, 411.97
2026/10/09 04:27:24.685, 0, 80093, 97871, 0, 212.48
2026/10/09 04:27:24.687, 1, 80092, 97871, 0, 204.11
2026/10/09 04:27:24.687, 2, 80452, 97871, 96, 221.14
2026/10/09 04:27:24.687, 3, 80143, 97871, 100, 529.13
2026/10/09 04:27:25.687, 0, 80093, 97871, 0, 137.86
2026/10/09 04:27:25.687, 1, 80092, 97871, 0, 130.34
2026/10/09 04:27:25.687, 2, 80452, 97871, 0, 141.76
2026/10/09 04:27:25.687, 3, 80143, 97871, 100, 526.85
2026/10/09 04:27:26.688, 0, 80093, 97871, 0, 192.84
2026/10/09 04:27:26.688, 1, 80092, 97871, 0, 129.80
2026/10/09 04:27:26.688, 2, 80452, 97871, 0, 141.61
2026/10/09 04:27:26.688, 3, 80143, 97871, 100, 524.49
2026/10/09 04:27:27.688, 0, 80093, 97871, 0, 138.06
2026/10/09 04:27:27.688, 1, 80092, 97871, 0, 179.17
2026/10/09 04:27:27.688, 2, 80452, 97871, 0, 191.69
2026/10/09 04:27:27.688, 3, 80143, 97871, 100, 527.09
2026/10/09 04:27:28.688, 0, 80093, 97871, 0, 167.98
2026/10/09 04:27:28.688, 1, 80092, 97871, 0, 175.96
2026/10/09 04:27:28.688, 2, 80452, 97871, 0, 141.62
2026/10/09 04:27:28.688, 3, 80143, 97871, 100, 517.95
2026/10/09 04:27:29.688, 0, 80093, 97871, 16, 194.07
2026/10/09 04:27:29.688, 1, 80092, 97871, 45, 166.77
2026/10/09 04:27:29.688, 2, 80452, 97871, 54, 222.85
2026/10/09 04:27:29.688, 3, 80143, 97871, 94, 396.41
2026/10/09 04:27:30.688, 0, 80093, 97871, 0, 249.82
2026/10/09 04:27:30.688, 1, 80092, 97871, 0, 270.05
2026/10/09 04:27:30.689, 2, 80452, 97871, 0, 283.97
2026/10/09 04:27:30.689, 3, 80143, 97871, 100, 483.96
2026/10/09 04:27:31.689, 0, 80093, 97871, 1, 173.01
2026/10/09 04:27:31.689, 1, 80092, 97871, 0, 130.32
2026/10/09 04:27:31.689, 2, 80452, 97871, 0, 142.27
2026/10/09 04:27:31.689, 3, 80143, 97871, 100, 529.41
2026/10/09 04:27:32.689, 0, 80093, 97871, 0, 138.44
2026/10/09 04:27:32.689, 1, 80092, 97871, 0, 129.84
2026/10/09 04:27:32.689, 2, 80452, 97871, 0, 141.61
2026/10/09 04:27:32.689, 3, 80143, 97871, 100, 529.58
2026/10/09 04:27:33.689, 0, 80093, 97871, 0, 137.75
2026/10/09 04:27:33.689, 1, 80092, 97871, 0, 129.98
2026/10/09 04:27:33.689, 2, 80452, 97871, 0, 141.48
2026/10/09 04:27:33.689, 3, 80143, 97871, 100, 529.10
2026/10/09 04:27:34.689, 0, 80093, 97871, 0, 137.74
2026/10/09 04:27:34.692, 1, 80092, 97871, 0, 182.52
2026/10/09 04:27:34.692, 2, 80452, 97871, 0, 141.34
2026/10/09 04:27:34.692, 3, 80143, 97871, 100, 530.27
2026/10/09 04:27:35.693, 0, 80093, 97871, 0, 137.68
2026/10/09 04:27:35.693, 1, 80092, 97871, 0, 130.02
2026/10/09 04:27:35.693, 2, 80452, 97871, 0, 193.35
2026/10/09 04:27:35.693, 3, 80143, 97871, 100, 527.32
2026/10/09 04:27:36.693, 0, 80093, 97871, 0, 137.54
2026/10/09 04:27:36.693, 1, 80092, 97871, 0, 129.73
2026/10/09 04:27:36.693, 2, 80452, 97871, 0, 141.46
2026/10/09 04:27:36.693, 3, 80143, 97871, 100, 524.86
2026/10/09 04:27:37.693, 0, 80093, 97871, 82, 180.48
2026/10/09 04:27:37.693, 1, 80092, 97871, 0, 129.66
2026/10/09 04:27:37.693, 2, 80452, 97871, 0, 141.56
2026/10/09 04:27:37.693, 3, 80143, 97871, 100, 528.59
2026/10/09 04:27:38.693, 0, 80093, 97871, 0, 137.28
2026/10/09 04:27:38.693, 1, 80092, 97871, 50, 163.85
2026/10/09 04:27:38.693, 2, 80452, 97871, 0, 141.44
2026/10/09 04:27:38.693, 3, 80143, 97871, 100, 526.00
2026/10/09 04:27:39.693, 0, 80093, 97871, 0, 137.49
2026/10/09 04:27:39.694, 1, 80092, 97871, 0, 130.25
2026/10/09 04:27:39.694, 2, 80452, 97871, 0, 194.13
2026/10/09 04:27:39.694, 3, 80143, 97871, 100, 526.03
2026/10/09 04:27:40.694, 0, 80093, 97871, 0, 165.21
2026/10/09 04:27:40.694, 1, 80092, 97871, 0, 130.17
2026/10/09 04:27:40.694, 2, 80452, 97871, 0, 141.74
2026/10/09 04:27:40.694, 3, 80143, 97871, 100, 529.12
2026/10/09 04:27:41.694, 0, 80093, 97871, 0, 137.39
2026/10/09 04:27:41.694, 1, 80092, 97871, 0, 168.16
2026/10/09 04:27:41.694, 2, 80452, 97871, 0, 185.43
2026/10/09 04:27:41.694, 3, 80143, 97871, 100, 529.02
2026/10/09 04:27:42.694, 0, 80093, 97871, 0, 172.35
2026/10/09 04:27:42.694, 1, 80092, 97871, 0, 163.04
2026/10/09 04:27:42.694, 2, 80452, 97871, 0, 173.92
2026/10/09 04:27:42.694, 3, 80143, 97871, 100, 525.96
2026/10/09 04:27:43.694, 0, 80093, 97871, 61, 172.77
2026/10/09 04:27:43.695, 1, 80092, 97871, 0, 143.94
2026/10/09 04:27:43.695, 2, 80452, 97871, 0, 164.03
2026/10/09 04:27:43.695, 3, 80143, 97871, 84, 298.86
2026/10/09 04:27:44.695, 0, 80093, 97871, 0, 198.38
2026/10/09 04:27:44.701, 1, 80092, 97871, 0, 202.74
2026/10/09 04:27:44.701, 2, 80452, 97871, 0, 203.67
2026/10/09 04:27:44.701, 3, 80143, 97871, 100, 481.05
2026/10/09 04:27:45.701, 0, 80093, 97871, 0, 137.68
2026/10/09 04:27:45.702, 1, 80092, 97871, 0, 170.50
2026/10/09 04:27:45.702, 2, 80452, 97871, 0, 141.67
2026/10/09 04:27:45.702, 3, 80143, 97871, 100, 529.17
2026/10/09 04:27:46.702, 0, 80093, 97871, 0, 137.51
2026/10/09 04:27:46.702, 1, 80092, 97871, 0, 129.81
2026/10/09 04:27:46.702, 2, 80452, 97871, 0, 169.82
2026/10/09 04:27:46.702, 3, 80143, 97871, 100, 529.10
2026/10/09 04:27:47.702, 0, 80093, 97871, 0, 137.38
2026/10/09 04:27:47.702, 1, 80092, 97871, 0, 129.59
2026/10/09 04:27:47.702, 2, 80452, 97871, 0, 141.75
2026/10/09 04:27:47.702, 3, 80143, 97871, 100, 522.42
2026/10/09 04:27:48.702, 0, 80093, 97871, 0, 168.63
2026/10/09 04:27:48.702, 1, 80092, 97871, 0, 129.45
2026/10/09 04:27:48.702, 2, 80452, 97871, 0, 141.78
2026/10/09 04:27:48.702, 3, 80143, 97871, 100, 523.73
2026/10/09 04:27:49.702, 0, 80093, 97871, 0, 137.87
2026/10/09 04:27:49.702, 1, 80092, 97871, 0, 168.66
2026/10/09 04:27:49.702, 2, 80452, 97871, 0, 185.16
2026/10/09 04:27:49.703, 3, 80143, 97871, 100, 524.87
2026/10/09 04:27:50.703, 0, 80093, 97871, 0, 172.07
2026/10/09 04:27:50.703, 1, 80092, 97871, 0, 130.90
2026/10/09 04:27:50.703, 2, 80452, 97871, 0, 141.99
2026/10/09 04:27:50.703, 3, 80143, 97871, 100, 524.92
2026/10/09 04:27:51.703, 0, 80093, 97871, 0, 137.96
2026/10/09 04:27:51.703, 1, 80092, 97871, 0, 169.10
2026/10/09 04:27:51.703, 2, 80452, 97871, 0, 141.54
2026/10/09 04:27:51.703, 3, 80143, 97871, 100, 520.96
2026/10/09 04:27:52.703, 0, 80093, 97871, 0, 137.78
2026/10/09 04:27:52.703, 1, 80092, 97871, 0, 130.71
2026/10/09 04:27:52.703, 2, 80452, 97871, 0, 173.71
2026/10/09 04:27:52.703, 3, 80143, 97871, 100, 521.68
2026/10/09 04:27:53.703, 0, 80093, 97871, 0, 137.68
2026/10/09 04:27:53.703, 1, 80092, 97871, 0, 130.66
2026/10/09 04:27:53.703, 2, 80452, 97871, 0, 141.70
2026/10/09 04:27:53.703, 3, 80143, 97871, 100, 521.49
2026/10/09 04:27:54.704, 0, 80093, 97871, 0, 166.24
2026/10/09 04:27:54.706, 1, 80092, 97871, 0, 130.64
2026/10/09 04:27:54.706, 2, 80452, 97871, 0, 141.65
2026/10/09 04:27:54.706, 3, 80143, 97871, 100, 520.32
2026/10/09 04:27:55.707, 0, 80093, 97871, 0, 137.88
2026/10/09 04:27:55.707, 1, 80092, 97871, 0, 168.99
2026/10/09 04:27:55.707, 2, 80452, 97871, 0, 141.61
2026/10/09 04:27:55.707, 3, 80143, 97871, 100, 523.31
2026/10/09 04:27:56.707, 0, 80093, 97871, 0, 137.99
2026/10/09 04:27:56.707, 1, 80092, 97871, 0, 131.33
2026/10/09 04:27:56.707, 2, 80452, 97871, 0, 174.80
2026/10/09 04:27:56.707, 3, 80143, 97871, 100, 522.11
2026/10/09 04:27:57.707, 0, 80093, 97871, 54, 209.22
2026/10/09 04:27:57.707, 1, 80092, 97871, 29, 201.91
2026/10/09 04:27:57.707, 2, 80452, 97871, 67, 182.05
2026/10/09 04:27:57.707, 3, 80143, 97871, 69, 328.62
2026/10/09 04:27:58.707, 0, 80093, 97871, 0, 282.22
2026/10/09 04:27:58.707, 1, 80092, 97871, 0, 236.84
2026/10/09 04:27:58.707, 2, 80452, 97871, 15, 281.47
2026/10/09 04:27:58.708, 3, 80143, 97871, 100, 445.45
2026/10/09 04:27:59.708, 0, 80093, 97871, 0, 138.12
2026/10/09 04:27:59.708, 1, 80092, 97871, 0, 130.67
2026/10/09 04:27:59.708, 2, 80452, 97871, 0, 141.97
2026/10/09 04:27:59.708, 3, 80143, 97871, 100, 527.05
2026/10/09 04:28:00.708, 0, 80093, 97871, 51, 177.80
2026/10/09 04:28:00.708, 1, 80092, 97871, 0, 197.08
2026/10/09 04:28:00.708, 2, 80452, 97871, 0, 208.40
2026/10/09 04:28:00.708, 3, 80143, 97871, 85, 482.78
2026/10/09 04:28:01.708, 0, 80093, 97871, 51, 319.05
2026/10/09 04:28:01.708, 1, 80092, 97871, 0, 331.25
2026/10/09 04:28:01.708, 2, 80452, 97871, 0, 341.71
2026/10/09 04:28:01.708, 3, 80143, 97871, 100, 433.09
2026/10/09 04:28:02.709, 0, 80093, 97871, 33, 395.12
2026/10/09 04:28:02.709, 1, 80092, 97871, 0, 353.24
2026/10/09 04:28:02.709, 2, 80452, 97871, 96, 383.48
2026/10/09 04:28:02.709, 3, 80143, 97871, 100, 432.21
2026/10/09 04:28:03.709, 0, 80093, 97871, 4, 332.85
2026/10/09 04:28:03.709, 1, 80092, 97871, 0, 348.40
2026/10/09 04:28:03.709, 2, 80452, 97871, 27, 337.94
2026/10/09 04:28:03.709, 3, 80143, 97871, 100, 444.26
2026/10/09 04:28:04.709, 0, 80093, 97871, 0, 138.62
2026/10/09 04:28:04.711, 1, 80092, 97871, 0, 168.53
2026/10/09 04:28:04.711, 2, 80452, 97871, 0, 142.86
2026/10/09 04:28:04.711, 3, 80143, 97871, 100, 533.99
2026/10/09 04:28:05.712, 0, 80093, 97871, 0, 137.83
2026/10/09 04:28:05.712, 1, 80092, 97871, 0, 131.31
2026/10/09 04:28:05.712, 2, 80452, 97871, 0, 142.12
2026/10/09 04:28:05.712, 3, 80143, 97871, 100, 529.53
2026/10/09 04:28:06.712, 0, 80093, 97871, 0, 156.04
2026/10/09 04:28:06.712, 1, 80092, 97871, 0, 132.66
2026/10/09 04:28:06.712, 2, 80452, 97871, 0, 183.09
2026/10/09 04:28:06.712, 3, 80143, 97871, 100, 505.34
2026/10/09 04:28:07.712, 0, 80093, 97871, 0, 333.88
2026/10/09 04:28:07.712, 1, 80092, 97871, 0, 361.95
2026/10/09 04:28:07.712, 2, 80452, 97871, 8, 352.77
2026/10/09 04:28:07.712, 3, 80143, 97871, 100, 472.29
2026/10/09 04:28:08.712, 0, 80093, 97871, 0, 137.94
2026/10/09 04:28:08.713, 1, 80092, 97871, 0, 131.61
2026/10/09 04:28:08.713, 2, 80452, 97871, 0, 142.38
2026/10/09 04:28:08.713, 3, 80143, 97871, 100, 530.04
2026/10/09 04:28:09.713, 0, 80093, 97871, 0, 137.59
2026/10/09 04:28:09.713, 1, 80092, 97871, 0, 130.85
2026/10/09 04:28:09.713, 2, 80452, 97871, 0, 141.79
2026/10/09 04:28:09.713, 3, 80143, 97871, 100, 527.48
2026/10/09 04:28:10.713, 0, 80093, 97871, 0, 137.58
2026/10/09 04:28:10.713, 1, 80092, 97871, 0, 130.84
2026/10/09 04:28:10.713, 2, 80452, 97871, 0, 141.65
2026/10/09 04:28:10.713, 3, 80143, 97871, 100, 530.28
2026/10/09 04:28:11.713, 0, 80093, 97871, 0, 137.48
2026/10/09 04:28:11.713, 1, 80092, 97871, 0, 130.57
2026/10/09 04:28:11.713, 2, 80452, 97871, 0, 141.55
2026/10/09 04:28:11.713, 3, 80143, 97871, 100, 530.27
2026/10/09 04:28:12.713, 0, 80093, 97871, 0, 195.61
2026/10/09 04:28:12.713, 1, 80092, 97871, 0, 170.84
2026/10/09 04:28:12.714, 2, 80452, 97871, 0, 141.74
2026/10/09 04:28:12.714, 3, 80143, 97871, 100, 523.24
2026/10/09 04:28:13.714, 0, 80093, 97871, 0, 287.55
2026/10/09 04:28:13.714, 1, 80092, 97871, 64, 246.65
2026/10/09 04:28:13.714, 2, 80452, 97871, 30, 282.49
2026/10/09 04:28:13.714, 3, 80143, 97871, 100, 503.35
2026/10/09 04:28:14.714, 0, 80093, 97871, 55, 458.70
2026/10/09 04:28:14.721, 1, 80092, 97871, 0, 412.12
2026/10/09 04:28:14.721, 2, 80452, 97871, 36, 406.11
2026/10/09 04:28:14.721, 3, 80143, 97871, 100, 422.72
2026/10/09 04:28:15.721, 0, 80093, 97871, 0, 138.62
2026/10/09 04:28:15.722, 1, 80092, 97871, 0, 131.97
2026/10/09 04:28:15.722, 2, 80452, 97871, 0, 142.57
2026/10/09 04:28:15.722, 3, 80143, 97871, 100, 532.62
2026/10/09 04:28:16.722, 0, 80093, 97871, 0, 137.75
2026/10/09 04:28:16.722, 1, 80092, 97871, 0, 131.11
2026/10/09 04:28:16.722, 2, 80452, 97871, 0, 142.05
2026/10/09 04:28:16.722, 3, 80143, 97871, 100, 527.85
2026/10/09 04:28:17.722, 0, 80093, 97871, 56, 201.07
2026/10/09 04:28:17.722, 1, 80092, 97871, 0, 170.86
2026/10/09 04:28:17.722, 2, 80452, 97871, 0, 175.14
2026/10/09 04:28:17.722, 3, 80143, 97871, 100, 525.65
2026/10/09 04:28:18.722, 0, 80093, 97871, 56, 232.30
2026/10/09 04:28:18.722, 1, 80092, 97871, 0, 229.77
2026/10/09 04:28:18.722, 2, 80452, 97871, 100, 247.38
2026/10/09 04:28:18.722, 3, 80143, 97871, 66, 381.87
2026/10/09 04:28:19.723, 0, 80093, 97871, 0, 167.65
2026/10/09 04:28:19.723, 1, 80092, 97871, 0, 163.94
2026/10/09 04:28:19.723, 2, 80452, 97871, 0, 181.65
2026/10/09 04:28:19.723, 3, 80143, 97871, 100, 535.86
2026/10/09 04:28:20.723, 0, 80093, 97871, 0, 137.65
2026/10/09 04:28:20.723, 1, 80092, 97871, 0, 169.52
2026/10/09 04:28:20.723, 2, 80452, 97871, 0, 141.98
2026/10/09 04:28:20.723, 3, 80143, 97871, 100, 523.20
2026/10/09 04:28:21.723, 0, 80093, 97871, 0, 138.06
2026/10/09 04:28:21.723, 1, 80092, 97871, 0, 132.04
2026/10/09 04:28:21.723, 2, 80452, 97871, 0, 174.74
2026/10/09 04:28:21.723, 3, 80143, 97871, 100, 518.38
2026/10/09 04:28:22.723, 0, 80093, 97871, 43, 332.94
2026/10/09 04:28:22.723, 1, 80092, 97871, 51, 306.05
2026/10/09 04:28:22.723, 2, 80452, 97871, 46, 276.93
2026/10/09 04:28:22.724, 3, 80143, 97871, 91, 354.07
2026/10/09 04:28:23.724, 0, 80093, 97871, 55, 266.92
2026/10/09 04:28:23.724, 1, 80092, 97871, 12, 270.31
2026/10/09 04:28:23.724, 2, 80452, 97871, 6, 311.77
2026/10/09 04:28:23.724, 3, 80143, 97871, 100, 362.56
2026/10/09 04:28:24.724, 0, 80093, 97871, 0, 161.50
2026/10/09 04:28:24.726, 1, 80092, 97871, 13, 142.59
2026/10/09 04:28:24.726, 2, 80452, 97871, 0, 141.83
2026/10/09 04:28:24.727, 3, 80143, 97871, 96, 504.51
2026/10/09 04:28:25.727, 0, 80093, 97871, 22, 334.11
2026/10/09 04:28:25.727, 1, 80092, 97871, 19, 301.41
2026/10/09 04:28:25.727, 2, 80452, 97871, 18, 323.20
2026/10/09 04:28:25.727, 3, 80143, 97871, 87, 301.69
2026/10/09 04:28:26.727, 0, 80093, 97871, 0, 156.00
2026/10/09 04:28:26.727, 1, 80092, 97871, 0, 160.10
2026/10/09 04:28:26.727, 2, 80452, 97871, 0, 191.41
2026/10/09 04:28:26.727, 3, 80143, 97871, 100, 536.09
2026/10/09 04:28:27.727, 0, 80093, 97871, 0, 189.08
2026/10/09 04:28:27.727, 1, 80092, 97871, 0, 130.18
2026/10/09 04:28:27.727, 2, 80452, 97871, 0, 142.32
2026/10/09 04:28:27.728, 3, 80143, 97871, 100, 526.53
2026/10/09 04:28:28.728, 0, 80093, 97871, 50, 172.85
2026/10/09 04:28:28.728, 1, 80092, 97871, 30, 163.21
2026/10/09 04:28:28.728, 2, 80452, 97871, 1, 184.46
2026/10/09 04:28:28.728, 3, 80143, 97871, 100, 525.13
2026/10/09 04:28:29.728, 0, 80093, 97871, 0, 137.84
2026/10/09 04:28:29.728, 1, 80092, 97871, 0, 179.17
2026/10/09 04:28:29.728, 2, 80452, 97871, 55, 170.06
2026/10/09 04:28:29.728, 3, 80143, 97871, 100, 528.49
2026/10/09 04:28:30.728, 0, 80093, 97871, 0, 180.05
2026/10/09 04:28:30.728, 1, 80092, 97871, 0, 129.88
2026/10/09 04:28:30.728, 2, 80452, 97871, 0, 141.45
2026/10/09 04:28:30.728, 3, 80143, 97871, 100, 527.04
2026/10/09 04:28:31.728, 0, 80093, 97871, 0, 137.48
2026/10/09 04:28:31.729, 1, 80092, 97871, 0, 160.83
2026/10/09 04:28:31.729, 2, 80452, 97871, 0, 179.22
2026/10/09 04:28:31.729, 3, 80143, 97871, 100, 526.96
2026/10/09 04:28:32.729, 0, 80093, 97871, 0, 174.27
2026/10/09 04:28:32.729, 1, 80092, 97871, 0, 171.10
2026/10/09 04:28:32.729, 2, 80452, 97871, 0, 181.85
2026/10/09 04:28:32.729, 3, 80143, 97871, 100, 526.54
2026/10/09 04:28:33.729, 0, 80093, 97871, 0, 158.49
2026/10/09 04:28:33.729, 1, 80092, 97871, 0, 130.74
2026/10/09 04:28:33.729, 2, 80452, 97871, 0, 142.91
2026/10/09 04:28:33.729, 3, 80143, 97871, 100, 528.53
2026/10/09 04:28:34.729, 0, 80093, 97871, 0, 171.18
2026/10/09 04:28:34.733, 1, 80092, 97871, 0, 165.37
2026/10/09 04:28:34.733, 2, 80452, 97871, 0, 142.78
2026/10/09 04:28:34.733, 3, 80143, 97871, 100, 523.57
2026/10/09 04:28:35.733, 0, 80093, 97871, 0, 187.86
2026/10/09 04:28:35.733, 1, 80092, 97871, 15, 142.48
2026/10/09 04:28:35.733, 2, 80452, 97871, 0, 178.74
2026/10/09 04:28:35.733, 3, 80143, 97871, 100, 523.60
2026/10/09 04:28:36.733, 0, 80093, 97871, 0, 139.36
2026/10/09 04:28:36.734, 1, 80092, 97871, 0, 183.40
2026/10/09 04:28:36.734, 2, 80452, 97871, 0, 145.55
2026/10/09 04:28:36.734, 3, 80143, 97871, 66, 310.16
2026/10/09 04:28:37.734, 0, 80093, 97871, 0, 191.37
2026/10/09 04:28:37.734, 1, 80092, 97871, 0, 162.64
2026/10/09 04:28:37.734, 2, 80452, 97871, 73, 233.80
2026/10/09 04:28:37.734, 3, 80143, 97871, 73, 416.26
2026/10/09 04:28:38.734, 0, 80093, 97871, 75, 317.15
2026/10/09 04:28:38.734, 1, 80092, 97871, 22, 285.77
2026/10/09 04:28:38.734, 2, 80452, 97871, 100, 265.51
2026/10/09 04:28:38.734, 3, 80143, 97871, 98, 470.66
2026/10/09 04:28:39.734, 0, 80093, 97871, 61, 354.69
2026/10/09 04:28:39.734, 1, 80092, 97871, 0, 284.80
2026/10/09 04:28:39.734, 2, 80452, 97871, 59, 315.07
2026/10/09 04:28:39.734, 3, 80143, 97871, 92, 424.87
2026/10/09 04:28:40.734, 0, 80093, 97871, 0, 138.39
2026/10/09 04:28:40.735, 1, 80092, 97871, 0, 159.46
2026/10/09 04:28:40.735, 2, 80452, 97871, 0, 142.40
2026/10/09 04:28:40.735, 3, 80143, 97871, 100, 531.50
2026/10/09 04:28:41.735, 0, 80093, 97871, 0, 137.82
2026/10/09 04:28:41.735, 1, 80092, 97871, 0, 130.84
2026/10/09 04:28:41.735, 2, 80452, 97871, 0, 186.93
2026/10/09 04:28:41.735, 3, 80143, 97871, 100, 530.20
2026/10/09 04:28:42.735, 0, 80093, 97871, 0, 165.82
2026/10/09 04:28:42.735, 1, 80092, 97871, 0, 130.68
2026/10/09 04:28:42.735, 2, 80452, 97871, 0, 141.22
2026/10/09 04:28:42.735, 3, 80143, 97871, 100, 529.01
2026/10/09 04:28:43.735, 0, 80093, 97871, 0, 137.64
2026/10/09 04:28:43.735, 1, 80092, 97871, 0, 160.22
2026/10/09 04:28:43.735, 2, 80452, 97871, 0, 141.58
2026/10/09 04:28:43.735, 3, 80143, 97871, 100, 528.14
2026/10/09 04:28:44.735, 0, 80093, 97871, 0, 137.62
2026/10/09 04:28:44.739, 1, 80092, 97871, 0, 131.35
2026/10/09 04:28:44.739, 2, 80452, 97871, 0, 141.52
2026/10/09 04:28:44.740, 3, 80143, 97871, 100, 527.11
2026/10/09 04:28:45.740, 0, 80093, 97871, 0, 137.37
2026/10/09 04:28:45.740, 1, 80092, 97871, 0, 131.09
2026/10/09 04:28:45.740, 2, 80452, 97871, 0, 141.54
2026/10/09 04:28:45.740, 3, 80143, 97871, 100, 527.14
2026/10/09 04:28:46.740, 0, 80093, 97871, 0, 137.37
2026/10/09 04:28:46.740, 1, 80092, 97871, 0, 131.13
2026/10/09 04:28:46.740, 2, 80452, 97871, 0, 169.76
2026/10/09 04:28:46.740, 3, 80143, 97871, 100, 523.84
2026/10/09 04:28:47.740, 0, 80093, 97871, 0, 202.28
2026/10/09 04:28:47.740, 1, 80092, 97871, 19, 180.79
2026/10/09 04:28:47.740, 2, 80452, 97871, 0, 178.54
2026/10/09 04:28:47.740, 3, 80143, 97871, 100, 525.72
2026/10/09 04:28:48.740, 0, 80093, 97871, 0, 185.05
2026/10/09 04:28:48.740, 1, 80092, 97871, 0, 150.74
2026/10/09 04:28:48.741, 2, 80452, 97871, 0, 185.42
2026/10/09 04:28:48.741, 3, 80143, 97871, 100, 528.30
2026/10/09 04:28:49.741, 0, 80093, 97871, 27, 173.37
2026/10/09 04:28:49.741, 1, 80092, 97871, 59, 167.16
2026/10/09 04:28:49.741, 2, 80452, 97871, 0, 173.87
2026/10/09 04:28:49.741, 3, 80143, 97871, 100, 527.67
2026/10/09 04:28:50.741, 0, 80093, 97871, 0, 138.19
2026/10/09 04:28:50.741, 1, 80092, 97871, 0, 130.21
2026/10/09 04:28:50.741, 2, 80452, 97871, 0, 143.41
2026/10/09 04:28:50.741, 3, 80143, 97871, 100, 525.00
2026/10/09 04:28:51.741, 0, 80093, 97871, 0, 138.02
2026/10/09 04:28:51.741, 1, 80092, 97871, 0, 160.94
2026/10/09 04:28:51.741, 2, 80452, 97871, 0, 143.15
2026/10/09 04:28:51.741, 3, 80143, 97871, 100, 524.44
2026/10/09 04:28:52.741, 0, 80093, 97871, 0, 137.81
2026/10/09 04:28:52.741, 1, 80092, 97871, 0, 131.52
2026/10/09 04:28:52.741, 2, 80452, 97871, 0, 143.49
2026/10/09 04:28:52.741, 3, 80143, 97871, 100, 521.76
2026/10/09 04:28:53.742, 0, 80093, 97871, 0, 140.72
2026/10/09 04:28:53.742, 1, 80092, 97871, 0, 134.20
2026/10/09 04:28:53.742, 2, 80452, 97871, 0, 162.96
2026/10/09 04:28:53.742, 3, 80143, 97871, 67, 258.44
2026/10/09 04:28:54.742, 0, 80093, 97871, 0, 170.73
2026/10/09 04:28:54.744, 1, 80092, 97871, 0, 131.57
2026/10/09 04:28:54.744, 2, 80452, 97871, 0, 174.35
2026/10/09 04:28:54.745, 3, 80143, 97871, 100, 528.76
2026/10/09 04:28:55.745, 0, 80093, 97871, 0, 137.98
2026/10/09 04:28:55.745, 1, 80092, 97871, 0, 175.30
2026/10/09 04:28:55.745, 2, 80452, 97871, 0, 142.29
2026/10/09 04:28:55.745, 3, 80143, 97871, 100, 508.25
2026/10/09 04:28:56.745, 0, 80093, 97871, 21, 307.60
2026/10/09 04:28:56.745, 1, 80092, 97871, 44, 298.42
2026/10/09 04:28:56.745, 2, 80452, 97871, 0, 307.40
2026/10/09 04:28:56.745, 3, 80143, 97871, 66, 342.12
2026/10/09 04:28:57.745, 0, 80093, 97871, 0, 220.14
2026/10/09 04:28:57.745, 1, 80092, 97871, 0, 208.48
2026/10/09 04:28:57.745, 2, 80452, 97871, 0, 240.29
2026/10/09 04:28:57.745, 3, 80143, 97871, 100, 446.25
2026/10/09 04:28:58.745, 0, 80093, 97871, 0, 175.39
2026/10/09 04:28:58.746, 1, 80092, 97871, 0, 160.97
2026/10/09 04:28:58.746, 2, 80452, 97871, 39, 182.71
2026/10/09 04:28:58.746, 3, 80143, 97871, 100, 521.55
2026/10/09 04:28:59.746, 0, 80093, 97871, 0, 137.87
2026/10/09 04:28:59.746, 1, 80092, 97871, 0, 130.19
2026/10/09 04:28:59.746, 2, 80452, 97871, 0, 140.95
2026/10/09 04:28:59.746, 3, 80143, 97871, 100, 529.23
2026/10/09 04:29:00.746, 0, 80093, 97871, 0, 170.21
2026/10/09 04:29:00.746, 1, 80092, 97871, 0, 165.53
2026/10/09 04:29:00.746, 2, 80452, 97871, 0, 172.28
2026/10/09 04:29:00.746, 3, 80143, 97871, 100, 526.37
2026/10/09 04:29:01.746, 0, 80093, 97871, 0, 154.10
2026/10/09 04:29:01.746, 1, 80092, 97871, 0, 139.15
2026/10/09 04:29:01.746, 2, 80452, 97871, 0, 154.48
2026/10/09 04:29:01.746, 3, 80143, 97871, 100, 523.34
2026/10/09 04:29:02.746, 0, 80093, 97871, 0, 137.73
2026/10/09 04:29:02.746, 1, 80092, 97871, 0, 161.05
2026/10/09 04:29:02.746, 2, 80452, 97871, 0, 168.93
2026/10/09 04:29:02.746, 3, 80143, 97871, 100, 524.19
2026/10/09 04:29:03.747, 0, 80093, 97871, 0, 137.66
2026/10/09 04:29:03.747, 1, 80092, 97871, 0, 129.56
2026/10/09 04:29:03.747, 2, 80452, 97871, 0, 141.08
2026/10/09 04:29:03.747, 3, 80143, 97871, 100, 528.68
2026/10/09 04:29:04.747, 0, 80093, 97871, 0, 137.57
2026/10/09 04:29:04.749, 1, 80092, 97871, 0, 129.44
2026/10/09 04:29:04.749, 2, 80452, 97871, 0, 140.98
2026/10/09 04:29:04.749, 3, 80143, 97871, 100, 528.60
2026/10/09 04:29:05.750, 0, 80093, 97871, 0, 164.10
2026/10/09 04:29:05.750, 1, 80092, 97871, 0, 166.37
2026/10/09 04:29:05.750, 2, 80452, 97871, 0, 141.02
2026/10/09 04:29:05.750, 3, 80143, 97871, 100, 526.72
2026/10/09 04:29:06.750, 0, 80093, 97871, 0, 137.63
2026/10/09 04:29:06.750, 1, 80092, 97871, 0, 129.68
2026/10/09 04:29:06.750, 2, 80452, 97871, 0, 170.61
2026/10/09 04:29:06.750, 3, 80143, 97871, 100, 526.62
2026/10/09 04:29:07.750, 0, 80093, 97871, 0, 166.82
2026/10/09 04:29:07.750, 1, 80092, 97871, 0, 129.52
2026/10/09 04:29:07.750, 2, 80452, 97871, 0, 139.99
2026/10/09 04:29:07.750, 3, 80143, 97871, 100, 524.20
2026/10/09 04:29:08.750, 0, 80093, 97871, 0, 137.64
2026/10/09 04:29:08.750, 1, 80092, 97871, 0, 129.46
2026/10/09 04:29:08.750, 2, 80452, 97871, 0, 139.84
2026/10/09 04:29:08.750, 3, 80143, 97871, 100, 526.26
2026/10/09 04:29:09.751, 0, 80093, 97871, 0, 139.40
2026/10/09 04:29:09.751, 1, 80092, 97871, 0, 159.06
2026/10/09 04:29:09.751, 2, 80452, 97871, 0, 141.42
2026/10/09 04:29:09.751, 3, 80143, 97871, 64, 345.13
2026/10/09 04:29:10.751, 0, 80093, 97871, 94, 320.67
2026/10/09 04:29:10.751, 1, 80092, 97871, 95, 288.00
2026/10/09 04:29:10.751, 2, 80452, 97871, 41, 313.10
2026/10/09 04:29:10.751, 3, 80143, 97871, 69, 375.93
2026/10/09 04:29:11.751, 0, 80093, 97871, 10, 296.99
2026/10/09 04:29:11.751, 1, 80092, 97871, 10, 283.97
2026/10/09 04:29:11.751, 2, 80452, 97871, 47, 298.68
2026/10/09 04:29:11.751, 3, 80143, 97871, 65, 348.45
2026/10/09 04:29:12.751, 0, 80093, 97871, 0, 304.96
2026/10/09 04:29:12.751, 1, 80092, 97871, 6, 313.70
2026/10/09 04:29:12.751, 2, 80452, 97871, 38, 298.20
2026/10/09 04:29:12.751, 3, 80143, 97871, 100, 397.56
2026/10/09 04:29:13.751, 0, 80093, 97871, 0, 138.17
2026/10/09 04:29:13.752, 1, 80092, 97871, 0, 130.88
2026/10/09 04:29:13.752, 2, 80452, 97871, 28, 177.29
2026/10/09 04:29:13.752, 3, 80143, 97871, 100, 531.75
2026/10/09 04:29:14.752, 0, 80093, 97871, 0, 168.26
2026/10/09 04:29:14.766, 1, 80092, 97871, 0, 169.03
2026/10/09 04:29:14.766, 2, 80452, 97871, 0, 140.37
2026/10/09 04:29:14.767, 3, 80143, 97871, 100, 527.44
2026/10/09 04:29:15.767, 0, 80093, 97871, 0, 190.84
2026/10/09 04:29:15.767, 1, 80092, 97871, 0, 179.52
2026/10/09 04:29:15.767, 2, 80452, 97871, 0, 189.23
2026/10/09 04:29:15.767, 3, 80143, 97871, 100, 528.85
2026/10/09 04:29:16.767, 0, 80093, 97871, 53, 177.67
2026/10/09 04:29:16.767, 1, 80092, 97871, 0, 131.42
2026/10/09 04:29:16.767, 2, 80452, 97871, 0, 186.01
2026/10/09 04:29:16.767, 3, 80143, 97871, 93, 409.76
2026/10/09 04:29:17.767, 0, 80093, 97871, 0, 141.45
2026/10/09 04:29:17.767, 1, 80092, 97871, 0, 129.74
2026/10/09 04:29:17.767, 2, 80452, 97871, 0, 139.96
2026/10/09 04:29:17.767, 3, 80143, 97871, 100, 528.40
2026/10/09 04:29:18.768, 0, 80093, 97871, 0, 194.12
2026/10/09 04:29:18.768, 1, 80092, 97871, 0, 177.04
2026/10/09 04:29:18.768, 2, 80452, 97871, 0, 187.39
2026/10/09 04:29:18.768, 3, 80143, 97871, 100, 478.94
2026/10/09 04:29:19.768, 0, 80093, 97871, 0, 137.98
2026/10/09 04:29:19.768, 1, 80092, 97871, 0, 130.76
2026/10/09 04:29:19.768, 2, 80452, 97871, 0, 140.11
2026/10/09 04:29:19.768, 3, 80143, 97871, 100, 529.99
2026/10/09 04:29:20.768, 0, 80093, 97871, 0, 137.70
2026/10/09 04:29:20.768, 1, 80092, 97871, 0, 163.42
2026/10/09 04:29:20.768, 2, 80452, 97871, 0, 195.02
2026/10/09 04:29:20.768, 3, 80143, 97871, 100, 527.80
2026/10/09 04:29:21.768, 0, 80093, 97871, 0, 180.91
2026/10/09 04:29:21.768, 1, 80092, 97871, 0, 129.71
2026/10/09 04:29:21.768, 2, 80452, 97871, 0, 140.09
2026/10/09 04:29:21.768, 3, 80143, 97871, 100, 527.18
2026/10/09 04:29:22.769, 0, 80093, 97871, 0, 138.47
2026/10/09 04:29:22.769, 1, 80092, 97871, 0, 173.79
2026/10/09 04:29:22.769, 2, 80452, 97871, 0, 139.97
2026/10/09 04:29:22.769, 3, 80143, 97871, 100, 524.82
2026/10/09 04:29:23.769, 0, 80093, 97871, 0, 167.38
2026/10/09 04:29:23.769, 1, 80092, 97871, 23, 166.90
2026/10/09 04:29:23.769, 2, 80452, 97871, 0, 171.24
2026/10/09 04:29:23.769, 3, 80143, 97871, 100, 525.06
2026/10/09 04:29:24.769, 0, 80093, 97871, 0, 137.90
2026/10/09 04:29:24.771, 1, 80092, 97871, 0, 156.91
2026/10/09 04:29:24.771, 2, 80452, 97871, 0, 141.29
2026/10/09 04:29:24.772, 3, 80143, 97871, 100, 523.61
2026/10/09 04:29:25.772, 0, 80093, 97871, 0, 137.83
2026/10/09 04:29:25.772, 1, 80092, 97871, 0, 129.58
2026/10/09 04:29:25.772, 2, 80452, 97871, 0, 141.18
2026/10/09 04:29:25.772, 3, 80143, 97871, 100, 521.85
2026/10/09 04:29:26.772, 0, 80093, 97871, 0, 137.77
2026/10/09 04:29:26.772, 1, 80092, 97871, 0, 129.50
2026/10/09 04:29:26.772, 2, 80452, 97871, 0, 141.06
2026/10/09 04:29:26.772, 3, 80143, 97871, 100, 521.33
2026/10/09 04:29:27.772, 0, 80093, 97871, 0, 137.77
2026/10/09 04:29:27.772, 1, 80092, 97871, 0, 129.71
2026/10/09 04:29:27.772, 2, 80452, 97871, 0, 141.25
2026/10/09 04:29:27.772, 3, 80143, 97871, 100, 524.02
2026/10/09 04:29:28.772, 0, 80093, 97871, 0, 137.77
2026/10/09 04:29:28.773, 1, 80092, 97871, 0, 129.89
2026/10/09 04:29:28.773, 2, 80452, 97871, 0, 141.19
2026/10/09 04:29:28.773, 3, 80143, 97871, 100, 518.15
2026/10/09 04:29:29.773, 0, 80093, 97871, 0, 137.72
2026/10/09 04:29:29.773, 1, 80092, 97871, 0, 129.84
2026/10/09 04:29:29.773, 2, 80452, 97871, 0, 182.48
2026/10/09 04:29:29.773, 3, 80143, 97871, 100, 523.21
2026/10/09 04:29:30.773, 0, 80093, 97871, 0, 179.36
2026/10/09 04:29:30.773, 1, 80092, 97871, 0, 129.78
2026/10/09 04:29:30.773, 2, 80452, 97871, 0, 140.96
2026/10/09 04:29:30.773, 3, 80143, 97871, 100, 520.82
2026/10/09 04:29:31.773, 0, 80093, 97871, 0, 139.16
2026/10/09 04:29:31.773, 1, 80092, 97871, 0, 130.69
2026/10/09 04:29:31.773, 2, 80452, 97871, 0, 142.56
2026/10/09 04:29:31.773, 3, 80143, 97871, 61, 397.71
2026/10/09 04:29:32.773, 0, 80093, 97871, 0, 240.10
2026/10/09 04:29:32.773, 1, 80092, 97871, 51, 275.71
2026/10/09 04:29:32.774, 2, 80452, 97871, 85, 317.69
2026/10/09 04:29:32.774, 3, 80143, 97871, 83, 431.41
2026/10/09 04:29:33.774, 0, 80093, 97871, 0, 169.12
2026/10/09 04:29:33.774, 1, 80092, 97871, 0, 164.55
2026/10/09 04:29:33.774, 2, 80452, 97871, 0, 141.46
2026/10/09 04:29:33.774, 3, 80143, 97871, 100, 528.70
2026/10/09 04:29:34.774, 0, 80093, 97871, 0, 167.97
2026/10/09 04:29:34.778, 1, 80092, 97871, 0, 130.73
2026/10/09 04:29:34.778, 2, 80452, 97871, 0, 171.81
2026/10/09 04:29:34.778, 3, 80143, 97871, 100, 503.11
2026/10/09 04:29:35.778, 0, 80093, 97871, 52, 241.32
2026/10/09 04:29:35.778, 1, 80092, 97871, 23, 290.92
2026/10/09 04:29:35.778, 2, 80452, 97871, 0, 239.25
2026/10/09 04:29:35.778, 3, 80143, 97871, 89, 434.44
2026/10/09 04:29:36.779, 0, 80093, 97871, 0, 176.65
2026/10/09 04:29:36.779, 1, 80092, 97871, 0, 188.28
2026/10/09 04:29:36.779, 2, 80452, 97871, 0, 221.33
2026/10/09 04:29:36.779, 3, 80143, 97871, 100, 487.93
2026/10/09 04:29:37.779, 0, 80093, 97871, 0, 164.93
2026/10/09 04:29:37.779, 1, 80092, 97871, 0, 130.86
2026/10/09 04:29:37.779, 2, 80452, 97871, 0, 140.26
2026/10/09 04:29:37.779, 3, 80143, 97871, 100, 531.96
2026/10/09 04:29:38.779, 0, 80093, 97871, 0, 137.72
2026/10/09 04:29:38.779, 1, 80092, 97871, 2, 159.86
2026/10/09 04:29:38.779, 2, 80452, 97871, 0, 139.74
2026/10/09 04:29:38.779, 3, 80143, 97871, 100, 530.46
2026/10/09 04:29:39.779, 0, 80093, 97871, 71, 171.23
2026/10/09 04:29:39.779, 1, 80092, 97871, 46, 186.22
2026/10/09 04:29:39.779, 2, 80452, 97871, 14, 171.15
2026/10/09 04:29:39.779, 3, 80143, 97871, 100, 529.01
2026/10/09 04:29:40.779, 0, 80093, 97871, 44, 168.44
2026/10/09 04:29:40.780, 1, 80092, 97871, 0, 131.46
2026/10/09 04:29:40.780, 2, 80452, 97871, 2, 180.21
2026/10/09 04:29:40.780, 3, 80143, 97871, 72, 472.13
2026/10/09 04:29:41.780, 0, 80093, 97871, 0, 233.37
2026/10/09 04:29:41.780, 1, 80092, 97871, 0, 229.62
2026/10/09 04:29:41.780, 2, 80452, 97871, 0, 235.65
2026/10/09 04:29:41.780, 3, 80143, 97871, 100, 474.41
2026/10/09 04:29:42.780, 0, 80093, 97871, 0, 167.03
2026/10/09 04:29:42.780, 1, 80092, 97871, 0, 159.75
2026/10/09 04:29:42.780, 2, 80452, 97871, 0, 170.44
2026/10/09 04:29:42.780, 3, 80143, 97871, 100, 528.06
2026/10/09 04:29:43.780, 0, 80093, 97871, 0, 162.40
2026/10/09 04:29:43.780, 1, 80092, 97871, 0, 158.35
2026/10/09 04:29:43.780, 2, 80452, 97871, 0, 182.88
2026/10/09 04:29:43.780, 3, 80143, 97871, 100, 498.01
2026/10/09 04:29:44.780, 0, 80093, 97871, 0, 223.90
2026/10/09 04:29:44.790, 1, 80092, 97871, 64, 245.44
2026/10/09 04:29:44.790, 2, 80452, 97871, 0, 230.70
2026/10/09 04:29:44.790, 3, 80143, 97871, 81, 321.33
2026/10/09 04:29:45.790, 0, 80093, 97871, 0, 297.39
2026/10/09 04:29:45.790, 1, 80092, 97871, 24, 305.32
2026/10/09 04:29:45.790, 2, 80452, 97871, 0, 302.56
2026/10/09 04:29:45.790, 3, 80143, 97871, 83, 326.48
2026/10/09 04:29:46.791, 0, 80093, 97871, 0, 235.03
2026/10/09 04:29:46.791, 1, 80092, 97871, 0, 232.90
2026/10/09 04:29:46.791, 2, 80452, 97871, 0, 259.89
2026/10/09 04:29:46.791, 3, 80143, 97871, 100, 394.14
2026/10/09 04:29:47.791, 0, 80093, 97871, 0, 140.89
2026/10/09 04:29:47.791, 1, 80092, 97871, 0, 134.10
2026/10/09 04:29:47.791, 2, 80452, 97871, 0, 145.17
2026/10/09 04:29:47.791, 3, 80143, 97871, 100, 371.02
2026/10/09 04:29:48.791, 0, 80093, 97871, 0, 140.70
2026/10/09 04:29:48.791, 1, 80092, 97871, 0, 133.56
2026/10/09 04:29:48.791, 2, 80452, 97871, 0, 144.03
2026/10/09 04:29:48.791, 3, 80143, 97871, 93, 366.64
2026/10/09 04:29:49.791, 0, 80093, 97871, 0, 139.91
2026/10/09 04:29:49.791, 1, 80092, 97871, 0, 132.22
2026/10/09 04:29:49.791, 2, 80452, 97871, 0, 143.83
2026/10/09 04:29:49.791, 3, 80143, 97871, 75, 406.21
2026/10/09 04:29:50.792, 0, 80093, 97871, 0, 138.03
2026/10/09 04:29:50.792, 1, 80092, 97871, 0, 130.13
2026/10/09 04:29:50.792, 2, 80452, 97871, 0, 141.67
2026/10/09 04:29:50.792, 3, 80143, 97871, 100, 533.06
2026/10/09 04:29:51.792, 0, 80093, 97871, 0, 137.87
2026/10/09 04:29:51.792, 1, 80092, 97871, 0, 130.10
2026/10/09 04:29:51.792, 2, 80452, 97871, 0, 141.40
2026/10/09 04:29:51.792, 3, 80143, 97871, 100, 528.55
2026/10/09 04:29:52.792, 0, 80093, 97871, 0, 137.82
2026/10/09 04:29:52.792, 1, 80092, 97871, 0, 130.04
2026/10/09 04:29:52.792, 2, 80452, 97871, 0, 141.33
2026/10/09 04:29:52.792, 3, 80143, 97871, 100, 532.06
2026/10/09 04:29:53.792, 0, 80093, 97871, 0, 137.68
2026/10/09 04:29:53.792, 1, 80092, 97871, 0, 130.01
2026/10/09 04:29:53.792, 2, 80452, 97871, 0, 141.32
2026/10/09 04:29:53.792, 3, 80143, 97871, 100, 527.99
2026/10/09 04:29:54.792, 0, 80093, 97871, 0, 137.78
2026/10/09 04:29:54.797, 1, 80092, 97871, 0, 129.79
2026/10/09 04:29:54.797, 2, 80452, 97871, 0, 141.25
2026/10/09 04:29:54.797, 3, 80143, 97871, 100, 527.94
2026/10/09 04:29:55.797, 0, 80093, 97871, 0, 137.77
2026/10/09 04:29:55.798, 1, 80092, 97871, 0, 129.93
2026/10/09 04:29:55.798, 2, 80452, 97871, 0, 141.33
2026/10/09 04:29:55.798, 3, 80143, 97871, 100, 523.36
2026/10/09 04:29:56.798, 0, 80093, 97871, 0, 137.99
2026/10/09 04:29:56.798, 1, 80092, 97871, 0, 129.88
2026/10/09 04:29:56.798, 2, 80452, 97871, 0, 141.21
2026/10/09 04:29:56.798, 3, 80143, 97871, 100, 524.64
2026/10/09 04:29:57.798, 0, 80093, 97871, 0, 137.91
2026/10/09 04:29:57.798, 1, 80092, 97871, 0, 130.02
2026/10/09 04:29:57.798, 2, 80452, 97871, 0, 141.30
2026/10/09 04:29:57.798, 3, 80143, 97871, 100, 521.44
2026/10/09 04:29:58.798, 0, 80093, 97871, 0, 137.96
2026/10/09 04:29:58.798, 1, 80092, 97871, 0, 129.78
2026/10/09 04:29:58.798, 2, 80452, 97871, 0, 141.27
2026/10/09 04:29:58.798, 3, 80143, 97871, 100, 523.54
2026/10/09 04:29:59.798, 0, 80093, 97871, 0, 138.00
2026/10/09 04:29:59.798, 1, 80092, 97871, 0, 129.72
2026/10/09 04:29:59.798, 2, 80452, 97871, 0, 141.39
2026/10/09 04:29:59.798, 3, 80143, 97871, 100, 523.28
2026/10/09 04:30:00.799, 0, 80093, 97871, 0, 139.18
2026/10/09 04:30:00.799, 1, 80092, 97871, 0, 130.46
2026/10/09 04:30:00.799, 2, 80452, 97871, 0, 142.23
2026/10/09 04:30:00.799, 3, 80143, 97871, 75, 437.31
2026/10/09 04:30:01.799, 0, 80093, 97871, 0, 139.84
2026/10/09 04:30:01.799, 1, 80092, 97871, 0, 131.86
2026/10/09 04:30:01.799, 2, 80452, 97871, 0, 143.03
2026/10/09 04:30:01.799, 3, 80143, 97871, 76, 408.56
2026/10/09 04:30:02.799, 0, 80093, 97871, 0, 140.86
2026/10/09 04:30:02.799, 1, 80092, 97871, 0, 132.69
2026/10/09 04:30:02.799, 2, 80452, 97871, 0, 143.72
2026/10/09 04:30:02.799, 3, 80143, 97871, 73, 333.79
2026/10/09 04:30:03.799, 0, 80093, 97871, 0, 139.78
2026/10/09 04:30:03.799, 1, 80092, 97871, 0, 132.09
2026/10/09 04:30:03.799, 2, 80452, 97871, 0, 143.41
2026/10/09 04:30:03.799, 3, 80143, 97871, 100, 444.48
2026/10/09 04:30:04.799, 0, 80093, 97871, 0, 138.05
2026/10/09 04:30:04.802, 1, 80092, 97871, 0, 129.94
2026/10/09 04:30:04.802, 2, 80452, 97871, 0, 141.36
2026/10/09 04:30:04.802, 3, 80143, 97871, 100, 530.35
2026/10/09 04:30:05.803, 0, 80093, 97871, 0, 137.83
2026/10/09 04:30:05.803, 1, 80092, 97871, 0, 129.81
2026/10/09 04:30:05.803, 2, 80452, 97871, 0, 141.13
2026/10/09 04:30:05.803, 3, 80143, 97871, 100, 524.66
2026/10/09 04:30:06.803, 0, 80093, 97871, 0, 137.67
2026/10/09 04:30:06.803, 1, 80092, 97871, 0, 129.79
2026/10/09 04:30:06.803, 2, 80452, 97871, 0, 140.91
2026/10/09 04:30:06.803, 3, 80143, 97871, 100, 519.59
2026/10/09 04:30:07.803, 0, 80093, 97871, 0, 137.50
2026/10/09 04:30:07.803, 1, 80092, 97871, 0, 129.74
2026/10/09 04:30:07.803, 2, 80452, 97871, 0, 140.96
2026/10/09 04:30:07.803, 3, 80143, 97871, 100, 515.53
2026/10/09 04:30:08.803, 0, 80093, 97871, 0, 137.68
2026/10/09 04:30:08.803, 1, 80092, 97871, 0, 129.70
2026/10/09 04:30:08.803, 2, 80452, 97871, 0, 141.01
2026/10/09 04:30:08.803, 3, 80143, 97871, 100, 467.70
2026/10/09 04:30:09.803, 0, 80093, 97871, 100, 301.62
2026/10/09 04:30:09.804, 1, 80092, 97871, 100, 292.33
2026/10/09 04:30:09.804, 2, 80452, 97871, 100, 302.27
2026/10/09 04:30:09.804, 3, 80143, 97871, 61, 195.17
2026/10/09 04:30:10.804, 0, 80093, 97871, 100, 558.48
2026/10/09 04:30:10.804, 1, 80092, 97871, 100, 525.78
2026/10/09 04:30:10.804, 2, 80452, 97871, 100, 535.31
2026/10/09 04:30:10.804, 3, 80143, 97871, 67, 155.12
2026/10/09 04:30:11.804, 0, 80092, 97871, 100, 553.72
2026/10/09 04:30:11.804, 1, 80092, 97871, 100, 523.14
2026/10/09 04:30:11.804, 2, 80452, 97871, 100, 534.51
2026/10/09 04:30:11.804, 3, 80143, 97871, 59, 147.61
2026/10/09 04:30:12.804, 0, 80092, 97871, 100, 556.06
2026/10/09 04:30:12.804, 1, 80092, 97871, 100, 525.48
2026/10/09 04:30:12.805, 2, 80452, 97871, 100, 531.92
2026/10/09 04:30:12.805, 3, 80143, 97871, 96, 146.98
2026/10/09 04:30:13.805, 0, 80092, 97871, 100, 553.46
2026/10/09 04:30:13.805, 1, 80092, 97871, 100, 526.09
2026/10/09 04:30:13.805, 2, 80452, 97871, 100, 534.46
2026/10/09 04:30:13.805, 3, 80143, 97871, 100, 150.36
2026/10/09 04:30:14.805, 0, 80092, 97871, 100, 551.89
2026/10/09 04:30:14.808, 1, 80092, 97871, 100, 523.33
2026/10/09 04:30:14.809, 2, 80452, 97871, 100, 532.04
2026/10/09 04:30:14.809, 3, 80143, 97871, 99, 146.07
2026/10/09 04:30:15.809, 0, 80092, 97871, 100, 553.04
2026/10/09 04:30:15.809, 1, 80092, 97871, 100, 520.49
2026/10/09 04:30:15.809, 2, 80452, 97871, 100, 531.77
2026/10/09 04:30:15.809, 3, 80143, 97871, 99, 196.56
2026/10/09 04:30:16.809, 0, 80092, 97871, 100, 553.29
2026/10/09 04:30:16.810, 1, 80092, 97871, 100, 519.46
2026/10/09 04:30:16.810, 2, 80452, 97871, 100, 532.09
2026/10/09 04:30:16.810, 3, 80143, 97871, 100, 530.91
2026/10/09 04:30:17.810, 0, 80092, 97871, 100, 554.20
2026/10/09 04:30:17.810, 1, 80091, 97871, 100, 519.33
2026/10/09 04:30:17.810, 2, 80452, 97871, 100, 534.64
2026/10/09 04:30:17.810, 3, 80143, 97871, 100, 529.02
2026/10/09 04:30:18.810, 0, 80092, 97871, 100, 556.77
2026/10/09 04:30:18.810, 1, 80091, 97871, 100, 520.89
2026/10/09 04:30:18.810, 2, 80452, 97871, 100, 533.10
2026/10/09 04:30:18.810, 3, 80143, 97871, 100, 526.12
2026/10/09 04:30:19.810, 0, 80092, 97871, 100, 556.05
2026/10/09 04:30:19.810, 1, 80091, 97871, 100, 519.37
2026/10/09 04:30:19.810, 2, 80452, 97871, 100, 534.55
2026/10/09 04:30:19.810, 3, 80143, 97871, 100, 529.32
2026/10/09 04:30:20.810, 0, 80092, 97871, 100, 556.56
2026/10/09 04:30:20.811, 1, 80091, 97871, 100, 520.43
2026/10/09 04:30:20.811, 2, 80452, 97871, 100, 533.74
2026/10/09 04:30:20.811, 3, 80143, 97871, 100, 525.81
2026/10/09 04:30:21.811, 0, 80092, 97871, 100, 557.42
2026/10/09 04:30:21.811, 1, 80091, 97871, 100, 518.57
2026/10/09 04:30:21.811, 2, 80452, 97871, 100, 533.40
2026/10/09 04:30:21.811, 3, 80143, 97871, 100, 525.12
2026/10/09 04:30:22.811, 0, 80092, 97871, 0, 457.16
2026/10/09 04:30:22.811, 1, 80091, 97871, 43, 473.89
2026/10/09 04:30:22.811, 2, 80452, 97871, 69, 465.55
2026/10/09 04:30:22.811, 3, 80143, 97871, 100, 523.44
2026/10/09 04:30:23.811, 0, 80092, 97871, 0, 138.24
2026/10/09 04:30:23.811, 1, 80091, 97871, 0, 131.80
2026/10/09 04:30:23.811, 2, 80452, 97871, 0, 142.72
2026/10/09 04:30:23.811, 3, 80143, 97871, 100, 525.73
2026/10/09 04:30:24.812, 0, 80092, 97871, 0, 138.60
2026/10/09 04:30:24.816, 1, 80091, 97871, 0, 132.23
2026/10/09 04:30:24.816, 2, 80452, 97871, 0, 141.66
2026/10/09 04:30:24.816, 3, 80143, 97871, 100, 525.67
2026/10/09 04:30:25.816, 0, 80092, 97871, 0, 138.33
2026/10/09 04:30:25.816, 1, 80091, 97871, 0, 131.70
2026/10/09 04:30:25.817, 2, 80452, 97871, 0, 141.12
2026/10/09 04:30:25.817, 3, 80143, 97871, 100, 524.83
2026/10/09 04:30:26.817, 0, 80092, 97871, 0, 138.09
2026/10/09 04:30:26.817, 1, 80091, 97871, 0, 131.54
2026/10/09 04:30:26.817, 2, 80452, 97871, 0, 141.15
2026/10/09 04:30:26.817, 3, 80143, 97871, 100, 523.75
2026/10/09 04:30:27.817, 0, 80092, 97871, 0, 137.99
2026/10/09 04:30:27.817, 1, 80091, 97871, 0, 130.93
2026/10/09 04:30:27.817, 2, 80452, 97871, 0, 140.86
2026/10/09 04:30:27.817, 3, 80143, 97871, 100, 521.23
2026/10/09 04:30:28.817, 0, 80092, 97871, 0, 137.74
2026/10/09 04:30:28.817, 1, 80091, 97871, 0, 130.65
2026/10/09 04:30:28.817, 2, 80452, 97871, 0, 140.85
2026/10/09 04:30:28.817, 3, 80143, 97871, 100, 524.84
2026/10/09 04:30:29.817, 0, 80092, 97871, 0, 137.85
2026/10/09 04:30:29.817, 1, 80091, 97871, 0, 130.51
2026/10/09 04:30:29.817, 2, 80452, 97871, 0, 140.57
2026/10/09 04:30:29.817, 3, 80143, 97871, 100, 521.32
2026/10/09 04:30:30.818, 0, 80092, 97871, 0, 137.78
2026/10/09 04:30:30.818, 1, 80091, 97871, 0, 130.37
2026/10/09 04:30:30.818, 2, 80452, 97871, 0, 140.35
2026/10/09 04:30:30.818, 3, 80143, 97871, 100, 524.26
2026/10/09 04:30:31.818, 0, 80092, 97871, 0, 137.80
2026/10/09 04:30:31.818, 1, 80091, 97871, 0, 130.18
2026/10/09 04:30:31.818, 2, 80452, 97871, 0, 140.30
2026/10/09 04:30:31.818, 3, 80143, 97871, 100, 523.42
2026/10/09 04:30:32.818, 0, 80092, 97871, 0, 137.63
2026/10/09 04:30:32.818, 1, 80091, 97871, 0, 130.21
2026/10/09 04:30:32.818, 2, 80452, 97871, 0, 140.25
2026/10/09 04:30:32.818, 3, 80143, 97871, 100, 521.03
2026/10/09 04:30:33.818, 0, 80092, 97871, 0, 137.66
2026/10/09 04:30:33.818, 1, 80091, 97871, 0, 130.09
2026/10/09 04:30:33.818, 2, 80452, 97871, 0, 140.15
2026/10/09 04:30:33.818, 3, 80143, 97871, 100, 526.29
2026/10/09 04:30:34.819, 0, 80092, 97871, 0, 137.46
2026/10/09 04:30:34.821, 1, 80091, 97871, 0, 129.99
2026/10/09 04:30:34.821, 2, 80452, 97871, 0, 139.94
2026/10/09 04:30:34.821, 3, 80143, 97871, 100, 528.20
2026/10/09 04:30:35.822, 0, 80092, 97871, 0, 137.45
2026/10/09 04:30:35.822, 1, 80091, 97871, 0, 129.98
2026/10/09 04:30:35.822, 2, 80452, 97871, 0, 139.90
2026/10/09 04:30:35.822, 3, 80143, 97871, 100, 527.46
2026/10/09 04:30:36.822, 0, 80092, 97871, 0, 137.52
2026/10/09 04:30:36.822, 1, 80091, 97871, 0, 129.78
2026/10/09 04:30:36.822, 2, 80452, 97871, 0, 139.89
2026/10/09 04:30:36.822, 3, 80143, 97871, 100, 526.43
2026/10/09 04:30:37.822, 0, 80092, 97871, 0, 137.38
2026/10/09 04:30:37.822, 1, 80091, 97871, 0, 129.74
2026/10/09 04:30:37.822, 2, 80452, 97871, 0, 139.96
2026/10/09 04:30:37.822, 3, 80143, 97871, 100, 527.40
2026/10/09 04:30:38.822, 0, 80092, 97871, 0, 137.25
2026/10/09 04:30:38.822, 1, 80091, 97871, 0, 129.82
2026/10/09 04:30:38.822, 2, 80452, 97871, 0, 139.82
2026/10/09 04:30:38.822, 3, 80143, 97871, 100, 526.22
2026/10/09 04:30:39.822, 0, 80092, 97871, 0, 137.19
2026/10/09 04:30:39.823, 1, 80091, 97871, 0, 129.80
2026/10/09 04:30:39.823, 2, 80452, 97871, 0, 139.89
2026/10/09 04:30:39.823, 3, 80143, 97871, 100, 528.43
2026/10/09 04:30:40.823, 0, 80092, 97871, 0, 137.31
2026/10/09 04:30:40.823, 1, 80091, 97871, 0, 129.82
2026/10/09 04:30:40.823, 2, 80452, 97871, 0, 139.96
2026/10/09 04:30:40.823, 3, 80143, 97871, 100, 525.67
2026/10/09 04:30:41.823, 0, 80092, 97871, 0, 137.38
2026/10/09 04:30:41.823, 1, 80091, 97871, 0, 129.79
2026/10/09 04:30:41.823, 2, 80452, 97871, 0, 139.91
2026/10/09 04:30:41.823, 3, 80143, 97871, 100, 526.28
2026/10/09 04:30:42.823, 0, 80092, 97871, 0, 137.55
2026/10/09 04:30:42.823, 1, 80091, 97871, 0, 129.55
2026/10/09 04:30:42.823, 2, 80452, 97871, 0, 139.88
2026/10/09 04:30:42.823, 3, 80143, 97871, 100, 527.70
2026/10/09 04:30:43.823, 0, 80092, 97871, 0, 137.45
2026/10/09 04:30:43.823, 1, 80091, 97871, 0, 129.31
2026/10/09 04:30:43.823, 2, 80452, 97871, 0, 139.76
2026/10/09 04:30:43.823, 3, 80143, 97871, 100, 526.44
2026/10/09 04:30:44.824, 0, 80092, 97871, 0, 137.19
2026/10/09 04:30:44.826, 1, 80091, 97871, 0, 129.21
2026/10/09 04:30:44.826, 2, 80452, 97871, 0, 139.82
2026/10/09 04:30:44.826, 3, 80143, 97871, 100, 526.58
2026/10/09 04:30:45.826, 0, 80092, 97871, 0, 137.44
2026/10/09 04:30:45.826, 1, 80091, 97871, 0, 129.29
2026/10/09 04:30:45.827, 2, 80452, 97871, 0, 139.76
2026/10/09 04:30:45.827, 3, 80143, 97871, 100, 525.90
2026/10/09 04:30:46.827, 0, 80092, 97871, 0, 137.53
2026/10/09 04:30:46.827, 1, 80091, 97871, 0, 129.35
2026/10/09 04:30:46.827, 2, 80452, 97871, 0, 139.78
2026/10/09 04:30:46.827, 3, 80143, 97871, 100, 528.53
2026/10/09 04:30:47.827, 0, 80092, 97871, 0, 137.42
2026/10/09 04:30:47.827, 1, 80091, 97871, 0, 129.85
2026/10/09 04:30:47.827, 2, 80452, 97871, 0, 139.81
2026/10/09 04:30:47.827, 3, 80143, 97871, 100, 521.54
2026/10/09 04:30:48.827, 0, 80092, 97871, 0, 139.18
2026/10/09 04:30:48.827, 1, 80091, 97871, 0, 129.84
2026/10/09 04:30:48.827, 2, 80452, 97871, 0, 141.46
2026/10/09 04:30:48.827, 3, 80143, 97871, 100, 462.01
2026/10/09 04:30:49.827, 0, 80092, 97871, 0, 137.46
2026/10/09 04:30:49.827, 1, 80091, 97871, 0, 129.43
2026/10/09 04:30:49.827, 2, 80452, 97871, 0, 139.89
2026/10/09 04:30:49.828, 3, 80143, 97871, 100, 530.71
2026/10/09 04:30:50.828, 0, 80092, 97871, 0, 137.42
2026/10/09 04:30:50.828, 1, 80091, 97871, 0, 129.31
2026/10/09 04:30:50.828, 2, 80452, 97871, 0, 139.83
2026/10/09 04:30:50.828, 3, 80143, 97871, 100, 527.74
2026/10/09 04:30:51.828, 0, 80092, 97871, 0, 137.73
2026/10/09 04:30:51.828, 1, 80091, 97871, 0, 130.72
2026/10/09 04:30:51.828, 2, 80452, 97871, 0, 139.68
2026/10/09 04:30:51.828, 3, 80143, 97871, 100, 521.35
2026/10/09 04:30:52.828, 0, 80092, 97871, 0, 140.39
2026/10/09 04:30:52.828, 1, 80091, 97871, 0, 131.36
2026/10/09 04:30:52.828, 2, 80452, 97871, 0, 141.80
2026/10/09 04:30:52.828, 3, 80143, 97871, 91, 389.80
2026/10/09 04:30:53.828, 0, 80092, 97871, 0, 137.45
2026/10/09 04:30:53.828, 1, 80091, 97871, 0, 129.49
2026/10/09 04:30:53.828, 2, 80452, 97871, 0, 139.67
2026/10/09 04:30:53.829, 3, 80143, 97871, 100, 536.07
2026/10/09 04:30:54.829, 0, 80092, 97871, 0, 137.46
2026/10/09 04:30:54.835, 1, 80091, 97871, 0, 129.50
2026/10/09 04:30:54.835, 2, 80452, 97871, 0, 139.79
2026/10/09 04:30:54.835, 3, 80143, 97871, 100, 528.28
2026/10/09 04:30:55.836, 0, 80092, 97871, 0, 137.52
2026/10/09 04:30:55.836, 1, 80091, 97871, 0, 129.45
2026/10/09 04:30:55.836, 2, 80452, 97871, 0, 139.92
2026/10/09 04:30:55.836, 3, 80143, 97871, 100, 524.74
2026/10/09 04:30:56.836, 0, 80092, 97871, 0, 137.34
2026/10/09 04:30:56.836, 1, 80091, 97871, 0, 129.38
2026/10/09 04:30:56.836, 2, 80452, 97871, 0, 139.96
2026/10/09 04:30:56.836, 3, 80143, 97871, 100, 525.89
2026/10/09 04:30:57.836, 0, 80092, 97871, 0, 137.41
2026/10/09 04:30:57.836, 1, 80091, 97871, 0, 129.21
2026/10/09 04:30:57.836, 2, 80452, 97871, 0, 139.94
2026/10/09 04:30:57.836, 3, 80143, 97871, 100, 523.60
2026/10/09 04:30:58.836, 0, 80092, 97871, 0, 137.30
2026/10/09 04:30:58.836, 1, 80091, 97871, 0, 129.34
2026/10/09 04:30:58.836, 2, 80452, 97871, 0, 139.74
2026/10/09 04:30:58.836, 3, 80143, 97871, 100, 523.51
2026/10/09 04:30:59.837, 0, 80092, 97871, 0, 137.41
2026/10/09 04:30:59.837, 1, 80091, 97871, 0, 129.43
2026/10/09 04:30:59.837, 2, 80452, 97871, 0, 139.73
2026/10/09 04:30:59.837, 3, 80143, 97871, 100, 526.94
2026/10/09 04:31:00.837, 0, 80092, 97871, 0, 137.48
2026/10/09 04:31:00.837, 1, 80091, 97871, 0, 129.47
2026/10/09 04:31:00.837, 2, 80452, 97871, 0, 139.86
2026/10/09 04:31:00.837, 3, 80143, 97871, 100, 523.27
2026/10/09 04:31:01.837, 0, 80092, 97871, 0, 137.37
2026/10/09 04:31:01.837, 1, 80091, 97871, 0, 129.42
2026/10/09 04:31:01.837, 2, 80452, 97871, 0, 140.03
2026/10/09 04:31:01.837, 3, 80143, 97871, 100, 520.62
2026/10/09 04:31:02.837, 0, 80092, 97871, 0, 137.23
2026/10/09 04:31:02.837, 1, 80091, 97871, 0, 129.53
2026/10/09 04:31:02.837, 2, 80452, 97871, 0, 139.78
2026/10/09 04:31:02.837, 3, 80143, 97871, 100, 529.99
2026/10/09 04:31:03.837, 0, 80092, 97871, 0, 137.31
2026/10/09 04:31:03.838, 1, 80091, 97871, 0, 129.37
2026/10/09 04:31:03.838, 2, 80452, 97871, 0, 139.75
2026/10/09 04:31:03.838, 3, 80143, 97871, 100, 526.20
2026/10/09 04:31:04.838, 0, 80092, 97871, 0, 137.19
2026/10/09 04:31:04.840, 1, 80091, 97871, 0, 129.15
2026/10/09 04:31:04.840, 2, 80452, 97871, 0, 140.04
2026/10/09 04:31:04.840, 3, 80143, 97871, 100, 524.03
2026/10/09 04:31:05.841, 0, 80092, 97871, 0, 138.61
2026/10/09 04:31:05.841, 1, 80091, 97871, 0, 130.60
2026/10/09 04:31:05.841, 2, 80452, 97871, 0, 141.65
2026/10/09 04:31:05.841, 3, 80143, 97871, 100, 358.15
2026/10/09 04:31:06.841, 0, 80092, 97871, 0, 138.91
2026/10/09 04:31:06.841, 1, 80091, 97871, 0, 131.30
2026/10/09 04:31:06.841, 2, 80452, 97871, 0, 142.33
2026/10/09 04:31:06.841, 3, 80143, 97871, 100, 417.99
2026/10/09 04:31:07.841, 0, 80092, 97871, 0, 137.50
2026/10/09 04:31:07.841, 1, 80091, 97871, 0, 131.31
2026/10/09 04:31:07.841, 2, 80452, 97871, 0, 140.22
2026/10/09 04:31:07.841, 3, 80143, 97871, 100, 522.09
2026/10/09 04:31:08.841, 0, 80092, 97871, 0, 137.33
2026/10/09 04:31:08.841, 1, 80091, 97871, 0, 129.20
2026/10/09 04:31:08.842, 2, 80452, 97871, 0, 139.75
2026/10/09 04:31:08.842, 3, 80143, 97871, 100, 529.64
2026/10/09 04:31:09.842, 0, 80092, 97871, 0, 137.09
2026/10/09 04:31:09.842, 1, 80091, 97871, 0, 129.21
2026/10/09 04:31:09.842, 2, 80452, 97871, 0, 139.52
2026/10/09 04:31:09.842, 3, 80143, 97871, 100, 528.62
2026/10/09 04:31:10.842, 0, 80092, 97871, 0, 137.27
2026/10/09 04:31:10.842, 1, 80091, 97871, 0, 129.19
2026/10/09 04:31:10.842, 2, 80452, 97871, 0, 139.41
2026/10/09 04:31:10.842, 3, 80143, 97871, 100, 531.13
2026/10/09 04:31:11.842, 0, 80092, 97871, 0, 137.38
2026/10/09 04:31:11.842, 1, 80091, 97871, 0, 129.14
2026/10/09 04:31:11.842, 2, 80452, 97871, 0, 139.58
2026/10/09 04:31:11.842, 3, 80143, 97871, 100, 523.34
2026/10/09 04:31:12.842, 0, 80092, 97871, 0, 137.82
2026/10/09 04:31:12.843, 1, 80091, 97871, 0, 129.34
2026/10/09 04:31:12.843, 2, 80452, 97871, 0, 139.57
2026/10/09 04:31:12.843, 3, 80143, 97871, 100, 524.79
2026/10/09 04:31:13.843, 0, 80092, 97871, 0, 140.46
2026/10/09 04:31:13.843, 1, 80091, 97871, 0, 130.87
2026/10/09 04:31:13.843, 2, 80452, 97871, 0, 141.63
2026/10/09 04:31:13.843, 3, 80143, 97871, 99, 330.65
2026/10/09 04:31:14.843, 0, 80092, 97871, 0, 137.43
2026/10/09 04:31:14.845, 1, 80091, 97871, 0, 129.58
2026/10/09 04:31:14.845, 2, 80452, 97871, 0, 139.79
2026/10/09 04:31:14.845, 3, 80143, 97871, 100, 531.10
2026/10/09 04:31:15.846, 0, 80092, 97871, 0, 137.43
2026/10/09 04:31:15.846, 1, 80091, 97871, 0, 129.40
2026/10/09 04:31:15.846, 2, 80452, 97871, 0, 139.51
2026/10/09 04:31:15.846, 3, 80143, 97871, 100, 530.28
2026/10/09 04:31:16.846, 0, 80092, 97871, 0, 137.55
2026/10/09 04:31:16.846, 1, 80091, 97871, 0, 129.48
2026/10/09 04:31:16.846, 2, 80452, 97871, 0, 139.51
2026/10/09 04:31:16.846, 3, 80143, 97871, 100, 529.99
2026/10/09 04:31:17.846, 0, 80092, 97871, 0, 137.32
2026/10/09 04:31:17.846, 1, 80091, 97871, 0, 129.38
2026/10/09 04:31:17.846, 2, 80452, 97871, 0, 139.51
2026/10/09 04:31:17.846, 3, 80143, 97871, 100, 526.23
2026/10/09 04:31:18.846, 0, 80092, 97871, 0, 137.62
2026/10/09 04:31:18.846, 1, 80091, 97871, 0, 129.44
2026/10/09 04:31:18.846, 2, 80452, 97871, 0, 139.49
2026/10/09 04:31:18.846, 3, 80143, 97871, 100, 530.09
2026/10/09 04:31:19.847, 0, 80092, 97871, 0, 137.49
2026/10/09 04:31:19.847, 1, 80091, 97871, 0, 129.47
2026/10/09 04:31:19.847, 2, 80452, 97871, 0, 139.55
2026/10/09 04:31:19.847, 3, 80143, 97871, 100, 526.45
2026/10/09 04:31:20.847, 0, 80092, 97871, 0, 137.48
2026/10/09 04:31:20.847, 1, 80091, 97871, 0, 129.50
2026/10/09 04:31:20.847, 2, 80452, 97871, 0, 139.52
2026/10/09 04:31:20.847, 3, 80143, 97871, 100, 526.32
2026/10/09 04:31:21.847, 0, 80092, 97871, 0, 137.25
2026/10/09 04:31:21.847, 1, 80091, 97871, 0, 129.40
2026/10/09 04:31:21.847, 2, 80452, 97871, 0, 139.53
2026/10/09 04:31:21.847, 3, 80143, 97871, 100, 527.12
2026/10/09 04:31:22.847, 0, 80092, 97871, 0, 137.37
2026/10/09 04:31:22.847, 1, 80091, 97871, 0, 129.40
2026/10/09 04:31:22.847, 2, 80452, 97871, 0, 139.49
2026/10/09 04:31:22.847, 3, 80143, 97871, 100, 526.81
2026/10/09 04:31:23.847, 0, 80092, 97871, 0, 137.29
2026/10/09 04:31:23.847, 1, 80091, 97871, 0, 129.69
2026/10/09 04:31:23.848, 2, 80452, 97871, 0, 139.84
2026/10/09 04:31:23.848, 3, 80143, 97871, 100, 522.45
2026/10/09 04:31:24.848, 0, 80092, 97871, 0, 138.89
2026/10/09 04:31:24.861, 1, 80091, 97871, 0, 131.01
2026/10/09 04:31:24.861, 2, 80452, 97871, 0, 140.88
2026/10/09 04:31:24.861, 3, 80143, 97871, 100, 400.45
2026/10/09 04:31:25.861, 0, 80092, 97871, 0, 138.62
2026/10/09 04:31:25.861, 1, 80091, 97871, 0, 129.84
2026/10/09 04:31:25.861, 2, 80452, 97871, 0, 141.21
2026/10/09 04:31:25.861, 3, 80143, 97871, 100, 513.31
2026/10/09 04:31:26.861, 0, 80092, 97871, 0, 137.39
2026/10/09 04:31:26.861, 1, 80091, 97871, 0, 129.65
2026/10/09 04:31:26.861, 2, 80452, 97871, 0, 139.90
2026/10/09 04:31:26.862, 3, 80143, 97871, 100, 527.21
2026/10/09 04:31:27.862, 0, 80092, 97871, 0, 137.38
2026/10/09 04:31:27.862, 1, 80091, 97871, 0, 129.58
2026/10/09 04:31:27.862, 2, 80452, 97871, 0, 139.79
2026/10/09 04:31:27.862, 3, 80143, 97871, 100, 524.60
2026/10/09 04:31:28.862, 0, 80092, 97871, 0, 137.27
2026/10/09 04:31:28.862, 1, 80091, 97871, 0, 129.51
2026/10/09 04:31:28.862, 2, 80452, 97871, 0, 139.67
2026/10/09 04:31:28.862, 3, 80143, 97871, 100, 526.33
2026/10/09 04:31:29.862, 0, 80092, 97871, 0, 137.51
2026/10/09 04:31:29.862, 1, 80091, 97871, 0, 129.68
2026/10/09 04:31:29.862, 2, 80452, 97871, 0, 139.81
2026/10/09 04:31:29.862, 3, 80143, 97871, 100, 523.75
2026/10/09 04:31:30.862, 0, 80092, 97871, 0, 137.40
2026/10/09 04:31:30.862, 1, 80091, 97871, 0, 129.64
2026/10/09 04:31:30.862, 2, 80452, 97871, 0, 139.69
2026/10/09 04:31:30.862, 3, 80143, 97871, 100, 521.30
2026/10/09 04:31:31.862, 0, 80092, 97871, 0, 137.15
2026/10/09 04:31:31.863, 1, 80091, 97871, 0, 129.35
2026/10/09 04:31:31.863, 2, 80452, 97871, 0, 139.68
2026/10/09 04:31:31.863, 3, 80143, 97871, 100, 526.27
2026/10/09 04:31:32.863, 0, 80092, 97871, 0, 137.29
2026/10/09 04:31:32.863, 1, 80091, 97871, 0, 129.37
2026/10/09 04:31:32.863, 2, 80452, 97871, 0, 139.52
2026/10/09 04:31:32.863, 3, 80143, 97871, 100, 529.34
2026/10/09 04:31:33.863, 0, 80092, 97871, 0, 137.26
2026/10/09 04:31:33.863, 1, 80091, 97871, 0, 129.45
2026/10/09 04:31:33.863, 2, 80452, 97871, 0, 139.52
2026/10/09 04:31:33.863, 3, 80143, 97871, 100, 526.80
2026/10/09 04:31:34.863, 0, 80092, 97871, 0, 137.37
2026/10/09 04:31:34.866, 1, 80091, 97871, 0, 129.56
2026/10/09 04:31:34.866, 2, 80452, 97871, 0, 139.58
2026/10/09 04:31:34.866, 3, 80143, 97871, 100, 525.70
2026/10/09 04:31:35.866, 0, 80092, 97871, 0, 137.34
2026/10/09 04:31:35.866, 1, 80091, 97871, 0, 129.48
2026/10/09 04:31:35.866, 2, 80452, 97871, 0, 139.57
2026/10/09 04:31:35.866, 3, 80143, 97871, 100, 524.31
2026/10/09 04:31:36.866, 0, 80092, 97871, 0, 137.16
2026/10/09 04:31:36.866, 1, 80091, 97871, 0, 129.58
2026/10/09 04:31:36.866, 2, 80452, 97871, 0, 139.63
2026/10/09 04:31:36.866, 3, 80143, 97871, 100, 525.35
2026/10/09 04:31:37.867, 0, 80092, 97871, 0, 138.61
2026/10/09 04:31:37.867, 1, 80091, 97871, 0, 130.76
2026/10/09 04:31:37.867, 2, 80452, 97871, 0, 141.53
2026/10/09 04:31:37.867, 3, 80143, 97871, 92, 331.56
2026/10/09 04:31:38.867, 0, 80092, 97871, 0, 137.86
2026/10/09 04:31:38.867, 1, 80091, 97871, 0, 130.98
2026/10/09 04:31:38.867, 2, 80452, 97871, 0, 140.14
2026/10/09 04:31:38.867, 3, 80143, 97871, 100, 520.74
2026/10/09 04:31:39.867, 0, 80092, 97871, 0, 137.46
2026/10/09 04:31:39.867, 1, 80091, 97871, 0, 129.42
2026/10/09 04:31:39.867, 2, 80452, 97871, 0, 139.54
2026/10/09 04:31:39.867, 3, 80143, 97871, 100, 530.03
2026/10/09 04:31:40.867, 0, 80092, 97871, 0, 137.26
2026/10/09 04:31:40.867, 1, 80091, 97871, 0, 129.56
2026/10/09 04:31:40.867, 2, 80452, 97871, 0, 139.66
2026/10/09 04:31:40.867, 3, 80143, 97871, 100, 527.39
2026/10/09 04:31:41.867, 0, 80092, 97871, 0, 137.27
2026/10/09 04:31:41.868, 1, 80091, 97871, 0, 129.51
2026/10/09 04:31:41.868, 2, 80452, 97871, 0, 139.72
2026/10/09 04:31:41.868, 3, 80143, 97871, 100, 526.02
2026/10/09 04:31:42.868, 0, 80092, 97871, 0, 137.27
2026/10/09 04:31:42.868, 1, 80091, 97871, 0, 129.54
2026/10/09 04:31:42.868, 2, 80452, 97871, 0, 139.64
2026/10/09 04:31:42.868, 3, 80143, 97871, 100, 525.69
2026/10/09 04:31:43.868, 0, 80092, 97871, 0, 137.42
2026/10/09 04:31:43.868, 1, 80091, 97871, 0, 129.37
2026/10/09 04:31:43.868, 2, 80452, 97871, 0, 139.57
2026/10/09 04:31:43.868, 3, 80143, 97871, 100, 523.86
2026/10/09 04:31:44.868, 0, 80092, 97871, 0, 137.34
2026/10/09 04:31:44.873, 1, 80091, 97871, 0, 129.39
2026/10/09 04:31:44.873, 2, 80452, 97871, 0, 139.53
2026/10/09 04:31:44.874, 3, 80143, 97871, 100, 528.04
2026/10/09 04:31:45.874, 0, 80092, 97871, 0, 137.33
2026/10/09 04:31:45.874, 1, 80091, 97871, 0, 129.58
2026/10/09 04:31:45.874, 2, 80452, 97871, 0, 139.56
2026/10/09 04:31:45.874, 3, 80143, 97871, 100, 526.68
2026/10/09 04:31:46.874, 0, 80092, 97871, 0, 137.33
2026/10/09 04:31:46.874, 1, 80091, 97871, 0, 129.38
2026/10/09 04:31:46.874, 2, 80452, 97871, 0, 139.57
2026/10/09 04:31:46.874, 3, 80143, 97871, 100, 527.61
2026/10/09 04:31:47.874, 0, 80092, 97871, 0, 137.69
2026/10/09 04:31:47.874, 1, 80091, 97871, 0, 130.03
2026/10/09 04:31:47.874, 2, 80452, 97871, 0, 139.63
2026/10/09 04:31:47.874, 3, 80143, 97871, 100, 523.77
2026/10/09 04:31:48.875, 0, 80092, 97871, 0, 138.70
2026/10/09 04:31:48.875, 1, 80091, 97871, 0, 129.65
2026/10/09 04:31:48.875, 2, 80452, 97871, 0, 140.91
2026/10/09 04:31:48.875, 3, 80143, 97871, 100, 461.98
2026/10/09 04:31:49.875, 0, 80092, 97871, 0, 137.36
2026/10/09 04:31:49.875, 1, 80091, 97871, 0, 129.32
2026/10/09 04:31:49.875, 2, 80452, 97871, 0, 139.47
2026/10/09 04:31:49.875, 3, 80143, 97871, 100, 529.95
2026/10/09 04:31:50.875, 0, 80092, 97871, 0, 137.35
2026/10/09 04:31:50.875, 1, 80091, 97871, 0, 129.58
2026/10/09 04:31:50.875, 2, 80452, 97871, 0, 139.58
2026/10/09 04:31:50.875, 3, 80143, 97871, 100, 525.83
2026/10/09 04:31:51.875, 0, 80092, 97871, 0, 137.45
2026/10/09 04:31:51.875, 1, 80091, 97871, 0, 129.58
2026/10/09 04:31:51.875, 2, 80452, 97871, 0, 139.48
2026/10/09 04:31:51.875, 3, 80143, 97871, 100, 525.32
2026/10/09 04:31:52.875, 0, 80092, 97871, 0, 137.33
2026/10/09 04:31:52.876, 1, 80091, 97871, 0, 129.49
2026/10/09 04:31:52.876, 2, 80452, 97871, 0, 139.60
2026/10/09 04:31:52.876, 3, 80143, 97871, 100, 524.40
2026/10/09 04:31:53.876, 0, 80092, 97871, 0, 137.40
2026/10/09 04:31:53.876, 1, 80091, 97871, 0, 129.46
2026/10/09 04:31:53.876, 2, 80452, 97871, 0, 139.62
2026/10/09 04:31:53.876, 3, 80143, 97871, 100, 521.14
2026/10/09 04:31:54.876, 0, 80092, 97871, 0, 137.34
2026/10/09 04:31:54.878, 1, 80091, 97871, 0, 129.53
2026/10/09 04:31:54.878, 2, 80452, 97871, 0, 139.59
2026/10/09 04:31:54.879, 3, 80143, 97871, 100, 524.74
2026/10/09 04:31:55.879, 0, 80092, 97871, 0, 137.42
2026/10/09 04:31:55.879, 1, 80091, 97871, 0, 129.71
2026/10/09 04:31:55.879, 2, 80452, 97871, 0, 139.68
2026/10/09 04:31:55.879, 3, 80143, 97871, 100, 523.84
2026/10/09 04:31:56.879, 0, 80092, 97871, 0, 137.41
2026/10/09 04:31:56.879, 1, 80091, 97871, 0, 129.63
2026/10/09 04:31:56.879, 2, 80452, 97871, 0, 139.79
2026/10/09 04:31:56.879, 3, 80143, 97871, 100, 521.93
2026/10/09 04:31:57.879, 0, 80092, 97871, 0, 137.31
2026/10/09 04:31:57.879, 1, 80091, 97871, 0, 129.60
2026/10/09 04:31:57.879, 2, 80452, 97871, 0, 139.63
2026/10/09 04:31:57.879, 3, 80143, 97871, 100, 522.95
2026/10/09 04:31:58.879, 0, 80092, 97871, 0, 137.35
2026/10/09 04:31:58.880, 1, 80091, 97871, 0, 129.50
2026/10/09 04:31:58.880, 2, 80452, 97871, 0, 139.61
2026/10/09 04:31:58.880, 3, 80143, 97871, 100, 525.11
2026/10/09 04:31:59.880, 0, 80092, 97871, 0, 137.63
2026/10/09 04:31:59.880, 1, 80091, 97871, 0, 130.42
2026/10/09 04:31:59.880, 2, 80452, 97871, 0, 140.64
2026/10/09 04:31:59.880, 3, 80143, 97871, 95, 461.95
2026/10/09 04:32:00.880, 0, 80092, 97871, 0, 138.85
2026/10/09 04:32:00.880, 1, 80091, 97871, 0, 130.46
2026/10/09 04:32:00.880, 2, 80452, 97871, 0, 139.75
2026/10/09 04:32:00.880, 3, 80143, 97871, 100, 508.89
2026/10/09 04:32:01.880, 0, 80092, 97871, 0, 137.43
2026/10/09 04:32:01.880, 1, 80091, 97871, 0, 129.62
2026/10/09 04:32:01.880, 2, 80452, 97871, 0, 139.76
2026/10/09 04:32:01.880, 3, 80143, 97871, 100, 524.99
2026/10/09 04:32:02.880, 0, 80092, 97871, 0, 137.26
2026/10/09 04:32:02.880, 1, 80091, 97871, 0, 129.45
2026/10/09 04:32:02.881, 2, 80452, 97871, 0, 139.57
2026/10/09 04:32:02.881, 3, 80143, 97871, 100, 527.67
2026/10/09 04:32:03.881, 0, 80092, 97871, 0, 137.30
2026/10/09 04:32:03.881, 1, 80091, 97871, 0, 129.50
2026/10/09 04:32:03.881, 2, 80452, 97871, 0, 139.41
2026/10/09 04:32:03.881, 3, 80143, 97871, 100, 525.84
2026/10/09 04:32:04.881, 0, 80092, 97871, 0, 137.22
2026/10/09 04:32:04.884, 1, 80091, 97871, 0, 129.43
2026/10/09 04:32:04.884, 2, 80452, 97871, 0, 139.49
2026/10/09 04:32:04.884, 3, 80143, 97871, 100, 526.32
2026/10/09 04:32:05.884, 0, 80092, 97871, 0, 137.29
2026/10/09 04:32:05.884, 1, 80091, 97871, 0, 129.50
2026/10/09 04:32:05.884, 2, 80452, 97871, 0, 139.43
2026/10/09 04:32:05.884, 3, 80143, 97871, 100, 526.74
2026/10/09 04:32:06.884, 0, 80092, 97871, 0, 137.21
2026/10/09 04:32:06.884, 1, 80091, 97871, 0, 129.56
2026/10/09 04:32:06.884, 2, 80452, 97871, 0, 139.43
2026/10/09 04:32:06.884, 3, 80143, 97871, 100, 523.85
2026/10/09 04:32:07.885, 0, 80092, 97871, 0, 137.28
2026/10/09 04:32:07.885, 1, 80091, 97871, 0, 129.52
2026/10/09 04:32:07.885, 2, 80452, 97871, 0, 139.54
2026/10/09 04:32:07.885, 3, 80143, 97871, 100, 525.98
2026/10/09 04:32:08.885, 0, 80092, 97871, 0, 137.46
2026/10/09 04:32:08.885, 1, 80091, 97871, 0, 129.35
2026/10/09 04:32:08.885, 2, 80452, 97871, 0, 139.57
2026/10/09 04:32:08.885, 3, 80143, 97871, 100, 528.03
2026/10/09 04:32:09.885, 0, 80092, 97871, 0, 137.25
2026/10/09 04:32:09.885, 1, 80091, 97871, 0, 129.46
2026/10/09 04:32:09.885, 2, 80452, 97871, 0, 139.62
2026/10/09 04:32:09.885, 3, 80143, 97871, 100, 526.44
2026/10/09 04:32:10.885, 0, 80092, 97871, 0, 137.24
2026/10/09 04:32:10.885, 1, 80091, 97871, 0, 129.56
2026/10/09 04:32:10.885, 2, 80452, 97871, 0, 139.63
2026/10/09 04:32:10.885, 3, 80143, 97871, 100, 527.31
2026/10/09 04:32:11.885, 0, 80092, 97871, 0, 137.32
2026/10/09 04:32:11.886, 1, 80091, 97871, 0, 129.60
2026/10/09 04:32:11.886, 2, 80451, 97871, 0, 139.56
2026/10/09 04:32:11.886, 3, 80143, 97871, 100, 524.22
2026/10/09 04:32:12.886, 0, 80092, 97871, 0, 137.97
2026/10/09 04:32:12.886, 1, 80091, 97871, 0, 130.09
2026/10/09 04:32:12.886, 2, 80451, 97871, 0, 141.01
2026/10/09 04:32:12.886, 3, 80143, 97871, 100, 425.64
2026/10/09 04:32:13.886, 0, 80092, 97871, 0, 139.73
2026/10/09 04:32:13.886, 1, 80091, 97871, 0, 131.59
2026/10/09 04:32:13.886, 2, 80451, 97871, 0, 141.20
2026/10/09 04:32:13.886, 3, 80143, 97871, 100, 485.98
2026/10/09 04:32:14.886, 0, 80092, 97871, 0, 138.66
2026/10/09 04:32:14.892, 1, 80091, 97871, 0, 130.75
2026/10/09 04:32:14.892, 2, 80451, 97871, 0, 139.67
2026/10/09 04:32:14.893, 3, 80143, 97871, 100, 509.80
2026/10/09 04:32:15.893, 0, 80092, 97871, 0, 137.90
2026/10/09 04:32:15.893, 1, 80091, 97871, 0, 129.93
2026/10/09 04:32:15.893, 2, 80451, 97871, 0, 140.28
2026/10/09 04:32:15.893, 3, 80143, 97871, 99, 504.62
2026/10/09 04:32:16.893, 0, 80092, 97871, 0, 137.56
2026/10/09 04:32:16.893, 1, 80091, 97871, 0, 131.09
2026/10/09 04:32:16.893, 2, 80451, 97871, 0, 141.11
2026/10/09 04:32:16.893, 3, 80143, 97871, 100, 487.65
2026/10/09 04:32:17.893, 0, 80092, 97871, 0, 138.86
2026/10/09 04:32:17.893, 1, 80091, 97871, 0, 130.20
2026/10/09 04:32:17.893, 2, 80451, 97871, 0, 140.10
2026/10/09 04:32:17.894, 3, 80143, 97871, 100, 493.38
2026/10/09 04:32:18.894, 0, 80092, 97871, 0, 137.15
2026/10/09 04:32:18.894, 1, 80091, 97871, 0, 129.57
2026/10/09 04:32:18.894, 2, 80451, 97871, 0, 140.12
2026/10/09 04:32:18.894, 3, 80143, 97871, 100, 524.72
2026/10/09 04:32:19.894, 0, 80092, 97871, 0, 138.16
2026/10/09 04:32:19.894, 1, 80091, 97871, 0, 131.56
2026/10/09 04:32:19.894, 2, 80451, 97871, 0, 140.78
2026/10/09 04:32:19.894, 3, 80143, 97871, 99, 438.65
2026/10/09 04:32:20.894, 0, 80092, 97871, 0, 139.78
2026/10/09 04:32:20.894, 1, 80091, 97871, 0, 131.70
2026/10/09 04:32:20.894, 2, 80451, 97871, 0, 142.70
2026/10/09 04:32:20.894, 3, 80143, 97871, 100, 422.19
2026/10/09 04:32:21.894, 0, 80092, 97871, 0, 137.46
2026/10/09 04:32:21.894, 1, 80091, 97871, 0, 129.49
2026/10/09 04:32:21.894, 2, 80451, 97871, 0, 140.23
2026/10/09 04:32:21.894, 3, 80143, 97871, 100, 530.45
2026/10/09 04:32:22.895, 0, 80092, 97871, 0, 137.44
2026/10/09 04:32:22.895, 1, 80091, 97871, 0, 129.77
2026/10/09 04:32:22.895, 2, 80451, 97871, 0, 139.58
2026/10/09 04:32:22.895, 3, 80143, 97871, 100, 526.77
2026/10/09 04:32:23.895, 0, 80092, 97871, 0, 139.08
2026/10/09 04:32:23.895, 1, 80091, 97871, 0, 131.26
2026/10/09 04:32:23.895, 2, 80451, 97871, 0, 140.21
2026/10/09 04:32:23.895, 3, 80143, 97871, 100, 478.97
2026/10/09 04:32:24.895, 0, 80092, 97871, 0, 137.54
2026/10/09 04:32:24.897, 1, 80091, 97871, 0, 129.55
2026/10/09 04:32:24.897, 2, 80451, 97871, 0, 139.76
2026/10/09 04:32:24.898, 3, 80143, 97871, 100, 524.70
2026/10/09 04:32:25.898, 0, 80092, 97871, 0, 137.40
2026/10/09 04:32:25.898, 1, 80091, 97871, 0, 129.51
2026/10/09 04:32:25.898, 2, 80451, 97871, 0, 139.70
2026/10/09 04:32:25.898, 3, 80143, 97871, 100, 522.66
2026/10/09 04:32:26.898, 0, 80092, 97871, 0, 137.64
2026/10/09 04:32:26.898, 1, 80091, 97871, 0, 129.48
2026/10/09 04:32:26.898, 2, 80451, 97871, 0, 139.88
2026/10/09 04:32:26.898, 3, 80143, 97871, 100, 524.72
2026/10/09 04:32:27.898, 0, 80092, 97871, 0, 137.26
2026/10/09 04:32:27.898, 1, 80091, 97871, 0, 129.53
2026/10/09 04:32:27.898, 2, 80451, 97871, 0, 139.72
2026/10/09 04:32:27.898, 3, 80143, 97871, 100, 523.58
2026/10/09 04:32:28.899, 0, 80092, 97871, 0, 137.17
2026/10/09 04:32:28.899, 1, 80091, 97871, 0, 129.46
2026/10/09 04:32:28.899, 2, 80451, 97871, 0, 139.74
2026/10/09 04:32:28.899, 3, 80143, 97871, 100, 525.99
2026/10/09 04:32:29.899, 0, 80092, 97871, 0, 137.29
2026/10/09 04:32:29.899, 1, 80091, 97871, 0, 129.53
2026/10/09 04:32:29.899, 2, 80451, 97871, 0, 140.07
2026/10/09 04:32:29.899, 3, 80143, 97871, 100, 525.56
2026/10/09 04:32:30.899, 0, 80092, 97871, 0, 139.11
2026/10/09 04:32:30.899, 1, 80091, 97871, 0, 131.59
2026/10/09 04:32:30.899, 2, 80451, 97871, 0, 141.06
2026/10/09 04:32:30.899, 3, 80143, 97871, 100, 431.63
2026/10/09 04:32:31.899, 0, 80092, 97871, 0, 137.37
2026/10/09 04:32:31.899, 1, 80091, 97871, 0, 129.36
2026/10/09 04:32:31.899, 2, 80451, 97871, 0, 139.60
2026/10/09 04:32:31.899, 3, 80143, 97871, 100, 527.12
2026/10/09 04:32:32.899, 0, 80092, 97871, 0, 137.35
2026/10/09 04:32:32.899, 1, 80091, 97871, 0, 129.39
2026/10/09 04:32:32.900, 2, 80451, 97871, 0, 139.56
2026/10/09 04:32:32.900, 3, 80143, 97871, 100, 530.36
2026/10/09 04:32:33.900, 0, 80092, 97871, 0, 137.29
2026/10/09 04:32:33.900, 1, 80091, 97871, 0, 129.28
2026/10/09 04:32:33.900, 2, 80451, 97871, 0, 139.63
2026/10/09 04:32:33.900, 3, 80143, 97871, 100, 527.41
2026/10/09 04:32:34.900, 0, 80092, 97871, 0, 137.17
2026/10/09 04:32:34.902, 1, 80091, 97871, 0, 129.18
2026/10/09 04:32:34.902, 2, 80451, 97871, 0, 139.51
2026/10/09 04:32:34.903, 3, 80143, 97871, 100, 525.76
2026/10/09 04:32:35.903, 0, 80092, 97871, 0, 137.83
2026/10/09 04:32:35.903, 1, 80091, 97871, 0, 129.60
2026/10/09 04:32:35.903, 2, 80451, 97871, 0, 140.28
2026/10/09 04:32:35.903, 3, 80143, 97871, 100, 499.77
2026/10/09 04:32:36.903, 0, 80092, 97871, 0, 137.27
2026/10/09 04:32:36.903, 1, 80091, 97871, 0, 129.43
2026/10/09 04:32:36.903, 2, 80451, 97871, 0, 139.57
2026/10/09 04:32:36.903, 3, 80143, 97871, 100, 527.79
2026/10/09 04:32:37.903, 0, 80092, 97871, 0, 137.33
2026/10/09 04:32:37.903, 1, 80091, 97871, 0, 129.34
2026/10/09 04:32:37.903, 2, 80451, 97871, 0, 139.66
2026/10/09 04:32:37.904, 3, 80143, 97871, 100, 524.22
2026/10/09 04:32:38.904, 0, 80092, 97871, 0, 137.14
2026/10/09 04:32:38.904, 1, 80091, 97871, 0, 129.22
2026/10/09 04:32:38.904, 2, 80451, 97871, 0, 139.55
2026/10/09 04:32:38.904, 3, 80143, 97871, 100, 526.35
2026/10/09 04:32:39.904, 0, 80092, 97871, 0, 137.07
2026/10/09 04:32:39.904, 1, 80091, 97871, 0, 129.40
2026/10/09 04:32:39.904, 2, 80451, 97871, 0, 139.57
2026/10/09 04:32:39.904, 3, 80143, 97871, 100, 526.58
2026/10/09 04:32:40.904, 0, 80092, 97871, 0, 136.90
2026/10/09 04:32:40.904, 1, 80091, 97871, 0, 129.35
2026/10/09 04:32:40.904, 2, 80451, 97871, 0, 139.54
2026/10/09 04:32:40.904, 3, 80143, 97871, 100, 525.35
2026/10/09 04:32:41.904, 0, 80092, 97871, 0, 137.13
2026/10/09 04:32:41.904, 1, 80091, 97871, 0, 129.23
2026/10/09 04:32:41.904, 2, 80451, 97871, 0, 139.44
2026/10/09 04:32:41.904, 3, 80143, 97871, 100, 526.69
2026/10/09 04:32:42.905, 0, 80092, 97871, 0, 137.09
2026/10/09 04:32:42.905, 1, 80091, 97871, 0, 129.25
2026/10/09 04:32:42.905, 2, 80451, 97871, 0, 139.50
2026/10/09 04:32:42.905, 3, 80143, 97871, 100, 525.67
2026/10/09 04:32:43.905, 0, 80092, 97871, 0, 137.10
2026/10/09 04:32:43.905, 1, 80091, 97871, 0, 129.29
2026/10/09 04:32:43.905, 2, 80451, 97871, 0, 139.48
2026/10/09 04:32:43.905, 3, 80143, 97871, 100, 525.98
2026/10/09 04:32:44.905, 0, 80092, 97871, 0, 136.99
2026/10/09 04:32:44.907, 1, 80091, 97871, 0, 129.22
2026/10/09 04:32:44.907, 2, 80451, 97871, 0, 139.55
2026/10/09 04:32:44.908, 3, 80143, 97871, 100, 524.37
2026/10/09 04:32:45.908, 0, 80092, 97871, 0, 137.13
2026/10/09 04:32:45.908, 1, 80091, 97871, 0, 129.40
2026/10/09 04:32:45.908, 2, 80451, 97871, 0, 139.63
2026/10/09 04:32:45.908, 3, 80143, 97871, 100, 523.59
2026/10/09 04:32:46.908, 0, 80092, 97871, 0, 137.22
2026/10/09 04:32:46.908, 1, 80091, 97871, 0, 129.40
2026/10/09 04:32:46.908, 2, 80451, 97871, 0, 139.86
2026/10/09 04:32:46.908, 3, 80143, 97871, 100, 524.29
2026/10/09 04:32:47.908, 0, 80092, 97871, 0, 139.07
2026/10/09 04:32:47.908, 1, 80091, 97871, 0, 131.29
2026/10/09 04:32:47.908, 2, 80451, 97871, 0, 140.65
2026/10/09 04:32:47.908, 3, 80143, 97871, 100, 372.46
2026/10/09 04:32:48.908, 0, 80092, 97871, 0, 137.70
2026/10/09 04:32:48.909, 1, 80091, 97871, 0, 130.91
2026/10/09 04:32:48.909, 2, 80451, 97871, 0, 141.41
2026/10/09 04:32:48.909, 3, 80143, 97871, 100, 492.38
2026/10/09 04:32:49.909, 0, 80092, 97871, 0, 137.27
2026/10/09 04:32:49.909, 1, 80091, 97871, 0, 129.34
2026/10/09 04:32:49.909, 2, 80451, 97871, 0, 139.61
2026/10/09 04:32:49.909, 3, 80143, 97871, 100, 528.47
2026/10/09 04:32:50.909, 0, 80092, 97871, 0, 137.18
2026/10/09 04:32:50.909, 1, 80091, 97871, 0, 129.34
2026/10/09 04:32:50.909, 2, 80451, 97871, 0, 139.49
2026/10/09 04:32:50.909, 3, 80143, 97871, 100, 523.62
2026/10/09 04:32:51.909, 0, 80092, 97871, 0, 137.04
2026/10/09 04:32:51.909, 1, 80091, 97871, 0, 129.24
2026/10/09 04:32:51.909, 2, 80451, 97871, 0, 139.52
2026/10/09 04:32:51.909, 3, 80143, 97871, 100, 517.06
2026/10/09 04:32:52.909, 0, 80092, 97871, 0, 137.12
2026/10/09 04:32:52.909, 1, 80091, 97871, 0, 129.28
2026/10/09 04:32:52.909, 2, 80451, 97871, 0, 139.45
2026/10/09 04:32:52.909, 3, 80143, 97871, 100, 513.00
2026/10/09 04:32:53.910, 0, 80092, 97871, 0, 137.12
2026/10/09 04:32:53.910, 1, 80091, 97871, 0, 129.36
2026/10/09 04:32:53.910, 2, 80451, 97871, 0, 139.43
2026/10/09 04:32:53.910, 3, 80143, 97871, 100, 470.55
2026/10/09 04:32:54.910, 0, 80092, 97871, 100, 443.98
2026/10/09 04:32:54.916, 1, 80091, 97871, 100, 465.87
2026/10/09 04:32:54.916, 2, 80451, 97871, 100, 437.54
2026/10/09 04:32:54.917, 3, 80143, 97871, 99, 239.01
2026/10/09 04:32:55.917, 0, 80092, 97871, 100, 555.91
2026/10/09 04:32:55.917, 1, 80091, 97871, 100, 526.46
2026/10/09 04:32:55.917, 2, 80451, 97871, 100, 535.48
2026/10/09 04:32:55.917, 3, 80143, 97871, 98, 228.80
2026/10/09 04:32:56.917, 0, 80092, 97871, 100, 554.69
2026/10/09 04:32:56.917, 1, 80091, 97871, 100, 527.82
2026/10/09 04:32:56.917, 2, 80451, 97871, 100, 535.13
2026/10/09 04:32:56.917, 3, 80143, 97871, 55, 164.87
2026/10/09 04:32:57.917, 0, 80092, 97871, 100, 554.64
2026/10/09 04:32:57.918, 1, 80091, 97871, 100, 523.53
2026/10/09 04:32:57.918, 2, 80451, 97871, 100, 533.86
2026/10/09 04:32:57.918, 3, 80143, 97871, 68, 149.56
2026/10/09 04:32:58.918, 0, 80092, 97871, 100, 555.54
2026/10/09 04:32:58.918, 1, 80091, 97871, 100, 522.32
2026/10/09 04:32:58.918, 2, 80451, 97871, 100, 533.12
2026/10/09 04:32:58.918, 3, 80143, 97871, 60, 151.04
2026/10/09 04:32:59.918, 0, 80092, 97871, 100, 552.65
2026/10/09 04:32:59.918, 1, 80091, 97871, 100, 521.69
2026/10/09 04:32:59.918, 2, 80451, 97871, 100, 534.05
2026/10/09 04:32:59.918, 3, 80143, 97871, 56, 143.38
2026/10/09 04:33:00.918, 0, 80092, 97871, 100, 553.32
2026/10/09 04:33:00.919, 1, 80091, 97871, 100, 525.44
2026/10/09 04:33:00.919, 2, 80451, 97871, 100, 532.98
2026/10/09 04:33:00.919, 3, 80143, 97871, 61, 143.46
2026/10/09 04:33:01.919, 0, 80092, 97871, 100, 553.12
2026/10/09 04:33:01.919, 1, 80091, 97871, 100, 522.44
2026/10/09 04:33:01.919, 2, 80451, 97871, 100, 532.80
2026/10/09 04:33:01.919, 3, 80143, 97871, 65, 162.85
2026/10/09 04:33:02.919, 0, 80092, 97871, 100, 555.91
2026/10/09 04:33:02.919, 1, 80091, 97871, 100, 519.51
2026/10/09 04:33:02.919, 2, 80451, 97871, 100, 533.42
2026/10/09 04:33:02.919, 3, 80143, 97871, 100, 542.67
2026/10/09 04:33:03.919, 0, 80092, 97871, 100, 555.08
2026/10/09 04:33:03.919, 1, 80091, 97871, 100, 520.93
2026/10/09 04:33:03.919, 2, 80451, 97871, 100, 534.25
2026/10/09 04:33:03.919, 3, 80143, 97871, 100, 527.91
2026/10/09 04:33:04.920, 0, 80092, 97871, 100, 556.58
2026/10/09 04:33:04.923, 1, 80091, 97871, 100, 520.09
2026/10/09 04:33:04.923, 2, 80451, 97871, 100, 534.06
2026/10/09 04:33:04.923, 3, 80143, 97871, 100, 530.03
2026/10/09 04:33:05.923, 0, 80092, 97871, 100, 555.77
2026/10/09 04:33:05.923, 1, 80091, 97871, 100, 517.88
2026/10/09 04:33:05.923, 2, 80451, 97871, 100, 534.85
2026/10/09 04:33:05.923, 3, 80143, 97871, 100, 527.65
2026/10/09 04:33:06.924, 0, 80092, 97871, 100, 556.16
2026/10/09 04:33:06.924, 1, 80091, 97871, 100, 518.64
2026/10/09 04:33:06.924, 2, 80451, 97871, 100, 532.81
2026/10/09 04:33:06.924, 3, 80143, 97871, 100, 523.70
2026/10/09 04:33:07.924, 0, 80092, 97871, 0, 298.59
2026/10/09 04:33:07.924, 1, 80091, 97871, 0, 363.33
2026/10/09 04:33:07.924, 2, 80451, 97871, 0, 315.81
2026/10/09 04:33:07.924, 3, 80143, 97871, 100, 523.22
2026/10/09 04:33:08.924, 0, 80092, 97871, 0, 138.84
2026/10/09 04:33:08.924, 1, 80091, 97871, 0, 132.25
2026/10/09 04:33:08.924, 2, 80451, 97871, 0, 143.29
2026/10/09 04:33:08.924, 3, 80143, 97871, 100, 527.04
2026/10/09 04:33:09.924, 0, 80092, 97871, 0, 138.51
2026/10/09 04:33:09.924, 1, 80091, 97871, 0, 131.98
2026/10/09 04:33:09.924, 2, 80451, 97871, 0, 142.80
2026/10/09 04:33:09.924, 3, 80143, 97871, 100, 527.38
2026/10/09 04:33:10.925, 0, 80092, 97871, 0, 138.04
2026/10/09 04:33:10.925, 1, 80091, 97871, 0, 131.53
2026/10/09 04:33:10.925, 2, 80451, 97871, 0, 142.54
2026/10/09 04:33:10.925, 3, 80143, 97871, 100, 529.79
2026/10/09 04:33:11.925, 0, 80092, 97871, 0, 137.86
2026/10/09 04:33:11.925, 1, 80091, 97871, 0, 131.31
2026/10/09 04:33:11.925, 2, 80451, 97871, 0, 142.30
2026/10/09 04:33:11.925, 3, 80143, 97871, 100, 526.34
2026/10/09 04:33:12.925, 0, 80092, 97871, 0, 137.92
2026/10/09 04:33:12.925, 1, 80091, 97871, 0, 130.62
2026/10/09 04:33:12.925, 2, 80451, 97871, 0, 142.09
2026/10/09 04:33:12.925, 3, 80143, 97871, 100, 527.11
2026/10/09 04:33:13.925, 0, 80092, 97871, 0, 138.47
2026/10/09 04:33:13.925, 1, 80091, 97871, 0, 130.65
2026/10/09 04:33:13.925, 2, 80451, 97871, 0, 141.86
2026/10/09 04:33:13.925, 3, 80143, 97871, 100, 525.16
2026/10/09 04:33:14.925, 0, 80092, 97871, 0, 137.72
2026/10/09 04:33:14.930, 1, 80091, 97871, 0, 130.34
2026/10/09 04:33:14.930, 2, 80451, 97871, 0, 141.81
2026/10/09 04:33:14.931, 3, 80143, 97871, 100, 525.41
2026/10/09 04:33:15.931, 0, 80092, 97871, 0, 137.88
2026/10/09 04:33:15.931, 1, 80091, 97871, 0, 130.36
2026/10/09 04:33:15.931, 2, 80451, 97871, 0, 141.77
2026/10/09 04:33:15.931, 3, 80143, 97871, 100, 526.29
2026/10/09 04:33:16.931, 0, 80092, 97871, 0, 137.69
2026/10/09 04:33:16.931, 1, 80091, 97871, 0, 130.22
2026/10/09 04:33:16.931, 2, 80451, 97871, 0, 141.70
2026/10/09 04:33:16.931, 3, 80143, 97871, 100, 526.20
2026/10/09 04:33:17.931, 0, 80092, 97871, 0, 137.57
2026/10/09 04:33:17.931, 1, 80091, 97871, 0, 169.48
2026/10/09 04:33:17.932, 2, 80451, 97871, 0, 141.67
2026/10/09 04:33:17.932, 3, 80143, 97871, 100, 525.13
2026/10/09 04:33:18.932, 0, 80092, 97871, 0, 185.32
2026/10/09 04:33:18.932, 1, 80091, 97871, 0, 131.30
2026/10/09 04:33:18.932, 2, 80451, 97871, 0, 172.80
2026/10/09 04:33:18.932, 3, 80143, 97871, 100, 523.84
2026/10/09 04:33:19.932, 0, 80092, 97871, 0, 137.78
2026/10/09 04:33:19.932, 1, 80091, 97871, 0, 179.40
2026/10/09 04:33:19.932, 2, 80451, 97871, 0, 142.07
2026/10/09 04:33:19.932, 3, 80143, 97871, 100, 523.21
2026/10/09 04:33:20.932, 0, 80092, 97871, 0, 137.70
2026/10/09 04:33:20.932, 1, 80091, 97871, 0, 129.72
2026/10/09 04:33:20.932, 2, 80451, 97871, 0, 141.71
2026/10/09 04:33:20.932, 3, 80143, 97871, 100, 526.30
2026/10/09 04:33:21.932, 0, 80092, 97871, 0, 137.59
2026/10/09 04:33:21.932, 1, 80091, 97871, 0, 129.67
2026/10/09 04:33:21.932, 2, 80451, 97871, 0, 141.73
2026/10/09 04:33:21.932, 3, 80143, 97871, 100, 525.21
2026/10/09 04:33:22.933, 0, 80092, 97871, 0, 137.80
2026/10/09 04:33:22.933, 1, 80091, 97871, 0, 129.79
2026/10/09 04:33:22.933, 2, 80451, 97871, 0, 157.45
2026/10/09 04:33:22.933, 3, 80143, 97871, 100, 521.01
2026/10/09 04:33:23.933, 0, 80092, 97871, 0, 140.40
2026/10/09 04:33:23.933, 1, 80091, 97871, 0, 129.82
2026/10/09 04:33:23.933, 2, 80451, 97871, 0, 168.61
2026/10/09 04:33:23.933, 3, 80143, 97871, 100, 522.40
2026/10/09 04:33:24.933, 0, 80092, 97871, 0, 138.31
2026/10/09 04:33:24.935, 1, 80091, 97871, 0, 164.08
2026/10/09 04:33:24.935, 2, 80451, 97871, 0, 142.42
2026/10/09 04:33:24.936, 3, 80143, 97871, 100, 519.73
2026/10/09 04:33:25.936, 0, 80092, 97871, 0, 138.19
2026/10/09 04:33:25.936, 1, 80091, 97871, 0, 131.19
2026/10/09 04:33:25.936, 2, 80451, 97871, 0, 171.97
2026/10/09 04:33:25.936, 3, 80143, 97871, 100, 523.33
2026/10/09 04:33:26.936, 0, 80092, 97871, 0, 137.90
2026/10/09 04:33:26.936, 1, 80091, 97871, 0, 131.07
2026/10/09 04:33:26.936, 2, 80451, 97871, 0, 141.84
2026/10/09 04:33:26.936, 3, 80143, 97871, 100, 523.60
2026/10/09 04:33:27.936, 0, 80092, 97871, 0, 186.44
2026/10/09 04:33:27.936, 1, 80091, 97871, 0, 130.96
2026/10/09 04:33:27.936, 2, 80451, 97871, 0, 141.46
2026/10/09 04:33:27.936, 3, 80143, 97871, 100, 525.58
2026/10/09 04:33:28.937, 0, 80092, 97871, 0, 138.12
2026/10/09 04:33:28.937, 1, 80091, 97871, 0, 166.85
2026/10/09 04:33:28.937, 2, 80451, 97871, 0, 141.53
2026/10/09 04:33:28.937, 3, 80143, 97871, 100, 525.49
2026/10/09 04:33:29.937, 0, 80092, 97871, 0, 138.09
2026/10/09 04:33:29.937, 1, 80091, 97871, 0, 132.54
2026/10/09 04:33:29.937, 2, 80451, 97871, 0, 142.40
2026/10/09 04:33:29.937, 3, 80143, 97871, 100, 519.11
2026/10/09 04:33:30.937, 0, 80092, 97871, 0, 137.86
2026/10/09 04:33:30.937, 1, 80091, 97871, 0, 131.06
2026/10/09 04:33:30.937, 2, 80451, 97871, 25, 192.92
2026/10/09 04:33:30.937, 3, 80143, 97871, 100, 527.07
2026/10/09 04:33:31.937, 0, 80092, 97871, 0, 197.76
2026/10/09 04:33:31.937, 1, 80091, 97871, 0, 183.09
2026/10/09 04:33:31.937, 2, 80451, 97871, 0, 189.49
2026/10/09 04:33:31.937, 3, 80143, 97871, 100, 528.18
2026/10/09 04:33:32.937, 0, 80092, 97871, 0, 137.74
2026/10/09 04:33:32.938, 1, 80091, 97871, 0, 162.15
2026/10/09 04:33:32.938, 2, 80451, 97871, 0, 142.19
2026/10/09 04:33:32.938, 3, 80143, 97871, 100, 527.32
2026/10/09 04:33:33.938, 0, 80092, 97871, 0, 138.51
2026/10/09 04:33:33.938, 1, 80091, 97871, 0, 129.88
2026/10/09 04:33:33.938, 2, 80451, 97871, 0, 143.24
2026/10/09 04:33:33.938, 3, 80143, 97871, 100, 423.37
2026/10/09 04:33:34.938, 0, 80092, 97871, 0, 137.44
2026/10/09 04:33:34.940, 1, 80091, 97871, 0, 129.45
2026/10/09 04:33:34.940, 2, 80451, 97871, 0, 141.56
2026/10/09 04:33:34.941, 3, 80143, 97871, 100, 531.22
2026/10/09 04:33:35.941, 0, 80092, 97871, 0, 137.43
2026/10/09 04:33:35.941, 1, 80091, 97871, 0, 129.49
2026/10/09 04:33:35.941, 2, 80451, 97871, 29, 190.45
2026/10/09 04:33:35.941, 3, 80143, 97871, 100, 529.04
2026/10/09 04:33:36.941, 0, 80092, 97871, 0, 137.61
2026/10/09 04:33:36.941, 1, 80091, 97871, 0, 129.51
2026/10/09 04:33:36.941, 2, 80451, 97871, 0, 141.35
2026/10/09 04:33:36.941, 3, 80143, 97871, 100, 526.09
2026/10/09 04:33:37.941, 0, 80092, 97871, 0, 184.52
2026/10/09 04:33:37.941, 1, 80091, 97871, 0, 129.40
2026/10/09 04:33:37.941, 2, 80451, 97871, 0, 141.61
2026/10/09 04:33:37.941, 3, 80143, 97871, 100, 527.57
2026/10/09 04:33:38.941, 0, 80092, 97871, 0, 137.77
2026/10/09 04:33:38.942, 1, 80091, 97871, 0, 162.47
2026/10/09 04:33:38.942, 2, 80451, 97871, 0, 141.57
2026/10/09 04:33:38.942, 3, 80143, 97871, 100, 527.51
2026/10/09 04:33:39.942, 0, 80092, 97871, 0, 137.46
2026/10/09 04:33:39.942, 1, 80091, 97871, 0, 131.17
2026/10/09 04:33:39.942, 2, 80451, 97871, 0, 191.07
2026/10/09 04:33:39.942, 3, 80143, 97871, 100, 527.76
2026/10/09 04:33:40.942, 0, 80092, 97871, 0, 167.32
2026/10/09 04:33:40.942, 1, 80091, 97871, 0, 170.24
2026/10/09 04:33:40.942, 2, 80451, 97871, 0, 151.56
2026/10/09 04:33:40.942, 3, 80143, 97871, 100, 526.52
2026/10/09 04:33:41.942, 0, 80092, 97871, 0, 174.93
2026/10/09 04:33:41.942, 1, 80091, 97871, 37, 155.19
2026/10/09 04:33:41.942, 2, 80451, 97871, 0, 175.48
2026/10/09 04:33:41.942, 3, 80143, 97871, 100, 524.67
2026/10/09 04:33:42.942, 0, 80092, 97871, 0, 137.62
2026/10/09 04:33:42.942, 1, 80091, 97871, 0, 142.66
2026/10/09 04:33:42.943, 2, 80451, 97871, 0, 179.87
2026/10/09 04:33:42.943, 3, 80143, 97871, 100, 528.45
2026/10/09 04:33:43.943, 0, 80092, 97871, 51, 162.35
2026/10/09 04:33:43.943, 1, 80091, 97871, 0, 130.19
2026/10/09 04:33:43.943, 2, 80451, 97871, 0, 142.35
2026/10/09 04:33:43.943, 3, 80143, 97871, 100, 526.32
2026/10/09 04:33:44.943, 0, 80092, 97871, 0, 138.47
2026/10/09 04:33:44.958, 1, 80091, 97871, 0, 166.60
2026/10/09 04:33:44.958, 2, 80451, 97871, 0, 141.58
2026/10/09 04:33:44.958, 3, 80143, 97871, 100, 526.23
2026/10/09 04:33:45.958, 0, 80092, 97871, 0, 139.85
2026/10/09 04:33:45.958, 1, 80091, 97871, 0, 132.11
2026/10/09 04:33:45.959, 2, 80451, 97871, 0, 141.49
2026/10/09 04:33:45.959, 3, 80143, 97871, 55, 418.94
2026/10/09 04:33:46.959, 0, 80092, 97871, 41, 251.57
2026/10/09 04:33:46.959, 1, 80091, 97871, 84, 259.55
2026/10/09 04:33:46.959, 2, 80451, 97871, 64, 299.07
2026/10/09 04:33:46.959, 3, 80143, 97871, 86, 315.11
2026/10/09 04:33:47.959, 0, 80092, 97871, 45, 285.02
2026/10/09 04:33:47.959, 1, 80091, 97871, 65, 285.11
2026/10/09 04:33:47.959, 2, 80451, 97871, 51, 301.01
2026/10/09 04:33:47.959, 3, 80143, 97871, 65, 402.80
2026/10/09 04:33:48.959, 0, 80092, 97871, 0, 206.43
2026/10/09 04:33:48.959, 1, 80091, 97871, 0, 206.82
2026/10/09 04:33:48.959, 2, 80451, 97871, 0, 193.29
2026/10/09 04:33:48.959, 3, 80143, 97871, 100, 535.64
2026/10/09 04:33:49.959, 0, 80092, 97871, 0, 138.81
2026/10/09 04:33:49.959, 1, 80091, 97871, 0, 131.26
2026/10/09 04:33:49.959, 2, 80451, 97871, 0, 141.97
2026/10/09 04:33:49.959, 3, 80143, 97871, 81, 505.06
2026/10/09 04:33:50.960, 0, 80092, 97871, 2, 206.53
2026/10/09 04:33:50.960, 1, 80091, 97871, 0, 163.90
2026/10/09 04:33:50.960, 2, 80451, 97871, 80, 242.29
2026/10/09 04:33:50.960, 3, 80143, 97871, 100, 482.45
2026/10/09 04:33:51.960, 0, 80092, 97871, 0, 173.49
2026/10/09 04:33:51.960, 1, 80091, 97871, 0, 198.31
2026/10/09 04:33:51.960, 2, 80451, 97871, 0, 173.51
2026/10/09 04:33:51.960, 3, 80143, 97871, 100, 523.90
2026/10/09 04:33:52.960, 0, 80092, 97871, 0, 168.32
2026/10/09 04:33:52.960, 1, 80091, 97871, 0, 130.98
2026/10/09 04:33:52.960, 2, 80451, 97871, 0, 174.51
2026/10/09 04:33:52.960, 3, 80143, 97871, 100, 522.38
2026/10/09 04:33:53.960, 0, 80092, 97871, 0, 138.11
2026/10/09 04:33:53.960, 1, 80091, 97871, 0, 131.00
2026/10/09 04:33:53.960, 2, 80451, 97871, 0, 141.92
2026/10/09 04:33:53.960, 3, 80143, 97871, 100, 522.39
2026/10/09 04:33:54.960, 0, 80092, 97871, 0, 138.15
2026/10/09 04:33:54.963, 1, 80091, 97871, 0, 130.84
2026/10/09 04:33:54.963, 2, 80451, 97871, 0, 141.87
2026/10/09 04:33:54.963, 3, 80143, 97871, 100, 518.68
2026/10/09 04:33:55.963, 0, 80092, 97871, 0, 179.12
2026/10/09 04:33:55.963, 1, 80091, 97871, 0, 214.79
2026/10/09 04:33:55.963, 2, 80451, 97871, 0, 165.65
2026/10/09 04:33:55.963, 3, 80143, 97871, 100, 518.97
2026/10/09 04:33:56.963, 0, 80092, 97871, 33, 227.05
2026/10/09 04:33:56.964, 1, 80091, 97871, 36, 213.29
2026/10/09 04:33:56.964, 2, 80451, 97871, 62, 247.31
2026/10/09 04:33:56.964, 3, 80143, 97871, 92, 309.63
2026/10/09 04:33:57.964, 0, 80092, 97871, 1, 312.65
2026/10/09 04:33:57.964, 1, 80091, 97871, 55, 337.91
2026/10/09 04:33:57.964, 2, 80451, 97871, 65, 346.08
2026/10/09 04:33:57.964, 3, 80143, 97871, 66, 362.96
2026/10/09 04:33:58.964, 0, 80092, 97871, 0, 300.32
2026/10/09 04:33:58.964, 1, 80091, 97871, 47, 304.04
2026/10/09 04:33:58.964, 2, 80451, 97871, 0, 278.82
2026/10/09 04:33:58.964, 3, 80143, 97871, 78, 360.39
2026/10/09 04:33:59.964, 0, 80092, 97871, 0, 172.20
2026/10/09 04:33:59.964, 1, 80091, 97871, 0, 165.86
2026/10/09 04:33:59.964, 2, 80451, 97871, 42, 212.06
2026/10/09 04:33:59.964, 3, 80143, 97871, 98, 510.66
2026/10/09 04:34:00.964, 0, 80092, 97871, 37, 345.39
2026/10/09 04:34:00.965, 1, 80091, 97871, 17, 276.75
2026/10/09 04:34:00.965, 2, 80451, 97871, 67, 298.94
2026/10/09 04:34:00.965, 3, 80143, 97871, 100, 374.12
2026/10/09 04:34:01.965, 0, 80092, 97871, 0, 171.24
2026/10/09 04:34:01.965, 1, 80091, 97871, 0, 187.94
2026/10/09 04:34:01.965, 2, 80451, 97871, 0, 218.22
2026/10/09 04:34:01.965, 3, 80143, 97871, 100, 504.27
2026/10/09 04:34:02.965, 0, 80092, 97871, 0, 138.10
2026/10/09 04:34:02.965, 1, 80091, 97871, 0, 131.47
2026/10/09 04:34:02.965, 2, 80451, 97871, 0, 142.37
2026/10/09 04:34:02.965, 3, 80143, 97871, 100, 526.87
2026/10/09 04:34:03.965, 0, 80092, 97871, 0, 185.53
2026/10/09 04:34:03.965, 1, 80091, 97871, 0, 130.36
2026/10/09 04:34:03.965, 2, 80451, 97871, 0, 140.40
2026/10/09 04:34:03.965, 3, 80143, 97871, 100, 530.66
2026/10/09 04:34:04.965, 0, 80092, 97871, 0, 138.28
2026/10/09 04:34:04.969, 1, 80091, 97871, 0, 161.86
2026/10/09 04:34:04.969, 2, 80451, 97871, 0, 179.35
2026/10/09 04:34:04.969, 3, 80143, 97871, 100, 528.74
2026/10/09 04:34:05.970, 0, 80092, 97871, 0, 169.53
2026/10/09 04:34:05.970, 1, 80091, 97871, 0, 163.05
2026/10/09 04:34:05.970, 2, 80451, 97871, 0, 183.20
2026/10/09 04:34:05.970, 3, 80143, 97871, 100, 524.15
2026/10/09 04:34:06.970, 0, 80092, 97871, 0, 174.12
2026/10/09 04:34:06.970, 1, 80091, 97871, 0, 184.13
2026/10/09 04:34:06.970, 2, 80451, 97871, 0, 140.40
2026/10/09 04:34:06.970, 3, 80143, 97871, 100, 530.85
2026/10/09 04:34:07.970, 0, 80092, 97871, 0, 137.73
2026/10/09 04:34:07.970, 1, 80091, 97871, 0, 130.20
2026/10/09 04:34:07.970, 2, 80451, 97871, 0, 175.84
2026/10/09 04:34:07.970, 3, 80143, 97871, 100, 521.77
2026/10/09 04:34:08.970, 0, 80092, 97871, 55, 219.59
2026/10/09 04:34:08.970, 1, 80091, 97871, 64, 206.89
2026/10/09 04:34:08.970, 2, 80451, 97871, 57, 167.65
2026/10/09 04:34:08.970, 3, 80143, 97871, 85, 243.74
2026/10/09 04:34:09.970, 0, 80092, 97871, 23, 269.52
2026/10/09 04:34:09.971, 1, 80091, 97871, 35, 269.20
2026/10/09 04:34:09.971, 2, 80451, 97871, 0, 290.67
2026/10/09 04:34:09.971, 3, 80143, 97871, 95, 426.18
2026/10/09 04:34:10.971, 0, 80092, 97871, 10, 299.37
2026/10/09 04:34:10.971, 1, 80091, 97871, 18, 328.71
2026/10/09 04:34:10.971, 2, 80451, 97871, 31, 315.53
2026/10/09 04:34:10.971, 3, 80143, 97871, 98, 392.90
2026/10/09 04:34:11.971, 0, 80092, 97871, 39, 338.95
2026/10/09 04:34:11.971, 1, 80091, 97871, 0, 306.43
2026/10/09 04:34:11.971, 2, 80451, 97871, 53, 288.91
2026/10/09 04:34:11.971, 3, 80143, 97871, 97, 440.29
2026/10/09 04:34:12.971, 0, 80092, 97871, 77, 334.71
2026/10/09 04:34:12.971, 1, 80091, 97871, 11, 322.92
2026/10/09 04:34:12.972, 2, 80451, 97871, 38, 305.48
2026/10/09 04:34:12.972, 3, 80142, 97871, 71, 408.47
2026/10/09 04:34:13.972, 0, 80092, 97871, 0, 279.81
2026/10/09 04:34:13.972, 1, 80091, 97871, 25, 310.97
2026/10/09 04:34:13.972, 2, 80451, 97871, 0, 260.87
2026/10/09 04:34:13.972, 3, 80142, 97871, 100, 354.50
2026/10/09 04:34:14.972, 0, 80092, 97871, 56, 169.36
2026/10/09 04:34:14.974, 1, 80091, 97871, 0, 131.57
2026/10/09 04:34:14.974, 2, 80451, 97871, 0, 174.02
2026/10/09 04:34:14.974, 3, 80142, 97871, 100, 535.51
2026/10/09 04:34:15.975, 0, 80092, 97871, 47, 253.58
2026/10/09 04:34:15.975, 1, 80091, 97871, 22, 304.29
2026/10/09 04:34:15.975, 2, 80451, 97871, 59, 281.17
2026/10/09 04:34:15.975, 3, 80142, 97871, 81, 353.12
2026/10/09 04:34:16.975, 0, 80092, 97871, 0, 292.41
2026/10/09 04:34:16.975, 1, 80091, 97871, 36, 292.09
2026/10/09 04:34:16.975, 2, 80451, 97871, 0, 294.30
2026/10/09 04:34:16.975, 3, 80142, 97871, 99, 309.28
2026/10/09 04:34:17.975, 0, 80092, 97871, 0, 165.61
2026/10/09 04:34:17.975, 1, 80091, 97871, 0, 131.40
2026/10/09 04:34:17.975, 2, 80451, 97871, 0, 143.47
2026/10/09 04:34:17.975, 3, 80142, 97871, 100, 528.12
2026/10/09 04:34:18.975, 0, 80092, 97871, 0, 138.52
2026/10/09 04:34:18.975, 1, 80091, 97871, 0, 160.37
2026/10/09 04:34:18.976, 2, 80451, 97871, 0, 177.78
2026/10/09 04:34:18.976, 3, 80142, 97871, 100, 527.82
2026/10/09 04:34:19.976, 0, 80092, 97871, 0, 168.69
2026/10/09 04:34:19.976, 1, 80091, 97871, 0, 164.89
2026/10/09 04:34:19.976, 2, 80451, 97871, 0, 141.80
2026/10/09 04:34:19.976, 3, 80142, 97871, 100, 529.69
2026/10/09 04:34:20.976, 0, 80092, 97871, 0, 167.35
2026/10/09 04:34:20.976, 1, 80091, 97871, 0, 130.12
2026/10/09 04:34:20.976, 2, 80451, 97871, 0, 169.27
2026/10/09 04:34:20.976, 3, 80142, 97871, 100, 523.26
2026/10/09 04:34:21.976, 0, 80092, 97871, 7, 175.70
2026/10/09 04:34:21.976, 1, 80091, 97871, 0, 171.89
2026/10/09 04:34:21.976, 2, 80451, 97871, 0, 182.29
2026/10/09 04:34:21.976, 3, 80142, 97871, 100, 524.83
2026/10/09 04:34:22.976, 0, 80092, 97871, 0, 138.93
2026/10/09 04:34:22.976, 1, 80091, 97871, 0, 169.28
2026/10/09 04:34:22.976, 2, 80451, 97871, 0, 141.04
2026/10/09 04:34:22.976, 3, 80142, 97871, 100, 522.31
2026/10/09 04:34:23.977, 0, 80092, 97871, 0, 163.28
2026/10/09 04:34:23.977, 1, 80091, 97871, 0, 130.13
2026/10/09 04:34:23.977, 2, 80451, 97871, 0, 172.63
2026/10/09 04:34:23.977, 3, 80142, 97871, 100, 520.99
2026/10/09 04:34:24.977, 0, 80092, 97871, 0, 138.27
2026/10/09 04:34:24.979, 1, 80091, 97871, 0, 161.26
2026/10/09 04:34:24.979, 2, 80451, 97871, 0, 174.14
2026/10/09 04:34:24.979, 3, 80142, 97871, 100, 526.23
2026/10/09 04:34:25.979, 0, 80092, 97871, 0, 173.77
2026/10/09 04:34:25.980, 1, 80091, 97871, 0, 155.68
2026/10/09 04:34:25.980, 2, 80451, 97871, 0, 178.64
2026/10/09 04:34:25.980, 3, 80142, 97871, 100, 524.60
2026/10/09 04:34:26.980, 0, 80092, 97871, 0, 174.01
2026/10/09 04:34:26.980, 1, 80091, 97871, 0, 159.88
2026/10/09 04:34:26.980, 2, 80451, 97871, 0, 140.78
2026/10/09 04:34:26.980, 3, 80142, 97871, 100, 520.61
2026/10/09 04:34:27.980, 0, 80092, 97871, 0, 137.62
2026/10/09 04:34:27.980, 1, 80091, 97871, 0, 130.02
2026/10/09 04:34:27.980, 2, 80451, 97871, 0, 169.28
2026/10/09 04:34:27.980, 3, 80142, 97871, 100, 524.90
2026/10/09 04:34:28.980, 0, 80092, 97871, 0, 172.48
2026/10/09 04:34:28.980, 1, 80091, 97871, 0, 129.95
2026/10/09 04:34:28.980, 2, 80451, 97871, 0, 165.66
2026/10/09 04:34:28.980, 3, 80142, 97871, 88, 482.29
2026/10/09 04:34:29.980, 0, 80092, 97871, 0, 142.18
2026/10/09 04:34:29.980, 1, 80091, 97871, 0, 131.09
2026/10/09 04:34:29.980, 2, 80451, 97871, 0, 143.99
2026/10/09 04:34:29.980, 3, 80142, 97871, 84, 183.60
2026/10/09 04:34:30.981, 0, 80092, 97871, 0, 332.52
2026/10/09 04:34:30.981, 1, 80091, 97871, 56, 315.00
2026/10/09 04:34:30.981, 2, 80451, 97871, 0, 284.70
2026/10/09 04:34:30.981, 3, 80142, 97871, 91, 344.95
2026/10/09 04:34:31.981, 0, 80092, 97871, 0, 290.32
2026/10/09 04:34:31.981, 1, 80091, 97871, 12, 288.74
2026/10/09 04:34:31.981, 2, 80451, 97871, 67, 313.90
2026/10/09 04:34:31.981, 3, 80142, 97871, 83, 400.94
2026/10/09 04:34:32.981, 0, 80092, 97871, 0, 195.35
2026/10/09 04:34:32.981, 1, 80091, 97871, 0, 190.89
2026/10/09 04:34:32.981, 2, 80451, 97871, 0, 189.84
2026/10/09 04:34:32.981, 3, 80142, 97871, 100, 535.53
2026/10/09 04:34:33.981, 0, 80092, 97871, 41, 226.21
2026/10/09 04:34:33.982, 1, 80091, 97871, 0, 156.96
2026/10/09 04:34:33.982, 2, 80451, 97871, 0, 190.95
2026/10/09 04:34:33.982, 3, 80142, 97871, 100, 533.93
2026/10/09 04:34:34.982, 0, 80092, 97871, 0, 151.04
2026/10/09 04:34:34.988, 1, 80091, 97871, 48, 186.15
2026/10/09 04:34:34.988, 2, 80451, 97871, 27, 171.74
2026/10/09 04:34:34.988, 3, 80142, 97871, 100, 529.26
2026/10/09 04:34:35.989, 0, 80092, 97871, 0, 204.29
2026/10/09 04:34:35.989, 1, 80091, 97871, 16, 171.70
2026/10/09 04:34:35.989, 2, 80451, 97871, 16, 189.26
2026/10/09 04:34:35.989, 3, 80142, 97871, 95, 436.57
2026/10/09 04:34:36.989, 0, 80092, 97871, 0, 172.20
2026/10/09 04:34:36.989, 1, 80091, 97871, 0, 162.61
2026/10/09 04:34:36.989, 2, 80451, 97871, 0, 141.55
2026/10/09 04:34:36.989, 3, 80142, 97871, 100, 532.34
2026/10/09 04:34:37.989, 0, 80092, 97871, 0, 137.72
2026/10/09 04:34:37.989, 1, 80091, 97871, 0, 130.08
2026/10/09 04:34:37.989, 2, 80451, 97871, 0, 192.76
2026/10/09 04:34:37.989, 3, 80142, 97871, 100, 529.37
2026/10/09 04:34:38.989, 0, 80092, 97871, 0, 180.61
2026/10/09 04:34:38.990, 1, 80091, 97871, 0, 129.72
2026/10/09 04:34:38.990, 2, 80451, 97871, 0, 141.75
2026/10/09 04:34:38.990, 3, 80142, 97871, 100, 528.67
2026/10/09 04:34:39.990, 0, 80092, 97871, 0, 137.63
2026/10/09 04:34:39.990, 1, 80091, 97871, 0, 169.67
2026/10/09 04:34:39.990, 2, 80451, 97871, 0, 141.73
2026/10/09 04:34:39.990, 3, 80142, 97871, 100, 526.13
2026/10/09 04:34:40.990, 0, 80092, 97871, 0, 137.63
2026/10/09 04:34:40.990, 1, 80091, 97871, 0, 129.73
2026/10/09 04:34:40.990, 2, 80451, 97871, 0, 185.73
2026/10/09 04:34:40.990, 3, 80142, 97871, 100, 526.60
2026/10/09 04:34:41.990, 0, 80092, 97871, 0, 176.34
2026/10/09 04:34:41.990, 1, 80091, 97871, 61, 164.50
2026/10/09 04:34:41.990, 2, 80451, 97871, 0, 141.85
2026/10/09 04:34:41.990, 3, 80142, 97871, 100, 528.01
2026/10/09 04:34:42.991, 0, 80092, 97871, 0, 138.06
2026/10/09 04:34:42.991, 1, 80091, 97871, 0, 129.93
2026/10/09 04:34:42.991, 2, 80451, 97871, 0, 141.67
2026/10/09 04:34:42.991, 3, 80142, 97871, 100, 526.70
2026/10/09 04:34:43.991, 0, 80092, 97871, 0, 137.85
2026/10/09 04:34:43.991, 1, 80091, 97871, 0, 129.78
2026/10/09 04:34:43.991, 2, 80451, 97871, 0, 141.54
2026/10/09 04:34:43.991, 3, 80142, 97871, 100, 525.46
2026/10/09 04:34:44.991, 0, 80092, 97871, 0, 190.07
2026/10/09 04:34:44.993, 1, 80091, 97871, 0, 129.69
2026/10/09 04:34:44.993, 2, 80451, 97871, 19, 184.87
2026/10/09 04:34:44.993, 3, 80142, 97871, 100, 526.17
2026/10/09 04:34:45.994, 0, 80092, 97871, 0, 137.77
2026/10/09 04:34:45.994, 1, 80091, 97871, 0, 175.18
2026/10/09 04:34:45.994, 2, 80451, 97871, 0, 175.50
2026/10/09 04:34:45.994, 3, 80142, 97871, 100, 438.07
2026/10/09 04:34:46.994, 0, 80092, 97871, 0, 191.95
2026/10/09 04:34:46.994, 1, 80091, 97871, 0, 130.93
2026/10/09 04:34:46.994, 2, 80451, 97871, 0, 141.54
2026/10/09 04:34:46.994, 3, 80142, 97871, 100, 528.07
2026/10/09 04:34:47.994, 0, 80092, 97871, 0, 137.70
2026/10/09 04:34:47.994, 1, 80091, 97871, 0, 162.65
2026/10/09 04:34:47.994, 2, 80451, 97871, 0, 141.57
2026/10/09 04:34:47.994, 3, 80142, 97871, 100, 525.65
2026/10/09 04:34:48.994, 0, 80092, 97871, 0, 137.54
2026/10/09 04:34:48.994, 1, 80091, 97871, 0, 130.85
2026/10/09 04:34:48.994, 2, 80451, 97871, 0, 173.19
2026/10/09 04:34:48.994, 3, 80142, 97871, 100, 525.95
2026/10/09 04:34:49.994, 0, 80092, 97871, 0, 183.09
2026/10/09 04:34:49.994, 1, 80091, 97871, 0, 164.90
2026/10/09 04:34:49.994, 2, 80451, 97871, 0, 143.83
2026/10/09 04:34:49.994, 3, 80142, 97871, 100, 525.19
2026/10/09 04:34:50.995, 0, 80092, 97871, 0, 142.57
2026/10/09 04:34:50.995, 1, 80091, 97871, 0, 131.27
2026/10/09 04:34:50.995, 2, 80451, 97871, 0, 174.10
2026/10/09 04:34:50.995, 3, 80142, 97871, 100, 521.59
2026/10/09 04:34:51.995, 0, 80092, 97871, 0, 162.35
2026/10/09 04:34:51.995, 1, 80091, 97871, 0, 159.05
2026/10/09 04:34:51.995, 2, 80451, 97871, 0, 184.92
2026/10/09 04:34:51.995, 3, 80142, 97871, 100, 523.34
2026/10/09 04:34:52.995, 0, 80092, 97871, 0, 172.01
2026/10/09 04:34:52.995, 1, 80091, 97871, 0, 130.90
2026/10/09 04:34:52.995, 2, 80451, 97871, 0, 144.07
2026/10/09 04:34:52.995, 3, 80142, 97871, 100, 524.99
2026/10/09 04:34:53.995, 0, 80092, 97871, 0, 138.20
2026/10/09 04:34:53.995, 1, 80091, 97871, 47, 153.36
2026/10/09 04:34:53.995, 2, 80451, 97871, 0, 142.32
2026/10/09 04:34:53.995, 3, 80142, 97871, 100, 523.59
2026/10/09 04:34:54.995, 0, 80092, 97871, 0, 137.93
2026/10/09 04:34:54.998, 1, 80091, 97871, 0, 131.68
2026/10/09 04:34:54.998, 2, 80451, 97871, 0, 168.16
2026/10/09 04:34:54.998, 3, 80142, 97871, 100, 524.88
2026/10/09 04:34:55.999, 0, 80092, 97871, 0, 138.33
2026/10/09 04:34:55.999, 1, 80091, 97871, 0, 131.96
2026/10/09 04:34:55.999, 2, 80451, 97871, 0, 142.41
2026/10/09 04:34:55.999, 3, 80142, 97871, 100, 523.32
2026/10/09 04:34:56.999, 0, 80092, 97871, 0, 139.94
2026/10/09 04:34:56.999, 1, 80091, 97871, 0, 138.87
2026/10/09 04:34:56.999, 2, 80451, 97871, 0, 143.12
2026/10/09 04:34:56.999, 3, 80142, 97871, 100, 378.91
2026/10/09 04:34:57.999, 0, 80092, 97871, 46, 329.18
2026/10/09 04:34:57.999, 1, 80091, 97871, 0, 307.07
2026/10/09 04:34:57.999, 2, 80451, 97871, 0, 320.73
2026/10/09 04:34:57.999, 3, 80142, 97871, 98, 389.32
2026/10/09 04:34:58.999, 0, 80092, 97871, 0, 317.76
2026/10/09 04:34:58.999, 1, 80091, 97871, 75, 315.38
2026/10/09 04:34:58.999, 2, 80451, 97871, 0, 287.73
2026/10/09 04:34:58.999, 3, 80142, 97871, 92, 346.96
2026/10/09 04:34:59.999, 0, 80092, 97871, 0, 277.73
2026/10/09 04:34:59.999, 1, 80091, 97871, 48, 295.88
2026/10/09 04:34:59.999, 2, 80451, 97871, 12, 312.60
2026/10/09 04:35:00.000, 3, 80142, 97871, 95, 378.75
2026/10/09 04:35:01.000, 0, 80092, 97871, 24, 346.74
2026/10/09 04:35:01.000, 1, 80091, 97871, 35, 312.67
2026/10/09 04:35:01.000, 2, 80451, 97871, 2, 319.51
2026/10/09 04:35:01.000, 3, 80142, 97871, 74, 335.96
2026/10/09 04:35:02.000, 0, 80092, 97871, 0, 294.82
2026/10/09 04:35:02.000, 1, 80091, 97871, 51, 284.71
2026/10/09 04:35:02.000, 2, 80451, 97871, 36, 285.63
2026/10/09 04:35:02.000, 3, 80142, 97871, 74, 338.89
2026/10/09 04:35:03.000, 0, 80092, 97871, 0, 216.64
2026/10/09 04:35:03.000, 1, 80091, 97871, 0, 171.98
2026/10/09 04:35:03.000, 2, 80451, 97871, 0, 198.85
2026/10/09 04:35:03.000, 3, 80142, 97871, 100, 481.08
2026/10/09 04:35:04.000, 0, 80092, 97871, 0, 138.21
2026/10/09 04:35:04.001, 1, 80091, 97871, 60, 179.99
2026/10/09 04:35:04.001, 2, 80451, 97871, 92, 196.07
2026/10/09 04:35:04.001, 3, 80142, 97871, 100, 532.06
2026/10/09 04:35:05.001, 0, 80092, 97871, 0, 137.95
2026/10/09 04:35:05.003, 1, 80091, 97871, 0, 130.38
2026/10/09 04:35:05.003, 2, 80451, 97871, 0, 140.90
2026/10/09 04:35:05.003, 3, 80142, 97871, 100, 530.42
2026/10/09 04:35:06.003, 0, 80092, 97871, 0, 137.59
2026/10/09 04:35:06.003, 1, 80091, 97871, 0, 130.05
2026/10/09 04:35:06.004, 2, 80451, 97871, 0, 140.35
2026/10/09 04:35:06.004, 3, 80142, 97871, 100, 528.37
2026/10/09 04:35:07.004, 0, 80092, 97871, 46, 218.55
2026/10/09 04:35:07.004, 1, 80091, 97871, 0, 177.87
2026/10/09 04:35:07.004, 2, 80451, 97871, 0, 177.53
2026/10/09 04:35:07.004, 3, 80142, 97871, 90, 475.74
2026/10/09 04:35:08.004, 0, 80092, 97871, 58, 336.37
2026/10/09 04:35:08.004, 1, 80091, 97871, 85, 301.82
2026/10/09 04:35:08.004, 2, 80451, 97871, 62, 353.76
2026/10/09 04:35:08.004, 3, 80142, 97871, 73, 348.19
2026/10/09 04:35:09.004, 0, 80092, 97871, 0, 192.29
2026/10/09 04:35:09.004, 1, 80091, 97871, 0, 213.57
2026/10/09 04:35:09.004, 2, 80451, 97871, 0, 237.30
2026/10/09 04:35:09.004, 3, 80142, 97871, 100, 526.85
2026/10/09 04:35:10.004, 0, 80092, 97871, 0, 138.69
2026/10/09 04:35:10.005, 1, 80091, 97871, 0, 131.21
2026/10/09 04:35:10.005, 2, 80451, 97871, 0, 140.72
2026/10/09 04:35:10.005, 3, 80142, 97871, 100, 527.68
2026/10/09 04:35:11.005, 0, 80092, 97871, 0, 138.44
2026/10/09 04:35:11.005, 1, 80091, 97871, 0, 130.82
2026/10/09 04:35:11.005, 2, 80451, 97871, 0, 140.35
2026/10/09 04:35:11.005, 3, 80142, 97871, 100, 528.18
2026/10/09 04:35:12.005, 0, 80092, 97871, 0, 189.04
2026/10/09 04:35:12.005, 1, 80091, 97871, 0, 180.27
2026/10/09 04:35:12.005, 2, 80451, 97871, 0, 176.14
2026/10/09 04:35:12.005, 3, 80142, 97871, 100, 528.01
2026/10/09 04:35:13.005, 0, 80092, 97871, 0, 166.51
2026/10/09 04:35:13.005, 1, 80091, 97871, 0, 169.57
2026/10/09 04:35:13.005, 2, 80451, 97871, 0, 140.89
2026/10/09 04:35:13.005, 3, 80142, 97871, 100, 528.05
2026/10/09 04:35:14.005, 0, 80092, 97871, 0, 137.71
2026/10/09 04:35:14.006, 1, 80091, 97871, 0, 155.29
2026/10/09 04:35:14.006, 2, 80451, 97871, 0, 140.55
2026/10/09 04:35:14.006, 3, 80142, 97871, 100, 526.12
2026/10/09 04:35:15.006, 0, 80092, 97871, 61, 176.98
2026/10/09 04:35:15.008, 1, 80091, 97871, 0, 131.07
2026/10/09 04:35:15.008, 2, 80451, 97871, 0, 182.08
2026/10/09 04:35:15.008, 3, 80142, 97871, 100, 523.32
2026/10/09 04:35:16.008, 0, 80092, 97871, 42, 173.90
2026/10/09 04:35:16.008, 1, 80091, 97871, 0, 178.68
2026/10/09 04:35:16.008, 2, 80451, 97871, 0, 182.02
2026/10/09 04:35:16.009, 3, 80142, 97871, 100, 522.12
2026/10/09 04:35:17.009, 0, 80092, 97871, 0, 140.45
2026/10/09 04:35:17.009, 1, 80091, 97871, 0, 166.75
2026/10/09 04:35:17.009, 2, 80451, 97871, 0, 190.46
2026/10/09 04:35:17.009, 3, 80142, 97871, 89, 320.91
2026/10/09 04:35:18.009, 0, 80092, 97871, 0, 213.21
2026/10/09 04:35:18.009, 1, 80091, 97871, 0, 197.66
2026/10/09 04:35:18.009, 2, 80451, 97871, 0, 195.17
2026/10/09 04:35:18.009, 3, 80142, 97871, 100, 485.53
2026/10/09 04:35:19.009, 0, 80092, 97871, 61, 176.15
2026/10/09 04:35:19.009, 1, 80091, 97871, 0, 130.15
2026/10/09 04:35:19.009, 2, 80451, 97871, 0, 177.98
2026/10/09 04:35:19.009, 3, 80142, 97871, 100, 529.86
2026/10/09 04:35:20.009, 0, 80092, 97871, 0, 137.65
2026/10/09 04:35:20.009, 1, 80091, 97871, 0, 129.86
2026/10/09 04:35:20.009, 2, 80451, 97871, 0, 140.42
2026/10/09 04:35:20.009, 3, 80142, 97871, 100, 526.22
2026/10/09 04:35:21.010, 0, 80092, 97871, 0, 137.84
2026/10/09 04:35:21.010, 1, 80091, 97871, 11, 164.60
2026/10/09 04:35:21.010, 2, 80451, 97871, 0, 140.37
2026/10/09 04:35:21.010, 3, 80142, 97871, 100, 522.85
2026/10/09 04:35:22.010, 0, 80092, 97871, 0, 169.86
2026/10/09 04:35:22.010, 1, 80091, 97871, 4, 172.03
2026/10/09 04:35:22.010, 2, 80451, 97871, 0, 174.18
2026/10/09 04:35:22.010, 3, 80142, 97871, 100, 527.60
2026/10/09 04:35:23.010, 0, 80092, 97871, 0, 137.64
2026/10/09 04:35:23.010, 1, 80091, 97871, 0, 130.43
2026/10/09 04:35:23.010, 2, 80451, 97871, 0, 141.51
2026/10/09 04:35:23.010, 3, 80142, 97871, 100, 522.01
2026/10/09 04:35:24.010, 0, 80092, 97871, 0, 137.80
2026/10/09 04:35:24.010, 1, 80091, 97871, 0, 130.20
2026/10/09 04:35:24.010, 2, 80451, 97871, 0, 141.20
2026/10/09 04:35:24.010, 3, 80142, 97871, 100, 523.19
2026/10/09 04:35:25.010, 0, 80092, 97871, 0, 138.37
2026/10/09 04:35:25.013, 1, 80091, 97871, 0, 131.25
2026/10/09 04:35:25.013, 2, 80451, 97871, 0, 141.83
2026/10/09 04:35:25.013, 3, 80142, 97871, 100, 485.97
2026/10/09 04:35:26.013, 0, 80092, 97871, 0, 295.52
2026/10/09 04:35:26.014, 1, 80091, 97871, 29, 292.00
2026/10/09 04:35:26.014, 2, 80451, 97871, 0, 318.68
2026/10/09 04:35:26.014, 3, 80142, 97871, 99, 397.92
2026/10/09 04:35:27.014, 0, 80092, 97871, 0, 253.13
2026/10/09 04:35:27.014, 1, 80091, 97871, 0, 262.73
2026/10/09 04:35:27.014, 2, 80451, 97871, 0, 243.34
2026/10/09 04:35:27.014, 3, 80142, 97871, 100, 417.43
2026/10/09 04:35:28.014, 0, 80092, 97871, 0, 138.21
2026/10/09 04:35:28.014, 1, 80091, 97871, 0, 131.40
2026/10/09 04:35:28.014, 2, 80451, 97871, 0, 178.10
2026/10/09 04:35:28.014, 3, 80142, 97871, 100, 531.63
2026/10/09 04:35:29.014, 0, 80092, 97871, 0, 170.16
2026/10/09 04:35:29.014, 1, 80091, 97871, 0, 130.26
2026/10/09 04:35:29.014, 2, 80451, 97871, 0, 142.01
2026/10/09 04:35:29.014, 3, 80142, 97871, 100, 530.25
2026/10/09 04:35:30.014, 0, 80092, 97871, 35, 164.72
2026/10/09 04:35:30.015, 1, 80091, 97871, 0, 169.82
2026/10/09 04:35:30.015, 2, 80451, 97871, 0, 183.60
2026/10/09 04:35:30.015, 3, 80142, 97871, 100, 527.60
2026/10/09 04:35:31.015, 0, 80092, 97871, 0, 138.80
2026/10/09 04:35:31.015, 1, 80091, 97871, 0, 158.90
2026/10/09 04:35:31.015, 2, 80451, 97871, 0, 140.88
2026/10/09 04:35:31.015, 3, 80142, 97871, 100, 528.50
2026/10/09 04:35:32.015, 0, 80092, 97871, 45, 179.46
2026/10/09 04:35:32.015, 1, 80091, 97871, 0, 129.63
2026/10/09 04:35:32.015, 2, 80451, 97871, 0, 174.33
2026/10/09 04:35:32.015, 3, 80142, 97871, 100, 526.25
2026/10/09 04:35:33.015, 0, 80092, 97871, 0, 137.47
2026/10/09 04:35:33.015, 1, 80091, 97871, 0, 162.17
2026/10/09 04:35:33.015, 2, 80451, 97871, 0, 142.44
2026/10/09 04:35:33.015, 3, 80142, 97871, 100, 527.49
2026/10/09 04:35:34.015, 0, 80092, 97871, 0, 137.49
2026/10/09 04:35:34.016, 1, 80091, 97871, 0, 131.04
2026/10/09 04:35:34.016, 2, 80451, 97871, 0, 142.19
2026/10/09 04:35:34.016, 3, 80142, 97871, 100, 528.41
2026/10/09 04:35:35.016, 0, 80092, 97871, 0, 137.38
2026/10/09 04:35:35.018, 1, 80091, 97871, 0, 130.94
2026/10/09 04:35:35.018, 2, 80451, 97871, 0, 142.15
2026/10/09 04:35:35.018, 3, 80142, 97871, 100, 528.55
2026/10/09 04:35:36.018, 0, 80092, 97871, 0, 137.18
2026/10/09 04:35:36.019, 1, 80091, 97871, 0, 130.98
2026/10/09 04:35:36.019, 2, 80451, 97871, 0, 181.98
2026/10/09 04:35:36.019, 3, 80142, 97871, 100, 527.25
2026/10/09 04:35:37.019, 0, 80092, 97871, 0, 169.02
2026/10/09 04:35:37.019, 1, 80091, 97871, 0, 169.63
2026/10/09 04:35:37.019, 2, 80451, 97871, 0, 142.11
2026/10/09 04:35:37.019, 3, 80142, 97871, 81, 503.11
2026/10/09 04:35:38.019, 0, 80092, 97871, 0, 139.88
2026/10/09 04:35:38.019, 1, 80091, 97871, 0, 131.56
2026/10/09 04:35:38.019, 2, 80451, 97871, 0, 143.21
2026/10/09 04:35:38.019, 3, 80142, 97871, 100, 353.33
2026/10/09 04:35:39.019, 0, 80092, 97871, 54, 265.18
2026/10/09 04:35:39.019, 1, 80091, 97871, 20, 277.06
2026/10/09 04:35:39.019, 2, 80451, 97871, 65, 286.11
2026/10/09 04:35:39.019, 3, 80142, 97871, 91, 365.01
2026/10/09 04:35:40.019, 0, 80092, 97871, 67, 308.83
2026/10/09 04:35:40.020, 1, 80091, 97871, 73, 284.47
2026/10/09 04:35:40.020, 2, 80451, 97871, 37, 307.66
2026/10/09 04:35:40.020, 3, 80142, 97871, 70, 330.59
2026/10/09 04:35:41.020, 0, 80092, 97871, 65, 311.31
2026/10/09 04:35:41.020, 1, 80091, 97871, 27, 274.52
2026/10/09 04:35:41.020, 2, 80451, 97871, 24, 294.49
2026/10/09 04:35:41.020, 3, 80142, 97871, 82, 385.06
2026/10/09 04:35:42.020, 0, 80092, 97871, 0, 290.82
2026/10/09 04:35:42.020, 1, 80091, 97871, 22, 367.95
2026/10/09 04:35:42.020, 2, 80451, 97871, 0, 274.31
2026/10/09 04:35:42.020, 3, 80142, 97871, 90, 337.47
2026/10/09 04:35:43.020, 0, 80092, 97871, 0, 274.92
2026/10/09 04:35:43.020, 1, 80091, 97871, 0, 288.45
2026/10/09 04:35:43.021, 2, 80451, 97871, 26, 286.34
2026/10/09 04:35:43.021, 3, 80142, 97871, 69, 349.70
2026/10/09 04:35:44.021, 0, 80092, 97871, 0, 299.40
2026/10/09 04:35:44.021, 1, 80091, 97871, 0, 301.40
2026/10/09 04:35:44.021, 2, 80451, 97871, 0, 259.05
2026/10/09 04:35:44.021, 3, 80142, 97871, 100, 416.04
2026/10/09 04:35:45.021, 0, 80092, 97871, 0, 178.85
2026/10/09 04:35:45.026, 1, 80091, 97871, 0, 131.51
2026/10/09 04:35:45.026, 2, 80451, 97871, 0, 197.59
2026/10/09 04:35:45.026, 3, 80142, 97871, 100, 532.25
2026/10/09 04:35:46.026, 0, 80092, 97871, 0, 158.65
2026/10/09 04:35:46.026, 1, 80091, 97871, 35, 203.04
2026/10/09 04:35:46.026, 2, 80451, 97871, 0, 195.46
2026/10/09 04:35:46.027, 3, 80142, 97871, 100, 530.37
2026/10/09 04:35:47.027, 0, 80092, 97871, 26, 205.85
2026/10/09 04:35:47.027, 1, 80091, 97871, 93, 218.00
2026/10/09 04:35:47.027, 2, 80451, 97871, 0, 141.74
2026/10/09 04:35:47.027, 3, 80142, 97871, 100, 527.01
2026/10/09 04:35:48.027, 0, 80092, 97871, 0, 137.26
2026/10/09 04:35:48.027, 1, 80091, 97871, 0, 138.69
2026/10/09 04:35:48.027, 2, 80451, 97871, 0, 141.92
2026/10/09 04:35:48.027, 3, 80142, 97871, 100, 526.41
2026/10/09 04:35:49.027, 0, 80092, 97871, 0, 137.73
2026/10/09 04:35:49.027, 1, 80091, 97871, 0, 130.00
2026/10/09 04:35:49.027, 2, 80451, 97871, 0, 141.78
2026/10/09 04:35:49.027, 3, 80142, 97871, 100, 526.96
2026/10/09 04:35:50.027, 0, 80092, 97871, 0, 137.70
2026/10/09 04:35:50.027, 1, 80091, 97871, 0, 129.80
2026/10/09 04:35:50.027, 2, 80451, 97871, 0, 141.84
2026/10/09 04:35:50.027, 3, 80142, 97871, 100, 525.63
2026/10/09 04:35:51.027, 0, 80092, 97871, 0, 170.39
2026/10/09 04:35:51.028, 1, 80091, 97871, 0, 129.76
2026/10/09 04:35:51.028, 2, 80451, 97871, 0, 175.05
2026/10/09 04:35:51.028, 3, 80142, 97871, 100, 520.26
2026/10/09 04:35:52.028, 0, 80092, 97871, 0, 139.42
2026/10/09 04:35:52.028, 1, 80091, 97871, 77, 170.18
2026/10/09 04:35:52.028, 2, 80451, 97871, 0, 142.93
2026/10/09 04:35:52.028, 3, 80142, 97871, 96, 347.58
2026/10/09 04:35:53.028, 0, 80092, 97871, 0, 299.60
2026/10/09 04:35:53.028, 1, 80091, 97871, 61, 296.99
2026/10/09 04:35:53.028, 2, 80451, 97871, 0, 309.59
2026/10/09 04:35:53.028, 3, 80142, 97871, 73, 412.46
2026/10/09 04:35:54.028, 0, 80092, 97871, 24, 328.64
2026/10/09 04:35:54.028, 1, 80091, 97871, 40, 319.91
2026/10/09 04:35:54.028, 2, 80451, 97871, 0, 296.09
2026/10/09 04:35:54.029, 3, 80142, 97871, 100, 382.59
2026/10/09 04:35:55.029, 0, 80092, 97871, 30, 177.66
2026/10/09 04:35:55.031, 1, 80091, 97871, 0, 154.84
2026/10/09 04:35:55.031, 2, 80451, 97871, 0, 178.44
2026/10/09 04:35:55.031, 3, 80142, 97871, 100, 531.53
2026/10/09 04:35:56.031, 0, 80092, 97871, 54, 168.12
2026/10/09 04:35:56.031, 1, 80091, 97871, 0, 197.96
2026/10/09 04:35:56.031, 2, 80451, 97871, 0, 173.85
2026/10/09 04:35:56.032, 3, 80142, 97871, 100, 526.78
2026/10/09 04:35:57.032, 0, 80092, 97871, 0, 139.35
2026/10/09 04:35:57.032, 1, 80091, 97871, 0, 132.08
2026/10/09 04:35:57.032, 2, 80451, 97871, 0, 151.32
2026/10/09 04:35:57.032, 3, 80142, 97871, 86, 415.23
2026/10/09 04:35:58.032, 0, 80092, 97871, 0, 246.91
2026/10/09 04:35:58.032, 1, 80091, 97871, 0, 241.08
2026/10/09 04:35:58.032, 2, 80451, 97871, 0, 229.90
2026/10/09 04:35:58.032, 3, 80142, 97871, 100, 425.71
2026/10/09 04:35:59.032, 0, 80092, 97871, 0, 137.85
2026/10/09 04:35:59.032, 1, 80091, 97871, 0, 130.20
2026/10/09 04:35:59.032, 2, 80451, 97871, 0, 170.11
2026/10/09 04:35:59.032, 3, 80142, 97871, 100, 531.41
2026/10/09 04:36:00.032, 0, 80092, 97871, 0, 173.52
2026/10/09 04:36:00.032, 1, 80091, 97871, 0, 129.76
2026/10/09 04:36:00.033, 2, 80451, 97871, 0, 140.12
2026/10/09 04:36:00.033, 3, 80142, 97871, 100, 527.97
2026/10/09 04:36:01.033, 0, 80092, 97871, 0, 137.56
2026/10/09 04:36:01.033, 1, 80091, 97871, 64, 165.89
2026/10/09 04:36:01.033, 2, 80451, 97871, 0, 172.34
2026/10/09 04:36:01.033, 3, 80142, 97871, 100, 530.29
2026/10/09 04:36:02.033, 0, 80092, 97871, 0, 172.00
2026/10/09 04:36:02.033, 1, 80091, 97871, 44, 173.69
2026/10/09 04:36:02.033, 2, 80451, 97871, 0, 175.63
2026/10/09 04:36:02.033, 3, 80142, 97871, 100, 525.73
2026/10/09 04:36:03.033, 0, 80092, 97871, 46, 169.88
2026/10/09 04:36:03.033, 1, 80091, 97871, 0, 129.04
2026/10/09 04:36:03.033, 2, 80451, 97871, 0, 139.99
2026/10/09 04:36:03.033, 3, 80142, 97871, 100, 526.66
2026/10/09 04:36:04.033, 0, 80092, 97871, 0, 137.44
2026/10/09 04:36:04.033, 1, 80091, 97871, 0, 159.52
2026/10/09 04:36:04.034, 2, 80451, 97871, 64, 178.87
2026/10/09 04:36:04.034, 3, 80142, 97871, 100, 530.01
2026/10/09 04:36:05.034, 0, 80092, 97871, 0, 194.71
2026/10/09 04:36:05.036, 1, 80091, 97871, 0, 198.01
2026/10/09 04:36:05.036, 2, 80451, 97871, 9, 204.98
2026/10/09 04:36:05.036, 3, 80142, 97871, 100, 527.41
2026/10/09 04:36:06.036, 0, 80092, 97871, 0, 137.69
2026/10/09 04:36:06.036, 1, 80091, 97871, 0, 129.85
2026/10/09 04:36:06.036, 2, 80451, 97871, 0, 140.35
2026/10/09 04:36:06.036, 3, 80142, 97871, 100, 528.17
2026/10/09 04:36:07.037, 0, 80092, 97871, 0, 174.52
2026/10/09 04:36:07.037, 1, 80091, 97871, 0, 129.51
2026/10/09 04:36:07.037, 2, 80451, 97871, 0, 139.99
2026/10/09 04:36:07.037, 3, 80142, 97871, 100, 524.66
2026/10/09 04:36:08.037, 0, 80092, 97871, 0, 137.43
2026/10/09 04:36:08.037, 1, 80091, 97871, 0, 177.89
2026/10/09 04:36:08.037, 2, 80451, 97871, 0, 170.55
2026/10/09 04:36:08.037, 3, 80142, 97871, 100, 526.01
2026/10/09 04:36:09.037, 0, 80092, 97871, 0, 159.53
2026/10/09 04:36:09.037, 1, 80091, 97871, 0, 131.14
2026/10/09 04:36:09.037, 2, 80451, 97871, 0, 153.02
2026/10/09 04:36:09.037, 3, 80142, 97871, 100, 524.05
2026/10/09 04:36:10.037, 0, 80092, 97871, 0, 159.15
2026/10/09 04:36:10.037, 1, 80091, 97871, 0, 132.88
2026/10/09 04:36:10.037, 2, 80451, 97871, 0, 143.52
2026/10/09 04:36:10.037, 3, 80142, 97871, 62, 274.17
2026/10/09 04:36:11.038, 0, 80092, 97871, 0, 139.71
2026/10/09 04:36:11.038, 1, 80091, 97871, 0, 164.88
2026/10/09 04:36:11.038, 2, 80451, 97871, 0, 181.03
2026/10/09 04:36:11.038, 3, 80142, 97871, 94, 404.72
2026/10/09 04:36:12.038, 0, 80092, 97871, 31, 334.67
2026/10/09 04:36:12.038, 1, 80091, 97871, 96, 306.98
2026/10/09 04:36:12.038, 2, 80451, 97871, 70, 321.75
2026/10/09 04:36:12.038, 3, 80142, 97871, 59, 268.15
2026/10/09 04:36:13.038, 0, 80092, 97871, 0, 222.88
2026/10/09 04:36:13.038, 1, 80091, 97871, 0, 202.47
2026/10/09 04:36:13.038, 2, 80451, 97871, 0, 213.38
2026/10/09 04:36:13.038, 3, 80142, 97871, 100, 464.57
2026/10/09 04:36:14.038, 0, 80092, 97871, 0, 186.42
2026/10/09 04:36:14.038, 1, 80091, 97871, 0, 173.97
2026/10/09 04:36:14.039, 2, 80451, 97871, 0, 142.12
2026/10/09 04:36:14.039, 3, 80142, 97871, 100, 531.27
2026/10/09 04:36:15.039, 0, 80092, 97871, 0, 185.44
2026/10/09 04:36:15.051, 1, 80091, 97871, 0, 129.90
2026/10/09 04:36:15.051, 2, 80451, 97871, 0, 174.33
2026/10/09 04:36:15.052, 3, 80142, 97871, 100, 529.26
2026/10/09 04:36:16.052, 0, 80092, 97871, 0, 137.70
2026/10/09 04:36:16.052, 1, 80091, 97871, 0, 129.60
2026/10/09 04:36:16.052, 2, 80451, 97871, 0, 143.35
2026/10/09 04:36:16.052, 3, 80142, 97871, 100, 527.16
2026/10/09 04:36:17.052, 0, 80092, 97871, 58, 176.47
2026/10/09 04:36:17.052, 1, 80091, 97871, 0, 202.64
2026/10/09 04:36:17.052, 2, 80451, 97871, 0, 187.55
2026/10/09 04:36:17.052, 3, 80142, 97871, 77, 423.09
2026/10/09 04:36:18.052, 0, 80092, 97871, 51, 327.89
2026/10/09 04:36:18.052, 1, 80091, 97871, 0, 267.75
2026/10/09 04:36:18.053, 2, 80451, 97871, 87, 314.96
2026/10/09 04:36:18.053, 3, 80142, 97871, 72, 427.07
2026/10/09 04:36:19.053, 0, 80092, 97871, 0, 193.93
2026/10/09 04:36:19.053, 1, 80091, 97871, 0, 204.48
2026/10/09 04:36:19.053, 2, 80451, 97871, 0, 197.03
2026/10/09 04:36:19.053, 3, 80142, 97871, 98, 510.30
2026/10/09 04:36:20.053, 0, 80092, 97871, 91, 312.70
2026/10/09 04:36:20.053, 1, 80091, 97871, 26, 282.68
2026/10/09 04:36:20.053, 2, 80451, 97871, 0, 299.80
2026/10/09 04:36:20.053, 3, 80142, 97871, 97, 454.42
2026/10/09 04:36:21.053, 0, 80092, 97871, 0, 193.99
2026/10/09 04:36:21.053, 1, 80091, 97871, 0, 158.25
2026/10/09 04:36:21.053, 2, 80451, 97871, 0, 209.66
2026/10/09 04:36:21.053, 3, 80142, 97871, 100, 506.38
2026/10/09 04:36:22.053, 0, 80092, 97871, 0, 138.38
2026/10/09 04:36:22.053, 1, 80091, 97871, 0, 131.09
2026/10/09 04:36:22.053, 2, 80451, 97871, 0, 142.24
2026/10/09 04:36:22.054, 3, 80142, 97871, 100, 524.41
2026/10/09 04:36:23.054, 0, 80092, 97871, 0, 175.62
2026/10/09 04:36:23.054, 1, 80091, 97871, 0, 152.21
2026/10/09 04:36:23.054, 2, 80451, 97871, 0, 141.78
2026/10/09 04:36:23.054, 3, 80142, 97871, 100, 528.41
2026/10/09 04:36:24.054, 0, 80092, 97871, 0, 137.62
2026/10/09 04:36:24.054, 1, 80091, 97871, 0, 164.29
2026/10/09 04:36:24.054, 2, 80451, 97871, 0, 174.86
2026/10/09 04:36:24.054, 3, 80142, 97871, 100, 526.15
2026/10/09 04:36:25.054, 0, 80092, 97871, 0, 172.00
2026/10/09 04:36:25.056, 1, 80091, 97871, 0, 131.34
2026/10/09 04:36:25.056, 2, 80451, 97871, 0, 141.82
2026/10/09 04:36:25.057, 3, 80142, 97871, 100, 525.03
2026/10/09 04:36:26.057, 0, 80092, 97871, 0, 137.94
2026/10/09 04:36:26.057, 1, 80091, 97871, 61, 163.34
2026/10/09 04:36:26.057, 2, 80451, 97871, 48, 182.29
2026/10/09 04:36:26.057, 3, 80142, 97871, 100, 527.11
2026/10/09 04:36:27.057, 0, 80092, 97871, 0, 172.31
2026/10/09 04:36:27.057, 1, 80091, 97871, 14, 160.15
2026/10/09 04:36:27.057, 2, 80451, 97871, 0, 142.79
2026/10/09 04:36:27.057, 3, 80142, 97871, 100, 525.17
2026/10/09 04:36:28.057, 0, 80092, 97871, 0, 137.67
2026/10/09 04:36:28.057, 1, 80091, 97871, 0, 130.51
2026/10/09 04:36:28.057, 2, 80451, 97871, 0, 142.99
2026/10/09 04:36:28.057, 3, 80142, 97871, 100, 528.77
2026/10/09 04:36:29.057, 0, 80092, 97871, 0, 137.77
2026/10/09 04:36:29.058, 1, 80091, 97871, 0, 130.51
2026/10/09 04:36:29.058, 2, 80451, 97871, 0, 174.45
2026/10/09 04:36:29.058, 3, 80142, 97871, 100, 525.78
2026/10/09 04:36:30.058, 0, 80092, 97871, 0, 211.10
2026/10/09 04:36:30.058, 1, 80091, 97871, 0, 167.01
2026/10/09 04:36:30.058, 2, 80451, 97871, 0, 179.45
2026/10/09 04:36:30.058, 3, 80142, 97871, 100, 525.11
2026/10/09 04:36:31.058, 0, 80092, 97871, 0, 137.59
2026/10/09 04:36:31.058, 1, 80091, 97871, 0, 158.40
2026/10/09 04:36:31.058, 2, 80451, 97871, 0, 178.97
2026/10/09 04:36:31.058, 3, 80142, 97871, 100, 527.55
2026/10/09 04:36:32.058, 0, 80092, 97871, 0, 138.82
2026/10/09 04:36:32.058, 1, 80091, 97871, 0, 132.45
2026/10/09 04:36:32.058, 2, 80451, 97871, 0, 145.00
2026/10/09 04:36:32.058, 3, 80142, 97871, 62, 349.88
2026/10/09 04:36:33.058, 0, 80092, 97871, 0, 217.23
2026/10/09 04:36:33.058, 1, 80091, 97871, 45, 197.74
2026/10/09 04:36:33.058, 2, 80451, 97871, 0, 182.37
2026/10/09 04:36:33.058, 3, 80142, 97871, 99, 411.50
2026/10/09 04:36:34.059, 0, 80092, 97871, 44, 336.63
2026/10/09 04:36:34.059, 1, 80091, 97871, 69, 328.76
2026/10/09 04:36:34.059, 2, 80451, 97871, 100, 332.39
2026/10/09 04:36:34.059, 3, 80142, 97871, 100, 409.50
2026/10/09 04:36:35.059, 0, 80092, 97871, 0, 138.85
2026/10/09 04:36:35.064, 1, 80091, 97871, 0, 131.26
2026/10/09 04:36:35.064, 2, 80451, 97871, 0, 169.50
2026/10/09 04:36:35.065, 3, 80142, 97871, 100, 531.17
2026/10/09 04:36:36.065, 0, 80092, 97871, 0, 179.19
2026/10/09 04:36:36.065, 1, 80091, 97871, 0, 130.54
2026/10/09 04:36:36.065, 2, 80451, 97871, 0, 141.71
2026/10/09 04:36:36.065, 3, 80142, 97871, 100, 526.95
2026/10/09 04:36:37.065, 0, 80092, 97871, 0, 138.10
2026/10/09 04:36:37.065, 1, 80091, 97871, 0, 160.91
2026/10/09 04:36:37.065, 2, 80451, 97871, 0, 180.67
2026/10/09 04:36:37.065, 3, 80142, 97871, 100, 529.32
2026/10/09 04:36:38.065, 0, 80092, 97871, 0, 211.62
2026/10/09 04:36:38.065, 1, 80091, 97871, 0, 160.68
2026/10/09 04:36:38.065, 2, 80451, 97871, 0, 179.50
2026/10/09 04:36:38.065, 3, 80142, 97871, 100, 527.20
2026/10/09 04:36:39.065, 0, 80092, 97871, 0, 137.70
2026/10/09 04:36:39.065, 1, 80091, 97871, 0, 159.94
2026/10/09 04:36:39.065, 2, 80451, 97871, 0, 151.32
2026/10/09 04:36:39.066, 3, 80142, 97871, 100, 526.66
2026/10/09 04:36:40.066, 0, 80092, 97871, 0, 172.52
2026/10/09 04:36:40.066, 1, 80091, 97871, 0, 130.67
2026/10/09 04:36:40.066, 2, 80451, 97871, 0, 179.32
2026/10/09 04:36:40.066, 3, 80142, 97871, 100, 527.03
2026/10/09 04:36:41.066, 0, 80092, 97871, 0, 138.73
2026/10/09 04:36:41.066, 1, 80091, 97871, 0, 162.64
2026/10/09 04:36:41.066, 2, 80451, 97871, 0, 142.09
2026/10/09 04:36:41.066, 3, 80142, 97871, 72, 464.17
2026/10/09 04:36:42.066, 0, 80092, 97871, 67, 183.88
2026/10/09 04:36:42.066, 1, 80091, 97871, 17, 164.63
2026/10/09 04:36:42.066, 2, 80451, 97871, 28, 178.13
2026/10/09 04:36:42.066, 3, 80142, 97871, 60, 231.90
2026/10/09 04:36:43.066, 0, 80092, 97871, 15, 303.03
2026/10/09 04:36:43.066, 1, 80091, 97871, 62, 295.41
2026/10/09 04:36:43.066, 2, 80451, 97871, 0, 296.59
2026/10/09 04:36:43.067, 3, 80142, 97871, 93, 380.62
2026/10/09 04:36:44.067, 0, 80092, 97871, 22, 311.43
2026/10/09 04:36:44.067, 1, 80091, 97871, 96, 281.33
2026/10/09 04:36:44.067, 2, 80451, 97871, 51, 270.31
2026/10/09 04:36:44.067, 3, 80142, 97871, 49, 305.69
2026/10/09 04:36:45.067, 0, 80092, 97871, 42, 317.71
2026/10/09 04:36:45.071, 1, 80091, 97871, 39, 284.96
2026/10/09 04:36:45.072, 2, 80451, 97871, 20, 374.55
2026/10/09 04:36:45.072, 3, 80142, 97871, 82, 362.32
2026/10/09 04:36:46.072, 0, 80092, 97871, 0, 144.04
2026/10/09 04:36:46.072, 1, 80091, 97871, 0, 131.40
2026/10/09 04:36:46.072, 2, 80451, 97871, 0, 142.55
2026/10/09 04:36:46.072, 3, 80142, 97871, 100, 523.68
2026/10/09 04:36:47.072, 0, 80092, 97871, 0, 138.01
2026/10/09 04:36:47.072, 1, 80091, 97871, 0, 131.05
2026/10/09 04:36:47.072, 2, 80451, 97871, 0, 142.11
2026/10/09 04:36:47.072, 3, 80142, 97871, 100, 527.56
2026/10/09 04:36:48.072, 0, 80092, 97871, 0, 137.73
2026/10/09 04:36:48.073, 1, 80091, 97871, 0, 130.68
2026/10/09 04:36:48.073, 2, 80451, 97871, 0, 142.03
2026/10/09 04:36:48.073, 3, 80142, 97871, 100, 523.96
2026/10/09 04:36:49.073, 0, 80092, 97871, 0, 137.52
2026/10/09 04:36:49.073, 1, 80091, 97871, 0, 171.65
2026/10/09 04:36:49.073, 2, 80451, 97871, 0, 141.50
2026/10/09 04:36:49.073, 3, 80142, 97871, 100, 525.67
2026/10/09 04:36:50.073, 0, 80092, 97871, 0, 137.57
2026/10/09 04:36:50.073, 1, 80091, 97871, 0, 130.73
2026/10/09 04:36:50.073, 2, 80451, 97871, 0, 174.38
2026/10/09 04:36:50.073, 3, 80142, 97871, 100, 524.74
2026/10/09 04:36:51.073, 0, 80092, 97871, 0, 137.51
2026/10/09 04:36:51.073, 1, 80091, 97871, 0, 130.38
2026/10/09 04:36:51.073, 2, 80451, 97871, 0, 141.09
2026/10/09 04:36:51.073, 3, 80142, 97871, 100, 525.42
2026/10/09 04:36:52.073, 0, 80092, 97871, 0, 175.33
2026/10/09 04:36:52.073, 1, 80091, 97871, 0, 168.52
2026/10/09 04:36:52.074, 2, 80451, 97871, 0, 180.83
2026/10/09 04:36:52.074, 3, 80142, 97871, 100, 526.71
2026/10/09 04:36:53.074, 0, 80092, 97871, 0, 165.57
2026/10/09 04:36:53.074, 1, 80091, 97871, 0, 169.64
2026/10/09 04:36:53.074, 2, 80451, 97871, 0, 188.80
2026/10/09 04:36:53.074, 3, 80142, 97871, 100, 524.36
2026/10/09 04:36:54.074, 0, 80092, 97871, 0, 191.76
2026/10/09 04:36:54.074, 1, 80091, 97871, 0, 179.26
2026/10/09 04:36:54.074, 2, 80451, 97871, 0, 140.66
2026/10/09 04:36:54.074, 3, 80142, 97871, 100, 522.50
2026/10/09 04:36:55.074, 0, 80092, 97871, 0, 138.09
2026/10/09 04:36:55.077, 1, 80091, 97871, 0, 130.62
2026/10/09 04:36:55.077, 2, 80451, 97871, 0, 140.63
2026/10/09 04:36:55.077, 3, 80142, 97871, 100, 524.96
2026/10/09 04:36:56.077, 0, 80092, 97871, 0, 137.60
2026/10/09 04:36:56.077, 1, 80091, 97871, 0, 130.48
2026/10/09 04:36:56.077, 2, 80451, 97871, 0, 189.93
2026/10/09 04:36:56.077, 3, 80142, 97871, 100, 527.33
2026/10/09 04:36:57.077, 0, 80092, 97871, 0, 171.20
2026/10/09 04:36:57.077, 1, 80091, 97871, 0, 129.97
2026/10/09 04:36:57.077, 2, 80451, 97871, 0, 141.05
2026/10/09 04:36:57.078, 3, 80142, 97871, 100, 527.85
2026/10/09 04:36:58.078, 0, 80092, 97871, 0, 138.19
2026/10/09 04:36:58.078, 1, 80091, 97871, 0, 130.93
2026/10/09 04:36:58.078, 2, 80451, 97871, 0, 141.65
2026/10/09 04:36:58.078, 3, 80142, 97871, 76, 470.67
2026/10/09 04:36:59.078, 0, 80092, 97871, 4, 208.12
2026/10/09 04:36:59.078, 1, 80091, 97871, 0, 247.63
2026/10/09 04:36:59.078, 2, 80451, 97871, 85, 272.16
2026/10/09 04:36:59.078, 3, 80142, 97871, 96, 343.46
2026/10/09 04:37:00.078, 0, 80092, 97871, 30, 257.57
2026/10/09 04:37:00.078, 1, 80091, 97871, 0, 232.09
2026/10/09 04:37:00.078, 2, 80451, 97871, 0, 231.78
2026/10/09 04:37:00.078, 3, 80142, 97871, 100, 484.78
2026/10/09 04:37:01.078, 0, 80092, 97871, 0, 141.02
2026/10/09 04:37:01.079, 1, 80091, 97871, 59, 174.43
2026/10/09 04:37:01.079, 2, 80451, 97871, 0, 141.56
2026/10/09 04:37:01.079, 3, 80142, 97871, 100, 528.83
2026/10/09 04:37:02.079, 0, 80092, 97871, 0, 137.48
2026/10/09 04:37:02.079, 1, 80091, 97871, 0, 129.97
2026/10/09 04:37:02.079, 2, 80451, 97871, 0, 141.23
2026/10/09 04:37:02.079, 3, 80142, 97871, 100, 528.30
2026/10/09 04:37:03.079, 0, 80092, 97871, 0, 183.29
2026/10/09 04:37:03.079, 1, 80091, 97871, 0, 129.56
2026/10/09 04:37:03.079, 2, 80451, 97871, 0, 189.94
2026/10/09 04:37:03.079, 3, 80142, 97871, 100, 528.97
2026/10/09 04:37:04.079, 0, 80092, 97871, 0, 137.52
2026/10/09 04:37:04.079, 1, 80091, 97871, 0, 162.75
2026/10/09 04:37:04.079, 2, 80451, 97871, 0, 141.43
2026/10/09 04:37:04.079, 3, 80142, 97871, 100, 526.51
2026/10/09 04:37:05.079, 0, 80092, 97871, 0, 137.54
2026/10/09 04:37:05.083, 1, 80091, 97871, 0, 130.01
2026/10/09 04:37:05.083, 2, 80451, 97871, 0, 193.96
2026/10/09 04:37:05.084, 3, 80142, 97871, 100, 527.51
2026/10/09 04:37:06.084, 0, 80092, 97871, 0, 137.38
2026/10/09 04:37:06.084, 1, 80091, 97871, 0, 129.92
2026/10/09 04:37:06.084, 2, 80451, 97871, 0, 141.30
2026/10/09 04:37:06.084, 3, 80142, 97871, 100, 524.04
2026/10/09 04:37:07.084, 0, 80092, 97871, 0, 170.62
2026/10/09 04:37:07.084, 1, 80091, 97871, 0, 130.27
2026/10/09 04:37:07.084, 2, 80451, 97871, 0, 141.45
2026/10/09 04:37:07.084, 3, 80142, 97871, 100, 523.42
2026/10/09 04:37:08.084, 0, 80092, 97871, 0, 215.66
2026/10/09 04:37:08.084, 1, 80091, 97871, 19, 236.52
2026/10/09 04:37:08.084, 2, 80451, 97871, 61, 250.81
2026/10/09 04:37:08.085, 3, 80142, 97871, 76, 348.19
2026/10/09 04:37:09.085, 0, 80092, 97871, 0, 161.26
2026/10/09 04:37:09.085, 1, 80091, 97871, 0, 130.52
2026/10/09 04:37:09.085, 2, 80451, 97871, 0, 141.37
2026/10/09 04:37:09.085, 3, 80142, 97871, 100, 528.44
2026/10/09 04:37:10.085, 0, 80092, 97871, 0, 137.41
2026/10/09 04:37:10.085, 1, 80091, 97871, 55, 160.91
2026/10/09 04:37:10.085, 2, 80451, 97871, 0, 141.09
2026/10/09 04:37:10.085, 3, 80142, 97871, 100, 527.22
2026/10/09 04:37:11.085, 0, 80092, 97871, 0, 181.69
2026/10/09 04:37:11.085, 1, 80091, 97871, 0, 130.04
2026/10/09 04:37:11.085, 2, 80451, 97871, 0, 177.40
2026/10/09 04:37:11.085, 3, 80142, 97871, 100, 526.68
2026/10/09 04:37:12.085, 0, 80092, 97871, 0, 137.62
2026/10/09 04:37:12.086, 1, 80091, 97871, 0, 170.67
2026/10/09 04:37:12.086, 2, 80451, 97871, 0, 141.04
2026/10/09 04:37:12.086, 3, 80142, 97871, 100, 526.48
2026/10/09 04:37:13.086, 0, 80092, 97871, 0, 137.52
2026/10/09 04:37:13.086, 1, 80091, 97871, 0, 129.49
2026/10/09 04:37:13.086, 2, 80451, 97871, 0, 140.89
2026/10/09 04:37:13.086, 3, 80142, 97871, 100, 524.92
2026/10/09 04:37:14.086, 0, 80092, 97871, 0, 137.45
2026/10/09 04:37:14.086, 1, 80091, 97871, 0, 129.55
2026/10/09 04:37:14.086, 2, 80451, 97871, 0, 170.40
2026/10/09 04:37:14.086, 3, 80142, 97871, 100, 520.81
2026/10/09 04:37:15.086, 0, 80092, 97871, 0, 137.29
2026/10/09 04:37:15.088, 1, 80091, 97871, 0, 129.59
2026/10/09 04:37:15.088, 2, 80451, 97871, 0, 142.38
2026/10/09 04:37:15.089, 3, 80142, 97871, 100, 526.33
2026/10/09 04:37:16.089, 0, 80092, 97871, 0, 137.64
2026/10/09 04:37:16.089, 1, 80091, 97871, 0, 129.48
2026/10/09 04:37:16.089, 2, 80451, 97871, 0, 142.37
2026/10/09 04:37:16.089, 3, 80142, 97871, 100, 523.46
2026/10/09 04:37:17.089, 0, 80092, 97871, 0, 169.51
2026/10/09 04:37:17.089, 1, 80091, 97871, 0, 167.79
2026/10/09 04:37:17.089, 2, 80451, 97871, 0, 142.29
2026/10/09 04:37:17.089, 3, 80142, 97871, 100, 522.65
2026/10/09 04:37:18.089, 0, 80092, 97871, 0, 137.91
2026/10/09 04:37:18.089, 1, 80091, 97871, 0, 130.07
2026/10/09 04:37:18.089, 2, 80451, 97871, 0, 141.58
2026/10/09 04:37:18.089, 3, 80142, 97871, 100, 521.06
2026/10/09 04:37:19.089, 0, 80092, 97871, 0, 137.86
2026/10/09 04:37:19.089, 1, 80091, 97871, 0, 129.63
2026/10/09 04:37:19.089, 2, 80451, 97871, 0, 141.41
2026/10/09 04:37:19.089, 3, 80142, 97871, 100, 521.48
2026/10/09 04:37:20.090, 0, 80092, 97871, 29, 174.62
2026/10/09 04:37:20.090, 1, 80091, 97871, 0, 129.48
2026/10/09 04:37:20.090, 2, 80451, 97871, 77, 184.20
2026/10/09 04:37:20.090, 3, 80142, 97871, 100, 526.26
2026/10/09 04:37:21.090, 0, 80092, 97871, 0, 138.94
2026/10/09 04:37:21.090, 1, 80091, 97871, 0, 130.61
2026/10/09 04:37:21.090, 2, 80451, 97871, 0, 142.18
2026/10/09 04:37:21.090, 3, 80142, 97871, 65, 395.71
2026/10/09 04:37:22.090, 0, 80092, 97871, 0, 205.70
2026/10/09 04:37:22.090, 1, 80091, 97871, 2, 267.37
2026/10/09 04:37:22.090, 2, 80451, 97871, 72, 244.73
2026/10/09 04:37:22.090, 3, 80142, 97871, 67, 404.07
2026/10/09 04:37:23.090, 0, 80092, 97871, 32, 345.32
2026/10/09 04:37:23.091, 1, 80091, 97871, 51, 280.30
2026/10/09 04:37:23.091, 2, 80451, 97871, 15, 307.47
2026/10/09 04:37:23.091, 3, 80142, 97871, 81, 365.41
2026/10/09 04:37:24.091, 0, 80092, 97871, 0, 263.69
2026/10/09 04:37:24.091, 1, 80091, 97871, 60, 287.33
2026/10/09 04:37:24.091, 2, 80451, 97871, 0, 308.40
2026/10/09 04:37:24.091, 3, 80142, 97871, 100, 372.94
2026/10/09 04:37:25.091, 0, 80092, 97871, 0, 170.05
2026/10/09 04:37:25.093, 1, 80091, 97871, 0, 131.12
2026/10/09 04:37:25.093, 2, 80451, 97871, 0, 141.45
2026/10/09 04:37:25.094, 3, 80142, 97871, 100, 528.20
2026/10/09 04:37:26.094, 0, 80092, 97871, 0, 137.57
2026/10/09 04:37:26.094, 1, 80091, 97871, 0, 130.86
2026/10/09 04:37:26.094, 2, 80451, 97871, 0, 141.73
2026/10/09 04:37:26.094, 3, 80142, 97871, 100, 527.98
2026/10/09 04:37:27.094, 0, 80092, 97871, 0, 137.41
2026/10/09 04:37:27.094, 1, 80091, 97871, 0, 163.18
2026/10/09 04:37:27.094, 2, 80451, 97871, 13, 173.14
2026/10/09 04:37:27.094, 3, 80142, 97871, 100, 527.96
2026/10/09 04:37:28.094, 0, 80092, 97871, 0, 137.30
2026/10/09 04:37:28.094, 1, 80091, 97871, 0, 131.36
2026/10/09 04:37:28.094, 2, 80451, 97871, 0, 142.65
2026/10/09 04:37:28.094, 3, 80142, 97871, 100, 526.79
2026/10/09 04:37:29.094, 0, 80092, 97871, 0, 137.64
2026/10/09 04:37:29.094, 1, 80091, 97871, 0, 131.44
2026/10/09 04:37:29.095, 2, 80451, 97871, 0, 142.67
2026/10/09 04:37:29.095, 3, 80142, 97871, 100, 525.96
2026/10/09 04:37:30.095, 0, 80092, 97871, 0, 210.36
2026/10/09 04:37:30.095, 1, 80091, 97871, 51, 231.57
2026/10/09 04:37:30.095, 2, 80451, 97871, 26, 226.46
2026/10/09 04:37:30.095, 3, 80142, 97871, 77, 370.58
2026/10/09 04:37:31.095, 0, 80092, 97871, 40, 341.42
2026/10/09 04:37:31.095, 1, 80091, 97871, 4, 290.14
2026/10/09 04:37:31.095, 2, 80451, 97871, 1, 337.79
2026/10/09 04:37:31.095, 3, 80142, 97871, 52, 344.06
2026/10/09 04:37:32.095, 0, 80092, 97871, 0, 291.18
2026/10/09 04:37:32.095, 1, 80091, 97871, 39, 318.40
2026/10/09 04:37:32.095, 2, 80451, 97871, 0, 302.85
2026/10/09 04:37:32.096, 3, 80142, 97871, 99, 315.15
2026/10/09 04:37:33.096, 0, 80092, 97871, 27, 314.54
2026/10/09 04:37:33.096, 1, 80091, 97871, 0, 261.33
2026/10/09 04:37:33.096, 2, 80451, 97871, 91, 263.68
2026/10/09 04:37:33.096, 3, 80142, 97871, 100, 436.13
2026/10/09 04:37:34.096, 0, 80092, 97871, 5, 185.43
2026/10/09 04:37:34.096, 1, 80091, 97871, 78, 227.12
2026/10/09 04:37:34.096, 2, 80451, 97871, 53, 229.70
2026/10/09 04:37:34.096, 3, 80142, 97871, 100, 480.73
2026/10/09 04:37:35.096, 0, 80092, 97871, 0, 172.66
2026/10/09 04:37:35.098, 1, 80091, 97871, 0, 184.18
2026/10/09 04:37:35.098, 2, 80451, 97871, 0, 142.00
2026/10/09 04:37:35.098, 3, 80142, 97871, 100, 530.82
2026/10/09 04:37:36.099, 0, 80092, 97871, 0, 137.51
2026/10/09 04:37:36.099, 1, 80091, 97871, 0, 131.26
2026/10/09 04:37:36.099, 2, 80451, 97871, 0, 183.78
2026/10/09 04:37:36.099, 3, 80142, 97871, 100, 529.07
2026/10/09 04:37:37.099, 0, 80092, 97871, 0, 137.24
2026/10/09 04:37:37.099, 1, 80091, 97871, 0, 130.22
2026/10/09 04:37:37.099, 2, 80451, 97871, 0, 142.15
2026/10/09 04:37:37.099, 3, 80142, 97871, 100, 526.71
2026/10/09 04:37:38.099, 0, 80092, 97871, 75, 182.29
2026/10/09 04:37:38.099, 1, 80091, 97871, 68, 169.09
2026/10/09 04:37:38.099, 2, 80451, 97871, 0, 140.82
2026/10/09 04:37:38.099, 3, 80142, 97871, 100, 525.16
2026/10/09 04:37:39.099, 0, 80092, 97871, 0, 137.49
2026/10/09 04:37:39.099, 1, 80091, 97871, 0, 129.78
2026/10/09 04:37:39.099, 2, 80451, 97871, 0, 140.77
2026/10/09 04:37:39.100, 3, 80142, 97871, 100, 526.64
2026/10/09 04:37:40.100, 0, 80092, 97871, 0, 137.48
2026/10/09 04:37:40.100, 1, 80091, 97871, 0, 129.65
2026/10/09 04:37:40.100, 2, 80451, 97871, 15, 171.69
2026/10/09 04:37:40.100, 3, 80142, 97871, 100, 529.85
2026/10/09 04:37:41.100, 0, 80092, 97871, 0, 137.28
2026/10/09 04:37:41.100, 1, 80091, 97871, 0, 129.42
2026/10/09 04:37:41.100, 2, 80451, 97871, 0, 140.70
2026/10/09 04:37:41.100, 3, 80142, 97871, 100, 524.84
2026/10/09 04:37:42.100, 0, 80092, 97871, 61, 195.16
2026/10/09 04:37:42.100, 1, 80091, 97871, 0, 130.44
2026/10/09 04:37:42.100, 2, 80451, 97871, 0, 162.03
2026/10/09 04:37:42.100, 3, 80142, 97871, 80, 442.33
2026/10/09 04:37:43.100, 0, 80092, 97871, 55, 318.62
2026/10/09 04:37:43.101, 1, 80091, 97871, 73, 389.92
2026/10/09 04:37:43.101, 2, 80451, 97871, 0, 310.54
2026/10/09 04:37:43.101, 3, 80142, 97871, 69, 433.65
2026/10/09 04:37:44.101, 0, 80092, 97871, 67, 387.07
2026/10/09 04:37:44.101, 1, 80091, 97871, 63, 320.54
2026/10/09 04:37:44.101, 2, 80451, 97871, 64, 327.90
2026/10/09 04:37:44.101, 3, 80142, 97871, 76, 351.31
2026/10/09 04:37:45.101, 0, 80092, 97871, 0, 267.85
2026/10/09 04:37:45.103, 1, 80091, 97871, 0, 245.25
2026/10/09 04:37:45.103, 2, 80451, 97871, 0, 245.51
2026/10/09 04:37:45.103, 3, 80142, 97871, 100, 442.93
2026/10/09 04:37:46.104, 0, 80092, 97871, 0, 138.55
2026/10/09 04:37:46.104, 1, 80091, 97871, 0, 131.24
2026/10/09 04:37:46.104, 2, 80451, 97871, 0, 172.20
2026/10/09 04:37:46.104, 3, 80142, 97871, 100, 526.41
2026/10/09 04:37:47.104, 0, 80092, 97871, 0, 181.15
2026/10/09 04:37:47.104, 1, 80091, 97871, 0, 170.81
2026/10/09 04:37:47.104, 2, 80451, 97871, 0, 190.09
2026/10/09 04:37:47.104, 3, 80142, 97871, 100, 525.13
2026/10/09 04:37:48.104, 0, 80092, 97871, 0, 137.94
2026/10/09 04:37:48.104, 1, 80091, 97871, 0, 138.80
2026/10/09 04:37:48.104, 2, 80451, 97871, 0, 139.94
2026/10/09 04:37:48.104, 3, 80142, 97871, 100, 522.79
2026/10/09 04:37:49.104, 0, 80092, 97871, 0, 137.71
2026/10/09 04:37:49.104, 1, 80091, 97871, 0, 129.99
2026/10/09 04:37:49.105, 2, 80451, 97871, 0, 140.17
2026/10/09 04:37:49.105, 3, 80142, 97871, 100, 521.34
2026/10/09 04:37:50.105, 0, 80092, 97871, 0, 168.44
2026/10/09 04:37:50.105, 1, 80091, 97871, 0, 129.70
2026/10/09 04:37:50.105, 2, 80451, 97871, 0, 140.21
2026/10/09 04:37:50.105, 3, 80142, 97871, 100, 521.72
2026/10/09 04:37:51.105, 0, 80092, 97871, 0, 169.43
2026/10/09 04:37:51.105, 1, 80091, 97871, 0, 164.73
2026/10/09 04:37:51.105, 2, 80451, 97871, 0, 184.58
2026/10/09 04:37:51.105, 3, 80142, 97871, 100, 524.05
2026/10/09 04:37:52.105, 0, 80092, 97871, 0, 137.97
2026/10/09 04:37:52.105, 1, 80091, 97871, 0, 167.65
2026/10/09 04:37:52.105, 2, 80451, 97871, 0, 140.10
2026/10/09 04:37:52.105, 3, 80142, 97871, 100, 521.92
2026/10/09 04:37:53.105, 0, 80092, 97871, 0, 177.73
2026/10/09 04:37:53.105, 1, 80091, 97871, 0, 129.77
2026/10/09 04:37:53.105, 2, 80451, 97871, 0, 174.43
2026/10/09 04:37:53.105, 3, 80142, 97871, 100, 525.07
2026/10/09 04:37:54.106, 0, 80092, 97871, 0, 168.45
2026/10/09 04:37:54.106, 1, 80091, 97871, 0, 168.74
2026/10/09 04:37:54.106, 2, 80451, 97871, 0, 166.78
2026/10/09 04:37:54.106, 3, 80142, 97871, 100, 523.55
2026/10/09 04:37:55.106, 0, 80092, 97871, 0, 137.41
2026/10/09 04:37:55.107, 1, 80091, 97871, 0, 164.31
2026/10/09 04:37:55.109, 2, 80451, 97871, 0, 141.11
2026/10/09 04:37:55.109, 3, 80142, 97871, 100, 522.50
2026/10/09 04:37:56.109, 0, 80092, 97871, 0, 177.57
2026/10/09 04:37:56.109, 1, 80091, 97871, 0, 130.31
2026/10/09 04:37:56.109, 2, 80451, 97871, 0, 177.09
2026/10/09 04:37:56.110, 3, 80142, 97871, 100, 522.84
2026/10/09 04:37:57.110, 0, 80092, 97871, 0, 138.26
2026/10/09 04:37:57.110, 1, 80091, 97871, 0, 165.78
2026/10/09 04:37:57.110, 2, 80451, 97871, 0, 141.22
2026/10/09 04:37:57.110, 3, 80142, 97871, 100, 523.93
2026/10/09 04:37:58.110, 0, 80092, 97871, 0, 140.14
2026/10/09 04:37:58.110, 1, 80091, 97871, 0, 132.99
2026/10/09 04:37:58.110, 2, 80451, 97871, 0, 143.45
2026/10/09 04:37:58.110, 3, 80142, 97871, 66, 247.06
2026/10/09 04:37:59.110, 0, 80092, 97871, 50, 228.48
2026/10/09 04:37:59.110, 1, 80091, 97871, 52, 235.85
2026/10/09 04:37:59.110, 2, 80451, 97871, 52, 267.64
2026/10/09 04:37:59.110, 3, 80142, 97871, 65, 363.30
2026/10/09 04:38:00.110, 0, 80092, 97871, 0, 202.59
2026/10/09 04:38:00.110, 1, 80091, 97871, 0, 212.15
2026/10/09 04:38:00.110, 2, 80451, 97871, 0, 210.32
2026/10/09 04:38:00.111, 3, 80142, 97871, 100, 487.88
2026/10/09 04:38:01.111, 0, 80092, 97871, 0, 170.49
2026/10/09 04:38:01.111, 1, 80091, 97871, 35, 164.64
2026/10/09 04:38:01.111, 2, 80451, 97871, 0, 140.61
2026/10/09 04:38:01.111, 3, 80142, 97871, 100, 528.77
2026/10/09 04:38:02.111, 0, 80092, 97871, 0, 137.83
2026/10/09 04:38:02.111, 1, 80091, 97871, 0, 130.97
2026/10/09 04:38:02.111, 2, 80451, 97871, 19, 176.13
2026/10/09 04:38:02.111, 3, 80142, 97871, 100, 525.81
2026/10/09 04:38:03.111, 0, 80092, 97871, 0, 171.92
2026/10/09 04:38:03.111, 1, 80091, 97871, 0, 158.70
2026/10/09 04:38:03.111, 2, 80451, 97871, 0, 141.17
2026/10/09 04:38:03.111, 3, 80142, 97871, 100, 526.65
2026/10/09 04:38:04.111, 0, 80092, 97871, 0, 137.43
2026/10/09 04:38:04.111, 1, 80091, 97871, 0, 129.54
2026/10/09 04:38:04.111, 2, 80451, 97871, 0, 175.86
2026/10/09 04:38:04.111, 3, 80142, 97871, 100, 527.36
2026/10/09 04:38:05.112, 0, 80092, 97871, 0, 200.66
2026/10/09 04:38:05.113, 1, 80091, 97871, 0, 164.45
2026/10/09 04:38:05.114, 2, 80451, 97871, 0, 141.07
2026/10/09 04:38:05.114, 3, 80142, 97871, 100, 527.56
2026/10/09 04:38:06.114, 0, 80092, 97871, 0, 153.12
2026/10/09 04:38:06.115, 1, 80091, 97871, 0, 130.70
2026/10/09 04:38:06.115, 2, 80451, 97871, 0, 173.12
2026/10/09 04:38:06.115, 3, 80142, 97871, 100, 526.04
2026/10/09 04:38:07.115, 0, 80092, 97871, 0, 137.39
2026/10/09 04:38:07.115, 1, 80091, 97871, 0, 184.27
2026/10/09 04:38:07.115, 2, 80451, 97871, 0, 193.84
2026/10/09 04:38:07.115, 3, 80142, 97871, 100, 528.55
2026/10/09 04:38:08.115, 0, 80092, 97871, 29, 171.08
2026/10/09 04:38:08.115, 1, 80091, 97871, 60, 163.63
2026/10/09 04:38:08.115, 2, 80451, 97871, 0, 139.79
2026/10/09 04:38:08.115, 3, 80142, 97871, 100, 525.35
2026/10/09 04:38:09.115, 0, 80092, 97871, 0, 140.57
2026/10/09 04:38:09.115, 1, 80091, 97871, 0, 131.58
2026/10/09 04:38:09.115, 2, 80451, 97871, 0, 142.01
2026/10/09 04:38:09.115, 3, 80142, 97871, 77, 287.97
2026/10/09 04:38:10.115, 0, 80092, 97871, 100, 321.44
2026/10/09 04:38:10.115, 1, 80091, 97871, 12, 244.18
2026/10/09 04:38:10.115, 2, 80451, 97871, 30, 325.81
2026/10/09 04:38:10.115, 3, 80142, 97871, 91, 341.45
2026/10/09 04:38:11.115, 0, 80092, 97871, 94, 344.64
2026/10/09 04:38:11.116, 1, 80091, 97871, 96, 349.29
2026/10/09 04:38:11.116, 2, 80451, 97871, 0, 305.77
2026/10/09 04:38:11.116, 3, 80142, 97871, 64, 356.72
2026/10/09 04:38:12.116, 0, 80092, 97871, 5, 239.59
2026/10/09 04:38:12.116, 1, 80091, 97871, 0, 207.73
2026/10/09 04:38:12.116, 2, 80451, 97871, 17, 218.30
2026/10/09 04:38:12.116, 3, 80142, 97871, 100, 530.59
2026/10/09 04:38:13.116, 0, 80092, 97871, 0, 138.49
2026/10/09 04:38:13.116, 1, 80091, 97871, 0, 131.53
2026/10/09 04:38:13.116, 2, 80451, 97871, 0, 141.58
2026/10/09 04:38:13.116, 3, 80142, 97871, 100, 463.98
2026/10/09 04:38:14.116, 0, 80092, 97871, 0, 173.35
2026/10/09 04:38:14.116, 1, 80091, 97871, 0, 200.14
2026/10/09 04:38:14.116, 2, 80451, 97871, 0, 234.31
2026/10/09 04:38:14.116, 3, 80142, 97871, 100, 474.13
2026/10/09 04:38:15.116, 0, 80092, 97871, 0, 137.86
2026/10/09 04:38:15.117, 1, 80091, 97871, 0, 130.45
2026/10/09 04:38:15.117, 2, 80451, 97871, 0, 140.42
2026/10/09 04:38:15.117, 3, 80142, 97871, 100, 528.60
2026/10/09 04:38:16.119, 0, 80092, 97871, 0, 137.62
2026/10/09 04:38:16.119, 1, 80091, 97871, 0, 130.23
2026/10/09 04:38:16.119, 2, 80451, 97871, 0, 139.91
2026/10/09 04:38:16.119, 3, 80142, 97871, 100, 529.94
2026/10/09 04:38:17.119, 0, 80092, 97871, 0, 180.41
2026/10/09 04:38:17.119, 1, 80091, 97871, 0, 130.13
2026/10/09 04:38:17.119, 2, 80451, 97871, 0, 139.76
2026/10/09 04:38:17.119, 3, 80142, 97871, 100, 527.53
2026/10/09 04:38:18.119, 0, 80092, 97871, 0, 137.72
2026/10/09 04:38:18.119, 1, 80091, 97871, 0, 129.92
2026/10/09 04:38:18.119, 2, 80451, 97871, 0, 139.63
2026/10/09 04:38:18.119, 3, 80142, 97871, 100, 528.26
2026/10/09 04:38:19.119, 0, 80092, 97871, 0, 137.69
2026/10/09 04:38:19.119, 1, 80091, 97871, 0, 129.95
2026/10/09 04:38:19.120, 2, 80451, 97871, 0, 139.78
2026/10/09 04:38:19.120, 3, 80142, 97871, 100, 524.28
2026/10/09 04:38:20.120, 0, 80092, 97871, 0, 137.73
2026/10/09 04:38:20.120, 1, 80091, 97871, 0, 130.12
2026/10/09 04:38:20.120, 2, 80451, 97871, 0, 139.76
2026/10/09 04:38:20.120, 3, 80142, 97871, 100, 520.70
2026/10/09 04:38:21.120, 0, 80092, 97871, 0, 137.49
2026/10/09 04:38:21.120, 1, 80091, 97871, 0, 166.82
2026/10/09 04:38:21.120, 2, 80451, 97871, 0, 139.78
2026/10/09 04:38:21.120, 3, 80142, 97871, 100, 522.27
2026/10/09 04:38:22.120, 0, 80092, 97871, 0, 137.61
2026/10/09 04:38:22.120, 1, 80091, 97871, 0, 130.26
2026/10/09 04:38:22.120, 2, 80451, 97871, 0, 178.39
2026/10/09 04:38:22.120, 3, 80142, 97871, 100, 522.83
2026/10/09 04:38:23.120, 0, 80092, 97871, 0, 137.42
2026/10/09 04:38:23.120, 1, 80091, 97871, 0, 130.01
2026/10/09 04:38:23.120, 2, 80451, 97871, 0, 139.93
2026/10/09 04:38:23.120, 3, 80142, 97871, 100, 523.89
2026/10/09 04:38:24.120, 0, 80092, 97871, 0, 137.49
2026/10/09 04:38:24.120, 1, 80091, 97871, 0, 129.94
2026/10/09 04:38:24.120, 2, 80451, 97871, 0, 139.90
2026/10/09 04:38:24.120, 3, 80142, 97871, 100, 521.30
2026/10/09 04:38:25.121, 0, 80092, 97871, 0, 185.12
2026/10/09 04:38:25.121, 1, 80091, 97871, 0, 129.90
2026/10/09 04:38:25.121, 2, 80451, 97871, 0, 139.87
2026/10/09 04:38:25.121, 3, 80142, 97871, 100, 521.80
2026/10/09 04:38:26.125, 0, 80092, 97871, 0, 137.38
2026/10/09 04:38:26.125, 1, 80091, 97871, 0, 166.92
2026/10/09 04:38:26.125, 2, 80451, 97871, 0, 139.71
2026/10/09 04:38:26.125, 3, 80142, 97871, 100, 519.49
2026/10/09 04:38:27.126, 0, 80092, 97871, 0, 137.18
2026/10/09 04:38:27.126, 1, 80091, 97871, 0, 130.99
2026/10/09 04:38:27.126, 2, 80451, 97871, 0, 139.83
2026/10/09 04:38:27.126, 3, 80142, 97871, 100, 524.42
2026/10/09 04:38:28.126, 0, 80092, 97871, 0, 187.44
2026/10/09 04:38:28.126, 1, 80091, 97871, 0, 130.65
2026/10/09 04:38:28.126, 2, 80451, 97871, 0, 185.36
2026/10/09 04:38:28.126, 3, 80142, 97871, 100, 526.09
2026/10/09 04:38:29.126, 0, 80092, 97871, 0, 137.60
2026/10/09 04:38:29.126, 1, 80091, 97871, 0, 131.06
2026/10/09 04:38:29.126, 2, 80451, 97871, 0, 140.23
2026/10/09 04:38:29.126, 3, 80142, 97871, 100, 526.93
2026/10/09 04:38:30.126, 0, 80092, 97871, 70, 193.58
2026/10/09 04:38:30.126, 1, 80091, 97871, 24, 203.46
2026/10/09 04:38:30.126, 2, 80451, 97871, 0, 201.18
2026/10/09 04:38:30.126, 3, 80142, 97871, 92, 441.50
2026/10/09 04:38:31.126, 0, 80092, 97871, 0, 181.79
2026/10/09 04:38:31.126, 1, 80091, 97871, 0, 140.98
2026/10/09 04:38:31.126, 2, 80451, 97871, 0, 140.22
2026/10/09 04:38:31.126, 3, 80142, 97871, 100, 525.56
2026/10/09 04:38:32.127, 0, 80092, 97871, 0, 169.17
2026/10/09 04:38:32.127, 1, 80091, 97871, 0, 165.52
2026/10/09 04:38:32.127, 2, 80451, 97871, 0, 172.94
2026/10/09 04:38:32.127, 3, 80142, 97871, 100, 524.29
2026/10/09 04:38:33.127, 0, 80092, 97871, 12, 300.83
2026/10/09 04:38:33.127, 1, 80091, 97871, 0, 282.42
2026/10/09 04:38:33.127, 2, 80451, 97871, 13, 325.50
2026/10/09 04:38:33.127, 3, 80142, 97871, 61, 333.55
2026/10/09 04:38:34.127, 0, 80092, 97871, 62, 332.55
2026/10/09 04:38:34.127, 1, 80091, 97871, 22, 298.35
2026/10/09 04:38:34.127, 2, 80451, 97871, 33, 335.05
2026/10/09 04:38:34.127, 3, 80142, 97871, 83, 387.82
2026/10/09 04:38:35.127, 0, 80092, 97871, 86, 351.22
2026/10/09 04:38:35.127, 1, 80091, 97871, 99, 321.85
2026/10/09 04:38:35.127, 2, 80451, 97871, 89, 316.60
2026/10/09 04:38:35.127, 3, 80142, 97871, 99, 312.15
2026/10/09 04:38:36.131, 0, 80092, 97871, 67, 234.07
2026/10/09 04:38:36.131, 1, 80091, 97871, 36, 257.84
2026/10/09 04:38:36.131, 2, 80451, 97871, 1, 261.44
2026/10/09 04:38:36.131, 3, 80142, 97871, 93, 366.17
2026/10/09 04:38:37.131, 0, 80092, 97871, 0, 207.03
2026/10/09 04:38:37.131, 1, 80091, 97871, 0, 211.15
2026/10/09 04:38:37.131, 2, 80451, 97871, 61, 199.46
2026/10/09 04:38:37.131, 3, 80142, 97871, 100, 471.19
2026/10/09 04:38:38.131, 0, 80092, 97871, 0, 166.07
2026/10/09 04:38:38.131, 1, 80091, 97871, 0, 168.60
2026/10/09 04:38:38.131, 2, 80451, 97871, 0, 141.68
2026/10/09 04:38:38.131, 3, 80142, 97871, 100, 530.56
2026/10/09 04:38:39.131, 0, 80092, 97871, 0, 205.53
2026/10/09 04:38:39.131, 1, 80091, 97871, 38, 167.10
2026/10/09 04:38:39.131, 2, 80451, 97871, 0, 200.51
2026/10/09 04:38:39.131, 3, 80142, 97871, 88, 492.41
2026/10/09 04:38:40.132, 0, 80092, 97871, 0, 316.10
2026/10/09 04:38:40.132, 1, 80091, 97871, 42, 318.52
2026/10/09 04:38:40.132, 2, 80451, 97871, 95, 340.17
2026/10/09 04:38:40.132, 3, 80142, 97871, 79, 326.38
2026/10/09 04:38:41.132, 0, 80092, 97871, 41, 280.63
2026/10/09 04:38:41.132, 1, 80091, 97871, 44, 281.58
2026/10/09 04:38:41.132, 2, 80451, 97871, 0, 287.49
2026/10/09 04:38:41.132, 3, 80142, 97871, 74, 378.68
2026/10/09 04:38:42.132, 0, 80092, 97871, 0, 278.73
2026/10/09 04:38:42.132, 1, 80091, 97871, 0, 262.98
2026/10/09 04:38:42.132, 2, 80451, 97871, 0, 352.68
2026/10/09 04:38:42.132, 3, 80142, 97871, 80, 451.22
2026/10/09 04:38:43.132, 0, 80092, 97871, 0, 183.37
2026/10/09 04:38:43.132, 1, 80091, 97871, 52, 176.14
2026/10/09 04:38:43.132, 2, 80451, 97871, 0, 142.73
2026/10/09 04:38:43.132, 3, 80142, 97871, 100, 536.00
2026/10/09 04:38:44.132, 0, 80092, 97871, 0, 169.26
2026/10/09 04:38:44.133, 1, 80091, 97871, 0, 185.96
2026/10/09 04:38:44.133, 2, 80451, 97871, 0, 179.34
2026/10/09 04:38:44.133, 3, 80142, 97871, 100, 531.87
2026/10/09 04:38:45.133, 0, 80092, 97871, 0, 137.57
2026/10/09 04:38:45.133, 1, 80091, 97871, 0, 130.93
2026/10/09 04:38:45.133, 2, 80451, 97871, 0, 180.87
2026/10/09 04:38:45.133, 3, 80142, 97871, 100, 532.65
2026/10/09 04:38:46.140, 0, 80092, 97871, 0, 137.37
2026/10/09 04:38:46.140, 1, 80091, 97871, 0, 130.30
2026/10/09 04:38:46.140, 2, 80451, 97871, 0, 140.20
2026/10/09 04:38:46.140, 3, 80142, 97871, 100, 526.13
2026/10/09 04:38:47.140, 0, 80092, 97871, 0, 174.83
2026/10/09 04:38:47.140, 1, 80091, 97871, 0, 130.21
2026/10/09 04:38:47.140, 2, 80451, 97871, 0, 140.00
2026/10/09 04:38:47.140, 3, 80142, 97871, 100, 526.53
2026/10/09 04:38:48.140, 0, 80092, 97871, 0, 137.46
2026/10/09 04:38:48.140, 1, 80091, 97871, 0, 173.61
2026/10/09 04:38:48.140, 2, 80451, 97871, 0, 139.83
2026/10/09 04:38:48.140, 3, 80142, 97871, 100, 525.59
2026/10/09 04:38:49.141, 0, 80092, 97871, 0, 216.56
2026/10/09 04:38:49.141, 1, 80091, 97871, 30, 162.76
2026/10/09 04:38:49.141, 2, 80451, 97871, 0, 221.99
2026/10/09 04:38:49.141, 3, 80142, 97871, 100, 526.70
2026/10/09 04:38:50.141, 0, 80092, 97871, 7, 167.68
2026/10/09 04:38:50.141, 1, 80091, 97871, 0, 190.60
2026/10/09 04:38:50.141, 2, 80451, 97871, 47, 204.77
2026/10/09 04:38:50.141, 3, 80142, 97871, 100, 526.52
2026/10/09 04:38:51.141, 0, 80092, 97871, 0, 137.41
2026/10/09 04:38:51.141, 1, 80091, 97871, 0, 162.47
2026/10/09 04:38:51.141, 2, 80451, 97871, 0, 139.79
2026/10/09 04:38:51.141, 3, 80142, 97871, 100, 528.96
2026/10/09 04:38:52.141, 0, 80092, 97871, 0, 137.37
2026/10/09 04:38:52.141, 1, 80091, 97871, 0, 129.98
2026/10/09 04:38:52.141, 2, 80451, 97871, 0, 140.04
2026/10/09 04:38:52.141, 3, 80142, 97871, 100, 522.91
2026/10/09 04:38:53.141, 0, 80092, 97871, 0, 137.34
2026/10/09 04:38:53.141, 1, 80091, 97871, 0, 129.73
2026/10/09 04:38:53.141, 2, 80451, 97871, 19, 182.26
2026/10/09 04:38:53.142, 3, 80142, 97871, 100, 520.37
2026/10/09 04:38:54.142, 0, 80092, 97871, 0, 175.58
2026/10/09 04:38:54.142, 1, 80091, 97871, 8, 152.66
2026/10/09 04:38:54.142, 2, 80451, 97871, 0, 144.20
2026/10/09 04:38:54.142, 3, 80142, 97871, 65, 279.18
2026/10/09 04:38:55.142, 0, 80092, 97871, 0, 175.60
2026/10/09 04:38:55.142, 1, 80091, 97871, 0, 157.43
2026/10/09 04:38:55.142, 2, 80451, 97871, 0, 174.35
2026/10/09 04:38:55.142, 3, 80142, 97871, 100, 483.77
2026/10/09 04:38:56.148, 0, 80092, 97871, 0, 137.69
2026/10/09 04:38:56.148, 1, 80091, 97871, 0, 174.84
2026/10/09 04:38:56.148, 2, 80451, 97871, 0, 171.52
2026/10/09 04:38:56.148, 3, 80142, 97871, 100, 525.47
2026/10/09 04:38:57.148, 0, 80092, 97871, 0, 138.26
2026/10/09 04:38:57.148, 1, 80091, 97871, 0, 130.40
2026/10/09 04:38:57.148, 2, 80451, 97871, 0, 140.71
2026/10/09 04:38:57.148, 3, 80142, 97871, 100, 509.05
2026/10/09 04:38:58.148, 0, 80092, 97871, 7, 295.71
2026/10/09 04:38:58.148, 1, 80091, 97871, 10, 254.00
2026/10/09 04:38:58.148, 2, 80451, 97871, 0, 287.12
2026/10/09 04:38:58.148, 3, 80142, 97871, 82, 414.36
2026/10/09 04:38:59.149, 0, 80092, 97871, 100, 279.19
2026/10/09 04:38:59.149, 1, 80091, 97871, 0, 289.09
2026/10/09 04:38:59.149, 2, 80451, 97871, 14, 283.27
2026/10/09 04:38:59.149, 3, 80142, 97871, 94, 384.09
2026/10/09 04:39:00.149, 0, 80092, 97871, 0, 138.22
2026/10/09 04:39:00.149, 1, 80091, 97871, 0, 131.35
2026/10/09 04:39:00.149, 2, 80451, 97871, 0, 142.13
2026/10/09 04:39:00.149, 3, 80142, 97871, 100, 531.64
2026/10/09 04:39:01.149, 0, 80092, 97871, 0, 137.84
2026/10/09 04:39:01.149, 1, 80091, 97871, 0, 130.89
2026/10/09 04:39:01.149, 2, 80451, 97871, 0, 141.79
2026/10/09 04:39:01.149, 3, 80142, 97871, 100, 528.75
2026/10/09 04:39:02.149, 0, 80092, 97871, 0, 137.49
2026/10/09 04:39:02.149, 1, 80091, 97871, 0, 172.98
2026/10/09 04:39:02.149, 2, 80451, 97871, 0, 141.71
2026/10/09 04:39:02.149, 3, 80142, 97871, 100, 523.98
2026/10/09 04:39:03.150, 0, 80092, 97871, 0, 184.77
2026/10/09 04:39:03.150, 1, 80091, 97871, 0, 131.48
2026/10/09 04:39:03.150, 2, 80451, 97871, 0, 203.02
2026/10/09 04:39:03.150, 3, 80142, 97871, 100, 527.87
2026/10/09 04:39:04.150, 0, 80092, 97871, 0, 162.39
2026/10/09 04:39:04.150, 1, 80091, 97871, 0, 190.56
2026/10/09 04:39:04.150, 2, 80451, 97871, 0, 194.06
2026/10/09 04:39:04.150, 3, 80142, 97871, 100, 526.92
2026/10/09 04:39:05.150, 0, 80092, 97871, 0, 165.03
2026/10/09 04:39:05.150, 1, 80091, 97871, 0, 130.28
2026/10/09 04:39:05.150, 2, 80451, 97871, 0, 141.55
2026/10/09 04:39:05.150, 3, 80142, 97871, 100, 530.66
2026/10/09 04:39:06.166, 0, 80092, 97871, 40, 164.03
2026/10/09 04:39:06.167, 1, 80091, 97871, 0, 163.77
2026/10/09 04:39:06.167, 2, 80451, 97871, 0, 177.78
2026/10/09 04:39:06.167, 3, 80142, 97871, 100, 524.12
2026/10/09 04:39:07.167, 0, 80092, 97871, 0, 137.34
2026/10/09 04:39:07.167, 1, 80091, 97871, 14, 164.57
2026/10/09 04:39:07.167, 2, 80451, 97871, 0, 142.05
2026/10/09 04:39:07.167, 3, 80142, 97871, 100, 527.45
2026/10/09 04:39:08.167, 0, 80092, 97871, 15, 169.10
2026/10/09 04:39:08.167, 1, 80091, 97871, 0, 172.07
2026/10/09 04:39:08.167, 2, 80451, 97871, 0, 173.54
2026/10/09 04:39:08.167, 3, 80142, 97871, 100, 530.39
2026/10/09 04:39:09.167, 0, 80092, 97871, 0, 138.05
2026/10/09 04:39:09.167, 1, 80091, 97871, 0, 130.13
2026/10/09 04:39:09.167, 2, 80451, 97871, 0, 141.24
2026/10/09 04:39:09.167, 3, 80142, 97871, 100, 525.70
2026/10/09 04:39:10.167, 0, 80092, 97871, 0, 140.94
2026/10/09 04:39:10.168, 1, 80091, 97871, 0, 133.40
2026/10/09 04:39:10.168, 2, 80451, 97871, 0, 144.18
2026/10/09 04:39:10.168, 3, 80142, 97871, 65, 199.52
2026/10/09 04:39:11.168, 0, 80092, 97871, 0, 235.27
2026/10/09 04:39:11.168, 1, 80091, 97871, 49, 225.01
2026/10/09 04:39:11.168, 2, 80451, 97871, 54, 238.65
2026/10/09 04:39:11.168, 3, 80142, 97871, 95, 425.26
2026/10/09 04:39:12.168, 0, 80092, 97871, 0, 199.32
2026/10/09 04:39:12.168, 1, 80091, 97871, 0, 205.64
2026/10/09 04:39:12.168, 2, 80451, 97871, 0, 207.09
2026/10/09 04:39:12.168, 3, 80142, 97871, 100, 502.27
2026/10/09 04:39:13.168, 0, 80092, 97871, 0, 137.72
2026/10/09 04:39:13.168, 1, 80091, 97871, 0, 129.95
2026/10/09 04:39:13.168, 2, 80451, 97871, 0, 178.74
2026/10/09 04:39:13.168, 3, 80142, 97871, 100, 532.44
2026/10/09 04:39:14.168, 0, 80092, 97871, 0, 169.70
2026/10/09 04:39:14.168, 1, 80091, 97871, 0, 162.19
2026/10/09 04:39:14.168, 2, 80451, 97871, 0, 141.80
2026/10/09 04:39:14.168, 3, 80142, 97871, 100, 529.41
2026/10/09 04:39:15.169, 0, 80092, 97871, 0, 137.47
2026/10/09 04:39:15.169, 1, 80091, 97871, 0, 131.07
2026/10/09 04:39:15.169, 2, 80451, 97871, 0, 171.41
2026/10/09 04:39:15.169, 3, 80142, 97871, 100, 526.97
2026/10/09 04:39:16.178, 0, 80092, 97871, 0, 170.10
2026/10/09 04:39:16.178, 1, 80091, 97871, 0, 168.34
2026/10/09 04:39:16.178, 2, 80451, 97871, 0, 142.98
2026/10/09 04:39:16.178, 3, 80142, 97871, 61, 382.35
2026/10/09 04:39:17.179, 0, 80092, 97871, 38, 311.97
2026/10/09 04:39:17.179, 1, 80091, 97871, 56, 252.55
2026/10/09 04:39:17.179, 2, 80451, 97871, 62, 315.69
2026/10/09 04:39:17.179, 3, 80142, 97871, 96, 365.47
2026/10/09 04:39:18.179, 0, 80092, 97871, 19, 283.56
2026/10/09 04:39:18.179, 1, 80091, 97871, 65, 366.79
2026/10/09 04:39:18.179, 2, 80451, 97871, 25, 306.70
2026/10/09 04:39:18.179, 3, 80142, 97871, 65, 323.21
2026/10/09 04:39:19.179, 0, 80092, 97871, 0, 180.59
2026/10/09 04:39:19.179, 1, 80091, 97871, 0, 147.76
2026/10/09 04:39:19.179, 2, 80451, 97871, 0, 170.58
2026/10/09 04:39:19.179, 3, 80142, 97871, 100, 536.68
2026/10/09 04:39:20.179, 0, 80092, 97871, 0, 173.17
2026/10/09 04:39:20.179, 1, 80091, 97871, 0, 131.09
2026/10/09 04:39:20.179, 2, 80451, 97871, 0, 161.99
2026/10/09 04:39:20.179, 3, 80142, 97871, 100, 527.66
2026/10/09 04:39:21.179, 0, 80092, 97871, 0, 141.50
2026/10/09 04:39:21.179, 1, 80091, 97871, 0, 130.34
2026/10/09 04:39:21.180, 2, 80451, 97871, 0, 141.72
2026/10/09 04:39:21.180, 3, 80142, 97871, 100, 528.06
2026/10/09 04:39:22.180, 0, 80092, 97871, 0, 137.55
2026/10/09 04:39:22.180, 1, 80091, 97871, 59, 165.74
2026/10/09 04:39:22.180, 2, 80451, 97871, 32, 175.03
2026/10/09 04:39:22.180, 3, 80142, 97871, 100, 524.25
2026/10/09 04:39:23.180, 0, 80092, 97871, 27, 179.54
2026/10/09 04:39:23.180, 1, 80091, 97871, 0, 130.84
2026/10/09 04:39:23.180, 2, 80451, 97871, 0, 142.55
2026/10/09 04:39:23.180, 3, 80142, 97871, 100, 527.88
2026/10/09 04:39:24.180, 0, 80092, 97871, 0, 139.08
2026/10/09 04:39:24.180, 1, 80091, 97871, 0, 182.90
2026/10/09 04:39:24.180, 2, 80451, 97871, 0, 143.49
2026/10/09 04:39:24.180, 3, 80142, 97871, 60, 442.39
2026/10/09 04:39:25.180, 0, 80092, 97871, 88, 284.05
2026/10/09 04:39:25.180, 1, 80091, 97871, 0, 260.30
2026/10/09 04:39:25.180, 2, 80451, 97871, 100, 307.31
2026/10/09 04:39:25.180, 3, 80142, 97871, 49, 383.18
2026/10/09 04:39:26.185, 0, 80092, 97871, 0, 138.21
2026/10/09 04:39:26.185, 1, 80091, 97871, 0, 130.49
2026/10/09 04:39:26.185, 2, 80451, 97871, 0, 142.17
2026/10/09 04:39:26.185, 3, 80142, 97871, 100, 529.94
2026/10/09 04:39:27.185, 0, 80092, 97871, 0, 137.77
2026/10/09 04:39:27.185, 1, 80091, 97871, 0, 129.96
2026/10/09 04:39:27.185, 2, 80451, 97871, 0, 141.78
2026/10/09 04:39:27.185, 3, 80142, 97871, 100, 524.63
2026/10/09 04:39:28.185, 0, 80092, 97871, 0, 137.57
2026/10/09 04:39:28.185, 1, 80091, 97871, 0, 129.52
2026/10/09 04:39:28.185, 2, 80451, 97871, 0, 141.75
2026/10/09 04:39:28.185, 3, 80142, 97871, 100, 524.06
2026/10/09 04:39:29.186, 0, 80092, 97871, 0, 137.51
2026/10/09 04:39:29.186, 1, 80091, 97871, 0, 129.57
2026/10/09 04:39:29.186, 2, 80451, 97871, 0, 141.60
2026/10/09 04:39:29.186, 3, 80142, 97871, 100, 522.82
2026/10/09 04:39:30.186, 0, 80092, 97871, 0, 137.29
2026/10/09 04:39:30.186, 1, 80091, 97871, 0, 129.44
2026/10/09 04:39:30.186, 2, 80451, 97871, 0, 141.74
2026/10/09 04:39:30.186, 3, 80142, 97871, 100, 525.69
2026/10/09 04:39:31.186, 0, 80092, 97871, 0, 137.40
2026/10/09 04:39:31.186, 1, 80091, 97871, 0, 129.64
2026/10/09 04:39:31.186, 2, 80451, 97871, 0, 141.73
2026/10/09 04:39:31.186, 3, 80142, 97871, 100, 523.57
2026/10/09 04:39:32.186, 0, 80092, 97871, 7, 180.67
2026/10/09 04:39:32.186, 1, 80091, 97871, 0, 129.55
2026/10/09 04:39:32.186, 2, 80451, 97871, 0, 141.48
2026/10/09 04:39:32.186, 3, 80142, 97871, 100, 525.42
2026/10/09 04:39:33.186, 0, 80092, 97871, 0, 137.50
2026/10/09 04:39:33.186, 1, 80091, 97871, 0, 167.65
2026/10/09 04:39:33.186, 2, 80451, 97871, 0, 141.39
2026/10/09 04:39:33.187, 3, 80142, 97871, 100, 524.75
2026/10/09 04:39:34.187, 0, 80092, 97871, 0, 137.34
2026/10/09 04:39:34.187, 1, 80091, 97871, 0, 129.78
2026/10/09 04:39:34.187, 2, 80451, 97871, 0, 168.94
2026/10/09 04:39:34.187, 3, 80142, 97871, 100, 522.86
2026/10/09 04:39:35.187, 0, 80092, 97871, 0, 190.78
2026/10/09 04:39:35.187, 1, 80091, 97871, 0, 129.70
2026/10/09 04:39:35.187, 2, 80451, 97871, 0, 142.37
2026/10/09 04:39:35.187, 3, 80142, 97871, 100, 520.43
2026/10/09 04:39:36.200, 0, 80092, 97871, 0, 137.50
2026/10/09 04:39:36.200, 1, 80091, 97871, 0, 129.45
2026/10/09 04:39:36.200, 2, 80451, 97871, 0, 142.00
2026/10/09 04:39:36.200, 3, 80142, 97871, 100, 526.00
2026/10/09 04:39:37.200, 0, 80092, 97871, 0, 137.43
2026/10/09 04:39:37.200, 1, 80091, 97871, 0, 174.23
2026/10/09 04:39:37.200, 2, 80451, 97871, 0, 141.96
2026/10/09 04:39:37.200, 3, 80142, 97871, 100, 530.41
2026/10/09 04:39:38.200, 0, 80092, 97871, 0, 138.26
2026/10/09 04:39:38.200, 1, 80091, 97871, 0, 131.07
2026/10/09 04:39:38.200, 2, 80451, 97871, 0, 142.40
2026/10/09 04:39:38.200, 3, 80142, 97871, 100, 479.45
2026/10/09 04:39:39.201, 0, 80092, 97871, 0, 176.87
2026/10/09 04:39:39.201, 1, 80091, 97871, 0, 173.68
2026/10/09 04:39:39.201, 2, 80451, 97871, 0, 181.63
2026/10/09 04:39:39.201, 3, 80142, 97871, 100, 539.10
2026/10/09 04:39:40.201, 0, 80092, 97871, 0, 138.91
2026/10/09 04:39:40.201, 1, 80091, 97871, 0, 131.77
2026/10/09 04:39:40.201, 2, 80451, 97871, 0, 143.57
2026/10/09 04:39:40.201, 3, 80142, 97871, 100, 515.97
2026/10/09 04:39:41.201, 0, 80092, 97871, 43, 245.67
2026/10/09 04:39:41.201, 1, 80091, 97871, 63, 274.43
2026/10/09 04:39:41.201, 2, 80451, 97871, 48, 283.20
2026/10/09 04:39:41.201, 3, 80142, 97871, 78, 438.80
2026/10/09 04:39:42.201, 0, 80092, 97871, 67, 304.74
2026/10/09 04:39:42.201, 1, 80091, 97871, 0, 332.25
2026/10/09 04:39:42.201, 2, 80451, 97871, 0, 260.55
2026/10/09 04:39:42.201, 3, 80142, 97871, 64, 381.24
2026/10/09 04:39:43.201, 0, 80092, 97871, 14, 365.64
2026/10/09 04:39:43.202, 1, 80091, 97871, 5, 318.63
2026/10/09 04:39:43.202, 2, 80451, 97871, 57, 346.86
2026/10/09 04:39:43.202, 3, 80142, 97871, 69, 331.51
2026/10/09 04:39:44.202, 0, 80092, 97871, 97, 304.48
2026/10/09 04:39:44.202, 1, 80091, 97871, 29, 305.33
2026/10/09 04:39:44.202, 2, 80451, 97871, 47, 330.16
2026/10/09 04:39:44.202, 3, 80142, 97871, 57, 327.20
2026/10/09 04:39:45.202, 0, 80092, 97871, 0, 234.32
2026/10/09 04:39:45.202, 1, 80091, 97871, 0, 224.13
2026/10/09 04:39:45.202, 2, 80451, 97871, 0, 209.42
2026/10/09 04:39:45.202, 3, 80142, 97871, 100, 457.27
2026/10/09 04:39:46.207, 0, 80092, 97871, 0, 138.11
2026/10/09 04:39:46.207, 1, 80091, 97871, 0, 131.00
2026/10/09 04:39:46.207, 2, 80451, 97871, 0, 142.38
2026/10/09 04:39:46.207, 3, 80142, 97871, 100, 532.27
2026/10/09 04:39:47.207, 0, 80092, 97871, 0, 137.58
2026/10/09 04:39:47.207, 1, 80091, 97871, 0, 130.43
2026/10/09 04:39:47.207, 2, 80451, 97871, 0, 171.58
2026/10/09 04:39:47.207, 3, 80142, 97871, 100, 530.22
2026/10/09 04:39:48.207, 0, 80092, 97871, 0, 166.64
2026/10/09 04:39:48.207, 1, 80091, 97871, 52, 175.41
2026/10/09 04:39:48.207, 2, 80451, 97871, 0, 142.70
2026/10/09 04:39:48.207, 3, 80142, 97871, 100, 527.82
2026/10/09 04:39:49.207, 0, 80092, 97871, 21, 177.96
2026/10/09 04:39:49.207, 1, 80091, 97871, 0, 130.99
2026/10/09 04:39:49.207, 2, 80451, 97871, 66, 173.87
2026/10/09 04:39:49.207, 3, 80142, 97871, 100, 527.52
2026/10/09 04:39:50.207, 0, 80092, 97871, 0, 137.71
2026/10/09 04:39:50.207, 1, 80091, 97871, 43, 172.97
2026/10/09 04:39:50.207, 2, 80451, 97871, 0, 141.79
2026/10/09 04:39:50.208, 3, 80142, 97871, 100, 524.58
2026/10/09 04:39:51.208, 0, 80092, 97871, 0, 137.46
2026/10/09 04:39:51.208, 1, 80091, 97871, 0, 129.79
2026/10/09 04:39:51.208, 2, 80451, 97871, 0, 141.43
2026/10/09 04:39:51.208, 3, 80142, 97871, 100, 524.45
2026/10/09 04:39:52.208, 0, 80092, 97871, 74, 212.16
2026/10/09 04:39:52.208, 1, 80091, 97871, 33, 193.42
2026/10/09 04:39:52.208, 2, 80451, 97871, 28, 200.93
2026/10/09 04:39:52.208, 3, 80142, 97871, 67, 294.94
2026/10/09 04:39:53.208, 0, 80092, 97871, 91, 310.51
2026/10/09 04:39:53.208, 1, 80091, 97871, 0, 302.15
2026/10/09 04:39:53.208, 2, 80451, 97871, 49, 320.38
2026/10/09 04:39:53.208, 3, 80142, 97871, 52, 277.10
2026/10/09 04:39:54.208, 0, 80092, 97871, 16, 343.02
2026/10/09 04:39:54.208, 1, 80091, 97871, 60, 336.55
2026/10/09 04:39:54.208, 2, 80451, 97871, 13, 330.27
2026/10/09 04:39:54.208, 3, 80142, 97871, 98, 381.87
2026/10/09 04:39:55.209, 0, 80092, 97871, 0, 242.95
2026/10/09 04:39:55.209, 1, 80091, 97871, 0, 213.50
2026/10/09 04:39:55.209, 2, 80451, 97871, 0, 264.73
2026/10/09 04:39:55.209, 3, 80142, 97871, 100, 489.92
2026/10/09 04:39:56.235, 0, 80092, 97871, 0, 148.66
2026/10/09 04:39:56.235, 1, 80091, 97871, 0, 131.46
2026/10/09 04:39:56.235, 2, 80451, 97871, 0, 140.79
2026/10/09 04:39:56.235, 3, 80142, 97871, 100, 530.29
2026/10/09 04:39:57.235, 0, 80092, 97871, 0, 137.76
2026/10/09 04:39:57.235, 1, 80091, 97871, 0, 187.24
2026/10/09 04:39:57.235, 2, 80451, 97871, 0, 140.35
2026/10/09 04:39:57.235, 3, 80142, 97871, 100, 521.97
2026/10/09 04:39:58.235, 0, 80092, 97871, 0, 137.85
2026/10/09 04:39:58.235, 1, 80091, 97871, 0, 130.11
2026/10/09 04:39:58.235, 2, 80451, 97871, 0, 140.14
2026/10/09 04:39:58.235, 3, 80142, 97871, 100, 520.86
2026/10/09 04:39:59.235, 0, 80092, 97871, 0, 137.99
2026/10/09 04:39:59.235, 1, 80091, 97871, 0, 130.02
2026/10/09 04:39:59.235, 2, 80451, 97871, 0, 140.01
2026/10/09 04:39:59.235, 3, 80142, 97871, 100, 520.56
2026/10/09 04:40:00.235, 0, 80092, 97871, 68, 235.64
2026/10/09 04:40:00.236, 1, 80091, 97871, 57, 175.29
2026/10/09 04:40:00.236, 2, 80451, 97871, 0, 217.44
2026/10/09 04:40:00.236, 3, 80142, 97871, 95, 458.48
2026/10/09 04:40:01.236, 0, 80092, 97871, 0, 213.87
2026/10/09 04:40:01.236, 1, 80091, 97871, 0, 228.52
2026/10/09 04:40:01.236, 2, 80451, 97871, 0, 300.00
2026/10/09 04:40:01.236, 3, 80142, 97871, 100, 475.38
2026/10/09 04:40:02.236, 0, 80092, 97871, 0, 190.93
2026/10/09 04:40:02.236, 1, 80091, 97871, 32, 174.96
2026/10/09 04:40:02.236, 2, 80451, 97871, 0, 141.44
2026/10/09 04:40:02.236, 3, 80142, 97871, 100, 525.80
2026/10/09 04:40:03.236, 0, 80092, 97871, 12, 191.11
2026/10/09 04:40:03.236, 1, 80091, 97871, 0, 130.96
2026/10/09 04:40:03.236, 2, 80451, 97871, 0, 172.68
2026/10/09 04:40:03.236, 3, 80142, 97871, 100, 523.23
2026/10/09 04:40:04.236, 0, 80092, 97871, 0, 139.46
2026/10/09 04:40:04.236, 1, 80091, 97871, 0, 152.19
2026/10/09 04:40:04.237, 2, 80451, 97871, 0, 142.32
2026/10/09 04:40:04.237, 3, 80142, 97871, 72, 449.54
2026/10/09 04:40:05.237, 0, 80092, 97871, 0, 275.85
2026/10/09 04:40:05.237, 1, 80091, 97871, 54, 257.72
2026/10/09 04:40:05.237, 2, 80451, 97871, 24, 271.12
2026/10/09 04:40:05.237, 3, 80142, 97871, 84, 429.16
2026/10/09 04:40:06.244, 0, 80092, 97871, 0, 263.16
2026/10/09 04:40:06.244, 1, 80091, 97871, 68, 308.84
2026/10/09 04:40:06.244, 2, 80451, 97871, 17, 286.78
2026/10/09 04:40:06.244, 3, 80142, 97871, 72, 416.05
2026/10/09 04:40:07.244, 0, 80092, 97871, 14, 317.18
2026/10/09 04:40:07.245, 1, 80091, 97871, 65, 299.68
2026/10/09 04:40:07.245, 2, 80451, 97871, 51, 300.96
2026/10/09 04:40:07.245, 3, 80142, 97871, 79, 337.79
2026/10/09 04:40:08.245, 0, 80092, 97871, 0, 344.93
2026/10/09 04:40:08.245, 1, 80091, 97871, 29, 271.14
2026/10/09 04:40:08.245, 2, 80451, 97871, 0, 338.69
2026/10/09 04:40:08.245, 3, 80142, 97871, 74, 313.92
2026/10/09 04:40:09.245, 0, 80092, 97871, 0, 215.52
2026/10/09 04:40:09.245, 1, 80091, 97871, 32, 263.22
2026/10/09 04:40:09.245, 2, 80451, 97871, 0, 240.61
2026/10/09 04:40:09.245, 3, 80142, 97871, 100, 418.77
2026/10/09 04:40:10.245, 0, 80092, 97871, 0, 138.09
2026/10/09 04:40:10.245, 1, 80091, 97871, 0, 131.47
2026/10/09 04:40:10.245, 2, 80451, 97871, 0, 187.16
2026/10/09 04:40:10.245, 3, 80142, 97871, 100, 530.84
2026/10/09 04:40:11.245, 0, 80092, 97871, 0, 179.55
2026/10/09 04:40:11.246, 1, 80091, 97871, 0, 163.40
2026/10/09 04:40:11.246, 2, 80451, 97871, 0, 142.07
2026/10/09 04:40:11.246, 3, 80142, 97871, 100, 528.28
2026/10/09 04:40:12.246, 0, 80092, 97871, 0, 137.85
2026/10/09 04:40:12.246, 1, 80091, 97871, 0, 131.53
2026/10/09 04:40:12.246, 2, 80451, 97871, 0, 172.66
2026/10/09 04:40:12.246, 3, 80142, 97871, 100, 527.52
2026/10/09 04:40:13.246, 0, 80092, 97871, 13, 167.49
2026/10/09 04:40:13.246, 1, 80091, 97871, 0, 161.20
2026/10/09 04:40:13.246, 2, 80451, 97871, 0, 142.30
2026/10/09 04:40:13.246, 3, 80142, 97871, 100, 528.18
2026/10/09 04:40:14.246, 0, 80092, 97871, 0, 165.67
2026/10/09 04:40:14.246, 1, 80091, 97871, 0, 177.49
2026/10/09 04:40:14.246, 2, 80451, 97871, 0, 173.95
2026/10/09 04:40:14.246, 3, 80142, 97871, 100, 525.86
2026/10/09 04:40:15.246, 0, 80092, 97871, 0, 139.36
2026/10/09 04:40:15.246, 1, 80091, 97871, 0, 131.64
2026/10/09 04:40:15.247, 2, 80451, 97871, 0, 141.57
2026/10/09 04:40:15.247, 3, 80142, 97871, 65, 367.51
2026/10/09 04:40:16.262, 0, 80092, 97871, 0, 174.14
2026/10/09 04:40:16.262, 1, 80091, 97871, 0, 130.40
2026/10/09 04:40:16.262, 2, 80451, 97871, 0, 180.58
2026/10/09 04:40:16.262, 3, 80142, 97871, 100, 516.45
2026/10/09 04:40:17.263, 0, 80092, 97871, 0, 137.69
2026/10/09 04:40:17.263, 1, 80091, 97871, 0, 129.36
2026/10/09 04:40:17.263, 2, 80451, 97871, 0, 140.90
2026/10/09 04:40:17.263, 3, 80142, 97871, 100, 528.73
2026/10/09 04:40:18.263, 0, 80092, 97871, 0, 137.55
2026/10/09 04:40:18.263, 1, 80091, 97871, 0, 129.46
2026/10/09 04:40:18.263, 2, 80451, 97871, 0, 140.76
2026/10/09 04:40:18.263, 3, 80142, 97871, 100, 529.98
2026/10/09 04:40:19.263, 0, 80092, 97871, 0, 137.74
2026/10/09 04:40:19.263, 1, 80091, 97871, 0, 129.58
2026/10/09 04:40:19.263, 2, 80451, 97871, 0, 140.80
2026/10/09 04:40:19.263, 3, 80142, 97871, 100, 524.38
2026/10/09 04:40:20.263, 0, 80092, 97871, 0, 137.65
2026/10/09 04:40:20.263, 1, 80091, 97871, 0, 129.45
2026/10/09 04:40:20.263, 2, 80451, 97871, 0, 140.62
2026/10/09 04:40:20.263, 3, 80142, 97871, 100, 525.78
2026/10/09 04:40:21.263, 0, 80092, 97871, 0, 137.66
2026/10/09 04:40:21.264, 1, 80091, 97871, 0, 129.31
2026/10/09 04:40:21.264, 2, 80451, 97871, 0, 140.53
2026/10/09 04:40:21.264, 3, 80142, 97871, 100, 525.03
2026/10/09 04:40:22.264, 0, 80092, 97871, 0, 137.63
2026/10/09 04:40:22.264, 1, 80091, 97871, 0, 129.38
2026/10/09 04:40:22.264, 2, 80451, 97871, 0, 140.57
2026/10/09 04:40:22.264, 3, 80142, 97871, 100, 525.31
2026/10/09 04:40:23.264, 0, 80092, 97871, 0, 137.69
2026/10/09 04:40:23.264, 1, 80091, 97871, 0, 129.55
2026/10/09 04:40:23.264, 2, 80451, 97871, 0, 140.55
2026/10/09 04:40:23.264, 3, 80142, 97871, 100, 526.89
2026/10/09 04:40:24.264, 0, 80092, 97871, 0, 138.61
2026/10/09 04:40:24.264, 1, 80091, 97871, 0, 129.85
2026/10/09 04:40:24.264, 2, 80451, 97871, 0, 140.58
2026/10/09 04:40:24.264, 3, 80142, 97871, 100, 516.18
2026/10/09 04:40:25.264, 0, 80092, 97871, 0, 140.53
2026/10/09 04:40:25.264, 1, 80091, 97871, 0, 132.89
2026/10/09 04:40:25.265, 2, 80451, 97871, 0, 144.03
2026/10/09 04:40:25.265, 3, 80142, 97871, 88, 201.61
2026/10/09 04:40:26.277, 0, 80092, 97871, 0, 140.70
2026/10/09 04:40:26.277, 1, 80091, 97871, 0, 131.69
2026/10/09 04:40:26.277, 2, 80451, 97871, 0, 143.48
2026/10/09 04:40:26.277, 3, 80142, 97871, 63, 328.37
2026/10/09 04:40:27.277, 0, 80092, 97871, 0, 137.98
2026/10/09 04:40:27.277, 1, 80091, 97871, 0, 129.52
2026/10/09 04:40:27.277, 2, 80451, 97871, 0, 140.73
2026/10/09 04:40:27.277, 3, 80142, 97871, 100, 536.85
2026/10/09 04:40:28.277, 0, 80092, 97871, 0, 137.65
2026/10/09 04:40:28.277, 1, 80091, 97871, 0, 129.43
2026/10/09 04:40:28.277, 2, 80451, 97871, 0, 140.43
2026/10/09 04:40:28.277, 3, 80142, 97871, 100, 529.28
2026/10/09 04:40:29.277, 0, 80092, 97871, 0, 137.70
2026/10/09 04:40:29.277, 1, 80091, 97871, 0, 129.28
2026/10/09 04:40:29.277, 2, 80451, 97871, 0, 140.46
2026/10/09 04:40:29.277, 3, 80142, 97871, 100, 526.78
2026/10/09 04:40:30.277, 0, 80092, 97871, 0, 137.72
2026/10/09 04:40:30.277, 1, 80091, 97871, 0, 129.55
2026/10/09 04:40:30.278, 2, 80451, 97871, 0, 140.59
2026/10/09 04:40:30.278, 3, 80142, 97871, 100, 527.29
2026/10/09 04:40:31.278, 0, 80092, 97871, 0, 137.67
2026/10/09 04:40:31.278, 1, 80091, 97871, 0, 129.60
2026/10/09 04:40:31.278, 2, 80451, 97871, 0, 140.38
2026/10/09 04:40:31.278, 3, 80142, 97871, 100, 524.00
2026/10/09 04:40:32.278, 0, 80092, 97871, 0, 137.59
2026/10/09 04:40:32.278, 1, 80091, 97871, 0, 129.58
2026/10/09 04:40:32.278, 2, 80451, 97871, 0, 140.38
2026/10/09 04:40:32.278, 3, 80142, 97871, 100, 522.69
2026/10/09 04:40:33.278, 0, 80092, 97871, 0, 137.55
2026/10/09 04:40:33.278, 1, 80091, 97871, 0, 129.33
2026/10/09 04:40:33.278, 2, 80451, 97871, 0, 140.65
2026/10/09 04:40:33.278, 3, 80142, 97871, 100, 523.67
2026/10/09 04:40:34.278, 0, 80092, 97871, 0, 137.58
2026/10/09 04:40:34.278, 1, 80091, 97871, 0, 129.88
2026/10/09 04:40:34.278, 2, 80451, 97871, 0, 141.33
2026/10/09 04:40:34.278, 3, 80142, 97871, 100, 518.95
2026/10/09 04:40:35.278, 0, 80092, 97871, 0, 140.05
2026/10/09 04:40:35.278, 1, 80091, 97871, 0, 131.55
2026/10/09 04:40:35.278, 2, 80451, 97871, 0, 142.08
2026/10/09 04:40:35.278, 3, 80142, 97871, 80, 382.36
2026/10/09 04:40:36.284, 0, 80092, 97871, 0, 139.81
2026/10/09 04:40:36.284, 1, 80091, 97871, 0, 131.91
2026/10/09 04:40:36.284, 2, 80451, 97871, 0, 142.91
2026/10/09 04:40:36.284, 3, 80142, 97871, 93, 453.29
2026/10/09 04:40:37.284, 0, 80092, 97871, 0, 139.94
2026/10/09 04:40:37.284, 1, 80091, 97871, 0, 132.28
2026/10/09 04:40:37.284, 2, 80451, 97871, 0, 143.09
2026/10/09 04:40:37.284, 3, 80142, 97871, 63, 384.52
2026/10/09 04:40:38.284, 0, 80092, 97871, 0, 139.70
2026/10/09 04:40:38.284, 1, 80091, 97871, 0, 131.89
2026/10/09 04:40:38.284, 2, 80451, 97871, 0, 142.72
2026/10/09 04:40:38.285, 3, 80142, 97871, 100, 378.16
2026/10/09 04:40:39.285, 0, 80092, 97871, 0, 140.37
2026/10/09 04:40:39.285, 1, 80091, 97871, 0, 131.74
2026/10/09 04:40:39.285, 2, 80451, 97871, 0, 142.81
2026/10/09 04:40:39.285, 3, 80142, 97871, 88, 347.53
2026/10/09 04:40:40.285, 0, 80092, 97871, 0, 139.83
2026/10/09 04:40:40.285, 1, 80091, 97871, 0, 132.43
2026/10/09 04:40:40.285, 2, 80451, 97871, 0, 142.96
2026/10/09 04:40:40.285, 3, 80142, 97871, 87, 322.56
2026/10/09 04:40:41.285, 0, 80092, 97871, 0, 139.79
2026/10/09 04:40:41.285, 1, 80091, 97871, 0, 131.89
2026/10/09 04:40:41.285, 2, 80451, 97871, 0, 142.86
2026/10/09 04:40:41.285, 3, 80142, 97871, 68, 358.77
2026/10/09 04:40:42.285, 0, 80092, 97871, 0, 140.43
2026/10/09 04:40:42.285, 1, 80091, 97871, 0, 132.81
2026/10/09 04:40:42.285, 2, 80451, 97871, 0, 143.20
2026/10/09 04:40:42.285, 3, 80142, 97871, 79, 322.44
2026/10/09 04:40:43.285, 0, 80092, 97871, 0, 139.20
2026/10/09 04:40:43.285, 1, 80091, 97871, 0, 130.65
2026/10/09 04:40:43.285, 2, 80451, 97871, 0, 142.06
2026/10/09 04:40:43.285, 3, 80142, 97871, 100, 418.09
2026/10/09 04:40:44.286, 0, 80092, 97871, 0, 137.47
2026/10/09 04:40:44.286, 1, 80091, 97871, 0, 129.40
2026/10/09 04:40:44.286, 2, 80451, 97871, 0, 140.47
2026/10/09 04:40:44.286, 3, 80142, 97871, 100, 530.09
2026/10/09 04:40:45.286, 0, 80092, 97871, 0, 137.32
2026/10/09 04:40:45.286, 1, 80091, 97871, 0, 129.19
2026/10/09 04:40:45.286, 2, 80451, 97871, 0, 140.38
2026/10/09 04:40:45.286, 3, 80142, 97871, 100, 529.03
2026/10/09 04:40:46.299, 0, 80092, 97871, 0, 137.43
2026/10/09 04:40:46.299, 1, 80091, 97871, 0, 129.33
2026/10/09 04:40:46.299, 2, 80451, 97871, 0, 140.46
2026/10/09 04:40:46.299, 3, 80142, 97871, 100, 526.93
2026/10/09 04:40:47.299, 0, 80092, 97871, 0, 137.49
2026/10/09 04:40:47.299, 1, 80091, 97871, 0, 129.28
2026/10/09 04:40:47.299, 2, 80451, 97871, 0, 140.37
2026/10/09 04:40:47.299, 3, 80142, 97871, 100, 527.52
2026/10/09 04:40:48.299, 0, 80092, 97871, 0, 137.35
2026/10/09 04:40:48.299, 1, 80091, 97871, 0, 129.23
2026/10/09 04:40:48.299, 2, 80451, 97871, 0, 140.47
2026/10/09 04:40:48.299, 3, 80142, 97871, 100, 527.98
2026/10/09 04:40:49.299, 0, 80092, 97871, 0, 137.47
2026/10/09 04:40:49.300, 1, 80091, 97871, 0, 129.26
2026/10/09 04:40:49.300, 2, 80451, 97871, 0, 140.45
2026/10/09 04:40:49.300, 3, 80142, 97871, 100, 528.42
2026/10/09 04:40:50.300, 0, 80092, 97871, 0, 137.36
2026/10/09 04:40:50.300, 1, 80091, 97871, 0, 129.73
2026/10/09 04:40:50.300, 2, 80451, 97871, 0, 140.91
2026/10/09 04:40:50.300, 3, 80142, 97871, 100, 525.86
2026/10/09 04:40:51.300, 0, 80092, 97871, 0, 139.38
2026/10/09 04:40:51.300, 1, 80091, 97871, 0, 131.10
2026/10/09 04:40:51.300, 2, 80451, 97871, 0, 141.83
2026/10/09 04:40:51.300, 3, 80142, 97871, 100, 386.89
2026/10/09 04:40:52.300, 0, 80092, 97871, 0, 137.32
2026/10/09 04:40:52.300, 1, 80091, 97871, 0, 129.93
2026/10/09 04:40:52.300, 2, 80451, 97871, 0, 140.85
2026/10/09 04:40:52.300, 3, 80142, 97871, 100, 511.77
2026/10/09 04:40:53.300, 0, 80092, 97871, 0, 137.28
2026/10/09 04:40:53.300, 1, 80091, 97871, 0, 129.38
2026/10/09 04:40:53.300, 2, 80451, 97871, 0, 140.49
2026/10/09 04:40:53.300, 3, 80142, 97871, 100, 524.04
2026/10/09 04:40:54.300, 0, 80092, 97871, 0, 137.08
2026/10/09 04:40:54.300, 1, 80091, 97871, 0, 129.31
2026/10/09 04:40:54.301, 2, 80451, 97871, 0, 140.41
2026/10/09 04:40:54.301, 3, 80142, 97871, 100, 528.28
2026/10/09 04:40:55.301, 0, 80092, 97871, 0, 137.42
2026/10/09 04:40:55.301, 1, 80091, 97871, 0, 129.41
2026/10/09 04:40:55.301, 2, 80451, 97871, 0, 140.32
2026/10/09 04:40:55.301, 3, 80142, 97871, 100, 525.40
2026/10/09 04:40:56.306, 0, 80092, 97871, 0, 139.08
2026/10/09 04:40:56.306, 1, 80091, 97871, 0, 130.45
2026/10/09 04:40:56.306, 2, 80451, 97871, 0, 141.44
2026/10/09 04:40:56.306, 3, 80142, 97871, 100, 427.78
2026/10/09 04:40:57.306, 0, 80092, 97871, 0, 138.52
2026/10/09 04:40:57.306, 1, 80091, 97871, 0, 130.62
2026/10/09 04:40:57.306, 2, 80451, 97871, 0, 141.49
2026/10/09 04:40:57.306, 3, 80142, 97871, 100, 498.35
2026/10/09 04:40:58.306, 0, 80092, 97871, 0, 137.43
2026/10/09 04:40:58.306, 1, 80091, 97871, 0, 129.42
2026/10/09 04:40:58.306, 2, 80451, 97871, 0, 140.51
2026/10/09 04:40:58.306, 3, 80142, 97871, 100, 529.34
2026/10/09 04:40:59.306, 0, 80092, 97871, 0, 137.55
2026/10/09 04:40:59.306, 1, 80091, 97871, 0, 129.41
2026/10/09 04:40:59.306, 2, 80451, 97871, 0, 140.54
2026/10/09 04:40:59.306, 3, 80142, 97871, 100, 525.95
2026/10/09 04:41:00.306, 0, 80092, 97871, 0, 137.48
2026/10/09 04:41:00.306, 1, 80091, 97871, 0, 129.60
2026/10/09 04:41:00.306, 2, 80451, 97871, 0, 140.46
2026/10/09 04:41:00.306, 3, 80142, 97871, 100, 524.74
2026/10/09 04:41:01.307, 0, 80092, 97871, 0, 137.45
2026/10/09 04:41:01.307, 1, 80091, 97871, 0, 129.46
2026/10/09 04:41:01.307, 2, 80451, 97871, 0, 140.40
2026/10/09 04:41:01.307, 3, 80142, 97871, 100, 524.37
2026/10/09 04:41:02.307, 0, 80092, 97871, 0, 137.40
2026/10/09 04:41:02.307, 1, 80091, 97871, 0, 129.65
2026/10/09 04:41:02.307, 2, 80451, 97871, 0, 140.67
2026/10/09 04:41:02.307, 3, 80142, 97871, 100, 526.20
2026/10/09 04:41:03.307, 0, 80092, 97871, 0, 138.49
2026/10/09 04:41:03.307, 1, 80091, 97871, 0, 131.76
2026/10/09 04:41:03.307, 2, 80451, 97871, 0, 142.21
2026/10/09 04:41:03.307, 3, 80142, 97871, 100, 376.18
2026/10/09 04:41:04.307, 0, 80092, 97871, 0, 140.28
2026/10/09 04:41:04.307, 1, 80091, 97871, 0, 131.86
2026/10/09 04:41:04.307, 2, 80451, 97871, 0, 142.31
2026/10/09 04:41:04.307, 3, 80142, 97871, 95, 392.40
2026/10/09 04:41:05.307, 0, 80092, 97871, 0, 137.59
2026/10/09 04:41:05.307, 1, 80091, 97871, 0, 129.70
2026/10/09 04:41:05.307, 2, 80451, 97871, 0, 140.84
2026/10/09 04:41:05.308, 3, 80142, 97871, 100, 527.82
2026/10/09 04:41:06.315, 0, 80092, 97871, 0, 137.40
2026/10/09 04:41:06.315, 1, 80091, 97871, 0, 129.44
2026/10/09 04:41:06.315, 2, 80451, 97871, 0, 140.50
2026/10/09 04:41:06.315, 3, 80142, 97871, 100, 524.62
2026/10/09 04:41:07.315, 0, 80092, 97871, 0, 137.40
2026/10/09 04:41:07.315, 1, 80091, 97871, 0, 129.54
2026/10/09 04:41:07.315, 2, 80451, 97871, 0, 140.50
2026/10/09 04:41:07.315, 3, 80142, 97871, 100, 523.88
2026/10/09 04:41:08.315, 0, 80092, 97871, 0, 137.12
2026/10/09 04:41:08.315, 1, 80091, 97871, 0, 129.43
2026/10/09 04:41:08.315, 2, 80451, 97871, 0, 140.50
2026/10/09 04:41:08.315, 3, 80142, 97871, 100, 524.19
2026/10/09 04:41:09.315, 0, 80092, 97871, 0, 137.29
2026/10/09 04:41:09.315, 1, 80091, 97871, 0, 129.35
2026/10/09 04:41:09.315, 2, 80451, 97871, 0, 140.44
2026/10/09 04:41:09.315, 3, 80142, 97871, 100, 526.10
2026/10/09 04:41:10.315, 0, 80092, 97871, 0, 137.32
2026/10/09 04:41:10.316, 1, 80091, 97871, 0, 129.37
2026/10/09 04:41:10.316, 2, 80451, 97871, 0, 140.52
2026/10/09 04:41:10.316, 3, 80142, 97871, 100, 524.21
2026/10/09 04:41:11.316, 0, 80092, 97871, 0, 137.29
2026/10/09 04:41:11.316, 1, 80091, 97871, 0, 129.32
2026/10/09 04:41:11.316, 2, 80451, 97871, 0, 140.45
2026/10/09 04:41:11.316, 3, 80142, 97871, 100, 524.59
2026/10/09 04:41:12.316, 0, 80092, 97871, 0, 137.24
2026/10/09 04:41:12.316, 1, 80091, 97871, 0, 129.26
2026/10/09 04:41:12.316, 2, 80451, 97871, 0, 140.35
2026/10/09 04:41:12.316, 3, 80142, 97871, 100, 527.42
2026/10/09 04:41:13.316, 0, 80092, 97871, 0, 137.27
2026/10/09 04:41:13.316, 1, 80091, 97871, 0, 129.35
2026/10/09 04:41:13.316, 2, 80451, 97871, 0, 140.32
2026/10/09 04:41:13.316, 3, 80142, 97871, 100, 526.99
2026/10/09 04:41:14.316, 0, 80092, 97871, 0, 137.26
2026/10/09 04:41:14.316, 1, 80091, 97871, 0, 129.22
2026/10/09 04:41:14.316, 2, 80451, 97871, 0, 140.38
2026/10/09 04:41:14.316, 3, 80142, 97871, 100, 524.59
2026/10/09 04:41:15.316, 0, 80092, 97871, 0, 137.15
2026/10/09 04:41:15.316, 1, 80091, 97871, 0, 129.16
2026/10/09 04:41:15.317, 2, 80451, 97871, 0, 140.43
2026/10/09 04:41:15.317, 3, 80142, 97871, 100, 526.46
2026/10/09 04:41:16.321, 0, 80092, 97871, 0, 137.55
2026/10/09 04:41:16.322, 1, 80091, 97871, 0, 130.14
2026/10/09 04:41:16.322, 2, 80451, 97871, 0, 141.43
2026/10/09 04:41:16.322, 3, 80142, 97871, 100, 471.22
2026/10/09 04:41:17.322, 0, 80092, 97871, 0, 139.18
2026/10/09 04:41:17.322, 1, 80091, 97871, 0, 131.46
2026/10/09 04:41:17.322, 2, 80451, 97871, 0, 142.68
2026/10/09 04:41:17.322, 3, 80142, 97871, 100, 329.78
2026/10/09 04:41:18.322, 0, 80092, 97871, 0, 137.32
2026/10/09 04:41:18.322, 1, 80091, 97871, 0, 129.45
2026/10/09 04:41:18.322, 2, 80451, 97871, 0, 140.48
2026/10/09 04:41:18.322, 3, 80142, 97871, 100, 528.21
2026/10/09 04:41:19.322, 0, 80092, 97871, 0, 137.26
2026/10/09 04:41:19.322, 1, 80091, 97871, 0, 129.16
2026/10/09 04:41:19.322, 2, 80451, 97871, 0, 140.45
2026/10/09 04:41:19.322, 3, 80142, 97871, 100, 527.92
2026/10/09 04:41:20.322, 0, 80092, 97871, 0, 137.38
2026/10/09 04:41:20.322, 1, 80091, 97871, 0, 129.27
2026/10/09 04:41:20.322, 2, 80451, 97871, 0, 140.22
2026/10/09 04:41:20.322, 3, 80142, 97871, 100, 527.85
2026/10/09 04:41:21.322, 0, 80092, 97871, 0, 137.42
2026/10/09 04:41:21.322, 1, 80091, 97871, 0, 129.24
2026/10/09 04:41:21.322, 2, 80451, 97871, 0, 140.45
2026/10/09 04:41:21.323, 3, 80142, 97871, 100, 524.95
2026/10/09 04:41:22.323, 0, 80092, 97871, 0, 137.32
2026/10/09 04:41:22.323, 1, 80091, 97871, 0, 129.25
2026/10/09 04:41:22.323, 2, 80451, 97871, 0, 140.32
2026/10/09 04:41:22.323, 3, 80142, 97871, 100, 526.18
2026/10/09 04:41:23.323, 0, 80092, 97871, 0, 137.36
2026/10/09 04:41:23.323, 1, 80091, 97871, 0, 129.18
2026/10/09 04:41:23.323, 2, 80451, 97871, 0, 140.34
2026/10/09 04:41:23.323, 3, 80142, 97871, 100, 526.48
2026/10/09 04:41:24.323, 0, 80092, 97871, 0, 137.43
2026/10/09 04:41:24.323, 1, 80091, 97871, 0, 129.23
2026/10/09 04:41:24.323, 2, 80451, 97871, 0, 140.35
2026/10/09 04:41:24.323, 3, 80142, 97871, 100, 526.94
2026/10/09 04:41:25.323, 0, 80092, 97871, 0, 139.53
2026/10/09 04:41:25.323, 1, 80091, 97871, 0, 130.39
2026/10/09 04:41:25.323, 2, 80451, 97871, 0, 141.87
2026/10/09 04:41:25.323, 3, 80142, 97871, 93, 428.53
2026/10/09 04:41:26.332, 0, 80092, 97871, 0, 139.61
2026/10/09 04:41:26.332, 1, 80091, 97871, 0, 131.77
2026/10/09 04:41:26.332, 2, 80451, 97871, 0, 142.13
2026/10/09 04:41:26.332, 3, 80142, 97871, 100, 471.65
2026/10/09 04:41:27.332, 0, 80092, 97871, 0, 140.05
2026/10/09 04:41:27.332, 1, 80091, 97871, 0, 131.79
2026/10/09 04:41:27.332, 2, 80451, 97871, 0, 142.97
2026/10/09 04:41:27.332, 3, 80142, 97871, 100, 456.90
2026/10/09 04:41:28.332, 0, 80092, 97871, 0, 137.61
2026/10/09 04:41:28.332, 1, 80091, 97871, 0, 129.31
2026/10/09 04:41:28.332, 2, 80451, 97871, 0, 140.56
2026/10/09 04:41:28.332, 3, 80142, 97871, 100, 533.03
2026/10/09 04:41:29.332, 0, 80092, 97871, 0, 137.43
2026/10/09 04:41:29.332, 1, 80091, 97871, 0, 129.26
2026/10/09 04:41:29.332, 2, 80451, 97871, 0, 140.35
2026/10/09 04:41:29.332, 3, 80142, 97871, 100, 529.33
2026/10/09 04:41:30.332, 0, 80092, 97871, 0, 137.55
2026/10/09 04:41:30.332, 1, 80091, 97871, 0, 129.24
2026/10/09 04:41:30.332, 2, 80451, 97871, 0, 140.33
2026/10/09 04:41:30.332, 3, 80142, 97871, 100, 528.80
2026/10/09 04:41:31.333, 0, 80092, 97871, 0, 137.52
2026/10/09 04:41:31.333, 1, 80091, 97871, 0, 129.27
2026/10/09 04:41:31.333, 2, 80451, 97871, 0, 140.34
2026/10/09 04:41:31.333, 3, 80142, 97871, 100, 524.67
2026/10/09 04:41:32.333, 0, 80092, 97871, 0, 137.47
2026/10/09 04:41:32.333, 1, 80091, 97871, 0, 129.22
2026/10/09 04:41:32.333, 2, 80451, 97871, 0, 140.52
2026/10/09 04:41:32.333, 3, 80142, 97871, 100, 523.66
2026/10/09 04:41:33.333, 0, 80092, 97871, 0, 137.42
2026/10/09 04:41:33.333, 1, 80091, 97871, 0, 129.48
2026/10/09 04:41:33.333, 2, 80451, 97871, 0, 140.66
2026/10/09 04:41:33.333, 3, 80142, 97871, 100, 522.35
2026/10/09 04:41:34.333, 0, 80092, 97871, 0, 137.99
2026/10/09 04:41:34.333, 1, 80091, 97871, 0, 129.39
2026/10/09 04:41:34.333, 2, 80451, 97871, 0, 140.49
2026/10/09 04:41:34.333, 3, 80142, 97871, 100, 518.92
2026/10/09 04:41:35.333, 0, 80092, 97871, 0, 140.86
2026/10/09 04:41:35.335, 1, 80091, 97871, 0, 132.46
2026/10/09 04:41:35.336, 2, 80451, 97871, 0, 143.42
2026/10/09 04:41:35.336, 3, 80142, 97871, 100, 387.60
2026/10/09 04:41:36.336, 0, 80092, 97871, 0, 139.78
2026/10/09 04:41:36.336, 1, 80091, 97871, 0, 131.61
2026/10/09 04:41:36.336, 2, 80451, 97871, 0, 143.21
2026/10/09 04:41:36.336, 3, 80142, 97871, 99, 485.54
2026/10/09 04:41:37.336, 0, 80092, 97871, 0, 139.33
2026/10/09 04:41:37.336, 1, 80091, 97871, 0, 131.41
2026/10/09 04:41:37.336, 2, 80451, 97871, 0, 142.37
2026/10/09 04:41:37.336, 3, 80142, 97871, 100, 505.00
2026/10/09 04:41:38.337, 0, 80092, 97871, 0, 139.99
2026/10/09 04:41:38.337, 1, 80091, 97871, 0, 131.80
2026/10/09 04:41:38.337, 2, 80451, 97871, 0, 143.28
2026/10/09 04:41:38.337, 3, 80142, 97871, 100, 452.88
2026/10/09 04:41:39.337, 0, 80092, 97871, 0, 137.60
2026/10/09 04:41:39.337, 1, 80091, 97871, 0, 129.42
2026/10/09 04:41:39.337, 2, 80451, 97871, 0, 140.61
2026/10/09 04:41:39.337, 3, 80142, 97871, 100, 528.53
2026/10/09 04:41:40.337, 0, 80092, 97871, 0, 137.52
2026/10/09 04:41:40.337, 1, 80091, 97871, 0, 129.28
2026/10/09 04:41:40.337, 2, 80451, 97871, 0, 140.51
2026/10/09 04:41:40.337, 3, 80142, 97871, 100, 525.48
2026/10/09 04:41:41.337, 0, 80092, 97871, 0, 137.27
2026/10/09 04:41:41.337, 1, 80091, 97871, 0, 129.38
2026/10/09 04:41:41.337, 2, 80451, 97871, 0, 140.49
2026/10/09 04:41:41.337, 3, 80142, 97871, 100, 529.95
2026/10/09 04:41:42.337, 0, 80092, 97871, 0, 137.21
2026/10/09 04:41:42.337, 1, 80091, 97871, 0, 129.32
2026/10/09 04:41:42.337, 2, 80451, 97871, 0, 140.51
2026/10/09 04:41:42.337, 3, 80142, 97871, 100, 525.42
2026/10/09 04:41:43.338, 0, 80092, 97871, 0, 139.08
2026/10/09 04:41:43.338, 1, 80091, 97871, 0, 130.54
2026/10/09 04:41:43.338, 2, 80451, 97871, 0, 142.20
2026/10/09 04:41:43.338, 3, 80142, 97871, 100, 459.26
2026/10/09 04:41:44.338, 0, 80092, 97871, 0, 137.52
2026/10/09 04:41:44.338, 1, 80091, 97871, 0, 129.25
2026/10/09 04:41:44.338, 2, 80451, 97871, 0, 140.48
2026/10/09 04:41:44.338, 3, 80142, 97871, 100, 530.61
2026/10/09 04:41:45.338, 0, 80092, 97871, 0, 137.38
2026/10/09 04:41:45.339, 1, 80091, 97871, 0, 129.34
2026/10/09 04:41:45.339, 2, 80451, 97871, 0, 140.37
2026/10/09 04:41:45.339, 3, 80142, 97871, 100, 528.23
2026/10/09 04:41:46.340, 0, 80092, 97871, 0, 137.51
2026/10/09 04:41:46.340, 1, 80091, 97871, 0, 129.39
2026/10/09 04:41:46.340, 2, 80451, 97871, 0, 140.33
2026/10/09 04:41:46.340, 3, 80142, 97871, 100, 526.71
2026/10/09 04:41:47.341, 0, 80092, 97871, 0, 137.47
2026/10/09 04:41:47.341, 1, 80091, 97871, 0, 129.33
2026/10/09 04:41:47.341, 2, 80451, 97871, 0, 140.32
2026/10/09 04:41:47.341, 3, 80142, 97871, 100, 523.85
2026/10/09 04:41:48.341, 0, 80092, 97871, 0, 137.38
2026/10/09 04:41:48.341, 1, 80091, 97871, 0, 129.39
2026/10/09 04:41:48.341, 2, 80451, 97871, 0, 140.39
2026/10/09 04:41:48.341, 3, 80142, 97871, 100, 524.74
2026/10/09 04:41:49.341, 0, 80092, 97871, 0, 137.26
2026/10/09 04:41:49.341, 1, 80091, 97871, 0, 129.30
2026/10/09 04:41:49.341, 2, 80451, 97871, 0, 140.28
2026/10/09 04:41:49.341, 3, 80142, 97871, 100, 526.55
2026/10/09 04:41:50.341, 0, 80092, 97871, 0, 137.26
2026/10/09 04:41:50.341, 1, 80091, 97871, 0, 129.29
2026/10/09 04:41:50.341, 2, 80451, 97871, 0, 140.31
2026/10/09 04:41:50.341, 3, 80142, 97871, 100, 529.91
2026/10/09 04:41:51.341, 0, 80092, 97871, 0, 137.16
2026/10/09 04:41:51.341, 1, 80091, 97871, 0, 129.46
2026/10/09 04:41:51.341, 2, 80451, 97871, 0, 140.43
2026/10/09 04:41:51.341, 3, 80142, 97871, 100, 527.58
2026/10/09 04:41:52.342, 0, 80092, 97871, 0, 137.36
2026/10/09 04:41:52.342, 1, 80091, 97871, 0, 129.32
2026/10/09 04:41:52.342, 2, 80451, 97871, 0, 140.51
2026/10/09 04:41:52.342, 3, 80142, 97871, 100, 527.27
2026/10/09 04:41:53.342, 0, 80092, 97871, 0, 137.36
2026/10/09 04:41:53.342, 1, 80091, 97871, 0, 129.48
2026/10/09 04:41:53.342, 2, 80451, 97871, 0, 140.43
2026/10/09 04:41:53.342, 3, 80142, 97871, 100, 526.30
2026/10/09 04:41:54.342, 0, 80092, 97871, 0, 137.37
2026/10/09 04:41:54.342, 1, 80091, 97871, 0, 129.68
2026/10/09 04:41:54.342, 2, 80451, 97871, 0, 140.76
2026/10/09 04:41:54.342, 3, 80142, 97871, 100, 525.89
2026/10/09 04:41:55.342, 0, 80092, 97871, 0, 137.97
2026/10/09 04:41:55.342, 1, 80091, 97871, 0, 129.53
2026/10/09 04:41:55.342, 2, 80451, 97871, 0, 140.72
2026/10/09 04:41:55.342, 3, 80142, 97871, 100, 518.73
2026/10/09 04:41:56.343, 0, 80092, 97871, 0, 137.42
2026/10/09 04:41:56.343, 1, 80091, 97871, 0, 129.52
2026/10/09 04:41:56.343, 2, 80451, 97871, 0, 140.41
2026/10/09 04:41:56.343, 3, 80142, 97871, 100, 518.57
2026/10/09 04:41:57.343, 0, 80092, 97871, 0, 137.18
2026/10/09 04:41:57.343, 1, 80091, 97871, 0, 129.40
2026/10/09 04:41:57.343, 2, 80451, 97871, 0, 140.37
2026/10/09 04:41:57.343, 3, 80142, 97871, 100, 515.82
2026/10/09 04:41:58.343, 0, 80092, 97871, 0, 137.40
2026/10/09 04:41:58.343, 1, 80091, 97871, 0, 129.39
2026/10/09 04:41:58.343, 2, 80451, 97871, 0, 140.30
2026/10/09 04:41:58.343, 3, 80142, 97871, 100, 517.35
2026/10/09 04:41:59.343, 0, 80092, 97871, 0, 137.42
2026/10/09 04:41:59.343, 1, 80091, 97871, 0, 129.31
2026/10/09 04:41:59.343, 2, 80451, 97871, 0, 140.33
2026/10/09 04:41:59.343, 3, 80142, 97871, 100, 468.60
2026/10/09 04:42:00.343, 0, 80092, 97871, 0, 137.41
2026/10/09 04:42:00.343, 1, 80091, 97871, 0, 129.38
2026/10/09 04:42:00.343, 2, 80451, 97871, 0, 140.40
2026/10/09 04:42:00.343, 3, 80142, 97871, 0, 287.91
2026/10/09 04:42:01.343, 0, 80092, 97871, 0, 158.97
2026/10/09 04:42:01.343, 1, 80091, 97871, 0, 149.79
2026/10/09 04:42:01.344, 2, 80451, 97871, 0, 145.11
2026/10/09 04:42:01.344, 3, 80144, 97871, 100, 306.07
2026/10/09 04:42:02.344, 0, 80092, 97871, 0, 137.58
2026/10/09 04:42:02.344, 1, 80091, 97871, 0, 130.72
2026/10/09 04:42:02.344, 2, 80451, 97871, 0, 141.66
2026/10/09 04:42:02.344, 3, 80144, 97871, 100, 459.26
2026/10/09 04:42:03.344, 0, 80092, 97871, 0, 156.75
2026/10/09 04:42:03.344, 1, 80091, 97871, 0, 140.65
2026/10/09 04:42:03.344, 2, 80451, 97871, 8, 180.37
2026/10/09 04:42:03.344, 3, 80144, 97871, 100, 435.44
2026/10/09 04:42:04.344, 0, 80092, 97871, 0, 143.93
2026/10/09 04:42:04.344, 1, 80091, 97871, 0, 134.17
2026/10/09 04:42:04.344, 2, 80451, 97871, 0, 141.53
2026/10/09 04:42:04.344, 3, 80144, 97871, 99, 460.89
2026/10/09 04:42:05.344, 0, 80092, 97871, 0, 150.82
2026/10/09 04:42:05.344, 1, 80091, 97871, 0, 146.50
2026/10/09 04:42:05.344, 2, 80451, 97871, 0, 158.99
2026/10/09 04:42:05.344, 3, 80144, 97871, 100, 455.73
2026/10/09 04:42:06.344, 0, 80092, 97871, 9, 152.69
2026/10/09 04:42:06.345, 1, 80091, 97871, 8, 141.66
2026/10/09 04:42:06.345, 2, 80451, 97871, 0, 145.73
2026/10/09 04:42:06.345, 3, 80144, 97871, 99, 460.48
2026/10/09 04:42:07.345, 0, 80092, 97871, 0, 154.07
2026/10/09 04:42:07.345, 1, 80091, 97871, 0, 162.25
2026/10/09 04:42:07.345, 2, 80451, 97871, 0, 161.26
2026/10/09 04:42:07.345, 3, 80144, 97871, 100, 458.03
2026/10/09 04:42:08.345, 0, 80092, 97871, 0, 141.99
2026/10/09 04:42:08.345, 1, 80091, 97871, 0, 131.31
2026/10/09 04:42:08.345, 2, 80451, 97871, 0, 139.80
2026/10/09 04:42:08.345, 3, 80144, 97871, 100, 463.14
2026/10/09 04:42:09.345, 0, 80092, 97871, 22, 157.92
2026/10/09 04:42:09.345, 1, 80091, 97871, 0, 138.84
2026/10/09 04:42:09.345, 2, 80451, 97871, 0, 160.74
2026/10/09 04:42:09.345, 3, 80144, 97871, 100, 456.94
2026/10/09 04:42:10.345, 0, 80092, 97871, 7, 141.66
2026/10/09 04:42:10.345, 1, 80091, 97871, 0, 147.73
2026/10/09 04:42:10.345, 2, 80451, 97871, 11, 147.69
2026/10/09 04:42:10.345, 3, 80144, 97871, 100, 461.00
2026/10/09 04:42:11.346, 0, 80092, 97871, 0, 138.18
2026/10/09 04:42:11.346, 1, 80091, 97871, 0, 140.19
2026/10/09 04:42:11.346, 2, 80451, 97871, 0, 151.66
2026/10/09 04:42:11.346, 3, 80144, 97871, 100, 460.33
2026/10/09 04:42:12.346, 0, 80092, 97871, 0, 188.36
2026/10/09 04:42:12.346, 1, 80091, 97871, 0, 138.52
2026/10/09 04:42:12.346, 2, 80451, 97871, 0, 145.88
2026/10/09 04:42:12.346, 3, 80144, 97871, 100, 454.57
2026/10/09 04:42:13.346, 0, 80092, 97871, 7, 139.92
2026/10/09 04:42:13.346, 1, 80091, 97871, 26, 146.89
2026/10/09 04:42:13.346, 2, 80451, 97871, 0, 160.35
2026/10/09 04:42:13.346, 3, 80144, 97871, 100, 461.30
2026/10/09 04:42:14.346, 0, 80092, 97871, 0, 157.29
2026/10/09 04:42:14.346, 1, 80091, 97871, 0, 136.62
2026/10/09 04:42:14.346, 2, 80451, 97871, 0, 144.55
2026/10/09 04:42:14.346, 3, 80144, 97871, 100, 457.81
2026/10/09 04:42:15.346, 0, 80092, 97871, 23, 152.17
2026/10/09 04:42:15.346, 1, 80091, 97871, 0, 144.69
2026/10/09 04:42:15.346, 2, 80451, 97871, 0, 154.42
2026/10/09 04:42:15.346, 3, 80144, 97871, 100, 460.53
2026/10/09 04:42:16.346, 0, 80092, 97871, 0, 137.66
2026/10/09 04:42:16.347, 1, 80090, 97871, 0, 134.98
2026/10/09 04:42:16.347, 2, 80451, 97871, 0, 148.60
2026/10/09 04:42:16.347, 3, 80144, 97871, 99, 462.61
2026/10/09 04:42:17.347, 0, 80092, 97871, 0, 155.46
2026/10/09 04:42:17.347, 1, 80090, 97871, 0, 143.71
2026/10/09 04:42:17.347, 2, 80451, 97871, 2, 161.54
2026/10/09 04:42:17.347, 3, 80144, 97871, 100, 460.20
2026/10/09 04:42:18.347, 0, 80092, 97871, 0, 154.80
2026/10/09 04:42:18.347, 1, 80090, 97871, 0, 145.54
2026/10/09 04:42:18.347, 2, 80451, 97871, 0, 146.79
2026/10/09 04:42:18.347, 3, 80144, 97871, 100, 462.00
2026/10/09 04:42:19.347, 0, 80092, 97871, 0, 148.07
2026/10/09 04:42:19.347, 1, 80090, 97871, 0, 144.00
2026/10/09 04:42:19.347, 2, 80451, 97871, 0, 155.93
2026/10/09 04:42:19.347, 3, 80144, 97871, 100, 460.27
2026/10/09 04:42:20.347, 0, 80092, 97871, 0, 161.07
2026/10/09 04:42:20.348, 1, 80090, 97871, 0, 143.15
2026/10/09 04:42:20.348, 2, 80451, 97871, 0, 145.26
2026/10/09 04:42:20.348, 3, 80144, 97871, 100, 458.45
2026/10/09 04:42:21.348, 0, 80092, 97871, 0, 156.31
2026/10/09 04:42:21.348, 1, 80090, 97871, 0, 137.12
2026/10/09 04:42:21.348, 2, 80451, 97871, 0, 145.45
2026/10/09 04:42:21.348, 3, 80144, 97871, 100, 460.51
2026/10/09 04:42:22.348, 0, 80092, 97871, 0, 141.88
2026/10/09 04:42:22.348, 1, 80090, 97871, 38, 159.64
2026/10/09 04:42:22.348, 2, 80451, 97871, 0, 146.89
2026/10/09 04:42:22.348, 3, 80144, 97871, 100, 457.92
2026/10/09 04:42:23.348, 0, 80092, 97871, 0, 143.35
2026/10/09 04:42:23.348, 1, 80090, 97871, 1, 134.05
2026/10/09 04:42:23.348, 2, 80451, 97871, 0, 173.66
2026/10/09 04:42:23.348, 3, 80144, 97871, 100, 460.20
2026/10/09 04:42:24.348, 0, 80092, 97871, 0, 148.87
2026/10/09 04:42:24.348, 1, 80090, 97871, 0, 135.04
2026/10/09 04:42:24.348, 2, 80451, 97871, 0, 149.79
2026/10/09 04:42:24.348, 3, 80144, 97871, 100, 461.92
2026/10/09 04:42:25.348, 0, 80092, 97871, 0, 155.20
2026/10/09 04:42:25.349, 1, 80090, 97871, 8, 138.41
2026/10/09 04:42:25.349, 2, 80451, 97871, 22, 159.85
2026/10/09 04:42:25.349, 3, 80144, 97871, 100, 457.05
2026/10/09 04:42:26.349, 0, 80092, 97871, 0, 154.36
2026/10/09 04:42:26.349, 1, 80090, 97871, 0, 143.14
2026/10/09 04:42:26.349, 2, 80451, 97871, 0, 140.77
2026/10/09 04:42:26.349, 3, 80144, 97871, 100, 459.99
2026/10/09 04:42:27.349, 0, 80092, 97871, 0, 144.79
2026/10/09 04:42:27.349, 1, 80090, 97871, 0, 137.22
2026/10/09 04:42:27.349, 2, 80451, 97871, 0, 145.56
2026/10/09 04:42:27.349, 3, 80144, 97871, 100, 460.91
2026/10/09 04:42:28.349, 0, 80092, 97871, 0, 164.45
2026/10/09 04:42:28.349, 1, 80090, 97871, 0, 145.44
2026/10/09 04:42:28.349, 2, 80451, 97871, 0, 191.73
2026/10/09 04:42:28.349, 3, 80144, 97871, 100, 454.42
2026/10/09 04:42:29.349, 0, 80092, 97871, 0, 137.67
2026/10/09 04:42:29.349, 1, 80090, 97871, 0, 139.74
2026/10/09 04:42:29.349, 2, 80451, 97871, 0, 144.65
2026/10/09 04:42:29.349, 3, 80144, 97871, 99, 465.52
2026/10/09 04:42:30.349, 0, 80092, 97871, 0, 153.64
2026/10/09 04:42:30.350, 1, 80090, 97871, 0, 145.07
2026/10/09 04:42:30.350, 2, 80451, 97871, 0, 141.31
2026/10/09 04:42:30.350, 3, 80144, 97871, 100, 459.83
2026/10/09 04:42:31.350, 0, 80092, 97871, 0, 166.58
2026/10/09 04:42:31.350, 1, 80090, 97871, 0, 143.21
2026/10/09 04:42:31.350, 2, 80451, 97871, 0, 164.67
2026/10/09 04:42:31.350, 3, 80144, 97871, 100, 458.29
2026/10/09 04:42:32.350, 0, 80092, 97871, 7, 141.62
2026/10/09 04:42:32.350, 1, 80090, 97871, 0, 132.16
2026/10/09 04:42:32.350, 2, 80451, 97871, 0, 146.76
2026/10/09 04:42:32.350, 3, 80144, 97871, 100, 462.16
2026/10/09 04:42:33.350, 0, 80092, 97871, 0, 157.97
2026/10/09 04:42:33.350, 1, 80090, 97871, 0, 146.56
2026/10/09 04:42:33.350, 2, 80451, 97871, 0, 154.28
2026/10/09 04:42:33.350, 3, 80144, 97871, 100, 456.00
2026/10/09 04:42:34.350, 0, 80092, 97871, 0, 138.09
2026/10/09 04:42:34.350, 1, 80090, 97871, 0, 144.94
2026/10/09 04:42:34.350, 2, 80451, 97871, 28, 159.61
2026/10/09 04:42:34.350, 3, 80144, 97871, 100, 460.19
2026/10/09 04:42:35.351, 0, 80092, 97871, 0, 154.77
2026/10/09 04:42:35.351, 1, 80090, 97871, 0, 134.84
2026/10/09 04:42:35.351, 2, 80451, 97871, 0, 145.24
2026/10/09 04:42:35.351, 3, 80144, 97871, 100, 461.19
2026/10/09 04:42:36.351, 0, 80092, 97871, 0, 157.06
2026/10/09 04:42:36.351, 1, 80090, 97871, 0, 137.11
2026/10/09 04:42:36.351, 2, 80451, 97871, 0, 155.10
2026/10/09 04:42:36.351, 3, 80144, 97871, 100, 459.35
2026/10/09 04:42:37.351, 0, 80092, 97871, 0, 142.38
2026/10/09 04:42:37.351, 1, 80090, 97871, 13, 139.05
2026/10/09 04:42:37.351, 2, 80451, 97871, 0, 145.37
2026/10/09 04:42:37.351, 3, 80144, 97871, 99, 458.00
2026/10/09 04:42:38.351, 0, 80092, 97871, 0, 160.03
2026/10/09 04:42:38.351, 1, 80090, 97871, 0, 139.44
2026/10/09 04:42:38.351, 2, 80451, 97871, 0, 147.09
2026/10/09 04:42:38.351, 3, 80144, 97871, 100, 455.82
2026/10/09 04:42:39.352, 0, 80092, 97871, 0, 143.52
2026/10/09 04:42:39.352, 1, 80090, 97871, 0, 144.56
2026/10/09 04:42:39.352, 2, 80451, 97871, 0, 151.74
2026/10/09 04:42:39.352, 3, 80144, 97871, 100, 460.89
2026/10/09 04:42:40.352, 0, 80092, 97871, 0, 153.23
2026/10/09 04:42:40.352, 1, 80090, 97871, 0, 129.52
2026/10/09 04:42:40.352, 2, 80451, 97871, 0, 141.72
2026/10/09 04:42:40.352, 3, 80144, 97871, 100, 460.05
2026/10/09 04:42:41.352, 0, 80092, 97871, 46, 177.18
2026/10/09 04:42:41.352, 1, 80090, 97871, 0, 172.17
2026/10/09 04:42:41.352, 2, 80451, 97871, 0, 195.09
2026/10/09 04:42:41.352, 3, 80144, 97871, 13, 409.01
2026/10/09 04:42:42.352, 0, 80092, 97871, 0, 198.99
2026/10/09 04:42:42.352, 1, 80090, 97871, 0, 175.16
2026/10/09 04:42:42.352, 2, 80451, 97871, 0, 160.99
2026/10/09 04:42:42.352, 3, 80144, 97871, 100, 450.14
2026/10/09 04:42:43.352, 0, 80092, 97871, 0, 137.42
2026/10/09 04:42:43.353, 1, 80090, 97871, 0, 130.11
2026/10/09 04:42:43.353, 2, 80451, 97871, 0, 142.76
2026/10/09 04:42:43.353, 3, 80144, 97871, 100, 512.35
2026/10/09 04:42:44.353, 0, 80092, 97871, 0, 261.47
2026/10/09 04:42:44.353, 1, 80090, 97871, 0, 262.51
2026/10/09 04:42:44.353, 2, 80451, 97871, 0, 233.74
2026/10/09 04:42:44.353, 3, 80144, 97871, 100, 426.49
2026/10/09 04:42:45.353, 0, 80092, 97871, 32, 172.37
2026/10/09 04:42:45.353, 1, 80090, 97871, 0, 166.21
2026/10/09 04:42:45.353, 2, 80451, 97871, 0, 160.67
2026/10/09 04:42:45.353, 3, 80144, 97871, 100, 526.57
2026/10/09 04:42:46.353, 0, 80092, 97871, 0, 219.55
2026/10/09 04:42:46.353, 1, 80090, 97871, 0, 234.91
2026/10/09 04:42:46.353, 2, 80451, 97871, 0, 239.31
2026/10/09 04:42:46.354, 3, 80144, 97871, 100, 496.83
2026/10/09 04:42:47.354, 0, 80092, 97871, 14, 216.42
2026/10/09 04:42:47.354, 1, 80090, 97871, 0, 205.95
2026/10/09 04:42:47.354, 2, 80451, 97871, 28, 197.16
2026/10/09 04:42:47.354, 3, 80144, 97871, 100, 517.42
2026/10/09 04:42:48.354, 0, 80092, 97871, 0, 205.48
2026/10/09 04:42:48.354, 1, 80090, 97871, 0, 221.93
2026/10/09 04:42:48.354, 2, 80451, 97871, 0, 202.16
2026/10/09 04:42:48.354, 3, 80144, 97871, 100, 506.12
2026/10/09 04:42:49.354, 0, 80092, 97871, 0, 149.24
2026/10/09 04:42:49.354, 1, 80090, 97871, 0, 176.46
2026/10/09 04:42:49.354, 2, 80451, 97871, 0, 157.62
2026/10/09 04:42:49.354, 3, 80144, 97871, 100, 528.35
2026/10/09 04:42:50.354, 0, 80092, 97871, 0, 137.72
2026/10/09 04:42:50.355, 1, 80090, 97871, 0, 130.31
2026/10/09 04:42:50.355, 2, 80451, 97871, 0, 139.94
2026/10/09 04:42:50.355, 3, 80144, 97871, 100, 474.65
2026/10/09 04:42:51.355, 0, 80092, 97871, 0, 403.90
2026/10/09 04:42:51.355, 1, 80090, 97871, 100, 411.81
2026/10/09 04:42:51.355, 2, 80451, 97871, 100, 462.12
2026/10/09 04:42:51.355, 3, 80144, 97871, 100, 395.35
2026/10/09 04:42:52.355, 0, 80092, 97871, 0, 140.19
2026/10/09 04:42:52.355, 1, 80090, 97871, 0, 132.80
2026/10/09 04:42:52.355, 2, 80451, 97871, 0, 165.08
2026/10/09 04:42:52.355, 3, 80144, 97871, 100, 492.02
2026/10/09 04:42:53.355, 0, 80092, 97871, 0, 141.29
2026/10/09 04:42:53.355, 1, 80090, 97871, 0, 133.51
2026/10/09 04:42:53.355, 2, 80451, 97871, 0, 144.04
2026/10/09 04:42:53.355, 3, 80144, 97871, 56, 287.00
2026/10/09 04:42:54.355, 0, 80092, 97871, 0, 138.90
2026/10/09 04:42:54.356, 1, 80090, 97871, 0, 131.07
2026/10/09 04:42:54.356, 2, 80451, 97871, 0, 141.35
2026/10/09 04:42:54.356, 3, 80144, 97871, 100, 457.65
2026/10/09 04:42:55.356, 0, 80092, 97871, 0, 137.79
2026/10/09 04:42:55.356, 1, 80090, 97871, 0, 129.83
2026/10/09 04:42:55.356, 2, 80451, 97871, 0, 139.79
2026/10/09 04:42:55.356, 3, 80144, 97871, 100, 522.05
2026/10/09 04:42:56.356, 0, 80092, 97871, 24, 164.35
2026/10/09 04:42:56.356, 1, 80090, 97871, 0, 156.74
2026/10/09 04:42:56.356, 2, 80451, 97871, 3, 184.76
2026/10/09 04:42:56.356, 3, 80144, 97871, 0, 354.89
2026/10/09 04:42:57.356, 0, 80092, 97871, 30, 394.15
2026/10/09 04:42:57.356, 1, 80090, 97871, 36, 333.08
2026/10/09 04:42:57.356, 2, 80451, 97871, 60, 352.90
2026/10/09 04:42:57.356, 3, 80144, 97871, 100, 381.99
2026/10/09 04:42:58.356, 0, 80092, 97871, 10, 243.23
2026/10/09 04:42:58.357, 1, 80090, 97871, 29, 309.39
2026/10/09 04:42:58.357, 2, 80451, 97871, 30, 301.56
2026/10/09 04:42:58.357, 3, 80144, 97871, 100, 507.50
2026/10/09 04:42:59.357, 0, 80092, 97871, 22, 201.37
2026/10/09 04:42:59.357, 1, 80090, 97871, 0, 233.98
2026/10/09 04:42:59.357, 2, 80451, 97871, 8, 226.23
2026/10/09 04:42:59.357, 3, 80144, 97871, 100, 498.90
2026/10/09 04:43:00.357, 0, 80092, 97871, 0, 242.83
2026/10/09 04:43:00.357, 1, 80090, 97871, 20, 209.91
2026/10/09 04:43:00.357, 2, 80451, 97871, 11, 221.58
2026/10/09 04:43:00.357, 3, 80144, 97871, 100, 498.75
2026/10/09 04:43:01.357, 0, 80092, 97871, 0, 215.74
2026/10/09 04:43:01.357, 1, 80090, 97871, 0, 218.21
2026/10/09 04:43:01.357, 2, 80451, 97871, 0, 201.20
2026/10/09 04:43:01.357, 3, 80144, 97871, 97, 402.56
2026/10/09 04:43:02.358, 0, 80092, 97871, 38, 241.73
2026/10/09 04:43:02.358, 1, 80090, 97871, 0, 246.95
2026/10/09 04:43:02.358, 2, 80451, 97871, 7, 292.49
2026/10/09 04:43:02.358, 3, 80144, 97871, 100, 478.30
2026/10/09 04:43:03.358, 0, 80092, 97871, 14, 257.73
2026/10/09 04:43:03.358, 1, 80090, 97871, 18, 238.72
2026/10/09 04:43:03.358, 2, 80451, 97871, 38, 289.12
2026/10/09 04:43:03.358, 3, 80144, 97871, 100, 502.11
2026/10/09 04:43:04.358, 0, 80092, 97871, 32, 271.53
2026/10/09 04:43:04.358, 1, 80090, 97871, 44, 311.46
2026/10/09 04:43:04.358, 2, 80451, 97871, 33, 295.87
2026/10/09 04:43:04.358, 3, 80144, 97871, 100, 498.12
2026/10/09 04:43:05.358, 0, 80092, 97871, 7, 277.16
2026/10/09 04:43:05.358, 1, 80090, 97871, 2, 277.46
2026/10/09 04:43:05.358, 2, 80451, 97871, 0, 276.78
2026/10/09 04:43:05.359, 3, 80144, 97871, 96, 436.82
2026/10/09 04:43:06.359, 0, 80092, 97871, 34, 296.13
2026/10/09 04:43:06.359, 1, 80090, 97871, 0, 305.68
2026/10/09 04:43:06.359, 2, 80451, 97871, 9, 276.84
2026/10/09 04:43:06.359, 3, 80144, 97871, 100, 488.12
2026/10/09 04:43:07.359, 0, 80092, 97871, 15, 288.30
2026/10/09 04:43:07.359, 1, 80090, 97871, 14, 266.02
2026/10/09 04:43:07.359, 2, 80451, 97871, 0, 271.40
2026/10/09 04:43:07.359, 3, 80144, 97871, 100, 494.68
2026/10/09 04:43:08.359, 0, 80092, 97871, 8, 334.69
2026/10/09 04:43:08.359, 1, 80090, 97871, 0, 258.42
2026/10/09 04:43:08.359, 2, 80451, 97871, 8, 276.61
2026/10/09 04:43:08.359, 3, 80144, 97871, 100, 495.33
2026/10/09 04:43:09.359, 0, 80092, 97871, 0, 155.85
2026/10/09 04:43:09.360, 1, 80090, 97871, 0, 132.28
2026/10/09 04:43:09.360, 2, 80451, 97871, 0, 142.87
2026/10/09 04:43:09.360, 3, 80144, 97871, 100, 516.22
2026/10/09 04:43:10.360, 0, 80092, 97871, 0, 137.84
2026/10/09 04:43:10.360, 1, 80090, 97871, 0, 131.07
2026/10/09 04:43:10.360, 2, 80451, 97871, 0, 140.43
2026/10/09 04:43:10.360, 3, 80144, 97871, 100, 521.99
2026/10/09 04:43:11.360, 0, 80092, 97871, 100, 298.19
2026/10/09 04:43:11.360, 1, 80090, 97871, 96, 305.05
2026/10/09 04:43:11.360, 2, 80451, 97871, 100, 279.81
2026/10/09 04:43:11.360, 3, 80144, 97871, 100, 310.62
2026/10/09 04:43:12.360, 0, 80092, 97871, 7, 269.34
2026/10/09 04:43:12.360, 1, 80090, 97871, 14, 227.37
2026/10/09 04:43:12.360, 2, 80451, 97871, 54, 281.06
2026/10/09 04:43:12.360, 3, 80144, 97871, 100, 489.22
2026/10/09 04:43:13.361, 0, 80092, 97871, 31, 243.98
2026/10/09 04:43:13.361, 1, 80090, 97871, 22, 265.11
2026/10/09 04:43:13.361, 2, 80451, 97871, 8, 223.96
2026/10/09 04:43:13.361, 3, 80144, 97871, 100, 525.44
2026/10/09 04:43:14.361, 0, 80092, 97871, 58, 323.33
2026/10/09 04:43:14.361, 1, 80090, 97871, 27, 280.42
2026/10/09 04:43:14.361, 2, 80451, 97871, 29, 312.16
2026/10/09 04:43:14.361, 3, 80144, 97871, 100, 503.97
2026/10/09 04:43:15.361, 0, 80092, 97871, 36, 363.00
2026/10/09 04:43:15.361, 1, 80090, 97871, 63, 389.15
2026/10/09 04:43:15.361, 2, 80451, 97871, 54, 362.20
2026/10/09 04:43:15.361, 3, 80144, 97871, 100, 507.25
2026/10/09 04:43:16.361, 0, 80092, 97871, 0, 143.60
2026/10/09 04:43:16.361, 1, 80090, 97871, 0, 137.46
2026/10/09 04:43:16.361, 2, 80451, 97871, 0, 148.07
2026/10/09 04:43:16.362, 3, 80144, 97871, 86, 173.36
2026/10/09 04:43:17.362, 0, 80092, 97871, 0, 138.82
2026/10/09 04:43:17.362, 1, 80090, 97871, 0, 131.09
2026/10/09 04:43:17.362, 2, 80451, 97871, 0, 141.21
2026/10/09 04:43:17.362, 3, 80144, 97871, 100, 507.02
2026/10/09 04:43:18.362, 0, 80092, 97871, 0, 137.69
2026/10/09 04:43:18.362, 1, 80090, 97871, 0, 130.22
2026/10/09 04:43:18.362, 2, 80451, 97871, 0, 140.31
2026/10/09 04:43:18.362, 3, 80144, 97871, 100, 512.21
2026/10/09 04:43:19.362, 0, 80092, 97871, 0, 137.45
2026/10/09 04:43:19.362, 1, 80090, 97871, 0, 129.99
2026/10/09 04:43:19.362, 2, 80451, 97871, 0, 140.08
2026/10/09 04:43:19.362, 3, 80144, 97871, 100, 513.27
2026/10/09 04:43:20.362, 0, 80092, 97871, 23, 159.05
2026/10/09 04:43:20.362, 1, 80090, 97871, 22, 165.62
2026/10/09 04:43:20.362, 2, 80451, 97871, 0, 164.19
2026/10/09 04:43:20.362, 3, 80144, 97871, 0, 226.66
2026/10/09 04:43:21.363, 0, 80092, 97871, 18, 285.97
2026/10/09 04:43:21.363, 1, 80090, 97871, 35, 274.65
2026/10/09 04:43:21.363, 2, 80451, 97871, 18, 250.44
2026/10/09 04:43:21.363, 3, 80144, 97871, 100, 462.41
2026/10/09 04:43:22.363, 0, 80092, 97871, 16, 249.53
2026/10/09 04:43:22.363, 1, 80090, 97871, 1, 239.04
2026/10/09 04:43:22.363, 2, 80451, 97871, 52, 239.45
2026/10/09 04:43:22.363, 3, 80144, 97871, 100, 482.23
2026/10/09 04:43:23.363, 0, 80092, 97871, 28, 249.72
2026/10/09 04:43:23.363, 1, 80090, 97871, 28, 267.77
2026/10/09 04:43:23.363, 2, 80451, 97871, 23, 255.92
2026/10/09 04:43:23.363, 3, 80144, 97871, 100, 480.50
2026/10/09 04:43:24.363, 0, 80092, 97871, 9, 322.89
2026/10/09 04:43:24.363, 1, 80090, 97871, 33, 291.92
2026/10/09 04:43:24.364, 2, 80451, 97871, 24, 306.12
2026/10/09 04:43:24.364, 3, 80144, 97871, 100, 492.14
2026/10/09 04:43:25.364, 0, 80092, 97871, 95, 490.23
2026/10/09 04:43:25.364, 1, 80090, 97871, 100, 479.66
2026/10/09 04:43:25.364, 2, 80451, 97871, 100, 449.99
2026/10/09 04:43:25.364, 3, 80144, 97871, 63, 266.04
2026/10/09 04:43:26.364, 0, 80092, 97871, 0, 142.77
2026/10/09 04:43:26.364, 1, 80090, 97871, 0, 137.23
2026/10/09 04:43:26.364, 2, 80451, 97871, 0, 146.99
2026/10/09 04:43:26.364, 3, 80144, 97871, 53, 151.69
2026/10/09 04:43:27.364, 0, 80092, 97871, 0, 141.18
2026/10/09 04:43:27.364, 1, 80090, 97871, 0, 134.77
2026/10/09 04:43:27.364, 2, 80451, 97871, 0, 144.76
2026/10/09 04:43:27.364, 3, 80144, 97871, 58, 157.74
2026/10/09 04:43:28.364, 0, 80092, 97871, 7, 235.76
2026/10/09 04:43:28.365, 1, 80090, 97871, 35, 204.65
2026/10/09 04:43:28.365, 2, 80451, 97871, 19, 233.63
2026/10/09 04:43:28.365, 3, 80144, 97871, 89, 512.59
2026/10/09 04:43:29.365, 0, 80092, 97871, 9, 215.90
2026/10/09 04:43:29.365, 1, 80090, 97871, 14, 239.30
2026/10/09 04:43:29.365, 2, 80451, 97871, 28, 264.39
2026/10/09 04:43:29.365, 3, 80144, 97871, 100, 497.64
2026/10/09 04:43:30.365, 0, 80092, 97871, 14, 221.58
2026/10/09 04:43:30.365, 1, 80090, 97871, 0, 196.36
2026/10/09 04:43:30.365, 2, 80451, 97871, 9, 256.12
2026/10/09 04:43:30.365, 3, 80144, 97871, 100, 507.03
2026/10/09 04:43:31.365, 0, 80092, 97871, 0, 210.61
2026/10/09 04:43:31.365, 1, 80090, 97871, 0, 227.34
2026/10/09 04:43:31.365, 2, 80451, 97871, 0, 244.61
2026/10/09 04:43:31.365, 3, 80144, 97871, 100, 503.55
2026/10/09 04:43:32.365, 0, 80092, 97871, 0, 221.85
2026/10/09 04:43:32.366, 1, 80090, 97871, 7, 250.09
2026/10/09 04:43:32.366, 2, 80451, 97871, 0, 223.46
2026/10/09 04:43:32.366, 3, 80144, 97871, 97, 498.80
2026/10/09 04:43:33.366, 0, 80092, 97871, 7, 142.91
2026/10/09 04:43:33.366, 1, 80090, 97871, 10, 139.27
2026/10/09 04:43:33.366, 2, 80451, 97871, 0, 157.23
2026/10/09 04:43:33.366, 3, 80144, 97871, 100, 513.76
2026/10/09 04:43:34.366, 0, 80092, 97871, 0, 188.85
2026/10/09 04:43:34.366, 1, 80090, 97871, 0, 163.31
2026/10/09 04:43:34.366, 2, 80451, 97871, 10, 174.63
2026/10/09 04:43:34.366, 3, 80144, 97871, 100, 497.64
2026/10/09 04:43:35.366, 0, 80092, 97871, 20, 235.30
2026/10/09 04:43:35.366, 1, 80090, 97871, 34, 257.73
2026/10/09 04:43:35.366, 2, 80451, 97871, 7, 220.71
2026/10/09 04:43:35.366, 3, 80144, 97871, 100, 463.07
2026/10/09 04:43:36.366, 0, 80092, 97871, 7, 169.24
2026/10/09 04:43:36.366, 1, 80090, 97871, 44, 215.74
2026/10/09 04:43:36.367, 2, 80451, 97871, 65, 273.05
2026/10/09 04:43:36.367, 3, 80144, 97871, 96, 467.56
2026/10/09 04:43:37.367, 0, 80092, 97871, 34, 258.37
2026/10/09 04:43:37.367, 1, 80090, 97871, 16, 235.97
2026/10/09 04:43:37.367, 2, 80451, 97871, 17, 286.90
2026/10/09 04:43:37.367, 3, 80144, 97871, 95, 464.51
2026/10/09 04:43:38.367, 0, 80092, 97871, 60, 360.19
2026/10/09 04:43:38.367, 1, 80090, 97871, 26, 261.63
2026/10/09 04:43:38.367, 2, 80451, 97871, 38, 344.39
2026/10/09 04:43:38.367, 3, 80144, 97871, 97, 456.93
2026/10/09 04:43:39.367, 0, 80092, 97871, 53, 367.72
2026/10/09 04:43:39.367, 1, 80090, 97871, 22, 317.43
2026/10/09 04:43:39.367, 2, 80451, 97871, 41, 299.29
2026/10/09 04:43:39.367, 3, 80144, 97871, 89, 405.99
2026/10/09 04:43:40.367, 0, 80092, 97871, 0, 162.66
2026/10/09 04:43:40.367, 1, 80090, 97871, 0, 136.45
2026/10/09 04:43:40.368, 2, 80451, 97871, 0, 171.87
2026/10/09 04:43:40.368, 3, 80144, 97871, 59, 153.40
2026/10/09 04:43:41.368, 0, 80092, 97871, 0, 142.30
2026/10/09 04:43:41.368, 1, 80090, 97871, 0, 135.82
2026/10/09 04:43:41.368, 2, 80451, 97871, 0, 147.29
2026/10/09 04:43:41.368, 3, 80144, 97871, 62, 154.09
2026/10/09 04:43:42.368, 0, 80092, 97871, 19, 158.47
2026/10/09 04:43:42.368, 1, 80090, 97871, 34, 188.94
2026/10/09 04:43:42.368, 2, 80451, 97871, 0, 164.35
2026/10/09 04:43:42.368, 3, 80144, 97871, 100, 308.30
2026/10/09 04:43:43.368, 0, 80092, 97871, 71, 278.30
2026/10/09 04:43:43.368, 1, 80090, 97871, 25, 263.47
2026/10/09 04:43:43.368, 2, 80451, 97871, 30, 268.90
2026/10/09 04:43:43.368, 3, 80144, 97871, 100, 432.97
2026/10/09 04:43:44.368, 0, 80092, 97871, 7, 245.71
2026/10/09 04:43:44.369, 1, 80090, 97871, 8, 281.27
2026/10/09 04:43:44.369, 2, 80451, 97871, 12, 239.96
2026/10/09 04:43:44.369, 3, 80144, 97871, 99, 445.03
2026/10/09 04:43:45.369, 0, 80092, 97871, 37, 235.36
2026/10/09 04:43:45.369, 1, 80090, 97871, 13, 217.18
2026/10/09 04:43:45.369, 2, 80451, 97871, 13, 215.73
2026/10/09 04:43:45.369, 3, 80144, 97871, 97, 505.68
2026/10/09 04:43:46.369, 0, 80092, 97871, 54, 233.08
2026/10/09 04:43:46.369, 1, 80090, 97871, 21, 210.40
2026/10/09 04:43:46.369, 2, 80451, 97871, 29, 236.61
2026/10/09 04:43:46.369, 3, 80144, 97871, 88, 478.06
2026/10/09 04:43:47.369, 0, 80092, 97871, 0, 232.80
2026/10/09 04:43:47.369, 1, 80090, 97871, 8, 231.75
2026/10/09 04:43:47.369, 2, 80451, 97871, 0, 230.46
2026/10/09 04:43:47.369, 3, 80144, 97871, 98, 480.92
2026/10/09 04:43:48.369, 0, 80092, 97871, 0, 184.71
2026/10/09 04:43:48.370, 1, 80090, 97871, 0, 163.08
2026/10/09 04:43:48.370, 2, 80451, 97871, 0, 163.87
2026/10/09 04:43:48.370, 3, 80144, 97871, 100, 510.11
2026/10/09 04:43:49.370, 0, 80092, 97871, 8, 242.28
2026/10/09 04:43:49.370, 1, 80090, 97871, 46, 237.77
2026/10/09 04:43:49.370, 2, 80451, 97871, 40, 233.45
2026/10/09 04:43:49.370, 3, 80144, 97871, 100, 510.36
2026/10/09 04:43:50.370, 0, 80092, 97871, 17, 209.66
2026/10/09 04:43:50.370, 1, 80090, 97871, 21, 183.07
2026/10/09 04:43:50.370, 2, 80451, 97871, 6, 195.16
2026/10/09 04:43:50.370, 3, 80144, 97871, 100, 485.29
2026/10/09 04:43:51.370, 0, 80092, 97871, 0, 191.19
2026/10/09 04:43:51.370, 1, 80090, 97871, 0, 151.67
2026/10/09 04:43:51.370, 2, 80451, 97871, 4, 196.14
2026/10/09 04:43:51.370, 3, 80144, 97871, 100, 461.26
2026/10/09 04:43:52.370, 0, 80092, 97871, 0, 187.18
2026/10/09 04:43:52.371, 1, 80090, 97871, 29, 182.80
2026/10/09 04:43:52.371, 2, 80451, 97871, 0, 191.91
2026/10/09 04:43:52.371, 3, 80144, 97871, 98, 467.28
2026/10/09 04:43:53.371, 0, 80092, 97871, 28, 276.74
2026/10/09 04:43:53.371, 1, 80090, 97871, 42, 282.79
2026/10/09 04:43:53.371, 2, 80451, 97871, 22, 217.57
2026/10/09 04:43:53.371, 3, 80144, 97871, 94, 446.86
2026/10/09 04:43:54.371, 0, 80092, 97871, 0, 330.89
2026/10/09 04:43:54.371, 1, 80090, 97871, 0, 305.77
2026/10/09 04:43:54.371, 2, 80451, 97871, 0, 271.64
2026/10/09 04:43:54.371, 3, 80144, 97871, 90, 459.08
2026/10/09 04:43:55.371, 0, 80092, 97871, 0, 143.20
2026/10/09 04:43:55.371, 1, 80090, 97871, 0, 135.80
2026/10/09 04:43:55.371, 2, 80451, 97871, 0, 146.43
2026/10/09 04:43:55.371, 3, 80144, 97871, 56, 196.12
2026/10/09 04:43:56.371, 0, 80092, 97871, 0, 140.44
2026/10/09 04:43:56.372, 1, 80090, 97871, 0, 133.89
2026/10/09 04:43:56.372, 2, 80451, 97871, 0, 144.44
2026/10/09 04:43:56.372, 3, 80144, 97871, 100, 307.19
2026/10/09 04:43:57.372, 0, 80092, 97871, 0, 137.69
2026/10/09 04:43:57.372, 1, 80090, 97871, 0, 130.68
2026/10/09 04:43:57.372, 2, 80451, 97871, 0, 141.99
2026/10/09 04:43:57.372, 3, 80144, 97871, 100, 511.69
2026/10/09 04:43:58.372, 0, 80092, 97871, 0, 137.82
2026/10/09 04:43:58.372, 1, 80090, 97871, 0, 130.39
2026/10/09 04:43:58.372, 2, 80451, 97871, 0, 140.78
2026/10/09 04:43:58.372, 3, 80144, 97871, 100, 515.64
2026/10/09 04:43:59.372, 0, 80092, 97871, 0, 137.61
2026/10/09 04:43:59.372, 1, 80090, 97871, 0, 130.11
2026/10/09 04:43:59.372, 2, 80451, 97871, 0, 140.04
2026/10/09 04:43:59.372, 3, 80144, 97871, 0, 317.24
2026/10/09 04:44:00.372, 0, 80092, 97871, 11, 237.04
2026/10/09 04:44:00.373, 1, 80090, 97871, 24, 248.95
2026/10/09 04:44:00.373, 2, 80451, 97871, 14, 270.02
2026/10/09 04:44:00.373, 3, 80144, 97871, 97, 297.97
2026/10/09 04:44:01.373, 0, 80092, 97871, 42, 281.90
2026/10/09 04:44:01.373, 1, 80090, 97871, 23, 278.06
2026/10/09 04:44:01.373, 2, 80451, 97871, 23, 309.17
2026/10/09 04:44:01.373, 3, 80144, 97871, 100, 466.49
2026/10/09 04:44:02.373, 0, 80092, 97871, 24, 256.17
2026/10/09 04:44:02.373, 1, 80090, 97871, 42, 294.30
2026/10/09 04:44:02.373, 2, 80451, 97871, 34, 286.62
2026/10/09 04:44:02.373, 3, 80144, 97871, 97, 503.95
2026/10/09 04:44:03.373, 0, 80092, 97871, 50, 314.66
2026/10/09 04:44:03.373, 1, 80090, 97871, 40, 321.78
2026/10/09 04:44:03.373, 2, 80451, 97871, 25, 284.53
2026/10/09 04:44:03.373, 3, 80144, 97871, 100, 498.64
2026/10/09 04:44:04.374, 0, 80092, 97871, 100, 419.60
2026/10/09 04:44:04.374, 1, 80090, 97871, 100, 424.11
2026/10/09 04:44:04.374, 2, 80451, 97871, 100, 462.83
2026/10/09 04:44:04.374, 3, 80144, 97871, 78, 372.60
2026/10/09 04:44:05.374, 0, 80092, 97871, 94, 554.84
2026/10/09 04:44:05.374, 1, 80090, 97871, 100, 530.61
2026/10/09 04:44:05.374, 2, 80451, 97871, 100, 533.93
2026/10/09 04:44:05.374, 3, 80144, 97871, 73, 155.98
2026/10/09 04:44:06.374, 0, 80092, 97871, 0, 329.98
2026/10/09 04:44:06.375, 1, 80090, 97871, 0, 196.80
2026/10/09 04:44:06.375, 2, 80451, 97871, 0, 229.79
2026/10/09 04:44:06.375, 3, 80144, 97871, 67, 225.19
2026/10/09 04:44:07.375, 0, 80092, 97871, 0, 138.33
2026/10/09 04:44:07.375, 1, 80090, 97871, 0, 131.75
2026/10/09 04:44:07.375, 2, 80451, 97871, 0, 142.68
2026/10/09 04:44:07.375, 3, 80144, 97871, 100, 515.73
2026/10/09 04:44:08.375, 0, 80092, 97871, 0, 137.96
2026/10/09 04:44:08.375, 1, 80090, 97871, 0, 131.27
2026/10/09 04:44:08.375, 2, 80451, 97871, 0, 142.14
2026/10/09 04:44:08.375, 3, 80144, 97871, 100, 517.30
2026/10/09 04:44:09.375, 0, 80092, 97871, 0, 137.92
2026/10/09 04:44:09.375, 1, 80090, 97871, 0, 131.04
2026/10/09 04:44:09.375, 2, 80451, 97871, 0, 142.07
2026/10/09 04:44:09.375, 3, 80144, 97871, 100, 519.45
2026/10/09 04:44:10.376, 0, 80092, 97871, 0, 140.18
2026/10/09 04:44:10.376, 1, 80090, 97871, 0, 131.10
2026/10/09 04:44:10.376, 2, 80451, 97871, 0, 143.15
2026/10/09 04:44:10.376, 3, 80144, 97871, 90, 343.26
2026/10/09 04:44:11.376, 0, 80092, 97871, 0, 139.69
2026/10/09 04:44:11.376, 1, 80090, 97871, 0, 132.84
2026/10/09 04:44:11.376, 2, 80451, 97871, 0, 144.88
2026/10/09 04:44:11.376, 3, 80144, 97871, 69, 153.18
2026/10/09 04:44:12.376, 0, 80092, 97871, 0, 138.37
2026/10/09 04:44:12.376, 1, 80090, 97871, 0, 130.28
2026/10/09 04:44:12.376, 2, 80451, 97871, 0, 141.73
2026/10/09 04:44:12.376, 3, 80144, 97871, 100, 509.51
2026/10/09 04:44:13.376, 0, 80092, 97871, 0, 137.42
2026/10/09 04:44:13.376, 1, 80090, 97871, 0, 129.63
2026/10/09 04:44:13.376, 2, 80451, 97871, 0, 141.58
2026/10/09 04:44:13.376, 3, 80144, 97871, 100, 516.52
2026/10/09 04:44:14.377, 0, 80092, 97871, 0, 137.39
2026/10/09 04:44:14.377, 1, 80090, 97871, 0, 129.45
2026/10/09 04:44:14.377, 2, 80451, 97871, 0, 141.47
2026/10/09 04:44:14.377, 3, 80144, 97871, 100, 517.43
2026/10/09 04:44:15.377, 0, 80092, 97871, 0, 137.46
2026/10/09 04:44:15.377, 1, 80090, 97871, 0, 129.62
2026/10/09 04:44:15.377, 2, 80451, 97871, 0, 141.55
2026/10/09 04:44:15.377, 3, 80144, 97871, 0, 369.83
2026/10/09 04:44:16.377, 0, 80092, 97871, 0, 137.39
2026/10/09 04:44:16.377, 1, 80090, 97871, 0, 129.94
2026/10/09 04:44:16.377, 2, 80451, 97871, 0, 141.46
2026/10/09 04:44:16.377, 3, 80144, 97871, 0, 136.27
2026/10/09 04:44:17.377, 0, 80092, 97871, 0, 295.65
2026/10/09 04:44:17.377, 1, 80090, 97871, 0, 237.09
2026/10/09 04:44:17.377, 2, 80451, 97871, 0, 284.47
2026/10/09 04:44:17.377, 3, 80144, 97871, 100, 220.93
2026/10/09 04:44:18.377, 0, 80092, 97871, 7, 216.40
2026/10/09 04:44:18.378, 1, 80090, 97871, 23, 232.82
2026/10/09 04:44:18.378, 2, 80451, 97871, 0, 234.25
2026/10/09 04:44:18.378, 3, 80144, 97871, 98, 446.80
2026/10/09 04:44:19.378, 0, 80092, 97871, 34, 253.68
2026/10/09 04:44:19.378, 1, 80090, 97871, 60, 295.63
2026/10/09 04:44:19.378, 2, 80451, 97871, 8, 245.57
2026/10/09 04:44:19.378, 3, 80144, 97871, 98, 492.62
2026/10/09 04:44:20.378, 0, 80092, 97871, 22, 261.17
2026/10/09 04:44:20.378, 1, 80090, 97871, 31, 301.02
2026/10/09 04:44:20.378, 2, 80451, 97871, 30, 364.89
2026/10/09 04:44:20.378, 3, 80144, 97871, 93, 442.33
2026/10/09 04:44:21.378, 0, 80092, 97871, 100, 547.72
2026/10/09 04:44:21.378, 1, 80090, 97871, 100, 535.79
2026/10/09 04:44:21.378, 2, 80451, 97871, 100, 528.28
2026/10/09 04:44:21.378, 3, 80144, 97871, 82, 160.21
2026/10/09 04:44:22.379, 0, 80092, 97871, 100, 554.44
2026/10/09 04:44:22.379, 1, 80090, 97871, 100, 526.63
2026/10/09 04:44:22.379, 2, 80451, 97871, 100, 506.28
2026/10/09 04:44:22.379, 3, 80144, 97871, 75, 151.97
2026/10/09 04:44:23.379, 0, 80092, 97871, 0, 213.99
2026/10/09 04:44:23.379, 1, 80090, 97871, 0, 198.50
2026/10/09 04:44:23.379, 2, 80451, 97871, 0, 144.42
2026/10/09 04:44:23.379, 3, 80144, 97871, 100, 258.69
2026/10/09 04:44:24.379, 0, 80092, 97871, 0, 138.42
2026/10/09 04:44:24.379, 1, 80090, 97871, 0, 131.67
2026/10/09 04:44:24.379, 2, 80451, 97871, 0, 142.48
2026/10/09 04:44:24.379, 3, 80144, 97871, 100, 515.76
2026/10/09 04:44:25.379, 0, 80092, 97871, 0, 138.07
2026/10/09 04:44:25.379, 1, 80090, 97871, 0, 131.17
2026/10/09 04:44:25.379, 2, 80451, 97871, 0, 142.22
2026/10/09 04:44:25.379, 3, 80144, 97871, 100, 516.18
2026/10/09 04:44:26.379, 0, 80092, 97871, 0, 137.90
2026/10/09 04:44:26.379, 1, 80090, 97871, 0, 130.70
2026/10/09 04:44:26.379, 2, 80451, 97871, 0, 142.11
2026/10/09 04:44:26.379, 3, 80144, 97871, 100, 517.24
2026/10/09 04:44:27.380, 0, 80092, 97871, 0, 138.71
2026/10/09 04:44:27.380, 1, 80090, 97871, 0, 130.70
2026/10/09 04:44:27.380, 2, 80451, 97871, 0, 142.08
2026/10/09 04:44:27.380, 3, 80144, 97871, 100, 480.51
2026/10/09 04:44:28.380, 0, 80092, 97871, 24, 199.35
2026/10/09 04:44:28.380, 1, 80090, 97871, 0, 165.98
2026/10/09 04:44:28.380, 2, 80451, 97871, 21, 201.71
2026/10/09 04:44:28.380, 3, 80144, 97871, 67, 251.27
2026/10/09 04:44:29.380, 0, 80092, 97871, 18, 246.32
2026/10/09 04:44:29.380, 1, 80090, 97871, 21, 239.92
2026/10/09 04:44:29.380, 2, 80451, 97871, 21, 215.03
2026/10/09 04:44:29.380, 3, 80144, 97871, 100, 245.78
2026/10/09 04:44:30.380, 0, 80092, 97871, 0, 146.40
2026/10/09 04:44:30.380, 1, 80090, 97871, 0, 136.97
2026/10/09 04:44:30.380, 2, 80451, 97871, 5, 147.62
2026/10/09 04:44:30.380, 3, 80144, 97871, 100, 479.07
2026/10/09 04:44:31.380, 0, 80092, 97871, 0, 158.37
2026/10/09 04:44:31.381, 1, 80090, 97871, 0, 155.71
2026/10/09 04:44:31.381, 2, 80451, 97871, 0, 171.45
2026/10/09 04:44:31.381, 3, 80144, 97871, 100, 517.61
2026/10/09 04:44:32.381, 0, 80092, 97871, 0, 160.69
2026/10/09 04:44:32.381, 1, 80090, 97871, 7, 149.77
2026/10/09 04:44:32.381, 2, 80451, 97871, 0, 147.34
2026/10/09 04:44:32.381, 3, 80144, 97871, 100, 515.57
2026/10/09 04:44:33.381, 0, 80092, 97871, 15, 184.36
2026/10/09 04:44:33.381, 1, 80090, 97871, 0, 145.02
2026/10/09 04:44:33.381, 2, 80451, 97871, 10, 156.44
2026/10/09 04:44:33.381, 3, 80144, 97871, 100, 488.57
2026/10/09 04:44:34.381, 0, 80092, 97871, 0, 137.90
2026/10/09 04:44:34.381, 1, 80090, 97871, 0, 139.94
2026/10/09 04:44:34.381, 2, 80451, 97871, 0, 156.30
2026/10/09 04:44:34.381, 3, 80144, 97871, 100, 457.61
2026/10/09 04:44:35.381, 0, 80092, 97871, 0, 141.17
2026/10/09 04:44:35.381, 1, 80090, 97871, 21, 149.24
2026/10/09 04:44:35.382, 2, 80451, 97871, 0, 189.77
2026/10/09 04:44:35.382, 3, 80144, 97871, 100, 459.58
2026/10/09 04:44:36.382, 0, 80092, 97871, 10, 288.28
2026/10/09 04:44:36.382, 1, 80090, 97871, 0, 283.21
2026/10/09 04:44:36.382, 2, 80451, 97871, 43, 324.98
2026/10/09 04:44:36.382, 3, 80144, 97871, 98, 462.64
2026/10/09 04:44:37.382, 0, 80092, 97871, 32, 274.58
2026/10/09 04:44:37.382, 1, 80090, 97871, 0, 271.54
2026/10/09 04:44:37.382, 2, 80451, 97871, 41, 259.01
2026/10/09 04:44:37.382, 3, 80144, 97871, 100, 468.75
2026/10/09 04:44:38.382, 0, 80092, 97871, 76, 328.36
2026/10/09 04:44:38.382, 1, 80090, 97871, 47, 283.21
2026/10/09 04:44:38.382, 2, 80451, 97871, 45, 296.38
2026/10/09 04:44:38.382, 3, 80144, 97871, 99, 452.49
2026/10/09 04:44:39.382, 0, 80091, 97871, 53, 388.74
2026/10/09 04:44:39.383, 1, 80090, 97871, 54, 398.86
2026/10/09 04:44:39.383, 2, 80450, 97871, 33, 383.06
2026/10/09 04:44:39.383, 3, 80143, 97871, 78, 162.84
2026/10/09 04:44:40.383, 0, 80091, 97871, 39, 446.87
2026/10/09 04:44:40.383, 1, 80090, 97871, 43, 404.83
2026/10/09 04:44:40.383, 2, 80450, 97871, 57, 434.35
2026/10/09 04:44:40.383, 3, 80143, 97871, 78, 158.01
2026/10/09 04:44:41.383, 0, 80091, 97871, 84, 455.83
2026/10/09 04:44:41.383, 1, 80090, 97871, 89, 445.28
2026/10/09 04:44:41.383, 2, 80450, 97871, 100, 433.29
2026/10/09 04:44:41.383, 3, 80143, 97871, 74, 158.57
2026/10/09 04:44:42.383, 0, 80091, 97871, 20, 259.98
2026/10/09 04:44:42.383, 1, 80090, 97871, 9, 273.48
2026/10/09 04:44:42.383, 2, 80450, 97871, 0, 305.55
2026/10/09 04:44:42.383, 3, 80143, 97871, 100, 471.02
2026/10/09 04:44:43.384, 0, 80091, 97871, 33, 227.98
2026/10/09 04:44:43.384, 1, 80090, 97871, 18, 222.69
2026/10/09 04:44:43.384, 2, 80450, 97871, 23, 212.55
2026/10/09 04:44:43.384, 3, 80143, 97871, 100, 519.72
2026/10/09 04:44:44.384, 0, 80091, 97871, 0, 191.21
2026/10/09 04:44:44.384, 1, 80090, 97871, 11, 183.55
2026/10/09 04:44:44.384, 2, 80450, 97871, 17, 175.68
2026/10/09 04:44:44.384, 3, 80143, 97871, 100, 523.37
2026/10/09 04:44:45.384, 0, 80091, 97871, 0, 175.70
2026/10/09 04:44:45.384, 1, 80090, 97871, 0, 200.22
2026/10/09 04:44:45.384, 2, 80450, 97871, 7, 205.36
2026/10/09 04:44:45.384, 3, 80143, 97871, 100, 520.64
2026/10/09 04:44:46.384, 0, 80091, 97871, 0, 179.73
2026/10/09 04:44:46.384, 1, 80090, 97871, 0, 182.77
2026/10/09 04:44:46.384, 2, 80450, 97871, 0, 180.05
2026/10/09 04:44:46.384, 3, 80143, 97871, 68, 247.35
2026/10/09 04:44:47.384, 0, 80091, 97871, 0, 194.32
2026/10/09 04:44:47.384, 1, 80090, 97871, 0, 202.35
2026/10/09 04:44:47.385, 2, 80450, 97871, 0, 206.11
2026/10/09 04:44:47.385, 3, 80143, 97871, 100, 365.52
2026/10/09 04:44:48.385, 0, 80091, 97871, 0, 169.05
2026/10/09 04:44:48.385, 1, 80090, 97871, 0, 200.67
2026/10/09 04:44:48.385, 2, 80450, 97871, 0, 173.58
2026/10/09 04:44:48.385, 3, 80143, 97871, 100, 512.41
2026/10/09 04:44:49.385, 0, 80091, 97871, 0, 151.18
2026/10/09 04:44:49.385, 1, 80090, 97871, 0, 142.38
2026/10/09 04:44:49.385, 2, 80450, 97871, 0, 145.28
2026/10/09 04:44:49.385, 3, 80143, 97871, 100, 518.16
2026/10/09 04:44:50.385, 0, 80091, 97871, 0, 141.34
2026/10/09 04:44:50.385, 1, 80090, 97871, 0, 147.83
2026/10/09 04:44:50.385, 2, 80450, 97871, 0, 160.38
2026/10/09 04:44:50.385, 3, 80143, 97871, 100, 516.54
2026/10/09 04:44:51.385, 0, 80091, 97871, 0, 156.35
2026/10/09 04:44:51.385, 1, 80090, 97871, 0, 140.62
2026/10/09 04:44:51.385, 2, 80450, 97871, 0, 145.33
2026/10/09 04:44:51.385, 3, 80143, 97871, 100, 498.41
2026/10/09 04:44:52.385, 0, 80091, 97871, 0, 164.48
2026/10/09 04:44:52.386, 1, 80090, 97871, 0, 135.65
2026/10/09 04:44:52.386, 2, 80450, 97871, 0, 146.57
2026/10/09 04:44:52.386, 3, 80143, 97871, 100, 460.42
2026/10/09 04:44:53.386, 0, 80091, 97871, 0, 144.66
2026/10/09 04:44:53.386, 1, 80090, 97871, 0, 150.40
2026/10/09 04:44:53.386, 2, 80450, 97871, 0, 161.37
2026/10/09 04:44:53.386, 3, 80143, 97871, 100, 462.86
2026/10/09 04:44:54.386, 0, 80091, 97871, 0, 260.24
2026/10/09 04:44:54.386, 1, 80090, 97871, 24, 225.30
2026/10/09 04:44:54.386, 2, 80450, 97871, 32, 208.83
2026/10/09 04:44:54.386, 3, 80143, 97871, 100, 458.48
2026/10/09 04:44:55.386, 0, 80091, 97871, 7, 251.74
2026/10/09 04:44:55.386, 1, 80090, 97871, 21, 324.56
2026/10/09 04:44:55.386, 2, 80450, 97871, 57, 300.48
2026/10/09 04:44:55.386, 3, 80143, 97871, 100, 478.63
2026/10/09 04:44:56.386, 0, 80091, 97871, 100, 339.24
2026/10/09 04:44:56.386, 1, 80090, 97871, 97, 365.00
2026/10/09 04:44:56.386, 2, 80450, 97871, 64, 322.35
2026/10/09 04:44:56.386, 3, 80143, 97871, 100, 464.09
2026/10/09 04:44:57.387, 0, 80091, 97871, 100, 461.08
2026/10/09 04:44:57.387, 1, 80090, 97871, 100, 449.18
2026/10/09 04:44:57.387, 2, 80450, 97871, 100, 426.55
2026/10/09 04:44:57.387, 3, 80143, 97871, 71, 161.35
2026/10/09 04:44:58.387, 0, 80091, 97871, 100, 550.45
2026/10/09 04:44:58.387, 1, 80090, 97871, 100, 502.65
2026/10/09 04:44:58.387, 2, 80450, 97871, 100, 537.22
2026/10/09 04:44:58.387, 3, 80143, 97871, 84, 156.03
2026/10/09 04:44:59.387, 0, 80091, 97871, 0, 142.93
2026/10/09 04:44:59.387, 1, 80090, 97871, 0, 135.76
2026/10/09 04:44:59.387, 2, 80450, 97871, 0, 209.16
2026/10/09 04:44:59.387, 3, 80143, 97871, 78, 153.70
2026/10/09 04:45:00.387, 0, 80091, 97871, 0, 154.75
2026/10/09 04:45:00.387, 1, 80090, 97871, 7, 152.71
2026/10/09 04:45:00.387, 2, 80450, 97871, 0, 152.56
2026/10/09 04:45:00.387, 3, 80143, 97871, 100, 449.43
2026/10/09 04:45:01.387, 0, 80091, 97871, 0, 164.01
2026/10/09 04:45:01.388, 1, 80090, 97871, 0, 153.58
2026/10/09 04:45:01.388, 2, 80450, 97871, 1, 159.00
2026/10/09 04:45:01.388, 3, 80143, 97871, 100, 517.49
2026/10/09 04:45:02.388, 0, 80091, 97871, 33, 168.29
2026/10/09 04:45:02.388, 1, 80090, 97871, 22, 148.48
2026/10/09 04:45:02.388, 2, 80450, 97871, 0, 155.63
2026/10/09 04:45:02.388, 3, 80143, 97871, 100, 522.08
2026/10/09 04:45:03.388, 0, 80091, 97871, 0, 145.93
2026/10/09 04:45:03.388, 1, 80090, 97871, 0, 149.89
2026/10/09 04:45:03.388, 2, 80450, 97871, 0, 154.17
2026/10/09 04:45:03.388, 3, 80143, 97871, 100, 521.37
2026/10/09 04:45:04.388, 0, 80091, 97871, 0, 150.96
2026/10/09 04:45:04.388, 1, 80090, 97871, 0, 194.51
2026/10/09 04:45:04.388, 2, 80450, 97871, 0, 153.13
2026/10/09 04:45:04.388, 3, 80143, 97871, 100, 525.75
2026/10/09 04:45:05.388, 0, 80091, 97871, 0, 180.00
2026/10/09 04:45:05.388, 1, 80090, 97871, 0, 170.81
2026/10/09 04:45:05.388, 2, 80450, 97871, 13, 181.34
2026/10/09 04:45:05.389, 3, 80143, 97871, 89, 210.97
2026/10/09 04:45:06.389, 0, 80091, 97871, 45, 232.74
2026/10/09 04:45:06.389, 1, 80090, 97871, 0, 232.46
2026/10/09 04:45:06.389, 2, 80450, 97871, 0, 206.82
2026/10/09 04:45:06.389, 3, 80143, 97871, 100, 516.62
2026/10/09 04:45:07.389, 0, 80091, 97871, 0, 150.25
2026/10/09 04:45:07.389, 1, 80090, 97871, 0, 136.09
2026/10/09 04:45:07.389, 2, 80450, 97871, 0, 171.27
2026/10/09 04:45:07.389, 3, 80143, 97871, 100, 516.80
2026/10/09 04:45:08.389, 0, 80091, 97871, 0, 159.84
2026/10/09 04:45:08.389, 1, 80090, 97871, 0, 166.51
2026/10/09 04:45:08.389, 2, 80450, 97871, 0, 171.75
2026/10/09 04:45:08.389, 3, 80143, 97871, 100, 515.35
2026/10/09 04:45:09.389, 0, 80091, 97871, 0, 159.76
2026/10/09 04:45:09.389, 1, 80090, 97871, 0, 179.45
2026/10/09 04:45:09.389, 2, 80450, 97871, 0, 151.24
2026/10/09 04:45:09.389, 3, 80143, 97871, 0, 351.33
2026/10/09 04:45:10.390, 0, 80091, 97871, 34, 158.98
2026/10/09 04:45:10.390, 1, 80090, 97871, 0, 154.00
2026/10/09 04:45:10.390, 2, 80450, 97871, 20, 164.56
2026/10/09 04:45:10.390, 3, 80143, 97871, 0, 137.13
2026/10/09 04:45:11.390, 0, 80091, 97871, 3, 160.81
2026/10/09 04:45:11.390, 1, 80090, 97871, 0, 157.88
2026/10/09 04:45:11.390, 2, 80450, 97871, 0, 178.12
2026/10/09 04:45:11.390, 3, 80143, 97871, 0, 135.60
2026/10/09 04:45:12.390, 0, 80091, 97871, 43, 229.57
2026/10/09 04:45:12.390, 1, 80090, 97871, 0, 198.94
2026/10/09 04:45:12.390, 2, 80450, 97871, 8, 216.13
2026/10/09 04:45:12.390, 3, 80143, 97871, 100, 382.46
2026/10/09 04:45:13.390, 0, 80091, 97871, 39, 302.81
2026/10/09 04:45:13.390, 1, 80090, 97871, 32, 226.95
2026/10/09 04:45:13.390, 2, 80450, 97871, 25, 264.05
2026/10/09 04:45:13.390, 3, 80143, 97871, 100, 459.82
2026/10/09 04:45:14.391, 0, 80091, 97871, 28, 395.00
2026/10/09 04:45:14.391, 1, 80090, 97871, 68, 402.66
2026/10/09 04:45:14.391, 2, 80450, 97871, 78, 446.73
2026/10/09 04:45:14.391, 3, 80143, 97871, 81, 261.15
2026/10/09 04:45:15.391, 0, 80091, 97871, 83, 440.12
2026/10/09 04:45:15.391, 1, 80090, 97871, 12, 371.97
2026/10/09 04:45:15.391, 2, 80450, 97871, 16, 395.75
2026/10/09 04:45:15.391, 3, 80143, 97871, 69, 155.28
2026/10/09 04:45:16.391, 0, 80091, 97871, 0, 204.97
2026/10/09 04:45:16.391, 1, 80090, 97871, 0, 181.99
2026/10/09 04:45:16.391, 2, 80450, 97871, 0, 178.83
2026/10/09 04:45:16.391, 3, 80143, 97871, 66, 157.18
2026/10/09 04:45:17.391, 0, 80091, 97871, 0, 140.71
2026/10/09 04:45:17.391, 1, 80090, 97871, 0, 133.43
2026/10/09 04:45:17.391, 2, 80450, 97871, 0, 143.54
2026/10/09 04:45:17.392, 3, 80143, 97871, 100, 444.30
2026/10/09 04:45:18.392, 0, 80091, 97871, 0, 137.90
2026/10/09 04:45:18.392, 1, 80090, 97871, 0, 131.35
2026/10/09 04:45:18.392, 2, 80450, 97871, 0, 140.29
2026/10/09 04:45:18.392, 3, 80143, 97871, 100, 517.95
2026/10/09 04:45:19.392, 0, 80091, 97871, 0, 137.77
2026/10/09 04:45:19.392, 1, 80090, 97871, 0, 131.07
2026/10/09 04:45:19.392, 2, 80450, 97871, 0, 140.22
2026/10/09 04:45:19.392, 3, 80143, 97871, 100, 521.66
2026/10/09 04:45:20.392, 0, 80091, 97871, 0, 137.70
2026/10/09 04:45:20.392, 1, 80090, 97871, 0, 130.99
2026/10/09 04:45:20.392, 2, 80450, 97871, 0, 139.89
2026/10/09 04:45:20.392, 3, 80143, 97871, 100, 519.30
2026/10/09 04:45:21.392, 0, 80091, 97871, 0, 137.55
2026/10/09 04:45:21.392, 1, 80090, 97871, 0, 130.68
2026/10/09 04:45:21.392, 2, 80450, 97871, 0, 139.92
2026/10/09 04:45:21.392, 3, 80143, 97871, 100, 521.57
2026/10/09 04:45:22.392, 0, 80091, 97871, 0, 137.51
2026/10/09 04:45:22.392, 1, 80090, 97871, 0, 130.32
2026/10/09 04:45:22.393, 2, 80450, 97871, 0, 139.82
2026/10/09 04:45:22.393, 3, 80143, 97871, 100, 507.58
2026/10/09 04:45:23.393, 0, 80091, 97871, 0, 137.78
2026/10/09 04:45:23.393, 1, 80090, 97871, 0, 130.32
2026/10/09 04:45:23.393, 2, 80450, 97871, 0, 139.86
2026/10/09 04:45:23.393, 3, 80143, 97871, 0, 149.91
2026/10/09 04:45:24.393, 0, 80091, 97871, 0, 137.88
2026/10/09 04:45:24.393, 1, 80090, 97871, 0, 130.35
2026/10/09 04:45:24.393, 2, 80450, 97871, 0, 140.11
2026/10/09 04:45:24.393, 3, 57, 97871, 0, 138.77
2026/10/09 04:45:25.393, 0, 80091, 97871, 0, 138.15
2026/10/09 04:45:25.393, 1, 80090, 97871, 0, 130.26
2026/10/09 04:45:25.393, 2, 50, 97871, 0, 143.00
2026/10/09 04:45:25.393, 3, 57, 97871, 0, 139.10
2026/10/09 04:45:26.393, 0, 80091, 97871, 0, 137.93
2026/10/09 04:45:26.394, 1, 14, 97871, 0, 132.98
2026/10/09 04:45:26.394, 2, 50, 97871, 0, 144.16
2026/10/09 04:45:26.394, 3, 57, 97871, 0, 116.56
2026/10/09 04:45:27.394, 0, 15, 97871, 0, 141.84
2026/10/09 04:45:27.394, 1, 14, 97871, 0, 121.55
2026/10/09 04:45:27.394, 2, 50, 97871, 0, 100.41
2026/10/09 04:45:27.394, 3, 57, 97871, 0, 88.40
2026/10/09 04:45:28.394, 0, 15, 97871, 0, 135.17
2026/10/09 04:45:28.441, 1, 14, 97871, 0, 85.38
2026/10/09 04:45:28.490, 2, 50, 97871, 0, 94.58
2026/10/09 04:45:28.535, 3, 57, 97871, 0, 89.10
2026/10/09 04:45:29.580, 0, 15, 97871, 0, 94.21
2026/10/09 04:45:29.580, 1, 14, 97871, 0, 85.18
2026/10/09 04:45:29.582, 2, 50, 97871, 0, 94.34
2026/10/09 04:45:29.582, 3, 57, 97871, 0, 88.00
2026/10/09 04:45:30.582, 0, 15, 97871, 0, 94.09
2026/10/09 04:45:30.623, 1, 14, 97871, 0, 85.23
2026/10/09 04:45:30.625, 2, 50, 97871, 0, 94.46
2026/10/09 04:45:30.626, 3, 57, 97871, 0, 87.84
2026/10/09 04:45:31.627, 0, 15, 97871, 0, 93.99
2026/10/09 04:45:31.627, 1, 14, 97871, 0, 85.42
2026/10/09 04:45:31.627, 2, 50, 97871, 0, 94.30
2026/10/09 04:45:31.627, 3, 57, 97871, 0, 88.51
2026/10/09 04:45:32.627, 0, 15, 97871, 0, 93.94
2026/10/09 04:45:32.627, 1, 14, 97871, 0, 85.33
2026/10/09 04:45:32.627, 2, 50, 97871, 0, 94.17
2026/10/09 04:45:32.627, 3, 57, 97871, 0, 88.24
2026/10/09 04:45:33.627, 0, 15, 97871, 0, 93.76
2026/10/09 04:45:33.627, 1, 14, 97871, 0, 85.32
2026/10/09 04:45:33.627, 2, 50, 97871, 0, 94.12
2026/10/09 04:45:33.627, 3, 57, 97871, 0, 88.84
2026/10/09 04:45:34.627, 0, 15, 97871, 0, 93.79
2026/10/09 04:45:34.628, 1, 14, 97871, 0, 85.39
2026/10/09 04:45:34.628, 2, 50, 97871, 0, 94.44
2026/10/09 04:45:34.628, 3, 57, 97871, 0, 88.69
2026/10/09 04:45:35.628, 0, 15, 97871, 0, 93.76
2026/10/09 04:45:35.628, 1, 14, 97871, 0, 85.39
2026/10/09 04:45:35.633, 2, 50, 97871, 0, 94.31
2026/10/09 04:45:35.633, 3, 57, 97871, 0, 88.60
2026/10/09 04:45:36.633, 0, 15, 97871, 0, 93.96
2026/10/09 04:45:36.633, 1, 14, 97871, 0, 85.49
2026/10/09 04:45:36.634, 2, 50, 97871, 0, 94.20
2026/10/09 04:45:36.634, 3, 57, 97871, 0, 88.61
2026/10/09 04:45:37.634, 0, 15, 97871, 0, 94.08
2026/10/09 04:45:37.634, 1, 14, 97871, 0, 85.66
2026/10/09 04:45:37.634, 2, 50, 97871, 0, 94.48
2026/10/09 04:45:37.634, 3, 57, 97871, 0, 89.33
2026/10/09 04:45:38.634, 0, 15, 97871, 0, 94.05
2026/10/09 04:45:38.634, 1, 14, 97871, 0, 85.98
2026/10/09 04:45:38.634, 2, 50, 97871, 0, 94.67
2026/10/09 04:45:38.634, 3, 57, 97871, 0, 89.00
2026/10/09 04:45:39.634, 0, 15, 97871, 0, 93.86
2026/10/09 04:45:39.634, 1, 14, 97871, 0, 85.57
2026/10/09 04:45:39.634, 2, 50, 97871, 0, 94.14
2026/10/09 04:45:39.634, 3, 57, 97871, 0, 88.98
2026/10/09 04:45:40.634, 0, 15, 97871, 0, 93.89
2026/10/09 04:45:40.679, 1, 14, 97871, 0, 85.75
2026/10/09 04:45:40.724, 2, 50, 97871, 0, 94.23
2026/10/09 04:45:40.792, 3, 57, 97871, 0, 88.82
2026/10/09 04:45:41.838, 0, 15, 97871, 0, 93.81
2026/10/09 04:45:41.880, 1, 14, 97871, 0, 85.16
2026/10/09 04:45:42.044, 2, 50, 97871, 0, 94.17
2026/10/09 04:45:42.184, 3, 57, 97871, 0, 87.64
2026/10/09 04:45:43.230, 0, 15, 97871, 0, 93.72
2026/10/09 04:45:43.230, 1, 14, 97871, 0, 85.10
2026/10/09 04:45:43.230, 2, 50, 97871, 0, 94.06
2026/10/09 04:45:43.230, 3, 57, 97871, 0, 87.76
2026/10/09 04:45:44.231, 0, 15, 97871, 0, 93.92
2026/10/09 04:45:44.258, 1, 14, 97871, 0, 85.44
2026/10/09 04:45:44.349, 2, 50, 97871, 0, 94.07
2026/10/09 04:45:44.440, 3, 57, 97871, 0, 88.28
2026/10/09 04:45:45.441, 0, 15, 97871, 0, 93.85
2026/10/09 04:45:45.441, 1, 14, 97871, 0, 85.47
2026/10/09 04:45:45.441, 2, 50, 97871, 0, 94.13
2026/10/09 04:45:45.441, 3, 57, 97871, 0, 88.44
2026/10/09 04:45:46.441, 0, 15, 97871, 0, 93.89
2026/10/09 04:45:46.441, 1, 14, 97871, 0, 85.44
2026/10/09 04:45:46.441, 2, 50, 97871, 0, 94.20
2026/10/09 04:45:46.441, 3, 57, 97871, 0, 88.61
2026/10/09 04:45:47.441, 0, 15, 97871, 0, 93.85
2026/10/09 04:45:47.441, 1, 14, 97871, 0, 85.44
2026/10/09 04:45:47.441, 2, 50, 97871, 0, 94.08
2026/10/09 04:45:47.441, 3, 57, 97871, 0, 88.54
2026/10/09 04:45:48.441, 0, 15, 97871, 0, 93.93
2026/10/09 04:45:48.441, 1, 14, 97871, 0, 85.55
2026/10/09 04:45:48.441, 2, 50, 97871, 0, 94.11
2026/10/09 04:45:48.441, 3, 57, 97871, 0, 89.16
2026/10/09 04:45:49.441, 0, 15, 97871, 0, 93.64
2026/10/09 04:45:49.441, 1, 14, 97871, 0, 85.42
2026/10/09 04:45:49.442, 2, 50, 97871, 0, 93.91
2026/10/09 04:45:49.442, 3, 57, 97871, 0, 88.75
2026/10/09 04:45:50.442, 0, 15, 97871, 0, 93.90
2026/10/09 04:45:50.442, 1, 14, 97871, 0, 85.86
2026/10/09 04:45:50.442, 2, 50, 97871, 0, 94.51
2026/10/09 04:45:50.442, 3, 57, 97871, 0, 89.11
2026/10/09 04:45:51.442, 0, 15, 97871, 0, 93.79
2026/10/09 04:45:51.442, 1, 14, 97871, 0, 85.79
2026/10/09 04:45:51.442, 2, 50, 97871, 0, 94.11
2026/10/09 04:45:51.442, 3, 57, 97871, 0, 88.64
2026/10/09 04:45:52.442, 0, 15, 97871, 0, 93.99
2026/10/09 04:45:52.443, 1, 14, 97871, 0, 85.72
2026/10/09 04:45:52.443, 2, 50, 97871, 0, 94.23
2026/10/09 04:45:52.443, 3, 57, 97871, 0, 88.92
2026/10/09 04:45:53.443, 0, 15, 97871, 0, 94.01
2026/10/09 04:45:53.556, 1, 14, 97871, 0, 85.39
2026/10/09 04:45:53.603, 2, 50, 97871, 0, 94.29
2026/10/09 04:45:53.627, 3, 57, 97871, 0, 88.15
2026/10/09 04:45:54.628, 0, 15, 97871, 0, 94.10
2026/10/09 04:45:54.708, 1, 14, 97871, 0, 85.19
2026/10/09 04:45:54.710, 2, 50, 97871, 0, 94.23
2026/10/09 04:45:54.710, 3, 57, 97871, 0, 87.84
2026/10/09 04:45:55.710, 0, 15, 97871, 0, 93.78
2026/10/09 04:45:55.743, 1, 14, 97871, 0, 85.53
2026/10/09 04:45:55.751, 2, 50, 97871, 0, 94.14
2026/10/09 04:45:55.752, 3, 57, 97871, 0, 88.61
2026/10/09 04:45:56.753, 0, 15, 97871, 0, 93.81
2026/10/09 04:45:56.753, 1, 14, 97871, 0, 85.59
2026/10/09 04:45:56.753, 2, 50, 97871, 0, 94.05
2026/10/09 04:45:56.753, 3, 57, 97871, 0, 88.67
2026/10/09 04:45:57.753, 0, 15, 97871, 0, 94.02
2026/10/09 04:45:57.753, 1, 14, 97871, 0, 85.46
2026/10/09 04:45:57.753, 2, 50, 97871, 0, 94.22
2026/10/09 04:45:57.753, 3, 57, 97871, 0, 88.87
2026/10/09 04:45:58.753, 0, 15, 97871, 0, 94.04
2026/10/09 04:45:58.753, 1, 14, 97871, 0, 85.59
2026/10/09 04:45:58.753, 2, 50, 97871, 0, 94.31
2026/10/09 04:45:58.753, 3, 57, 97871, 0, 88.92
2026/10/09 04:45:59.753, 0, 15, 97871, 0, 93.76
2026/10/09 04:45:59.753, 1, 14, 97871, 0, 85.65
2026/10/09 04:45:59.754, 2, 50, 97871, 0, 93.94
2026/10/09 04:45:59.754, 3, 57, 97871, 0, 89.39
2026/10/09 04:46:00.754, 0, 15, 97871, 0, 93.81
2026/10/09 04:46:00.754, 1, 14, 97871, 0, 85.58
2026/10/09 04:46:00.754, 2, 50, 97871, 0, 94.02
2026/10/09 04:46:00.754, 3, 57, 97871, 0, 89.17
2026/10/09 04:46:01.754, 0, 15, 97871, 0, 94.10
2026/10/09 04:46:01.754, 1, 14, 97871, 0, 85.59
2026/10/09 04:46:01.754, 2, 50, 97871, 0, 93.90
2026/10/09 04:46:01.754, 3, 57, 97871, 0, 89.69
2026/10/09 04:46:02.754, 0, 15, 97871, 0, 93.83
2026/10/09 04:46:02.754, 1, 14, 97871, 0, 85.70
2026/10/09 04:46:02.754, 2, 50, 97871, 0, 93.74
2026/10/09 04:46:02.754, 3, 57, 97871, 0, 88.68
2026/10/09 04:46:03.755, 0, 15, 97871, 0, 93.85
2026/10/09 04:46:03.755, 1, 14, 97871, 0, 85.90
2026/10/09 04:46:03.755, 2, 50, 97871, 0, 93.93
2026/10/09 04:46:03.755, 3, 57, 97871, 0, 88.26
2026/10/09 04:46:04.755, 0, 15, 97871, 0, 93.73
2026/10/09 04:46:04.755, 1, 14, 97871, 0, 85.86
2026/10/09 04:46:04.755, 2, 50, 97871, 0, 93.88
2026/10/09 04:46:04.755, 3, 57, 97871, 0, 88.29
2026/10/09 04:46:05.755, 0, 15, 97871, 0, 93.67
2026/10/09 04:46:05.755, 1, 14, 97871, 0, 85.75
2026/10/09 04:46:05.757, 2, 50, 97871, 0, 93.91
2026/10/09 04:46:05.757, 3, 57, 97871, 0, 88.37
2026/10/09 04:46:06.759, 0, 15, 97871, 0, 93.58
2026/10/09 04:46:06.759, 1, 14, 97871, 0, 85.65
2026/10/09 04:46:06.759, 2, 50, 97871, 0, 93.89
2026/10/09 04:46:06.759, 3, 57, 97871, 0, 88.15
2026/10/09 04:46:07.759, 0, 15, 97871, 0, 93.65
2026/10/09 04:46:07.759, 1, 14, 97871, 0, 85.71
2026/10/09 04:46:07.759, 2, 50, 97871, 0, 93.87
2026/10/09 04:46:07.759, 3, 57, 97871, 0, 88.50
2026/10/09 04:46:08.759, 0, 15, 97871, 0, 93.71
2026/10/09 04:46:08.759, 1, 14, 97871, 0, 85.62
2026/10/09 04:46:08.759, 2, 50, 97871, 0, 93.85
2026/10/09 04:46:08.759, 3, 57, 97871, 0, 89.12
2026/10/09 04:46:09.759, 0, 15, 97871, 0, 93.65
2026/10/09 04:46:09.759, 1, 14, 97871, 0, 85.65
2026/10/09 04:46:09.759, 2, 50, 97871, 0, 93.97
2026/10/09 04:46:09.759, 3, 57, 97871, 0, 89.09
2026/10/09 04:46:10.760, 0, 15, 97871, 0, 93.82
2026/10/09 04:46:10.760, 1, 14, 97871, 0, 85.46
2026/10/09 04:46:10.760, 2, 50, 97871, 0, 93.86
2026/10/09 04:46:10.760, 3, 57, 97871, 0, 89.21
2026/10/09 04:46:11.760, 0, 15, 97871, 0, 93.75
2026/10/09 04:46:11.760, 1, 14, 97871, 0, 85.38
2026/10/09 04:46:11.760, 2, 50, 97871, 0, 93.82
2026/10/09 04:46:11.760, 3, 57, 97871, 0, 89.28
2026/10/09 04:46:12.760, 0, 15, 97871, 0, 93.74
2026/10/09 04:46:12.760, 1, 14, 97871, 0, 85.44
2026/10/09 04:46:12.760, 2, 50, 97871, 0, 93.92
2026/10/09 04:46:12.760, 3, 57, 97871, 0, 89.56
2026/10/09 04:46:13.760, 0, 15, 97871, 0, 93.62
2026/10/09 04:46:13.760, 1, 14, 97871, 0, 85.43
2026/10/09 04:46:13.760, 2, 50, 97871, 0, 93.74
2026/10/09 04:46:13.760, 3, 57, 97871, 0, 89.39
2026/10/09 04:46:14.760, 0, 15, 97871, 0, 93.72
2026/10/09 04:46:14.760, 1, 14, 97871, 0, 85.36
2026/10/09 04:46:14.760, 2, 50, 97871, 0, 93.82
2026/10/09 04:46:14.760, 3, 57, 97871, 0, 89.18
2026/10/09 04:46:15.761, 0, 15, 97871, 0, 93.68
2026/10/09 04:46:15.761, 1, 14, 97871, 0, 85.58
2026/10/09 04:46:15.765, 2, 50, 97871, 0, 93.74
2026/10/09 04:46:15.765, 3, 57, 97871, 0, 89.29
2026/10/09 04:46:16.766, 0, 15, 97871, 0, 93.78
2026/10/09 04:46:16.766, 1, 14, 97871, 0, 85.42
2026/10/09 04:46:16.766, 2, 50, 97871, 0, 93.82
2026/10/09 04:46:16.766, 3, 57, 97871, 0, 89.27
2026/10/09 04:46:17.766, 0, 15, 97871, 0, 93.56
2026/10/09 04:46:17.766, 1, 14, 97871, 0, 85.40
2026/10/09 04:46:17.766, 2, 50, 97871, 0, 93.82
2026/10/09 04:46:17.766, 3, 57, 97871, 0, 89.16
2026/10/09 04:46:18.766, 0, 15, 97871, 0, 93.65
2026/10/09 04:46:18.766, 1, 14, 97871, 0, 85.47
2026/10/09 04:46:18.766, 2, 50, 97871, 0, 93.77
2026/10/09 04:46:18.766, 3, 57, 97871, 0, 89.43
2026/10/09 04:46:19.767, 0, 15, 97871, 0, 93.54
2026/10/09 04:46:19.767, 1, 14, 97871, 0, 85.43
2026/10/09 04:46:19.767, 2, 50, 97871, 0, 93.79
2026/10/09 04:46:19.767, 3, 57, 97871, 0, 89.34
2026/10/09 04:46:20.767, 0, 15, 97871, 0, 93.90
2026/10/09 04:46:20.767, 1, 14, 97871, 0, 85.57
2026/10/09 04:46:20.767, 2, 50, 97871, 0, 93.86
2026/10/09 04:46:20.767, 3, 57, 97871, 0, 89.13
2026/10/09 04:46:21.767, 0, 15, 97871, 0, 93.95
2026/10/09 04:46:21.767, 1, 14, 97871, 0, 85.71
2026/10/09 04:46:21.767, 2, 50, 97871, 0, 93.94
2026/10/09 04:46:21.767, 3, 57, 97871, 0, 89.33
2026/10/09 04:46:22.767, 0, 15, 97871, 0, 93.80
2026/10/09 04:46:22.767, 1, 14, 97871, 0, 85.65
2026/10/09 04:46:22.767, 2, 50, 97871, 0, 93.90
2026/10/09 04:46:22.767, 3, 57, 97871, 0, 89.32
2026/10/09 04:46:23.767, 0, 15, 97871, 0, 94.05
2026/10/09 04:46:23.767, 1, 14, 97871, 0, 85.49
2026/10/09 04:46:23.768, 2, 50, 97871, 0, 93.95
2026/10/09 04:46:23.768, 3, 57, 97871, 0, 89.22
2026/10/09 04:46:24.768, 0, 15, 97871, 0, 93.69
2026/10/09 04:46:24.768, 1, 14, 97871, 0, 85.57
2026/10/09 04:46:24.768, 2, 50, 97871, 0, 93.81
2026/10/09 04:46:24.768, 3, 57, 97871, 0, 89.49
2026/10/09 04:46:25.768, 0, 15, 97871, 0, 93.62
2026/10/09 04:46:25.768, 1, 14, 97871, 0, 85.59
2026/10/09 04:46:25.772, 2, 50, 97871, 0, 93.86
2026/10/09 04:46:25.772, 3, 57, 97871, 0, 89.20
2026/10/09 04:46:26.773, 0, 15, 97871, 0, 93.83
2026/10/09 04:46:26.773, 1, 14, 97871, 0, 85.55
2026/10/09 04:46:26.773, 2, 50, 97871, 0, 93.98
2026/10/09 04:46:26.773, 3, 57, 97871, 0, 89.32
2026/10/09 04:46:27.773, 0, 15, 97871, 0, 93.96
2026/10/09 04:46:27.773, 1, 14, 97871, 0, 85.63
2026/10/09 04:46:27.773, 2, 50, 97871, 0, 93.99
2026/10/09 04:46:27.773, 3, 57, 97871, 0, 89.17
2026/10/09 04:46:28.774, 0, 15, 97871, 0, 93.62
2026/10/09 04:46:28.774, 1, 14, 97871, 0, 85.45
2026/10/09 04:46:28.774, 2, 50, 97871, 0, 93.69
2026/10/09 04:46:28.774, 3, 57, 97871, 0, 89.27
2026/10/09 04:46:29.774, 0, 15, 97871, 0, 93.66
2026/10/09 04:46:29.774, 1, 14, 97871, 0, 85.53
2026/10/09 04:46:29.774, 2, 50, 97871, 0, 93.79
2026/10/09 04:46:29.774, 3, 57, 97871, 0, 89.28
2026/10/09 04:46:30.774, 0, 15, 97871, 0, 93.57
2026/10/09 04:46:30.774, 1, 14, 97871, 0, 85.41
2026/10/09 04:46:30.774, 2, 50, 97871, 0, 93.75
2026/10/09 04:46:30.774, 3, 57, 97871, 0, 89.52
2026/10/09 04:46:31.774, 0, 15, 97871, 0, 93.78
2026/10/09 04:46:31.774, 1, 14, 97871, 0, 85.40
2026/10/09 04:46:31.774, 2, 50, 97871, 0, 93.86
2026/10/09 04:46:31.774, 3, 57, 97871, 0, 89.31
2026/10/09 04:46:32.774, 0, 15, 97871, 0, 93.71
2026/10/09 04:46:32.774, 1, 14, 97871, 0, 85.52
2026/10/09 04:46:32.774, 2, 50, 97871, 0, 93.74
2026/10/09 04:46:32.774, 3, 57, 97871, 0, 89.46
2026/10/09 04:46:33.775, 0, 15, 97871, 0, 93.76
2026/10/09 04:46:33.775, 1, 14, 97871, 0, 85.46
2026/10/09 04:46:33.775, 2, 50, 97871, 0, 93.79
2026/10/09 04:46:33.775, 3, 57, 97871, 0, 89.57
2026/10/09 04:46:34.775, 0, 15, 97871, 0, 93.70
2026/10/09 04:46:34.775, 1, 14, 97871, 0, 85.45
2026/10/09 04:46:34.775, 2, 50, 97871, 0, 93.72
2026/10/09 04:46:34.775, 3, 57, 97871, 0, 89.26
2026/10/09 04:46:35.775, 0, 15, 97871, 0, 93.67
2026/10/09 04:46:35.775, 1, 14, 97871, 0, 85.47
2026/10/09 04:46:35.779, 2, 50, 97871, 0, 93.73
2026/10/09 04:46:35.779, 3, 57, 97871, 0, 89.50
2026/10/09 04:46:36.780, 0, 15, 97871, 0, 93.67
2026/10/09 04:46:36.780, 1, 14, 97871, 0, 85.52
2026/10/09 04:46:36.780, 2, 50, 97871, 0, 93.72
2026/10/09 04:46:36.781, 3, 57, 97871, 0, 89.29
2026/10/09 04:46:37.781, 0, 15, 97871, 0, 93.46
2026/10/09 04:46:37.781, 1, 14, 97871, 0, 85.41
2026/10/09 04:46:37.781, 2, 50, 97871, 0, 93.71
2026/10/09 04:46:37.781, 3, 57, 97871, 0, 89.55
2026/10/09 04:46:38.781, 0, 15, 97871, 0, 93.68
2026/10/09 04:46:38.781, 1, 14, 97871, 0, 85.57
2026/10/09 04:46:38.781, 2, 50, 97871, 0, 93.68
2026/10/09 04:46:38.781, 3, 57, 97871, 0, 89.41
2026/10/09 04:46:39.781, 0, 15, 97871, 0, 93.58
2026/10/09 04:46:39.781, 1, 14, 97871, 0, 85.46
2026/10/09 04:46:39.781, 2, 50, 97871, 0, 93.69
2026/10/09 04:46:39.781, 3, 57, 97871, 0, 89.40
2026/10/09 04:46:40.781, 0, 15, 97871, 0, 93.71
2026/10/09 04:46:40.781, 1, 14, 97871, 0, 85.40
2026/10/09 04:46:40.781, 2, 50, 97871, 0, 93.72
2026/10/09 04:46:40.781, 3, 57, 97871, 0, 89.23
2026/10/09 04:46:41.781, 0, 15, 97871, 0, 93.51
2026/10/09 04:46:41.782, 1, 14, 97871, 0, 85.53
2026/10/09 04:46:41.782, 2, 50, 97871, 0, 93.70
2026/10/09 04:46:41.782, 3, 57, 97871, 0, 89.41
2026/10/09 04:46:42.782, 0, 15, 97871, 0, 93.66
2026/10/09 04:46:42.782, 1, 14, 97871, 0, 85.52
2026/10/09 04:46:42.782, 2, 50, 97871, 0, 93.72
2026/10/09 04:46:42.782, 3, 57, 97871, 0, 89.42
2026/10/09 04:46:43.782, 0, 15, 97871, 0, 93.65
2026/10/09 04:46:43.782, 1, 14, 97871, 0, 85.35
2026/10/09 04:46:43.782, 2, 50, 97871, 0, 93.68
2026/10/09 04:46:43.782, 3, 57, 97871, 0, 89.51
2026/10/09 04:46:44.782, 0, 15, 97871, 0, 93.58
2026/10/09 04:46:44.782, 1, 14, 97871, 0, 85.48
2026/10/09 04:46:44.782, 2, 50, 97871, 0, 93.71
2026/10/09 04:46:44.782, 3, 57, 97871, 0, 89.52
2026/10/09 04:46:45.782, 0, 15, 97871, 0, 93.66
2026/10/09 04:46:45.782, 1, 14, 97871, 0, 85.61
2026/10/09 04:46:45.788, 2, 50, 97871, 0, 93.86
2026/10/09 04:46:45.788, 3, 57, 97871, 0, 89.50
2026/10/09 04:46:46.789, 0, 15, 97871, 0, 93.88
2026/10/09 04:46:46.789, 1, 14, 97871, 0, 85.55
2026/10/09 04:46:46.789, 2, 50, 97871, 0, 93.86
2026/10/09 04:46:46.789, 3, 57, 97871, 0, 89.65
2026/10/09 04:46:47.789, 0, 15, 97871, 0, 93.94
2026/10/09 04:46:47.789, 1, 14, 97871, 0, 85.57
2026/10/09 04:46:47.789, 2, 50, 97871, 0, 93.99
2026/10/09 04:46:47.789, 3, 57, 97871, 0, 89.49
2026/10/09 04:46:48.789, 0, 15, 97871, 0, 93.82
2026/10/09 04:46:48.789, 1, 14, 97871, 0, 85.63
2026/10/09 04:46:48.789, 2, 50, 97871, 0, 94.01
2026/10/09 04:46:48.789, 3, 57, 97871, 0, 89.42
2026/10/09 04:46:49.789, 0, 15, 97871, 0, 93.81
2026/10/09 04:46:49.790, 1, 14, 97871, 0, 85.60
2026/10/09 04:46:49.790, 2, 50, 97871, 0, 94.10
2026/10/09 04:46:49.790, 3, 57, 97871, 0, 89.54
2026/10/09 04:46:50.790, 0, 15, 97871, 0, 93.55
2026/10/09 04:46:50.790, 1, 14, 97871, 0, 85.59
2026/10/09 04:46:50.790, 2, 50, 97871, 0, 93.93
2026/10/09 04:46:50.790, 3, 57, 97871, 0, 89.63
2026/10/09 04:46:51.790, 0, 15, 97871, 0, 93.46
2026/10/09 04:46:51.790, 1, 14, 97871, 0, 85.57
2026/10/09 04:46:51.790, 2, 50, 97871, 0, 93.84
2026/10/09 04:46:51.790, 3, 57, 97871, 0, 89.22
2026/10/09 04:46:52.790, 0, 15, 97871, 0, 93.51
2026/10/09 04:46:52.790, 1, 14, 97871, 0, 85.59
2026/10/09 04:46:52.790, 2, 50, 97871, 0, 93.91
2026/10/09 04:46:52.790, 3, 57, 97871, 0, 89.39
2026/10/09 04:46:53.790, 0, 15, 97871, 0, 93.49
2026/10/09 04:46:53.790, 1, 14, 97871, 0, 85.61
2026/10/09 04:46:53.790, 2, 50, 97871, 0, 93.95
2026/10/09 04:46:53.790, 3, 57, 97871, 0, 89.21
2026/10/09 04:46:54.791, 0, 15, 97871, 0, 93.72
2026/10/09 04:46:54.791, 1, 14, 97871, 0, 85.91
2026/10/09 04:46:54.791, 2, 50, 97871, 0, 94.12
2026/10/09 04:46:54.791, 3, 57, 97871, 0, 89.48
2026/10/09 04:46:55.791, 0, 15, 97871, 0, 93.95
2026/10/09 04:46:55.791, 1, 14, 97871, 0, 85.96
2026/10/09 04:46:55.800, 2, 50, 97871, 0, 94.10
2026/10/09 04:46:55.800, 3, 57, 97871, 0, 89.45
2026/10/09 04:46:56.801, 0, 15, 97871, 0, 93.70
2026/10/09 04:46:56.801, 1, 14, 97871, 0, 85.95
2026/10/09 04:46:56.801, 2, 50, 97871, 0, 94.05
2026/10/09 04:46:56.801, 3, 57, 97871, 0, 89.62
2026/10/09 04:46:57.801, 0, 15, 97871, 0, 93.60
2026/10/09 04:46:57.801, 1, 14, 97871, 0, 85.79
2026/10/09 04:46:57.801, 2, 50, 97871, 0, 94.06
2026/10/09 04:46:57.801, 3, 57, 97871, 0, 89.15
2026/10/09 04:46:58.801, 0, 15, 97871, 0, 93.81
2026/10/09 04:46:58.827, 1, 14, 97871, 0, 85.54
2026/10/09 04:46:58.827, 2, 50, 97871, 0, 94.14
2026/10/09 04:46:58.827, 3, 57, 97871, 0, 89.43
2026/10/09 04:46:59.827, 0, 15, 97871, 0, 93.73
2026/10/09 04:46:59.835, 1, 14, 97871, 0, 85.64
2026/10/09 04:46:59.835, 2, 50, 97871, 0, 94.22
2026/10/09 04:46:59.835, 3, 58, 97871, 0, 89.44
2026/10/09 04:47:00.835, 0, 997, 97871, 1, 113.32
2026/10/09 04:47:00.836, 1, 14, 97871, 0, 85.70
2026/10/09 04:47:00.836, 2, 50, 97871, 0, 94.15
2026/10/09 04:47:00.836, 3, 58, 97871, 0, 89.35
2026/10/09 04:47:01.836, 0, 20765, 97871, 6, 139.41
2026/10/09 04:47:01.836, 1, 14, 97871, 0, 85.63
2026/10/09 04:47:01.836, 2, 50, 97871, 0, 94.22
2026/10/09 04:47:01.836, 3, 58, 97871, 0, 89.52
2026/10/09 04:47:02.836, 0, 20765, 97871, 12, 139.29
2026/10/09 04:47:02.837, 1, 14, 97871, 0, 85.74
2026/10/09 04:47:02.882, 2, 50, 97871, 0, 94.32
2026/10/09 04:47:02.904, 3, 58, 97871, 0, 92.07
2026/10/09 04:47:03.904, 0, 20765, 97871, 11, 138.75
2026/10/09 04:47:03.921, 1, 14, 97871, 0, 85.40
2026/10/09 04:47:03.921, 2, 50, 97871, 0, 94.24
2026/10/09 04:47:03.921, 3, 58, 97871, 0, 89.98
2026/10/09 04:47:04.923, 0, 25065, 97871, 0, 138.10
2026/10/09 04:47:04.945, 1, 14, 97871, 0, 85.55
2026/10/09 04:47:04.968, 2, 50, 97871, 0, 94.14
2026/10/09 04:47:04.968, 3, 58, 97871, 0, 89.89
2026/10/09 04:47:05.968, 0, 25065, 97871, 0, 137.79
2026/10/09 04:47:05.969, 1, 14, 97871, 0, 85.56
2026/10/09 04:47:05.969, 2, 50, 97871, 0, 94.16
2026/10/09 04:47:05.969, 3, 58, 97871, 0, 89.38
2026/10/09 04:47:06.969, 0, 25065, 97871, 1, 137.99
2026/10/09 04:47:06.969, 1, 14, 97871, 0, 85.75
2026/10/09 04:47:06.969, 2, 50, 97871, 0, 94.41
2026/10/09 04:47:06.969, 3, 58, 97871, 0, 90.77
2026/10/09 04:47:07.969, 0, 25065, 97871, 1, 137.69
2026/10/09 04:47:07.969, 1, 14, 97871, 0, 85.81
2026/10/09 04:47:07.969, 2, 50, 97871, 0, 94.14
2026/10/09 04:47:07.969, 3, 58, 97871, 0, 89.71
2026/10/09 04:47:08.969, 0, 25065, 97871, 0, 138.03
2026/10/09 04:47:08.970, 1, 14, 97871, 0, 85.50
2026/10/09 04:47:08.970, 2, 50, 97871, 0, 94.50
2026/10/09 04:47:08.970, 3, 58, 97871, 0, 89.23
2026/10/09 04:47:09.970, 0, 25065, 97871, 0, 137.51
2026/10/09 04:47:09.970, 1, 14, 97871, 0, 85.31
2026/10/09 04:47:09.970, 2, 50, 97871, 0, 94.03
2026/10/09 04:47:09.970, 3, 58, 97871, 0, 89.26
2026/10/09 04:47:10.970, 0, 25145, 97871, 0, 137.75
2026/10/09 04:47:11.178, 1, 14, 97871, 0, 85.43
2026/10/09 04:47:11.181, 2, 51, 97871, 0, 94.01
2026/10/09 04:47:11.181, 3, 58, 97871, 0, 89.65
2026/10/09 04:47:12.183, 0, 22479, 97871, 0, 137.98
2026/10/09 04:47:12.258, 1, 996, 97871, 0, 105.64
2026/10/09 04:47:12.400, 2, 51, 97871, 0, 94.02
2026/10/09 04:47:12.607, 3, 58, 97871, 0, 89.43
2026/10/09 04:47:13.787, 0, 22479, 97871, 0, 137.84
2026/10/09 04:47:13.787, 1, 20354, 97871, 0, 130.90
2026/10/09 04:47:13.787, 2, 51, 97871, 0, 94.17
2026/10/09 04:47:13.787, 3, 58, 97871, 0, 89.49
2026/10/09 04:47:14.788, 0, 22479, 97871, 0, 137.85
2026/10/09 04:47:14.788, 1, 20764, 97871, 24, 132.06
2026/10/09 04:47:14.788, 2, 51, 97871, 0, 94.10
2026/10/09 04:47:14.788, 3, 58, 97871, 0, 91.37
2026/10/09 04:47:15.788, 0, 22479, 97871, 0, 137.92
2026/10/09 04:47:15.788, 1, 20764, 97871, 10, 131.44
2026/10/09 04:47:15.788, 2, 51, 97871, 0, 94.14
2026/10/09 04:47:15.788, 3, 58, 97871, 0, 90.61
2026/10/09 04:47:16.788, 0, 22479, 97871, 0, 138.11
2026/10/09 04:47:16.788, 1, 25144, 97871, 5, 130.73
2026/10/09 04:47:16.788, 2, 51, 97871, 0, 94.18
2026/10/09 04:47:16.788, 3, 58, 97871, 0, 90.00
2026/10/09 04:47:17.788, 0, 22479, 97871, 0, 137.82
2026/10/09 04:47:17.796, 1, 22478, 97871, 0, 129.78
2026/10/09 04:47:17.797, 2, 51, 97871, 0, 94.09
2026/10/09 04:47:17.798, 3, 58, 97871, 0, 89.29
2026/10/09 04:47:18.800, 0, 22479, 97871, 0, 137.55
2026/10/09 04:47:18.828, 1, 22478, 97871, 0, 130.03
2026/10/09 04:47:18.878, 2, 53, 97871, 0, 94.13
2026/10/09 04:47:18.958, 3, 60, 97871, 0, 88.76
2026/10/09 04:47:19.978, 0, 22479, 97871, 0, 137.74
2026/10/09 04:47:19.979, 1, 22478, 97871, 0, 129.99
2026/10/09 04:47:19.979, 2, 3388, 97871, 0, 137.87
2026/10/09 04:47:19.979, 3, 1038, 97871, 0, 96.81
2026/10/09 04:47:20.979, 0, 22731, 97871, 0, 174.15
2026/10/09 04:47:20.979, 1, 22478, 97871, 0, 130.89
2026/10/09 04:47:20.979, 2, 20800, 97871, 9, 141.84
2026/10/09 04:47:20.979, 3, 16530, 97871, 7, 137.32
2026/10/09 04:47:21.979, 0, 22731, 97871, 0, 161.16
2026/10/09 04:47:21.979, 1, 22478, 97871, 0, 131.03
2026/10/09 04:47:21.979, 2, 20800, 97871, 7, 140.74
2026/10/09 04:47:21.979, 3, 20806, 97871, 0, 140.03
2026/10/09 04:47:22.979, 0, 23143, 97871, 29, 206.04
2026/10/09 04:47:22.979, 1, 22478, 97871, 0, 130.74
2026/10/09 04:47:22.979, 2, 20800, 97871, 7, 140.57
2026/10/09 04:47:22.979, 3, 20806, 97871, 3, 138.62
2026/10/09 04:47:23.980, 0, 23143, 97871, 0, 176.61
2026/10/09 04:47:23.980, 1, 22478, 97871, 0, 130.68
2026/10/09 04:47:23.980, 2, 25100, 97871, 1, 140.76
2026/10/09 04:47:23.980, 3, 25186, 97871, 1, 137.41
2026/10/09 04:47:24.980, 0, 23143, 97871, 0, 138.08
2026/10/09 04:47:24.980, 1, 22478, 97871, 0, 130.76
2026/10/09 04:47:24.980, 2, 22052, 97871, 0, 140.39
2026/10/09 04:47:24.980, 3, 22520, 97871, 0, 135.52
2026/10/09 04:47:25.980, 0, 23143, 97871, 0, 207.04
2026/10/09 04:47:25.980, 1, 22730, 97871, 0, 130.43
2026/10/09 04:47:25.980, 2, 22514, 97871, 0, 139.72
2026/10/09 04:47:25.980, 3, 22520, 97871, 0, 135.09
2026/10/09 04:47:26.981, 0, 23143, 97871, 0, 137.77
2026/10/09 04:47:26.981, 1, 22730, 97871, 0, 177.26
2026/10/09 04:47:26.981, 2, 22514, 97871, 0, 139.63
2026/10/09 04:47:26.981, 3, 22520, 97871, 0, 134.87
2026/10/09 04:47:27.981, 0, 23143, 97871, 0, 137.68
2026/10/09 04:47:27.981, 1, 23142, 97871, 0, 179.01
2026/10/09 04:47:27.981, 2, 22514, 97871, 0, 139.50
2026/10/09 04:47:27.981, 3, 22520, 97871, 0, 134.79
2026/10/09 04:47:28.981, 0, 23815, 97871, 34, 154.03
2026/10/09 04:47:28.981, 1, 23142, 97871, 0, 184.32
2026/10/09 04:47:28.981, 2, 22514, 97871, 0, 139.65
2026/10/09 04:47:28.981, 3, 22520, 97871, 0, 134.98
2026/10/09 04:47:29.981, 0, 23815, 97871, 0, 229.17
2026/10/09 04:47:29.981, 1, 23142, 97871, 0, 139.00
2026/10/09 04:47:29.981, 2, 22514, 97871, 0, 139.56
2026/10/09 04:47:29.981, 3, 22520, 97871, 0, 135.88
2026/10/09 04:47:30.981, 0, 23815, 97871, 0, 137.89
2026/10/09 04:47:30.982, 1, 23142, 97871, 0, 201.27
2026/10/09 04:47:30.982, 2, 22514, 97871, 0, 139.50
2026/10/09 04:47:30.982, 3, 22520, 97871, 0, 135.48
2026/10/09 04:47:31.982, 0, 23815, 97871, 0, 247.00
2026/10/09 04:47:31.982, 1, 23142, 97871, 0, 129.79
2026/10/09 04:47:31.982, 2, 22514, 97871, 0, 139.52
2026/10/09 04:47:31.982, 3, 22712, 97871, 0, 136.21
2026/10/09 04:47:32.982, 0, 23815, 97871, 0, 137.90
2026/10/09 04:47:32.982, 1, 23142, 97871, 0, 129.53
2026/10/09 04:47:32.982, 2, 22514, 97871, 0, 139.52
2026/10/09 04:47:32.982, 3, 22772, 97871, 0, 171.54
2026/10/09 04:47:33.982, 0, 23815, 97871, 0, 137.60
2026/10/09 04:47:33.982, 1, 23142, 97871, 0, 129.62
2026/10/09 04:47:33.982, 2, 22706, 97871, 0, 139.99
2026/10/09 04:47:33.982, 3, 22868, 97871, 67, 190.13
2026/10/09 04:47:34.982, 0, 23815, 97871, 0, 187.35
2026/10/09 04:47:34.983, 1, 23814, 97871, 11, 235.58
2026/10/09 04:47:34.983, 2, 22766, 97871, 0, 189.90
2026/10/09 04:47:34.983, 3, 23184, 97871, 1, 168.96
2026/10/09 04:47:35.983, 0, 23815, 97871, 0, 137.72
2026/10/09 04:47:35.983, 1, 23814, 97871, 0, 130.92
2026/10/09 04:47:35.983, 2, 22922, 97871, 0, 180.44
2026/10/09 04:47:35.983, 3, 23184, 97871, 0, 167.78
2026/10/09 04:47:36.983, 0, 23815, 97871, 0, 137.46
2026/10/09 04:47:36.983, 1, 23814, 97871, 93, 232.75
2026/10/09 04:47:36.983, 2, 23178, 97871, 0, 174.29
2026/10/09 04:47:36.983, 3, 23184, 97871, 0, 151.94
2026/10/09 04:47:37.983, 0, 23815, 97871, 0, 137.43
2026/10/09 04:47:37.983, 1, 23814, 97871, 0, 131.01
2026/10/09 04:47:37.983, 2, 23178, 97871, 0, 170.92
2026/10/09 04:47:37.983, 3, 23184, 97871, 0, 188.66
2026/10/09 04:47:38.983, 0, 25223, 97871, 100, 417.32
2026/10/09 04:47:38.984, 1, 23814, 97871, 0, 130.23
2026/10/09 04:47:38.984, 2, 23178, 97871, 0, 210.48
2026/10/09 04:47:38.984, 3, 23184, 97871, 0, 136.22
2026/10/09 04:47:39.984, 0, 25223, 97871, 0, 240.00
2026/10/09 04:47:39.984, 1, 23814, 97871, 0, 148.27
2026/10/09 04:47:39.984, 2, 23178, 97871, 0, 140.11
2026/10/09 04:47:39.984, 3, 23184, 97871, 0, 135.70
2026/10/09 04:47:40.984, 0, 25223, 97871, 0, 137.79
2026/10/09 04:47:40.984, 1, 23814, 97871, 0, 162.77
2026/10/09 04:47:40.984, 2, 23178, 97871, 0, 139.79
2026/10/09 04:47:40.984, 3, 23856, 97871, 92, 246.26
2026/10/09 04:47:41.984, 0, 25223, 97871, 0, 137.71
2026/10/09 04:47:41.985, 1, 23814, 97871, 0, 129.62
2026/10/09 04:47:41.985, 2, 23178, 97871, 0, 139.92
2026/10/09 04:47:41.985, 3, 23856, 97871, 0, 136.54
2026/10/09 04:47:42.985, 0, 25223, 97871, 0, 153.37
2026/10/09 04:47:42.985, 1, 23814, 97871, 0, 129.31
2026/10/09 04:47:42.985, 2, 23850, 97871, 0, 247.88
2026/10/09 04:47:42.985, 3, 23856, 97871, 95, 227.97
2026/10/09 04:47:43.985, 0, 25223, 97871, 16, 155.33
2026/10/09 04:47:43.985, 1, 23878, 97871, 87, 211.59
2026/10/09 04:47:43.985, 2, 23850, 97871, 0, 140.36
2026/10/09 04:47:43.985, 3, 23856, 97871, 0, 154.43
2026/10/09 04:47:44.985, 0, 25223, 97871, 0, 142.68
2026/10/09 04:47:44.985, 1, 25222, 97871, 0, 422.60
2026/10/09 04:47:44.985, 2, 23850, 97871, 35, 244.87
2026/10/09 04:47:44.985, 3, 23856, 97871, 0, 136.27
2026/10/09 04:47:45.985, 0, 27307, 97871, 0, 149.93
2026/10/09 04:47:45.985, 1, 25222, 97871, 0, 130.60
2026/10/09 04:47:45.985, 2, 23850, 97871, 0, 140.54
2026/10/09 04:47:45.985, 3, 23856, 97871, 0, 192.79
2026/10/09 04:47:46.986, 0, 27307, 97871, 0, 137.19
2026/10/09 04:47:46.986, 1, 25222, 97871, 0, 129.74
2026/10/09 04:47:46.986, 2, 23850, 97871, 0, 139.63
2026/10/09 04:47:46.986, 3, 23856, 97871, 0, 135.94
2026/10/09 04:47:47.986, 0, 27307, 97871, 0, 137.38
2026/10/09 04:47:47.986, 1, 25222, 97871, 0, 138.53
2026/10/09 04:47:47.986, 2, 23850, 97871, 0, 190.37
2026/10/09 04:47:47.986, 3, 23856, 97871, 0, 136.25
2026/10/09 04:47:48.986, 0, 27307, 97871, 0, 184.25
2026/10/09 04:47:48.986, 1, 25222, 97871, 0, 144.30
2026/10/09 04:47:48.986, 2, 23850, 97871, 0, 140.01
2026/10/09 04:47:48.986, 3, 23856, 97871, 0, 135.40
2026/10/09 04:47:49.986, 0, 27307, 97871, 0, 187.64
2026/10/09 04:47:49.986, 1, 25222, 97871, 0, 139.10
2026/10/09 04:47:49.986, 2, 23850, 97871, 0, 139.62
2026/10/09 04:47:49.986, 3, 25264, 97871, 100, 434.78
2026/10/09 04:47:50.987, 0, 27307, 97871, 0, 137.30
2026/10/09 04:47:50.987, 1, 25222, 97871, 0, 135.12
2026/10/09 04:47:50.987, 2, 23850, 97871, 0, 139.62
2026/10/09 04:47:50.987, 3, 25264, 97871, 0, 218.13
2026/10/09 04:47:51.987, 0, 22575, 97871, 0, 137.27
2026/10/09 04:47:51.987, 1, 27306, 97871, 0, 141.86
2026/10/09 04:47:51.987, 2, 25258, 97871, 90, 337.44
2026/10/09 04:47:51.987, 3, 25264, 97871, 0, 136.41
2026/10/09 04:47:52.987, 0, 54705, 97871, 0, 138.87
2026/10/09 04:47:52.994, 1, 27306, 97871, 0, 129.82
2026/10/09 04:47:52.994, 2, 25258, 97871, 0, 316.48
2026/10/09 04:47:52.994, 3, 25264, 97871, 0, 135.43
2026/10/09 04:47:53.994, 0, 78751, 97871, 15, 315.87
2026/10/09 04:47:53.995, 1, 27306, 97871, 0, 139.99
2026/10/09 04:47:53.995, 2, 25258, 97871, 0, 140.38
2026/10/09 04:47:53.995, 3, 25264, 97871, 0, 150.95
2026/10/09 04:47:54.995, 0, 76405, 97871, 18, 217.25
2026/10/09 04:47:54.995, 1, 27306, 97871, 0, 166.63
2026/10/09 04:47:54.995, 2, 25258, 97871, 0, 139.80
2026/10/09 04:47:54.995, 3, 25264, 97871, 0, 153.42
2026/10/09 04:47:55.995, 0, 76503, 97871, 12, 200.07
2026/10/09 04:47:55.995, 1, 27306, 97871, 0, 176.66
2026/10/09 04:47:55.995, 2, 25258, 97871, 32, 155.78
2026/10/09 04:47:55.995, 3, 25264, 97871, 0, 140.77
2026/10/09 04:47:56.995, 0, 77597, 97871, 27, 187.68
2026/10/09 04:47:56.995, 1, 27306, 97871, 0, 129.88
2026/10/09 04:47:56.995, 2, 25258, 97871, 0, 150.36
2026/10/09 04:47:56.995, 3, 27348, 97871, 0, 147.14
2026/10/09 04:47:57.996, 0, 77169, 97871, 16, 257.18
2026/10/09 04:47:57.996, 1, 22574, 97871, 0, 129.96
2026/10/09 04:47:57.996, 2, 25258, 97871, 0, 153.25
2026/10/09 04:47:57.996, 3, 27348, 97871, 0, 135.35
2026/10/09 04:47:58.996, 0, 77209, 97871, 18, 195.60
2026/10/09 04:47:58.996, 1, 76124, 97871, 41, 136.93
2026/10/09 04:47:58.996, 2, 27342, 97871, 0, 139.63
2026/10/09 04:47:58.996, 3, 27348, 97871, 0, 135.42
2026/10/09 04:47:59.996, 0, 77265, 97871, 0, 200.50
2026/10/09 04:47:59.996, 1, 78750, 97871, 0, 302.09
2026/10/09 04:47:59.996, 2, 27342, 97871, 0, 152.16
2026/10/09 04:47:59.996, 3, 27348, 97871, 38, 181.24
2026/10/09 04:48:00.996, 0, 77265, 97871, 0, 137.69
2026/10/09 04:48:00.996, 1, 76428, 97871, 23, 225.92
2026/10/09 04:48:00.996, 2, 27342, 97871, 0, 139.64
2026/10/09 04:48:00.997, 3, 27348, 97871, 0, 184.98
2026/10/09 04:48:01.997, 0, 77265, 97871, 0, 137.42
2026/10/09 04:48:01.997, 1, 76528, 97871, 12, 191.23
2026/10/09 04:48:01.997, 2, 27342, 97871, 0, 167.49
2026/10/09 04:48:01.997, 3, 27348, 97871, 0, 135.53
2026/10/09 04:48:02.997, 0, 78011, 97871, 0, 163.98
2026/10/09 04:48:02.997, 1, 77292, 97871, 28, 233.93
2026/10/09 04:48:02.997, 2, 27342, 97871, 0, 159.60
2026/10/09 04:48:02.997, 3, 22616, 97871, 0, 135.43
2026/10/09 04:48:03.997, 0, 78011, 97871, 0, 137.25
2026/10/09 04:48:03.998, 1, 77196, 97871, 16, 224.43
2026/10/09 04:48:03.998, 2, 27342, 97871, 0, 190.24
2026/10/09 04:48:03.998, 3, 22616, 97871, 0, 135.32
2026/10/09 04:48:04.998, 0, 78537, 97871, 0, 137.90
2026/10/09 04:48:04.998, 1, 77346, 97871, 16, 196.12
2026/10/09 04:48:04.998, 2, 27342, 97871, 0, 141.38
2026/10/09 04:48:04.998, 3, 78792, 97871, 15, 307.61
2026/10/09 04:48:05.998, 0, 79581, 97871, 9, 151.18
2026/10/09 04:48:05.998, 1, 77264, 97871, 0, 146.92
2026/10/09 04:48:05.998, 2, 22610, 97871, 0, 140.77
2026/10/09 04:48:05.998, 3, 76440, 97871, 23, 199.82
2026/10/09 04:48:06.998, 0, 82707, 97871, 0, 169.47
2026/10/09 04:48:06.998, 1, 77264, 97871, 0, 130.68
2026/10/09 04:48:06.998, 2, 76160, 97871, 0, 149.05
2026/10/09 04:48:06.998, 3, 76556, 97871, 18, 213.02
2026/10/09 04:48:07.998, 0, 82707, 97871, 0, 137.22
2026/10/09 04:48:07.999, 1, 77264, 97871, 0, 130.60
2026/10/09 04:48:07.999, 2, 78786, 97871, 0, 311.14
2026/10/09 04:48:07.999, 3, 77194, 97871, 33, 259.58
2026/10/09 04:48:08.999, 0, 82707, 97871, 0, 136.98
2026/10/09 04:48:08.999, 1, 78010, 97871, 0, 161.24
2026/10/09 04:48:08.999, 2, 76442, 97871, 16, 213.74
2026/10/09 04:48:08.999, 3, 77250, 97871, 17, 233.77
2026/10/09 04:48:09.999, 0, 82707, 97871, 0, 136.88
2026/10/09 04:48:09.999, 1, 78010, 97871, 0, 130.58
2026/10/09 04:48:09.999, 2, 76526, 97871, 12, 198.16
2026/10/09 04:48:09.999, 3, 77306, 97871, 0, 201.21
2026/10/09 04:48:10.999, 0, 82711, 97871, 0, 137.21
2026/10/09 04:48:10.999, 1, 79580, 97871, 0, 133.48
2026/10/09 04:48:11.000, 2, 76856, 97871, 10, 177.43
2026/10/09 04:48:11.000, 3, 77306, 97871, 0, 136.49
2026/10/09 04:48:12.000, 0, 82711, 97871, 0, 145.20
2026/10/09 04:48:12.000, 1, 82706, 97871, 58, 169.38
2026/10/09 04:48:12.000, 2, 77300, 97871, 17, 258.53
2026/10/09 04:48:12.000, 3, 77306, 97871, 0, 136.21
2026/10/09 04:48:13.000, 0, 82711, 97871, 0, 137.23
2026/10/09 04:48:13.001, 1, 82706, 97871, 0, 129.30
2026/10/09 04:48:13.001, 2, 77242, 97871, 16, 215.08
2026/10/09 04:48:13.001, 3, 78052, 97871, 0, 165.69
2026/10/09 04:48:14.001, 0, 82711, 97871, 0, 147.29
2026/10/09 04:48:14.001, 1, 82706, 97871, 0, 129.17
2026/10/09 04:48:14.001, 2, 77300, 97871, 14, 209.53
2026/10/09 04:48:14.001, 3, 78052, 97871, 0, 136.26
2026/10/09 04:48:15.001, 0, 82711, 97871, 0, 137.37
2026/10/09 04:48:15.001, 1, 82706, 97871, 0, 129.14
2026/10/09 04:48:15.001, 2, 77300, 97871, 0, 140.32
2026/10/09 04:48:15.001, 3, 78578, 97871, 0, 136.31
2026/10/09 04:48:16.001, 0, 82711, 97871, 0, 137.01
2026/10/09 04:48:16.001, 1, 82706, 97871, 0, 129.05
2026/10/09 04:48:16.001, 2, 77300, 97871, 0, 139.68
2026/10/09 04:48:16.001, 3, 79622, 97871, 0, 150.67
2026/10/09 04:48:17.002, 0, 82711, 97871, 0, 137.02
2026/10/09 04:48:17.002, 1, 82710, 97871, 0, 137.46
2026/10/09 04:48:17.002, 2, 78046, 97871, 0, 169.15
2026/10/09 04:48:17.002, 3, 82748, 97871, 0, 166.67
2026/10/09 04:48:18.002, 0, 82711, 97871, 0, 136.87
2026/10/09 04:48:18.002, 1, 82710, 97871, 0, 129.07
2026/10/09 04:48:18.002, 2, 78046, 97871, 0, 139.69
2026/10/09 04:48:18.002, 3, 82748, 97871, 0, 135.04
2026/10/09 04:48:19.002, 0, 82711, 97871, 0, 137.00
2026/10/09 04:48:19.002, 1, 82710, 97871, 0, 141.52
2026/10/09 04:48:19.002, 2, 78572, 97871, 0, 140.01
2026/10/09 04:48:19.002, 3, 82748, 97871, 0, 135.08
2026/10/09 04:48:20.002, 0, 82711, 97871, 0, 136.86
2026/10/09 04:48:20.002, 1, 82710, 97871, 0, 131.05
2026/10/09 04:48:20.002, 2, 79616, 97871, 0, 146.11
2026/10/09 04:48:20.003, 3, 82748, 97871, 0, 135.02
2026/10/09 04:48:21.003, 0, 82711, 97871, 0, 136.90
2026/10/09 04:48:21.003, 1, 82710, 97871, 0, 130.74
2026/10/09 04:48:21.003, 2, 82742, 97871, 0, 181.99
2026/10/09 04:48:21.003, 3, 82752, 97871, 0, 143.24
2026/10/09 04:48:22.003, 0, 82711, 97871, 0, 136.87
2026/10/09 04:48:22.003, 1, 82710, 97871, 0, 130.57
2026/10/09 04:48:22.003, 2, 82742, 97871, 0, 139.42
2026/10/09 04:48:22.003, 3, 82752, 97871, 0, 135.20
2026/10/09 04:48:23.003, 0, 82711, 97871, 0, 136.61
2026/10/09 04:48:23.003, 1, 82710, 97871, 0, 130.43
2026/10/09 04:48:23.003, 2, 82742, 97871, 0, 139.14
2026/10/09 04:48:23.003, 3, 82752, 97871, 0, 137.10
2026/10/09 04:48:24.003, 0, 82711, 97871, 0, 136.79
2026/10/09 04:48:24.003, 1, 82710, 97871, 0, 130.39
2026/10/09 04:48:24.003, 2, 82742, 97871, 0, 139.26
2026/10/09 04:48:24.003, 3, 82752, 97871, 0, 145.62
2026/10/09 04:48:25.003, 0, 82711, 97871, 0, 136.57
2026/10/09 04:48:25.004, 1, 82710, 97871, 0, 130.36
2026/10/09 04:48:25.004, 2, 82746, 97871, 0, 147.19
2026/10/09 04:48:25.004, 3, 82752, 97871, 0, 136.12
2026/10/09 04:48:26.004, 0, 82711, 97871, 0, 136.70
2026/10/09 04:48:26.004, 1, 82710, 97871, 0, 130.32
2026/10/09 04:48:26.004, 2, 82746, 97871, 0, 139.59
2026/10/09 04:48:26.004, 3, 82752, 97871, 0, 135.88
2026/10/09 04:48:27.004, 0, 82711, 97871, 0, 136.61
2026/10/09 04:48:27.004, 1, 82710, 97871, 0, 130.35
2026/10/09 04:48:27.004, 2, 82746, 97871, 0, 140.16
2026/10/09 04:48:27.004, 3, 82752, 97871, 0, 135.90
2026/10/09 04:48:28.004, 0, 82711, 97871, 0, 136.72
2026/10/09 04:48:28.004, 1, 82710, 97871, 0, 130.29
2026/10/09 04:48:28.004, 2, 82746, 97871, 0, 151.52
2026/10/09 04:48:28.004, 3, 82752, 97871, 0, 135.90
2026/10/09 04:48:29.004, 0, 82711, 97871, 0, 136.74
2026/10/09 04:48:29.004, 1, 82710, 97871, 0, 130.33
2026/10/09 04:48:29.004, 2, 82746, 97871, 0, 141.65
2026/10/09 04:48:29.004, 3, 82752, 97871, 0, 135.83
2026/10/09 04:48:30.004, 0, 82711, 97871, 0, 136.61
2026/10/09 04:48:30.004, 1, 82710, 97871, 0, 130.21
2026/10/09 04:48:30.004, 2, 82746, 97871, 0, 141.68
2026/10/09 04:48:30.005, 3, 82752, 97871, 0, 135.81
2026/10/09 04:48:31.005, 0, 82711, 97871, 0, 136.47
2026/10/09 04:48:31.005, 1, 82710, 97871, 0, 130.33
2026/10/09 04:48:31.005, 2, 82746, 97871, 0, 141.55
2026/10/09 04:48:31.005, 3, 82752, 97871, 0, 135.78
2026/10/09 04:48:32.005, 0, 82711, 97871, 0, 136.65
2026/10/09 04:48:32.005, 1, 82710, 97871, 0, 130.33
2026/10/09 04:48:32.005, 2, 82746, 97871, 0, 141.57
2026/10/09 04:48:32.005, 3, 82752, 97871, 0, 135.80
2026/10/09 04:48:33.005, 0, 82711, 97871, 0, 136.60
2026/10/09 04:48:33.005, 1, 82710, 97871, 0, 130.22
2026/10/09 04:48:33.005, 2, 82746, 97871, 0, 141.26
2026/10/09 04:48:33.005, 3, 82752, 97871, 0, 135.84
2026/10/09 04:48:34.005, 0, 82711, 97871, 0, 136.64
2026/10/09 04:48:34.005, 1, 82710, 97871, 0, 130.25
2026/10/09 04:48:34.005, 2, 82746, 97871, 0, 140.97
2026/10/09 04:48:34.005, 3, 82752, 97871, 0, 135.92
2026/10/09 04:48:35.005, 0, 82711, 97871, 0, 136.76
2026/10/09 04:48:35.005, 1, 82710, 97871, 0, 130.43
2026/10/09 04:48:35.005, 2, 82746, 97871, 0, 140.99
2026/10/09 04:48:35.005, 3, 82752, 97871, 0, 135.85
2026/10/09 04:48:36.005, 0, 82711, 97871, 0, 136.82
2026/10/09 04:48:36.005, 1, 82710, 97871, 0, 130.41
2026/10/09 04:48:36.005, 2, 82746, 97871, 0, 140.84
2026/10/09 04:48:36.006, 3, 82752, 97871, 0, 135.83
2026/10/09 04:48:37.006, 0, 82711, 97871, 0, 136.64
2026/10/09 04:48:37.006, 1, 82710, 97871, 0, 130.32
2026/10/09 04:48:37.006, 2, 82746, 97871, 0, 140.80
2026/10/09 04:48:37.006, 3, 82752, 97871, 0, 135.86
2026/10/09 04:48:38.006, 0, 82711, 97871, 0, 136.62
2026/10/09 04:48:38.006, 1, 82710, 97871, 0, 130.34
2026/10/09 04:48:38.006, 2, 82746, 97871, 0, 140.99
2026/10/09 04:48:38.006, 3, 82752, 97871, 0, 135.97
2026/10/09 04:48:39.006, 0, 82711, 97871, 0, 136.79
2026/10/09 04:48:39.006, 1, 82710, 97871, 0, 130.30
2026/10/09 04:48:39.006, 2, 82746, 97871, 0, 140.11
2026/10/09 04:48:39.006, 3, 82752, 97871, 0, 136.09
2026/10/09 04:48:40.006, 0, 82711, 97871, 0, 136.60
2026/10/09 04:48:40.006, 1, 82710, 97871, 0, 130.18
2026/10/09 04:48:40.006, 2, 82746, 97871, 0, 140.05
2026/10/09 04:48:40.006, 3, 82752, 97871, 0, 136.17
2026/10/09 04:48:41.006, 0, 82711, 97871, 0, 136.73
2026/10/09 04:48:41.007, 1, 82710, 97871, 0, 130.33
2026/10/09 04:48:41.007, 2, 82746, 97871, 0, 140.23
2026/10/09 04:48:41.007, 3, 82752, 97871, 0, 136.15
2026/10/09 04:48:42.007, 0, 82711, 97871, 0, 136.54
2026/10/09 04:48:42.007, 1, 82710, 97871, 0, 130.13
2026/10/09 04:48:42.007, 2, 82746, 97871, 0, 140.08
2026/10/09 04:48:42.007, 3, 82752, 97871, 0, 135.75
2026/10/09 04:48:43.007, 0, 82711, 97871, 0, 144.80
2026/10/09 04:48:43.007, 1, 82710, 97871, 0, 130.14
2026/10/09 04:48:43.007, 2, 82746, 97871, 0, 140.05
2026/10/09 04:48:43.007, 3, 82752, 97871, 0, 135.54
2026/10/09 04:48:44.007, 0, 82711, 97871, 0, 136.38
2026/10/09 04:48:44.007, 1, 82710, 97871, 0, 129.88
2026/10/09 04:48:44.007, 2, 82746, 97871, 0, 140.03
2026/10/09 04:48:44.007, 3, 82752, 97871, 0, 135.56
2026/10/09 04:48:45.007, 0, 82711, 97871, 0, 136.50
2026/10/09 04:48:45.007, 1, 82710, 97871, 0, 130.12
2026/10/09 04:48:45.007, 2, 82746, 97871, 0, 140.08
2026/10/09 04:48:45.007, 3, 82752, 97871, 0, 135.47
2026/10/09 04:48:46.007, 0, 82711, 97871, 0, 136.44
2026/10/09 04:48:46.007, 1, 82710, 97871, 0, 130.25
2026/10/09 04:48:46.007, 2, 82746, 97871, 0, 140.07
2026/10/09 04:48:46.008, 3, 82752, 97871, 0, 135.63
2026/10/09 04:48:47.008, 0, 82711, 97871, 0, 136.77
2026/10/09 04:48:47.008, 1, 82710, 97871, 0, 130.33
2026/10/09 04:48:47.008, 2, 82746, 97871, 0, 140.28
2026/10/09 04:48:47.008, 3, 82752, 97871, 0, 135.68
2026/10/09 04:48:48.008, 0, 82711, 97871, 0, 136.68
2026/10/09 04:48:48.008, 1, 82710, 97871, 0, 137.95
2026/10/09 04:48:48.008, 2, 82746, 97871, 0, 140.21
2026/10/09 04:48:48.008, 3, 82752, 97871, 0, 135.43
2026/10/09 04:48:49.008, 0, 82711, 97871, 0, 136.49
2026/10/09 04:48:49.008, 1, 82710, 97871, 0, 130.71
2026/10/09 04:48:49.008, 2, 82746, 97871, 0, 140.39
2026/10/09 04:48:49.008, 3, 82752, 97871, 0, 135.36
2026/10/09 04:48:50.008, 0, 82711, 97871, 0, 136.80
2026/10/09 04:48:50.009, 1, 82710, 97871, 0, 130.71
2026/10/09 04:48:50.009, 2, 82746, 97871, 0, 140.65
2026/10/09 04:48:50.009, 3, 82752, 97871, 0, 135.51
2026/10/09 04:48:51.009, 0, 82711, 97871, 0, 136.61
2026/10/09 04:48:51.009, 1, 82710, 97871, 0, 130.58
2026/10/09 04:48:51.009, 2, 82746, 97871, 0, 140.47
2026/10/09 04:48:51.009, 3, 82752, 97871, 0, 134.70
2026/10/09 04:48:52.009, 0, 82711, 97871, 0, 136.51
2026/10/09 04:48:52.009, 1, 82710, 97871, 0, 130.44
2026/10/09 04:48:52.009, 2, 82746, 97871, 0, 140.49
2026/10/09 04:48:52.009, 3, 82752, 97871, 0, 134.24
2026/10/09 04:48:53.010, 0, 82711, 97871, 0, 136.54
2026/10/09 04:48:53.010, 1, 82710, 97871, 0, 130.61
2026/10/09 04:48:53.010, 2, 82746, 97871, 0, 140.49
2026/10/09 04:48:53.010, 3, 82752, 97871, 0, 133.75
2026/10/09 04:48:54.010, 0, 82711, 97871, 0, 136.58
2026/10/09 04:48:54.010, 1, 82710, 97871, 0, 130.41
2026/10/09 04:48:54.010, 2, 82746, 97871, 0, 140.34
2026/10/09 04:48:54.010, 3, 82752, 97871, 0, 133.90
2026/10/09 04:48:55.010, 0, 82711, 97871, 0, 136.50
2026/10/09 04:48:55.010, 1, 82710, 97871, 0, 130.22
2026/10/09 04:48:55.010, 2, 82746, 97871, 0, 140.37
2026/10/09 04:48:55.010, 3, 82752, 97871, 0, 133.79
2026/10/09 04:48:56.010, 0, 82711, 97871, 0, 136.44
2026/10/09 04:48:56.011, 1, 82710, 97871, 0, 129.82
2026/10/09 04:48:56.011, 2, 82746, 97871, 0, 140.30
2026/10/09 04:48:56.011, 3, 82752, 97871, 0, 133.21
2026/10/09 04:48:57.011, 0, 82711, 97871, 0, 136.43
2026/10/09 04:48:57.011, 1, 82710, 97871, 0, 129.83
2026/10/09 04:48:57.011, 2, 82746, 97871, 0, 140.21
2026/10/09 04:48:57.011, 3, 82752, 97871, 0, 133.39
2026/10/09 04:48:58.011, 0, 82711, 97871, 0, 136.55
2026/10/09 04:48:58.011, 1, 82710, 97871, 0, 129.87
2026/10/09 04:48:58.011, 2, 82746, 97871, 0, 147.88
2026/10/09 04:48:58.011, 3, 82752, 97871, 0, 142.03
2026/10/09 04:48:59.011, 0, 82711, 97871, 0, 136.59
2026/10/09 04:48:59.011, 1, 82710, 97871, 0, 130.08
2026/10/09 04:48:59.011, 2, 82746, 97871, 0, 140.49
2026/10/09 04:48:59.011, 3, 82752, 97871, 0, 134.35
2026/10/09 04:49:00.011, 0, 82711, 97871, 0, 136.54
2026/10/09 04:49:00.011, 1, 82710, 97871, 0, 129.93
2026/10/09 04:49:00.011, 2, 82746, 97871, 0, 140.49
2026/10/09 04:49:00.011, 3, 82752, 97871, 0, 134.25
2026/10/09 04:49:01.011, 0, 82711, 97871, 0, 136.68
2026/10/09 04:49:01.012, 1, 82710, 97871, 0, 129.84
2026/10/09 04:49:01.012, 2, 82746, 97871, 0, 140.37
2026/10/09 04:49:01.012, 3, 82752, 97871, 0, 134.16
2026/10/09 04:49:02.012, 0, 82711, 97871, 0, 136.54
2026/10/09 04:49:02.012, 1, 82710, 97871, 0, 129.83
2026/10/09 04:49:02.012, 2, 82746, 97871, 0, 140.34
2026/10/09 04:49:02.012, 3, 82752, 97871, 0, 134.27
2026/10/09 04:49:03.012, 0, 82711, 97871, 0, 139.63
2026/10/09 04:49:03.012, 1, 82710, 97871, 0, 129.83
2026/10/09 04:49:03.012, 2, 82746, 97871, 0, 140.43
2026/10/09 04:49:03.012, 3, 82752, 97871, 0, 134.39
2026/10/09 04:49:04.012, 0, 82711, 97871, 36, 163.07
2026/10/09 04:49:04.012, 1, 82710, 97871, 0, 168.48
2026/10/09 04:49:04.012, 2, 82746, 97871, 0, 150.96
2026/10/09 04:49:04.012, 3, 82752, 97871, 0, 144.38
2026/10/09 04:49:05.012, 0, 82711, 97871, 0, 140.00
2026/10/09 04:49:05.012, 1, 82710, 97871, 0, 181.20
2026/10/09 04:49:05.012, 2, 82746, 97871, 0, 183.88
2026/10/09 04:49:05.012, 3, 82760, 97871, 2, 143.27
2026/10/09 04:49:06.013, 0, 82711, 97871, 0, 190.58
2026/10/09 04:49:06.013, 1, 82710, 97871, 0, 161.18
2026/10/09 04:49:06.013, 2, 82746, 97871, 19, 226.25
2026/10/09 04:49:06.013, 3, 82760, 97871, 91, 371.69
2026/10/09 04:49:07.013, 0, 82711, 97871, 0, 202.27
2026/10/09 04:49:07.013, 1, 82710, 97871, 0, 182.76
2026/10/09 04:49:07.013, 2, 82746, 97871, 0, 169.43
2026/10/09 04:49:07.013, 3, 82760, 97871, 100, 477.82
2026/10/09 04:49:08.013, 0, 82711, 97871, 0, 244.22
2026/10/09 04:49:08.013, 1, 82710, 97871, 57, 234.51
2026/10/09 04:49:08.013, 2, 82746, 97871, 98, 251.50
2026/10/09 04:49:08.013, 3, 82760, 97871, 90, 409.71
2026/10/09 04:49:09.013, 0, 82711, 97871, 0, 229.57
2026/10/09 04:49:09.013, 1, 82710, 97871, 0, 178.97
2026/10/09 04:49:09.013, 2, 82746, 97871, 0, 176.65
2026/10/09 04:49:09.013, 3, 82760, 97871, 100, 448.48
2026/10/09 04:49:10.013, 0, 82711, 97871, 0, 168.62
2026/10/09 04:49:10.014, 1, 82710, 97871, 0, 200.01
2026/10/09 04:49:10.014, 2, 82746, 97871, 0, 179.20
2026/10/09 04:49:10.014, 3, 82760, 97871, 100, 485.34
2026/10/09 04:49:11.014, 0, 82711, 97871, 60, 225.85
2026/10/09 04:49:11.014, 1, 82710, 97871, 5, 246.33
2026/10/09 04:49:11.014, 2, 82746, 97871, 60, 211.55
2026/10/09 04:49:11.014, 3, 82760, 97871, 100, 450.51
2026/10/09 04:49:12.014, 0, 82711, 97871, 0, 234.96
2026/10/09 04:49:12.014, 1, 82710, 97871, 0, 162.82
2026/10/09 04:49:12.014, 2, 82746, 97871, 0, 234.46
2026/10/09 04:49:12.014, 3, 82760, 97871, 100, 426.37
2026/10/09 04:49:13.014, 0, 82711, 97871, 0, 193.64
2026/10/09 04:49:13.014, 1, 82710, 97871, 0, 231.65
2026/10/09 04:49:13.014, 2, 82746, 97871, 0, 172.22
2026/10/09 04:49:13.014, 3, 82760, 97871, 100, 470.53
2026/10/09 04:49:14.014, 0, 82711, 97871, 0, 222.90
2026/10/09 04:49:14.014, 1, 82710, 97871, 0, 199.60
2026/10/09 04:49:14.014, 2, 82746, 97871, 0, 246.19
2026/10/09 04:49:14.014, 3, 82760, 97871, 100, 441.66
2026/10/09 04:49:15.014, 0, 82711, 97871, 0, 179.92
2026/10/09 04:49:15.015, 1, 82710, 97871, 0, 165.33
2026/10/09 04:49:15.015, 2, 82746, 97871, 21, 218.82
2026/10/09 04:49:15.015, 3, 82760, 97871, 100, 475.64
2026/10/09 04:49:16.015, 0, 82711, 97871, 0, 260.38
2026/10/09 04:49:16.015, 1, 82710, 97871, 0, 204.31
2026/10/09 04:49:16.015, 2, 82746, 97871, 26, 212.08
2026/10/09 04:49:16.015, 3, 82760, 97871, 100, 429.75
2026/10/09 04:49:17.015, 0, 82711, 97871, 0, 159.76
2026/10/09 04:49:17.015, 1, 82710, 97871, 0, 167.88
2026/10/09 04:49:17.015, 2, 82746, 97871, 0, 140.40
2026/10/09 04:49:17.015, 3, 82760, 97871, 100, 491.21
2026/10/09 04:49:18.015, 0, 82711, 97871, 0, 162.92
2026/10/09 04:49:18.015, 1, 82710, 97871, 24, 164.66
2026/10/09 04:49:18.015, 2, 82746, 97871, 2, 214.99
2026/10/09 04:49:18.015, 3, 82760, 97871, 100, 475.77
2026/10/09 04:49:19.015, 0, 82711, 97871, 0, 169.00
2026/10/09 04:49:19.015, 1, 82710, 97871, 0, 164.87
2026/10/09 04:49:19.015, 2, 82746, 97871, 59, 171.47
2026/10/09 04:49:19.015, 3, 82760, 97871, 100, 492.45
2026/10/09 04:49:20.015, 0, 82711, 97871, 0, 176.78
2026/10/09 04:49:20.015, 1, 82710, 97871, 43, 173.16
2026/10/09 04:49:20.016, 2, 82746, 97871, 0, 139.88
2026/10/09 04:49:20.016, 3, 82760, 97871, 100, 496.93
2026/10/09 04:49:21.016, 0, 82711, 97871, 0, 167.00
2026/10/09 04:49:21.016, 1, 82710, 97871, 17, 160.48
2026/10/09 04:49:21.016, 2, 82746, 97871, 0, 182.62
2026/10/09 04:49:21.016, 3, 82760, 97871, 100, 494.74
2026/10/09 04:49:22.016, 0, 82711, 97871, 0, 185.26
2026/10/09 04:49:22.016, 1, 82710, 97871, 0, 166.62
2026/10/09 04:49:22.016, 2, 82746, 97871, 0, 182.30
2026/10/09 04:49:22.016, 3, 82760, 97871, 100, 481.52
2026/10/09 04:49:23.016, 0, 82711, 97871, 0, 171.81
2026/10/09 04:49:23.016, 1, 82710, 97871, 0, 163.58
2026/10/09 04:49:23.016, 2, 82746, 97871, 68, 221.35
2026/10/09 04:49:23.016, 3, 82760, 97871, 94, 478.51
2026/10/09 04:49:24.016, 0, 82711, 97871, 0, 169.73
2026/10/09 04:49:24.016, 1, 82710, 97871, 0, 171.01
2026/10/09 04:49:24.016, 2, 82746, 97871, 0, 140.21
2026/10/09 04:49:24.016, 3, 82760, 97871, 100, 495.38
2026/10/09 04:49:25.016, 0, 82711, 97871, 0, 180.04
2026/10/09 04:49:25.016, 1, 82710, 97871, 0, 164.26
2026/10/09 04:49:25.016, 2, 82746, 97871, 0, 172.06
2026/10/09 04:49:25.016, 3, 82760, 97871, 100, 487.11
2026/10/09 04:49:26.017, 0, 82711, 97871, 0, 167.33
2026/10/09 04:49:26.017, 1, 82710, 97871, 0, 173.34
2026/10/09 04:49:26.017, 2, 82746, 97871, 0, 208.64
2026/10/09 04:49:26.017, 3, 82760, 97871, 100, 475.87
2026/10/09 04:49:27.017, 0, 82711, 97871, 0, 212.17
2026/10/09 04:49:27.017, 1, 82710, 97871, 0, 172.65
2026/10/09 04:49:27.017, 2, 82746, 97871, 0, 179.57
2026/10/09 04:49:27.017, 3, 82760, 97871, 100, 478.22
2026/10/09 04:49:28.017, 0, 82711, 97871, 0, 175.01
2026/10/09 04:49:28.017, 1, 82710, 97871, 0, 208.79
2026/10/09 04:49:28.017, 2, 82746, 97871, 0, 170.68
2026/10/09 04:49:28.017, 3, 82760, 97871, 100, 480.73
2026/10/09 04:49:29.017, 0, 82711, 97871, 0, 175.65
2026/10/09 04:49:29.017, 1, 82710, 97871, 58, 162.64
2026/10/09 04:49:29.017, 2, 82746, 97871, 0, 191.47
2026/10/09 04:49:29.017, 3, 82760, 97871, 100, 492.14
2026/10/09 04:49:30.017, 0, 82711, 97871, 0, 176.72
2026/10/09 04:49:30.017, 1, 82710, 97871, 51, 159.63
2026/10/09 04:49:30.017, 2, 82746, 97871, 0, 168.55
2026/10/09 04:49:30.017, 3, 82760, 97871, 100, 488.87
2026/10/09 04:49:31.017, 0, 82711, 97871, 0, 170.16
2026/10/09 04:49:31.017, 1, 82710, 97871, 0, 161.39
2026/10/09 04:49:31.017, 2, 82746, 97871, 75, 218.18
2026/10/09 04:49:31.018, 3, 82760, 97871, 95, 475.51
2026/10/09 04:49:32.018, 0, 82711, 97871, 0, 174.13
2026/10/09 04:49:32.018, 1, 82710, 97871, 0, 164.44
2026/10/09 04:49:32.018, 2, 82746, 97871, 0, 173.76
2026/10/09 04:49:32.018, 3, 82760, 97871, 100, 487.77
2026/10/09 04:49:33.018, 0, 82711, 97871, 51, 211.15
2026/10/09 04:49:33.018, 1, 82710, 97871, 0, 161.91
2026/10/09 04:49:33.018, 2, 82746, 97871, 0, 172.79
2026/10/09 04:49:33.018, 3, 82760, 97871, 100, 486.55
2026/10/09 04:49:34.018, 0, 82711, 97871, 0, 137.06
2026/10/09 04:49:34.018, 1, 82710, 97871, 0, 168.85
2026/10/09 04:49:34.018, 2, 82746, 97871, 0, 140.59
2026/10/09 04:49:34.018, 3, 82760, 97871, 100, 511.83
2026/10/09 04:49:35.018, 0, 82711, 97871, 0, 169.02
2026/10/09 04:49:35.018, 1, 82710, 97871, 0, 158.89
2026/10/09 04:49:35.018, 2, 82746, 97871, 0, 173.73
2026/10/09 04:49:35.018, 3, 82760, 97871, 100, 492.87
2026/10/09 04:49:36.018, 0, 82711, 97871, 0, 169.69
2026/10/09 04:49:36.018, 1, 82710, 97871, 0, 170.47
2026/10/09 04:49:36.018, 2, 82746, 97871, 0, 211.99
2026/10/09 04:49:36.018, 3, 82760, 97871, 100, 481.00
2026/10/09 04:49:37.019, 0, 82711, 97871, 0, 180.81
2026/10/09 04:49:37.019, 1, 82710, 97871, 0, 161.18
2026/10/09 04:49:37.019, 2, 82746, 97871, 0, 171.68
2026/10/09 04:49:37.019, 3, 82760, 97871, 100, 487.59
2026/10/09 04:49:38.019, 0, 82711, 97871, 0, 169.85
2026/10/09 04:49:38.019, 1, 82710, 97871, 0, 165.60
2026/10/09 04:49:38.019, 2, 82746, 97871, 60, 174.99
2026/10/09 04:49:38.019, 3, 82760, 97871, 94, 487.41
2026/10/09 04:49:39.019, 0, 82711, 97871, 0, 172.20
2026/10/09 04:49:39.019, 1, 82710, 97871, 0, 165.69
2026/10/09 04:49:39.019, 2, 82746, 97871, 0, 139.83
2026/10/09 04:49:39.019, 3, 82760, 97871, 100, 503.70
2026/10/09 04:49:40.019, 0, 82711, 97871, 0, 176.01
2026/10/09 04:49:40.019, 1, 82710, 97871, 0, 129.21
2026/10/09 04:49:40.019, 2, 82746, 97871, 0, 179.62
2026/10/09 04:49:40.019, 3, 82760, 97871, 100, 479.93
2026/10/09 04:49:41.019, 0, 82711, 97871, 0, 136.94
2026/10/09 04:49:41.019, 1, 82710, 97871, 0, 156.56
2026/10/09 04:49:41.019, 2, 82746, 97871, 0, 139.64
2026/10/09 04:49:41.019, 3, 82760, 97871, 0, 420.99
2026/10/09 04:49:42.020, 0, 82711, 97871, 54, 493.09
2026/10/09 04:49:42.020, 1, 82710, 97871, 45, 490.89
2026/10/09 04:49:42.020, 2, 82746, 97871, 100, 549.09
2026/10/09 04:49:42.020, 3, 82760, 97871, 95, 267.73
2026/10/09 04:49:43.020, 0, 82711, 97871, 0, 139.67
2026/10/09 04:49:43.020, 1, 82710, 97871, 0, 131.98
2026/10/09 04:49:43.020, 2, 82746, 97871, 0, 152.25
2026/10/09 04:49:43.020, 3, 82760, 97871, 97, 337.80
2026/10/09 04:49:44.020, 0, 82711, 97871, 0, 138.22
2026/10/09 04:49:44.020, 1, 82710, 97871, 0, 129.95
2026/10/09 04:49:44.020, 2, 82746, 97871, 0, 140.51
2026/10/09 04:49:44.020, 3, 82760, 97871, 99, 490.77
2026/10/09 04:49:45.020, 0, 82711, 97871, 100, 465.55
2026/10/09 04:49:45.020, 1, 82710, 97871, 100, 461.30
2026/10/09 04:49:45.020, 2, 82746, 97871, 100, 449.80
2026/10/09 04:49:45.020, 3, 82760, 97871, 96, 300.77
2026/10/09 04:49:46.020, 0, 82711, 97871, 0, 221.61
2026/10/09 04:49:46.021, 1, 82710, 97871, 0, 204.63
2026/10/09 04:49:46.021, 2, 82746, 97871, 0, 182.47
2026/10/09 04:49:46.021, 3, 82760, 97871, 100, 260.45
2026/10/09 04:49:47.021, 0, 82711, 97871, 99, 322.66
2026/10/09 04:49:47.021, 1, 82710, 97871, 100, 322.17
2026/10/09 04:49:47.021, 2, 82746, 97871, 86, 312.73
2026/10/09 04:49:47.021, 3, 82760, 97871, 100, 436.11
2026/10/09 04:49:48.021, 0, 82711, 97871, 97, 376.29
2026/10/09 04:49:48.021, 1, 82710, 97871, 0, 358.28
2026/10/09 04:49:48.021, 2, 82746, 97871, 31, 346.86
2026/10/09 04:49:48.021, 3, 82760, 97871, 99, 361.32
2026/10/09 04:49:49.021, 0, 82711, 97871, 13, 260.38
2026/10/09 04:49:49.021, 1, 82710, 97871, 0, 306.84
2026/10/09 04:49:49.021, 2, 82746, 97871, 28, 284.57
2026/10/09 04:49:49.021, 3, 82760, 97871, 100, 463.50
2026/10/09 04:49:50.021, 0, 82711, 97871, 53, 272.01
2026/10/09 04:49:50.021, 1, 82710, 97871, 66, 248.36
2026/10/09 04:49:50.022, 2, 82746, 97871, 0, 248.81
2026/10/09 04:49:50.022, 3, 82760, 97871, 100, 473.29
2026/10/09 04:49:51.022, 0, 82711, 97871, 0, 254.53
2026/10/09 04:49:51.022, 1, 82710, 97871, 0, 238.88
2026/10/09 04:49:51.022, 2, 82746, 97871, 41, 281.99
2026/10/09 04:49:51.022, 3, 82760, 97871, 100, 484.08
2026/10/09 04:49:52.022, 0, 82711, 97871, 43, 323.89
2026/10/09 04:49:52.022, 1, 82710, 97871, 10, 291.32
2026/10/09 04:49:52.022, 2, 82746, 97871, 55, 307.98
2026/10/09 04:49:52.022, 3, 82760, 97871, 100, 418.03
2026/10/09 04:49:53.022, 0, 82711, 97871, 0, 239.70
2026/10/09 04:49:53.022, 1, 82710, 97871, 0, 269.45
2026/10/09 04:49:53.022, 2, 82746, 97871, 0, 238.23
2026/10/09 04:49:53.022, 3, 82760, 97871, 100, 486.43
2026/10/09 04:49:54.022, 0, 82711, 97871, 0, 241.20
2026/10/09 04:49:54.022, 1, 82710, 97871, 0, 205.23
2026/10/09 04:49:54.022, 2, 82746, 97871, 0, 216.26
2026/10/09 04:49:54.022, 3, 82760, 97871, 100, 477.83
2026/10/09 04:49:55.023, 0, 82711, 97871, 0, 137.73
2026/10/09 04:49:55.023, 1, 82710, 97871, 0, 130.14
2026/10/09 04:49:55.023, 2, 82746, 97871, 0, 141.63
2026/10/09 04:49:55.023, 3, 82760, 97871, 100, 512.82
2026/10/09 04:49:56.023, 0, 82711, 97871, 61, 232.69
2026/10/09 04:49:56.023, 1, 82710, 97871, 100, 244.56
2026/10/09 04:49:56.023, 2, 82746, 97871, 100, 234.28
2026/10/09 04:49:56.023, 3, 82760, 97871, 60, 380.66
2026/10/09 04:49:57.023, 0, 82711, 97871, 100, 558.24
2026/10/09 04:49:57.023, 1, 82710, 97871, 100, 532.64
2026/10/09 04:49:57.023, 2, 82746, 97871, 100, 533.85
2026/10/09 04:49:57.023, 3, 82760, 97871, 98, 235.80
2026/10/09 04:49:58.023, 0, 82711, 97871, 100, 556.47
2026/10/09 04:49:58.023, 1, 82710, 97871, 100, 531.32
2026/10/09 04:49:58.023, 2, 82746, 97871, 100, 534.80
2026/10/09 04:49:58.023, 3, 82760, 97871, 99, 165.30
2026/10/09 04:49:59.023, 0, 82711, 97871, 100, 556.64
2026/10/09 04:49:59.024, 1, 82710, 97871, 100, 531.18
2026/10/09 04:49:59.024, 2, 82746, 97871, 100, 532.25
2026/10/09 04:49:59.024, 3, 82760, 97871, 100, 167.64
2026/10/09 04:50:00.024, 0, 82711, 97871, 0, 228.52
2026/10/09 04:50:00.024, 1, 82710, 97871, 0, 157.89
2026/10/09 04:50:00.024, 2, 82746, 97871, 0, 214.68
2026/10/09 04:50:00.024, 3, 82760, 97871, 100, 146.57
2026/10/09 04:50:01.024, 0, 82711, 97871, 0, 139.36
2026/10/09 04:50:01.024, 1, 82710, 97871, 0, 133.11
2026/10/09 04:50:01.024, 2, 82746, 97871, 0, 143.93
2026/10/09 04:50:01.024, 3, 82760, 97871, 100, 354.18
2026/10/09 04:50:02.024, 0, 82711, 97871, 0, 137.57
2026/10/09 04:50:02.024, 1, 82710, 97871, 0, 130.66
2026/10/09 04:50:02.024, 2, 82746, 97871, 0, 140.58
2026/10/09 04:50:02.024, 3, 82760, 97871, 100, 538.99
2026/10/09 04:50:03.024, 0, 82711, 97871, 0, 137.37
2026/10/09 04:50:03.025, 1, 82710, 97871, 0, 130.22
2026/10/09 04:50:03.025, 2, 82746, 97871, 0, 140.32
2026/10/09 04:50:03.025, 3, 82760, 97871, 100, 537.06
2026/10/09 04:50:04.025, 0, 82711, 97871, 0, 137.18
2026/10/09 04:50:04.025, 1, 82710, 97871, 0, 130.18
2026/10/09 04:50:04.025, 2, 82746, 97871, 0, 140.08
2026/10/09 04:50:04.025, 3, 82760, 97871, 100, 533.09
2026/10/09 04:50:05.025, 0, 82711, 97871, 0, 137.25
2026/10/09 04:50:05.025, 1, 82710, 97871, 0, 130.07
2026/10/09 04:50:05.025, 2, 82746, 97871, 0, 139.95
2026/10/09 04:50:05.025, 3, 82760, 97871, 100, 530.95
2026/10/09 04:50:06.025, 0, 82711, 97871, 0, 137.14
2026/10/09 04:50:06.025, 1, 82710, 97871, 0, 129.89
2026/10/09 04:50:06.025, 2, 82746, 97871, 0, 139.89
2026/10/09 04:50:06.025, 3, 82760, 97871, 100, 528.09
2026/10/09 04:50:07.025, 0, 82711, 97871, 0, 137.08
2026/10/09 04:50:07.025, 1, 82710, 97871, 0, 129.87
2026/10/09 04:50:07.025, 2, 82746, 97871, 0, 139.94
2026/10/09 04:50:07.025, 3, 82760, 97871, 100, 528.25
2026/10/09 04:50:08.026, 0, 82711, 97871, 0, 137.13
2026/10/09 04:50:08.026, 1, 82710, 97871, 0, 129.76
2026/10/09 04:50:08.026, 2, 82746, 97871, 0, 139.87
2026/10/09 04:50:08.026, 3, 82760, 97871, 100, 528.59
2026/10/09 04:50:09.026, 0, 82711, 97871, 0, 137.24
2026/10/09 04:50:09.026, 1, 82710, 97871, 0, 129.82
2026/10/09 04:50:09.026, 2, 82746, 97871, 0, 139.93
2026/10/09 04:50:09.026, 3, 82760, 97871, 100, 531.53
2026/10/09 04:50:10.026, 0, 82711, 97871, 0, 137.85
2026/10/09 04:50:10.026, 1, 82710, 97871, 0, 129.77
2026/10/09 04:50:10.026, 2, 82746, 97871, 0, 139.84
2026/10/09 04:50:10.026, 3, 82760, 97871, 100, 520.60
2026/10/09 04:50:11.026, 0, 82711, 97871, 0, 137.23
2026/10/09 04:50:11.026, 1, 82710, 97871, 0, 129.71
2026/10/09 04:50:11.026, 2, 82746, 97871, 0, 139.66
2026/10/09 04:50:11.026, 3, 82760, 97871, 100, 532.56
2026/10/09 04:50:12.027, 0, 82711, 97871, 0, 137.07
2026/10/09 04:50:12.027, 1, 82710, 97871, 0, 129.50
2026/10/09 04:50:12.027, 2, 82746, 97871, 0, 139.73
2026/10/09 04:50:12.027, 3, 82760, 97871, 100, 530.95
2026/10/09 04:50:13.027, 0, 82711, 97871, 0, 137.28
2026/10/09 04:50:13.027, 1, 82710, 97871, 0, 129.60
2026/10/09 04:50:13.027, 2, 82746, 97871, 0, 139.61
2026/10/09 04:50:13.027, 3, 82760, 97871, 100, 532.71
2026/10/09 04:50:14.027, 0, 82711, 97871, 0, 137.42
2026/10/09 04:50:14.027, 1, 82710, 97871, 0, 129.61
2026/10/09 04:50:14.027, 2, 82746, 97871, 0, 139.68
2026/10/09 04:50:14.027, 3, 82760, 97871, 100, 530.50
2026/10/09 04:50:15.027, 0, 82711, 97871, 0, 137.23
2026/10/09 04:50:15.027, 1, 82710, 97871, 0, 129.67
2026/10/09 04:50:15.027, 2, 82746, 97871, 0, 139.70
2026/10/09 04:50:15.027, 3, 82760, 97871, 100, 530.36
2026/10/09 04:50:16.027, 0, 82711, 97871, 0, 137.28
2026/10/09 04:50:16.027, 1, 82710, 97871, 0, 129.66
2026/10/09 04:50:16.027, 2, 82746, 97871, 0, 139.57
2026/10/09 04:50:16.028, 3, 82760, 97871, 100, 530.90
2026/10/09 04:50:17.028, 0, 82711, 97871, 0, 137.22
2026/10/09 04:50:17.028, 1, 82710, 97871, 0, 129.49
2026/10/09 04:50:17.028, 2, 82746, 97871, 0, 139.63
2026/10/09 04:50:17.028, 3, 82760, 97871, 100, 526.67
2026/10/09 04:50:18.028, 0, 82711, 97871, 0, 137.09
2026/10/09 04:50:18.028, 1, 82710, 97871, 0, 129.66
2026/10/09 04:50:18.028, 2, 82746, 97871, 0, 139.54
2026/10/09 04:50:18.028, 3, 82760, 97871, 100, 528.38
2026/10/09 04:50:19.028, 0, 82711, 97871, 0, 137.20
2026/10/09 04:50:19.028, 1, 82710, 97871, 0, 129.68
2026/10/09 04:50:19.028, 2, 82746, 97871, 0, 139.59
2026/10/09 04:50:19.028, 3, 82760, 97871, 100, 529.34
2026/10/09 04:50:20.028, 0, 82711, 97871, 0, 137.13
2026/10/09 04:50:20.028, 1, 82710, 97871, 0, 130.04
2026/10/09 04:50:20.028, 2, 82746, 97871, 0, 139.76
2026/10/09 04:50:20.028, 3, 82760, 97871, 100, 524.86
2026/10/09 04:50:21.029, 0, 82711, 97871, 0, 137.20
2026/10/09 04:50:21.029, 1, 82710, 97871, 0, 130.21
2026/10/09 04:50:21.029, 2, 82746, 97871, 0, 139.80
2026/10/09 04:50:21.029, 3, 82760, 97871, 93, 497.48
2026/10/09 04:50:22.029, 0, 82711, 97871, 0, 137.10
2026/10/09 04:50:22.029, 1, 82710, 97871, 0, 130.12
2026/10/09 04:50:22.029, 2, 82746, 97871, 0, 139.76
2026/10/09 04:50:22.029, 3, 82760, 97871, 99, 498.65
2026/10/09 04:50:23.029, 0, 82711, 97871, 0, 137.08
2026/10/09 04:50:23.029, 1, 82710, 97871, 0, 130.08
2026/10/09 04:50:23.029, 2, 82746, 97871, 0, 139.76
2026/10/09 04:50:23.029, 3, 82760, 97871, 100, 503.22
2026/10/09 04:50:24.029, 0, 82711, 97871, 0, 137.11
2026/10/09 04:50:24.029, 1, 82710, 97871, 0, 129.76
2026/10/09 04:50:24.029, 2, 82746, 97871, 0, 139.77
2026/10/09 04:50:24.029, 3, 82762, 97871, 99, 505.19
2026/10/09 04:50:25.029, 0, 82711, 97871, 0, 137.01
2026/10/09 04:50:25.030, 1, 82710, 97871, 0, 129.57
2026/10/09 04:50:25.030, 2, 82746, 97871, 0, 139.58
2026/10/09 04:50:25.030, 3, 82762, 97871, 100, 491.17
2026/10/09 04:50:26.030, 0, 82711, 97871, 100, 519.70
2026/10/09 04:50:26.030, 1, 82710, 97871, 100, 503.88
2026/10/09 04:50:26.030, 2, 82746, 97871, 100, 509.75
2026/10/09 04:50:26.030, 3, 82762, 97871, 98, 225.43
2026/10/09 04:50:27.030, 0, 82711, 97871, 100, 554.46
2026/10/09 04:50:27.030, 1, 82710, 97871, 100, 538.20
2026/10/09 04:50:27.030, 2, 82746, 97871, 100, 534.27
2026/10/09 04:50:27.030, 3, 82762, 97871, 96, 156.78
2026/10/09 04:50:28.030, 0, 82711, 97871, 100, 555.78
2026/10/09 04:50:28.030, 1, 82710, 97871, 100, 528.76
2026/10/09 04:50:28.030, 2, 82746, 97871, 100, 533.10
2026/10/09 04:50:28.030, 3, 82762, 97871, 100, 161.90
2026/10/09 04:50:29.031, 0, 82711, 97871, 0, 296.19
2026/10/09 04:50:29.031, 1, 82710, 97871, 0, 320.63
2026/10/09 04:50:29.031, 2, 82746, 97871, 0, 341.78
2026/10/09 04:50:29.031, 3, 82762, 97871, 99, 157.62
2026/10/09 04:50:30.031, 0, 82711, 97871, 0, 140.98
2026/10/09 04:50:30.031, 1, 82710, 97871, 0, 134.50
2026/10/09 04:50:30.031, 2, 82746, 97871, 0, 144.65
2026/10/09 04:50:30.031, 3, 82762, 97871, 100, 179.88
2026/10/09 04:50:31.031, 0, 82711, 97871, 0, 137.79
2026/10/09 04:50:31.031, 1, 82710, 97871, 0, 131.50
2026/10/09 04:50:31.031, 2, 82746, 97871, 0, 140.66
2026/10/09 04:50:31.031, 3, 82762, 97871, 100, 525.56
2026/10/09 04:50:32.031, 0, 82711, 97871, 0, 137.70
2026/10/09 04:50:32.031, 1, 82710, 97871, 0, 130.85
2026/10/09 04:50:32.031, 2, 82746, 97871, 0, 140.26
2026/10/09 04:50:32.031, 3, 82762, 97871, 100, 536.19
2026/10/09 04:50:33.032, 0, 82711, 97871, 0, 137.64
2026/10/09 04:50:33.032, 1, 82710, 97871, 0, 130.70
2026/10/09 04:50:33.032, 2, 82746, 97871, 0, 140.18
2026/10/09 04:50:33.032, 3, 82762, 97871, 100, 529.75
2026/10/09 04:50:34.032, 0, 82711, 97871, 0, 137.42
2026/10/09 04:50:34.032, 1, 82710, 97871, 0, 130.76
2026/10/09 04:50:34.032, 2, 82746, 97871, 0, 139.93
2026/10/09 04:50:34.032, 3, 82762, 97871, 100, 533.57
2026/10/09 04:50:35.032, 0, 82711, 97871, 0, 137.39
2026/10/09 04:50:35.032, 1, 82710, 97871, 0, 130.31
2026/10/09 04:50:35.032, 2, 82746, 97871, 0, 139.94
2026/10/09 04:50:35.032, 3, 82762, 97871, 100, 531.38
2026/10/09 04:50:36.032, 0, 82711, 97871, 0, 137.43
2026/10/09 04:50:36.032, 1, 82710, 97871, 0, 130.48
2026/10/09 04:50:36.032, 2, 82746, 97871, 0, 139.87
2026/10/09 04:50:36.032, 3, 82762, 97871, 100, 532.72
2026/10/09 04:50:37.032, 0, 82711, 97871, 0, 137.34
2026/10/09 04:50:37.033, 1, 82710, 97871, 0, 130.43
2026/10/09 04:50:37.033, 2, 82746, 97871, 0, 139.90
2026/10/09 04:50:37.033, 3, 82762, 97871, 100, 528.53
2026/10/09 04:50:38.033, 0, 82711, 97871, 0, 137.51
2026/10/09 04:50:38.033, 1, 82710, 97871, 0, 130.13
2026/10/09 04:50:38.033, 2, 82746, 97871, 0, 140.03
2026/10/09 04:50:38.033, 3, 82762, 97871, 100, 527.38
2026/10/09 04:50:39.033, 0, 82711, 97871, 0, 137.29
2026/10/09 04:50:39.033, 1, 82710, 97871, 0, 129.90
2026/10/09 04:50:39.033, 2, 82746, 97871, 0, 139.90
2026/10/09 04:50:39.033, 3, 82762, 97871, 100, 528.71
2026/10/09 04:50:40.033, 0, 82711, 97871, 65, 171.10
2026/10/09 04:50:40.033, 1, 82710, 97871, 0, 129.90
2026/10/09 04:50:40.033, 2, 82746, 97871, 0, 139.79
2026/10/09 04:50:40.033, 3, 82762, 97871, 100, 520.56
2026/10/09 04:50:41.033, 0, 82711, 97871, 0, 137.71
2026/10/09 04:50:41.034, 1, 82710, 97871, 0, 163.42
2026/10/09 04:50:41.034, 2, 82746, 97871, 0, 139.98
2026/10/09 04:50:41.034, 3, 82762, 97871, 100, 529.91
2026/10/09 04:50:42.034, 0, 82711, 97871, 0, 137.55
2026/10/09 04:50:42.034, 1, 82710, 97871, 0, 130.67
2026/10/09 04:50:42.034, 2, 82746, 97871, 0, 178.72
2026/10/09 04:50:42.034, 3, 82762, 97871, 100, 530.97
2026/10/09 04:50:43.034, 0, 82711, 97871, 0, 180.49
2026/10/09 04:50:43.034, 1, 82710, 97871, 0, 130.59
2026/10/09 04:50:43.034, 2, 82746, 97871, 0, 140.02
2026/10/09 04:50:43.034, 3, 82762, 97871, 100, 527.04
2026/10/09 04:50:44.034, 0, 82711, 97871, 0, 154.05
2026/10/09 04:50:44.034, 1, 82710, 97871, 0, 158.29
2026/10/09 04:50:44.034, 2, 82746, 97871, 0, 139.99
2026/10/09 04:50:44.034, 3, 82762, 97871, 100, 531.52
2026/10/09 04:50:45.034, 0, 82711, 97871, 0, 138.23
2026/10/09 04:50:45.035, 1, 82710, 97871, 0, 131.03
2026/10/09 04:50:45.035, 2, 82746, 97871, 0, 176.30
2026/10/09 04:50:45.035, 3, 82762, 97871, 100, 523.59
2026/10/09 04:50:46.035, 0, 82711, 97871, 0, 210.82
2026/10/09 04:50:46.035, 1, 82710, 97871, 5, 192.12
2026/10/09 04:50:46.035, 2, 82746, 97871, 62, 223.03
2026/10/09 04:50:46.035, 3, 82762, 97871, 100, 523.73
2026/10/09 04:50:47.035, 0, 82711, 97871, 53, 213.96
2026/10/09 04:50:47.035, 1, 82710, 97871, 82, 209.33
2026/10/09 04:50:47.035, 2, 82746, 97871, 0, 170.31
2026/10/09 04:50:47.035, 3, 82762, 97871, 100, 526.83
2026/10/09 04:50:48.035, 0, 82711, 97871, 0, 139.51
2026/10/09 04:50:48.035, 1, 82710, 97871, 0, 130.66
2026/10/09 04:50:48.035, 2, 82746, 97871, 0, 141.99
2026/10/09 04:50:48.035, 3, 82762, 97871, 100, 441.40
2026/10/09 04:50:49.036, 0, 82711, 97871, 53, 329.70
2026/10/09 04:50:49.036, 1, 82710, 97871, 82, 343.13
2026/10/09 04:50:49.036, 2, 82746, 97871, 45, 352.89
2026/10/09 04:50:49.036, 3, 82762, 97871, 100, 398.08
2026/10/09 04:50:50.036, 0, 82711, 97871, 0, 318.85
2026/10/09 04:50:50.036, 1, 82710, 97871, 0, 347.70
2026/10/09 04:50:50.036, 2, 82746, 97871, 70, 332.99
2026/10/09 04:50:50.036, 3, 82762, 97871, 100, 424.60
2026/10/09 04:50:51.036, 0, 82711, 97871, 0, 235.89
2026/10/09 04:50:51.036, 1, 82710, 97871, 0, 198.45
2026/10/09 04:50:51.036, 2, 82746, 97871, 0, 183.61
2026/10/09 04:50:51.036, 3, 82762, 97871, 99, 479.31
2026/10/09 04:50:52.036, 0, 82711, 97871, 0, 138.33
2026/10/09 04:50:52.037, 1, 82710, 97871, 0, 130.94
2026/10/09 04:50:52.037, 2, 82746, 97871, 0, 140.98
2026/10/09 04:50:52.037, 3, 82762, 97871, 100, 530.67
2026/10/09 04:50:53.037, 0, 82711, 97871, 0, 138.01
2026/10/09 04:50:53.037, 1, 82710, 97871, 0, 130.49
2026/10/09 04:50:53.037, 2, 82746, 97871, 0, 140.49
2026/10/09 04:50:53.037, 3, 82762, 97871, 100, 528.67
2026/10/09 04:50:54.037, 0, 82711, 97871, 0, 137.75
2026/10/09 04:50:54.037, 1, 82710, 97871, 0, 130.27
2026/10/09 04:50:54.037, 2, 82746, 97871, 0, 140.34
2026/10/09 04:50:54.037, 3, 82762, 97871, 100, 527.76
2026/10/09 04:50:55.037, 0, 82711, 97871, 0, 137.51
2026/10/09 04:50:55.037, 1, 82710, 97871, 0, 179.98
2026/10/09 04:50:55.037, 2, 82746, 97871, 0, 184.62
2026/10/09 04:50:55.037, 3, 82762, 97871, 100, 526.95
2026/10/09 04:50:56.037, 0, 82711, 97871, 0, 137.51
2026/10/09 04:50:56.037, 1, 82710, 97871, 0, 129.83
2026/10/09 04:50:56.037, 2, 82746, 97871, 0, 140.60
2026/10/09 04:50:56.038, 3, 82762, 97871, 100, 528.01
2026/10/09 04:50:57.038, 0, 82711, 97871, 0, 170.51
2026/10/09 04:50:57.038, 1, 82710, 97871, 0, 186.78
2026/10/09 04:50:57.038, 2, 82746, 97871, 0, 140.90
2026/10/09 04:50:57.038, 3, 82762, 97871, 100, 521.48
2026/10/09 04:50:58.038, 0, 82711, 97871, 0, 137.99
2026/10/09 04:50:58.038, 1, 82710, 97871, 0, 129.96
2026/10/09 04:50:58.038, 2, 82746, 97871, 0, 140.60
2026/10/09 04:50:58.038, 3, 82762, 97871, 100, 524.91
2026/10/09 04:50:59.038, 0, 82711, 97871, 57, 170.19
2026/10/09 04:50:59.038, 1, 82710, 97871, 0, 129.70
2026/10/09 04:50:59.038, 2, 82746, 97871, 0, 171.69
2026/10/09 04:50:59.038, 3, 82762, 97871, 100, 531.75
2026/10/09 04:51:00.038, 0, 82711, 97871, 0, 138.06
2026/10/09 04:51:00.038, 1, 82710, 97871, 0, 172.34
2026/10/09 04:51:00.039, 2, 82746, 97871, 0, 141.14
2026/10/09 04:51:00.039, 3, 82762, 97871, 100, 524.90
2026/10/09 04:51:01.039, 0, 82711, 97871, 26, 233.80
2026/10/09 04:51:01.039, 1, 82710, 97871, 98, 200.99
2026/10/09 04:51:01.039, 2, 82746, 97871, 90, 236.34
2026/10/09 04:51:01.039, 3, 82762, 97871, 100, 471.19
2026/10/09 04:51:02.039, 0, 82711, 97871, 0, 139.05
2026/10/09 04:51:02.039, 1, 82710, 97871, 0, 174.65
2026/10/09 04:51:02.039, 2, 82746, 97871, 0, 178.26
2026/10/09 04:51:02.039, 3, 82762, 97871, 100, 526.58
2026/10/09 04:51:03.039, 0, 82711, 97871, 0, 183.30
2026/10/09 04:51:03.039, 1, 82710, 97871, 0, 161.27
2026/10/09 04:51:03.039, 2, 82746, 97871, 0, 170.65
2026/10/09 04:51:03.039, 3, 82762, 97871, 100, 523.89
2026/10/09 04:51:04.039, 0, 82711, 97871, 62, 261.40
2026/10/09 04:51:04.040, 1, 82710, 97871, 0, 243.91
2026/10/09 04:51:04.040, 2, 82746, 97871, 2, 212.30
2026/10/09 04:51:04.040, 3, 82762, 97871, 96, 353.30
2026/10/09 04:51:05.040, 0, 82711, 97871, 58, 299.20
2026/10/09 04:51:05.040, 1, 82710, 97871, 80, 323.21
2026/10/09 04:51:05.040, 2, 82746, 97871, 43, 345.85
2026/10/09 04:51:05.040, 3, 82762, 97871, 100, 423.16
2026/10/09 04:51:06.040, 0, 82711, 97871, 0, 167.09
2026/10/09 04:51:06.040, 1, 82710, 97871, 0, 172.97
2026/10/09 04:51:06.040, 2, 82746, 97871, 0, 141.32
2026/10/09 04:51:06.040, 3, 82762, 97871, 100, 533.21
2026/10/09 04:51:07.040, 0, 82711, 97871, 0, 181.20
2026/10/09 04:51:07.041, 1, 82710, 97871, 0, 131.21
2026/10/09 04:51:07.041, 2, 82746, 97871, 0, 172.38
2026/10/09 04:51:07.041, 3, 82762, 97871, 100, 527.79
2026/10/09 04:51:08.041, 0, 82711, 97871, 0, 179.85
2026/10/09 04:51:08.041, 1, 82710, 97871, 0, 170.04
2026/10/09 04:51:08.041, 2, 82746, 97871, 0, 172.26
2026/10/09 04:51:08.041, 3, 82762, 97871, 100, 478.74
2026/10/09 04:51:09.041, 0, 82711, 97871, 6, 248.59
2026/10/09 04:51:09.041, 1, 82710, 97871, 54, 259.34
2026/10/09 04:51:09.041, 2, 82746, 97871, 0, 232.62
2026/10/09 04:51:09.041, 3, 82762, 97871, 99, 346.94
2026/10/09 04:51:10.041, 0, 82711, 97871, 28, 292.51
2026/10/09 04:51:10.041, 1, 82710, 97871, 27, 279.98
2026/10/09 04:51:10.042, 2, 82746, 97871, 62, 312.48
2026/10/09 04:51:10.042, 3, 82762, 97871, 99, 434.58
2026/10/09 04:51:11.042, 0, 82711, 97871, 62, 343.52
2026/10/09 04:51:11.042, 1, 82710, 97871, 64, 353.16
2026/10/09 04:51:11.042, 2, 82746, 97871, 59, 331.57
2026/10/09 04:51:11.042, 3, 82762, 97871, 100, 416.57
2026/10/09 04:51:12.042, 0, 82711, 97871, 0, 310.72
2026/10/09 04:51:12.042, 1, 82710, 97871, 0, 298.16
2026/10/09 04:51:12.042, 2, 82746, 97871, 0, 276.79
2026/10/09 04:51:12.042, 3, 82762, 97871, 92, 354.27
2026/10/09 04:51:13.042, 0, 82711, 97871, 100, 335.39
2026/10/09 04:51:13.042, 1, 82710, 97871, 0, 291.62
2026/10/09 04:51:13.043, 2, 82746, 97871, 0, 300.92
2026/10/09 04:51:13.043, 3, 82762, 97871, 100, 432.35
2026/10/09 04:51:14.043, 0, 82711, 97871, 0, 269.10
2026/10/09 04:51:14.043, 1, 82710, 97871, 0, 269.63
2026/10/09 04:51:14.043, 2, 82746, 97871, 0, 307.82
2026/10/09 04:51:14.043, 3, 82762, 97871, 100, 476.37
2026/10/09 04:51:15.043, 0, 82711, 97871, 0, 179.27
2026/10/09 04:51:15.043, 1, 82710, 97871, 0, 131.86
2026/10/09 04:51:15.043, 2, 82746, 97871, 0, 143.18
2026/10/09 04:51:15.043, 3, 82762, 97871, 100, 534.46
2026/10/09 04:51:16.043, 0, 82711, 97871, 0, 138.13
2026/10/09 04:51:16.043, 1, 82710, 97871, 0, 130.69
2026/10/09 04:51:16.043, 2, 82746, 97871, 0, 142.40
2026/10/09 04:51:16.043, 3, 82762, 97871, 100, 527.61
2026/10/09 04:51:17.044, 0, 82711, 97871, 81, 223.61
2026/10/09 04:51:17.044, 1, 82710, 97871, 87, 215.71
2026/10/09 04:51:17.044, 2, 82746, 97871, 52, 248.59
2026/10/09 04:51:17.044, 3, 82762, 97871, 100, 513.78
2026/10/09 04:51:18.044, 0, 82711, 97871, 0, 138.14
2026/10/09 04:51:18.044, 1, 82710, 97871, 0, 153.68
2026/10/09 04:51:18.044, 2, 82746, 97871, 0, 178.49
2026/10/09 04:51:18.044, 3, 82762, 97871, 100, 533.06
2026/10/09 04:51:19.044, 0, 82711, 97871, 0, 174.37
2026/10/09 04:51:19.044, 1, 82710, 97871, 0, 168.57
2026/10/09 04:51:19.044, 2, 82746, 97871, 0, 143.44
2026/10/09 04:51:19.044, 3, 82762, 97871, 100, 529.79
2026/10/09 04:51:20.044, 0, 82711, 97871, 0, 175.35
2026/10/09 04:51:20.045, 1, 82710, 97871, 0, 131.64
2026/10/09 04:51:20.045, 2, 82746, 97871, 30, 176.80
2026/10/09 04:51:20.045, 3, 82762, 97871, 100, 529.89
2026/10/09 04:51:21.045, 0, 82711, 97871, 0, 137.80
2026/10/09 04:51:21.045, 1, 82710, 97871, 0, 166.79
2026/10/09 04:51:21.045, 2, 82746, 97871, 0, 143.05
2026/10/09 04:51:21.045, 3, 82762, 97871, 100, 527.69
2026/10/09 04:51:22.045, 0, 82711, 97871, 0, 170.70
2026/10/09 04:51:22.045, 1, 82710, 97871, 0, 130.76
2026/10/09 04:51:22.045, 2, 82746, 97871, 0, 184.00
2026/10/09 04:51:22.045, 3, 82762, 97871, 100, 524.61
2026/10/09 04:51:23.045, 0, 82711, 97871, 0, 154.82
2026/10/09 04:51:23.045, 1, 82710, 97871, 0, 163.01
2026/10/09 04:51:23.045, 2, 82746, 97871, 0, 174.17
2026/10/09 04:51:23.045, 3, 82762, 97871, 100, 521.58
2026/10/09 04:51:24.045, 0, 82711, 97871, 0, 171.85
2026/10/09 04:51:24.045, 1, 82710, 97871, 0, 171.52
2026/10/09 04:51:24.045, 2, 82746, 97871, 0, 143.90
2026/10/09 04:51:24.046, 3, 82762, 97871, 100, 472.27
2026/10/09 04:51:25.046, 0, 82711, 97871, 0, 185.01
2026/10/09 04:51:25.046, 1, 82710, 97871, 0, 134.20
2026/10/09 04:51:25.046, 2, 82746, 97871, 7, 215.54
2026/10/09 04:51:25.046, 3, 82762, 97871, 100, 408.93
2026/10/09 04:51:26.046, 0, 82711, 97871, 0, 256.98
2026/10/09 04:51:26.046, 1, 82710, 97871, 0, 300.69
2026/10/09 04:51:26.046, 2, 82746, 97871, 0, 257.24
2026/10/09 04:51:26.046, 3, 82762, 97871, 100, 459.33
2026/10/09 04:51:27.046, 0, 82711, 97871, 0, 169.28
2026/10/09 04:51:27.046, 1, 82710, 97871, 0, 167.65
2026/10/09 04:51:27.046, 2, 82746, 97871, 51, 194.80
2026/10/09 04:51:27.046, 3, 82762, 97871, 100, 530.37
2026/10/09 04:51:28.046, 0, 82711, 97871, 0, 173.51
2026/10/09 04:51:28.046, 1, 82710, 97871, 36, 168.05
2026/10/09 04:51:28.046, 2, 82746, 97871, 0, 177.04
2026/10/09 04:51:28.047, 3, 82762, 97871, 100, 527.23
2026/10/09 04:51:29.047, 0, 82711, 97871, 12, 177.24
2026/10/09 04:51:29.047, 1, 82710, 97871, 0, 166.31
2026/10/09 04:51:29.047, 2, 82746, 97871, 0, 176.86
2026/10/09 04:51:29.047, 3, 82762, 97871, 100, 526.08
2026/10/09 04:51:30.047, 0, 82711, 97871, 0, 168.95
2026/10/09 04:51:30.047, 1, 82710, 97871, 0, 130.07
2026/10/09 04:51:30.047, 2, 82746, 97871, 0, 150.03
2026/10/09 04:51:30.047, 3, 82762, 97871, 100, 525.30
2026/10/09 04:51:31.047, 0, 82711, 97871, 0, 139.93
2026/10/09 04:51:31.047, 1, 82710, 97871, 0, 174.28
2026/10/09 04:51:31.047, 2, 82746, 97871, 0, 167.09
2026/10/09 04:51:31.047, 3, 82762, 97871, 99, 376.69
2026/10/09 04:51:32.047, 0, 82711, 97871, 92, 357.41
2026/10/09 04:51:32.048, 1, 82710, 97871, 0, 326.61
2026/10/09 04:51:32.048, 2, 82746, 97871, 0, 350.88
2026/10/09 04:51:32.048, 3, 82762, 97871, 100, 411.05
2026/10/09 04:51:33.048, 0, 82711, 97871, 48, 337.21
2026/10/09 04:51:33.048, 1, 82710, 97871, 52, 298.79
2026/10/09 04:51:33.048, 2, 82746, 97871, 48, 319.96
2026/10/09 04:51:33.048, 3, 82762, 97871, 100, 427.86
2026/10/09 04:51:34.048, 0, 82711, 97871, 99, 289.36
2026/10/09 04:51:34.048, 1, 82710, 97871, 93, 332.69
2026/10/09 04:51:34.048, 2, 82746, 97871, 86, 332.44
2026/10/09 04:51:34.048, 3, 82762, 97871, 100, 455.51
2026/10/09 04:51:35.048, 0, 82711, 97871, 0, 284.33
2026/10/09 04:51:35.048, 1, 82710, 97871, 0, 235.25
2026/10/09 04:51:35.049, 2, 82746, 97871, 0, 264.23
2026/10/09 04:51:35.049, 3, 82762, 97871, 100, 474.23
2026/10/09 04:51:36.049, 0, 82711, 97871, 17, 173.35
2026/10/09 04:51:36.049, 1, 82710, 97871, 0, 173.29
2026/10/09 04:51:36.049, 2, 82746, 97871, 0, 179.36
2026/10/09 04:51:36.049, 3, 82762, 97871, 100, 466.70
2026/10/09 04:51:37.049, 0, 82711, 97871, 100, 350.10
2026/10/09 04:51:37.049, 1, 82710, 97871, 13, 355.79
2026/10/09 04:51:37.049, 2, 82746, 97871, 0, 342.29
2026/10/09 04:51:37.049, 3, 82762, 97871, 100, 410.18
2026/10/09 04:51:38.049, 0, 82711, 97871, 0, 211.57
2026/10/09 04:51:38.049, 1, 82710, 97871, 0, 230.41
2026/10/09 04:51:38.049, 2, 82746, 97871, 0, 232.53
2026/10/09 04:51:38.049, 3, 82762, 97871, 100, 505.89
2026/10/09 04:51:39.049, 0, 82711, 97871, 0, 150.45
2026/10/09 04:51:39.050, 1, 82710, 97871, 0, 181.71
2026/10/09 04:51:39.050, 2, 82746, 97871, 0, 191.65
2026/10/09 04:51:39.050, 3, 82762, 97871, 100, 530.60
2026/10/09 04:51:40.050, 0, 82711, 97871, 0, 181.50
2026/10/09 04:51:40.050, 1, 82710, 97871, 0, 164.26
2026/10/09 04:51:40.050, 2, 82746, 97871, 0, 142.23
2026/10/09 04:51:40.050, 3, 82762, 97871, 100, 532.71
2026/10/09 04:51:41.050, 0, 82711, 97871, 17, 165.83
2026/10/09 04:51:41.050, 1, 82710, 97871, 58, 165.57
2026/10/09 04:51:41.050, 2, 82746, 97871, 0, 190.22
2026/10/09 04:51:41.050, 3, 82762, 97871, 100, 525.99
2026/10/09 04:51:42.050, 0, 82711, 97871, 0, 138.50
2026/10/09 04:51:42.050, 1, 82710, 97871, 0, 130.24
2026/10/09 04:51:42.050, 2, 82746, 97871, 0, 142.15
2026/10/09 04:51:42.050, 3, 82762, 97871, 100, 529.72
2026/10/09 04:51:43.050, 0, 82711, 97871, 0, 175.66
2026/10/09 04:51:43.051, 1, 82710, 97871, 0, 129.85
2026/10/09 04:51:43.051, 2, 82746, 97871, 0, 187.70
2026/10/09 04:51:43.051, 3, 82762, 97871, 100, 524.76
2026/10/09 04:51:44.051, 0, 82711, 97871, 0, 266.68
2026/10/09 04:51:44.051, 1, 82710, 97871, 42, 286.08
2026/10/09 04:51:44.051, 2, 82746, 97871, 89, 270.36
2026/10/09 04:51:44.051, 3, 82762, 97871, 99, 374.49
2026/10/09 04:51:45.051, 0, 82711, 97871, 0, 246.78
2026/10/09 04:51:45.051, 1, 82710, 97871, 0, 280.19
2026/10/09 04:51:45.051, 2, 82746, 97871, 45, 292.14
2026/10/09 04:51:45.051, 3, 82762, 97871, 97, 403.41
2026/10/09 04:51:46.051, 0, 82711, 97871, 87, 325.54
2026/10/09 04:51:46.051, 1, 82710, 97871, 82, 325.90
2026/10/09 04:51:46.051, 2, 82746, 97871, 99, 360.31
2026/10/09 04:51:46.052, 3, 82762, 97871, 100, 395.65
2026/10/09 04:51:47.052, 0, 82711, 97871, 42, 335.39
2026/10/09 04:51:47.052, 1, 82710, 97871, 53, 303.80
2026/10/09 04:51:47.052, 2, 82746, 97871, 49, 314.31
2026/10/09 04:51:47.052, 3, 82762, 97871, 100, 377.64
2026/10/09 04:51:48.052, 0, 82711, 97871, 0, 261.01
2026/10/09 04:51:48.052, 1, 82710, 97871, 2, 274.95
2026/10/09 04:51:48.052, 2, 82746, 97871, 0, 244.01
2026/10/09 04:51:48.052, 3, 82762, 97871, 93, 286.32
2026/10/09 04:51:49.052, 0, 82711, 97871, 0, 170.22
2026/10/09 04:51:49.052, 1, 82710, 97871, 0, 170.55
2026/10/09 04:51:49.052, 2, 82746, 97871, 0, 196.28
2026/10/09 04:51:49.052, 3, 82762, 97871, 81, 399.69
2026/10/09 04:51:50.052, 0, 82711, 97871, 0, 138.26
2026/10/09 04:51:50.053, 1, 82710, 97871, 0, 130.41
2026/10/09 04:51:50.053, 2, 82746, 97871, 0, 141.99
2026/10/09 04:51:50.053, 3, 82762, 97871, 74, 466.51
2026/10/09 04:51:51.053, 0, 82711, 97871, 0, 138.05
2026/10/09 04:51:51.053, 1, 82710, 97871, 0, 129.92
2026/10/09 04:51:51.053, 2, 82746, 97871, 0, 141.13
2026/10/09 04:51:51.053, 3, 82762, 97871, 60, 473.00
2026/10/09 04:51:52.053, 0, 82711, 97871, 0, 137.97
2026/10/09 04:51:52.053, 1, 82710, 97871, 0, 129.85
2026/10/09 04:51:52.053, 2, 82746, 97871, 0, 140.95
2026/10/09 04:51:52.053, 3, 82762, 97871, 58, 466.28
2026/10/09 04:51:53.053, 0, 82711, 97871, 0, 137.82
2026/10/09 04:51:53.053, 1, 82710, 97871, 0, 129.83
2026/10/09 04:51:53.053, 2, 82746, 97871, 0, 140.92
2026/10/09 04:51:53.053, 3, 82762, 97871, 56, 458.56
2026/10/09 04:51:54.053, 0, 82711, 97871, 0, 137.72
2026/10/09 04:51:54.053, 1, 82710, 97871, 0, 129.57
2026/10/09 04:51:54.053, 2, 82746, 97871, 0, 140.97
2026/10/09 04:51:54.053, 3, 82762, 97871, 100, 529.65
2026/10/09 04:51:55.054, 0, 82711, 97871, 0, 137.85
2026/10/09 04:51:55.054, 1, 82710, 97871, 0, 129.58
2026/10/09 04:51:55.054, 2, 82746, 97871, 0, 140.83
2026/10/09 04:51:55.054, 3, 82762, 97871, 99, 447.99
2026/10/09 04:51:56.054, 0, 82711, 97871, 100, 498.64
2026/10/09 04:51:56.054, 1, 82710, 97871, 100, 471.68
2026/10/09 04:51:56.054, 2, 82746, 97871, 100, 473.54
2026/10/09 04:51:56.054, 3, 82762, 97871, 50, 168.59
2026/10/09 04:51:57.054, 0, 82711, 97871, 100, 551.72
2026/10/09 04:51:57.054, 1, 82710, 97871, 100, 533.36
2026/10/09 04:51:57.054, 2, 82746, 97871, 100, 536.73
2026/10/09 04:51:57.054, 3, 82762, 97871, 87, 154.38
2026/10/09 04:51:58.054, 0, 82711, 97871, 100, 557.74
2026/10/09 04:51:58.054, 1, 82710, 97871, 100, 537.27
2026/10/09 04:51:58.055, 2, 82746, 97871, 100, 532.88
2026/10/09 04:51:58.055, 3, 82762, 97871, 100, 158.86
2026/10/09 04:51:59.055, 0, 82711, 97871, 100, 555.46
2026/10/09 04:51:59.055, 1, 82710, 97871, 100, 533.41
2026/10/09 04:51:59.055, 2, 82746, 97871, 100, 529.72
2026/10/09 04:51:59.055, 3, 82762, 97871, 99, 155.38
2026/10/09 04:52:00.055, 0, 82711, 97871, 100, 553.45
2026/10/09 04:52:00.055, 1, 82710, 97871, 100, 532.81
2026/10/09 04:52:00.055, 2, 82746, 97871, 100, 531.56
2026/10/09 04:52:00.055, 3, 82762, 97871, 100, 157.90
2026/10/09 04:52:01.055, 0, 82711, 97871, 100, 554.76
2026/10/09 04:52:01.055, 1, 82710, 97871, 100, 528.79
2026/10/09 04:52:01.055, 2, 82746, 97871, 100, 531.53
2026/10/09 04:52:01.055, 3, 82762, 97871, 100, 482.75
2026/10/09 04:52:02.055, 0, 82711, 97871, 100, 546.74
2026/10/09 04:52:02.055, 1, 82710, 97871, 0, 476.75
2026/10/09 04:52:02.056, 2, 82746, 97871, 26, 470.15
2026/10/09 04:52:02.056, 3, 82762, 97871, 100, 531.64
2026/10/09 04:52:03.056, 0, 82711, 97871, 0, 138.44
2026/10/09 04:52:03.056, 1, 82710, 97871, 0, 131.39
2026/10/09 04:52:03.056, 2, 82746, 97871, 0, 142.52
2026/10/09 04:52:03.056, 3, 82762, 97871, 100, 529.51
2026/10/09 04:52:04.056, 0, 82711, 97871, 0, 138.89
2026/10/09 04:52:04.056, 1, 82710, 97871, 0, 131.71
2026/10/09 04:52:04.056, 2, 82746, 97871, 0, 141.40
2026/10/09 04:52:04.056, 3, 82762, 97871, 100, 529.56
2026/10/09 04:52:05.056, 0, 82711, 97871, 0, 138.35
2026/10/09 04:52:05.056, 1, 82710, 97871, 0, 131.15
2026/10/09 04:52:05.056, 2, 82746, 97871, 0, 141.07
2026/10/09 04:52:05.056, 3, 82762, 97871, 100, 530.61
2026/10/09 04:52:06.056, 0, 82711, 97871, 0, 138.02
2026/10/09 04:52:06.056, 1, 82710, 97871, 0, 130.96
2026/10/09 04:52:06.056, 2, 82746, 97871, 0, 140.84
2026/10/09 04:52:06.056, 3, 82762, 97871, 100, 526.12
2026/10/09 04:52:07.056, 0, 82711, 97871, 0, 137.86
2026/10/09 04:52:07.057, 1, 82710, 97871, 0, 130.86
2026/10/09 04:52:07.057, 2, 82746, 97871, 0, 140.57
2026/10/09 04:52:07.057, 3, 82762, 97871, 100, 528.02
2026/10/09 04:52:08.057, 0, 82711, 97871, 0, 137.96
2026/10/09 04:52:08.057, 1, 82710, 97871, 0, 130.39
2026/10/09 04:52:08.057, 2, 82746, 97871, 0, 140.61
2026/10/09 04:52:08.057, 3, 82762, 97871, 100, 525.87
2026/10/09 04:52:09.057, 0, 82711, 97871, 0, 137.91
2026/10/09 04:52:09.057, 1, 82710, 97871, 0, 130.22
2026/10/09 04:52:09.057, 2, 82746, 97871, 0, 140.54
2026/10/09 04:52:09.057, 3, 82762, 97871, 100, 527.57
2026/10/09 04:52:10.057, 0, 82711, 97871, 0, 137.93
2026/10/09 04:52:10.057, 1, 82710, 97871, 0, 130.12
2026/10/09 04:52:10.057, 2, 82746, 97871, 0, 140.47
2026/10/09 04:52:10.057, 3, 82762, 97871, 100, 517.65
2026/10/09 04:52:11.057, 0, 82711, 97871, 0, 137.83
2026/10/09 04:52:11.057, 1, 82710, 97871, 0, 130.05
2026/10/09 04:52:11.057, 2, 82746, 97871, 0, 140.37
2026/10/09 04:52:11.057, 3, 82762, 97871, 100, 523.19
2026/10/09 04:52:12.058, 0, 82711, 97871, 0, 137.76
2026/10/09 04:52:12.058, 1, 82710, 97871, 0, 129.95
2026/10/09 04:52:12.058, 2, 82746, 97871, 0, 140.27
2026/10/09 04:52:12.058, 3, 82762, 97871, 100, 526.07
2026/10/09 04:52:13.058, 0, 82711, 97871, 0, 137.75
2026/10/09 04:52:13.058, 1, 82710, 97871, 0, 129.90
2026/10/09 04:52:13.058, 2, 82746, 97871, 0, 140.42
2026/10/09 04:52:13.058, 3, 82762, 97871, 100, 527.25
2026/10/09 04:52:14.058, 0, 82711, 97871, 0, 137.82
2026/10/09 04:52:14.058, 1, 82710, 97871, 0, 129.80
2026/10/09 04:52:14.058, 2, 82746, 97871, 0, 140.35
2026/10/09 04:52:14.058, 3, 82762, 97871, 100, 528.09
2026/10/09 04:52:15.058, 0, 82711, 97871, 0, 137.82
2026/10/09 04:52:15.058, 1, 82710, 97871, 0, 129.72
2026/10/09 04:52:15.058, 2, 82746, 97871, 0, 140.31
2026/10/09 04:52:15.058, 3, 82762, 97871, 100, 526.18
2026/10/09 04:52:16.058, 0, 82711, 97871, 0, 137.69
2026/10/09 04:52:16.058, 1, 82710, 97871, 0, 129.74
2026/10/09 04:52:16.058, 2, 82746, 97871, 0, 140.36
2026/10/09 04:52:16.058, 3, 82762, 97871, 100, 525.83
2026/10/09 04:52:17.059, 0, 82711, 97871, 0, 137.77
2026/10/09 04:52:17.059, 1, 82710, 97871, 0, 129.88
2026/10/09 04:52:17.059, 2, 82746, 97871, 0, 140.26
2026/10/09 04:52:17.059, 3, 82762, 97871, 100, 526.84
2026/10/09 04:52:18.059, 0, 82711, 97871, 0, 137.71
2026/10/09 04:52:18.059, 1, 82710, 97871, 0, 129.74
2026/10/09 04:52:18.059, 2, 82746, 97871, 0, 140.28
2026/10/09 04:52:18.059, 3, 82762, 97871, 100, 528.29
2026/10/09 04:52:19.059, 0, 82711, 97871, 0, 137.71
2026/10/09 04:52:19.059, 1, 82710, 97871, 0, 130.88
2026/10/09 04:52:19.059, 2, 82746, 97871, 0, 142.27
2026/10/09 04:52:19.059, 3, 82762, 97871, 60, 381.35
2026/10/09 04:52:20.059, 0, 82711, 97871, 0, 140.29
2026/10/09 04:52:20.059, 1, 82709, 97871, 0, 131.53
2026/10/09 04:52:20.059, 2, 82745, 97871, 0, 141.71
2026/10/09 04:52:20.059, 3, 82762, 97871, 100, 302.73
2026/10/09 04:52:21.059, 0, 82711, 97871, 0, 138.92
2026/10/09 04:52:21.060, 1, 82709, 97871, 0, 132.53
2026/10/09 04:52:21.060, 2, 82745, 97871, 0, 142.09
2026/10/09 04:52:21.060, 3, 82762, 97871, 45, 337.31
2026/10/09 04:52:22.060, 0, 82711, 97871, 0, 138.84
2026/10/09 04:52:22.060, 1, 82709, 97871, 0, 131.53
2026/10/09 04:52:22.060, 2, 82745, 97871, 0, 142.75
2026/10/09 04:52:22.060, 3, 82762, 97871, 83, 332.24
2026/10/09 04:52:23.060, 0, 82711, 97871, 0, 140.38
2026/10/09 04:52:23.060, 1, 82709, 97871, 0, 131.48
2026/10/09 04:52:23.060, 2, 82745, 97871, 0, 140.47
2026/10/09 04:52:23.060, 3, 82761, 97871, 100, 420.36
2026/10/09 04:52:24.060, 0, 82711, 97871, 0, 137.82
2026/10/09 04:52:24.060, 1, 82709, 97871, 0, 130.05
2026/10/09 04:52:24.060, 2, 82745, 97871, 0, 141.09
2026/10/09 04:52:24.060, 3, 82761, 97871, 100, 509.62
2026/10/09 04:52:25.060, 0, 82711, 97871, 0, 137.68
2026/10/09 04:52:25.061, 1, 82709, 97871, 0, 129.73
2026/10/09 04:52:25.061, 2, 82745, 97871, 0, 140.23
2026/10/09 04:52:25.061, 3, 82761, 97871, 100, 521.61
2026/10/09 04:52:26.061, 0, 82711, 97871, 0, 137.70
2026/10/09 04:52:26.061, 1, 82709, 97871, 0, 129.79
2026/10/09 04:52:26.061, 2, 82745, 97871, 0, 140.25
2026/10/09 04:52:26.061, 3, 82761, 97871, 100, 520.97
2026/10/09 04:52:27.061, 0, 82711, 97871, 0, 137.47
2026/10/09 04:52:27.061, 1, 82709, 97871, 0, 129.85
2026/10/09 04:52:27.061, 2, 82745, 97871, 0, 140.69
2026/10/09 04:52:27.061, 3, 82761, 97871, 100, 503.18
2026/10/09 04:52:28.061, 0, 82711, 97871, 0, 138.02
2026/10/09 04:52:28.061, 1, 82709, 97871, 0, 132.22
2026/10/09 04:52:28.061, 2, 82745, 97871, 0, 141.60
2026/10/09 04:52:28.061, 3, 82761, 97871, 69, 402.48
2026/10/09 04:52:29.061, 0, 82711, 97871, 0, 139.90
2026/10/09 04:52:29.061, 1, 82709, 97871, 0, 130.84
2026/10/09 04:52:29.061, 2, 82745, 97871, 0, 142.52
2026/10/09 04:52:29.061, 3, 82761, 97871, 60, 303.91
2026/10/09 04:52:30.062, 0, 82711, 97871, 0, 137.48
2026/10/09 04:52:30.062, 1, 82709, 97871, 0, 130.65
2026/10/09 04:52:30.062, 2, 82745, 97871, 0, 140.45
2026/10/09 04:52:30.062, 3, 82761, 97871, 100, 510.47
2026/10/09 04:52:31.062, 0, 82711, 97871, 0, 139.49
2026/10/09 04:52:31.062, 1, 82709, 97871, 0, 131.02
2026/10/09 04:52:31.062, 2, 82745, 97871, 0, 140.10
2026/10/09 04:52:31.062, 3, 82761, 97871, 73, 490.99
2026/10/09 04:52:32.062, 0, 82711, 97871, 0, 138.99
2026/10/09 04:52:32.062, 1, 82709, 97871, 0, 131.75
2026/10/09 04:52:32.062, 2, 82745, 97871, 0, 142.75
2026/10/09 04:52:32.062, 3, 82761, 97871, 66, 289.35
2026/10/09 04:52:33.062, 0, 82711, 97871, 0, 139.38
2026/10/09 04:52:33.062, 1, 82709, 97871, 0, 131.58
2026/10/09 04:52:33.062, 2, 82745, 97871, 0, 142.41
2026/10/09 04:52:33.062, 3, 82761, 97871, 62, 296.97
2026/10/09 04:52:34.062, 0, 82711, 97871, 0, 140.11
2026/10/09 04:52:34.063, 1, 82709, 97871, 0, 132.44
2026/10/09 04:52:34.063, 2, 82745, 97871, 0, 140.83
2026/10/09 04:52:34.063, 3, 82761, 97871, 71, 332.18
2026/10/09 04:52:35.063, 0, 82711, 97871, 0, 140.01
2026/10/09 04:52:35.063, 1, 82709, 97871, 0, 130.95
2026/10/09 04:52:35.063, 2, 82745, 97871, 0, 142.41
2026/10/09 04:52:35.063, 3, 82761, 97871, 69, 307.51
2026/10/09 04:52:36.063, 0, 82711, 97871, 0, 137.65
2026/10/09 04:52:36.063, 1, 82709, 97871, 0, 129.70
2026/10/09 04:52:36.063, 2, 82745, 97871, 0, 139.96
2026/10/09 04:52:36.063, 3, 82761, 97871, 100, 515.67
2026/10/09 04:52:37.063, 0, 82711, 97871, 0, 137.33
2026/10/09 04:52:37.063, 1, 82709, 97871, 0, 129.72
2026/10/09 04:52:37.063, 2, 82745, 97871, 0, 139.63
2026/10/09 04:52:37.063, 3, 82761, 97871, 100, 514.58
2026/10/09 04:52:38.063, 0, 82711, 97871, 0, 137.45
2026/10/09 04:52:38.063, 1, 82709, 97871, 0, 129.80
2026/10/09 04:52:38.063, 2, 82745, 97871, 0, 139.85
2026/10/09 04:52:38.063, 3, 82761, 97871, 97, 504.83
2026/10/09 04:52:39.064, 0, 82711, 97871, 0, 137.36
2026/10/09 04:52:39.064, 1, 82709, 97871, 0, 129.51
2026/10/09 04:52:39.064, 2, 82745, 97871, 0, 139.91
2026/10/09 04:52:39.064, 3, 82761, 97871, 100, 508.72
2026/10/09 04:52:40.064, 0, 82711, 97871, 0, 137.36
2026/10/09 04:52:40.064, 1, 82709, 97871, 0, 129.51
2026/10/09 04:52:40.064, 2, 82745, 97871, 0, 139.84
2026/10/09 04:52:40.064, 3, 82761, 97871, 100, 508.23
2026/10/09 04:52:41.064, 0, 82711, 97871, 100, 425.89
2026/10/09 04:52:41.064, 1, 82709, 97871, 100, 392.63
2026/10/09 04:52:41.064, 2, 82745, 97871, 100, 372.17
2026/10/09 04:52:41.064, 3, 82761, 97871, 100, 286.28
2026/10/09 04:52:42.064, 0, 82711, 97871, 100, 556.18
2026/10/09 04:52:42.064, 1, 82709, 97871, 100, 533.46
2026/10/09 04:52:42.064, 2, 82745, 97871, 100, 533.79
2026/10/09 04:52:42.065, 3, 82761, 97871, 67, 160.10
2026/10/09 04:52:43.065, 0, 82711, 97871, 100, 554.69
2026/10/09 04:52:43.065, 1, 82709, 97871, 100, 532.70
2026/10/09 04:52:43.065, 2, 82745, 97871, 100, 530.00
2026/10/09 04:52:43.065, 3, 82761, 97871, 69, 152.49
2026/10/09 04:52:44.065, 0, 82711, 97871, 100, 556.37
2026/10/09 04:52:44.065, 1, 82709, 97871, 100, 531.25
2026/10/09 04:52:44.065, 2, 82745, 97871, 100, 529.76
2026/10/09 04:52:44.065, 3, 82761, 97871, 61, 146.23
2026/10/09 04:52:45.065, 0, 82711, 97871, 100, 553.65
2026/10/09 04:52:45.065, 1, 82709, 97871, 100, 531.35
2026/10/09 04:52:45.065, 2, 82745, 97871, 100, 530.30
2026/10/09 04:52:45.065, 3, 82761, 97871, 73, 149.59
2026/10/09 04:52:46.065, 0, 82711, 97871, 100, 552.95
2026/10/09 04:52:46.066, 1, 82709, 97871, 100, 528.88
2026/10/09 04:52:46.066, 2, 82745, 97871, 100, 529.95
2026/10/09 04:52:46.066, 3, 82761, 97871, 76, 145.95
2026/10/09 04:52:47.066, 0, 82711, 97871, 100, 554.40
2026/10/09 04:52:47.066, 1, 82709, 97871, 100, 529.87
2026/10/09 04:52:47.066, 2, 82745, 97871, 100, 525.87
2026/10/09 04:52:47.066, 3, 82761, 97871, 69, 144.49
2026/10/09 04:52:48.066, 0, 82711, 97871, 0, 146.75
2026/10/09 04:52:48.066, 1, 82709, 97871, 0, 279.96
2026/10/09 04:52:48.066, 2, 82745, 97871, 0, 146.34
2026/10/09 04:52:48.066, 3, 82761, 97871, 56, 202.73
2026/10/09 04:52:49.066, 0, 82711, 97871, 0, 139.12
2026/10/09 04:52:49.066, 1, 82709, 97871, 0, 132.09
2026/10/09 04:52:49.066, 2, 82745, 97871, 0, 142.80
2026/10/09 04:52:49.066, 3, 82761, 97871, 100, 528.51
2026/10/09 04:52:50.066, 0, 82711, 97871, 0, 138.40
2026/10/09 04:52:50.067, 1, 82709, 97871, 0, 131.59
2026/10/09 04:52:50.067, 2, 82745, 97871, 0, 179.05
2026/10/09 04:52:50.067, 3, 82761, 97871, 100, 512.34
2026/10/09 04:52:51.067, 0, 82711, 97871, 0, 138.19
2026/10/09 04:52:51.067, 1, 82709, 97871, 0, 130.92
2026/10/09 04:52:51.067, 2, 82745, 97871, 0, 141.08
2026/10/09 04:52:51.067, 3, 82761, 97871, 100, 525.77
2026/10/09 04:52:52.067, 0, 82711, 97871, 0, 169.38
2026/10/09 04:52:52.067, 1, 82709, 97871, 62, 182.51
2026/10/09 04:52:52.067, 2, 82745, 97871, 0, 140.82
2026/10/09 04:52:52.067, 3, 82761, 97871, 100, 528.80
2026/10/09 04:52:53.067, 0, 82711, 97871, 0, 138.65
2026/10/09 04:52:53.067, 1, 82709, 97871, 0, 135.00
2026/10/09 04:52:53.067, 2, 82745, 97871, 0, 140.93
2026/10/09 04:52:53.067, 3, 82761, 97871, 100, 525.18
2026/10/09 04:52:54.067, 0, 82711, 97871, 0, 138.46
2026/10/09 04:52:54.067, 1, 82709, 97871, 0, 131.23
2026/10/09 04:52:54.067, 2, 82745, 97871, 0, 189.19
2026/10/09 04:52:54.068, 3, 82761, 97871, 100, 523.57
2026/10/09 04:52:55.068, 0, 82711, 97871, 0, 171.24
2026/10/09 04:52:55.068, 1, 82709, 97871, 0, 131.17
2026/10/09 04:52:55.068, 2, 82745, 97871, 0, 141.01
2026/10/09 04:52:55.068, 3, 82761, 97871, 100, 525.16
2026/10/09 04:52:56.068, 0, 82711, 97871, 0, 138.54
2026/10/09 04:52:56.068, 1, 82709, 97871, 0, 131.03
2026/10/09 04:52:56.068, 2, 82745, 97871, 0, 140.79
2026/10/09 04:52:56.068, 3, 82761, 97871, 100, 522.04
2026/10/09 04:52:57.068, 0, 82711, 97871, 0, 138.26
2026/10/09 04:52:57.068, 1, 82709, 97871, 0, 131.05
2026/10/09 04:52:57.068, 2, 82745, 97871, 0, 140.73
2026/10/09 04:52:57.068, 3, 82761, 97871, 100, 526.19
2026/10/09 04:52:58.068, 0, 82711, 97871, 0, 138.07
2026/10/09 04:52:58.068, 1, 82709, 97871, 0, 168.04
2026/10/09 04:52:58.068, 2, 82745, 97871, 0, 140.45
2026/10/09 04:52:58.068, 3, 82761, 97871, 100, 522.32
2026/10/09 04:52:59.068, 0, 82711, 97871, 0, 138.15
2026/10/09 04:52:59.069, 1, 82709, 97871, 0, 131.21
2026/10/09 04:52:59.069, 2, 82745, 97871, 0, 171.47
2026/10/09 04:52:59.069, 3, 82761, 97871, 100, 525.21
2026/10/09 04:53:00.069, 0, 82711, 97871, 0, 173.60
2026/10/09 04:53:00.069, 1, 82709, 97871, 0, 174.01
2026/10/09 04:53:00.069, 2, 82745, 97871, 0, 141.02
2026/10/09 04:53:00.069, 3, 82761, 97871, 100, 517.99
2026/10/09 04:53:01.069, 0, 82711, 97871, 0, 200.02
2026/10/09 04:53:01.069, 1, 82709, 97871, 61, 167.73
2026/10/09 04:53:01.069, 2, 82745, 97871, 0, 183.89
2026/10/09 04:53:01.069, 3, 82761, 97871, 100, 428.58
2026/10/09 04:53:02.069, 0, 82711, 97871, 72, 294.94
2026/10/09 04:53:02.069, 1, 82709, 97871, 79, 261.88
2026/10/09 04:53:02.069, 2, 82745, 97871, 72, 310.60
2026/10/09 04:53:02.069, 3, 82761, 97871, 97, 388.11
2026/10/09 04:53:03.069, 0, 82711, 97871, 92, 298.11
2026/10/09 04:53:03.069, 1, 82709, 97871, 100, 240.12
2026/10/09 04:53:03.069, 2, 82745, 97871, 71, 257.76
2026/10/09 04:53:03.069, 3, 82761, 97871, 50, 311.81
2026/10/09 04:53:04.070, 0, 82711, 97871, 0, 237.90
2026/10/09 04:53:04.070, 1, 82709, 97871, 0, 187.03
2026/10/09 04:53:04.070, 2, 82745, 97871, 0, 219.96
2026/10/09 04:53:04.070, 3, 82761, 97871, 100, 392.52
2026/10/09 04:53:05.070, 0, 82711, 97871, 0, 138.20
2026/10/09 04:53:05.070, 1, 82709, 97871, 0, 176.23
2026/10/09 04:53:05.070, 2, 82745, 97871, 0, 142.53
2026/10/09 04:53:05.070, 3, 82761, 97871, 100, 526.60
2026/10/09 04:53:06.070, 0, 82711, 97871, 0, 214.77
2026/10/09 04:53:06.070, 1, 82709, 97871, 0, 189.71
2026/10/09 04:53:06.070, 2, 82745, 97871, 74, 273.37
2026/10/09 04:53:06.070, 3, 82761, 97871, 56, 411.08
2026/10/09 04:53:07.070, 0, 82711, 97871, 0, 243.74
2026/10/09 04:53:07.070, 1, 82709, 97871, 0, 206.57
2026/10/09 04:53:07.070, 2, 82745, 97871, 0, 191.12
2026/10/09 04:53:07.070, 3, 82761, 97871, 100, 440.04
2026/10/09 04:53:08.070, 0, 82711, 97871, 57, 311.72
2026/10/09 04:53:08.071, 1, 82709, 97871, 28, 261.89
2026/10/09 04:53:08.071, 2, 82745, 97871, 50, 257.93
2026/10/09 04:53:08.071, 3, 82761, 97871, 54, 353.86
2026/10/09 04:53:09.071, 0, 82711, 97871, 0, 243.49
2026/10/09 04:53:09.071, 1, 82709, 97871, 0, 202.50
2026/10/09 04:53:09.071, 2, 82745, 97871, 0, 251.75
2026/10/09 04:53:09.071, 3, 82761, 97871, 100, 440.26
2026/10/09 04:53:10.071, 0, 82711, 97871, 0, 138.30
2026/10/09 04:53:10.071, 1, 82709, 97871, 0, 172.27
2026/10/09 04:53:10.071, 2, 82745, 97871, 60, 179.54
2026/10/09 04:53:10.071, 3, 82761, 97871, 100, 533.96
2026/10/09 04:53:11.071, 0, 82711, 97871, 0, 171.23
2026/10/09 04:53:11.071, 1, 82709, 97871, 0, 131.06
2026/10/09 04:53:11.071, 2, 82745, 97871, 0, 142.06
2026/10/09 04:53:11.071, 3, 82761, 97871, 100, 528.37
2026/10/09 04:53:12.071, 0, 82711, 97871, 0, 138.48
2026/10/09 04:53:12.071, 1, 82709, 97871, 0, 130.68
2026/10/09 04:53:12.072, 2, 82745, 97871, 0, 142.02
2026/10/09 04:53:12.072, 3, 82761, 97871, 100, 527.95
2026/10/09 04:53:13.072, 0, 82711, 97871, 0, 138.30
2026/10/09 04:53:13.072, 1, 82709, 97871, 0, 130.73
2026/10/09 04:53:13.072, 2, 82745, 97871, 0, 141.99
2026/10/09 04:53:13.072, 3, 82761, 97871, 100, 529.25
2026/10/09 04:53:14.072, 0, 82711, 97871, 0, 138.21
2026/10/09 04:53:14.072, 1, 82709, 97871, 0, 161.91
2026/10/09 04:53:14.072, 2, 82745, 97871, 50, 182.27
2026/10/09 04:53:14.072, 3, 82761, 97871, 100, 527.56
2026/10/09 04:53:15.072, 0, 82711, 97871, 0, 170.66
2026/10/09 04:53:15.072, 1, 82709, 97871, 0, 181.14
2026/10/09 04:53:15.072, 2, 82745, 97871, 0, 141.76
2026/10/09 04:53:15.072, 3, 82761, 97871, 100, 527.32
2026/10/09 04:53:16.072, 0, 82711, 97871, 0, 207.49
2026/10/09 04:53:16.072, 1, 82709, 97871, 26, 164.85
2026/10/09 04:53:16.072, 2, 82745, 97871, 0, 197.51
2026/10/09 04:53:16.072, 3, 82761, 97871, 100, 526.56
2026/10/09 04:53:17.072, 0, 82711, 97871, 0, 137.78
2026/10/09 04:53:17.073, 1, 82709, 97871, 0, 166.67
2026/10/09 04:53:17.073, 2, 82745, 97871, 0, 162.33
2026/10/09 04:53:17.073, 3, 82761, 97871, 100, 530.58
2026/10/09 04:53:18.073, 0, 82711, 97871, 0, 139.91
2026/10/09 04:53:18.073, 1, 82709, 97871, 0, 133.13
2026/10/09 04:53:18.073, 2, 82745, 97871, 0, 143.24
2026/10/09 04:53:18.073, 3, 82761, 97871, 67, 266.82
2026/10/09 04:53:19.073, 0, 82711, 97871, 56, 238.20
2026/10/09 04:53:19.073, 1, 82709, 97871, 30, 206.61
2026/10/09 04:53:19.073, 2, 82745, 97871, 63, 244.81
2026/10/09 04:53:19.073, 3, 82761, 97871, 72, 378.77
2026/10/09 04:53:20.073, 0, 82711, 97871, 0, 254.69
2026/10/09 04:53:20.073, 1, 82709, 97871, 1, 267.80
2026/10/09 04:53:20.073, 2, 82745, 97871, 53, 258.11
2026/10/09 04:53:20.073, 3, 82761, 97871, 61, 288.11
2026/10/09 04:53:21.073, 0, 82711, 97871, 54, 293.54
2026/10/09 04:53:21.074, 1, 82709, 97871, 39, 289.97
2026/10/09 04:53:21.074, 2, 82745, 97871, 41, 290.32
2026/10/09 04:53:21.074, 3, 82761, 97871, 73, 337.92
2026/10/09 04:53:22.074, 0, 82711, 97871, 0, 254.98
2026/10/09 04:53:22.074, 1, 82709, 97871, 0, 253.22
2026/10/09 04:53:22.074, 2, 82745, 97871, 21, 274.47
2026/10/09 04:53:22.074, 3, 82761, 97871, 62, 271.96
2026/10/09 04:53:23.074, 0, 82711, 97871, 59, 294.73
2026/10/09 04:53:23.074, 1, 82709, 97871, 34, 294.21
2026/10/09 04:53:23.074, 2, 82745, 97871, 5, 265.45
2026/10/09 04:53:23.074, 3, 82761, 97871, 93, 310.01
2026/10/09 04:53:24.074, 0, 82711, 97871, 88, 238.07
2026/10/09 04:53:24.074, 1, 82709, 97871, 0, 210.77
2026/10/09 04:53:24.074, 2, 82745, 97871, 57, 273.56
2026/10/09 04:53:24.074, 3, 82761, 97871, 79, 331.44
2026/10/09 04:53:25.074, 0, 82711, 97871, 35, 244.11
2026/10/09 04:53:25.074, 1, 82709, 97871, 61, 283.42
2026/10/09 04:53:25.074, 2, 82745, 97871, 0, 309.66
2026/10/09 04:53:25.075, 3, 82761, 97871, 97, 426.65
2026/10/09 04:53:26.075, 0, 82711, 97871, 24, 326.57
2026/10/09 04:53:26.075, 1, 82709, 97871, 39, 315.34
2026/10/09 04:53:26.075, 2, 82745, 97871, 51, 311.98
2026/10/09 04:53:26.075, 3, 82761, 97871, 78, 402.62
2026/10/09 04:53:27.075, 0, 82711, 97871, 0, 138.71
2026/10/09 04:53:27.075, 1, 82709, 97871, 0, 134.23
2026/10/09 04:53:27.075, 2, 82745, 97871, 0, 181.68
2026/10/09 04:53:27.075, 3, 82761, 97871, 100, 519.64
2026/10/09 04:53:28.075, 0, 82711, 97871, 0, 175.58
2026/10/09 04:53:28.075, 1, 82709, 97871, 0, 131.06
2026/10/09 04:53:28.075, 2, 82745, 97871, 0, 142.62
2026/10/09 04:53:28.075, 3, 82761, 97871, 100, 528.57
2026/10/09 04:53:29.075, 0, 82711, 97871, 0, 138.51
2026/10/09 04:53:29.075, 1, 82709, 97871, 0, 130.34
2026/10/09 04:53:29.075, 2, 82745, 97871, 0, 142.25
2026/10/09 04:53:29.075, 3, 82761, 97871, 100, 526.43
2026/10/09 04:53:30.075, 0, 82711, 97871, 0, 138.51
2026/10/09 04:53:30.075, 1, 82709, 97871, 0, 129.82
2026/10/09 04:53:30.076, 2, 82745, 97871, 0, 142.10
2026/10/09 04:53:30.076, 3, 82761, 97871, 100, 524.61
2026/10/09 04:53:31.076, 0, 82711, 97871, 0, 138.23
2026/10/09 04:53:31.076, 1, 82709, 97871, 0, 186.47
2026/10/09 04:53:31.076, 2, 82745, 97871, 0, 141.90
2026/10/09 04:53:31.076, 3, 82761, 97871, 100, 528.88
2026/10/09 04:53:32.076, 0, 82711, 97871, 0, 138.15
2026/10/09 04:53:32.076, 1, 82709, 97871, 0, 130.29
2026/10/09 04:53:32.076, 2, 82745, 97871, 0, 141.97
2026/10/09 04:53:32.076, 3, 82761, 97871, 100, 524.41
2026/10/09 04:53:33.076, 0, 82711, 97871, 0, 139.04
2026/10/09 04:53:33.076, 1, 82709, 97871, 0, 129.97
2026/10/09 04:53:33.076, 2, 82745, 97871, 0, 173.32
2026/10/09 04:53:33.076, 3, 82761, 97871, 100, 525.70
2026/10/09 04:53:34.076, 0, 82711, 97871, 11, 289.31
2026/10/09 04:53:34.076, 1, 82709, 97871, 98, 261.95
2026/10/09 04:53:34.076, 2, 82745, 97871, 0, 277.90
2026/10/09 04:53:34.076, 3, 82761, 97871, 92, 450.81
2026/10/09 04:53:35.077, 0, 82711, 97871, 0, 243.46
2026/10/09 04:53:35.077, 1, 82709, 97871, 0, 228.93
2026/10/09 04:53:35.077, 2, 82745, 97871, 0, 283.40
2026/10/09 04:53:35.077, 3, 82761, 97871, 46, 234.64
2026/10/09 04:53:36.077, 0, 82711, 97871, 54, 276.01
2026/10/09 04:53:36.077, 1, 82709, 97871, 15, 330.69
2026/10/09 04:53:36.077, 2, 82745, 97871, 48, 283.94
2026/10/09 04:53:36.077, 3, 82761, 97871, 61, 360.41
2026/10/09 04:53:37.077, 0, 82711, 97871, 58, 274.17
2026/10/09 04:53:37.077, 1, 82709, 97871, 0, 235.18
2026/10/09 04:53:37.077, 2, 82745, 97871, 65, 278.25
2026/10/09 04:53:37.077, 3, 82761, 97871, 67, 329.47
2026/10/09 04:53:38.077, 0, 82711, 97871, 0, 209.94
2026/10/09 04:53:38.077, 1, 82709, 97871, 0, 236.77
2026/10/09 04:53:38.077, 2, 82745, 97871, 0, 209.40
2026/10/09 04:53:38.077, 3, 82761, 97871, 100, 422.65
2026/10/09 04:53:39.077, 0, 82711, 97871, 0, 196.84
2026/10/09 04:53:39.078, 1, 82709, 97871, 0, 174.44
2026/10/09 04:53:39.078, 2, 82745, 97871, 0, 183.77
2026/10/09 04:53:39.078, 3, 82761, 97871, 100, 535.19
2026/10/09 04:53:40.078, 0, 82711, 97871, 6, 175.39
2026/10/09 04:53:40.078, 1, 82709, 97871, 73, 209.84
2026/10/09 04:53:40.078, 2, 82745, 97871, 0, 209.96
2026/10/09 04:53:40.078, 3, 82761, 97871, 100, 527.91
2026/10/09 04:53:41.078, 0, 82711, 97871, 0, 138.08
2026/10/09 04:53:41.078, 1, 82709, 97871, 0, 130.07
2026/10/09 04:53:41.078, 2, 82745, 97871, 63, 175.81
2026/10/09 04:53:41.078, 3, 82761, 97871, 100, 529.95
2026/10/09 04:53:42.078, 0, 82711, 97871, 0, 205.98
2026/10/09 04:53:42.078, 1, 82709, 97871, 0, 161.99
2026/10/09 04:53:42.078, 2, 82745, 97871, 7, 179.63
2026/10/09 04:53:42.078, 3, 82761, 97871, 100, 524.82
2026/10/09 04:53:43.078, 0, 82711, 97871, 0, 176.15
2026/10/09 04:53:43.078, 1, 82709, 97871, 0, 157.79
2026/10/09 04:53:43.078, 2, 82745, 97871, 0, 170.53
2026/10/09 04:53:43.078, 3, 82761, 97871, 100, 527.78
2026/10/09 04:53:44.079, 0, 82711, 97871, 0, 140.94
2026/10/09 04:53:44.079, 1, 82709, 97871, 0, 133.74
2026/10/09 04:53:44.079, 2, 82745, 97871, 0, 145.02
2026/10/09 04:53:44.079, 3, 82761, 97871, 100, 244.26
2026/10/09 04:53:45.079, 0, 82711, 97871, 17, 238.95
2026/10/09 04:53:45.079, 1, 82709, 97871, 0, 229.73
2026/10/09 04:53:45.079, 2, 82745, 97871, 0, 252.81
2026/10/09 04:53:45.079, 3, 82761, 97871, 100, 492.34
2026/10/09 04:53:46.079, 0, 82711, 97871, 0, 138.10
2026/10/09 04:53:46.079, 1, 82709, 97871, 0, 155.58
2026/10/09 04:53:46.085, 2, 82745, 97871, 0, 141.67
2026/10/09 04:53:46.085, 3, 82761, 97871, 100, 530.97
2026/10/09 04:53:47.085, 0, 82711, 97871, 0, 168.38
2026/10/09 04:53:47.085, 1, 82709, 97871, 0, 129.92
2026/10/09 04:53:47.085, 2, 82745, 97871, 0, 174.90
2026/10/09 04:53:47.085, 3, 82761, 97871, 100, 527.69
2026/10/09 04:53:48.085, 0, 82711, 97871, 0, 170.60
2026/10/09 04:53:48.085, 1, 82709, 97871, 0, 165.85
2026/10/09 04:53:48.085, 2, 82745, 97871, 0, 169.28
2026/10/09 04:53:48.085, 3, 82761, 97871, 100, 525.91
2026/10/09 04:53:49.086, 0, 82711, 97871, 0, 138.89
2026/10/09 04:53:49.086, 1, 82709, 97871, 0, 172.59
2026/10/09 04:53:49.086, 2, 82745, 97871, 0, 182.02
2026/10/09 04:53:49.086, 3, 82761, 97871, 74, 475.30
2026/10/09 04:53:50.086, 0, 82711, 97871, 42, 223.33
2026/10/09 04:53:50.086, 1, 82709, 97871, 11, 170.65
2026/10/09 04:53:50.086, 2, 82745, 97871, 0, 190.95
2026/10/09 04:53:50.086, 3, 82761, 97871, 82, 279.84
2026/10/09 04:53:51.086, 0, 82711, 97871, 81, 267.75
2026/10/09 04:53:51.086, 1, 82709, 97871, 38, 252.03
2026/10/09 04:53:51.086, 2, 82745, 97871, 26, 258.36
2026/10/09 04:53:51.086, 3, 82761, 97871, 63, 317.40
2026/10/09 04:53:52.086, 0, 82711, 97871, 66, 243.61
2026/10/09 04:53:52.086, 1, 82709, 97871, 30, 289.79
2026/10/09 04:53:52.086, 2, 82745, 97871, 9, 246.73
2026/10/09 04:53:52.086, 3, 82761, 97871, 88, 370.31
2026/10/09 04:53:53.086, 0, 82711, 97871, 0, 176.63
2026/10/09 04:53:53.086, 1, 82709, 97871, 0, 166.91
2026/10/09 04:53:53.086, 2, 82745, 97871, 33, 179.60
2026/10/09 04:53:53.086, 3, 82761, 97871, 100, 536.51
2026/10/09 04:53:54.087, 0, 82711, 97871, 0, 138.33
2026/10/09 04:53:54.087, 1, 82709, 97871, 0, 164.17
2026/10/09 04:53:54.087, 2, 82745, 97871, 0, 153.45
2026/10/09 04:53:54.087, 3, 82761, 97871, 100, 528.03
2026/10/09 04:53:55.087, 0, 82711, 97871, 0, 174.01
2026/10/09 04:53:55.087, 1, 82709, 97871, 9, 184.68
2026/10/09 04:53:55.087, 2, 82745, 97871, 0, 172.43
2026/10/09 04:53:55.087, 3, 82761, 97871, 100, 525.09
2026/10/09 04:53:56.087, 0, 82711, 97871, 0, 183.25
2026/10/09 04:53:56.087, 1, 82709, 97871, 70, 182.21
2026/10/09 04:53:56.090, 2, 82745, 97871, 47, 225.75
2026/10/09 04:53:56.090, 3, 82761, 97871, 100, 527.07
2026/10/09 04:53:57.091, 0, 82711, 97871, 0, 188.02
2026/10/09 04:53:57.091, 1, 82709, 97871, 0, 180.87
2026/10/09 04:53:57.091, 2, 82745, 97871, 0, 198.44
2026/10/09 04:53:57.091, 3, 82761, 97871, 100, 524.76
2026/10/09 04:53:58.091, 0, 82711, 97871, 0, 218.01
2026/10/09 04:53:58.092, 1, 82709, 97871, 0, 209.54
2026/10/09 04:53:58.092, 2, 82745, 97871, 0, 184.08
2026/10/09 04:53:58.092, 3, 82761, 97871, 100, 528.51
2026/10/09 04:53:59.092, 0, 82711, 97871, 0, 137.43
2026/10/09 04:53:59.092, 1, 82709, 97871, 0, 130.66
2026/10/09 04:53:59.092, 2, 82745, 97871, 0, 173.52
2026/10/09 04:53:59.092, 3, 82761, 97871, 100, 527.14
2026/10/09 04:54:00.092, 0, 82711, 97871, 0, 193.15
2026/10/09 04:54:00.092, 1, 82709, 97871, 0, 174.87
2026/10/09 04:54:00.092, 2, 82745, 97871, 0, 142.28
2026/10/09 04:54:00.092, 3, 82761, 97871, 100, 523.59
2026/10/09 04:54:01.092, 0, 82711, 97871, 0, 178.16
2026/10/09 04:54:01.092, 1, 82709, 97871, 0, 130.98
2026/10/09 04:54:01.092, 2, 82745, 97871, 0, 182.55
2026/10/09 04:54:01.092, 3, 82761, 97871, 100, 524.17
2026/10/09 04:54:02.092, 0, 82711, 97871, 0, 139.55
2026/10/09 04:54:02.092, 1, 82709, 97871, 0, 132.83
2026/10/09 04:54:02.092, 2, 82745, 97871, 0, 145.95
2026/10/09 04:54:02.092, 3, 82761, 97871, 67, 312.88
2026/10/09 04:54:03.093, 0, 82711, 97871, 0, 140.92
2026/10/09 04:54:03.093, 1, 82709, 97871, 0, 133.69
2026/10/09 04:54:03.093, 2, 82745, 97871, 0, 146.23
2026/10/09 04:54:03.093, 3, 82761, 97871, 62, 150.52
2026/10/09 04:54:04.093, 0, 82711, 97871, 0, 138.31
2026/10/09 04:54:04.093, 1, 82709, 97871, 0, 176.64
2026/10/09 04:54:04.093, 2, 82745, 97871, 0, 143.97
2026/10/09 04:54:04.093, 3, 82761, 97871, 100, 505.57
2026/10/09 04:54:05.093, 0, 82711, 97871, 0, 137.34
2026/10/09 04:54:05.093, 1, 82709, 97871, 0, 131.53
2026/10/09 04:54:05.093, 2, 82745, 97871, 0, 178.30
2026/10/09 04:54:05.093, 3, 82761, 97871, 100, 528.98
2026/10/09 04:54:06.093, 0, 82711, 97871, 0, 137.55
2026/10/09 04:54:06.093, 1, 82709, 97871, 0, 131.27
2026/10/09 04:54:06.095, 2, 82745, 97871, 0, 143.24
2026/10/09 04:54:06.095, 3, 82761, 97871, 100, 527.49
2026/10/09 04:54:07.095, 0, 82711, 97871, 67, 183.92
2026/10/09 04:54:07.096, 1, 82709, 97871, 0, 131.26
2026/10/09 04:54:07.096, 2, 82745, 97871, 0, 143.16
2026/10/09 04:54:07.096, 3, 82761, 97871, 100, 525.87
2026/10/09 04:54:08.096, 0, 82711, 97871, 0, 137.71
2026/10/09 04:54:08.096, 1, 82709, 97871, 0, 131.20
2026/10/09 04:54:08.096, 2, 82745, 97871, 0, 143.09
2026/10/09 04:54:08.096, 3, 82761, 97871, 100, 529.85
2026/10/09 04:54:09.096, 0, 82711, 97871, 0, 137.73
2026/10/09 04:54:09.096, 1, 82709, 97871, 0, 131.68
2026/10/09 04:54:09.096, 2, 82745, 97871, 0, 143.11
2026/10/09 04:54:09.096, 3, 82761, 97871, 100, 525.73
2026/10/09 04:54:10.096, 0, 82711, 97871, 0, 165.55
2026/10/09 04:54:10.096, 1, 82709, 97871, 0, 183.71
2026/10/09 04:54:10.096, 2, 82745, 97871, 0, 187.62
2026/10/09 04:54:10.096, 3, 82761, 97871, 100, 520.06
2026/10/09 04:54:11.096, 0, 82711, 97871, 0, 137.76
2026/10/09 04:54:11.096, 1, 82709, 97871, 0, 130.63
2026/10/09 04:54:11.096, 2, 82745, 97871, 0, 141.85
2026/10/09 04:54:11.096, 3, 82761, 97871, 100, 529.27
2026/10/09 04:54:12.097, 0, 82711, 97871, 0, 137.65
2026/10/09 04:54:12.097, 1, 82709, 97871, 0, 192.33
2026/10/09 04:54:12.097, 2, 82745, 97871, 0, 141.81
2026/10/09 04:54:12.097, 3, 82761, 97871, 100, 527.37
2026/10/09 04:54:13.097, 0, 82711, 97871, 0, 137.69
2026/10/09 04:54:13.097, 1, 82709, 97871, 0, 130.79
2026/10/09 04:54:13.097, 2, 82745, 97871, 0, 141.72
2026/10/09 04:54:13.097, 3, 82761, 97871, 100, 526.23
2026/10/09 04:54:14.097, 0, 82711, 97871, 0, 137.55
2026/10/09 04:54:14.097, 1, 82709, 97871, 0, 130.52
2026/10/09 04:54:14.097, 2, 82745, 97871, 0, 141.63
2026/10/09 04:54:14.097, 3, 82761, 97871, 100, 528.73
2026/10/09 04:54:15.097, 0, 82711, 97871, 0, 137.91
2026/10/09 04:54:15.097, 1, 82709, 97871, 0, 130.50
2026/10/09 04:54:15.097, 2, 82745, 97871, 0, 169.36
2026/10/09 04:54:15.097, 3, 82761, 97871, 100, 526.20
2026/10/09 04:54:16.097, 0, 82711, 97871, 0, 237.51
2026/10/09 04:54:16.097, 1, 82709, 97871, 0, 185.26
2026/10/09 04:54:16.104, 2, 82745, 97871, 2, 217.24
2026/10/09 04:54:16.104, 3, 82761, 97871, 66, 431.14
2026/10/09 04:54:17.104, 0, 82711, 97871, 19, 262.68
2026/10/09 04:54:17.104, 1, 82709, 97871, 57, 261.38
2026/10/09 04:54:17.104, 2, 82745, 97871, 96, 243.66
2026/10/09 04:54:17.104, 3, 82761, 97871, 65, 301.29
2026/10/09 04:54:18.104, 0, 82711, 97871, 9, 257.98
2026/10/09 04:54:18.104, 1, 82709, 97871, 0, 276.41
2026/10/09 04:54:18.104, 2, 82745, 97871, 13, 263.58
2026/10/09 04:54:18.104, 3, 82761, 97871, 82, 309.92
2026/10/09 04:54:19.105, 0, 82711, 97871, 0, 236.72
2026/10/09 04:54:19.105, 1, 82709, 97871, 30, 254.52
2026/10/09 04:54:19.105, 2, 82745, 97871, 48, 272.53
2026/10/09 04:54:19.105, 3, 82761, 97871, 71, 285.17
2026/10/09 04:54:20.105, 0, 82711, 97871, 63, 284.41
2026/10/09 04:54:20.105, 1, 82709, 97871, 30, 275.31
2026/10/09 04:54:20.105, 2, 82745, 97871, 99, 271.74
2026/10/09 04:54:20.105, 3, 82761, 97871, 55, 308.99
2026/10/09 04:54:21.105, 0, 82711, 97871, 0, 247.19
2026/10/09 04:54:21.105, 1, 82709, 97871, 71, 221.81
2026/10/09 04:54:21.105, 2, 82745, 97871, 17, 207.30
2026/10/09 04:54:21.105, 3, 82761, 97871, 50, 293.52
2026/10/09 04:54:22.105, 0, 82711, 97871, 94, 247.59
2026/10/09 04:54:22.105, 1, 82709, 97871, 100, 270.24
2026/10/09 04:54:22.105, 2, 82745, 97871, 6, 234.81
2026/10/09 04:54:22.105, 3, 82761, 97871, 75, 280.82
2026/10/09 04:54:23.105, 0, 82711, 97871, 71, 235.53
2026/10/09 04:54:23.106, 1, 82709, 97871, 98, 228.04
2026/10/09 04:54:23.106, 2, 82745, 97871, 0, 228.16
2026/10/09 04:54:23.106, 3, 82761, 97871, 79, 312.30
2026/10/09 04:54:24.106, 0, 82711, 97871, 11, 233.99
2026/10/09 04:54:24.106, 1, 82709, 97871, 65, 257.23
2026/10/09 04:54:24.106, 2, 82745, 97871, 0, 253.14
2026/10/09 04:54:24.106, 3, 82761, 97871, 57, 252.82
2026/10/09 04:54:25.106, 0, 82711, 97871, 0, 229.93
2026/10/09 04:54:25.106, 1, 82709, 97871, 0, 221.48
2026/10/09 04:54:25.106, 2, 82745, 97871, 20, 269.51
2026/10/09 04:54:25.106, 3, 82761, 97871, 100, 380.16
2026/10/09 04:54:26.106, 0, 82711, 97871, 0, 185.94
2026/10/09 04:54:26.106, 1, 82709, 97871, 0, 131.36
2026/10/09 04:54:26.110, 2, 82745, 97871, 0, 142.68
2026/10/09 04:54:26.110, 3, 82761, 97871, 100, 531.82
2026/10/09 04:54:27.110, 0, 82711, 97871, 0, 179.25
2026/10/09 04:54:27.111, 1, 82709, 97871, 0, 208.56
2026/10/09 04:54:27.111, 2, 82745, 97871, 0, 174.09
2026/10/09 04:54:27.111, 3, 82761, 97871, 100, 529.69
2026/10/09 04:54:28.111, 0, 82711, 97871, 0, 173.58
2026/10/09 04:54:28.111, 1, 82709, 97871, 52, 192.41
2026/10/09 04:54:28.111, 2, 82745, 97871, 0, 182.46
2026/10/09 04:54:28.111, 3, 82761, 97871, 100, 529.55
2026/10/09 04:54:29.111, 0, 82711, 97871, 0, 174.68
2026/10/09 04:54:29.111, 1, 82709, 97871, 0, 130.10
2026/10/09 04:54:29.111, 2, 82745, 97871, 0, 179.18
2026/10/09 04:54:29.111, 3, 82761, 97871, 100, 529.69
2026/10/09 04:54:30.111, 0, 82711, 97871, 0, 212.82
2026/10/09 04:54:30.111, 1, 82709, 97871, 0, 214.29
2026/10/09 04:54:30.111, 2, 82745, 97871, 0, 212.10
2026/10/09 04:54:30.111, 3, 82761, 97871, 100, 525.47
2026/10/09 04:54:31.111, 0, 82711, 97871, 0, 177.85
2026/10/09 04:54:31.111, 1, 82709, 97871, 0, 130.02
2026/10/09 04:54:31.111, 2, 82745, 97871, 0, 169.09
2026/10/09 04:54:31.111, 3, 82761, 97871, 100, 524.03
2026/10/09 04:54:32.112, 0, 82711, 97871, 0, 137.77
2026/10/09 04:54:32.112, 1, 82709, 97871, 61, 163.19
2026/10/09 04:54:32.112, 2, 82745, 97871, 0, 142.09
2026/10/09 04:54:32.112, 3, 82761, 97871, 100, 526.59
2026/10/09 04:54:33.112, 0, 82711, 97871, 0, 137.64
2026/10/09 04:54:33.112, 1, 82709, 97871, 0, 130.54
2026/10/09 04:54:33.112, 2, 82745, 97871, 0, 184.73
2026/10/09 04:54:33.112, 3, 82761, 97871, 100, 528.07
2026/10/09 04:54:34.112, 0, 82711, 97871, 0, 140.51
2026/10/09 04:54:34.112, 1, 82709, 97871, 0, 132.57
2026/10/09 04:54:34.112, 2, 82745, 97871, 0, 144.91
2026/10/09 04:54:34.112, 3, 82761, 97871, 86, 200.27
2026/10/09 04:54:35.112, 0, 82711, 97871, 99, 279.79
2026/10/09 04:54:35.112, 1, 82709, 97871, 0, 219.87
2026/10/09 04:54:35.112, 2, 82745, 97871, 8, 218.34
2026/10/09 04:54:35.112, 3, 82761, 97871, 76, 471.43
2026/10/09 04:54:36.112, 0, 82711, 97871, 6, 222.82
2026/10/09 04:54:36.113, 1, 82709, 97871, 0, 262.21
2026/10/09 04:54:36.116, 2, 82745, 97871, 0, 287.38
2026/10/09 04:54:36.116, 3, 82761, 97871, 79, 465.61
2026/10/09 04:54:37.116, 0, 82711, 97871, 0, 191.60
2026/10/09 04:54:37.116, 1, 82709, 97871, 0, 174.01
2026/10/09 04:54:37.116, 2, 82745, 97871, 0, 143.02
2026/10/09 04:54:37.116, 3, 82761, 97871, 100, 513.28
2026/10/09 04:54:38.116, 0, 82711, 97871, 0, 138.89
2026/10/09 04:54:38.116, 1, 82709, 97871, 0, 129.98
2026/10/09 04:54:38.116, 2, 82745, 97871, 0, 142.12
2026/10/09 04:54:38.116, 3, 82761, 97871, 100, 533.75
2026/10/09 04:54:39.116, 0, 82711, 97871, 0, 141.00
2026/10/09 04:54:39.116, 1, 82709, 97871, 0, 129.56
2026/10/09 04:54:39.116, 2, 82745, 97871, 0, 174.25
2026/10/09 04:54:39.116, 3, 82761, 97871, 100, 532.39
2026/10/09 04:54:40.116, 0, 82711, 97871, 0, 235.70
2026/10/09 04:54:40.116, 1, 82709, 97871, 0, 155.69
2026/10/09 04:54:40.116, 2, 82745, 97871, 15, 175.12
2026/10/09 04:54:40.116, 3, 82761, 97871, 100, 527.13
2026/10/09 04:54:41.117, 0, 82711, 97871, 0, 137.22
2026/10/09 04:54:41.117, 1, 82709, 97871, 0, 129.65
2026/10/09 04:54:41.117, 2, 82745, 97871, 0, 142.88
2026/10/09 04:54:41.117, 3, 82761, 97871, 100, 528.88
2026/10/09 04:54:42.117, 0, 82711, 97871, 0, 138.07
2026/10/09 04:54:42.117, 1, 82709, 97871, 0, 167.22
2026/10/09 04:54:42.117, 2, 82745, 97871, 0, 168.79
2026/10/09 04:54:42.117, 3, 82761, 97871, 100, 530.22
2026/10/09 04:54:43.117, 0, 82711, 97871, 0, 175.50
2026/10/09 04:54:43.117, 1, 82709, 97871, 0, 173.14
2026/10/09 04:54:43.117, 2, 82745, 97871, 0, 182.93
2026/10/09 04:54:43.117, 3, 82761, 97871, 100, 523.35
2026/10/09 04:54:44.117, 0, 82711, 97871, 0, 138.23
2026/10/09 04:54:44.117, 1, 82709, 97871, 0, 129.63
2026/10/09 04:54:44.117, 2, 82745, 97871, 0, 151.95
2026/10/09 04:54:44.117, 3, 82761, 97871, 100, 526.64
2026/10/09 04:54:45.117, 0, 82711, 97871, 0, 165.60
2026/10/09 04:54:45.117, 1, 82709, 97871, 0, 129.53
2026/10/09 04:54:45.117, 2, 82745, 97871, 0, 141.85
2026/10/09 04:54:45.117, 3, 82761, 97871, 100, 524.76
2026/10/09 04:54:46.118, 0, 82711, 97871, 0, 137.96
2026/10/09 04:54:46.118, 1, 82709, 97871, 0, 159.81
2026/10/09 04:54:46.121, 2, 82745, 97871, 0, 141.77
2026/10/09 04:54:46.121, 3, 82761, 97871, 100, 527.31
2026/10/09 04:54:47.121, 0, 82711, 97871, 0, 139.55
2026/10/09 04:54:47.121, 1, 82709, 97871, 0, 131.55
2026/10/09 04:54:47.121, 2, 82745, 97871, 0, 174.88
2026/10/09 04:54:47.121, 3, 82761, 97871, 64, 341.70
2026/10/09 04:54:48.121, 0, 82711, 97871, 0, 274.62
2026/10/09 04:54:48.121, 1, 82709, 97871, 0, 210.31
2026/10/09 04:54:48.121, 2, 82745, 97871, 0, 253.07
2026/10/09 04:54:48.121, 3, 82761, 97871, 100, 356.98
2026/10/09 04:54:49.121, 0, 82711, 97871, 0, 274.16
2026/10/09 04:54:49.121, 1, 82709, 97871, 28, 296.20
2026/10/09 04:54:49.122, 2, 82745, 97871, 12, 286.91
2026/10/09 04:54:49.122, 3, 82761, 97871, 92, 308.38
2026/10/09 04:54:50.122, 0, 82711, 97871, 0, 250.32
2026/10/09 04:54:50.122, 1, 82709, 97871, 29, 255.40
2026/10/09 04:54:50.122, 2, 82745, 97871, 0, 241.67
2026/10/09 04:54:50.122, 3, 82761, 97871, 96, 331.49
2026/10/09 04:54:51.122, 0, 82711, 97871, 0, 276.16
2026/10/09 04:54:51.122, 1, 82709, 97871, 0, 262.97
2026/10/09 04:54:51.122, 2, 82745, 97871, 0, 291.46
2026/10/09 04:54:51.122, 3, 82761, 97871, 77, 331.75
2026/10/09 04:54:52.122, 0, 82711, 97871, 0, 278.01
2026/10/09 04:54:52.122, 1, 82709, 97871, 0, 287.23
2026/10/09 04:54:52.122, 2, 82745, 97871, 0, 257.90
2026/10/09 04:54:52.122, 3, 82761, 97871, 82, 305.75
2026/10/09 04:54:53.122, 0, 82711, 97871, 13, 248.46
2026/10/09 04:54:53.122, 1, 82709, 97871, 54, 237.90
2026/10/09 04:54:53.122, 2, 82745, 97871, 0, 266.74
2026/10/09 04:54:53.122, 3, 82761, 97871, 77, 320.37
2026/10/09 04:54:54.122, 0, 82711, 97871, 83, 286.41
2026/10/09 04:54:54.123, 1, 82709, 97871, 100, 278.51
2026/10/09 04:54:54.123, 2, 82745, 97871, 0, 236.37
2026/10/09 04:54:54.123, 3, 82761, 97871, 95, 334.70
2026/10/09 04:54:55.123, 0, 82711, 97871, 0, 267.97
2026/10/09 04:54:55.123, 1, 82709, 97871, 0, 246.24
2026/10/09 04:54:55.123, 2, 82745, 97871, 0, 342.91
2026/10/09 04:54:55.123, 3, 82761, 97871, 79, 381.91
2026/10/09 04:54:56.123, 0, 82711, 97871, 25, 225.61
2026/10/09 04:54:56.123, 1, 82709, 97871, 0, 216.29
2026/10/09 04:54:56.130, 2, 82745, 97871, 0, 252.85
2026/10/09 04:54:56.130, 3, 82761, 97871, 95, 371.90
2026/10/09 04:54:57.130, 0, 82711, 97871, 0, 190.39
2026/10/09 04:54:57.130, 1, 82709, 97871, 0, 218.38
2026/10/09 04:54:57.130, 2, 82745, 97871, 0, 219.38
2026/10/09 04:54:57.130, 3, 82761, 97871, 100, 456.31
2026/10/09 04:54:58.130, 0, 82711, 97871, 0, 169.31
2026/10/09 04:54:58.130, 1, 82709, 97871, 0, 131.10
2026/10/09 04:54:58.130, 2, 82745, 97871, 0, 142.58
2026/10/09 04:54:58.130, 3, 82761, 97871, 100, 532.58
2026/10/09 04:54:59.130, 0, 82711, 97871, 0, 138.37
2026/10/09 04:54:59.130, 1, 82709, 97871, 0, 177.59
2026/10/09 04:54:59.130, 2, 82745, 97871, 0, 142.23
2026/10/09 04:54:59.130, 3, 82761, 97871, 100, 528.77
2026/10/09 04:55:00.130, 0, 82711, 97871, 0, 191.03
2026/10/09 04:55:00.130, 1, 82709, 97871, 0, 130.07
2026/10/09 04:55:00.130, 2, 82745, 97871, 0, 184.84
2026/10/09 04:55:00.130, 3, 82761, 97871, 100, 523.60
2026/10/09 04:55:01.130, 0, 82711, 97871, 0, 138.33
2026/10/09 04:55:01.131, 1, 82709, 97871, 0, 129.76
2026/10/09 04:55:01.131, 2, 82745, 97871, 0, 141.00
2026/10/09 04:55:01.131, 3, 82761, 97871, 100, 526.78
2026/10/09 04:55:02.131, 0, 82711, 97871, 0, 137.95
2026/10/09 04:55:02.131, 1, 82709, 97871, 57, 165.56
2026/10/09 04:55:02.131, 2, 82745, 97871, 53, 192.61
2026/10/09 04:55:02.131, 3, 82761, 97871, 100, 531.35
2026/10/09 04:55:03.131, 0, 82711, 97871, 0, 216.93
2026/10/09 04:55:03.131, 1, 82709, 97871, 0, 178.40
2026/10/09 04:55:03.131, 2, 82745, 97871, 0, 182.80
2026/10/09 04:55:03.131, 3, 82761, 97871, 100, 523.32
2026/10/09 04:55:04.131, 0, 82711, 97871, 0, 178.27
2026/10/09 04:55:04.131, 1, 82709, 97871, 88, 211.78
2026/10/09 04:55:04.131, 2, 82745, 97871, 0, 180.79
2026/10/09 04:55:04.131, 3, 82761, 97871, 98, 388.19
2026/10/09 04:55:05.131, 0, 82711, 97871, 100, 239.13
2026/10/09 04:55:05.131, 1, 82709, 97871, 61, 237.83
2026/10/09 04:55:05.131, 2, 82745, 97871, 77, 279.50
2026/10/09 04:55:05.131, 3, 82761, 97871, 94, 421.86
2026/10/09 04:55:06.132, 0, 82711, 97871, 84, 291.56
2026/10/09 04:55:06.132, 1, 82709, 97871, 30, 265.09
2026/10/09 04:55:06.135, 2, 82745, 97871, 49, 289.37
2026/10/09 04:55:06.135, 3, 82761, 97871, 100, 429.02
2026/10/09 04:55:07.135, 0, 82711, 97871, 0, 138.55
2026/10/09 04:55:07.135, 1, 82709, 97871, 0, 175.12
2026/10/09 04:55:07.135, 2, 82745, 97871, 0, 164.54
2026/10/09 04:55:07.135, 3, 82761, 97871, 100, 530.05
2026/10/09 04:55:08.135, 0, 82711, 97871, 0, 168.85
2026/10/09 04:55:08.135, 1, 82709, 97871, 0, 173.44
2026/10/09 04:55:08.135, 2, 82745, 97871, 0, 159.45
2026/10/09 04:55:08.135, 3, 82761, 97871, 100, 528.26
2026/10/09 04:55:09.135, 0, 82711, 97871, 67, 172.94
2026/10/09 04:55:09.135, 1, 82709, 97871, 0, 138.54
2026/10/09 04:55:09.135, 2, 82745, 97871, 78, 186.10
2026/10/09 04:55:09.135, 3, 82761, 97871, 100, 526.70
2026/10/09 04:55:10.135, 0, 82711, 97871, 0, 138.07
2026/10/09 04:55:10.135, 1, 82709, 97871, 18, 168.79
2026/10/09 04:55:10.135, 2, 82745, 97871, 0, 174.85
2026/10/09 04:55:10.135, 3, 82761, 97871, 100, 527.56
2026/10/09 04:55:11.136, 0, 82711, 97871, 0, 167.31
2026/10/09 04:55:11.136, 1, 82709, 97871, 0, 131.62
2026/10/09 04:55:11.136, 2, 82745, 97871, 0, 152.46
2026/10/09 04:55:11.136, 3, 82761, 97871, 100, 525.27
2026/10/09 04:55:12.136, 0, 82711, 97871, 0, 140.47
2026/10/09 04:55:12.136, 1, 82709, 97871, 0, 174.80
2026/10/09 04:55:12.136, 2, 82745, 97871, 0, 156.73
2026/10/09 04:55:12.136, 3, 82761, 97871, 66, 317.03
2026/10/09 04:55:13.136, 0, 82711, 97871, 0, 242.65
2026/10/09 04:55:13.136, 1, 82709, 97871, 0, 235.42
2026/10/09 04:55:13.136, 2, 82745, 97871, 2, 254.69
2026/10/09 04:55:13.136, 3, 82761, 97871, 57, 271.54
2026/10/09 04:55:14.136, 0, 82711, 97871, 0, 288.42
2026/10/09 04:55:14.136, 1, 82709, 97871, 0, 258.55
2026/10/09 04:55:14.136, 2, 82745, 97871, 0, 279.22
2026/10/09 04:55:14.136, 3, 82761, 97871, 100, 343.20
2026/10/09 04:55:15.136, 0, 82711, 97871, 52, 164.38
2026/10/09 04:55:15.137, 1, 82709, 97871, 0, 155.47
2026/10/09 04:55:15.137, 2, 82745, 97871, 0, 157.36
2026/10/09 04:55:15.137, 3, 82761, 97871, 100, 536.52
2026/10/09 04:55:16.137, 0, 82711, 97871, 0, 138.75
2026/10/09 04:55:16.137, 1, 82709, 97871, 0, 173.95
2026/10/09 04:55:16.139, 2, 82745, 97871, 0, 176.26
2026/10/09 04:55:16.139, 3, 82761, 97871, 100, 531.68
2026/10/09 04:55:17.140, 0, 82711, 97871, 0, 204.60
2026/10/09 04:55:17.140, 1, 82709, 97871, 0, 168.86
2026/10/09 04:55:17.140, 2, 82745, 97871, 0, 182.38
2026/10/09 04:55:17.140, 3, 82761, 97871, 100, 528.84
2026/10/09 04:55:18.140, 0, 82711, 97871, 0, 169.01
2026/10/09 04:55:18.140, 1, 82709, 97871, 0, 195.99
2026/10/09 04:55:18.140, 2, 82745, 97871, 14, 205.32
2026/10/09 04:55:18.140, 3, 82761, 97871, 100, 529.52
2026/10/09 04:55:19.140, 0, 82711, 97871, 0, 179.53
2026/10/09 04:55:19.140, 1, 82709, 97871, 54, 162.26
2026/10/09 04:55:19.140, 2, 82745, 97871, 0, 142.11
2026/10/09 04:55:19.140, 3, 82761, 97871, 100, 528.29
2026/10/09 04:55:20.140, 0, 82711, 97871, 0, 141.54
2026/10/09 04:55:20.140, 1, 82709, 97871, 0, 133.98
2026/10/09 04:55:20.140, 2, 82745, 97871, 0, 145.22
2026/10/09 04:55:20.140, 3, 82761, 97871, 70, 223.08
2026/10/09 04:55:21.140, 0, 82711, 97871, 100, 242.89
2026/10/09 04:55:21.140, 1, 82709, 97871, 0, 197.22
2026/10/09 04:55:21.141, 2, 82745, 97871, 52, 243.39
2026/10/09 04:55:21.141, 3, 82761, 97871, 57, 371.62
2026/10/09 04:55:22.141, 0, 82711, 97871, 57, 255.05
2026/10/09 04:55:22.141, 1, 82709, 97871, 0, 268.98
2026/10/09 04:55:22.141, 2, 82745, 97871, 3, 274.08
2026/10/09 04:55:22.141, 3, 82761, 97871, 97, 332.74
2026/10/09 04:55:23.141, 0, 82711, 97871, 16, 263.24
2026/10/09 04:55:23.141, 1, 82709, 97871, 57, 215.03
2026/10/09 04:55:23.141, 2, 82745, 97871, 52, 283.42
2026/10/09 04:55:23.141, 3, 82761, 97871, 93, 371.30
2026/10/09 04:55:24.141, 0, 82711, 97871, 81, 293.12
2026/10/09 04:55:24.141, 1, 82709, 97871, 0, 333.39
2026/10/09 04:55:24.141, 2, 82745, 97871, 44, 247.64
2026/10/09 04:55:24.141, 3, 82761, 97871, 89, 314.13
2026/10/09 04:55:25.141, 0, 82711, 97871, 0, 179.91
2026/10/09 04:55:25.141, 1, 82709, 97871, 0, 195.52
2026/10/09 04:55:25.141, 2, 82745, 97871, 0, 215.59
2026/10/09 04:55:25.141, 3, 82761, 97871, 100, 389.28
2026/10/09 04:55:26.142, 0, 82711, 97871, 0, 171.88
2026/10/09 04:55:26.142, 1, 82709, 97871, 0, 181.66
2026/10/09 04:55:26.146, 2, 82745, 97871, 0, 201.92
2026/10/09 04:55:26.146, 3, 82761, 97871, 100, 527.48
2026/10/09 04:55:27.146, 0, 82711, 97871, 0, 138.19
2026/10/09 04:55:27.146, 1, 82709, 97871, 0, 131.17
2026/10/09 04:55:27.146, 2, 82745, 97871, 0, 146.46
2026/10/09 04:55:27.146, 3, 82761, 97871, 100, 524.08
2026/10/09 04:55:28.146, 0, 82711, 97871, 0, 137.83
2026/10/09 04:55:28.146, 1, 82709, 97871, 0, 130.87
2026/10/09 04:55:28.146, 2, 82745, 97871, 0, 142.34
2026/10/09 04:55:28.146, 3, 82761, 97871, 100, 524.86
2026/10/09 04:55:29.146, 0, 82711, 97871, 0, 190.29
2026/10/09 04:55:29.146, 1, 82709, 97871, 0, 130.73
2026/10/09 04:55:29.146, 2, 82745, 97871, 0, 142.28
2026/10/09 04:55:29.146, 3, 82761, 97871, 100, 523.69
2026/10/09 04:55:30.146, 0, 82711, 97871, 0, 138.51
2026/10/09 04:55:30.147, 1, 82709, 97871, 0, 185.89
2026/10/09 04:55:30.147, 2, 82745, 97871, 0, 176.83
2026/10/09 04:55:30.147, 3, 82761, 97871, 100, 492.88
2026/10/09 04:55:31.147, 0, 82711, 97871, 0, 245.22
2026/10/09 04:55:31.147, 1, 82709, 97871, 51, 227.15
2026/10/09 04:55:31.147, 2, 82745, 97871, 79, 240.16
2026/10/09 04:55:31.147, 3, 82761, 97871, 63, 380.95
2026/10/09 04:55:32.147, 0, 82711, 97871, 0, 225.17
2026/10/09 04:55:32.147, 1, 82709, 97871, 56, 210.26
2026/10/09 04:55:32.147, 2, 82745, 97871, 0, 172.05
2026/10/09 04:55:32.147, 3, 82761, 97871, 100, 518.84
2026/10/09 04:55:33.147, 0, 82711, 97871, 0, 182.44
2026/10/09 04:55:33.147, 1, 82709, 97871, 0, 131.06
2026/10/09 04:55:33.147, 2, 82745, 97871, 0, 174.38
2026/10/09 04:55:33.147, 3, 82761, 97871, 100, 526.29
2026/10/09 04:55:34.147, 0, 82711, 97871, 0, 139.04
2026/10/09 04:55:34.147, 1, 82709, 97871, 0, 174.99
2026/10/09 04:55:34.147, 2, 82745, 97871, 0, 142.60
2026/10/09 04:55:34.147, 3, 82761, 97871, 95, 483.70
2026/10/09 04:55:35.148, 0, 82711, 97871, 0, 186.67
2026/10/09 04:55:35.148, 1, 82709, 97871, 0, 132.32
2026/10/09 04:55:35.148, 2, 82745, 97871, 0, 178.49
2026/10/09 04:55:35.148, 3, 82761, 97871, 100, 482.05
2026/10/09 04:55:36.148, 0, 82711, 97871, 0, 137.89
2026/10/09 04:55:36.148, 1, 82709, 97871, 0, 130.71
2026/10/09 04:55:36.154, 2, 82745, 97871, 0, 142.20
2026/10/09 04:55:36.154, 3, 82761, 97871, 100, 527.30
2026/10/09 04:55:37.154, 0, 82711, 97871, 0, 137.76
2026/10/09 04:55:37.154, 1, 82709, 97871, 0, 181.13
2026/10/09 04:55:37.154, 2, 82745, 97871, 0, 141.98
2026/10/09 04:55:37.154, 3, 82761, 97871, 100, 528.18
2026/10/09 04:55:38.154, 0, 82711, 97871, 0, 137.64
2026/10/09 04:55:38.154, 1, 82709, 97871, 0, 130.53
2026/10/09 04:55:38.154, 2, 82745, 97871, 0, 141.89
2026/10/09 04:55:38.154, 3, 82761, 97871, 100, 528.56
2026/10/09 04:55:39.154, 0, 82711, 97871, 0, 137.41
2026/10/09 04:55:39.154, 1, 82709, 97871, 0, 130.50
2026/10/09 04:55:39.154, 2, 82745, 97871, 0, 188.72
2026/10/09 04:55:39.154, 3, 82761, 97871, 100, 527.39
2026/10/09 04:55:40.155, 0, 82711, 97871, 0, 171.39
2026/10/09 04:55:40.155, 1, 82709, 97871, 0, 130.48
2026/10/09 04:55:40.155, 2, 82745, 97871, 0, 142.99
2026/10/09 04:55:40.155, 3, 82761, 97871, 100, 519.59
2026/10/09 04:55:41.155, 0, 82711, 97871, 0, 137.77
2026/10/09 04:55:41.155, 1, 82709, 97871, 0, 130.43
2026/10/09 04:55:41.155, 2, 82745, 97871, 0, 142.02
2026/10/09 04:55:41.155, 3, 82761, 97871, 100, 526.42
2026/10/09 04:55:42.155, 0, 82711, 97871, 30, 171.39
2026/10/09 04:55:42.155, 1, 82709, 97871, 0, 186.48
2026/10/09 04:55:42.155, 2, 82745, 97871, 55, 164.27
2026/10/09 04:55:42.155, 3, 82761, 97871, 100, 529.46
2026/10/09 04:55:43.155, 0, 82711, 97871, 0, 171.10
2026/10/09 04:55:43.155, 1, 82709, 97871, 0, 173.01
2026/10/09 04:55:43.155, 2, 82745, 97871, 0, 177.94
2026/10/09 04:55:43.155, 3, 82761, 97871, 100, 525.64
2026/10/09 04:55:44.155, 0, 82711, 97871, 0, 138.74
2026/10/09 04:55:44.155, 1, 82709, 97871, 0, 130.68
2026/10/09 04:55:44.155, 2, 82745, 97871, 0, 142.06
2026/10/09 04:55:44.155, 3, 82761, 97871, 100, 525.17
2026/10/09 04:55:45.156, 0, 82711, 97871, 0, 244.84
2026/10/09 04:55:45.156, 1, 82709, 97871, 0, 247.96
2026/10/09 04:55:45.156, 2, 82745, 97871, 0, 233.37
2026/10/09 04:55:45.156, 3, 82761, 97871, 65, 333.27
2026/10/09 04:55:46.156, 0, 82711, 97871, 0, 278.60
2026/10/09 04:55:46.156, 1, 82709, 97871, 55, 278.48
2026/10/09 04:55:46.159, 2, 82745, 97871, 0, 265.46
2026/10/09 04:55:46.159, 3, 82761, 97871, 67, 313.92
2026/10/09 04:55:47.159, 0, 82711, 97871, 46, 271.68
2026/10/09 04:55:47.159, 1, 82709, 97871, 68, 281.78
2026/10/09 04:55:47.159, 2, 82745, 97871, 2, 305.13
2026/10/09 04:55:47.159, 3, 82761, 97871, 68, 352.62
2026/10/09 04:55:48.159, 0, 82711, 97871, 62, 244.49
2026/10/09 04:55:48.159, 1, 82709, 97871, 0, 248.59
2026/10/09 04:55:48.159, 2, 82745, 97871, 46, 281.19
2026/10/09 04:55:48.159, 3, 82761, 97871, 57, 316.48
2026/10/09 04:55:49.159, 0, 82711, 97871, 0, 280.57
2026/10/09 04:55:49.160, 1, 82709, 97871, 54, 276.28
2026/10/09 04:55:49.160, 2, 82745, 97871, 0, 234.21
2026/10/09 04:55:49.160, 3, 82761, 97871, 52, 294.40
2026/10/09 04:55:50.160, 0, 82711, 97871, 42, 263.81
2026/10/09 04:55:50.160, 1, 82709, 97871, 0, 255.31
2026/10/09 04:55:50.160, 2, 82745, 97871, 0, 278.65
2026/10/09 04:55:50.160, 3, 82761, 97871, 92, 325.39
2026/10/09 04:55:51.160, 0, 82711, 97871, 0, 217.76
2026/10/09 04:55:51.160, 1, 82709, 97871, 0, 222.25
2026/10/09 04:55:51.160, 2, 82745, 97871, 0, 214.82
2026/10/09 04:55:51.160, 3, 82761, 97871, 84, 367.12
2026/10/09 04:55:52.160, 0, 82711, 97871, 0, 140.73
2026/10/09 04:55:52.160, 1, 82709, 97871, 0, 133.43
2026/10/09 04:55:52.160, 2, 82745, 97871, 0, 145.58
2026/10/09 04:55:52.160, 3, 82761, 97871, 100, 300.45
2026/10/09 04:55:53.160, 0, 82711, 97871, 0, 140.25
2026/10/09 04:55:53.160, 1, 82709, 97871, 0, 133.98
2026/10/09 04:55:53.160, 2, 82745, 97871, 0, 143.67
2026/10/09 04:55:53.160, 3, 82761, 97871, 50, 284.47
2026/10/09 04:55:54.160, 0, 82711, 97871, 0, 139.24
2026/10/09 04:55:54.161, 1, 82709, 97871, 0, 132.00
2026/10/09 04:55:54.161, 2, 82745, 97871, 0, 144.12
2026/10/09 04:55:54.161, 3, 82761, 97871, 94, 433.15
2026/10/09 04:55:55.161, 0, 82711, 97871, 0, 139.72
2026/10/09 04:55:55.161, 1, 82709, 97871, 0, 132.72
2026/10/09 04:55:55.161, 2, 82745, 97871, 0, 143.68
2026/10/09 04:55:55.161, 3, 82761, 97871, 79, 397.29
2026/10/09 04:55:56.161, 0, 82711, 97871, 0, 137.85
2026/10/09 04:55:56.161, 1, 82709, 97871, 0, 130.29
2026/10/09 04:55:56.165, 2, 82745, 97871, 0, 142.07
2026/10/09 04:55:56.165, 3, 82761, 97871, 100, 532.52
2026/10/09 04:55:57.165, 0, 82711, 97871, 0, 137.91
2026/10/09 04:55:57.165, 1, 82709, 97871, 0, 130.23
2026/10/09 04:55:57.165, 2, 82745, 97871, 0, 142.04
2026/10/09 04:55:57.165, 3, 82761, 97871, 100, 528.61
2026/10/09 04:55:58.165, 0, 82711, 97871, 0, 137.54
2026/10/09 04:55:58.165, 1, 82709, 97871, 0, 129.93
2026/10/09 04:55:58.165, 2, 82745, 97871, 0, 141.76
2026/10/09 04:55:58.165, 3, 82761, 97871, 100, 525.85
2026/10/09 04:55:59.165, 0, 82711, 97871, 0, 137.58
2026/10/09 04:55:59.165, 1, 82709, 97871, 0, 129.94
2026/10/09 04:55:59.165, 2, 82745, 97871, 0, 141.73
2026/10/09 04:55:59.165, 3, 82761, 97871, 100, 524.83
2026/10/09 04:56:00.166, 0, 82711, 97871, 0, 137.47
2026/10/09 04:56:00.166, 1, 82709, 97871, 0, 130.00
2026/10/09 04:56:00.166, 2, 82745, 97871, 0, 141.84
2026/10/09 04:56:00.166, 3, 82761, 97871, 100, 524.16
2026/10/09 04:56:01.166, 0, 82711, 97871, 0, 137.49
2026/10/09 04:56:01.166, 1, 82709, 97871, 0, 130.10
2026/10/09 04:56:01.166, 2, 82745, 97871, 0, 141.94
2026/10/09 04:56:01.166, 3, 82761, 97871, 100, 520.41
2026/10/09 04:56:02.166, 0, 82711, 97871, 0, 137.44
2026/10/09 04:56:02.166, 1, 82709, 97871, 0, 130.37
2026/10/09 04:56:02.166, 2, 82745, 97871, 0, 142.30
2026/10/09 04:56:02.166, 3, 82761, 97871, 100, 526.45
2026/10/09 04:56:03.166, 0, 82711, 97871, 0, 138.80
2026/10/09 04:56:03.166, 1, 82709, 97871, 0, 131.24
2026/10/09 04:56:03.166, 2, 82745, 97871, 0, 143.57
2026/10/09 04:56:03.166, 3, 82761, 97871, 100, 425.33
2026/10/09 04:56:04.166, 0, 82711, 97871, 0, 139.50
2026/10/09 04:56:04.166, 1, 82709, 97871, 0, 131.56
2026/10/09 04:56:04.166, 2, 82745, 97871, 0, 143.37
2026/10/09 04:56:04.166, 3, 82761, 97871, 61, 363.42
2026/10/09 04:56:05.166, 0, 82711, 97871, 0, 139.78
2026/10/09 04:56:05.166, 1, 82709, 97871, 0, 132.21
2026/10/09 04:56:05.166, 2, 82745, 97871, 0, 143.85
2026/10/09 04:56:05.166, 3, 82761, 97871, 76, 338.75
2026/10/09 04:56:06.166, 0, 82711, 97871, 0, 138.00
2026/10/09 04:56:06.167, 1, 82709, 97871, 0, 130.72
2026/10/09 04:56:06.170, 2, 82745, 97871, 0, 142.85
2026/10/09 04:56:06.170, 3, 82761, 97871, 100, 463.28
2026/10/09 04:56:07.170, 0, 82711, 97871, 0, 137.29
2026/10/09 04:56:07.170, 1, 82709, 97871, 0, 129.66
2026/10/09 04:56:07.170, 2, 82745, 97871, 0, 141.62
2026/10/09 04:56:07.170, 3, 82761, 97871, 100, 529.66
2026/10/09 04:56:08.170, 0, 82711, 97871, 0, 137.22
2026/10/09 04:56:08.171, 1, 82709, 97871, 0, 129.76
2026/10/09 04:56:08.171, 2, 82745, 97871, 0, 141.71
2026/10/09 04:56:08.171, 3, 82761, 97871, 100, 529.83
2026/10/09 04:56:09.171, 0, 82711, 97871, 0, 138.26
2026/10/09 04:56:09.171, 1, 82709, 97871, 0, 130.36
2026/10/09 04:56:09.171, 2, 82745, 97871, 0, 141.60
2026/10/09 04:56:09.171, 3, 82761, 97871, 79, 502.67
2026/10/09 04:56:10.171, 0, 82711, 97871, 0, 139.74
2026/10/09 04:56:10.171, 1, 82709, 97871, 0, 132.68
2026/10/09 04:56:10.171, 2, 82745, 97871, 0, 144.21
2026/10/09 04:56:10.171, 3, 82761, 97871, 92, 279.26
2026/10/09 04:56:11.171, 0, 82711, 97871, 0, 139.65
2026/10/09 04:56:11.171, 1, 82709, 97871, 0, 132.43
2026/10/09 04:56:11.171, 2, 82745, 97871, 0, 143.76
2026/10/09 04:56:11.171, 3, 82761, 97871, 78, 319.35
2026/10/09 04:56:12.171, 0, 82711, 97871, 0, 140.02
2026/10/09 04:56:12.171, 1, 82709, 97871, 0, 132.54
2026/10/09 04:56:12.171, 2, 82745, 97871, 0, 143.64
2026/10/09 04:56:12.171, 3, 82761, 97871, 92, 270.04
2026/10/09 04:56:13.171, 0, 82711, 97871, 0, 138.72
2026/10/09 04:56:13.171, 1, 82709, 97871, 0, 131.48
2026/10/09 04:56:13.171, 2, 82745, 97871, 0, 143.34
2026/10/09 04:56:13.171, 3, 82761, 97871, 100, 397.79
2026/10/09 04:56:14.171, 0, 82711, 97871, 0, 137.32
2026/10/09 04:56:14.171, 1, 82709, 97871, 0, 129.77
2026/10/09 04:56:14.171, 2, 82745, 97871, 0, 141.60
2026/10/09 04:56:14.171, 3, 82761, 97871, 100, 528.43
2026/10/09 04:56:15.172, 0, 82711, 97871, 0, 137.68
2026/10/09 04:56:15.172, 1, 82709, 97871, 0, 130.32
2026/10/09 04:56:15.172, 2, 82745, 97871, 0, 140.95
2026/10/09 04:56:15.172, 3, 82761, 97871, 100, 499.45
2026/10/09 04:56:16.172, 0, 82711, 97871, 0, 137.54
2026/10/09 04:56:16.172, 1, 82709, 97871, 0, 130.44
2026/10/09 04:56:16.180, 2, 82745, 97871, 0, 139.94
2026/10/09 04:56:16.180, 3, 82761, 97871, 100, 499.89
2026/10/09 04:56:17.180, 0, 82711, 97871, 0, 137.37
2026/10/09 04:56:17.180, 1, 82709, 97871, 0, 129.82
2026/10/09 04:56:17.180, 2, 82745, 97871, 0, 139.99
2026/10/09 04:56:17.181, 3, 82761, 97871, 100, 508.25
2026/10/09 04:56:18.181, 0, 82711, 97871, 0, 137.43
2026/10/09 04:56:18.181, 1, 82709, 97871, 0, 129.70
2026/10/09 04:56:18.181, 2, 82745, 97871, 0, 140.00
2026/10/09 04:56:18.181, 3, 82761, 97871, 87, 495.42
2026/10/09 04:56:19.181, 0, 82711, 97871, 0, 137.29
2026/10/09 04:56:19.181, 1, 82709, 97871, 0, 129.64
2026/10/09 04:56:19.181, 2, 82745, 97871, 0, 139.94
2026/10/09 04:56:19.181, 3, 82761, 97871, 100, 508.17
2026/10/09 04:56:20.181, 0, 82711, 97871, 0, 137.55
2026/10/09 04:56:20.181, 1, 82709, 97871, 0, 129.81
2026/10/09 04:56:20.181, 2, 82745, 97871, 0, 139.89
2026/10/09 04:56:20.181, 3, 82761, 97871, 100, 502.27
2026/10/09 04:56:21.181, 0, 82711, 97871, 100, 270.63
2026/10/09 04:56:21.181, 1, 82709, 97871, 100, 234.66
2026/10/09 04:56:21.181, 2, 82745, 97871, 100, 252.49
2026/10/09 04:56:21.181, 3, 82761, 97871, 63, 237.29
2026/10/09 04:56:22.181, 0, 82711, 97871, 100, 560.11
2026/10/09 04:56:22.182, 1, 82709, 97871, 100, 533.28
2026/10/09 04:56:22.182, 2, 82745, 97871, 100, 529.32
2026/10/09 04:56:22.182, 3, 82761, 97871, 74, 175.39
2026/10/09 04:56:23.182, 0, 82711, 97871, 100, 558.00
2026/10/09 04:56:23.182, 1, 82709, 97871, 100, 534.07
2026/10/09 04:56:23.182, 2, 82745, 97871, 100, 531.74
2026/10/09 04:56:23.182, 3, 82761, 97871, 55, 147.93
2026/10/09 04:56:24.182, 0, 82711, 97871, 100, 556.83
2026/10/09 04:56:24.182, 1, 82709, 97871, 100, 533.35
2026/10/09 04:56:24.182, 2, 82745, 97871, 100, 529.17
2026/10/09 04:56:24.182, 3, 82761, 97871, 68, 145.29
2026/10/09 04:56:25.182, 0, 82711, 97871, 100, 554.07
2026/10/09 04:56:25.182, 1, 82709, 97871, 100, 531.72
2026/10/09 04:56:25.182, 2, 82745, 97871, 100, 527.90
2026/10/09 04:56:25.182, 3, 82761, 97871, 28, 151.13
2026/10/09 04:56:26.182, 0, 82711, 97871, 100, 554.38
2026/10/09 04:56:26.182, 1, 82709, 97871, 100, 530.93
2026/10/09 04:56:26.187, 2, 82745, 97871, 100, 529.60
2026/10/09 04:56:26.187, 3, 82761, 97871, 73, 144.85
2026/10/09 04:56:27.187, 0, 82711, 97871, 100, 554.23
2026/10/09 04:56:27.187, 1, 82709, 97871, 100, 533.48
2026/10/09 04:56:27.187, 2, 82745, 97871, 100, 531.46
2026/10/09 04:56:27.187, 3, 82761, 97871, 75, 144.04
2026/10/09 04:56:28.187, 0, 82711, 97871, 100, 555.63
2026/10/09 04:56:28.187, 1, 82709, 97871, 100, 531.13
2026/10/09 04:56:28.187, 2, 82745, 97871, 100, 530.53
2026/10/09 04:56:28.187, 3, 82761, 97871, 66, 143.93
2026/10/09 04:56:29.187, 0, 82711, 97871, 100, 557.10
2026/10/09 04:56:29.188, 1, 82709, 97871, 100, 531.58
2026/10/09 04:56:29.188, 2, 82745, 97871, 100, 530.63
2026/10/09 04:56:29.188, 3, 82761, 97871, 100, 449.47
2026/10/09 04:56:30.188, 0, 82711, 97871, 100, 555.69
2026/10/09 04:56:30.188, 1, 82709, 97871, 100, 529.31
2026/10/09 04:56:30.188, 2, 82745, 97871, 100, 525.72
2026/10/09 04:56:30.188, 3, 82761, 97871, 100, 529.79
2026/10/09 04:56:31.188, 0, 82711, 97871, 100, 556.25
2026/10/09 04:56:31.188, 1, 82709, 97871, 100, 534.08
2026/10/09 04:56:31.188, 2, 82745, 97871, 100, 525.85
2026/10/09 04:56:31.188, 3, 82761, 97871, 100, 529.73
2026/10/09 04:56:32.188, 0, 82711, 97871, 100, 557.08
2026/10/09 04:56:32.188, 1, 82709, 97871, 100, 529.59
2026/10/09 04:56:32.188, 2, 82745, 97871, 100, 527.55
2026/10/09 04:56:32.188, 3, 82761, 97871, 100, 524.76
2026/10/09 04:56:33.188, 0, 82711, 97871, 100, 554.47
2026/10/09 04:56:33.188, 1, 82709, 97871, 100, 528.98
2026/10/09 04:56:33.188, 2, 82745, 97871, 100, 532.25
2026/10/09 04:56:33.188, 3, 82761, 97871, 100, 524.73
2026/10/09 04:56:34.189, 0, 82711, 97871, 100, 555.60
2026/10/09 04:56:34.189, 1, 82709, 97871, 100, 528.60
2026/10/09 04:56:34.189, 2, 82745, 97871, 100, 530.68
2026/10/09 04:56:34.189, 3, 82761, 97871, 100, 524.38
2026/10/09 04:56:35.189, 0, 82711, 97871, 0, 142.89
2026/10/09 04:56:35.189, 1, 82709, 97871, 0, 163.57
2026/10/09 04:56:35.189, 2, 82745, 97871, 0, 258.94
2026/10/09 04:56:35.189, 3, 82761, 97871, 100, 523.90
2026/10/09 04:56:36.189, 0, 82711, 97871, 0, 138.91
2026/10/09 04:56:36.189, 1, 82709, 97871, 0, 131.95
2026/10/09 04:56:36.192, 2, 82745, 97871, 0, 143.59
2026/10/09 04:56:36.192, 3, 82761, 97871, 100, 527.90
2026/10/09 04:56:37.192, 0, 82711, 97871, 0, 138.48
2026/10/09 04:56:37.192, 1, 82709, 97871, 0, 131.55
2026/10/09 04:56:37.192, 2, 82745, 97871, 0, 143.09
2026/10/09 04:56:37.192, 3, 82761, 97871, 100, 528.29
2026/10/09 04:56:38.192, 0, 82711, 97871, 0, 138.16
2026/10/09 04:56:38.192, 1, 82709, 97871, 0, 131.35
2026/10/09 04:56:38.192, 2, 82745, 97871, 0, 142.85
2026/10/09 04:56:38.192, 3, 82761, 97871, 100, 526.00
2026/10/09 04:56:39.192, 0, 82711, 97871, 0, 137.90
2026/10/09 04:56:39.192, 1, 82709, 97871, 0, 130.76
2026/10/09 04:56:39.192, 2, 82745, 97871, 0, 142.60
2026/10/09 04:56:39.192, 3, 82761, 97871, 100, 520.21
2026/10/09 04:56:40.192, 0, 82711, 97871, 0, 137.88
2026/10/09 04:56:40.193, 1, 82709, 97871, 0, 130.44
2026/10/09 04:56:40.193, 2, 82745, 97871, 0, 142.34
2026/10/09 04:56:40.193, 3, 82761, 97871, 100, 526.71
2026/10/09 04:56:41.193, 0, 82711, 97871, 0, 137.75
2026/10/09 04:56:41.193, 1, 82709, 97871, 0, 130.32
2026/10/09 04:56:41.193, 2, 82745, 97871, 0, 140.96
2026/10/09 04:56:41.193, 3, 82761, 97871, 100, 530.17
2026/10/09 04:56:42.193, 0, 82711, 97871, 0, 137.70
2026/10/09 04:56:42.193, 1, 82709, 97871, 0, 130.29
2026/10/09 04:56:42.193, 2, 82745, 97871, 0, 140.72
2026/10/09 04:56:42.193, 3, 82761, 97871, 100, 527.92
2026/10/09 04:56:43.193, 0, 82711, 97871, 0, 137.71
2026/10/09 04:56:43.193, 1, 82709, 97871, 0, 130.14
2026/10/09 04:56:43.193, 2, 82745, 97871, 0, 140.62
2026/10/09 04:56:43.193, 3, 82761, 97871, 100, 527.96
2026/10/09 04:56:44.193, 0, 82711, 97871, 0, 137.62
2026/10/09 04:56:44.193, 1, 82709, 97871, 0, 130.06
2026/10/09 04:56:44.193, 2, 82745, 97871, 0, 140.41
2026/10/09 04:56:44.193, 3, 82761, 97871, 100, 528.95
2026/10/09 04:56:45.193, 0, 82711, 97871, 0, 137.39
2026/10/09 04:56:45.193, 1, 82709, 97871, 0, 130.00
2026/10/09 04:56:45.193, 2, 82745, 97871, 0, 140.41
2026/10/09 04:56:45.193, 3, 82761, 97871, 100, 529.61
2026/10/09 04:56:46.193, 0, 82711, 97871, 0, 137.43
2026/10/09 04:56:46.194, 1, 82709, 97871, 0, 129.96
2026/10/09 04:56:46.197, 2, 82745, 97871, 0, 140.32
2026/10/09 04:56:46.197, 3, 82761, 97871, 100, 525.91
2026/10/09 04:56:47.198, 0, 82711, 97871, 0, 137.57
2026/10/09 04:56:47.198, 1, 82709, 97871, 0, 129.93
2026/10/09 04:56:47.198, 2, 82745, 97871, 0, 140.40
2026/10/09 04:56:47.198, 3, 82761, 97871, 100, 526.88
2026/10/09 04:56:48.198, 0, 82711, 97871, 0, 137.59
2026/10/09 04:56:48.198, 1, 82709, 97871, 0, 129.88
2026/10/09 04:56:48.198, 2, 82745, 97871, 0, 140.73
2026/10/09 04:56:48.198, 3, 82761, 97871, 100, 526.64
2026/10/09 04:56:49.198, 0, 82711, 97871, 0, 137.42
2026/10/09 04:56:49.198, 1, 82709, 97871, 0, 167.17
2026/10/09 04:56:49.198, 2, 82745, 97871, 0, 226.22
2026/10/09 04:56:49.198, 3, 82761, 97871, 100, 487.42
2026/10/09 04:56:50.198, 0, 82711, 97871, 0, 137.59
2026/10/09 04:56:50.198, 1, 82709, 97871, 0, 130.99
2026/10/09 04:56:50.198, 2, 82745, 97871, 0, 141.23
2026/10/09 04:56:50.198, 3, 82761, 97871, 100, 527.55
2026/10/09 04:56:51.198, 0, 82711, 97871, 0, 137.44
2026/10/09 04:56:51.199, 1, 82709, 97871, 0, 130.56
2026/10/09 04:56:51.199, 2, 82745, 97871, 0, 140.98
2026/10/09 04:56:51.199, 3, 82761, 97871, 100, 528.90
2026/10/09 04:56:52.199, 0, 82711, 97871, 0, 137.43
2026/10/09 04:56:52.199, 1, 82709, 97871, 0, 130.49
2026/10/09 04:56:52.199, 2, 82745, 97871, 0, 140.75
2026/10/09 04:56:52.199, 3, 82761, 97871, 100, 531.13
2026/10/09 04:56:53.199, 0, 82711, 97871, 0, 137.40
2026/10/09 04:56:53.199, 1, 82709, 97871, 0, 130.31
2026/10/09 04:56:53.199, 2, 82745, 97871, 0, 140.80
2026/10/09 04:56:53.199, 3, 82761, 97871, 100, 528.48
2026/10/09 04:56:54.199, 0, 82711, 97871, 0, 137.51
2026/10/09 04:56:54.199, 1, 82709, 97871, 0, 130.49
2026/10/09 04:56:54.199, 2, 82745, 97871, 0, 140.92
2026/10/09 04:56:54.199, 3, 82761, 97871, 100, 524.52
2026/10/09 04:56:55.199, 0, 82711, 97871, 0, 137.40
2026/10/09 04:56:55.199, 1, 82709, 97871, 0, 130.46
2026/10/09 04:56:55.199, 2, 82745, 97871, 0, 140.82
2026/10/09 04:56:55.199, 3, 82761, 97871, 100, 524.47
2026/10/09 04:56:56.199, 0, 82711, 97871, 0, 137.57
2026/10/09 04:56:56.199, 1, 82709, 97871, 0, 130.36
2026/10/09 04:56:56.203, 2, 82745, 97871, 0, 140.80
2026/10/09 04:56:56.203, 3, 82761, 97871, 100, 524.45
2026/10/09 04:56:57.203, 0, 82711, 97871, 0, 137.56
2026/10/09 04:56:57.203, 1, 82709, 97871, 0, 130.60
2026/10/09 04:56:57.203, 2, 82745, 97871, 0, 140.93
2026/10/09 04:56:57.203, 3, 82761, 97871, 100, 520.04
2026/10/09 04:56:58.203, 0, 82711, 97871, 0, 137.64
2026/10/09 04:56:58.203, 1, 82709, 97871, 0, 130.35
2026/10/09 04:56:58.203, 2, 82745, 97871, 0, 140.77
2026/10/09 04:56:58.203, 3, 82761, 97871, 100, 524.82
2026/10/09 04:56:59.203, 0, 82711, 97871, 0, 139.51
2026/10/09 04:56:59.203, 1, 82709, 97871, 0, 131.41
2026/10/09 04:56:59.204, 2, 82745, 97871, 0, 140.74
2026/10/09 04:56:59.204, 3, 82761, 97871, 67, 396.62
2026/10/09 04:57:00.204, 0, 82711, 97871, 0, 140.15
2026/10/09 04:57:00.204, 1, 82709, 97871, 0, 132.98
2026/10/09 04:57:00.204, 2, 82745, 97871, 0, 142.87
2026/10/09 04:57:00.204, 3, 82761, 97871, 98, 205.66
2026/10/09 04:57:01.204, 0, 82711, 97871, 0, 137.94
2026/10/09 04:57:01.204, 1, 82709, 97871, 0, 131.21
2026/10/09 04:57:01.204, 2, 82745, 97871, 0, 143.88
2026/10/09 04:57:01.204, 3, 82761, 97871, 77, 398.80
2026/10/09 04:57:02.204, 0, 82711, 97871, 0, 139.98
2026/10/09 04:57:02.204, 1, 82709, 97871, 0, 132.24
2026/10/09 04:57:02.204, 2, 82745, 97871, 0, 141.42
2026/10/09 04:57:02.204, 3, 82761, 97871, 100, 364.95
2026/10/09 04:57:03.204, 0, 82711, 97871, 0, 137.27
2026/10/09 04:57:03.204, 1, 82709, 97871, 0, 131.35
2026/10/09 04:57:03.204, 2, 82745, 97871, 0, 142.50
2026/10/09 04:57:03.204, 3, 82761, 97871, 100, 453.70
2026/10/09 04:57:04.204, 0, 82711, 97871, 0, 137.07
2026/10/09 04:57:04.204, 1, 82709, 97871, 0, 130.41
2026/10/09 04:57:04.204, 2, 82745, 97871, 0, 140.54
2026/10/09 04:57:04.204, 3, 82761, 97871, 100, 537.06
2026/10/09 04:57:05.204, 0, 82711, 97871, 0, 137.14
2026/10/09 04:57:05.204, 1, 82709, 97871, 0, 130.25
2026/10/09 04:57:05.205, 2, 82745, 97871, 0, 140.57
2026/10/09 04:57:05.205, 3, 82761, 97871, 100, 533.60
2026/10/09 04:57:06.205, 0, 82711, 97871, 0, 137.10
2026/10/09 04:57:06.205, 1, 82709, 97871, 0, 130.22
2026/10/09 04:57:06.208, 2, 82745, 97871, 0, 140.58
2026/10/09 04:57:06.208, 3, 82761, 97871, 100, 532.52
2026/10/09 04:57:07.208, 0, 82711, 97871, 0, 137.13
2026/10/09 04:57:07.208, 1, 82709, 97871, 0, 130.19
2026/10/09 04:57:07.208, 2, 82745, 97871, 0, 140.57
2026/10/09 04:57:07.208, 3, 82761, 97871, 100, 531.60
2026/10/09 04:57:08.208, 0, 82711, 97871, 0, 137.12
2026/10/09 04:57:08.208, 1, 82709, 97871, 0, 130.17
2026/10/09 04:57:08.208, 2, 82745, 97871, 0, 140.60
2026/10/09 04:57:08.208, 3, 82761, 97871, 100, 526.64
2026/10/09 04:57:09.208, 0, 82711, 97871, 0, 137.16
2026/10/09 04:57:09.208, 1, 82709, 97871, 0, 130.23
2026/10/09 04:57:09.208, 2, 82745, 97871, 0, 140.50
2026/10/09 04:57:09.208, 3, 82761, 97871, 100, 528.30
2026/10/09 04:57:10.208, 0, 82711, 97871, 0, 137.18
2026/10/09 04:57:10.209, 1, 82709, 97871, 0, 130.13
2026/10/09 04:57:10.209, 2, 82745, 97871, 0, 140.54
2026/10/09 04:57:10.209, 3, 82761, 97871, 100, 529.15
2026/10/09 04:57:11.209, 0, 82711, 97871, 0, 137.07
2026/10/09 04:57:11.209, 1, 82709, 97871, 0, 130.20
2026/10/09 04:57:11.209, 2, 82745, 97871, 0, 140.59
2026/10/09 04:57:11.209, 3, 82761, 97871, 100, 530.67
2026/10/09 04:57:12.209, 0, 82711, 97871, 0, 137.07
2026/10/09 04:57:12.209, 1, 82709, 97871, 0, 130.13
2026/10/09 04:57:12.209, 2, 82745, 97871, 0, 140.50
2026/10/09 04:57:12.209, 3, 82761, 97871, 100, 528.14
2026/10/09 04:57:13.209, 0, 82711, 97871, 0, 137.21
2026/10/09 04:57:13.209, 1, 82709, 97871, 0, 131.58
2026/10/09 04:57:13.209, 2, 82745, 97871, 0, 140.59
2026/10/09 04:57:13.209, 3, 82761, 97871, 100, 525.60
2026/10/09 04:57:14.209, 0, 82711, 97871, 0, 137.23
2026/10/09 04:57:14.209, 1, 82709, 97871, 0, 130.23
2026/10/09 04:57:14.209, 2, 82745, 97871, 0, 140.58
2026/10/09 04:57:14.209, 3, 82761, 97871, 100, 526.93
2026/10/09 04:57:15.209, 0, 82711, 97871, 0, 137.33
2026/10/09 04:57:15.209, 1, 82709, 97871, 0, 130.27
2026/10/09 04:57:15.209, 2, 82745, 97871, 0, 140.56
2026/10/09 04:57:15.209, 3, 82761, 97871, 100, 524.29
2026/10/09 04:57:16.210, 0, 82711, 97871, 0, 137.11
2026/10/09 04:57:16.210, 1, 82709, 97871, 0, 130.25
2026/10/09 04:57:16.213, 2, 82745, 97871, 0, 140.36
2026/10/09 04:57:16.213, 3, 82761, 97871, 100, 525.77
2026/10/09 04:57:17.213, 0, 82711, 97871, 0, 137.59
2026/10/09 04:57:17.213, 1, 82709, 97871, 0, 130.25
2026/10/09 04:57:17.213, 2, 82745, 97871, 0, 140.56
2026/10/09 04:57:17.213, 3, 82761, 97871, 100, 524.82
2026/10/09 04:57:18.213, 0, 82711, 97871, 0, 139.41
2026/10/09 04:57:18.213, 1, 82709, 97871, 0, 130.44
2026/10/09 04:57:18.213, 2, 82745, 97871, 0, 140.86
2026/10/09 04:57:18.213, 3, 82761, 97871, 81, 418.13
2026/10/09 04:57:19.213, 0, 82711, 97871, 0, 137.37
2026/10/09 04:57:19.213, 1, 82709, 97871, 0, 133.12
2026/10/09 04:57:19.213, 2, 82745, 97871, 0, 143.15
2026/10/09 04:57:19.213, 3, 82761, 97871, 90, 363.18
2026/10/09 04:57:20.213, 0, 82711, 97871, 0, 139.82
2026/10/09 04:57:20.213, 1, 82709, 97871, 0, 130.76
2026/10/09 04:57:20.213, 2, 82745, 97871, 0, 142.66
2026/10/09 04:57:20.213, 3, 82761, 97871, 74, 362.89
2026/10/09 04:57:21.213, 0, 82711, 97871, 0, 139.74
2026/10/09 04:57:21.214, 1, 82709, 97871, 0, 132.85
2026/10/09 04:57:21.214, 2, 82745, 97871, 0, 141.62
2026/10/09 04:57:21.214, 3, 82761, 97871, 93, 292.20
2026/10/09 04:57:22.214, 0, 82711, 97871, 0, 137.48
2026/10/09 04:57:22.214, 1, 82709, 97871, 0, 132.63
2026/10/09 04:57:22.214, 2, 82745, 97871, 0, 143.63
2026/10/09 04:57:22.214, 3, 82761, 97871, 80, 353.34
2026/10/09 04:57:23.214, 0, 82711, 97871, 0, 139.94
2026/10/09 04:57:23.214, 1, 82709, 97871, 0, 131.55
2026/10/09 04:57:23.214, 2, 82745, 97871, 0, 142.93
2026/10/09 04:57:23.214, 3, 82761, 97871, 94, 253.01
2026/10/09 04:57:24.214, 0, 82711, 97871, 0, 139.73
2026/10/09 04:57:24.214, 1, 82709, 97871, 0, 133.10
2026/10/09 04:57:24.214, 2, 82745, 97871, 0, 142.18
2026/10/09 04:57:24.214, 3, 82761, 97871, 62, 289.02
2026/10/09 04:57:25.214, 0, 82711, 97871, 0, 138.52
2026/10/09 04:57:25.214, 1, 82709, 97871, 0, 133.24
2026/10/09 04:57:25.214, 2, 82745, 97871, 0, 142.06
2026/10/09 04:57:25.214, 3, 82761, 97871, 92, 404.31
2026/10/09 04:57:26.214, 0, 82711, 97871, 0, 139.33
2026/10/09 04:57:26.214, 1, 82709, 97871, 0, 131.32
2026/10/09 04:57:26.218, 2, 82745, 97871, 0, 143.16
2026/10/09 04:57:26.218, 3, 82761, 97871, 68, 341.08
2026/10/09 04:57:27.218, 0, 82711, 97871, 0, 140.03
2026/10/09 04:57:27.218, 1, 82709, 97871, 0, 132.74
2026/10/09 04:57:27.218, 2, 82745, 97871, 0, 140.79
2026/10/09 04:57:27.218, 3, 82761, 97871, 92, 423.06
2026/10/09 04:57:28.218, 0, 82711, 97871, 0, 137.97
2026/10/09 04:57:28.218, 1, 82709, 97871, 0, 130.50
2026/10/09 04:57:28.218, 2, 82745, 97871, 0, 141.70
2026/10/09 04:57:28.218, 3, 82761, 97871, 100, 484.62
2026/10/09 04:57:29.218, 0, 82711, 97871, 0, 137.55
2026/10/09 04:57:29.218, 1, 82709, 97871, 0, 130.30
2026/10/09 04:57:29.218, 2, 82745, 97871, 0, 140.49
2026/10/09 04:57:29.218, 3, 82761, 97871, 100, 529.29
2026/10/09 04:57:30.219, 0, 82711, 97871, 0, 137.35
2026/10/09 04:57:30.219, 1, 82709, 97871, 0, 130.35
2026/10/09 04:57:30.219, 2, 82745, 97871, 0, 140.46
2026/10/09 04:57:30.219, 3, 82761, 97871, 100, 524.13
2026/10/09 04:57:31.219, 0, 82711, 97871, 0, 137.43
2026/10/09 04:57:31.219, 1, 82709, 97871, 0, 130.30
2026/10/09 04:57:31.219, 2, 82745, 97871, 0, 140.55
2026/10/09 04:57:31.219, 3, 82761, 97871, 100, 520.52
2026/10/09 04:57:32.219, 0, 82711, 97871, 0, 137.17
2026/10/09 04:57:32.219, 1, 82709, 97871, 0, 130.15
2026/10/09 04:57:32.219, 2, 82745, 97871, 0, 140.49
2026/10/09 04:57:32.219, 3, 82761, 97871, 100, 526.11
2026/10/09 04:57:33.219, 0, 82711, 97871, 0, 137.15
2026/10/09 04:57:33.219, 1, 82709, 97871, 0, 130.25
2026/10/09 04:57:33.219, 2, 82745, 97871, 0, 140.41
2026/10/09 04:57:33.219, 3, 82761, 97871, 100, 526.62
2026/10/09 04:57:34.219, 0, 82711, 97871, 0, 137.34
2026/10/09 04:57:34.219, 1, 82709, 97871, 0, 130.48
2026/10/09 04:57:34.219, 2, 82745, 97871, 0, 141.42
2026/10/09 04:57:34.219, 3, 82761, 97871, 75, 468.18
2026/10/09 04:57:35.219, 0, 82711, 97871, 0, 139.13
2026/10/09 04:57:35.219, 1, 82709, 97871, 0, 132.17
2026/10/09 04:57:35.219, 2, 82745, 97871, 0, 141.26
2026/10/09 04:57:35.219, 3, 82761, 97871, 100, 383.67
2026/10/09 04:57:36.219, 0, 82711, 97871, 0, 138.40
2026/10/09 04:57:36.220, 1, 82709, 97871, 0, 131.42
2026/10/09 04:57:36.223, 2, 82745, 97871, 0, 142.77
2026/10/09 04:57:36.223, 3, 82761, 97871, 100, 414.90
2026/10/09 04:57:37.223, 0, 82711, 97871, 0, 137.19
2026/10/09 04:57:37.223, 1, 82709, 97871, 0, 130.24
2026/10/09 04:57:37.223, 2, 82745, 97871, 0, 140.47
2026/10/09 04:57:37.223, 3, 82761, 97871, 100, 530.25
2026/10/09 04:57:38.223, 0, 82711, 97871, 0, 137.35
2026/10/09 04:57:38.223, 1, 82709, 97871, 0, 130.25
2026/10/09 04:57:38.223, 2, 82745, 97871, 0, 140.47
2026/10/09 04:57:38.223, 3, 82761, 97871, 100, 528.39
2026/10/09 04:57:39.223, 0, 82711, 97871, 0, 137.32
2026/10/09 04:57:39.223, 1, 82709, 97871, 0, 130.09
2026/10/09 04:57:39.223, 2, 82745, 97871, 0, 140.38
2026/10/09 04:57:39.223, 3, 82761, 97871, 100, 528.13
2026/10/09 04:57:40.224, 0, 82711, 97871, 0, 137.26
2026/10/09 04:57:40.224, 1, 82709, 97871, 0, 130.98
2026/10/09 04:57:40.224, 2, 82745, 97871, 0, 140.41
2026/10/09 04:57:40.224, 3, 82761, 97871, 100, 524.95
2026/10/09 04:57:41.224, 0, 82711, 97871, 0, 140.13
2026/10/09 04:57:41.224, 1, 82709, 97871, 0, 131.25
2026/10/09 04:57:41.224, 2, 82745, 97871, 0, 141.19
2026/10/09 04:57:41.224, 3, 82761, 97871, 94, 371.03
2026/10/09 04:57:42.224, 0, 82711, 97871, 0, 138.21
2026/10/09 04:57:42.224, 1, 82709, 97871, 0, 133.21
2026/10/09 04:57:42.224, 2, 82745, 97871, 0, 141.82
2026/10/09 04:57:42.224, 3, 82761, 97871, 71, 329.58
2026/10/09 04:57:43.224, 0, 82711, 97871, 0, 139.57
2026/10/09 04:57:43.224, 1, 82709, 97871, 0, 131.05
2026/10/09 04:57:43.224, 2, 82745, 97871, 0, 142.38
2026/10/09 04:57:43.224, 3, 82761, 97871, 73, 340.27
2026/10/09 04:57:44.224, 0, 82711, 97871, 0, 137.32
2026/10/09 04:57:44.224, 1, 82709, 97871, 0, 130.19
2026/10/09 04:57:44.224, 2, 82745, 97871, 0, 140.24
2026/10/09 04:57:44.224, 3, 82761, 97871, 100, 538.93
2026/10/09 04:57:45.224, 0, 82711, 97871, 0, 137.24
2026/10/09 04:57:45.224, 1, 82709, 97871, 0, 130.20
2026/10/09 04:57:45.224, 2, 82745, 97871, 0, 139.90
2026/10/09 04:57:45.224, 3, 82761, 97871, 100, 531.49
2026/10/09 04:57:46.224, 0, 82711, 97871, 0, 137.27
2026/10/09 04:57:46.225, 1, 82709, 97871, 0, 130.16
2026/10/09 04:57:46.229, 2, 82745, 97871, 0, 139.78
2026/10/09 04:57:46.229, 3, 82761, 97871, 100, 527.76
2026/10/09 04:57:47.229, 0, 82711, 97871, 0, 137.15
2026/10/09 04:57:47.229, 1, 82709, 97871, 0, 130.24
2026/10/09 04:57:47.229, 2, 82745, 97871, 0, 139.78
2026/10/09 04:57:47.229, 3, 82761, 97871, 100, 531.85
2026/10/09 04:57:48.229, 0, 82711, 97871, 0, 137.05
2026/10/09 04:57:48.229, 1, 82709, 97871, 0, 130.22
2026/10/09 04:57:48.229, 2, 82745, 97871, 0, 139.99
2026/10/09 04:57:48.229, 3, 82761, 97871, 100, 528.52
2026/10/09 04:57:49.229, 0, 82711, 97871, 0, 137.07
2026/10/09 04:57:49.230, 1, 82709, 97871, 0, 130.15
2026/10/09 04:57:49.230, 2, 82745, 97871, 0, 139.82
2026/10/09 04:57:49.230, 3, 82761, 97871, 100, 526.10
2026/10/09 04:57:50.230, 0, 82711, 97871, 0, 137.21
2026/10/09 04:57:50.230, 1, 82709, 97871, 0, 130.19
2026/10/09 04:57:50.230, 2, 82745, 97871, 0, 139.95
2026/10/09 04:57:50.230, 3, 82761, 97871, 100, 524.24
2026/10/09 04:57:51.230, 0, 82711, 97871, 0, 137.16
2026/10/09 04:57:51.230, 1, 82709, 97871, 0, 130.09
2026/10/09 04:57:51.230, 2, 82745, 97871, 0, 139.81
2026/10/09 04:57:51.230, 3, 82761, 97871, 100, 528.78
2026/10/09 04:57:52.230, 0, 82711, 97871, 0, 138.90
2026/10/09 04:57:52.230, 1, 82709, 97871, 0, 132.35
2026/10/09 04:57:52.230, 2, 82745, 97871, 0, 139.79
2026/10/09 04:57:52.230, 3, 82761, 97871, 51, 415.22
2026/10/09 04:57:53.230, 0, 82711, 97871, 0, 139.11
2026/10/09 04:57:53.230, 1, 82709, 97871, 0, 132.56
2026/10/09 04:57:53.230, 2, 82745, 97871, 0, 141.98
2026/10/09 04:57:53.230, 3, 82761, 97871, 84, 264.69
2026/10/09 04:57:54.230, 0, 82711, 97871, 0, 137.30
2026/10/09 04:57:54.230, 1, 82709, 97871, 0, 130.71
2026/10/09 04:57:54.230, 2, 82745, 97871, 0, 140.10
2026/10/09 04:57:54.230, 3, 82761, 97871, 100, 527.71
2026/10/09 04:57:55.230, 0, 82711, 97871, 0, 137.21
2026/10/09 04:57:55.230, 1, 82709, 97871, 0, 130.30
2026/10/09 04:57:55.230, 2, 82745, 97871, 0, 139.96
2026/10/09 04:57:55.230, 3, 82761, 97871, 100, 526.80
2026/10/09 04:57:56.231, 0, 82711, 97871, 0, 137.35
2026/10/09 04:57:56.234, 1, 82709, 97871, 0, 130.43
2026/10/09 04:57:56.234, 2, 82745, 97871, 0, 139.93
2026/10/09 04:57:56.234, 3, 82761, 97871, 100, 520.73
2026/10/09 04:57:57.234, 0, 82711, 97871, 0, 137.21
2026/10/09 04:57:57.234, 1, 82709, 97871, 0, 130.35
2026/10/09 04:57:57.234, 2, 82745, 97871, 0, 139.95
2026/10/09 04:57:57.234, 3, 82761, 97871, 100, 522.84
2026/10/09 04:57:58.234, 0, 82711, 97871, 0, 137.26
2026/10/09 04:57:58.234, 1, 82709, 97871, 0, 130.25
2026/10/09 04:57:58.234, 2, 82745, 97871, 0, 139.93
2026/10/09 04:57:58.234, 3, 82761, 97871, 100, 526.84
2026/10/09 04:57:59.234, 0, 82711, 97871, 0, 137.14
2026/10/09 04:57:59.234, 1, 82709, 97871, 0, 130.37
2026/10/09 04:57:59.234, 2, 82745, 97871, 0, 139.74
2026/10/09 04:57:59.234, 3, 82761, 97871, 100, 524.85
2026/10/09 04:58:00.235, 0, 82711, 97871, 0, 137.21
2026/10/09 04:58:00.235, 1, 82709, 97871, 0, 130.36
2026/10/09 04:58:00.235, 2, 82745, 97871, 0, 139.92
2026/10/09 04:58:00.235, 3, 82761, 97871, 100, 520.70
2026/10/09 04:58:01.235, 0, 82711, 97871, 0, 138.01
2026/10/09 04:58:01.235, 1, 82709, 97871, 0, 130.60
2026/10/09 04:58:01.235, 2, 82745, 97871, 0, 139.89
2026/10/09 04:58:01.235, 3, 82761, 97871, 67, 458.44
2026/10/09 04:58:02.235, 0, 82711, 97871, 0, 139.72
2026/10/09 04:58:02.235, 1, 82709, 97871, 0, 132.29
2026/10/09 04:58:02.235, 2, 82745, 97871, 0, 142.81
2026/10/09 04:58:02.235, 3, 82761, 97871, 84, 167.64
2026/10/09 04:58:03.235, 0, 82711, 97871, 0, 137.34
2026/10/09 04:58:03.235, 1, 82709, 97871, 0, 132.80
2026/10/09 04:58:03.235, 2, 82745, 97871, 0, 141.63
2026/10/09 04:58:03.235, 3, 82761, 97871, 64, 401.25
2026/10/09 04:58:04.235, 0, 82711, 97871, 0, 140.07
2026/10/09 04:58:04.235, 1, 82709, 97871, 0, 131.59
2026/10/09 04:58:04.235, 2, 82745, 97871, 0, 140.64
2026/10/09 04:58:04.235, 3, 82761, 97871, 97, 382.79
2026/10/09 04:58:05.235, 0, 82711, 97871, 0, 137.55
2026/10/09 04:58:05.235, 1, 82709, 97871, 0, 132.91
2026/10/09 04:58:05.235, 2, 82745, 97871, 0, 142.31
2026/10/09 04:58:05.235, 3, 82761, 97871, 90, 387.98
2026/10/09 04:58:06.235, 0, 82711, 97871, 0, 139.27
2026/10/09 04:58:06.243, 1, 82709, 97871, 0, 131.38
2026/10/09 04:58:06.243, 2, 82745, 97871, 0, 141.32
2026/10/09 04:58:06.243, 3, 82761, 97871, 96, 393.60
2026/10/09 04:58:07.243, 0, 82711, 97871, 0, 137.02
2026/10/09 04:58:07.243, 1, 82709, 97871, 0, 130.60
2026/10/09 04:58:07.243, 2, 82745, 97871, 0, 139.99
2026/10/09 04:58:07.243, 3, 82761, 97871, 100, 534.07
2026/10/09 04:58:08.243, 0, 82711, 97871, 0, 137.04
2026/10/09 04:58:08.243, 1, 82709, 97871, 0, 130.30
2026/10/09 04:58:08.243, 2, 82745, 97871, 0, 139.68
2026/10/09 04:58:08.243, 3, 82761, 97871, 100, 529.95
2026/10/09 04:58:09.243, 0, 82711, 97871, 0, 136.88
2026/10/09 04:58:09.243, 1, 82709, 97871, 0, 131.24
2026/10/09 04:58:09.243, 2, 82745, 97871, 0, 139.77
2026/10/09 04:58:09.244, 3, 82761, 97871, 100, 527.32
2026/10/09 04:58:10.244, 0, 82711, 97871, 0, 137.37
2026/10/09 04:58:10.244, 1, 82709, 97871, 0, 131.11
2026/10/09 04:58:10.244, 2, 82745, 97871, 0, 140.51
2026/10/09 04:58:10.244, 3, 82761, 97871, 73, 481.99
2026/10/09 04:58:11.244, 0, 82711, 97871, 0, 139.75
2026/10/09 04:58:11.244, 1, 82709, 97871, 0, 130.82
2026/10/09 04:58:11.244, 2, 82745, 97871, 0, 141.73
2026/10/09 04:58:11.244, 3, 82761, 97871, 54, 394.21
2026/10/09 04:58:12.244, 0, 82711, 97871, 0, 138.49
2026/10/09 04:58:12.244, 1, 82709, 97871, 0, 132.55
2026/10/09 04:58:12.244, 2, 82745, 97871, 0, 141.60
2026/10/09 04:58:12.244, 3, 82761, 97871, 65, 333.80
2026/10/09 04:58:13.244, 0, 82711, 97871, 0, 138.43
2026/10/09 04:58:13.244, 1, 82709, 97871, 0, 132.05
2026/10/09 04:58:13.244, 2, 82745, 97871, 0, 142.61
2026/10/09 04:58:13.244, 3, 82761, 97871, 99, 394.41
2026/10/09 04:58:14.244, 0, 82711, 97871, 0, 139.78
2026/10/09 04:58:14.244, 1, 82709, 97871, 0, 132.26
2026/10/09 04:58:14.244, 2, 82745, 97871, 0, 141.22
2026/10/09 04:58:14.244, 3, 82761, 97871, 64, 326.02
2026/10/09 04:58:15.244, 0, 82711, 97871, 0, 138.72
2026/10/09 04:58:15.244, 1, 82709, 97871, 0, 132.64
2026/10/09 04:58:15.244, 2, 82745, 97871, 0, 141.71
2026/10/09 04:58:15.244, 3, 82761, 97871, 67, 336.63
2026/10/09 04:58:16.244, 0, 82711, 97871, 0, 138.35
2026/10/09 04:58:16.244, 1, 82709, 97871, 0, 133.32
2026/10/09 04:58:16.245, 2, 82745, 97871, 0, 142.33
2026/10/09 04:58:16.245, 3, 82761, 97871, 95, 283.89
2026/10/09 04:58:17.245, 0, 82711, 97871, 0, 140.05
2026/10/09 04:58:17.245, 1, 82709, 97871, 0, 131.72
2026/10/09 04:58:17.245, 2, 82745, 97871, 0, 141.39
2026/10/09 04:58:17.245, 3, 82761, 97871, 85, 273.08
2026/10/09 04:58:18.246, 0, 82711, 97871, 0, 137.11
2026/10/09 04:58:18.246, 1, 82709, 97871, 0, 132.18
2026/10/09 04:58:18.246, 2, 82745, 97871, 0, 143.18
2026/10/09 04:58:18.246, 3, 82761, 97871, 97, 371.98
2026/10/09 04:58:19.246, 0, 82711, 97871, 0, 136.93
2026/10/09 04:58:19.246, 1, 82709, 97871, 0, 130.34
2026/10/09 04:58:19.246, 2, 82745, 97871, 0, 139.86
2026/10/09 04:58:19.246, 3, 82761, 97871, 100, 514.90
2026/10/09 04:58:20.246, 0, 82711, 97871, 0, 136.95
2026/10/09 04:58:20.246, 1, 82709, 97871, 0, 130.25
2026/10/09 04:58:20.246, 2, 82745, 97871, 0, 139.84
2026/10/09 04:58:20.246, 3, 82761, 97871, 100, 512.93
2026/10/09 04:58:21.246, 0, 82711, 97871, 0, 137.00
2026/10/09 04:58:21.246, 1, 82709, 97871, 0, 130.24
2026/10/09 04:58:21.246, 2, 82745, 97871, 0, 139.61
2026/10/09 04:58:21.246, 3, 82761, 97871, 97, 507.97
2026/10/09 04:58:22.246, 0, 82711, 97871, 0, 136.95
2026/10/09 04:58:22.246, 1, 82709, 97871, 0, 130.02
2026/10/09 04:58:22.246, 2, 82745, 97871, 0, 139.68
2026/10/09 04:58:22.246, 3, 82761, 97871, 100, 513.90
2026/10/09 04:58:23.246, 0, 82710, 97871, 0, 137.02
2026/10/09 04:58:23.246, 1, 82709, 97871, 0, 130.15
2026/10/09 04:58:23.246, 2, 82745, 97871, 0, 139.73
2026/10/09 04:58:23.247, 3, 82761, 97871, 100, 483.36
2026/10/09 04:58:24.247, 0, 82710, 97871, 100, 467.17
2026/10/09 04:58:24.247, 1, 82709, 97871, 100, 470.61
2026/10/09 04:58:24.247, 2, 82745, 97871, 100, 443.46
2026/10/09 04:58:24.247, 3, 82761, 97871, 60, 179.24
2026/10/09 04:58:25.247, 0, 82710, 97871, 100, 554.64
2026/10/09 04:58:25.247, 1, 82709, 97871, 100, 537.39
2026/10/09 04:58:25.247, 2, 82745, 97871, 100, 535.16
2026/10/09 04:58:25.247, 3, 82761, 97871, 71, 151.94
2026/10/09 04:58:26.247, 0, 82710, 97871, 100, 556.40
2026/10/09 04:58:26.247, 1, 82709, 97871, 100, 535.20
2026/10/09 04:58:26.247, 2, 82745, 97871, 100, 530.48
2026/10/09 04:58:26.247, 3, 82761, 97871, 71, 148.87
2026/10/09 04:58:27.251, 0, 82710, 97871, 100, 555.39
2026/10/09 04:58:27.251, 1, 82709, 97871, 100, 531.93
2026/10/09 04:58:27.251, 2, 82745, 97871, 100, 529.12
2026/10/09 04:58:27.251, 3, 82761, 97871, 70, 145.13
2026/10/09 04:58:28.251, 0, 82710, 97871, 100, 552.95
2026/10/09 04:58:28.251, 1, 82709, 97871, 100, 534.69
2026/10/09 04:58:28.251, 2, 82745, 97871, 100, 529.45
2026/10/09 04:58:28.251, 3, 82761, 97871, 69, 149.82
2026/10/09 04:58:29.251, 0, 82710, 97871, 100, 554.02
2026/10/09 04:58:29.251, 1, 82709, 97871, 100, 530.61
2026/10/09 04:58:29.251, 2, 82745, 97871, 100, 530.20
2026/10/09 04:58:29.251, 3, 82761, 97871, 76, 144.26
2026/10/09 04:58:30.251, 0, 82710, 97871, 100, 555.61
2026/10/09 04:58:30.251, 1, 82709, 97871, 100, 531.57
2026/10/09 04:58:30.252, 2, 82745, 97871, 100, 532.01
2026/10/09 04:58:30.252, 3, 82761, 97871, 71, 143.70
2026/10/09 04:58:31.252, 0, 82710, 97871, 100, 554.64
2026/10/09 04:58:31.252, 1, 82709, 97871, 100, 533.08
2026/10/09 04:58:31.252, 2, 82745, 97871, 100, 530.26
2026/10/09 04:58:31.252, 3, 82761, 97871, 100, 289.93
2026/10/09 04:58:32.252, 0, 82710, 97871, 100, 556.33
2026/10/09 04:58:32.252, 1, 82709, 97871, 100, 528.87
2026/10/09 04:58:32.252, 2, 82745, 97871, 100, 530.99
2026/10/09 04:58:32.252, 3, 82761, 97871, 100, 527.72
2026/10/09 04:58:33.252, 0, 82710, 97871, 100, 555.67
2026/10/09 04:58:33.252, 1, 82709, 97871, 100, 529.80
2026/10/09 04:58:33.252, 2, 82745, 97871, 100, 531.27
2026/10/09 04:58:33.252, 3, 82761, 97871, 100, 525.31
2026/10/09 04:58:34.252, 0, 82710, 97871, 100, 554.04
2026/10/09 04:58:34.252, 1, 82709, 97871, 100, 529.10
2026/10/09 04:58:34.252, 2, 82745, 97871, 100, 533.64
2026/10/09 04:58:34.252, 3, 82761, 97871, 100, 520.44
2026/10/09 04:58:35.252, 0, 82710, 97871, 100, 553.89
2026/10/09 04:58:35.252, 1, 82709, 97871, 100, 530.23
2026/10/09 04:58:35.253, 2, 82745, 97871, 100, 532.36
2026/10/09 04:58:35.253, 3, 82761, 97871, 100, 517.94
2026/10/09 04:58:36.253, 0, 82710, 97871, 100, 555.46
2026/10/09 04:58:36.253, 1, 82709, 97871, 100, 531.01
2026/10/09 04:58:36.253, 2, 82745, 97871, 100, 530.94
2026/10/09 04:58:36.253, 3, 82761, 97871, 100, 528.30
2026/10/09 04:58:37.264, 0, 82710, 97871, 0, 415.90
2026/10/09 04:58:37.264, 1, 82709, 97871, 0, 242.43
2026/10/09 04:58:37.264, 2, 82745, 97871, 0, 458.57
2026/10/09 04:58:37.264, 3, 82761, 97871, 100, 526.36
2026/10/09 04:58:38.265, 0, 82710, 97871, 0, 138.67
2026/10/09 04:58:38.265, 1, 82709, 97871, 0, 132.28
2026/10/09 04:58:38.265, 2, 82745, 97871, 0, 143.06
2026/10/09 04:58:38.265, 3, 82761, 97871, 100, 527.89
2026/10/09 04:58:39.265, 0, 82710, 97871, 0, 138.54
2026/10/09 04:58:39.265, 1, 82709, 97871, 0, 130.85
2026/10/09 04:58:39.265, 2, 82745, 97871, 0, 142.84
2026/10/09 04:58:39.265, 3, 82761, 97871, 100, 529.05
2026/10/09 04:58:40.265, 0, 82710, 97871, 0, 138.10
2026/10/09 04:58:40.265, 1, 82709, 97871, 0, 130.50
2026/10/09 04:58:40.265, 2, 82745, 97871, 0, 141.30
2026/10/09 04:58:40.265, 3, 82761, 97871, 100, 525.31
2026/10/09 04:58:41.265, 0, 82710, 97871, 0, 137.95
2026/10/09 04:58:41.265, 1, 82709, 97871, 0, 130.31
2026/10/09 04:58:41.265, 2, 82745, 97871, 0, 141.08
2026/10/09 04:58:41.265, 3, 82761, 97871, 100, 527.20
2026/10/09 04:58:42.265, 0, 82710, 97871, 0, 137.75
2026/10/09 04:58:42.265, 1, 82709, 97871, 0, 130.09
2026/10/09 04:58:42.265, 2, 82745, 97871, 0, 140.92
2026/10/09 04:58:42.266, 3, 82761, 97871, 100, 528.73
2026/10/09 04:58:43.266, 0, 82710, 97871, 0, 137.65
2026/10/09 04:58:43.266, 1, 82709, 97871, 0, 130.02
2026/10/09 04:58:43.266, 2, 82745, 97871, 0, 140.71
2026/10/09 04:58:43.266, 3, 82761, 97871, 100, 532.40
2026/10/09 04:58:44.266, 0, 82710, 97871, 0, 137.52
2026/10/09 04:58:44.266, 1, 82709, 97871, 0, 130.03
2026/10/09 04:58:44.266, 2, 82745, 97871, 0, 140.65
2026/10/09 04:58:44.266, 3, 82761, 97871, 100, 526.08
2026/10/09 04:58:45.266, 0, 82710, 97871, 0, 137.57
2026/10/09 04:58:45.266, 1, 82709, 97871, 43, 216.71
2026/10/09 04:58:45.266, 2, 82745, 97871, 0, 194.50
2026/10/09 04:58:45.266, 3, 82761, 97871, 100, 515.42
2026/10/09 04:58:46.266, 0, 82710, 97871, 0, 137.41
2026/10/09 04:58:46.266, 1, 82709, 97871, 0, 211.53
2026/10/09 04:58:46.266, 2, 82745, 97871, 0, 172.89
2026/10/09 04:58:46.266, 3, 82761, 97871, 100, 513.60
2026/10/09 04:58:47.271, 0, 82710, 97871, 0, 137.48
2026/10/09 04:58:47.271, 1, 82709, 97871, 0, 130.47
2026/10/09 04:58:47.271, 2, 82745, 97871, 0, 140.60
2026/10/09 04:58:47.271, 3, 82761, 97871, 100, 530.54
2026/10/09 04:58:48.271, 0, 82710, 97871, 0, 137.35
2026/10/09 04:58:48.271, 1, 82709, 97871, 25, 164.99
2026/10/09 04:58:48.271, 2, 82745, 97871, 0, 140.55
2026/10/09 04:58:48.271, 3, 82761, 97871, 100, 525.54
2026/10/09 04:58:49.271, 0, 82710, 97871, 0, 137.40
2026/10/09 04:58:49.271, 1, 82709, 97871, 0, 131.41
2026/10/09 04:58:49.271, 2, 82745, 97871, 0, 140.39
2026/10/09 04:58:49.271, 3, 82761, 97871, 100, 525.60
2026/10/09 04:58:50.271, 0, 82710, 97871, 0, 137.49
2026/10/09 04:58:50.271, 1, 82709, 97871, 0, 205.05
2026/10/09 04:58:50.271, 2, 82745, 97871, 0, 140.37
2026/10/09 04:58:50.271, 3, 82761, 97871, 100, 525.22
2026/10/09 04:58:51.272, 0, 82710, 97871, 0, 137.23
2026/10/09 04:58:51.272, 1, 82709, 97871, 0, 130.03
2026/10/09 04:58:51.272, 2, 82745, 97871, 0, 140.39
2026/10/09 04:58:51.272, 3, 82761, 97871, 100, 526.36
2026/10/09 04:58:52.272, 0, 82710, 97871, 0, 138.92
2026/10/09 04:58:52.272, 1, 82709, 97871, 18, 171.94
2026/10/09 04:58:52.272, 2, 82745, 97871, 0, 141.53
2026/10/09 04:58:52.272, 3, 82761, 97871, 96, 353.76
2026/10/09 04:58:53.272, 0, 82710, 97871, 100, 499.62
2026/10/09 04:58:53.272, 1, 82709, 97871, 93, 313.61
2026/10/09 04:58:53.272, 2, 82745, 97871, 77, 378.50
2026/10/09 04:58:53.272, 3, 82761, 97871, 100, 448.45
2026/10/09 04:58:54.272, 0, 82710, 97871, 100, 285.29
2026/10/09 04:58:54.272, 1, 82709, 97871, 0, 276.29
2026/10/09 04:58:54.272, 2, 82745, 97871, 84, 312.55
2026/10/09 04:58:54.272, 3, 82761, 97871, 100, 425.36
2026/10/09 04:58:55.272, 0, 82710, 97871, 0, 159.67
2026/10/09 04:58:55.272, 1, 82709, 97871, 0, 241.41
2026/10/09 04:58:55.272, 2, 82745, 97871, 0, 302.02
2026/10/09 04:58:55.272, 3, 82761, 97871, 100, 475.99
2026/10/09 04:58:56.273, 0, 82710, 97871, 0, 190.32
2026/10/09 04:58:56.273, 1, 82709, 97871, 0, 166.80
2026/10/09 04:58:56.273, 2, 82745, 97871, 0, 143.09
2026/10/09 04:58:56.273, 3, 82761, 97871, 100, 530.00
2026/10/09 04:58:57.278, 0, 82710, 97871, 0, 137.74
2026/10/09 04:58:57.278, 1, 82709, 97871, 0, 165.73
2026/10/09 04:58:57.278, 2, 82745, 97871, 0, 142.51
2026/10/09 04:58:57.278, 3, 82761, 97871, 100, 526.87
2026/10/09 04:58:58.278, 0, 82710, 97871, 0, 137.59
2026/10/09 04:58:58.278, 1, 82709, 97871, 0, 171.01
2026/10/09 04:58:58.278, 2, 82745, 97871, 0, 142.17
2026/10/09 04:58:58.278, 3, 82761, 97871, 100, 527.72
2026/10/09 04:58:59.278, 0, 82710, 97871, 0, 137.44
2026/10/09 04:58:59.278, 1, 82709, 97871, 0, 129.80
2026/10/09 04:58:59.278, 2, 82745, 97871, 0, 142.07
2026/10/09 04:58:59.278, 3, 82761, 97871, 100, 526.73
2026/10/09 04:59:00.278, 0, 82710, 97871, 0, 137.50
2026/10/09 04:59:00.279, 1, 82709, 97871, 0, 156.94
2026/10/09 04:59:00.279, 2, 82745, 97871, 0, 142.16
2026/10/09 04:59:00.279, 3, 82761, 97871, 100, 525.64
2026/10/09 04:59:01.279, 0, 82710, 97871, 0, 137.38
2026/10/09 04:59:01.279, 1, 82709, 97871, 0, 130.81
2026/10/09 04:59:01.279, 2, 82745, 97871, 0, 141.90
2026/10/09 04:59:01.279, 3, 82761, 97871, 100, 524.41
2026/10/09 04:59:02.279, 0, 82710, 97871, 0, 139.11
2026/10/09 04:59:02.279, 1, 82709, 97871, 0, 131.26
2026/10/09 04:59:02.279, 2, 82745, 97871, 0, 142.81
2026/10/09 04:59:02.279, 3, 82761, 97871, 99, 412.65
2026/10/09 04:59:03.279, 0, 82710, 97871, 0, 343.54
2026/10/09 04:59:03.279, 1, 82709, 97871, 0, 191.09
2026/10/09 04:59:03.279, 2, 82745, 97871, 0, 325.65
2026/10/09 04:59:03.279, 3, 82761, 97871, 100, 482.29
2026/10/09 04:59:04.279, 0, 82710, 97871, 0, 137.61
2026/10/09 04:59:04.279, 1, 82709, 97871, 0, 170.22
2026/10/09 04:59:04.279, 2, 82745, 97871, 0, 142.32
2026/10/09 04:59:04.279, 3, 82761, 97871, 100, 530.82
2026/10/09 04:59:05.279, 0, 82710, 97871, 0, 137.29
2026/10/09 04:59:05.279, 1, 82709, 97871, 0, 129.57
2026/10/09 04:59:05.279, 2, 82745, 97871, 0, 141.96
2026/10/09 04:59:05.279, 3, 82761, 97871, 100, 527.37
2026/10/09 04:59:06.280, 0, 82710, 97871, 0, 137.25
2026/10/09 04:59:06.280, 1, 82709, 97871, 0, 161.94
2026/10/09 04:59:06.280, 2, 82745, 97871, 0, 141.94
2026/10/09 04:59:06.280, 3, 82761, 97871, 100, 528.66
2026/10/09 04:59:07.285, 0, 82710, 97871, 0, 137.32
2026/10/09 04:59:07.285, 1, 82709, 97871, 0, 166.51
2026/10/09 04:59:07.285, 2, 82745, 97871, 0, 141.85
2026/10/09 04:59:07.285, 3, 82761, 97871, 100, 530.10
2026/10/09 04:59:08.285, 0, 82710, 97871, 0, 137.34
2026/10/09 04:59:08.285, 1, 82709, 97871, 0, 130.13
2026/10/09 04:59:08.285, 2, 82745, 97871, 0, 141.84
2026/10/09 04:59:08.285, 3, 82761, 97871, 100, 528.13
2026/10/09 04:59:09.285, 0, 82710, 97871, 0, 137.84
2026/10/09 04:59:09.285, 1, 82709, 97871, 0, 130.71
2026/10/09 04:59:09.285, 2, 82745, 97871, 0, 141.70
2026/10/09 04:59:09.285, 3, 82761, 97871, 100, 528.48
2026/10/09 04:59:10.285, 0, 82710, 97871, 100, 272.06
2026/10/09 04:59:10.285, 1, 82709, 97871, 47, 239.24
2026/10/09 04:59:10.286, 2, 82745, 97871, 100, 265.53
2026/10/09 04:59:10.286, 3, 82761, 97871, 100, 356.59
2026/10/09 04:59:11.286, 0, 82710, 97871, 0, 391.75
2026/10/09 04:59:11.286, 1, 82709, 97871, 36, 295.51
2026/10/09 04:59:11.286, 2, 82745, 97871, 100, 322.20
2026/10/09 04:59:11.286, 3, 82761, 97871, 100, 394.57
2026/10/09 04:59:12.286, 0, 82710, 97871, 0, 299.47
2026/10/09 04:59:12.286, 1, 82709, 97871, 0, 281.03
2026/10/09 04:59:12.286, 2, 82745, 97871, 99, 356.80
2026/10/09 04:59:12.286, 3, 82761, 97871, 100, 372.05
2026/10/09 04:59:13.286, 0, 82710, 97871, 46, 330.71
2026/10/09 04:59:13.286, 1, 82709, 97871, 81, 346.42
2026/10/09 04:59:13.286, 2, 82745, 97871, 49, 301.37
2026/10/09 04:59:13.286, 3, 82761, 97871, 92, 373.88
2026/10/09 04:59:14.286, 0, 82710, 97871, 100, 296.07
2026/10/09 04:59:14.286, 1, 82709, 97871, 0, 267.82
2026/10/09 04:59:14.286, 2, 82745, 97871, 100, 252.70
2026/10/09 04:59:14.286, 3, 82761, 97871, 85, 376.32
2026/10/09 04:59:15.286, 0, 82710, 97871, 95, 356.32
2026/10/09 04:59:15.287, 1, 82709, 97871, 0, 317.62
2026/10/09 04:59:15.287, 2, 82745, 97871, 98, 299.65
2026/10/09 04:59:15.287, 3, 82761, 97871, 93, 377.07
2026/10/09 04:59:16.287, 0, 82710, 97871, 0, 138.04
2026/10/09 04:59:16.287, 1, 82709, 97871, 0, 212.97
2026/10/09 04:59:16.287, 2, 82745, 97871, 0, 233.40
2026/10/09 04:59:16.287, 3, 82761, 97871, 100, 437.72
2026/10/09 04:59:17.294, 0, 82710, 97871, 0, 138.03
2026/10/09 04:59:17.294, 1, 82709, 97871, 0, 130.63
2026/10/09 04:59:17.294, 2, 82745, 97871, 0, 142.47
2026/10/09 04:59:17.294, 3, 82761, 97871, 100, 535.16
2026/10/09 04:59:18.294, 0, 82710, 97871, 0, 137.71
2026/10/09 04:59:18.294, 1, 82709, 97871, 0, 184.98
2026/10/09 04:59:18.294, 2, 82745, 97871, 0, 142.25
2026/10/09 04:59:18.294, 3, 82761, 97871, 100, 531.02
2026/10/09 04:59:19.294, 0, 82710, 97871, 0, 137.68
2026/10/09 04:59:19.294, 1, 82709, 97871, 0, 129.78
2026/10/09 04:59:19.294, 2, 82745, 97871, 0, 142.03
2026/10/09 04:59:19.294, 3, 82761, 97871, 100, 531.24
2026/10/09 04:59:20.294, 0, 82710, 97871, 0, 137.67
2026/10/09 04:59:20.294, 1, 82709, 97871, 0, 129.59
2026/10/09 04:59:20.294, 2, 82745, 97871, 0, 141.84
2026/10/09 04:59:20.294, 3, 82761, 97871, 100, 526.74
2026/10/09 04:59:21.294, 0, 82710, 97871, 0, 137.54
2026/10/09 04:59:21.294, 1, 82709, 97871, 0, 129.39
2026/10/09 04:59:21.294, 2, 82745, 97871, 0, 141.81
2026/10/09 04:59:21.294, 3, 82761, 97871, 100, 528.41
2026/10/09 04:59:22.294, 0, 82710, 97871, 0, 137.68
2026/10/09 04:59:22.294, 1, 82709, 97871, 0, 129.47
2026/10/09 04:59:22.295, 2, 82745, 97871, 0, 141.10
2026/10/09 04:59:22.295, 3, 82761, 97871, 100, 525.99
2026/10/09 04:59:23.295, 0, 82710, 97871, 0, 137.64
2026/10/09 04:59:23.295, 1, 82709, 97871, 0, 177.02
2026/10/09 04:59:23.295, 2, 82745, 97871, 0, 140.49
2026/10/09 04:59:23.295, 3, 82761, 97871, 100, 524.46
2026/10/09 04:59:24.295, 0, 82710, 97871, 0, 138.55
2026/10/09 04:59:24.295, 1, 82709, 97871, 0, 130.96
2026/10/09 04:59:24.295, 2, 82745, 97871, 0, 141.35
2026/10/09 04:59:24.295, 3, 82761, 97871, 99, 450.02
2026/10/09 04:59:25.295, 0, 82710, 97871, 0, 312.57
2026/10/09 04:59:25.295, 1, 82709, 97871, 0, 177.20
2026/10/09 04:59:25.295, 2, 82745, 97871, 66, 273.48
2026/10/09 04:59:25.295, 3, 82761, 97871, 100, 457.08
2026/10/09 04:59:26.295, 0, 82710, 97871, 0, 140.61
2026/10/09 04:59:26.295, 1, 82709, 97871, 78, 267.77
2026/10/09 04:59:26.296, 2, 82745, 97871, 0, 195.62
2026/10/09 04:59:26.296, 3, 82761, 97871, 100, 378.45
2026/10/09 04:59:27.301, 0, 82710, 97871, 65, 281.76
2026/10/09 04:59:27.301, 1, 82709, 97871, 33, 287.82
2026/10/09 04:59:27.301, 2, 82745, 97871, 100, 350.04
2026/10/09 04:59:27.301, 3, 82761, 97871, 60, 322.22
2026/10/09 04:59:28.301, 0, 82710, 97871, 0, 336.40
2026/10/09 04:59:28.301, 1, 82709, 97871, 75, 261.40
2026/10/09 04:59:28.301, 2, 82745, 97871, 0, 196.22
2026/10/09 04:59:28.301, 3, 82761, 97871, 99, 363.30
2026/10/09 04:59:29.301, 0, 82710, 97871, 0, 139.67
2026/10/09 04:59:29.301, 1, 82709, 97871, 99, 270.44
2026/10/09 04:59:29.301, 2, 82745, 97871, 0, 309.26
2026/10/09 04:59:29.301, 3, 82761, 97871, 85, 281.41
2026/10/09 04:59:30.301, 0, 82710, 97871, 0, 313.26
2026/10/09 04:59:30.302, 1, 82709, 97871, 2, 252.54
2026/10/09 04:59:30.302, 2, 82745, 97871, 6, 301.60
2026/10/09 04:59:30.302, 3, 82761, 97871, 54, 295.37
2026/10/09 04:59:31.302, 0, 82710, 97871, 56, 233.45
2026/10/09 04:59:31.302, 1, 82709, 97871, 0, 242.29
2026/10/09 04:59:31.302, 2, 82745, 97871, 91, 337.05
2026/10/09 04:59:31.302, 3, 82761, 97871, 63, 293.57
2026/10/09 04:59:32.302, 0, 82710, 97871, 77, 396.85
2026/10/09 04:59:32.302, 1, 82709, 97871, 0, 255.63
2026/10/09 04:59:32.302, 2, 82745, 97871, 0, 151.38
2026/10/09 04:59:32.302, 3, 82761, 97871, 67, 302.58
2026/10/09 04:59:33.302, 0, 82710, 97871, 0, 172.92
2026/10/09 04:59:33.302, 1, 82709, 97871, 3, 250.74
2026/10/09 04:59:33.302, 2, 82745, 97871, 73, 376.04
2026/10/09 04:59:33.302, 3, 82761, 97871, 91, 303.92
2026/10/09 04:59:34.303, 0, 82710, 97871, 67, 360.81
2026/10/09 04:59:34.303, 1, 82709, 97871, 49, 289.42
2026/10/09 04:59:34.303, 2, 82745, 97871, 0, 143.65
2026/10/09 04:59:34.303, 3, 82761, 97871, 94, 404.74
2026/10/09 04:59:35.303, 0, 82710, 97871, 0, 184.97
2026/10/09 04:59:35.303, 1, 82709, 97871, 25, 250.08
2026/10/09 04:59:35.303, 2, 82745, 97871, 0, 315.09
2026/10/09 04:59:35.303, 3, 82761, 97871, 100, 403.21
2026/10/09 04:59:36.303, 0, 82710, 97871, 100, 273.03
2026/10/09 04:59:36.303, 1, 82709, 97871, 0, 284.96
2026/10/09 04:59:36.303, 2, 82745, 97871, 98, 208.34
2026/10/09 04:59:36.303, 3, 82761, 97871, 78, 442.04
2026/10/09 04:59:37.308, 0, 82710, 97871, 0, 138.40
2026/10/09 04:59:37.308, 1, 82709, 97871, 70, 264.55
2026/10/09 04:59:37.308, 2, 82745, 97871, 0, 219.16
2026/10/09 04:59:37.308, 3, 82761, 97871, 92, 463.51
2026/10/09 04:59:38.308, 0, 82710, 97871, 0, 308.24
2026/10/09 04:59:38.308, 1, 82709, 97871, 24, 327.17
2026/10/09 04:59:38.308, 2, 82745, 97871, 0, 206.50
2026/10/09 04:59:38.308, 3, 82761, 97871, 91, 325.62
2026/10/09 04:59:39.308, 0, 82710, 97871, 0, 327.99
2026/10/09 04:59:39.309, 1, 82709, 97871, 79, 303.64
2026/10/09 04:59:39.309, 2, 82745, 97871, 0, 306.05
2026/10/09 04:59:39.309, 3, 82761, 97871, 72, 276.47
2026/10/09 04:59:40.309, 0, 82710, 97871, 0, 244.96
2026/10/09 04:59:40.309, 1, 82709, 97871, 69, 238.13
2026/10/09 04:59:40.309, 2, 82745, 97871, 0, 313.64
2026/10/09 04:59:40.309, 3, 82761, 97871, 95, 298.30
2026/10/09 04:59:41.309, 0, 82710, 97871, 0, 230.20
2026/10/09 04:59:41.309, 1, 82709, 97871, 0, 230.72
2026/10/09 04:59:41.309, 2, 82745, 97871, 0, 202.90
2026/10/09 04:59:41.309, 3, 82761, 97871, 61, 380.75
2026/10/09 04:59:42.309, 0, 82710, 97871, 0, 331.60
2026/10/09 04:59:42.309, 1, 82709, 97871, 52, 263.21
2026/10/09 04:59:42.309, 2, 82745, 97871, 81, 308.56
2026/10/09 04:59:42.309, 3, 82761, 97871, 70, 288.55
2026/10/09 04:59:43.309, 0, 82710, 97871, 63, 211.53
2026/10/09 04:59:43.309, 1, 82709, 97871, 16, 258.65
2026/10/09 04:59:43.309, 2, 82745, 97871, 0, 265.14
2026/10/09 04:59:43.309, 3, 82761, 97871, 77, 340.35
2026/10/09 04:59:44.310, 0, 82710, 97871, 0, 337.24
2026/10/09 04:59:44.310, 1, 82709, 97871, 0, 237.29
2026/10/09 04:59:44.310, 2, 82745, 97871, 0, 207.74
2026/10/09 04:59:44.310, 3, 82761, 97871, 60, 305.46
2026/10/09 04:59:45.310, 0, 82710, 97871, 0, 168.03
2026/10/09 04:59:45.310, 1, 82709, 97871, 100, 285.76
2026/10/09 04:59:45.310, 2, 82745, 97871, 42, 387.88
2026/10/09 04:59:45.310, 3, 82761, 97871, 79, 357.44
2026/10/09 04:59:46.310, 0, 82710, 97871, 0, 168.47
2026/10/09 04:59:46.310, 1, 82709, 97871, 6, 214.04
2026/10/09 04:59:46.310, 2, 82745, 97871, 0, 212.74
2026/10/09 04:59:46.310, 3, 82761, 97871, 100, 453.97
2026/10/09 04:59:47.335, 0, 82710, 97871, 0, 138.23
2026/10/09 04:59:47.335, 1, 82709, 97871, 0, 213.76
2026/10/09 04:59:47.335, 2, 82745, 97871, 0, 142.88
2026/10/09 04:59:47.335, 3, 82761, 97871, 100, 534.57
2026/10/09 04:59:48.335, 0, 82710, 97871, 0, 137.90
2026/10/09 04:59:48.335, 1, 82709, 97871, 0, 130.62
2026/10/09 04:59:48.335, 2, 82745, 97871, 0, 142.30
2026/10/09 04:59:48.335, 3, 82761, 97871, 100, 529.82
2026/10/09 04:59:49.335, 0, 82710, 97871, 0, 137.68
2026/10/09 04:59:49.335, 1, 82709, 97871, 0, 129.87
2026/10/09 04:59:49.335, 2, 82745, 97871, 0, 142.25
2026/10/09 04:59:49.335, 3, 82761, 97871, 100, 526.77
2026/10/09 04:59:50.335, 0, 82710, 97871, 0, 137.52
2026/10/09 04:59:50.335, 1, 82709, 97871, 0, 165.01
2026/10/09 04:59:50.335, 2, 82745, 97871, 0, 142.12
2026/10/09 04:59:50.335, 3, 82761, 97871, 100, 527.26
2026/10/09 04:59:51.335, 0, 82710, 97871, 0, 137.52
2026/10/09 04:59:51.335, 1, 82709, 97871, 0, 171.31
2026/10/09 04:59:51.335, 2, 82745, 97871, 0, 142.40
2026/10/09 04:59:51.335, 3, 82761, 97871, 100, 522.17
2026/10/09 04:59:52.335, 0, 82710, 97871, 0, 139.81
2026/10/09 04:59:52.335, 1, 82709, 97871, 0, 131.15
2026/10/09 04:59:52.335, 2, 82745, 97871, 0, 144.12
2026/10/09 04:59:52.336, 3, 82761, 97871, 68, 310.05
2026/10/09 04:59:53.336, 0, 82710, 97871, 100, 438.15
2026/10/09 04:59:53.336, 1, 82709, 97871, 0, 162.37
2026/10/09 04:59:53.336, 2, 82745, 97871, 0, 347.71
2026/10/09 04:59:53.336, 3, 82761, 97871, 100, 411.20
2026/10/09 04:59:54.336, 0, 82710, 97871, 0, 200.67
2026/10/09 04:59:54.336, 1, 82709, 97871, 0, 224.48
2026/10/09 04:59:54.336, 2, 82745, 97871, 0, 197.50
2026/10/09 04:59:54.336, 3, 82761, 97871, 100, 507.40
2026/10/09 04:59:55.336, 0, 82710, 97871, 0, 138.13
2026/10/09 04:59:55.336, 1, 82709, 97871, 0, 186.17
2026/10/09 04:59:55.336, 2, 82745, 97871, 0, 142.54
2026/10/09 04:59:55.336, 3, 82761, 97871, 100, 528.94
2026/10/09 04:59:56.336, 0, 82710, 97871, 0, 137.97
2026/10/09 04:59:56.336, 1, 82709, 97871, 0, 130.70
2026/10/09 04:59:56.336, 2, 82745, 97871, 0, 143.32
2026/10/09 04:59:56.336, 3, 82761, 97871, 100, 484.09
2026/10/09 04:59:57.340, 0, 82710, 97871, 0, 250.93
2026/10/09 04:59:57.340, 1, 82709, 97871, 0, 176.26
2026/10/09 04:59:57.340, 2, 82745, 97871, 93, 262.02
2026/10/09 04:59:57.340, 3, 82761, 97871, 100, 421.55
2026/10/09 04:59:58.340, 0, 82710, 97871, 0, 184.13
2026/10/09 04:59:58.340, 1, 82709, 97871, 0, 236.43
2026/10/09 04:59:58.340, 2, 82745, 97871, 0, 283.92
2026/10/09 04:59:58.340, 3, 82761, 97871, 100, 450.01
2026/10/09 04:59:59.340, 0, 82710, 97871, 0, 192.52
2026/10/09 04:59:59.340, 1, 82709, 97871, 4, 273.85
2026/10/09 04:59:59.341, 2, 82745, 97871, 8, 213.53
2026/10/09 04:59:59.341, 3, 82761, 97871, 66, 376.85
2026/10/09 05:00:00.341, 0, 82710, 97871, 84, 345.40
2026/10/09 05:00:00.341, 1, 82709, 97871, 0, 219.24
2026/10/09 05:00:00.341, 2, 82745, 97871, 47, 312.62
2026/10/09 05:00:00.341, 3, 82761, 97871, 62, 294.41
2026/10/09 05:00:01.341, 0, 82710, 97871, 94, 243.24
2026/10/09 05:00:01.341, 1, 82709, 97871, 45, 300.96
2026/10/09 05:00:01.341, 2, 82745, 97871, 65, 280.73
2026/10/09 05:00:01.341, 3, 82761, 97871, 96, 309.95
2026/10/09 05:00:02.341, 0, 82710, 97871, 18, 405.11
2026/10/09 05:00:02.341, 1, 82709, 97871, 35, 274.73
2026/10/09 05:00:02.341, 2, 82745, 97871, 0, 212.87
2026/10/09 05:00:02.341, 3, 82761, 97871, 91, 297.91
2026/10/09 05:00:03.341, 0, 82710, 97871, 37, 243.52
2026/10/09 05:00:03.341, 1, 82709, 97871, 24, 235.79
2026/10/09 05:00:03.341, 2, 82745, 97871, 0, 270.51
2026/10/09 05:00:03.341, 3, 82761, 97871, 75, 352.24
2026/10/09 05:00:04.341, 0, 82710, 97871, 0, 242.08
2026/10/09 05:00:04.341, 1, 82709, 97871, 67, 265.29
2026/10/09 05:00:04.341, 2, 82745, 97871, 100, 307.46
2026/10/09 05:00:04.341, 3, 82761, 97871, 73, 274.17
2026/10/09 05:00:05.342, 0, 82710, 97871, 0, 313.22
2026/10/09 05:00:05.342, 1, 82709, 97871, 49, 256.90
2026/10/09 05:00:05.342, 2, 82745, 97871, 0, 294.52
2026/10/09 05:00:05.342, 3, 82761, 97871, 85, 288.69
2026/10/09 05:00:06.342, 0, 82710, 97871, 100, 303.80
2026/10/09 05:00:06.342, 1, 82709, 97871, 0, 232.86
2026/10/09 05:00:06.342, 2, 82745, 97871, 0, 204.69
2026/10/09 05:00:06.342, 3, 82761, 97871, 58, 354.77
2026/10/09 05:00:07.347, 0, 82710, 97871, 97, 241.29
2026/10/09 05:00:07.348, 1, 82709, 97871, 0, 289.97
2026/10/09 05:00:07.348, 2, 82745, 97871, 46, 315.37
2026/10/09 05:00:07.348, 3, 82761, 97871, 64, 363.76
2026/10/09 05:00:08.348, 0, 82710, 97871, 0, 251.33
2026/10/09 05:00:08.348, 1, 82709, 97871, 22, 255.67
2026/10/09 05:00:08.348, 2, 82745, 97871, 0, 182.37
2026/10/09 05:00:08.348, 3, 82761, 97871, 100, 459.91
2026/10/09 05:00:09.348, 0, 82710, 97871, 0, 185.41
2026/10/09 05:00:09.348, 1, 82709, 97871, 2, 257.56
2026/10/09 05:00:09.348, 2, 82745, 97871, 0, 282.95
2026/10/09 05:00:09.348, 3, 82761, 97871, 93, 383.48
2026/10/09 05:00:10.348, 0, 82710, 97871, 0, 229.20
2026/10/09 05:00:10.348, 1, 82709, 97871, 0, 177.69
2026/10/09 05:00:10.348, 2, 82745, 97871, 0, 190.20
2026/10/09 05:00:10.348, 3, 82761, 97871, 100, 453.93
2026/10/09 05:00:11.348, 0, 82710, 97871, 0, 138.02
2026/10/09 05:00:11.349, 1, 82709, 97871, 0, 186.50
2026/10/09 05:00:11.349, 2, 82745, 97871, 0, 142.40
2026/10/09 05:00:11.349, 3, 82761, 97871, 100, 532.95
2026/10/09 05:00:12.349, 0, 82710, 97871, 0, 137.66
2026/10/09 05:00:12.349, 1, 82709, 97871, 0, 131.00
2026/10/09 05:00:12.349, 2, 82745, 97871, 0, 142.26
2026/10/09 05:00:12.349, 3, 82761, 97871, 100, 529.35
2026/10/09 05:00:13.349, 0, 82710, 97871, 0, 137.58
2026/10/09 05:00:13.349, 1, 82709, 97871, 0, 130.70
2026/10/09 05:00:13.349, 2, 82745, 97871, 0, 141.90
2026/10/09 05:00:13.349, 3, 82761, 97871, 100, 527.97
2026/10/09 05:00:14.349, 0, 82710, 97871, 0, 137.46
2026/10/09 05:00:14.349, 1, 82709, 97871, 0, 130.44
2026/10/09 05:00:14.349, 2, 82745, 97871, 0, 141.95
2026/10/09 05:00:14.349, 3, 82761, 97871, 100, 526.87
2026/10/09 05:00:15.349, 0, 82710, 97871, 0, 137.37
2026/10/09 05:00:15.349, 1, 82709, 97871, 0, 129.84
2026/10/09 05:00:15.349, 2, 82745, 97871, 0, 142.03
2026/10/09 05:00:15.349, 3, 82761, 97871, 100, 528.22
2026/10/09 05:00:16.349, 0, 82710, 97871, 0, 137.70
2026/10/09 05:00:16.350, 1, 82709, 97871, 0, 129.96
2026/10/09 05:00:16.350, 2, 82745, 97871, 0, 141.93
2026/10/09 05:00:16.350, 3, 82761, 97871, 100, 529.85
2026/10/09 05:00:17.361, 0, 82710, 97871, 6, 145.27
2026/10/09 05:00:17.361, 1, 82709, 97871, 0, 131.97
2026/10/09 05:00:17.361, 2, 82745, 97871, 0, 167.21
2026/10/09 05:00:17.361, 3, 82761, 97871, 70, 316.12
2026/10/09 05:00:18.361, 0, 82710, 97871, 78, 377.48
2026/10/09 05:00:18.361, 1, 82709, 97871, 62, 337.25
2026/10/09 05:00:18.362, 2, 82745, 97871, 0, 274.90
2026/10/09 05:00:18.362, 3, 82761, 97871, 91, 369.58
2026/10/09 05:00:19.362, 0, 82710, 97871, 0, 173.27
2026/10/09 05:00:19.362, 1, 82709, 97871, 80, 248.30
2026/10/09 05:00:19.362, 2, 82745, 97871, 100, 381.66
2026/10/09 05:00:19.362, 3, 82761, 97871, 77, 379.10
2026/10/09 05:00:20.362, 0, 82710, 97871, 0, 137.85
2026/10/09 05:00:20.362, 1, 82709, 97871, 0, 139.36
2026/10/09 05:00:20.362, 2, 82745, 97871, 0, 143.00
2026/10/09 05:00:20.362, 3, 82761, 97871, 100, 533.15
2026/10/09 05:00:21.362, 0, 82710, 97871, 0, 137.66
2026/10/09 05:00:21.362, 1, 82709, 97871, 0, 129.90
2026/10/09 05:00:21.362, 2, 82745, 97871, 0, 142.34
2026/10/09 05:00:21.362, 3, 82761, 97871, 100, 526.03
2026/10/09 05:00:22.362, 0, 82710, 97871, 0, 137.49
2026/10/09 05:00:22.362, 1, 82709, 97871, 0, 129.55
2026/10/09 05:00:22.362, 2, 82745, 97871, 0, 142.09
2026/10/09 05:00:22.362, 3, 82761, 97871, 100, 524.32
2026/10/09 05:00:23.362, 0, 82710, 97871, 0, 137.59
2026/10/09 05:00:23.363, 1, 82708, 97871, 0, 129.52
2026/10/09 05:00:23.363, 2, 82745, 97871, 0, 141.98
2026/10/09 05:00:23.363, 3, 82761, 97871, 100, 523.71
2026/10/09 05:00:24.363, 0, 82710, 97871, 0, 137.43
2026/10/09 05:00:24.363, 1, 82708, 97871, 0, 129.81
2026/10/09 05:00:24.363, 2, 82745, 97871, 0, 142.07
2026/10/09 05:00:24.363, 3, 82761, 97871, 100, 523.23
2026/10/09 05:00:25.363, 0, 82710, 97871, 0, 137.45
2026/10/09 05:00:25.363, 1, 82708, 97871, 0, 129.72
2026/10/09 05:00:25.363, 2, 82745, 97871, 0, 141.94
2026/10/09 05:00:25.363, 3, 82761, 97871, 100, 524.14
2026/10/09 05:00:26.363, 0, 82710, 97871, 0, 137.30
2026/10/09 05:00:26.363, 1, 82708, 97871, 0, 129.83
2026/10/09 05:00:26.363, 2, 82745, 97871, 0, 141.43
2026/10/09 05:00:26.363, 3, 82761, 97871, 100, 523.92
2026/10/09 05:00:27.368, 0, 82710, 97871, 0, 137.82
2026/10/09 05:00:27.368, 1, 82708, 97871, 0, 130.46
2026/10/09 05:00:27.368, 2, 82745, 97871, 0, 140.27
2026/10/09 05:00:27.368, 3, 82761, 97871, 100, 518.06
2026/10/09 05:00:28.368, 0, 82710, 97871, 0, 139.63
2026/10/09 05:00:28.368, 1, 82708, 97871, 0, 131.79
2026/10/09 05:00:28.368, 2, 82745, 97871, 0, 141.89
2026/10/09 05:00:28.368, 3, 82761, 97871, 69, 267.65
2026/10/09 05:00:29.368, 0, 82710, 97871, 0, 359.47
2026/10/09 05:00:29.368, 1, 82708, 97871, 0, 345.78
2026/10/09 05:00:29.368, 2, 82745, 97871, 0, 323.18
2026/10/09 05:00:29.368, 3, 82761, 97871, 100, 448.22
2026/10/09 05:00:30.368, 0, 82710, 97871, 0, 137.54
2026/10/09 05:00:30.368, 1, 82708, 97871, 0, 129.90
2026/10/09 05:00:30.368, 2, 82745, 97871, 0, 140.94
2026/10/09 05:00:30.368, 3, 82761, 97871, 100, 532.84
2026/10/09 05:00:31.368, 0, 82710, 97871, 0, 137.34
2026/10/09 05:00:31.368, 1, 82708, 97871, 0, 157.17
2026/10/09 05:00:31.368, 2, 82745, 97871, 0, 140.34
2026/10/09 05:00:31.368, 3, 82761, 97871, 100, 527.82
2026/10/09 05:00:32.368, 0, 82710, 97871, 0, 137.20
2026/10/09 05:00:32.368, 1, 82708, 97871, 0, 130.43
2026/10/09 05:00:32.368, 2, 82745, 97871, 0, 140.23
2026/10/09 05:00:32.368, 3, 82761, 97871, 100, 528.58
2026/10/09 05:00:33.368, 0, 82710, 97871, 0, 137.17
2026/10/09 05:00:33.368, 1, 82708, 97871, 0, 130.37
2026/10/09 05:00:33.369, 2, 82745, 97871, 0, 140.09
2026/10/09 05:00:33.369, 3, 82761, 97871, 100, 526.45
2026/10/09 05:00:34.369, 0, 82710, 97871, 0, 137.28
2026/10/09 05:00:34.369, 1, 82708, 97871, 0, 130.35
2026/10/09 05:00:34.369, 2, 82745, 97871, 0, 140.18
2026/10/09 05:00:34.369, 3, 82761, 97871, 100, 529.47
2026/10/09 05:00:35.369, 0, 82710, 97871, 0, 137.19
2026/10/09 05:00:35.369, 1, 82708, 97871, 0, 130.35
2026/10/09 05:00:35.369, 2, 82745, 97871, 0, 140.17
2026/10/09 05:00:35.369, 3, 82761, 97871, 100, 528.32
2026/10/09 05:00:36.369, 0, 82710, 97871, 0, 137.67
2026/10/09 05:00:36.369, 1, 82708, 97871, 0, 130.75
2026/10/09 05:00:36.369, 2, 82745, 97871, 0, 140.02
2026/10/09 05:00:36.369, 3, 82761, 97871, 100, 519.34
2026/10/09 05:00:37.376, 0, 82710, 97871, 0, 139.64
2026/10/09 05:00:37.377, 1, 82708, 97871, 0, 132.46
2026/10/09 05:00:37.377, 2, 82745, 97871, 0, 143.60
2026/10/09 05:00:37.377, 3, 82761, 97871, 77, 181.41
2026/10/09 05:00:38.377, 0, 82710, 97871, 94, 470.48
2026/10/09 05:00:38.377, 1, 82708, 97871, 0, 350.60
2026/10/09 05:00:38.377, 2, 82745, 97871, 100, 441.08
2026/10/09 05:00:38.377, 3, 82761, 97871, 73, 323.92
2026/10/09 05:00:39.377, 0, 82710, 97871, 0, 304.40
2026/10/09 05:00:39.377, 1, 82708, 97871, 0, 243.16
2026/10/09 05:00:39.377, 2, 82745, 97871, 0, 223.14
2026/10/09 05:00:39.377, 3, 82761, 97871, 100, 360.75
2026/10/09 05:00:40.377, 0, 82710, 97871, 0, 138.42
2026/10/09 05:00:40.377, 1, 82708, 97871, 0, 130.07
2026/10/09 05:00:40.377, 2, 82745, 97871, 0, 142.28
2026/10/09 05:00:40.377, 3, 82761, 97871, 100, 534.24
2026/10/09 05:00:41.377, 0, 82710, 97871, 0, 137.83
2026/10/09 05:00:41.377, 1, 82708, 97871, 0, 168.07
2026/10/09 05:00:41.377, 2, 82745, 97871, 0, 142.00
2026/10/09 05:00:41.377, 3, 82761, 97871, 100, 527.78
2026/10/09 05:00:42.377, 0, 82710, 97871, 0, 137.79
2026/10/09 05:00:42.377, 1, 82708, 97871, 0, 130.05
2026/10/09 05:00:42.377, 2, 82745, 97871, 0, 142.58
2026/10/09 05:00:42.377, 3, 82761, 97871, 100, 526.48
2026/10/09 05:00:43.378, 0, 82710, 97871, 63, 205.08
2026/10/09 05:00:43.378, 1, 82708, 97871, 0, 201.60
2026/10/09 05:00:43.378, 2, 82745, 97871, 0, 300.59
2026/10/09 05:00:43.378, 3, 82761, 97871, 60, 377.98
2026/10/09 05:00:44.378, 0, 82710, 97871, 0, 317.94
2026/10/09 05:00:44.378, 1, 82708, 97871, 0, 277.73
2026/10/09 05:00:44.378, 2, 82745, 97871, 70, 185.48
2026/10/09 05:00:44.378, 3, 82761, 97871, 81, 311.21
2026/10/09 05:00:45.378, 0, 82710, 97871, 34, 200.21
2026/10/09 05:00:45.378, 1, 82708, 97871, 54, 296.78
2026/10/09 05:00:45.378, 2, 82745, 97871, 0, 267.60
2026/10/09 05:00:45.378, 3, 82761, 97871, 90, 331.67
2026/10/09 05:00:46.378, 0, 82710, 97871, 0, 269.38
2026/10/09 05:00:46.378, 1, 82708, 97871, 0, 232.00
2026/10/09 05:00:46.378, 2, 82745, 97871, 0, 210.89
2026/10/09 05:00:46.378, 3, 82761, 97871, 100, 406.75
2026/10/09 05:00:47.383, 0, 82710, 97871, 0, 138.33
2026/10/09 05:00:47.384, 1, 82708, 97871, 0, 131.13
2026/10/09 05:00:47.384, 2, 82745, 97871, 0, 142.44
2026/10/09 05:00:47.384, 3, 82761, 97871, 100, 531.11
2026/10/09 05:00:48.384, 0, 82710, 97871, 0, 137.71
2026/10/09 05:00:48.384, 1, 82708, 97871, 0, 130.57
2026/10/09 05:00:48.384, 2, 82745, 97871, 0, 142.00
2026/10/09 05:00:48.384, 3, 82761, 97871, 100, 524.92
2026/10/09 05:00:49.384, 0, 82710, 97871, 0, 137.52
2026/10/09 05:00:49.384, 1, 82708, 97871, 0, 130.49
2026/10/09 05:00:49.384, 2, 82745, 97871, 0, 142.50
2026/10/09 05:00:49.384, 3, 82761, 97871, 100, 523.23
2026/10/09 05:00:50.384, 0, 82710, 97871, 55, 233.55
2026/10/09 05:00:50.384, 1, 82708, 97871, 37, 286.86
2026/10/09 05:00:50.384, 2, 82745, 97871, 0, 221.68
2026/10/09 05:00:50.384, 3, 82761, 97871, 93, 391.53
2026/10/09 05:00:51.384, 0, 82710, 97871, 0, 208.12
2026/10/09 05:00:51.384, 1, 82708, 97871, 90, 247.85
2026/10/09 05:00:51.384, 2, 82745, 97871, 0, 197.06
2026/10/09 05:00:51.385, 3, 82761, 97871, 73, 418.67
2026/10/09 05:00:52.385, 0, 82710, 97871, 45, 277.73
2026/10/09 05:00:52.385, 1, 82708, 97871, 54, 275.14
2026/10/09 05:00:52.385, 2, 82745, 97871, 0, 245.05
2026/10/09 05:00:52.385, 3, 82761, 97871, 94, 390.75
2026/10/09 05:00:53.385, 0, 82710, 97871, 0, 188.35
2026/10/09 05:00:53.385, 1, 82708, 97871, 0, 216.44
2026/10/09 05:00:53.385, 2, 82745, 97871, 0, 223.32
2026/10/09 05:00:53.385, 3, 82761, 97871, 100, 454.36
2026/10/09 05:00:54.385, 0, 82710, 97871, 44, 252.89
2026/10/09 05:00:54.385, 1, 82708, 97871, 0, 237.78
2026/10/09 05:00:54.385, 2, 82745, 97871, 0, 329.04
2026/10/09 05:00:54.385, 3, 82761, 97871, 88, 306.00
2026/10/09 05:00:55.385, 0, 82710, 97871, 32, 264.70
2026/10/09 05:00:55.385, 1, 82708, 97871, 0, 263.23
2026/10/09 05:00:55.385, 2, 82745, 97871, 24, 266.86
2026/10/09 05:00:55.386, 3, 82761, 97871, 59, 275.39
2026/10/09 05:00:56.386, 0, 82710, 97871, 0, 326.99
2026/10/09 05:00:56.386, 1, 82708, 97871, 0, 279.51
2026/10/09 05:00:56.386, 2, 82745, 97871, 100, 346.48
2026/10/09 05:00:56.386, 3, 82761, 97871, 98, 372.23
2026/10/09 05:00:57.392, 0, 82710, 97871, 0, 344.21
2026/10/09 05:00:57.392, 1, 82708, 97871, 0, 283.68
2026/10/09 05:00:57.392, 2, 82745, 97871, 0, 228.96
2026/10/09 05:00:57.392, 3, 82761, 97871, 100, 414.08
2026/10/09 05:00:58.393, 0, 82710, 97871, 0, 138.88
2026/10/09 05:00:58.393, 1, 82708, 97871, 0, 171.83
2026/10/09 05:00:58.393, 2, 82745, 97871, 0, 142.04
2026/10/09 05:00:58.393, 3, 82761, 97871, 100, 528.44
2026/10/09 05:00:59.393, 0, 82710, 97871, 0, 138.03
2026/10/09 05:00:59.393, 1, 82708, 97871, 0, 131.21
2026/10/09 05:00:59.393, 2, 82745, 97871, 0, 140.59
2026/10/09 05:00:59.393, 3, 82761, 97871, 100, 531.91
2026/10/09 05:01:00.393, 0, 82710, 97871, 0, 137.62
2026/10/09 05:01:00.393, 1, 82708, 97871, 0, 130.57
2026/10/09 05:01:00.393, 2, 82745, 97871, 0, 140.44
2026/10/09 05:01:00.393, 3, 82761, 97871, 100, 528.39
2026/10/09 05:01:01.393, 0, 82710, 97871, 0, 137.52
2026/10/09 05:01:01.393, 1, 82708, 97871, 0, 130.14
2026/10/09 05:01:01.393, 2, 82745, 97871, 0, 140.35
2026/10/09 05:01:01.393, 3, 82761, 97871, 100, 526.05
2026/10/09 05:01:02.393, 0, 82710, 97871, 0, 137.55
2026/10/09 05:01:02.393, 1, 82708, 97871, 0, 130.07
2026/10/09 05:01:02.394, 2, 82745, 97871, 0, 140.14
2026/10/09 05:01:02.394, 3, 82761, 97871, 100, 528.93
2026/10/09 05:01:03.394, 0, 82710, 97871, 0, 137.49
2026/10/09 05:01:03.394, 1, 82708, 97871, 0, 130.06
2026/10/09 05:01:03.394, 2, 82745, 97871, 0, 140.15
2026/10/09 05:01:03.394, 3, 82761, 97871, 100, 526.20
2026/10/09 05:01:04.394, 0, 82710, 97871, 0, 137.57
2026/10/09 05:01:04.394, 1, 82708, 97871, 0, 129.86
2026/10/09 05:01:04.394, 2, 82745, 97871, 0, 139.99
2026/10/09 05:01:04.394, 3, 82761, 97871, 100, 530.48
2026/10/09 05:01:05.394, 0, 82710, 97871, 0, 137.58
2026/10/09 05:01:05.394, 1, 82708, 97871, 0, 129.83
2026/10/09 05:01:05.394, 2, 82745, 97871, 0, 140.28
2026/10/09 05:01:05.394, 3, 82761, 97871, 100, 529.13
2026/10/09 05:01:06.394, 0, 82710, 97871, 0, 138.88
2026/10/09 05:01:06.394, 1, 82708, 97871, 0, 132.35
2026/10/09 05:01:06.394, 2, 82745, 97871, 0, 143.74
2026/10/09 05:01:06.394, 3, 82761, 97871, 100, 320.91
2026/10/09 05:01:07.399, 0, 82710, 97871, 0, 410.11
2026/10/09 05:01:07.399, 1, 82708, 97871, 0, 439.30
2026/10/09 05:01:07.399, 2, 82745, 97871, 97, 515.69
2026/10/09 05:01:07.399, 3, 82761, 97871, 100, 412.71
2026/10/09 05:01:08.399, 0, 82710, 97871, 0, 337.45
2026/10/09 05:01:08.399, 1, 82708, 97871, 0, 292.84
2026/10/09 05:01:08.399, 2, 82745, 97871, 4, 284.56
2026/10/09 05:01:08.399, 3, 82761, 97871, 71, 433.50
2026/10/09 05:01:09.399, 0, 82710, 97871, 0, 138.02
2026/10/09 05:01:09.399, 1, 82708, 97871, 0, 184.47
2026/10/09 05:01:09.399, 2, 82745, 97871, 0, 190.34
2026/10/09 05:01:09.399, 3, 82761, 97871, 100, 536.08
2026/10/09 05:01:10.399, 0, 82710, 97871, 0, 137.56
2026/10/09 05:01:10.400, 1, 82708, 97871, 0, 129.97
2026/10/09 05:01:10.400, 2, 82745, 97871, 0, 141.38
2026/10/09 05:01:10.400, 3, 82761, 97871, 100, 531.60
2026/10/09 05:01:11.400, 0, 82710, 97871, 0, 137.51
2026/10/09 05:01:11.400, 1, 82708, 97871, 0, 129.48
2026/10/09 05:01:11.400, 2, 82745, 97871, 0, 140.59
2026/10/09 05:01:11.400, 3, 82761, 97871, 100, 528.05
2026/10/09 05:01:12.400, 0, 82710, 97871, 0, 137.45
2026/10/09 05:01:12.400, 1, 82708, 97871, 0, 129.38
2026/10/09 05:01:12.400, 2, 82745, 97871, 0, 140.47
2026/10/09 05:01:12.400, 3, 82761, 97871, 100, 527.88
2026/10/09 05:01:13.400, 0, 82710, 97871, 0, 137.38
2026/10/09 05:01:13.400, 1, 82708, 97871, 0, 129.46
2026/10/09 05:01:13.400, 2, 82745, 97871, 0, 140.28
2026/10/09 05:01:13.400, 3, 82761, 97871, 100, 523.39
2026/10/09 05:01:14.400, 0, 82710, 97871, 0, 137.28
2026/10/09 05:01:14.400, 1, 82708, 97871, 0, 129.48
2026/10/09 05:01:14.400, 2, 82745, 97871, 0, 140.23
2026/10/09 05:01:14.400, 3, 82761, 97871, 100, 526.95
2026/10/09 05:01:15.400, 0, 82710, 97871, 0, 137.20
2026/10/09 05:01:15.400, 1, 82708, 97871, 0, 129.35
2026/10/09 05:01:15.401, 2, 82745, 97871, 0, 140.07
2026/10/09 05:01:15.401, 3, 82761, 97871, 100, 529.93
2026/10/09 05:01:16.401, 0, 82710, 97871, 0, 137.13
2026/10/09 05:01:16.401, 1, 82708, 97871, 0, 129.93
2026/10/09 05:01:16.401, 2, 82745, 97871, 0, 140.71
2026/10/09 05:01:16.401, 3, 82761, 97871, 100, 524.99
2026/10/09 05:01:17.404, 0, 82710, 97871, 0, 291.08
2026/10/09 05:01:17.404, 1, 82708, 97871, 20, 305.50
2026/10/09 05:01:17.404, 2, 82745, 97871, 62, 304.30
2026/10/09 05:01:17.404, 3, 82761, 97871, 100, 378.88
2026/10/09 05:01:18.405, 0, 82710, 97871, 63, 193.71
2026/10/09 05:01:18.405, 1, 82708, 97871, 0, 211.44
2026/10/09 05:01:18.405, 2, 82745, 97871, 0, 232.37
2026/10/09 05:01:18.405, 3, 82761, 97871, 100, 498.77
2026/10/09 05:01:19.405, 0, 82710, 97871, 41, 165.09
2026/10/09 05:01:19.405, 1, 82708, 97871, 55, 268.16
2026/10/09 05:01:19.405, 2, 82745, 97871, 0, 292.25
2026/10/09 05:01:19.405, 3, 82761, 97871, 100, 438.07
2026/10/09 05:01:20.405, 0, 82710, 97871, 0, 338.68
2026/10/09 05:01:20.405, 1, 82708, 97871, 0, 237.42
2026/10/09 05:01:20.405, 2, 82745, 97871, 0, 248.18
2026/10/09 05:01:20.405, 3, 82761, 97871, 71, 478.16
2026/10/09 05:01:21.405, 0, 82710, 97871, 0, 138.01
2026/10/09 05:01:21.405, 1, 82708, 97871, 0, 131.28
2026/10/09 05:01:21.405, 2, 82745, 97871, 0, 141.63
2026/10/09 05:01:21.405, 3, 82761, 97871, 100, 530.40
2026/10/09 05:01:22.405, 0, 82710, 97871, 0, 137.74
2026/10/09 05:01:22.405, 1, 82708, 97871, 0, 130.74
2026/10/09 05:01:22.405, 2, 82745, 97871, 0, 140.58
2026/10/09 05:01:22.406, 3, 82761, 97871, 100, 525.83
2026/10/09 05:01:23.406, 0, 82710, 97871, 0, 137.71
2026/10/09 05:01:23.406, 1, 82708, 97871, 0, 130.55
2026/10/09 05:01:23.406, 2, 82745, 97871, 0, 140.39
2026/10/09 05:01:23.406, 3, 82761, 97871, 100, 525.52
2026/10/09 05:01:24.406, 0, 82710, 97871, 0, 137.50
2026/10/09 05:01:24.406, 1, 82708, 97871, 0, 130.68
2026/10/09 05:01:24.406, 2, 82745, 97871, 0, 140.44
2026/10/09 05:01:24.406, 3, 82761, 97871, 100, 524.62
2026/10/09 05:01:25.406, 0, 82710, 97871, 0, 137.21
2026/10/09 05:01:25.406, 1, 82708, 97871, 0, 130.39
2026/10/09 05:01:25.406, 2, 82745, 97871, 0, 140.27
2026/10/09 05:01:25.406, 3, 82761, 97871, 100, 522.64
2026/10/09 05:01:26.406, 0, 82710, 97871, 0, 137.32
2026/10/09 05:01:26.406, 1, 82708, 97871, 0, 129.86
2026/10/09 05:01:26.406, 2, 82745, 97871, 0, 140.21
2026/10/09 05:01:26.406, 3, 82761, 97871, 100, 527.46
2026/10/09 05:01:27.423, 0, 82710, 97871, 0, 137.31
2026/10/09 05:01:27.423, 1, 82708, 97871, 0, 129.41
2026/10/09 05:01:27.423, 2, 82745, 97871, 0, 140.24
2026/10/09 05:01:27.423, 3, 82761, 97871, 100, 523.99
2026/10/09 05:01:28.424, 0, 82710, 97871, 0, 137.26
2026/10/09 05:01:28.424, 1, 82708, 97871, 0, 129.27
2026/10/09 05:01:28.424, 2, 82745, 97871, 0, 140.23
2026/10/09 05:01:28.424, 3, 82761, 97871, 100, 520.09
2026/10/09 05:01:29.424, 0, 82710, 97871, 0, 137.41
2026/10/09 05:01:29.424, 1, 82708, 97871, 0, 129.68
2026/10/09 05:01:29.424, 2, 82745, 97871, 0, 139.99
2026/10/09 05:01:29.424, 3, 82761, 97871, 100, 525.41
2026/10/09 05:01:30.424, 0, 82710, 97871, 0, 140.90
2026/10/09 05:01:30.424, 1, 82708, 97871, 0, 131.53
2026/10/09 05:01:30.424, 2, 82745, 97871, 0, 142.35
2026/10/09 05:01:30.424, 3, 82761, 97871, 100, 301.32
2026/10/09 05:01:31.424, 0, 82710, 97871, 100, 453.35
2026/10/09 05:01:31.424, 1, 82708, 97871, 100, 416.40
2026/10/09 05:01:31.424, 2, 82745, 97871, 100, 436.70
2026/10/09 05:01:31.424, 3, 82761, 97871, 94, 284.70
2026/10/09 05:01:32.424, 0, 82710, 97871, 22, 489.65
2026/10/09 05:01:32.424, 1, 82708, 97871, 18, 319.38
2026/10/09 05:01:32.424, 2, 82745, 97871, 57, 361.66
2026/10/09 05:01:32.425, 3, 82761, 97871, 100, 357.80
2026/10/09 05:01:33.425, 0, 82710, 97871, 100, 360.68
2026/10/09 05:01:33.425, 1, 82708, 97871, 0, 313.04
2026/10/09 05:01:33.425, 2, 82745, 97871, 0, 305.40
2026/10/09 05:01:33.425, 3, 82761, 97871, 100, 413.75
2026/10/09 05:01:34.425, 0, 82710, 97871, 20, 221.14
2026/10/09 05:01:34.425, 1, 82708, 97871, 58, 289.55
2026/10/09 05:01:34.425, 2, 82745, 97871, 0, 284.76
2026/10/09 05:01:34.425, 3, 82761, 97871, 100, 471.90
2026/10/09 05:01:35.425, 0, 82710, 97871, 85, 285.35
2026/10/09 05:01:35.425, 1, 82708, 97871, 0, 212.21
2026/10/09 05:01:35.425, 2, 82745, 97871, 0, 231.08
2026/10/09 05:01:35.425, 3, 82761, 97871, 100, 486.25
2026/10/09 05:01:36.425, 0, 82710, 97871, 21, 204.81
2026/10/09 05:01:36.425, 1, 82708, 97871, 44, 348.55
2026/10/09 05:01:36.425, 2, 82745, 97871, 34, 325.69
2026/10/09 05:01:36.425, 3, 82761, 97871, 100, 470.84
2026/10/09 05:01:37.435, 0, 82710, 97871, 0, 293.97
2026/10/09 05:01:37.435, 1, 82708, 97871, 56, 301.71
2026/10/09 05:01:37.435, 2, 82745, 97871, 100, 291.08
2026/10/09 05:01:37.435, 3, 82761, 97871, 100, 426.29
2026/10/09 05:01:38.436, 0, 82710, 97871, 0, 311.94
2026/10/09 05:01:38.436, 1, 82708, 97871, 0, 329.10
2026/10/09 05:01:38.436, 2, 82745, 97871, 95, 369.83
2026/10/09 05:01:38.436, 3, 82761, 97871, 100, 386.98
2026/10/09 05:01:39.436, 0, 82710, 97871, 0, 268.85
2026/10/09 05:01:39.436, 1, 82708, 97871, 0, 158.19
2026/10/09 05:01:39.436, 2, 82745, 97871, 0, 276.28
2026/10/09 05:01:39.436, 3, 82761, 97871, 100, 483.91
2026/10/09 05:01:40.436, 0, 82710, 97871, 0, 138.10
2026/10/09 05:01:40.436, 1, 82708, 97871, 0, 130.56
2026/10/09 05:01:40.436, 2, 82745, 97871, 0, 212.55
2026/10/09 05:01:40.436, 3, 82761, 97871, 100, 528.64
2026/10/09 05:01:41.436, 0, 82710, 97871, 0, 137.73
2026/10/09 05:01:41.436, 1, 82708, 97871, 0, 130.08
2026/10/09 05:01:41.436, 2, 82745, 97871, 0, 142.57
2026/10/09 05:01:41.436, 3, 82761, 97871, 100, 530.04
2026/10/09 05:01:42.436, 0, 82710, 97871, 0, 137.99
2026/10/09 05:01:42.436, 1, 82708, 97871, 0, 130.05
2026/10/09 05:01:42.437, 2, 82745, 97871, 0, 142.33
2026/10/09 05:01:42.437, 3, 82761, 97871, 100, 527.03
2026/10/09 05:01:43.437, 0, 82710, 97871, 0, 260.59
2026/10/09 05:01:43.437, 1, 82708, 97871, 100, 342.29
2026/10/09 05:01:43.437, 2, 82745, 97871, 0, 142.07
2026/10/09 05:01:43.437, 3, 82761, 97871, 100, 415.92
2026/10/09 05:01:44.437, 0, 82710, 97871, 17, 338.70
2026/10/09 05:01:44.437, 1, 82708, 97871, 0, 325.66
2026/10/09 05:01:44.437, 2, 82745, 97871, 98, 285.51
2026/10/09 05:01:44.437, 3, 82761, 97871, 100, 396.34
2026/10/09 05:01:45.437, 0, 82710, 97871, 0, 211.96
2026/10/09 05:01:45.437, 1, 82708, 97871, 0, 218.42
2026/10/09 05:01:45.437, 2, 82745, 97871, 0, 270.77
2026/10/09 05:01:45.437, 3, 82761, 97871, 100, 489.04
2026/10/09 05:01:46.437, 0, 82710, 97871, 0, 138.28
2026/10/09 05:01:46.437, 1, 82708, 97871, 0, 131.41
2026/10/09 05:01:46.437, 2, 82745, 97871, 0, 141.15
2026/10/09 05:01:46.437, 3, 82761, 97871, 100, 527.67
2026/10/09 05:01:47.442, 0, 82710, 97871, 0, 138.13
2026/10/09 05:01:47.442, 1, 82708, 97871, 0, 130.03
2026/10/09 05:01:47.442, 2, 82745, 97871, 0, 140.80
2026/10/09 05:01:47.442, 3, 82761, 97871, 100, 523.57
2026/10/09 05:01:48.442, 0, 82710, 97871, 100, 316.32
2026/10/09 05:01:48.442, 1, 82708, 97871, 46, 237.80
2026/10/09 05:01:48.442, 2, 82745, 97871, 56, 279.50
2026/10/09 05:01:48.442, 3, 82761, 97871, 95, 390.26
2026/10/09 05:01:49.442, 0, 82710, 97871, 100, 395.20
2026/10/09 05:01:49.442, 1, 82708, 97871, 49, 306.60
2026/10/09 05:01:49.442, 2, 82745, 97871, 0, 303.97
2026/10/09 05:01:49.442, 3, 82761, 97871, 100, 396.33
2026/10/09 05:01:50.443, 0, 82710, 97871, 0, 209.53
2026/10/09 05:01:50.443, 1, 82708, 97871, 6, 304.56
2026/10/09 05:01:50.443, 2, 82745, 97871, 0, 312.26
2026/10/09 05:01:50.443, 3, 82761, 97871, 100, 432.54
2026/10/09 05:01:51.443, 0, 82710, 97871, 0, 269.20
2026/10/09 05:01:51.443, 1, 82708, 97871, 3, 315.75
2026/10/09 05:01:51.443, 2, 82745, 97871, 0, 280.43
2026/10/09 05:01:51.443, 3, 82761, 97871, 100, 455.61
2026/10/09 05:01:52.443, 0, 82710, 97871, 0, 138.14
2026/10/09 05:01:52.443, 1, 82708, 97871, 0, 130.89
2026/10/09 05:01:52.443, 2, 82745, 97871, 0, 143.10
2026/10/09 05:01:52.443, 3, 82761, 97871, 100, 528.25
2026/10/09 05:01:53.443, 0, 82710, 97871, 0, 137.87
2026/10/09 05:01:53.443, 1, 82708, 97871, 0, 129.96
2026/10/09 05:01:53.443, 2, 82745, 97871, 0, 142.53
2026/10/09 05:01:53.443, 3, 82761, 97871, 100, 522.34
2026/10/09 05:01:54.443, 0, 82710, 97871, 0, 137.86
2026/10/09 05:01:54.443, 1, 82708, 97871, 0, 129.95
2026/10/09 05:01:54.443, 2, 82745, 97871, 0, 142.29
2026/10/09 05:01:54.443, 3, 82761, 97871, 100, 521.10
2026/10/09 05:01:55.444, 0, 82710, 97871, 0, 137.66
2026/10/09 05:01:55.444, 1, 82708, 97871, 0, 129.48
2026/10/09 05:01:55.444, 2, 82745, 97871, 0, 141.97
2026/10/09 05:01:55.444, 3, 82761, 97871, 100, 525.00
2026/10/09 05:01:56.444, 0, 82710, 97871, 0, 137.53
2026/10/09 05:01:56.444, 1, 82708, 97871, 0, 129.54
2026/10/09 05:01:56.444, 2, 82745, 97871, 0, 141.91
2026/10/09 05:01:56.444, 3, 82761, 97871, 100, 526.19
2026/10/09 05:01:57.457, 0, 82710, 97871, 0, 137.54
2026/10/09 05:01:57.457, 1, 82708, 97871, 0, 129.74
2026/10/09 05:01:57.457, 2, 82745, 97871, 0, 142.08
2026/10/09 05:01:57.457, 3, 82761, 97871, 100, 519.31
2026/10/09 05:01:58.457, 0, 82710, 97871, 0, 138.87
2026/10/09 05:01:58.457, 1, 82708, 97871, 0, 131.67
2026/10/09 05:01:58.457, 2, 82745, 97871, 0, 142.49
2026/10/09 05:01:58.457, 3, 82761, 97871, 100, 444.56
2026/10/09 05:01:59.457, 0, 82710, 97871, 0, 287.65
2026/10/09 05:01:59.457, 1, 82708, 97871, 0, 282.44
2026/10/09 05:01:59.457, 2, 82745, 97871, 0, 290.04
2026/10/09 05:01:59.457, 3, 82761, 97871, 100, 484.46
2026/10/09 05:02:00.457, 0, 82710, 97871, 0, 137.57
2026/10/09 05:02:00.457, 1, 82708, 97871, 0, 183.98
2026/10/09 05:02:00.457, 2, 82745, 97871, 0, 142.35
2026/10/09 05:02:00.457, 3, 82761, 97871, 100, 528.62
2026/10/09 05:02:01.458, 0, 82710, 97871, 0, 137.37
2026/10/09 05:02:01.458, 1, 82708, 97871, 0, 129.67
2026/10/09 05:02:01.458, 2, 82745, 97871, 0, 141.97
2026/10/09 05:02:01.458, 3, 82761, 97871, 100, 530.01
2026/10/09 05:02:02.458, 0, 82710, 97871, 0, 137.87
2026/10/09 05:02:02.458, 1, 82708, 97871, 0, 129.50
2026/10/09 05:02:02.458, 2, 82745, 97871, 0, 141.94
2026/10/09 05:02:02.458, 3, 82761, 97871, 100, 521.21
2026/10/09 05:02:03.458, 0, 82710, 97871, 89, 241.03
2026/10/09 05:02:03.458, 1, 82708, 97871, 7, 265.34
2026/10/09 05:02:03.458, 2, 82745, 97871, 0, 142.11
2026/10/09 05:02:03.458, 3, 82761, 97871, 100, 498.81
2026/10/09 05:02:04.458, 0, 82710, 97871, 0, 275.53
2026/10/09 05:02:04.458, 1, 82708, 97871, 88, 309.27
2026/10/09 05:02:04.458, 2, 82745, 97871, 97, 405.62
2026/10/09 05:02:04.458, 3, 82761, 97871, 100, 409.94
2026/10/09 05:02:05.459, 0, 82710, 97871, 32, 340.11
2026/10/09 05:02:05.459, 1, 82708, 97871, 67, 280.54
2026/10/09 05:02:05.459, 2, 82745, 97871, 100, 259.33
2026/10/09 05:02:05.459, 3, 82761, 97871, 100, 433.38
2026/10/09 05:02:06.459, 0, 82710, 97871, 0, 279.60
2026/10/09 05:02:06.459, 1, 82708, 97871, 55, 354.51
2026/10/09 05:02:06.459, 2, 82745, 97871, 98, 385.79
2026/10/09 05:02:06.459, 3, 82761, 97871, 95, 362.24
2026/10/09 05:02:07.463, 0, 82710, 97871, 100, 469.83
2026/10/09 05:02:07.463, 1, 82708, 97871, 96, 355.16
2026/10/09 05:02:07.463, 2, 82745, 97871, 0, 201.16
2026/10/09 05:02:07.463, 3, 82761, 97871, 100, 370.60
2026/10/09 05:02:08.463, 0, 82710, 97871, 85, 293.98
2026/10/09 05:02:08.464, 1, 82708, 97871, 10, 317.78
2026/10/09 05:02:08.464, 2, 82745, 97871, 32, 373.29
2026/10/09 05:02:08.464, 3, 82761, 97871, 100, 400.44
2026/10/09 05:02:09.464, 0, 82710, 97871, 80, 330.85
2026/10/09 05:02:09.464, 1, 82708, 97871, 79, 339.98
2026/10/09 05:02:09.464, 2, 82745, 97871, 0, 382.99
2026/10/09 05:02:09.464, 3, 82761, 97871, 100, 379.19
2026/10/09 05:02:10.464, 0, 82710, 97871, 0, 139.05
2026/10/09 05:02:10.464, 1, 82708, 97871, 0, 187.42
2026/10/09 05:02:10.464, 2, 82745, 97871, 0, 222.39
2026/10/09 05:02:10.464, 3, 82761, 97871, 100, 527.32
2026/10/09 05:02:11.464, 0, 82710, 97871, 0, 138.11
2026/10/09 05:02:11.464, 1, 82708, 97871, 0, 162.48
2026/10/09 05:02:11.464, 2, 82745, 97871, 0, 187.74
2026/10/09 05:02:11.464, 3, 82761, 97871, 100, 531.25
2026/10/09 05:02:12.464, 0, 82710, 97871, 0, 137.61
2026/10/09 05:02:12.464, 1, 82708, 97871, 0, 131.15
2026/10/09 05:02:12.464, 2, 82745, 97871, 0, 142.42
2026/10/09 05:02:12.465, 3, 82761, 97871, 100, 531.67
2026/10/09 05:02:13.465, 0, 82710, 97871, 0, 137.60
2026/10/09 05:02:13.465, 1, 82708, 97871, 0, 130.70
2026/10/09 05:02:13.465, 2, 82745, 97871, 0, 141.30
2026/10/09 05:02:13.465, 3, 82761, 97871, 100, 525.40
2026/10/09 05:02:14.465, 0, 82710, 97871, 0, 137.54
2026/10/09 05:02:14.465, 1, 82708, 97871, 0, 130.12
2026/10/09 05:02:14.465, 2, 82745, 97871, 0, 171.77
2026/10/09 05:02:14.465, 3, 82761, 97871, 100, 529.49
2026/10/09 05:02:15.465, 0, 82710, 97871, 0, 137.42
2026/10/09 05:02:15.465, 1, 82708, 97871, 0, 129.84
2026/10/09 05:02:15.465, 2, 82745, 97871, 0, 140.48
2026/10/09 05:02:15.465, 3, 82761, 97871, 100, 529.09
2026/10/09 05:02:16.465, 0, 82710, 97871, 0, 137.89
2026/10/09 05:02:16.465, 1, 82708, 97871, 0, 130.63
2026/10/09 05:02:16.465, 2, 82745, 97871, 0, 140.47
2026/10/09 05:02:16.465, 3, 82761, 97871, 100, 526.20
2026/10/09 05:02:17.473, 0, 82710, 97871, 0, 285.11
2026/10/09 05:02:17.473, 1, 82708, 97871, 5, 259.15
2026/10/09 05:02:17.473, 2, 82745, 97871, 0, 186.50
2026/10/09 05:02:17.473, 3, 82761, 97871, 100, 479.55
2026/10/09 05:02:18.473, 0, 82710, 97871, 0, 137.71
2026/10/09 05:02:18.473, 1, 82708, 97871, 0, 129.87
2026/10/09 05:02:18.473, 2, 82745, 97871, 0, 141.76
2026/10/09 05:02:18.473, 3, 82761, 97871, 100, 528.77
2026/10/09 05:02:19.474, 0, 82710, 97871, 0, 137.46
2026/10/09 05:02:19.474, 1, 82708, 97871, 0, 129.75
2026/10/09 05:02:19.474, 2, 82745, 97871, 0, 142.51
2026/10/09 05:02:19.474, 3, 82761, 97871, 100, 521.91
2026/10/09 05:02:20.474, 0, 82710, 97871, 0, 183.93
2026/10/09 05:02:20.474, 1, 82708, 97871, 0, 207.65
2026/10/09 05:02:20.474, 2, 82745, 97871, 0, 273.80
2026/10/09 05:02:20.474, 3, 82761, 97871, 100, 482.44
2026/10/09 05:02:21.474, 0, 82710, 97871, 0, 138.00
2026/10/09 05:02:21.474, 1, 82708, 97871, 0, 170.02
2026/10/09 05:02:21.474, 2, 82745, 97871, 0, 148.47
2026/10/09 05:02:21.474, 3, 82761, 97871, 100, 524.25
2026/10/09 05:02:22.474, 0, 82710, 97871, 0, 137.50
2026/10/09 05:02:22.474, 1, 82708, 97871, 0, 130.61
2026/10/09 05:02:22.474, 2, 82745, 97871, 0, 178.44
2026/10/09 05:02:22.475, 3, 82761, 97871, 100, 518.42
2026/10/09 05:02:23.475, 0, 82710, 97871, 100, 348.13
2026/10/09 05:02:23.475, 1, 82708, 97871, 53, 311.14
2026/10/09 05:02:23.475, 2, 82745, 97871, 51, 316.09
2026/10/09 05:02:23.475, 3, 82761, 97871, 100, 432.04
2026/10/09 05:02:24.475, 0, 82710, 97871, 52, 282.15
2026/10/09 05:02:24.475, 1, 82708, 97871, 0, 281.79
2026/10/09 05:02:24.475, 2, 82745, 97871, 0, 284.95
2026/10/09 05:02:24.475, 3, 82761, 97871, 100, 415.91
2026/10/09 05:02:25.475, 0, 82710, 97871, 100, 372.10
2026/10/09 05:02:25.475, 1, 82708, 97871, 75, 381.56
2026/10/09 05:02:25.475, 2, 82745, 97871, 100, 357.51
2026/10/09 05:02:25.475, 3, 82761, 97871, 100, 325.15
2026/10/09 05:02:26.475, 0, 82710, 97871, 79, 444.80
2026/10/09 05:02:26.476, 1, 82708, 97871, 63, 263.97
2026/10/09 05:02:26.476, 2, 82745, 97871, 8, 302.25
2026/10/09 05:02:26.476, 3, 82761, 97871, 100, 389.42
2026/10/09 05:02:27.479, 0, 82710, 97871, 0, 363.16
2026/10/09 05:02:27.479, 1, 82708, 97871, 0, 311.21
2026/10/09 05:02:27.479, 2, 82745, 97871, 59, 307.19
2026/10/09 05:02:27.479, 3, 82761, 97871, 100, 437.70
2026/10/09 05:02:28.479, 0, 82710, 97871, 0, 252.72
2026/10/09 05:02:28.479, 1, 82708, 97871, 0, 297.05
2026/10/09 05:02:28.479, 2, 82745, 97871, 0, 253.03
2026/10/09 05:02:28.479, 3, 82761, 97871, 100, 465.83
2026/10/09 05:02:29.479, 0, 82710, 97871, 0, 138.12
2026/10/09 05:02:29.479, 1, 82708, 97871, 0, 131.44
2026/10/09 05:02:29.479, 2, 82745, 97871, 0, 189.74
2026/10/09 05:02:29.479, 3, 82761, 97871, 100, 534.08
2026/10/09 05:02:30.479, 0, 82710, 97871, 0, 137.92
2026/10/09 05:02:30.479, 1, 82708, 97871, 0, 130.37
2026/10/09 05:02:30.480, 2, 82745, 97871, 0, 142.01
2026/10/09 05:02:30.480, 3, 82761, 97871, 100, 529.56
2026/10/09 05:02:31.480, 0, 82710, 97871, 0, 137.74
2026/10/09 05:02:31.480, 1, 82708, 97871, 0, 130.16
2026/10/09 05:02:31.480, 2, 82745, 97871, 0, 141.66
2026/10/09 05:02:31.480, 3, 82761, 97871, 100, 526.80
2026/10/09 05:02:32.480, 0, 82710, 97871, 100, 252.33
2026/10/09 05:02:32.480, 1, 82708, 97871, 88, 206.27
2026/10/09 05:02:32.480, 2, 82745, 97871, 100, 230.29
2026/10/09 05:02:32.480, 3, 82761, 97871, 100, 450.23
2026/10/09 05:02:33.480, 0, 82710, 97871, 0, 242.99
2026/10/09 05:02:33.480, 1, 82708, 97871, 68, 251.73
2026/10/09 05:02:33.480, 2, 82745, 97871, 43, 266.91
2026/10/09 05:02:33.480, 3, 82761, 97871, 100, 470.56
2026/10/09 05:02:34.480, 0, 82710, 97871, 9, 302.11
2026/10/09 05:02:34.481, 1, 82708, 97871, 97, 347.38
2026/10/09 05:02:34.481, 2, 82745, 97871, 0, 243.00
2026/10/09 05:02:34.481, 3, 82761, 97871, 100, 435.43
2026/10/09 05:02:35.481, 0, 82710, 97871, 0, 167.11
2026/10/09 05:02:35.481, 1, 82708, 97871, 18, 233.73
2026/10/09 05:02:35.481, 2, 82745, 97871, 0, 307.21
2026/10/09 05:02:35.481, 3, 82761, 97871, 100, 506.36
2026/10/09 05:02:36.481, 0, 82710, 97871, 0, 137.75
2026/10/09 05:02:36.481, 1, 82708, 97871, 0, 163.93
2026/10/09 05:02:36.481, 2, 82745, 97871, 0, 142.59
2026/10/09 05:02:36.481, 3, 82761, 97871, 100, 521.89
2026/10/09 05:02:37.485, 0, 82710, 97871, 0, 137.51
2026/10/09 05:02:37.485, 1, 82708, 97871, 0, 131.01
2026/10/09 05:02:37.485, 2, 82745, 97871, 0, 142.23
2026/10/09 05:02:37.485, 3, 82761, 97871, 100, 529.10
2026/10/09 05:02:38.485, 0, 82710, 97871, 0, 137.60
2026/10/09 05:02:38.485, 1, 82708, 97871, 0, 130.58
2026/10/09 05:02:38.485, 2, 82745, 97871, 0, 141.95
2026/10/09 05:02:38.485, 3, 82761, 97871, 100, 529.04
2026/10/09 05:02:39.486, 0, 82710, 97871, 0, 137.49
2026/10/09 05:02:39.486, 1, 82708, 97871, 0, 130.40
2026/10/09 05:02:39.486, 2, 82745, 97871, 0, 141.95
2026/10/09 05:02:39.486, 3, 82761, 97871, 100, 527.42
2026/10/09 05:02:40.486, 0, 82710, 97871, 0, 137.39
2026/10/09 05:02:40.486, 1, 82708, 97871, 0, 130.39
2026/10/09 05:02:40.486, 2, 82745, 97871, 0, 141.82
2026/10/09 05:02:40.486, 3, 82761, 97871, 100, 529.39
2026/10/09 05:02:41.486, 0, 82710, 97871, 0, 137.56
2026/10/09 05:02:41.486, 1, 82708, 97871, 0, 130.00
2026/10/09 05:02:41.486, 2, 82745, 97871, 0, 141.76
2026/10/09 05:02:41.486, 3, 82761, 97871, 100, 524.52
2026/10/09 05:02:42.486, 0, 82710, 97871, 0, 137.54
2026/10/09 05:02:42.486, 1, 82708, 97871, 0, 129.83
2026/10/09 05:02:42.486, 2, 82745, 97871, 0, 141.79
2026/10/09 05:02:42.486, 3, 82761, 97871, 100, 525.01
2026/10/09 05:02:43.486, 0, 82710, 97871, 0, 137.62
2026/10/09 05:02:43.486, 1, 82708, 97871, 0, 129.76
2026/10/09 05:02:43.487, 2, 82745, 97871, 0, 141.95
2026/10/09 05:02:43.487, 3, 82761, 97871, 100, 524.83
2026/10/09 05:02:44.487, 0, 82710, 97871, 0, 139.44
2026/10/09 05:02:44.487, 1, 82708, 97871, 0, 131.20
2026/10/09 05:02:44.487, 2, 82745, 97871, 0, 143.12
2026/10/09 05:02:44.487, 3, 82761, 97871, 100, 382.64
2026/10/09 05:02:45.487, 0, 82710, 97871, 100, 400.58
2026/10/09 05:02:45.487, 1, 82708, 97871, 0, 335.93
2026/10/09 05:02:45.487, 2, 82745, 97871, 100, 407.83
2026/10/09 05:02:45.487, 3, 82761, 97871, 83, 321.42
2026/10/09 05:02:46.487, 0, 82710, 97871, 0, 272.31
2026/10/09 05:02:46.487, 1, 82708, 97871, 0, 167.34
2026/10/09 05:02:46.487, 2, 82745, 97871, 0, 286.59
2026/10/09 05:02:46.487, 3, 82761, 97871, 100, 534.55
2026/10/09 05:02:47.492, 0, 82710, 97871, 0, 137.74
2026/10/09 05:02:47.492, 1, 82708, 97871, 0, 130.32
2026/10/09 05:02:47.492, 2, 82745, 97871, 0, 142.35
2026/10/09 05:02:47.492, 3, 82761, 97871, 100, 525.64
2026/10/09 05:02:48.492, 0, 82710, 97871, 0, 137.56
2026/10/09 05:02:48.492, 1, 82708, 97871, 0, 130.02
2026/10/09 05:02:48.492, 2, 82745, 97871, 0, 141.94
2026/10/09 05:02:48.492, 3, 82761, 97871, 100, 527.54
2026/10/09 05:02:49.492, 0, 82710, 97871, 0, 174.68
2026/10/09 05:02:49.492, 1, 82708, 97871, 100, 316.74
2026/10/09 05:02:49.492, 2, 82745, 97871, 0, 141.84
2026/10/09 05:02:49.492, 3, 82761, 97871, 100, 516.97
2026/10/09 05:02:50.492, 0, 82710, 97871, 0, 334.49
2026/10/09 05:02:50.492, 1, 82708, 97871, 68, 267.27
2026/10/09 05:02:50.492, 2, 82745, 97871, 23, 262.24
2026/10/09 05:02:50.493, 3, 82761, 97871, 100, 382.59
2026/10/09 05:02:51.493, 0, 82710, 97871, 0, 239.50
2026/10/09 05:02:51.493, 1, 82708, 97871, 54, 309.84
2026/10/09 05:02:51.493, 2, 82745, 97871, 17, 373.89
2026/10/09 05:02:51.493, 3, 82761, 97871, 100, 417.77
2026/10/09 05:02:52.493, 0, 82710, 97871, 0, 363.58
2026/10/09 05:02:52.493, 1, 82708, 97871, 50, 326.88
2026/10/09 05:02:52.493, 2, 82745, 97871, 55, 325.73
2026/10/09 05:02:52.493, 3, 82761, 97871, 100, 420.92
2026/10/09 05:02:53.493, 0, 82710, 97871, 0, 346.01
2026/10/09 05:02:53.493, 1, 82708, 97871, 81, 217.80
2026/10/09 05:02:53.493, 2, 82745, 97871, 76, 248.48
2026/10/09 05:02:53.493, 3, 82761, 97871, 100, 452.33
2026/10/09 05:02:54.493, 0, 82710, 97871, 0, 138.45
2026/10/09 05:02:54.493, 1, 82708, 97871, 0, 268.27
2026/10/09 05:02:54.493, 2, 82745, 97871, 0, 212.54
2026/10/09 05:02:54.493, 3, 82761, 97871, 100, 488.42
2026/10/09 05:02:55.493, 0, 82710, 97871, 0, 137.85
2026/10/09 05:02:55.493, 1, 82708, 97871, 0, 131.06
2026/10/09 05:02:55.493, 2, 82745, 97871, 0, 142.63
2026/10/09 05:02:55.493, 3, 82761, 97871, 100, 532.10
2026/10/09 05:02:56.494, 0, 82710, 97871, 0, 137.88
2026/10/09 05:02:56.494, 1, 82708, 97871, 0, 130.46
2026/10/09 05:02:56.494, 2, 82745, 97871, 0, 142.16
2026/10/09 05:02:56.494, 3, 82761, 97871, 100, 526.98
2026/10/09 05:02:57.500, 0, 82710, 97871, 0, 137.80
2026/10/09 05:02:57.500, 1, 82708, 97871, 0, 130.05
2026/10/09 05:02:57.500, 2, 82745, 97871, 0, 142.20
2026/10/09 05:02:57.500, 3, 82761, 97871, 100, 520.15
2026/10/09 05:02:58.500, 0, 82710, 97871, 0, 138.40
2026/10/09 05:02:58.500, 1, 82708, 97871, 0, 130.85
2026/10/09 05:02:58.500, 2, 82745, 97871, 0, 142.69
2026/10/09 05:02:58.500, 3, 82761, 97871, 100, 452.22
2026/10/09 05:02:59.500, 0, 82710, 97871, 64, 345.17
2026/10/09 05:02:59.500, 1, 82708, 97871, 70, 333.49
2026/10/09 05:02:59.500, 2, 82745, 97871, 0, 366.54
2026/10/09 05:02:59.500, 3, 82761, 97871, 100, 387.27
2026/10/09 05:03:00.500, 0, 82710, 97871, 72, 267.29
2026/10/09 05:03:00.500, 1, 82708, 97871, 100, 257.36
2026/10/09 05:03:00.501, 2, 82745, 97871, 29, 264.56
2026/10/09 05:03:00.501, 3, 82761, 97871, 100, 463.75
2026/10/09 05:03:01.501, 0, 82710, 97871, 12, 238.96
2026/10/09 05:03:01.501, 1, 82708, 97871, 33, 327.84
2026/10/09 05:03:01.501, 2, 82745, 97871, 0, 142.30
2026/10/09 05:03:01.501, 3, 82761, 97871, 100, 471.60
2026/10/09 05:03:02.501, 0, 82710, 97871, 0, 137.98
2026/10/09 05:03:02.501, 1, 82708, 97871, 0, 131.33
2026/10/09 05:03:02.501, 2, 82745, 97871, 0, 142.09
2026/10/09 05:03:02.501, 3, 82761, 97871, 100, 534.34
2026/10/09 05:03:03.501, 0, 82710, 97871, 0, 137.63
2026/10/09 05:03:03.501, 1, 82708, 97871, 0, 130.85
2026/10/09 05:03:03.501, 2, 82745, 97871, 0, 141.93
2026/10/09 05:03:03.501, 3, 82761, 97871, 100, 532.14
2026/10/09 05:03:04.501, 0, 82710, 97871, 0, 137.49
2026/10/09 05:03:04.501, 1, 82708, 97871, 0, 130.61
2026/10/09 05:03:04.501, 2, 82745, 97871, 0, 141.81
2026/10/09 05:03:04.501, 3, 82761, 97871, 100, 528.75
2026/10/09 05:03:05.502, 0, 82710, 97871, 0, 137.52
2026/10/09 05:03:05.502, 1, 82708, 97871, 62, 165.25
2026/10/09 05:03:05.502, 2, 82745, 97871, 0, 141.74
2026/10/09 05:03:05.502, 3, 82761, 97871, 100, 528.09
2026/10/09 05:03:06.502, 0, 82710, 97871, 0, 137.42
2026/10/09 05:03:06.502, 1, 82708, 97871, 0, 130.36
2026/10/09 05:03:06.502, 2, 82745, 97871, 0, 141.70
2026/10/09 05:03:06.502, 3, 82761, 97871, 100, 527.47
2026/10/09 05:03:07.522, 0, 82710, 97871, 0, 137.43
2026/10/09 05:03:07.523, 1, 82708, 97871, 0, 130.55
2026/10/09 05:03:07.523, 2, 82745, 97871, 0, 141.67
2026/10/09 05:03:07.523, 3, 82761, 97871, 100, 526.78
2026/10/09 05:03:08.523, 0, 82710, 97871, 0, 137.41
2026/10/09 05:03:08.523, 1, 82708, 97871, 0, 130.47
2026/10/09 05:03:08.523, 2, 82745, 97871, 0, 141.73
2026/10/09 05:03:08.523, 3, 82761, 97871, 100, 528.90
2026/10/09 05:03:09.523, 0, 82710, 97871, 0, 137.53
2026/10/09 05:03:09.523, 1, 82708, 97871, 0, 130.54
2026/10/09 05:03:09.523, 2, 82745, 97871, 0, 141.73
2026/10/09 05:03:09.523, 3, 82761, 97871, 100, 529.61
2026/10/09 05:03:10.523, 0, 82710, 97871, 0, 137.43
2026/10/09 05:03:10.523, 1, 82708, 97871, 0, 130.53
2026/10/09 05:03:10.523, 2, 82745, 97871, 0, 141.67
2026/10/09 05:03:10.523, 3, 82761, 97871, 100, 527.70
2026/10/09 05:03:11.523, 0, 82710, 97871, 0, 137.67
2026/10/09 05:03:11.524, 1, 82708, 97871, 0, 130.93
2026/10/09 05:03:11.524, 2, 82745, 97871, 0, 142.45
2026/10/09 05:03:11.524, 3, 82761, 97871, 100, 511.81
2026/10/09 05:03:12.524, 0, 82710, 97871, 39, 356.54
2026/10/09 05:03:12.524, 1, 82708, 97871, 0, 363.00
2026/10/09 05:03:12.524, 2, 82745, 97871, 28, 379.42
2026/10/09 05:03:12.524, 3, 82761, 97871, 90, 334.33
2026/10/09 05:03:13.524, 0, 82710, 97871, 99, 353.68
2026/10/09 05:03:13.524, 1, 82708, 97871, 0, 302.86
2026/10/09 05:03:13.524, 2, 82745, 97871, 25, 345.95
2026/10/09 05:03:13.524, 3, 82761, 97871, 94, 360.87
2026/10/09 05:03:14.524, 0, 82710, 97871, 100, 289.51
2026/10/09 05:03:14.524, 1, 82708, 97871, 0, 300.04
2026/10/09 05:03:14.524, 2, 82745, 97871, 23, 343.63
2026/10/09 05:03:14.524, 3, 82761, 97871, 96, 378.95
2026/10/09 05:03:15.525, 0, 82710, 97871, 0, 150.19
2026/10/09 05:03:15.525, 1, 82708, 97871, 0, 177.65
2026/10/09 05:03:15.525, 2, 82745, 97871, 0, 180.59
2026/10/09 05:03:15.525, 3, 82761, 97871, 100, 523.04
2026/10/09 05:03:16.525, 0, 82710, 97871, 0, 138.59
2026/10/09 05:03:16.525, 1, 82708, 97871, 0, 130.86
2026/10/09 05:03:16.525, 2, 82745, 97871, 0, 142.33
2026/10/09 05:03:16.525, 3, 82761, 97871, 100, 530.25
2026/10/09 05:03:17.532, 0, 82710, 97871, 0, 138.43
2026/10/09 05:03:17.532, 1, 82708, 97871, 0, 130.62
2026/10/09 05:03:17.532, 2, 82745, 97871, 0, 142.12
2026/10/09 05:03:17.532, 3, 82761, 97871, 100, 531.21
2026/10/09 05:03:18.532, 0, 82710, 97871, 0, 138.24
2026/10/09 05:03:18.532, 1, 82708, 97871, 0, 130.46
2026/10/09 05:03:18.532, 2, 82745, 97871, 0, 140.71
2026/10/09 05:03:18.532, 3, 82761, 97871, 100, 529.25
2026/10/09 05:03:19.533, 0, 82710, 97871, 0, 138.26
2026/10/09 05:03:19.533, 1, 82708, 97871, 0, 130.47
2026/10/09 05:03:19.533, 2, 82745, 97871, 0, 140.37
2026/10/09 05:03:19.533, 3, 82761, 97871, 100, 525.62
2026/10/09 05:03:20.533, 0, 82710, 97871, 0, 138.29
2026/10/09 05:03:20.533, 1, 82708, 97871, 0, 130.63
2026/10/09 05:03:20.533, 2, 82745, 97871, 0, 140.41
2026/10/09 05:03:20.533, 3, 82761, 97871, 100, 522.25
2026/10/09 05:03:21.533, 0, 82710, 97871, 0, 138.24
2026/10/09 05:03:21.533, 1, 82708, 97871, 0, 130.51
2026/10/09 05:03:21.533, 2, 82745, 97871, 0, 140.23
2026/10/09 05:03:21.533, 3, 82761, 97871, 100, 523.11
2026/10/09 05:03:22.533, 0, 82710, 97871, 0, 138.11
2026/10/09 05:03:22.533, 1, 82708, 97871, 0, 130.61
2026/10/09 05:03:22.533, 2, 82745, 97871, 0, 140.42
2026/10/09 05:03:22.533, 3, 82761, 97871, 100, 519.83
2026/10/09 05:03:23.533, 0, 82710, 97871, 0, 179.95
2026/10/09 05:03:23.533, 1, 82708, 97871, 0, 132.61
2026/10/09 05:03:23.534, 2, 82745, 97871, 0, 141.54
2026/10/09 05:03:23.534, 3, 82761, 97871, 100, 317.77
2026/10/09 05:03:24.534, 0, 82710, 97871, 100, 431.25
2026/10/09 05:03:24.534, 1, 82708, 97871, 0, 298.89
2026/10/09 05:03:24.534, 2, 82745, 97871, 0, 296.20
2026/10/09 05:03:24.534, 3, 82761, 97871, 49, 341.68
2026/10/09 05:03:25.534, 0, 82710, 97871, 0, 157.31
2026/10/09 05:03:25.534, 1, 82708, 97871, 0, 131.56
2026/10/09 05:03:25.534, 2, 82745, 97871, 0, 144.07
2026/10/09 05:03:25.534, 3, 82761, 97871, 93, 333.25
2026/10/09 05:03:26.534, 0, 82710, 97871, 0, 139.91
2026/10/09 05:03:26.534, 1, 82708, 97871, 0, 132.07
2026/10/09 05:03:26.534, 2, 82745, 97871, 0, 142.73
2026/10/09 05:03:26.534, 3, 82761, 97871, 55, 328.55
2026/10/09 05:03:27.538, 0, 82710, 97871, 0, 139.42
2026/10/09 05:03:27.538, 1, 82708, 97871, 0, 131.09
2026/10/09 05:03:27.538, 2, 82745, 97871, 0, 141.09
2026/10/09 05:03:27.538, 3, 82761, 97871, 98, 363.08
2026/10/09 05:03:28.538, 0, 82710, 97871, 0, 138.61
2026/10/09 05:03:28.538, 1, 82708, 97871, 0, 130.88
2026/10/09 05:03:28.538, 2, 82745, 97871, 0, 142.12
2026/10/09 05:03:28.538, 3, 82761, 97871, 88, 405.59
2026/10/09 05:03:29.538, 0, 82710, 97871, 0, 138.28
2026/10/09 05:03:29.538, 1, 82708, 97871, 0, 129.92
2026/10/09 05:03:29.538, 2, 82745, 97871, 0, 140.98
2026/10/09 05:03:29.538, 3, 82761, 97871, 100, 468.85
2026/10/09 05:03:30.538, 0, 82710, 97871, 0, 137.49
2026/10/09 05:03:30.538, 1, 82708, 97871, 0, 129.13
2026/10/09 05:03:30.538, 2, 82745, 97871, 0, 140.04
2026/10/09 05:03:30.538, 3, 82761, 97871, 100, 532.93
2026/10/09 05:03:31.538, 0, 82710, 97871, 0, 137.40
2026/10/09 05:03:31.538, 1, 82708, 97871, 0, 129.15
2026/10/09 05:03:31.538, 2, 82745, 97871, 0, 140.09
2026/10/09 05:03:31.538, 3, 82761, 97871, 100, 529.09
2026/10/09 05:03:32.539, 0, 82710, 97871, 0, 137.29
2026/10/09 05:03:32.539, 1, 82708, 97871, 0, 129.11
2026/10/09 05:03:32.539, 2, 82745, 97871, 0, 140.00
2026/10/09 05:03:32.539, 3, 82761, 97871, 100, 526.73
2026/10/09 05:03:33.539, 0, 82710, 97871, 0, 137.46
2026/10/09 05:03:33.539, 1, 82708, 97871, 0, 129.09
2026/10/09 05:03:33.539, 2, 82745, 97871, 0, 140.43
2026/10/09 05:03:33.539, 3, 82761, 97871, 100, 525.71
2026/10/09 05:03:34.539, 0, 82710, 97871, 0, 137.42
2026/10/09 05:03:34.539, 1, 82708, 97871, 0, 130.58
2026/10/09 05:03:34.539, 2, 82745, 97871, 0, 141.44
2026/10/09 05:03:34.539, 3, 82761, 97871, 100, 454.15
2026/10/09 05:03:35.539, 0, 82710, 97871, 0, 139.12
2026/10/09 05:03:35.539, 1, 82708, 97871, 0, 130.85
2026/10/09 05:03:35.539, 2, 82745, 97871, 0, 141.90
2026/10/09 05:03:35.539, 3, 82761, 97871, 68, 349.04
2026/10/09 05:03:36.539, 0, 82710, 97871, 0, 138.54
2026/10/09 05:03:36.539, 1, 82708, 97871, 0, 130.88
2026/10/09 05:03:36.540, 2, 82745, 97871, 0, 141.98
2026/10/09 05:03:36.540, 3, 82761, 97871, 79, 410.96
2026/10/09 05:03:37.544, 0, 82710, 97871, 0, 139.96
2026/10/09 05:03:37.544, 1, 82708, 97871, 0, 131.98
2026/10/09 05:03:37.544, 2, 82745, 97871, 0, 141.02
2026/10/09 05:03:37.544, 3, 82761, 97871, 63, 304.04
2026/10/09 05:03:38.544, 0, 82710, 97871, 0, 138.47
2026/10/09 05:03:38.544, 1, 82708, 97871, 0, 131.31
2026/10/09 05:03:38.545, 2, 82745, 97871, 0, 143.45
2026/10/09 05:03:38.545, 3, 82761, 97871, 77, 309.06
2026/10/09 05:03:39.545, 0, 82710, 97871, 0, 141.10
2026/10/09 05:03:39.545, 1, 82708, 97871, 0, 130.19
2026/10/09 05:03:39.545, 2, 82745, 97871, 0, 141.22
2026/10/09 05:03:39.545, 3, 82761, 97871, 59, 321.21
2026/10/09 05:03:40.545, 0, 82710, 97871, 0, 140.29
2026/10/09 05:03:40.545, 1, 82708, 97871, 0, 131.69
2026/10/09 05:03:40.545, 2, 82745, 97871, 0, 142.29
2026/10/09 05:03:40.545, 3, 82761, 97871, 63, 283.42
2026/10/09 05:03:41.545, 0, 82710, 97871, 0, 140.13
2026/10/09 05:03:41.545, 1, 82708, 97871, 0, 130.96
2026/10/09 05:03:41.545, 2, 82745, 97871, 0, 142.36
2026/10/09 05:03:41.545, 3, 82761, 97871, 88, 318.19
2026/10/09 05:03:42.545, 0, 82710, 97871, 0, 139.70
2026/10/09 05:03:42.545, 1, 82708, 97871, 0, 131.75
2026/10/09 05:03:42.545, 2, 82745, 97871, 0, 141.23
2026/10/09 05:03:42.545, 3, 82761, 97871, 75, 337.58
2026/10/09 05:03:43.545, 0, 82710, 97871, 0, 138.88
2026/10/09 05:03:43.545, 1, 82708, 97871, 0, 130.67
2026/10/09 05:03:43.545, 2, 82745, 97871, 0, 141.96
2026/10/09 05:03:43.546, 3, 82761, 97871, 78, 379.55
2026/10/09 05:03:44.546, 0, 82710, 97871, 0, 139.74
2026/10/09 05:03:44.546, 1, 82708, 97871, 0, 130.96
2026/10/09 05:03:44.546, 2, 82745, 97871, 0, 141.87
2026/10/09 05:03:44.546, 3, 82761, 97871, 69, 377.60
2026/10/09 05:03:45.546, 0, 82710, 97871, 0, 137.81
2026/10/09 05:03:45.546, 1, 82708, 97871, 0, 131.17
2026/10/09 05:03:45.546, 2, 82745, 97871, 0, 142.04
2026/10/09 05:03:45.546, 3, 82761, 97871, 63, 410.16
2026/10/09 05:03:46.546, 0, 82710, 97871, 0, 139.89
2026/10/09 05:03:46.546, 1, 82708, 97871, 0, 131.36
2026/10/09 05:03:46.546, 2, 82745, 97871, 0, 140.45
2026/10/09 05:03:46.546, 3, 82761, 97871, 75, 399.63
2026/10/09 05:03:47.552, 0, 82710, 97871, 0, 137.53
2026/10/09 05:03:47.552, 1, 82708, 97871, 0, 132.26
2026/10/09 05:03:47.552, 2, 82745, 97871, 0, 141.79
2026/10/09 05:03:47.552, 3, 82761, 97871, 75, 353.84
2026/10/09 05:03:48.552, 0, 82710, 97871, 0, 139.06
2026/10/09 05:03:48.552, 1, 82708, 97871, 0, 130.15
2026/10/09 05:03:48.552, 2, 82745, 97871, 0, 140.09
2026/10/09 05:03:48.552, 3, 82761, 97871, 100, 460.26
2026/10/09 05:03:49.552, 0, 82710, 97871, 0, 137.60
2026/10/09 05:03:49.552, 1, 82708, 97871, 0, 129.23
2026/10/09 05:03:49.552, 2, 82745, 97871, 0, 140.09
2026/10/09 05:03:49.552, 3, 82761, 97871, 100, 528.95
2026/10/09 05:03:50.552, 0, 82710, 97871, 0, 137.38
2026/10/09 05:03:50.553, 1, 82708, 97871, 0, 128.87
2026/10/09 05:03:50.553, 2, 82745, 97871, 0, 139.98
2026/10/09 05:03:50.553, 3, 82761, 97871, 100, 527.51
2026/10/09 05:03:51.553, 0, 82710, 97871, 0, 137.49
2026/10/09 05:03:51.553, 1, 82708, 97871, 0, 129.04
2026/10/09 05:03:51.553, 2, 82745, 97871, 0, 140.02
2026/10/09 05:03:51.553, 3, 82761, 97871, 100, 522.74
2026/10/09 05:03:52.553, 0, 82710, 97871, 0, 137.57
2026/10/09 05:03:52.553, 1, 82708, 97871, 0, 129.04
2026/10/09 05:03:52.553, 2, 82745, 97871, 0, 139.96
2026/10/09 05:03:52.553, 3, 82761, 97871, 100, 519.20
2026/10/09 05:03:53.553, 0, 82710, 97871, 0, 137.31
2026/10/09 05:03:53.553, 1, 82708, 97871, 0, 129.07
2026/10/09 05:03:53.553, 2, 82745, 97871, 0, 139.94
2026/10/09 05:03:53.553, 3, 82761, 97871, 100, 526.25
2026/10/09 05:03:54.553, 0, 82710, 97871, 0, 137.25
2026/10/09 05:03:54.553, 1, 82708, 97871, 0, 129.11
2026/10/09 05:03:54.553, 2, 82745, 97871, 0, 139.97
2026/10/09 05:03:54.553, 3, 82761, 97871, 100, 526.71
2026/10/09 05:03:55.553, 0, 82710, 97871, 0, 138.83
2026/10/09 05:03:55.553, 1, 82708, 97871, 0, 129.61
2026/10/09 05:03:55.553, 2, 82745, 97871, 0, 142.04
2026/10/09 05:03:55.554, 3, 82761, 97871, 51, 372.77
2026/10/09 05:03:56.554, 0, 82710, 97871, 0, 140.74
2026/10/09 05:03:56.554, 1, 82708, 97871, 0, 130.45
2026/10/09 05:03:56.554, 2, 82745, 97871, 0, 142.42
2026/10/09 05:03:56.554, 3, 82761, 97871, 67, 220.46
2026/10/09 05:03:57.560, 0, 82710, 97871, 0, 138.37
2026/10/09 05:03:57.560, 1, 82708, 97871, 0, 132.16
2026/10/09 05:03:57.560, 2, 82745, 97871, 0, 141.18
2026/10/09 05:03:57.560, 3, 82761, 97871, 60, 358.87
2026/10/09 05:03:58.560, 0, 82710, 97871, 0, 139.84
2026/10/09 05:03:58.560, 1, 82708, 97871, 0, 130.92
2026/10/09 05:03:58.560, 2, 82745, 97871, 0, 141.53
2026/10/09 05:03:58.560, 3, 82761, 97871, 92, 341.54
2026/10/09 05:03:59.560, 0, 82710, 97871, 0, 138.86
2026/10/09 05:03:59.560, 1, 82708, 97871, 0, 131.01
2026/10/09 05:03:59.560, 2, 82745, 97871, 0, 142.44
2026/10/09 05:03:59.560, 3, 82761, 97871, 94, 333.65
2026/10/09 05:04:00.560, 0, 82710, 97871, 0, 139.35
2026/10/09 05:04:00.560, 1, 82708, 97871, 0, 130.97
2026/10/09 05:04:00.561, 2, 82745, 97871, 0, 141.60
2026/10/09 05:04:00.561, 3, 82761, 97871, 71, 354.99
2026/10/09 05:04:01.561, 0, 82710, 97871, 0, 139.77
2026/10/09 05:04:01.561, 1, 82708, 97871, 0, 131.53
2026/10/09 05:04:01.561, 2, 82745, 97871, 0, 142.65
2026/10/09 05:04:01.561, 3, 82761, 97871, 93, 291.96
2026/10/09 05:04:02.561, 0, 82710, 97871, 0, 140.11
2026/10/09 05:04:02.561, 1, 82708, 97871, 0, 131.06
2026/10/09 05:04:02.561, 2, 82745, 97871, 0, 141.44
2026/10/09 05:04:02.561, 3, 82761, 97871, 100, 323.58
2026/10/09 05:04:03.561, 0, 82710, 97871, 0, 138.07
2026/10/09 05:04:03.561, 1, 82708, 97871, 0, 131.85
2026/10/09 05:04:03.561, 2, 82745, 97871, 0, 142.52
2026/10/09 05:04:03.561, 3, 82761, 97871, 100, 371.96
2026/10/09 05:04:04.561, 0, 82710, 97871, 0, 139.21
2026/10/09 05:04:04.561, 1, 82708, 97871, 0, 131.63
2026/10/09 05:04:04.561, 2, 82745, 97871, 0, 141.11
2026/10/09 05:04:04.561, 3, 82761, 97871, 94, 388.80
2026/10/09 05:04:05.561, 0, 82710, 97871, 0, 138.77
2026/10/09 05:04:05.561, 1, 82708, 97871, 0, 131.48
2026/10/09 05:04:05.562, 2, 82745, 97871, 0, 142.16
2026/10/09 05:04:05.562, 3, 82761, 97871, 73, 329.52
2026/10/09 05:04:06.562, 0, 82710, 97871, 0, 138.08
2026/10/09 05:04:06.562, 1, 82708, 97871, 0, 130.76
2026/10/09 05:04:06.562, 2, 82745, 97871, 0, 139.85
2026/10/09 05:04:06.562, 3, 82761, 97871, 100, 499.79
2026/10/09 05:04:07.570, 0, 82710, 97871, 0, 138.43
2026/10/09 05:04:07.571, 1, 82708, 97871, 0, 130.74
2026/10/09 05:04:07.571, 2, 82745, 97871, 0, 140.59
2026/10/09 05:04:07.571, 3, 82761, 97871, 65, 451.71
2026/10/09 05:04:08.571, 0, 82710, 97871, 0, 138.40
2026/10/09 05:04:08.571, 1, 82708, 97871, 0, 132.86
2026/10/09 05:04:08.571, 2, 82745, 97871, 0, 141.00
2026/10/09 05:04:08.571, 3, 82761, 97871, 98, 370.89
2026/10/09 05:04:09.571, 0, 82710, 97871, 0, 137.17
2026/10/09 05:04:09.571, 1, 82708, 97871, 0, 129.56
2026/10/09 05:04:09.571, 2, 82745, 97871, 0, 140.47
2026/10/09 05:04:09.571, 3, 82761, 97871, 100, 503.20
2026/10/09 05:04:10.571, 0, 82710, 97871, 0, 137.30
2026/10/09 05:04:10.571, 1, 82708, 97871, 0, 129.51
2026/10/09 05:04:10.571, 2, 82745, 97871, 0, 139.89
2026/10/09 05:04:10.571, 3, 82761, 97871, 100, 530.68
2026/10/09 05:04:11.571, 0, 82710, 97871, 0, 137.16
2026/10/09 05:04:11.571, 1, 82708, 97871, 0, 129.52
2026/10/09 05:04:11.571, 2, 82745, 97871, 0, 139.79
2026/10/09 05:04:11.571, 3, 82761, 97871, 100, 533.34
2026/10/09 05:04:12.571, 0, 82710, 97871, 0, 137.29
2026/10/09 05:04:12.571, 1, 82708, 97871, 0, 129.41
2026/10/09 05:04:12.571, 2, 82745, 97871, 0, 139.76
2026/10/09 05:04:12.571, 3, 82761, 97871, 100, 530.29
2026/10/09 05:04:13.571, 0, 82710, 97871, 0, 137.35
2026/10/09 05:04:13.571, 1, 82708, 97871, 0, 129.43
2026/10/09 05:04:13.572, 2, 82745, 97871, 0, 139.62
2026/10/09 05:04:13.572, 3, 82761, 97871, 100, 524.58
2026/10/09 05:04:14.572, 0, 82710, 97871, 0, 137.24
2026/10/09 05:04:14.572, 1, 82708, 97871, 0, 129.56
2026/10/09 05:04:14.572, 2, 82745, 97871, 0, 139.68
2026/10/09 05:04:14.572, 3, 82761, 97871, 100, 527.40
2026/10/09 05:04:15.572, 0, 82710, 97871, 0, 137.25
2026/10/09 05:04:15.572, 1, 82708, 97871, 0, 129.53
2026/10/09 05:04:15.572, 2, 82745, 97871, 0, 139.73
2026/10/09 05:04:15.572, 3, 82761, 97871, 100, 528.42
2026/10/09 05:04:16.572, 0, 82710, 97871, 0, 137.37
2026/10/09 05:04:16.572, 1, 82708, 97871, 0, 129.55
2026/10/09 05:04:16.572, 2, 82745, 97871, 0, 139.64
2026/10/09 05:04:16.572, 3, 82761, 97871, 100, 525.53
2026/10/09 05:04:17.577, 0, 82710, 97871, 0, 137.82
2026/10/09 05:04:17.577, 1, 82708, 97871, 0, 129.64
2026/10/09 05:04:17.577, 2, 82745, 97871, 0, 139.88
2026/10/09 05:04:17.577, 3, 82761, 97871, 100, 525.55
2026/10/09 05:04:18.577, 0, 82710, 97871, 0, 139.71
2026/10/09 05:04:18.577, 1, 82708, 97871, 0, 130.79
2026/10/09 05:04:18.577, 2, 82745, 97871, 0, 141.86
2026/10/09 05:04:18.577, 3, 82761, 97871, 74, 308.14
2026/10/09 05:04:19.577, 0, 82710, 97871, 0, 140.29
2026/10/09 05:04:19.578, 1, 82708, 97871, 0, 132.82
2026/10/09 05:04:19.578, 2, 82745, 97871, 0, 142.81
2026/10/09 05:04:19.578, 3, 82761, 97871, 57, 241.40
2026/10/09 05:04:20.578, 0, 82710, 97871, 0, 139.28
2026/10/09 05:04:20.578, 1, 82708, 97871, 0, 131.27
2026/10/09 05:04:20.578, 2, 82745, 97871, 0, 142.57
2026/10/09 05:04:20.578, 3, 82761, 97871, 61, 355.64
2026/10/09 05:04:21.578, 0, 82710, 97871, 0, 139.40
2026/10/09 05:04:21.578, 1, 82708, 97871, 0, 131.72
2026/10/09 05:04:21.578, 2, 82745, 97871, 0, 142.58
2026/10/09 05:04:21.578, 3, 82761, 97871, 100, 314.48
2026/10/09 05:04:22.578, 0, 82710, 97871, 0, 138.62
2026/10/09 05:04:22.578, 1, 82708, 97871, 0, 132.05
2026/10/09 05:04:22.578, 2, 82745, 97871, 0, 142.34
2026/10/09 05:04:22.578, 3, 82761, 97871, 94, 338.99
2026/10/09 05:04:23.578, 0, 82710, 97871, 0, 141.27
2026/10/09 05:04:23.578, 1, 82708, 97871, 0, 130.45
2026/10/09 05:04:23.578, 2, 82745, 97871, 0, 140.25
2026/10/09 05:04:23.578, 3, 82761, 97871, 61, 350.43
2026/10/09 05:04:24.578, 0, 82710, 97871, 0, 137.64
2026/10/09 05:04:24.578, 1, 82708, 97871, 0, 129.77
2026/10/09 05:04:24.578, 2, 82745, 97871, 0, 140.01
2026/10/09 05:04:24.578, 3, 82761, 97871, 100, 505.54
2026/10/09 05:04:25.578, 0, 82710, 97871, 0, 137.46
2026/10/09 05:04:25.579, 1, 82708, 97871, 0, 129.68
2026/10/09 05:04:25.579, 2, 82745, 97871, 0, 139.92
2026/10/09 05:04:25.579, 3, 82761, 97871, 100, 510.00
2026/10/09 05:04:26.579, 0, 82710, 97871, 0, 137.27
2026/10/09 05:04:26.579, 1, 82708, 97871, 0, 129.66
2026/10/09 05:04:26.579, 2, 82745, 97871, 0, 139.80
2026/10/09 05:04:26.579, 3, 82761, 97871, 86, 500.25
2026/10/09 05:04:27.590, 0, 82710, 97871, 0, 137.32
2026/10/09 05:04:27.590, 1, 82708, 97871, 0, 129.72
2026/10/09 05:04:27.590, 2, 82745, 97871, 0, 139.75
2026/10/09 05:04:27.591, 3, 82761, 97871, 100, 514.87
2026/10/09 05:04:28.591, 0, 82710, 97871, 0, 137.16
2026/10/09 05:04:28.591, 1, 82708, 97871, 0, 129.42
2026/10/09 05:04:28.591, 2, 82745, 97871, 0, 139.68
2026/10/09 05:04:28.591, 3, 82761, 97871, 100, 503.28
2026/10/09 05:04:29.591, 0, 82710, 97871, 0, 142.85
2026/10/09 05:04:29.591, 1, 82708, 97871, 0, 152.96
2026/10/09 05:04:29.591, 2, 82745, 97871, 37, 161.26
2026/10/09 05:04:29.591, 3, 82761, 97871, 9, 196.77
2026/10/09 05:04:30.591, 0, 82710, 97871, 0, 168.34
2026/10/09 05:04:30.591, 1, 82708, 97871, 27, 151.08
2026/10/09 05:04:30.591, 2, 82745, 97871, 0, 144.22
2026/10/09 05:04:30.591, 3, 82763, 97871, 100, 449.08
2026/10/09 05:04:31.591, 0, 82710, 97871, 0, 149.07
2026/10/09 05:04:31.591, 1, 82708, 97871, 0, 152.49
2026/10/09 05:04:31.591, 2, 82745, 97871, 0, 151.07
2026/10/09 05:04:31.591, 3, 82763, 97871, 100, 504.96
2026/10/09 05:04:32.591, 0, 82710, 97871, 9, 157.34
2026/10/09 05:04:32.591, 1, 82708, 97871, 0, 149.14
2026/10/09 05:04:32.591, 2, 82745, 97871, 15, 183.95
2026/10/09 05:04:32.591, 3, 82763, 97871, 100, 486.60
2026/10/09 05:04:33.591, 0, 82710, 97871, 9, 175.37
2026/10/09 05:04:33.591, 1, 82708, 97871, 0, 158.55
2026/10/09 05:04:33.591, 2, 82745, 97871, 6, 167.25
2026/10/09 05:04:33.591, 3, 82763, 97871, 100, 480.20
2026/10/09 05:04:34.592, 0, 82710, 97871, 0, 144.55
2026/10/09 05:04:34.592, 1, 82708, 97871, 0, 147.91
2026/10/09 05:04:34.592, 2, 82745, 97871, 0, 169.40
2026/10/09 05:04:34.592, 3, 82763, 97871, 99, 500.95
2026/10/09 05:04:35.592, 0, 82710, 97871, 11, 154.07
2026/10/09 05:04:35.592, 1, 82708, 97871, 38, 179.97
2026/10/09 05:04:35.592, 2, 82745, 97871, 0, 148.51
2026/10/09 05:04:35.592, 3, 82763, 97871, 100, 491.95
2026/10/09 05:04:36.592, 0, 82710, 97871, 0, 157.00
2026/10/09 05:04:36.592, 1, 82708, 97871, 0, 134.11
2026/10/09 05:04:36.592, 2, 82745, 97871, 0, 161.65
2026/10/09 05:04:36.592, 3, 82763, 97871, 100, 496.62
2026/10/09 05:04:37.600, 0, 82710, 97871, 0, 157.15
2026/10/09 05:04:37.600, 1, 82708, 97871, 0, 155.02
2026/10/09 05:04:37.600, 2, 82745, 97871, 0, 156.57
2026/10/09 05:04:37.600, 3, 82763, 97871, 100, 496.12
2026/10/09 05:04:38.600, 0, 82710, 97871, 0, 158.39
2026/10/09 05:04:38.600, 1, 82708, 97871, 32, 163.96
2026/10/09 05:04:38.600, 2, 82745, 97871, 4, 162.32
2026/10/09 05:04:38.600, 3, 82763, 97871, 100, 497.67
2026/10/09 05:04:39.600, 0, 82710, 97871, 24, 166.51
2026/10/09 05:04:39.600, 1, 82708, 97871, 0, 153.12
2026/10/09 05:04:39.600, 2, 82745, 97871, 0, 171.63
2026/10/09 05:04:39.600, 3, 82763, 97871, 98, 483.64
2026/10/09 05:04:40.600, 0, 82710, 97871, 0, 147.94
2026/10/09 05:04:40.600, 1, 82708, 97871, 35, 176.29
2026/10/09 05:04:40.600, 2, 82745, 97871, 0, 161.42
2026/10/09 05:04:40.600, 3, 82763, 97871, 97, 487.39
2026/10/09 05:04:41.600, 0, 82710, 97871, 25, 156.60
2026/10/09 05:04:41.600, 1, 82708, 97871, 0, 137.71
2026/10/09 05:04:41.600, 2, 82745, 97871, 2, 167.03
2026/10/09 05:04:41.600, 3, 82763, 97871, 100, 496.02
2026/10/09 05:04:42.601, 0, 82710, 97871, 0, 164.54
2026/10/09 05:04:42.601, 1, 82708, 97871, 0, 139.81
2026/10/09 05:04:42.601, 2, 82745, 97871, 0, 150.00
2026/10/09 05:04:42.601, 3, 82763, 97871, 100, 502.45
2026/10/09 05:04:43.601, 0, 82710, 97871, 0, 156.58
2026/10/09 05:04:43.601, 1, 82708, 97871, 25, 175.30
2026/10/09 05:04:43.601, 2, 82745, 97871, 0, 150.35
2026/10/09 05:04:43.601, 3, 82763, 97871, 100, 495.89
2026/10/09 05:04:44.601, 0, 82710, 97871, 31, 195.50
2026/10/09 05:04:44.601, 1, 82708, 97871, 2, 153.50
2026/10/09 05:04:44.601, 2, 82745, 97871, 19, 174.67
2026/10/09 05:04:44.601, 3, 82763, 97871, 100, 459.56
2026/10/09 05:04:45.601, 0, 82710, 97871, 0, 143.35
2026/10/09 05:04:45.601, 1, 82708, 97871, 0, 163.20
2026/10/09 05:04:45.601, 2, 82745, 97871, 0, 166.17
2026/10/09 05:04:45.601, 3, 82763, 97871, 100, 506.70
2026/10/09 05:04:46.601, 0, 82710, 97871, 0, 167.46
2026/10/09 05:04:46.601, 1, 82708, 97871, 5, 162.82
2026/10/09 05:04:46.601, 2, 82745, 97871, 0, 154.12
2026/10/09 05:04:46.601, 3, 82763, 97871, 100, 501.08
2026/10/09 05:04:47.616, 0, 82710, 97871, 5, 152.91
2026/10/09 05:04:47.616, 1, 82708, 97871, 0, 131.30
2026/10/09 05:04:47.617, 2, 82745, 97871, 0, 156.31
2026/10/09 05:04:47.617, 3, 82763, 97871, 100, 506.98
2026/10/09 05:04:48.617, 0, 82710, 97871, 0, 154.35
2026/10/09 05:04:48.617, 1, 82708, 97871, 0, 173.30
2026/10/09 05:04:48.617, 2, 82745, 97871, 0, 162.76
2026/10/09 05:04:48.617, 3, 82763, 97871, 100, 496.48
2026/10/09 05:04:49.617, 0, 82710, 97871, 0, 148.74
2026/10/09 05:04:49.617, 1, 82708, 97871, 7, 152.56
2026/10/09 05:04:49.617, 2, 82745, 97871, 0, 148.02
2026/10/09 05:04:49.617, 3, 82763, 97871, 100, 508.27
2026/10/09 05:04:50.617, 0, 82710, 97871, 0, 152.48
2026/10/09 05:04:50.617, 1, 82708, 97871, 0, 160.38
2026/10/09 05:04:50.617, 2, 82745, 97871, 9, 160.93
2026/10/09 05:04:50.617, 3, 82763, 97871, 100, 502.96
2026/10/09 05:04:51.617, 0, 82710, 97871, 0, 149.30
2026/10/09 05:04:51.617, 1, 82708, 97871, 0, 152.90
2026/10/09 05:04:51.617, 2, 82745, 97871, 0, 154.71
2026/10/09 05:04:51.617, 3, 82763, 97871, 100, 506.53
2026/10/09 05:04:52.617, 0, 82710, 97871, 29, 198.21
2026/10/09 05:04:52.617, 1, 82708, 97871, 100, 218.39
2026/10/09 05:04:52.617, 2, 82745, 97871, 100, 224.03
2026/10/09 05:04:52.618, 3, 82763, 97871, 60, 406.34
2026/10/09 05:04:53.618, 0, 82710, 97871, 0, 138.00
2026/10/09 05:04:53.618, 1, 82708, 97871, 0, 130.76
2026/10/09 05:04:53.618, 2, 82745, 97871, 0, 141.01
2026/10/09 05:04:53.618, 3, 82763, 97871, 100, 458.68
2026/10/09 05:04:54.618, 0, 82710, 97871, 49, 204.62
2026/10/09 05:04:54.618, 1, 82708, 97871, 38, 182.71
2026/10/09 05:04:54.618, 2, 82745, 97871, 10, 193.18
2026/10/09 05:04:54.618, 3, 82763, 97871, 80, 453.94
2026/10/09 05:04:55.618, 0, 82710, 97871, 0, 201.24
2026/10/09 05:04:55.618, 1, 82708, 97871, 0, 205.37
2026/10/09 05:04:55.618, 2, 82745, 97871, 0, 215.62
2026/10/09 05:04:55.618, 3, 82763, 97871, 100, 394.66
2026/10/09 05:04:56.618, 0, 82710, 97871, 9, 218.54
2026/10/09 05:04:56.618, 1, 82708, 97871, 0, 209.51
2026/10/09 05:04:56.618, 2, 82745, 97871, 30, 259.89
2026/10/09 05:04:56.618, 3, 82763, 97871, 90, 477.45
2026/10/09 05:04:57.629, 0, 82710, 97871, 21, 214.58
2026/10/09 05:04:57.629, 1, 82708, 97871, 51, 241.26
2026/10/09 05:04:57.629, 2, 82745, 97871, 25, 212.85
2026/10/09 05:04:57.629, 3, 82763, 97871, 100, 467.19
2026/10/09 05:04:58.629, 0, 82710, 97871, 9, 207.66
2026/10/09 05:04:58.629, 1, 82708, 97871, 10, 205.63
2026/10/09 05:04:58.629, 2, 82745, 97871, 35, 240.74
2026/10/09 05:04:58.629, 3, 82763, 97871, 99, 478.85
2026/10/09 05:04:59.629, 0, 82710, 97871, 0, 178.02
2026/10/09 05:04:59.629, 1, 82708, 97871, 0, 159.75
2026/10/09 05:04:59.629, 2, 82745, 97871, 0, 207.56
2026/10/09 05:04:59.629, 3, 82763, 97871, 100, 503.77
2026/10/09 05:05:00.629, 0, 82710, 97871, 0, 137.66
2026/10/09 05:05:00.630, 1, 82708, 97871, 0, 129.85
2026/10/09 05:05:00.630, 2, 82745, 97871, 0, 140.48
2026/10/09 05:05:00.630, 3, 82763, 97871, 100, 514.08
2026/10/09 05:05:01.630, 0, 82710, 97871, 100, 488.24
2026/10/09 05:05:01.630, 1, 82708, 97871, 100, 463.82
2026/10/09 05:05:01.630, 2, 82745, 97871, 8, 395.61
2026/10/09 05:05:01.630, 3, 82763, 97871, 58, 195.19
2026/10/09 05:05:02.630, 0, 82710, 97871, 0, 140.81
2026/10/09 05:05:02.630, 1, 82708, 97871, 0, 136.14
2026/10/09 05:05:02.630, 2, 82745, 97871, 0, 143.50
2026/10/09 05:05:02.630, 3, 82763, 97871, 51, 152.30
2026/10/09 05:05:03.630, 0, 82710, 97871, 0, 139.87
2026/10/09 05:05:03.630, 1, 82708, 97871, 0, 131.45
2026/10/09 05:05:03.630, 2, 82745, 97871, 0, 140.97
2026/10/09 05:05:03.630, 3, 82763, 97871, 100, 375.26
2026/10/09 05:05:04.630, 0, 82710, 97871, 0, 138.22
2026/10/09 05:05:04.630, 1, 82708, 97871, 0, 129.83
2026/10/09 05:05:04.630, 2, 82745, 97871, 0, 140.68
2026/10/09 05:05:04.630, 3, 82763, 97871, 100, 511.60
2026/10/09 05:05:05.630, 0, 82710, 97871, 0, 137.96
2026/10/09 05:05:05.631, 1, 82708, 97871, 0, 129.71
2026/10/09 05:05:05.631, 2, 82745, 97871, 0, 140.59
2026/10/09 05:05:05.631, 3, 82763, 97871, 100, 509.75
2026/10/09 05:05:06.631, 0, 82710, 97871, 0, 137.81
2026/10/09 05:05:06.631, 1, 82708, 97871, 0, 129.38
2026/10/09 05:05:06.631, 2, 82745, 97871, 0, 140.43
2026/10/09 05:05:06.631, 3, 82763, 97871, 100, 505.47
2026/10/09 05:05:07.638, 0, 82710, 97871, 43, 201.43
2026/10/09 05:05:07.638, 1, 82708, 97871, 14, 176.91
2026/10/09 05:05:07.638, 2, 82745, 97871, 0, 191.73
2026/10/09 05:05:07.638, 3, 82763, 97871, 0, 428.98
2026/10/09 05:05:08.639, 0, 82710, 97871, 18, 331.73
2026/10/09 05:05:08.639, 1, 82708, 97871, 9, 321.24
2026/10/09 05:05:08.639, 2, 82745, 97871, 15, 321.98
2026/10/09 05:05:08.639, 3, 82763, 97871, 100, 494.57
2026/10/09 05:05:09.639, 0, 82710, 97871, 53, 294.15
2026/10/09 05:05:09.639, 1, 82708, 97871, 10, 296.62
2026/10/09 05:05:09.639, 2, 82745, 97871, 29, 322.75
2026/10/09 05:05:09.639, 3, 82763, 97871, 100, 509.07
2026/10/09 05:05:10.639, 0, 82710, 97871, 28, 257.73
2026/10/09 05:05:10.639, 1, 82708, 97871, 26, 228.30
2026/10/09 05:05:10.639, 2, 82745, 97871, 31, 302.60
2026/10/09 05:05:10.639, 3, 82763, 97871, 100, 509.97
2026/10/09 05:05:11.639, 0, 82710, 97871, 26, 217.97
2026/10/09 05:05:11.639, 1, 82708, 97871, 24, 218.50
2026/10/09 05:05:11.639, 2, 82745, 97871, 0, 227.31
2026/10/09 05:05:11.639, 3, 82763, 97871, 98, 478.95
2026/10/09 05:05:12.639, 0, 82710, 97871, 0, 163.58
2026/10/09 05:05:12.640, 1, 82708, 97871, 0, 134.64
2026/10/09 05:05:12.640, 2, 82745, 97871, 0, 151.17
2026/10/09 05:05:12.640, 3, 82763, 97871, 76, 244.72
2026/10/09 05:05:13.640, 0, 82710, 97871, 9, 201.25
2026/10/09 05:05:13.640, 1, 82708, 97871, 4, 195.67
2026/10/09 05:05:13.640, 2, 82745, 97871, 11, 205.54
2026/10/09 05:05:13.640, 3, 82763, 97871, 100, 497.59
2026/10/09 05:05:14.640, 0, 82710, 97871, 23, 212.51
2026/10/09 05:05:14.640, 1, 82708, 97871, 44, 237.51
2026/10/09 05:05:14.640, 2, 82745, 97871, 20, 252.04
2026/10/09 05:05:14.640, 3, 82763, 97871, 100, 492.73
2026/10/09 05:05:15.640, 0, 82710, 97871, 19, 208.48
2026/10/09 05:05:15.640, 1, 82708, 97871, 13, 182.51
2026/10/09 05:05:15.640, 2, 82745, 97871, 31, 231.41
2026/10/09 05:05:15.640, 3, 82763, 97871, 100, 502.14
2026/10/09 05:05:16.640, 0, 82710, 97871, 26, 241.79
2026/10/09 05:05:16.640, 1, 82708, 97871, 11, 210.32
2026/10/09 05:05:16.640, 2, 82745, 97871, 9, 254.00
2026/10/09 05:05:16.640, 3, 82763, 97871, 88, 425.02
2026/10/09 05:05:17.651, 0, 82710, 97871, 10, 230.57
2026/10/09 05:05:17.651, 1, 82708, 97871, 59, 265.80
2026/10/09 05:05:17.651, 2, 82745, 97871, 23, 245.83
2026/10/09 05:05:17.651, 3, 82763, 97871, 95, 380.79
2026/10/09 05:05:18.651, 0, 82710, 97871, 15, 218.98
2026/10/09 05:05:18.651, 1, 82708, 97871, 9, 242.16
2026/10/09 05:05:18.651, 2, 82745, 97871, 8, 208.54
2026/10/09 05:05:18.651, 3, 82763, 97871, 91, 406.93
2026/10/09 05:05:19.651, 0, 82710, 97871, 16, 215.68
2026/10/09 05:05:19.651, 1, 82708, 97871, 18, 209.08
2026/10/09 05:05:19.651, 2, 82745, 97871, 24, 213.83
2026/10/09 05:05:19.651, 3, 82763, 97871, 75, 434.67
2026/10/09 05:05:20.651, 0, 82710, 97871, 0, 202.91
2026/10/09 05:05:20.651, 1, 82708, 97871, 7, 205.23
2026/10/09 05:05:20.651, 2, 82745, 97871, 12, 195.84
2026/10/09 05:05:20.651, 3, 82763, 97871, 74, 453.17
2026/10/09 05:05:21.651, 0, 82710, 97871, 16, 216.27
2026/10/09 05:05:21.652, 1, 82708, 97871, 10, 223.00
2026/10/09 05:05:21.652, 2, 82745, 97871, 11, 214.36
2026/10/09 05:05:21.652, 3, 82763, 97871, 77, 436.82
2026/10/09 05:05:22.652, 0, 82710, 97871, 0, 284.86
2026/10/09 05:05:22.652, 1, 82708, 97871, 9, 256.23
2026/10/09 05:05:22.652, 2, 82745, 97871, 0, 235.64
2026/10/09 05:05:22.652, 3, 82763, 97871, 72, 384.20
2026/10/09 05:05:23.652, 0, 82710, 97871, 0, 230.11
2026/10/09 05:05:23.652, 1, 82708, 97871, 10, 212.57
2026/10/09 05:05:23.652, 2, 82745, 97871, 0, 213.95
2026/10/09 05:05:23.652, 3, 82763, 97871, 73, 404.65
2026/10/09 05:05:24.652, 0, 82710, 97871, 0, 198.55
2026/10/09 05:05:24.652, 1, 82708, 97871, 0, 194.97
2026/10/09 05:05:24.652, 2, 82745, 97871, 0, 237.27
2026/10/09 05:05:24.652, 3, 82763, 97871, 67, 453.68
2026/10/09 05:05:25.652, 0, 82710, 97871, 0, 246.00
2026/10/09 05:05:25.652, 1, 82708, 97871, 26, 213.29
2026/10/09 05:05:25.652, 2, 82745, 97871, 20, 231.23
2026/10/09 05:05:25.652, 3, 82763, 97871, 97, 424.92
2026/10/09 05:05:26.652, 0, 82710, 97871, 11, 209.62
2026/10/09 05:05:26.652, 1, 82708, 97871, 0, 178.46
2026/10/09 05:05:26.652, 2, 82745, 97871, 0, 179.51
2026/10/09 05:05:26.652, 3, 82763, 97871, 97, 473.93
2026/10/09 05:05:27.657, 0, 82710, 97871, 0, 137.95
2026/10/09 05:05:27.657, 1, 82708, 97871, 0, 129.99
2026/10/09 05:05:27.657, 2, 82745, 97871, 0, 140.56
2026/10/09 05:05:27.657, 3, 82763, 97871, 59, 471.46
2026/10/09 05:05:28.657, 0, 82710, 97871, 0, 137.56
2026/10/09 05:05:28.657, 1, 82708, 97871, 0, 129.46
2026/10/09 05:05:28.657, 2, 82745, 97871, 0, 140.22
2026/10/09 05:05:28.657, 3, 82763, 97871, 100, 491.39
2026/10/09 05:05:29.657, 0, 82710, 97871, 0, 137.30
2026/10/09 05:05:29.657, 1, 82708, 97871, 0, 129.32
2026/10/09 05:05:29.657, 2, 82745, 97871, 0, 140.09
2026/10/09 05:05:29.657, 3, 82763, 97871, 100, 508.19
2026/10/09 05:05:30.657, 0, 82710, 97871, 100, 283.94
2026/10/09 05:05:30.657, 1, 82708, 97871, 100, 286.99
2026/10/09 05:05:30.657, 2, 82745, 97871, 80, 222.86
2026/10/09 05:05:30.658, 3, 82763, 97871, 84, 360.42
2026/10/09 05:05:31.658, 0, 82710, 97871, 9, 298.92
2026/10/09 05:05:31.658, 1, 82708, 97871, 33, 283.48
2026/10/09 05:05:31.658, 2, 82745, 97871, 24, 283.18
2026/10/09 05:05:31.658, 3, 82763, 97871, 98, 486.68
2026/10/09 05:05:32.658, 0, 82710, 97871, 31, 353.01
2026/10/09 05:05:32.658, 1, 82708, 97871, 6, 303.78
2026/10/09 05:05:32.658, 2, 82745, 97871, 33, 287.18
2026/10/09 05:05:32.658, 3, 82763, 97871, 100, 469.45
2026/10/09 05:05:33.658, 0, 82710, 97871, 31, 389.54
2026/10/09 05:05:33.658, 1, 82708, 97871, 62, 404.28
2026/10/09 05:05:33.658, 2, 82745, 97871, 30, 425.59
2026/10/09 05:05:33.658, 3, 82763, 97871, 100, 472.48
2026/10/09 05:05:34.658, 0, 82710, 97871, 0, 247.17
2026/10/09 05:05:34.658, 1, 82708, 97871, 0, 212.24
2026/10/09 05:05:34.658, 2, 82745, 97871, 0, 278.21
2026/10/09 05:05:34.658, 3, 82763, 97871, 89, 269.45
2026/10/09 05:05:35.658, 0, 82710, 97871, 0, 141.19
2026/10/09 05:05:35.659, 1, 82708, 97871, 0, 134.39
2026/10/09 05:05:35.659, 2, 82745, 97871, 0, 145.60
2026/10/09 05:05:35.659, 3, 82763, 97871, 100, 324.58
2026/10/09 05:05:36.659, 0, 82710, 97871, 0, 137.86
2026/10/09 05:05:36.659, 1, 82708, 97871, 0, 131.00
2026/10/09 05:05:36.659, 2, 82745, 97871, 0, 142.17
2026/10/09 05:05:36.659, 3, 82763, 97871, 100, 516.34
2026/10/09 05:05:37.668, 0, 82710, 97871, 0, 137.69
2026/10/09 05:05:37.668, 1, 82708, 97871, 0, 130.87
2026/10/09 05:05:37.668, 2, 82745, 97871, 0, 141.82
2026/10/09 05:05:37.668, 3, 82763, 97871, 100, 513.21
2026/10/09 05:05:38.668, 0, 82710, 97871, 0, 137.62
2026/10/09 05:05:38.668, 1, 82708, 97871, 0, 130.72
2026/10/09 05:05:38.668, 2, 82745, 97871, 0, 141.69
2026/10/09 05:05:38.668, 3, 82763, 97871, 100, 513.97
2026/10/09 05:05:39.668, 0, 82710, 97871, 0, 137.42
2026/10/09 05:05:39.668, 1, 82708, 97871, 0, 130.23
2026/10/09 05:05:39.668, 2, 82745, 97871, 0, 141.68
2026/10/09 05:05:39.668, 3, 82763, 97871, 100, 507.40
2026/10/09 05:05:40.668, 0, 82710, 97871, 0, 137.54
2026/10/09 05:05:40.668, 1, 82708, 97871, 0, 129.74
2026/10/09 05:05:40.668, 2, 82745, 97871, 0, 141.60
2026/10/09 05:05:40.668, 3, 82763, 97871, 100, 511.43
2026/10/09 05:05:41.668, 0, 82710, 97871, 8, 267.01
2026/10/09 05:05:41.669, 1, 82708, 97871, 100, 288.80
2026/10/09 05:05:41.669, 2, 82745, 97871, 8, 245.40
2026/10/09 05:05:41.669, 3, 82763, 97871, 100, 363.49
2026/10/09 05:05:42.669, 0, 82710, 97871, 9, 278.16
2026/10/09 05:05:42.669, 1, 82708, 97871, 12, 258.07
2026/10/09 05:05:42.669, 2, 82745, 97871, 12, 252.27
2026/10/09 05:05:42.669, 3, 82763, 97871, 100, 504.10
2026/10/09 05:05:43.669, 0, 82710, 97871, 20, 253.51
2026/10/09 05:05:43.669, 1, 82708, 97871, 48, 262.47
2026/10/09 05:05:43.669, 2, 82745, 97871, 22, 271.00
2026/10/09 05:05:43.669, 3, 82763, 97871, 100, 515.69
2026/10/09 05:05:44.669, 0, 82710, 97871, 23, 310.14
2026/10/09 05:05:44.669, 1, 82708, 97871, 38, 301.53
2026/10/09 05:05:44.669, 2, 82745, 97871, 30, 290.33
2026/10/09 05:05:44.669, 3, 82763, 97871, 100, 502.51
2026/10/09 05:05:45.669, 0, 82710, 97871, 100, 493.13
2026/10/09 05:05:45.670, 1, 82708, 97871, 45, 380.81
2026/10/09 05:05:45.670, 2, 82745, 97871, 100, 445.78
2026/10/09 05:05:45.670, 3, 82763, 97871, 100, 483.81
2026/10/09 05:05:46.670, 0, 82710, 97871, 0, 332.83
2026/10/09 05:05:46.670, 1, 82708, 97871, 0, 289.24
2026/10/09 05:05:46.670, 2, 82745, 97871, 0, 313.48
2026/10/09 05:05:46.670, 3, 82763, 97871, 90, 183.03
2026/10/09 05:05:47.676, 0, 82710, 97871, 0, 144.17
2026/10/09 05:05:47.676, 1, 82708, 97871, 0, 136.10
2026/10/09 05:05:47.676, 2, 82745, 97871, 0, 146.64
2026/10/09 05:05:47.676, 3, 82763, 97871, 87, 166.30
2026/10/09 05:05:48.676, 0, 82710, 97871, 0, 150.68
2026/10/09 05:05:48.676, 1, 82708, 97871, 0, 162.43
2026/10/09 05:05:48.676, 2, 82745, 97871, 0, 153.41
2026/10/09 05:05:48.676, 3, 82763, 97871, 100, 344.56
2026/10/09 05:05:49.676, 0, 82710, 97871, 15, 210.68
2026/10/09 05:05:49.676, 1, 82708, 97871, 23, 234.75
2026/10/09 05:05:49.676, 2, 82745, 97871, 18, 242.01
2026/10/09 05:05:49.676, 3, 82763, 97871, 100, 502.22
2026/10/09 05:05:50.676, 0, 82710, 97871, 20, 196.57
2026/10/09 05:05:50.676, 1, 82708, 97871, 0, 177.07
2026/10/09 05:05:50.676, 2, 82745, 97871, 0, 229.82
2026/10/09 05:05:50.676, 3, 82763, 97871, 100, 506.63
2026/10/09 05:05:51.677, 0, 82710, 97871, 11, 195.31
2026/10/09 05:05:51.677, 1, 82708, 97871, 14, 186.67
2026/10/09 05:05:51.677, 2, 82745, 97871, 9, 222.11
2026/10/09 05:05:51.677, 3, 82763, 97871, 100, 505.59
2026/10/09 05:05:52.677, 0, 82710, 97871, 0, 164.92
2026/10/09 05:05:52.677, 1, 82708, 97871, 0, 164.40
2026/10/09 05:05:52.677, 2, 82745, 97871, 33, 189.22
2026/10/09 05:05:52.677, 3, 82763, 97871, 100, 511.20
2026/10/09 05:05:53.677, 0, 82710, 97871, 27, 239.21
2026/10/09 05:05:53.677, 1, 82708, 97871, 0, 273.13
2026/10/09 05:05:53.677, 2, 82745, 97871, 23, 257.05
2026/10/09 05:05:53.677, 3, 82763, 97871, 100, 496.07
2026/10/09 05:05:54.677, 0, 82710, 97871, 65, 264.48
2026/10/09 05:05:54.678, 1, 82708, 97871, 0, 259.23
2026/10/09 05:05:54.678, 2, 82745, 97871, 0, 241.30
2026/10/09 05:05:54.678, 3, 82763, 97871, 100, 490.54
2026/10/09 05:05:55.678, 0, 82710, 97871, 9, 264.59
2026/10/09 05:05:55.678, 1, 82708, 97871, 22, 267.34
2026/10/09 05:05:55.678, 2, 82745, 97871, 12, 252.97
2026/10/09 05:05:55.678, 3, 82763, 97871, 100, 481.59
2026/10/09 05:05:56.678, 0, 82710, 97871, 29, 286.57
2026/10/09 05:05:56.678, 1, 82708, 97871, 28, 306.00
2026/10/09 05:05:56.678, 2, 82745, 97871, 72, 310.93
2026/10/09 05:05:56.678, 3, 82763, 97871, 100, 492.86
2026/10/09 05:05:57.687, 0, 82710, 97871, 37, 297.57
2026/10/09 05:05:57.687, 1, 82708, 97871, 67, 254.84
2026/10/09 05:05:57.687, 2, 82745, 97871, 35, 260.92
2026/10/09 05:05:57.687, 3, 82763, 97871, 100, 472.96
2026/10/09 05:05:58.687, 0, 82710, 97871, 36, 284.85
2026/10/09 05:05:58.687, 1, 82708, 97871, 33, 238.30
2026/10/09 05:05:58.688, 2, 82745, 97871, 53, 263.47
2026/10/09 05:05:58.688, 3, 82763, 97871, 100, 499.08
2026/10/09 05:05:59.688, 0, 82710, 97871, 20, 256.60
2026/10/09 05:05:59.688, 1, 82708, 97871, 10, 205.06
2026/10/09 05:05:59.688, 2, 82745, 97871, 13, 201.71
2026/10/09 05:05:59.688, 3, 82763, 97871, 100, 502.17
2026/10/09 05:06:00.688, 0, 82710, 97871, 30, 237.25
2026/10/09 05:06:00.688, 1, 82708, 97871, 3, 240.07
2026/10/09 05:06:00.688, 2, 82745, 97871, 8, 244.18
2026/10/09 05:06:00.688, 3, 82763, 97871, 100, 490.24
2026/10/09 05:06:01.688, 0, 82710, 97871, 24, 227.17
2026/10/09 05:06:01.688, 1, 82708, 97871, 10, 225.52
2026/10/09 05:06:01.688, 2, 82745, 97871, 0, 244.83
2026/10/09 05:06:01.688, 3, 82763, 97871, 100, 485.26
2026/10/09 05:06:02.688, 0, 82710, 97871, 40, 276.22
2026/10/09 05:06:02.689, 1, 82708, 97871, 37, 300.37
2026/10/09 05:06:02.689, 2, 82745, 97871, 36, 286.48
2026/10/09 05:06:02.689, 3, 82763, 97871, 100, 499.85
2026/10/09 05:06:03.689, 0, 82710, 97871, 35, 246.77
2026/10/09 05:06:03.689, 1, 82708, 97871, 21, 237.29
2026/10/09 05:06:03.689, 2, 82745, 97871, 36, 310.04
2026/10/09 05:06:03.689, 3, 82763, 97871, 100, 476.15
2026/10/09 05:06:04.689, 0, 82710, 97871, 22, 224.36
2026/10/09 05:06:04.689, 1, 82708, 97871, 0, 244.67
2026/10/09 05:06:04.689, 2, 82745, 97871, 26, 228.42
2026/10/09 05:06:04.689, 3, 82763, 97871, 100, 490.79
2026/10/09 05:06:05.689, 0, 82710, 97871, 13, 235.90
2026/10/09 05:06:05.689, 1, 82708, 97871, 2, 272.38
2026/10/09 05:06:05.689, 2, 82745, 97871, 9, 250.60
2026/10/09 05:06:05.689, 3, 82763, 97871, 100, 503.88
2026/10/09 05:06:06.689, 0, 82710, 97871, 31, 256.46
2026/10/09 05:06:06.689, 1, 82708, 97871, 30, 246.35
2026/10/09 05:06:06.689, 2, 82745, 97871, 10, 251.26
2026/10/09 05:06:06.689, 3, 82763, 97871, 100, 422.17
2026/10/09 05:06:07.694, 0, 82710, 97871, 0, 203.01
2026/10/09 05:06:07.694, 1, 82708, 97871, 5, 228.47
2026/10/09 05:06:07.694, 2, 82745, 97871, 0, 248.25
2026/10/09 05:06:07.694, 3, 82763, 97871, 100, 480.70
2026/10/09 05:06:08.694, 0, 82710, 97871, 9, 244.00
2026/10/09 05:06:08.694, 1, 82708, 97871, 5, 248.76
2026/10/09 05:06:08.694, 2, 82745, 97871, 10, 234.16
2026/10/09 05:06:08.694, 3, 82763, 97871, 100, 472.87
2026/10/09 05:06:09.694, 0, 82710, 97871, 28, 271.07
2026/10/09 05:06:09.695, 1, 82708, 97871, 65, 231.60
2026/10/09 05:06:09.695, 2, 82745, 97871, 19, 236.43
2026/10/09 05:06:09.695, 3, 82763, 97871, 73, 424.62
2026/10/09 05:06:10.695, 0, 82710, 97871, 28, 231.27
2026/10/09 05:06:10.695, 1, 82708, 97871, 10, 209.83
2026/10/09 05:06:10.695, 2, 82745, 97871, 30, 217.04
2026/10/09 05:06:10.695, 3, 82763, 97871, 100, 453.07
2026/10/09 05:06:11.695, 0, 82710, 97871, 26, 252.22
2026/10/09 05:06:11.695, 1, 82708, 97871, 24, 211.30
2026/10/09 05:06:11.695, 2, 82745, 97871, 9, 261.64
2026/10/09 05:06:11.695, 3, 82763, 97871, 93, 454.23
2026/10/09 05:06:12.695, 0, 82710, 97871, 0, 139.29
2026/10/09 05:06:12.695, 1, 82708, 97871, 0, 131.11
2026/10/09 05:06:12.695, 2, 82745, 97871, 0, 142.74
2026/10/09 05:06:12.695, 3, 82763, 97871, 100, 514.59
2026/10/09 05:06:13.695, 0, 82710, 97871, 0, 138.01
2026/10/09 05:06:13.696, 1, 82708, 97871, 0, 130.78
2026/10/09 05:06:13.696, 2, 82745, 97871, 0, 142.06
2026/10/09 05:06:13.696, 3, 82763, 97871, 100, 511.20
2026/10/09 05:06:14.696, 0, 82710, 97871, 0, 137.63
2026/10/09 05:06:14.696, 1, 82708, 97871, 0, 130.60
2026/10/09 05:06:14.696, 2, 82745, 97871, 0, 141.81
2026/10/09 05:06:14.696, 3, 82763, 97871, 100, 511.20
2026/10/09 05:06:15.696, 0, 82710, 97871, 0, 137.46
2026/10/09 05:06:15.696, 1, 82708, 97871, 0, 130.44
2026/10/09 05:06:15.696, 2, 82745, 97871, 0, 141.83
2026/10/09 05:06:15.696, 3, 82763, 97871, 64, 480.48
2026/10/09 05:06:16.696, 0, 82710, 97871, 0, 137.40
2026/10/09 05:06:16.696, 1, 82708, 97871, 0, 130.40
2026/10/09 05:06:16.696, 2, 82745, 97871, 0, 141.90
2026/10/09 05:06:16.696, 3, 82763, 97871, 100, 484.48
2026/10/09 05:06:17.715, 0, 82710, 97871, 0, 137.47
2026/10/09 05:06:17.715, 1, 82708, 97871, 0, 130.28
2026/10/09 05:06:17.715, 2, 82745, 97871, 0, 141.90
2026/10/09 05:06:17.715, 3, 82763, 97871, 100, 494.02
2026/10/09 05:06:18.716, 0, 82710, 97871, 25, 270.01
2026/10/09 05:06:18.716, 1, 82708, 97871, 18, 277.31
2026/10/09 05:06:18.716, 2, 82745, 97871, 0, 252.90
2026/10/09 05:06:18.716, 3, 82763, 97871, 99, 255.90
2026/10/09 05:06:19.716, 0, 82710, 97871, 5, 238.71
2026/10/09 05:06:19.716, 1, 82708, 97871, 10, 243.18
2026/10/09 05:06:19.716, 2, 82745, 97871, 39, 245.15
2026/10/09 05:06:19.716, 3, 82763, 97871, 100, 495.23
2026/10/09 05:06:20.716, 0, 82710, 97871, 18, 328.49
2026/10/09 05:06:20.716, 1, 82708, 97871, 29, 286.81
2026/10/09 05:06:20.716, 2, 82745, 97871, 37, 300.09
2026/10/09 05:06:20.716, 3, 82763, 97871, 95, 429.04
2026/10/09 05:06:21.716, 0, 82710, 97871, 100, 470.41
2026/10/09 05:06:21.716, 1, 82708, 97871, 100, 429.63
2026/10/09 05:06:21.716, 2, 82745, 97871, 78, 421.74
2026/10/09 05:06:21.716, 3, 82763, 97871, 72, 393.22
2026/10/09 05:06:22.717, 0, 82710, 97871, 100, 558.28
2026/10/09 05:06:22.717, 1, 82708, 97871, 100, 533.51
2026/10/09 05:06:22.717, 2, 82745, 97871, 100, 533.23
2026/10/09 05:06:22.717, 3, 82763, 97871, 66, 161.33
2026/10/09 05:06:23.717, 0, 82710, 97871, 16, 477.86
2026/10/09 05:06:23.717, 1, 82708, 97871, 0, 375.31
2026/10/09 05:06:23.717, 2, 82745, 97871, 43, 441.15
2026/10/09 05:06:23.717, 3, 82763, 97871, 0, 158.38
2026/10/09 05:06:24.717, 0, 82710, 97871, 0, 141.77
2026/10/09 05:06:24.717, 1, 82708, 97871, 0, 134.95
2026/10/09 05:06:24.717, 2, 82745, 97871, 0, 145.38
2026/10/09 05:06:24.717, 3, 82763, 97871, 60, 147.04
2026/10/09 05:06:25.717, 0, 82710, 97871, 0, 140.73
2026/10/09 05:06:25.717, 1, 82708, 97871, 0, 132.74
2026/10/09 05:06:25.717, 2, 82745, 97871, 0, 145.44
2026/10/09 05:06:25.717, 3, 82763, 97871, 54, 143.95
2026/10/09 05:06:26.717, 0, 82710, 97871, 0, 139.37
2026/10/09 05:06:26.717, 1, 82708, 97871, 0, 133.27
2026/10/09 05:06:26.717, 2, 82744, 97871, 0, 143.74
2026/10/09 05:06:26.718, 3, 82763, 97871, 40, 154.68
2026/10/09 05:06:27.723, 0, 82710, 97871, 0, 139.02
2026/10/09 05:06:27.723, 1, 82708, 97871, 0, 133.43
2026/10/09 05:06:27.723, 2, 82744, 97871, 0, 144.55
2026/10/09 05:06:27.723, 3, 82763, 97871, 58, 142.84
2026/10/09 05:06:28.723, 0, 82710, 97871, 0, 141.21
2026/10/09 05:06:28.723, 1, 82708, 97871, 0, 131.42
2026/10/09 05:06:28.723, 2, 82744, 97871, 0, 144.68
2026/10/09 05:06:28.723, 3, 82762, 97871, 62, 146.73
2026/10/09 05:06:29.723, 0, 82710, 97871, 0, 137.78
2026/10/09 05:06:29.723, 1, 82708, 97871, 0, 130.60
2026/10/09 05:06:29.723, 2, 82744, 97871, 0, 141.92
2026/10/09 05:06:29.724, 3, 82762, 97871, 100, 524.57
2026/10/09 05:06:30.724, 0, 82710, 97871, 0, 137.46
2026/10/09 05:06:30.724, 1, 82708, 97871, 0, 130.17
2026/10/09 05:06:30.724, 2, 82744, 97871, 0, 141.77
2026/10/09 05:06:30.724, 3, 82762, 97871, 100, 518.57
2026/10/09 05:06:31.724, 0, 82710, 97871, 0, 137.38
2026/10/09 05:06:31.724, 1, 82708, 97871, 0, 130.14
2026/10/09 05:06:31.724, 2, 82744, 97871, 0, 141.74
2026/10/09 05:06:31.724, 3, 82762, 97871, 100, 514.83
2026/10/09 05:06:32.724, 0, 82710, 97871, 0, 137.33
2026/10/09 05:06:32.724, 1, 82708, 97871, 0, 130.04
2026/10/09 05:06:32.724, 2, 82744, 97871, 0, 141.67
2026/10/09 05:06:32.724, 3, 82762, 97871, 100, 514.26
2026/10/09 05:06:33.724, 0, 82710, 97871, 0, 137.29
2026/10/09 05:06:33.724, 1, 82708, 97871, 0, 130.13
2026/10/09 05:06:33.724, 2, 82744, 97871, 0, 141.60
2026/10/09 05:06:33.724, 3, 82762, 97871, 100, 515.53
2026/10/09 05:06:34.724, 0, 82710, 97871, 0, 137.39
2026/10/09 05:06:34.724, 1, 82708, 97871, 0, 130.10
2026/10/09 05:06:34.724, 2, 82744, 97871, 0, 141.58
2026/10/09 05:06:34.725, 3, 82762, 97871, 100, 511.05
2026/10/09 05:06:35.725, 0, 82710, 97871, 0, 137.46
2026/10/09 05:06:35.725, 1, 82708, 97871, 0, 130.18
2026/10/09 05:06:35.725, 2, 82744, 97871, 0, 141.54
2026/10/09 05:06:35.725, 3, 82762, 97871, 100, 512.89
2026/10/09 05:06:36.725, 0, 82710, 97871, 0, 137.54
2026/10/09 05:06:36.725, 1, 82708, 97871, 0, 130.05
2026/10/09 05:06:36.725, 2, 82744, 97871, 0, 141.47
2026/10/09 05:06:36.725, 3, 82762, 97871, 100, 515.29
2026/10/09 05:06:37.730, 0, 82710, 97871, 0, 137.35
2026/10/09 05:06:37.730, 1, 82708, 97871, 0, 130.12
2026/10/09 05:06:37.730, 2, 82744, 97871, 0, 141.53
2026/10/09 05:06:37.730, 3, 82762, 97871, 100, 516.22
2026/10/09 05:06:38.730, 0, 82710, 97871, 0, 137.40
2026/10/09 05:06:38.730, 1, 82708, 97871, 0, 130.09
2026/10/09 05:06:38.730, 2, 82744, 97871, 0, 141.48
2026/10/09 05:06:38.730, 3, 82762, 97871, 100, 509.99
2026/10/09 05:06:39.730, 0, 82710, 97871, 0, 137.30
2026/10/09 05:06:39.730, 1, 82708, 97871, 0, 130.09
2026/10/09 05:06:39.730, 2, 82744, 97871, 0, 141.44
2026/10/09 05:06:39.730, 3, 82762, 97871, 100, 508.77
2026/10/09 05:06:40.730, 0, 82710, 97871, 0, 137.28
2026/10/09 05:06:40.730, 1, 82708, 97871, 0, 130.15
2026/10/09 05:06:40.730, 2, 82744, 97871, 0, 141.45
2026/10/09 05:06:40.730, 3, 82762, 97871, 54, 468.06
2026/10/09 05:06:41.730, 0, 82710, 97871, 0, 137.30
2026/10/09 05:06:41.730, 1, 82708, 97871, 0, 130.00
2026/10/09 05:06:41.730, 2, 82744, 97871, 0, 141.38
2026/10/09 05:06:41.730, 3, 82762, 97871, 100, 503.64
2026/10/09 05:06:42.731, 0, 82710, 97871, 0, 181.63
2026/10/09 05:06:42.731, 1, 82708, 97871, 0, 160.21
2026/10/09 05:06:42.731, 2, 82744, 97871, 0, 156.87
2026/10/09 05:06:42.731, 3, 82762, 97871, 0, 367.52
2026/10/09 05:06:43.731, 0, 82710, 97871, 9, 275.33
2026/10/09 05:06:43.731, 1, 82708, 97871, 0, 291.63
2026/10/09 05:06:43.731, 2, 82744, 97871, 11, 350.92
2026/10/09 05:06:43.731, 3, 82762, 97871, 100, 442.22
2026/10/09 05:06:44.731, 0, 82710, 97871, 9, 244.63
2026/10/09 05:06:44.731, 1, 82708, 97871, 10, 242.35
2026/10/09 05:06:44.731, 2, 82744, 97871, 56, 253.89
2026/10/09 05:06:44.731, 3, 82762, 97871, 100, 507.83
2026/10/09 05:06:45.731, 0, 82710, 97871, 43, 318.84
2026/10/09 05:06:45.731, 1, 82708, 97871, 19, 261.10
2026/10/09 05:06:45.731, 2, 82744, 97871, 46, 299.24
2026/10/09 05:06:45.731, 3, 82762, 97871, 100, 511.38
2026/10/09 05:06:46.731, 0, 82710, 97871, 91, 467.54
2026/10/09 05:06:46.732, 1, 82708, 97871, 100, 400.54
2026/10/09 05:06:46.732, 2, 82744, 97871, 100, 456.74
2026/10/09 05:06:46.732, 3, 82762, 97871, 100, 496.04
2026/10/09 05:06:47.736, 0, 82710, 97871, 100, 531.33
2026/10/09 05:06:47.737, 1, 82708, 97871, 100, 504.93
2026/10/09 05:06:47.737, 2, 82744, 97871, 100, 523.01
2026/10/09 05:06:47.737, 3, 82762, 97871, 88, 221.42
2026/10/09 05:06:48.737, 0, 82710, 97871, 100, 557.20
2026/10/09 05:06:48.737, 1, 82708, 97871, 93, 495.43
2026/10/09 05:06:48.737, 2, 82744, 97871, 100, 533.37
2026/10/09 05:06:48.737, 3, 82762, 97871, 91, 154.33
2026/10/09 05:06:49.737, 0, 82710, 97871, 0, 146.23
2026/10/09 05:06:49.737, 1, 82708, 97871, 0, 133.92
2026/10/09 05:06:49.737, 2, 82744, 97871, 0, 254.91
2026/10/09 05:06:49.737, 3, 82762, 97871, 100, 168.10
2026/10/09 05:06:50.737, 0, 82710, 97871, 0, 138.44
2026/10/09 05:06:50.737, 1, 82708, 97871, 0, 132.78
2026/10/09 05:06:50.737, 2, 82744, 97871, 0, 142.87
2026/10/09 05:06:50.737, 3, 82762, 97871, 100, 458.39
2026/10/09 05:06:51.737, 0, 82710, 97871, 0, 138.04
2026/10/09 05:06:51.737, 1, 82708, 97871, 0, 130.58
2026/10/09 05:06:51.738, 2, 82744, 97871, 0, 142.57
2026/10/09 05:06:51.738, 3, 82762, 97871, 100, 509.47
2026/10/09 05:06:52.738, 0, 82710, 97871, 0, 150.50
2026/10/09 05:06:52.738, 1, 82708, 97871, 0, 151.04
2026/10/09 05:06:52.738, 2, 82744, 97871, 0, 168.24
2026/10/09 05:06:52.738, 3, 82762, 97871, 100, 511.26
2026/10/09 05:06:53.738, 0, 82710, 97871, 0, 150.09
2026/10/09 05:06:53.738, 1, 82708, 97871, 0, 143.16
2026/10/09 05:06:53.738, 2, 82744, 97871, 0, 149.62
2026/10/09 05:06:53.738, 3, 82762, 97871, 100, 513.65
2026/10/09 05:06:54.738, 0, 82710, 97871, 91, 302.80
2026/10/09 05:06:54.738, 1, 82708, 97871, 100, 284.65
2026/10/09 05:06:54.738, 2, 82744, 97871, 100, 268.82
2026/10/09 05:06:54.738, 3, 82762, 97871, 97, 325.47
2026/10/09 05:06:55.738, 0, 82710, 97871, 0, 179.66
2026/10/09 05:06:55.738, 1, 82708, 97871, 1, 188.87
2026/10/09 05:06:55.738, 2, 82744, 97871, 6, 257.61
2026/10/09 05:06:55.738, 3, 82762, 97871, 89, 145.34
2026/10/09 05:06:56.739, 0, 82710, 97871, 9, 168.19
2026/10/09 05:06:56.739, 1, 82708, 97871, 7, 144.00
2026/10/09 05:06:56.739, 2, 82744, 97871, 7, 147.18
2026/10/09 05:06:56.739, 3, 82762, 97871, 100, 479.29
2026/10/09 05:06:57.750, 0, 82710, 97871, 22, 191.91
2026/10/09 05:06:57.750, 1, 82708, 97871, 0, 221.83
2026/10/09 05:06:57.750, 2, 82744, 97871, 10, 212.15
2026/10/09 05:06:57.750, 3, 82762, 97871, 100, 515.72
2026/10/09 05:06:58.751, 0, 82710, 97871, 0, 169.46
2026/10/09 05:06:58.751, 1, 82708, 97871, 0, 183.68
2026/10/09 05:06:58.751, 2, 82744, 97871, 0, 164.38
2026/10/09 05:06:58.751, 3, 82762, 97871, 100, 513.70
2026/10/09 05:06:59.751, 0, 82710, 97871, 0, 182.25
2026/10/09 05:06:59.751, 1, 82708, 97871, 0, 142.76
2026/10/09 05:06:59.751, 2, 82744, 97871, 0, 164.10
2026/10/09 05:06:59.751, 3, 82762, 97871, 100, 517.12
2026/10/09 05:07:00.751, 0, 82710, 97871, 9, 179.67
2026/10/09 05:07:00.751, 1, 82708, 97871, 19, 163.53
2026/10/09 05:07:00.751, 2, 82744, 97871, 31, 165.08
2026/10/09 05:07:00.751, 3, 82762, 97871, 92, 455.99
2026/10/09 05:07:01.751, 0, 82710, 97871, 0, 159.76
2026/10/09 05:07:01.751, 1, 82708, 97871, 0, 159.67
2026/10/09 05:07:01.751, 2, 82744, 97871, 2, 166.18
2026/10/09 05:07:01.751, 3, 82762, 97871, 100, 511.38
2026/10/09 05:07:02.751, 0, 82710, 97871, 14, 150.96
2026/10/09 05:07:02.752, 1, 82708, 97871, 21, 149.38
2026/10/09 05:07:02.752, 2, 82744, 97871, 4, 163.40
2026/10/09 05:07:02.752, 3, 82762, 97871, 100, 515.47
2026/10/09 05:07:03.752, 0, 82710, 97871, 1, 178.81
2026/10/09 05:07:03.752, 1, 82708, 97871, 48, 219.90
2026/10/09 05:07:03.752, 2, 82744, 97871, 0, 225.64
2026/10/09 05:07:03.752, 3, 82762, 97871, 100, 511.64
2026/10/09 05:07:04.752, 0, 82710, 97871, 0, 225.65
2026/10/09 05:07:04.752, 1, 82708, 97871, 0, 197.31
2026/10/09 05:07:04.752, 2, 82744, 97871, 0, 210.65
2026/10/09 05:07:04.752, 3, 82762, 97871, 100, 508.12
2026/10/09 05:07:05.752, 0, 82710, 97871, 8, 200.69
2026/10/09 05:07:05.752, 1, 82708, 97871, 67, 180.31
2026/10/09 05:07:05.752, 2, 82744, 97871, 46, 235.12
2026/10/09 05:07:05.752, 3, 82762, 97871, 100, 502.06
2026/10/09 05:07:06.752, 0, 82710, 97871, 28, 181.69
2026/10/09 05:07:06.753, 1, 82708, 97871, 0, 192.60
2026/10/09 05:07:06.753, 2, 82744, 97871, 0, 203.90
2026/10/09 05:07:06.753, 3, 82762, 97871, 100, 502.89
2026/10/09 05:07:07.758, 0, 82710, 97871, 0, 152.28
2026/10/09 05:07:07.758, 1, 82708, 97871, 0, 135.17
2026/10/09 05:07:07.758, 2, 82744, 97871, 0, 179.70
2026/10/09 05:07:07.758, 3, 82762, 97871, 99, 491.30
2026/10/09 05:07:08.758, 0, 82710, 97871, 0, 211.44
2026/10/09 05:07:08.758, 1, 82708, 97871, 42, 207.74
2026/10/09 05:07:08.758, 2, 82744, 97871, 28, 167.08
2026/10/09 05:07:08.758, 3, 82762, 97871, 99, 250.10
2026/10/09 05:07:09.758, 0, 82710, 97871, 0, 178.51
2026/10/09 05:07:09.759, 1, 82708, 97871, 14, 169.16
2026/10/09 05:07:09.759, 2, 82744, 97871, 74, 203.37
2026/10/09 05:07:09.759, 3, 82762, 97871, 100, 425.96
2026/10/09 05:07:10.759, 0, 82710, 97871, 15, 239.80
2026/10/09 05:07:10.759, 1, 82708, 97871, 22, 232.29
2026/10/09 05:07:10.759, 2, 82744, 97871, 0, 223.75
2026/10/09 05:07:10.759, 3, 82762, 97871, 100, 522.53
2026/10/09 05:07:11.759, 0, 82710, 97871, 60, 420.29
2026/10/09 05:07:11.759, 1, 82708, 97871, 68, 382.18
2026/10/09 05:07:11.759, 2, 82744, 97871, 98, 397.90
2026/10/09 05:07:11.759, 3, 82762, 97871, 100, 497.00
2026/10/09 05:07:12.759, 0, 82710, 97871, 11, 446.49
2026/10/09 05:07:12.759, 1, 82708, 97871, 16, 447.80
2026/10/09 05:07:12.759, 2, 82744, 97871, 0, 423.37
2026/10/09 05:07:12.759, 3, 82762, 97871, 87, 346.06
2026/10/09 05:07:13.760, 0, 82710, 97871, 51, 432.01
2026/10/09 05:07:13.760, 1, 82708, 97871, 75, 385.76
2026/10/09 05:07:13.760, 2, 82744, 97871, 22, 380.99
2026/10/09 05:07:13.760, 3, 82762, 97871, 94, 160.11
2026/10/09 05:07:14.760, 0, 82710, 97871, 0, 217.73
2026/10/09 05:07:14.760, 1, 82708, 97871, 0, 255.11
2026/10/09 05:07:14.760, 2, 82744, 97871, 0, 242.15
2026/10/09 05:07:14.760, 3, 82762, 97871, 0, 157.31
2026/10/09 05:07:15.760, 0, 82710, 97871, 0, 143.87
2026/10/09 05:07:15.760, 1, 82708, 97871, 0, 136.60
2026/10/09 05:07:15.760, 2, 82744, 97871, 0, 147.80
2026/10/09 05:07:15.760, 3, 82762, 97871, 89, 152.80
2026/10/09 05:07:16.760, 0, 82710, 97871, 0, 143.75
2026/10/09 05:07:16.760, 1, 82708, 97871, 0, 135.95
2026/10/09 05:07:16.760, 2, 82744, 97871, 0, 146.98
2026/10/09 05:07:16.760, 3, 82762, 97871, 78, 152.36
2026/10/09 05:07:17.763, 0, 82710, 97871, 0, 164.53
2026/10/09 05:07:17.763, 1, 82708, 97871, 9, 143.70
2026/10/09 05:07:17.763, 2, 82744, 97871, 9, 168.27
2026/10/09 05:07:17.763, 3, 82762, 97871, 100, 322.05
2026/10/09 05:07:18.764, 0, 82710, 97871, 29, 248.01
2026/10/09 05:07:18.764, 1, 82708, 97871, 20, 230.37
2026/10/09 05:07:18.764, 2, 82744, 97871, 32, 265.96
2026/10/09 05:07:18.764, 3, 82762, 97871, 100, 514.76
2026/10/09 05:07:19.764, 0, 82710, 97871, 9, 198.38
2026/10/09 05:07:19.764, 1, 82708, 97871, 3, 201.45
2026/10/09 05:07:19.764, 2, 82744, 97871, 13, 224.86
2026/10/09 05:07:19.764, 3, 82762, 97871, 100, 515.19
2026/10/09 05:07:20.764, 0, 82710, 97871, 0, 210.04
2026/10/09 05:07:20.764, 1, 82708, 97871, 25, 213.39
2026/10/09 05:07:20.764, 2, 82744, 97871, 0, 233.88
2026/10/09 05:07:20.764, 3, 82762, 97871, 100, 512.26
2026/10/09 05:07:21.764, 0, 82710, 97871, 13, 173.79
2026/10/09 05:07:21.764, 1, 82708, 97871, 9, 166.19
2026/10/09 05:07:21.764, 2, 82744, 97871, 0, 191.85
2026/10/09 05:07:21.764, 3, 82762, 97871, 100, 512.29
2026/10/09 05:07:22.765, 0, 82710, 97871, 10, 206.21
2026/10/09 05:07:22.765, 1, 82708, 97871, 1, 204.28
2026/10/09 05:07:22.765, 2, 82744, 97871, 10, 261.55
2026/10/09 05:07:22.765, 3, 82762, 97871, 100, 512.31
2026/10/09 05:07:23.765, 0, 82710, 97871, 53, 267.23
2026/10/09 05:07:23.765, 1, 82708, 97871, 62, 301.16
2026/10/09 05:07:23.765, 2, 82744, 97871, 29, 280.20
2026/10/09 05:07:23.765, 3, 82762, 97871, 100, 512.22
2026/10/09 05:07:24.765, 0, 82710, 97871, 20, 276.53
2026/10/09 05:07:24.765, 1, 82708, 97871, 24, 268.87
2026/10/09 05:07:24.765, 2, 82744, 97871, 4, 282.59
2026/10/09 05:07:24.765, 3, 82762, 97871, 100, 508.66
2026/10/09 05:07:25.765, 0, 82710, 97871, 12, 278.91
2026/10/09 05:07:25.766, 1, 82708, 97871, 47, 295.62
2026/10/09 05:07:25.766, 2, 82744, 97871, 21, 272.23
2026/10/09 05:07:25.766, 3, 82762, 97871, 100, 484.36
2026/10/09 05:07:26.766, 0, 82710, 97871, 0, 174.16
2026/10/09 05:07:26.766, 1, 82708, 97871, 0, 153.60
2026/10/09 05:07:26.766, 2, 82744, 97871, 0, 190.51
2026/10/09 05:07:26.766, 3, 82762, 97871, 84, 153.33
2026/10/09 05:07:27.769, 0, 82710, 97871, 0, 143.36
2026/10/09 05:07:27.770, 1, 82708, 97871, 0, 136.12
2026/10/09 05:07:27.770, 2, 82744, 97871, 0, 147.57
2026/10/09 05:07:27.770, 3, 82762, 97871, 92, 152.77
2026/10/09 05:07:28.770, 0, 82710, 97871, 13, 277.40
2026/10/09 05:07:28.770, 1, 82708, 97871, 0, 219.51
2026/10/09 05:07:28.770, 2, 82744, 97871, 0, 229.17
2026/10/09 05:07:28.770, 3, 82762, 97871, 100, 474.71
2026/10/09 05:07:29.770, 0, 82710, 97871, 0, 191.58
2026/10/09 05:07:29.770, 1, 82708, 97871, 0, 230.42
2026/10/09 05:07:29.770, 2, 82744, 97871, 0, 219.80
2026/10/09 05:07:29.770, 3, 82762, 97871, 100, 516.07
2026/10/09 05:07:30.770, 0, 82710, 97871, 33, 299.40
2026/10/09 05:07:30.770, 1, 82708, 97871, 0, 228.67
2026/10/09 05:07:30.770, 2, 82744, 97871, 15, 285.11
2026/10/09 05:07:30.771, 3, 82762, 97871, 100, 515.54
2026/10/09 05:07:31.771, 0, 82710, 97871, 34, 219.00
2026/10/09 05:07:31.771, 1, 82708, 97871, 10, 201.94
2026/10/09 05:07:31.771, 2, 82744, 97871, 10, 197.64
2026/10/09 05:07:31.771, 3, 82762, 97871, 100, 514.78
2026/10/09 05:07:32.771, 0, 82710, 97871, 0, 283.05
2026/10/09 05:07:32.771, 1, 82708, 97871, 58, 289.10
2026/10/09 05:07:32.771, 2, 82744, 97871, 46, 280.38
2026/10/09 05:07:32.771, 3, 82762, 97871, 100, 512.29
2026/10/09 05:07:33.771, 0, 82710, 97871, 51, 302.43
2026/10/09 05:07:33.771, 1, 82708, 97871, 63, 290.40
2026/10/09 05:07:33.771, 2, 82744, 97871, 87, 312.15
2026/10/09 05:07:33.771, 3, 82762, 97871, 100, 513.83
2026/10/09 05:07:34.771, 0, 82710, 97871, 9, 231.78
2026/10/09 05:07:34.772, 1, 82708, 97871, 10, 234.12
2026/10/09 05:07:34.772, 2, 82744, 97871, 40, 282.24
2026/10/09 05:07:34.772, 3, 82762, 97871, 100, 508.50
2026/10/09 05:07:35.772, 0, 82710, 97871, 0, 143.32
2026/10/09 05:07:35.772, 1, 82708, 97871, 0, 134.92
2026/10/09 05:07:35.772, 2, 82744, 97871, 0, 146.98
2026/10/09 05:07:35.772, 3, 82762, 97871, 62, 150.73
2026/10/09 05:07:36.772, 0, 82710, 97871, 0, 143.12
2026/10/09 05:07:36.772, 1, 82708, 97871, 0, 135.29
2026/10/09 05:07:36.772, 2, 82744, 97871, 0, 147.15
2026/10/09 05:07:36.772, 3, 82762, 97871, 60, 151.35
2026/10/09 05:07:37.775, 0, 82710, 97871, 0, 142.17
2026/10/09 05:07:37.775, 1, 82708, 97871, 0, 135.16
2026/10/09 05:07:37.775, 2, 82744, 97871, 0, 146.46
2026/10/09 05:07:37.775, 3, 82762, 97871, 63, 149.60
2026/10/09 05:07:38.775, 0, 82710, 97871, 47, 253.10
2026/10/09 05:07:38.775, 1, 82708, 97871, 51, 251.93
2026/10/09 05:07:38.775, 2, 82744, 97871, 9, 283.16
2026/10/09 05:07:38.775, 3, 82762, 97871, 100, 495.06
2026/10/09 05:07:39.775, 0, 82710, 97871, 29, 238.40
2026/10/09 05:07:39.775, 1, 82708, 97871, 0, 251.64
2026/10/09 05:07:39.775, 2, 82744, 97871, 10, 229.00
2026/10/09 05:07:39.775, 3, 82762, 97871, 100, 515.44
2026/10/09 05:07:40.775, 0, 82710, 97871, 0, 260.19
2026/10/09 05:07:40.776, 1, 82708, 97871, 0, 256.62
2026/10/09 05:07:40.776, 2, 82744, 97871, 18, 276.73
2026/10/09 05:07:40.776, 3, 82762, 97871, 100, 511.48
2026/10/09 05:07:41.776, 0, 82710, 97871, 0, 214.52
2026/10/09 05:07:41.776, 1, 82708, 97871, 32, 264.13
2026/10/09 05:07:41.776, 2, 82744, 97871, 21, 230.15
2026/10/09 05:07:41.776, 3, 82762, 97871, 100, 512.71
2026/10/09 05:07:42.776, 0, 82710, 97871, 70, 292.69
2026/10/09 05:07:42.776, 1, 82708, 97871, 42, 278.73
2026/10/09 05:07:42.776, 2, 82744, 97871, 32, 288.60
2026/10/09 05:07:42.776, 3, 82762, 97871, 100, 512.43
2026/10/09 05:07:43.776, 0, 82710, 97871, 81, 252.27
2026/10/09 05:07:43.776, 1, 82708, 97871, 36, 315.43
2026/10/09 05:07:43.776, 2, 82744, 97871, 63, 263.71
2026/10/09 05:07:43.776, 3, 82762, 97871, 100, 511.47
2026/10/09 05:07:44.776, 0, 82710, 97871, 0, 143.34
2026/10/09 05:07:44.777, 1, 82708, 97871, 0, 138.50
2026/10/09 05:07:44.777, 2, 82744, 97871, 0, 146.98
2026/10/09 05:07:44.777, 3, 82762, 97871, 91, 184.25
2026/10/09 05:07:45.777, 0, 82710, 97871, 0, 158.58
2026/10/09 05:07:45.777, 1, 82708, 97871, 0, 136.12
2026/10/09 05:07:45.777, 2, 82744, 97871, 0, 147.72
2026/10/09 05:07:45.777, 3, 82762, 97871, 91, 198.95
2026/10/09 05:07:46.777, 0, 82710, 97871, 32, 333.11
2026/10/09 05:07:46.777, 1, 82708, 97871, 18, 256.80
2026/10/09 05:07:46.777, 2, 82744, 97871, 5, 270.35
2026/10/09 05:07:46.777, 3, 82762, 97871, 100, 516.76
2026/10/09 05:07:47.781, 0, 82710, 97871, 0, 257.37
2026/10/09 05:07:47.782, 1, 82708, 97871, 16, 210.89
2026/10/09 05:07:47.782, 2, 82744, 97871, 26, 268.61
2026/10/09 05:07:47.782, 3, 82762, 97871, 100, 511.02
2026/10/09 05:07:48.782, 0, 82710, 97871, 19, 212.07
2026/10/09 05:07:48.782, 1, 82708, 97871, 30, 249.22
2026/10/09 05:07:48.782, 2, 82744, 97871, 2, 281.61
2026/10/09 05:07:48.782, 3, 82762, 97871, 100, 512.31
2026/10/09 05:07:49.782, 0, 82710, 97871, 13, 262.14
2026/10/09 05:07:49.782, 1, 82708, 97871, 35, 281.17
2026/10/09 05:07:49.782, 2, 82744, 97871, 38, 316.33
2026/10/09 05:07:49.782, 3, 82762, 97871, 100, 512.78
2026/10/09 05:07:50.782, 0, 82710, 97871, 0, 160.29
2026/10/09 05:07:50.782, 1, 82708, 97871, 0, 163.25
2026/10/09 05:07:50.782, 2, 82744, 97871, 0, 175.22
2026/10/09 05:07:50.782, 3, 82762, 97871, 100, 509.89
2026/10/09 05:07:51.782, 0, 82710, 97871, 0, 138.83
2026/10/09 05:07:51.782, 1, 82708, 97871, 0, 131.70
2026/10/09 05:07:51.782, 2, 82744, 97871, 0, 143.04
2026/10/09 05:07:51.783, 3, 82762, 97871, 100, 454.72
2026/10/09 05:07:52.783, 0, 82710, 97871, 0, 142.87
2026/10/09 05:07:52.783, 1, 82708, 97871, 0, 135.88
2026/10/09 05:07:52.783, 2, 82744, 97871, 0, 147.43
2026/10/09 05:07:52.783, 3, 82762, 97871, 88, 153.65
2026/10/09 05:07:53.783, 0, 82710, 97871, 0, 141.78
2026/10/09 05:07:53.783, 1, 82708, 97871, 0, 135.36
2026/10/09 05:07:53.783, 2, 82744, 97871, 0, 147.11
2026/10/09 05:07:53.783, 3, 82762, 97871, 61, 149.81
2026/10/09 05:07:54.783, 0, 82710, 97871, 0, 138.55
2026/10/09 05:07:54.783, 1, 82708, 97871, 0, 131.80
2026/10/09 05:07:54.783, 2, 82744, 97871, 0, 143.37
2026/10/09 05:07:54.783, 3, 82762, 97871, 100, 460.40
2026/10/09 05:07:55.783, 0, 82710, 97871, 0, 137.49
2026/10/09 05:07:55.783, 1, 82708, 97871, 0, 130.49
2026/10/09 05:07:55.783, 2, 82744, 97871, 0, 141.75
2026/10/09 05:07:55.783, 3, 82762, 97871, 100, 516.57
2026/10/09 05:07:56.783, 0, 82710, 97871, 0, 137.50
2026/10/09 05:07:56.783, 1, 82708, 97871, 0, 130.40
2026/10/09 05:07:56.783, 2, 82744, 97871, 0, 141.64
2026/10/09 05:07:56.783, 3, 82762, 97871, 100, 516.61
2026/10/09 05:07:57.790, 0, 82710, 97871, 0, 137.46
2026/10/09 05:07:57.790, 1, 82708, 97871, 0, 130.22
2026/10/09 05:07:57.790, 2, 82744, 97871, 0, 141.51
2026/10/09 05:07:57.790, 3, 82762, 97871, 100, 515.60
2026/10/09 05:07:58.790, 0, 82710, 97871, 0, 137.43
2026/10/09 05:07:58.790, 1, 82708, 97871, 0, 130.16
2026/10/09 05:07:58.790, 2, 82744, 97871, 0, 141.52
2026/10/09 05:07:58.790, 3, 82762, 97871, 100, 512.24
2026/10/09 05:07:59.791, 0, 82710, 97871, 0, 137.25
2026/10/09 05:07:59.791, 1, 82708, 97871, 0, 130.25
2026/10/09 05:07:59.791, 2, 82744, 97871, 0, 141.36
2026/10/09 05:07:59.791, 3, 82762, 97871, 100, 513.65
2026/10/09 05:08:00.791, 0, 82710, 97871, 0, 137.41
2026/10/09 05:08:00.791, 1, 82708, 97871, 0, 130.10
2026/10/09 05:08:00.791, 2, 82744, 97871, 0, 141.65
2026/10/09 05:08:00.791, 3, 82762, 97871, 100, 516.41
2026/10/09 05:08:01.791, 0, 82710, 97871, 0, 137.27
2026/10/09 05:08:01.791, 1, 82708, 97871, 0, 130.08
2026/10/09 05:08:01.791, 2, 82744, 97871, 0, 141.47
2026/10/09 05:08:01.791, 3, 82762, 97871, 100, 508.54
2026/10/09 05:08:02.791, 0, 82710, 97871, 0, 137.22
2026/10/09 05:08:02.791, 1, 82708, 97871, 0, 130.20
2026/10/09 05:08:02.791, 2, 82744, 97871, 0, 141.42
2026/10/09 05:08:02.791, 3, 82762, 97871, 100, 504.27
2026/10/09 05:08:03.791, 0, 82710, 97871, 0, 137.41
2026/10/09 05:08:03.791, 1, 82708, 97871, 0, 130.12
2026/10/09 05:08:03.791, 2, 82744, 97871, 0, 141.40
2026/10/09 05:08:03.791, 3, 82762, 97871, 100, 496.52
2026/10/09 05:08:04.791, 0, 82710, 97871, 0, 137.06
2026/10/09 05:08:04.792, 1, 82708, 97871, 0, 130.19
2026/10/09 05:08:04.792, 2, 82744, 97871, 0, 141.35
2026/10/09 05:08:04.792, 3, 82762, 97871, 100, 501.91
2026/10/09 05:08:05.792, 0, 82710, 97871, 0, 137.35
2026/10/09 05:08:05.792, 1, 82708, 97871, 0, 130.22
2026/10/09 05:08:05.792, 2, 82744, 97871, 0, 141.60
2026/10/09 05:08:05.792, 3, 56, 97871, 0, 175.64
2026/10/09 05:08:06.792, 0, 82710, 97871, 0, 137.37
2026/10/09 05:08:06.792, 1, 82708, 97871, 0, 130.34
2026/10/09 05:08:06.792, 2, 50, 97871, 0, 143.57
2026/10/09 05:08:06.792, 3, 56, 97871, 0, 139.90
2026/10/09 05:08:07.803, 0, 82710, 97871, 0, 137.37
2026/10/09 05:08:07.803, 1, 14, 97871, 0, 133.24
2026/10/09 05:08:07.803, 2, 50, 97871, 0, 145.80
2026/10/09 05:08:07.804, 3, 56, 97871, 0, 103.80
2026/10/09 05:08:08.804, 0, 16, 97871, 0, 140.91
2026/10/09 05:08:08.804, 1, 14, 97871, 0, 134.38
2026/10/09 05:08:08.804, 2, 50, 97871, 0, 127.71
2026/10/09 05:08:08.804, 3, 56, 97871, 0, 88.55
