2026/10/10 16:54:49.909, 0, 85, 97871, 0, 86.06
2026/10/10 16:54:49.913, 1, 70, 97871, 0, 94.95
2026/10/10 16:54:49.916, 2, 30, 97871, 0, 90.69
2026/10/10 16:54:49.920, 3, 40, 97871, 0, 89.34
2026/10/10 16:54:50.923, 0, 85, 97871, 0, 86.12
2026/10/10 16:54:50.923, 1, 70, 97871, 0, 94.80
2026/10/10 16:54:50.923, 2, 30, 97871, 0, 90.28
2026/10/10 16:54:50.923, 3, 40, 97871, 0, 89.31
2026/10/10 16:54:51.923, 0, 85, 97871, 0, 86.13
2026/10/10 16:54:51.923, 1, 70, 97871, 0, 94.78
2026/10/10 16:54:51.923, 2, 30, 97871, 0, 90.55
2026/10/10 16:54:51.923, 3, 40, 97871, 0, 89.21
2026/10/10 16:54:52.923, 0, 85, 97871, 0, 86.18
2026/10/10 16:54:52.924, 1, 70, 97871, 0, 94.75
2026/10/10 16:54:52.924, 2, 30, 97871, 0, 90.42
2026/10/10 16:54:52.924, 3, 40, 97871, 0, 89.06
2026/10/10 16:54:53.924, 0, 85, 97871, 0, 86.29
2026/10/10 16:54:53.924, 1, 70, 97871, 0, 94.79
2026/10/10 16:54:53.924, 2, 30, 97871, 0, 90.32
2026/10/10 16:54:53.924, 3, 40, 97871, 0, 89.22
2026/10/10 16:54:54.924, 0, 85, 97871, 0, 86.14
2026/10/10 16:54:54.924, 1, 70, 97871, 0, 94.82
2026/10/10 16:54:54.924, 2, 30, 97871, 0, 90.40
2026/10/10 16:54:54.924, 3, 40, 97871, 0, 89.15
2026/10/10 16:54:55.924, 0, 85, 97871, 0, 86.26
2026/10/10 16:54:55.925, 1, 70, 97871, 0, 94.94
2026/10/10 16:54:55.925, 2, 30, 97871, 0, 90.38
2026/10/10 16:54:55.925, 3, 40, 97871, 0, 89.00
2026/10/10 16:54:56.925, 0, 85, 97871, 0, 86.15
2026/10/10 16:54:56.925, 1, 70, 97871, 0, 94.81
2026/10/10 16:54:56.925, 2, 30, 97871, 0, 90.59
2026/10/10 16:54:56.925, 3, 40, 97871, 0, 89.07
2026/10/10 16:54:57.925, 0, 85, 97871, 0, 86.12
2026/10/10 16:54:57.925, 1, 70, 97871, 0, 95.02
2026/10/10 16:54:57.925, 2, 30, 97871, 0, 90.55
2026/10/10 16:54:57.925, 3, 40, 97871, 0, 89.04
2026/10/10 16:54:58.925, 0, 85, 97871, 0, 86.22
2026/10/10 16:54:58.925, 1, 70, 97871, 0, 94.82
2026/10/10 16:54:58.925, 2, 30, 97871, 0, 90.71
2026/10/10 16:54:58.925, 3, 40, 97871, 0, 89.24
2026/10/10 16:54:59.925, 0, 85, 97871, 0, 86.29
2026/10/10 16:54:59.926, 1, 70, 97871, 0, 94.71
2026/10/10 16:54:59.926, 2, 30, 97871, 0, 90.60
2026/10/10 16:54:59.926, 3, 40, 97871, 0, 89.13
2026/10/10 16:55:00.926, 0, 85, 97871, 0, 86.30
2026/10/10 16:55:00.926, 1, 70, 97871, 0, 94.81
2026/10/10 16:55:00.926, 2, 30, 97871, 0, 90.60
2026/10/10 16:55:00.926, 3, 40, 97871, 0, 89.00
2026/10/10 16:55:01.926, 0, 85, 97871, 0, 85.98
2026/10/10 16:55:01.926, 1, 70, 97871, 0, 94.81
2026/10/10 16:55:01.926, 2, 30, 97871, 0, 90.87
2026/10/10 16:55:01.926, 3, 40, 97871, 0, 89.15
2026/10/10 16:55:02.926, 0, 85, 97871, 0, 86.57
2026/10/10 16:55:02.927, 1, 70, 97871, 0, 95.35
2026/10/10 16:55:02.927, 2, 30, 97871, 0, 90.67
2026/10/10 16:55:02.927, 3, 40, 97871, 0, 89.70
2026/10/10 16:55:03.927, 0, 85, 97871, 0, 86.41
2026/10/10 16:55:03.927, 1, 70, 97871, 0, 95.32
2026/10/10 16:55:03.927, 2, 30, 97871, 0, 90.61
2026/10/10 16:55:03.927, 3, 40, 97871, 0, 89.34
2026/10/10 16:55:04.927, 0, 85, 97871, 0, 86.10
2026/10/10 16:55:04.927, 1, 70, 97871, 0, 94.97
2026/10/10 16:55:04.927, 2, 30, 97871, 0, 90.65
2026/10/10 16:55:04.927, 3, 40, 97871, 0, 89.21
2026/10/10 16:55:05.927, 0, 85, 97871, 0, 86.18
2026/10/10 16:55:05.954, 1, 70, 97871, 0, 94.75
2026/10/10 16:55:05.999, 2, 30, 97871, 0, 90.61
2026/10/10 16:55:06.046, 3, 40, 97871, 0, 88.99
2026/10/10 16:55:07.092, 0, 85, 97871, 0, 86.05
2026/10/10 16:55:07.140, 1, 70, 97871, 0, 94.89
2026/10/10 16:55:07.185, 2, 30, 97871, 0, 90.64
2026/10/10 16:55:07.233, 3, 40, 97871, 0, 89.05
2026/10/10 16:55:08.278, 0, 85, 97871, 0, 86.16
2026/10/10 16:55:08.278, 1, 69, 97871, 0, 94.92
2026/10/10 16:55:08.278, 2, 30, 97871, 0, 90.77
2026/10/10 16:55:08.278, 3, 39, 97871, 0, 89.13
2026/10/10 16:55:09.278, 0, 85, 97871, 0, 86.21
2026/10/10 16:55:09.278, 1, 69, 97871, 0, 94.88
2026/10/10 16:55:09.278, 2, 30, 97871, 0, 90.88
2026/10/10 16:55:09.278, 3, 39, 97871, 0, 89.23
2026/10/10 16:55:10.278, 0, 85, 97871, 0, 86.40
2026/10/10 16:55:10.278, 1, 69, 97871, 0, 95.21
2026/10/10 16:55:10.278, 2, 30, 97871, 0, 91.33
2026/10/10 16:55:10.278, 3, 39, 97871, 0, 89.18
2026/10/10 16:55:11.279, 0, 85, 97871, 0, 86.32
2026/10/10 16:55:11.279, 1, 69, 97871, 0, 95.04
2026/10/10 16:55:11.279, 2, 30, 97871, 0, 90.92
2026/10/10 16:55:11.279, 3, 39, 97871, 0, 89.06
2026/10/10 16:55:12.279, 0, 85, 97871, 0, 86.17
2026/10/10 16:55:12.279, 1, 69, 97871, 0, 95.08
2026/10/10 16:55:12.279, 2, 30, 97871, 0, 91.24
2026/10/10 16:55:12.279, 3, 39, 97871, 0, 89.09
2026/10/10 16:55:13.279, 0, 85, 97871, 0, 86.32
2026/10/10 16:55:13.433, 1, 69, 97871, 0, 95.04
2026/10/10 16:55:13.434, 2, 30, 97871, 0, 91.04
2026/10/10 16:55:13.434, 3, 39, 97871, 0, 89.28
2026/10/10 16:55:14.435, 0, 85, 97871, 0, 86.38
2026/10/10 16:55:14.435, 1, 69, 97871, 0, 95.07
2026/10/10 16:55:14.435, 2, 30, 97871, 0, 91.21
2026/10/10 16:55:14.435, 3, 39, 97871, 0, 89.14
2026/10/10 16:55:15.435, 0, 85, 97871, 0, 86.37
2026/10/10 16:55:15.435, 1, 69, 97871, 0, 95.17
2026/10/10 16:55:15.435, 2, 30, 97871, 0, 91.19
2026/10/10 16:55:15.435, 3, 39, 97871, 0, 89.18
2026/10/10 16:55:16.435, 0, 85, 97871, 0, 86.33
2026/10/10 16:55:16.435, 1, 69, 97871, 0, 95.14
2026/10/10 16:55:16.435, 2, 30, 97871, 0, 91.06
2026/10/10 16:55:16.435, 3, 39, 97871, 0, 89.24
2026/10/10 16:55:17.435, 0, 85, 97871, 0, 86.32
2026/10/10 16:55:17.435, 1, 69, 97871, 0, 95.14
2026/10/10 16:55:17.435, 2, 30, 97871, 0, 90.79
2026/10/10 16:55:17.436, 3, 39, 97871, 0, 89.20
2026/10/10 16:55:18.436, 0, 85, 97871, 0, 86.21
2026/10/10 16:55:18.436, 1, 69, 97871, 0, 95.30
2026/10/10 16:55:18.436, 2, 30, 97871, 0, 90.89
2026/10/10 16:55:18.436, 3, 39, 97871, 0, 89.06
2026/10/10 16:55:19.436, 0, 85, 97871, 0, 86.38
2026/10/10 16:55:19.436, 1, 69, 97871, 0, 95.12
2026/10/10 16:55:19.436, 2, 30, 97871, 0, 90.72
2026/10/10 16:55:19.436, 3, 39, 97871, 0, 89.20
2026/10/10 16:55:20.436, 0, 85, 97871, 0, 86.34
2026/10/10 16:55:20.436, 1, 69, 97871, 0, 95.21
2026/10/10 16:55:20.436, 2, 30, 97871, 0, 90.76
2026/10/10 16:55:20.436, 3, 39, 97871, 0, 89.26
2026/10/10 16:55:21.436, 0, 85, 97871, 0, 86.29
2026/10/10 16:55:21.436, 1, 69, 97871, 0, 95.32
2026/10/10 16:55:21.436, 2, 30, 97871, 0, 90.84
2026/10/10 16:55:21.436, 3, 39, 97871, 0, 89.32
2026/10/10 16:55:22.436, 0, 85, 97871, 0, 86.10
2026/10/10 16:55:22.436, 1, 69, 97871, 0, 95.25
2026/10/10 16:55:22.436, 2, 30, 97871, 0, 90.79
2026/10/10 16:55:22.436, 3, 39, 97871, 0, 89.21
2026/10/10 16:55:23.437, 0, 85, 97871, 0, 86.30
2026/10/10 16:55:23.437, 1, 69, 97871, 0, 95.29
2026/10/10 16:55:23.437, 2, 30, 97871, 0, 90.62
2026/10/10 16:55:23.437, 3, 39, 97871, 0, 89.37
2026/10/10 16:55:24.437, 0, 85, 97871, 0, 86.22
2026/10/10 16:55:24.437, 1, 69, 97871, 0, 95.18
2026/10/10 16:55:24.437, 2, 30, 97871, 0, 90.74
2026/10/10 16:55:24.437, 3, 39, 97871, 0, 89.30
2026/10/10 16:55:25.437, 0, 85, 97871, 0, 86.08
2026/10/10 16:55:25.437, 1, 69, 97871, 0, 95.12
2026/10/10 16:55:25.437, 2, 30, 97871, 0, 90.51
2026/10/10 16:55:25.437, 3, 39, 97871, 0, 89.25
2026/10/10 16:55:26.437, 0, 85, 97871, 0, 86.21
2026/10/10 16:55:26.437, 1, 69, 97871, 0, 95.02
2026/10/10 16:55:26.437, 2, 30, 97871, 0, 91.11
2026/10/10 16:55:26.437, 3, 39, 97871, 0, 89.39
2026/10/10 16:55:27.437, 0, 85, 97871, 0, 86.26
2026/10/10 16:55:27.437, 1, 69, 97871, 0, 95.15
2026/10/10 16:55:27.437, 2, 30, 97871, 0, 91.41
2026/10/10 16:55:27.437, 3, 39, 97871, 0, 89.44
2026/10/10 16:55:28.437, 0, 85, 97871, 0, 86.21
2026/10/10 16:55:28.438, 1, 69, 97871, 0, 95.12
2026/10/10 16:55:28.438, 2, 30, 97871, 0, 91.06
2026/10/10 16:55:28.438, 3, 39, 97871, 0, 89.39
2026/10/10 16:55:29.438, 0, 85, 97871, 0, 86.04
2026/10/10 16:55:29.438, 1, 69, 97871, 0, 95.10
2026/10/10 16:55:29.438, 2, 30, 97871, 0, 91.06
2026/10/10 16:55:29.438, 3, 39, 97871, 0, 89.27
2026/10/10 16:55:30.438, 0, 85, 97871, 0, 86.16
2026/10/10 16:55:30.438, 1, 69, 97871, 0, 95.08
2026/10/10 16:55:30.438, 2, 30, 97871, 0, 91.13
2026/10/10 16:55:30.438, 3, 39, 97871, 0, 89.25
2026/10/10 16:55:31.438, 0, 85, 97871, 0, 86.15
2026/10/10 16:55:31.438, 1, 69, 97871, 0, 95.21
2026/10/10 16:55:31.438, 2, 30, 97871, 0, 91.50
2026/10/10 16:55:31.438, 3, 39, 97871, 0, 89.32
2026/10/10 16:55:32.438, 0, 85, 97871, 0, 86.28
2026/10/10 16:55:32.438, 1, 69, 97871, 0, 95.38
2026/10/10 16:55:32.438, 2, 30, 97871, 0, 91.05
2026/10/10 16:55:32.438, 3, 39, 97871, 0, 89.61
2026/10/10 16:55:33.438, 0, 85, 97871, 0, 86.24
2026/10/10 16:55:33.439, 1, 69, 97871, 0, 94.79
2026/10/10 16:55:33.439, 2, 30, 97871, 0, 90.54
2026/10/10 16:55:33.439, 3, 39, 97871, 0, 89.89
2026/10/10 16:55:34.439, 0, 85, 97871, 0, 86.18
2026/10/10 16:55:34.439, 1, 69, 97871, 0, 94.73
2026/10/10 16:55:34.439, 2, 30, 97871, 0, 90.67
2026/10/10 16:55:34.439, 3, 39, 97871, 0, 90.03
2026/10/10 16:55:35.439, 0, 85, 97871, 0, 86.46
2026/10/10 16:55:35.439, 1, 69, 97871, 0, 94.77
2026/10/10 16:55:35.439, 2, 30, 97871, 0, 91.42
2026/10/10 16:55:35.439, 3, 39, 97871, 0, 89.48
2026/10/10 16:55:36.439, 0, 85, 97871, 0, 86.36
2026/10/10 16:55:36.439, 1, 69, 97871, 0, 95.00
2026/10/10 16:55:36.439, 2, 30, 97871, 0, 91.93
2026/10/10 16:55:36.439, 3, 39, 97871, 0, 89.58
2026/10/10 16:55:37.440, 0, 85, 97871, 0, 86.07
2026/10/10 16:55:37.506, 1, 69, 97871, 0, 94.89
2026/10/10 16:55:37.528, 2, 30, 97871, 0, 90.69
2026/10/10 16:55:37.553, 3, 39, 97871, 0, 89.17
2026/10/10 16:55:38.553, 0, 85, 97871, 0, 86.14
2026/10/10 16:55:38.602, 1, 69, 97871, 0, 94.99
2026/10/10 16:55:38.625, 2, 30, 97871, 0, 90.47
2026/10/10 16:55:38.626, 3, 39, 97871, 0, 89.35
2026/10/10 16:55:39.628, 0, 85, 97871, 0, 86.30
2026/10/10 16:55:39.628, 1, 69, 97871, 0, 94.74
2026/10/10 16:55:39.628, 2, 30, 97871, 0, 91.03
2026/10/10 16:55:39.628, 3, 39, 97871, 0, 89.47
2026/10/10 16:55:40.628, 0, 85, 97871, 0, 86.28
2026/10/10 16:55:40.628, 1, 69, 97871, 0, 95.01
2026/10/10 16:55:40.628, 2, 30, 97871, 0, 90.96
2026/10/10 16:55:40.628, 3, 39, 97871, 0, 89.27
2026/10/10 16:55:41.628, 0, 85, 97871, 0, 86.31
2026/10/10 16:55:41.628, 1, 69, 97871, 0, 95.03
2026/10/10 16:55:41.628, 2, 30, 97871, 0, 91.67
2026/10/10 16:55:41.628, 3, 39, 97871, 0, 89.48
2026/10/10 16:55:42.628, 0, 85, 97871, 0, 86.24
2026/10/10 16:55:42.628, 1, 69, 97871, 0, 94.89
2026/10/10 16:55:42.628, 2, 30, 97871, 0, 91.07
2026/10/10 16:55:42.629, 3, 39, 97871, 0, 89.25
2026/10/10 16:55:43.629, 0, 85, 97871, 0, 86.41
2026/10/10 16:55:43.629, 1, 69, 97871, 0, 95.18
2026/10/10 16:55:43.629, 2, 30, 97871, 0, 91.70
2026/10/10 16:55:43.629, 3, 39, 97871, 0, 89.41
2026/10/10 16:55:44.629, 0, 85, 97871, 0, 86.11
2026/10/10 16:55:44.629, 1, 69, 97871, 0, 94.98
2026/10/10 16:55:44.629, 2, 30, 97871, 0, 91.72
2026/10/10 16:55:44.629, 3, 39, 97871, 0, 89.38
2026/10/10 16:55:45.629, 0, 85, 97871, 0, 86.09
2026/10/10 16:55:45.629, 1, 69, 97871, 0, 94.82
2026/10/10 16:55:45.629, 2, 30, 97871, 0, 91.15
2026/10/10 16:55:45.629, 3, 39, 97871, 0, 89.28
2026/10/10 16:55:46.629, 0, 85, 97871, 0, 86.47
2026/10/10 16:55:46.629, 1, 69, 97871, 0, 95.09
2026/10/10 16:55:46.630, 2, 30, 97871, 0, 91.50
2026/10/10 16:55:46.630, 3, 39, 97871, 0, 89.70
2026/10/10 16:55:47.630, 0, 85, 97871, 0, 86.20
2026/10/10 16:55:47.630, 1, 69, 97871, 0, 95.14
2026/10/10 16:55:47.630, 2, 30, 97871, 0, 91.31
2026/10/10 16:55:47.630, 3, 39, 97871, 0, 89.84
2026/10/10 16:55:48.630, 0, 85, 97871, 0, 86.19
2026/10/10 16:55:48.630, 1, 69, 97871, 0, 95.32
2026/10/10 16:55:48.630, 2, 30, 97871, 0, 91.23
2026/10/10 16:55:48.630, 3, 39, 97871, 0, 89.76
2026/10/10 16:55:49.630, 0, 85, 97871, 0, 86.37
2026/10/10 16:55:49.630, 1, 69, 97871, 0, 95.14
2026/10/10 16:55:49.630, 2, 30, 97871, 0, 91.45
2026/10/10 16:55:49.630, 3, 39, 97871, 0, 89.74
2026/10/10 16:55:50.630, 0, 85, 97871, 0, 86.26
2026/10/10 16:55:50.665, 1, 69, 97871, 0, 95.07
2026/10/10 16:55:50.711, 2, 30, 97871, 0, 91.57
2026/10/10 16:55:50.758, 3, 39, 97871, 0, 89.34
2026/10/10 16:55:51.854, 0, 85, 97871, 0, 86.33
2026/10/10 16:55:51.863, 1, 69, 97871, 0, 94.86
2026/10/10 16:55:51.864, 2, 30, 97871, 0, 90.89
2026/10/10 16:55:51.865, 3, 39, 97871, 0, 89.22
2026/10/10 16:55:52.866, 0, 85, 97871, 0, 86.23
2026/10/10 16:55:52.866, 1, 69, 97871, 0, 94.89
2026/10/10 16:55:52.867, 2, 30, 97871, 0, 91.20
2026/10/10 16:55:52.867, 3, 39, 97871, 0, 89.09
2026/10/10 16:55:53.867, 0, 85, 97871, 0, 86.34
2026/10/10 16:55:53.867, 1, 69, 97871, 0, 94.94
2026/10/10 16:55:53.867, 2, 30, 97871, 0, 91.45
2026/10/10 16:55:53.867, 3, 39, 97871, 0, 89.08
2026/10/10 16:55:54.867, 0, 85, 97871, 0, 86.24
2026/10/10 16:55:54.867, 1, 69, 97871, 0, 95.11
2026/10/10 16:55:54.867, 2, 30, 97871, 0, 91.59
2026/10/10 16:55:54.867, 3, 39, 97871, 0, 89.07
2026/10/10 16:55:55.867, 0, 85, 97871, 0, 86.08
2026/10/10 16:55:55.867, 1, 69, 97871, 0, 95.09
2026/10/10 16:55:55.867, 2, 30, 97871, 0, 91.42
2026/10/10 16:55:55.867, 3, 39, 97871, 0, 89.16
2026/10/10 16:55:56.867, 0, 85, 97871, 0, 86.21
2026/10/10 16:55:56.867, 1, 69, 97871, 0, 95.06
2026/10/10 16:55:56.867, 2, 30, 97871, 0, 91.87
2026/10/10 16:55:56.867, 3, 39, 97871, 0, 89.17
2026/10/10 16:55:57.868, 0, 85, 97871, 0, 86.28
2026/10/10 16:55:57.868, 1, 69, 97871, 0, 94.92
2026/10/10 16:55:57.868, 2, 30, 97871, 0, 91.46
2026/10/10 16:55:57.868, 3, 39, 97871, 0, 89.20
2026/10/10 16:55:58.868, 0, 85, 97871, 0, 86.59
2026/10/10 16:55:58.868, 1, 69, 97871, 0, 94.84
2026/10/10 16:55:58.868, 2, 30, 97871, 0, 92.01
2026/10/10 16:55:58.868, 3, 39, 97871, 0, 89.56
2026/10/10 16:55:59.868, 0, 85, 97871, 0, 86.51
2026/10/10 16:55:59.868, 1, 69, 97871, 0, 94.92
2026/10/10 16:55:59.868, 2, 30, 97871, 0, 91.57
2026/10/10 16:55:59.868, 3, 39, 97871, 0, 89.34
2026/10/10 16:56:00.869, 0, 85, 97871, 0, 86.08
2026/10/10 16:56:00.869, 1, 69, 97871, 0, 94.80
2026/10/10 16:56:00.869, 2, 30, 97871, 0, 91.40
2026/10/10 16:56:00.869, 3, 39, 97871, 0, 89.67
2026/10/10 16:56:01.869, 0, 85, 97871, 0, 86.25
2026/10/10 16:56:01.869, 1, 69, 97871, 0, 94.91
2026/10/10 16:56:01.869, 2, 30, 97871, 0, 91.45
2026/10/10 16:56:01.869, 3, 39, 97871, 0, 89.79
2026/10/10 16:56:02.869, 0, 85, 97871, 0, 86.36
2026/10/10 16:56:02.869, 1, 69, 97871, 0, 94.88
2026/10/10 16:56:02.869, 2, 30, 97871, 0, 91.40
2026/10/10 16:56:02.870, 3, 39, 97871, 0, 89.72
2026/10/10 16:56:03.870, 0, 85, 97871, 0, 86.09
2026/10/10 16:56:03.870, 1, 69, 97871, 0, 94.88
2026/10/10 16:56:03.870, 2, 30, 97871, 0, 91.43
2026/10/10 16:56:03.870, 3, 39, 97871, 0, 89.76
2026/10/10 16:56:04.870, 0, 85, 97871, 0, 86.32
2026/10/10 16:56:04.870, 1, 69, 97871, 0, 94.97
2026/10/10 16:56:04.870, 2, 30, 97871, 0, 91.65
2026/10/10 16:56:04.870, 3, 39, 97871, 0, 89.47
2026/10/10 16:56:05.870, 0, 85, 97871, 0, 86.10
2026/10/10 16:56:05.870, 1, 69, 97871, 0, 94.77
2026/10/10 16:56:05.870, 2, 30, 97871, 0, 91.70
2026/10/10 16:56:05.870, 3, 39, 97871, 0, 89.49
2026/10/10 16:56:06.871, 0, 85, 97871, 0, 86.08
2026/10/10 16:56:06.871, 1, 69, 97871, 0, 95.04
2026/10/10 16:56:06.871, 2, 30, 97871, 0, 91.75
2026/10/10 16:56:06.871, 3, 39, 97871, 0, 89.52
2026/10/10 16:56:07.871, 0, 85, 97871, 0, 86.15
2026/10/10 16:56:07.871, 1, 69, 97871, 0, 94.85
2026/10/10 16:56:07.871, 2, 30, 97871, 0, 91.66
2026/10/10 16:56:07.871, 3, 39, 97871, 0, 89.69
2026/10/10 16:56:08.871, 0, 85, 97871, 0, 86.09
2026/10/10 16:56:08.871, 1, 69, 97871, 0, 94.90
2026/10/10 16:56:08.871, 2, 30, 97871, 0, 91.79
2026/10/10 16:56:08.871, 3, 39, 97871, 0, 89.49
2026/10/10 16:56:09.871, 0, 85, 97871, 0, 86.36
2026/10/10 16:56:09.871, 1, 69, 97871, 0, 94.82
2026/10/10 16:56:09.871, 2, 30, 97871, 0, 91.76
2026/10/10 16:56:09.871, 3, 39, 97871, 0, 89.42
2026/10/10 16:56:10.871, 0, 85, 97871, 0, 86.12
2026/10/10 16:56:10.871, 1, 69, 97871, 0, 94.93
2026/10/10 16:56:10.871, 2, 30, 97871, 0, 91.42
2026/10/10 16:56:10.871, 3, 39, 97871, 0, 89.65
2026/10/10 16:56:11.872, 0, 85, 97871, 0, 86.21
2026/10/10 16:56:11.872, 1, 69, 97871, 0, 95.04
2026/10/10 16:56:11.872, 2, 30, 97871, 0, 91.59
2026/10/10 16:56:11.872, 3, 39, 97871, 0, 89.83
2026/10/10 16:56:12.872, 0, 85, 97871, 0, 86.31
2026/10/10 16:56:12.872, 1, 69, 97871, 0, 95.06
2026/10/10 16:56:12.872, 2, 30, 97871, 0, 91.54
2026/10/10 16:56:12.872, 3, 39, 97871, 0, 89.66
2026/10/10 16:56:13.872, 0, 85, 97871, 0, 86.11
2026/10/10 16:56:13.872, 1, 69, 97871, 0, 94.85
2026/10/10 16:56:13.872, 2, 30, 97871, 0, 91.60
2026/10/10 16:56:13.872, 3, 39, 97871, 0, 89.45
2026/10/10 16:56:14.872, 0, 85, 97871, 0, 86.22
2026/10/10 16:56:14.872, 1, 69, 97871, 0, 94.68
2026/10/10 16:56:14.872, 2, 30, 97871, 0, 91.69
2026/10/10 16:56:14.872, 3, 39, 97871, 0, 89.73
2026/10/10 16:56:15.872, 0, 85, 97871, 0, 86.32
2026/10/10 16:56:15.872, 1, 69, 97871, 0, 94.80
2026/10/10 16:56:15.872, 2, 30, 97871, 0, 91.61
2026/10/10 16:56:15.873, 3, 39, 97871, 0, 89.57
2026/10/10 16:56:16.873, 0, 85, 97871, 0, 86.21
2026/10/10 16:56:16.873, 1, 69, 97871, 0, 94.82
2026/10/10 16:56:16.873, 2, 30, 97871, 0, 91.72
2026/10/10 16:56:16.873, 3, 39, 97871, 0, 89.42
2026/10/10 16:56:17.873, 0, 85, 97871, 0, 86.21
2026/10/10 16:56:17.873, 1, 69, 97871, 0, 94.92
2026/10/10 16:56:17.873, 2, 30, 97871, 0, 91.56
2026/10/10 16:56:17.873, 3, 39, 97871, 0, 89.65
2026/10/10 16:56:18.873, 0, 85, 97871, 0, 86.01
2026/10/10 16:56:18.873, 1, 69, 97871, 0, 94.94
2026/10/10 16:56:18.873, 2, 30, 97871, 0, 91.54
2026/10/10 16:56:18.873, 3, 39, 97871, 0, 89.57
2026/10/10 16:56:19.873, 0, 85, 97871, 0, 86.18
2026/10/10 16:56:19.873, 1, 69, 97871, 0, 94.80
2026/10/10 16:56:19.873, 2, 30, 97871, 0, 91.59
2026/10/10 16:56:19.873, 3, 39, 97871, 0, 89.34
2026/10/10 16:56:20.873, 0, 85, 97871, 0, 86.24
2026/10/10 16:56:20.873, 1, 69, 97871, 0, 94.84
2026/10/10 16:56:20.873, 2, 30, 97871, 0, 91.58
2026/10/10 16:56:20.874, 3, 39, 97871, 0, 89.47
2026/10/10 16:56:21.874, 0, 85, 97871, 0, 86.30
2026/10/10 16:56:21.874, 1, 69, 97871, 0, 94.72
2026/10/10 16:56:21.874, 2, 30, 97871, 0, 91.61
2026/10/10 16:56:21.874, 3, 39, 97871, 0, 89.73
2026/10/10 16:56:22.874, 0, 85, 97871, 0, 86.18
2026/10/10 16:56:22.874, 1, 69, 97871, 0, 95.02
2026/10/10 16:56:22.874, 2, 30, 97871, 0, 91.66
2026/10/10 16:56:22.874, 3, 39, 97871, 0, 89.63
2026/10/10 16:56:23.874, 0, 85, 97871, 0, 86.27
2026/10/10 16:56:23.874, 1, 69, 97871, 0, 95.40
2026/10/10 16:56:23.874, 2, 30, 97871, 0, 91.53
2026/10/10 16:56:23.874, 3, 39, 97871, 0, 89.60
2026/10/10 16:56:24.874, 0, 85, 97871, 0, 86.15
2026/10/10 16:56:24.874, 1, 69, 97871, 0, 95.25
2026/10/10 16:56:24.874, 2, 30, 97871, 0, 91.42
2026/10/10 16:56:24.874, 3, 39, 97871, 0, 89.43
2026/10/10 16:56:25.875, 0, 85, 97871, 0, 86.22
2026/10/10 16:56:25.875, 1, 69, 97871, 0, 95.25
2026/10/10 16:56:25.875, 2, 30, 97871, 0, 91.52
2026/10/10 16:56:25.875, 3, 39, 97871, 0, 89.33
2026/10/10 16:56:26.875, 0, 85, 97871, 0, 85.98
2026/10/10 16:56:26.875, 1, 69, 97871, 0, 95.24
2026/10/10 16:56:26.875, 2, 30, 97871, 0, 91.43
2026/10/10 16:56:26.875, 3, 39, 97871, 0, 89.38
2026/10/10 16:56:27.875, 0, 85, 97871, 0, 86.25
2026/10/10 16:56:27.875, 1, 69, 97871, 0, 95.35
2026/10/10 16:56:27.875, 2, 30, 97871, 0, 91.37
2026/10/10 16:56:27.875, 3, 39, 97871, 0, 89.41
2026/10/10 16:56:28.875, 0, 85, 97871, 0, 86.05
2026/10/10 16:56:28.875, 1, 69, 97871, 0, 95.51
2026/10/10 16:56:28.875, 2, 30, 97871, 0, 91.39
2026/10/10 16:56:28.875, 3, 39, 97871, 0, 89.10
2026/10/10 16:56:29.875, 0, 85, 97871, 0, 86.17
2026/10/10 16:56:29.876, 1, 69, 97871, 0, 95.47
2026/10/10 16:56:29.876, 2, 30, 97871, 0, 91.39
2026/10/10 16:56:29.876, 3, 39, 97871, 0, 89.43
2026/10/10 16:56:30.876, 0, 85, 97871, 0, 86.16
2026/10/10 16:56:30.876, 1, 69, 97871, 0, 95.45
2026/10/10 16:56:30.876, 2, 30, 97871, 0, 91.28
2026/10/10 16:56:30.876, 3, 39, 97871, 0, 89.43
2026/10/10 16:56:31.876, 0, 85, 97871, 0, 86.23
2026/10/10 16:56:31.876, 1, 69, 97871, 0, 95.22
2026/10/10 16:56:31.876, 2, 30, 97871, 0, 91.33
2026/10/10 16:56:31.876, 3, 39, 97871, 0, 89.45
2026/10/10 16:56:32.876, 0, 85, 97871, 0, 86.31
2026/10/10 16:56:32.876, 1, 69, 97871, 0, 95.35
2026/10/10 16:56:32.876, 2, 30, 97871, 0, 91.46
2026/10/10 16:56:32.876, 3, 39, 97871, 0, 89.30
2026/10/10 16:56:33.876, 0, 85, 97871, 0, 86.29
2026/10/10 16:56:33.876, 1, 69, 97871, 0, 95.54
2026/10/10 16:56:33.876, 2, 30, 97871, 0, 91.60
2026/10/10 16:56:33.876, 3, 39, 97871, 0, 89.54
2026/10/10 16:56:34.877, 0, 85, 97871, 0, 86.16
2026/10/10 16:56:34.905, 1, 69, 97871, 0, 95.30
2026/10/10 16:56:34.950, 2, 30, 97871, 0, 90.96
2026/10/10 16:56:34.975, 3, 39, 97871, 0, 89.53
2026/10/10 16:56:35.975, 0, 85, 97871, 0, 86.23
2026/10/10 16:56:35.976, 1, 69, 97871, 0, 95.24
2026/10/10 16:56:35.976, 2, 30, 97871, 0, 91.21
2026/10/10 16:56:35.976, 3, 39, 97871, 0, 89.51
2026/10/10 16:56:36.976, 0, 85, 97871, 0, 86.00
2026/10/10 16:56:36.976, 1, 69, 97871, 0, 95.18
2026/10/10 16:56:36.976, 2, 30, 97871, 0, 91.77
2026/10/10 16:56:36.976, 3, 39, 97871, 0, 89.51
2026/10/10 16:56:37.976, 0, 85, 97871, 0, 86.12
2026/10/10 16:56:37.976, 1, 69, 97871, 0, 95.12
2026/10/10 16:56:37.976, 2, 30, 97871, 0, 91.82
2026/10/10 16:56:37.976, 3, 39, 97871, 0, 89.45
2026/10/10 16:56:38.976, 0, 85, 97871, 0, 86.29
2026/10/10 16:56:38.976, 1, 69, 97871, 0, 94.99
2026/10/10 16:56:38.976, 2, 30, 97871, 0, 91.82
2026/10/10 16:56:38.976, 3, 39, 97871, 0, 89.36
2026/10/10 16:56:39.976, 0, 85, 97871, 0, 86.25
2026/10/10 16:56:39.976, 1, 69, 97871, 0, 95.03
2026/10/10 16:56:39.976, 2, 30, 97871, 0, 91.75
2026/10/10 16:56:39.976, 3, 39, 97871, 0, 89.50
2026/10/10 16:56:40.977, 0, 85, 97871, 0, 86.36
2026/10/10 16:56:40.977, 1, 69, 97871, 0, 95.08
2026/10/10 16:56:40.977, 2, 30, 97871, 0, 91.75
2026/10/10 16:56:40.977, 3, 39, 97871, 0, 89.46
2026/10/10 16:56:41.977, 0, 85, 97871, 0, 86.19
2026/10/10 16:56:41.977, 1, 69, 97871, 0, 94.91
2026/10/10 16:56:41.977, 2, 30, 97871, 0, 92.13
2026/10/10 16:56:41.977, 3, 39, 97871, 0, 89.42
2026/10/10 16:56:42.977, 0, 85, 97871, 0, 86.29
2026/10/10 16:56:42.977, 1, 69, 97871, 0, 95.01
2026/10/10 16:56:42.977, 2, 30, 97871, 0, 92.25
2026/10/10 16:56:42.977, 3, 39, 97871, 0, 89.38
2026/10/10 16:56:43.977, 0, 85, 97871, 0, 86.26
2026/10/10 16:56:43.977, 1, 69, 97871, 0, 95.04
2026/10/10 16:56:43.977, 2, 30, 97871, 0, 92.16
2026/10/10 16:56:43.977, 3, 39, 97871, 0, 89.41
2026/10/10 16:56:44.977, 0, 85, 97871, 0, 86.27
2026/10/10 16:56:45.018, 1, 69, 97871, 0, 95.24
2026/10/10 16:56:45.018, 2, 30, 97871, 0, 91.88
2026/10/10 16:56:45.018, 3, 39, 97871, 0, 89.44
2026/10/10 16:56:46.019, 0, 85, 97871, 0, 86.33
2026/10/10 16:56:46.043, 1, 69, 97871, 0, 95.13
2026/10/10 16:56:46.043, 2, 30, 97871, 0, 91.37
2026/10/10 16:56:46.043, 3, 39, 97871, 0, 89.51
2026/10/10 16:56:47.043, 0, 85, 97871, 0, 86.22
2026/10/10 16:56:47.114, 1, 69, 97871, 0, 94.96
2026/10/10 16:56:47.114, 2, 30, 97871, 0, 91.39
2026/10/10 16:56:47.114, 3, 39, 97871, 0, 89.44
2026/10/10 16:56:48.114, 0, 810, 97871, 0, 101.29
2026/10/10 16:56:48.114, 1, 69, 97871, 0, 95.08
2026/10/10 16:56:48.114, 2, 30, 97871, 0, 91.69
2026/10/10 16:56:48.114, 3, 39, 97871, 0, 89.65
2026/10/10 16:56:49.115, 0, 3294, 97871, 0, 133.05
2026/10/10 16:56:49.115, 1, 69, 97871, 0, 95.08
2026/10/10 16:56:49.115, 2, 30, 97871, 0, 91.37
2026/10/10 16:56:49.115, 3, 39, 97871, 0, 89.53
2026/10/10 16:56:50.115, 0, 3294, 97871, 0, 132.66
2026/10/10 16:56:50.115, 1, 69, 97871, 0, 95.47
2026/10/10 16:56:50.115, 2, 30, 97871, 0, 91.42
2026/10/10 16:56:50.115, 3, 39, 97871, 0, 89.42
2026/10/10 16:56:51.115, 0, 16430, 97871, 2, 133.45
2026/10/10 16:56:51.115, 1, 69, 97871, 0, 95.28
2026/10/10 16:56:51.115, 2, 30, 97871, 0, 91.18
2026/10/10 16:56:51.115, 3, 39, 97871, 0, 89.55
2026/10/10 16:56:52.115, 0, 16430, 97871, 0, 132.46
2026/10/10 16:56:52.116, 1, 69, 97871, 0, 95.27
2026/10/10 16:56:52.116, 2, 30, 97871, 0, 91.09
2026/10/10 16:56:52.116, 3, 39, 97871, 0, 89.48
2026/10/10 16:56:53.116, 0, 20306, 97871, 0, 133.39
2026/10/10 16:56:53.116, 1, 69, 97871, 0, 94.77
2026/10/10 16:56:53.116, 2, 30, 97871, 0, 91.16
2026/10/10 16:56:53.116, 3, 39, 97871, 0, 89.33
2026/10/10 16:56:54.116, 0, 20706, 97871, 2, 133.03
2026/10/10 16:56:54.116, 1, 69, 97871, 0, 95.04
2026/10/10 16:56:54.116, 2, 30, 97871, 0, 91.16
2026/10/10 16:56:54.116, 3, 39, 97871, 0, 89.42
2026/10/10 16:56:55.116, 0, 20706, 97871, 3, 134.00
2026/10/10 16:56:55.117, 1, 69, 97871, 0, 95.09
2026/10/10 16:56:55.117, 2, 30, 97871, 0, 93.53
2026/10/10 16:56:55.117, 3, 39, 97871, 0, 90.88
2026/10/10 16:56:56.117, 0, 20706, 97871, 3, 134.05
2026/10/10 16:56:56.142, 1, 69, 97871, 0, 95.04
2026/10/10 16:56:56.192, 2, 30, 97871, 0, 93.12
2026/10/10 16:56:56.192, 3, 39, 97871, 0, 91.14
2026/10/10 16:56:57.192, 0, 20706, 97871, 0, 133.90
2026/10/10 16:56:57.192, 1, 69, 97871, 0, 95.04
2026/10/10 16:56:57.192, 2, 30, 97871, 0, 91.82
2026/10/10 16:56:57.192, 3, 39, 97871, 0, 91.11
2026/10/10 16:56:58.193, 0, 20706, 97871, 7, 133.92
2026/10/10 16:56:58.193, 1, 69, 97871, 0, 94.92
2026/10/10 16:56:58.193, 2, 30, 97871, 0, 92.55
2026/10/10 16:56:58.193, 3, 39, 97871, 0, 90.17
2026/10/10 16:56:59.193, 0, 20706, 97871, 2, 133.42
2026/10/10 16:56:59.193, 1, 69, 97871, 0, 94.86
2026/10/10 16:56:59.193, 2, 30, 97871, 0, 92.39
2026/10/10 16:56:59.193, 3, 39, 97871, 0, 89.65
2026/10/10 16:57:00.193, 0, 20706, 97871, 0, 132.90
2026/10/10 16:57:00.286, 1, 69, 97871, 0, 94.76
2026/10/10 16:57:00.314, 2, 32, 97871, 0, 91.23
2026/10/10 16:57:00.345, 3, 39, 97871, 0, 89.20
2026/10/10 16:57:01.373, 0, 19016, 97871, 0, 132.85
2026/10/10 16:57:01.394, 1, 71, 97871, 0, 94.87
2026/10/10 16:57:01.394, 2, 40, 97871, 0, 106.53
2026/10/10 16:57:01.395, 3, 39, 97871, 0, 89.14
2026/10/10 16:57:02.395, 0, 19016, 97871, 0, 132.72
2026/10/10 16:57:02.395, 1, 3406, 97871, 1, 120.90
2026/10/10 16:57:02.395, 2, 13255, 97871, 0, 139.66
2026/10/10 16:57:02.395, 3, 39, 97871, 0, 89.24
2026/10/10 16:57:03.395, 0, 19016, 97871, 0, 133.04
2026/10/10 16:57:03.395, 1, 20818, 97871, 9, 144.21
2026/10/10 16:57:03.395, 2, 20779, 97871, 2, 142.14
2026/10/10 16:57:03.395, 3, 39, 97871, 0, 90.20
2026/10/10 16:57:04.395, 0, 19016, 97871, 0, 133.20
2026/10/10 16:57:04.396, 1, 20818, 97871, 8, 142.95
2026/10/10 16:57:04.396, 2, 20779, 97871, 3, 141.79
2026/10/10 16:57:04.396, 3, 39, 97871, 0, 90.83
2026/10/10 16:57:05.396, 0, 19016, 97871, 0, 132.57
2026/10/10 16:57:05.396, 1, 20818, 97871, 8, 143.02
2026/10/10 16:57:05.396, 2, 20779, 97871, 2, 140.65
2026/10/10 16:57:05.396, 3, 39, 97871, 0, 90.36
2026/10/10 16:57:06.396, 0, 19016, 97871, 0, 132.40
2026/10/10 16:57:06.396, 1, 25118, 97871, 3, 142.88
2026/10/10 16:57:06.396, 2, 25079, 97871, 0, 139.47
2026/10/10 16:57:06.396, 3, 39, 97871, 0, 89.72
2026/10/10 16:57:07.396, 0, 19016, 97871, 0, 132.57
2026/10/10 16:57:07.396, 1, 25118, 97871, 0, 141.77
2026/10/10 16:57:07.396, 2, 25079, 97871, 0, 138.35
2026/10/10 16:57:07.396, 3, 39, 97871, 0, 89.32
2026/10/10 16:57:08.397, 0, 19016, 97871, 0, 132.82
2026/10/10 16:57:08.397, 1, 25118, 97871, 0, 141.65
2026/10/10 16:57:08.397, 2, 25079, 97871, 0, 137.62
2026/10/10 16:57:08.397, 3, 39, 97871, 0, 89.36
2026/10/10 16:57:09.397, 0, 19016, 97871, 0, 132.61
2026/10/10 16:57:09.397, 1, 25118, 97871, 2, 141.58
2026/10/10 16:57:09.397, 2, 25079, 97871, 0, 138.60
2026/10/10 16:57:09.397, 3, 39, 97871, 0, 89.39
2026/10/10 16:57:10.397, 0, 19016, 97871, 0, 132.75
2026/10/10 16:57:10.398, 1, 22070, 97871, 0, 141.34
2026/10/10 16:57:10.398, 2, 22477, 97871, 0, 138.43
2026/10/10 16:57:10.398, 3, 39, 97871, 0, 89.44
2026/10/10 16:57:11.398, 0, 19268, 97871, 74, 163.71
2026/10/10 16:57:11.398, 1, 22508, 97871, 0, 141.07
2026/10/10 16:57:11.398, 2, 22477, 97871, 0, 137.83
2026/10/10 16:57:11.398, 3, 39, 97871, 0, 89.16
2026/10/10 16:57:12.398, 0, 19268, 97871, 0, 157.43
2026/10/10 16:57:12.398, 1, 22508, 97871, 0, 140.61
2026/10/10 16:57:12.398, 2, 22477, 97871, 0, 137.78
2026/10/10 16:57:12.398, 3, 39, 97871, 0, 89.05
2026/10/10 16:57:13.398, 0, 19680, 97871, 0, 208.66
2026/10/10 16:57:13.422, 1, 22508, 97871, 0, 140.65
2026/10/10 16:57:13.422, 2, 22477, 97871, 0, 137.83
2026/10/10 16:57:13.422, 3, 39, 97871, 0, 89.02
2026/10/10 16:57:14.423, 0, 19680, 97871, 0, 168.15
2026/10/10 16:57:14.424, 1, 22508, 97871, 0, 140.82
2026/10/10 16:57:14.425, 2, 22477, 97871, 0, 137.70
2026/10/10 16:57:14.427, 3, 73, 97871, 0, 89.19
2026/10/10 16:57:15.429, 0, 19680, 97871, 0, 133.35
2026/10/10 16:57:15.429, 1, 22508, 97871, 0, 140.65
2026/10/10 16:57:15.429, 2, 22477, 97871, 0, 138.00
2026/10/10 16:57:15.429, 3, 16511, 97871, 8, 136.16
2026/10/10 16:57:16.429, 0, 19680, 97871, 0, 200.97
2026/10/10 16:57:16.429, 1, 22508, 97871, 0, 140.86
2026/10/10 16:57:16.429, 2, 22477, 97871, 0, 139.38
2026/10/10 16:57:16.429, 3, 20787, 97871, 8, 139.76
2026/10/10 16:57:17.429, 0, 19680, 97871, 0, 131.84
2026/10/10 16:57:17.429, 1, 22508, 97871, 0, 140.60
2026/10/10 16:57:17.429, 2, 22477, 97871, 0, 138.83
2026/10/10 16:57:17.429, 3, 20787, 97871, 9, 138.93
2026/10/10 16:57:18.430, 0, 19680, 97871, 0, 131.81
2026/10/10 16:57:18.430, 1, 22508, 97871, 0, 140.65
2026/10/10 16:57:18.430, 2, 22729, 97871, 0, 148.34
2026/10/10 16:57:18.430, 3, 20787, 97871, 6, 138.96
2026/10/10 16:57:19.430, 0, 19680, 97871, 0, 131.91
2026/10/10 16:57:19.430, 1, 22700, 97871, 0, 140.80
2026/10/10 16:57:19.430, 2, 22729, 97871, 0, 185.52
2026/10/10 16:57:19.430, 3, 22039, 97871, 0, 137.80
2026/10/10 16:57:20.430, 0, 20352, 97871, 0, 234.55
2026/10/10 16:57:20.430, 1, 22760, 97871, 2, 189.65
2026/10/10 16:57:20.430, 2, 23141, 97871, 0, 189.04
2026/10/10 16:57:20.430, 3, 22501, 97871, 0, 136.48
2026/10/10 16:57:21.430, 0, 20352, 97871, 0, 131.38
2026/10/10 16:57:21.430, 1, 22916, 97871, 0, 180.71
2026/10/10 16:57:21.430, 2, 23141, 97871, 0, 175.48
2026/10/10 16:57:21.430, 3, 22501, 97871, 0, 136.79
2026/10/10 16:57:22.431, 0, 20352, 97871, 97, 183.00
2026/10/10 16:57:22.431, 1, 23172, 97871, 0, 172.98
2026/10/10 16:57:22.431, 2, 23141, 97871, 0, 165.51
2026/10/10 16:57:22.431, 3, 22501, 97871, 0, 136.75
2026/10/10 16:57:23.431, 0, 20352, 97871, 0, 131.67
2026/10/10 16:57:23.431, 1, 23172, 97871, 0, 169.81
2026/10/10 16:57:23.431, 2, 23141, 97871, 0, 207.03
2026/10/10 16:57:23.431, 3, 22501, 97871, 0, 136.95
2026/10/10 16:57:24.431, 0, 20352, 97871, 0, 131.28
2026/10/10 16:57:24.431, 1, 23172, 97871, 0, 206.72
2026/10/10 16:57:24.431, 2, 23141, 97871, 0, 138.31
2026/10/10 16:57:24.431, 3, 22501, 97871, 0, 136.78
2026/10/10 16:57:25.431, 0, 20352, 97871, 0, 131.35
2026/10/10 16:57:25.431, 1, 23172, 97871, 0, 141.06
2026/10/10 16:57:25.431, 2, 23141, 97871, 0, 137.73
2026/10/10 16:57:25.431, 3, 22501, 97871, 0, 136.99
2026/10/10 16:57:26.432, 0, 20416, 97871, 74, 190.49
2026/10/10 16:57:26.432, 1, 23172, 97871, 0, 140.50
2026/10/10 16:57:26.432, 2, 23141, 97871, 0, 137.34
2026/10/10 16:57:26.432, 3, 22501, 97871, 0, 137.12
2026/10/10 16:57:27.432, 0, 21088, 97871, 84, 420.40
2026/10/10 16:57:27.432, 1, 23172, 97871, 0, 140.47
2026/10/10 16:57:27.432, 2, 23813, 97871, 0, 252.54
2026/10/10 16:57:27.432, 3, 22693, 97871, 0, 137.16
2026/10/10 16:57:28.432, 0, 21088, 97871, 0, 132.02
2026/10/10 16:57:28.432, 1, 23844, 97871, 0, 246.57
2026/10/10 16:57:28.432, 2, 23813, 97871, 0, 138.65
2026/10/10 16:57:28.432, 3, 22753, 97871, 0, 173.20
2026/10/10 16:57:29.433, 0, 21088, 97871, 0, 131.59
2026/10/10 16:57:29.433, 1, 23844, 97871, 0, 140.87
2026/10/10 16:57:29.433, 2, 23813, 97871, 0, 249.44
2026/10/10 16:57:29.433, 3, 22849, 97871, 59, 191.60
2026/10/10 16:57:30.433, 0, 78000, 97871, 85, 313.35
2026/10/10 16:57:30.433, 1, 23844, 97871, 12, 244.06
2026/10/10 16:57:30.433, 2, 23813, 97871, 0, 138.94
2026/10/10 16:57:30.433, 3, 23165, 97871, 1, 170.09
2026/10/10 16:57:31.433, 0, 78084, 97871, 14, 222.39
2026/10/10 16:57:31.433, 1, 23844, 97871, 0, 141.05
2026/10/10 16:57:31.433, 2, 23813, 97871, 0, 137.93
2026/10/10 16:57:31.433, 3, 23165, 97871, 0, 168.15
2026/10/10 16:57:32.433, 0, 78182, 97871, 12, 187.69
2026/10/10 16:57:32.434, 1, 23844, 97871, 0, 140.39
2026/10/10 16:57:32.434, 2, 23813, 97871, 0, 194.60
2026/10/10 16:57:32.434, 3, 23165, 97871, 0, 163.13
2026/10/10 16:57:33.434, 0, 78414, 97871, 21, 199.64
2026/10/10 16:57:33.434, 1, 23844, 97871, 0, 190.80
2026/10/10 16:57:33.434, 2, 23813, 97871, 0, 138.42
2026/10/10 16:57:33.434, 3, 23165, 97871, 0, 177.65
2026/10/10 16:57:34.434, 0, 78444, 97871, 0, 170.98
2026/10/10 16:57:34.434, 1, 23844, 97871, 0, 140.56
2026/10/10 16:57:34.434, 2, 23813, 97871, 0, 137.53
2026/10/10 16:57:34.434, 3, 23165, 97871, 0, 135.65
2026/10/10 16:57:35.434, 0, 78444, 97871, 0, 131.70
2026/10/10 16:57:35.434, 1, 23844, 97871, 0, 140.57
2026/10/10 16:57:35.434, 2, 24549, 97871, 93, 281.00
2026/10/10 16:57:35.434, 3, 23165, 97871, 0, 135.82
2026/10/10 16:57:36.434, 0, 78444, 97871, 0, 131.54
2026/10/10 16:57:36.435, 1, 23908, 97871, 88, 212.20
2026/10/10 16:57:36.435, 2, 25221, 97871, 0, 353.71
2026/10/10 16:57:36.435, 3, 23837, 97871, 0, 149.49
2026/10/10 16:57:37.435, 0, 78962, 97871, 0, 143.78
2026/10/10 16:57:37.435, 1, 25252, 97871, 95, 440.03
2026/10/10 16:57:37.435, 2, 25221, 97871, 0, 139.76
2026/10/10 16:57:37.435, 3, 23837, 97871, 0, 229.50
2026/10/10 16:57:38.435, 0, 78962, 97871, 0, 132.86
2026/10/10 16:57:38.435, 1, 25252, 97871, 0, 141.89
2026/10/10 16:57:38.435, 2, 25221, 97871, 0, 138.16
2026/10/10 16:57:38.435, 3, 23837, 97871, 0, 135.89
2026/10/10 16:57:39.435, 0, 79488, 97871, 0, 133.57
2026/10/10 16:57:39.435, 1, 25252, 97871, 0, 140.90
2026/10/10 16:57:39.435, 2, 25221, 97871, 32, 152.95
2026/10/10 16:57:39.435, 3, 23837, 97871, 0, 238.42
2026/10/10 16:57:40.436, 0, 79490, 97871, 0, 138.76
2026/10/10 16:57:40.436, 1, 25252, 97871, 19, 152.06
2026/10/10 16:57:40.436, 2, 25221, 97871, 0, 150.84
2026/10/10 16:57:40.436, 3, 23837, 97871, 0, 136.46
2026/10/10 16:57:41.436, 0, 79490, 97871, 0, 133.28
2026/10/10 16:57:41.436, 1, 25252, 97871, 14, 152.08
2026/10/10 16:57:41.436, 2, 25221, 97871, 0, 146.47
2026/10/10 16:57:41.436, 3, 23837, 97871, 0, 136.16
2026/10/10 16:57:42.436, 0, 79490, 97871, 0, 132.95
2026/10/10 16:57:42.436, 1, 25252, 97871, 0, 148.97
2026/10/10 16:57:42.437, 2, 27305, 97871, 0, 138.41
2026/10/10 16:57:42.437, 3, 23837, 97871, 0, 187.58
2026/10/10 16:57:43.437, 0, 79490, 97871, 0, 133.04
2026/10/10 16:57:43.437, 1, 27336, 97871, 45, 150.70
2026/10/10 16:57:43.437, 2, 27305, 97871, 0, 148.71
2026/10/10 16:57:43.437, 3, 23837, 97871, 0, 135.80
2026/10/10 16:57:44.437, 0, 79490, 97871, 0, 132.80
2026/10/10 16:57:44.437, 1, 27336, 97871, 0, 140.54
2026/10/10 16:57:44.437, 2, 27305, 97871, 0, 137.70
2026/10/10 16:57:44.437, 3, 23837, 97871, 0, 135.75
2026/10/10 16:57:45.437, 0, 79490, 97871, 0, 132.69
2026/10/10 16:57:45.437, 1, 27336, 97871, 0, 140.40
2026/10/10 16:57:45.437, 2, 27305, 97871, 0, 162.76
2026/10/10 16:57:45.437, 3, 23901, 97871, 91, 205.11
2026/10/10 16:57:46.437, 0, 79490, 97871, 0, 132.69
2026/10/10 16:57:46.437, 1, 27336, 97871, 10, 176.29
2026/10/10 16:57:46.437, 2, 27305, 97871, 62, 193.07
2026/10/10 16:57:46.438, 3, 25245, 97871, 96, 436.55
2026/10/10 16:57:47.438, 0, 79490, 97871, 0, 132.72
2026/10/10 16:57:47.438, 1, 27336, 97871, 0, 179.61
2026/10/10 16:57:47.438, 2, 27305, 97871, 0, 141.71
2026/10/10 16:57:47.438, 3, 25245, 97871, 0, 136.58
2026/10/10 16:57:48.438, 0, 79490, 97871, 0, 132.70
2026/10/10 16:57:48.438, 1, 27336, 97871, 0, 142.25
2026/10/10 16:57:48.438, 2, 78759, 97871, 87, 230.85
2026/10/10 16:57:48.438, 3, 25245, 97871, 0, 136.11
2026/10/10 16:57:49.438, 0, 79490, 97871, 0, 132.70
2026/10/10 16:57:49.438, 1, 78800, 97871, 100, 316.08
2026/10/10 16:57:49.438, 2, 76397, 97871, 23, 257.78
2026/10/10 16:57:49.438, 3, 25245, 97871, 0, 144.86
2026/10/10 16:57:50.438, 0, 79490, 97871, 0, 132.54
2026/10/10 16:57:50.438, 1, 76458, 97871, 23, 222.84
2026/10/10 16:57:50.438, 2, 76485, 97871, 15, 232.57
2026/10/10 16:57:50.438, 3, 25245, 97871, 0, 152.98
2026/10/10 16:57:51.438, 0, 79490, 97871, 0, 132.73
2026/10/10 16:57:51.439, 1, 76578, 97871, 15, 220.84
2026/10/10 16:57:51.439, 2, 77133, 97871, 31, 211.10
2026/10/10 16:57:51.439, 3, 25245, 97871, 0, 149.59
2026/10/10 16:57:52.439, 0, 79490, 97871, 0, 132.58
2026/10/10 16:57:52.439, 1, 77310, 97871, 26, 258.13
2026/10/10 16:57:52.439, 2, 77187, 97871, 20, 272.77
2026/10/10 16:57:52.439, 3, 25245, 97871, 0, 139.34
2026/10/10 16:57:53.439, 0, 79490, 97871, 0, 132.68
2026/10/10 16:57:53.439, 1, 77246, 97871, 18, 232.32
2026/10/10 16:57:53.439, 2, 77287, 97871, 22, 225.89
2026/10/10 16:57:53.439, 3, 27329, 97871, 0, 148.17
2026/10/10 16:57:54.439, 0, 79490, 97871, 0, 132.65
2026/10/10 16:57:54.439, 1, 77554, 97871, 0, 208.57
2026/10/10 16:57:54.439, 2, 77259, 97871, 0, 149.27
2026/10/10 16:57:54.439, 3, 27329, 97871, 0, 135.79
2026/10/10 16:57:55.439, 0, 79490, 97871, 0, 132.79
2026/10/10 16:57:55.440, 1, 77554, 97871, 0, 141.25
2026/10/10 16:57:55.440, 2, 77259, 97871, 0, 138.31
2026/10/10 16:57:55.440, 3, 27329, 97871, 0, 164.50
2026/10/10 16:57:56.440, 0, 79490, 97871, 0, 132.65
2026/10/10 16:57:56.440, 1, 77554, 97871, 0, 140.91
2026/10/10 16:57:56.440, 2, 77663, 97871, 42, 163.21
2026/10/10 16:57:56.440, 3, 27329, 97871, 0, 153.71
2026/10/10 16:57:57.440, 0, 79490, 97871, 0, 132.72
2026/10/10 16:57:57.440, 1, 78182, 97871, 0, 160.83
2026/10/10 16:57:57.440, 2, 77925, 97871, 0, 138.88
2026/10/10 16:57:57.440, 3, 27329, 97871, 0, 185.49
2026/10/10 16:57:58.440, 0, 79490, 97871, 0, 132.82
2026/10/10 16:57:58.448, 1, 78182, 97871, 0, 140.49
2026/10/10 16:57:58.448, 2, 78451, 97871, 0, 138.99
2026/10/10 16:57:58.448, 3, 54727, 97871, 0, 136.02
2026/10/10 16:57:59.448, 0, 79490, 97871, 0, 132.87
2026/10/10 16:57:59.448, 1, 78708, 97871, 0, 140.96
2026/10/10 16:57:59.449, 2, 79365, 97871, 5, 141.77
2026/10/10 16:57:59.449, 3, 78773, 97871, 0, 323.74
2026/10/10 16:58:00.449, 0, 79490, 97871, 0, 132.85
2026/10/10 16:58:00.449, 1, 79230, 97871, 0, 151.23
2026/10/10 16:58:00.449, 2, 81711, 97871, 0, 168.47
2026/10/10 16:58:00.449, 3, 76451, 97871, 17, 228.00
2026/10/10 16:58:01.449, 0, 79490, 97871, 0, 132.84
2026/10/10 16:58:01.449, 1, 81186, 97871, 0, 163.16
2026/10/10 16:58:01.449, 2, 81711, 97871, 0, 137.74
2026/10/10 16:58:01.449, 3, 76553, 97871, 12, 198.65
2026/10/10 16:58:02.449, 0, 79490, 97871, 0, 132.68
2026/10/10 16:58:02.449, 1, 81186, 97871, 0, 140.37
2026/10/10 16:58:02.449, 2, 81711, 97871, 0, 137.58
2026/10/10 16:58:02.449, 3, 77175, 97871, 27, 249.48
2026/10/10 16:58:03.449, 0, 79490, 97871, 0, 132.70
2026/10/10 16:58:03.450, 1, 81186, 97871, 0, 140.35
2026/10/10 16:58:03.450, 2, 81711, 97871, 0, 137.46
2026/10/10 16:58:03.450, 3, 77247, 97871, 16, 229.85
2026/10/10 16:58:04.450, 0, 79490, 97871, 0, 132.71
2026/10/10 16:58:04.450, 1, 81186, 97871, 0, 140.35
2026/10/10 16:58:04.450, 2, 81713, 97871, 0, 137.80
2026/10/10 16:58:04.450, 3, 77287, 97871, 16, 210.71
2026/10/10 16:58:05.450, 0, 79490, 97871, 0, 132.86
2026/10/10 16:58:05.450, 1, 81188, 97871, 0, 146.23
2026/10/10 16:58:05.450, 2, 81715, 97871, 0, 143.87
2026/10/10 16:58:05.450, 3, 77287, 97871, 0, 136.60
2026/10/10 16:58:06.450, 0, 79490, 97871, 0, 132.94
2026/10/10 16:58:06.451, 1, 81190, 97871, 0, 140.40
2026/10/10 16:58:06.451, 2, 81715, 97871, 0, 137.43
2026/10/10 16:58:06.451, 3, 77287, 97871, 0, 136.22
2026/10/10 16:58:07.451, 0, 79490, 97871, 0, 132.85
2026/10/10 16:58:07.451, 1, 81190, 97871, 3, 140.72
2026/10/10 16:58:07.451, 2, 81715, 97871, 0, 144.71
2026/10/10 16:58:07.451, 3, 77771, 97871, 55, 165.99
2026/10/10 16:58:08.451, 0, 79490, 97871, 0, 132.66
2026/10/10 16:58:08.451, 1, 81190, 97871, 0, 145.42
2026/10/10 16:58:08.451, 2, 81715, 97871, 0, 137.80
2026/10/10 16:58:08.451, 3, 78033, 97871, 0, 136.30
2026/10/10 16:58:09.451, 0, 79490, 97871, 0, 132.55
2026/10/10 16:58:09.452, 1, 81190, 97871, 0, 141.78
2026/10/10 16:58:09.452, 2, 81715, 97871, 0, 138.02
2026/10/10 16:58:09.452, 3, 78559, 97871, 0, 136.34
2026/10/10 16:58:10.452, 0, 79490, 97871, 10, 140.97
2026/10/10 16:58:10.452, 1, 81190, 97871, 0, 141.88
2026/10/10 16:58:10.452, 2, 81715, 97871, 0, 137.88
2026/10/10 16:58:10.452, 3, 79603, 97871, 8, 141.18
2026/10/10 16:58:11.452, 0, 79490, 97871, 98, 394.16
2026/10/10 16:58:11.452, 1, 81190, 97871, 0, 141.78
2026/10/10 16:58:11.452, 2, 81715, 97871, 0, 137.77
2026/10/10 16:58:11.452, 3, 82729, 97871, 0, 176.49
2026/10/10 16:58:12.452, 0, 79490, 97871, 99, 447.46
2026/10/10 16:58:12.452, 1, 81190, 97871, 0, 141.73
2026/10/10 16:58:12.452, 2, 81715, 97871, 0, 137.96
2026/10/10 16:58:12.452, 3, 82729, 97871, 0, 135.84
2026/10/10 16:58:13.452, 0, 79490, 97871, 99, 448.28
2026/10/10 16:58:13.453, 1, 81190, 97871, 0, 141.87
2026/10/10 16:58:13.453, 2, 81715, 97871, 0, 137.92
2026/10/10 16:58:13.453, 3, 82729, 97871, 0, 135.65
2026/10/10 16:58:14.453, 0, 79490, 97871, 99, 446.51
2026/10/10 16:58:14.453, 1, 81190, 97871, 0, 141.88
2026/10/10 16:58:14.453, 2, 81715, 97871, 0, 137.72
2026/10/10 16:58:14.453, 3, 82729, 97871, 0, 135.61
2026/10/10 16:58:15.453, 0, 79490, 97871, 99, 444.15
2026/10/10 16:58:15.453, 1, 81190, 97871, 0, 141.81
2026/10/10 16:58:15.453, 2, 81715, 97871, 0, 137.73
2026/10/10 16:58:15.453, 3, 82729, 97871, 0, 135.70
2026/10/10 16:58:16.453, 0, 79490, 97871, 99, 450.13
2026/10/10 16:58:16.453, 1, 81190, 97871, 0, 141.82
2026/10/10 16:58:16.453, 2, 81715, 97871, 0, 137.50
2026/10/10 16:58:16.453, 3, 82733, 97871, 0, 144.78
2026/10/10 16:58:17.453, 0, 79490, 97871, 100, 454.12
2026/10/10 16:58:17.454, 1, 81190, 97871, 0, 141.80
2026/10/10 16:58:17.454, 2, 81715, 97871, 0, 137.88
2026/10/10 16:58:17.454, 3, 82733, 97871, 0, 135.68
2026/10/10 16:58:18.454, 0, 79490, 97871, 99, 454.27
2026/10/10 16:58:18.454, 1, 81190, 97871, 0, 141.87
2026/10/10 16:58:18.454, 2, 81715, 97871, 0, 137.63
2026/10/10 16:58:18.454, 3, 82733, 97871, 5, 145.06
2026/10/10 16:58:19.454, 0, 79490, 97871, 99, 455.01
2026/10/10 16:58:19.454, 1, 81190, 97871, 0, 141.76
2026/10/10 16:58:19.454, 2, 81715, 97871, 0, 137.84
2026/10/10 16:58:19.454, 3, 82733, 97871, 0, 136.63
2026/10/10 16:58:20.454, 0, 79490, 97871, 99, 455.57
2026/10/10 16:58:20.454, 1, 81190, 97871, 0, 141.72
2026/10/10 16:58:20.454, 2, 81715, 97871, 0, 137.98
2026/10/10 16:58:20.454, 3, 82733, 97871, 0, 136.84
2026/10/10 16:58:21.454, 0, 79490, 97871, 99, 456.38
2026/10/10 16:58:21.454, 1, 81190, 97871, 0, 141.68
2026/10/10 16:58:21.454, 2, 81715, 97871, 0, 137.83
2026/10/10 16:58:21.455, 3, 82733, 97871, 0, 136.85
2026/10/10 16:58:22.455, 0, 79490, 97871, 99, 454.28
2026/10/10 16:58:22.455, 1, 81190, 97871, 0, 141.54
2026/10/10 16:58:22.455, 2, 81715, 97871, 0, 137.73
2026/10/10 16:58:22.455, 3, 82733, 97871, 0, 136.95
2026/10/10 16:58:23.455, 0, 79490, 97871, 99, 455.55
2026/10/10 16:58:23.455, 1, 81190, 97871, 0, 141.59
2026/10/10 16:58:23.455, 2, 81715, 97871, 0, 137.94
2026/10/10 16:58:23.455, 3, 82733, 97871, 0, 136.93
2026/10/10 16:58:24.455, 0, 79490, 97871, 99, 456.06
2026/10/10 16:58:24.455, 1, 81190, 97871, 0, 141.61
2026/10/10 16:58:24.455, 2, 81715, 97871, 0, 137.69
2026/10/10 16:58:24.455, 3, 82733, 97871, 0, 136.80
2026/10/10 16:58:25.455, 0, 79490, 97871, 100, 456.39
2026/10/10 16:58:25.455, 1, 81190, 97871, 0, 141.54
2026/10/10 16:58:25.455, 2, 81715, 97871, 0, 137.87
2026/10/10 16:58:25.455, 3, 82733, 97871, 0, 136.84
2026/10/10 16:58:26.456, 0, 79490, 97871, 99, 443.89
2026/10/10 16:58:26.456, 1, 81190, 97871, 0, 141.62
2026/10/10 16:58:26.456, 2, 81715, 97871, 0, 138.30
2026/10/10 16:58:26.456, 3, 82733, 97871, 0, 136.93
2026/10/10 16:58:27.456, 0, 79490, 97871, 99, 449.64
2026/10/10 16:58:27.456, 1, 81190, 97871, 0, 141.57
2026/10/10 16:58:27.456, 2, 81715, 97871, 0, 138.12
2026/10/10 16:58:27.456, 3, 82733, 97871, 0, 136.72
2026/10/10 16:58:28.456, 0, 79490, 97871, 99, 453.54
2026/10/10 16:58:28.456, 1, 81190, 97871, 0, 141.63
2026/10/10 16:58:28.456, 2, 81715, 97871, 0, 137.97
2026/10/10 16:58:28.456, 3, 82733, 97871, 0, 136.67
2026/10/10 16:58:29.456, 0, 79490, 97871, 99, 454.25
2026/10/10 16:58:29.456, 1, 81190, 97871, 0, 141.70
2026/10/10 16:58:29.456, 2, 81715, 97871, 0, 137.75
2026/10/10 16:58:29.456, 3, 82733, 97871, 0, 136.83
2026/10/10 16:58:30.456, 0, 79490, 97871, 99, 455.02
2026/10/10 16:58:30.456, 1, 81190, 97871, 0, 141.80
2026/10/10 16:58:30.457, 2, 81715, 97871, 0, 137.74
2026/10/10 16:58:30.457, 3, 82733, 97871, 0, 136.94
2026/10/10 16:58:31.457, 0, 79490, 97871, 100, 456.00
2026/10/10 16:58:31.457, 1, 81190, 97871, 0, 141.61
2026/10/10 16:58:31.457, 2, 81715, 97871, 0, 137.57
2026/10/10 16:58:31.457, 3, 82733, 97871, 0, 136.77
2026/10/10 16:58:32.457, 0, 79490, 97871, 99, 453.33
2026/10/10 16:58:32.457, 1, 81190, 97871, 0, 141.62
2026/10/10 16:58:32.457, 2, 81715, 97871, 0, 138.27
2026/10/10 16:58:32.457, 3, 82733, 97871, 0, 136.93
2026/10/10 16:58:33.457, 0, 79490, 97871, 99, 452.80
2026/10/10 16:58:33.457, 1, 81190, 97871, 0, 141.22
2026/10/10 16:58:33.457, 2, 81715, 97871, 0, 138.02
2026/10/10 16:58:33.457, 3, 82733, 97871, 0, 136.80
2026/10/10 16:58:34.457, 0, 79490, 97871, 92, 465.46
2026/10/10 16:58:34.458, 1, 81190, 97871, 0, 140.72
2026/10/10 16:58:34.458, 2, 81715, 97871, 0, 137.66
2026/10/10 16:58:34.458, 3, 82733, 97871, 0, 136.57
2026/10/10 16:58:35.458, 0, 79490, 97871, 100, 458.83
2026/10/10 16:58:35.458, 1, 81196, 97871, 18, 148.78
2026/10/10 16:58:35.458, 2, 81721, 97871, 24, 146.00
2026/10/10 16:58:35.458, 3, 82733, 97871, 0, 136.84
2026/10/10 16:58:36.458, 0, 79490, 97871, 99, 460.06
2026/10/10 16:58:36.458, 1, 81196, 97871, 99, 380.11
2026/10/10 16:58:36.458, 2, 81721, 97871, 100, 372.15
2026/10/10 16:58:36.458, 3, 82733, 97871, 0, 136.88
2026/10/10 16:58:37.458, 0, 79490, 97871, 99, 459.87
2026/10/10 16:58:37.458, 1, 81196, 97871, 99, 454.85
2026/10/10 16:58:37.458, 2, 81721, 97871, 100, 450.74
2026/10/10 16:58:37.458, 3, 82733, 97871, 0, 136.67
2026/10/10 16:58:38.458, 0, 79490, 97871, 99, 459.91
2026/10/10 16:58:38.459, 1, 81196, 97871, 99, 460.88
2026/10/10 16:58:38.459, 2, 81721, 97871, 100, 454.80
2026/10/10 16:58:38.459, 3, 82733, 97871, 0, 136.93
2026/10/10 16:58:39.459, 0, 79490, 97871, 99, 481.29
2026/10/10 16:58:39.459, 1, 81196, 97871, 100, 467.15
2026/10/10 16:58:39.459, 2, 81721, 97871, 99, 461.61
2026/10/10 16:58:39.459, 3, 82733, 97871, 0, 136.99
2026/10/10 16:58:40.459, 0, 79490, 97871, 99, 461.46
2026/10/10 16:58:40.459, 1, 81196, 97871, 99, 460.97
2026/10/10 16:58:40.459, 2, 81721, 97871, 100, 457.94
2026/10/10 16:58:40.459, 3, 82733, 97871, 0, 137.07
2026/10/10 16:58:41.459, 0, 79490, 97871, 99, 462.13
2026/10/10 16:58:41.459, 1, 81196, 97871, 99, 463.24
2026/10/10 16:58:41.459, 2, 81721, 97871, 100, 455.68
2026/10/10 16:58:41.459, 3, 82733, 97871, 0, 136.88
2026/10/10 16:58:42.459, 0, 79490, 97871, 100, 462.38
2026/10/10 16:58:42.459, 1, 81196, 97871, 90, 462.35
2026/10/10 16:58:42.459, 2, 81721, 97871, 99, 463.27
2026/10/10 16:58:42.459, 3, 82733, 97871, 0, 136.76
2026/10/10 16:58:43.459, 0, 79490, 97871, 99, 467.78
2026/10/10 16:58:43.460, 1, 81196, 97871, 99, 464.40
2026/10/10 16:58:43.460, 2, 81721, 97871, 99, 465.00
2026/10/10 16:58:43.460, 3, 82733, 97871, 0, 136.88
2026/10/10 16:58:44.460, 0, 79490, 97871, 100, 452.74
2026/10/10 16:58:44.460, 1, 81196, 97871, 99, 461.70
2026/10/10 16:58:44.460, 2, 81721, 97871, 100, 465.27
2026/10/10 16:58:44.460, 3, 82733, 97871, 0, 137.06
2026/10/10 16:58:45.460, 0, 79490, 97871, 99, 456.04
2026/10/10 16:58:45.460, 1, 81196, 97871, 99, 470.79
2026/10/10 16:58:45.460, 2, 81721, 97871, 100, 468.29
2026/10/10 16:58:45.460, 3, 82733, 97871, 0, 136.92
2026/10/10 16:58:46.460, 0, 79490, 97871, 99, 456.58
2026/10/10 16:58:46.460, 1, 81196, 97871, 99, 478.55
2026/10/10 16:58:46.460, 2, 81721, 97871, 100, 476.82
2026/10/10 16:58:46.460, 3, 82733, 97871, 0, 136.73
2026/10/10 16:58:47.460, 0, 79490, 97871, 100, 456.95
2026/10/10 16:58:47.461, 1, 81196, 97871, 99, 464.29
2026/10/10 16:58:47.461, 2, 81721, 97871, 99, 468.75
2026/10/10 16:58:47.461, 3, 82733, 97871, 0, 137.07
2026/10/10 16:58:48.461, 0, 79490, 97871, 100, 455.87
2026/10/10 16:58:48.461, 1, 81196, 97871, 99, 470.18
2026/10/10 16:58:48.461, 2, 81721, 97871, 100, 466.93
2026/10/10 16:58:48.461, 3, 82733, 97871, 0, 136.67
2026/10/10 16:58:49.461, 0, 79490, 97871, 99, 454.02
2026/10/10 16:58:49.461, 1, 81196, 97871, 99, 468.83
2026/10/10 16:58:49.461, 2, 81721, 97871, 99, 465.16
2026/10/10 16:58:49.461, 3, 82733, 97871, 0, 136.52
2026/10/10 16:58:50.461, 0, 79490, 97871, 94, 460.17
2026/10/10 16:58:50.461, 1, 81196, 97871, 99, 466.43
2026/10/10 16:58:50.461, 2, 81721, 97871, 99, 474.21
2026/10/10 16:58:50.461, 3, 82733, 97871, 0, 144.52
2026/10/10 16:58:51.461, 0, 79490, 97871, 99, 457.71
2026/10/10 16:58:51.461, 1, 81198, 97871, 99, 470.77
2026/10/10 16:58:51.461, 2, 81721, 97871, 100, 460.07
2026/10/10 16:58:51.462, 3, 82733, 97871, 99, 384.75
2026/10/10 16:58:52.462, 0, 79490, 97871, 99, 459.16
2026/10/10 16:58:52.462, 1, 81198, 97871, 99, 464.65
2026/10/10 16:58:52.462, 2, 81721, 97871, 99, 459.79
2026/10/10 16:58:52.462, 3, 82733, 97871, 99, 455.04
2026/10/10 16:58:53.462, 0, 79490, 97871, 99, 459.93
2026/10/10 16:58:53.462, 1, 81198, 97871, 99, 461.95
2026/10/10 16:58:53.462, 2, 81721, 97871, 99, 452.34
2026/10/10 16:58:53.462, 3, 82733, 97871, 96, 461.93
2026/10/10 16:58:54.462, 0, 79490, 97871, 99, 457.24
2026/10/10 16:58:54.462, 1, 81198, 97871, 92, 460.04
2026/10/10 16:58:54.462, 2, 81721, 97871, 100, 460.42
2026/10/10 16:58:54.462, 3, 82733, 97871, 99, 457.71
2026/10/10 16:58:55.462, 0, 79490, 97871, 100, 454.99
2026/10/10 16:58:55.462, 1, 81198, 97871, 99, 461.65
2026/10/10 16:58:55.462, 2, 81721, 97871, 99, 457.58
2026/10/10 16:58:55.462, 3, 82733, 97871, 99, 459.74
2026/10/10 16:58:56.462, 0, 79490, 97871, 90, 451.15
2026/10/10 16:58:56.463, 1, 81198, 97871, 99, 462.65
2026/10/10 16:58:56.463, 2, 81721, 97871, 100, 459.42
2026/10/10 16:58:56.463, 3, 82733, 97871, 99, 457.01
2026/10/10 16:58:57.463, 0, 79490, 97871, 99, 456.57
2026/10/10 16:58:57.463, 1, 81198, 97871, 99, 464.68
2026/10/10 16:58:57.463, 2, 81721, 97871, 99, 457.12
2026/10/10 16:58:57.463, 3, 82733, 97871, 99, 459.54
2026/10/10 16:58:58.463, 0, 79490, 97871, 99, 450.83
2026/10/10 16:58:58.463, 1, 81198, 97871, 99, 461.75
2026/10/10 16:58:58.463, 2, 81721, 97871, 100, 462.47
2026/10/10 16:58:58.463, 3, 82733, 97871, 99, 469.71
2026/10/10 16:58:59.463, 0, 79490, 97871, 99, 453.68
2026/10/10 16:58:59.463, 1, 81198, 97871, 99, 461.67
2026/10/10 16:58:59.463, 2, 81721, 97871, 99, 461.04
2026/10/10 16:58:59.463, 3, 82733, 97871, 99, 466.53
2026/10/10 16:59:00.463, 0, 79490, 97871, 99, 451.79
2026/10/10 16:59:00.464, 1, 81198, 97871, 92, 461.89
2026/10/10 16:59:00.464, 2, 81721, 97871, 100, 464.01
2026/10/10 16:59:00.464, 3, 82733, 97871, 99, 469.46
2026/10/10 16:59:01.464, 0, 79490, 97871, 99, 452.98
2026/10/10 16:59:01.464, 1, 81198, 97871, 99, 463.34
2026/10/10 16:59:01.464, 2, 81721, 97871, 99, 457.37
2026/10/10 16:59:01.464, 3, 82733, 97871, 99, 467.51
2026/10/10 16:59:02.464, 0, 79490, 97871, 99, 452.87
2026/10/10 16:59:02.464, 1, 81198, 97871, 99, 464.65
2026/10/10 16:59:02.464, 2, 81721, 97871, 100, 462.14
2026/10/10 16:59:02.464, 3, 82733, 97871, 99, 465.51
2026/10/10 16:59:03.464, 0, 79490, 97871, 99, 455.31
2026/10/10 16:59:03.464, 1, 81198, 97871, 99, 463.02
2026/10/10 16:59:03.464, 2, 81721, 97871, 99, 469.76
2026/10/10 16:59:03.464, 3, 82733, 97871, 99, 462.19
2026/10/10 16:59:04.464, 0, 79490, 97871, 99, 451.24
2026/10/10 16:59:04.464, 1, 81198, 97871, 99, 462.47
2026/10/10 16:59:04.464, 2, 81721, 97871, 99, 460.55
2026/10/10 16:59:04.464, 3, 82733, 97871, 99, 465.73
2026/10/10 16:59:05.465, 0, 79490, 97871, 99, 452.13
2026/10/10 16:59:05.465, 1, 81198, 97871, 99, 471.17
2026/10/10 16:59:05.465, 2, 81721, 97871, 100, 459.46
2026/10/10 16:59:05.465, 3, 82733, 97871, 95, 457.65
2026/10/10 16:59:06.465, 0, 79490, 97871, 99, 452.59
2026/10/10 16:59:06.465, 1, 81198, 97871, 83, 463.22
2026/10/10 16:59:06.465, 2, 81721, 97871, 100, 463.17
2026/10/10 16:59:06.465, 3, 82733, 97871, 99, 453.92
2026/10/10 16:59:07.465, 0, 79490, 97871, 99, 453.51
2026/10/10 16:59:07.465, 1, 81198, 97871, 99, 464.43
2026/10/10 16:59:07.465, 2, 81721, 97871, 100, 463.70
2026/10/10 16:59:07.465, 3, 82733, 97871, 99, 458.24
2026/10/10 16:59:08.465, 0, 79490, 97871, 99, 454.85
2026/10/10 16:59:08.465, 1, 81198, 97871, 99, 459.25
2026/10/10 16:59:08.465, 2, 81721, 97871, 99, 478.79
2026/10/10 16:59:08.465, 3, 82733, 97871, 99, 457.76
2026/10/10 16:59:09.466, 0, 79489, 97871, 99, 455.31
2026/10/10 16:59:09.466, 1, 81197, 97871, 99, 465.43
2026/10/10 16:59:09.466, 2, 81720, 97871, 99, 469.42
2026/10/10 16:59:09.466, 3, 82733, 97871, 98, 456.84
2026/10/10 16:59:10.466, 0, 79489, 97871, 100, 451.93
2026/10/10 16:59:10.466, 1, 81197, 97871, 99, 475.43
2026/10/10 16:59:10.466, 2, 81720, 97871, 100, 463.71
2026/10/10 16:59:10.466, 3, 82733, 97871, 99, 458.23
2026/10/10 16:59:11.466, 0, 79489, 97871, 99, 453.98
2026/10/10 16:59:11.466, 1, 81197, 97871, 99, 469.52
2026/10/10 16:59:11.466, 2, 81720, 97871, 100, 466.12
2026/10/10 16:59:11.466, 3, 82733, 97871, 99, 457.48
2026/10/10 16:59:12.466, 0, 79489, 97871, 100, 453.36
2026/10/10 16:59:12.466, 1, 81197, 97871, 99, 470.34
2026/10/10 16:59:12.466, 2, 81720, 97871, 100, 461.64
2026/10/10 16:59:12.466, 3, 82733, 97871, 99, 459.51
2026/10/10 16:59:13.467, 0, 79489, 97871, 99, 453.40
2026/10/10 16:59:13.467, 1, 81197, 97871, 99, 466.80
2026/10/10 16:59:13.467, 2, 81720, 97871, 99, 467.28
2026/10/10 16:59:13.467, 3, 82733, 97871, 99, 458.42
2026/10/10 16:59:14.467, 0, 79489, 97871, 99, 452.35
2026/10/10 16:59:14.467, 1, 81197, 97871, 99, 463.81
2026/10/10 16:59:14.467, 2, 81720, 97871, 99, 460.69
2026/10/10 16:59:14.467, 3, 82733, 97871, 97, 458.85
2026/10/10 16:59:15.467, 0, 79489, 97871, 99, 452.89
2026/10/10 16:59:15.467, 1, 81197, 97871, 93, 462.83
2026/10/10 16:59:15.467, 2, 81720, 97871, 100, 458.44
2026/10/10 16:59:15.467, 3, 82733, 97871, 99, 468.86
2026/10/10 16:59:16.467, 0, 79489, 97871, 99, 451.83
2026/10/10 16:59:16.467, 1, 81197, 97871, 99, 468.14
2026/10/10 16:59:16.467, 2, 81720, 97871, 99, 460.63
2026/10/10 16:59:16.467, 3, 82733, 97871, 99, 459.02
2026/10/10 16:59:17.468, 0, 79489, 97871, 100, 452.61
2026/10/10 16:59:17.468, 1, 81197, 97871, 99, 454.17
2026/10/10 16:59:17.468, 2, 81720, 97871, 99, 464.64
2026/10/10 16:59:17.468, 3, 82733, 97871, 99, 458.10
2026/10/10 16:59:18.468, 0, 79489, 97871, 99, 452.81
2026/10/10 16:59:18.468, 1, 81197, 97871, 99, 461.15
2026/10/10 16:59:18.468, 2, 81720, 97871, 100, 460.57
2026/10/10 16:59:18.468, 3, 82733, 97871, 99, 459.23
2026/10/10 16:59:19.468, 0, 79489, 97871, 99, 453.29
2026/10/10 16:59:19.468, 1, 81197, 97871, 99, 463.11
2026/10/10 16:59:19.468, 2, 81720, 97871, 100, 463.12
2026/10/10 16:59:19.468, 3, 82733, 97871, 99, 470.35
2026/10/10 16:59:20.468, 0, 79489, 97871, 99, 454.65
2026/10/10 16:59:20.468, 1, 81197, 97871, 99, 464.24
2026/10/10 16:59:20.468, 2, 81720, 97871, 100, 465.68
2026/10/10 16:59:20.468, 3, 82733, 97871, 99, 468.20
2026/10/10 16:59:21.468, 0, 79489, 97871, 99, 454.45
2026/10/10 16:59:21.469, 1, 81197, 97871, 99, 463.20
2026/10/10 16:59:21.469, 2, 81720, 97871, 100, 467.91
2026/10/10 16:59:21.469, 3, 82733, 97871, 99, 463.65
2026/10/10 16:59:22.469, 0, 79489, 97871, 99, 452.89
2026/10/10 16:59:22.469, 1, 81197, 97871, 99, 464.97
2026/10/10 16:59:22.469, 2, 81720, 97871, 99, 456.98
2026/10/10 16:59:22.469, 3, 82733, 97871, 99, 461.29
2026/10/10 16:59:23.469, 0, 79489, 97871, 99, 453.64
2026/10/10 16:59:23.469, 1, 81197, 97871, 99, 466.17
2026/10/10 16:59:23.469, 2, 81720, 97871, 99, 462.01
2026/10/10 16:59:23.469, 3, 82733, 97871, 99, 459.09
2026/10/10 16:59:24.469, 0, 79489, 97871, 99, 453.39
2026/10/10 16:59:24.469, 1, 81197, 97871, 99, 466.28
2026/10/10 16:59:24.469, 2, 81720, 97871, 100, 461.69
2026/10/10 16:59:24.469, 3, 82733, 97871, 97, 462.58
2026/10/10 16:59:25.469, 0, 79489, 97871, 100, 449.48
2026/10/10 16:59:25.470, 1, 81197, 97871, 99, 471.38
2026/10/10 16:59:25.470, 2, 81720, 97871, 100, 462.14
2026/10/10 16:59:25.470, 3, 82733, 97871, 94, 460.73
2026/10/10 16:59:26.470, 0, 79489, 97871, 99, 452.96
2026/10/10 16:59:26.470, 1, 81197, 97871, 89, 465.19
2026/10/10 16:59:26.470, 2, 81720, 97871, 100, 468.19
2026/10/10 16:59:26.470, 3, 82733, 97871, 99, 458.18
2026/10/10 16:59:27.470, 0, 79489, 97871, 99, 453.08
2026/10/10 16:59:27.470, 1, 81197, 97871, 99, 466.47
2026/10/10 16:59:27.470, 2, 81720, 97871, 100, 469.14
2026/10/10 16:59:27.470, 3, 82733, 97871, 99, 456.67
2026/10/10 16:59:28.470, 0, 79489, 97871, 100, 461.85
2026/10/10 16:59:28.470, 1, 81197, 97871, 99, 464.74
2026/10/10 16:59:28.470, 2, 81720, 97871, 100, 475.66
2026/10/10 16:59:28.470, 3, 82733, 97871, 99, 456.66
2026/10/10 16:59:29.471, 0, 79489, 97871, 100, 457.34
2026/10/10 16:59:29.471, 1, 81197, 97871, 99, 462.73
2026/10/10 16:59:29.471, 2, 81720, 97871, 100, 456.29
2026/10/10 16:59:29.471, 3, 82733, 97871, 99, 460.15
2026/10/10 16:59:30.471, 0, 79489, 97871, 100, 458.37
2026/10/10 16:59:30.471, 1, 81197, 97871, 99, 465.59
2026/10/10 16:59:30.471, 2, 81720, 97871, 99, 466.25
2026/10/10 16:59:30.471, 3, 82733, 97871, 99, 460.97
2026/10/10 16:59:31.471, 0, 79489, 97871, 100, 454.33
2026/10/10 16:59:31.471, 1, 81197, 97871, 99, 473.38
2026/10/10 16:59:31.471, 2, 81722, 97871, 99, 458.24
2026/10/10 16:59:31.471, 3, 82733, 97871, 94, 465.92
2026/10/10 16:59:32.471, 0, 79489, 97871, 99, 452.31
2026/10/10 16:59:32.471, 1, 81197, 97871, 99, 469.30
2026/10/10 16:59:32.471, 2, 81722, 97871, 99, 457.54
2026/10/10 16:59:32.471, 3, 82733, 97871, 99, 458.88
2026/10/10 16:59:33.472, 0, 79489, 97871, 99, 452.74
2026/10/10 16:59:33.472, 1, 81197, 97871, 99, 473.67
2026/10/10 16:59:33.472, 2, 81722, 97871, 99, 464.86
2026/10/10 16:59:33.472, 3, 82733, 97871, 99, 457.40
2026/10/10 16:59:34.472, 0, 79489, 97871, 99, 454.43
2026/10/10 16:59:34.472, 1, 81197, 97871, 99, 466.62
2026/10/10 16:59:34.472, 2, 81722, 97871, 100, 464.80
2026/10/10 16:59:34.472, 3, 82733, 97871, 99, 456.98
2026/10/10 16:59:35.472, 0, 79489, 97871, 99, 454.61
2026/10/10 16:59:35.472, 1, 81197, 97871, 99, 465.99
2026/10/10 16:59:35.472, 2, 81722, 97871, 99, 461.02
2026/10/10 16:59:35.472, 3, 82733, 97871, 99, 459.01
2026/10/10 16:59:36.472, 0, 79489, 97871, 99, 455.39
2026/10/10 16:59:36.472, 1, 81197, 97871, 99, 460.07
2026/10/10 16:59:36.472, 2, 81722, 97871, 99, 461.75
2026/10/10 16:59:36.472, 3, 82733, 97871, 99, 464.52
2026/10/10 16:59:37.473, 0, 79489, 97871, 99, 450.13
2026/10/10 16:59:37.473, 1, 81197, 97871, 99, 462.71
2026/10/10 16:59:37.473, 2, 81722, 97871, 100, 463.20
2026/10/10 16:59:37.473, 3, 82733, 97871, 99, 457.13
2026/10/10 16:59:38.473, 0, 79489, 97871, 99, 453.80
2026/10/10 16:59:38.473, 1, 81197, 97871, 99, 462.75
2026/10/10 16:59:38.473, 2, 81722, 97871, 100, 461.08
2026/10/10 16:59:38.473, 3, 82733, 97871, 99, 469.36
2026/10/10 16:59:39.473, 0, 79489, 97871, 99, 452.87
2026/10/10 16:59:39.473, 1, 81197, 97871, 99, 466.05
2026/10/10 16:59:39.473, 2, 81722, 97871, 99, 463.69
2026/10/10 16:59:39.473, 3, 82733, 97871, 99, 456.87
2026/10/10 16:59:40.473, 0, 79489, 97871, 100, 452.94
2026/10/10 16:59:40.473, 1, 81197, 97871, 99, 465.49
2026/10/10 16:59:40.473, 2, 81722, 97871, 99, 464.79
2026/10/10 16:59:40.473, 3, 82733, 97871, 99, 456.32
2026/10/10 16:59:41.474, 0, 79489, 97871, 99, 455.09
2026/10/10 16:59:41.474, 1, 81197, 97871, 99, 464.78
2026/10/10 16:59:41.474, 2, 81722, 97871, 94, 467.43
2026/10/10 16:59:41.474, 3, 82733, 97871, 93, 453.65
2026/10/10 16:59:42.474, 0, 79489, 97871, 99, 466.78
2026/10/10 16:59:42.474, 1, 81197, 97871, 99, 466.98
2026/10/10 16:59:42.474, 2, 81722, 97871, 100, 459.04
2026/10/10 16:59:42.474, 3, 82733, 97871, 99, 458.89
2026/10/10 16:59:43.474, 0, 79489, 97871, 99, 462.33
2026/10/10 16:59:43.474, 1, 81197, 97871, 99, 460.27
2026/10/10 16:59:43.474, 2, 81722, 97871, 96, 461.28
2026/10/10 16:59:43.474, 3, 82733, 97871, 99, 460.35
2026/10/10 16:59:44.474, 0, 79489, 97871, 99, 463.00
2026/10/10 16:59:44.474, 1, 81197, 97871, 99, 462.11
2026/10/10 16:59:44.474, 2, 81722, 97871, 100, 477.11
2026/10/10 16:59:44.474, 3, 82733, 97871, 99, 459.11
2026/10/10 16:59:45.475, 0, 79489, 97871, 99, 463.32
2026/10/10 16:59:45.475, 1, 81197, 97871, 99, 464.18
2026/10/10 16:59:45.475, 2, 81722, 97871, 98, 474.99
2026/10/10 16:59:45.475, 3, 82733, 97871, 99, 459.83
2026/10/10 16:59:46.475, 0, 79489, 97871, 99, 463.55
2026/10/10 16:59:46.475, 1, 81197, 97871, 99, 464.90
2026/10/10 16:59:46.475, 2, 81722, 97871, 99, 467.16
2026/10/10 16:59:46.475, 3, 82733, 97871, 92, 454.54
2026/10/10 16:59:47.475, 0, 79489, 97871, 99, 463.89
2026/10/10 16:59:47.475, 1, 81197, 97871, 99, 466.64
2026/10/10 16:59:47.475, 2, 81722, 97871, 99, 464.33
2026/10/10 16:59:47.475, 3, 82733, 97871, 99, 459.94
2026/10/10 16:59:48.475, 0, 79489, 97871, 99, 456.67
2026/10/10 16:59:48.475, 1, 81197, 97871, 99, 459.05
2026/10/10 16:59:48.475, 2, 81722, 97871, 99, 464.89
2026/10/10 16:59:48.475, 3, 82733, 97871, 99, 458.29
2026/10/10 16:59:49.476, 0, 79489, 97871, 99, 455.02
2026/10/10 16:59:49.476, 1, 81197, 97871, 96, 463.95
2026/10/10 16:59:49.476, 2, 81722, 97871, 85, 460.31
2026/10/10 16:59:49.476, 3, 82733, 97871, 99, 462.99
2026/10/10 16:59:50.476, 0, 79489, 97871, 99, 455.62
2026/10/10 16:59:50.476, 1, 81197, 97871, 99, 472.15
2026/10/10 16:59:50.476, 2, 81722, 97871, 99, 461.15
2026/10/10 16:59:50.476, 3, 82733, 97871, 99, 458.02
2026/10/10 16:59:51.476, 0, 79489, 97871, 99, 452.07
2026/10/10 16:59:51.476, 1, 81197, 97871, 99, 471.20
2026/10/10 16:59:51.476, 2, 81722, 97871, 100, 469.43
2026/10/10 16:59:51.476, 3, 82733, 97871, 99, 456.14
2026/10/10 16:59:52.476, 0, 79489, 97871, 99, 453.60
2026/10/10 16:59:52.476, 1, 81197, 97871, 99, 471.89
2026/10/10 16:59:52.476, 2, 81722, 97871, 99, 466.88
2026/10/10 16:59:52.477, 3, 82733, 97871, 99, 471.34
2026/10/10 16:59:53.477, 0, 79489, 97871, 99, 454.33
2026/10/10 16:59:53.477, 1, 81197, 97871, 99, 467.32
2026/10/10 16:59:53.477, 2, 81722, 97871, 99, 464.89
2026/10/10 16:59:53.477, 3, 82733, 97871, 99, 470.92
2026/10/10 16:59:54.477, 0, 79489, 97871, 99, 453.71
2026/10/10 16:59:54.477, 1, 81197, 97871, 99, 465.28
2026/10/10 16:59:54.477, 2, 81722, 97871, 99, 463.60
2026/10/10 16:59:54.477, 3, 82733, 97871, 99, 461.67
2026/10/10 16:59:55.477, 0, 79489, 97871, 99, 452.99
2026/10/10 16:59:55.477, 1, 81197, 97871, 98, 465.52
2026/10/10 16:59:55.477, 2, 81722, 97871, 99, 472.42
2026/10/10 16:59:55.477, 3, 82733, 97871, 99, 460.74
2026/10/10 16:59:56.477, 0, 79489, 97871, 99, 452.98
2026/10/10 16:59:56.477, 1, 81197, 97871, 99, 460.43
2026/10/10 16:59:56.477, 2, 81722, 97871, 100, 470.43
2026/10/10 16:59:56.478, 3, 82733, 97871, 99, 459.92
2026/10/10 16:59:57.478, 0, 79489, 97871, 99, 453.47
2026/10/10 16:59:57.478, 1, 81197, 97871, 99, 463.09
2026/10/10 16:59:57.478, 2, 81722, 97871, 100, 466.14
2026/10/10 16:59:57.478, 3, 82733, 97871, 99, 455.87
2026/10/10 16:59:58.478, 0, 79489, 97871, 99, 453.27
2026/10/10 16:59:58.478, 1, 81197, 97871, 99, 468.83
2026/10/10 16:59:58.478, 2, 81722, 97871, 99, 471.82
2026/10/10 16:59:58.478, 3, 82733, 97871, 99, 468.48
2026/10/10 16:59:59.478, 0, 79489, 97871, 100, 454.91
2026/10/10 16:59:59.478, 1, 81197, 97871, 99, 467.63
2026/10/10 16:59:59.478, 2, 81722, 97871, 100, 471.16
2026/10/10 16:59:59.478, 3, 82733, 97871, 99, 466.65
2026/10/10 17:00:00.478, 0, 79489, 97871, 99, 456.36
2026/10/10 17:00:00.478, 1, 81197, 97871, 99, 466.10
2026/10/10 17:00:00.479, 2, 81722, 97871, 99, 467.74
2026/10/10 17:00:00.479, 3, 82733, 97871, 92, 462.46
2026/10/10 17:00:01.479, 0, 79489, 97871, 99, 458.22
2026/10/10 17:00:01.479, 1, 81197, 97871, 93, 463.24
2026/10/10 17:00:01.479, 2, 81722, 97871, 100, 466.77
2026/10/10 17:00:01.479, 3, 82733, 97871, 99, 459.17
2026/10/10 17:00:02.479, 0, 79489, 97871, 99, 451.18
2026/10/10 17:00:02.479, 1, 81197, 97871, 99, 471.15
2026/10/10 17:00:02.479, 2, 81722, 97871, 83, 455.94
2026/10/10 17:00:02.479, 3, 82733, 97871, 99, 474.56
2026/10/10 17:00:03.479, 0, 79489, 97871, 99, 453.67
2026/10/10 17:00:03.479, 1, 81197, 97871, 99, 471.57
2026/10/10 17:00:03.479, 2, 81722, 97871, 99, 463.15
2026/10/10 17:00:03.479, 3, 82733, 97871, 99, 467.96
2026/10/10 17:00:04.480, 0, 79489, 97871, 99, 450.43
2026/10/10 17:00:04.480, 1, 81197, 97871, 93, 472.23
2026/10/10 17:00:04.480, 2, 81722, 97871, 99, 465.25
2026/10/10 17:00:04.480, 3, 82733, 97871, 100, 465.74
2026/10/10 17:00:05.480, 0, 79489, 97871, 99, 453.60
2026/10/10 17:00:05.480, 1, 81197, 97871, 99, 470.88
2026/10/10 17:00:05.480, 2, 81722, 97871, 92, 464.42
2026/10/10 17:00:05.480, 3, 82733, 97871, 99, 460.96
2026/10/10 17:00:06.480, 0, 79489, 97871, 99, 454.10
2026/10/10 17:00:06.480, 1, 81197, 97871, 99, 467.31
2026/10/10 17:00:06.480, 2, 81722, 97871, 99, 461.77
2026/10/10 17:00:06.480, 3, 82733, 97871, 99, 468.34
2026/10/10 17:00:07.480, 0, 79489, 97871, 99, 452.50
2026/10/10 17:00:07.480, 1, 81197, 97871, 99, 469.27
2026/10/10 17:00:07.480, 2, 81722, 97871, 99, 466.27
2026/10/10 17:00:07.480, 3, 82733, 97871, 99, 464.10
2026/10/10 17:00:08.481, 0, 79489, 97871, 99, 453.76
2026/10/10 17:00:08.481, 1, 81197, 97871, 99, 468.16
2026/10/10 17:00:08.481, 2, 81722, 97871, 100, 466.16
2026/10/10 17:00:08.481, 3, 82733, 97871, 99, 460.79
2026/10/10 17:00:09.481, 0, 79489, 97871, 100, 453.06
2026/10/10 17:00:09.481, 1, 81197, 97871, 99, 467.37
2026/10/10 17:00:09.481, 2, 81722, 97871, 99, 469.05
2026/10/10 17:00:09.481, 3, 82733, 97871, 99, 457.55
2026/10/10 17:00:10.481, 0, 79489, 97871, 99, 453.13
2026/10/10 17:00:10.481, 1, 81197, 97871, 99, 457.88
2026/10/10 17:00:10.481, 2, 81722, 97871, 100, 464.30
2026/10/10 17:00:10.481, 3, 82733, 97871, 99, 460.03
2026/10/10 17:00:11.481, 0, 79489, 97871, 99, 454.19
2026/10/10 17:00:11.481, 1, 81197, 97871, 99, 463.70
2026/10/10 17:00:11.482, 2, 81722, 97871, 99, 464.23
2026/10/10 17:00:11.482, 3, 82733, 97871, 99, 461.39
2026/10/10 17:00:12.482, 0, 79489, 97871, 99, 455.36
2026/10/10 17:00:12.482, 1, 81197, 97871, 99, 465.40
2026/10/10 17:00:12.482, 2, 81722, 97871, 99, 464.12
2026/10/10 17:00:12.482, 3, 82733, 97871, 99, 459.22
2026/10/10 17:00:13.482, 0, 79489, 97871, 99, 456.46
2026/10/10 17:00:13.482, 1, 81197, 97871, 99, 468.15
2026/10/10 17:00:13.482, 2, 81722, 97871, 98, 466.64
2026/10/10 17:00:13.482, 3, 82733, 97871, 99, 459.72
2026/10/10 17:00:14.482, 0, 79489, 97871, 99, 453.02
2026/10/10 17:00:14.482, 1, 81197, 97871, 99, 462.61
2026/10/10 17:00:14.482, 2, 81722, 97871, 99, 462.96
2026/10/10 17:00:14.482, 3, 82733, 97871, 99, 467.93
2026/10/10 17:00:15.482, 0, 79489, 97871, 99, 454.46
2026/10/10 17:00:15.483, 1, 81197, 97871, 99, 465.17
2026/10/10 17:00:15.483, 2, 81722, 97871, 100, 462.98
2026/10/10 17:00:15.483, 3, 82733, 97871, 99, 462.36
2026/10/10 17:00:16.483, 0, 79489, 97871, 99, 453.19
2026/10/10 17:00:16.483, 1, 81197, 97871, 99, 461.56
2026/10/10 17:00:16.483, 2, 81722, 97871, 100, 463.01
2026/10/10 17:00:16.483, 3, 82733, 97871, 99, 459.26
2026/10/10 17:00:17.483, 0, 79489, 97871, 99, 450.20
2026/10/10 17:00:17.483, 1, 81197, 97871, 99, 475.50
2026/10/10 17:00:17.483, 2, 81722, 97871, 100, 467.90
2026/10/10 17:00:17.483, 3, 82733, 97871, 99, 461.24
2026/10/10 17:00:18.483, 0, 79489, 97871, 99, 453.49
2026/10/10 17:00:18.483, 1, 81197, 97871, 99, 466.70
2026/10/10 17:00:18.483, 2, 81722, 97871, 100, 470.40
2026/10/10 17:00:18.483, 3, 82733, 97871, 99, 459.28
2026/10/10 17:00:19.483, 0, 79489, 97871, 99, 455.38
2026/10/10 17:00:19.484, 1, 81197, 97871, 99, 458.49
2026/10/10 17:00:19.484, 2, 81722, 97871, 100, 470.12
2026/10/10 17:00:19.484, 3, 82733, 97871, 99, 466.92
2026/10/10 17:00:20.484, 0, 79489, 97871, 99, 455.58
2026/10/10 17:00:20.484, 1, 81197, 97871, 99, 466.13
2026/10/10 17:00:20.484, 2, 81722, 97871, 99, 468.06
2026/10/10 17:00:20.484, 3, 82733, 97871, 99, 461.30
2026/10/10 17:00:21.484, 0, 79489, 97871, 99, 456.23
2026/10/10 17:00:21.484, 1, 81197, 97871, 99, 465.51
2026/10/10 17:00:21.484, 2, 81722, 97871, 99, 461.61
2026/10/10 17:00:21.484, 3, 82733, 97871, 99, 460.60
2026/10/10 17:00:22.484, 0, 79489, 97871, 99, 456.98
2026/10/10 17:00:22.484, 1, 81197, 97871, 99, 471.49
2026/10/10 17:00:22.484, 2, 81722, 97871, 100, 472.54
2026/10/10 17:00:22.484, 3, 82733, 97871, 99, 462.18
2026/10/10 17:00:23.484, 0, 79489, 97871, 99, 454.71
2026/10/10 17:00:23.485, 1, 81197, 97871, 99, 464.37
2026/10/10 17:00:23.485, 2, 81722, 97871, 100, 466.26
2026/10/10 17:00:23.485, 3, 82733, 97871, 99, 470.64
2026/10/10 17:00:24.485, 0, 79489, 97871, 99, 454.31
2026/10/10 17:00:24.485, 1, 81197, 97871, 99, 466.12
2026/10/10 17:00:24.485, 2, 81722, 97871, 99, 464.36
2026/10/10 17:00:24.485, 3, 82733, 97871, 99, 468.45
2026/10/10 17:00:25.485, 0, 79489, 97871, 99, 456.37
2026/10/10 17:00:25.485, 1, 81197, 97871, 99, 466.11
2026/10/10 17:00:25.485, 2, 81722, 97871, 100, 465.87
2026/10/10 17:00:25.485, 3, 82733, 97871, 99, 458.83
2026/10/10 17:00:26.485, 0, 79489, 97871, 99, 456.52
2026/10/10 17:00:26.485, 1, 81197, 97871, 99, 469.05
2026/10/10 17:00:26.485, 2, 81722, 97871, 100, 461.37
2026/10/10 17:00:26.485, 3, 82733, 97871, 99, 462.24
2026/10/10 17:00:27.485, 0, 79489, 97871, 89, 463.35
2026/10/10 17:00:27.486, 1, 81197, 97871, 99, 460.51
2026/10/10 17:00:27.486, 2, 81722, 97871, 100, 470.86
2026/10/10 17:00:27.486, 3, 82733, 97871, 99, 460.15
2026/10/10 17:00:28.486, 0, 79489, 97871, 99, 459.08
2026/10/10 17:00:28.486, 1, 81197, 97871, 99, 478.37
2026/10/10 17:00:28.486, 2, 81722, 97871, 99, 469.00
2026/10/10 17:00:28.486, 3, 82733, 97871, 99, 459.16
2026/10/10 17:00:29.486, 0, 79489, 97871, 100, 457.59
2026/10/10 17:00:29.486, 1, 81197, 97871, 99, 472.67
2026/10/10 17:00:29.486, 2, 81722, 97871, 83, 465.79
2026/10/10 17:00:29.486, 3, 82733, 97871, 99, 458.89
2026/10/10 17:00:30.486, 0, 79489, 97871, 99, 453.77
2026/10/10 17:00:30.486, 1, 81197, 97871, 99, 464.96
2026/10/10 17:00:30.486, 2, 81722, 97871, 100, 468.16
2026/10/10 17:00:30.486, 3, 82733, 97871, 99, 453.08
2026/10/10 17:00:31.486, 0, 79489, 97871, 99, 453.65
2026/10/10 17:00:31.487, 1, 81197, 97871, 99, 463.12
2026/10/10 17:00:31.487, 2, 81722, 97871, 99, 460.12
2026/10/10 17:00:31.487, 3, 82733, 97871, 99, 464.74
2026/10/10 17:00:32.487, 0, 79489, 97871, 99, 452.90
2026/10/10 17:00:32.487, 1, 81197, 97871, 100, 472.56
2026/10/10 17:00:32.487, 2, 81722, 97871, 99, 458.06
2026/10/10 17:00:32.487, 3, 82733, 97871, 99, 466.39
2026/10/10 17:00:33.487, 0, 79489, 97871, 99, 454.22
2026/10/10 17:00:33.487, 1, 81197, 97871, 99, 467.69
2026/10/10 17:00:33.487, 2, 81722, 97871, 45, 430.64
2026/10/10 17:00:33.487, 3, 82733, 97871, 99, 459.76
2026/10/10 17:00:34.487, 0, 79489, 97871, 99, 454.15
2026/10/10 17:00:34.487, 1, 81197, 97871, 99, 465.65
2026/10/10 17:00:34.487, 2, 81722, 97871, 100, 467.83
2026/10/10 17:00:34.487, 3, 82733, 97871, 99, 457.58
2026/10/10 17:00:35.487, 0, 79489, 97871, 99, 454.35
2026/10/10 17:00:35.487, 1, 81197, 97871, 99, 463.61
2026/10/10 17:00:35.487, 2, 81722, 97871, 73, 482.91
2026/10/10 17:00:35.487, 3, 82733, 97871, 54, 440.02
2026/10/10 17:00:36.488, 0, 79489, 97871, 100, 456.45
2026/10/10 17:00:36.488, 1, 81197, 97871, 99, 459.06
2026/10/10 17:00:36.488, 2, 81722, 97871, 100, 521.18
2026/10/10 17:00:36.488, 3, 82733, 97871, 100, 498.05
2026/10/10 17:00:37.488, 0, 79489, 97871, 99, 451.55
2026/10/10 17:00:37.488, 1, 81197, 97871, 99, 463.77
2026/10/10 17:00:37.488, 2, 81722, 97871, 100, 535.82
2026/10/10 17:00:37.488, 3, 82733, 97871, 99, 497.36
2026/10/10 17:00:38.488, 0, 79489, 97871, 99, 452.20
2026/10/10 17:00:38.488, 1, 81197, 97871, 99, 472.95
2026/10/10 17:00:38.488, 2, 81722, 97871, 100, 524.24
2026/10/10 17:00:38.488, 3, 82733, 97871, 100, 493.52
2026/10/10 17:00:39.488, 0, 79489, 97871, 99, 453.21
2026/10/10 17:00:39.488, 1, 81197, 97871, 99, 471.18
2026/10/10 17:00:39.488, 2, 81722, 97871, 99, 527.99
2026/10/10 17:00:39.488, 3, 82733, 97871, 100, 529.72
2026/10/10 17:00:40.488, 0, 79489, 97871, 99, 456.65
2026/10/10 17:00:40.489, 1, 81197, 97871, 99, 464.71
2026/10/10 17:00:40.489, 2, 81722, 97871, 100, 530.28
2026/10/10 17:00:40.489, 3, 82733, 97871, 100, 532.66
2026/10/10 17:00:41.489, 0, 79489, 97871, 99, 454.95
2026/10/10 17:00:41.489, 1, 81197, 97871, 99, 466.04
2026/10/10 17:00:41.489, 2, 81722, 97871, 100, 530.01
2026/10/10 17:00:41.489, 3, 82733, 97871, 100, 526.44
2026/10/10 17:00:42.489, 0, 79489, 97871, 99, 453.94
2026/10/10 17:00:42.489, 1, 81197, 97871, 99, 458.14
2026/10/10 17:00:42.489, 2, 81722, 97871, 84, 530.53
2026/10/10 17:00:42.489, 3, 82733, 97871, 100, 528.96
2026/10/10 17:00:43.489, 0, 79489, 97871, 99, 463.45
2026/10/10 17:00:43.489, 1, 81197, 97871, 99, 460.78
2026/10/10 17:00:43.489, 2, 81722, 97871, 75, 517.30
2026/10/10 17:00:43.489, 3, 82733, 97871, 100, 527.29
2026/10/10 17:00:44.489, 0, 79489, 97871, 99, 458.74
2026/10/10 17:00:44.489, 1, 81197, 97871, 50, 418.19
2026/10/10 17:00:44.489, 2, 81722, 97871, 88, 514.75
2026/10/10 17:00:44.489, 3, 82733, 97871, 100, 528.98
2026/10/10 17:00:45.490, 0, 79489, 97871, 99, 458.80
2026/10/10 17:00:45.490, 1, 81197, 97871, 50, 351.20
2026/10/10 17:00:45.490, 2, 81722, 97871, 100, 515.51
2026/10/10 17:00:45.490, 3, 82733, 97871, 100, 524.56
2026/10/10 17:00:46.490, 0, 79489, 97871, 99, 459.50
2026/10/10 17:00:46.490, 1, 81197, 97871, 51, 312.36
2026/10/10 17:00:46.490, 2, 81722, 97871, 94, 523.55
2026/10/10 17:00:46.490, 3, 82733, 97871, 100, 525.03
2026/10/10 17:00:47.490, 0, 79489, 97871, 100, 462.19
2026/10/10 17:00:47.490, 1, 81197, 97871, 99, 344.11
2026/10/10 17:00:47.490, 2, 81722, 97871, 100, 524.47
2026/10/10 17:00:47.490, 3, 82733, 97871, 100, 520.63
2026/10/10 17:00:48.490, 0, 79489, 97871, 99, 457.79
2026/10/10 17:00:48.490, 1, 81197, 97871, 100, 506.51
2026/10/10 17:00:48.490, 2, 81722, 97871, 89, 523.50
2026/10/10 17:00:48.490, 3, 82733, 97871, 100, 533.95
2026/10/10 17:00:49.490, 0, 79489, 97871, 99, 460.16
2026/10/10 17:00:49.491, 1, 81197, 97871, 100, 535.53
2026/10/10 17:00:49.491, 2, 81722, 97871, 100, 528.86
2026/10/10 17:00:49.491, 3, 82733, 97871, 100, 521.18
2026/10/10 17:00:50.491, 0, 79489, 97871, 99, 457.70
2026/10/10 17:00:50.491, 1, 81197, 97871, 100, 539.00
2026/10/10 17:00:50.491, 2, 81722, 97871, 100, 533.24
2026/10/10 17:00:50.491, 3, 82733, 97871, 100, 530.78
2026/10/10 17:00:51.491, 0, 79489, 97871, 99, 448.03
2026/10/10 17:00:51.491, 1, 81197, 97871, 100, 533.97
2026/10/10 17:00:51.491, 2, 81722, 97871, 100, 519.11
2026/10/10 17:00:51.491, 3, 82733, 97871, 100, 530.29
2026/10/10 17:00:52.491, 0, 79489, 97871, 99, 453.23
2026/10/10 17:00:52.491, 1, 81197, 97871, 100, 529.72
2026/10/10 17:00:52.491, 2, 81722, 97871, 100, 524.70
2026/10/10 17:00:52.491, 3, 82733, 97871, 100, 528.96
2026/10/10 17:00:53.491, 0, 79489, 97871, 99, 454.74
2026/10/10 17:00:53.491, 1, 81197, 97871, 100, 530.94
2026/10/10 17:00:53.492, 2, 81722, 97871, 93, 421.96
2026/10/10 17:00:53.492, 3, 82733, 97871, 100, 531.13
2026/10/10 17:00:54.492, 0, 79489, 97871, 99, 455.28
2026/10/10 17:00:54.492, 1, 81197, 97871, 100, 526.12
2026/10/10 17:00:54.492, 2, 81722, 97871, 100, 470.92
2026/10/10 17:00:54.492, 3, 82733, 97871, 100, 516.53
2026/10/10 17:00:55.492, 0, 79489, 97871, 99, 456.63
2026/10/10 17:00:55.492, 1, 81197, 97871, 100, 530.41
2026/10/10 17:00:55.492, 2, 81722, 97871, 100, 500.86
2026/10/10 17:00:55.492, 3, 82733, 97871, 5, 431.00
2026/10/10 17:00:56.492, 0, 79489, 97871, 99, 457.24
2026/10/10 17:00:56.492, 1, 81197, 97871, 95, 525.84
2026/10/10 17:00:56.492, 2, 81722, 97871, 100, 500.22
2026/10/10 17:00:56.492, 3, 82733, 97871, 100, 488.01
2026/10/10 17:00:57.492, 0, 79489, 97871, 99, 457.49
2026/10/10 17:00:57.493, 1, 81197, 97871, 100, 524.89
2026/10/10 17:00:57.493, 2, 81722, 97871, 90, 506.85
2026/10/10 17:00:57.493, 3, 82733, 97871, 100, 514.06
2026/10/10 17:00:58.493, 0, 79489, 97871, 91, 454.98
2026/10/10 17:00:58.493, 1, 81197, 97871, 100, 534.77
2026/10/10 17:00:58.493, 2, 81722, 97871, 100, 491.28
2026/10/10 17:00:58.493, 3, 82733, 97871, 100, 515.65
2026/10/10 17:00:59.493, 0, 79489, 97871, 99, 450.16
2026/10/10 17:00:59.493, 1, 81197, 97871, 100, 538.16
2026/10/10 17:00:59.493, 2, 81722, 97871, 100, 497.46
2026/10/10 17:00:59.493, 3, 82733, 97871, 100, 514.85
2026/10/10 17:01:00.493, 0, 79489, 97871, 99, 453.92
2026/10/10 17:01:00.493, 1, 81197, 97871, 100, 524.95
2026/10/10 17:01:00.493, 2, 81722, 97871, 100, 515.58
2026/10/10 17:01:00.493, 3, 82733, 97871, 99, 521.05
2026/10/10 17:01:01.493, 0, 79489, 97871, 99, 452.42
2026/10/10 17:01:01.493, 1, 81197, 97871, 100, 534.04
2026/10/10 17:01:01.494, 2, 81722, 97871, 100, 513.54
2026/10/10 17:01:01.494, 3, 82733, 97871, 100, 515.33
2026/10/10 17:01:02.494, 0, 79489, 97871, 99, 453.94
2026/10/10 17:01:02.494, 1, 81197, 97871, 100, 532.62
2026/10/10 17:01:02.494, 2, 81722, 97871, 100, 510.69
2026/10/10 17:01:02.494, 3, 82733, 97871, 100, 515.70
2026/10/10 17:01:03.494, 0, 79489, 97871, 99, 453.72
2026/10/10 17:01:03.494, 1, 81197, 97871, 100, 530.12
2026/10/10 17:01:03.494, 2, 81722, 97871, 100, 514.66
2026/10/10 17:01:03.494, 3, 82733, 97871, 100, 512.28
2026/10/10 17:01:04.494, 0, 79489, 97871, 99, 452.94
2026/10/10 17:01:04.494, 1, 81197, 97871, 99, 534.40
2026/10/10 17:01:04.494, 2, 81722, 97871, 100, 513.08
2026/10/10 17:01:04.494, 3, 82733, 97871, 100, 517.62
2026/10/10 17:01:05.494, 0, 79489, 97871, 99, 454.67
2026/10/10 17:01:05.494, 1, 81197, 97871, 90, 522.53
2026/10/10 17:01:05.494, 2, 81722, 97871, 100, 512.85
2026/10/10 17:01:05.494, 3, 82733, 97871, 100, 515.04
2026/10/10 17:01:06.495, 0, 79489, 97871, 99, 454.49
2026/10/10 17:01:06.495, 1, 81197, 97871, 78, 524.25
2026/10/10 17:01:06.495, 2, 81722, 97871, 100, 513.01
2026/10/10 17:01:06.495, 3, 82733, 97871, 100, 516.73
2026/10/10 17:01:07.495, 0, 79489, 97871, 100, 455.68
2026/10/10 17:01:07.495, 1, 81197, 97871, 99, 409.56
2026/10/10 17:01:07.495, 2, 81722, 97871, 78, 487.27
2026/10/10 17:01:07.495, 3, 82733, 97871, 100, 514.60
2026/10/10 17:01:08.495, 0, 79489, 97871, 100, 457.41
2026/10/10 17:01:08.495, 1, 81197, 97871, 25, 452.85
2026/10/10 17:01:08.495, 2, 81722, 97871, 99, 476.51
2026/10/10 17:01:08.495, 3, 82733, 97871, 100, 520.07
2026/10/10 17:01:09.495, 0, 79489, 97871, 99, 454.02
2026/10/10 17:01:09.495, 1, 81197, 97871, 96, 532.26
2026/10/10 17:01:09.495, 2, 81722, 97871, 100, 518.37
2026/10/10 17:01:09.495, 3, 82733, 97871, 100, 485.72
2026/10/10 17:01:10.495, 0, 79488, 97871, 99, 451.06
2026/10/10 17:01:10.495, 1, 81196, 97871, 61, 488.77
2026/10/10 17:01:10.495, 2, 81722, 97871, 100, 514.76
2026/10/10 17:01:10.495, 3, 82733, 97871, 100, 528.78
2026/10/10 17:01:11.495, 0, 79488, 97871, 100, 454.40
2026/10/10 17:01:11.496, 1, 81196, 97871, 66, 461.43
2026/10/10 17:01:11.496, 2, 81722, 97871, 100, 509.92
2026/10/10 17:01:11.496, 3, 82733, 97871, 100, 512.22
2026/10/10 17:01:12.496, 0, 79488, 97871, 99, 454.87
2026/10/10 17:01:12.496, 1, 81196, 97871, 61, 428.19
2026/10/10 17:01:12.496, 2, 81722, 97871, 74, 503.29
2026/10/10 17:01:12.496, 3, 82733, 97871, 100, 513.97
2026/10/10 17:01:13.496, 0, 79488, 97871, 99, 456.04
2026/10/10 17:01:13.496, 1, 81196, 97871, 100, 422.62
2026/10/10 17:01:13.496, 2, 81722, 97871, 65, 465.41
2026/10/10 17:01:13.496, 3, 82733, 97871, 100, 513.90
2026/10/10 17:01:14.496, 0, 79488, 97871, 99, 456.61
2026/10/10 17:01:14.496, 1, 81196, 97871, 100, 524.04
2026/10/10 17:01:14.496, 2, 81722, 97871, 100, 517.21
2026/10/10 17:01:14.496, 3, 82733, 97871, 99, 511.00
2026/10/10 17:01:15.496, 0, 79488, 97871, 100, 446.73
2026/10/10 17:01:15.496, 1, 81196, 97871, 100, 513.86
2026/10/10 17:01:15.496, 2, 81722, 97871, 99, 513.41
2026/10/10 17:01:15.496, 3, 82733, 97871, 100, 518.77
2026/10/10 17:01:16.496, 0, 79488, 97871, 100, 451.74
2026/10/10 17:01:16.496, 1, 81196, 97871, 100, 516.93
2026/10/10 17:01:16.496, 2, 81722, 97871, 100, 510.05
2026/10/10 17:01:16.496, 3, 82733, 97871, 100, 513.35
2026/10/10 17:01:17.496, 0, 79488, 97871, 99, 456.17
2026/10/10 17:01:17.497, 1, 81196, 97871, 100, 516.02
2026/10/10 17:01:17.497, 2, 81722, 97871, 100, 508.54
2026/10/10 17:01:17.497, 3, 82733, 97871, 100, 512.03
2026/10/10 17:01:18.497, 0, 79488, 97871, 99, 448.17
2026/10/10 17:01:18.497, 1, 81196, 97871, 100, 515.68
2026/10/10 17:01:18.497, 2, 81722, 97871, 100, 508.44
2026/10/10 17:01:18.497, 3, 82733, 97871, 100, 511.81
2026/10/10 17:01:19.497, 0, 79488, 97871, 99, 454.38
2026/10/10 17:01:19.497, 1, 81196, 97871, 100, 521.19
2026/10/10 17:01:19.497, 2, 81722, 97871, 100, 512.17
2026/10/10 17:01:19.497, 3, 82733, 97871, 100, 512.67
2026/10/10 17:01:20.497, 0, 79488, 97871, 99, 458.67
2026/10/10 17:01:20.497, 1, 81196, 97871, 100, 515.51
2026/10/10 17:01:20.497, 2, 81722, 97871, 100, 511.37
2026/10/10 17:01:20.497, 3, 82733, 97871, 100, 512.07
2026/10/10 17:01:21.497, 0, 79488, 97871, 99, 453.25
2026/10/10 17:01:21.497, 1, 81196, 97871, 83, 482.08
2026/10/10 17:01:21.497, 2, 81722, 97871, 100, 508.13
2026/10/10 17:01:21.497, 3, 82733, 97871, 100, 513.98
2026/10/10 17:01:22.497, 0, 79488, 97871, 99, 454.61
2026/10/10 17:01:22.497, 1, 81196, 97871, 51, 414.82
2026/10/10 17:01:22.498, 2, 81722, 97871, 100, 511.85
2026/10/10 17:01:22.498, 3, 82733, 97871, 100, 510.92
2026/10/10 17:01:23.498, 0, 79488, 97871, 86, 452.88
2026/10/10 17:01:23.498, 1, 81196, 97871, 99, 391.43
2026/10/10 17:01:23.498, 2, 81722, 97871, 100, 508.92
2026/10/10 17:01:23.498, 3, 82733, 97871, 100, 512.07
2026/10/10 17:01:24.498, 0, 79488, 97871, 100, 453.93
2026/10/10 17:01:24.498, 1, 81196, 97871, 100, 504.22
2026/10/10 17:01:24.498, 2, 81722, 97871, 100, 511.73
2026/10/10 17:01:24.498, 3, 82733, 97871, 100, 511.52
2026/10/10 17:01:25.498, 0, 79488, 97871, 99, 454.20
2026/10/10 17:01:25.498, 1, 81196, 97871, 100, 520.23
2026/10/10 17:01:25.498, 2, 81722, 97871, 100, 511.14
2026/10/10 17:01:25.498, 3, 82733, 97871, 100, 512.24
2026/10/10 17:01:26.498, 0, 79488, 97871, 100, 455.50
2026/10/10 17:01:26.498, 1, 81196, 97871, 96, 510.83
2026/10/10 17:01:26.498, 2, 81722, 97871, 100, 511.28
2026/10/10 17:01:26.498, 3, 82733, 97871, 100, 513.97
2026/10/10 17:01:27.498, 0, 79488, 97871, 99, 456.65
2026/10/10 17:01:27.499, 1, 81196, 97871, 82, 504.99
2026/10/10 17:01:27.499, 2, 81722, 97871, 100, 511.61
2026/10/10 17:01:27.499, 3, 82733, 97871, 100, 512.70
2026/10/10 17:01:28.499, 0, 79488, 97871, 99, 457.48
2026/10/10 17:01:28.499, 1, 81196, 97871, 68, 422.38
2026/10/10 17:01:28.499, 2, 81722, 97871, 89, 495.27
2026/10/10 17:01:28.499, 3, 82733, 97871, 100, 508.58
2026/10/10 17:01:29.499, 0, 79488, 97871, 99, 452.74
2026/10/10 17:01:29.499, 1, 81196, 97871, 100, 460.02
2026/10/10 17:01:29.499, 2, 81722, 97871, 54, 473.47
2026/10/10 17:01:29.499, 3, 82733, 97871, 100, 512.50
2026/10/10 17:01:30.499, 0, 79488, 97871, 97, 461.62
2026/10/10 17:01:30.499, 1, 81196, 97871, 100, 533.13
2026/10/10 17:01:30.499, 2, 81722, 97871, 100, 534.71
2026/10/10 17:01:30.499, 3, 82733, 97871, 100, 512.85
2026/10/10 17:01:31.499, 0, 79488, 97871, 99, 459.14
2026/10/10 17:01:31.499, 1, 81196, 97871, 100, 514.37
2026/10/10 17:01:31.499, 2, 81722, 97871, 100, 525.31
2026/10/10 17:01:31.499, 3, 82733, 97871, 99, 484.44
2026/10/10 17:01:32.499, 0, 79488, 97871, 100, 453.26
2026/10/10 17:01:32.499, 1, 81196, 97871, 100, 513.20
2026/10/10 17:01:32.499, 2, 81722, 97871, 100, 500.20
2026/10/10 17:01:32.500, 3, 82733, 97871, 100, 518.63
2026/10/10 17:01:33.500, 0, 79488, 97871, 99, 450.67
2026/10/10 17:01:33.500, 1, 81196, 97871, 100, 514.91
2026/10/10 17:01:33.500, 2, 81722, 97871, 100, 502.46
2026/10/10 17:01:33.500, 3, 82733, 97871, 100, 531.67
2026/10/10 17:01:34.500, 0, 79488, 97871, 99, 455.03
2026/10/10 17:01:34.500, 1, 81196, 97871, 100, 513.60
2026/10/10 17:01:34.500, 2, 81722, 97871, 100, 505.27
2026/10/10 17:01:34.500, 3, 82733, 97871, 100, 513.38
2026/10/10 17:01:35.500, 0, 79488, 97871, 99, 455.08
2026/10/10 17:01:35.500, 1, 81196, 97871, 100, 517.32
2026/10/10 17:01:35.500, 2, 81722, 97871, 100, 505.07
2026/10/10 17:01:35.500, 3, 82735, 97871, 96, 504.64
2026/10/10 17:01:36.500, 0, 79488, 97871, 99, 456.27
2026/10/10 17:01:36.500, 1, 81196, 97871, 100, 509.40
2026/10/10 17:01:36.500, 2, 81722, 97871, 71, 497.46
2026/10/10 17:01:36.500, 3, 82735, 97871, 100, 510.44
2026/10/10 17:01:37.500, 0, 79488, 97871, 92, 449.32
2026/10/10 17:01:37.500, 1, 81196, 97871, 100, 508.39
2026/10/10 17:01:37.500, 2, 81722, 97871, 78, 478.72
2026/10/10 17:01:37.501, 3, 82735, 97871, 100, 507.32
2026/10/10 17:01:38.501, 0, 79488, 97871, 100, 472.32
2026/10/10 17:01:38.501, 1, 81196, 97871, 100, 515.18
2026/10/10 17:01:38.501, 2, 81722, 97871, 100, 531.02
2026/10/10 17:01:38.501, 3, 82735, 97871, 100, 508.50
2026/10/10 17:01:39.501, 0, 79488, 97871, 100, 463.00
2026/10/10 17:01:39.501, 1, 81196, 97871, 100, 512.42
2026/10/10 17:01:39.501, 2, 81722, 97871, 100, 530.55
2026/10/10 17:01:39.501, 3, 82735, 97871, 100, 513.07
2026/10/10 17:01:40.501, 0, 79488, 97871, 99, 463.39
2026/10/10 17:01:40.501, 1, 81196, 97871, 100, 517.37
2026/10/10 17:01:40.501, 2, 81722, 97871, 100, 507.42
2026/10/10 17:01:40.501, 3, 82735, 97871, 100, 502.37
2026/10/10 17:01:41.501, 0, 79488, 97871, 100, 463.25
2026/10/10 17:01:41.501, 1, 81196, 97871, 100, 511.20
2026/10/10 17:01:41.501, 2, 81722, 97871, 100, 505.65
2026/10/10 17:01:41.501, 3, 82735, 97871, 100, 534.43
2026/10/10 17:01:42.501, 0, 79488, 97871, 98, 467.49
2026/10/10 17:01:42.501, 1, 81196, 97871, 100, 512.22
2026/10/10 17:01:42.501, 2, 81722, 97871, 100, 506.86
2026/10/10 17:01:42.501, 3, 82735, 97871, 100, 521.33
2026/10/10 17:01:43.501, 0, 79488, 97871, 99, 457.18
2026/10/10 17:01:43.501, 1, 81196, 97871, 86, 508.82
2026/10/10 17:01:43.502, 2, 81722, 97871, 100, 507.00
2026/10/10 17:01:43.502, 3, 82735, 97871, 100, 515.92
2026/10/10 17:01:44.502, 0, 79488, 97871, 99, 458.84
2026/10/10 17:01:44.502, 1, 81196, 97871, 100, 493.04
2026/10/10 17:01:44.502, 2, 81722, 97871, 100, 507.49
2026/10/10 17:01:44.502, 3, 82735, 97871, 100, 509.82
2026/10/10 17:01:45.502, 0, 79488, 97871, 99, 458.56
2026/10/10 17:01:45.502, 1, 81196, 97871, 68, 377.99
2026/10/10 17:01:45.502, 2, 81722, 97871, 100, 507.93
2026/10/10 17:01:45.502, 3, 82735, 97871, 100, 510.86
2026/10/10 17:01:46.502, 0, 79488, 97871, 100, 458.59
2026/10/10 17:01:46.502, 1, 81196, 97871, 100, 540.71
2026/10/10 17:01:46.502, 2, 81724, 97871, 100, 509.97
2026/10/10 17:01:46.502, 3, 82735, 97871, 100, 514.70
2026/10/10 17:01:47.502, 0, 79488, 97871, 99, 454.21
2026/10/10 17:01:47.502, 1, 81196, 97871, 100, 539.09
2026/10/10 17:01:47.502, 2, 81724, 97871, 100, 507.49
2026/10/10 17:01:47.502, 3, 82735, 97871, 100, 514.74
2026/10/10 17:01:48.502, 0, 79488, 97871, 100, 455.33
2026/10/10 17:01:48.502, 1, 81196, 97871, 100, 508.80
2026/10/10 17:01:48.502, 2, 81724, 97871, 100, 509.51
2026/10/10 17:01:48.503, 3, 82735, 97871, 100, 513.04
2026/10/10 17:01:49.503, 0, 79488, 97871, 99, 456.55
2026/10/10 17:01:49.503, 1, 81196, 97871, 100, 508.61
2026/10/10 17:01:49.503, 2, 81724, 97871, 100, 508.08
2026/10/10 17:01:49.503, 3, 82735, 97871, 100, 517.66
2026/10/10 17:01:50.503, 0, 79488, 97871, 99, 456.61
2026/10/10 17:01:50.503, 1, 81196, 97871, 100, 509.61
2026/10/10 17:01:50.503, 2, 81724, 97871, 100, 506.19
2026/10/10 17:01:50.503, 3, 82735, 97871, 100, 512.07
2026/10/10 17:01:51.503, 0, 79488, 97871, 99, 450.15
2026/10/10 17:01:51.503, 1, 81196, 97871, 100, 513.51
2026/10/10 17:01:51.503, 2, 81724, 97871, 100, 505.99
2026/10/10 17:01:51.503, 3, 82735, 97871, 100, 518.51
2026/10/10 17:01:52.503, 0, 79488, 97871, 99, 453.70
2026/10/10 17:01:52.503, 1, 81196, 97871, 97, 493.69
2026/10/10 17:01:52.503, 2, 81724, 97871, 100, 510.16
2026/10/10 17:01:52.503, 3, 82735, 97871, 100, 513.10
2026/10/10 17:01:53.503, 0, 79488, 97871, 99, 455.52
2026/10/10 17:01:53.503, 1, 81196, 97871, 61, 419.12
2026/10/10 17:01:53.503, 2, 81724, 97871, 100, 506.87
2026/10/10 17:01:53.504, 3, 82735, 97871, 100, 513.31
2026/10/10 17:01:54.504, 0, 79488, 97871, 100, 454.28
2026/10/10 17:01:54.504, 1, 81196, 97871, 100, 520.44
2026/10/10 17:01:54.504, 2, 81724, 97871, 100, 507.08
2026/10/10 17:01:54.504, 3, 82735, 97871, 100, 513.96
2026/10/10 17:01:55.504, 0, 79488, 97871, 99, 454.66
2026/10/10 17:01:55.504, 1, 81196, 97871, 100, 537.60
2026/10/10 17:01:55.504, 2, 81724, 97871, 100, 510.34
2026/10/10 17:01:55.504, 3, 82735, 97871, 100, 517.42
2026/10/10 17:01:56.504, 0, 79488, 97871, 99, 453.50
2026/10/10 17:01:56.504, 1, 81196, 97871, 100, 513.30
2026/10/10 17:01:56.504, 2, 81724, 97871, 100, 507.82
2026/10/10 17:01:56.504, 3, 82735, 97871, 100, 513.76
2026/10/10 17:01:57.504, 0, 79488, 97871, 99, 456.98
2026/10/10 17:01:57.504, 1, 81196, 97871, 100, 514.06
2026/10/10 17:01:57.504, 2, 81724, 97871, 100, 507.57
2026/10/10 17:01:57.504, 3, 82735, 97871, 100, 515.16
2026/10/10 17:01:58.504, 0, 79488, 97871, 99, 455.16
2026/10/10 17:01:58.504, 1, 81196, 97871, 100, 510.68
2026/10/10 17:01:58.504, 2, 81724, 97871, 100, 508.23
2026/10/10 17:01:58.504, 3, 82735, 97871, 100, 516.83
2026/10/10 17:01:59.505, 0, 79488, 97871, 99, 461.16
2026/10/10 17:01:59.505, 1, 81196, 97871, 100, 513.26
2026/10/10 17:01:59.505, 2, 81724, 97871, 100, 507.56
2026/10/10 17:01:59.505, 3, 82735, 97871, 100, 512.91
2026/10/10 17:02:00.505, 0, 79488, 97871, 99, 458.55
2026/10/10 17:02:00.505, 1, 81196, 97871, 100, 512.41
2026/10/10 17:02:00.505, 2, 81724, 97871, 100, 509.40
2026/10/10 17:02:00.505, 3, 82735, 97871, 100, 519.34
2026/10/10 17:02:01.505, 0, 79488, 97871, 99, 459.21
2026/10/10 17:02:01.505, 1, 81196, 97871, 100, 514.27
2026/10/10 17:02:01.505, 2, 81724, 97871, 100, 503.15
2026/10/10 17:02:01.505, 3, 82735, 97871, 100, 515.85
2026/10/10 17:02:02.505, 0, 79488, 97871, 100, 458.79
2026/10/10 17:02:02.505, 1, 81196, 97871, 100, 509.18
2026/10/10 17:02:02.505, 2, 81724, 97871, 100, 501.64
2026/10/10 17:02:02.505, 3, 82735, 97871, 100, 512.24
2026/10/10 17:02:03.505, 0, 79488, 97871, 100, 458.99
2026/10/10 17:02:03.506, 1, 81196, 97871, 100, 510.10
2026/10/10 17:02:03.506, 2, 81724, 97871, 100, 509.51
2026/10/10 17:02:03.506, 3, 82735, 97871, 100, 516.47
2026/10/10 17:02:04.506, 0, 79488, 97871, 99, 455.65
2026/10/10 17:02:04.506, 1, 81196, 97871, 100, 517.10
2026/10/10 17:02:04.506, 2, 81724, 97871, 97, 505.78
2026/10/10 17:02:04.506, 3, 82735, 97871, 100, 516.52
2026/10/10 17:02:05.506, 0, 79488, 97871, 87, 457.05
2026/10/10 17:02:05.506, 1, 81196, 97871, 100, 511.55
2026/10/10 17:02:05.506, 2, 81724, 97871, 100, 494.74
2026/10/10 17:02:05.506, 3, 82735, 97871, 100, 513.84
2026/10/10 17:02:06.506, 0, 79488, 97871, 100, 453.73
2026/10/10 17:02:06.506, 1, 81196, 97871, 100, 510.13
2026/10/10 17:02:06.506, 2, 81724, 97871, 100, 459.13
2026/10/10 17:02:06.506, 3, 82735, 97871, 100, 513.70
2026/10/10 17:02:07.506, 0, 79488, 97871, 99, 454.34
2026/10/10 17:02:07.506, 1, 81196, 97871, 100, 513.49
2026/10/10 17:02:07.506, 2, 81724, 97871, 100, 526.38
2026/10/10 17:02:07.507, 3, 82735, 97871, 96, 506.39
2026/10/10 17:02:08.507, 0, 79488, 97871, 99, 454.62
2026/10/10 17:02:08.507, 1, 81196, 97871, 100, 515.24
2026/10/10 17:02:08.507, 2, 81724, 97871, 100, 523.43
2026/10/10 17:02:08.507, 3, 82735, 97871, 100, 509.76
2026/10/10 17:02:09.507, 0, 79488, 97871, 99, 450.26
2026/10/10 17:02:09.507, 1, 81196, 97871, 100, 512.85
2026/10/10 17:02:09.507, 2, 82992, 97871, 100, 523.11
2026/10/10 17:02:09.507, 3, 82735, 97871, 100, 510.51
2026/10/10 17:02:10.507, 0, 79488, 97871, 99, 455.77
2026/10/10 17:02:10.507, 1, 81196, 97871, 100, 512.23
2026/10/10 17:02:10.507, 2, 82992, 97871, 100, 521.02
2026/10/10 17:02:10.507, 3, 82735, 97871, 0, 407.25
2026/10/10 17:02:11.507, 0, 79488, 97871, 99, 465.14
2026/10/10 17:02:11.507, 1, 81196, 97871, 100, 512.75
2026/10/10 17:02:11.507, 2, 82992, 97871, 100, 505.21
2026/10/10 17:02:11.507, 3, 82735, 97871, 100, 541.33
2026/10/10 17:02:12.507, 0, 79488, 97871, 100, 462.31
2026/10/10 17:02:12.508, 1, 81196, 97871, 100, 512.33
2026/10/10 17:02:12.508, 2, 82992, 97871, 100, 507.96
2026/10/10 17:02:12.508, 3, 82735, 97871, 100, 530.53
2026/10/10 17:02:13.508, 0, 79488, 97871, 99, 462.55
2026/10/10 17:02:13.508, 1, 81196, 97871, 100, 512.29
2026/10/10 17:02:13.508, 2, 82992, 97871, 100, 508.89
2026/10/10 17:02:13.508, 3, 82735, 97871, 100, 532.06
2026/10/10 17:02:14.508, 0, 79488, 97871, 99, 462.90
2026/10/10 17:02:14.508, 1, 81196, 97871, 100, 520.13
2026/10/10 17:02:14.508, 2, 82992, 97871, 100, 505.73
2026/10/10 17:02:14.508, 3, 84477, 97871, 100, 530.97
2026/10/10 17:02:15.508, 0, 79488, 97871, 99, 462.32
2026/10/10 17:02:15.508, 1, 81196, 97871, 100, 512.50
2026/10/10 17:02:15.508, 2, 82992, 97871, 100, 503.49
2026/10/10 17:02:15.508, 3, 84477, 97871, 100, 521.40
2026/10/10 17:02:16.508, 0, 79488, 97871, 99, 457.00
2026/10/10 17:02:16.508, 1, 81196, 97871, 100, 511.09
2026/10/10 17:02:16.508, 2, 82992, 97871, 100, 504.65
2026/10/10 17:02:16.508, 3, 84477, 97871, 100, 517.26
2026/10/10 17:02:17.508, 0, 79488, 97871, 99, 451.12
2026/10/10 17:02:17.508, 1, 81196, 97871, 100, 505.31
2026/10/10 17:02:17.509, 2, 82992, 97871, 100, 505.89
2026/10/10 17:02:17.509, 3, 84477, 97871, 100, 517.23
2026/10/10 17:02:18.509, 0, 79488, 97871, 99, 454.83
2026/10/10 17:02:18.509, 1, 81196, 97871, 100, 510.64
2026/10/10 17:02:18.509, 2, 82992, 97871, 100, 506.31
2026/10/10 17:02:18.509, 3, 84477, 97871, 100, 510.60
2026/10/10 17:02:19.509, 0, 79488, 97871, 100, 460.34
2026/10/10 17:02:19.509, 1, 81196, 97871, 100, 512.49
2026/10/10 17:02:19.509, 2, 82992, 97871, 99, 488.42
2026/10/10 17:02:19.509, 3, 84477, 97871, 100, 514.35
2026/10/10 17:02:20.509, 0, 79488, 97871, 94, 458.10
2026/10/10 17:02:20.509, 1, 81196, 97871, 78, 495.52
2026/10/10 17:02:20.509, 2, 82992, 97871, 100, 466.72
2026/10/10 17:02:20.509, 3, 84477, 97871, 100, 512.11
2026/10/10 17:02:21.509, 0, 79488, 97871, 99, 454.05
2026/10/10 17:02:21.509, 1, 81196, 97871, 63, 431.91
2026/10/10 17:02:21.509, 2, 82992, 97871, 100, 525.29
2026/10/10 17:02:21.509, 3, 84477, 97871, 100, 510.39
2026/10/10 17:02:22.509, 0, 79488, 97871, 99, 455.09
2026/10/10 17:02:22.509, 1, 81196, 97871, 100, 467.10
2026/10/10 17:02:22.509, 2, 82992, 97871, 100, 524.24
2026/10/10 17:02:22.509, 3, 84477, 97871, 100, 507.29
2026/10/10 17:02:23.510, 0, 79488, 97871, 99, 463.40
2026/10/10 17:02:23.510, 1, 81196, 97871, 100, 541.24
2026/10/10 17:02:23.510, 2, 82992, 97871, 100, 528.02
2026/10/10 17:02:23.510, 3, 84477, 97871, 100, 509.18
2026/10/10 17:02:24.510, 0, 79488, 97871, 99, 457.62
2026/10/10 17:02:24.510, 1, 82090, 97871, 100, 538.80
2026/10/10 17:02:24.510, 2, 82992, 97871, 100, 522.97
2026/10/10 17:02:24.510, 3, 84477, 97871, 100, 511.82
2026/10/10 17:02:25.510, 0, 79488, 97871, 99, 458.63
2026/10/10 17:02:25.510, 1, 82090, 97871, 100, 540.47
2026/10/10 17:02:25.510, 2, 82992, 97871, 100, 513.59
2026/10/10 17:02:25.510, 3, 84477, 97871, 100, 510.05
2026/10/10 17:02:26.510, 0, 79488, 97871, 100, 459.01
2026/10/10 17:02:26.510, 1, 82090, 97871, 100, 520.40
2026/10/10 17:02:26.510, 2, 82992, 97871, 100, 509.88
2026/10/10 17:02:26.510, 3, 84477, 97871, 100, 493.33
2026/10/10 17:02:27.510, 0, 79488, 97871, 99, 459.63
2026/10/10 17:02:27.511, 1, 82090, 97871, 100, 514.75
2026/10/10 17:02:27.511, 2, 82992, 97871, 100, 512.05
2026/10/10 17:02:27.511, 3, 84477, 97871, 100, 531.50
2026/10/10 17:02:28.511, 0, 79488, 97871, 99, 453.60
2026/10/10 17:02:28.511, 1, 82090, 97871, 100, 512.98
2026/10/10 17:02:28.511, 2, 82992, 97871, 100, 511.11
2026/10/10 17:02:28.511, 3, 84477, 97871, 100, 527.48
2026/10/10 17:02:29.511, 0, 79488, 97871, 99, 454.41
2026/10/10 17:02:29.511, 1, 82090, 97871, 100, 509.93
2026/10/10 17:02:29.511, 2, 82992, 97871, 100, 505.21
2026/10/10 17:02:29.511, 3, 84477, 97871, 100, 528.77
2026/10/10 17:02:30.511, 0, 79488, 97871, 86, 453.20
2026/10/10 17:02:30.511, 1, 82092, 97871, 100, 503.77
2026/10/10 17:02:30.511, 2, 82992, 97871, 100, 515.67
2026/10/10 17:02:30.511, 3, 84477, 97871, 100, 525.18
2026/10/10 17:02:31.511, 0, 79488, 97871, 99, 454.80
2026/10/10 17:02:31.511, 1, 82092, 97871, 100, 506.74
2026/10/10 17:02:31.511, 2, 82992, 97871, 100, 513.09
2026/10/10 17:02:31.511, 3, 84477, 97871, 100, 524.98
2026/10/10 17:02:32.511, 0, 79488, 97871, 99, 450.50
2026/10/10 17:02:32.512, 1, 82092, 97871, 100, 509.03
2026/10/10 17:02:32.513, 2, 82992, 97871, 100, 514.76
2026/10/10 17:02:32.513, 3, 84477, 97871, 100, 514.61
2026/10/10 17:02:33.513, 0, 79488, 97871, 99, 453.69
2026/10/10 17:02:33.513, 1, 82092, 97871, 100, 510.36
2026/10/10 17:02:33.513, 2, 82992, 97871, 100, 514.33
2026/10/10 17:02:33.513, 3, 84477, 97871, 100, 512.10
2026/10/10 17:02:34.513, 0, 79488, 97871, 99, 453.27
2026/10/10 17:02:34.514, 1, 82092, 97871, 100, 510.30
2026/10/10 17:02:34.514, 2, 82992, 97871, 100, 511.18
2026/10/10 17:02:34.514, 3, 84477, 97871, 100, 521.69
2026/10/10 17:02:35.514, 0, 79488, 97871, 99, 453.12
2026/10/10 17:02:35.514, 1, 82092, 97871, 75, 441.74
2026/10/10 17:02:35.514, 2, 82992, 97871, 100, 510.38
2026/10/10 17:02:35.514, 3, 84477, 97871, 100, 515.95
2026/10/10 17:02:36.514, 0, 79488, 97871, 100, 453.90
2026/10/10 17:02:36.514, 1, 82092, 97871, 100, 498.19
2026/10/10 17:02:36.514, 2, 82992, 97871, 100, 514.14
2026/10/10 17:02:36.514, 3, 84477, 97871, 100, 515.95
2026/10/10 17:02:37.514, 0, 79488, 97871, 99, 454.19
2026/10/10 17:02:37.514, 1, 82092, 97871, 100, 538.36
2026/10/10 17:02:37.514, 2, 82992, 97871, 100, 517.11
2026/10/10 17:02:37.514, 3, 84477, 97871, 100, 514.20
2026/10/10 17:02:38.514, 0, 79488, 97871, 99, 455.95
2026/10/10 17:02:38.514, 1, 82092, 97871, 100, 537.40
2026/10/10 17:02:38.514, 2, 82992, 97871, 100, 509.86
2026/10/10 17:02:38.514, 3, 84477, 97871, 100, 519.82
2026/10/10 17:02:39.514, 0, 79488, 97871, 99, 456.50
2026/10/10 17:02:39.514, 1, 82092, 97871, 100, 537.62
2026/10/10 17:02:39.515, 2, 82992, 97871, 100, 516.72
2026/10/10 17:02:39.515, 3, 84477, 97871, 100, 520.47
2026/10/10 17:02:40.515, 0, 79488, 97871, 99, 457.13
2026/10/10 17:02:40.515, 1, 82092, 97871, 100, 523.26
2026/10/10 17:02:40.515, 2, 82992, 97871, 100, 519.72
2026/10/10 17:02:40.515, 3, 84477, 97871, 100, 518.39
2026/10/10 17:02:41.515, 0, 79488, 97871, 99, 449.71
2026/10/10 17:02:41.515, 1, 82092, 97871, 100, 516.32
2026/10/10 17:02:41.515, 2, 82992, 97871, 100, 515.12
2026/10/10 17:02:41.515, 3, 84477, 97871, 100, 520.73
2026/10/10 17:02:42.515, 0, 79488, 97871, 99, 454.73
2026/10/10 17:02:42.515, 1, 82092, 97871, 100, 510.80
2026/10/10 17:02:42.515, 2, 82992, 97871, 100, 508.73
2026/10/10 17:02:42.515, 3, 84477, 97871, 100, 516.73
2026/10/10 17:02:43.515, 0, 79488, 97871, 99, 454.78
2026/10/10 17:02:43.515, 1, 82092, 97871, 100, 517.39
2026/10/10 17:02:43.515, 2, 82992, 97871, 100, 516.45
2026/10/10 17:02:43.515, 3, 84477, 97871, 100, 521.35
2026/10/10 17:02:44.515, 0, 79488, 97871, 100, 451.39
2026/10/10 17:02:44.515, 1, 82092, 97871, 100, 520.29
2026/10/10 17:02:44.515, 2, 82992, 97871, 100, 520.78
2026/10/10 17:02:44.515, 3, 84477, 97871, 100, 520.10
2026/10/10 17:02:45.516, 0, 79488, 97871, 99, 455.30
2026/10/10 17:02:45.516, 1, 82092, 97871, 100, 520.09
2026/10/10 17:02:45.516, 2, 82992, 97871, 100, 512.73
2026/10/10 17:02:45.516, 3, 84477, 97871, 100, 516.78
2026/10/10 17:02:46.516, 0, 79488, 97871, 99, 454.56
2026/10/10 17:02:46.516, 1, 82092, 97871, 100, 520.71
2026/10/10 17:02:46.516, 2, 82992, 97871, 100, 517.57
2026/10/10 17:02:46.516, 3, 84477, 97871, 100, 518.81
2026/10/10 17:02:47.516, 0, 79488, 97871, 99, 455.00
2026/10/10 17:02:47.516, 1, 82092, 97871, 100, 521.42
2026/10/10 17:02:47.516, 2, 82992, 97871, 100, 515.84
2026/10/10 17:02:47.516, 3, 84477, 97871, 100, 520.18
2026/10/10 17:02:48.516, 0, 79488, 97871, 99, 452.05
2026/10/10 17:02:48.516, 1, 82092, 97871, 100, 522.44
2026/10/10 17:02:48.516, 2, 82992, 97871, 100, 514.23
2026/10/10 17:02:48.516, 3, 84477, 97871, 100, 518.33
2026/10/10 17:02:49.516, 0, 79488, 97871, 99, 469.18
2026/10/10 17:02:49.516, 1, 82092, 97871, 100, 520.01
2026/10/10 17:02:49.516, 2, 82992, 97871, 100, 509.36
2026/10/10 17:02:49.516, 3, 84477, 97871, 100, 516.12
2026/10/10 17:02:50.516, 0, 79488, 97871, 99, 459.88
2026/10/10 17:02:50.517, 1, 82092, 97871, 100, 518.20
2026/10/10 17:02:50.517, 2, 82992, 97871, 100, 516.82
2026/10/10 17:02:50.517, 3, 84477, 97871, 100, 519.85
2026/10/10 17:02:51.517, 0, 79488, 97871, 100, 462.32
2026/10/10 17:02:51.517, 1, 82092, 97871, 100, 516.35
2026/10/10 17:02:51.517, 2, 82992, 97871, 100, 513.33
2026/10/10 17:02:51.517, 3, 84477, 97871, 100, 520.44
2026/10/10 17:02:52.517, 0, 79488, 97871, 99, 462.86
2026/10/10 17:02:52.517, 1, 82092, 97871, 100, 523.80
2026/10/10 17:02:52.517, 2, 82992, 97871, 100, 515.61
2026/10/10 17:02:52.517, 3, 84477, 97871, 100, 520.90
2026/10/10 17:02:53.517, 0, 79488, 97871, 99, 463.68
2026/10/10 17:02:53.517, 1, 82092, 97871, 100, 524.92
2026/10/10 17:02:53.517, 2, 82992, 97871, 100, 512.95
2026/10/10 17:02:53.517, 3, 84477, 97871, 100, 522.67
2026/10/10 17:02:54.517, 0, 79488, 97871, 99, 463.95
2026/10/10 17:02:54.517, 1, 82092, 97871, 100, 521.05
2026/10/10 17:02:54.517, 2, 82992, 97871, 100, 514.32
2026/10/10 17:02:54.517, 3, 84477, 97871, 100, 521.32
2026/10/10 17:02:55.517, 0, 79488, 97871, 99, 464.78
2026/10/10 17:02:55.518, 1, 82092, 97871, 100, 520.39
2026/10/10 17:02:55.518, 2, 82992, 97871, 100, 514.38
2026/10/10 17:02:55.518, 3, 84477, 97871, 100, 514.74
2026/10/10 17:02:56.518, 0, 79488, 97871, 99, 449.85
2026/10/10 17:02:56.518, 1, 82092, 97871, 100, 520.32
2026/10/10 17:02:56.518, 2, 82992, 97871, 100, 516.40
2026/10/10 17:02:56.518, 3, 84477, 97871, 100, 519.22
2026/10/10 17:02:57.518, 0, 79488, 97871, 99, 454.18
2026/10/10 17:02:57.518, 1, 82092, 97871, 100, 521.02
2026/10/10 17:02:57.518, 2, 82992, 97871, 100, 517.10
2026/10/10 17:02:57.518, 3, 84477, 97871, 100, 523.79
2026/10/10 17:02:58.518, 0, 79488, 97871, 99, 454.08
2026/10/10 17:02:58.518, 1, 82092, 97871, 100, 520.94
2026/10/10 17:02:58.518, 2, 82992, 97871, 100, 517.11
2026/10/10 17:02:58.518, 3, 84477, 97871, 100, 520.44
2026/10/10 17:02:59.518, 0, 79488, 97871, 100, 456.02
2026/10/10 17:02:59.518, 1, 82092, 97871, 100, 521.78
2026/10/10 17:02:59.518, 2, 82992, 97871, 100, 512.71
2026/10/10 17:02:59.518, 3, 84477, 97871, 100, 515.89
2026/10/10 17:03:00.519, 0, 79488, 97871, 99, 456.99
2026/10/10 17:03:00.519, 1, 82092, 97871, 100, 521.09
2026/10/10 17:03:00.519, 2, 82992, 97871, 100, 514.50
2026/10/10 17:03:00.519, 3, 84477, 97871, 100, 518.51
2026/10/10 17:03:01.519, 0, 79488, 97871, 99, 456.96
2026/10/10 17:03:01.519, 1, 82092, 97871, 100, 521.39
2026/10/10 17:03:01.519, 2, 82992, 97871, 100, 515.38
2026/10/10 17:03:01.519, 3, 84477, 97871, 100, 520.33
2026/10/10 17:03:02.519, 0, 79488, 97871, 99, 451.75
2026/10/10 17:03:02.519, 1, 82092, 97871, 100, 522.02
2026/10/10 17:03:02.519, 2, 82992, 97871, 100, 514.23
2026/10/10 17:03:02.519, 3, 84477, 97871, 100, 515.30
2026/10/10 17:03:03.519, 0, 79488, 97871, 99, 455.57
2026/10/10 17:03:03.519, 1, 82092, 97871, 100, 520.14
2026/10/10 17:03:03.519, 2, 82992, 97871, 100, 514.79
2026/10/10 17:03:03.519, 3, 84477, 97871, 100, 519.90
2026/10/10 17:03:04.519, 0, 79488, 97871, 99, 451.24
2026/10/10 17:03:04.519, 1, 82092, 97871, 100, 521.74
2026/10/10 17:03:04.519, 2, 82992, 97871, 100, 518.22
2026/10/10 17:03:04.519, 3, 84477, 97871, 100, 517.71
2026/10/10 17:03:05.520, 0, 79488, 97871, 100, 453.65
2026/10/10 17:03:05.520, 1, 82092, 97871, 100, 522.68
2026/10/10 17:03:05.520, 2, 82992, 97871, 100, 511.89
2026/10/10 17:03:05.520, 3, 84477, 97871, 100, 519.44
2026/10/10 17:03:06.520, 0, 79488, 97871, 99, 458.46
2026/10/10 17:03:06.520, 1, 82092, 97871, 100, 523.59
2026/10/10 17:03:06.520, 2, 82992, 97871, 100, 507.01
2026/10/10 17:03:06.520, 3, 84477, 97871, 100, 519.93
2026/10/10 17:03:07.520, 0, 79488, 97871, 99, 458.66
2026/10/10 17:03:07.520, 1, 82092, 97871, 100, 518.86
2026/10/10 17:03:07.520, 2, 82992, 97871, 100, 507.33
2026/10/10 17:03:07.520, 3, 84477, 97871, 100, 517.98
2026/10/10 17:03:08.520, 0, 79488, 97871, 99, 454.95
2026/10/10 17:03:08.520, 1, 82092, 97871, 100, 522.20
2026/10/10 17:03:08.520, 2, 82992, 97871, 100, 505.04
2026/10/10 17:03:08.520, 3, 84477, 97871, 100, 520.46
2026/10/10 17:03:09.520, 0, 79488, 97871, 99, 454.54
2026/10/10 17:03:09.520, 1, 82092, 97871, 100, 521.12
2026/10/10 17:03:09.520, 2, 82992, 97871, 100, 506.84
2026/10/10 17:03:09.520, 3, 84477, 97871, 100, 519.04
2026/10/10 17:03:10.520, 0, 79488, 97871, 99, 454.53
2026/10/10 17:03:10.521, 1, 82092, 97871, 100, 521.01
2026/10/10 17:03:10.521, 2, 82992, 97871, 100, 506.43
2026/10/10 17:03:10.521, 3, 84477, 97871, 100, 520.96
2026/10/10 17:03:11.521, 0, 79488, 97871, 100, 454.29
2026/10/10 17:03:11.521, 1, 82092, 97871, 100, 523.75
2026/10/10 17:03:11.521, 2, 82991, 97871, 100, 507.31
2026/10/10 17:03:11.521, 3, 84476, 97871, 100, 517.22
2026/10/10 17:03:12.521, 0, 79488, 97871, 100, 456.04
2026/10/10 17:03:12.521, 1, 82092, 97871, 100, 526.25
2026/10/10 17:03:12.521, 2, 82991, 97871, 67, 482.86
2026/10/10 17:03:12.521, 3, 84476, 97871, 100, 521.05
2026/10/10 17:03:13.521, 0, 79488, 97871, 99, 455.55
2026/10/10 17:03:13.521, 1, 82092, 97871, 100, 522.47
2026/10/10 17:03:13.521, 2, 29, 97871, 2, 259.13
2026/10/10 17:03:13.521, 3, 84476, 97871, 100, 521.77
2026/10/10 17:03:14.521, 0, 79488, 97871, 100, 452.03
2026/10/10 17:03:14.521, 1, 82092, 97871, 100, 523.18
2026/10/10 17:03:14.521, 2, 29, 97871, 0, 145.89
2026/10/10 17:03:14.521, 3, 84476, 97871, 100, 519.61
2026/10/10 17:03:15.522, 0, 79488, 97871, 99, 453.93
2026/10/10 17:03:15.522, 1, 82092, 97871, 100, 521.55
2026/10/10 17:03:15.522, 2, 29, 97871, 0, 137.19
2026/10/10 17:03:15.522, 3, 84476, 97871, 100, 523.20
2026/10/10 17:03:16.522, 0, 79488, 97871, 100, 454.19
2026/10/10 17:03:16.522, 1, 82092, 97871, 100, 518.03
2026/10/10 17:03:16.522, 2, 29, 97871, 0, 90.09
2026/10/10 17:03:16.522, 3, 84476, 97871, 100, 517.83
2026/10/10 17:03:17.522, 0, 79488, 97871, 100, 456.39
2026/10/10 17:03:17.522, 1, 82092, 97871, 100, 518.12
2026/10/10 17:03:17.522, 2, 29, 97871, 0, 90.09
2026/10/10 17:03:17.522, 3, 84476, 97871, 100, 516.19
2026/10/10 17:03:18.522, 0, 79488, 97871, 99, 457.28
2026/10/10 17:03:18.522, 1, 82092, 97871, 100, 524.83
2026/10/10 17:03:18.522, 2, 29, 97871, 0, 89.85
2026/10/10 17:03:18.522, 3, 84476, 97871, 100, 515.67
2026/10/10 17:03:19.522, 0, 79488, 97871, 99, 454.30
2026/10/10 17:03:19.522, 1, 82092, 97871, 100, 523.82
2026/10/10 17:03:19.522, 2, 29, 97871, 0, 90.01
2026/10/10 17:03:19.523, 3, 84476, 97871, 100, 512.15
2026/10/10 17:03:20.523, 0, 79488, 97871, 99, 454.34
2026/10/10 17:03:20.523, 1, 82092, 97871, 100, 518.42
2026/10/10 17:03:20.523, 2, 29, 97871, 0, 89.85
2026/10/10 17:03:20.523, 3, 84476, 97871, 100, 509.94
2026/10/10 17:03:21.523, 0, 79488, 97871, 100, 464.59
2026/10/10 17:03:21.523, 1, 82092, 97871, 100, 517.68
2026/10/10 17:03:21.523, 2, 29, 97871, 0, 89.60
2026/10/10 17:03:21.523, 3, 84476, 97871, 100, 510.87
2026/10/10 17:03:22.523, 0, 79488, 97871, 99, 462.57
2026/10/10 17:03:22.523, 1, 82092, 97871, 100, 510.76
2026/10/10 17:03:22.523, 2, 29, 97871, 0, 89.53
2026/10/10 17:03:22.523, 3, 84476, 97871, 100, 511.42
2026/10/10 17:03:23.523, 0, 79488, 97871, 99, 463.87
2026/10/10 17:03:23.523, 1, 82092, 97871, 100, 508.74
2026/10/10 17:03:23.523, 2, 29, 97871, 0, 89.66
2026/10/10 17:03:23.523, 3, 84476, 97871, 0, 397.46
2026/10/10 17:03:24.524, 0, 79488, 97871, 98, 463.82
2026/10/10 17:03:24.524, 1, 82092, 97871, 100, 506.87
2026/10/10 17:03:24.524, 2, 29, 97871, 0, 89.83
2026/10/10 17:03:24.524, 3, 38, 97871, 0, 142.56
2026/10/10 17:03:25.524, 0, 79488, 97871, 99, 464.77
2026/10/10 17:03:25.524, 1, 82092, 97871, 100, 511.44
2026/10/10 17:03:25.524, 2, 29, 97871, 0, 89.60
2026/10/10 17:03:25.524, 3, 38, 97871, 0, 140.52
2026/10/10 17:03:26.524, 0, 79488, 97871, 99, 457.41
2026/10/10 17:03:26.524, 1, 82092, 97871, 73, 492.58
2026/10/10 17:03:26.524, 2, 29, 97871, 0, 89.45
2026/10/10 17:03:26.524, 3, 38, 97871, 0, 89.64
2026/10/10 17:03:27.524, 0, 79488, 97871, 99, 455.95
2026/10/10 17:03:27.524, 1, 82092, 97871, 98, 455.05
2026/10/10 17:03:27.524, 2, 29, 97871, 0, 89.36
2026/10/10 17:03:27.524, 3, 38, 97871, 0, 89.77
2026/10/10 17:03:28.525, 0, 79488, 97871, 99, 455.02
2026/10/10 17:03:28.525, 1, 63, 97871, 0, 177.55
2026/10/10 17:03:28.525, 2, 29, 97871, 0, 89.40
2026/10/10 17:03:28.525, 3, 38, 97871, 0, 89.71
2026/10/10 17:03:29.525, 0, 79488, 97871, 99, 455.34
2026/10/10 17:03:29.525, 1, 63, 97871, 0, 140.49
2026/10/10 17:03:29.525, 2, 29, 97871, 0, 89.26
2026/10/10 17:03:29.525, 3, 38, 97871, 0, 89.73
2026/10/10 17:03:30.525, 0, 79488, 97871, 90, 453.92
2026/10/10 17:03:30.525, 1, 63, 97871, 0, 95.41
2026/10/10 17:03:30.525, 2, 29, 97871, 0, 89.03
2026/10/10 17:03:30.525, 3, 38, 97871, 0, 89.73
2026/10/10 17:03:31.525, 0, 79488, 97871, 99, 454.57
2026/10/10 17:03:31.525, 1, 63, 97871, 0, 94.93
2026/10/10 17:03:31.525, 2, 29, 97871, 0, 88.90
2026/10/10 17:03:31.525, 3, 38, 97871, 0, 89.58
2026/10/10 17:03:32.525, 0, 79488, 97871, 99, 454.81
2026/10/10 17:03:32.526, 1, 63, 97871, 0, 94.76
2026/10/10 17:03:32.526, 2, 29, 97871, 0, 88.95
2026/10/10 17:03:32.526, 3, 38, 97871, 0, 89.41
2026/10/10 17:03:33.526, 0, 79488, 97871, 99, 454.70
2026/10/10 17:03:33.526, 1, 63, 97871, 0, 94.69
2026/10/10 17:03:33.526, 2, 29, 97871, 0, 88.94
2026/10/10 17:03:33.526, 3, 38, 97871, 0, 89.41
2026/10/10 17:03:34.526, 0, 79488, 97871, 99, 465.27
2026/10/10 17:03:34.526, 1, 63, 97871, 0, 94.58
2026/10/10 17:03:34.526, 2, 29, 97871, 0, 88.76
2026/10/10 17:03:34.526, 3, 38, 97871, 0, 89.39
2026/10/10 17:03:35.526, 0, 79488, 97871, 99, 458.45
2026/10/10 17:03:35.526, 1, 63, 97871, 0, 94.41
2026/10/10 17:03:35.526, 2, 29, 97871, 0, 88.75
2026/10/10 17:03:35.526, 3, 38, 97871, 0, 89.45
2026/10/10 17:03:36.526, 0, 79488, 97871, 99, 453.46
2026/10/10 17:03:36.526, 1, 63, 97871, 0, 94.43
2026/10/10 17:03:36.526, 2, 29, 97871, 0, 88.78
2026/10/10 17:03:36.527, 3, 38, 97871, 0, 89.41
2026/10/10 17:03:37.527, 0, 79488, 97871, 99, 455.15
2026/10/10 17:03:37.527, 1, 63, 97871, 0, 94.39
2026/10/10 17:03:37.527, 2, 29, 97871, 0, 88.68
2026/10/10 17:03:37.527, 3, 38, 97871, 0, 89.51
2026/10/10 17:03:38.527, 0, 79488, 97871, 99, 452.96
2026/10/10 17:03:38.527, 1, 63, 97871, 0, 94.34
2026/10/10 17:03:38.527, 2, 29, 97871, 0, 88.71
2026/10/10 17:03:38.527, 3, 38, 97871, 0, 89.36
2026/10/10 17:03:39.527, 0, 79488, 97871, 99, 454.48
2026/10/10 17:03:39.527, 1, 63, 97871, 0, 94.18
2026/10/10 17:03:39.527, 2, 29, 97871, 0, 88.75
2026/10/10 17:03:39.527, 3, 38, 97871, 0, 89.35
2026/10/10 17:03:40.527, 0, 79488, 97871, 100, 453.32
2026/10/10 17:03:40.527, 1, 63, 97871, 0, 94.16
2026/10/10 17:03:40.527, 2, 29, 97871, 0, 88.84
2026/10/10 17:03:40.527, 3, 38, 97871, 0, 89.22
2026/10/10 17:03:41.527, 0, 79488, 97871, 99, 453.90
2026/10/10 17:03:41.527, 1, 63, 97871, 0, 94.09
2026/10/10 17:03:41.528, 2, 29, 97871, 0, 88.80
2026/10/10 17:03:41.528, 3, 38, 97871, 0, 89.36
2026/10/10 17:03:42.528, 0, 79488, 97871, 99, 454.57
2026/10/10 17:03:42.528, 1, 63, 97871, 0, 93.98
2026/10/10 17:03:42.528, 2, 29, 97871, 0, 88.67
2026/10/10 17:03:42.528, 3, 38, 97871, 0, 89.12
2026/10/10 17:03:43.528, 0, 79488, 97871, 99, 455.03
2026/10/10 17:03:43.528, 1, 63, 97871, 0, 94.11
2026/10/10 17:03:43.528, 2, 29, 97871, 0, 88.85
2026/10/10 17:03:43.528, 3, 38, 97871, 0, 89.31
2026/10/10 17:03:44.528, 0, 79488, 97871, 99, 452.26
2026/10/10 17:03:44.528, 1, 63, 97871, 0, 94.09
2026/10/10 17:03:44.528, 2, 29, 97871, 0, 88.72
2026/10/10 17:03:44.528, 3, 38, 97871, 0, 89.37
2026/10/10 17:03:45.528, 0, 79488, 97871, 99, 453.75
2026/10/10 17:03:45.528, 1, 63, 97871, 0, 94.04
2026/10/10 17:03:45.528, 2, 29, 97871, 0, 88.71
2026/10/10 17:03:45.528, 3, 38, 97871, 0, 89.29
2026/10/10 17:03:46.528, 0, 79488, 97871, 99, 452.55
2026/10/10 17:03:46.529, 1, 63, 97871, 0, 94.12
2026/10/10 17:03:46.529, 2, 29, 97871, 0, 88.77
2026/10/10 17:03:46.529, 3, 38, 97871, 0, 89.33
2026/10/10 17:03:47.529, 0, 79488, 97871, 100, 452.16
2026/10/10 17:03:47.529, 1, 63, 97871, 0, 93.98
2026/10/10 17:03:47.529, 2, 29, 97871, 0, 88.71
2026/10/10 17:03:47.529, 3, 38, 97871, 0, 89.27
2026/10/10 17:03:48.529, 0, 79488, 97871, 100, 452.95
2026/10/10 17:03:48.529, 1, 63, 97871, 0, 94.03
2026/10/10 17:03:48.529, 2, 29, 97871, 0, 88.82
2026/10/10 17:03:48.529, 3, 38, 97871, 0, 89.11
2026/10/10 17:03:49.529, 0, 79488, 97871, 100, 453.86
2026/10/10 17:03:49.529, 1, 63, 97871, 0, 94.00
2026/10/10 17:03:49.529, 2, 29, 97871, 0, 88.84
2026/10/10 17:03:49.529, 3, 38, 97871, 0, 89.11
2026/10/10 17:03:50.529, 0, 79488, 97871, 99, 461.89
2026/10/10 17:03:50.529, 1, 63, 97871, 0, 93.95
2026/10/10 17:03:50.529, 2, 29, 97871, 0, 88.67
2026/10/10 17:03:50.529, 3, 38, 97871, 0, 89.01
2026/10/10 17:03:51.530, 0, 79488, 97871, 99, 459.45
2026/10/10 17:03:51.530, 1, 63, 97871, 0, 94.09
2026/10/10 17:03:51.530, 2, 29, 97871, 0, 88.68
2026/10/10 17:03:51.530, 3, 38, 97871, 0, 89.21
2026/10/10 17:03:52.530, 0, 79488, 97871, 99, 460.01
2026/10/10 17:03:52.530, 1, 63, 97871, 0, 94.15
2026/10/10 17:03:52.530, 2, 29, 97871, 0, 88.66
2026/10/10 17:03:52.530, 3, 38, 97871, 0, 89.16
2026/10/10 17:03:53.530, 0, 79488, 97871, 100, 460.48
2026/10/10 17:03:53.530, 1, 63, 97871, 0, 94.07
2026/10/10 17:03:53.530, 2, 29, 97871, 0, 88.69
2026/10/10 17:03:53.530, 3, 38, 97871, 0, 89.15
2026/10/10 17:03:54.530, 0, 79488, 97871, 99, 461.52
2026/10/10 17:03:54.530, 1, 63, 97871, 0, 94.11
2026/10/10 17:03:54.530, 2, 29, 97871, 0, 88.60
2026/10/10 17:03:54.530, 3, 38, 97871, 0, 89.14
2026/10/10 17:03:55.530, 0, 79488, 97871, 99, 461.76
2026/10/10 17:03:55.530, 1, 63, 97871, 0, 94.00
2026/10/10 17:03:55.530, 2, 29, 97871, 0, 88.72
2026/10/10 17:03:55.530, 3, 38, 97871, 0, 89.04
2026/10/10 17:03:56.531, 0, 79488, 97871, 100, 456.47
2026/10/10 17:03:56.531, 1, 63, 97871, 0, 94.03
2026/10/10 17:03:56.531, 2, 29, 97871, 0, 88.65
2026/10/10 17:03:56.531, 3, 38, 97871, 0, 89.12
2026/10/10 17:03:57.531, 0, 79488, 97871, 99, 454.06
2026/10/10 17:03:57.531, 1, 63, 97871, 0, 94.03
2026/10/10 17:03:57.531, 2, 29, 97871, 0, 88.61
2026/10/10 17:03:57.531, 3, 38, 97871, 0, 89.01
2026/10/10 17:03:58.531, 0, 79488, 97871, 100, 453.74
2026/10/10 17:03:58.531, 1, 63, 97871, 0, 94.00
2026/10/10 17:03:58.531, 2, 29, 97871, 0, 88.63
2026/10/10 17:03:58.531, 3, 38, 97871, 0, 89.06
2026/10/10 17:03:59.531, 0, 79488, 97871, 99, 453.00
2026/10/10 17:03:59.531, 1, 63, 97871, 0, 94.04
2026/10/10 17:03:59.531, 2, 29, 97871, 0, 88.74
2026/10/10 17:03:59.531, 3, 38, 97871, 0, 89.10
2026/10/10 17:04:00.531, 0, 79488, 97871, 99, 457.85
2026/10/10 17:04:00.531, 1, 63, 97871, 0, 94.03
2026/10/10 17:04:00.531, 2, 29, 97871, 0, 88.67
2026/10/10 17:04:00.531, 3, 38, 97871, 0, 89.04
2026/10/10 17:04:01.531, 0, 79488, 97871, 99, 454.62
2026/10/10 17:04:01.532, 1, 63, 97871, 0, 94.09
2026/10/10 17:04:01.532, 2, 29, 97871, 0, 88.67
2026/10/10 17:04:01.532, 3, 38, 97871, 0, 88.99
2026/10/10 17:04:02.532, 0, 79488, 97871, 99, 451.79
2026/10/10 17:04:02.532, 1, 63, 97871, 0, 94.15
2026/10/10 17:04:02.532, 2, 29, 97871, 0, 88.73
2026/10/10 17:04:02.532, 3, 38, 97871, 0, 89.00
2026/10/10 17:04:03.532, 0, 79488, 97871, 99, 453.30
2026/10/10 17:04:03.532, 1, 63, 97871, 0, 94.02
2026/10/10 17:04:03.532, 2, 29, 97871, 0, 88.63
2026/10/10 17:04:03.532, 3, 38, 97871, 0, 89.05
2026/10/10 17:04:04.532, 0, 79488, 97871, 99, 452.80
2026/10/10 17:04:04.532, 1, 63, 97871, 0, 94.12
2026/10/10 17:04:04.532, 2, 29, 97871, 0, 88.67
2026/10/10 17:04:04.532, 3, 38, 97871, 0, 89.07
2026/10/10 17:04:05.532, 0, 79488, 97871, 99, 454.71
2026/10/10 17:04:05.532, 1, 63, 97871, 0, 94.06
2026/10/10 17:04:05.532, 2, 29, 97871, 0, 88.76
2026/10/10 17:04:05.532, 3, 38, 97871, 0, 89.05
2026/10/10 17:04:06.533, 0, 79488, 97871, 99, 453.54
2026/10/10 17:04:06.533, 1, 63, 97871, 0, 94.02
2026/10/10 17:04:06.533, 2, 29, 97871, 0, 88.79
2026/10/10 17:04:06.533, 3, 38, 97871, 0, 88.86
2026/10/10 17:04:07.533, 0, 79488, 97871, 99, 454.14
2026/10/10 17:04:07.533, 1, 63, 97871, 0, 94.15
2026/10/10 17:04:07.533, 2, 29, 97871, 0, 88.79
2026/10/10 17:04:07.533, 3, 38, 97871, 0, 89.06
2026/10/10 17:04:08.533, 0, 79488, 97871, 99, 453.98
2026/10/10 17:04:08.533, 1, 63, 97871, 0, 94.04
2026/10/10 17:04:08.533, 2, 29, 97871, 0, 88.58
2026/10/10 17:04:08.533, 3, 38, 97871, 0, 89.11
2026/10/10 17:04:09.533, 0, 79488, 97871, 99, 430.07
2026/10/10 17:04:09.533, 1, 63, 97871, 0, 94.03
2026/10/10 17:04:09.533, 2, 29, 97871, 0, 88.67
2026/10/10 17:04:09.533, 3, 38, 97871, 0, 88.96
2026/10/10 17:04:10.533, 0, 79488, 97871, 99, 467.56
2026/10/10 17:04:10.533, 1, 63, 97871, 0, 94.08
2026/10/10 17:04:10.533, 2, 29, 97871, 0, 88.81
2026/10/10 17:04:10.533, 3, 38, 97871, 0, 89.02
2026/10/10 17:04:11.533, 0, 79488, 97871, 100, 468.42
2026/10/10 17:04:11.533, 1, 63, 97871, 0, 94.13
2026/10/10 17:04:11.533, 2, 29, 97871, 0, 88.77
2026/10/10 17:04:11.533, 3, 38, 97871, 0, 88.95
2026/10/10 17:04:12.534, 0, 79488, 97871, 99, 465.56
2026/10/10 17:04:12.534, 1, 63, 97871, 0, 94.14
2026/10/10 17:04:12.534, 2, 29, 97871, 0, 88.82
2026/10/10 17:04:12.534, 3, 38, 97871, 0, 88.98
2026/10/10 17:04:13.534, 0, 79488, 97871, 99, 467.51
2026/10/10 17:04:13.534, 1, 63, 97871, 0, 94.13
2026/10/10 17:04:13.534, 2, 29, 97871, 0, 88.88
2026/10/10 17:04:13.534, 3, 38, 97871, 0, 88.88
2026/10/10 17:04:14.534, 0, 79488, 97871, 99, 461.67
2026/10/10 17:04:14.534, 1, 63, 97871, 0, 94.25
2026/10/10 17:04:14.534, 2, 29, 97871, 0, 88.70
2026/10/10 17:04:14.534, 3, 38, 97871, 0, 88.80
2026/10/10 17:04:15.534, 0, 79488, 97871, 99, 477.24
2026/10/10 17:04:15.534, 1, 63, 97871, 0, 94.12
2026/10/10 17:04:15.534, 2, 29, 97871, 0, 88.76
2026/10/10 17:04:15.534, 3, 38, 97871, 0, 88.98
2026/10/10 17:04:16.534, 0, 79488, 97871, 99, 480.56
2026/10/10 17:04:16.534, 1, 63, 97871, 0, 94.23
2026/10/10 17:04:16.534, 2, 29, 97871, 0, 88.84
2026/10/10 17:04:16.534, 3, 38, 97871, 0, 88.77
2026/10/10 17:04:17.535, 0, 79488, 97871, 99, 472.20
2026/10/10 17:04:17.535, 1, 63, 97871, 0, 94.16
2026/10/10 17:04:17.535, 2, 29, 97871, 0, 88.76
2026/10/10 17:04:17.535, 3, 38, 97871, 0, 88.98
2026/10/10 17:04:18.535, 0, 79488, 97871, 99, 484.75
2026/10/10 17:04:18.535, 1, 63, 97871, 0, 94.07
2026/10/10 17:04:18.535, 2, 29, 97871, 0, 88.85
2026/10/10 17:04:18.535, 3, 38, 97871, 0, 88.90
2026/10/10 17:04:19.535, 0, 79488, 97871, 99, 479.68
2026/10/10 17:04:19.535, 1, 63, 97871, 0, 94.12
2026/10/10 17:04:19.535, 2, 29, 97871, 0, 88.78
2026/10/10 17:04:19.535, 3, 38, 97871, 0, 88.82
2026/10/10 17:04:20.535, 0, 79488, 97871, 97, 486.45
2026/10/10 17:04:20.535, 1, 63, 97871, 0, 94.11
2026/10/10 17:04:20.535, 2, 29, 97871, 0, 88.84
2026/10/10 17:04:20.535, 3, 38, 97871, 0, 88.88
2026/10/10 17:04:21.535, 0, 79488, 97871, 99, 479.66
2026/10/10 17:04:21.535, 1, 63, 97871, 0, 94.13
2026/10/10 17:04:21.535, 2, 29, 97871, 0, 88.92
2026/10/10 17:04:21.535, 3, 38, 97871, 0, 88.82
2026/10/10 17:04:22.535, 0, 79488, 97871, 99, 474.75
2026/10/10 17:04:22.535, 1, 63, 97871, 0, 94.19
2026/10/10 17:04:22.535, 2, 29, 97871, 0, 88.99
2026/10/10 17:04:22.536, 3, 38, 97871, 0, 88.79
2026/10/10 17:04:23.536, 0, 79488, 97871, 99, 477.77
2026/10/10 17:04:23.536, 1, 63, 97871, 0, 94.10
2026/10/10 17:04:23.536, 2, 29, 97871, 0, 89.01
2026/10/10 17:04:23.536, 3, 38, 97871, 0, 89.09
2026/10/10 17:04:24.536, 0, 79488, 97871, 99, 470.21
2026/10/10 17:04:24.536, 1, 63, 97871, 0, 94.20
2026/10/10 17:04:24.536, 2, 29, 97871, 0, 88.88
2026/10/10 17:04:24.536, 3, 38, 97871, 0, 88.91
2026/10/10 17:04:25.536, 0, 79488, 97871, 99, 480.43
2026/10/10 17:04:25.536, 1, 63, 97871, 0, 94.14
2026/10/10 17:04:25.536, 2, 29, 97871, 0, 88.86
2026/10/10 17:04:25.536, 3, 38, 97871, 0, 89.06
2026/10/10 17:04:26.536, 0, 79488, 97871, 99, 480.73
2026/10/10 17:04:26.536, 1, 63, 97871, 0, 94.07
2026/10/10 17:04:26.536, 2, 29, 97871, 0, 88.93
2026/10/10 17:04:26.536, 3, 38, 97871, 0, 89.12
2026/10/10 17:04:27.536, 0, 79488, 97871, 99, 478.22
2026/10/10 17:04:27.536, 1, 63, 97871, 0, 94.32
2026/10/10 17:04:27.536, 2, 29, 97871, 0, 88.93
2026/10/10 17:04:27.536, 3, 38, 97871, 0, 88.93
2026/10/10 17:04:28.536, 0, 79488, 97871, 99, 479.02
2026/10/10 17:04:28.537, 1, 63, 97871, 0, 94.19
2026/10/10 17:04:28.537, 2, 29, 97871, 0, 88.79
2026/10/10 17:04:28.537, 3, 38, 97871, 0, 89.02
2026/10/10 17:04:29.537, 0, 79488, 97871, 99, 477.27
2026/10/10 17:04:29.537, 1, 63, 97871, 0, 94.23
2026/10/10 17:04:29.537, 2, 29, 97871, 0, 88.85
2026/10/10 17:04:29.537, 3, 38, 97871, 0, 88.95
2026/10/10 17:04:30.537, 0, 79488, 97871, 99, 481.35
2026/10/10 17:04:30.537, 1, 63, 97871, 0, 94.13
2026/10/10 17:04:30.537, 2, 29, 97871, 0, 88.89
2026/10/10 17:04:30.537, 3, 38, 97871, 0, 88.93
2026/10/10 17:04:31.537, 0, 79488, 97871, 99, 472.54
2026/10/10 17:04:31.537, 1, 63, 97871, 0, 94.09
2026/10/10 17:04:31.537, 2, 29, 97871, 0, 88.80
2026/10/10 17:04:31.537, 3, 38, 97871, 0, 88.90
2026/10/10 17:04:32.537, 0, 79488, 97871, 99, 479.29
2026/10/10 17:04:32.537, 1, 63, 97871, 0, 94.20
2026/10/10 17:04:32.537, 2, 29, 97871, 0, 88.74
2026/10/10 17:04:32.537, 3, 38, 97871, 0, 88.94
2026/10/10 17:04:33.537, 0, 79488, 97871, 99, 473.11
2026/10/10 17:04:33.537, 1, 63, 97871, 0, 94.12
2026/10/10 17:04:33.537, 2, 29, 97871, 0, 88.87
2026/10/10 17:04:33.537, 3, 38, 97871, 0, 89.00
2026/10/10 17:04:34.538, 0, 79488, 97871, 99, 478.41
2026/10/10 17:04:34.538, 1, 63, 97871, 0, 94.18
2026/10/10 17:04:34.538, 2, 29, 97871, 0, 88.94
2026/10/10 17:04:34.538, 3, 38, 97871, 0, 88.86
2026/10/10 17:04:35.538, 0, 79488, 97871, 99, 472.02
2026/10/10 17:04:35.538, 1, 63, 97871, 0, 94.13
2026/10/10 17:04:35.538, 2, 29, 97871, 0, 88.95
2026/10/10 17:04:35.538, 3, 38, 97871, 0, 88.82
2026/10/10 17:04:36.538, 0, 79488, 97871, 99, 485.16
2026/10/10 17:04:36.538, 1, 63, 97871, 0, 94.03
2026/10/10 17:04:36.538, 2, 29, 97871, 0, 88.83
2026/10/10 17:04:36.538, 3, 38, 97871, 0, 88.90
2026/10/10 17:04:37.538, 0, 79488, 97871, 99, 472.66
2026/10/10 17:04:37.538, 1, 63, 97871, 0, 94.16
2026/10/10 17:04:37.538, 2, 29, 97871, 0, 88.89
2026/10/10 17:04:37.538, 3, 38, 97871, 0, 88.91
2026/10/10 17:04:38.538, 0, 79488, 97871, 99, 472.98
2026/10/10 17:04:38.538, 1, 63, 97871, 0, 94.12
2026/10/10 17:04:38.538, 2, 29, 97871, 0, 88.97
2026/10/10 17:04:38.538, 3, 38, 97871, 0, 88.86
2026/10/10 17:04:39.538, 0, 79488, 97871, 96, 470.05
2026/10/10 17:04:39.538, 1, 63, 97871, 0, 94.15
2026/10/10 17:04:39.538, 2, 29, 97871, 0, 88.99
2026/10/10 17:04:39.538, 3, 38, 97871, 0, 88.85
2026/10/10 17:04:40.538, 0, 79488, 97871, 100, 473.59
2026/10/10 17:04:40.538, 1, 63, 97871, 0, 94.27
2026/10/10 17:04:40.539, 2, 29, 97871, 0, 89.11
2026/10/10 17:04:40.539, 3, 38, 97871, 0, 88.82
2026/10/10 17:04:41.539, 0, 79488, 97871, 97, 470.06
2026/10/10 17:04:41.539, 1, 63, 97871, 0, 94.27
2026/10/10 17:04:41.539, 2, 29, 97871, 0, 89.05
2026/10/10 17:04:41.539, 3, 38, 97871, 0, 89.01
2026/10/10 17:04:42.539, 0, 79488, 97871, 99, 486.53
2026/10/10 17:04:42.539, 1, 63, 97871, 0, 94.28
2026/10/10 17:04:42.539, 2, 29, 97871, 0, 88.84
2026/10/10 17:04:42.539, 3, 38, 97871, 0, 88.83
2026/10/10 17:04:43.539, 0, 79488, 97871, 99, 474.16
2026/10/10 17:04:43.539, 1, 63, 97871, 0, 94.25
2026/10/10 17:04:43.539, 2, 29, 97871, 0, 88.97
2026/10/10 17:04:43.539, 3, 38, 97871, 0, 88.85
2026/10/10 17:04:44.539, 0, 79488, 97871, 99, 472.92
2026/10/10 17:04:44.539, 1, 63, 97871, 0, 94.32
2026/10/10 17:04:44.539, 2, 29, 97871, 0, 88.93
2026/10/10 17:04:44.539, 3, 38, 97871, 0, 88.87
2026/10/10 17:04:45.539, 0, 79488, 97871, 99, 476.81
2026/10/10 17:04:45.539, 1, 63, 97871, 0, 94.31
2026/10/10 17:04:45.539, 2, 29, 97871, 0, 88.98
2026/10/10 17:04:45.539, 3, 38, 97871, 0, 88.79
2026/10/10 17:04:46.540, 0, 79488, 97871, 99, 482.21
2026/10/10 17:04:46.540, 1, 63, 97871, 0, 94.21
2026/10/10 17:04:46.540, 2, 29, 97871, 0, 88.86
2026/10/10 17:04:46.540, 3, 38, 97871, 0, 88.91
2026/10/10 17:04:47.540, 0, 79488, 97871, 99, 481.73
2026/10/10 17:04:47.540, 1, 63, 97871, 0, 94.28
2026/10/10 17:04:47.540, 2, 29, 97871, 0, 88.96
2026/10/10 17:04:47.540, 3, 38, 97871, 0, 88.83
2026/10/10 17:04:48.540, 0, 79488, 97871, 100, 480.30
2026/10/10 17:04:48.540, 1, 63, 97871, 0, 94.27
2026/10/10 17:04:48.540, 2, 29, 97871, 0, 89.03
2026/10/10 17:04:48.540, 3, 38, 97871, 0, 88.85
2026/10/10 17:04:49.540, 0, 79488, 97871, 99, 477.30
2026/10/10 17:04:49.540, 1, 63, 97871, 0, 94.26
2026/10/10 17:04:49.540, 2, 29, 97871, 0, 89.01
2026/10/10 17:04:49.540, 3, 38, 97871, 0, 88.88
2026/10/10 17:04:50.540, 0, 79488, 97871, 99, 480.97
2026/10/10 17:04:50.540, 1, 63, 97871, 0, 94.35
2026/10/10 17:04:50.540, 2, 29, 97871, 0, 89.13
2026/10/10 17:04:50.540, 3, 38, 97871, 0, 88.93
2026/10/10 17:04:51.540, 0, 79488, 97871, 99, 486.56
2026/10/10 17:04:51.540, 1, 63, 97871, 0, 94.22
2026/10/10 17:04:51.540, 2, 29, 97871, 0, 88.93
2026/10/10 17:04:51.540, 3, 38, 97871, 0, 88.79
2026/10/10 17:04:52.540, 0, 79488, 97871, 97, 473.98
2026/10/10 17:04:52.541, 1, 63, 97871, 0, 94.36
2026/10/10 17:04:52.541, 2, 29, 97871, 0, 88.98
2026/10/10 17:04:52.541, 3, 38, 97871, 0, 88.78
2026/10/10 17:04:53.541, 0, 79488, 97871, 99, 475.10
2026/10/10 17:04:53.541, 1, 63, 97871, 0, 94.34
2026/10/10 17:04:53.541, 2, 29, 97871, 0, 89.00
2026/10/10 17:04:53.541, 3, 38, 97871, 0, 88.78
2026/10/10 17:04:54.541, 0, 79488, 97871, 96, 483.21
2026/10/10 17:04:54.541, 1, 63, 97871, 0, 94.31
2026/10/10 17:04:54.541, 2, 29, 97871, 0, 88.91
2026/10/10 17:04:54.541, 3, 38, 97871, 0, 88.72
2026/10/10 17:04:55.541, 0, 79488, 97871, 99, 472.18
2026/10/10 17:04:55.541, 1, 63, 97871, 0, 94.42
2026/10/10 17:04:55.541, 2, 29, 97871, 0, 88.88
2026/10/10 17:04:55.541, 3, 38, 97871, 0, 88.83
2026/10/10 17:04:56.541, 0, 79488, 97871, 97, 476.29
2026/10/10 17:04:56.541, 1, 63, 97871, 0, 94.31
2026/10/10 17:04:56.541, 2, 29, 97871, 0, 88.97
2026/10/10 17:04:56.541, 3, 38, 97871, 0, 88.91
2026/10/10 17:04:57.541, 0, 79488, 97871, 99, 479.71
2026/10/10 17:04:57.541, 1, 63, 97871, 0, 94.32
2026/10/10 17:04:57.541, 2, 29, 97871, 0, 88.86
2026/10/10 17:04:57.541, 3, 38, 97871, 0, 88.88
2026/10/10 17:04:58.541, 0, 79488, 97871, 99, 485.12
2026/10/10 17:04:58.541, 1, 63, 97871, 0, 94.39
2026/10/10 17:04:58.541, 2, 29, 97871, 0, 88.81
2026/10/10 17:04:58.542, 3, 38, 97871, 0, 88.86
2026/10/10 17:04:59.542, 0, 79488, 97871, 99, 480.02
2026/10/10 17:04:59.542, 1, 63, 97871, 0, 94.39
2026/10/10 17:04:59.542, 2, 29, 97871, 0, 88.86
2026/10/10 17:04:59.542, 3, 38, 97871, 0, 88.89
2026/10/10 17:05:00.542, 0, 79488, 97871, 97, 476.47
2026/10/10 17:05:00.542, 1, 63, 97871, 0, 94.36
2026/10/10 17:05:00.542, 2, 29, 97871, 0, 88.98
2026/10/10 17:05:00.542, 3, 38, 97871, 0, 88.77
2026/10/10 17:05:01.542, 0, 79488, 97871, 99, 480.25
2026/10/10 17:05:01.542, 1, 63, 97871, 0, 94.36
2026/10/10 17:05:01.542, 2, 29, 97871, 0, 88.99
2026/10/10 17:05:01.542, 3, 38, 97871, 0, 88.76
2026/10/10 17:05:02.542, 0, 79488, 97871, 99, 473.35
2026/10/10 17:05:02.542, 1, 63, 97871, 0, 94.29
2026/10/10 17:05:02.542, 2, 29, 97871, 0, 89.00
2026/10/10 17:05:02.542, 3, 38, 97871, 0, 88.74
2026/10/10 17:05:03.542, 0, 79488, 97871, 99, 469.01
2026/10/10 17:05:03.542, 1, 63, 97871, 0, 94.37
2026/10/10 17:05:03.542, 2, 29, 97871, 0, 89.13
2026/10/10 17:05:03.542, 3, 38, 97871, 0, 88.75
2026/10/10 17:05:04.542, 0, 79488, 97871, 99, 468.02
2026/10/10 17:05:04.542, 1, 63, 97871, 0, 94.29
2026/10/10 17:05:04.542, 2, 29, 97871, 0, 89.14
2026/10/10 17:05:04.543, 3, 38, 97871, 0, 88.70
2026/10/10 17:05:05.543, 0, 79488, 97871, 100, 462.60
2026/10/10 17:05:05.543, 1, 63, 97871, 0, 94.40
2026/10/10 17:05:05.543, 2, 29, 97871, 0, 89.08
2026/10/10 17:05:05.543, 3, 38, 97871, 0, 88.87
2026/10/10 17:05:06.543, 0, 79488, 97871, 99, 462.19
2026/10/10 17:05:06.543, 1, 63, 97871, 0, 94.39
2026/10/10 17:05:06.543, 2, 29, 97871, 0, 89.11
2026/10/10 17:05:06.543, 3, 38, 97871, 0, 88.87
2026/10/10 17:05:07.543, 0, 80160, 97871, 22, 412.20
2026/10/10 17:05:07.543, 1, 63, 97871, 0, 94.38
2026/10/10 17:05:07.543, 2, 29, 97871, 0, 89.01
2026/10/10 17:05:07.543, 3, 38, 97871, 0, 88.92
2026/10/10 17:05:08.543, 0, 80160, 97871, 100, 539.80
2026/10/10 17:05:08.543, 1, 63, 97871, 0, 94.26
2026/10/10 17:05:08.543, 2, 29, 97871, 0, 89.20
2026/10/10 17:05:08.543, 3, 38, 97871, 0, 88.83
2026/10/10 17:05:09.543, 0, 80160, 97871, 100, 540.23
2026/10/10 17:05:09.543, 1, 63, 97871, 0, 94.29
2026/10/10 17:05:09.543, 2, 29, 97871, 0, 89.34
2026/10/10 17:05:09.543, 3, 38, 97871, 0, 88.91
2026/10/10 17:05:10.543, 0, 80160, 97871, 100, 534.87
2026/10/10 17:05:10.543, 1, 63, 97871, 0, 94.14
2026/10/10 17:05:10.543, 2, 29, 97871, 0, 89.13
2026/10/10 17:05:10.543, 3, 38, 97871, 0, 88.76
2026/10/10 17:05:11.544, 0, 80160, 97871, 100, 534.37
2026/10/10 17:05:11.544, 1, 63, 97871, 0, 94.30
2026/10/10 17:05:11.544, 2, 29, 97871, 0, 89.17
2026/10/10 17:05:11.544, 3, 38, 97871, 0, 88.84
2026/10/10 17:05:12.544, 0, 80160, 97871, 100, 509.08
2026/10/10 17:05:12.544, 1, 63, 97871, 0, 94.41
2026/10/10 17:05:12.544, 2, 29, 97871, 0, 89.40
2026/10/10 17:05:12.544, 3, 37, 97871, 0, 88.91
2026/10/10 17:05:13.544, 0, 80160, 97871, 100, 500.56
2026/10/10 17:05:13.544, 1, 63, 97871, 0, 94.75
2026/10/10 17:05:13.544, 2, 29, 97871, 0, 89.40
2026/10/10 17:05:13.544, 3, 37, 97871, 0, 88.86
2026/10/10 17:05:14.544, 0, 80160, 97871, 99, 479.82
2026/10/10 17:05:14.544, 1, 63, 97871, 0, 94.82
2026/10/10 17:05:14.544, 2, 29, 97871, 0, 89.22
2026/10/10 17:05:14.544, 3, 37, 97871, 0, 88.72
2026/10/10 17:05:15.544, 0, 80160, 97871, 100, 492.66
2026/10/10 17:05:15.544, 1, 63, 97871, 0, 94.57
2026/10/10 17:05:15.544, 2, 29, 97871, 0, 89.21
2026/10/10 17:05:15.544, 3, 37, 97871, 0, 88.84
2026/10/10 17:05:16.544, 0, 80160, 97871, 100, 525.53
2026/10/10 17:05:16.544, 1, 63, 97871, 0, 94.51
2026/10/10 17:05:16.544, 2, 29, 97871, 0, 89.02
2026/10/10 17:05:16.544, 3, 37, 97871, 0, 88.80
2026/10/10 17:05:17.544, 0, 80160, 97871, 100, 523.27
2026/10/10 17:05:17.544, 1, 63, 97871, 0, 94.59
2026/10/10 17:05:17.544, 2, 29, 97871, 0, 89.14
2026/10/10 17:05:17.545, 3, 37, 97871, 0, 88.72
2026/10/10 17:05:18.545, 0, 80160, 97871, 93, 515.70
2026/10/10 17:05:18.545, 1, 63, 97871, 0, 94.63
2026/10/10 17:05:18.545, 2, 29, 97871, 0, 89.19
2026/10/10 17:05:18.545, 3, 37, 97871, 0, 88.83
2026/10/10 17:05:19.545, 0, 80160, 97871, 88, 522.33
2026/10/10 17:05:19.545, 1, 63, 97871, 0, 94.60
2026/10/10 17:05:19.545, 2, 29, 97871, 0, 89.25
2026/10/10 17:05:19.545, 3, 37, 97871, 0, 88.87
2026/10/10 17:05:20.545, 0, 80160, 97871, 100, 537.31
2026/10/10 17:05:20.545, 1, 63, 97871, 0, 94.50
2026/10/10 17:05:20.545, 2, 29, 97871, 0, 89.23
2026/10/10 17:05:20.545, 3, 37, 97871, 0, 88.80
2026/10/10 17:05:21.545, 0, 80160, 97871, 100, 523.33
2026/10/10 17:05:21.545, 1, 63, 97871, 0, 94.62
2026/10/10 17:05:21.545, 2, 29, 97871, 0, 89.17
2026/10/10 17:05:21.545, 3, 37, 97871, 0, 88.74
2026/10/10 17:05:22.545, 0, 80160, 97871, 89, 502.01
2026/10/10 17:05:22.545, 1, 63, 97871, 0, 94.46
2026/10/10 17:05:22.545, 2, 29, 97871, 0, 89.24
2026/10/10 17:05:22.545, 3, 37, 97871, 0, 88.84
2026/10/10 17:05:23.545, 0, 80160, 97871, 84, 519.84
2026/10/10 17:05:23.546, 1, 63, 97871, 0, 94.67
2026/10/10 17:05:23.546, 2, 29, 97871, 0, 89.26
2026/10/10 17:05:23.546, 3, 37, 97871, 0, 88.87
2026/10/10 17:05:24.546, 0, 80160, 97871, 92, 530.42
2026/10/10 17:05:24.546, 1, 63, 97871, 0, 94.51
2026/10/10 17:05:24.546, 2, 29, 97871, 0, 89.33
2026/10/10 17:05:24.546, 3, 37, 97871, 0, 88.73
2026/10/10 17:05:25.546, 0, 80160, 97871, 100, 520.60
2026/10/10 17:05:25.546, 1, 63, 97871, 0, 94.47
2026/10/10 17:05:25.546, 2, 29, 97871, 0, 89.15
2026/10/10 17:05:25.546, 3, 37, 97871, 0, 88.79
2026/10/10 17:05:26.546, 0, 80160, 97871, 98, 522.77
2026/10/10 17:05:26.546, 1, 63, 97871, 0, 94.46
2026/10/10 17:05:26.546, 2, 29, 97871, 0, 89.19
2026/10/10 17:05:26.546, 3, 37, 97871, 0, 88.75
2026/10/10 17:05:27.546, 0, 80160, 97871, 95, 534.27
2026/10/10 17:05:27.546, 1, 63, 97871, 0, 94.45
2026/10/10 17:05:27.546, 2, 29, 97871, 0, 89.18
2026/10/10 17:05:27.546, 3, 37, 97871, 0, 88.66
2026/10/10 17:05:28.546, 0, 80160, 97871, 95, 524.47
2026/10/10 17:05:28.546, 1, 63, 97871, 0, 94.53
2026/10/10 17:05:28.546, 2, 29, 97871, 0, 89.22
2026/10/10 17:05:28.546, 3, 37, 97871, 0, 88.82
2026/10/10 17:05:29.546, 0, 80160, 97871, 100, 537.83
2026/10/10 17:05:29.547, 1, 63, 97871, 0, 94.49
2026/10/10 17:05:29.547, 2, 29, 97871, 0, 89.29
2026/10/10 17:05:29.547, 3, 37, 97871, 0, 88.62
2026/10/10 17:05:30.547, 0, 80160, 97871, 100, 540.65
2026/10/10 17:05:30.547, 1, 63, 97871, 0, 94.42
2026/10/10 17:05:30.547, 2, 29, 97871, 0, 89.32
2026/10/10 17:05:30.547, 3, 37, 97871, 0, 88.77
2026/10/10 17:05:31.547, 0, 80160, 97871, 100, 528.87
2026/10/10 17:05:31.547, 1, 63, 97871, 0, 94.47
2026/10/10 17:05:31.547, 2, 29, 97871, 0, 89.21
2026/10/10 17:05:31.547, 3, 37, 97871, 0, 88.74
2026/10/10 17:05:32.547, 0, 80160, 97871, 99, 500.96
2026/10/10 17:05:32.547, 1, 63, 97871, 0, 94.50
2026/10/10 17:05:32.547, 2, 29, 97871, 0, 89.14
2026/10/10 17:05:32.547, 3, 37, 97871, 0, 88.79
2026/10/10 17:05:33.547, 0, 80160, 97871, 99, 478.35
2026/10/10 17:05:33.547, 1, 63, 97871, 0, 94.55
2026/10/10 17:05:33.547, 2, 29, 97871, 0, 89.06
2026/10/10 17:05:33.547, 3, 37, 97871, 0, 88.85
2026/10/10 17:05:34.547, 0, 80160, 97871, 100, 460.22
2026/10/10 17:05:34.547, 1, 63, 97871, 0, 94.54
2026/10/10 17:05:34.547, 2, 29, 97871, 0, 89.07
2026/10/10 17:05:34.547, 3, 37, 97871, 0, 88.90
2026/10/10 17:05:35.548, 0, 80160, 97871, 3, 412.61
2026/10/10 17:05:35.548, 1, 63, 97871, 0, 94.60
2026/10/10 17:05:35.548, 2, 29, 97871, 0, 89.00
2026/10/10 17:05:35.548, 3, 37, 97871, 0, 88.85
2026/10/10 17:05:36.548, 0, 80159, 97871, 95, 544.95
2026/10/10 17:05:36.548, 1, 63, 97871, 0, 94.46
2026/10/10 17:05:36.548, 2, 29, 97871, 0, 88.89
2026/10/10 17:05:36.548, 3, 37, 97871, 0, 88.83
2026/10/10 17:05:37.548, 0, 80159, 97871, 100, 525.61
2026/10/10 17:05:37.548, 1, 63, 97871, 0, 94.57
2026/10/10 17:05:37.548, 2, 29, 97871, 0, 89.12
2026/10/10 17:05:37.548, 3, 37, 97871, 0, 88.71
2026/10/10 17:05:38.548, 0, 80159, 97871, 97, 538.21
2026/10/10 17:05:38.548, 1, 63, 97871, 0, 94.43
2026/10/10 17:05:38.548, 2, 29, 97871, 0, 89.12
2026/10/10 17:05:38.548, 3, 37, 97871, 0, 88.83
2026/10/10 17:05:39.548, 0, 80159, 97871, 100, 539.83
2026/10/10 17:05:39.548, 1, 63, 97871, 0, 94.56
2026/10/10 17:05:39.548, 2, 29, 97871, 0, 89.14
2026/10/10 17:05:39.548, 3, 37, 97871, 0, 88.82
2026/10/10 17:05:40.548, 0, 80159, 97871, 100, 537.20
2026/10/10 17:05:40.548, 1, 63, 97871, 0, 94.37
2026/10/10 17:05:40.548, 2, 29, 97871, 0, 89.15
2026/10/10 17:05:40.548, 3, 37, 97871, 0, 88.70
2026/10/10 17:05:41.548, 0, 80159, 97871, 100, 536.05
2026/10/10 17:05:41.549, 1, 63, 97871, 0, 94.42
2026/10/10 17:05:41.549, 2, 29, 97871, 0, 89.12
2026/10/10 17:05:41.549, 3, 37, 97871, 0, 88.88
2026/10/10 17:05:42.549, 0, 80159, 97871, 100, 525.84
2026/10/10 17:05:42.549, 1, 63, 97871, 0, 94.58
2026/10/10 17:05:42.549, 2, 29, 97871, 0, 89.17
2026/10/10 17:05:42.549, 3, 37, 97871, 0, 88.72
2026/10/10 17:05:43.549, 0, 80159, 97871, 100, 493.36
2026/10/10 17:05:43.549, 1, 63, 97871, 0, 94.53
2026/10/10 17:05:43.549, 2, 29, 97871, 0, 89.28
2026/10/10 17:05:43.549, 3, 37, 97871, 0, 88.75
2026/10/10 17:05:44.549, 0, 80159, 97871, 100, 496.77
2026/10/10 17:05:44.549, 1, 63, 97871, 0, 94.49
2026/10/10 17:05:44.549, 2, 29, 97871, 0, 89.13
2026/10/10 17:05:44.549, 3, 37, 97871, 0, 88.69
2026/10/10 17:05:45.549, 0, 80159, 97871, 85, 527.22
2026/10/10 17:05:45.549, 1, 63, 97871, 0, 94.72
2026/10/10 17:05:45.549, 2, 29, 97871, 0, 89.13
2026/10/10 17:05:45.549, 3, 37, 97871, 0, 88.62
2026/10/10 17:05:46.549, 0, 80159, 97871, 93, 508.01
2026/10/10 17:05:46.549, 1, 63, 97871, 0, 94.62
2026/10/10 17:05:46.549, 2, 29, 97871, 0, 89.27
2026/10/10 17:05:46.549, 3, 37, 97871, 0, 88.73
2026/10/10 17:05:47.549, 0, 80159, 97871, 100, 522.48
2026/10/10 17:05:47.549, 1, 63, 97871, 0, 94.70
2026/10/10 17:05:47.549, 2, 29, 97871, 0, 89.09
2026/10/10 17:05:47.549, 3, 37, 97871, 0, 88.75
2026/10/10 17:05:48.550, 0, 80159, 97871, 100, 518.86
2026/10/10 17:05:48.550, 1, 63, 97871, 0, 94.60
2026/10/10 17:05:48.550, 2, 29, 97871, 0, 89.21
2026/10/10 17:05:48.550, 3, 37, 97871, 0, 88.81
2026/10/10 17:05:49.550, 0, 80159, 97871, 100, 526.57
2026/10/10 17:05:49.550, 1, 63, 97871, 0, 94.55
2026/10/10 17:05:49.550, 2, 29, 97871, 0, 89.41
2026/10/10 17:05:49.550, 3, 37, 97871, 0, 88.75
2026/10/10 17:05:50.550, 0, 80159, 97871, 94, 512.12
2026/10/10 17:05:50.550, 1, 63, 97871, 0, 94.61
2026/10/10 17:05:50.550, 2, 29, 97871, 0, 89.54
2026/10/10 17:05:50.550, 3, 37, 97871, 0, 88.79
2026/10/10 17:05:51.550, 0, 80159, 97871, 100, 517.22
2026/10/10 17:05:51.550, 1, 63, 97871, 0, 94.68
2026/10/10 17:05:51.550, 2, 29, 97871, 0, 89.25
2026/10/10 17:05:51.550, 3, 37, 97871, 0, 88.66
2026/10/10 17:05:52.550, 0, 80159, 97871, 94, 519.60
2026/10/10 17:05:52.550, 1, 63, 97871, 0, 94.72
2026/10/10 17:05:52.550, 2, 29, 97871, 0, 89.07
2026/10/10 17:05:52.550, 3, 37, 97871, 0, 88.76
2026/10/10 17:05:53.550, 0, 80159, 97871, 94, 519.50
2026/10/10 17:05:53.550, 1, 63, 97871, 0, 94.50
2026/10/10 17:05:53.551, 2, 29, 97871, 0, 89.37
2026/10/10 17:05:53.551, 3, 37, 97871, 0, 88.77
2026/10/10 17:05:54.551, 0, 80159, 97871, 66, 503.05
2026/10/10 17:05:54.551, 1, 63, 97871, 0, 94.68
2026/10/10 17:05:54.551, 2, 29, 97871, 0, 89.27
2026/10/10 17:05:54.551, 3, 37, 97871, 0, 88.82
2026/10/10 17:05:55.551, 0, 80159, 97871, 87, 515.53
2026/10/10 17:05:55.551, 1, 63, 97871, 0, 94.65
2026/10/10 17:05:55.551, 2, 29, 97871, 0, 89.33
2026/10/10 17:05:55.551, 3, 37, 97871, 0, 88.81
2026/10/10 17:05:56.551, 0, 80159, 97871, 95, 513.01
2026/10/10 17:05:56.551, 1, 63, 97871, 0, 94.60
2026/10/10 17:05:56.551, 2, 29, 97871, 0, 89.31
2026/10/10 17:05:56.551, 3, 37, 97871, 0, 88.73
2026/10/10 17:05:57.551, 0, 80159, 97871, 100, 510.56
2026/10/10 17:05:57.551, 1, 63, 97871, 0, 94.67
2026/10/10 17:05:57.551, 2, 29, 97871, 0, 89.55
2026/10/10 17:05:57.551, 3, 37, 97871, 0, 88.78
2026/10/10 17:05:58.551, 0, 80159, 97871, 100, 518.60
2026/10/10 17:05:58.551, 1, 63, 97871, 0, 94.49
2026/10/10 17:05:58.551, 2, 29, 97871, 0, 89.47
2026/10/10 17:05:58.551, 3, 37, 97871, 0, 88.92
2026/10/10 17:05:59.551, 0, 80159, 97871, 100, 511.03
2026/10/10 17:05:59.551, 1, 63, 97871, 0, 94.54
2026/10/10 17:05:59.551, 2, 29, 97871, 0, 89.36
2026/10/10 17:05:59.552, 3, 37, 97871, 0, 88.77
2026/10/10 17:06:00.552, 0, 80159, 97871, 97, 523.91
2026/10/10 17:06:00.552, 1, 63, 97871, 0, 94.57
2026/10/10 17:06:00.552, 2, 29, 97871, 0, 89.36
2026/10/10 17:06:00.552, 3, 37, 97871, 0, 88.88
2026/10/10 17:06:01.552, 0, 80159, 97871, 92, 515.60
2026/10/10 17:06:01.552, 1, 63, 97871, 0, 94.50
2026/10/10 17:06:01.552, 2, 29, 97871, 0, 89.31
2026/10/10 17:06:01.552, 3, 37, 97871, 0, 88.92
2026/10/10 17:06:02.552, 0, 80159, 97871, 90, 519.00
2026/10/10 17:06:02.552, 1, 63, 97871, 0, 94.50
2026/10/10 17:06:02.552, 2, 29, 97871, 0, 89.25
2026/10/10 17:06:02.552, 3, 37, 97871, 0, 88.93
2026/10/10 17:06:03.552, 0, 80159, 97871, 100, 525.41
2026/10/10 17:06:03.553, 1, 63, 97871, 0, 94.64
2026/10/10 17:06:03.553, 2, 29, 97871, 0, 89.37
2026/10/10 17:06:03.553, 3, 37, 97871, 0, 88.96
2026/10/10 17:06:04.553, 0, 80159, 97871, 100, 528.25
2026/10/10 17:06:04.553, 1, 63, 97871, 0, 94.46
2026/10/10 17:06:04.553, 2, 29, 97871, 0, 89.28
2026/10/10 17:06:04.553, 3, 37, 97871, 0, 88.90
2026/10/10 17:06:05.553, 0, 80159, 97871, 100, 534.41
2026/10/10 17:06:05.553, 1, 63, 97871, 0, 94.57
2026/10/10 17:06:05.553, 2, 29, 97871, 0, 89.26
2026/10/10 17:06:05.553, 3, 37, 97871, 0, 88.74
2026/10/10 17:06:06.553, 0, 80159, 97871, 100, 539.15
2026/10/10 17:06:06.553, 1, 63, 97871, 0, 94.60
2026/10/10 17:06:06.553, 2, 29, 97871, 0, 89.04
2026/10/10 17:06:06.553, 3, 37, 97871, 0, 88.86
2026/10/10 17:06:07.553, 0, 80159, 97871, 100, 538.46
2026/10/10 17:06:07.553, 1, 63, 97871, 0, 94.67
2026/10/10 17:06:07.553, 2, 29, 97871, 0, 89.21
2026/10/10 17:06:07.553, 3, 37, 97871, 0, 88.70
2026/10/10 17:06:08.553, 0, 80159, 97871, 100, 507.71
2026/10/10 17:06:08.553, 1, 63, 97871, 0, 94.78
2026/10/10 17:06:08.553, 2, 29, 97871, 0, 89.18
2026/10/10 17:06:08.553, 3, 37, 97871, 0, 88.75
2026/10/10 17:06:09.554, 0, 80159, 97871, 100, 479.69
2026/10/10 17:06:09.554, 1, 63, 97871, 0, 94.80
2026/10/10 17:06:09.554, 2, 29, 97871, 0, 89.10
2026/10/10 17:06:09.554, 3, 37, 97871, 0, 88.72
2026/10/10 17:06:10.554, 0, 80159, 97871, 100, 462.21
2026/10/10 17:06:10.554, 1, 63, 97871, 0, 94.65
2026/10/10 17:06:10.554, 2, 29, 97871, 0, 89.28
2026/10/10 17:06:10.554, 3, 37, 97871, 0, 88.81
2026/10/10 17:06:11.554, 0, 80159, 97871, 100, 447.74
2026/10/10 17:06:11.554, 1, 63, 97871, 0, 94.74
2026/10/10 17:06:11.554, 2, 29, 97871, 0, 89.29
2026/10/10 17:06:11.554, 3, 37, 97871, 0, 88.91
2026/10/10 17:06:12.554, 0, 80159, 97871, 100, 543.19
2026/10/10 17:06:12.554, 1, 63, 97871, 0, 94.78
2026/10/10 17:06:12.554, 2, 29, 97871, 0, 89.27
2026/10/10 17:06:12.554, 3, 37, 97871, 0, 88.66
2026/10/10 17:06:13.555, 0, 80159, 97871, 100, 520.53
2026/10/10 17:06:13.555, 1, 63, 97871, 0, 94.66
2026/10/10 17:06:13.555, 2, 29, 97871, 0, 89.41
2026/10/10 17:06:13.555, 3, 37, 97871, 0, 88.81
2026/10/10 17:06:14.555, 0, 80159, 97871, 100, 516.93
2026/10/10 17:06:14.555, 1, 63, 97871, 0, 94.85
2026/10/10 17:06:14.555, 2, 29, 97871, 0, 89.46
2026/10/10 17:06:14.555, 3, 37, 97871, 0, 88.90
2026/10/10 17:06:15.555, 0, 80159, 97871, 100, 517.66
2026/10/10 17:06:15.555, 1, 63, 97871, 0, 94.76
2026/10/10 17:06:15.555, 2, 29, 97871, 0, 89.55
2026/10/10 17:06:15.555, 3, 37, 97871, 0, 88.77
2026/10/10 17:06:16.555, 0, 80159, 97871, 100, 520.85
2026/10/10 17:06:16.555, 1, 63, 97871, 0, 94.64
2026/10/10 17:06:16.555, 2, 29, 97871, 0, 89.57
2026/10/10 17:06:16.555, 3, 37, 97871, 0, 88.72
2026/10/10 17:06:17.555, 0, 80159, 97871, 100, 522.01
2026/10/10 17:06:17.555, 1, 63, 97871, 0, 94.72
2026/10/10 17:06:17.555, 2, 29, 97871, 0, 89.50
2026/10/10 17:06:17.555, 3, 37, 97871, 0, 88.82
2026/10/10 17:06:18.556, 0, 80159, 97871, 100, 528.56
2026/10/10 17:06:18.556, 1, 63, 97871, 0, 94.49
2026/10/10 17:06:18.556, 2, 29, 97871, 0, 89.29
2026/10/10 17:06:18.556, 3, 37, 97871, 0, 88.91
2026/10/10 17:06:19.556, 0, 80159, 97871, 100, 534.44
2026/10/10 17:06:19.556, 1, 63, 97871, 0, 94.62
2026/10/10 17:06:19.556, 2, 29, 97871, 0, 89.38
2026/10/10 17:06:19.556, 3, 37, 97871, 0, 88.71
2026/10/10 17:06:20.556, 0, 80159, 97871, 100, 536.12
2026/10/10 17:06:20.556, 1, 63, 97871, 0, 94.49
2026/10/10 17:06:20.556, 2, 29, 97871, 0, 89.32
2026/10/10 17:06:20.556, 3, 37, 97871, 0, 88.70
2026/10/10 17:06:21.556, 0, 80159, 97871, 100, 529.10
2026/10/10 17:06:21.556, 1, 63, 97871, 0, 94.65
2026/10/10 17:06:21.556, 2, 29, 97871, 0, 89.39
2026/10/10 17:06:21.556, 3, 37, 97871, 0, 88.67
2026/10/10 17:06:22.556, 0, 80159, 97871, 76, 482.61
2026/10/10 17:06:22.556, 1, 63, 97871, 0, 94.50
2026/10/10 17:06:22.556, 2, 29, 97871, 0, 89.36
2026/10/10 17:06:22.556, 3, 37, 97871, 0, 88.59
2026/10/10 17:06:23.557, 0, 80159, 97871, 100, 537.56
2026/10/10 17:06:23.557, 1, 63, 97871, 0, 94.90
2026/10/10 17:06:23.557, 2, 29, 97871, 0, 89.29
2026/10/10 17:06:23.557, 3, 37, 97871, 0, 88.76
2026/10/10 17:06:24.557, 0, 80159, 97871, 100, 531.12
2026/10/10 17:06:24.557, 1, 63, 97871, 0, 94.58
2026/10/10 17:06:24.557, 2, 29, 97871, 0, 89.16
2026/10/10 17:06:24.557, 3, 37, 97871, 0, 88.59
2026/10/10 17:06:25.557, 0, 80159, 97871, 100, 515.64
2026/10/10 17:06:25.557, 1, 63, 97871, 0, 94.66
2026/10/10 17:06:25.557, 2, 29, 97871, 0, 89.52
2026/10/10 17:06:25.557, 3, 37, 97871, 0, 88.71
2026/10/10 17:06:26.557, 0, 80159, 97871, 100, 518.91
2026/10/10 17:06:26.557, 1, 63, 97871, 0, 94.76
2026/10/10 17:06:26.557, 2, 29, 97871, 0, 89.58
2026/10/10 17:06:26.557, 3, 37, 97871, 0, 88.68
2026/10/10 17:06:27.557, 0, 80159, 97871, 100, 515.20
2026/10/10 17:06:27.557, 1, 63, 97871, 0, 94.71
2026/10/10 17:06:27.557, 2, 29, 97871, 0, 89.67
2026/10/10 17:06:27.557, 3, 37, 97871, 0, 88.77
2026/10/10 17:06:28.557, 0, 80159, 97871, 100, 516.39
2026/10/10 17:06:28.557, 1, 63, 97871, 0, 94.50
2026/10/10 17:06:28.558, 2, 29, 97871, 0, 89.57
2026/10/10 17:06:28.558, 3, 37, 97871, 0, 88.84
2026/10/10 17:06:29.558, 0, 80159, 97871, 100, 517.40
2026/10/10 17:06:29.558, 1, 63, 97871, 0, 94.51
2026/10/10 17:06:29.558, 2, 29, 97871, 0, 89.55
2026/10/10 17:06:29.558, 3, 37, 97871, 0, 88.77
2026/10/10 17:06:30.558, 0, 80159, 97871, 100, 516.88
2026/10/10 17:06:30.558, 1, 63, 97871, 0, 94.47
2026/10/10 17:06:30.558, 2, 29, 97871, 0, 89.66
2026/10/10 17:06:30.558, 3, 37, 97871, 0, 88.69
2026/10/10 17:06:31.558, 0, 80159, 97871, 100, 515.12
2026/10/10 17:06:31.558, 1, 63, 97871, 0, 94.55
2026/10/10 17:06:31.558, 2, 29, 97871, 0, 89.58
2026/10/10 17:06:31.558, 3, 37, 97871, 0, 88.67
2026/10/10 17:06:32.558, 0, 80159, 97871, 100, 516.83
2026/10/10 17:06:32.558, 1, 63, 97871, 0, 94.59
2026/10/10 17:06:32.558, 2, 29, 97871, 0, 89.72
2026/10/10 17:06:32.558, 3, 37, 97871, 0, 88.68
2026/10/10 17:06:33.558, 0, 80159, 97871, 100, 520.79
2026/10/10 17:06:33.558, 1, 63, 97871, 0, 94.64
2026/10/10 17:06:33.558, 2, 29, 97871, 0, 89.55
2026/10/10 17:06:33.558, 3, 37, 97871, 0, 88.69
2026/10/10 17:06:34.558, 0, 80159, 97871, 100, 518.65
2026/10/10 17:06:34.559, 1, 63, 97871, 0, 94.40
2026/10/10 17:06:34.559, 2, 29, 97871, 0, 89.77
2026/10/10 17:06:34.559, 3, 37, 97871, 0, 88.73
2026/10/10 17:06:35.559, 0, 80159, 97871, 100, 519.22
2026/10/10 17:06:35.559, 1, 63, 97871, 0, 94.64
2026/10/10 17:06:35.559, 2, 29, 97871, 0, 89.59
2026/10/10 17:06:35.559, 3, 37, 97871, 0, 88.73
2026/10/10 17:06:36.559, 0, 80159, 97871, 100, 515.74
2026/10/10 17:06:36.559, 1, 63, 97871, 0, 94.53
2026/10/10 17:06:36.559, 2, 29, 97871, 0, 89.74
2026/10/10 17:06:36.559, 3, 37, 97871, 0, 88.87
2026/10/10 17:06:37.559, 0, 80159, 97871, 100, 514.20
2026/10/10 17:06:37.559, 1, 63, 97871, 0, 94.74
2026/10/10 17:06:37.559, 2, 29, 97871, 0, 89.79
2026/10/10 17:06:37.559, 3, 37, 97871, 0, 88.76
2026/10/10 17:06:38.559, 0, 80159, 97871, 100, 515.21
2026/10/10 17:06:38.559, 1, 63, 97871, 0, 94.75
2026/10/10 17:06:38.559, 2, 29, 97871, 0, 89.82
2026/10/10 17:06:38.559, 3, 37, 97871, 0, 88.76
2026/10/10 17:06:39.559, 0, 80159, 97871, 100, 516.58
2026/10/10 17:06:39.559, 1, 63, 97871, 0, 94.82
2026/10/10 17:06:39.559, 2, 29, 97871, 0, 89.86
2026/10/10 17:06:39.559, 3, 37, 97871, 0, 88.76
2026/10/10 17:06:40.559, 0, 80159, 97871, 100, 516.92
2026/10/10 17:06:40.559, 1, 63, 97871, 0, 94.86
2026/10/10 17:06:40.559, 2, 29, 97871, 0, 89.83
2026/10/10 17:06:40.560, 3, 37, 97871, 0, 88.81
2026/10/10 17:06:41.560, 0, 80159, 97871, 100, 518.29
2026/10/10 17:06:41.560, 1, 63, 97871, 0, 94.72
2026/10/10 17:06:41.560, 2, 29, 97871, 0, 89.73
2026/10/10 17:06:41.560, 3, 37, 97871, 0, 88.63
2026/10/10 17:06:42.560, 0, 80159, 97871, 100, 515.97
2026/10/10 17:06:42.560, 1, 63, 97871, 0, 94.64
2026/10/10 17:06:42.560, 2, 29, 97871, 0, 89.74
2026/10/10 17:06:42.560, 3, 37, 97871, 0, 88.73
2026/10/10 17:06:43.560, 0, 80159, 97871, 100, 518.22
2026/10/10 17:06:43.560, 1, 63, 97871, 0, 94.62
2026/10/10 17:06:43.560, 2, 29, 97871, 0, 89.79
2026/10/10 17:06:43.560, 3, 37, 97871, 0, 88.67
2026/10/10 17:06:44.560, 0, 80159, 97871, 100, 515.91
2026/10/10 17:06:44.560, 1, 63, 97871, 0, 94.70
2026/10/10 17:06:44.560, 2, 29, 97871, 0, 89.61
2026/10/10 17:06:44.560, 3, 37, 97871, 0, 88.79
2026/10/10 17:06:45.560, 0, 80159, 97871, 100, 517.34
2026/10/10 17:06:45.560, 1, 63, 97871, 0, 94.67
2026/10/10 17:06:45.560, 2, 29, 97871, 0, 89.56
2026/10/10 17:06:45.560, 3, 37, 97871, 0, 88.71
2026/10/10 17:06:46.560, 0, 80159, 97871, 100, 511.80
2026/10/10 17:06:46.560, 1, 63, 97871, 0, 94.69
2026/10/10 17:06:46.560, 2, 29, 97871, 0, 89.53
2026/10/10 17:06:46.560, 3, 37, 97871, 0, 88.81
2026/10/10 17:06:47.560, 0, 80159, 97871, 100, 516.50
2026/10/10 17:06:47.561, 1, 63, 97871, 0, 94.81
2026/10/10 17:06:47.561, 2, 29, 97871, 0, 89.65
2026/10/10 17:06:47.561, 3, 37, 97871, 0, 88.68
2026/10/10 17:06:48.561, 0, 80159, 97871, 100, 514.83
2026/10/10 17:06:48.561, 1, 63, 97871, 0, 94.67
2026/10/10 17:06:48.561, 2, 29, 97871, 0, 89.75
2026/10/10 17:06:48.561, 3, 37, 97871, 0, 88.73
2026/10/10 17:06:49.561, 0, 80159, 97871, 100, 516.82
2026/10/10 17:06:49.561, 1, 63, 97871, 0, 94.56
2026/10/10 17:06:49.561, 2, 29, 97871, 0, 89.75
2026/10/10 17:06:49.561, 3, 37, 97871, 0, 88.79
2026/10/10 17:06:50.561, 0, 80159, 97871, 100, 516.78
2026/10/10 17:06:50.561, 1, 63, 97871, 0, 94.83
2026/10/10 17:06:50.561, 2, 29, 97871, 0, 89.60
2026/10/10 17:06:50.561, 3, 37, 97871, 0, 88.87
2026/10/10 17:06:51.561, 0, 80159, 97871, 100, 514.43
2026/10/10 17:06:51.561, 1, 63, 97871, 0, 94.68
2026/10/10 17:06:51.561, 2, 29, 97871, 0, 89.93
2026/10/10 17:06:51.561, 3, 37, 97871, 0, 88.85
2026/10/10 17:06:52.561, 0, 80159, 97871, 100, 519.19
2026/10/10 17:06:52.561, 1, 63, 97871, 0, 94.62
2026/10/10 17:06:52.561, 2, 29, 97871, 0, 89.74
2026/10/10 17:06:52.561, 3, 37, 97871, 0, 88.58
2026/10/10 17:06:53.561, 0, 80159, 97871, 100, 519.01
2026/10/10 17:06:53.562, 1, 63, 97871, 0, 94.64
2026/10/10 17:06:53.562, 2, 29, 97871, 0, 89.81
2026/10/10 17:06:53.562, 3, 37, 97871, 0, 88.70
2026/10/10 17:06:54.562, 0, 80159, 97871, 100, 520.57
2026/10/10 17:06:54.562, 1, 63, 97871, 0, 94.59
2026/10/10 17:06:54.562, 2, 29, 97871, 0, 89.65
2026/10/10 17:06:54.562, 3, 37, 97871, 0, 88.78
2026/10/10 17:06:55.562, 0, 80159, 97871, 100, 526.78
2026/10/10 17:06:55.562, 1, 63, 97871, 0, 94.79
2026/10/10 17:06:55.562, 2, 29, 97871, 0, 89.62
2026/10/10 17:06:55.562, 3, 37, 97871, 0, 88.68
2026/10/10 17:06:56.562, 0, 80159, 97871, 100, 534.20
2026/10/10 17:06:56.562, 1, 63, 97871, 0, 94.69
2026/10/10 17:06:56.562, 2, 29, 97871, 0, 89.70
2026/10/10 17:06:56.562, 3, 37, 97871, 0, 88.64
2026/10/10 17:06:57.562, 0, 80159, 97871, 100, 537.06
2026/10/10 17:06:57.562, 1, 63, 97871, 0, 94.70
2026/10/10 17:06:57.562, 2, 29, 97871, 0, 89.59
2026/10/10 17:06:57.562, 3, 37, 97871, 0, 88.68
2026/10/10 17:06:58.562, 0, 80159, 97871, 99, 508.21
2026/10/10 17:06:58.562, 1, 63, 97871, 0, 94.63
2026/10/10 17:06:58.562, 2, 29, 97871, 0, 89.68
2026/10/10 17:06:58.562, 3, 37, 97871, 0, 88.79
2026/10/10 17:06:59.562, 0, 80159, 97871, 99, 465.98
2026/10/10 17:06:59.562, 1, 63, 97871, 0, 94.61
2026/10/10 17:06:59.562, 2, 29, 97871, 0, 89.73
2026/10/10 17:06:59.562, 3, 37, 97871, 0, 88.80
2026/10/10 17:07:00.563, 0, 80159, 97871, 0, 289.33
2026/10/10 17:07:00.563, 1, 63, 97871, 0, 94.65
2026/10/10 17:07:00.563, 2, 29, 97871, 0, 89.69
2026/10/10 17:07:00.563, 3, 37, 97871, 0, 88.71
2026/10/10 17:07:01.563, 0, 80159, 97871, 100, 550.32
2026/10/10 17:07:01.563, 1, 63, 97871, 0, 94.79
2026/10/10 17:07:01.563, 2, 29, 97871, 0, 89.93
2026/10/10 17:07:01.563, 3, 37, 97871, 0, 88.74
2026/10/10 17:07:02.563, 0, 80159, 97871, 100, 536.53
2026/10/10 17:07:02.563, 1, 63, 97871, 0, 94.60
2026/10/10 17:07:02.563, 2, 29, 97871, 0, 89.59
2026/10/10 17:07:02.563, 3, 37, 97871, 0, 88.72
2026/10/10 17:07:03.563, 0, 80159, 97871, 100, 535.56
2026/10/10 17:07:03.563, 1, 63, 97871, 0, 94.54
2026/10/10 17:07:03.563, 2, 29, 97871, 0, 89.46
2026/10/10 17:07:03.563, 3, 37, 97871, 0, 88.65
2026/10/10 17:07:04.563, 0, 80159, 97871, 100, 532.66
2026/10/10 17:07:04.563, 1, 63, 97871, 0, 94.80
2026/10/10 17:07:04.563, 2, 29, 97871, 0, 89.48
2026/10/10 17:07:04.563, 3, 37, 97871, 0, 88.69
2026/10/10 17:07:05.563, 0, 80159, 97871, 100, 520.81
2026/10/10 17:07:05.563, 1, 63, 97871, 0, 94.57
2026/10/10 17:07:05.563, 2, 29, 97871, 0, 89.86
2026/10/10 17:07:05.563, 3, 37, 97871, 0, 88.69
2026/10/10 17:07:06.563, 0, 80159, 97871, 100, 516.97
2026/10/10 17:07:06.564, 1, 63, 97871, 0, 94.72
2026/10/10 17:07:06.564, 2, 29, 97871, 0, 89.93
2026/10/10 17:07:06.564, 3, 37, 97871, 0, 88.64
2026/10/10 17:07:07.564, 0, 80159, 97871, 100, 520.89
2026/10/10 17:07:07.564, 1, 63, 97871, 0, 94.68
2026/10/10 17:07:07.564, 2, 29, 97871, 0, 89.94
2026/10/10 17:07:07.564, 3, 37, 97871, 0, 88.77
2026/10/10 17:07:08.564, 0, 80159, 97871, 100, 518.92
2026/10/10 17:07:08.564, 1, 63, 97871, 0, 94.81
2026/10/10 17:07:08.564, 2, 29, 97871, 0, 90.05
2026/10/10 17:07:08.564, 3, 37, 97871, 0, 88.80
2026/10/10 17:07:09.564, 0, 80159, 97871, 100, 520.99
2026/10/10 17:07:09.564, 1, 63, 97871, 0, 94.85
2026/10/10 17:07:09.564, 2, 29, 97871, 0, 89.99
2026/10/10 17:07:09.564, 3, 37, 97871, 0, 88.75
2026/10/10 17:07:10.564, 0, 80159, 97871, 100, 520.00
2026/10/10 17:07:10.564, 1, 63, 97871, 0, 94.67
2026/10/10 17:07:10.564, 2, 29, 97871, 0, 89.83
2026/10/10 17:07:10.564, 3, 37, 97871, 0, 88.58
2026/10/10 17:07:11.564, 0, 80159, 97871, 100, 516.99
2026/10/10 17:07:11.564, 1, 63, 97871, 0, 94.68
2026/10/10 17:07:11.564, 2, 29, 97871, 0, 89.97
2026/10/10 17:07:11.564, 3, 37, 97871, 0, 88.69
2026/10/10 17:07:12.564, 0, 80159, 97871, 100, 519.46
2026/10/10 17:07:12.564, 1, 63, 97871, 0, 94.83
2026/10/10 17:07:12.565, 2, 28, 97871, 0, 89.89
2026/10/10 17:07:12.565, 3, 37, 97871, 0, 88.74
2026/10/10 17:07:13.565, 0, 80159, 97871, 100, 522.13
2026/10/10 17:07:13.565, 1, 63, 97871, 0, 94.78
2026/10/10 17:07:13.565, 2, 28, 97871, 0, 89.98
2026/10/10 17:07:13.565, 3, 37, 97871, 0, 88.64
2026/10/10 17:07:14.565, 0, 80159, 97871, 100, 522.17
2026/10/10 17:07:14.565, 1, 63, 97871, 0, 94.72
2026/10/10 17:07:14.565, 2, 28, 97871, 0, 89.86
2026/10/10 17:07:14.565, 3, 37, 97871, 0, 88.85
2026/10/10 17:07:15.565, 0, 80159, 97871, 100, 524.08
2026/10/10 17:07:15.565, 1, 63, 97871, 0, 94.65
2026/10/10 17:07:15.565, 2, 28, 97871, 0, 89.76
2026/10/10 17:07:15.565, 3, 37, 97871, 0, 88.65
2026/10/10 17:07:16.565, 0, 80159, 97871, 100, 526.71
2026/10/10 17:07:16.565, 1, 63, 97871, 0, 94.77
2026/10/10 17:07:16.565, 2, 28, 97871, 0, 89.81
2026/10/10 17:07:16.565, 3, 37, 97871, 0, 88.61
2026/10/10 17:07:17.565, 0, 80159, 97871, 100, 536.85
2026/10/10 17:07:17.565, 1, 63, 97871, 0, 94.78
2026/10/10 17:07:17.565, 2, 28, 97871, 0, 89.83
2026/10/10 17:07:17.565, 3, 37, 97871, 0, 88.65
2026/10/10 17:07:18.565, 0, 80159, 97871, 100, 493.29
2026/10/10 17:07:18.566, 1, 63, 97871, 0, 94.78
2026/10/10 17:07:18.566, 2, 28, 97871, 0, 89.86
2026/10/10 17:07:18.566, 3, 37, 97871, 0, 88.59
2026/10/10 17:07:19.566, 0, 80159, 97871, 100, 535.96
2026/10/10 17:07:19.566, 1, 63, 97871, 0, 94.78
2026/10/10 17:07:19.566, 2, 28, 97871, 0, 89.60
2026/10/10 17:07:19.566, 3, 37, 97871, 0, 88.73
2026/10/10 17:07:20.566, 0, 80159, 97871, 100, 537.55
2026/10/10 17:07:20.566, 1, 63, 97871, 0, 94.65
2026/10/10 17:07:20.566, 2, 28, 97871, 0, 89.44
2026/10/10 17:07:20.566, 3, 37, 97871, 0, 88.74
2026/10/10 17:07:21.566, 0, 80159, 97871, 100, 536.92
2026/10/10 17:07:21.566, 1, 63, 97871, 0, 94.65
2026/10/10 17:07:21.566, 2, 28, 97871, 0, 89.53
2026/10/10 17:07:21.566, 3, 37, 97871, 0, 88.57
2026/10/10 17:07:22.566, 0, 80159, 97871, 100, 523.19
2026/10/10 17:07:22.566, 1, 63, 97871, 0, 94.61
2026/10/10 17:07:22.566, 2, 28, 97871, 0, 89.72
2026/10/10 17:07:22.566, 3, 37, 97871, 0, 88.75
2026/10/10 17:07:23.566, 0, 80159, 97871, 100, 519.91
2026/10/10 17:07:23.566, 1, 63, 97871, 0, 94.87
2026/10/10 17:07:23.567, 2, 28, 97871, 0, 89.76
2026/10/10 17:07:23.567, 3, 37, 97871, 0, 88.88
2026/10/10 17:07:24.567, 0, 80159, 97871, 100, 517.90
2026/10/10 17:07:24.567, 1, 63, 97871, 0, 94.67
2026/10/10 17:07:24.567, 2, 28, 97871, 0, 89.90
2026/10/10 17:07:24.567, 3, 37, 97871, 0, 88.61
2026/10/10 17:07:25.567, 0, 80159, 97871, 100, 519.70
2026/10/10 17:07:25.567, 1, 63, 97871, 0, 94.89
2026/10/10 17:07:25.567, 2, 28, 97871, 0, 89.80
2026/10/10 17:07:25.567, 3, 37, 97871, 0, 88.67
2026/10/10 17:07:26.567, 0, 80159, 97871, 100, 515.23
2026/10/10 17:07:26.567, 1, 63, 97871, 0, 94.68
2026/10/10 17:07:26.567, 2, 28, 97871, 0, 89.97
2026/10/10 17:07:26.567, 3, 37, 97871, 0, 88.68
2026/10/10 17:07:27.567, 0, 80159, 97871, 100, 522.99
2026/10/10 17:07:27.567, 1, 63, 97871, 0, 94.82
2026/10/10 17:07:27.567, 2, 28, 97871, 0, 89.83
2026/10/10 17:07:27.567, 3, 37, 97871, 0, 88.66
2026/10/10 17:07:28.567, 0, 80159, 97871, 100, 518.95
2026/10/10 17:07:28.567, 1, 63, 97871, 0, 94.65
2026/10/10 17:07:28.567, 2, 28, 97871, 0, 89.67
2026/10/10 17:07:28.567, 3, 37, 97871, 0, 88.66
2026/10/10 17:07:29.567, 0, 80159, 97871, 100, 519.53
2026/10/10 17:07:29.567, 1, 63, 97871, 0, 94.71
2026/10/10 17:07:29.567, 2, 28, 97871, 0, 89.64
2026/10/10 17:07:29.567, 3, 37, 97871, 0, 88.96
2026/10/10 17:07:30.568, 0, 80159, 97871, 100, 522.23
2026/10/10 17:07:30.568, 1, 63, 97871, 0, 94.80
2026/10/10 17:07:30.568, 2, 28, 97871, 0, 89.85
2026/10/10 17:07:30.568, 3, 37, 97871, 0, 88.85
2026/10/10 17:07:31.568, 0, 80159, 97871, 100, 518.80
2026/10/10 17:07:31.568, 1, 63, 97871, 0, 94.72
2026/10/10 17:07:31.568, 2, 28, 97871, 0, 89.63
2026/10/10 17:07:31.568, 3, 37, 97871, 0, 88.61
2026/10/10 17:07:32.568, 0, 80159, 97871, 100, 525.09
2026/10/10 17:07:32.568, 1, 63, 97871, 0, 94.86
2026/10/10 17:07:32.568, 2, 28, 97871, 0, 90.02
2026/10/10 17:07:32.568, 3, 37, 97871, 0, 88.77
2026/10/10 17:07:33.568, 0, 80159, 97871, 100, 524.59
2026/10/10 17:07:33.568, 1, 63, 97871, 0, 94.88
2026/10/10 17:07:33.568, 2, 28, 97871, 0, 89.91
2026/10/10 17:07:33.568, 3, 37, 97871, 0, 88.67
2026/10/10 17:07:34.568, 0, 80159, 97871, 100, 519.09
2026/10/10 17:07:34.568, 1, 63, 97871, 0, 94.84
2026/10/10 17:07:34.568, 2, 28, 97871, 0, 89.79
2026/10/10 17:07:34.568, 3, 37, 97871, 0, 88.67
2026/10/10 17:07:35.568, 0, 80159, 97871, 100, 523.59
2026/10/10 17:07:35.568, 1, 63, 97871, 0, 94.79
2026/10/10 17:07:35.568, 2, 28, 97871, 0, 89.90
2026/10/10 17:07:35.568, 3, 37, 97871, 0, 88.70
2026/10/10 17:07:36.569, 0, 80159, 97871, 100, 523.32
2026/10/10 17:07:36.569, 1, 63, 97871, 0, 94.70
2026/10/10 17:07:36.569, 2, 28, 97871, 0, 89.65
2026/10/10 17:07:36.569, 3, 37, 97871, 0, 88.66
2026/10/10 17:07:37.569, 0, 80159, 97871, 100, 526.70
2026/10/10 17:07:37.569, 1, 63, 97871, 0, 94.63
2026/10/10 17:07:37.569, 2, 28, 97871, 0, 89.97
2026/10/10 17:07:37.569, 3, 37, 97871, 0, 88.70
2026/10/10 17:07:38.569, 0, 80159, 97871, 100, 523.18
2026/10/10 17:07:38.569, 1, 63, 97871, 0, 94.72
2026/10/10 17:07:38.569, 2, 28, 97871, 0, 89.74
2026/10/10 17:07:38.569, 3, 37, 97871, 0, 88.70
2026/10/10 17:07:39.569, 0, 80159, 97871, 100, 525.94
2026/10/10 17:07:39.569, 1, 63, 97871, 0, 94.77
2026/10/10 17:07:39.569, 2, 28, 97871, 0, 89.66
2026/10/10 17:07:39.569, 3, 37, 97871, 0, 88.58
2026/10/10 17:07:40.569, 0, 80159, 97871, 100, 527.53
2026/10/10 17:07:40.569, 1, 63, 97871, 0, 94.59
2026/10/10 17:07:40.569, 2, 28, 97871, 0, 89.64
2026/10/10 17:07:40.569, 3, 37, 97871, 0, 88.68
2026/10/10 17:07:41.569, 0, 80159, 97871, 100, 524.78
2026/10/10 17:07:41.569, 1, 63, 97871, 0, 94.65
2026/10/10 17:07:41.569, 2, 28, 97871, 0, 89.54
2026/10/10 17:07:41.569, 3, 37, 97871, 0, 88.66
2026/10/10 17:07:42.569, 0, 80159, 97871, 100, 523.08
2026/10/10 17:07:42.570, 1, 63, 97871, 0, 94.56
2026/10/10 17:07:42.570, 2, 28, 97871, 0, 89.69
2026/10/10 17:07:42.570, 3, 37, 97871, 0, 88.53
2026/10/10 17:07:43.570, 0, 80159, 97871, 100, 526.22
2026/10/10 17:07:43.570, 1, 63, 97871, 0, 94.53
2026/10/10 17:07:43.570, 2, 28, 97871, 0, 89.80
2026/10/10 17:07:43.570, 3, 37, 97871, 0, 88.71
2026/10/10 17:07:44.570, 0, 80159, 97871, 100, 522.62
2026/10/10 17:07:44.570, 1, 63, 97871, 0, 94.49
2026/10/10 17:07:44.570, 2, 28, 97871, 0, 89.81
2026/10/10 17:07:44.570, 3, 37, 97871, 0, 88.51
2026/10/10 17:07:45.570, 0, 80159, 97871, 100, 522.61
2026/10/10 17:07:45.570, 1, 63, 97871, 0, 94.64
2026/10/10 17:07:45.570, 2, 28, 97871, 0, 89.92
2026/10/10 17:07:45.570, 3, 37, 97871, 0, 88.62
2026/10/10 17:07:46.570, 0, 80159, 97871, 100, 523.10
2026/10/10 17:07:46.570, 1, 63, 97871, 0, 94.63
2026/10/10 17:07:46.570, 2, 28, 97871, 0, 89.79
2026/10/10 17:07:46.570, 3, 37, 97871, 0, 88.61
2026/10/10 17:07:47.570, 0, 80159, 97871, 100, 521.55
2026/10/10 17:07:47.570, 1, 63, 97871, 0, 94.45
2026/10/10 17:07:47.570, 2, 28, 97871, 0, 89.95
2026/10/10 17:07:47.570, 3, 37, 97871, 0, 88.57
2026/10/10 17:07:48.570, 0, 80159, 97871, 100, 524.17
2026/10/10 17:07:48.570, 1, 63, 97871, 0, 94.65
2026/10/10 17:07:48.570, 2, 28, 97871, 0, 89.87
2026/10/10 17:07:48.570, 3, 37, 97871, 0, 88.69
2026/10/10 17:07:49.571, 0, 80159, 97871, 100, 524.45
2026/10/10 17:07:49.571, 1, 63, 97871, 0, 94.73
2026/10/10 17:07:49.571, 2, 28, 97871, 0, 89.84
2026/10/10 17:07:49.571, 3, 37, 97871, 0, 88.66
2026/10/10 17:07:50.571, 0, 80159, 97871, 100, 522.23
2026/10/10 17:07:50.571, 1, 63, 97871, 0, 94.77
2026/10/10 17:07:50.571, 2, 28, 97871, 0, 90.07
2026/10/10 17:07:50.571, 3, 37, 97871, 0, 88.70
2026/10/10 17:07:51.571, 0, 80159, 97871, 100, 522.70
2026/10/10 17:07:51.571, 1, 63, 97871, 0, 94.70
2026/10/10 17:07:51.571, 2, 28, 97871, 0, 89.87
2026/10/10 17:07:51.571, 3, 37, 97871, 0, 88.58
2026/10/10 17:07:52.571, 0, 80159, 97871, 100, 523.15
2026/10/10 17:07:52.571, 1, 63, 97871, 0, 94.70
2026/10/10 17:07:52.571, 2, 28, 97871, 0, 89.97
2026/10/10 17:07:52.571, 3, 37, 97871, 0, 88.45
2026/10/10 17:07:53.571, 0, 80159, 97871, 100, 523.21
2026/10/10 17:07:53.571, 1, 63, 97871, 0, 94.70
2026/10/10 17:07:53.571, 2, 28, 97871, 0, 89.89
2026/10/10 17:07:53.571, 3, 37, 97871, 0, 88.71
2026/10/10 17:07:54.571, 0, 80159, 97871, 100, 525.01
2026/10/10 17:07:54.571, 1, 63, 97871, 0, 94.68
2026/10/10 17:07:54.571, 2, 28, 97871, 0, 89.97
2026/10/10 17:07:54.572, 3, 37, 97871, 0, 88.70
2026/10/10 17:07:55.572, 0, 80159, 97871, 100, 523.22
2026/10/10 17:07:55.572, 1, 63, 97871, 0, 94.61
2026/10/10 17:07:55.572, 2, 28, 97871, 0, 89.74
2026/10/10 17:07:55.572, 3, 37, 97871, 0, 88.68
2026/10/10 17:07:56.572, 0, 80159, 97871, 100, 521.73
2026/10/10 17:07:56.572, 1, 63, 97871, 0, 94.56
2026/10/10 17:07:56.572, 2, 28, 97871, 0, 89.98
2026/10/10 17:07:56.572, 3, 37, 97871, 0, 88.79
2026/10/10 17:07:57.572, 0, 80159, 97871, 100, 523.90
2026/10/10 17:07:57.572, 1, 63, 97871, 0, 94.59
2026/10/10 17:07:57.572, 2, 28, 97871, 0, 89.94
2026/10/10 17:07:57.572, 3, 37, 97871, 0, 88.60
2026/10/10 17:07:58.572, 0, 80159, 97871, 100, 526.59
2026/10/10 17:07:58.572, 1, 63, 97871, 0, 94.68
2026/10/10 17:07:58.572, 2, 28, 97871, 0, 89.89
2026/10/10 17:07:58.572, 3, 37, 97871, 0, 88.58
2026/10/10 17:07:59.572, 0, 80159, 97871, 100, 521.53
2026/10/10 17:07:59.572, 1, 63, 97871, 0, 94.60
2026/10/10 17:07:59.572, 2, 28, 97871, 0, 89.82
2026/10/10 17:07:59.572, 3, 37, 97871, 0, 88.76
2026/10/10 17:08:00.572, 0, 80159, 97871, 100, 523.90
2026/10/10 17:08:00.572, 1, 63, 97871, 0, 94.53
2026/10/10 17:08:00.572, 2, 28, 97871, 0, 89.76
2026/10/10 17:08:00.572, 3, 37, 97871, 0, 88.67
2026/10/10 17:08:01.573, 0, 80159, 97871, 100, 521.77
2026/10/10 17:08:01.573, 1, 63, 97871, 0, 94.59
2026/10/10 17:08:01.573, 2, 28, 97871, 0, 89.83
2026/10/10 17:08:01.573, 3, 37, 97871, 0, 88.63
2026/10/10 17:08:02.573, 0, 80159, 97871, 100, 525.30
2026/10/10 17:08:02.573, 1, 63, 97871, 0, 94.52
2026/10/10 17:08:02.573, 2, 28, 97871, 0, 89.90
2026/10/10 17:08:02.573, 3, 37, 97871, 0, 88.52
2026/10/10 17:08:03.573, 0, 80159, 97871, 100, 523.43
2026/10/10 17:08:03.573, 1, 63, 97871, 0, 94.46
2026/10/10 17:08:03.573, 2, 28, 97871, 0, 89.78
2026/10/10 17:08:03.573, 3, 37, 97871, 0, 88.46
2026/10/10 17:08:04.573, 0, 80159, 97871, 100, 523.84
2026/10/10 17:08:04.573, 1, 63, 97871, 0, 94.51
2026/10/10 17:08:04.573, 2, 28, 97871, 0, 89.77
2026/10/10 17:08:04.573, 3, 37, 97871, 0, 88.46
2026/10/10 17:08:05.573, 0, 80159, 97871, 100, 521.46
2026/10/10 17:08:05.573, 1, 63, 97871, 0, 94.60
2026/10/10 17:08:05.573, 2, 28, 97871, 0, 89.88
2026/10/10 17:08:05.574, 3, 37, 97871, 0, 88.53
2026/10/10 17:08:06.574, 0, 80159, 97871, 100, 521.79
2026/10/10 17:08:06.574, 1, 63, 97871, 0, 94.67
2026/10/10 17:08:06.574, 2, 28, 97871, 0, 89.79
2026/10/10 17:08:06.574, 3, 37, 97871, 0, 88.65
2026/10/10 17:08:07.574, 0, 80159, 97871, 100, 525.10
2026/10/10 17:08:07.574, 1, 63, 97871, 0, 94.99
2026/10/10 17:08:07.574, 2, 28, 97871, 0, 89.69
2026/10/10 17:08:07.574, 3, 37, 97871, 0, 88.55
2026/10/10 17:08:08.574, 0, 80159, 97871, 100, 524.17
2026/10/10 17:08:08.574, 1, 63, 97871, 0, 94.81
2026/10/10 17:08:08.574, 2, 28, 97871, 0, 89.75
2026/10/10 17:08:08.574, 3, 37, 97871, 0, 88.61
2026/10/10 17:08:09.574, 0, 80159, 97871, 100, 525.21
2026/10/10 17:08:09.574, 1, 63, 97871, 0, 94.68
2026/10/10 17:08:09.574, 2, 28, 97871, 0, 89.70
2026/10/10 17:08:09.574, 3, 37, 97871, 0, 88.64
2026/10/10 17:08:10.574, 0, 80159, 97871, 100, 524.59
2026/10/10 17:08:10.574, 1, 63, 97871, 0, 94.57
2026/10/10 17:08:10.574, 2, 28, 97871, 0, 89.89
2026/10/10 17:08:10.574, 3, 37, 97871, 0, 88.42
2026/10/10 17:08:11.574, 0, 80159, 97871, 100, 524.71
2026/10/10 17:08:11.574, 1, 63, 97871, 0, 94.82
2026/10/10 17:08:11.575, 2, 28, 97871, 0, 89.99
2026/10/10 17:08:11.575, 3, 37, 97871, 0, 88.50
2026/10/10 17:08:12.575, 0, 80159, 97871, 100, 527.72
2026/10/10 17:08:12.575, 1, 63, 97871, 0, 94.68
2026/10/10 17:08:12.575, 2, 28, 97871, 0, 89.84
2026/10/10 17:08:12.575, 3, 37, 97871, 0, 88.43
2026/10/10 17:08:13.575, 0, 80159, 97871, 100, 523.50
2026/10/10 17:08:13.575, 1, 63, 97871, 0, 94.89
2026/10/10 17:08:13.575, 2, 28, 97871, 0, 89.90
2026/10/10 17:08:13.575, 3, 37, 97871, 0, 88.48
2026/10/10 17:08:14.575, 0, 80159, 97871, 100, 520.00
2026/10/10 17:08:14.575, 1, 63, 97871, 0, 94.81
2026/10/10 17:08:14.575, 2, 28, 97871, 0, 89.88
2026/10/10 17:08:14.575, 3, 37, 97871, 0, 88.66
2026/10/10 17:08:15.575, 0, 80159, 97871, 100, 521.43
2026/10/10 17:08:15.575, 1, 63, 97871, 0, 94.62
2026/10/10 17:08:15.575, 2, 28, 97871, 0, 89.83
2026/10/10 17:08:15.575, 3, 37, 97871, 0, 88.62
2026/10/10 17:08:16.575, 0, 80159, 97871, 100, 522.03
2026/10/10 17:08:16.575, 1, 63, 97871, 0, 94.77
2026/10/10 17:08:16.575, 2, 28, 97871, 0, 89.72
2026/10/10 17:08:16.575, 3, 37, 97871, 0, 88.67
2026/10/10 17:08:17.575, 0, 80159, 97871, 100, 529.69
2026/10/10 17:08:17.575, 1, 63, 97871, 0, 94.68
2026/10/10 17:08:17.575, 2, 28, 97871, 0, 89.69
2026/10/10 17:08:17.576, 3, 37, 97871, 0, 88.57
2026/10/10 17:08:18.576, 0, 80159, 97871, 100, 534.60
2026/10/10 17:08:18.576, 1, 63, 97871, 0, 94.71
2026/10/10 17:08:18.576, 2, 28, 97871, 0, 89.82
2026/10/10 17:08:18.576, 3, 37, 97871, 0, 88.57
2026/10/10 17:08:19.576, 0, 80159, 97871, 100, 511.23
2026/10/10 17:08:19.576, 1, 63, 97871, 0, 94.77
2026/10/10 17:08:19.576, 2, 28, 97871, 0, 89.79
2026/10/10 17:08:19.576, 3, 37, 97871, 0, 88.47
2026/10/10 17:08:20.576, 0, 80159, 97871, 99, 438.84
2026/10/10 17:08:20.576, 1, 63, 97871, 0, 94.86
2026/10/10 17:08:20.576, 2, 28, 97871, 0, 89.82
2026/10/10 17:08:20.576, 3, 37, 97871, 0, 88.73
2026/10/10 17:08:21.576, 0, 83, 97871, 0, 134.87
2026/10/10 17:08:21.576, 1, 63, 97871, 0, 94.87
2026/10/10 17:08:21.576, 2, 28, 97871, 0, 89.96
2026/10/10 17:08:21.576, 3, 37, 97871, 0, 88.81
2026/10/10 17:08:22.576, 0, 83, 97871, 0, 137.95
2026/10/10 17:08:22.576, 1, 63, 97871, 0, 95.00
2026/10/10 17:08:22.576, 2, 28, 97871, 0, 89.89
2026/10/10 17:08:22.577, 3, 37, 97871, 0, 88.85
