2026/10/09 00:47:56.724, 0, 11, 97871, 0, 85.08
2026/10/09 00:47:56.728, 1, 14, 97871, 0, 98.64
2026/10/09 00:47:56.732, 2, 9, 97871, 0, 42.38
2026/10/09 00:47:56.735, 3, 9, 97871, 0, 86.30
2026/10/09 00:47:57.739, 0, 11, 97871, 0, 84.90
2026/10/09 00:47:57.739, 1, 14, 97871, 0, 98.36
2026/10/09 00:47:57.739, 2, 9, 97871, 0, 42.36
2026/10/09 00:47:57.739, 3, 9, 97871, 0, 86.41
2026/10/09 00:47:58.739, 0, 11, 97871, 0, 84.82
2026/10/09 00:47:58.740, 1, 14, 97871, 0, 98.13
2026/10/09 00:47:58.740, 2, 9, 97871, 0, 42.39
2026/10/09 00:47:58.740, 3, 9, 97871, 0, 86.25
2026/10/09 00:47:59.740, 0, 11, 97871, 0, 84.86
2026/10/09 00:47:59.740, 1, 14, 97871, 0, 98.54
2026/10/09 00:47:59.740, 2, 9, 97871, 0, 42.44
2026/10/09 00:47:59.740, 3, 9, 97871, 0, 86.43
2026/10/09 00:48:00.740, 0, 11, 97871, 0, 84.80
2026/10/09 00:48:00.740, 1, 14, 97871, 0, 98.42
2026/10/09 00:48:00.740, 2, 9, 97871, 0, 42.45
2026/10/09 00:48:00.740, 3, 9, 97871, 0, 86.33
2026/10/09 00:48:01.740, 0, 11, 97871, 0, 84.86
2026/10/09 00:48:01.740, 1, 14, 97871, 0, 98.45
2026/10/09 00:48:01.740, 2, 9, 97871, 0, 42.41
2026/10/09 00:48:01.740, 3, 9, 97871, 0, 86.21
2026/10/09 00:48:02.740, 0, 11, 97871, 0, 84.94
2026/10/09 00:48:02.740, 1, 14, 97871, 0, 98.39
2026/10/09 00:48:02.740, 2, 9, 97871, 0, 42.27
2026/10/09 00:48:02.740, 3, 9, 97871, 0, 86.36
2026/10/09 00:48:03.741, 0, 11, 97871, 0, 84.66
2026/10/09 00:48:03.741, 1, 14, 97871, 0, 98.43
2026/10/09 00:48:03.741, 2, 9, 97871, 0, 42.28
2026/10/09 00:48:03.741, 3, 9, 97871, 0, 86.21
2026/10/09 00:48:04.741, 0, 11, 97871, 0, 84.82
2026/10/09 00:48:04.741, 1, 14, 97871, 0, 98.58
2026/10/09 00:48:04.741, 2, 9, 97871, 0, 42.45
2026/10/09 00:48:04.741, 3, 9, 97871, 0, 85.99
2026/10/09 00:48:05.741, 0, 11, 97871, 0, 84.82
2026/10/09 00:48:05.741, 1, 14, 97871, 0, 98.40
2026/10/09 00:48:05.741, 2, 9, 97871, 0, 42.45
2026/10/09 00:48:05.741, 3, 9, 97871, 0, 85.89
2026/10/09 00:48:06.741, 0, 11, 97871, 0, 84.83
2026/10/09 00:48:06.741, 1, 14, 97871, 0, 98.75
2026/10/09 00:48:06.741, 2, 9, 97871, 0, 42.51
2026/10/09 00:48:06.741, 3, 9, 97871, 0, 85.93
2026/10/09 00:48:07.741, 0, 11, 97871, 0, 84.83
2026/10/09 00:48:07.741, 1, 14, 97871, 0, 98.54
2026/10/09 00:48:07.741, 2, 9, 97871, 0, 42.23
2026/10/09 00:48:07.741, 3, 9, 97871, 0, 85.97
2026/10/09 00:48:08.742, 0, 11, 97871, 0, 84.67
2026/10/09 00:48:08.742, 1, 14, 97871, 0, 98.38
2026/10/09 00:48:08.742, 2, 9, 97871, 0, 42.33
2026/10/09 00:48:08.742, 3, 9, 97871, 0, 86.06
2026/10/09 00:48:09.742, 0, 11, 97871, 0, 84.89
2026/10/09 00:48:09.742, 1, 14, 97871, 0, 98.49
2026/10/09 00:48:09.742, 2, 9, 97871, 0, 42.53
2026/10/09 00:48:09.742, 3, 9, 97871, 0, 86.09
2026/10/09 00:48:10.742, 0, 11, 97871, 0, 84.86
2026/10/09 00:48:10.742, 1, 14, 97871, 0, 98.31
2026/10/09 00:48:10.742, 2, 9, 97871, 0, 42.46
2026/10/09 00:48:10.742, 3, 9, 97871, 0, 86.08
2026/10/09 00:48:11.742, 0, 11, 97871, 0, 84.78
2026/10/09 00:48:11.742, 1, 14, 97871, 0, 98.35
2026/10/09 00:48:11.743, 2, 9, 97871, 0, 42.35
2026/10/09 00:48:11.743, 3, 9, 97871, 0, 86.03
2026/10/09 00:48:12.743, 0, 11, 97871, 0, 84.79
2026/10/09 00:48:12.743, 1, 14, 97871, 0, 98.42
2026/10/09 00:48:12.743, 2, 9, 97871, 0, 42.31
2026/10/09 00:48:12.743, 3, 9, 97871, 0, 86.07
2026/10/09 00:48:13.743, 0, 11, 97871, 0, 85.37
2026/10/09 00:48:13.743, 1, 14, 97871, 0, 98.83
2026/10/09 00:48:13.743, 2, 9, 97871, 0, 42.33
2026/10/09 00:48:13.743, 3, 9, 97871, 0, 86.38
2026/10/09 00:48:14.743, 0, 11, 97871, 0, 84.93
2026/10/09 00:48:14.743, 1, 14, 97871, 0, 98.41
2026/10/09 00:48:14.743, 2, 9, 97871, 0, 42.57
2026/10/09 00:48:14.743, 3, 9, 97871, 0, 86.13
2026/10/09 00:48:15.743, 0, 11, 97871, 0, 84.94
2026/10/09 00:48:15.744, 1, 14, 97871, 0, 98.50
2026/10/09 00:48:15.744, 2, 9, 97871, 0, 42.42
2026/10/09 00:48:15.744, 3, 9, 97871, 0, 86.29
2026/10/09 00:48:16.744, 0, 11, 97871, 0, 84.96
2026/10/09 00:48:16.744, 1, 14, 97871, 0, 98.41
2026/10/09 00:48:16.744, 2, 9, 97871, 0, 42.45
2026/10/09 00:48:16.744, 3, 9, 97871, 0, 86.40
2026/10/09 00:48:17.744, 0, 11, 97871, 0, 85.05
2026/10/09 00:48:17.777, 1, 14, 97871, 0, 98.34
2026/10/09 00:48:17.821, 2, 9, 97871, 0, 42.26
2026/10/09 00:48:17.822, 3, 9, 97871, 0, 86.04
2026/10/09 00:48:18.822, 0, 11, 97871, 0, 84.74
2026/10/09 00:48:18.848, 1, 14, 97871, 0, 98.41
2026/10/09 00:48:18.893, 2, 9, 97871, 0, 42.24
2026/10/09 00:48:18.938, 3, 9, 97871, 0, 86.10
2026/10/09 00:48:19.984, 0, 11, 97871, 0, 84.92
2026/10/09 00:48:19.985, 1, 14, 97871, 0, 98.44
2026/10/09 00:48:19.985, 2, 9, 97871, 0, 42.35
2026/10/09 00:48:19.985, 3, 9, 97871, 0, 85.99
2026/10/09 00:48:20.985, 0, 11, 97871, 0, 85.39
2026/10/09 00:48:20.985, 1, 14, 97871, 0, 98.40
2026/10/09 00:48:20.985, 2, 9, 97871, 0, 42.49
2026/10/09 00:48:20.985, 3, 9, 97871, 0, 86.11
2026/10/09 00:48:21.985, 0, 11, 97871, 0, 85.87
2026/10/09 00:48:21.985, 1, 14, 97871, 0, 98.50
2026/10/09 00:48:21.985, 2, 9, 97871, 0, 42.63
2026/10/09 00:48:21.985, 3, 9, 97871, 0, 86.17
2026/10/09 00:48:22.985, 0, 11, 97871, 0, 85.38
2026/10/09 00:48:22.986, 1, 14, 97871, 0, 98.40
2026/10/09 00:48:22.986, 2, 9, 97871, 0, 42.40
2026/10/09 00:48:22.986, 3, 9, 97871, 0, 86.32
2026/10/09 00:48:23.986, 0, 11, 97871, 0, 85.85
2026/10/09 00:48:23.986, 1, 14, 97871, 0, 98.49
2026/10/09 00:48:23.986, 2, 9, 97871, 0, 42.37
2026/10/09 00:48:23.986, 3, 9, 97871, 0, 86.22
2026/10/09 00:48:24.986, 0, 11, 97871, 0, 85.90
2026/10/09 00:48:25.009, 1, 14, 97871, 0, 98.61
2026/10/09 00:48:25.057, 2, 9, 97871, 0, 42.41
2026/10/09 00:48:25.101, 3, 9, 97871, 0, 86.08
2026/10/09 00:48:26.149, 0, 11, 97871, 0, 85.58
2026/10/09 00:48:26.149, 1, 14, 97871, 0, 98.50
2026/10/09 00:48:26.149, 2, 9, 97871, 0, 42.32
2026/10/09 00:48:26.149, 3, 9, 97871, 0, 86.26
2026/10/09 00:48:27.149, 0, 11, 97871, 0, 85.81
2026/10/09 00:48:27.150, 1, 14, 97871, 0, 98.33
2026/10/09 00:48:27.150, 2, 9, 97871, 0, 42.27
2026/10/09 00:48:27.150, 3, 9, 97871, 0, 86.29
2026/10/09 00:48:28.150, 0, 11, 97871, 0, 85.27
2026/10/09 00:48:28.150, 1, 14, 97871, 0, 98.43
2026/10/09 00:48:28.150, 2, 9, 97871, 0, 42.42
2026/10/09 00:48:28.150, 3, 9, 97871, 0, 86.41
2026/10/09 00:48:29.150, 0, 11, 97871, 0, 85.51
2026/10/09 00:48:29.150, 1, 14, 97871, 0, 98.35
2026/10/09 00:48:29.150, 2, 9, 97871, 0, 42.33
2026/10/09 00:48:29.150, 3, 9, 97871, 0, 86.57
2026/10/09 00:48:30.150, 0, 11, 97871, 0, 85.51
2026/10/09 00:48:30.151, 1, 14, 97871, 0, 98.52
2026/10/09 00:48:30.151, 2, 9, 97871, 0, 42.33
2026/10/09 00:48:30.151, 3, 9, 97871, 0, 86.37
2026/10/09 00:48:31.151, 0, 11, 97871, 0, 85.30
2026/10/09 00:48:31.151, 1, 14, 97871, 0, 98.45
2026/10/09 00:48:31.151, 2, 9, 97871, 0, 42.38
2026/10/09 00:48:31.151, 3, 9, 97871, 0, 86.62
2026/10/09 00:48:32.151, 0, 9, 97871, 0, 85.18
2026/10/09 00:48:32.151, 1, 14, 97871, 0, 98.43
2026/10/09 00:48:32.151, 2, 8, 97871, 0, 42.40
2026/10/09 00:48:32.151, 3, 9, 97871, 0, 86.56
2026/10/09 00:48:33.151, 0, 9, 97871, 0, 85.26
2026/10/09 00:48:33.151, 1, 14, 97871, 0, 98.43
2026/10/09 00:48:33.153, 2, 8, 97871, 0, 42.35
2026/10/09 00:48:33.153, 3, 9, 97871, 0, 86.62
2026/10/09 00:48:34.153, 0, 9, 97871, 0, 85.33
2026/10/09 00:48:34.153, 1, 14, 97871, 0, 98.50
2026/10/09 00:48:34.153, 2, 8, 97871, 0, 42.36
2026/10/09 00:48:34.154, 3, 8, 97871, 0, 86.56
2026/10/09 00:48:35.154, 0, 9, 97871, 0, 85.28
2026/10/09 00:48:35.154, 1, 14, 97871, 0, 98.47
2026/10/09 00:48:35.154, 2, 8, 97871, 0, 42.50
2026/10/09 00:48:35.154, 3, 8, 97871, 0, 86.56
2026/10/09 00:48:36.154, 0, 9, 97871, 0, 85.21
2026/10/09 00:48:36.154, 1, 14, 97871, 0, 98.36
2026/10/09 00:48:36.154, 2, 8, 97871, 0, 42.30
2026/10/09 00:48:36.154, 3, 8, 97871, 0, 86.63
2026/10/09 00:48:37.154, 0, 9, 97871, 0, 85.58
2026/10/09 00:48:37.154, 1, 14, 97871, 0, 98.47
2026/10/09 00:48:37.154, 2, 8, 97871, 0, 42.42
2026/10/09 00:48:37.154, 3, 8, 97871, 0, 86.36
2026/10/09 00:48:38.155, 0, 9, 97871, 0, 85.64
2026/10/09 00:48:38.155, 1, 14, 97871, 0, 98.49
2026/10/09 00:48:38.155, 2, 8, 97871, 0, 42.55
2026/10/09 00:48:38.155, 3, 8, 97871, 0, 86.32
2026/10/09 00:48:39.155, 0, 9, 97871, 0, 85.79
2026/10/09 00:48:39.155, 1, 14, 97871, 0, 98.88
2026/10/09 00:48:39.155, 2, 8, 97871, 0, 42.43
2026/10/09 00:48:39.155, 3, 8, 97871, 0, 86.74
2026/10/09 00:48:40.155, 0, 9, 97871, 0, 85.43
2026/10/09 00:48:40.155, 1, 14, 97871, 0, 98.64
2026/10/09 00:48:40.155, 2, 8, 97871, 0, 42.42
2026/10/09 00:48:40.155, 3, 8, 97871, 0, 86.33
2026/10/09 00:48:41.155, 0, 9, 97871, 0, 85.41
2026/10/09 00:48:41.156, 1, 14, 97871, 0, 98.24
2026/10/09 00:48:41.156, 2, 8, 97871, 0, 42.52
2026/10/09 00:48:41.156, 3, 8, 97871, 0, 86.50
2026/10/09 00:48:42.156, 0, 9, 97871, 0, 85.86
2026/10/09 00:48:42.156, 1, 14, 97871, 0, 98.33
2026/10/09 00:48:42.156, 2, 8, 97871, 0, 42.38
2026/10/09 00:48:42.156, 3, 8, 97871, 0, 86.47
2026/10/09 00:48:43.156, 0, 9, 97871, 0, 85.94
2026/10/09 00:48:43.156, 1, 14, 97871, 0, 98.42
2026/10/09 00:48:43.156, 2, 8, 97871, 0, 42.41
2026/10/09 00:48:43.156, 3, 8, 97871, 0, 86.39
2026/10/09 00:48:44.156, 0, 9, 97871, 0, 85.82
2026/10/09 00:48:44.157, 1, 14, 97871, 0, 98.29
2026/10/09 00:48:44.157, 2, 8, 97871, 0, 42.49
2026/10/09 00:48:44.157, 3, 8, 97871, 0, 86.36
2026/10/09 00:48:45.157, 0, 9, 97871, 0, 85.32
2026/10/09 00:48:45.157, 1, 14, 97871, 0, 98.71
2026/10/09 00:48:45.157, 2, 8, 97871, 0, 42.28
2026/10/09 00:48:45.157, 3, 8, 97871, 0, 86.91
2026/10/09 00:48:46.157, 0, 9, 97871, 0, 85.03
2026/10/09 00:48:46.157, 1, 14, 97871, 0, 98.43
2026/10/09 00:48:46.157, 2, 8, 97871, 0, 42.38
2026/10/09 00:48:46.157, 3, 8, 97871, 0, 86.61
2026/10/09 00:48:47.157, 0, 9, 97871, 0, 85.96
2026/10/09 00:48:47.157, 1, 14, 97871, 0, 98.57
2026/10/09 00:48:47.158, 2, 8, 97871, 0, 42.38
2026/10/09 00:48:47.158, 3, 8, 97871, 0, 86.61
2026/10/09 00:48:48.158, 0, 9, 97871, 0, 86.17
2026/10/09 00:48:48.158, 1, 14, 97871, 0, 98.88
2026/10/09 00:48:48.158, 2, 8, 97871, 0, 42.29
2026/10/09 00:48:48.158, 3, 8, 97871, 0, 86.69
2026/10/09 00:48:49.158, 0, 9, 97871, 0, 85.59
2026/10/09 00:48:49.246, 1, 14, 97871, 0, 98.28
2026/10/09 00:48:49.359, 2, 8, 97871, 0, 42.60
2026/10/09 00:48:49.359, 3, 8, 97871, 0, 86.47
2026/10/09 00:48:50.360, 0, 9, 97871, 0, 84.92
2026/10/09 00:48:50.401, 1, 14, 97871, 0, 98.17
2026/10/09 00:48:50.445, 2, 8, 97871, 0, 42.30
2026/10/09 00:48:50.534, 3, 8, 97871, 0, 86.28
2026/10/09 00:48:51.583, 0, 9, 97871, 0, 85.07
2026/10/09 00:48:51.583, 1, 14, 97871, 0, 98.37
2026/10/09 00:48:51.583, 2, 8, 97871, 0, 42.38
2026/10/09 00:48:51.583, 3, 8, 97871, 0, 86.18
2026/10/09 00:48:52.583, 0, 9, 97871, 0, 85.48
2026/10/09 00:48:52.584, 1, 14, 97871, 0, 98.29
2026/10/09 00:48:52.584, 2, 8, 97871, 0, 42.55
2026/10/09 00:48:52.584, 3, 8, 97871, 0, 86.42
2026/10/09 00:48:53.586, 0, 9, 97871, 0, 85.85
2026/10/09 00:48:53.586, 1, 14, 97871, 0, 98.38
2026/10/09 00:48:53.586, 2, 8, 97871, 0, 42.48
2026/10/09 00:48:53.586, 3, 8, 97871, 0, 86.15
2026/10/09 00:48:54.586, 0, 9, 97871, 0, 85.97
2026/10/09 00:48:54.586, 1, 14, 97871, 0, 98.36
2026/10/09 00:48:54.586, 2, 8, 97871, 0, 42.42
2026/10/09 00:48:54.586, 3, 8, 97871, 0, 86.31
2026/10/09 00:48:55.586, 0, 9, 97871, 0, 85.98
2026/10/09 00:48:55.587, 1, 14, 97871, 0, 98.76
2026/10/09 00:48:55.587, 2, 8, 97871, 0, 42.48
2026/10/09 00:48:55.587, 3, 8, 97871, 0, 86.56
2026/10/09 00:48:56.587, 0, 9, 97871, 0, 86.31
2026/10/09 00:48:56.587, 1, 14, 97871, 0, 98.49
2026/10/09 00:48:56.587, 2, 8, 97871, 0, 42.33
2026/10/09 00:48:56.587, 3, 8, 97871, 0, 86.25
2026/10/09 00:48:57.587, 0, 9, 97871, 0, 85.79
2026/10/09 00:48:57.587, 1, 14, 97871, 0, 98.47
2026/10/09 00:48:57.587, 2, 8, 97871, 0, 42.32
2026/10/09 00:48:57.587, 3, 8, 97871, 0, 86.35
2026/10/09 00:48:58.588, 0, 9, 97871, 0, 86.08
2026/10/09 00:48:58.588, 1, 14, 97871, 0, 98.67
2026/10/09 00:48:58.588, 2, 8, 97871, 0, 42.36
2026/10/09 00:48:58.588, 3, 8, 97871, 0, 86.62
2026/10/09 00:48:59.588, 0, 9, 97871, 0, 86.01
2026/10/09 00:48:59.588, 1, 14, 97871, 0, 98.16
2026/10/09 00:48:59.588, 2, 8, 97871, 0, 42.28
2026/10/09 00:48:59.588, 3, 8, 97871, 0, 86.67
2026/10/09 00:49:00.588, 0, 9, 97871, 0, 85.81
2026/10/09 00:49:00.588, 1, 14, 97871, 0, 98.27
2026/10/09 00:49:00.588, 2, 8, 97871, 0, 42.42
2026/10/09 00:49:00.588, 3, 8, 97871, 0, 86.54
2026/10/09 00:49:01.588, 0, 9, 97871, 0, 85.89
2026/10/09 00:49:01.588, 1, 14, 97871, 0, 98.46
2026/10/09 00:49:01.588, 2, 8, 97871, 0, 42.33
2026/10/09 00:49:01.588, 3, 8, 97871, 0, 86.51
2026/10/09 00:49:02.588, 0, 9, 97871, 0, 86.07
2026/10/09 00:49:02.589, 1, 14, 97871, 0, 98.90
2026/10/09 00:49:02.589, 2, 8, 97871, 0, 42.43
2026/10/09 00:49:02.589, 3, 8, 97871, 0, 86.32
2026/10/09 00:49:03.589, 0, 9, 97871, 0, 85.75
2026/10/09 00:49:03.616, 1, 14, 97871, 0, 98.97
2026/10/09 00:49:03.617, 2, 8, 97871, 0, 42.33
2026/10/09 00:49:03.617, 3, 8, 97871, 0, 86.43
2026/10/09 00:49:04.618, 0, 9, 97871, 0, 85.73
2026/10/09 00:49:04.618, 1, 14, 97871, 0, 98.83
2026/10/09 00:49:04.618, 2, 8, 97871, 0, 42.34
2026/10/09 00:49:04.618, 3, 8, 97871, 0, 86.51
2026/10/09 00:49:05.618, 0, 9, 97871, 0, 85.80
2026/10/09 00:49:05.618, 1, 14, 97871, 0, 98.91
2026/10/09 00:49:05.618, 2, 8, 97871, 0, 42.46
2026/10/09 00:49:05.619, 3, 8, 97871, 0, 86.48
2026/10/09 00:49:06.619, 0, 9, 97871, 0, 85.94
2026/10/09 00:49:06.619, 1, 14, 97871, 0, 98.77
2026/10/09 00:49:06.619, 2, 8, 97871, 0, 42.40
2026/10/09 00:49:06.619, 3, 8, 97871, 0, 86.24
2026/10/09 00:49:07.619, 0, 9, 97871, 0, 86.22
2026/10/09 00:49:07.619, 1, 14, 97871, 0, 98.74
2026/10/09 00:49:07.619, 2, 8, 97871, 0, 42.49
2026/10/09 00:49:07.619, 3, 8, 97871, 0, 86.47
2026/10/09 00:49:08.619, 0, 9, 97871, 0, 86.24
2026/10/09 00:49:08.619, 1, 14, 97871, 0, 98.75
2026/10/09 00:49:08.619, 2, 8, 97871, 0, 42.35
2026/10/09 00:49:08.620, 3, 8, 97871, 0, 86.47
2026/10/09 00:49:09.620, 0, 9, 97871, 0, 85.94
2026/10/09 00:49:09.620, 1, 14, 97871, 0, 98.80
2026/10/09 00:49:09.620, 2, 8, 97871, 0, 42.36
2026/10/09 00:49:09.620, 3, 8, 97871, 0, 86.41
2026/10/09 00:49:10.620, 0, 9, 97871, 0, 86.58
2026/10/09 00:49:10.620, 1, 14, 97871, 0, 99.22
2026/10/09 00:49:10.620, 2, 8, 97871, 0, 42.40
2026/10/09 00:49:10.620, 3, 8, 97871, 0, 86.58
2026/10/09 00:49:11.620, 0, 9, 97871, 0, 86.19
2026/10/09 00:49:11.620, 1, 14, 97871, 0, 99.09
2026/10/09 00:49:11.620, 2, 8, 97871, 0, 42.33
2026/10/09 00:49:11.620, 3, 8, 97871, 0, 86.33
2026/10/09 00:49:12.621, 0, 9, 97871, 0, 86.27
2026/10/09 00:49:12.621, 1, 14, 97871, 0, 98.91
2026/10/09 00:49:12.621, 2, 8, 97871, 0, 42.36
2026/10/09 00:49:12.621, 3, 8, 97871, 0, 86.25
2026/10/09 00:49:13.621, 0, 9, 97871, 0, 86.28
2026/10/09 00:49:13.621, 1, 14, 97871, 0, 98.85
2026/10/09 00:49:13.621, 2, 8, 97871, 0, 42.37
2026/10/09 00:49:13.621, 3, 8, 97871, 0, 86.23
2026/10/09 00:49:14.621, 0, 9, 97871, 0, 86.20
2026/10/09 00:49:14.621, 1, 14, 97871, 0, 98.79
2026/10/09 00:49:14.621, 2, 8, 97871, 0, 42.56
2026/10/09 00:49:14.621, 3, 8, 97871, 0, 86.25
2026/10/09 00:49:15.622, 0, 9, 97871, 0, 86.18
2026/10/09 00:49:15.622, 1, 14, 97871, 0, 98.76
2026/10/09 00:49:15.622, 2, 8, 97871, 0, 42.37
2026/10/09 00:49:15.622, 3, 8, 97871, 0, 86.44
2026/10/09 00:49:16.622, 0, 9, 97871, 0, 86.41
2026/10/09 00:49:16.622, 1, 14, 97871, 0, 98.85
2026/10/09 00:49:16.622, 2, 8, 97871, 0, 42.35
2026/10/09 00:49:16.622, 3, 8, 97871, 0, 86.16
2026/10/09 00:49:17.622, 0, 9, 97871, 0, 86.47
2026/10/09 00:49:17.622, 1, 14, 97871, 0, 98.88
2026/10/09 00:49:17.622, 2, 8, 97871, 0, 42.24
2026/10/09 00:49:17.622, 3, 8, 97871, 0, 86.37
2026/10/09 00:49:18.622, 0, 9, 97871, 0, 86.25
2026/10/09 00:49:18.623, 1, 14, 97871, 0, 98.65
2026/10/09 00:49:18.623, 2, 8, 97871, 0, 42.49
2026/10/09 00:49:18.623, 3, 8, 97871, 0, 86.28
2026/10/09 00:49:19.623, 0, 9, 97871, 0, 86.36
2026/10/09 00:49:19.623, 1, 14, 97871, 0, 98.81
2026/10/09 00:49:19.623, 2, 8, 97871, 0, 42.38
2026/10/09 00:49:19.623, 3, 8, 97871, 0, 86.53
2026/10/09 00:49:20.623, 0, 9, 97871, 0, 86.33
2026/10/09 00:49:20.623, 1, 14, 97871, 0, 98.86
2026/10/09 00:49:20.623, 2, 8, 97871, 0, 42.37
2026/10/09 00:49:20.623, 3, 8, 97871, 0, 86.48
2026/10/09 00:49:21.623, 0, 9, 97871, 0, 86.30
2026/10/09 00:49:21.624, 1, 14, 97871, 0, 98.74
2026/10/09 00:49:21.624, 2, 8, 97871, 0, 42.34
2026/10/09 00:49:21.624, 3, 8, 97871, 0, 86.22
2026/10/09 00:49:22.624, 0, 9, 97871, 0, 86.32
2026/10/09 00:49:22.624, 1, 14, 97871, 0, 98.74
2026/10/09 00:49:22.624, 2, 8, 97871, 0, 42.37
2026/10/09 00:49:22.624, 3, 8, 97871, 0, 86.29
2026/10/09 00:49:23.624, 0, 9, 97871, 0, 86.16
2026/10/09 00:49:23.624, 1, 14, 97871, 0, 98.68
2026/10/09 00:49:23.624, 2, 8, 97871, 0, 42.47
2026/10/09 00:49:23.624, 3, 8, 97871, 0, 86.34
2026/10/09 00:49:24.624, 0, 9, 97871, 0, 86.30
2026/10/09 00:49:24.624, 1, 14, 97871, 0, 98.77
2026/10/09 00:49:24.624, 2, 8, 97871, 0, 42.44
2026/10/09 00:49:24.625, 3, 8, 97871, 0, 86.35
2026/10/09 00:49:25.625, 0, 9, 97871, 0, 86.26
2026/10/09 00:49:25.625, 1, 14, 97871, 0, 98.93
2026/10/09 00:49:25.625, 2, 8, 97871, 0, 42.40
2026/10/09 00:49:25.625, 3, 8, 97871, 0, 86.24
2026/10/09 00:49:26.625, 0, 9, 97871, 0, 86.13
2026/10/09 00:49:26.625, 1, 14, 97871, 0, 98.68
2026/10/09 00:49:26.625, 2, 8, 97871, 0, 42.17
2026/10/09 00:49:26.625, 3, 8, 97871, 0, 86.40
2026/10/09 00:49:27.625, 0, 9, 97871, 0, 86.33
2026/10/09 00:49:27.625, 1, 14, 97871, 0, 98.74
2026/10/09 00:49:27.625, 2, 8, 97871, 0, 42.34
2026/10/09 00:49:27.625, 3, 8, 97871, 0, 86.37
2026/10/09 00:49:28.626, 0, 9, 97871, 0, 86.16
2026/10/09 00:49:28.626, 1, 14, 97871, 0, 98.64
2026/10/09 00:49:28.626, 2, 8, 97871, 0, 42.17
2026/10/09 00:49:28.626, 3, 8, 97871, 0, 86.37
2026/10/09 00:49:29.626, 0, 9, 97871, 0, 86.55
2026/10/09 00:49:29.626, 1, 14, 97871, 0, 98.88
2026/10/09 00:49:29.626, 2, 8, 97871, 0, 42.23
2026/10/09 00:49:29.626, 3, 8, 97871, 0, 86.30
2026/10/09 00:49:30.626, 0, 9, 97871, 0, 86.43
2026/10/09 00:49:30.626, 1, 14, 97871, 0, 98.65
2026/10/09 00:49:30.626, 2, 8, 97871, 0, 42.21
2026/10/09 00:49:30.626, 3, 8, 97871, 0, 86.29
2026/10/09 00:49:31.626, 0, 9, 97871, 0, 86.15
2026/10/09 00:49:31.627, 1, 14, 97871, 0, 98.44
2026/10/09 00:49:31.627, 2, 8, 97871, 0, 42.40
2026/10/09 00:49:31.627, 3, 8, 97871, 0, 86.34
2026/10/09 00:49:32.627, 0, 9, 97871, 0, 86.29
2026/10/09 00:49:32.627, 1, 14, 97871, 0, 98.76
2026/10/09 00:49:32.627, 2, 8, 97871, 0, 42.29
2026/10/09 00:49:32.627, 3, 8, 97871, 0, 86.43
2026/10/09 00:49:33.627, 0, 9, 97871, 0, 86.23
2026/10/09 00:49:33.627, 1, 14, 97871, 0, 98.81
2026/10/09 00:49:33.627, 2, 8, 97871, 0, 42.26
2026/10/09 00:49:33.627, 3, 8, 97871, 0, 86.12
2026/10/09 00:49:34.627, 0, 9, 97871, 0, 86.26
2026/10/09 00:49:34.627, 1, 14, 97871, 0, 98.77
2026/10/09 00:49:34.628, 2, 8, 97871, 0, 42.31
2026/10/09 00:49:34.628, 3, 8, 97871, 0, 86.18
2026/10/09 00:49:35.628, 0, 9, 97871, 0, 86.32
2026/10/09 00:49:35.628, 1, 14, 97871, 0, 98.92
2026/10/09 00:49:35.628, 2, 8, 97871, 0, 42.37
2026/10/09 00:49:35.628, 3, 8, 97871, 0, 86.38
2026/10/09 00:49:36.628, 0, 9, 97871, 0, 86.16
2026/10/09 00:49:36.628, 1, 14, 97871, 0, 98.73
2026/10/09 00:49:36.628, 2, 8, 97871, 0, 42.43
2026/10/09 00:49:36.628, 3, 8, 97871, 0, 86.35
2026/10/09 00:49:37.628, 0, 9, 97871, 0, 86.28
2026/10/09 00:49:37.628, 1, 14, 97871, 0, 98.69
2026/10/09 00:49:37.628, 2, 8, 97871, 0, 42.34
2026/10/09 00:49:37.629, 3, 8, 97871, 0, 86.39
2026/10/09 00:49:38.629, 0, 9, 97871, 0, 86.25
2026/10/09 00:49:38.629, 1, 14, 97871, 0, 98.78
2026/10/09 00:49:38.629, 2, 8, 97871, 0, 42.39
2026/10/09 00:49:38.629, 3, 8, 97871, 0, 86.42
2026/10/09 00:49:39.629, 0, 9, 97871, 0, 86.30
2026/10/09 00:49:39.629, 1, 14, 97871, 0, 98.79
2026/10/09 00:49:39.629, 2, 8, 97871, 0, 42.33
2026/10/09 00:49:39.629, 3, 8, 97871, 0, 86.30
2026/10/09 00:49:40.629, 0, 9, 97871, 0, 86.17
2026/10/09 00:49:40.629, 1, 14, 97871, 0, 98.68
2026/10/09 00:49:40.629, 2, 8, 97871, 0, 42.40
2026/10/09 00:49:40.629, 3, 8, 97871, 0, 86.36
2026/10/09 00:49:41.630, 0, 9, 97871, 0, 86.22
2026/10/09 00:49:41.630, 1, 14, 97871, 0, 98.81
2026/10/09 00:49:41.630, 2, 8, 97871, 0, 42.37
2026/10/09 00:49:41.630, 3, 8, 97871, 0, 86.33
2026/10/09 00:49:42.630, 0, 9, 97871, 0, 86.10
2026/10/09 00:49:42.630, 1, 14, 97871, 0, 98.91
2026/10/09 00:49:42.630, 2, 8, 97871, 0, 42.73
2026/10/09 00:49:42.630, 3, 8, 97871, 0, 86.34
2026/10/09 00:49:43.630, 0, 9, 97871, 0, 85.99
2026/10/09 00:49:43.630, 1, 14, 97871, 0, 98.97
2026/10/09 00:49:43.630, 2, 8, 97871, 0, 42.43
2026/10/09 00:49:43.630, 3, 8, 97871, 0, 86.44
2026/10/09 00:49:44.631, 0, 9, 97871, 0, 86.03
2026/10/09 00:49:44.631, 1, 14, 97871, 0, 99.01
2026/10/09 00:49:44.631, 2, 8, 97871, 0, 42.45
2026/10/09 00:49:44.631, 3, 8, 97871, 0, 86.31
2026/10/09 00:49:45.631, 0, 9, 97871, 0, 85.94
2026/10/09 00:49:45.631, 1, 14, 97871, 0, 98.99
2026/10/09 00:49:45.631, 2, 8, 97871, 0, 42.51
2026/10/09 00:49:45.631, 3, 8, 97871, 0, 86.27
2026/10/09 00:49:46.631, 0, 9, 97871, 0, 86.00
2026/10/09 00:49:46.631, 1, 14, 97871, 0, 98.87
2026/10/09 00:49:46.631, 2, 8, 97871, 0, 42.40
2026/10/09 00:49:46.631, 3, 8, 97871, 0, 86.26
2026/10/09 00:49:47.632, 0, 9, 97871, 0, 86.17
2026/10/09 00:49:47.632, 1, 14, 97871, 0, 98.98
2026/10/09 00:49:47.632, 2, 8, 97871, 0, 42.35
2026/10/09 00:49:47.632, 3, 8, 97871, 0, 86.25
2026/10/09 00:49:48.632, 0, 9, 97871, 0, 86.34
2026/10/09 00:49:48.632, 1, 14, 97871, 0, 98.99
2026/10/09 00:49:48.632, 2, 8, 97871, 0, 42.38
2026/10/09 00:49:48.632, 3, 8, 97871, 0, 86.32
2026/10/09 00:49:49.632, 0, 9, 97871, 0, 85.89
2026/10/09 00:49:49.632, 1, 14, 97871, 0, 98.78
2026/10/09 00:49:49.632, 2, 8, 97871, 0, 42.29
2026/10/09 00:49:49.632, 3, 8, 97871, 0, 86.28
2026/10/09 00:49:50.632, 0, 9, 97871, 0, 85.99
2026/10/09 00:49:50.636, 1, 14, 97871, 0, 98.81
2026/10/09 00:49:50.636, 2, 8, 97871, 0, 42.41
2026/10/09 00:49:50.636, 3, 8, 97871, 0, 86.22
2026/10/09 00:49:51.636, 0, 9, 97871, 0, 86.39
2026/10/09 00:49:51.637, 1, 14, 97871, 0, 98.96
2026/10/09 00:49:51.637, 2, 8, 97871, 0, 42.41
2026/10/09 00:49:51.637, 3, 8, 97871, 0, 86.38
2026/10/09 00:49:52.637, 0, 9, 97871, 0, 86.44
2026/10/09 00:49:52.637, 1, 14, 97871, 0, 99.14
2026/10/09 00:49:52.637, 2, 8, 97871, 0, 42.37
2026/10/09 00:49:52.637, 3, 8, 97871, 0, 86.33
2026/10/09 00:49:53.637, 0, 9, 97871, 0, 85.97
2026/10/09 00:49:53.637, 1, 14, 97871, 0, 98.91
2026/10/09 00:49:53.637, 2, 8, 97871, 0, 42.54
2026/10/09 00:49:53.637, 3, 8, 97871, 0, 86.37
2026/10/09 00:49:54.637, 0, 9, 97871, 0, 85.99
2026/10/09 00:49:54.638, 1, 14, 97871, 0, 98.96
2026/10/09 00:49:54.638, 2, 8, 97871, 0, 42.40
2026/10/09 00:49:54.638, 3, 8, 97871, 0, 86.19
2026/10/09 00:49:55.638, 0, 9, 97871, 0, 86.17
2026/10/09 00:49:55.638, 1, 14, 97871, 0, 98.84
2026/10/09 00:49:55.638, 2, 8, 97871, 0, 42.32
2026/10/09 00:49:55.638, 3, 8, 97871, 0, 86.30
2026/10/09 00:49:56.638, 0, 9, 97871, 0, 86.66
2026/10/09 00:49:56.638, 1, 14, 97871, 0, 98.88
2026/10/09 00:49:56.638, 2, 8, 97871, 0, 42.42
2026/10/09 00:49:56.638, 3, 8, 97871, 0, 86.31
2026/10/09 00:49:57.638, 0, 9, 97871, 0, 85.95
2026/10/09 00:49:57.639, 1, 14, 97871, 0, 99.44
2026/10/09 00:49:57.639, 2, 8, 97871, 0, 42.39
2026/10/09 00:49:57.639, 3, 8, 97871, 0, 86.33
2026/10/09 00:49:58.639, 0, 9, 97871, 0, 85.93
2026/10/09 00:49:58.689, 1, 14, 97871, 0, 99.28
2026/10/09 00:49:58.734, 2, 8, 97871, 0, 42.39
2026/10/09 00:49:58.781, 3, 8, 97871, 0, 86.43
2026/10/09 00:49:59.782, 0, 9, 97871, 0, 86.05
2026/10/09 00:49:59.810, 1, 14, 97871, 0, 98.96
2026/10/09 00:49:59.810, 2, 8, 97871, 0, 42.27
2026/10/09 00:49:59.810, 3, 8, 97871, 0, 86.31
2026/10/09 00:50:00.810, 0, 9, 97871, 0, 86.25
2026/10/09 00:50:00.810, 1, 14, 97871, 0, 99.25
2026/10/09 00:50:00.810, 2, 8, 97871, 0, 42.54
2026/10/09 00:50:00.810, 3, 8, 97871, 0, 86.32
2026/10/09 00:50:01.810, 0, 9, 97871, 0, 86.25
2026/10/09 00:50:01.848, 1, 14, 97871, 0, 98.72
2026/10/09 00:50:01.893, 2, 8, 97871, 0, 42.34
2026/10/09 00:50:01.940, 3, 8, 97871, 0, 86.31
2026/10/09 00:50:02.963, 0, 9, 97871, 0, 85.72
2026/10/09 00:50:02.963, 1, 14, 97871, 0, 98.59
2026/10/09 00:50:02.963, 2, 8, 97871, 0, 42.32
2026/10/09 00:50:02.963, 3, 9, 97871, 0, 86.29
2026/10/09 00:50:03.964, 0, 3217, 97871, 3, 110.51
2026/10/09 00:50:03.964, 1, 14, 97871, 0, 98.58
2026/10/09 00:50:03.964, 2, 8, 97871, 0, 42.54
2026/10/09 00:50:03.964, 3, 9, 97871, 0, 86.33
2026/10/09 00:50:04.964, 0, 3217, 97871, 0, 129.66
2026/10/09 00:50:04.964, 1, 14, 97871, 0, 98.47
2026/10/09 00:50:04.964, 2, 8, 97871, 0, 42.42
2026/10/09 00:50:04.964, 3, 9, 97871, 0, 86.36
2026/10/09 00:50:05.964, 0, 3217, 97871, 0, 130.54
2026/10/09 00:50:05.964, 1, 14, 97871, 0, 98.88
2026/10/09 00:50:05.964, 2, 8, 97871, 0, 42.36
2026/10/09 00:50:05.964, 3, 9, 97871, 0, 86.48
2026/10/09 00:50:06.965, 0, 16353, 97871, 0, 130.53
2026/10/09 00:50:06.965, 1, 14, 97871, 0, 98.91
2026/10/09 00:50:06.965, 2, 8, 97871, 0, 42.45
2026/10/09 00:50:06.965, 3, 9, 97871, 0, 86.56
2026/10/09 00:50:07.965, 0, 20219, 97871, 5, 131.11
2026/10/09 00:50:07.965, 1, 14, 97871, 0, 98.74
2026/10/09 00:50:07.965, 2, 8, 97871, 0, 42.53
2026/10/09 00:50:07.965, 3, 9, 97871, 0, 86.53
2026/10/09 00:50:08.965, 0, 20629, 97871, 0, 130.05
2026/10/09 00:50:08.965, 1, 14, 97871, 0, 98.57
2026/10/09 00:50:08.965, 2, 8, 97871, 0, 42.49
2026/10/09 00:50:08.965, 3, 9, 97871, 0, 86.29
2026/10/09 00:50:09.965, 0, 20629, 97871, 0, 129.94
2026/10/09 00:50:09.966, 1, 14, 97871, 0, 98.63
2026/10/09 00:50:09.966, 2, 8, 97871, 0, 42.41
2026/10/09 00:50:09.966, 3, 9, 97871, 0, 86.31
2026/10/09 00:50:10.966, 0, 20629, 97871, 5, 131.26
2026/10/09 00:50:10.966, 1, 14, 97871, 0, 100.18
2026/10/09 00:50:10.966, 2, 8, 97871, 0, 42.44
2026/10/09 00:50:10.966, 3, 9, 97871, 0, 86.70
2026/10/09 00:50:11.966, 0, 20629, 97871, 0, 131.11
2026/10/09 00:50:11.966, 1, 14, 97871, 0, 99.58
2026/10/09 00:50:11.966, 2, 8, 97871, 0, 42.50
2026/10/09 00:50:11.967, 3, 9, 97871, 0, 86.71
2026/10/09 00:50:12.967, 0, 20629, 97871, 14, 131.34
2026/10/09 00:50:12.968, 1, 14, 97871, 0, 99.86
2026/10/09 00:50:12.968, 2, 8, 97871, 0, 42.45
2026/10/09 00:50:12.968, 3, 11, 97871, 0, 86.42
2026/10/09 00:50:13.968, 0, 20629, 97871, 0, 130.48
2026/10/09 00:50:13.968, 1, 14, 97871, 0, 98.91
2026/10/09 00:50:13.968, 2, 8, 97871, 0, 42.43
2026/10/09 00:50:13.968, 3, 16483, 97871, 4, 129.91
2026/10/09 00:50:14.968, 0, 20629, 97871, 3, 132.19
2026/10/09 00:50:14.968, 1, 14, 97871, 0, 99.66
2026/10/09 00:50:14.968, 2, 8, 97871, 0, 42.48
2026/10/09 00:50:14.968, 3, 20759, 97871, 6, 135.78
2026/10/09 00:50:15.968, 0, 20629, 97871, 1, 131.33
2026/10/09 00:50:16.047, 1, 14, 97871, 0, 99.03
2026/10/09 00:50:16.048, 2, 8, 97871, 0, 42.62
2026/10/09 00:50:16.048, 3, 20759, 97871, 5, 134.53
2026/10/09 00:50:17.048, 0, 20629, 97871, 1, 129.74
2026/10/09 00:50:17.063, 1, 16, 97871, 0, 99.19
2026/10/09 00:50:17.090, 2, 10, 97871, 0, 42.42
2026/10/09 00:50:17.120, 3, 20759, 97871, 1, 134.24
2026/10/09 00:50:18.223, 0, 18939, 97871, 0, 129.99
2026/10/09 00:50:18.223, 1, 3224, 97871, 1, 149.48
2026/10/09 00:50:18.223, 2, 3026, 97871, 0, 58.44
2026/10/09 00:50:18.223, 3, 20759, 97871, 5, 134.58
2026/10/09 00:50:19.224, 0, 18939, 97871, 0, 130.76
2026/10/09 00:50:19.224, 1, 20636, 97871, 10, 148.91
2026/10/09 00:50:19.224, 2, 20758, 97871, 6, 87.84
2026/10/09 00:50:19.224, 3, 25059, 97871, 0, 133.74
2026/10/09 00:50:20.224, 0, 18939, 97871, 0, 131.95
2026/10/09 00:50:20.224, 1, 20636, 97871, 6, 149.35
2026/10/09 00:50:20.224, 2, 20758, 97871, 0, 86.05
2026/10/09 00:50:20.224, 3, 25059, 97871, 0, 133.65
2026/10/09 00:50:21.224, 0, 18939, 97871, 0, 131.34
2026/10/09 00:50:21.224, 1, 20636, 97871, 4, 147.85
2026/10/09 00:50:21.224, 2, 20758, 97871, 6, 86.11
2026/10/09 00:50:21.225, 3, 25059, 97871, 3, 133.55
2026/10/09 00:50:22.225, 0, 18939, 97871, 0, 131.21
2026/10/09 00:50:22.225, 1, 20636, 97871, 7, 147.45
2026/10/09 00:50:22.225, 2, 20758, 97871, 7, 86.06
2026/10/09 00:50:22.225, 3, 25059, 97871, 0, 133.55
2026/10/09 00:50:23.225, 0, 18939, 97871, 0, 130.62
2026/10/09 00:50:23.225, 1, 18946, 97871, 0, 146.33
2026/10/09 00:50:23.225, 2, 19214, 97871, 0, 86.16
2026/10/09 00:50:23.225, 3, 22473, 97871, 0, 133.49
2026/10/09 00:50:24.225, 0, 18939, 97871, 0, 129.96
2026/10/09 00:50:24.225, 1, 18946, 97871, 0, 146.40
2026/10/09 00:50:24.225, 2, 19676, 97871, 0, 85.27
2026/10/09 00:50:24.225, 3, 22473, 97871, 0, 133.45
2026/10/09 00:50:25.226, 0, 18939, 97871, 0, 129.84
2026/10/09 00:50:25.226, 1, 18946, 97871, 0, 146.17
2026/10/09 00:50:25.226, 2, 19676, 97871, 0, 85.24
2026/10/09 00:50:25.226, 3, 22473, 97871, 0, 133.26
2026/10/09 00:50:26.226, 0, 18939, 97871, 0, 129.87
2026/10/09 00:50:26.226, 1, 18946, 97871, 0, 146.12
2026/10/09 00:50:26.226, 2, 19676, 97871, 0, 85.14
2026/10/09 00:50:26.226, 3, 22473, 97871, 0, 133.38
2026/10/09 00:50:27.226, 0, 19131, 97871, 0, 129.78
2026/10/09 00:50:27.226, 1, 18946, 97871, 0, 146.30
2026/10/09 00:50:27.226, 2, 19676, 97871, 0, 85.18
2026/10/09 00:50:27.226, 3, 22473, 97871, 0, 133.53
2026/10/09 00:50:28.226, 0, 19191, 97871, 0, 177.90
2026/10/09 00:50:28.227, 1, 18946, 97871, 0, 146.21
2026/10/09 00:50:28.227, 2, 19676, 97871, 0, 85.19
2026/10/09 00:50:28.227, 3, 22473, 97871, 0, 133.49
2026/10/09 00:50:29.227, 0, 19347, 97871, 0, 167.68
2026/10/09 00:50:29.227, 1, 18946, 97871, 0, 146.56
2026/10/09 00:50:29.227, 2, 19676, 97871, 0, 85.05
2026/10/09 00:50:29.227, 3, 22473, 97871, 0, 133.49
2026/10/09 00:50:30.227, 0, 19603, 97871, 0, 162.93
2026/10/09 00:50:30.227, 1, 18946, 97871, 0, 146.25
2026/10/09 00:50:30.227, 2, 19676, 97871, 0, 85.09
2026/10/09 00:50:30.227, 3, 22473, 97871, 0, 133.46
2026/10/09 00:50:31.228, 0, 19603, 97871, 0, 160.40
2026/10/09 00:50:31.228, 1, 18946, 97871, 0, 146.15
2026/10/09 00:50:31.228, 2, 19868, 97871, 0, 85.26
2026/10/09 00:50:31.228, 3, 22665, 97871, 0, 133.46
2026/10/09 00:50:32.228, 0, 19603, 97871, 0, 197.27
2026/10/09 00:50:32.228, 1, 19138, 97871, 0, 146.16
2026/10/09 00:50:32.228, 2, 19928, 97871, 0, 119.48
2026/10/09 00:50:32.228, 3, 22725, 97871, 33, 185.10
2026/10/09 00:50:33.228, 0, 19603, 97871, 0, 130.35
2026/10/09 00:50:33.228, 1, 19198, 97871, 54, 193.72
2026/10/09 00:50:33.228, 2, 19928, 97871, 78, 135.99
2026/10/09 00:50:33.228, 3, 22820, 97871, 1, 176.14
2026/10/09 00:50:34.228, 0, 19603, 97871, 0, 128.89
2026/10/09 00:50:34.229, 1, 19294, 97871, 0, 186.99
2026/10/09 00:50:34.229, 2, 20340, 97871, 66, 116.90
2026/10/09 00:50:34.229, 3, 23136, 97871, 0, 169.20
2026/10/09 00:50:35.229, 0, 19603, 97871, 0, 128.94
2026/10/09 00:50:35.229, 1, 19610, 97871, 0, 181.07
2026/10/09 00:50:35.229, 2, 20340, 97871, 0, 115.66
2026/10/09 00:50:35.229, 3, 23136, 97871, 0, 165.96
2026/10/09 00:50:36.229, 0, 20275, 97871, 25, 239.13
2026/10/09 00:50:36.229, 1, 19610, 97871, 0, 178.07
2026/10/09 00:50:36.229, 2, 20340, 97871, 0, 85.14
2026/10/09 00:50:36.229, 3, 23136, 97871, 93, 203.11
2026/10/09 00:50:37.229, 0, 20275, 97871, 0, 130.58
2026/10/09 00:50:37.230, 1, 19610, 97871, 51, 189.88
2026/10/09 00:50:37.230, 2, 20340, 97871, 0, 149.88
2026/10/09 00:50:37.230, 3, 23136, 97871, 0, 142.26
2026/10/09 00:50:38.230, 0, 20275, 97871, 0, 129.69
2026/10/09 00:50:38.230, 1, 19610, 97871, 0, 178.89
2026/10/09 00:50:38.230, 2, 20340, 97871, 0, 85.28
2026/10/09 00:50:38.230, 3, 23136, 97871, 0, 132.16
2026/10/09 00:50:39.230, 0, 20275, 97871, 0, 187.62
2026/10/09 00:50:39.230, 1, 19610, 97871, 0, 145.49
2026/10/09 00:50:39.230, 2, 20339, 97871, 0, 85.21
2026/10/09 00:50:39.230, 3, 23136, 97871, 0, 132.07
2026/10/09 00:50:40.230, 0, 20275, 97871, 0, 130.31
2026/10/09 00:50:40.231, 1, 19610, 97871, 0, 145.56
2026/10/09 00:50:40.231, 2, 21011, 97871, 0, 98.60
2026/10/09 00:50:40.231, 3, 23808, 97871, 99, 189.66
2026/10/09 00:50:41.231, 0, 20275, 97871, 0, 130.80
2026/10/09 00:50:41.231, 1, 20282, 97871, 99, 192.62
2026/10/09 00:50:41.231, 2, 21011, 97871, 0, 169.28
2026/10/09 00:50:41.231, 3, 23808, 97871, 0, 184.56
2026/10/09 00:50:42.231, 0, 20275, 97871, 0, 129.96
2026/10/09 00:50:42.231, 1, 20282, 97871, 0, 214.81
2026/10/09 00:50:42.231, 2, 21011, 97871, 0, 85.73
2026/10/09 00:50:42.231, 3, 23808, 97871, 0, 132.39
2026/10/09 00:50:43.231, 0, 21011, 97871, 100, 396.08
2026/10/09 00:50:43.232, 1, 20282, 97871, 0, 145.62
2026/10/09 00:50:43.232, 2, 21011, 97871, 0, 188.12
2026/10/09 00:50:43.232, 3, 23808, 97871, 0, 241.99
2026/10/09 00:50:44.232, 0, 21011, 97871, 0, 213.32
2026/10/09 00:50:44.232, 1, 20282, 97871, 0, 195.22
2026/10/09 00:50:44.232, 2, 21011, 97871, 0, 85.25
2026/10/09 00:50:44.232, 3, 23808, 97871, 0, 132.20
2026/10/09 00:50:45.232, 0, 21011, 97871, 0, 130.15
2026/10/09 00:50:45.232, 1, 20282, 97871, 0, 146.15
2026/10/09 00:50:45.232, 2, 21011, 97871, 0, 85.09
2026/10/09 00:50:45.232, 3, 23808, 97871, 0, 132.11
2026/10/09 00:50:46.232, 0, 77935, 97871, 25, 326.72
2026/10/09 00:50:46.232, 1, 20282, 97871, 0, 145.45
2026/10/09 00:50:46.233, 2, 21011, 97871, 0, 132.05
2026/10/09 00:50:46.233, 3, 23808, 97871, 0, 182.14
2026/10/09 00:50:47.233, 0, 78035, 97871, 19, 218.68
2026/10/09 00:50:47.233, 1, 20282, 97871, 0, 145.72
2026/10/09 00:50:47.233, 2, 21011, 97871, 0, 85.51
2026/10/09 00:50:47.233, 3, 23808, 97871, 0, 132.23
2026/10/09 00:50:48.233, 0, 78435, 97871, 15, 181.17
2026/10/09 00:50:48.233, 1, 20346, 97871, 94, 270.35
2026/10/09 00:50:48.233, 2, 21011, 97871, 0, 85.12
2026/10/09 00:50:48.233, 3, 23808, 97871, 0, 132.11
2026/10/09 00:50:49.233, 0, 78391, 97871, 15, 191.86
2026/10/09 00:50:49.233, 1, 21018, 97871, 0, 364.25
2026/10/09 00:50:49.233, 2, 21075, 97871, 75, 135.57
2026/10/09 00:50:49.233, 3, 23872, 97871, 83, 209.57
2026/10/09 00:50:50.233, 0, 78367, 97871, 0, 154.21
2026/10/09 00:50:50.234, 1, 21018, 97871, 0, 146.44
2026/10/09 00:50:50.234, 2, 22419, 97871, 39, 403.55
2026/10/09 00:50:50.234, 3, 25216, 97871, 12, 427.73
2026/10/09 00:50:51.234, 0, 78367, 97871, 0, 130.42
2026/10/09 00:50:51.234, 1, 79745, 97871, 42, 215.82
2026/10/09 00:50:51.234, 2, 22419, 97871, 0, 86.43
2026/10/09 00:50:51.234, 3, 25216, 97871, 0, 132.51
2026/10/09 00:50:52.234, 0, 78623, 97871, 0, 139.82
2026/10/09 00:50:52.234, 1, 78021, 97871, 26, 337.42
2026/10/09 00:50:52.234, 2, 24503, 97871, 4, 86.81
2026/10/09 00:50:52.234, 3, 25216, 97871, 0, 132.30
2026/10/09 00:50:53.234, 0, 78885, 97871, 0, 130.70
2026/10/09 00:50:53.235, 1, 78113, 97871, 18, 218.40
2026/10/09 00:50:53.235, 2, 24503, 97871, 0, 108.42
2026/10/09 00:50:53.235, 3, 25216, 97871, 0, 141.36
2026/10/09 00:50:54.235, 0, 78885, 97871, 0, 130.40
2026/10/09 00:50:54.235, 1, 78393, 97871, 25, 230.83
2026/10/09 00:50:54.235, 2, 24503, 97871, 0, 102.82
2026/10/09 00:50:54.235, 3, 25216, 97871, 0, 148.52
2026/10/09 00:50:55.235, 0, 79411, 97871, 0, 130.86
2026/10/09 00:50:55.235, 1, 78373, 97871, 0, 171.29
2026/10/09 00:50:55.235, 2, 24503, 97871, 0, 160.62
2026/10/09 00:50:55.235, 3, 25216, 97871, 0, 142.01
2026/10/09 00:50:56.235, 0, 79413, 97871, 0, 136.01
2026/10/09 00:50:56.236, 1, 78373, 97871, 0, 146.41
2026/10/09 00:50:56.236, 2, 24503, 97871, 0, 85.05
2026/10/09 00:50:56.236, 3, 25216, 97871, 0, 138.62
2026/10/09 00:50:57.236, 0, 79413, 97871, 0, 129.90
2026/10/09 00:50:57.236, 1, 78629, 97871, 15, 153.66
2026/10/09 00:50:57.236, 2, 24503, 97871, 0, 146.67
2026/10/09 00:50:57.236, 3, 27300, 97871, 0, 144.52
2026/10/09 00:50:58.236, 0, 79413, 97871, 0, 130.06
2026/10/09 00:50:58.236, 1, 78891, 97871, 0, 146.37
2026/10/09 00:50:58.236, 2, 24503, 97871, 92, 185.53
2026/10/09 00:50:58.236, 3, 27300, 97871, 0, 132.15
2026/10/09 00:50:59.236, 0, 79413, 97871, 0, 129.95
2026/10/09 00:50:59.236, 1, 79417, 97871, 2, 146.95
2026/10/09 00:50:59.237, 2, 24505, 97871, 5, 186.47
2026/10/09 00:50:59.237, 3, 27300, 97871, 61, 160.31
2026/10/09 00:51:00.237, 0, 79413, 97871, 0, 130.28
2026/10/09 00:51:00.237, 1, 79419, 97871, 0, 147.59
2026/10/09 00:51:00.237, 2, 24505, 97871, 0, 86.61
2026/10/09 00:51:00.237, 3, 27300, 97871, 0, 148.81
2026/10/09 00:51:01.237, 0, 79413, 97871, 0, 130.41
2026/10/09 00:51:01.237, 1, 79419, 97871, 0, 152.73
2026/10/09 00:51:01.237, 2, 79229, 97871, 100, 200.02
2026/10/09 00:51:01.237, 3, 27300, 97871, 0, 182.40
2026/10/09 00:51:02.237, 0, 79413, 97871, 0, 130.16
2026/10/09 00:51:02.237, 1, 79419, 97871, 0, 145.57
2026/10/09 00:51:02.237, 2, 75947, 97871, 22, 205.52
2026/10/09 00:51:02.237, 3, 27300, 97871, 0, 132.29
2026/10/09 00:51:03.237, 0, 79413, 97871, 0, 130.10
2026/10/09 00:51:03.250, 1, 79419, 97871, 0, 145.58
2026/10/09 00:51:03.251, 2, 76065, 97871, 16, 173.87
2026/10/09 00:51:03.251, 3, 33278, 97871, 0, 131.90
2026/10/09 00:51:04.251, 0, 79413, 97871, 0, 130.29
2026/10/09 00:51:04.251, 1, 79419, 97871, 0, 145.32
2026/10/09 00:51:04.251, 2, 77195, 97871, 19, 124.12
2026/10/09 00:51:04.251, 3, 78744, 97871, 0, 319.65
2026/10/09 00:51:05.251, 0, 79413, 97871, 0, 130.19
2026/10/09 00:51:05.251, 1, 79419, 97871, 0, 145.46
2026/10/09 00:51:05.251, 2, 76819, 97871, 19, 195.38
2026/10/09 00:51:05.252, 3, 76418, 97871, 17, 228.63
2026/10/09 00:51:06.252, 0, 79413, 97871, 0, 130.23
2026/10/09 00:51:06.252, 1, 79419, 97871, 0, 145.53
2026/10/09 00:51:06.252, 2, 76883, 97871, 18, 152.67
2026/10/09 00:51:06.252, 3, 76532, 97871, 15, 204.35
2026/10/09 00:51:07.252, 0, 79413, 97871, 0, 129.74
2026/10/09 00:51:07.252, 1, 79419, 97871, 0, 145.79
2026/10/09 00:51:07.252, 2, 76929, 97871, 0, 112.78
2026/10/09 00:51:07.252, 3, 77262, 97871, 26, 265.27
2026/10/09 00:51:08.252, 0, 79413, 97871, 0, 129.79
2026/10/09 00:51:08.252, 1, 79419, 97871, 0, 146.01
2026/10/09 00:51:08.252, 2, 76929, 97871, 0, 86.62
2026/10/09 00:51:08.252, 3, 77200, 97871, 18, 211.46
2026/10/09 00:51:09.252, 0, 79413, 97871, 0, 129.89
2026/10/09 00:51:09.252, 1, 79419, 97871, 0, 145.55
2026/10/09 00:51:09.253, 2, 77675, 97871, 0, 117.78
2026/10/09 00:51:09.253, 3, 77258, 97871, 12, 197.54
2026/10/09 00:51:10.253, 0, 79413, 97871, 0, 129.80
2026/10/09 00:51:10.253, 1, 79419, 97871, 0, 145.70
2026/10/09 00:51:10.253, 2, 77675, 97871, 0, 85.71
2026/10/09 00:51:10.253, 3, 77258, 97871, 0, 132.49
2026/10/09 00:51:11.253, 0, 79413, 97871, 0, 129.97
2026/10/09 00:51:11.253, 1, 79419, 97871, 0, 145.49
2026/10/09 00:51:11.253, 2, 78201, 97871, 0, 85.90
2026/10/09 00:51:11.253, 3, 77258, 97871, 0, 132.50
2026/10/09 00:51:12.253, 0, 79413, 97871, 0, 130.05
2026/10/09 00:51:12.253, 1, 79419, 97871, 0, 145.19
2026/10/09 00:51:12.253, 2, 79247, 97871, 0, 95.50
2026/10/09 00:51:12.253, 3, 78004, 97871, 0, 161.00
2026/10/09 00:51:13.254, 0, 79413, 97871, 0, 130.16
2026/10/09 00:51:13.254, 1, 79419, 97871, 0, 145.32
2026/10/09 00:51:13.254, 2, 82373, 97871, 0, 118.12
2026/10/09 00:51:13.254, 3, 78004, 97871, 0, 132.49
2026/10/09 00:51:14.254, 0, 79413, 97871, 0, 130.21
2026/10/09 00:51:14.254, 1, 79419, 97871, 0, 145.39
2026/10/09 00:51:14.254, 2, 82373, 97871, 0, 85.50
2026/10/09 00:51:14.254, 3, 78530, 97871, 2, 132.67
2026/10/09 00:51:15.254, 0, 79413, 97871, 0, 130.21
2026/10/09 00:51:15.254, 1, 79419, 97871, 0, 145.30
2026/10/09 00:51:15.254, 2, 82373, 97871, 0, 85.17
2026/10/09 00:51:15.254, 3, 79574, 97871, 0, 139.17
2026/10/09 00:51:16.254, 0, 79413, 97871, 0, 130.17
2026/10/09 00:51:16.254, 1, 79419, 97871, 0, 145.22
2026/10/09 00:51:16.255, 2, 82373, 97871, 0, 85.12
2026/10/09 00:51:16.255, 3, 82700, 97871, 0, 177.00
2026/10/09 00:51:17.255, 0, 79413, 97871, 0, 130.11
2026/10/09 00:51:17.255, 1, 79419, 97871, 0, 144.91
2026/10/09 00:51:17.255, 2, 82373, 97871, 51, 94.43
2026/10/09 00:51:17.255, 3, 82700, 97871, 0, 132.29
2026/10/09 00:51:18.255, 0, 79413, 97871, 0, 130.03
2026/10/09 00:51:18.255, 1, 79419, 97871, 0, 145.51
2026/10/09 00:51:18.255, 2, 82373, 97871, 0, 85.30
2026/10/09 00:51:18.255, 3, 82700, 97871, 0, 132.18
2026/10/09 00:51:19.255, 0, 79413, 97871, 0, 130.32
2026/10/09 00:51:19.255, 1, 79419, 97871, 0, 145.21
2026/10/09 00:51:19.255, 2, 82373, 97871, 0, 85.55
2026/10/09 00:51:19.255, 3, 82700, 97871, 0, 132.14
2026/10/09 00:51:20.256, 0, 79413, 97871, 0, 130.29
2026/10/09 00:51:20.256, 1, 79419, 97871, 0, 145.15
2026/10/09 00:51:20.256, 2, 82373, 97871, 0, 90.66
2026/10/09 00:51:20.256, 3, 82700, 97871, 0, 131.97
2026/10/09 00:51:21.256, 0, 79413, 97871, 0, 130.28
2026/10/09 00:51:21.256, 1, 79419, 97871, 0, 145.34
2026/10/09 00:51:21.256, 2, 82373, 97871, 0, 87.11
2026/10/09 00:51:21.256, 3, 82704, 97871, 0, 140.77
2026/10/09 00:51:22.256, 0, 79413, 97871, 0, 129.94
2026/10/09 00:51:22.256, 1, 79419, 97871, 0, 145.49
2026/10/09 00:51:22.256, 2, 82373, 97871, 0, 86.99
2026/10/09 00:51:22.256, 3, 82704, 97871, 0, 132.05
2026/10/09 00:51:23.257, 0, 79413, 97871, 0, 130.09
2026/10/09 00:51:23.257, 1, 79419, 97871, 0, 145.32
2026/10/09 00:51:23.257, 2, 82373, 97871, 0, 86.86
2026/10/09 00:51:23.257, 3, 82704, 97871, 0, 142.04
2026/10/09 00:51:24.257, 0, 79413, 97871, 0, 130.17
2026/10/09 00:51:24.257, 1, 79419, 97871, 0, 145.41
2026/10/09 00:51:24.257, 2, 82373, 97871, 0, 86.92
2026/10/09 00:51:24.257, 3, 82704, 97871, 0, 133.92
2026/10/09 00:51:25.257, 0, 79413, 97871, 0, 130.19
2026/10/09 00:51:25.257, 1, 79419, 97871, 0, 145.21
2026/10/09 00:51:25.257, 2, 82373, 97871, 0, 86.92
2026/10/09 00:51:25.257, 3, 82704, 97871, 0, 133.88
2026/10/09 00:51:26.257, 0, 79413, 97871, 0, 130.00
2026/10/09 00:51:26.258, 1, 79419, 97871, 0, 145.62
2026/10/09 00:51:26.258, 2, 82373, 97871, 0, 86.77
2026/10/09 00:51:26.258, 3, 82704, 97871, 0, 133.74
2026/10/09 00:51:27.258, 0, 79413, 97871, 0, 129.95
2026/10/09 00:51:27.258, 1, 79419, 97871, 0, 145.30
2026/10/09 00:51:27.258, 2, 82373, 97871, 0, 86.92
2026/10/09 00:51:27.258, 3, 82704, 97871, 0, 133.66
2026/10/09 00:51:28.258, 0, 79413, 97871, 97, 200.93
2026/10/09 00:51:28.258, 1, 79419, 97871, 0, 145.23
2026/10/09 00:51:28.258, 2, 82373, 97871, 0, 87.06
2026/10/09 00:51:28.258, 3, 82704, 97871, 0, 133.82
2026/10/09 00:51:29.258, 0, 79413, 97871, 100, 450.33
2026/10/09 00:51:29.258, 1, 79419, 97871, 0, 145.08
2026/10/09 00:51:29.258, 2, 82373, 97871, 0, 86.90
2026/10/09 00:51:29.259, 3, 82704, 97871, 0, 133.96
2026/10/09 00:51:30.259, 0, 79413, 97871, 100, 451.49
2026/10/09 00:51:30.259, 1, 79419, 97871, 0, 144.96
2026/10/09 00:51:30.259, 2, 82373, 97871, 0, 86.99
2026/10/09 00:51:30.259, 3, 82704, 97871, 0, 133.94
2026/10/09 00:51:31.259, 0, 79413, 97871, 100, 443.71
2026/10/09 00:51:31.259, 1, 79419, 97871, 0, 145.06
2026/10/09 00:51:31.259, 2, 82373, 97871, 0, 86.84
2026/10/09 00:51:31.259, 3, 82704, 97871, 0, 133.83
2026/10/09 00:51:32.259, 0, 79413, 97871, 96, 455.02
2026/10/09 00:51:32.259, 1, 79419, 97871, 0, 144.98
2026/10/09 00:51:32.259, 2, 82373, 97871, 0, 86.87
2026/10/09 00:51:32.259, 3, 82704, 97871, 0, 133.77
2026/10/09 00:51:33.259, 0, 79413, 97871, 100, 454.23
2026/10/09 00:51:33.260, 1, 79419, 97871, 62, 211.61
2026/10/09 00:51:33.260, 2, 82373, 97871, 0, 87.12
2026/10/09 00:51:33.260, 3, 82704, 97871, 0, 133.73
2026/10/09 00:51:34.260, 0, 79413, 97871, 100, 453.58
2026/10/09 00:51:34.260, 1, 79419, 97871, 99, 468.07
2026/10/09 00:51:34.260, 2, 82373, 97871, 0, 87.00
2026/10/09 00:51:34.260, 3, 82704, 97871, 0, 133.61
2026/10/09 00:51:35.260, 0, 79413, 97871, 100, 454.79
2026/10/09 00:51:35.260, 1, 79419, 97871, 99, 472.11
2026/10/09 00:51:35.260, 2, 82373, 97871, 0, 86.97
2026/10/09 00:51:35.260, 3, 82704, 97871, 0, 133.77
2026/10/09 00:51:36.260, 0, 79413, 97871, 96, 454.89
2026/10/09 00:51:36.260, 1, 79419, 97871, 99, 465.60
2026/10/09 00:51:36.260, 2, 82373, 97871, 0, 87.09
2026/10/09 00:51:36.261, 3, 82704, 97871, 0, 133.64
2026/10/09 00:51:37.261, 0, 79413, 97871, 100, 455.28
2026/10/09 00:51:37.261, 1, 79419, 97871, 99, 474.79
2026/10/09 00:51:37.261, 2, 82373, 97871, 0, 87.16
2026/10/09 00:51:37.261, 3, 82704, 97871, 0, 133.60
2026/10/09 00:51:38.261, 0, 79413, 97871, 100, 455.67
2026/10/09 00:51:38.261, 1, 79419, 97871, 99, 475.70
2026/10/09 00:51:38.261, 2, 82373, 97871, 0, 87.24
2026/10/09 00:51:38.261, 3, 82704, 97871, 0, 133.51
2026/10/09 00:51:39.261, 0, 79413, 97871, 96, 457.80
2026/10/09 00:51:39.261, 1, 79419, 97871, 99, 476.04
2026/10/09 00:51:39.261, 2, 82373, 97871, 0, 87.09
2026/10/09 00:51:39.261, 3, 82704, 97871, 0, 133.55
2026/10/09 00:51:40.262, 0, 79413, 97871, 100, 456.81
2026/10/09 00:51:40.262, 1, 79419, 97871, 99, 475.70
2026/10/09 00:51:40.262, 2, 82373, 97871, 0, 86.88
2026/10/09 00:51:40.262, 3, 82704, 97871, 0, 133.62
2026/10/09 00:51:41.262, 0, 79413, 97871, 100, 453.21
2026/10/09 00:51:41.262, 1, 79419, 97871, 94, 477.30
2026/10/09 00:51:41.262, 2, 82373, 97871, 0, 86.93
2026/10/09 00:51:41.262, 3, 82704, 97871, 0, 133.78
2026/10/09 00:51:42.262, 0, 79413, 97871, 100, 449.11
2026/10/09 00:51:42.262, 1, 79419, 97871, 94, 474.84
2026/10/09 00:51:42.262, 2, 82373, 97871, 0, 86.97
2026/10/09 00:51:42.262, 3, 82704, 97871, 0, 133.55
2026/10/09 00:51:43.262, 0, 79413, 97871, 100, 450.24
2026/10/09 00:51:43.263, 1, 79419, 97871, 99, 474.47
2026/10/09 00:51:43.263, 2, 82373, 97871, 0, 87.14
2026/10/09 00:51:43.263, 3, 82704, 97871, 0, 133.71
2026/10/09 00:51:44.263, 0, 79413, 97871, 100, 450.66
2026/10/09 00:51:44.263, 1, 79419, 97871, 99, 472.61
2026/10/09 00:51:44.263, 2, 82373, 97871, 0, 86.86
2026/10/09 00:51:44.263, 3, 82704, 97871, 0, 133.68
2026/10/09 00:51:45.263, 0, 79413, 97871, 100, 450.85
2026/10/09 00:51:45.263, 1, 79419, 97871, 95, 476.53
2026/10/09 00:51:45.263, 2, 82373, 97871, 0, 86.91
2026/10/09 00:51:45.263, 3, 82704, 97871, 0, 133.65
2026/10/09 00:51:46.263, 0, 79413, 97871, 94, 295.65
2026/10/09 00:51:46.264, 1, 79419, 97871, 99, 476.05
2026/10/09 00:51:46.264, 2, 82373, 97871, 0, 86.84
2026/10/09 00:51:46.264, 3, 82704, 97871, 0, 133.65
2026/10/09 00:51:47.264, 0, 79413, 97871, 100, 448.34
2026/10/09 00:51:47.264, 1, 79419, 97871, 94, 478.41
2026/10/09 00:51:47.264, 2, 82373, 97871, 0, 87.13
2026/10/09 00:51:47.264, 3, 82704, 97871, 0, 133.61
2026/10/09 00:51:48.264, 0, 79413, 97871, 100, 456.35
2026/10/09 00:51:48.264, 1, 79419, 97871, 96, 477.05
2026/10/09 00:51:48.264, 2, 82373, 97871, 0, 86.88
2026/10/09 00:51:48.264, 3, 82704, 97871, 0, 133.57
2026/10/09 00:51:49.264, 0, 79413, 97871, 100, 451.99
2026/10/09 00:51:49.264, 1, 79419, 97871, 99, 477.22
2026/10/09 00:51:49.265, 2, 82373, 97871, 0, 86.98
2026/10/09 00:51:49.265, 3, 82704, 97871, 0, 133.83
2026/10/09 00:51:50.265, 0, 79413, 97871, 100, 457.33
2026/10/09 00:51:50.265, 1, 79419, 97871, 99, 471.43
2026/10/09 00:51:50.265, 2, 82373, 97871, 0, 86.68
2026/10/09 00:51:50.265, 3, 82704, 97871, 0, 133.67
2026/10/09 00:51:51.265, 0, 79413, 97871, 100, 461.21
2026/10/09 00:51:51.265, 1, 79419, 97871, 99, 356.10
2026/10/09 00:51:51.265, 2, 82373, 97871, 0, 86.45
2026/10/09 00:51:51.265, 3, 82704, 97871, 0, 133.77
2026/10/09 00:51:52.265, 0, 79413, 97871, 100, 455.85
2026/10/09 00:51:52.265, 1, 79419, 97871, 96, 471.81
2026/10/09 00:51:52.265, 2, 82373, 97871, 0, 86.40
2026/10/09 00:51:52.265, 3, 82704, 97871, 0, 133.67
2026/10/09 00:51:53.265, 0, 79413, 97871, 100, 455.90
2026/10/09 00:51:53.265, 1, 79419, 97871, 99, 462.98
2026/10/09 00:51:53.266, 2, 82375, 97871, 100, 199.05
2026/10/09 00:51:53.266, 3, 82704, 97871, 12, 158.28
2026/10/09 00:51:54.266, 0, 79413, 97871, 100, 456.65
2026/10/09 00:51:54.266, 1, 79419, 97871, 100, 474.74
2026/10/09 00:51:54.266, 2, 82375, 97871, 100, 450.23
2026/10/09 00:51:54.266, 3, 82704, 97871, 99, 497.84
2026/10/09 00:51:55.266, 0, 79413, 97871, 100, 459.06
2026/10/09 00:51:55.266, 1, 79419, 97871, 99, 486.39
2026/10/09 00:51:55.266, 2, 82375, 97871, 100, 471.00
2026/10/09 00:51:55.266, 3, 82704, 97871, 94, 516.18
2026/10/09 00:51:56.266, 0, 79413, 97871, 100, 459.89
2026/10/09 00:51:56.266, 1, 79419, 97871, 99, 480.93
2026/10/09 00:51:56.266, 2, 82375, 97871, 98, 471.03
2026/10/09 00:51:56.266, 3, 82704, 97871, 99, 510.46
2026/10/09 00:51:57.266, 0, 79413, 97871, 100, 457.75
2026/10/09 00:51:57.266, 1, 79419, 97871, 99, 473.77
2026/10/09 00:51:57.266, 2, 82375, 97871, 99, 475.49
2026/10/09 00:51:57.267, 3, 82704, 97871, 100, 515.45
2026/10/09 00:51:58.267, 0, 79413, 97871, 100, 463.18
2026/10/09 00:51:58.267, 1, 79419, 97871, 100, 477.39
2026/10/09 00:51:58.267, 2, 82375, 97871, 100, 444.17
2026/10/09 00:51:58.267, 3, 82704, 97871, 99, 348.93
2026/10/09 00:51:59.267, 0, 79413, 97871, 91, 466.16
2026/10/09 00:51:59.267, 1, 79419, 97871, 100, 478.66
2026/10/09 00:51:59.267, 2, 82375, 97871, 99, 298.81
2026/10/09 00:51:59.267, 3, 82704, 97871, 99, 476.24
2026/10/09 00:52:00.267, 0, 79413, 97871, 100, 455.45
2026/10/09 00:52:00.267, 1, 79419, 97871, 99, 475.28
2026/10/09 00:52:00.267, 2, 82375, 97871, 99, 422.91
2026/10/09 00:52:00.267, 3, 82704, 97871, 100, 481.39
2026/10/09 00:52:01.267, 0, 79413, 97871, 100, 459.76
2026/10/09 00:52:01.268, 1, 79419, 97871, 99, 475.25
2026/10/09 00:52:01.268, 2, 82375, 97871, 100, 412.87
2026/10/09 00:52:01.268, 3, 82704, 97871, 96, 478.39
2026/10/09 00:52:02.268, 0, 79413, 97871, 100, 457.47
2026/10/09 00:52:02.268, 1, 79419, 97871, 99, 483.51
2026/10/09 00:52:02.268, 2, 82375, 97871, 99, 417.23
2026/10/09 00:52:02.268, 3, 82704, 97871, 100, 476.70
2026/10/09 00:52:03.268, 0, 79413, 97871, 96, 458.08
2026/10/09 00:52:03.268, 1, 79419, 97871, 99, 484.86
2026/10/09 00:52:03.268, 2, 82375, 97871, 99, 424.15
2026/10/09 00:52:03.268, 3, 82704, 97871, 100, 479.90
2026/10/09 00:52:04.268, 0, 79413, 97871, 100, 454.80
2026/10/09 00:52:04.268, 1, 79419, 97871, 100, 485.40
2026/10/09 00:52:04.268, 2, 82375, 97871, 99, 407.93
2026/10/09 00:52:04.268, 3, 82704, 97871, 100, 482.24
2026/10/09 00:52:05.268, 0, 79413, 97871, 94, 460.96
2026/10/09 00:52:05.268, 1, 79419, 97871, 99, 472.01
2026/10/09 00:52:05.269, 2, 82375, 97871, 100, 431.03
2026/10/09 00:52:05.269, 3, 82704, 97871, 98, 492.40
2026/10/09 00:52:06.269, 0, 79413, 97871, 100, 458.07
2026/10/09 00:52:06.269, 1, 79419, 97871, 99, 477.65
2026/10/09 00:52:06.269, 2, 82375, 97871, 99, 423.98
2026/10/09 00:52:06.269, 3, 82704, 97871, 99, 469.02
2026/10/09 00:52:07.269, 0, 79413, 97871, 100, 462.73
2026/10/09 00:52:07.269, 1, 79419, 97871, 100, 485.01
2026/10/09 00:52:07.269, 2, 82375, 97871, 99, 429.15
2026/10/09 00:52:07.269, 3, 82704, 97871, 99, 477.58
2026/10/09 00:52:08.269, 0, 79413, 97871, 100, 461.31
2026/10/09 00:52:08.269, 1, 79419, 97871, 99, 481.17
2026/10/09 00:52:08.269, 2, 82375, 97871, 99, 419.02
2026/10/09 00:52:08.269, 3, 82704, 97871, 99, 491.57
2026/10/09 00:52:09.269, 0, 79413, 97871, 100, 453.70
2026/10/09 00:52:09.269, 1, 79419, 97871, 99, 475.94
2026/10/09 00:52:09.269, 2, 82375, 97871, 99, 429.79
2026/10/09 00:52:09.270, 3, 82704, 97871, 99, 475.90
2026/10/09 00:52:10.270, 0, 79413, 97871, 100, 457.67
2026/10/09 00:52:10.270, 1, 79419, 97871, 99, 482.11
2026/10/09 00:52:10.270, 2, 82375, 97871, 99, 413.79
2026/10/09 00:52:10.270, 3, 82704, 97871, 99, 484.72
2026/10/09 00:52:11.270, 0, 79413, 97871, 100, 458.64
2026/10/09 00:52:11.270, 1, 79419, 97871, 99, 479.37
2026/10/09 00:52:11.270, 2, 82375, 97871, 99, 418.35
2026/10/09 00:52:11.270, 3, 82704, 97871, 99, 471.59
2026/10/09 00:52:12.270, 0, 79413, 97871, 100, 459.21
2026/10/09 00:52:12.270, 1, 79419, 97871, 100, 486.04
2026/10/09 00:52:12.270, 2, 82375, 97871, 100, 431.61
2026/10/09 00:52:12.270, 3, 82704, 97871, 100, 483.58
2026/10/09 00:52:13.270, 0, 79413, 97871, 100, 456.19
2026/10/09 00:52:13.270, 1, 79419, 97871, 99, 479.22
2026/10/09 00:52:13.270, 2, 82375, 97871, 100, 417.13
2026/10/09 00:52:13.270, 3, 82704, 97871, 99, 475.27
2026/10/09 00:52:14.271, 0, 79413, 97871, 100, 452.89
2026/10/09 00:52:14.271, 1, 79419, 97871, 99, 474.67
2026/10/09 00:52:14.271, 2, 82375, 97871, 100, 404.90
2026/10/09 00:52:14.271, 3, 82704, 97871, 99, 477.96
2026/10/09 00:52:15.271, 0, 79413, 97871, 100, 459.88
2026/10/09 00:52:15.271, 1, 79419, 97871, 99, 481.16
2026/10/09 00:52:15.271, 2, 82375, 97871, 99, 426.78
2026/10/09 00:52:15.271, 3, 82704, 97871, 99, 483.38
2026/10/09 00:52:16.271, 0, 79413, 97871, 100, 459.93
2026/10/09 00:52:16.271, 1, 79419, 97871, 100, 478.57
2026/10/09 00:52:16.271, 2, 82375, 97871, 100, 415.06
2026/10/09 00:52:16.271, 3, 82704, 97871, 99, 485.38
2026/10/09 00:52:17.271, 0, 79413, 97871, 100, 460.72
2026/10/09 00:52:17.271, 1, 79419, 97871, 96, 481.97
2026/10/09 00:52:17.271, 2, 82375, 97871, 99, 418.29
2026/10/09 00:52:17.271, 3, 82704, 97871, 100, 481.39
2026/10/09 00:52:18.271, 0, 79413, 97871, 100, 460.76
2026/10/09 00:52:18.272, 1, 79419, 97871, 100, 478.99
2026/10/09 00:52:18.272, 2, 82375, 97871, 99, 419.18
2026/10/09 00:52:18.272, 3, 82704, 97871, 99, 476.04
2026/10/09 00:52:19.272, 0, 79413, 97871, 100, 460.44
2026/10/09 00:52:19.272, 1, 79419, 97871, 100, 473.86
2026/10/09 00:52:19.272, 2, 82375, 97871, 99, 415.83
2026/10/09 00:52:19.272, 3, 82704, 97871, 99, 488.97
2026/10/09 00:52:20.272, 0, 79413, 97871, 100, 460.00
2026/10/09 00:52:20.272, 1, 79419, 97871, 99, 476.27
2026/10/09 00:52:20.272, 2, 82375, 97871, 100, 425.83
2026/10/09 00:52:20.272, 3, 82704, 97871, 99, 473.11
2026/10/09 00:52:21.272, 0, 79413, 97871, 100, 462.62
2026/10/09 00:52:21.272, 1, 79419, 97871, 99, 482.88
2026/10/09 00:52:21.272, 2, 82375, 97871, 99, 435.09
2026/10/09 00:52:21.272, 3, 82704, 97871, 98, 487.31
2026/10/09 00:52:22.272, 0, 79413, 97871, 100, 462.20
2026/10/09 00:52:22.273, 1, 79419, 97871, 99, 477.40
2026/10/09 00:52:22.273, 2, 82375, 97871, 100, 430.48
2026/10/09 00:52:22.273, 3, 82704, 97871, 99, 471.40
2026/10/09 00:52:23.273, 0, 79413, 97871, 100, 459.43
2026/10/09 00:52:23.273, 1, 79419, 97871, 99, 476.45
2026/10/09 00:52:23.273, 2, 82375, 97871, 99, 421.46
2026/10/09 00:52:23.273, 3, 82704, 97871, 99, 481.77
2026/10/09 00:52:24.273, 0, 79413, 97871, 100, 458.35
2026/10/09 00:52:24.273, 1, 79419, 97871, 99, 481.80
2026/10/09 00:52:24.273, 2, 82375, 97871, 100, 432.13
2026/10/09 00:52:24.273, 3, 82704, 97871, 99, 482.49
2026/10/09 00:52:25.273, 0, 79413, 97871, 94, 462.35
2026/10/09 00:52:25.273, 1, 79419, 97871, 99, 483.84
2026/10/09 00:52:25.273, 2, 82375, 97871, 100, 422.69
2026/10/09 00:52:25.273, 3, 82704, 97871, 99, 482.90
2026/10/09 00:52:26.273, 0, 79413, 97871, 100, 453.85
2026/10/09 00:52:26.274, 1, 79419, 97871, 100, 479.56
2026/10/09 00:52:26.274, 2, 82375, 97871, 100, 423.74
2026/10/09 00:52:26.274, 3, 82704, 97871, 99, 480.82
2026/10/09 00:52:27.274, 0, 79413, 97871, 100, 463.64
2026/10/09 00:52:27.274, 1, 79419, 97871, 100, 480.39
2026/10/09 00:52:27.274, 2, 82375, 97871, 99, 417.25
2026/10/09 00:52:27.274, 3, 82704, 97871, 98, 496.14
2026/10/09 00:52:28.274, 0, 79413, 97871, 100, 462.35
2026/10/09 00:52:28.274, 1, 79419, 97871, 100, 479.45
2026/10/09 00:52:28.274, 2, 82375, 97871, 99, 423.07
2026/10/09 00:52:28.274, 3, 82704, 97871, 99, 491.82
2026/10/09 00:52:29.274, 0, 79413, 97871, 100, 458.75
2026/10/09 00:52:29.274, 1, 79419, 97871, 99, 478.04
2026/10/09 00:52:29.274, 2, 82375, 97871, 99, 421.14
2026/10/09 00:52:29.274, 3, 82704, 97871, 99, 474.70
2026/10/09 00:52:30.274, 0, 79413, 97871, 100, 456.73
2026/10/09 00:52:30.274, 1, 79419, 97871, 91, 483.48
2026/10/09 00:52:30.275, 2, 82375, 97871, 100, 434.17
2026/10/09 00:52:30.275, 3, 82704, 97871, 99, 476.42
2026/10/09 00:52:31.275, 0, 79413, 97871, 100, 459.84
2026/10/09 00:52:31.275, 1, 79419, 97871, 99, 473.95
2026/10/09 00:52:31.275, 2, 82375, 97871, 99, 416.57
2026/10/09 00:52:31.275, 3, 82704, 97871, 99, 474.26
2026/10/09 00:52:32.275, 0, 79413, 97871, 100, 459.55
2026/10/09 00:52:32.275, 1, 79419, 97871, 99, 482.84
2026/10/09 00:52:32.275, 2, 82375, 97871, 99, 423.54
2026/10/09 00:52:32.275, 3, 82704, 97871, 99, 477.02
2026/10/09 00:52:33.275, 0, 79413, 97871, 100, 460.57
2026/10/09 00:52:33.275, 1, 79419, 97871, 99, 477.97
2026/10/09 00:52:33.275, 2, 82375, 97871, 99, 423.61
2026/10/09 00:52:33.275, 3, 82704, 97871, 97, 479.94
2026/10/09 00:52:34.275, 0, 79413, 97871, 100, 457.14
2026/10/09 00:52:34.275, 1, 79419, 97871, 100, 479.84
2026/10/09 00:52:34.275, 2, 82375, 97871, 99, 419.07
2026/10/09 00:52:34.275, 3, 82704, 97871, 98, 471.69
2026/10/09 00:52:35.276, 0, 79413, 97871, 95, 462.76
2026/10/09 00:52:35.276, 1, 79419, 97871, 99, 474.55
2026/10/09 00:52:35.276, 2, 82375, 97871, 99, 436.66
2026/10/09 00:52:35.276, 3, 82704, 97871, 99, 464.28
2026/10/09 00:52:36.276, 0, 79413, 97871, 96, 462.45
2026/10/09 00:52:36.276, 1, 79419, 97871, 100, 478.77
2026/10/09 00:52:36.276, 2, 82375, 97871, 100, 416.45
2026/10/09 00:52:36.276, 3, 82704, 97871, 99, 473.02
2026/10/09 00:52:37.276, 0, 79413, 97871, 100, 463.08
2026/10/09 00:52:37.276, 1, 79419, 97871, 99, 483.62
2026/10/09 00:52:37.276, 2, 82375, 97871, 99, 421.25
2026/10/09 00:52:37.276, 3, 82704, 97871, 99, 473.52
2026/10/09 00:52:38.276, 0, 79413, 97871, 100, 448.83
2026/10/09 00:52:38.276, 1, 79419, 97871, 99, 479.37
2026/10/09 00:52:38.276, 2, 82375, 97871, 99, 440.14
2026/10/09 00:52:38.276, 3, 82704, 97871, 99, 477.22
2026/10/09 00:52:39.276, 0, 79413, 97871, 100, 459.74
2026/10/09 00:52:39.277, 1, 79419, 97871, 99, 476.91
2026/10/09 00:52:39.277, 2, 82375, 97871, 99, 417.33
2026/10/09 00:52:39.277, 3, 82704, 97871, 99, 475.10
2026/10/09 00:52:40.277, 0, 79413, 97871, 100, 466.45
2026/10/09 00:52:40.277, 1, 79419, 97871, 99, 485.45
2026/10/09 00:52:40.277, 2, 82375, 97871, 99, 431.96
2026/10/09 00:52:40.277, 3, 82704, 97871, 99, 471.66
2026/10/09 00:52:41.277, 0, 79413, 97871, 100, 460.09
2026/10/09 00:52:41.277, 1, 79419, 97871, 100, 481.80
2026/10/09 00:52:41.277, 2, 82375, 97871, 99, 416.41
2026/10/09 00:52:41.277, 3, 82704, 97871, 99, 467.50
2026/10/09 00:52:42.277, 0, 79413, 97871, 100, 445.59
2026/10/09 00:52:42.277, 1, 79419, 97871, 99, 472.55
2026/10/09 00:52:42.277, 2, 82375, 97871, 99, 416.93
2026/10/09 00:52:42.277, 3, 82704, 97871, 99, 471.08
2026/10/09 00:52:43.277, 0, 79413, 97871, 100, 461.40
2026/10/09 00:52:43.278, 1, 79419, 97871, 99, 477.33
2026/10/09 00:52:43.278, 2, 82375, 97871, 99, 408.14
2026/10/09 00:52:43.278, 3, 82704, 97871, 99, 474.49
2026/10/09 00:52:44.278, 0, 79413, 97871, 100, 472.83
2026/10/09 00:52:44.278, 1, 79419, 97871, 94, 479.23
2026/10/09 00:52:44.278, 2, 82375, 97871, 99, 421.40
2026/10/09 00:52:44.278, 3, 82704, 97871, 99, 474.18
2026/10/09 00:52:45.278, 0, 79413, 97871, 100, 462.32
2026/10/09 00:52:45.278, 1, 79419, 97871, 93, 486.21
2026/10/09 00:52:45.278, 2, 82375, 97871, 99, 420.23
2026/10/09 00:52:45.278, 3, 82704, 97871, 99, 477.99
2026/10/09 00:52:46.278, 0, 79413, 97871, 100, 464.68
2026/10/09 00:52:46.278, 1, 79419, 97871, 100, 473.48
2026/10/09 00:52:46.278, 2, 82375, 97871, 100, 417.41
2026/10/09 00:52:46.278, 3, 82704, 97871, 99, 481.11
2026/10/09 00:52:47.278, 0, 79413, 97871, 100, 454.22
2026/10/09 00:52:47.278, 1, 79419, 97871, 99, 479.52
2026/10/09 00:52:47.278, 2, 82375, 97871, 99, 406.79
2026/10/09 00:52:47.278, 3, 82704, 97871, 99, 472.36
2026/10/09 00:52:48.279, 0, 79413, 97871, 100, 449.16
2026/10/09 00:52:48.279, 1, 79419, 97871, 99, 479.85
2026/10/09 00:52:48.279, 2, 82375, 97871, 99, 418.53
2026/10/09 00:52:48.279, 3, 82704, 97871, 99, 474.44
2026/10/09 00:52:49.279, 0, 79413, 97871, 100, 457.70
2026/10/09 00:52:49.279, 1, 79419, 97871, 100, 483.65
2026/10/09 00:52:49.279, 2, 82375, 97871, 100, 420.59
2026/10/09 00:52:49.279, 3, 82704, 97871, 99, 483.67
2026/10/09 00:52:50.279, 0, 79413, 97871, 100, 451.65
2026/10/09 00:52:50.279, 1, 79419, 97871, 100, 484.17
2026/10/09 00:52:50.279, 2, 82375, 97871, 99, 406.31
2026/10/09 00:52:50.279, 3, 82704, 97871, 99, 474.14
2026/10/09 00:52:51.279, 0, 79413, 97871, 100, 461.41
2026/10/09 00:52:51.279, 1, 79419, 97871, 99, 479.29
2026/10/09 00:52:51.279, 2, 82375, 97871, 99, 419.67
2026/10/09 00:52:51.279, 3, 82704, 97871, 99, 475.01
2026/10/09 00:52:52.280, 0, 79413, 97871, 100, 461.48
2026/10/09 00:52:52.280, 1, 79419, 97871, 99, 483.21
2026/10/09 00:52:52.280, 2, 82375, 97871, 99, 420.20
2026/10/09 00:52:52.280, 3, 82704, 97871, 99, 482.47
2026/10/09 00:52:53.280, 0, 79413, 97871, 100, 452.65
2026/10/09 00:52:53.280, 1, 79419, 97871, 99, 479.82
2026/10/09 00:52:53.280, 2, 82375, 97871, 100, 407.57
2026/10/09 00:52:53.280, 3, 82704, 97871, 99, 473.86
2026/10/09 00:52:54.280, 0, 79413, 97871, 100, 458.57
2026/10/09 00:52:54.280, 1, 79419, 97871, 99, 479.24
2026/10/09 00:52:54.280, 2, 82375, 97871, 99, 415.86
2026/10/09 00:52:54.280, 3, 82704, 97871, 99, 473.89
2026/10/09 00:52:55.280, 0, 79413, 97871, 100, 462.53
2026/10/09 00:52:55.280, 1, 79419, 97871, 99, 474.23
2026/10/09 00:52:55.280, 2, 82375, 97871, 100, 418.75
2026/10/09 00:52:55.280, 3, 82704, 97871, 95, 476.56
2026/10/09 00:52:56.280, 0, 79413, 97871, 100, 446.90
2026/10/09 00:52:56.281, 1, 79419, 97871, 100, 479.05
2026/10/09 00:52:56.281, 2, 82375, 97871, 99, 406.68
2026/10/09 00:52:56.281, 3, 82704, 97871, 99, 464.68
2026/10/09 00:52:57.281, 0, 79413, 97871, 100, 459.39
2026/10/09 00:52:57.281, 1, 79419, 97871, 99, 482.04
2026/10/09 00:52:57.281, 2, 82375, 97871, 99, 421.30
2026/10/09 00:52:57.281, 3, 82704, 97871, 99, 473.86
2026/10/09 00:52:58.281, 0, 79413, 97871, 100, 451.28
2026/10/09 00:52:58.281, 1, 79419, 97871, 99, 467.17
2026/10/09 00:52:58.281, 2, 82375, 97871, 100, 420.95
2026/10/09 00:52:58.281, 3, 82704, 97871, 99, 473.45
2026/10/09 00:52:59.281, 0, 79413, 97871, 100, 461.51
2026/10/09 00:52:59.281, 1, 79419, 97871, 94, 479.29
2026/10/09 00:52:59.281, 2, 82375, 97871, 100, 422.38
2026/10/09 00:52:59.281, 3, 82704, 97871, 99, 472.67
2026/10/09 00:53:00.281, 0, 79413, 97871, 97, 459.85
2026/10/09 00:53:00.282, 1, 79419, 97871, 99, 473.40
2026/10/09 00:53:00.282, 2, 82375, 97871, 99, 419.61
2026/10/09 00:53:00.282, 3, 82704, 97871, 99, 471.30
2026/10/09 00:53:01.282, 0, 79413, 97871, 100, 456.23
2026/10/09 00:53:01.282, 1, 79419, 97871, 99, 479.81
2026/10/09 00:53:01.282, 2, 82375, 97871, 99, 405.39
2026/10/09 00:53:01.282, 3, 82704, 97871, 99, 474.41
2026/10/09 00:53:02.282, 0, 79413, 97871, 100, 455.52
2026/10/09 00:53:02.282, 1, 79419, 97871, 99, 481.48
2026/10/09 00:53:02.282, 2, 82375, 97871, 99, 417.56
2026/10/09 00:53:02.282, 3, 82704, 97871, 100, 486.45
2026/10/09 00:53:03.282, 0, 79413, 97871, 100, 455.55
2026/10/09 00:53:03.282, 1, 79419, 97871, 99, 472.06
2026/10/09 00:53:03.282, 2, 82375, 97871, 99, 421.08
2026/10/09 00:53:03.282, 3, 82704, 97871, 99, 471.67
2026/10/09 00:53:04.282, 0, 79413, 97871, 100, 459.57
2026/10/09 00:53:04.282, 1, 79419, 97871, 99, 480.51
2026/10/09 00:53:04.283, 2, 82375, 97871, 99, 424.51
2026/10/09 00:53:04.283, 3, 82704, 97871, 99, 473.07
2026/10/09 00:53:05.283, 0, 79413, 97871, 100, 449.64
2026/10/09 00:53:05.283, 1, 79419, 97871, 99, 474.78
2026/10/09 00:53:05.283, 2, 82375, 97871, 99, 409.57
2026/10/09 00:53:05.283, 3, 82704, 97871, 99, 485.33
2026/10/09 00:53:06.283, 0, 79413, 97871, 100, 460.24
2026/10/09 00:53:06.283, 1, 79419, 97871, 99, 477.72
2026/10/09 00:53:06.283, 2, 82375, 97871, 99, 419.78
2026/10/09 00:53:06.283, 3, 82704, 97871, 99, 473.51
2026/10/09 00:53:07.283, 0, 79413, 97871, 100, 460.32
2026/10/09 00:53:07.283, 1, 79419, 97871, 99, 482.95
2026/10/09 00:53:07.283, 2, 82375, 97871, 99, 419.75
2026/10/09 00:53:07.283, 3, 82704, 97871, 99, 478.58
2026/10/09 00:53:08.283, 0, 79413, 97871, 100, 459.37
2026/10/09 00:53:08.283, 1, 79419, 97871, 99, 479.77
2026/10/09 00:53:08.283, 2, 82375, 97871, 99, 419.69
2026/10/09 00:53:08.284, 3, 82704, 97871, 99, 474.43
2026/10/09 00:53:09.284, 0, 79413, 97871, 100, 450.15
2026/10/09 00:53:09.284, 1, 79419, 97871, 99, 471.14
2026/10/09 00:53:09.284, 2, 82375, 97871, 99, 418.63
2026/10/09 00:53:09.284, 3, 82704, 97871, 99, 473.45
2026/10/09 00:53:10.284, 0, 79413, 97871, 100, 454.20
2026/10/09 00:53:10.284, 1, 79419, 97871, 100, 475.91
2026/10/09 00:53:10.284, 2, 82375, 97871, 99, 406.12
2026/10/09 00:53:10.284, 3, 82704, 97871, 99, 471.87
2026/10/09 00:53:11.284, 0, 79413, 97871, 100, 460.80
2026/10/09 00:53:11.284, 1, 79419, 97871, 99, 479.77
2026/10/09 00:53:11.284, 2, 82375, 97871, 99, 421.80
2026/10/09 00:53:11.284, 3, 82704, 97871, 99, 475.13
2026/10/09 00:53:12.284, 0, 79413, 97871, 100, 452.62
2026/10/09 00:53:12.284, 1, 79419, 97871, 99, 478.47
2026/10/09 00:53:12.284, 2, 82375, 97871, 100, 421.35
2026/10/09 00:53:12.284, 3, 82704, 97871, 99, 486.33
2026/10/09 00:53:13.285, 0, 79413, 97871, 100, 460.06
2026/10/09 00:53:13.285, 1, 79419, 97871, 96, 480.87
2026/10/09 00:53:13.285, 2, 82375, 97871, 99, 406.37
2026/10/09 00:53:13.285, 3, 82704, 97871, 99, 474.62
2026/10/09 00:53:14.285, 0, 79413, 97871, 100, 459.67
2026/10/09 00:53:14.285, 1, 79419, 97871, 99, 470.89
2026/10/09 00:53:14.285, 2, 82375, 97871, 99, 421.89
2026/10/09 00:53:14.285, 3, 82704, 97871, 99, 475.78
2026/10/09 00:53:15.285, 0, 79413, 97871, 97, 461.49
2026/10/09 00:53:15.285, 1, 79419, 97871, 96, 478.98
2026/10/09 00:53:15.285, 2, 82375, 97871, 99, 419.11
2026/10/09 00:53:15.285, 3, 82704, 97871, 100, 473.12
2026/10/09 00:53:16.285, 0, 79413, 97871, 100, 459.17
2026/10/09 00:53:16.285, 1, 79419, 97871, 99, 470.82
2026/10/09 00:53:16.285, 2, 82375, 97871, 99, 406.76
2026/10/09 00:53:16.285, 3, 82704, 97871, 98, 474.39
2026/10/09 00:53:17.286, 0, 79413, 97871, 100, 450.23
2026/10/09 00:53:17.286, 1, 79419, 97871, 99, 477.95
2026/10/09 00:53:17.286, 2, 82375, 97871, 99, 419.59
2026/10/09 00:53:17.286, 3, 82704, 97871, 99, 471.80
2026/10/09 00:53:18.286, 0, 79413, 97871, 100, 457.11
2026/10/09 00:53:18.286, 1, 79419, 97871, 99, 478.84
2026/10/09 00:53:18.286, 2, 82375, 97871, 99, 418.40
2026/10/09 00:53:18.286, 3, 82704, 97871, 99, 473.43
2026/10/09 00:53:19.286, 0, 79413, 97871, 100, 460.09
2026/10/09 00:53:19.286, 1, 79419, 97871, 100, 480.03
2026/10/09 00:53:19.286, 2, 82375, 97871, 99, 418.82
2026/10/09 00:53:19.286, 3, 82704, 97871, 99, 475.65
2026/10/09 00:53:20.286, 0, 79413, 97871, 100, 452.93
2026/10/09 00:53:20.286, 1, 79419, 97871, 99, 474.16
2026/10/09 00:53:20.286, 2, 82375, 97871, 99, 417.58
2026/10/09 00:53:20.286, 3, 82704, 97871, 99, 473.26
2026/10/09 00:53:21.286, 0, 79413, 97871, 100, 459.69
2026/10/09 00:53:21.287, 1, 79419, 97871, 99, 484.61
2026/10/09 00:53:21.287, 2, 82375, 97871, 99, 419.68
2026/10/09 00:53:21.287, 3, 82704, 97871, 99, 474.56
2026/10/09 00:53:22.287, 0, 79413, 97871, 96, 457.87
2026/10/09 00:53:22.287, 1, 79419, 97871, 99, 478.88
2026/10/09 00:53:22.287, 2, 82375, 97871, 100, 419.00
2026/10/09 00:53:22.287, 3, 82704, 97871, 96, 479.36
2026/10/09 00:53:23.287, 0, 79413, 97871, 100, 452.33
2026/10/09 00:53:23.287, 1, 79419, 97871, 96, 479.63
2026/10/09 00:53:23.287, 2, 82375, 97871, 100, 418.13
2026/10/09 00:53:23.287, 3, 82704, 97871, 99, 462.88
2026/10/09 00:53:24.287, 0, 79413, 97871, 100, 459.85
2026/10/09 00:53:24.287, 1, 79419, 97871, 96, 481.26
2026/10/09 00:53:24.287, 2, 82375, 97871, 99, 423.42
2026/10/09 00:53:24.287, 3, 82704, 97871, 99, 472.87
2026/10/09 00:53:25.287, 0, 79413, 97871, 100, 459.41
2026/10/09 00:53:25.288, 1, 79419, 97871, 99, 467.53
2026/10/09 00:53:25.288, 2, 82375, 97871, 99, 407.37
2026/10/09 00:53:25.288, 3, 82704, 97871, 99, 477.79
2026/10/09 00:53:26.288, 0, 79413, 97871, 100, 459.89
2026/10/09 00:53:26.288, 1, 79419, 97871, 100, 483.60
2026/10/09 00:53:26.288, 2, 82375, 97871, 100, 421.11
2026/10/09 00:53:26.288, 3, 82704, 97871, 99, 473.87
2026/10/09 00:53:27.288, 0, 79413, 97871, 97, 458.91
2026/10/09 00:53:27.288, 1, 79419, 97871, 99, 469.06
2026/10/09 00:53:27.288, 2, 82375, 97871, 100, 422.23
2026/10/09 00:53:27.288, 3, 82704, 97871, 99, 473.31
2026/10/09 00:53:28.288, 0, 79413, 97871, 100, 457.03
2026/10/09 00:53:28.288, 1, 79419, 97871, 99, 479.83
2026/10/09 00:53:28.288, 2, 82375, 97871, 99, 421.73
2026/10/09 00:53:28.288, 3, 82704, 97871, 98, 472.18
2026/10/09 00:53:29.288, 0, 79413, 97871, 96, 459.50
2026/10/09 00:53:29.288, 1, 79419, 97871, 93, 487.63
2026/10/09 00:53:29.288, 2, 82375, 97871, 99, 414.41
2026/10/09 00:53:29.289, 3, 82704, 97871, 99, 467.48
2026/10/09 00:53:30.289, 0, 79413, 97871, 100, 449.64
2026/10/09 00:53:30.289, 1, 79419, 97871, 99, 479.29
2026/10/09 00:53:30.289, 2, 82375, 97871, 99, 415.26
2026/10/09 00:53:30.289, 3, 82704, 97871, 99, 471.97
2026/10/09 00:53:31.289, 0, 79413, 97871, 100, 457.00
2026/10/09 00:53:31.289, 1, 79419, 97871, 99, 472.78
2026/10/09 00:53:31.289, 2, 82375, 97871, 99, 417.02
2026/10/09 00:53:31.289, 3, 82704, 97871, 99, 470.73
2026/10/09 00:53:32.289, 0, 79413, 97871, 100, 456.85
2026/10/09 00:53:32.289, 1, 79419, 97871, 99, 477.26
2026/10/09 00:53:32.289, 2, 82375, 97871, 99, 424.28
2026/10/09 00:53:32.289, 3, 82704, 97871, 99, 481.98
2026/10/09 00:53:33.289, 0, 79413, 97871, 100, 458.42
2026/10/09 00:53:33.289, 1, 79419, 97871, 100, 478.95
2026/10/09 00:53:33.289, 2, 82375, 97871, 99, 418.37
2026/10/09 00:53:33.289, 3, 82704, 97871, 99, 465.40
2026/10/09 00:53:34.290, 0, 79413, 97871, 96, 460.55
2026/10/09 00:53:34.290, 1, 79419, 97871, 99, 477.20
2026/10/09 00:53:34.290, 2, 82375, 97871, 99, 421.08
2026/10/09 00:53:34.290, 3, 82704, 97871, 89, 476.12
2026/10/09 00:53:35.290, 0, 79413, 97871, 100, 451.94
2026/10/09 00:53:35.290, 1, 79419, 97871, 99, 480.29
2026/10/09 00:53:35.290, 2, 82375, 97871, 99, 419.28
2026/10/09 00:53:35.290, 3, 82704, 97871, 99, 465.73
2026/10/09 00:53:36.290, 0, 79413, 97871, 100, 457.74
2026/10/09 00:53:36.290, 1, 79419, 97871, 100, 478.65
2026/10/09 00:53:36.290, 2, 82375, 97871, 100, 422.04
2026/10/09 00:53:36.290, 3, 82704, 97871, 99, 473.03
2026/10/09 00:53:37.290, 0, 79413, 97871, 100, 458.65
2026/10/09 00:53:37.290, 1, 79419, 97871, 94, 476.91
2026/10/09 00:53:37.290, 2, 82375, 97871, 99, 409.64
2026/10/09 00:53:37.290, 3, 82704, 97871, 99, 474.97
2026/10/09 00:53:38.290, 0, 79413, 97871, 100, 458.66
2026/10/09 00:53:38.291, 1, 79419, 97871, 99, 471.45
2026/10/09 00:53:38.291, 2, 82375, 97871, 99, 419.41
2026/10/09 00:53:38.291, 3, 82704, 97871, 99, 473.33
2026/10/09 00:53:39.291, 0, 79413, 97871, 100, 450.14
2026/10/09 00:53:39.291, 1, 79419, 97871, 99, 476.27
2026/10/09 00:53:39.291, 2, 82375, 97871, 100, 420.81
2026/10/09 00:53:39.291, 3, 82704, 97871, 99, 474.29
2026/10/09 00:53:40.291, 0, 79413, 97871, 100, 458.68
2026/10/09 00:53:40.291, 1, 79419, 97871, 100, 477.39
2026/10/09 00:53:40.291, 2, 82375, 97871, 99, 408.11
2026/10/09 00:53:40.291, 3, 82704, 97871, 99, 473.57
2026/10/09 00:53:41.291, 0, 79413, 97871, 100, 460.76
2026/10/09 00:53:41.291, 1, 79419, 97871, 100, 486.65
2026/10/09 00:53:41.291, 2, 82375, 97871, 99, 421.26
2026/10/09 00:53:41.291, 3, 82704, 97871, 99, 475.18
2026/10/09 00:53:42.291, 0, 79413, 97871, 100, 454.70
2026/10/09 00:53:42.292, 1, 79419, 97871, 99, 473.94
2026/10/09 00:53:42.292, 2, 82375, 97871, 100, 419.73
2026/10/09 00:53:42.292, 3, 82704, 97871, 99, 471.62
2026/10/09 00:53:43.292, 0, 79413, 97871, 100, 460.18
2026/10/09 00:53:43.292, 1, 79419, 97871, 100, 476.68
2026/10/09 00:53:43.292, 2, 82375, 97871, 99, 419.26
2026/10/09 00:53:43.292, 3, 82704, 97871, 99, 473.18
2026/10/09 00:53:44.292, 0, 79413, 97871, 100, 459.70
2026/10/09 00:53:44.292, 1, 79419, 97871, 99, 476.23
2026/10/09 00:53:44.292, 2, 82375, 97871, 99, 421.26
2026/10/09 00:53:44.292, 3, 82704, 97871, 99, 474.06
2026/10/09 00:53:45.292, 0, 79413, 97871, 100, 450.56
2026/10/09 00:53:45.292, 1, 79419, 97871, 95, 478.69
2026/10/09 00:53:45.292, 2, 82375, 97871, 100, 423.65
2026/10/09 00:53:45.292, 3, 82704, 97871, 99, 474.10
2026/10/09 00:53:46.292, 0, 79413, 97871, 100, 461.56
2026/10/09 00:53:46.293, 1, 79419, 97871, 96, 477.39
2026/10/09 00:53:46.293, 2, 82375, 97871, 99, 408.49
2026/10/09 00:53:46.293, 3, 82704, 97871, 97, 474.67
2026/10/09 00:53:47.293, 0, 79413, 97871, 100, 461.37
2026/10/09 00:53:47.293, 1, 79419, 97871, 99, 471.11
2026/10/09 00:53:47.293, 2, 82375, 97871, 99, 420.43
2026/10/09 00:53:47.293, 3, 82704, 97871, 100, 480.27
2026/10/09 00:53:48.293, 0, 79413, 97871, 100, 452.08
2026/10/09 00:53:48.293, 1, 79419, 97871, 99, 476.54
2026/10/09 00:53:48.293, 2, 82375, 97871, 100, 409.73
2026/10/09 00:53:48.293, 3, 82704, 97871, 99, 473.22
2026/10/09 00:53:49.293, 0, 79413, 97871, 100, 459.75
2026/10/09 00:53:49.293, 1, 79419, 97871, 99, 479.94
2026/10/09 00:53:49.293, 2, 82375, 97871, 99, 419.17
2026/10/09 00:53:49.293, 3, 82704, 97871, 99, 477.57
2026/10/09 00:53:50.293, 0, 79413, 97871, 100, 459.45
2026/10/09 00:53:50.293, 1, 79419, 97871, 99, 477.10
2026/10/09 00:53:50.293, 2, 82375, 97871, 99, 422.94
2026/10/09 00:53:50.294, 3, 82704, 97871, 99, 464.01
2026/10/09 00:53:51.294, 0, 79413, 97871, 100, 452.56
2026/10/09 00:53:51.294, 1, 79419, 97871, 99, 483.87
2026/10/09 00:53:51.294, 2, 82375, 97871, 99, 419.61
2026/10/09 00:53:51.294, 3, 82704, 97871, 100, 452.74
2026/10/09 00:53:52.294, 0, 79413, 97871, 100, 456.75
2026/10/09 00:53:52.294, 1, 79419, 97871, 99, 472.00
2026/10/09 00:53:52.294, 2, 82375, 97871, 100, 409.38
2026/10/09 00:53:52.294, 3, 82704, 97871, 100, 523.35
2026/10/09 00:53:53.294, 0, 79413, 97871, 100, 463.62
2026/10/09 00:53:53.294, 1, 79419, 97871, 100, 480.18
2026/10/09 00:53:53.294, 2, 82375, 97871, 99, 419.16
2026/10/09 00:53:53.294, 3, 82704, 97871, 100, 514.48
2026/10/09 00:53:54.294, 0, 79413, 97871, 95, 455.98
2026/10/09 00:53:54.294, 1, 79419, 97871, 99, 480.79
2026/10/09 00:53:54.294, 2, 82375, 97871, 99, 420.57
2026/10/09 00:53:54.294, 3, 82704, 97871, 100, 523.87
2026/10/09 00:53:55.295, 0, 79413, 97871, 100, 452.40
2026/10/09 00:53:55.295, 1, 79419, 97871, 99, 467.18
2026/10/09 00:53:55.295, 2, 82375, 97871, 99, 407.51
2026/10/09 00:53:55.295, 3, 82704, 97871, 100, 519.18
2026/10/09 00:53:56.295, 0, 79413, 97871, 100, 460.32
2026/10/09 00:53:56.295, 1, 79419, 97871, 99, 476.93
2026/10/09 00:53:56.295, 2, 82375, 97871, 100, 420.26
2026/10/09 00:53:56.295, 3, 82704, 97871, 100, 515.30
2026/10/09 00:53:57.295, 0, 79413, 97871, 100, 452.17
2026/10/09 00:53:57.295, 1, 79419, 97871, 99, 472.30
2026/10/09 00:53:57.295, 2, 82375, 97871, 99, 410.01
2026/10/09 00:53:57.295, 3, 82704, 97871, 100, 518.56
2026/10/09 00:53:58.295, 0, 79413, 97871, 100, 458.36
2026/10/09 00:53:58.295, 1, 79419, 97871, 100, 479.05
2026/10/09 00:53:58.295, 2, 82375, 97871, 99, 421.89
2026/10/09 00:53:58.295, 3, 82704, 97871, 100, 511.35
2026/10/09 00:53:59.295, 0, 79413, 97871, 100, 457.13
2026/10/09 00:53:59.296, 1, 79419, 97871, 99, 474.65
2026/10/09 00:53:59.296, 2, 82375, 97871, 99, 406.93
2026/10/09 00:53:59.296, 3, 82704, 97871, 100, 518.25
2026/10/09 00:54:00.296, 0, 79413, 97871, 95, 461.51
2026/10/09 00:54:00.296, 1, 79419, 97871, 99, 480.60
2026/10/09 00:54:00.296, 2, 82375, 97871, 99, 418.28
2026/10/09 00:54:00.296, 3, 82704, 97871, 100, 504.35
2026/10/09 00:54:01.296, 0, 79413, 97871, 100, 452.56
2026/10/09 00:54:01.296, 1, 79419, 97871, 100, 484.11
2026/10/09 00:54:01.296, 2, 82375, 97871, 99, 409.33
2026/10/09 00:54:01.296, 3, 82704, 97871, 100, 521.67
2026/10/09 00:54:02.296, 0, 79413, 97871, 100, 457.72
2026/10/09 00:54:02.296, 1, 79419, 97871, 99, 475.76
2026/10/09 00:54:02.296, 2, 82375, 97871, 99, 415.52
2026/10/09 00:54:02.296, 3, 82704, 97871, 100, 508.26
2026/10/09 00:54:03.296, 0, 79413, 97871, 100, 451.05
2026/10/09 00:54:03.297, 1, 79419, 97871, 99, 473.76
2026/10/09 00:54:03.297, 2, 82375, 97871, 99, 409.64
2026/10/09 00:54:03.297, 3, 82704, 97871, 100, 523.65
2026/10/09 00:54:04.297, 0, 79413, 97871, 100, 457.88
2026/10/09 00:54:04.297, 1, 79419, 97871, 99, 474.94
2026/10/09 00:54:04.297, 2, 82375, 97871, 99, 416.64
2026/10/09 00:54:04.297, 3, 82704, 97871, 100, 515.88
2026/10/09 00:54:05.297, 0, 79413, 97871, 100, 451.22
2026/10/09 00:54:05.297, 1, 79419, 97871, 99, 476.56
2026/10/09 00:54:05.297, 2, 82375, 97871, 100, 420.99
2026/10/09 00:54:05.297, 3, 82704, 97871, 100, 528.23
2026/10/09 00:54:06.297, 0, 79413, 97871, 100, 454.74
2026/10/09 00:54:06.297, 1, 79419, 97871, 99, 478.69
2026/10/09 00:54:06.297, 2, 82375, 97871, 99, 420.47
2026/10/09 00:54:06.297, 3, 82704, 97871, 100, 512.55
2026/10/09 00:54:07.297, 0, 79413, 97871, 100, 450.08
2026/10/09 00:54:07.297, 1, 79419, 97871, 99, 474.21
2026/10/09 00:54:07.297, 2, 82375, 97871, 99, 427.79
2026/10/09 00:54:07.297, 3, 82704, 97871, 100, 520.54
2026/10/09 00:54:08.298, 0, 79413, 97871, 100, 459.50
2026/10/09 00:54:08.298, 1, 79419, 97871, 99, 485.33
2026/10/09 00:54:08.298, 2, 82375, 97871, 99, 413.94
2026/10/09 00:54:08.298, 3, 82704, 97871, 100, 528.43
2026/10/09 00:54:09.298, 0, 79413, 97871, 100, 452.97
2026/10/09 00:54:09.298, 1, 79419, 97871, 99, 472.63
2026/10/09 00:54:09.298, 2, 82375, 97871, 99, 425.64
2026/10/09 00:54:09.298, 3, 82704, 97871, 100, 513.29
2026/10/09 00:54:10.298, 0, 79413, 97871, 100, 456.27
2026/10/09 00:54:10.298, 1, 79419, 97871, 99, 482.58
2026/10/09 00:54:10.298, 2, 82375, 97871, 100, 422.19
2026/10/09 00:54:10.298, 3, 82704, 97871, 100, 516.67
2026/10/09 00:54:11.298, 0, 79413, 97871, 100, 458.65
2026/10/09 00:54:11.298, 1, 79419, 97871, 99, 472.05
2026/10/09 00:54:11.298, 2, 82375, 97871, 99, 409.37
2026/10/09 00:54:11.298, 3, 82704, 97871, 100, 514.06
2026/10/09 00:54:12.299, 0, 79413, 97871, 100, 450.67
2026/10/09 00:54:12.299, 1, 79419, 97871, 99, 476.52
2026/10/09 00:54:12.299, 2, 82375, 97871, 100, 418.17
2026/10/09 00:54:12.299, 3, 82704, 97871, 100, 524.59
2026/10/09 00:54:13.299, 0, 79413, 97871, 100, 451.66
2026/10/09 00:54:13.299, 1, 79419, 97871, 99, 474.20
2026/10/09 00:54:13.299, 2, 82375, 97871, 99, 419.49
2026/10/09 00:54:13.299, 3, 82704, 97871, 100, 516.56
2026/10/09 00:54:14.299, 0, 79413, 97871, 100, 459.55
2026/10/09 00:54:14.299, 1, 79419, 97871, 100, 477.05
2026/10/09 00:54:14.299, 2, 82375, 97871, 99, 419.70
2026/10/09 00:54:14.299, 3, 82704, 97871, 100, 523.05
2026/10/09 00:54:15.299, 0, 79413, 97871, 100, 450.33
2026/10/09 00:54:15.299, 1, 79419, 97871, 99, 476.66
2026/10/09 00:54:15.299, 2, 82375, 97871, 99, 409.92
2026/10/09 00:54:15.299, 3, 82704, 97871, 100, 517.11
2026/10/09 00:54:16.299, 0, 79413, 97871, 100, 454.66
2026/10/09 00:54:16.300, 1, 79419, 97871, 99, 473.69
2026/10/09 00:54:16.300, 2, 82375, 97871, 99, 420.82
2026/10/09 00:54:16.300, 3, 82704, 97871, 100, 517.58
2026/10/09 00:54:17.300, 0, 79413, 97871, 100, 461.86
2026/10/09 00:54:17.300, 1, 79419, 97871, 99, 478.26
2026/10/09 00:54:17.300, 2, 82375, 97871, 99, 411.25
2026/10/09 00:54:17.300, 3, 82704, 97871, 100, 509.16
2026/10/09 00:54:18.300, 0, 79413, 97871, 100, 450.51
2026/10/09 00:54:18.300, 1, 79419, 97871, 99, 472.06
2026/10/09 00:54:18.300, 2, 82375, 97871, 99, 415.67
2026/10/09 00:54:18.300, 3, 82704, 97871, 100, 524.03
2026/10/09 00:54:19.300, 0, 79413, 97871, 100, 461.25
2026/10/09 00:54:19.300, 1, 79419, 97871, 99, 473.32
2026/10/09 00:54:19.300, 2, 82375, 97871, 100, 419.16
2026/10/09 00:54:19.300, 3, 82704, 97871, 99, 492.53
2026/10/09 00:54:20.300, 0, 79413, 97871, 100, 458.64
2026/10/09 00:54:20.300, 1, 79419, 97871, 99, 478.48
2026/10/09 00:54:20.301, 2, 82375, 97871, 99, 426.36
2026/10/09 00:54:20.301, 3, 82704, 97871, 100, 446.44
2026/10/09 00:54:21.301, 0, 79413, 97871, 100, 451.83
2026/10/09 00:54:21.301, 1, 79419, 97871, 99, 471.67
2026/10/09 00:54:21.301, 2, 82375, 97871, 100, 422.89
2026/10/09 00:54:21.301, 3, 82704, 97871, 100, 529.52
2026/10/09 00:54:22.301, 0, 79413, 97871, 100, 462.38
2026/10/09 00:54:22.301, 1, 79419, 97871, 99, 478.21
2026/10/09 00:54:22.301, 2, 82375, 97871, 99, 407.65
2026/10/09 00:54:22.301, 3, 82704, 97871, 100, 519.83
2026/10/09 00:54:23.301, 0, 79413, 97871, 100, 458.20
2026/10/09 00:54:23.301, 1, 79419, 97871, 93, 482.99
2026/10/09 00:54:23.301, 2, 82375, 97871, 32, 389.85
2026/10/09 00:54:23.301, 3, 82704, 97871, 100, 513.95
2026/10/09 00:54:24.301, 0, 79413, 97871, 96, 462.20
2026/10/09 00:54:24.301, 1, 79419, 97871, 99, 471.89
2026/10/09 00:54:24.301, 2, 82375, 97871, 100, 510.35
2026/10/09 00:54:24.301, 3, 82704, 97871, 99, 473.35
2026/10/09 00:54:25.302, 0, 79413, 97871, 100, 447.24
2026/10/09 00:54:25.302, 1, 79419, 97871, 99, 479.48
2026/10/09 00:54:25.302, 2, 82375, 97871, 100, 494.80
2026/10/09 00:54:25.302, 3, 82704, 97871, 100, 526.54
2026/10/09 00:54:26.302, 0, 79413, 97871, 100, 455.69
2026/10/09 00:54:26.302, 1, 79419, 97871, 100, 483.09
2026/10/09 00:54:26.302, 2, 82375, 97871, 100, 495.95
2026/10/09 00:54:26.302, 3, 82704, 97871, 100, 525.86
2026/10/09 00:54:27.302, 0, 79413, 97871, 100, 459.68
2026/10/09 00:54:27.302, 1, 79419, 97871, 99, 474.05
2026/10/09 00:54:27.302, 2, 82375, 97871, 100, 508.52
2026/10/09 00:54:27.302, 3, 82704, 97871, 100, 519.51
2026/10/09 00:54:28.302, 0, 79413, 97871, 100, 452.68
2026/10/09 00:54:28.302, 1, 79419, 97871, 100, 475.83
2026/10/09 00:54:28.302, 2, 82375, 97871, 100, 507.89
2026/10/09 00:54:28.302, 3, 82704, 97871, 100, 511.50
2026/10/09 00:54:29.303, 0, 79413, 97871, 100, 453.08
2026/10/09 00:54:29.303, 1, 79419, 97871, 99, 479.55
2026/10/09 00:54:29.303, 2, 82375, 97871, 100, 508.59
2026/10/09 00:54:29.303, 3, 82704, 97871, 100, 517.80
2026/10/09 00:54:30.303, 0, 79413, 97871, 100, 455.85
2026/10/09 00:54:30.303, 1, 79419, 97871, 95, 475.65
2026/10/09 00:54:30.303, 2, 82375, 97871, 100, 507.41
2026/10/09 00:54:30.303, 3, 82704, 97871, 100, 517.52
2026/10/09 00:54:31.303, 0, 79413, 97871, 95, 462.99
2026/10/09 00:54:31.303, 1, 79419, 97871, 99, 479.15
2026/10/09 00:54:31.303, 2, 82375, 97871, 100, 503.75
2026/10/09 00:54:31.303, 3, 82704, 97871, 100, 514.37
2026/10/09 00:54:32.303, 0, 79413, 97871, 100, 448.08
2026/10/09 00:54:32.303, 1, 79419, 97871, 99, 472.96
2026/10/09 00:54:32.303, 2, 82375, 97871, 100, 511.41
2026/10/09 00:54:32.303, 3, 82704, 97871, 100, 511.44
2026/10/09 00:54:33.304, 0, 79413, 97871, 100, 458.49
2026/10/09 00:54:33.304, 1, 79419, 97871, 99, 478.69
2026/10/09 00:54:33.304, 2, 82375, 97871, 100, 500.80
2026/10/09 00:54:33.304, 3, 82704, 97871, 100, 512.19
2026/10/09 00:54:34.304, 0, 79412, 97871, 100, 458.14
2026/10/09 00:54:34.304, 1, 79418, 97871, 99, 472.95
2026/10/09 00:54:34.304, 2, 82374, 97871, 100, 508.84
2026/10/09 00:54:34.304, 3, 82704, 97871, 100, 511.05
2026/10/09 00:54:35.304, 0, 79412, 97871, 100, 452.92
2026/10/09 00:54:35.304, 1, 79418, 97871, 99, 474.52
2026/10/09 00:54:35.304, 2, 82374, 97871, 100, 503.02
2026/10/09 00:54:35.304, 3, 82703, 97871, 100, 512.00
2026/10/09 00:54:36.304, 0, 79412, 97871, 100, 459.49
2026/10/09 00:54:36.304, 1, 79418, 97871, 100, 477.38
2026/10/09 00:54:36.304, 2, 82374, 97871, 100, 488.79
2026/10/09 00:54:36.304, 3, 82703, 97871, 100, 516.32
2026/10/09 00:54:37.304, 0, 79412, 97871, 100, 451.26
2026/10/09 00:54:37.305, 1, 79418, 97871, 94, 483.25
2026/10/09 00:54:37.305, 2, 82374, 97871, 100, 503.32
2026/10/09 00:54:37.305, 3, 82703, 97871, 100, 512.09
2026/10/09 00:54:38.305, 0, 79994, 97871, 43, 411.16
2026/10/09 00:54:38.305, 1, 79418, 97871, 99, 468.50
2026/10/09 00:54:38.305, 2, 82374, 97871, 100, 487.81
2026/10/09 00:54:38.305, 3, 82703, 97871, 100, 512.63
2026/10/09 00:54:39.305, 0, 79994, 97871, 100, 492.41
2026/10/09 00:54:39.305, 1, 79418, 97871, 99, 476.21
2026/10/09 00:54:39.305, 2, 82374, 97871, 100, 498.81
2026/10/09 00:54:39.305, 3, 82703, 97871, 100, 510.88
2026/10/09 00:54:40.305, 0, 79994, 97871, 74, 477.03
2026/10/09 00:54:40.305, 1, 79418, 97871, 99, 482.10
2026/10/09 00:54:40.305, 2, 82374, 97871, 100, 497.52
2026/10/09 00:54:40.305, 3, 82703, 97871, 100, 513.48
2026/10/09 00:54:41.305, 0, 79994, 97871, 100, 489.95
2026/10/09 00:54:41.305, 1, 79418, 97871, 100, 473.68
2026/10/09 00:54:41.306, 2, 82374, 97871, 100, 499.86
2026/10/09 00:54:41.306, 3, 82703, 97871, 100, 507.10
2026/10/09 00:54:42.306, 0, 79994, 97871, 100, 511.43
2026/10/09 00:54:42.306, 1, 79418, 97871, 99, 477.60
2026/10/09 00:54:42.306, 2, 82374, 97871, 100, 492.56
2026/10/09 00:54:42.306, 3, 82703, 97871, 100, 505.91
2026/10/09 00:54:43.306, 0, 79994, 97871, 100, 495.77
2026/10/09 00:54:43.306, 1, 79418, 97871, 99, 472.74
2026/10/09 00:54:43.306, 2, 82374, 97871, 100, 500.84
2026/10/09 00:54:43.306, 3, 82703, 97871, 100, 451.11
2026/10/09 00:54:44.306, 0, 79994, 97871, 100, 503.31
2026/10/09 00:54:44.306, 1, 80000, 97871, 70, 448.79
2026/10/09 00:54:44.306, 2, 82374, 97871, 100, 509.86
2026/10/09 00:54:44.306, 3, 82703, 97871, 100, 527.89
2026/10/09 00:54:45.306, 0, 79994, 97871, 100, 488.21
2026/10/09 00:54:45.307, 1, 80000, 97871, 99, 507.99
2026/10/09 00:54:45.307, 2, 82374, 97871, 100, 497.17
2026/10/09 00:54:45.307, 3, 82703, 97871, 100, 529.00
2026/10/09 00:54:46.307, 0, 79994, 97871, 100, 500.63
2026/10/09 00:54:46.307, 1, 80000, 97871, 75, 496.73
2026/10/09 00:54:46.307, 2, 82374, 97871, 100, 498.10
2026/10/09 00:54:46.307, 3, 82703, 97871, 100, 524.30
2026/10/09 00:54:47.307, 0, 79994, 97871, 100, 494.55
2026/10/09 00:54:47.307, 1, 80000, 97871, 99, 510.26
2026/10/09 00:54:47.307, 2, 82374, 97871, 100, 496.12
2026/10/09 00:54:47.307, 3, 82703, 97871, 100, 523.34
2026/10/09 00:54:48.307, 0, 79994, 97871, 100, 509.01
2026/10/09 00:54:48.307, 1, 80000, 97871, 100, 511.13
2026/10/09 00:54:48.307, 2, 82374, 97871, 100, 503.83
2026/10/09 00:54:48.307, 3, 82703, 97871, 100, 529.56
2026/10/09 00:54:49.307, 0, 79994, 97871, 100, 505.08
2026/10/09 00:54:49.308, 1, 80000, 97871, 99, 502.58
2026/10/09 00:54:49.308, 2, 82374, 97871, 100, 496.16
2026/10/09 00:54:49.308, 3, 82703, 97871, 100, 509.96
2026/10/09 00:54:50.308, 0, 79994, 97871, 100, 502.20
2026/10/09 00:54:50.308, 1, 80000, 97871, 100, 530.99
2026/10/09 00:54:50.308, 2, 82374, 97871, 100, 493.37
2026/10/09 00:54:50.308, 3, 82703, 97871, 99, 505.38
2026/10/09 00:54:51.308, 0, 79994, 97871, 100, 489.75
2026/10/09 00:54:51.308, 1, 80000, 97871, 100, 501.41
2026/10/09 00:54:51.308, 2, 82374, 97871, 100, 501.44
2026/10/09 00:54:51.308, 3, 82703, 97871, 100, 510.11
2026/10/09 00:54:52.308, 0, 79994, 97871, 100, 492.66
2026/10/09 00:54:52.308, 1, 80000, 97871, 100, 520.72
2026/10/09 00:54:52.308, 2, 82374, 97871, 100, 496.22
2026/10/09 00:54:52.308, 3, 82703, 97871, 100, 508.59
2026/10/09 00:54:53.308, 0, 79994, 97871, 100, 505.55
2026/10/09 00:54:53.309, 1, 80000, 97871, 100, 506.70
2026/10/09 00:54:53.309, 2, 82374, 97871, 100, 495.12
2026/10/09 00:54:53.309, 3, 82703, 97871, 100, 527.26
2026/10/09 00:54:54.309, 0, 79994, 97871, 100, 475.97
2026/10/09 00:54:54.309, 1, 80000, 97871, 100, 540.96
2026/10/09 00:54:54.309, 2, 82374, 97871, 100, 460.77
2026/10/09 00:54:54.309, 3, 82703, 97871, 100, 522.00
2026/10/09 00:54:55.309, 0, 79994, 97871, 100, 482.60
2026/10/09 00:54:55.309, 1, 80000, 97871, 100, 516.51
2026/10/09 00:54:55.309, 2, 82374, 97871, 99, 407.93
2026/10/09 00:54:55.309, 3, 82703, 97871, 100, 526.47
2026/10/09 00:54:56.309, 0, 79994, 97871, 100, 484.67
2026/10/09 00:54:56.309, 1, 80000, 97871, 100, 516.02
2026/10/09 00:54:56.309, 2, 82374, 97871, 100, 483.62
2026/10/09 00:54:56.309, 3, 82703, 97871, 100, 523.68
2026/10/09 00:54:57.309, 0, 79994, 97871, 100, 493.81
2026/10/09 00:54:57.309, 1, 80000, 97871, 100, 515.16
2026/10/09 00:54:57.310, 2, 82374, 97871, 100, 546.77
2026/10/09 00:54:57.310, 3, 82703, 97871, 100, 527.73
2026/10/09 00:54:58.310, 0, 79994, 97871, 100, 509.17
2026/10/09 00:54:58.310, 1, 80000, 97871, 99, 517.90
2026/10/09 00:54:58.310, 2, 82374, 97871, 100, 537.52
2026/10/09 00:54:58.310, 3, 82703, 97871, 100, 508.89
2026/10/09 00:54:59.310, 0, 79994, 97871, 100, 501.65
2026/10/09 00:54:59.310, 1, 80000, 97871, 100, 523.28
2026/10/09 00:54:59.310, 2, 82374, 97871, 100, 514.19
2026/10/09 00:54:59.310, 3, 82703, 97871, 100, 512.91
2026/10/09 00:55:00.310, 0, 79994, 97871, 100, 480.54
2026/10/09 00:55:00.310, 1, 80000, 97871, 100, 500.01
2026/10/09 00:55:00.310, 2, 82374, 97871, 100, 491.79
2026/10/09 00:55:00.310, 3, 82703, 97871, 100, 515.91
2026/10/09 00:55:01.310, 0, 79994, 97871, 100, 501.00
2026/10/09 00:55:01.310, 1, 80000, 97871, 99, 517.83
2026/10/09 00:55:01.311, 2, 82374, 97871, 100, 547.06
2026/10/09 00:55:01.311, 3, 82703, 97871, 100, 515.07
2026/10/09 00:55:02.311, 0, 79994, 97871, 100, 490.47
2026/10/09 00:55:02.311, 1, 80000, 97871, 100, 511.88
2026/10/09 00:55:02.311, 2, 82374, 97871, 100, 544.21
2026/10/09 00:55:02.311, 3, 82703, 97871, 100, 516.35
2026/10/09 00:55:03.311, 0, 79994, 97871, 100, 510.65
2026/10/09 00:55:03.311, 1, 80000, 97871, 100, 501.61
2026/10/09 00:55:03.311, 2, 82374, 97871, 100, 521.65
2026/10/09 00:55:03.311, 3, 82703, 97871, 100, 516.43
2026/10/09 00:55:04.311, 0, 79994, 97871, 100, 487.56
2026/10/09 00:55:04.311, 1, 80000, 97871, 100, 512.46
2026/10/09 00:55:04.311, 2, 82374, 97871, 100, 528.53
2026/10/09 00:55:04.311, 3, 82703, 97871, 100, 514.61
2026/10/09 00:55:05.311, 0, 79994, 97871, 100, 479.82
2026/10/09 00:55:05.311, 1, 80000, 97871, 100, 505.46
2026/10/09 00:55:05.311, 2, 82374, 97871, 100, 526.01
2026/10/09 00:55:05.312, 3, 82703, 97871, 100, 513.07
2026/10/09 00:55:06.312, 0, 79994, 97871, 100, 487.07
2026/10/09 00:55:06.312, 1, 80000, 97871, 99, 502.69
2026/10/09 00:55:06.312, 2, 82374, 97871, 100, 524.47
2026/10/09 00:55:06.312, 3, 82703, 97871, 100, 512.89
2026/10/09 00:55:07.312, 0, 79994, 97871, 100, 496.90
2026/10/09 00:55:07.312, 1, 80000, 97871, 100, 520.01
2026/10/09 00:55:07.312, 2, 82374, 97871, 100, 521.48
2026/10/09 00:55:07.312, 3, 82703, 97871, 100, 515.14
2026/10/09 00:55:08.312, 0, 79994, 97871, 100, 502.40
2026/10/09 00:55:08.312, 1, 80000, 97871, 99, 519.50
2026/10/09 00:55:08.312, 2, 82374, 97871, 100, 521.73
2026/10/09 00:55:08.312, 3, 82703, 97871, 100, 512.03
2026/10/09 00:55:09.312, 0, 79994, 97871, 100, 498.77
2026/10/09 00:55:09.312, 1, 80000, 97871, 100, 526.99
2026/10/09 00:55:09.312, 2, 82374, 97871, 100, 522.07
2026/10/09 00:55:09.313, 3, 82703, 97871, 100, 517.41
2026/10/09 00:55:10.313, 0, 79994, 97871, 100, 486.35
2026/10/09 00:55:10.313, 1, 80000, 97871, 100, 501.45
2026/10/09 00:55:10.313, 2, 82374, 97871, 100, 519.60
2026/10/09 00:55:10.313, 3, 82703, 97871, 100, 516.16
2026/10/09 00:55:11.313, 0, 79994, 97871, 100, 496.31
2026/10/09 00:55:11.313, 1, 80000, 97871, 99, 506.84
2026/10/09 00:55:11.313, 2, 82374, 97871, 100, 519.15
2026/10/09 00:55:11.313, 3, 82703, 97871, 100, 515.30
2026/10/09 00:55:12.313, 0, 79994, 97871, 100, 492.12
2026/10/09 00:55:12.313, 1, 80000, 97871, 100, 522.03
2026/10/09 00:55:12.313, 2, 82374, 97871, 100, 528.15
2026/10/09 00:55:12.313, 3, 82703, 97871, 100, 517.20
2026/10/09 00:55:13.313, 0, 79994, 97871, 100, 465.83
2026/10/09 00:55:13.313, 1, 80000, 97871, 100, 504.42
2026/10/09 00:55:13.314, 2, 82374, 97871, 100, 526.47
2026/10/09 00:55:13.314, 3, 82703, 97871, 100, 515.65
2026/10/09 00:55:14.314, 0, 79994, 97871, 100, 460.67
2026/10/09 00:55:14.314, 1, 80000, 97871, 99, 507.39
2026/10/09 00:55:14.314, 2, 82374, 97871, 100, 520.50
2026/10/09 00:55:14.314, 3, 82703, 97871, 100, 516.60
2026/10/09 00:55:15.314, 0, 80666, 97871, 100, 423.04
2026/10/09 00:55:15.314, 1, 80000, 97871, 100, 500.48
2026/10/09 00:55:15.314, 2, 82374, 97871, 100, 520.75
2026/10/09 00:55:15.314, 3, 82703, 97871, 100, 516.92
2026/10/09 00:55:16.314, 0, 80666, 97871, 100, 527.99
2026/10/09 00:55:16.314, 1, 80000, 97871, 99, 501.85
2026/10/09 00:55:16.314, 2, 82374, 97871, 100, 519.44
2026/10/09 00:55:16.314, 3, 82703, 97871, 100, 515.60
2026/10/09 00:55:17.314, 0, 80666, 97871, 100, 527.17
2026/10/09 00:55:17.314, 1, 80000, 97871, 100, 506.82
2026/10/09 00:55:17.314, 2, 82374, 97871, 100, 518.00
2026/10/09 00:55:17.315, 3, 82703, 97871, 100, 514.17
2026/10/09 00:55:18.315, 0, 80666, 97871, 100, 518.23
2026/10/09 00:55:18.315, 1, 80000, 97871, 100, 510.31
2026/10/09 00:55:18.315, 2, 82374, 97871, 100, 462.69
2026/10/09 00:55:18.315, 3, 82703, 97871, 100, 516.40
2026/10/09 00:55:19.315, 0, 80666, 97871, 100, 521.11
2026/10/09 00:55:19.315, 1, 80000, 97871, 99, 484.03
2026/10/09 00:55:19.315, 2, 82374, 97871, 100, 453.44
2026/10/09 00:55:19.315, 3, 82703, 97871, 100, 518.53
2026/10/09 00:55:20.315, 0, 80666, 97871, 100, 478.35
2026/10/09 00:55:20.315, 1, 80000, 97871, 99, 485.72
2026/10/09 00:55:20.315, 2, 82374, 97871, 100, 543.39
2026/10/09 00:55:20.315, 3, 82703, 97871, 100, 512.73
2026/10/09 00:55:21.315, 0, 80666, 97871, 100, 526.43
2026/10/09 00:55:21.315, 1, 80672, 97871, 100, 451.46
2026/10/09 00:55:21.316, 2, 82374, 97871, 100, 545.90
2026/10/09 00:55:21.316, 3, 82703, 97871, 100, 511.65
2026/10/09 00:55:22.316, 0, 80666, 97871, 100, 526.19
2026/10/09 00:55:22.316, 1, 80672, 97871, 100, 536.48
2026/10/09 00:55:22.316, 2, 82374, 97871, 100, 542.89
2026/10/09 00:55:22.316, 3, 82703, 97871, 100, 513.77
2026/10/09 00:55:23.316, 0, 80666, 97871, 100, 518.42
2026/10/09 00:55:23.316, 1, 80672, 97871, 100, 537.22
2026/10/09 00:55:23.316, 2, 82374, 97871, 100, 540.34
2026/10/09 00:55:23.316, 3, 82703, 97871, 100, 516.60
2026/10/09 00:55:24.316, 0, 80666, 97871, 100, 520.50
2026/10/09 00:55:24.316, 1, 80672, 97871, 100, 529.90
2026/10/09 00:55:24.316, 2, 82374, 97871, 100, 534.15
2026/10/09 00:55:24.316, 3, 82703, 97871, 100, 506.63
2026/10/09 00:55:25.316, 0, 80666, 97871, 100, 511.47
2026/10/09 00:55:25.316, 1, 80672, 97871, 100, 533.11
2026/10/09 00:55:25.316, 2, 82374, 97871, 100, 509.83
2026/10/09 00:55:25.316, 3, 82703, 97871, 100, 503.73
2026/10/09 00:55:26.317, 0, 80666, 97871, 100, 515.36
2026/10/09 00:55:26.317, 1, 80672, 97871, 100, 482.88
2026/10/09 00:55:26.317, 2, 82374, 97871, 100, 511.90
2026/10/09 00:55:26.317, 3, 82703, 97871, 73, 428.70
2026/10/09 00:55:27.317, 0, 80666, 97871, 100, 503.71
2026/10/09 00:55:27.317, 1, 80672, 97871, 100, 542.65
2026/10/09 00:55:27.317, 2, 82374, 97871, 99, 462.10
2026/10/09 00:55:27.317, 3, 82703, 97871, 100, 538.02
2026/10/09 00:55:28.317, 0, 80666, 97871, 100, 519.53
2026/10/09 00:55:28.317, 1, 80672, 97871, 100, 535.93
2026/10/09 00:55:28.317, 2, 82374, 97871, 100, 526.19
2026/10/09 00:55:28.317, 3, 82703, 97871, 100, 526.24
2026/10/09 00:55:29.317, 0, 80666, 97871, 100, 509.71
2026/10/09 00:55:29.317, 1, 80672, 97871, 100, 529.85
2026/10/09 00:55:29.317, 2, 82374, 97871, 100, 545.32
2026/10/09 00:55:29.317, 3, 82703, 97871, 100, 522.79
2026/10/09 00:55:30.318, 0, 80666, 97871, 100, 509.84
2026/10/09 00:55:30.318, 1, 80672, 97871, 100, 529.63
2026/10/09 00:55:30.318, 2, 82374, 97871, 100, 545.66
2026/10/09 00:55:30.318, 3, 82703, 97871, 100, 529.16
2026/10/09 00:55:31.318, 0, 80666, 97871, 100, 512.46
2026/10/09 00:55:31.318, 1, 80672, 97871, 100, 523.78
2026/10/09 00:55:31.318, 2, 82374, 97871, 100, 545.75
2026/10/09 00:55:31.318, 3, 82703, 97871, 100, 525.62
2026/10/09 00:55:32.318, 0, 80666, 97871, 100, 509.67
2026/10/09 00:55:32.318, 1, 80672, 97871, 100, 526.99
2026/10/09 00:55:32.318, 2, 82374, 97871, 100, 547.16
2026/10/09 00:55:32.318, 3, 82703, 97871, 100, 527.07
2026/10/09 00:55:33.318, 0, 80666, 97871, 100, 510.48
2026/10/09 00:55:33.318, 1, 80672, 97871, 100, 524.98
2026/10/09 00:55:33.319, 2, 82374, 97871, 100, 517.59
2026/10/09 00:55:33.319, 3, 82703, 97871, 100, 521.74
2026/10/09 00:55:34.319, 0, 80666, 97871, 100, 505.30
2026/10/09 00:55:34.319, 1, 80672, 97871, 100, 519.24
2026/10/09 00:55:34.319, 2, 82374, 97871, 100, 509.77
2026/10/09 00:55:34.319, 3, 82703, 97871, 100, 521.93
2026/10/09 00:55:35.319, 0, 80666, 97871, 100, 509.37
2026/10/09 00:55:35.319, 1, 80672, 97871, 100, 526.40
2026/10/09 00:55:35.319, 2, 82374, 97871, 100, 524.03
2026/10/09 00:55:35.319, 3, 82703, 97871, 100, 524.47
2026/10/09 00:55:36.319, 0, 80666, 97871, 100, 508.32
2026/10/09 00:55:36.319, 1, 80672, 97871, 100, 517.31
2026/10/09 00:55:36.319, 2, 82374, 97871, 100, 530.73
2026/10/09 00:55:36.319, 3, 82703, 97871, 100, 526.05
2026/10/09 00:55:37.319, 0, 80666, 97871, 100, 514.19
2026/10/09 00:55:37.320, 1, 80672, 97871, 100, 528.40
2026/10/09 00:55:37.320, 2, 82374, 97871, 100, 532.92
2026/10/09 00:55:37.320, 3, 82703, 97871, 99, 520.17
2026/10/09 00:55:38.320, 0, 80666, 97871, 100, 503.98
2026/10/09 00:55:38.320, 1, 80672, 97871, 100, 524.90
2026/10/09 00:55:38.320, 2, 82374, 97871, 100, 527.84
2026/10/09 00:55:38.320, 3, 82703, 97871, 100, 510.89
2026/10/09 00:55:39.320, 0, 80666, 97871, 100, 454.87
2026/10/09 00:55:39.320, 1, 80672, 97871, 100, 525.43
2026/10/09 00:55:39.320, 2, 82374, 97871, 100, 523.80
2026/10/09 00:55:39.320, 3, 82703, 97871, 99, 509.26
2026/10/09 00:55:40.320, 0, 80666, 97871, 100, 442.19
2026/10/09 00:55:40.320, 1, 80672, 97871, 100, 517.47
2026/10/09 00:55:40.320, 2, 82374, 97871, 100, 511.27
2026/10/09 00:55:40.320, 3, 82703, 97871, 97, 500.96
2026/10/09 00:55:41.320, 0, 80666, 97871, 100, 524.34
2026/10/09 00:55:41.321, 1, 80672, 97871, 100, 526.94
2026/10/09 00:55:41.321, 2, 82374, 97871, 100, 519.74
2026/10/09 00:55:41.321, 3, 82703, 97871, 97, 504.36
2026/10/09 00:55:42.321, 0, 80666, 97871, 100, 525.39
2026/10/09 00:55:42.321, 1, 80672, 97871, 100, 526.05
2026/10/09 00:55:42.321, 2, 82374, 97871, 100, 522.38
2026/10/09 00:55:42.321, 3, 82705, 97871, 100, 506.44
2026/10/09 00:55:43.321, 0, 80666, 97871, 100, 523.65
2026/10/09 00:55:43.321, 1, 80672, 97871, 100, 520.35
2026/10/09 00:55:43.321, 2, 82374, 97871, 100, 526.91
2026/10/09 00:55:43.321, 3, 82705, 97871, 100, 504.09
2026/10/09 00:55:44.321, 0, 80666, 97871, 100, 522.46
2026/10/09 00:55:44.321, 1, 80672, 97871, 100, 536.60
2026/10/09 00:55:44.321, 2, 82374, 97871, 100, 526.25
2026/10/09 00:55:44.321, 3, 82705, 97871, 100, 493.01
2026/10/09 00:55:45.321, 0, 80666, 97871, 100, 520.10
2026/10/09 00:55:45.322, 1, 80672, 97871, 99, 502.14
2026/10/09 00:55:45.322, 2, 82374, 97871, 100, 523.84
2026/10/09 00:55:45.322, 3, 82705, 97871, 100, 526.70
2026/10/09 00:55:46.322, 0, 80666, 97871, 100, 510.89
2026/10/09 00:55:46.322, 1, 80672, 97871, 99, 475.80
2026/10/09 00:55:46.322, 2, 82374, 97871, 100, 524.33
2026/10/09 00:55:46.322, 3, 82705, 97871, 100, 524.05
2026/10/09 00:55:47.322, 0, 80666, 97871, 100, 508.53
2026/10/09 00:55:47.322, 1, 80672, 97871, 100, 477.91
2026/10/09 00:55:47.322, 2, 82374, 97871, 100, 524.57
2026/10/09 00:55:47.322, 3, 82705, 97871, 100, 530.08
2026/10/09 00:55:48.322, 0, 80666, 97871, 100, 502.02
2026/10/09 00:55:48.322, 1, 80672, 97871, 100, 534.93
2026/10/09 00:55:48.322, 2, 82374, 97871, 100, 531.62
2026/10/09 00:55:48.322, 3, 82705, 97871, 100, 525.96
2026/10/09 00:55:49.323, 0, 80666, 97871, 100, 509.61
2026/10/09 00:55:49.323, 1, 80672, 97871, 100, 534.42
2026/10/09 00:55:49.323, 2, 82374, 97871, 100, 523.52
2026/10/09 00:55:49.323, 3, 82705, 97871, 100, 524.44
2026/10/09 00:55:50.323, 0, 80666, 97871, 100, 525.48
2026/10/09 00:55:50.323, 1, 80672, 97871, 100, 528.62
2026/10/09 00:55:50.323, 2, 82374, 97871, 100, 528.99
2026/10/09 00:55:50.323, 3, 82705, 97871, 100, 524.77
2026/10/09 00:55:51.323, 0, 80666, 97871, 100, 525.18
2026/10/09 00:55:51.323, 1, 80672, 97871, 100, 532.33
2026/10/09 00:55:51.323, 2, 82374, 97871, 100, 528.08
2026/10/09 00:55:51.323, 3, 82705, 97871, 100, 524.63
2026/10/09 00:55:52.323, 0, 80666, 97871, 100, 526.88
2026/10/09 00:55:52.323, 1, 80672, 97871, 100, 527.22
2026/10/09 00:55:52.324, 2, 82374, 97871, 100, 529.51
2026/10/09 00:55:52.324, 3, 82705, 97871, 100, 523.66
2026/10/09 00:55:53.324, 0, 80666, 97871, 100, 526.82
2026/10/09 00:55:53.324, 1, 80672, 97871, 100, 524.61
2026/10/09 00:55:53.324, 2, 82374, 97871, 100, 524.03
2026/10/09 00:55:53.324, 3, 82705, 97871, 100, 526.64
2026/10/09 00:55:54.324, 0, 80666, 97871, 100, 517.76
2026/10/09 00:55:54.324, 1, 80672, 97871, 100, 523.73
2026/10/09 00:55:54.324, 2, 82374, 97871, 100, 533.72
2026/10/09 00:55:54.324, 3, 82705, 97871, 100, 523.86
2026/10/09 00:55:55.324, 0, 80666, 97871, 100, 510.58
2026/10/09 00:55:55.324, 1, 80672, 97871, 99, 510.17
2026/10/09 00:55:55.324, 2, 82374, 97871, 100, 523.07
2026/10/09 00:55:55.324, 3, 82705, 97871, 100, 509.70
2026/10/09 00:55:56.324, 0, 80666, 97871, 100, 515.03
2026/10/09 00:55:56.325, 1, 80672, 97871, 100, 523.88
2026/10/09 00:55:56.325, 2, 82374, 97871, 100, 515.15
2026/10/09 00:55:56.325, 3, 82705, 97871, 100, 509.83
2026/10/09 00:55:57.325, 0, 80666, 97871, 100, 514.30
2026/10/09 00:55:57.325, 1, 80672, 97871, 100, 533.50
2026/10/09 00:55:57.325, 2, 82374, 97871, 100, 517.24
2026/10/09 00:55:57.325, 3, 82705, 97871, 100, 514.28
2026/10/09 00:55:58.325, 0, 80666, 97871, 100, 510.88
2026/10/09 00:55:58.325, 1, 80672, 97871, 100, 532.58
2026/10/09 00:55:58.325, 2, 82374, 97871, 100, 519.94
2026/10/09 00:55:58.325, 3, 82705, 97871, 100, 521.69
2026/10/09 00:55:59.325, 0, 80666, 97871, 100, 509.75
2026/10/09 00:55:59.325, 1, 80672, 97871, 100, 534.00
2026/10/09 00:55:59.325, 2, 82374, 97871, 100, 511.74
2026/10/09 00:55:59.325, 3, 82705, 97871, 100, 518.41
2026/10/09 00:56:00.325, 0, 80666, 97871, 100, 509.39
2026/10/09 00:56:00.325, 1, 80672, 97871, 100, 533.17
2026/10/09 00:56:00.325, 2, 82374, 97871, 100, 519.02
2026/10/09 00:56:00.326, 3, 82705, 97871, 100, 515.31
2026/10/09 00:56:01.326, 0, 80666, 97871, 100, 508.89
2026/10/09 00:56:01.326, 1, 80672, 97871, 100, 529.24
2026/10/09 00:56:01.326, 2, 82374, 97871, 100, 460.63
2026/10/09 00:56:01.326, 3, 82705, 97871, 100, 519.85
2026/10/09 00:56:02.326, 0, 80666, 97871, 100, 510.15
2026/10/09 00:56:02.326, 1, 80672, 97871, 100, 521.50
2026/10/09 00:56:02.326, 2, 82374, 97871, 100, 479.65
2026/10/09 00:56:02.326, 3, 82705, 97871, 100, 517.90
2026/10/09 00:56:03.326, 0, 80666, 97871, 100, 507.95
2026/10/09 00:56:03.326, 1, 80672, 97871, 100, 524.20
2026/10/09 00:56:03.326, 2, 82374, 97871, 100, 545.15
2026/10/09 00:56:03.326, 3, 82705, 97871, 100, 513.72
2026/10/09 00:56:04.326, 0, 80666, 97871, 100, 513.17
2026/10/09 00:56:04.326, 1, 80672, 97871, 100, 527.37
2026/10/09 00:56:04.326, 2, 82374, 97871, 100, 546.66
2026/10/09 00:56:04.326, 3, 82705, 97871, 100, 518.10
2026/10/09 00:56:05.327, 0, 80666, 97871, 100, 508.05
2026/10/09 00:56:05.327, 1, 80672, 97871, 100, 523.89
2026/10/09 00:56:05.327, 2, 82374, 97871, 100, 542.29
2026/10/09 00:56:05.327, 3, 82705, 97871, 100, 518.28
2026/10/09 00:56:06.327, 0, 80666, 97871, 100, 506.45
2026/10/09 00:56:06.327, 1, 80672, 97871, 100, 525.40
2026/10/09 00:56:06.327, 2, 82374, 97871, 100, 545.15
2026/10/09 00:56:06.327, 3, 82705, 97871, 100, 518.32
2026/10/09 00:56:07.327, 0, 80666, 97871, 100, 509.60
2026/10/09 00:56:07.327, 1, 80672, 97871, 100, 520.51
2026/10/09 00:56:07.327, 2, 82374, 97871, 100, 542.90
2026/10/09 00:56:07.327, 3, 82705, 97871, 100, 520.06
2026/10/09 00:56:08.327, 0, 80666, 97871, 100, 509.92
2026/10/09 00:56:08.327, 1, 80672, 97871, 100, 523.47
2026/10/09 00:56:08.327, 2, 82374, 97871, 100, 547.88
2026/10/09 00:56:08.327, 3, 82705, 97871, 100, 517.25
2026/10/09 00:56:09.327, 0, 80666, 97871, 100, 515.15
2026/10/09 00:56:09.328, 1, 80672, 97871, 100, 521.88
2026/10/09 00:56:09.328, 2, 82374, 97871, 100, 545.27
2026/10/09 00:56:09.328, 3, 82705, 97871, 100, 517.99
2026/10/09 00:56:10.328, 0, 80666, 97871, 100, 506.63
2026/10/09 00:56:10.328, 1, 80672, 97871, 100, 525.79
2026/10/09 00:56:10.328, 2, 82374, 97871, 100, 545.69
2026/10/09 00:56:10.328, 3, 82705, 97871, 100, 519.93
2026/10/09 00:56:11.328, 0, 80666, 97871, 100, 507.03
2026/10/09 00:56:11.328, 1, 80672, 97871, 100, 522.20
2026/10/09 00:56:11.328, 2, 82374, 97871, 100, 542.72
2026/10/09 00:56:11.328, 3, 82705, 97871, 100, 520.25
2026/10/09 00:56:12.328, 0, 80666, 97871, 100, 512.83
2026/10/09 00:56:12.328, 1, 80672, 97871, 100, 522.75
2026/10/09 00:56:12.328, 2, 82374, 97871, 100, 530.52
2026/10/09 00:56:12.328, 3, 82705, 97871, 100, 520.20
2026/10/09 00:56:13.329, 0, 80666, 97871, 100, 508.65
2026/10/09 00:56:13.329, 1, 80672, 97871, 100, 523.02
2026/10/09 00:56:13.329, 2, 82374, 97871, 100, 517.93
2026/10/09 00:56:13.329, 3, 82705, 97871, 100, 518.95
2026/10/09 00:56:14.329, 0, 80666, 97871, 100, 510.75
2026/10/09 00:56:14.329, 1, 80672, 97871, 100, 521.63
2026/10/09 00:56:14.329, 2, 82374, 97871, 99, 512.52
2026/10/09 00:56:14.329, 3, 82705, 97871, 100, 522.01
2026/10/09 00:56:15.329, 0, 80666, 97871, 100, 508.01
2026/10/09 00:56:15.329, 1, 80672, 97871, 100, 523.96
2026/10/09 00:56:15.329, 2, 82374, 97871, 100, 506.48
2026/10/09 00:56:15.329, 3, 82705, 97871, 100, 514.86
2026/10/09 00:56:16.329, 0, 80666, 97871, 100, 506.58
2026/10/09 00:56:16.329, 1, 80672, 97871, 100, 526.14
2026/10/09 00:56:16.329, 2, 82374, 97871, 99, 499.45
2026/10/09 00:56:16.329, 3, 82705, 97871, 100, 517.35
2026/10/09 00:56:17.329, 0, 80666, 97871, 100, 507.37
2026/10/09 00:56:17.330, 1, 80672, 97871, 100, 522.85
2026/10/09 00:56:17.330, 2, 82374, 97871, 100, 506.27
2026/10/09 00:56:17.330, 3, 82705, 97871, 100, 515.61
2026/10/09 00:56:18.330, 0, 80666, 97871, 100, 504.44
2026/10/09 00:56:18.330, 1, 80672, 97871, 100, 522.91
2026/10/09 00:56:18.330, 2, 82374, 97871, 100, 465.87
2026/10/09 00:56:18.330, 3, 82705, 97871, 100, 511.71
2026/10/09 00:56:19.330, 0, 80666, 97871, 100, 512.76
2026/10/09 00:56:19.330, 1, 80672, 97871, 100, 523.16
2026/10/09 00:56:19.330, 2, 82374, 97871, 100, 546.01
2026/10/09 00:56:19.330, 3, 82705, 97871, 100, 512.68
2026/10/09 00:56:20.330, 0, 80666, 97871, 100, 514.58
2026/10/09 00:56:20.330, 1, 80672, 97871, 100, 521.20
2026/10/09 00:56:20.330, 2, 82374, 97871, 100, 544.53
2026/10/09 00:56:20.330, 3, 82705, 97871, 100, 518.47
2026/10/09 00:56:21.331, 0, 80666, 97871, 100, 456.10
2026/10/09 00:56:21.331, 1, 80672, 97871, 100, 523.69
2026/10/09 00:56:21.331, 2, 82374, 97871, 100, 544.50
2026/10/09 00:56:21.331, 3, 82705, 97871, 100, 520.47
2026/10/09 00:56:22.331, 0, 80666, 97871, 100, 412.99
2026/10/09 00:56:22.331, 1, 80672, 97871, 100, 525.41
2026/10/09 00:56:22.331, 2, 82374, 97871, 100, 547.59
2026/10/09 00:56:22.331, 3, 82705, 97871, 100, 517.23
2026/10/09 00:56:23.331, 0, 80666, 97871, 100, 523.14
2026/10/09 00:56:23.331, 1, 80672, 97871, 100, 520.75
2026/10/09 00:56:23.331, 2, 82374, 97871, 100, 547.98
2026/10/09 00:56:23.331, 3, 82705, 97871, 100, 519.51
2026/10/09 00:56:24.331, 0, 80666, 97871, 100, 526.78
2026/10/09 00:56:24.331, 1, 80672, 97871, 100, 524.39
2026/10/09 00:56:24.331, 2, 82374, 97871, 100, 547.47
2026/10/09 00:56:24.331, 3, 82705, 97871, 100, 521.04
2026/10/09 00:56:25.331, 0, 80666, 97871, 100, 521.07
2026/10/09 00:56:25.332, 1, 80672, 97871, 100, 521.58
2026/10/09 00:56:25.332, 2, 82374, 97871, 100, 545.58
2026/10/09 00:56:25.332, 3, 82705, 97871, 100, 513.80
2026/10/09 00:56:26.332, 0, 80666, 97871, 100, 522.06
2026/10/09 00:56:26.332, 1, 80672, 97871, 100, 523.95
2026/10/09 00:56:26.332, 2, 82374, 97871, 100, 546.95
2026/10/09 00:56:26.332, 3, 82705, 97871, 100, 521.69
2026/10/09 00:56:27.332, 0, 80666, 97871, 100, 520.80
2026/10/09 00:56:27.332, 1, 80672, 97871, 100, 533.86
2026/10/09 00:56:27.332, 2, 82374, 97871, 100, 549.41
2026/10/09 00:56:27.332, 3, 82705, 97871, 100, 516.79
2026/10/09 00:56:28.332, 0, 80666, 97871, 100, 522.29
2026/10/09 00:56:28.332, 1, 80672, 97871, 100, 501.79
2026/10/09 00:56:28.332, 2, 82374, 97871, 100, 542.47
2026/10/09 00:56:28.332, 3, 82705, 97871, 100, 521.26
2026/10/09 00:56:29.332, 0, 80666, 97871, 92, 519.16
2026/10/09 00:56:29.332, 1, 80672, 97871, 96, 446.98
2026/10/09 00:56:29.332, 2, 82374, 97871, 100, 520.30
2026/10/09 00:56:29.332, 3, 82705, 97871, 100, 519.26
2026/10/09 00:56:30.333, 0, 80666, 97871, 100, 519.52
2026/10/09 00:56:30.333, 1, 80672, 97871, 100, 502.87
2026/10/09 00:56:30.333, 2, 82374, 97871, 100, 518.43
2026/10/09 00:56:30.333, 3, 82705, 97871, 100, 516.13
2026/10/09 00:56:31.333, 0, 80666, 97871, 100, 526.37
2026/10/09 00:56:31.333, 1, 80672, 97871, 100, 532.83
2026/10/09 00:56:31.333, 2, 82374, 97871, 100, 529.34
2026/10/09 00:56:31.333, 3, 82705, 97871, 100, 515.96
2026/10/09 00:56:32.333, 0, 80666, 97871, 100, 518.31
2026/10/09 00:56:32.333, 1, 80672, 97871, 100, 533.63
2026/10/09 00:56:32.333, 2, 82374, 97871, 100, 536.56
2026/10/09 00:56:32.333, 3, 82705, 97871, 100, 517.75
2026/10/09 00:56:33.333, 0, 80666, 97871, 100, 515.96
2026/10/09 00:56:33.333, 1, 80672, 97871, 100, 535.54
2026/10/09 00:56:33.333, 2, 82374, 97871, 100, 536.77
2026/10/09 00:56:33.333, 3, 82705, 97871, 100, 518.10
2026/10/09 00:56:34.333, 0, 80666, 97871, 100, 520.32
2026/10/09 00:56:34.333, 1, 80672, 97871, 100, 534.36
2026/10/09 00:56:34.333, 2, 82374, 97871, 100, 531.01
2026/10/09 00:56:34.334, 3, 82705, 97871, 100, 515.80
2026/10/09 00:56:35.334, 0, 80666, 97871, 100, 518.59
2026/10/09 00:56:35.334, 1, 80671, 97871, 100, 532.11
2026/10/09 00:56:35.334, 2, 82374, 97871, 100, 534.01
2026/10/09 00:56:35.334, 3, 82704, 97871, 100, 518.12
2026/10/09 00:56:36.334, 0, 80665, 97871, 100, 509.63
2026/10/09 00:56:36.334, 1, 80671, 97871, 100, 535.19
2026/10/09 00:56:36.334, 2, 82374, 97871, 100, 529.15
2026/10/09 00:56:36.334, 3, 82704, 97871, 100, 515.86
2026/10/09 00:56:37.334, 0, 80665, 97871, 100, 499.52
2026/10/09 00:56:37.334, 1, 80671, 97871, 100, 529.97
2026/10/09 00:56:37.334, 2, 82374, 97871, 100, 527.95
2026/10/09 00:56:37.334, 3, 82704, 97871, 100, 519.50
2026/10/09 00:56:38.334, 0, 80665, 97871, 100, 442.80
2026/10/09 00:56:38.334, 1, 80671, 97871, 100, 531.73
2026/10/09 00:56:38.334, 2, 82374, 97871, 100, 529.19
2026/10/09 00:56:38.334, 3, 82704, 97871, 100, 516.35
2026/10/09 00:56:39.334, 0, 80665, 97871, 100, 529.27
2026/10/09 00:56:39.334, 1, 80671, 97871, 100, 533.15
2026/10/09 00:56:39.334, 2, 82374, 97871, 100, 530.38
2026/10/09 00:56:39.335, 3, 82704, 97871, 100, 514.39
2026/10/09 00:56:40.335, 0, 80665, 97871, 100, 525.51
2026/10/09 00:56:40.335, 1, 80671, 97871, 100, 534.18
2026/10/09 00:56:40.335, 2, 82374, 97871, 100, 532.67
2026/10/09 00:56:40.335, 3, 82704, 97871, 100, 514.33
2026/10/09 00:56:41.335, 0, 80665, 97871, 100, 523.18
2026/10/09 00:56:41.335, 1, 80671, 97871, 100, 534.66
2026/10/09 00:56:41.335, 2, 82374, 97871, 100, 538.07
2026/10/09 00:56:41.335, 3, 82704, 97871, 100, 521.35
2026/10/09 00:56:42.335, 0, 80665, 97871, 100, 521.78
2026/10/09 00:56:42.335, 1, 80671, 97871, 100, 534.21
2026/10/09 00:56:42.335, 2, 82374, 97871, 100, 533.32
2026/10/09 00:56:42.335, 3, 82704, 97871, 100, 518.36
2026/10/09 00:56:43.335, 0, 80665, 97871, 100, 523.83
2026/10/09 00:56:43.335, 1, 80671, 97871, 100, 529.86
2026/10/09 00:56:43.335, 2, 82374, 97871, 100, 537.98
2026/10/09 00:56:43.335, 3, 82704, 97871, 100, 519.43
2026/10/09 00:56:44.335, 0, 80665, 97871, 100, 523.35
2026/10/09 00:56:44.335, 1, 80671, 97871, 100, 525.91
2026/10/09 00:56:44.335, 2, 82373, 97871, 100, 535.30
2026/10/09 00:56:44.335, 3, 82704, 97871, 100, 519.24
2026/10/09 00:56:45.336, 0, 80665, 97871, 100, 521.42
2026/10/09 00:56:45.336, 1, 80671, 97871, 99, 497.29
2026/10/09 00:56:45.336, 2, 82373, 97871, 100, 534.34
2026/10/09 00:56:45.336, 3, 82704, 97871, 100, 519.45
2026/10/09 00:56:46.336, 0, 80665, 97871, 100, 516.20
2026/10/09 00:56:46.336, 1, 80671, 97871, 100, 494.60
2026/10/09 00:56:46.336, 2, 82373, 97871, 100, 531.80
2026/10/09 00:56:46.336, 3, 82704, 97871, 100, 505.94
2026/10/09 00:56:47.336, 0, 80665, 97871, 100, 520.86
2026/10/09 00:56:47.336, 1, 80671, 97871, 100, 533.22
2026/10/09 00:56:47.336, 2, 82373, 97871, 100, 533.97
2026/10/09 00:56:47.336, 3, 82704, 97871, 100, 506.96
2026/10/09 00:56:48.336, 0, 80665, 97871, 100, 517.47
2026/10/09 00:56:48.336, 1, 80671, 97871, 100, 534.23
2026/10/09 00:56:48.336, 2, 82373, 97871, 100, 532.08
2026/10/09 00:56:48.336, 3, 82704, 97871, 100, 506.42
2026/10/09 00:56:49.336, 0, 80665, 97871, 100, 521.77
2026/10/09 00:56:49.337, 1, 80671, 97871, 100, 535.56
2026/10/09 00:56:49.337, 2, 82373, 97871, 100, 530.49
2026/10/09 00:56:49.337, 3, 82704, 97871, 100, 506.32
2026/10/09 00:56:50.337, 0, 80665, 97871, 100, 518.52
2026/10/09 00:56:50.337, 1, 80671, 97871, 100, 533.63
2026/10/09 00:56:50.337, 2, 82373, 97871, 100, 532.62
2026/10/09 00:56:50.337, 3, 82704, 97871, 0, 441.03
2026/10/09 00:56:51.337, 0, 80665, 97871, 100, 513.24
2026/10/09 00:56:51.337, 1, 80671, 97871, 100, 534.05
2026/10/09 00:56:51.337, 2, 82373, 97871, 100, 527.21
2026/10/09 00:56:51.337, 3, 82704, 97871, 100, 507.85
2026/10/09 00:56:52.337, 0, 80665, 97871, 100, 512.22
2026/10/09 00:56:52.337, 1, 80671, 97871, 100, 532.84
2026/10/09 00:56:52.337, 2, 82373, 97871, 100, 521.42
2026/10/09 00:56:52.337, 3, 82704, 97871, 100, 523.63
2026/10/09 00:56:53.337, 0, 80665, 97871, 100, 514.99
2026/10/09 00:56:53.337, 1, 80671, 97871, 100, 532.79
2026/10/09 00:56:53.337, 2, 82373, 97871, 100, 524.43
2026/10/09 00:56:53.337, 3, 82704, 97871, 100, 525.02
2026/10/09 00:56:54.337, 0, 80665, 97871, 100, 517.43
2026/10/09 00:56:54.337, 1, 80671, 97871, 100, 531.45
2026/10/09 00:56:54.338, 2, 82373, 97871, 100, 534.27
2026/10/09 00:56:54.338, 3, 82704, 97871, 100, 523.85
2026/10/09 00:56:55.338, 0, 80665, 97871, 100, 516.02
2026/10/09 00:56:55.338, 1, 80671, 97871, 100, 535.13
2026/10/09 00:56:55.338, 2, 82373, 97871, 100, 536.88
2026/10/09 00:56:55.338, 3, 82704, 97871, 100, 525.98
2026/10/09 00:56:56.338, 0, 80665, 97871, 100, 514.08
2026/10/09 00:56:56.338, 1, 80671, 97871, 100, 538.54
2026/10/09 00:56:56.338, 2, 82373, 97871, 100, 536.68
2026/10/09 00:56:56.338, 3, 82704, 97871, 100, 524.41
2026/10/09 00:56:57.338, 0, 80665, 97871, 100, 517.57
2026/10/09 00:56:57.338, 1, 80671, 97871, 100, 535.83
2026/10/09 00:56:57.338, 2, 82373, 97871, 100, 530.79
2026/10/09 00:56:57.338, 3, 82704, 97871, 100, 523.28
2026/10/09 00:56:58.338, 0, 80665, 97871, 100, 513.24
2026/10/09 00:56:58.338, 1, 80671, 97871, 100, 532.23
2026/10/09 00:56:58.338, 2, 82373, 97871, 100, 537.38
2026/10/09 00:56:58.338, 3, 82704, 97871, 100, 525.62
2026/10/09 00:56:59.339, 0, 80665, 97871, 100, 517.35
2026/10/09 00:56:59.339, 1, 80671, 97871, 100, 530.22
2026/10/09 00:56:59.339, 2, 82373, 97871, 100, 540.54
2026/10/09 00:56:59.339, 3, 82704, 97871, 100, 525.80
2026/10/09 00:57:00.339, 0, 80665, 97871, 100, 514.02
2026/10/09 00:57:00.339, 1, 80671, 97871, 100, 529.33
2026/10/09 00:57:00.339, 2, 82373, 97871, 100, 532.83
2026/10/09 00:57:00.339, 3, 82704, 97871, 100, 525.61
2026/10/09 00:57:01.339, 0, 80665, 97871, 100, 518.51
2026/10/09 00:57:01.339, 1, 80671, 97871, 100, 530.54
2026/10/09 00:57:01.339, 2, 82373, 97871, 100, 534.76
2026/10/09 00:57:01.339, 3, 82704, 97871, 100, 522.64
2026/10/09 00:57:02.339, 0, 80665, 97871, 100, 515.34
2026/10/09 00:57:02.339, 1, 80671, 97871, 100, 526.09
2026/10/09 00:57:02.339, 2, 82373, 97871, 100, 532.08
2026/10/09 00:57:02.339, 3, 82704, 97871, 100, 510.60
2026/10/09 00:57:03.339, 0, 80665, 97871, 100, 519.53
2026/10/09 00:57:03.339, 1, 80671, 97871, 100, 531.21
2026/10/09 00:57:03.339, 2, 82373, 97871, 100, 533.73
2026/10/09 00:57:03.339, 3, 82704, 97871, 100, 515.67
2026/10/09 00:57:04.340, 0, 80665, 97871, 100, 512.43
2026/10/09 00:57:04.340, 1, 80671, 97871, 100, 529.16
2026/10/09 00:57:04.340, 2, 82373, 97871, 100, 530.81
2026/10/09 00:57:04.340, 3, 82704, 97871, 100, 522.28
2026/10/09 00:57:05.340, 0, 80665, 97871, 100, 511.07
2026/10/09 00:57:05.340, 1, 80671, 97871, 100, 529.70
2026/10/09 00:57:05.340, 2, 82373, 97871, 100, 533.22
2026/10/09 00:57:05.340, 3, 82704, 97871, 100, 515.64
2026/10/09 00:57:06.340, 0, 80665, 97871, 100, 513.09
2026/10/09 00:57:06.340, 1, 80671, 97871, 100, 526.74
2026/10/09 00:57:06.340, 2, 82373, 97871, 100, 525.86
2026/10/09 00:57:06.340, 3, 82704, 97871, 100, 515.99
2026/10/09 00:57:07.340, 0, 80665, 97871, 100, 509.05
2026/10/09 00:57:07.340, 1, 80671, 97871, 100, 527.92
2026/10/09 00:57:07.340, 2, 82373, 97871, 100, 525.47
2026/10/09 00:57:07.340, 3, 82704, 97871, 100, 520.47
2026/10/09 00:57:08.340, 0, 80665, 97871, 100, 515.02
2026/10/09 00:57:08.340, 1, 80671, 97871, 100, 525.84
2026/10/09 00:57:08.340, 2, 82373, 97871, 100, 530.71
2026/10/09 00:57:08.340, 3, 82704, 97871, 100, 513.47
2026/10/09 00:57:09.340, 0, 80665, 97871, 100, 514.55
2026/10/09 00:57:09.340, 1, 80671, 97871, 100, 525.61
2026/10/09 00:57:09.340, 2, 82373, 97871, 100, 538.84
2026/10/09 00:57:09.340, 3, 82704, 97871, 100, 515.62
2026/10/09 00:57:10.340, 0, 80665, 97871, 100, 511.86
2026/10/09 00:57:10.341, 1, 80671, 97871, 100, 527.33
2026/10/09 00:57:10.341, 2, 82373, 97871, 100, 530.85
2026/10/09 00:57:10.341, 3, 82704, 97871, 100, 514.34
2026/10/09 00:57:11.341, 0, 80665, 97871, 100, 509.95
2026/10/09 00:57:11.341, 1, 80671, 97871, 100, 529.61
2026/10/09 00:57:11.341, 2, 82373, 97871, 100, 537.70
2026/10/09 00:57:11.341, 3, 82704, 97871, 100, 517.78
2026/10/09 00:57:12.341, 0, 80665, 97871, 100, 510.38
2026/10/09 00:57:12.341, 1, 80671, 97871, 100, 528.03
2026/10/09 00:57:12.341, 2, 82373, 97871, 100, 531.43
2026/10/09 00:57:12.341, 3, 82704, 97871, 100, 519.21
2026/10/09 00:57:13.341, 0, 80665, 97871, 100, 508.69
2026/10/09 00:57:13.341, 1, 80671, 97871, 100, 525.81
2026/10/09 00:57:13.341, 2, 82373, 97871, 100, 537.01
2026/10/09 00:57:13.341, 3, 82704, 97871, 100, 518.24
2026/10/09 00:57:14.341, 0, 80665, 97871, 100, 514.09
2026/10/09 00:57:14.341, 1, 80671, 97871, 100, 526.21
2026/10/09 00:57:14.341, 2, 82373, 97871, 100, 534.26
2026/10/09 00:57:14.341, 3, 82704, 97871, 100, 522.76
2026/10/09 00:57:15.342, 0, 80665, 97871, 100, 513.14
2026/10/09 00:57:15.342, 1, 80671, 97871, 100, 525.31
2026/10/09 00:57:15.342, 2, 82373, 97871, 100, 533.67
2026/10/09 00:57:15.342, 3, 82704, 97871, 100, 520.37
2026/10/09 00:57:16.342, 0, 80665, 97871, 100, 510.91
2026/10/09 00:57:16.342, 1, 80671, 97871, 100, 527.34
2026/10/09 00:57:16.342, 2, 82373, 97871, 100, 532.06
2026/10/09 00:57:16.342, 3, 82704, 97871, 100, 520.21
2026/10/09 00:57:17.342, 0, 80665, 97871, 100, 511.63
2026/10/09 00:57:17.342, 1, 80671, 97871, 100, 527.79
2026/10/09 00:57:17.342, 2, 82373, 97871, 100, 530.96
2026/10/09 00:57:17.342, 3, 82704, 97871, 100, 518.48
2026/10/09 00:57:18.342, 0, 80665, 97871, 100, 512.48
2026/10/09 00:57:18.342, 1, 80671, 97871, 100, 526.53
2026/10/09 00:57:18.342, 2, 82373, 97871, 100, 509.94
2026/10/09 00:57:18.342, 3, 82704, 97871, 100, 518.66
2026/10/09 00:57:19.343, 0, 80665, 97871, 100, 511.57
2026/10/09 00:57:19.343, 1, 80671, 97871, 100, 526.00
2026/10/09 00:57:19.343, 2, 82373, 97871, 100, 501.54
2026/10/09 00:57:19.343, 3, 82704, 97871, 100, 515.27
2026/10/09 00:57:20.343, 0, 80665, 97871, 100, 512.57
2026/10/09 00:57:20.343, 1, 80671, 97871, 100, 527.39
2026/10/09 00:57:20.343, 2, 82373, 97871, 100, 502.60
2026/10/09 00:57:20.343, 3, 82704, 97871, 100, 504.90
2026/10/09 00:57:21.343, 0, 80665, 97871, 100, 512.43
2026/10/09 00:57:21.343, 1, 80671, 97871, 100, 524.89
2026/10/09 00:57:21.343, 2, 82373, 97871, 100, 507.67
2026/10/09 00:57:21.343, 3, 82704, 97871, 100, 506.08
2026/10/09 00:57:22.343, 0, 80665, 97871, 100, 515.94
2026/10/09 00:57:22.343, 1, 80671, 97871, 100, 524.16
2026/10/09 00:57:22.344, 2, 82373, 97871, 99, 400.54
2026/10/09 00:57:22.344, 3, 82704, 97871, 100, 505.06
2026/10/09 00:57:23.344, 0, 80665, 97871, 100, 514.78
2026/10/09 00:57:23.344, 1, 80671, 97871, 100, 526.24
2026/10/09 00:57:23.344, 2, 82373, 97871, 100, 479.91
2026/10/09 00:57:23.344, 3, 82704, 97871, 100, 502.87
2026/10/09 00:57:24.344, 0, 80665, 97871, 100, 515.30
2026/10/09 00:57:24.344, 1, 80671, 97871, 100, 526.67
2026/10/09 00:57:24.344, 2, 82373, 97871, 100, 548.88
2026/10/09 00:57:24.344, 3, 82704, 97871, 100, 468.46
2026/10/09 00:57:25.344, 0, 80665, 97871, 100, 512.24
2026/10/09 00:57:25.344, 1, 80671, 97871, 100, 522.50
2026/10/09 00:57:25.344, 2, 82373, 97871, 100, 546.75
2026/10/09 00:57:25.344, 3, 82704, 97871, 100, 528.16
2026/10/09 00:57:26.344, 0, 80665, 97871, 100, 516.42
2026/10/09 00:57:26.345, 1, 80671, 97871, 100, 528.39
2026/10/09 00:57:26.345, 2, 82373, 97871, 100, 548.38
2026/10/09 00:57:26.345, 3, 82704, 97871, 100, 523.55
2026/10/09 00:57:27.345, 0, 80665, 97871, 100, 513.70
2026/10/09 00:57:27.345, 1, 80671, 97871, 100, 523.87
2026/10/09 00:57:27.345, 2, 82373, 97871, 100, 547.79
2026/10/09 00:57:27.345, 3, 82704, 97871, 100, 529.12
2026/10/09 00:57:28.345, 0, 80665, 97871, 100, 517.01
2026/10/09 00:57:28.345, 1, 80671, 97871, 100, 529.00
2026/10/09 00:57:28.345, 2, 82373, 97871, 100, 544.07
2026/10/09 00:57:28.345, 3, 82704, 97871, 100, 524.85
2026/10/09 00:57:29.345, 0, 80665, 97871, 100, 514.98
2026/10/09 00:57:29.345, 1, 80671, 97871, 100, 526.98
2026/10/09 00:57:29.345, 2, 82373, 97871, 100, 543.02
2026/10/09 00:57:29.345, 3, 82704, 97871, 100, 522.50
2026/10/09 00:57:30.346, 0, 80665, 97871, 100, 517.59
2026/10/09 00:57:30.346, 1, 80671, 97871, 100, 525.34
2026/10/09 00:57:30.346, 2, 82373, 97871, 100, 546.99
2026/10/09 00:57:30.346, 3, 82704, 97871, 100, 524.58
2026/10/09 00:57:31.346, 0, 80665, 97871, 100, 514.82
2026/10/09 00:57:31.346, 1, 80671, 97871, 100, 528.83
2026/10/09 00:57:31.346, 2, 82373, 97871, 100, 542.97
2026/10/09 00:57:31.346, 3, 82704, 97871, 100, 531.22
2026/10/09 00:57:32.346, 0, 80665, 97871, 100, 515.59
2026/10/09 00:57:32.346, 1, 80671, 97871, 100, 530.25
2026/10/09 00:57:32.346, 2, 82373, 97871, 100, 542.35
2026/10/09 00:57:32.346, 3, 82704, 97871, 100, 524.54
2026/10/09 00:57:33.346, 0, 80665, 97871, 100, 516.99
2026/10/09 00:57:33.346, 1, 80671, 97871, 100, 526.64
2026/10/09 00:57:33.346, 2, 82373, 97871, 100, 547.42
2026/10/09 00:57:33.346, 3, 82704, 97871, 100, 524.99
2026/10/09 00:57:34.346, 0, 80665, 97871, 100, 512.20
2026/10/09 00:57:34.347, 1, 80671, 97871, 100, 524.66
2026/10/09 00:57:34.347, 2, 82373, 97871, 100, 543.83
2026/10/09 00:57:34.347, 3, 82704, 97871, 100, 524.05
2026/10/09 00:57:35.347, 0, 80665, 97871, 100, 512.74
2026/10/09 00:57:35.347, 1, 80671, 97871, 100, 525.62
2026/10/09 00:57:35.347, 2, 82373, 97871, 100, 540.03
2026/10/09 00:57:35.347, 3, 82704, 97871, 100, 515.61
2026/10/09 00:57:36.347, 0, 80665, 97871, 100, 511.17
2026/10/09 00:57:36.347, 1, 80671, 97871, 100, 526.86
2026/10/09 00:57:36.347, 2, 82373, 97871, 100, 518.16
2026/10/09 00:57:36.347, 3, 82704, 97871, 100, 509.13
2026/10/09 00:57:37.347, 0, 80665, 97871, 100, 499.94
2026/10/09 00:57:37.347, 1, 80671, 97871, 100, 524.57
2026/10/09 00:57:37.347, 2, 82373, 97871, 100, 525.12
2026/10/09 00:57:37.347, 3, 82704, 97871, 100, 517.15
2026/10/09 00:57:38.347, 0, 80665, 97871, 100, 449.64
2026/10/09 00:57:38.348, 1, 80671, 97871, 100, 527.26
2026/10/09 00:57:38.348, 2, 82373, 97871, 100, 531.00
2026/10/09 00:57:38.348, 3, 82704, 97871, 100, 518.19
2026/10/09 00:57:39.348, 0, 80665, 97871, 100, 440.62
2026/10/09 00:57:39.348, 1, 80671, 97871, 100, 529.53
2026/10/09 00:57:39.348, 2, 82373, 97871, 100, 536.54
2026/10/09 00:57:39.348, 3, 82704, 97871, 100, 521.87
2026/10/09 00:57:40.348, 0, 80665, 97871, 100, 527.71
2026/10/09 00:57:40.348, 1, 80671, 97871, 100, 527.96
2026/10/09 00:57:40.348, 2, 82373, 97871, 100, 532.23
2026/10/09 00:57:40.348, 3, 82704, 97871, 100, 518.19
2026/10/09 00:57:41.348, 0, 80665, 97871, 100, 525.02
2026/10/09 00:57:41.348, 1, 80671, 97871, 100, 525.28
2026/10/09 00:57:41.348, 2, 82373, 97871, 100, 537.94
2026/10/09 00:57:41.348, 3, 82704, 97871, 100, 521.27
2026/10/09 00:57:42.348, 0, 80665, 97871, 100, 524.89
2026/10/09 00:57:42.349, 1, 80671, 97871, 100, 529.12
2026/10/09 00:57:42.349, 2, 82373, 97871, 100, 537.88
2026/10/09 00:57:42.349, 3, 82704, 97871, 100, 519.52
2026/10/09 00:57:43.349, 0, 80665, 97871, 100, 520.50
2026/10/09 00:57:43.349, 1, 80671, 97871, 100, 527.12
2026/10/09 00:57:43.349, 2, 82373, 97871, 100, 534.06
2026/10/09 00:57:43.349, 3, 82704, 97871, 100, 511.19
2026/10/09 00:57:44.349, 0, 80665, 97871, 100, 522.52
2026/10/09 00:57:44.349, 1, 80671, 97871, 100, 523.43
2026/10/09 00:57:44.349, 2, 82373, 97871, 100, 537.84
2026/10/09 00:57:44.349, 3, 82704, 97871, 100, 516.93
2026/10/09 00:57:45.349, 0, 80665, 97871, 100, 522.58
2026/10/09 00:57:45.349, 1, 80671, 97871, 100, 525.46
2026/10/09 00:57:45.349, 2, 82373, 97871, 100, 531.89
2026/10/09 00:57:45.349, 3, 82704, 97871, 100, 520.21
2026/10/09 00:57:46.349, 0, 80665, 97871, 100, 526.44
2026/10/09 00:57:46.349, 1, 80671, 97871, 99, 473.65
2026/10/09 00:57:46.349, 2, 82373, 97871, 100, 531.57
2026/10/09 00:57:46.350, 3, 82704, 97871, 100, 516.63
2026/10/09 00:57:47.350, 0, 80665, 97871, 100, 526.73
2026/10/09 00:57:47.350, 1, 80671, 97871, 100, 404.12
2026/10/09 00:57:47.350, 2, 82373, 97871, 100, 530.60
2026/10/09 00:57:47.350, 3, 82704, 97871, 100, 518.25
2026/10/09 00:57:48.350, 0, 80665, 97871, 100, 518.39
2026/10/09 00:57:48.350, 1, 80671, 97871, 100, 536.44
2026/10/09 00:57:48.350, 2, 82373, 97871, 100, 536.13
2026/10/09 00:57:48.350, 3, 82704, 97871, 100, 519.74
2026/10/09 00:57:49.350, 0, 80665, 97871, 100, 521.56
2026/10/09 00:57:49.350, 1, 80671, 97871, 100, 535.54
2026/10/09 00:57:49.350, 2, 82373, 97871, 100, 531.47
2026/10/09 00:57:49.350, 3, 82704, 97871, 100, 519.44
2026/10/09 00:57:50.350, 0, 80665, 97871, 100, 521.31
2026/10/09 00:57:50.350, 1, 80671, 97871, 100, 535.92
2026/10/09 00:57:50.351, 2, 82373, 97871, 100, 526.97
2026/10/09 00:57:50.351, 3, 82704, 97871, 100, 519.77
2026/10/09 00:57:51.351, 0, 80665, 97871, 100, 522.88
2026/10/09 00:57:51.351, 1, 80671, 97871, 100, 534.72
2026/10/09 00:57:51.351, 2, 82373, 97871, 100, 513.30
2026/10/09 00:57:51.351, 3, 82704, 97871, 100, 519.36
2026/10/09 00:57:52.351, 0, 80665, 97871, 100, 519.31
2026/10/09 00:57:52.351, 1, 80671, 97871, 100, 532.90
2026/10/09 00:57:52.351, 2, 82373, 97871, 100, 509.24
2026/10/09 00:57:52.351, 3, 82704, 97871, 100, 520.13
2026/10/09 00:57:53.351, 0, 80665, 97871, 100, 522.41
2026/10/09 00:57:53.351, 1, 80671, 97871, 100, 532.01
2026/10/09 00:57:53.351, 2, 82373, 97871, 100, 501.93
2026/10/09 00:57:53.351, 3, 82704, 97871, 100, 520.15
2026/10/09 00:57:54.351, 0, 80665, 97871, 100, 518.24
2026/10/09 00:57:54.351, 1, 80671, 97871, 100, 530.16
2026/10/09 00:57:54.351, 2, 82373, 97871, 100, 515.77
2026/10/09 00:57:54.351, 3, 82704, 97871, 100, 519.55
2026/10/09 00:57:55.352, 0, 80665, 97871, 100, 517.73
2026/10/09 00:57:55.352, 1, 80671, 97871, 100, 529.88
2026/10/09 00:57:55.352, 2, 82373, 97871, 100, 445.91
2026/10/09 00:57:55.352, 3, 82704, 97871, 100, 518.04
2026/10/09 00:57:56.352, 0, 80665, 97871, 100, 517.23
2026/10/09 00:57:56.352, 1, 80671, 97871, 100, 531.12
2026/10/09 00:57:56.352, 2, 82373, 97871, 100, 548.83
2026/10/09 00:57:56.352, 3, 82704, 97871, 100, 514.30
2026/10/09 00:57:57.352, 0, 80665, 97871, 100, 514.62
2026/10/09 00:57:57.352, 1, 80671, 97871, 100, 531.38
2026/10/09 00:57:57.352, 2, 82373, 97871, 100, 547.57
2026/10/09 00:57:57.352, 3, 82704, 97871, 100, 517.39
2026/10/09 00:57:58.352, 0, 80665, 97871, 100, 517.69
2026/10/09 00:57:58.352, 1, 80671, 97871, 100, 532.69
2026/10/09 00:57:58.352, 2, 82373, 97871, 100, 544.68
2026/10/09 00:57:58.352, 3, 82704, 97871, 100, 516.49
2026/10/09 00:57:59.352, 0, 80665, 97871, 100, 521.48
2026/10/09 00:57:59.353, 1, 80671, 97871, 100, 531.35
2026/10/09 00:57:59.353, 2, 82373, 97871, 100, 546.27
2026/10/09 00:57:59.353, 3, 82704, 97871, 100, 515.92
2026/10/09 00:58:00.353, 0, 80665, 97871, 100, 516.20
2026/10/09 00:58:00.353, 1, 80671, 97871, 100, 534.88
2026/10/09 00:58:00.353, 2, 82373, 97871, 100, 545.83
2026/10/09 00:58:00.353, 3, 82704, 97871, 100, 518.83
2026/10/09 00:58:01.353, 0, 80665, 97871, 100, 513.87
2026/10/09 00:58:01.353, 1, 80671, 97871, 100, 533.97
2026/10/09 00:58:01.353, 2, 82373, 97871, 100, 545.68
2026/10/09 00:58:01.353, 3, 82704, 97871, 100, 520.50
2026/10/09 00:58:02.353, 0, 80665, 97871, 100, 513.50
2026/10/09 00:58:02.353, 1, 80671, 97871, 100, 533.42
2026/10/09 00:58:02.353, 2, 82373, 97871, 100, 544.90
2026/10/09 00:58:02.353, 3, 82704, 97871, 100, 519.77
2026/10/09 00:58:03.353, 0, 80665, 97871, 100, 513.31
2026/10/09 00:58:03.353, 1, 80671, 97871, 100, 530.94
2026/10/09 00:58:03.353, 2, 82373, 97871, 100, 549.20
2026/10/09 00:58:03.353, 3, 82704, 97871, 100, 516.88
2026/10/09 00:58:04.354, 0, 80665, 97871, 100, 515.34
2026/10/09 00:58:04.354, 1, 80671, 97871, 100, 527.90
2026/10/09 00:58:04.354, 2, 82373, 97871, 100, 542.05
2026/10/09 00:58:04.354, 3, 82704, 97871, 100, 520.25
2026/10/09 00:58:05.354, 0, 80665, 97871, 100, 516.96
2026/10/09 00:58:05.354, 1, 80671, 97871, 100, 525.95
2026/10/09 00:58:05.354, 2, 82373, 97871, 100, 545.38
2026/10/09 00:58:05.354, 3, 82704, 97871, 100, 517.40
2026/10/09 00:58:06.354, 0, 80665, 97871, 100, 515.12
2026/10/09 00:58:06.354, 1, 80671, 97871, 100, 528.92
2026/10/09 00:58:06.354, 2, 82373, 97871, 100, 544.45
2026/10/09 00:58:06.354, 3, 82704, 97871, 100, 519.87
2026/10/09 00:58:07.354, 0, 80665, 97871, 100, 512.87
2026/10/09 00:58:07.354, 1, 80671, 97871, 100, 529.04
2026/10/09 00:58:07.354, 2, 82373, 97871, 100, 546.53
2026/10/09 00:58:07.354, 3, 82704, 97871, 100, 516.55
2026/10/09 00:58:08.354, 0, 80665, 97871, 100, 508.89
2026/10/09 00:58:08.355, 1, 80671, 97871, 100, 524.45
2026/10/09 00:58:08.355, 2, 82373, 97871, 100, 525.88
2026/10/09 00:58:08.355, 3, 82704, 97871, 100, 522.78
2026/10/09 00:58:09.355, 0, 80665, 97871, 100, 461.03
2026/10/09 00:58:09.355, 1, 80671, 97871, 100, 527.45
2026/10/09 00:58:09.355, 2, 82373, 97871, 100, 519.39
2026/10/09 00:58:09.355, 3, 82704, 97871, 100, 520.60
2026/10/09 00:58:10.355, 0, 80665, 97871, 100, 478.49
2026/10/09 00:58:10.355, 1, 80671, 97871, 100, 527.41
2026/10/09 00:58:10.355, 2, 82373, 97871, 100, 527.92
2026/10/09 00:58:10.355, 3, 82704, 97871, 100, 517.94
2026/10/09 00:58:11.355, 0, 80665, 97871, 100, 524.52
2026/10/09 00:58:11.355, 1, 80671, 97871, 100, 530.88
2026/10/09 00:58:11.355, 2, 82373, 97871, 100, 534.13
2026/10/09 00:58:11.355, 3, 82704, 97871, 100, 517.08
2026/10/09 00:58:12.355, 0, 80665, 97871, 100, 524.26
2026/10/09 00:58:12.356, 1, 80671, 97871, 100, 527.22
2026/10/09 00:58:12.356, 2, 82373, 97871, 100, 534.73
2026/10/09 00:58:12.356, 3, 82704, 97871, 100, 514.81
2026/10/09 00:58:13.356, 0, 80665, 97871, 100, 524.33
2026/10/09 00:58:13.356, 1, 80671, 97871, 100, 532.93
2026/10/09 00:58:13.356, 2, 82373, 97871, 100, 534.65
2026/10/09 00:58:13.356, 3, 82704, 97871, 100, 514.59
2026/10/09 00:58:14.356, 0, 80665, 97871, 100, 524.11
2026/10/09 00:58:14.356, 1, 80671, 97871, 100, 533.99
2026/10/09 00:58:14.356, 2, 82373, 97871, 100, 542.56
2026/10/09 00:58:14.356, 3, 82704, 97871, 100, 518.49
2026/10/09 00:58:15.356, 0, 80665, 97871, 100, 524.19
2026/10/09 00:58:15.356, 1, 80671, 97871, 100, 528.18
2026/10/09 00:58:15.356, 2, 82373, 97871, 100, 537.86
2026/10/09 00:58:15.356, 3, 82704, 97871, 100, 515.33
2026/10/09 00:58:16.356, 0, 80665, 97871, 100, 525.42
2026/10/09 00:58:16.357, 1, 80671, 97871, 100, 523.80
2026/10/09 00:58:16.357, 2, 82373, 97871, 100, 529.03
2026/10/09 00:58:16.357, 3, 82704, 97871, 100, 512.14
2026/10/09 00:58:17.357, 0, 80665, 97871, 100, 523.95
2026/10/09 00:58:17.357, 1, 80671, 97871, 100, 518.87
2026/10/09 00:58:17.357, 2, 82373, 97871, 100, 537.33
2026/10/09 00:58:17.357, 3, 82704, 97871, 100, 517.54
2026/10/09 00:58:18.357, 0, 80665, 97871, 100, 525.35
2026/10/09 00:58:18.357, 1, 80671, 97871, 99, 481.04
2026/10/09 00:58:18.357, 2, 82373, 97871, 100, 532.46
2026/10/09 00:58:18.357, 3, 82704, 97871, 100, 520.47
2026/10/09 00:58:19.357, 0, 80665, 97871, 100, 522.00
2026/10/09 00:58:19.357, 1, 80671, 97871, 100, 496.29
2026/10/09 00:58:19.357, 2, 82373, 97871, 100, 528.96
2026/10/09 00:58:19.357, 3, 82704, 97871, 100, 517.16
2026/10/09 00:58:20.357, 0, 80665, 97871, 100, 523.81
2026/10/09 00:58:20.358, 1, 80671, 97871, 100, 532.10
2026/10/09 00:58:20.358, 2, 82373, 97871, 100, 539.89
2026/10/09 00:58:20.358, 3, 82704, 97871, 100, 517.33
2026/10/09 00:58:21.358, 0, 80665, 97871, 100, 524.12
2026/10/09 00:58:21.358, 1, 80671, 97871, 100, 532.63
2026/10/09 00:58:21.358, 2, 82373, 97871, 100, 532.66
2026/10/09 00:58:21.358, 3, 82704, 97871, 100, 521.19
2026/10/09 00:58:22.358, 0, 80665, 97871, 100, 523.48
2026/10/09 00:58:22.358, 1, 80671, 97871, 100, 530.73
2026/10/09 00:58:22.358, 2, 82373, 97871, 100, 535.23
2026/10/09 00:58:22.358, 3, 82704, 97871, 100, 524.89
2026/10/09 00:58:23.358, 0, 80665, 97871, 100, 520.84
2026/10/09 00:58:23.358, 1, 80671, 97871, 100, 533.24
2026/10/09 00:58:23.358, 2, 82373, 97871, 100, 540.00
2026/10/09 00:58:23.358, 3, 82704, 97871, 100, 517.09
2026/10/09 00:58:24.358, 0, 80665, 97871, 100, 515.51
2026/10/09 00:58:24.359, 1, 80671, 97871, 100, 533.55
2026/10/09 00:58:24.359, 2, 82373, 97871, 100, 539.73
2026/10/09 00:58:24.359, 3, 82704, 97871, 100, 514.44
2026/10/09 00:58:25.359, 0, 80665, 97871, 100, 518.42
2026/10/09 00:58:25.359, 1, 80671, 97871, 100, 533.37
2026/10/09 00:58:25.359, 2, 82373, 97871, 100, 536.05
2026/10/09 00:58:25.359, 3, 82704, 97871, 100, 522.22
2026/10/09 00:58:26.359, 0, 80665, 97871, 100, 511.72
2026/10/09 00:58:26.359, 1, 80671, 97871, 100, 533.41
2026/10/09 00:58:26.359, 2, 82373, 97871, 100, 537.16
2026/10/09 00:58:26.359, 3, 82704, 97871, 100, 518.56
2026/10/09 00:58:27.359, 0, 80665, 97871, 100, 514.45
2026/10/09 00:58:27.359, 1, 80671, 97871, 100, 533.14
2026/10/09 00:58:27.359, 2, 82373, 97871, 100, 533.48
2026/10/09 00:58:27.359, 3, 82704, 97871, 100, 518.83
2026/10/09 00:58:28.360, 0, 80665, 97871, 100, 516.86
2026/10/09 00:58:28.360, 1, 80671, 97871, 100, 533.80
2026/10/09 00:58:28.360, 2, 82373, 97871, 100, 535.54
2026/10/09 00:58:28.360, 3, 82704, 97871, 100, 519.40
2026/10/09 00:58:29.360, 0, 80665, 97871, 100, 515.14
2026/10/09 00:58:29.360, 1, 80671, 97871, 100, 533.18
2026/10/09 00:58:29.360, 2, 82373, 97871, 100, 536.85
2026/10/09 00:58:29.360, 3, 82704, 97871, 100, 515.94
2026/10/09 00:58:30.360, 0, 80665, 97871, 100, 518.49
2026/10/09 00:58:30.360, 1, 80671, 97871, 100, 533.82
2026/10/09 00:58:30.360, 2, 82373, 97871, 100, 529.47
2026/10/09 00:58:30.360, 3, 82704, 97871, 100, 514.24
2026/10/09 00:58:31.360, 0, 80665, 97871, 100, 515.95
2026/10/09 00:58:31.360, 1, 80671, 97871, 100, 532.46
2026/10/09 00:58:31.360, 2, 82373, 97871, 100, 530.24
2026/10/09 00:58:31.360, 3, 82704, 97871, 100, 519.43
2026/10/09 00:58:32.361, 0, 80665, 97871, 100, 518.27
2026/10/09 00:58:32.361, 1, 80671, 97871, 100, 534.33
2026/10/09 00:58:32.361, 2, 82373, 97871, 100, 536.87
2026/10/09 00:58:32.361, 3, 82704, 97871, 100, 516.46
2026/10/09 00:58:33.361, 0, 80665, 97871, 100, 514.87
2026/10/09 00:58:33.361, 1, 80671, 97871, 100, 535.26
2026/10/09 00:58:33.361, 2, 82373, 97871, 100, 537.72
2026/10/09 00:58:33.361, 3, 82704, 97871, 100, 516.57
2026/10/09 00:58:34.361, 0, 80665, 97871, 100, 513.59
2026/10/09 00:58:34.361, 1, 80671, 97871, 100, 535.18
2026/10/09 00:58:34.361, 2, 82373, 97871, 100, 537.89
2026/10/09 00:58:34.361, 3, 82704, 97871, 100, 521.44
2026/10/09 00:58:35.361, 0, 80665, 97871, 100, 516.01
2026/10/09 00:58:35.362, 1, 80671, 97871, 100, 530.59
2026/10/09 00:58:35.362, 2, 82373, 97871, 100, 537.79
2026/10/09 00:58:35.362, 3, 82704, 97871, 100, 521.00
2026/10/09 00:58:36.362, 0, 80665, 97871, 100, 515.65
2026/10/09 00:58:36.362, 1, 80671, 97871, 100, 532.21
2026/10/09 00:58:36.362, 2, 82373, 97871, 100, 541.56
2026/10/09 00:58:36.362, 3, 82704, 97871, 100, 517.15
2026/10/09 00:58:37.362, 0, 80665, 97871, 100, 509.57
2026/10/09 00:58:37.362, 1, 80671, 97871, 100, 529.66
2026/10/09 00:58:37.362, 2, 82373, 97871, 100, 537.24
2026/10/09 00:58:37.362, 3, 82704, 97871, 100, 516.42
2026/10/09 00:58:38.362, 0, 80665, 97871, 100, 519.00
2026/10/09 00:58:38.362, 1, 80671, 97871, 100, 529.58
2026/10/09 00:58:38.362, 2, 82373, 97871, 100, 537.76
2026/10/09 00:58:38.362, 3, 82704, 97871, 100, 522.14
2026/10/09 00:58:39.363, 0, 80665, 97871, 100, 515.77
2026/10/09 00:58:39.363, 1, 80671, 97871, 100, 526.31
2026/10/09 00:58:39.363, 2, 82373, 97871, 100, 540.95
2026/10/09 00:58:39.363, 3, 82704, 97871, 100, 515.58
2026/10/09 00:58:40.363, 0, 80665, 97871, 100, 514.39
2026/10/09 00:58:40.363, 1, 80671, 97871, 100, 526.64
2026/10/09 00:58:40.363, 2, 82373, 97871, 100, 531.63
2026/10/09 00:58:40.363, 3, 82704, 97871, 100, 518.54
2026/10/09 00:58:41.363, 0, 80665, 97871, 100, 517.16
2026/10/09 00:58:41.363, 1, 80671, 97871, 100, 528.09
2026/10/09 00:58:41.363, 2, 82373, 97871, 100, 533.44
2026/10/09 00:58:41.363, 3, 82704, 97871, 100, 514.91
2026/10/09 00:58:42.363, 0, 80665, 97871, 100, 513.75
2026/10/09 00:58:42.364, 1, 80671, 97871, 100, 531.12
2026/10/09 00:58:42.364, 2, 82373, 97871, 100, 537.21
2026/10/09 00:58:42.364, 3, 82704, 97871, 100, 520.79
2026/10/09 00:58:43.364, 0, 80665, 97871, 100, 515.97
2026/10/09 00:58:43.364, 1, 80671, 97871, 100, 527.98
2026/10/09 00:58:43.364, 2, 82373, 97871, 100, 534.53
2026/10/09 00:58:43.364, 3, 82704, 97871, 100, 522.33
2026/10/09 00:58:44.364, 0, 80665, 97871, 100, 516.27
2026/10/09 00:58:44.364, 1, 80671, 97871, 100, 532.45
2026/10/09 00:58:44.364, 2, 82373, 97871, 100, 530.15
2026/10/09 00:58:44.364, 3, 82704, 97871, 100, 518.08
2026/10/09 00:58:45.364, 0, 80665, 97871, 100, 512.50
2026/10/09 00:58:45.365, 1, 80671, 97871, 100, 524.63
2026/10/09 00:58:45.365, 2, 82373, 97871, 100, 534.87
2026/10/09 00:58:45.365, 3, 82704, 97871, 100, 518.69
2026/10/09 00:58:46.365, 0, 80665, 97871, 100, 512.67
2026/10/09 00:58:46.365, 1, 80671, 97871, 100, 527.49
2026/10/09 00:58:46.365, 2, 82373, 97871, 100, 530.45
2026/10/09 00:58:46.365, 3, 82704, 97871, 100, 517.25
2026/10/09 00:58:47.365, 0, 80665, 97871, 100, 513.83
2026/10/09 00:58:47.365, 1, 80671, 97871, 100, 530.76
2026/10/09 00:58:47.370, 2, 82373, 97871, 100, 536.03
2026/10/09 00:58:47.370, 3, 82704, 97871, 100, 514.70
2026/10/09 00:58:48.370, 0, 80665, 97871, 100, 511.98
2026/10/09 00:58:48.371, 1, 80671, 97871, 100, 528.24
2026/10/09 00:58:48.371, 2, 82373, 97871, 100, 534.13
2026/10/09 00:58:48.371, 3, 82704, 97871, 100, 517.02
2026/10/09 00:58:49.371, 0, 80665, 97871, 100, 512.93
2026/10/09 00:58:49.371, 1, 80671, 97871, 100, 526.38
2026/10/09 00:58:49.371, 2, 82373, 97871, 100, 537.66
2026/10/09 00:58:49.371, 3, 82704, 97871, 100, 514.41
2026/10/09 00:58:50.371, 0, 80665, 97871, 100, 517.87
2026/10/09 00:58:50.371, 1, 80671, 97871, 100, 530.33
2026/10/09 00:58:50.371, 2, 82373, 97871, 100, 535.73
2026/10/09 00:58:50.371, 3, 82704, 97871, 100, 517.76
2026/10/09 00:58:51.371, 0, 80665, 97871, 100, 518.29
2026/10/09 00:58:51.372, 1, 80671, 97871, 100, 527.93
2026/10/09 00:58:51.372, 2, 82373, 97871, 100, 534.31
2026/10/09 00:58:51.372, 3, 82704, 97871, 100, 518.31
2026/10/09 00:58:52.372, 0, 80665, 97871, 100, 517.85
2026/10/09 00:58:52.372, 1, 80671, 97871, 100, 526.16
2026/10/09 00:58:52.372, 2, 82373, 97871, 100, 535.86
2026/10/09 00:58:52.372, 3, 82704, 97871, 100, 520.82
2026/10/09 00:58:53.372, 0, 80665, 97871, 100, 516.82
2026/10/09 00:58:53.372, 1, 80671, 97871, 100, 527.01
2026/10/09 00:58:53.372, 2, 82373, 97871, 100, 536.28
2026/10/09 00:58:53.372, 3, 82704, 97871, 100, 518.81
2026/10/09 00:58:54.372, 0, 80665, 97871, 100, 519.69
2026/10/09 00:58:54.372, 1, 80671, 97871, 100, 527.50
2026/10/09 00:58:54.372, 2, 82373, 97871, 100, 541.33
2026/10/09 00:58:54.373, 3, 82704, 97871, 100, 518.02
2026/10/09 00:58:55.373, 0, 80665, 97871, 100, 515.06
2026/10/09 00:58:55.373, 1, 80671, 97871, 100, 532.17
2026/10/09 00:58:55.373, 2, 82373, 97871, 100, 542.92
2026/10/09 00:58:55.373, 3, 82704, 97871, 100, 521.59
2026/10/09 00:58:56.373, 0, 80665, 97871, 100, 517.85
2026/10/09 00:58:56.373, 1, 80671, 97871, 100, 526.82
2026/10/09 00:58:56.373, 2, 82373, 97871, 100, 535.14
2026/10/09 00:58:56.373, 3, 82704, 97871, 100, 514.94
2026/10/09 00:58:57.373, 0, 80665, 97871, 100, 518.75
2026/10/09 00:58:57.373, 1, 80671, 97871, 100, 526.60
2026/10/09 00:58:57.377, 2, 82373, 97871, 100, 535.46
2026/10/09 00:58:57.377, 3, 82704, 97871, 100, 517.95
2026/10/09 00:58:58.377, 0, 80665, 97871, 100, 512.27
2026/10/09 00:58:58.377, 1, 80671, 97871, 100, 528.34
2026/10/09 00:58:58.377, 2, 82373, 97871, 100, 534.28
2026/10/09 00:58:58.377, 3, 82704, 97871, 100, 519.64
2026/10/09 00:58:59.377, 0, 80665, 97871, 100, 511.87
2026/10/09 00:58:59.378, 1, 80671, 97871, 100, 528.85
2026/10/09 00:58:59.378, 2, 82373, 97871, 100, 535.15
2026/10/09 00:58:59.378, 3, 82704, 97871, 100, 519.93
2026/10/09 00:59:00.378, 0, 80665, 97871, 100, 517.22
2026/10/09 00:59:00.378, 1, 80671, 97871, 100, 527.86
2026/10/09 00:59:00.378, 2, 82373, 97871, 100, 532.47
2026/10/09 00:59:00.378, 3, 82704, 97871, 100, 518.58
2026/10/09 00:59:01.378, 0, 80665, 97871, 100, 514.37
2026/10/09 00:59:01.378, 1, 80671, 97871, 100, 528.13
2026/10/09 00:59:01.378, 2, 82373, 97871, 100, 531.45
2026/10/09 00:59:01.378, 3, 82704, 97871, 100, 517.56
2026/10/09 00:59:02.378, 0, 80665, 97871, 100, 510.58
2026/10/09 00:59:02.379, 1, 80671, 97871, 100, 527.97
2026/10/09 00:59:02.379, 2, 82373, 97871, 100, 531.42
2026/10/09 00:59:02.379, 3, 82704, 97871, 100, 520.58
2026/10/09 00:59:03.379, 0, 80665, 97871, 100, 517.67
2026/10/09 00:59:03.379, 1, 80671, 97871, 100, 527.03
2026/10/09 00:59:03.379, 2, 82373, 97871, 100, 533.24
2026/10/09 00:59:03.379, 3, 82704, 97871, 100, 515.60
2026/10/09 00:59:04.379, 0, 80665, 97871, 100, 517.85
2026/10/09 00:59:04.379, 1, 80671, 97871, 100, 527.50
2026/10/09 00:59:04.379, 2, 82373, 97871, 100, 537.64
2026/10/09 00:59:04.379, 3, 82704, 97871, 100, 512.21
2026/10/09 00:59:05.379, 0, 80665, 97871, 100, 513.01
2026/10/09 00:59:05.379, 1, 80671, 97871, 100, 530.98
2026/10/09 00:59:05.379, 2, 82373, 97871, 100, 533.60
2026/10/09 00:59:05.379, 3, 82704, 97871, 100, 514.28
2026/10/09 00:59:06.380, 0, 80665, 97871, 100, 517.25
2026/10/09 00:59:06.380, 1, 80671, 97871, 100, 524.58
2026/10/09 00:59:06.380, 2, 82373, 97871, 100, 542.18
2026/10/09 00:59:06.380, 3, 82704, 97871, 100, 519.06
2026/10/09 00:59:07.380, 0, 80665, 97871, 100, 518.06
2026/10/09 00:59:07.380, 1, 80671, 97871, 100, 526.86
2026/10/09 00:59:07.389, 2, 82373, 97871, 100, 532.09
2026/10/09 00:59:07.389, 3, 82704, 97871, 100, 518.15
2026/10/09 00:59:08.389, 0, 80665, 97871, 100, 515.29
2026/10/09 00:59:08.389, 1, 80671, 97871, 100, 527.01
2026/10/09 00:59:08.389, 2, 82373, 97871, 100, 538.99
2026/10/09 00:59:08.389, 3, 82704, 97871, 100, 517.16
2026/10/09 00:59:09.389, 0, 80665, 97871, 100, 519.76
2026/10/09 00:59:09.389, 1, 80671, 97871, 100, 529.39
2026/10/09 00:59:09.389, 2, 82373, 97871, 100, 536.88
2026/10/09 00:59:09.389, 3, 82704, 97871, 100, 515.88
2026/10/09 00:59:10.389, 0, 80665, 97871, 100, 516.96
2026/10/09 00:59:10.389, 1, 80671, 97871, 100, 525.93
2026/10/09 00:59:10.390, 2, 82373, 97871, 100, 540.08
2026/10/09 00:59:10.390, 3, 82704, 97871, 100, 516.68
2026/10/09 00:59:11.390, 0, 80665, 97871, 100, 517.83
2026/10/09 00:59:11.390, 1, 80671, 97871, 100, 528.74
2026/10/09 00:59:11.390, 2, 82373, 97871, 100, 537.15
2026/10/09 00:59:11.390, 3, 82704, 97871, 100, 518.80
2026/10/09 00:59:12.390, 0, 80665, 97871, 100, 514.85
2026/10/09 00:59:12.390, 1, 80671, 97871, 100, 531.33
2026/10/09 00:59:12.390, 2, 82373, 97871, 100, 534.24
2026/10/09 00:59:12.390, 3, 82704, 97871, 100, 520.04
2026/10/09 00:59:13.390, 0, 80665, 97871, 100, 511.77
2026/10/09 00:59:13.390, 1, 80671, 97871, 100, 529.21
2026/10/09 00:59:13.390, 2, 82373, 97871, 100, 535.47
2026/10/09 00:59:13.390, 3, 82704, 97871, 100, 517.19
2026/10/09 00:59:14.391, 0, 80665, 97871, 100, 511.84
2026/10/09 00:59:14.391, 1, 80671, 97871, 100, 524.14
2026/10/09 00:59:14.391, 2, 82373, 97871, 100, 540.91
2026/10/09 00:59:14.391, 3, 82704, 97871, 100, 515.13
2026/10/09 00:59:15.391, 0, 80665, 97871, 100, 517.60
2026/10/09 00:59:15.391, 1, 80671, 97871, 100, 527.90
2026/10/09 00:59:15.391, 2, 82373, 97871, 100, 536.06
2026/10/09 00:59:15.391, 3, 82704, 97871, 100, 518.77
2026/10/09 00:59:16.391, 0, 80665, 97871, 100, 516.95
2026/10/09 00:59:16.391, 1, 80671, 97871, 100, 530.40
2026/10/09 00:59:16.391, 2, 82373, 97871, 100, 532.15
2026/10/09 00:59:16.391, 3, 82704, 97871, 100, 519.59
2026/10/09 00:59:17.391, 0, 80665, 97871, 100, 514.56
2026/10/09 00:59:17.392, 1, 80671, 97871, 100, 526.62
2026/10/09 00:59:17.397, 2, 82373, 97871, 100, 531.25
2026/10/09 00:59:17.397, 3, 82704, 97871, 100, 518.18
2026/10/09 00:59:18.397, 0, 80665, 97871, 100, 510.97
2026/10/09 00:59:18.397, 1, 80671, 97871, 100, 526.22
2026/10/09 00:59:18.397, 2, 82373, 97871, 100, 532.25
2026/10/09 00:59:18.397, 3, 82704, 97871, 100, 518.59
2026/10/09 00:59:19.397, 0, 80665, 97871, 100, 512.91
2026/10/09 00:59:19.397, 1, 80671, 97871, 100, 528.27
2026/10/09 00:59:19.397, 2, 82373, 97871, 100, 536.72
2026/10/09 00:59:19.397, 3, 82704, 97871, 100, 515.40
2026/10/09 00:59:20.398, 0, 80665, 97871, 100, 515.16
2026/10/09 00:59:20.398, 1, 80671, 97871, 100, 528.97
2026/10/09 00:59:20.398, 2, 82373, 97871, 100, 534.89
2026/10/09 00:59:20.398, 3, 82704, 97871, 100, 515.97
2026/10/09 00:59:21.398, 0, 80665, 97871, 100, 514.92
2026/10/09 00:59:21.398, 1, 80671, 97871, 100, 526.50
2026/10/09 00:59:21.398, 2, 82373, 97871, 100, 540.98
2026/10/09 00:59:21.398, 3, 82704, 97871, 100, 515.64
2026/10/09 00:59:22.398, 0, 80665, 97871, 100, 515.38
2026/10/09 00:59:22.398, 1, 80671, 97871, 100, 527.66
2026/10/09 00:59:22.398, 2, 82373, 97871, 100, 537.75
2026/10/09 00:59:22.398, 3, 82704, 97871, 100, 514.92
2026/10/09 00:59:23.398, 0, 80665, 97871, 100, 516.05
2026/10/09 00:59:23.399, 1, 80671, 97871, 100, 526.68
2026/10/09 00:59:23.399, 2, 82373, 97871, 100, 539.51
2026/10/09 00:59:23.399, 3, 82704, 97871, 100, 516.93
2026/10/09 00:59:24.399, 0, 80665, 97871, 100, 519.56
2026/10/09 00:59:24.399, 1, 80671, 97871, 100, 528.57
2026/10/09 00:59:24.399, 2, 82373, 97871, 100, 535.05
2026/10/09 00:59:24.399, 3, 82704, 97871, 100, 517.95
2026/10/09 00:59:25.399, 0, 80665, 97871, 100, 518.04
2026/10/09 00:59:25.399, 1, 80671, 97871, 100, 528.74
2026/10/09 00:59:25.399, 2, 82373, 97871, 100, 542.51
2026/10/09 00:59:25.399, 3, 82704, 97871, 100, 516.18
2026/10/09 00:59:26.399, 0, 80665, 97871, 100, 515.11
2026/10/09 00:59:26.399, 1, 80671, 97871, 100, 529.06
2026/10/09 00:59:26.399, 2, 82373, 97871, 100, 543.59
2026/10/09 00:59:26.399, 3, 82704, 97871, 100, 515.72
2026/10/09 00:59:27.400, 0, 80665, 97871, 100, 513.29
2026/10/09 00:59:27.400, 1, 80671, 97871, 100, 528.50
2026/10/09 00:59:27.408, 2, 82373, 97871, 100, 541.63
2026/10/09 00:59:27.408, 3, 82704, 97871, 100, 518.55
2026/10/09 00:59:28.408, 0, 80665, 97871, 100, 515.75
2026/10/09 00:59:28.408, 1, 80671, 97871, 100, 529.51
2026/10/09 00:59:28.408, 2, 82373, 97871, 100, 538.41
2026/10/09 00:59:28.408, 3, 82704, 97871, 100, 521.34
2026/10/09 00:59:29.408, 0, 80665, 97871, 100, 514.87
2026/10/09 00:59:29.409, 1, 80671, 97871, 100, 527.35
2026/10/09 00:59:29.409, 2, 82373, 97871, 100, 531.33
2026/10/09 00:59:29.409, 3, 82704, 97871, 100, 518.69
2026/10/09 00:59:30.409, 0, 80665, 97871, 100, 515.74
2026/10/09 00:59:30.409, 1, 80671, 97871, 100, 525.83
2026/10/09 00:59:30.409, 2, 82373, 97871, 100, 535.85
2026/10/09 00:59:30.409, 3, 82704, 97871, 100, 521.07
2026/10/09 00:59:31.409, 0, 80665, 97871, 100, 512.95
2026/10/09 00:59:31.409, 1, 80671, 97871, 100, 529.27
2026/10/09 00:59:31.409, 2, 82373, 97871, 100, 528.48
2026/10/09 00:59:31.409, 3, 82704, 97871, 100, 521.39
2026/10/09 00:59:32.409, 0, 80665, 97871, 100, 512.41
2026/10/09 00:59:32.409, 1, 80671, 97871, 100, 528.81
2026/10/09 00:59:32.409, 2, 82373, 97871, 100, 528.54
2026/10/09 00:59:32.409, 3, 82704, 97871, 100, 515.06
2026/10/09 00:59:33.410, 0, 80665, 97871, 100, 514.54
2026/10/09 00:59:33.410, 1, 80671, 97871, 100, 527.32
2026/10/09 00:59:33.410, 2, 82373, 97871, 100, 534.99
2026/10/09 00:59:33.410, 3, 82704, 97871, 100, 509.99
2026/10/09 00:59:34.410, 0, 80665, 97871, 100, 514.26
2026/10/09 00:59:34.410, 1, 80671, 97871, 100, 525.26
2026/10/09 00:59:34.410, 2, 82373, 97871, 100, 527.33
2026/10/09 00:59:34.410, 3, 82704, 97871, 100, 505.42
2026/10/09 00:59:35.410, 0, 80665, 97871, 100, 515.53
2026/10/09 00:59:35.410, 1, 80671, 97871, 100, 530.09
2026/10/09 00:59:35.410, 2, 82373, 97871, 100, 540.18
2026/10/09 00:59:35.410, 3, 82704, 97871, 100, 505.85
2026/10/09 00:59:36.410, 0, 80665, 97871, 100, 513.73
2026/10/09 00:59:36.411, 1, 80671, 97871, 100, 526.61
2026/10/09 00:59:36.411, 2, 82373, 97871, 100, 532.93
2026/10/09 00:59:36.411, 3, 82704, 97871, 100, 505.51
2026/10/09 00:59:37.411, 0, 80665, 97871, 100, 514.96
2026/10/09 00:59:37.411, 1, 80671, 97871, 100, 527.01
2026/10/09 00:59:37.415, 2, 82373, 97871, 100, 536.69
2026/10/09 00:59:37.415, 3, 82704, 97871, 0, 402.90
2026/10/09 00:59:38.415, 0, 80665, 97871, 100, 517.67
2026/10/09 00:59:38.415, 1, 80671, 97871, 100, 528.98
2026/10/09 00:59:38.415, 2, 82373, 97871, 100, 531.96
2026/10/09 00:59:38.415, 3, 82704, 97871, 98, 349.93
2026/10/09 00:59:39.415, 0, 80665, 97871, 100, 514.04
2026/10/09 00:59:39.415, 1, 80671, 97871, 100, 530.27
2026/10/09 00:59:39.415, 2, 82373, 97871, 100, 537.31
2026/10/09 00:59:39.415, 3, 82704, 97871, 99, 472.03
2026/10/09 00:59:40.415, 0, 80665, 97871, 100, 517.36
2026/10/09 00:59:40.416, 1, 80671, 97871, 100, 528.46
2026/10/09 00:59:40.416, 2, 82373, 97871, 100, 532.02
2026/10/09 00:59:40.416, 3, 82704, 97871, 98, 466.82
2026/10/09 00:59:41.416, 0, 80665, 97871, 100, 516.43
2026/10/09 00:59:41.416, 1, 80671, 97871, 100, 526.23
2026/10/09 00:59:41.416, 2, 82373, 97871, 100, 540.82
2026/10/09 00:59:41.416, 3, 82704, 97871, 99, 462.34
2026/10/09 00:59:42.416, 0, 80665, 97871, 100, 515.09
2026/10/09 00:59:42.416, 1, 80671, 97871, 100, 528.96
2026/10/09 00:59:42.416, 2, 82373, 97871, 100, 544.87
2026/10/09 00:59:42.416, 3, 82704, 97871, 92, 463.52
2026/10/09 00:59:43.416, 0, 80665, 97871, 100, 516.75
2026/10/09 00:59:43.416, 1, 80671, 97871, 100, 525.56
2026/10/09 00:59:43.416, 2, 82373, 97871, 100, 531.24
2026/10/09 00:59:43.416, 3, 82704, 97871, 99, 462.64
2026/10/09 00:59:44.417, 0, 80665, 97871, 100, 514.43
2026/10/09 00:59:44.417, 1, 80671, 97871, 100, 525.23
2026/10/09 00:59:44.417, 2, 82373, 97871, 100, 533.07
2026/10/09 00:59:44.417, 3, 82704, 97871, 99, 463.67
2026/10/09 00:59:45.417, 0, 80665, 97871, 100, 516.17
2026/10/09 00:59:45.417, 1, 80671, 97871, 100, 526.16
2026/10/09 00:59:45.417, 2, 82373, 97871, 100, 529.09
2026/10/09 00:59:45.417, 3, 82704, 97871, 99, 469.31
2026/10/09 00:59:46.417, 0, 80665, 97871, 100, 515.15
2026/10/09 00:59:46.417, 1, 80671, 97871, 100, 528.08
2026/10/09 00:59:46.417, 2, 82373, 97871, 100, 538.83
2026/10/09 00:59:46.417, 3, 82704, 97871, 99, 465.98
2026/10/09 00:59:47.417, 0, 80665, 97871, 100, 514.73
2026/10/09 00:59:47.417, 1, 80671, 97871, 100, 527.36
2026/10/09 00:59:47.428, 2, 82373, 97871, 100, 525.41
2026/10/09 00:59:47.428, 3, 82704, 97871, 98, 475.11
2026/10/09 00:59:48.428, 0, 80665, 97871, 100, 511.54
2026/10/09 00:59:48.428, 1, 80671, 97871, 100, 528.98
2026/10/09 00:59:48.428, 2, 82373, 97871, 100, 529.57
2026/10/09 00:59:48.429, 3, 82704, 97871, 99, 462.93
2026/10/09 00:59:49.429, 0, 80665, 97871, 100, 516.32
2026/10/09 00:59:49.429, 1, 80671, 97871, 100, 525.97
2026/10/09 00:59:49.429, 2, 82373, 97871, 100, 528.78
2026/10/09 00:59:49.429, 3, 82704, 97871, 99, 467.57
2026/10/09 00:59:50.429, 0, 80665, 97871, 100, 519.16
2026/10/09 00:59:50.429, 1, 80671, 97871, 100, 530.88
2026/10/09 00:59:50.429, 2, 82373, 97871, 100, 530.58
2026/10/09 00:59:50.429, 3, 82704, 97871, 99, 468.29
2026/10/09 00:59:51.429, 0, 80665, 97871, 100, 521.59
2026/10/09 00:59:51.429, 1, 80671, 97871, 100, 527.62
2026/10/09 00:59:51.429, 2, 82373, 97871, 100, 537.42
2026/10/09 00:59:51.429, 3, 82704, 97871, 99, 465.57
2026/10/09 00:59:52.429, 0, 80665, 97871, 100, 511.60
2026/10/09 00:59:52.430, 1, 80671, 97871, 100, 528.30
2026/10/09 00:59:52.430, 2, 82373, 97871, 100, 535.36
2026/10/09 00:59:52.430, 3, 82704, 97871, 99, 461.65
2026/10/09 00:59:53.430, 0, 80665, 97871, 100, 517.38
2026/10/09 00:59:53.430, 1, 80671, 97871, 100, 528.36
2026/10/09 00:59:53.430, 2, 82373, 97871, 100, 533.99
2026/10/09 00:59:53.430, 3, 82704, 97871, 99, 464.86
2026/10/09 00:59:54.430, 0, 80665, 97871, 100, 518.05
2026/10/09 00:59:54.430, 1, 80671, 97871, 100, 526.77
2026/10/09 00:59:54.430, 2, 82373, 97871, 100, 535.12
2026/10/09 00:59:54.430, 3, 82704, 97871, 99, 465.81
2026/10/09 00:59:55.430, 0, 80665, 97871, 100, 517.55
2026/10/09 00:59:55.430, 1, 80671, 97871, 100, 529.15
2026/10/09 00:59:55.430, 2, 82373, 97871, 100, 534.32
2026/10/09 00:59:55.430, 3, 82704, 97871, 99, 462.32
2026/10/09 00:59:56.431, 0, 80665, 97871, 100, 513.49
2026/10/09 00:59:56.431, 1, 80671, 97871, 100, 526.30
2026/10/09 00:59:56.431, 2, 82373, 97871, 100, 532.72
2026/10/09 00:59:56.431, 3, 82704, 97871, 99, 469.35
2026/10/09 00:59:57.431, 0, 80665, 97871, 100, 515.95
2026/10/09 00:59:57.431, 1, 80671, 97871, 100, 525.92
2026/10/09 00:59:57.440, 2, 82373, 97871, 100, 526.00
2026/10/09 00:59:57.440, 3, 82704, 97871, 99, 464.12
2026/10/09 00:59:58.440, 0, 80665, 97871, 100, 513.78
2026/10/09 00:59:58.440, 1, 80671, 97871, 100, 527.90
2026/10/09 00:59:58.440, 2, 82373, 97871, 100, 512.83
2026/10/09 00:59:58.440, 3, 82704, 97871, 99, 462.83
2026/10/09 00:59:59.440, 0, 80665, 97871, 100, 514.93
2026/10/09 00:59:59.440, 1, 80671, 97871, 100, 530.15
2026/10/09 00:59:59.440, 2, 82373, 97871, 100, 508.20
2026/10/09 00:59:59.440, 3, 82704, 97871, 89, 464.94
2026/10/09 01:00:00.440, 0, 80665, 97871, 100, 512.27
2026/10/09 01:00:00.440, 1, 80671, 97871, 100, 526.96
2026/10/09 01:00:00.440, 2, 82373, 97871, 100, 506.45
2026/10/09 01:00:00.440, 3, 82704, 97871, 99, 467.83
2026/10/09 01:00:01.440, 0, 80665, 97871, 100, 511.61
2026/10/09 01:00:01.441, 1, 80671, 97871, 100, 528.79
2026/10/09 01:00:01.441, 2, 82373, 97871, 100, 504.31
2026/10/09 01:00:01.441, 3, 82704, 97871, 99, 472.81
2026/10/09 01:00:02.441, 0, 80665, 97871, 100, 514.01
2026/10/09 01:00:02.441, 1, 80671, 97871, 100, 525.43
2026/10/09 01:00:02.441, 2, 82373, 97871, 100, 489.56
2026/10/09 01:00:02.441, 3, 82704, 97871, 99, 459.96
2026/10/09 01:00:03.441, 0, 80665, 97871, 100, 510.19
2026/10/09 01:00:03.441, 1, 80671, 97871, 100, 528.97
2026/10/09 01:00:03.441, 2, 82373, 97871, 99, 225.01
2026/10/09 01:00:03.441, 3, 82704, 97871, 97, 465.20
2026/10/09 01:00:04.441, 0, 80665, 97871, 100, 516.84
2026/10/09 01:00:04.441, 1, 80671, 97871, 100, 528.38
2026/10/09 01:00:04.441, 2, 82373, 97871, 100, 403.82
2026/10/09 01:00:04.441, 3, 82704, 97871, 99, 463.42
2026/10/09 01:00:05.442, 0, 80665, 97871, 100, 512.85
2026/10/09 01:00:05.442, 1, 80671, 97871, 100, 526.80
2026/10/09 01:00:05.442, 2, 82373, 97871, 99, 413.76
2026/10/09 01:00:05.442, 3, 82704, 97871, 99, 469.21
2026/10/09 01:00:06.442, 0, 80665, 97871, 100, 508.23
2026/10/09 01:00:06.442, 1, 80671, 97871, 100, 527.52
2026/10/09 01:00:06.442, 2, 82373, 97871, 96, 410.95
2026/10/09 01:00:06.442, 3, 82704, 97871, 99, 469.85
2026/10/09 01:00:07.442, 0, 80665, 97871, 100, 513.53
2026/10/09 01:00:07.442, 1, 80671, 97871, 100, 527.05
2026/10/09 01:00:07.450, 2, 82373, 97871, 100, 409.74
2026/10/09 01:00:07.450, 3, 82704, 97871, 99, 461.74
2026/10/09 01:00:08.450, 0, 80665, 97871, 100, 486.89
2026/10/09 01:00:08.450, 1, 80671, 97871, 100, 529.22
2026/10/09 01:00:08.450, 2, 82373, 97871, 99, 406.37
2026/10/09 01:00:08.450, 3, 82704, 97871, 99, 467.59
2026/10/09 01:00:09.450, 0, 80665, 97871, 0, 382.72
2026/10/09 01:00:09.450, 1, 80671, 97871, 100, 526.01
2026/10/09 01:00:09.450, 2, 82373, 97871, 100, 406.04
2026/10/09 01:00:09.450, 3, 82704, 97871, 99, 469.44
2026/10/09 01:00:10.450, 0, 80665, 97871, 100, 301.70
2026/10/09 01:00:10.450, 1, 80671, 97871, 100, 528.84
2026/10/09 01:00:10.450, 2, 82373, 97871, 99, 404.01
2026/10/09 01:00:10.450, 3, 82704, 97871, 99, 469.01
2026/10/09 01:00:11.451, 0, 80665, 97871, 96, 442.82
2026/10/09 01:00:11.451, 1, 80671, 97871, 100, 528.84
2026/10/09 01:00:11.451, 2, 82373, 97871, 100, 403.98
2026/10/09 01:00:11.451, 3, 82704, 97871, 99, 468.33
2026/10/09 01:00:12.451, 0, 80665, 97871, 100, 448.78
2026/10/09 01:00:12.451, 1, 80671, 97871, 100, 528.44
2026/10/09 01:00:12.451, 2, 82373, 97871, 99, 410.88
2026/10/09 01:00:12.451, 3, 82704, 97871, 99, 464.92
2026/10/09 01:00:13.451, 0, 80665, 97871, 100, 441.91
2026/10/09 01:00:13.451, 1, 80671, 97871, 100, 523.30
2026/10/09 01:00:13.451, 2, 82373, 97871, 99, 411.50
2026/10/09 01:00:13.451, 3, 82704, 97871, 99, 461.43
2026/10/09 01:00:14.451, 0, 80665, 97871, 100, 453.22
2026/10/09 01:00:14.451, 1, 80671, 97871, 100, 527.59
2026/10/09 01:00:14.451, 2, 82373, 97871, 99, 406.69
2026/10/09 01:00:14.451, 3, 82704, 97871, 99, 471.55
2026/10/09 01:00:15.451, 0, 80665, 97871, 100, 444.65
2026/10/09 01:00:15.452, 1, 80671, 97871, 100, 534.43
2026/10/09 01:00:15.452, 2, 82373, 97871, 99, 407.68
2026/10/09 01:00:15.452, 3, 82704, 97871, 99, 463.52
2026/10/09 01:00:16.452, 0, 80665, 97871, 100, 449.96
2026/10/09 01:00:16.452, 1, 80671, 97871, 100, 527.66
2026/10/09 01:00:16.452, 2, 82373, 97871, 100, 413.82
2026/10/09 01:00:16.452, 3, 82704, 97871, 99, 462.66
2026/10/09 01:00:17.452, 0, 80665, 97871, 100, 445.44
2026/10/09 01:00:17.452, 1, 80671, 97871, 100, 523.99
2026/10/09 01:00:17.458, 2, 82373, 97871, 99, 409.72
2026/10/09 01:00:17.458, 3, 82704, 97871, 99, 463.69
2026/10/09 01:00:18.458, 0, 80665, 97871, 100, 444.45
2026/10/09 01:00:18.458, 1, 80671, 97871, 100, 526.16
2026/10/09 01:00:18.458, 2, 82373, 97871, 99, 414.52
2026/10/09 01:00:18.458, 3, 82704, 97871, 99, 461.16
2026/10/09 01:00:19.458, 0, 80665, 97871, 100, 442.80
2026/10/09 01:00:19.458, 1, 80671, 97871, 99, 494.80
2026/10/09 01:00:19.458, 2, 82373, 97871, 93, 407.80
2026/10/09 01:00:19.458, 3, 82704, 97871, 99, 468.63
2026/10/09 01:00:20.458, 0, 80665, 97871, 100, 444.55
2026/10/09 01:00:20.459, 1, 80671, 97871, 0, 312.88
2026/10/09 01:00:20.459, 2, 82373, 97871, 99, 408.77
2026/10/09 01:00:20.459, 3, 82704, 97871, 99, 466.54
2026/10/09 01:00:21.459, 0, 80665, 97871, 100, 444.51
2026/10/09 01:00:21.459, 1, 80671, 97871, 99, 361.14
2026/10/09 01:00:21.459, 2, 82373, 97871, 99, 405.20
2026/10/09 01:00:21.459, 3, 82704, 97871, 92, 467.02
2026/10/09 01:00:22.459, 0, 80665, 97871, 100, 446.35
2026/10/09 01:00:22.459, 1, 80671, 97871, 99, 467.76
2026/10/09 01:00:22.459, 2, 82373, 97871, 99, 403.82
2026/10/09 01:00:22.459, 3, 82704, 97871, 90, 460.38
2026/10/09 01:00:23.459, 0, 80665, 97871, 100, 450.25
2026/10/09 01:00:23.459, 1, 80671, 97871, 100, 468.69
2026/10/09 01:00:23.459, 2, 82373, 97871, 99, 404.46
2026/10/09 01:00:23.459, 3, 82704, 97871, 99, 466.48
2026/10/09 01:00:24.459, 0, 80665, 97871, 100, 448.21
2026/10/09 01:00:24.460, 1, 80671, 97871, 96, 471.11
2026/10/09 01:00:24.460, 2, 82373, 97871, 99, 409.54
2026/10/09 01:00:24.460, 3, 82704, 97871, 98, 468.23
2026/10/09 01:00:25.460, 0, 80665, 97871, 100, 446.61
2026/10/09 01:00:25.460, 1, 80671, 97871, 99, 469.67
2026/10/09 01:00:25.460, 2, 82373, 97871, 99, 411.44
2026/10/09 01:00:25.460, 3, 82704, 97871, 99, 462.80
2026/10/09 01:00:26.460, 0, 80665, 97871, 100, 448.42
2026/10/09 01:00:26.460, 1, 80671, 97871, 97, 470.44
2026/10/09 01:00:26.460, 2, 82373, 97871, 99, 406.58
2026/10/09 01:00:26.460, 3, 82704, 97871, 99, 469.66
2026/10/09 01:00:27.460, 0, 80665, 97871, 100, 445.97
2026/10/09 01:00:27.460, 1, 80671, 97871, 99, 470.34
2026/10/09 01:00:27.468, 2, 82373, 97871, 99, 405.92
2026/10/09 01:00:27.468, 3, 82704, 97871, 99, 466.78
2026/10/09 01:00:28.468, 0, 80665, 97871, 100, 452.47
2026/10/09 01:00:28.468, 1, 80671, 97871, 99, 464.19
2026/10/09 01:00:28.468, 2, 82373, 97871, 99, 409.04
2026/10/09 01:00:28.468, 3, 82704, 97871, 99, 459.79
2026/10/09 01:00:29.468, 0, 80665, 97871, 100, 446.92
2026/10/09 01:00:29.468, 1, 80671, 97871, 99, 464.89
2026/10/09 01:00:29.468, 2, 82373, 97871, 100, 414.18
2026/10/09 01:00:29.468, 3, 82704, 97871, 99, 471.45
2026/10/09 01:00:30.468, 0, 80665, 97871, 100, 448.49
2026/10/09 01:00:30.468, 1, 80671, 97871, 100, 464.23
2026/10/09 01:00:30.468, 2, 82373, 97871, 99, 407.95
2026/10/09 01:00:30.468, 3, 82704, 97871, 93, 473.76
2026/10/09 01:00:31.468, 0, 80665, 97871, 100, 449.70
2026/10/09 01:00:31.468, 1, 80671, 97871, 90, 464.70
2026/10/09 01:00:31.468, 2, 82373, 97871, 99, 404.73
2026/10/09 01:00:31.469, 3, 82704, 97871, 99, 465.90
2026/10/09 01:00:32.469, 0, 80665, 97871, 100, 448.43
2026/10/09 01:00:32.469, 1, 80671, 97871, 99, 465.83
2026/10/09 01:00:32.469, 2, 82373, 97871, 99, 404.56
2026/10/09 01:00:32.469, 3, 82704, 97871, 99, 462.95
2026/10/09 01:00:33.469, 0, 80665, 97871, 100, 450.74
2026/10/09 01:00:33.469, 1, 80671, 97871, 99, 468.55
2026/10/09 01:00:33.469, 2, 82373, 97871, 99, 402.36
2026/10/09 01:00:33.469, 3, 82704, 97871, 99, 462.93
2026/10/09 01:00:34.469, 0, 80665, 97871, 100, 445.04
2026/10/09 01:00:34.469, 1, 80671, 97871, 99, 469.15
2026/10/09 01:00:34.469, 2, 82373, 97871, 99, 411.77
2026/10/09 01:00:34.469, 3, 82704, 97871, 99, 468.75
2026/10/09 01:00:35.469, 0, 80665, 97871, 100, 447.54
2026/10/09 01:00:35.469, 1, 80671, 97871, 99, 471.18
2026/10/09 01:00:35.469, 2, 82373, 97871, 99, 411.09
2026/10/09 01:00:35.469, 3, 82704, 97871, 99, 463.31
2026/10/09 01:00:36.469, 0, 80665, 97871, 100, 448.70
2026/10/09 01:00:36.469, 1, 80671, 97871, 100, 468.67
2026/10/09 01:00:36.470, 2, 82373, 97871, 99, 412.53
2026/10/09 01:00:36.470, 3, 82704, 97871, 99, 462.67
2026/10/09 01:00:37.470, 0, 80665, 97871, 100, 445.19
2026/10/09 01:00:37.470, 1, 80670, 97871, 100, 466.60
2026/10/09 01:00:37.476, 2, 82373, 97871, 99, 404.89
2026/10/09 01:00:37.476, 3, 82704, 97871, 100, 471.35
2026/10/09 01:00:38.476, 0, 80665, 97871, 100, 442.59
2026/10/09 01:00:38.476, 1, 80670, 97871, 99, 466.32
2026/10/09 01:00:38.476, 2, 82373, 97871, 99, 404.11
2026/10/09 01:00:38.476, 3, 82704, 97871, 99, 461.48
2026/10/09 01:00:39.476, 0, 80665, 97871, 100, 444.12
2026/10/09 01:00:39.477, 1, 80670, 97871, 99, 474.99
2026/10/09 01:00:39.477, 2, 82373, 97871, 99, 412.78
2026/10/09 01:00:39.477, 3, 82704, 97871, 97, 459.92
2026/10/09 01:00:40.477, 0, 80665, 97871, 100, 448.30
2026/10/09 01:00:40.477, 1, 80670, 97871, 98, 471.58
2026/10/09 01:00:40.477, 2, 82373, 97871, 100, 406.33
2026/10/09 01:00:40.477, 3, 82704, 97871, 99, 466.92
2026/10/09 01:00:41.477, 0, 80665, 97871, 100, 449.39
2026/10/09 01:00:41.477, 1, 80670, 97871, 99, 471.08
2026/10/09 01:00:41.477, 2, 82373, 97871, 99, 410.35
2026/10/09 01:00:41.477, 3, 82704, 97871, 99, 465.20
2026/10/09 01:00:42.477, 0, 80665, 97871, 100, 449.42
2026/10/09 01:00:42.477, 1, 80670, 97871, 99, 473.98
2026/10/09 01:00:42.477, 2, 82373, 97871, 99, 409.31
2026/10/09 01:00:42.477, 3, 82704, 97871, 99, 472.34
2026/10/09 01:00:43.477, 0, 80665, 97871, 100, 446.39
2026/10/09 01:00:43.477, 1, 80670, 97871, 99, 470.07
2026/10/09 01:00:43.477, 2, 82373, 97871, 100, 409.26
2026/10/09 01:00:43.478, 3, 82704, 97871, 99, 467.52
2026/10/09 01:00:44.478, 0, 80665, 97871, 100, 442.71
2026/10/09 01:00:44.478, 1, 80670, 97871, 99, 470.18
2026/10/09 01:00:44.478, 2, 82373, 97871, 99, 403.69
2026/10/09 01:00:44.478, 3, 82704, 97871, 99, 466.64
2026/10/09 01:00:45.478, 0, 80665, 97871, 100, 446.40
2026/10/09 01:00:45.478, 1, 80670, 97871, 99, 466.95
2026/10/09 01:00:45.478, 2, 82373, 97871, 99, 411.52
2026/10/09 01:00:45.478, 3, 82704, 97871, 97, 458.38
2026/10/09 01:00:46.478, 0, 80665, 97871, 100, 446.80
2026/10/09 01:00:46.478, 1, 80670, 97871, 99, 469.15
2026/10/09 01:00:46.478, 2, 82373, 97871, 99, 413.01
2026/10/09 01:00:46.478, 3, 82704, 97871, 99, 461.27
2026/10/09 01:00:47.478, 0, 80665, 97871, 100, 450.95
2026/10/09 01:00:47.478, 1, 80670, 97871, 100, 469.92
2026/10/09 01:00:47.485, 2, 82373, 97871, 99, 409.74
2026/10/09 01:00:47.485, 3, 82704, 97871, 99, 464.42
2026/10/09 01:00:48.485, 0, 80665, 97871, 92, 450.75
2026/10/09 01:00:48.485, 1, 80670, 97871, 99, 468.54
2026/10/09 01:00:48.485, 2, 82373, 97871, 99, 413.09
2026/10/09 01:00:48.485, 3, 82704, 97871, 99, 467.07
2026/10/09 01:00:49.485, 0, 80665, 97871, 100, 444.85
2026/10/09 01:00:49.485, 1, 80670, 97871, 99, 463.46
2026/10/09 01:00:49.485, 2, 82373, 97871, 100, 405.69
2026/10/09 01:00:49.485, 3, 82704, 97871, 99, 462.31
2026/10/09 01:00:50.486, 0, 80665, 97871, 100, 444.09
2026/10/09 01:00:50.486, 1, 80670, 97871, 99, 465.22
2026/10/09 01:00:50.486, 2, 82373, 97871, 99, 407.30
2026/10/09 01:00:50.486, 3, 82704, 97871, 88, 458.51
2026/10/09 01:00:51.486, 0, 80665, 97871, 89, 451.45
2026/10/09 01:00:51.486, 1, 80670, 97871, 99, 471.10
2026/10/09 01:00:51.486, 2, 82373, 97871, 100, 407.98
2026/10/09 01:00:51.486, 3, 82704, 97871, 99, 461.42
2026/10/09 01:00:52.486, 0, 80665, 97871, 100, 446.10
2026/10/09 01:00:52.486, 1, 80670, 97871, 99, 473.38
2026/10/09 01:00:52.486, 2, 82373, 97871, 99, 403.38
2026/10/09 01:00:52.486, 3, 82704, 97871, 99, 463.39
2026/10/09 01:00:53.486, 0, 80665, 97871, 100, 450.92
2026/10/09 01:00:53.486, 1, 80670, 97871, 99, 470.73
2026/10/09 01:00:53.486, 2, 82373, 97871, 99, 406.98
2026/10/09 01:00:53.486, 3, 82704, 97871, 99, 459.64
2026/10/09 01:00:54.486, 0, 80665, 97871, 100, 450.33
2026/10/09 01:00:54.487, 1, 80670, 97871, 99, 463.99
2026/10/09 01:00:54.487, 2, 82373, 97871, 99, 410.85
2026/10/09 01:00:54.487, 3, 82704, 97871, 99, 465.65
2026/10/09 01:00:55.487, 0, 80665, 97871, 100, 449.80
2026/10/09 01:00:55.487, 1, 80670, 97871, 99, 466.29
2026/10/09 01:00:55.487, 2, 82373, 97871, 99, 406.03
2026/10/09 01:00:55.487, 3, 82704, 97871, 98, 468.60
2026/10/09 01:00:56.487, 0, 80665, 97871, 100, 441.03
2026/10/09 01:00:56.487, 1, 80670, 97871, 99, 467.24
2026/10/09 01:00:56.487, 2, 82373, 97871, 99, 403.33
2026/10/09 01:00:56.487, 3, 82704, 97871, 100, 442.37
2026/10/09 01:00:57.487, 0, 80665, 97871, 100, 444.66
2026/10/09 01:00:57.487, 1, 80670, 97871, 100, 468.20
2026/10/09 01:00:57.494, 2, 82373, 97871, 99, 403.69
2026/10/09 01:00:57.494, 3, 82704, 97871, 100, 503.70
2026/10/09 01:00:58.494, 0, 80665, 97871, 100, 453.22
2026/10/09 01:00:58.494, 1, 80670, 97871, 99, 472.21
2026/10/09 01:00:58.494, 2, 82373, 97871, 99, 410.57
2026/10/09 01:00:58.494, 3, 82704, 97871, 100, 510.46
2026/10/09 01:00:59.494, 0, 80665, 97871, 99, 450.60
2026/10/09 01:00:59.494, 1, 80670, 97871, 99, 472.88
2026/10/09 01:00:59.494, 2, 82373, 97871, 99, 403.43
2026/10/09 01:00:59.494, 3, 82704, 97871, 100, 509.69
2026/10/09 01:01:00.494, 0, 80665, 97871, 100, 446.78
2026/10/09 01:01:00.494, 1, 80670, 97871, 99, 466.70
2026/10/09 01:01:00.494, 2, 82373, 97871, 99, 412.39
2026/10/09 01:01:00.494, 3, 82704, 97871, 100, 512.19
2026/10/09 01:01:01.494, 0, 80665, 97871, 100, 447.62
2026/10/09 01:01:01.495, 1, 80670, 97871, 100, 464.86
2026/10/09 01:01:01.495, 2, 82373, 97871, 98, 412.27
2026/10/09 01:01:01.495, 3, 82704, 97871, 100, 515.78
2026/10/09 01:01:02.495, 0, 80665, 97871, 90, 448.33
2026/10/09 01:01:02.495, 1, 80670, 97871, 99, 466.08
2026/10/09 01:01:02.495, 2, 82373, 97871, 94, 403.23
2026/10/09 01:01:02.495, 3, 82704, 97871, 100, 515.66
2026/10/09 01:01:03.495, 0, 80665, 97871, 100, 445.99
2026/10/09 01:01:03.495, 1, 80670, 97871, 99, 476.77
2026/10/09 01:01:03.495, 2, 82373, 97871, 99, 409.07
2026/10/09 01:01:03.495, 3, 82704, 97871, 100, 512.49
2026/10/09 01:01:04.495, 0, 80665, 97871, 100, 444.60
2026/10/09 01:01:04.495, 1, 80670, 97871, 99, 473.07
2026/10/09 01:01:04.495, 2, 82373, 97871, 99, 403.53
2026/10/09 01:01:04.495, 3, 82704, 97871, 100, 519.21
2026/10/09 01:01:05.495, 0, 80665, 97871, 90, 447.24
2026/10/09 01:01:05.499, 1, 80670, 97871, 100, 477.99
2026/10/09 01:01:05.499, 2, 82373, 97871, 93, 402.45
2026/10/09 01:01:05.499, 3, 82704, 97871, 100, 514.42
2026/10/09 01:01:06.499, 0, 80665, 97871, 100, 447.45
2026/10/09 01:01:06.499, 1, 80670, 97871, 99, 472.27
2026/10/09 01:01:06.499, 2, 82373, 97871, 99, 404.36
2026/10/09 01:01:06.499, 3, 82704, 97871, 100, 507.57
2026/10/09 01:01:07.499, 0, 80665, 97871, 100, 450.15
2026/10/09 01:01:07.500, 1, 80670, 97871, 99, 464.51
2026/10/09 01:01:07.504, 2, 82373, 97871, 99, 404.48
2026/10/09 01:01:07.504, 3, 82704, 97871, 100, 509.16
2026/10/09 01:01:08.504, 0, 80665, 97871, 100, 450.31
2026/10/09 01:01:08.504, 1, 80670, 97871, 99, 466.59
2026/10/09 01:01:08.504, 2, 82373, 97871, 99, 412.02
2026/10/09 01:01:08.504, 3, 82704, 97871, 100, 517.71
2026/10/09 01:01:09.504, 0, 80665, 97871, 100, 445.94
2026/10/09 01:01:09.504, 1, 80670, 97871, 99, 471.61
2026/10/09 01:01:09.504, 2, 82373, 97871, 99, 403.92
2026/10/09 01:01:09.504, 3, 82704, 97871, 100, 509.32
2026/10/09 01:01:10.504, 0, 80665, 97871, 100, 448.37
2026/10/09 01:01:10.504, 1, 80670, 97871, 95, 473.69
2026/10/09 01:01:10.504, 2, 82373, 97871, 100, 407.67
2026/10/09 01:01:10.504, 3, 82704, 97871, 99, 503.53
2026/10/09 01:01:11.505, 0, 80665, 97871, 100, 452.06
2026/10/09 01:01:11.505, 1, 80670, 97871, 100, 468.71
2026/10/09 01:01:11.505, 2, 82373, 97871, 99, 410.24
2026/10/09 01:01:11.505, 3, 82704, 97871, 100, 483.37
2026/10/09 01:01:12.505, 0, 80665, 97871, 100, 445.35
2026/10/09 01:01:12.505, 1, 80670, 97871, 99, 468.61
2026/10/09 01:01:12.505, 2, 82373, 97871, 99, 405.88
2026/10/09 01:01:12.505, 3, 82704, 97871, 100, 506.32
2026/10/09 01:01:13.505, 0, 80665, 97871, 100, 443.33
2026/10/09 01:01:13.505, 1, 80670, 97871, 99, 472.90
2026/10/09 01:01:13.505, 2, 82373, 97871, 99, 402.61
2026/10/09 01:01:13.505, 3, 82704, 97871, 100, 503.07
2026/10/09 01:01:14.505, 0, 80665, 97871, 100, 449.88
2026/10/09 01:01:14.505, 1, 80670, 97871, 99, 470.07
2026/10/09 01:01:14.505, 2, 82373, 97871, 99, 418.92
2026/10/09 01:01:14.505, 3, 82704, 97871, 100, 508.96
2026/10/09 01:01:15.505, 0, 80665, 97871, 100, 450.27
2026/10/09 01:01:15.506, 1, 80670, 97871, 99, 464.32
2026/10/09 01:01:15.506, 2, 82373, 97871, 97, 408.40
2026/10/09 01:01:15.506, 3, 82704, 97871, 100, 508.06
2026/10/09 01:01:16.506, 0, 80665, 97871, 100, 447.49
2026/10/09 01:01:16.506, 1, 80670, 97871, 99, 469.94
2026/10/09 01:01:16.506, 2, 82373, 97871, 100, 413.50
2026/10/09 01:01:16.506, 3, 82704, 97871, 100, 508.74
2026/10/09 01:01:17.506, 0, 80665, 97871, 100, 443.57
2026/10/09 01:01:17.506, 1, 80670, 97871, 99, 474.98
2026/10/09 01:01:17.512, 2, 82373, 97871, 99, 406.99
2026/10/09 01:01:17.512, 3, 82704, 97871, 100, 508.49
2026/10/09 01:01:18.512, 0, 80665, 97871, 100, 446.02
2026/10/09 01:01:18.513, 1, 80670, 97871, 99, 473.64
2026/10/09 01:01:18.513, 2, 82373, 97871, 99, 405.26
2026/10/09 01:01:18.513, 3, 82704, 97871, 100, 508.02
2026/10/09 01:01:19.513, 0, 80665, 97871, 100, 446.85
2026/10/09 01:01:19.513, 1, 80670, 97871, 99, 470.88
2026/10/09 01:01:19.513, 2, 82373, 97871, 99, 403.24
2026/10/09 01:01:19.513, 3, 82704, 97871, 100, 506.17
2026/10/09 01:01:20.513, 0, 80665, 97871, 100, 454.73
2026/10/09 01:01:20.513, 1, 80670, 97871, 99, 469.53
2026/10/09 01:01:20.513, 2, 82373, 97871, 99, 408.48
2026/10/09 01:01:20.513, 3, 82704, 97871, 0, 462.17
2026/10/09 01:01:21.513, 0, 80665, 97871, 100, 447.50
2026/10/09 01:01:21.513, 1, 80670, 97871, 99, 469.95
2026/10/09 01:01:21.513, 2, 82373, 97871, 99, 409.36
2026/10/09 01:01:21.513, 3, 82704, 97871, 100, 488.29
2026/10/09 01:01:22.513, 0, 80665, 97871, 100, 445.17
2026/10/09 01:01:22.513, 1, 80670, 97871, 99, 470.51
2026/10/09 01:01:22.513, 2, 82373, 97871, 99, 404.80
2026/10/09 01:01:22.513, 3, 82704, 97871, 100, 513.86
2026/10/09 01:01:23.513, 0, 80665, 97871, 100, 442.43
2026/10/09 01:01:23.514, 1, 80670, 97871, 99, 470.25
2026/10/09 01:01:23.514, 2, 82373, 97871, 99, 409.15
2026/10/09 01:01:23.514, 3, 82704, 97871, 100, 504.90
2026/10/09 01:01:24.514, 0, 80665, 97871, 100, 449.80
2026/10/09 01:01:24.514, 1, 80670, 97871, 92, 466.55
2026/10/09 01:01:24.514, 2, 82373, 97871, 100, 404.09
2026/10/09 01:01:24.514, 3, 82704, 97871, 100, 505.29
2026/10/09 01:01:25.514, 0, 80665, 97871, 100, 449.78
2026/10/09 01:01:25.514, 1, 80670, 97871, 99, 471.95
2026/10/09 01:01:25.514, 2, 82373, 97871, 99, 408.23
2026/10/09 01:01:25.514, 3, 82704, 97871, 100, 516.17
2026/10/09 01:01:26.514, 0, 80665, 97871, 100, 440.84
2026/10/09 01:01:26.514, 1, 80670, 97871, 91, 474.16
2026/10/09 01:01:26.514, 2, 82373, 97871, 97, 411.90
2026/10/09 01:01:26.514, 3, 82704, 97871, 100, 512.28
2026/10/09 01:01:27.514, 0, 80665, 97871, 100, 445.65
2026/10/09 01:01:27.514, 1, 80670, 97871, 99, 468.44
2026/10/09 01:01:27.523, 2, 82373, 97871, 99, 402.89
2026/10/09 01:01:27.523, 3, 82704, 97871, 100, 506.24
2026/10/09 01:01:28.523, 0, 80665, 97871, 100, 450.09
2026/10/09 01:01:28.523, 1, 80670, 97871, 100, 464.90
2026/10/09 01:01:28.523, 2, 82373, 97871, 99, 403.45
2026/10/09 01:01:28.523, 3, 82704, 97871, 100, 512.21
2026/10/09 01:01:29.523, 0, 80665, 97871, 100, 452.58
2026/10/09 01:01:29.523, 1, 80670, 97871, 100, 469.10
2026/10/09 01:01:29.524, 2, 82373, 97871, 99, 401.43
2026/10/09 01:01:29.524, 3, 82704, 97871, 100, 509.01
2026/10/09 01:01:30.524, 0, 80665, 97871, 100, 447.85
2026/10/09 01:01:30.524, 1, 80670, 97871, 99, 469.40
2026/10/09 01:01:30.524, 2, 82373, 97871, 99, 406.70
2026/10/09 01:01:30.524, 3, 82704, 97871, 100, 506.15
2026/10/09 01:01:31.524, 0, 80665, 97871, 94, 446.33
2026/10/09 01:01:31.524, 1, 80670, 97871, 99, 471.10
2026/10/09 01:01:31.524, 2, 82373, 97871, 99, 404.90
2026/10/09 01:01:31.524, 3, 82704, 97871, 100, 507.99
2026/10/09 01:01:32.524, 0, 80665, 97871, 100, 447.08
2026/10/09 01:01:32.524, 1, 80670, 97871, 83, 469.14
2026/10/09 01:01:32.524, 2, 82373, 97871, 99, 416.24
2026/10/09 01:01:32.524, 3, 82704, 97871, 100, 507.95
2026/10/09 01:01:33.524, 0, 80665, 97871, 100, 444.66
2026/10/09 01:01:33.524, 1, 80670, 97871, 99, 466.57
2026/10/09 01:01:33.524, 2, 82373, 97871, 99, 411.76
2026/10/09 01:01:33.524, 3, 82704, 97871, 100, 507.71
2026/10/09 01:01:34.524, 0, 80665, 97871, 87, 443.69
2026/10/09 01:01:34.525, 1, 80670, 97871, 99, 466.28
2026/10/09 01:01:34.525, 2, 82373, 97871, 99, 407.54
2026/10/09 01:01:34.525, 3, 82704, 97871, 100, 511.32
2026/10/09 01:01:35.525, 0, 80665, 97871, 100, 446.90
2026/10/09 01:01:35.525, 1, 80670, 97871, 90, 469.41
2026/10/09 01:01:35.525, 2, 82373, 97871, 99, 404.11
2026/10/09 01:01:35.525, 3, 82704, 97871, 100, 507.06
2026/10/09 01:01:36.525, 0, 80665, 97871, 100, 444.28
2026/10/09 01:01:36.525, 1, 80670, 97871, 99, 470.66
2026/10/09 01:01:36.525, 2, 82373, 97871, 99, 403.02
2026/10/09 01:01:36.525, 3, 82704, 97871, 100, 505.91
2026/10/09 01:01:37.525, 0, 80665, 97871, 100, 451.55
2026/10/09 01:01:37.525, 1, 80670, 97871, 99, 466.65
2026/10/09 01:01:37.537, 2, 82373, 97871, 99, 401.02
2026/10/09 01:01:37.537, 3, 82704, 97871, 100, 505.33
2026/10/09 01:01:38.537, 0, 80665, 97871, 100, 450.47
2026/10/09 01:01:38.538, 1, 80670, 97871, 99, 464.84
2026/10/09 01:01:38.538, 2, 82373, 97871, 100, 402.57
2026/10/09 01:01:38.538, 3, 82704, 97871, 100, 443.20
2026/10/09 01:01:39.538, 0, 80665, 97871, 100, 444.83
2026/10/09 01:01:39.538, 1, 80670, 97871, 99, 470.65
2026/10/09 01:01:39.538, 2, 82373, 97871, 99, 405.52
2026/10/09 01:01:39.538, 3, 82704, 97871, 100, 527.52
2026/10/09 01:01:40.538, 0, 80665, 97871, 100, 450.30
2026/10/09 01:01:40.538, 1, 80670, 97871, 99, 471.89
2026/10/09 01:01:40.538, 2, 82373, 97871, 99, 408.33
2026/10/09 01:01:40.538, 3, 82704, 97871, 100, 524.27
2026/10/09 01:01:41.538, 0, 80665, 97871, 100, 448.39
2026/10/09 01:01:41.538, 1, 80670, 97871, 99, 472.60
2026/10/09 01:01:41.538, 2, 82373, 97871, 99, 407.71
2026/10/09 01:01:41.538, 3, 82704, 97871, 100, 508.67
2026/10/09 01:01:42.538, 0, 80665, 97871, 100, 446.88
2026/10/09 01:01:42.538, 1, 80670, 97871, 99, 464.79
2026/10/09 01:01:42.538, 2, 82373, 97871, 99, 402.12
2026/10/09 01:01:42.539, 3, 82704, 97871, 100, 505.61
2026/10/09 01:01:43.539, 0, 80665, 97871, 87, 445.49
2026/10/09 01:01:43.539, 1, 80670, 97871, 99, 473.40
2026/10/09 01:01:43.539, 2, 82373, 97871, 93, 400.44
2026/10/09 01:01:43.539, 3, 82704, 97871, 100, 502.78
2026/10/09 01:01:44.539, 0, 80665, 97871, 100, 446.02
2026/10/09 01:01:44.539, 1, 80670, 97871, 99, 469.20
2026/10/09 01:01:44.539, 2, 82373, 97871, 99, 404.61
2026/10/09 01:01:44.539, 3, 82704, 97871, 100, 503.85
2026/10/09 01:01:45.539, 0, 80665, 97871, 100, 446.18
2026/10/09 01:01:45.539, 1, 80670, 97871, 100, 464.93
2026/10/09 01:01:45.539, 2, 82373, 97871, 99, 411.36
2026/10/09 01:01:45.539, 3, 82704, 97871, 100, 500.25
2026/10/09 01:01:46.539, 0, 80665, 97871, 100, 453.76
2026/10/09 01:01:46.539, 1, 80670, 97871, 99, 470.34
2026/10/09 01:01:46.539, 2, 82373, 97871, 97, 402.24
2026/10/09 01:01:46.539, 3, 82704, 97871, 100, 523.75
2026/10/09 01:01:47.539, 0, 80665, 97871, 100, 451.20
2026/10/09 01:01:47.540, 1, 80670, 97871, 99, 468.10
2026/10/09 01:01:47.546, 2, 82373, 97871, 97, 406.83
2026/10/09 01:01:47.546, 3, 82704, 97871, 100, 523.06
2026/10/09 01:01:48.546, 0, 80665, 97871, 100, 450.08
2026/10/09 01:01:48.546, 1, 80670, 97871, 99, 465.03
2026/10/09 01:01:48.546, 2, 82373, 97871, 99, 403.98
2026/10/09 01:01:48.546, 3, 82704, 97871, 100, 507.51
2026/10/09 01:01:49.546, 0, 80665, 97871, 100, 454.17
2026/10/09 01:01:49.546, 1, 80670, 97871, 100, 470.64
2026/10/09 01:01:49.546, 2, 82373, 97871, 99, 402.94
2026/10/09 01:01:49.546, 3, 82704, 97871, 100, 511.58
2026/10/09 01:01:50.547, 0, 80665, 97871, 100, 449.17
2026/10/09 01:01:50.547, 1, 80670, 97871, 99, 469.64
2026/10/09 01:01:50.547, 2, 82373, 97871, 99, 407.94
2026/10/09 01:01:50.547, 3, 82704, 97871, 100, 507.65
2026/10/09 01:01:51.547, 0, 80665, 97871, 100, 449.10
2026/10/09 01:01:51.547, 1, 80670, 97871, 100, 473.27
2026/10/09 01:01:51.547, 2, 82373, 97871, 100, 424.57
2026/10/09 01:01:51.547, 3, 82704, 97871, 100, 509.62
2026/10/09 01:01:52.547, 0, 80665, 97871, 100, 445.92
2026/10/09 01:01:52.547, 1, 80670, 97871, 100, 474.86
2026/10/09 01:01:52.547, 2, 82373, 97871, 100, 450.96
2026/10/09 01:01:52.547, 3, 82704, 97871, 100, 513.13
2026/10/09 01:01:53.547, 0, 80665, 97871, 100, 447.22
2026/10/09 01:01:53.547, 1, 80670, 97871, 99, 470.02
2026/10/09 01:01:53.547, 2, 82373, 97871, 100, 483.90
2026/10/09 01:01:53.547, 3, 82704, 97871, 100, 513.02
2026/10/09 01:01:54.547, 0, 80665, 97871, 99, 445.14
2026/10/09 01:01:54.547, 1, 80670, 97871, 99, 469.67
2026/10/09 01:01:54.547, 2, 82373, 97871, 100, 490.61
2026/10/09 01:01:54.548, 3, 82704, 97871, 100, 512.85
2026/10/09 01:01:55.548, 0, 80665, 97871, 100, 448.04
2026/10/09 01:01:55.548, 1, 80670, 97871, 100, 465.42
2026/10/09 01:01:55.548, 2, 82373, 97871, 100, 485.30
2026/10/09 01:01:55.548, 3, 82704, 97871, 100, 510.86
2026/10/09 01:01:56.548, 0, 80665, 97871, 94, 450.64
2026/10/09 01:01:56.548, 1, 80670, 97871, 99, 467.20
2026/10/09 01:01:56.548, 2, 82373, 97871, 100, 491.39
2026/10/09 01:01:56.548, 3, 82704, 97871, 100, 511.67
2026/10/09 01:01:57.548, 0, 80665, 97871, 100, 448.06
2026/10/09 01:01:57.548, 1, 80670, 97871, 100, 477.55
2026/10/09 01:01:57.555, 2, 82373, 97871, 100, 491.94
2026/10/09 01:01:57.555, 3, 82704, 97871, 100, 510.35
2026/10/09 01:01:58.555, 0, 80665, 97871, 100, 449.72
2026/10/09 01:01:58.555, 1, 80670, 97871, 99, 471.79
2026/10/09 01:01:58.555, 2, 82373, 97871, 100, 486.09
2026/10/09 01:01:58.555, 3, 82704, 97871, 100, 508.47
2026/10/09 01:01:59.555, 0, 80665, 97871, 100, 447.88
2026/10/09 01:01:59.555, 1, 80670, 97871, 99, 472.27
2026/10/09 01:01:59.555, 2, 82373, 97871, 100, 489.19
2026/10/09 01:01:59.555, 3, 82704, 97871, 100, 512.86
2026/10/09 01:02:00.555, 0, 80665, 97871, 100, 448.06
2026/10/09 01:02:00.555, 1, 80670, 97871, 88, 470.98
2026/10/09 01:02:00.555, 2, 82373, 97871, 100, 490.57
2026/10/09 01:02:00.555, 3, 82704, 97871, 100, 508.49
2026/10/09 01:02:01.555, 0, 80665, 97871, 100, 448.54
2026/10/09 01:02:01.555, 1, 80670, 97871, 99, 472.17
2026/10/09 01:02:01.555, 2, 82373, 97871, 100, 483.60
2026/10/09 01:02:01.555, 3, 82704, 97871, 100, 512.42
2026/10/09 01:02:02.555, 0, 80665, 97871, 100, 451.94
2026/10/09 01:02:02.556, 1, 80670, 97871, 99, 472.98
2026/10/09 01:02:02.556, 2, 82373, 97871, 100, 489.82
2026/10/09 01:02:02.556, 3, 82704, 97871, 100, 516.26
2026/10/09 01:02:03.556, 0, 80665, 97871, 93, 445.59
2026/10/09 01:02:03.556, 1, 80670, 97871, 99, 470.14
2026/10/09 01:02:03.556, 2, 82373, 97871, 100, 484.76
2026/10/09 01:02:03.556, 3, 82704, 97871, 100, 513.46
2026/10/09 01:02:04.556, 0, 80665, 97871, 100, 445.61
2026/10/09 01:02:04.556, 1, 80670, 97871, 99, 468.62
2026/10/09 01:02:04.556, 2, 82373, 97871, 100, 491.22
2026/10/09 01:02:04.556, 3, 82704, 97871, 100, 510.76
2026/10/09 01:02:05.556, 0, 80665, 97871, 100, 443.02
2026/10/09 01:02:05.556, 1, 80670, 97871, 99, 465.94
2026/10/09 01:02:05.556, 2, 82373, 97871, 100, 485.15
2026/10/09 01:02:05.556, 3, 82704, 97871, 100, 512.94
2026/10/09 01:02:06.556, 0, 80665, 97871, 88, 448.73
2026/10/09 01:02:06.556, 1, 80670, 97871, 99, 466.52
2026/10/09 01:02:06.556, 2, 82373, 97871, 100, 487.10
2026/10/09 01:02:06.556, 3, 82704, 97871, 100, 511.54
2026/10/09 01:02:07.557, 0, 80665, 97871, 100, 446.25
2026/10/09 01:02:07.557, 1, 80670, 97871, 99, 472.70
2026/10/09 01:02:07.565, 2, 82373, 97871, 100, 488.02
2026/10/09 01:02:07.565, 3, 82704, 97871, 100, 507.29
2026/10/09 01:02:08.565, 0, 80665, 97871, 100, 447.17
2026/10/09 01:02:08.565, 1, 80670, 97871, 99, 471.81
2026/10/09 01:02:08.565, 2, 82373, 97871, 100, 451.54
2026/10/09 01:02:08.565, 3, 82704, 97871, 100, 501.39
2026/10/09 01:02:09.565, 0, 80665, 97871, 96, 452.44
2026/10/09 01:02:09.565, 1, 80670, 97871, 99, 471.57
2026/10/09 01:02:09.565, 2, 82373, 97871, 100, 443.17
2026/10/09 01:02:09.565, 3, 82704, 97871, 100, 506.06
2026/10/09 01:02:10.565, 0, 80665, 97871, 100, 447.04
2026/10/09 01:02:10.565, 1, 80670, 97871, 100, 468.56
2026/10/09 01:02:10.565, 2, 82373, 97871, 100, 515.34
2026/10/09 01:02:10.565, 3, 82704, 97871, 100, 436.13
2026/10/09 01:02:11.565, 0, 80665, 97871, 100, 449.63
2026/10/09 01:02:11.566, 1, 80670, 97871, 99, 467.21
2026/10/09 01:02:11.566, 2, 82373, 97871, 73, 446.39
2026/10/09 01:02:11.566, 3, 82704, 97871, 100, 525.90
2026/10/09 01:02:12.566, 0, 80665, 97871, 100, 453.16
2026/10/09 01:02:12.566, 1, 80670, 97871, 99, 469.83
2026/10/09 01:02:12.566, 2, 82373, 97871, 100, 519.70
2026/10/09 01:02:12.566, 3, 82704, 97871, 100, 528.14
2026/10/09 01:02:13.566, 0, 80665, 97871, 100, 453.52
2026/10/09 01:02:13.566, 1, 80670, 97871, 99, 471.84
2026/10/09 01:02:13.566, 2, 82373, 97871, 100, 514.60
2026/10/09 01:02:13.566, 3, 82704, 97871, 100, 524.84
2026/10/09 01:02:14.566, 0, 80665, 97871, 100, 451.27
2026/10/09 01:02:14.566, 1, 80670, 97871, 100, 470.31
2026/10/09 01:02:14.566, 2, 82373, 97871, 100, 508.42
2026/10/09 01:02:14.566, 3, 84386, 97871, 100, 525.91
2026/10/09 01:02:15.566, 0, 80665, 97871, 100, 449.52
2026/10/09 01:02:15.566, 1, 80670, 97871, 99, 465.88
2026/10/09 01:02:15.566, 2, 82373, 97871, 100, 509.65
2026/10/09 01:02:15.567, 3, 84386, 97871, 100, 515.82
2026/10/09 01:02:16.567, 0, 80665, 97871, 100, 444.96
2026/10/09 01:02:16.567, 1, 80670, 97871, 99, 464.54
2026/10/09 01:02:16.567, 2, 82373, 97871, 100, 509.79
2026/10/09 01:02:16.567, 3, 84386, 97871, 100, 510.49
2026/10/09 01:02:17.567, 0, 80665, 97871, 100, 442.13
2026/10/09 01:02:17.567, 1, 80670, 97871, 99, 468.53
2026/10/09 01:02:17.573, 2, 82373, 97871, 100, 510.98
2026/10/09 01:02:17.573, 3, 84386, 97871, 100, 510.93
2026/10/09 01:02:18.573, 0, 80665, 97871, 100, 445.34
2026/10/09 01:02:18.573, 1, 80670, 97871, 100, 468.17
2026/10/09 01:02:18.573, 2, 82373, 97871, 100, 510.66
2026/10/09 01:02:18.573, 3, 84386, 97871, 100, 512.77
2026/10/09 01:02:19.574, 0, 80665, 97871, 100, 444.08
2026/10/09 01:02:19.574, 1, 80670, 97871, 93, 471.99
2026/10/09 01:02:19.574, 2, 82373, 97871, 100, 478.64
2026/10/09 01:02:19.574, 3, 84386, 97871, 100, 507.33
2026/10/09 01:02:20.574, 0, 80665, 97871, 100, 444.44
2026/10/09 01:02:20.574, 1, 80670, 97871, 99, 469.55
2026/10/09 01:02:20.574, 2, 82373, 97871, 100, 453.48
2026/10/09 01:02:20.574, 3, 84386, 97871, 100, 503.47
2026/10/09 01:02:21.574, 0, 80665, 97871, 100, 449.77
2026/10/09 01:02:21.574, 1, 80670, 97871, 99, 472.14
2026/10/09 01:02:21.574, 2, 82373, 97871, 100, 517.15
2026/10/09 01:02:21.574, 3, 84386, 97871, 100, 503.39
2026/10/09 01:02:22.574, 0, 80665, 97871, 100, 449.57
2026/10/09 01:02:22.574, 1, 80670, 97871, 90, 473.39
2026/10/09 01:02:22.574, 2, 82373, 97871, 100, 507.10
2026/10/09 01:02:22.574, 3, 84386, 97871, 15, 476.31
2026/10/09 01:02:23.575, 0, 80665, 97871, 100, 446.49
2026/10/09 01:02:23.575, 1, 80670, 97871, 99, 468.76
2026/10/09 01:02:23.575, 2, 82373, 97871, 100, 501.45
2026/10/09 01:02:23.575, 3, 84386, 97871, 100, 527.10
2026/10/09 01:02:24.575, 0, 80665, 97871, 100, 444.53
2026/10/09 01:02:24.575, 1, 80670, 97871, 99, 473.22
2026/10/09 01:02:24.575, 2, 82373, 97871, 100, 456.36
2026/10/09 01:02:24.575, 3, 84386, 97871, 100, 526.37
2026/10/09 01:02:25.575, 0, 80665, 97871, 100, 441.40
2026/10/09 01:02:25.575, 1, 80670, 97871, 87, 477.87
2026/10/09 01:02:25.575, 2, 82373, 97871, 100, 537.99
2026/10/09 01:02:25.575, 3, 84386, 97871, 100, 525.03
2026/10/09 01:02:26.575, 0, 80665, 97871, 100, 447.81
2026/10/09 01:02:26.575, 1, 80670, 97871, 99, 466.44
2026/10/09 01:02:26.575, 2, 82373, 97871, 100, 500.75
2026/10/09 01:02:26.575, 3, 84386, 97871, 100, 522.37
2026/10/09 01:02:27.576, 0, 80665, 97871, 98, 451.92
2026/10/09 01:02:27.576, 1, 80670, 97871, 99, 464.61
2026/10/09 01:02:27.582, 2, 82373, 97871, 100, 503.39
2026/10/09 01:02:27.582, 3, 84386, 97871, 100, 522.70
2026/10/09 01:02:28.582, 0, 80665, 97871, 100, 449.89
2026/10/09 01:02:28.582, 1, 80670, 97871, 100, 463.40
2026/10/09 01:02:28.582, 2, 82373, 97871, 100, 509.52
2026/10/09 01:02:28.582, 3, 84386, 97871, 100, 514.54
2026/10/09 01:02:29.582, 0, 80665, 97871, 90, 444.36
2026/10/09 01:02:29.582, 1, 80670, 97871, 100, 465.29
2026/10/09 01:02:29.582, 2, 82373, 97871, 100, 503.81
2026/10/09 01:02:29.582, 3, 84386, 97871, 100, 516.44
2026/10/09 01:02:30.583, 0, 80665, 97871, 100, 444.09
2026/10/09 01:02:30.583, 1, 80670, 97871, 99, 466.95
2026/10/09 01:02:30.583, 2, 82373, 97871, 100, 506.83
2026/10/09 01:02:30.583, 3, 84386, 97871, 100, 514.00
2026/10/09 01:02:31.583, 0, 80665, 97871, 100, 449.43
2026/10/09 01:02:31.583, 1, 80670, 97871, 94, 466.14
2026/10/09 01:02:31.583, 2, 82373, 97871, 100, 503.91
2026/10/09 01:02:31.583, 3, 84386, 97871, 100, 513.46
2026/10/09 01:02:32.583, 0, 80665, 97871, 100, 444.33
2026/10/09 01:02:32.583, 1, 80670, 97871, 100, 465.39
2026/10/09 01:02:32.583, 2, 82373, 97871, 100, 506.91
2026/10/09 01:02:32.583, 3, 84386, 97871, 100, 511.20
2026/10/09 01:02:33.583, 0, 80665, 97871, 95, 450.19
2026/10/09 01:02:33.584, 1, 80670, 97871, 100, 473.45
2026/10/09 01:02:33.584, 2, 82373, 97871, 100, 504.27
2026/10/09 01:02:33.584, 3, 84386, 97871, 100, 514.32
2026/10/09 01:02:34.584, 0, 80665, 97871, 100, 447.58
2026/10/09 01:02:34.584, 1, 80670, 97871, 99, 468.57
2026/10/09 01:02:34.584, 2, 82373, 97871, 100, 506.96
2026/10/09 01:02:34.584, 3, 84386, 97871, 100, 519.02
2026/10/09 01:02:35.584, 0, 80665, 97871, 100, 409.73
2026/10/09 01:02:35.584, 1, 80670, 97871, 99, 463.79
2026/10/09 01:02:35.584, 2, 82373, 97871, 100, 502.59
2026/10/09 01:02:35.584, 3, 84386, 97871, 100, 515.63
2026/10/09 01:02:36.584, 0, 80665, 97871, 100, 460.52
2026/10/09 01:02:36.584, 1, 80670, 97871, 99, 468.31
2026/10/09 01:02:36.584, 2, 82373, 97871, 100, 505.79
2026/10/09 01:02:36.584, 3, 84386, 97871, 100, 517.87
2026/10/09 01:02:37.585, 0, 80664, 97871, 100, 471.41
2026/10/09 01:02:37.585, 1, 80670, 97871, 99, 467.46
2026/10/09 01:02:37.590, 2, 82373, 97871, 100, 496.30
2026/10/09 01:02:37.590, 3, 84386, 97871, 100, 517.88
2026/10/09 01:02:38.591, 0, 80664, 97871, 90, 470.37
2026/10/09 01:02:38.591, 1, 80670, 97871, 99, 466.16
2026/10/09 01:02:38.591, 2, 82373, 97871, 100, 399.04
2026/10/09 01:02:38.591, 3, 84386, 97871, 100, 523.09
2026/10/09 01:02:39.591, 0, 80664, 97871, 100, 478.78
2026/10/09 01:02:39.591, 1, 80670, 97871, 99, 471.55
2026/10/09 01:02:39.591, 2, 82373, 97871, 100, 539.89
2026/10/09 01:02:39.591, 3, 84386, 97871, 100, 518.93
2026/10/09 01:02:40.591, 0, 80664, 97871, 100, 481.35
2026/10/09 01:02:40.591, 1, 80670, 97871, 87, 468.33
2026/10/09 01:02:40.591, 2, 82373, 97871, 100, 541.76
2026/10/09 01:02:40.591, 3, 84386, 97871, 100, 518.91
2026/10/09 01:02:41.591, 0, 80664, 97871, 100, 470.15
2026/10/09 01:02:41.592, 1, 80670, 97871, 99, 461.56
2026/10/09 01:02:41.592, 2, 82373, 97871, 100, 509.52
2026/10/09 01:02:41.592, 3, 84386, 97871, 100, 517.31
2026/10/09 01:02:42.592, 0, 80664, 97871, 100, 472.37
2026/10/09 01:02:42.592, 1, 80670, 97871, 99, 470.18
2026/10/09 01:02:42.592, 2, 82373, 97871, 100, 505.98
2026/10/09 01:02:42.592, 3, 84386, 97871, 100, 515.66
2026/10/09 01:02:43.592, 0, 80664, 97871, 97, 479.08
2026/10/09 01:02:43.592, 1, 80670, 97871, 99, 470.71
2026/10/09 01:02:43.592, 2, 82373, 97871, 100, 501.89
2026/10/09 01:02:43.592, 3, 84386, 97871, 100, 514.90
2026/10/09 01:02:44.592, 0, 80664, 97871, 100, 471.22
2026/10/09 01:02:44.592, 1, 80670, 97871, 99, 466.81
2026/10/09 01:02:44.592, 2, 82373, 97871, 100, 507.33
2026/10/09 01:02:44.592, 3, 84386, 97871, 100, 514.39
2026/10/09 01:02:45.592, 0, 80664, 97871, 100, 479.54
2026/10/09 01:02:45.593, 1, 80670, 97871, 99, 470.67
2026/10/09 01:02:45.593, 2, 82373, 97871, 40, 429.32
2026/10/09 01:02:45.593, 3, 84386, 97871, 100, 514.09
2026/10/09 01:02:46.593, 0, 80664, 97871, 100, 467.55
2026/10/09 01:02:46.593, 1, 80670, 97871, 95, 455.23
2026/10/09 01:02:46.593, 2, 82373, 97871, 100, 539.50
2026/10/09 01:02:46.593, 3, 84386, 97871, 100, 515.46
2026/10/09 01:02:47.593, 0, 80664, 97871, 100, 478.62
2026/10/09 01:02:47.593, 1, 80670, 97871, 99, 457.31
2026/10/09 01:02:47.601, 2, 82373, 97871, 100, 541.36
2026/10/09 01:02:47.601, 3, 84386, 97871, 100, 514.66
2026/10/09 01:02:48.601, 0, 80664, 97871, 97, 465.44
2026/10/09 01:02:48.601, 1, 80670, 97871, 100, 476.05
2026/10/09 01:02:48.601, 2, 82373, 97871, 100, 516.31
2026/10/09 01:02:48.601, 3, 84386, 97871, 100, 517.13
2026/10/09 01:02:49.601, 0, 80664, 97871, 100, 475.07
2026/10/09 01:02:49.601, 1, 80670, 97871, 99, 488.88
2026/10/09 01:02:49.601, 2, 82373, 97871, 100, 514.91
2026/10/09 01:02:49.601, 3, 84386, 97871, 100, 518.50
2026/10/09 01:02:50.601, 0, 80664, 97871, 100, 474.10
2026/10/09 01:02:50.601, 1, 80670, 97871, 99, 501.12
2026/10/09 01:02:50.601, 2, 82373, 97871, 100, 507.62
2026/10/09 01:02:50.601, 3, 84386, 97871, 100, 519.41
2026/10/09 01:02:51.602, 0, 80664, 97871, 100, 479.42
2026/10/09 01:02:51.602, 1, 80670, 97871, 100, 492.96
2026/10/09 01:02:51.602, 2, 82373, 97871, 100, 511.41
2026/10/09 01:02:51.602, 3, 84386, 97871, 100, 520.00
2026/10/09 01:02:52.602, 0, 80664, 97871, 99, 475.37
2026/10/09 01:02:52.602, 1, 80670, 97871, 98, 493.79
2026/10/09 01:02:52.602, 2, 82373, 97871, 100, 514.91
2026/10/09 01:02:52.602, 3, 84386, 97871, 100, 517.79
2026/10/09 01:02:53.602, 0, 80664, 97871, 100, 465.01
2026/10/09 01:02:53.602, 1, 80670, 97871, 99, 490.82
2026/10/09 01:02:53.602, 2, 82373, 97871, 100, 514.07
2026/10/09 01:02:53.602, 3, 84386, 97871, 100, 520.41
2026/10/09 01:02:54.602, 0, 80664, 97871, 99, 483.04
2026/10/09 01:02:54.602, 1, 80670, 97871, 99, 491.87
2026/10/09 01:02:54.602, 2, 82373, 97871, 100, 516.98
2026/10/09 01:02:54.602, 3, 84386, 97871, 100, 514.29
2026/10/09 01:02:55.602, 0, 80664, 97871, 100, 467.85
2026/10/09 01:02:55.603, 1, 80670, 97871, 99, 495.44
2026/10/09 01:02:55.603, 2, 82373, 97871, 100, 514.88
2026/10/09 01:02:55.603, 3, 84386, 97871, 100, 515.68
2026/10/09 01:02:56.603, 0, 80664, 97871, 100, 472.83
2026/10/09 01:02:56.603, 1, 80670, 97871, 99, 492.18
2026/10/09 01:02:56.603, 2, 82373, 97871, 100, 515.92
2026/10/09 01:02:56.603, 3, 84386, 97871, 100, 513.58
2026/10/09 01:02:57.603, 0, 80664, 97871, 100, 468.84
2026/10/09 01:02:57.603, 1, 80670, 97871, 93, 493.50
2026/10/09 01:02:57.609, 2, 82373, 97871, 100, 515.30
2026/10/09 01:02:57.609, 3, 84386, 97871, 100, 518.54
2026/10/09 01:02:58.610, 0, 80664, 97871, 100, 439.20
2026/10/09 01:02:58.610, 1, 80670, 97871, 100, 497.88
2026/10/09 01:02:58.610, 2, 82373, 97871, 100, 507.00
2026/10/09 01:02:58.610, 3, 84386, 97871, 100, 515.82
2026/10/09 01:02:59.610, 0, 80664, 97871, 100, 512.31
2026/10/09 01:02:59.610, 1, 80670, 97871, 96, 499.30
2026/10/09 01:02:59.610, 2, 82373, 97871, 100, 516.47
2026/10/09 01:02:59.610, 3, 84386, 97871, 100, 517.74
2026/10/09 01:03:00.610, 0, 80664, 97871, 53, 506.62
2026/10/09 01:03:00.610, 1, 80670, 97871, 98, 480.59
2026/10/09 01:03:00.610, 2, 82373, 97871, 100, 511.45
2026/10/09 01:03:00.610, 3, 84386, 97871, 100, 519.48
2026/10/09 01:03:01.610, 0, 80664, 97871, 100, 517.15
2026/10/09 01:03:01.610, 1, 80670, 97871, 99, 503.12
2026/10/09 01:03:01.610, 2, 82373, 97871, 100, 517.59
2026/10/09 01:03:01.610, 3, 84386, 97871, 100, 518.78
2026/10/09 01:03:02.611, 0, 80664, 97871, 100, 518.71
2026/10/09 01:03:02.611, 1, 80670, 97871, 100, 491.66
2026/10/09 01:03:02.611, 2, 82373, 97871, 100, 520.49
2026/10/09 01:03:02.611, 3, 84386, 97871, 100, 519.45
2026/10/09 01:03:03.611, 0, 80664, 97871, 100, 528.49
2026/10/09 01:03:03.611, 1, 80670, 97871, 91, 492.98
2026/10/09 01:03:03.611, 2, 82373, 97871, 100, 520.51
2026/10/09 01:03:03.611, 3, 84386, 97871, 100, 518.97
2026/10/09 01:03:04.611, 0, 80664, 97871, 100, 511.99
2026/10/09 01:03:04.611, 1, 80670, 97871, 99, 494.02
2026/10/09 01:03:04.611, 2, 82373, 97871, 100, 514.20
2026/10/09 01:03:04.611, 3, 84386, 97871, 100, 511.80
2026/10/09 01:03:05.611, 0, 80664, 97871, 100, 509.84
2026/10/09 01:03:05.611, 1, 80670, 97871, 100, 487.59
2026/10/09 01:03:05.611, 2, 82373, 97871, 100, 513.55
2026/10/09 01:03:05.611, 3, 84386, 97871, 100, 507.86
2026/10/09 01:03:06.611, 0, 80664, 97871, 100, 504.09
2026/10/09 01:03:06.612, 1, 80670, 97871, 99, 490.59
2026/10/09 01:03:06.612, 2, 82373, 97871, 100, 511.99
2026/10/09 01:03:06.612, 3, 84386, 97871, 100, 511.55
2026/10/09 01:03:07.612, 0, 80664, 97871, 100, 521.59
2026/10/09 01:03:07.612, 1, 80670, 97871, 91, 486.02
2026/10/09 01:03:07.621, 2, 82373, 97871, 100, 508.33
2026/10/09 01:03:07.621, 3, 84386, 97871, 100, 506.23
2026/10/09 01:03:08.621, 0, 80664, 97871, 100, 488.40
2026/10/09 01:03:08.621, 1, 80670, 97871, 99, 493.36
2026/10/09 01:03:08.621, 2, 82373, 97871, 100, 498.87
2026/10/09 01:03:08.621, 3, 84386, 97871, 100, 505.98
2026/10/09 01:03:09.621, 0, 80664, 97871, 100, 453.47
2026/10/09 01:03:09.621, 1, 80670, 97871, 99, 481.97
2026/10/09 01:03:09.621, 2, 82373, 97871, 100, 504.33
2026/10/09 01:03:09.621, 3, 84386, 97871, 100, 493.38
2026/10/09 01:03:10.621, 0, 80664, 97871, 100, 516.39
2026/10/09 01:03:10.621, 1, 80670, 97871, 100, 471.98
2026/10/09 01:03:10.622, 2, 82373, 97871, 33, 389.38
2026/10/09 01:03:10.622, 3, 8, 97871, 0, 137.35
2026/10/09 01:03:11.622, 0, 80664, 97871, 100, 522.31
2026/10/09 01:03:11.622, 1, 80670, 97871, 100, 534.05
2026/10/09 01:03:11.622, 2, 82373, 97871, 100, 494.98
2026/10/09 01:03:11.622, 3, 8, 97871, 0, 136.81
2026/10/09 01:03:12.622, 0, 80664, 97871, 100, 500.88
2026/10/09 01:03:12.622, 1, 80670, 97871, 100, 522.51
2026/10/09 01:03:12.622, 2, 82373, 97871, 100, 537.11
2026/10/09 01:03:12.622, 3, 8, 97871, 0, 88.03
2026/10/09 01:03:13.622, 0, 80664, 97871, 100, 520.33
2026/10/09 01:03:13.622, 1, 80670, 97871, 97, 521.74
2026/10/09 01:03:13.622, 2, 82373, 97871, 100, 546.94
2026/10/09 01:03:13.622, 3, 8, 97871, 0, 84.71
2026/10/09 01:03:14.622, 0, 80664, 97871, 100, 501.10
2026/10/09 01:03:14.622, 1, 80670, 97871, 100, 534.63
2026/10/09 01:03:14.622, 2, 82373, 97871, 100, 536.40
2026/10/09 01:03:14.622, 3, 8, 97871, 0, 84.74
2026/10/09 01:03:15.623, 0, 80664, 97871, 100, 503.78
2026/10/09 01:03:15.623, 1, 80670, 97871, 97, 531.91
2026/10/09 01:03:15.623, 2, 82373, 97871, 100, 537.06
2026/10/09 01:03:15.623, 3, 8, 97871, 0, 84.64
2026/10/09 01:03:16.623, 0, 80664, 97871, 100, 505.76
2026/10/09 01:03:16.623, 1, 80670, 97871, 100, 525.65
2026/10/09 01:03:16.623, 2, 82373, 97871, 100, 509.37
2026/10/09 01:03:16.623, 3, 8, 97871, 0, 84.77
2026/10/09 01:03:17.623, 0, 80664, 97871, 100, 501.47
2026/10/09 01:03:17.623, 1, 80670, 97871, 100, 519.19
2026/10/09 01:03:17.633, 2, 82373, 97871, 100, 506.71
2026/10/09 01:03:17.633, 3, 8, 97871, 0, 84.61
2026/10/09 01:03:18.633, 0, 80664, 97871, 100, 504.51
2026/10/09 01:03:18.633, 1, 80670, 97871, 100, 525.03
2026/10/09 01:03:18.633, 2, 82373, 97871, 100, 507.27
2026/10/09 01:03:18.633, 3, 8, 97871, 0, 84.69
2026/10/09 01:03:19.633, 0, 80664, 97871, 100, 500.65
2026/10/09 01:03:19.633, 1, 80670, 97871, 100, 532.38
2026/10/09 01:03:19.633, 2, 82373, 97871, 100, 505.98
2026/10/09 01:03:19.633, 3, 8, 97871, 0, 84.46
2026/10/09 01:03:20.634, 0, 80664, 97871, 100, 505.36
2026/10/09 01:03:20.634, 1, 80670, 97871, 99, 495.33
2026/10/09 01:03:20.634, 2, 82373, 97871, 100, 507.38
2026/10/09 01:03:20.634, 3, 8, 97871, 0, 84.59
2026/10/09 01:03:21.634, 0, 80664, 97871, 100, 495.51
2026/10/09 01:03:21.634, 1, 80670, 97871, 100, 476.85
2026/10/09 01:03:21.634, 2, 82373, 97871, 100, 500.89
2026/10/09 01:03:21.634, 3, 8, 97871, 0, 84.34
2026/10/09 01:03:22.634, 0, 80664, 97871, 100, 506.98
2026/10/09 01:03:22.634, 1, 80670, 97871, 100, 524.44
2026/10/09 01:03:22.634, 2, 82373, 97871, 100, 499.26
2026/10/09 01:03:22.634, 3, 8, 97871, 0, 84.50
2026/10/09 01:03:23.634, 0, 80664, 97871, 100, 510.45
2026/10/09 01:03:23.634, 1, 80670, 97871, 100, 533.02
2026/10/09 01:03:23.634, 2, 82373, 97871, 100, 450.66
2026/10/09 01:03:23.634, 3, 8, 97871, 0, 84.43
2026/10/09 01:03:24.635, 0, 80664, 97871, 100, 371.27
2026/10/09 01:03:24.635, 1, 80670, 97871, 100, 513.14
2026/10/09 01:03:24.635, 2, 82373, 97871, 100, 533.40
2026/10/09 01:03:24.635, 3, 8, 97871, 0, 84.30
2026/10/09 01:03:25.635, 0, 80664, 97871, 100, 524.91
2026/10/09 01:03:25.635, 1, 80670, 97871, 100, 527.72
2026/10/09 01:03:25.635, 2, 82373, 97871, 100, 543.01
2026/10/09 01:03:25.635, 3, 8, 97871, 0, 84.29
2026/10/09 01:03:26.635, 0, 80664, 97871, 100, 524.67
2026/10/09 01:03:26.635, 1, 80670, 97871, 100, 516.48
2026/10/09 01:03:26.635, 2, 82373, 97871, 100, 541.27
2026/10/09 01:03:26.635, 3, 8, 97871, 0, 84.39
2026/10/09 01:03:27.635, 0, 80664, 97871, 100, 503.32
2026/10/09 01:03:27.635, 1, 80670, 97871, 100, 518.39
2026/10/09 01:03:27.646, 2, 82373, 97871, 100, 537.50
2026/10/09 01:03:27.646, 3, 8, 97871, 0, 84.49
2026/10/09 01:03:28.646, 0, 80664, 97871, 100, 509.55
2026/10/09 01:03:28.646, 1, 80670, 97871, 100, 525.32
2026/10/09 01:03:28.646, 2, 82373, 97871, 100, 521.52
2026/10/09 01:03:28.647, 3, 8, 97871, 0, 84.28
2026/10/09 01:03:29.647, 0, 80664, 97871, 100, 446.22
2026/10/09 01:03:29.647, 1, 80670, 97871, 100, 514.81
2026/10/09 01:03:29.647, 2, 82373, 97871, 100, 515.93
2026/10/09 01:03:29.647, 3, 8, 97871, 0, 84.35
2026/10/09 01:03:30.647, 0, 80664, 97871, 100, 520.99
2026/10/09 01:03:30.647, 1, 80670, 97871, 100, 513.93
2026/10/09 01:03:30.647, 2, 82373, 97871, 100, 518.45
2026/10/09 01:03:30.647, 3, 8, 97871, 0, 84.44
2026/10/09 01:03:31.647, 0, 80664, 97871, 100, 524.33
2026/10/09 01:03:31.647, 1, 80670, 97871, 100, 514.34
2026/10/09 01:03:31.647, 2, 82373, 97871, 100, 515.28
2026/10/09 01:03:31.647, 3, 8, 97871, 0, 84.33
2026/10/09 01:03:32.647, 0, 80664, 97871, 100, 501.54
2026/10/09 01:03:32.648, 1, 80670, 97871, 100, 519.88
2026/10/09 01:03:32.648, 2, 82373, 97871, 100, 515.88
2026/10/09 01:03:32.648, 3, 8, 97871, 0, 84.35
2026/10/09 01:03:33.648, 0, 80664, 97871, 100, 497.76
2026/10/09 01:03:33.648, 1, 80670, 97871, 100, 511.82
2026/10/09 01:03:33.648, 2, 82373, 97871, 100, 515.03
2026/10/09 01:03:33.648, 3, 8, 97871, 0, 84.40
2026/10/09 01:03:34.648, 0, 80664, 97871, 100, 500.23
2026/10/09 01:03:34.648, 1, 80670, 97871, 100, 516.46
2026/10/09 01:03:34.648, 2, 82373, 97871, 100, 519.73
2026/10/09 01:03:34.648, 3, 8, 97871, 0, 84.44
2026/10/09 01:03:35.648, 0, 80664, 97871, 100, 498.71
2026/10/09 01:03:35.648, 1, 80670, 97871, 100, 530.39
2026/10/09 01:03:35.648, 2, 82373, 97871, 100, 519.25
2026/10/09 01:03:35.648, 3, 8, 97871, 0, 84.32
2026/10/09 01:03:36.648, 0, 80664, 97871, 100, 507.49
2026/10/09 01:03:36.649, 1, 80670, 97871, 100, 434.21
2026/10/09 01:03:36.649, 2, 82373, 97871, 100, 517.11
2026/10/09 01:03:36.649, 3, 8, 97871, 0, 84.44
2026/10/09 01:03:37.649, 0, 80664, 97871, 100, 509.17
2026/10/09 01:03:37.649, 1, 80670, 97871, 100, 531.26
2026/10/09 01:03:37.653, 2, 82373, 97871, 100, 520.55
2026/10/09 01:03:37.653, 3, 8, 97871, 0, 84.41
2026/10/09 01:03:38.653, 0, 80664, 97871, 100, 501.90
2026/10/09 01:03:38.653, 1, 80670, 97871, 100, 531.47
2026/10/09 01:03:38.653, 2, 82373, 97871, 100, 526.20
2026/10/09 01:03:38.653, 3, 8, 97871, 0, 84.29
2026/10/09 01:03:39.653, 0, 80664, 97871, 100, 497.46
2026/10/09 01:03:39.653, 1, 80670, 97871, 100, 517.09
2026/10/09 01:03:39.653, 2, 82373, 97871, 100, 521.07
2026/10/09 01:03:39.653, 3, 8, 97871, 0, 84.45
2026/10/09 01:03:40.654, 0, 80664, 97871, 100, 499.18
2026/10/09 01:03:40.654, 1, 80670, 97871, 100, 521.32
2026/10/09 01:03:40.654, 2, 82373, 97871, 100, 524.79
2026/10/09 01:03:40.654, 3, 8, 97871, 0, 84.41
2026/10/09 01:03:41.654, 0, 80664, 97871, 100, 499.88
2026/10/09 01:03:41.654, 1, 80670, 97871, 100, 452.49
2026/10/09 01:03:41.654, 2, 82373, 97871, 100, 520.33
2026/10/09 01:03:41.654, 3, 8, 97871, 0, 84.50
2026/10/09 01:03:42.654, 0, 80664, 97871, 100, 497.36
2026/10/09 01:03:42.654, 1, 80670, 97871, 100, 533.91
2026/10/09 01:03:42.654, 2, 82373, 97871, 100, 518.47
2026/10/09 01:03:42.654, 3, 8, 97871, 0, 84.43
2026/10/09 01:03:43.654, 0, 80664, 97871, 100, 510.87
2026/10/09 01:03:43.654, 1, 80670, 97871, 100, 533.94
2026/10/09 01:03:43.654, 2, 82373, 97871, 100, 520.17
2026/10/09 01:03:43.655, 3, 8, 97871, 0, 84.34
2026/10/09 01:03:44.655, 0, 80664, 97871, 100, 499.98
2026/10/09 01:03:44.655, 1, 80670, 97871, 100, 515.44
2026/10/09 01:03:44.655, 2, 82373, 97871, 100, 515.50
2026/10/09 01:03:44.655, 3, 8, 97871, 0, 84.29
2026/10/09 01:03:45.655, 0, 80664, 97871, 100, 497.65
2026/10/09 01:03:45.655, 1, 80670, 97871, 100, 515.79
2026/10/09 01:03:45.655, 2, 82373, 97871, 100, 519.70
2026/10/09 01:03:45.655, 3, 8, 97871, 0, 84.48
2026/10/09 01:03:46.655, 0, 80664, 97871, 100, 500.66
2026/10/09 01:03:46.655, 1, 80670, 97871, 100, 515.32
2026/10/09 01:03:46.655, 2, 82373, 97871, 100, 522.22
2026/10/09 01:03:46.655, 3, 8, 97871, 0, 84.41
2026/10/09 01:03:47.655, 0, 80664, 97871, 100, 503.76
2026/10/09 01:03:47.656, 1, 80670, 97871, 100, 515.04
2026/10/09 01:03:47.660, 2, 82373, 97871, 100, 514.55
2026/10/09 01:03:47.660, 3, 8, 97871, 0, 84.40
2026/10/09 01:03:48.660, 0, 80664, 97871, 0, 377.51
2026/10/09 01:03:48.661, 1, 80670, 97871, 100, 522.14
2026/10/09 01:03:48.661, 2, 82373, 97871, 100, 516.35
2026/10/09 01:03:48.661, 3, 8, 97871, 0, 84.32
2026/10/09 01:03:49.661, 0, 80664, 97871, 100, 531.77
2026/10/09 01:03:49.661, 1, 80670, 97871, 100, 527.61
2026/10/09 01:03:49.661, 2, 82373, 97871, 100, 522.07
2026/10/09 01:03:49.661, 3, 8, 97871, 0, 84.40
2026/10/09 01:03:50.661, 0, 80664, 97871, 100, 524.14
2026/10/09 01:03:50.661, 1, 80670, 97871, 100, 516.25
2026/10/09 01:03:50.661, 2, 82373, 97871, 100, 518.51
2026/10/09 01:03:50.661, 3, 8, 97871, 0, 84.39
2026/10/09 01:03:51.661, 0, 80664, 97871, 100, 520.44
2026/10/09 01:03:51.661, 1, 80670, 97871, 100, 514.26
2026/10/09 01:03:51.661, 2, 82373, 97871, 100, 521.59
2026/10/09 01:03:51.661, 3, 8, 97871, 0, 84.36
2026/10/09 01:03:52.662, 0, 80664, 97871, 100, 521.50
2026/10/09 01:03:52.662, 1, 80670, 97871, 100, 517.44
2026/10/09 01:03:52.662, 2, 82373, 97871, 100, 518.95
2026/10/09 01:03:52.662, 3, 8, 97871, 0, 84.35
2026/10/09 01:03:53.662, 0, 80664, 97871, 100, 506.23
2026/10/09 01:03:53.662, 1, 80670, 97871, 100, 514.33
2026/10/09 01:03:53.662, 2, 82373, 97871, 100, 519.39
2026/10/09 01:03:53.662, 3, 8, 97871, 0, 84.32
2026/10/09 01:03:54.662, 0, 80664, 97871, 100, 499.58
2026/10/09 01:03:54.662, 1, 80670, 97871, 100, 515.24
2026/10/09 01:03:54.662, 2, 82373, 97871, 100, 516.59
2026/10/09 01:03:54.662, 3, 8, 97871, 0, 84.34
2026/10/09 01:03:55.662, 0, 80664, 97871, 100, 501.70
2026/10/09 01:03:55.662, 1, 80670, 97871, 100, 525.70
2026/10/09 01:03:55.663, 2, 82373, 97871, 100, 518.15
2026/10/09 01:03:55.663, 3, 8, 97871, 0, 84.38
2026/10/09 01:03:56.663, 0, 80664, 97871, 100, 504.30
2026/10/09 01:03:56.663, 1, 80670, 97871, 100, 516.81
2026/10/09 01:03:56.663, 2, 82373, 97871, 100, 517.33
2026/10/09 01:03:56.663, 3, 8, 97871, 0, 84.43
2026/10/09 01:03:57.663, 0, 80664, 97871, 0, 281.60
2026/10/09 01:03:57.663, 1, 80670, 97871, 100, 516.80
2026/10/09 01:03:57.668, 2, 82373, 97871, 100, 520.54
2026/10/09 01:03:57.668, 3, 8, 97871, 0, 84.50
2026/10/09 01:03:58.668, 0, 80664, 97871, 100, 380.06
2026/10/09 01:03:58.669, 1, 80670, 97871, 100, 516.35
2026/10/09 01:03:58.669, 2, 82373, 97871, 100, 510.97
2026/10/09 01:03:58.669, 3, 8, 97871, 0, 84.51
2026/10/09 01:03:59.669, 0, 80664, 97871, 100, 525.14
2026/10/09 01:03:59.669, 1, 80670, 97871, 100, 521.52
2026/10/09 01:03:59.669, 2, 82373, 97871, 100, 516.20
2026/10/09 01:03:59.669, 3, 8, 97871, 0, 84.34
2026/10/09 01:04:00.669, 0, 80664, 97871, 100, 523.15
2026/10/09 01:04:00.669, 1, 80670, 97871, 0, 465.57
2026/10/09 01:04:00.669, 2, 82373, 97871, 100, 520.65
2026/10/09 01:04:00.669, 3, 8, 97871, 0, 84.39
2026/10/09 01:04:01.669, 0, 80664, 97871, 100, 522.71
2026/10/09 01:04:01.669, 1, 80670, 97871, 100, 460.70
2026/10/09 01:04:01.669, 2, 82373, 97871, 100, 518.78
2026/10/09 01:04:01.669, 3, 8, 97871, 0, 84.26
2026/10/09 01:04:02.670, 0, 80664, 97871, 100, 522.73
2026/10/09 01:04:02.670, 1, 80670, 97871, 100, 534.00
2026/10/09 01:04:02.670, 2, 82373, 97871, 100, 519.30
2026/10/09 01:04:02.670, 3, 8, 97871, 0, 84.27
2026/10/09 01:04:03.670, 0, 80664, 97871, 100, 500.18
2026/10/09 01:04:03.670, 1, 80670, 97871, 100, 534.52
2026/10/09 01:04:03.670, 2, 82373, 97871, 100, 523.12
2026/10/09 01:04:03.670, 3, 8, 97871, 0, 84.44
2026/10/09 01:04:04.670, 0, 80664, 97871, 100, 503.41
2026/10/09 01:04:04.670, 1, 80670, 97871, 100, 535.46
2026/10/09 01:04:04.670, 2, 82373, 97871, 100, 513.60
2026/10/09 01:04:04.670, 3, 8, 97871, 0, 84.27
2026/10/09 01:04:05.670, 0, 80664, 97871, 100, 501.43
2026/10/09 01:04:05.670, 1, 80670, 97871, 100, 528.18
2026/10/09 01:04:05.670, 2, 82373, 97871, 100, 507.41
2026/10/09 01:04:05.670, 3, 8, 97871, 0, 84.45
2026/10/09 01:04:06.671, 0, 80664, 97871, 100, 496.84
2026/10/09 01:04:06.671, 1, 80670, 97871, 100, 517.95
2026/10/09 01:04:06.671, 2, 82373, 97871, 100, 503.82
2026/10/09 01:04:06.671, 3, 8, 97871, 0, 84.45
2026/10/09 01:04:07.671, 0, 80664, 97871, 100, 496.00
2026/10/09 01:04:07.671, 1, 80670, 97871, 100, 521.22
2026/10/09 01:04:07.678, 2, 82373, 97871, 100, 501.12
2026/10/09 01:04:07.678, 3, 8, 97871, 0, 84.28
2026/10/09 01:04:08.679, 0, 80664, 97871, 100, 501.82
2026/10/09 01:04:08.679, 1, 80670, 97871, 100, 523.99
2026/10/09 01:04:08.679, 2, 82373, 97871, 100, 498.97
2026/10/09 01:04:08.679, 3, 8, 97871, 0, 84.43
2026/10/09 01:04:09.679, 0, 80664, 97871, 100, 499.78
2026/10/09 01:04:09.679, 1, 80670, 97871, 0, 406.04
2026/10/09 01:04:09.679, 2, 82373, 97871, 100, 483.94
2026/10/09 01:04:09.679, 3, 8, 97871, 0, 84.43
2026/10/09 01:04:10.679, 0, 80664, 97871, 100, 503.85
2026/10/09 01:04:10.679, 1, 80670, 97871, 100, 279.17
2026/10/09 01:04:10.679, 2, 7, 97871, 0, 196.30
2026/10/09 01:04:10.679, 3, 8, 97871, 0, 84.54
2026/10/09 01:04:11.679, 0, 80664, 97871, 100, 518.65
2026/10/09 01:04:11.680, 1, 80670, 97871, 100, 542.87
2026/10/09 01:04:11.680, 2, 7, 97871, 0, 94.40
2026/10/09 01:04:11.680, 3, 8, 97871, 0, 84.45
2026/10/09 01:04:12.680, 0, 80664, 97871, 100, 515.28
2026/10/09 01:04:12.680, 1, 80670, 97871, 100, 544.27
2026/10/09 01:04:12.680, 2, 7, 97871, 0, 49.94
2026/10/09 01:04:12.680, 3, 8, 97871, 0, 84.41
2026/10/09 01:04:13.680, 0, 80664, 97871, 100, 508.22
2026/10/09 01:04:13.680, 1, 80670, 97871, 100, 539.54
2026/10/09 01:04:13.680, 2, 7, 97871, 0, 45.12
2026/10/09 01:04:13.680, 3, 8, 97871, 0, 84.43
2026/10/09 01:04:14.680, 0, 80664, 97871, 100, 499.33
2026/10/09 01:04:14.680, 1, 80670, 97871, 100, 538.53
2026/10/09 01:04:14.680, 2, 7, 97871, 0, 45.13
2026/10/09 01:04:14.680, 3, 8, 97871, 0, 84.44
2026/10/09 01:04:15.681, 0, 80664, 97871, 100, 499.13
2026/10/09 01:04:15.681, 1, 80670, 97871, 100, 524.86
2026/10/09 01:04:15.681, 2, 7, 97871, 0, 45.03
2026/10/09 01:04:15.681, 3, 8, 97871, 0, 84.37
2026/10/09 01:04:16.681, 0, 80664, 97871, 100, 498.20
2026/10/09 01:04:16.681, 1, 80670, 97871, 100, 520.15
2026/10/09 01:04:16.681, 2, 7, 97871, 0, 44.97
2026/10/09 01:04:16.681, 3, 8, 97871, 0, 84.53
2026/10/09 01:04:17.681, 0, 80664, 97871, 100, 495.27
2026/10/09 01:04:17.681, 1, 80670, 97871, 100, 518.75
2026/10/09 01:04:17.685, 2, 7, 97871, 0, 44.90
2026/10/09 01:04:17.685, 3, 8, 97871, 0, 84.41
2026/10/09 01:04:18.685, 0, 80664, 97871, 100, 498.21
2026/10/09 01:04:18.685, 1, 80670, 97871, 100, 520.58
2026/10/09 01:04:18.686, 2, 7, 97871, 0, 44.94
2026/10/09 01:04:18.686, 3, 8, 97871, 0, 84.50
2026/10/09 01:04:19.686, 0, 80664, 97871, 100, 499.58
2026/10/09 01:04:19.686, 1, 80670, 97871, 100, 523.56
2026/10/09 01:04:19.686, 2, 7, 97871, 0, 44.90
2026/10/09 01:04:19.686, 3, 8, 97871, 0, 84.46
2026/10/09 01:04:20.686, 0, 80664, 97871, 100, 495.93
2026/10/09 01:04:20.686, 1, 80670, 97871, 100, 524.79
2026/10/09 01:04:20.686, 2, 7, 97871, 0, 44.82
2026/10/09 01:04:20.686, 3, 8, 97871, 0, 84.39
2026/10/09 01:04:21.686, 0, 80664, 97871, 100, 498.62
2026/10/09 01:04:21.686, 1, 80670, 97871, 100, 524.81
2026/10/09 01:04:21.686, 2, 7, 97871, 0, 44.77
2026/10/09 01:04:21.686, 3, 8, 97871, 0, 84.51
2026/10/09 01:04:22.687, 0, 80664, 97871, 100, 506.75
2026/10/09 01:04:22.687, 1, 80670, 97871, 100, 525.28
2026/10/09 01:04:22.687, 2, 7, 97871, 0, 44.67
2026/10/09 01:04:22.687, 3, 8, 97871, 0, 84.37
2026/10/09 01:04:23.687, 0, 80664, 97871, 100, 515.25
2026/10/09 01:04:23.687, 1, 80670, 97871, 100, 536.86
2026/10/09 01:04:23.687, 2, 7, 97871, 0, 44.71
2026/10/09 01:04:23.687, 3, 8, 97871, 0, 84.57
2026/10/09 01:04:24.687, 0, 80664, 97871, 100, 507.89
2026/10/09 01:04:24.687, 1, 80670, 97871, 100, 533.17
2026/10/09 01:04:24.687, 2, 7, 97871, 0, 44.66
2026/10/09 01:04:24.687, 3, 8, 97871, 0, 84.76
2026/10/09 01:04:25.688, 0, 80664, 97871, 100, 499.88
2026/10/09 01:04:25.688, 1, 80670, 97871, 100, 529.97
2026/10/09 01:04:25.688, 2, 7, 97871, 0, 44.72
2026/10/09 01:04:25.688, 3, 8, 97871, 0, 84.58
2026/10/09 01:04:26.688, 0, 80664, 97871, 100, 504.55
2026/10/09 01:04:26.688, 1, 80670, 97871, 100, 521.73
2026/10/09 01:04:26.688, 2, 7, 97871, 0, 44.81
2026/10/09 01:04:26.688, 3, 8, 97871, 0, 84.46
2026/10/09 01:04:27.688, 0, 80664, 97871, 100, 500.17
2026/10/09 01:04:27.688, 1, 80670, 97871, 100, 519.20
2026/10/09 01:04:27.692, 2, 7, 97871, 0, 44.77
2026/10/09 01:04:27.692, 3, 8, 97871, 0, 84.65
2026/10/09 01:04:28.692, 0, 80664, 97871, 100, 500.16
2026/10/09 01:04:28.692, 1, 80670, 97871, 100, 516.18
2026/10/09 01:04:28.692, 2, 7, 97871, 0, 44.73
2026/10/09 01:04:28.692, 3, 8, 97871, 0, 84.68
2026/10/09 01:04:29.692, 0, 80664, 97871, 100, 499.26
2026/10/09 01:04:29.692, 1, 80670, 97871, 100, 519.78
2026/10/09 01:04:29.692, 2, 7, 97871, 0, 44.76
2026/10/09 01:04:29.692, 3, 8, 97871, 0, 84.64
2026/10/09 01:04:30.693, 0, 80664, 97871, 100, 500.85
2026/10/09 01:04:30.693, 1, 80670, 97871, 100, 519.88
2026/10/09 01:04:30.693, 2, 7, 97871, 0, 44.54
2026/10/09 01:04:30.693, 3, 8, 97871, 0, 84.65
2026/10/09 01:04:31.693, 0, 80664, 97871, 100, 498.38
2026/10/09 01:04:31.693, 1, 80670, 97871, 100, 520.56
2026/10/09 01:04:31.693, 2, 7, 97871, 0, 44.73
2026/10/09 01:04:31.693, 3, 8, 97871, 0, 84.52
2026/10/09 01:04:32.693, 0, 80664, 97871, 0, 326.73
2026/10/09 01:04:32.693, 1, 80670, 97871, 100, 522.51
2026/10/09 01:04:32.693, 2, 7, 97871, 0, 44.81
2026/10/09 01:04:32.693, 3, 8, 97871, 0, 84.59
2026/10/09 01:04:33.693, 0, 6, 97871, 0, 133.01
2026/10/09 01:04:33.693, 1, 80670, 97871, 100, 520.88
2026/10/09 01:04:33.693, 2, 7, 97871, 0, 44.81
2026/10/09 01:04:33.693, 3, 8, 97871, 0, 84.57
2026/10/09 01:04:34.693, 0, 6, 97871, 0, 120.47
2026/10/09 01:04:34.693, 1, 80670, 97871, 100, 522.57
2026/10/09 01:04:34.694, 2, 7, 97871, 0, 44.82
2026/10/09 01:04:34.694, 3, 8, 97871, 0, 84.54
2026/10/09 01:04:35.694, 0, 6, 97871, 0, 84.15
2026/10/09 01:04:35.694, 1, 80670, 97871, 100, 537.23
2026/10/09 01:04:35.694, 2, 7, 97871, 0, 44.79
2026/10/09 01:04:35.694, 3, 8, 97871, 0, 84.72
2026/10/09 01:04:36.694, 0, 6, 97871, 0, 84.50
2026/10/09 01:04:36.694, 1, 80670, 97871, 100, 532.96
2026/10/09 01:04:36.694, 2, 7, 97871, 0, 44.81
2026/10/09 01:04:36.694, 3, 8, 97871, 0, 84.55
2026/10/09 01:04:37.694, 0, 6, 97871, 0, 84.50
2026/10/09 01:04:37.694, 1, 80670, 97871, 100, 514.87
2026/10/09 01:04:37.702, 2, 7, 97871, 0, 44.64
2026/10/09 01:04:37.702, 3, 8, 97871, 0, 84.68
2026/10/09 01:04:38.702, 0, 6, 97871, 0, 84.45
2026/10/09 01:04:38.702, 1, 80669, 97871, 100, 522.15
2026/10/09 01:04:38.702, 2, 7, 97871, 0, 44.68
2026/10/09 01:04:38.702, 3, 8, 97871, 0, 84.44
2026/10/09 01:04:39.702, 0, 6, 97871, 0, 84.53
2026/10/09 01:04:39.702, 1, 80669, 97871, 100, 520.98
2026/10/09 01:04:39.702, 2, 7, 97871, 0, 44.61
2026/10/09 01:04:39.702, 3, 7, 97871, 0, 84.68
2026/10/09 01:04:40.702, 0, 6, 97871, 0, 84.43
2026/10/09 01:04:40.703, 1, 80669, 97871, 100, 525.38
2026/10/09 01:04:40.703, 2, 7, 97871, 0, 44.53
2026/10/09 01:04:40.703, 3, 7, 97871, 0, 84.54
2026/10/09 01:04:41.703, 0, 6, 97871, 0, 84.54
2026/10/09 01:04:41.703, 1, 80669, 97871, 100, 522.51
2026/10/09 01:04:41.703, 2, 7, 97871, 0, 44.42
2026/10/09 01:04:41.703, 3, 7, 97871, 0, 84.61
2026/10/09 01:04:42.703, 0, 6, 97871, 0, 84.53
2026/10/09 01:04:42.703, 1, 80669, 97871, 100, 523.93
2026/10/09 01:04:42.703, 2, 7, 97871, 0, 44.42
2026/10/09 01:04:42.703, 3, 7, 97871, 0, 84.57
2026/10/09 01:04:43.703, 0, 6, 97871, 0, 84.57
2026/10/09 01:04:43.703, 1, 80669, 97871, 100, 521.56
2026/10/09 01:04:43.703, 2, 7, 97871, 0, 44.36
2026/10/09 01:04:43.703, 3, 7, 97871, 0, 84.57
2026/10/09 01:04:44.703, 0, 6, 97871, 0, 84.45
2026/10/09 01:04:44.703, 1, 80669, 97871, 100, 522.40
2026/10/09 01:04:44.703, 2, 7, 97871, 0, 44.38
2026/10/09 01:04:44.703, 3, 7, 97871, 0, 84.60
2026/10/09 01:04:45.703, 0, 6, 97871, 0, 84.34
2026/10/09 01:04:45.704, 1, 11, 97871, 0, 174.68
2026/10/09 01:04:45.704, 2, 7, 97871, 0, 44.29
2026/10/09 01:04:45.704, 3, 7, 97871, 0, 84.65
2026/10/09 01:04:46.704, 0, 6, 97871, 0, 84.27
2026/10/09 01:04:46.704, 1, 11, 97871, 0, 151.51
2026/10/09 01:04:46.704, 2, 7, 97871, 0, 44.26
2026/10/09 01:04:46.704, 3, 7, 97871, 0, 84.72
2026/10/09 01:04:47.704, 0, 6, 97871, 0, 84.07
2026/10/09 01:04:47.704, 1, 11, 97871, 0, 112.83
2026/10/09 01:04:47.710, 2, 7, 97871, 0, 44.29
2026/10/09 01:04:47.710, 3, 7, 97871, 0, 84.73
