2026/10/09 13:36:12.237, 0, 6, 97871, 0, 79.69
2026/10/09 13:36:12.241, 1, 5, 97871, 0, 99.68
2026/10/09 13:36:12.245, 2, 5, 97871, 0, 91.82
2026/10/09 13:36:12.248, 3, 5, 97871, 0, 86.89
2026/10/09 13:36:13.252, 0, 6, 97871, 0, 79.51
2026/10/09 13:36:13.252, 1, 5, 97871, 0, 99.37
2026/10/09 13:36:13.252, 2, 5, 97871, 0, 91.62
2026/10/09 13:36:13.252, 3, 5, 97871, 0, 86.61
2026/10/09 13:36:14.252, 0, 6, 97871, 0, 79.28
2026/10/09 13:36:14.252, 1, 5, 97871, 0, 99.31
2026/10/09 13:36:14.252, 2, 5, 97871, 0, 91.61
2026/10/09 13:36:14.252, 3, 5, 97871, 0, 86.65
2026/10/09 13:36:15.252, 0, 6, 97871, 0, 79.68
2026/10/09 13:36:15.253, 1, 5, 97871, 0, 99.49
2026/10/09 13:36:15.253, 2, 5, 97871, 0, 91.66
2026/10/09 13:36:15.253, 3, 5, 97871, 0, 86.86
2026/10/09 13:36:16.253, 0, 6, 97871, 0, 79.42
2026/10/09 13:36:16.253, 1, 5, 97871, 0, 99.26
2026/10/09 13:36:16.253, 2, 5, 97871, 0, 91.65
2026/10/09 13:36:16.253, 3, 5, 97871, 0, 86.65
2026/10/09 13:36:17.253, 0, 6, 97871, 0, 79.33
2026/10/09 13:36:17.253, 1, 5, 97871, 0, 99.51
2026/10/09 13:36:17.253, 2, 5, 97871, 0, 91.61
2026/10/09 13:36:17.253, 3, 5, 97871, 0, 86.70
2026/10/09 13:36:18.253, 0, 6, 97871, 0, 79.38
2026/10/09 13:36:18.253, 1, 5, 97871, 0, 99.48
2026/10/09 13:36:18.253, 2, 5, 97871, 0, 91.43
2026/10/09 13:36:18.253, 3, 5, 97871, 0, 86.67
2026/10/09 13:36:19.253, 0, 6, 97871, 0, 79.57
2026/10/09 13:36:19.253, 1, 5, 97871, 0, 99.51
2026/10/09 13:36:19.254, 2, 5, 97871, 0, 91.42
2026/10/09 13:36:19.254, 3, 5, 97871, 0, 86.70
2026/10/09 13:36:20.254, 0, 6, 97871, 0, 79.42
2026/10/09 13:36:20.254, 1, 5, 97871, 0, 99.49
2026/10/09 13:36:20.254, 2, 5, 97871, 0, 91.50
2026/10/09 13:36:20.254, 3, 5, 97871, 0, 86.77
2026/10/09 13:36:21.254, 0, 6, 97871, 0, 79.46
2026/10/09 13:36:21.254, 1, 5, 97871, 0, 99.52
2026/10/09 13:36:21.254, 2, 5, 97871, 0, 91.61
2026/10/09 13:36:21.254, 3, 5, 97871, 0, 86.97
2026/10/09 13:36:22.254, 0, 6, 97871, 0, 79.50
2026/10/09 13:36:22.254, 1, 5, 97871, 0, 99.45
2026/10/09 13:36:22.254, 2, 5, 97871, 0, 91.52
2026/10/09 13:36:22.254, 3, 5, 97871, 0, 86.87
2026/10/09 13:36:23.254, 0, 6, 97871, 0, 79.94
2026/10/09 13:36:23.254, 1, 5, 97871, 0, 99.59
2026/10/09 13:36:23.254, 2, 5, 97871, 0, 91.50
2026/10/09 13:36:23.254, 3, 5, 97871, 0, 87.04
2026/10/09 13:36:24.255, 0, 6, 97871, 0, 79.67
2026/10/09 13:36:24.255, 1, 5, 97871, 0, 99.54
2026/10/09 13:36:24.255, 2, 5, 97871, 0, 91.38
2026/10/09 13:36:24.255, 3, 5, 97871, 0, 86.65
2026/10/09 13:36:25.255, 0, 6, 97871, 0, 79.63
2026/10/09 13:36:25.255, 1, 5, 97871, 0, 99.65
2026/10/09 13:36:25.255, 2, 5, 97871, 0, 91.39
2026/10/09 13:36:25.255, 3, 5, 97871, 0, 86.95
2026/10/09 13:36:26.255, 0, 6, 97871, 0, 79.29
2026/10/09 13:36:26.255, 1, 5, 97871, 0, 99.47
2026/10/09 13:36:26.255, 2, 5, 97871, 0, 91.54
2026/10/09 13:36:26.255, 3, 5, 97871, 0, 86.83
2026/10/09 13:36:27.255, 0, 6, 97871, 0, 79.42
2026/10/09 13:36:27.255, 1, 5, 97871, 0, 99.65
2026/10/09 13:36:27.255, 2, 5, 97871, 0, 91.51
2026/10/09 13:36:27.255, 3, 5, 97871, 0, 86.63
2026/10/09 13:36:28.255, 0, 6, 97871, 0, 79.77
2026/10/09 13:36:28.255, 1, 5, 97871, 0, 99.60
2026/10/09 13:36:28.256, 2, 5, 97871, 0, 91.48
2026/10/09 13:36:28.256, 3, 5, 97871, 0, 86.76
2026/10/09 13:36:29.256, 0, 6, 97871, 0, 79.84
2026/10/09 13:36:29.256, 1, 5, 97871, 0, 99.86
2026/10/09 13:36:29.256, 2, 5, 97871, 0, 91.54
2026/10/09 13:36:29.256, 3, 5, 97871, 0, 87.35
2026/10/09 13:36:30.256, 0, 6, 97871, 0, 79.75
2026/10/09 13:36:30.256, 1, 5, 97871, 0, 99.58
2026/10/09 13:36:30.256, 2, 5, 97871, 0, 91.41
2026/10/09 13:36:30.256, 3, 5, 97871, 0, 87.52
2026/10/09 13:36:31.256, 0, 6, 97871, 0, 79.47
2026/10/09 13:36:31.286, 1, 5, 97871, 0, 99.49
2026/10/09 13:36:31.331, 2, 5, 97871, 0, 91.67
2026/10/09 13:36:31.377, 3, 5, 97871, 0, 86.62
2026/10/09 13:36:32.422, 0, 6, 97871, 0, 79.38
2026/10/09 13:36:32.464, 1, 5, 97871, 0, 99.49
2026/10/09 13:36:32.509, 2, 5, 97871, 0, 91.69
2026/10/09 13:36:32.555, 3, 5, 97871, 0, 86.74
2026/10/09 13:36:33.599, 0, 6, 97871, 0, 79.40
2026/10/09 13:36:33.600, 1, 5, 97871, 0, 99.66
2026/10/09 13:36:33.601, 2, 5, 97871, 0, 91.56
2026/10/09 13:36:33.601, 3, 5, 97871, 0, 86.67
2026/10/09 13:36:34.602, 0, 6, 97871, 0, 80.23
2026/10/09 13:36:34.602, 1, 5, 97871, 0, 99.59
2026/10/09 13:36:34.603, 2, 5, 97871, 0, 91.51
2026/10/09 13:36:34.603, 3, 5, 97871, 0, 86.83
2026/10/09 13:36:35.603, 0, 6, 97871, 0, 80.47
2026/10/09 13:36:35.603, 1, 5, 97871, 0, 99.64
2026/10/09 13:36:35.603, 2, 5, 97871, 0, 91.57
2026/10/09 13:36:35.603, 3, 5, 97871, 0, 86.99
2026/10/09 13:36:36.603, 0, 6, 97871, 0, 80.01
2026/10/09 13:36:36.603, 1, 5, 97871, 0, 99.68
2026/10/09 13:36:36.603, 2, 5, 97871, 0, 91.45
2026/10/09 13:36:36.603, 3, 5, 97871, 0, 86.89
2026/10/09 13:36:37.603, 0, 6, 97871, 0, 80.31
2026/10/09 13:36:37.603, 1, 5, 97871, 0, 99.50
2026/10/09 13:36:37.603, 2, 5, 97871, 0, 91.43
2026/10/09 13:36:37.603, 3, 5, 97871, 0, 86.83
2026/10/09 13:36:38.603, 0, 6, 97871, 0, 80.44
2026/10/09 13:36:38.628, 1, 5, 97871, 0, 99.63
2026/10/09 13:36:38.673, 2, 5, 97871, 0, 91.42
2026/10/09 13:36:38.718, 3, 5, 97871, 0, 86.73
2026/10/09 13:36:39.767, 0, 6, 97871, 0, 80.47
2026/10/09 13:36:39.768, 1, 5, 97871, 0, 99.63
2026/10/09 13:36:39.768, 2, 5, 97871, 0, 91.44
2026/10/09 13:36:39.768, 3, 5, 97871, 0, 86.84
2026/10/09 13:36:40.768, 0, 6, 97871, 0, 80.49
2026/10/09 13:36:40.768, 1, 5, 97871, 0, 99.72
2026/10/09 13:36:40.768, 2, 5, 97871, 0, 91.59
2026/10/09 13:36:40.768, 3, 5, 97871, 0, 86.82
2026/10/09 13:36:41.768, 0, 6, 97871, 0, 80.10
2026/10/09 13:36:41.768, 1, 5, 97871, 0, 99.56
2026/10/09 13:36:41.768, 2, 5, 97871, 0, 91.48
2026/10/09 13:36:41.768, 3, 5, 97871, 0, 86.78
2026/10/09 13:36:42.768, 0, 6, 97871, 0, 80.03
2026/10/09 13:36:42.768, 1, 5, 97871, 0, 99.59
2026/10/09 13:36:42.768, 2, 5, 97871, 0, 91.50
2026/10/09 13:36:42.768, 3, 5, 97871, 0, 86.80
2026/10/09 13:36:43.768, 0, 6, 97871, 0, 79.81
2026/10/09 13:36:43.768, 1, 5, 97871, 0, 99.60
2026/10/09 13:36:43.768, 2, 5, 97871, 0, 91.43
2026/10/09 13:36:43.768, 3, 5, 97871, 0, 86.80
2026/10/09 13:36:44.768, 0, 6, 97871, 0, 79.83
2026/10/09 13:36:44.769, 1, 5, 97871, 0, 99.69
2026/10/09 13:36:44.769, 2, 5, 97871, 0, 91.46
2026/10/09 13:36:44.769, 3, 5, 97871, 0, 86.75
2026/10/09 13:36:45.769, 0, 6, 97871, 0, 79.75
2026/10/09 13:36:45.769, 1, 5, 97871, 0, 99.68
2026/10/09 13:36:45.769, 2, 5, 97871, 0, 91.61
2026/10/09 13:36:45.769, 3, 5, 97871, 0, 86.72
2026/10/09 13:36:46.769, 0, 6, 97871, 0, 79.87
2026/10/09 13:36:46.769, 1, 5, 97871, 0, 99.78
2026/10/09 13:36:46.769, 2, 5, 97871, 0, 91.57
2026/10/09 13:36:46.769, 3, 5, 97871, 0, 86.60
2026/10/09 13:36:47.769, 0, 6, 97871, 0, 79.76
2026/10/09 13:36:47.769, 1, 5, 97871, 0, 99.63
2026/10/09 13:36:47.769, 2, 5, 97871, 0, 91.49
2026/10/09 13:36:47.769, 3, 5, 97871, 0, 86.64
2026/10/09 13:36:48.769, 0, 6, 97871, 0, 79.77
2026/10/09 13:36:48.769, 1, 5, 97871, 0, 99.72
2026/10/09 13:36:48.769, 2, 5, 97871, 0, 91.62
2026/10/09 13:36:48.769, 3, 5, 97871, 0, 86.80
2026/10/09 13:36:49.769, 0, 6, 97871, 0, 79.75
2026/10/09 13:36:49.769, 1, 5, 97871, 0, 99.66
2026/10/09 13:36:49.769, 2, 5, 97871, 0, 91.65
2026/10/09 13:36:49.769, 3, 5, 97871, 0, 86.58
2026/10/09 13:36:50.769, 0, 6, 97871, 0, 80.09
2026/10/09 13:36:50.770, 1, 5, 97871, 0, 99.53
2026/10/09 13:36:50.770, 2, 5, 97871, 0, 91.71
2026/10/09 13:36:50.770, 3, 5, 97871, 0, 86.55
2026/10/09 13:36:51.770, 0, 6, 97871, 0, 80.43
2026/10/09 13:36:51.770, 1, 5, 97871, 0, 99.51
2026/10/09 13:36:51.770, 2, 5, 97871, 0, 91.56
2026/10/09 13:36:51.770, 3, 5, 97871, 0, 86.71
2026/10/09 13:36:52.770, 0, 6, 97871, 0, 80.20
2026/10/09 13:36:52.770, 1, 5, 97871, 0, 99.74
2026/10/09 13:36:52.770, 2, 5, 97871, 0, 91.81
2026/10/09 13:36:52.770, 3, 5, 97871, 0, 86.88
2026/10/09 13:36:53.770, 0, 6, 97871, 0, 80.05
2026/10/09 13:36:53.770, 1, 5, 97871, 0, 99.51
2026/10/09 13:36:53.770, 2, 5, 97871, 0, 91.66
2026/10/09 13:36:53.770, 3, 5, 97871, 0, 86.91
2026/10/09 13:36:54.770, 0, 6, 97871, 0, 79.85
2026/10/09 13:36:54.770, 1, 5, 97871, 0, 99.54
2026/10/09 13:36:54.770, 2, 5, 97871, 0, 91.66
2026/10/09 13:36:54.770, 3, 5, 97871, 0, 86.59
2026/10/09 13:36:55.770, 0, 6, 97871, 0, 80.43
2026/10/09 13:36:55.770, 1, 5, 97871, 0, 99.57
2026/10/09 13:36:55.771, 2, 5, 97871, 0, 91.70
2026/10/09 13:36:55.771, 3, 5, 97871, 0, 86.73
2026/10/09 13:36:56.771, 0, 6, 97871, 0, 80.32
2026/10/09 13:36:56.771, 1, 5, 97871, 0, 99.52
2026/10/09 13:36:56.771, 2, 5, 97871, 0, 91.66
2026/10/09 13:36:56.771, 3, 5, 97871, 0, 86.73
2026/10/09 13:36:57.771, 0, 6, 97871, 0, 80.23
2026/10/09 13:36:57.771, 1, 5, 97871, 0, 100.31
2026/10/09 13:36:57.771, 2, 5, 97871, 0, 91.74
2026/10/09 13:36:57.771, 3, 5, 97871, 0, 87.01
2026/10/09 13:36:58.771, 0, 6, 97871, 0, 79.57
2026/10/09 13:36:58.771, 1, 5, 97871, 0, 100.07
2026/10/09 13:36:58.771, 2, 5, 97871, 0, 91.66
2026/10/09 13:36:58.771, 3, 5, 97871, 0, 86.63
2026/10/09 13:36:59.771, 0, 6, 97871, 0, 80.13
2026/10/09 13:36:59.771, 1, 5, 97871, 0, 100.04
2026/10/09 13:36:59.771, 2, 5, 97871, 0, 91.64
2026/10/09 13:36:59.771, 3, 5, 97871, 0, 86.82
2026/10/09 13:37:00.772, 0, 6, 97871, 0, 80.21
2026/10/09 13:37:00.772, 1, 5, 97871, 0, 99.90
2026/10/09 13:37:00.772, 2, 5, 97871, 0, 91.76
2026/10/09 13:37:00.772, 3, 5, 97871, 0, 86.67
2026/10/09 13:37:01.772, 0, 6, 97871, 0, 80.64
2026/10/09 13:37:01.772, 1, 5, 97871, 0, 100.21
2026/10/09 13:37:01.772, 2, 5, 97871, 0, 91.59
2026/10/09 13:37:01.772, 3, 5, 97871, 0, 87.04
2026/10/09 13:37:02.772, 0, 6, 97871, 0, 79.63
2026/10/09 13:37:02.788, 1, 5, 97871, 0, 99.50
2026/10/09 13:37:02.835, 2, 5, 97871, 0, 91.52
2026/10/09 13:37:02.880, 3, 5, 97871, 0, 86.58
2026/10/09 13:37:03.997, 0, 6, 97871, 0, 79.32
2026/10/09 13:37:04.027, 1, 5, 97871, 0, 99.39
2026/10/09 13:37:04.078, 2, 5, 97871, 0, 91.56
2026/10/09 13:37:04.171, 3, 5, 97871, 0, 86.63
2026/10/09 13:37:05.215, 0, 6, 97871, 0, 80.51
2026/10/09 13:37:05.255, 1, 5, 97871, 0, 99.81
2026/10/09 13:37:05.299, 2, 5, 97871, 0, 91.54
2026/10/09 13:37:05.344, 3, 5, 97871, 0, 86.92
2026/10/09 13:37:06.389, 0, 6, 97871, 0, 80.29
2026/10/09 13:37:06.390, 1, 5, 97871, 0, 99.72
2026/10/09 13:37:06.390, 2, 5, 97871, 0, 91.43
2026/10/09 13:37:06.390, 3, 5, 97871, 0, 86.72
2026/10/09 13:37:07.390, 0, 6, 97871, 0, 80.65
2026/10/09 13:37:07.390, 1, 5, 97871, 0, 99.61
2026/10/09 13:37:07.390, 2, 5, 97871, 0, 91.36
2026/10/09 13:37:07.390, 3, 5, 97871, 0, 86.73
2026/10/09 13:37:08.390, 0, 6, 97871, 0, 80.63
2026/10/09 13:37:08.390, 1, 5, 97871, 0, 99.89
2026/10/09 13:37:08.390, 2, 5, 97871, 0, 91.51
2026/10/09 13:37:08.390, 3, 5, 97871, 0, 86.91
2026/10/09 13:37:09.390, 0, 6, 97871, 0, 80.85
2026/10/09 13:37:09.390, 1, 5, 97871, 0, 100.04
2026/10/09 13:37:09.390, 2, 5, 97871, 0, 91.50
2026/10/09 13:37:09.390, 3, 5, 97871, 0, 86.91
2026/10/09 13:37:10.390, 0, 6, 97871, 0, 80.43
2026/10/09 13:37:10.390, 1, 5, 97871, 0, 99.84
2026/10/09 13:37:10.390, 2, 5, 97871, 0, 91.52
2026/10/09 13:37:10.390, 3, 5, 97871, 0, 86.75
2026/10/09 13:37:11.391, 0, 6, 97871, 0, 80.44
2026/10/09 13:37:11.391, 1, 5, 97871, 0, 100.07
2026/10/09 13:37:11.391, 2, 5, 97871, 0, 91.77
2026/10/09 13:37:11.391, 3, 5, 97871, 0, 86.71
2026/10/09 13:37:12.391, 0, 6, 97871, 0, 80.64
2026/10/09 13:37:12.391, 1, 5, 97871, 0, 100.03
2026/10/09 13:37:12.391, 2, 5, 97871, 0, 92.04
2026/10/09 13:37:12.391, 3, 5, 97871, 0, 86.86
2026/10/09 13:37:13.391, 0, 6, 97871, 0, 80.53
2026/10/09 13:37:13.391, 1, 5, 97871, 0, 99.91
2026/10/09 13:37:13.391, 2, 5, 97871, 0, 91.77
2026/10/09 13:37:13.391, 3, 5, 97871, 0, 86.79
2026/10/09 13:37:14.391, 0, 6, 97871, 0, 80.38
2026/10/09 13:37:14.437, 1, 5, 97871, 0, 100.05
2026/10/09 13:37:14.485, 2, 5, 97871, 0, 91.71
2026/10/09 13:37:14.530, 3, 5, 97871, 0, 86.83
2026/10/09 13:37:15.530, 0, 6, 97871, 0, 80.79
2026/10/09 13:37:15.568, 1, 5, 97871, 0, 99.88
2026/10/09 13:37:15.636, 2, 5, 97871, 0, 91.49
2026/10/09 13:37:15.731, 3, 5, 97871, 0, 86.54
2026/10/09 13:37:16.731, 0, 6, 97871, 0, 80.29
2026/10/09 13:37:16.731, 1, 5, 97871, 0, 99.90
2026/10/09 13:37:16.731, 2, 5, 97871, 0, 91.66
2026/10/09 13:37:16.732, 3, 5, 97871, 0, 86.66
2026/10/09 13:37:17.732, 0, 6, 97871, 0, 80.53
2026/10/09 13:37:17.807, 1, 5, 97871, 0, 99.74
2026/10/09 13:37:17.807, 2, 5, 97871, 0, 91.53
2026/10/09 13:37:17.830, 3, 5, 97871, 0, 86.62
2026/10/09 13:37:18.830, 0, 6, 97871, 0, 80.70
2026/10/09 13:37:18.830, 1, 5, 97871, 0, 99.86
2026/10/09 13:37:18.830, 2, 5, 97871, 0, 91.49
2026/10/09 13:37:18.830, 3, 5, 97871, 0, 86.75
2026/10/09 13:37:19.830, 0, 6, 97871, 0, 80.69
2026/10/09 13:37:19.830, 1, 5, 97871, 0, 100.01
2026/10/09 13:37:19.830, 2, 5, 97871, 0, 91.47
2026/10/09 13:37:19.830, 3, 5, 97871, 0, 86.79
2026/10/09 13:37:20.831, 0, 6, 97871, 0, 80.88
2026/10/09 13:37:20.831, 1, 5, 97871, 0, 99.74
2026/10/09 13:37:20.831, 2, 5, 97871, 0, 91.51
2026/10/09 13:37:20.831, 3, 5, 97871, 0, 86.58
2026/10/09 13:37:21.831, 0, 6, 97871, 0, 81.03
2026/10/09 13:37:21.831, 1, 5, 97871, 0, 99.83
2026/10/09 13:37:21.831, 2, 5, 97871, 0, 91.73
2026/10/09 13:37:21.831, 3, 5, 97871, 0, 86.67
2026/10/09 13:37:22.831, 0, 6, 97871, 0, 80.78
2026/10/09 13:37:22.831, 1, 5, 97871, 0, 99.77
2026/10/09 13:37:22.831, 2, 5, 97871, 0, 91.61
2026/10/09 13:37:22.831, 3, 5, 97871, 0, 86.67
2026/10/09 13:37:23.832, 0, 6, 97871, 0, 80.74
2026/10/09 13:37:23.832, 1, 5, 97871, 0, 100.56
2026/10/09 13:37:23.832, 2, 5, 97871, 0, 91.67
2026/10/09 13:37:23.832, 3, 5, 97871, 0, 87.11
2026/10/09 13:37:24.832, 0, 6, 97871, 0, 80.42
2026/10/09 13:37:24.832, 1, 5, 97871, 0, 100.18
2026/10/09 13:37:24.832, 2, 5, 97871, 0, 91.62
2026/10/09 13:37:24.832, 3, 5, 97871, 0, 86.82
2026/10/09 13:37:25.832, 0, 6, 97871, 0, 80.56
2026/10/09 13:37:25.833, 1, 5, 97871, 0, 99.93
2026/10/09 13:37:25.833, 2, 5, 97871, 0, 91.59
2026/10/09 13:37:25.833, 3, 5, 97871, 0, 86.58
2026/10/09 13:37:26.833, 0, 6, 97871, 0, 80.57
2026/10/09 13:37:26.833, 1, 5, 97871, 0, 100.15
2026/10/09 13:37:26.833, 2, 5, 97871, 0, 91.47
2026/10/09 13:37:26.833, 3, 5, 97871, 0, 86.35
2026/10/09 13:37:27.833, 0, 6, 97871, 0, 80.69
2026/10/09 13:37:27.833, 1, 5, 97871, 0, 100.17
2026/10/09 13:37:27.833, 2, 5, 97871, 0, 91.47
2026/10/09 13:37:27.833, 3, 5, 97871, 0, 86.69
2026/10/09 13:37:28.833, 0, 6, 97871, 0, 81.01
2026/10/09 13:37:28.834, 1, 5, 97871, 0, 100.25
2026/10/09 13:37:28.834, 2, 5, 97871, 0, 91.43
2026/10/09 13:37:28.834, 3, 5, 97871, 0, 86.48
2026/10/09 13:37:29.834, 0, 6, 97871, 0, 80.85
2026/10/09 13:37:29.834, 1, 5, 97871, 0, 100.12
2026/10/09 13:37:29.834, 2, 5, 97871, 0, 91.39
2026/10/09 13:37:29.834, 3, 5, 97871, 0, 86.53
2026/10/09 13:37:30.834, 0, 6, 97871, 0, 81.00
2026/10/09 13:37:30.834, 1, 5, 97871, 0, 100.23
2026/10/09 13:37:30.834, 2, 5, 97871, 0, 91.56
2026/10/09 13:37:30.834, 3, 5, 97871, 0, 86.48
2026/10/09 13:37:31.834, 0, 6, 97871, 0, 80.87
2026/10/09 13:37:31.834, 1, 5, 97871, 0, 100.12
2026/10/09 13:37:31.834, 2, 5, 97871, 0, 91.57
2026/10/09 13:37:31.834, 3, 5, 97871, 0, 86.70
2026/10/09 13:37:32.834, 0, 6, 97871, 0, 80.85
2026/10/09 13:37:32.834, 1, 5, 97871, 0, 100.18
2026/10/09 13:37:32.834, 2, 5, 97871, 0, 91.62
2026/10/09 13:37:32.834, 3, 5, 97871, 0, 86.79
2026/10/09 13:37:33.834, 0, 6, 97871, 0, 80.79
2026/10/09 13:37:33.835, 1, 5, 97871, 0, 100.20
2026/10/09 13:37:33.835, 2, 5, 97871, 0, 91.46
2026/10/09 13:37:33.835, 3, 5, 97871, 0, 86.61
2026/10/09 13:37:34.835, 0, 6, 97871, 0, 80.96
2026/10/09 13:37:34.835, 1, 5, 97871, 0, 100.29
2026/10/09 13:37:34.835, 2, 5, 97871, 0, 91.52
2026/10/09 13:37:34.835, 3, 5, 97871, 0, 86.50
2026/10/09 13:37:35.835, 0, 6, 97871, 0, 80.87
2026/10/09 13:37:35.835, 1, 5, 97871, 0, 100.28
2026/10/09 13:37:35.835, 2, 5, 97871, 0, 91.53
2026/10/09 13:37:35.835, 3, 5, 97871, 0, 86.49
2026/10/09 13:37:36.835, 0, 6, 97871, 0, 80.68
2026/10/09 13:37:36.835, 1, 5, 97871, 0, 100.31
2026/10/09 13:37:36.835, 2, 5, 97871, 0, 91.42
2026/10/09 13:37:36.835, 3, 5, 97871, 0, 86.60
2026/10/09 13:37:37.835, 0, 6, 97871, 0, 80.79
2026/10/09 13:37:37.835, 1, 5, 97871, 0, 100.11
2026/10/09 13:37:37.835, 2, 5, 97871, 0, 91.40
2026/10/09 13:37:37.835, 3, 5, 97871, 0, 86.57
2026/10/09 13:37:38.835, 0, 6, 97871, 0, 80.94
2026/10/09 13:37:38.835, 1, 5, 97871, 0, 100.46
2026/10/09 13:37:38.835, 2, 5, 97871, 0, 91.46
2026/10/09 13:37:38.836, 3, 5, 97871, 0, 86.62
2026/10/09 13:37:39.836, 0, 6, 97871, 0, 80.79
2026/10/09 13:37:39.836, 1, 5, 97871, 0, 100.37
2026/10/09 13:37:39.836, 2, 5, 97871, 0, 91.51
2026/10/09 13:37:39.836, 3, 5, 97871, 0, 86.66
2026/10/09 13:37:40.836, 0, 6, 97871, 0, 80.93
2026/10/09 13:37:40.836, 1, 5, 97871, 0, 100.17
2026/10/09 13:37:40.836, 2, 5, 97871, 0, 91.40
2026/10/09 13:37:40.836, 3, 5, 97871, 0, 86.60
2026/10/09 13:37:41.836, 0, 6, 97871, 0, 81.08
2026/10/09 13:37:41.836, 1, 5, 97871, 0, 100.26
2026/10/09 13:37:41.836, 2, 5, 97871, 0, 91.44
2026/10/09 13:37:41.836, 3, 5, 97871, 0, 86.52
2026/10/09 13:37:42.836, 0, 6, 97871, 0, 81.14
2026/10/09 13:37:42.836, 1, 5, 97871, 0, 100.45
2026/10/09 13:37:42.836, 2, 5, 97871, 0, 91.40
2026/10/09 13:37:42.836, 3, 5, 97871, 0, 86.33
2026/10/09 13:37:43.836, 0, 6, 97871, 0, 80.94
2026/10/09 13:37:43.836, 1, 5, 97871, 0, 100.39
2026/10/09 13:37:43.836, 2, 5, 97871, 0, 91.42
2026/10/09 13:37:43.837, 3, 5, 97871, 0, 86.67
2026/10/09 13:37:44.837, 0, 6, 97871, 0, 81.01
2026/10/09 13:37:44.837, 1, 5, 97871, 0, 100.33
2026/10/09 13:37:44.837, 2, 5, 97871, 0, 91.47
2026/10/09 13:37:44.837, 3, 5, 97871, 0, 86.52
2026/10/09 13:37:45.837, 0, 6, 97871, 0, 80.93
2026/10/09 13:37:45.837, 1, 5, 97871, 0, 100.40
2026/10/09 13:37:45.837, 2, 5, 97871, 0, 91.56
2026/10/09 13:37:45.837, 3, 5, 97871, 0, 86.67
2026/10/09 13:37:46.837, 0, 6, 97871, 0, 80.86
2026/10/09 13:37:46.837, 1, 5, 97871, 0, 100.36
2026/10/09 13:37:46.837, 2, 5, 97871, 0, 91.43
2026/10/09 13:37:46.837, 3, 5, 97871, 0, 86.44
2026/10/09 13:37:47.837, 0, 6, 97871, 0, 80.58
2026/10/09 13:37:47.837, 1, 5, 97871, 0, 100.28
2026/10/09 13:37:47.837, 2, 5, 97871, 0, 91.45
2026/10/09 13:37:47.837, 3, 5, 97871, 0, 86.60
2026/10/09 13:37:48.837, 0, 6, 97871, 0, 80.76
2026/10/09 13:37:48.837, 1, 5, 97871, 0, 100.29
2026/10/09 13:37:48.838, 2, 5, 97871, 0, 91.32
2026/10/09 13:37:48.838, 3, 5, 97871, 0, 86.68
2026/10/09 13:37:49.838, 0, 6, 97871, 0, 80.91
2026/10/09 13:37:49.838, 1, 5, 97871, 0, 100.35
2026/10/09 13:37:49.838, 2, 5, 97871, 0, 91.49
2026/10/09 13:37:49.838, 3, 5, 97871, 0, 86.42
2026/10/09 13:37:50.838, 0, 6, 97871, 0, 80.80
2026/10/09 13:37:50.838, 1, 5, 97871, 0, 100.16
2026/10/09 13:37:50.838, 2, 5, 97871, 0, 91.45
2026/10/09 13:37:50.838, 3, 5, 97871, 0, 86.63
2026/10/09 13:37:51.838, 0, 6, 97871, 0, 80.66
2026/10/09 13:37:51.838, 1, 5, 97871, 0, 100.16
2026/10/09 13:37:51.838, 2, 5, 97871, 0, 91.50
2026/10/09 13:37:51.838, 3, 5, 97871, 0, 86.66
2026/10/09 13:37:52.838, 0, 6, 97871, 0, 80.81
2026/10/09 13:37:52.838, 1, 5, 97871, 0, 100.18
2026/10/09 13:37:52.838, 2, 5, 97871, 0, 91.42
2026/10/09 13:37:52.838, 3, 5, 97871, 0, 86.65
2026/10/09 13:37:53.838, 0, 6, 97871, 0, 80.81
2026/10/09 13:37:53.838, 1, 5, 97871, 0, 100.11
2026/10/09 13:37:53.839, 2, 5, 97871, 0, 91.51
2026/10/09 13:37:53.839, 3, 5, 97871, 0, 86.72
2026/10/09 13:37:54.839, 0, 6, 97871, 0, 80.70
2026/10/09 13:37:54.839, 1, 5, 97871, 0, 100.14
2026/10/09 13:37:54.839, 2, 5, 97871, 0, 91.53
2026/10/09 13:37:54.839, 3, 5, 97871, 0, 86.58
2026/10/09 13:37:55.839, 0, 6, 97871, 0, 80.80
2026/10/09 13:37:55.839, 1, 5, 97871, 0, 100.32
2026/10/09 13:37:55.839, 2, 5, 97871, 0, 91.55
2026/10/09 13:37:55.839, 3, 5, 97871, 0, 86.81
2026/10/09 13:37:56.839, 0, 6, 97871, 0, 80.84
2026/10/09 13:37:56.839, 1, 5, 97871, 0, 100.36
2026/10/09 13:37:56.839, 2, 5, 97871, 0, 91.51
2026/10/09 13:37:56.839, 3, 5, 97871, 0, 86.72
2026/10/09 13:37:57.839, 0, 6, 97871, 0, 80.88
2026/10/09 13:37:57.839, 1, 5, 97871, 0, 100.26
2026/10/09 13:37:57.839, 2, 5, 97871, 0, 91.54
2026/10/09 13:37:57.839, 3, 5, 97871, 0, 86.64
2026/10/09 13:37:58.839, 0, 6, 97871, 0, 80.72
2026/10/09 13:37:58.839, 1, 5, 97871, 0, 99.97
2026/10/09 13:37:58.840, 2, 5, 97871, 0, 91.41
2026/10/09 13:37:58.840, 3, 5, 97871, 0, 86.69
2026/10/09 13:37:59.840, 0, 6, 97871, 0, 80.79
2026/10/09 13:37:59.840, 1, 5, 97871, 0, 100.29
2026/10/09 13:37:59.840, 2, 5, 97871, 0, 91.53
2026/10/09 13:37:59.840, 3, 5, 97871, 0, 86.71
2026/10/09 13:38:00.840, 0, 6, 97871, 0, 81.10
2026/10/09 13:38:00.840, 1, 5, 97871, 0, 100.20
2026/10/09 13:38:00.840, 2, 5, 97871, 0, 91.53
2026/10/09 13:38:00.840, 3, 5, 97871, 0, 86.68
2026/10/09 13:38:01.840, 0, 6, 97871, 0, 80.68
2026/10/09 13:38:01.840, 1, 5, 97871, 0, 100.12
2026/10/09 13:38:01.840, 2, 5, 97871, 0, 91.66
2026/10/09 13:38:01.840, 3, 5, 97871, 0, 86.73
2026/10/09 13:38:02.840, 0, 6, 97871, 0, 80.78
2026/10/09 13:38:02.845, 1, 5, 97871, 0, 100.07
2026/10/09 13:38:02.845, 2, 5, 97871, 0, 91.59
2026/10/09 13:38:02.845, 3, 5, 97871, 0, 86.76
2026/10/09 13:38:03.845, 0, 6, 97871, 0, 81.05
2026/10/09 13:38:03.845, 1, 5, 97871, 0, 100.15
2026/10/09 13:38:03.845, 2, 5, 97871, 0, 91.61
2026/10/09 13:38:03.845, 3, 5, 97871, 0, 86.74
2026/10/09 13:38:04.846, 0, 6, 97871, 0, 81.10
2026/10/09 13:38:04.846, 1, 5, 97871, 0, 100.09
2026/10/09 13:38:04.846, 2, 5, 97871, 0, 91.49
2026/10/09 13:38:04.846, 3, 5, 97871, 0, 86.72
2026/10/09 13:38:05.846, 0, 6, 97871, 0, 80.74
2026/10/09 13:38:05.846, 1, 5, 97871, 0, 100.13
2026/10/09 13:38:05.846, 2, 5, 97871, 0, 91.37
2026/10/09 13:38:05.846, 3, 5, 97871, 0, 86.75
2026/10/09 13:38:06.846, 0, 6, 97871, 0, 80.68
2026/10/09 13:38:06.846, 1, 5, 97871, 0, 100.26
2026/10/09 13:38:06.846, 2, 5, 97871, 0, 91.43
2026/10/09 13:38:06.846, 3, 5, 97871, 0, 86.80
2026/10/09 13:38:07.846, 0, 6, 97871, 0, 80.62
2026/10/09 13:38:07.846, 1, 5, 97871, 0, 100.17
2026/10/09 13:38:07.846, 2, 5, 97871, 0, 91.33
2026/10/09 13:38:07.846, 3, 5, 97871, 0, 86.61
2026/10/09 13:38:08.846, 0, 6, 97871, 0, 81.02
2026/10/09 13:38:08.846, 1, 5, 97871, 0, 100.26
2026/10/09 13:38:08.846, 2, 5, 97871, 0, 91.44
2026/10/09 13:38:08.846, 3, 5, 97871, 0, 86.70
2026/10/09 13:38:09.846, 0, 6, 97871, 0, 81.59
2026/10/09 13:38:09.846, 1, 5, 97871, 0, 100.21
2026/10/09 13:38:09.846, 2, 5, 97871, 0, 91.64
2026/10/09 13:38:09.846, 3, 5, 97871, 0, 86.77
2026/10/09 13:38:10.847, 0, 6, 97871, 0, 81.27
2026/10/09 13:38:10.847, 1, 5, 97871, 0, 100.18
2026/10/09 13:38:10.847, 2, 5, 97871, 0, 91.45
2026/10/09 13:38:10.847, 3, 5, 97871, 0, 86.75
2026/10/09 13:38:11.847, 0, 6, 97871, 0, 81.12
2026/10/09 13:38:11.876, 1, 5, 97871, 0, 100.05
2026/10/09 13:38:11.948, 2, 5, 97871, 0, 91.51
2026/10/09 13:38:11.998, 3, 5, 97871, 0, 86.63
2026/10/09 13:38:12.999, 0, 6, 97871, 0, 80.41
2026/10/09 13:38:13.001, 1, 5, 97871, 0, 100.07
2026/10/09 13:38:13.003, 2, 5, 97871, 0, 91.61
2026/10/09 13:38:13.005, 3, 5, 97871, 0, 86.73
2026/10/09 13:38:14.006, 0, 6, 97871, 0, 80.68
2026/10/09 13:38:14.157, 1, 5, 97871, 0, 100.31
2026/10/09 13:38:14.157, 2, 5, 97871, 0, 91.53
2026/10/09 13:38:14.157, 3, 5, 97871, 0, 86.66
2026/10/09 13:38:15.158, 0, 730, 97871, 0, 86.85
2026/10/09 13:38:15.158, 1, 5, 97871, 0, 100.24
2026/10/09 13:38:15.158, 2, 5, 97871, 0, 91.55
2026/10/09 13:38:15.158, 3, 5, 97871, 0, 86.72
2026/10/09 13:38:16.158, 0, 3214, 97871, 0, 125.84
2026/10/09 13:38:16.158, 1, 5, 97871, 0, 100.23
2026/10/09 13:38:16.158, 2, 5, 97871, 0, 91.64
2026/10/09 13:38:16.158, 3, 5, 97871, 0, 87.01
2026/10/09 13:38:17.158, 0, 3214, 97871, 0, 125.53
2026/10/09 13:38:17.158, 1, 5, 97871, 0, 100.36
2026/10/09 13:38:17.158, 2, 5, 97871, 0, 91.59
2026/10/09 13:38:17.158, 3, 5, 97871, 0, 87.35
2026/10/09 13:38:18.159, 0, 16350, 97871, 0, 125.84
2026/10/09 13:38:18.159, 1, 5, 97871, 0, 100.22
2026/10/09 13:38:18.159, 2, 5, 97871, 0, 91.63
2026/10/09 13:38:18.159, 3, 5, 97871, 0, 86.90
2026/10/09 13:38:19.159, 0, 20216, 97871, 0, 125.92
2026/10/09 13:38:19.159, 1, 5, 97871, 0, 100.17
2026/10/09 13:38:19.159, 2, 5, 97871, 0, 91.59
2026/10/09 13:38:19.159, 3, 5, 97871, 0, 86.62
2026/10/09 13:38:20.159, 0, 20626, 97871, 0, 125.76
2026/10/09 13:38:20.159, 1, 5, 97871, 0, 99.94
2026/10/09 13:38:20.159, 2, 5, 97871, 0, 91.55
2026/10/09 13:38:20.159, 3, 5, 97871, 0, 86.53
2026/10/09 13:38:21.159, 0, 20626, 97871, 0, 126.13
2026/10/09 13:38:21.159, 1, 5, 97871, 0, 99.96
2026/10/09 13:38:21.160, 2, 5, 97871, 0, 91.60
2026/10/09 13:38:21.160, 3, 5, 97871, 0, 86.63
2026/10/09 13:38:22.160, 0, 20626, 97871, 0, 127.69
2026/10/09 13:38:22.160, 1, 5, 97871, 0, 101.57
2026/10/09 13:38:22.160, 2, 5, 97871, 0, 91.74
2026/10/09 13:38:22.160, 3, 5, 97871, 0, 87.21
2026/10/09 13:38:23.160, 0, 20626, 97871, 1, 127.29
2026/10/09 13:38:23.160, 1, 5, 97871, 0, 101.81
2026/10/09 13:38:23.160, 2, 5, 97871, 0, 91.67
2026/10/09 13:38:23.160, 3, 5, 97871, 0, 87.04
2026/10/09 13:38:24.161, 0, 20626, 97871, 2, 127.65
2026/10/09 13:38:24.161, 1, 5, 97871, 0, 101.50
2026/10/09 13:38:24.161, 2, 5, 97871, 0, 91.52
2026/10/09 13:38:24.161, 3, 5, 97871, 0, 86.91
2026/10/09 13:38:25.161, 0, 20625, 97871, 2, 127.74
2026/10/09 13:38:25.187, 1, 5, 97871, 0, 100.63
2026/10/09 13:38:25.210, 2, 5, 97871, 0, 91.37
2026/10/09 13:38:25.257, 3, 5, 97871, 0, 86.62
2026/10/09 13:38:26.257, 0, 20625, 97871, 0, 126.46
2026/10/09 13:38:26.257, 1, 5, 97871, 0, 100.05
2026/10/09 13:38:26.257, 2, 5, 97871, 0, 91.43
2026/10/09 13:38:26.257, 3, 5, 97871, 0, 86.68
2026/10/09 13:38:27.258, 0, 20625, 97871, 0, 125.75
2026/10/09 13:38:27.361, 1, 5, 97871, 0, 99.55
2026/10/09 13:38:27.361, 2, 5, 97871, 0, 91.45
2026/10/09 13:38:27.361, 3, 5, 97871, 0, 86.66
2026/10/09 13:38:28.361, 0, 18521, 97871, 0, 125.46
2026/10/09 13:38:28.362, 1, 987, 97871, 3, 119.40
2026/10/09 13:38:28.362, 2, 5, 97871, 0, 91.37
2026/10/09 13:38:28.362, 3, 7, 97871, 0, 86.74
2026/10/09 13:38:29.362, 0, 18935, 97871, 0, 125.71
2026/10/09 13:38:29.362, 1, 20755, 97871, 0, 147.98
2026/10/09 13:38:29.362, 2, 5, 97871, 0, 91.35
2026/10/09 13:38:29.362, 3, 3343, 97871, 0, 118.57
2026/10/09 13:38:30.362, 0, 18935, 97871, 0, 128.02
2026/10/09 13:38:30.362, 1, 20755, 97871, 0, 149.90
2026/10/09 13:38:30.362, 2, 5, 97871, 0, 91.38
2026/10/09 13:38:30.362, 3, 20755, 97871, 6, 137.95
2026/10/09 13:38:31.362, 0, 18935, 97871, 0, 127.76
2026/10/09 13:38:31.362, 1, 20755, 97871, 7, 149.24
2026/10/09 13:38:31.362, 2, 5, 97871, 0, 91.36
2026/10/09 13:38:31.362, 3, 20755, 97871, 7, 136.82
2026/10/09 13:38:32.363, 0, 18935, 97871, 0, 127.82
2026/10/09 13:38:32.363, 1, 25055, 97871, 5, 148.54
2026/10/09 13:38:32.363, 2, 4, 97871, 0, 91.37
2026/10/09 13:38:32.363, 3, 20755, 97871, 7, 137.14
2026/10/09 13:38:33.363, 0, 18935, 97871, 0, 127.24
2026/10/09 13:38:33.456, 1, 25055, 97871, 2, 146.19
2026/10/09 13:38:33.533, 2, 4, 97871, 0, 91.38
2026/10/09 13:38:33.534, 3, 23855, 97871, 0, 137.09
2026/10/09 13:38:34.534, 0, 18935, 97871, 0, 126.82
2026/10/09 13:38:34.534, 1, 25055, 97871, 2, 146.26
2026/10/09 13:38:34.534, 2, 4, 97871, 0, 91.51
2026/10/09 13:38:34.534, 3, 19673, 97871, 0, 135.79
2026/10/09 13:38:35.534, 0, 18935, 97871, 0, 126.00
2026/10/09 13:38:35.534, 1, 25135, 97871, 0, 146.13
2026/10/09 13:38:35.534, 2, 4, 97871, 0, 91.40
2026/10/09 13:38:35.534, 3, 19673, 97871, 0, 136.02
2026/10/09 13:38:36.534, 0, 18935, 97871, 0, 125.85
2026/10/09 13:38:36.535, 1, 22469, 97871, 0, 146.09
2026/10/09 13:38:36.535, 2, 4, 97871, 0, 91.33
2026/10/09 13:38:36.535, 3, 19673, 97871, 0, 135.43
2026/10/09 13:38:37.535, 0, 19127, 97871, 0, 125.60
2026/10/09 13:38:37.596, 1, 22469, 97871, 0, 145.83
2026/10/09 13:38:37.626, 2, 6, 97871, 0, 92.01
2026/10/09 13:38:37.652, 3, 19673, 97871, 0, 135.49
2026/10/09 13:38:38.679, 0, 19187, 97871, 0, 161.14
2026/10/09 13:38:38.679, 1, 22469, 97871, 0, 145.95
2026/10/09 13:38:38.679, 2, 3342, 97871, 1, 114.91
2026/10/09 13:38:38.679, 3, 19673, 97871, 0, 135.72
2026/10/09 13:38:39.679, 0, 19187, 97871, 8, 143.43
2026/10/09 13:38:39.679, 1, 22469, 97871, 0, 146.72
2026/10/09 13:38:39.679, 2, 20754, 97871, 11, 138.99
2026/10/09 13:38:39.679, 3, 19673, 97871, 0, 135.51
2026/10/09 13:38:40.680, 0, 19599, 97871, 40, 190.42
2026/10/09 13:38:40.680, 1, 22469, 97871, 0, 147.75
2026/10/09 13:38:40.680, 2, 20754, 97871, 7, 137.88
2026/10/09 13:38:40.680, 3, 19673, 97871, 0, 135.68
2026/10/09 13:38:41.680, 0, 19599, 97871, 0, 175.79
2026/10/09 13:38:41.680, 1, 22469, 97871, 0, 147.02
2026/10/09 13:38:41.680, 2, 20754, 97871, 9, 138.11
2026/10/09 13:38:41.680, 3, 19865, 97871, 0, 135.62
2026/10/09 13:38:42.680, 0, 19599, 97871, 0, 126.64
2026/10/09 13:38:42.680, 1, 22469, 97871, 0, 146.60
2026/10/09 13:38:42.680, 2, 25134, 97871, 11, 138.45
2026/10/09 13:38:42.680, 3, 19925, 97871, 0, 170.63
2026/10/09 13:38:43.680, 0, 19599, 97871, 0, 195.15
2026/10/09 13:38:43.680, 1, 22661, 97871, 0, 146.43
2026/10/09 13:38:43.680, 2, 22436, 97871, 0, 136.85
2026/10/09 13:38:43.681, 3, 19925, 97871, 19, 154.33
2026/10/09 13:38:44.681, 0, 19599, 97871, 0, 126.93
2026/10/09 13:38:44.681, 1, 22721, 97871, 0, 184.02
2026/10/09 13:38:44.681, 2, 22436, 97871, 0, 136.67
2026/10/09 13:38:44.681, 3, 20337, 97871, 33, 193.78
2026/10/09 13:38:45.681, 0, 19599, 97871, 0, 126.69
2026/10/09 13:38:45.681, 1, 22817, 97871, 21, 200.62
2026/10/09 13:38:45.681, 2, 22436, 97871, 0, 136.69
2026/10/09 13:38:45.681, 3, 20337, 97871, 0, 184.16
2026/10/09 13:38:46.681, 0, 19599, 97871, 0, 126.54
2026/10/09 13:38:46.681, 1, 23133, 97871, 1, 181.18
2026/10/09 13:38:46.681, 2, 22436, 97871, 0, 136.88
2026/10/09 13:38:46.682, 3, 20337, 97871, 0, 134.55
2026/10/09 13:38:47.682, 0, 20271, 97871, 0, 239.23
2026/10/09 13:38:47.682, 1, 23133, 97871, 0, 178.68
2026/10/09 13:38:47.682, 2, 22436, 97871, 0, 136.69
2026/10/09 13:38:47.682, 3, 20337, 97871, 0, 203.75
2026/10/09 13:38:48.682, 0, 20271, 97871, 0, 125.42
2026/10/09 13:38:48.682, 1, 23133, 97871, 30, 179.53
2026/10/09 13:38:48.682, 2, 22436, 97871, 0, 136.59
2026/10/09 13:38:48.682, 3, 20337, 97871, 0, 134.65
2026/10/09 13:38:49.682, 0, 20271, 97871, 94, 149.82
2026/10/09 13:38:49.682, 1, 23133, 97871, 0, 185.09
2026/10/09 13:38:49.682, 2, 22436, 97871, 0, 136.60
2026/10/09 13:38:49.682, 3, 20337, 97871, 0, 134.49
2026/10/09 13:38:50.683, 0, 20271, 97871, 0, 156.70
2026/10/09 13:38:50.683, 1, 23133, 97871, 0, 145.71
2026/10/09 13:38:50.683, 2, 22436, 97871, 0, 136.61
2026/10/09 13:38:50.683, 3, 20337, 97871, 0, 134.65
2026/10/09 13:38:51.683, 0, 20271, 97871, 0, 126.24
2026/10/09 13:38:51.683, 1, 23133, 97871, 0, 145.36
2026/10/09 13:38:51.683, 2, 22688, 97871, 76, 160.60
2026/10/09 13:38:51.683, 3, 21009, 97871, 0, 238.15
2026/10/09 13:38:52.683, 0, 20271, 97871, 0, 125.79
2026/10/09 13:38:52.683, 1, 23805, 97871, 96, 207.15
2026/10/09 13:38:52.683, 2, 22688, 97871, 0, 168.88
2026/10/09 13:38:52.683, 3, 21009, 97871, 0, 134.81
2026/10/09 13:38:53.683, 0, 20335, 97871, 92, 161.00
2026/10/09 13:38:53.684, 1, 23805, 97871, 0, 191.64
2026/10/09 13:38:53.684, 2, 23100, 97871, 1, 185.81
2026/10/09 13:38:53.684, 3, 21009, 97871, 2, 241.66
2026/10/09 13:38:54.684, 0, 21007, 97871, 1, 414.16
2026/10/09 13:38:54.684, 1, 23805, 97871, 0, 145.74
2026/10/09 13:38:54.684, 2, 23100, 97871, 77, 189.93
2026/10/09 13:38:54.684, 3, 21009, 97871, 0, 135.29
2026/10/09 13:38:55.684, 0, 21007, 97871, 0, 126.08
2026/10/09 13:38:55.684, 1, 23805, 97871, 0, 249.01
2026/10/09 13:38:55.684, 2, 23100, 97871, 0, 138.46
2026/10/09 13:38:55.684, 3, 21009, 97871, 0, 134.83
2026/10/09 13:38:56.684, 0, 79735, 97871, 3, 134.28
2026/10/09 13:38:56.684, 1, 23805, 97871, 0, 145.90
2026/10/09 13:38:56.684, 2, 23100, 97871, 4, 202.67
2026/10/09 13:38:56.684, 3, 21009, 97871, 0, 185.42
2026/10/09 13:38:57.685, 0, 77967, 97871, 23, 314.09
2026/10/09 13:38:57.685, 1, 23805, 97871, 0, 145.75
2026/10/09 13:38:57.685, 2, 23100, 97871, 0, 136.04
2026/10/09 13:38:57.685, 3, 21009, 97871, 0, 134.77
2026/10/09 13:38:58.685, 0, 78017, 97871, 13, 206.50
2026/10/09 13:38:58.685, 1, 23805, 97871, 0, 195.64
2026/10/09 13:38:58.685, 2, 23100, 97871, 0, 135.31
2026/10/09 13:38:58.685, 3, 21009, 97871, 0, 134.58
2026/10/09 13:38:59.685, 0, 78103, 97871, 14, 172.71
2026/10/09 13:38:59.685, 1, 23805, 97871, 0, 146.40
2026/10/09 13:38:59.685, 2, 23100, 97871, 0, 135.45
2026/10/09 13:38:59.685, 3, 21009, 97871, 0, 134.55
2026/10/09 13:39:00.686, 0, 78387, 97871, 19, 199.76
2026/10/09 13:39:00.686, 1, 23805, 97871, 0, 146.03
2026/10/09 13:39:00.686, 2, 23772, 97871, 0, 241.92
2026/10/09 13:39:00.686, 3, 22417, 97871, 100, 417.85
2026/10/09 13:39:01.686, 0, 78363, 97871, 0, 150.53
2026/10/09 13:39:01.686, 1, 23869, 97871, 83, 219.75
2026/10/09 13:39:01.686, 2, 23772, 97871, 0, 135.89
2026/10/09 13:39:01.686, 3, 22417, 97871, 0, 225.05
2026/10/09 13:39:02.686, 0, 78363, 97871, 0, 126.03
2026/10/09 13:39:02.686, 1, 25213, 97871, 31, 435.51
2026/10/09 13:39:02.686, 2, 23772, 97871, 93, 204.72
2026/10/09 13:39:02.686, 3, 22417, 97871, 0, 135.32
2026/10/09 13:39:03.686, 0, 78619, 97871, 13, 133.90
2026/10/09 13:39:03.686, 1, 25213, 97871, 0, 146.61
2026/10/09 13:39:03.686, 2, 23772, 97871, 0, 170.26
2026/10/09 13:39:03.687, 3, 24501, 97871, 0, 136.74
2026/10/09 13:39:04.687, 0, 78881, 97871, 0, 126.14
2026/10/09 13:39:04.687, 1, 25213, 97871, 0, 146.12
2026/10/09 13:39:04.687, 2, 23772, 97871, 0, 135.62
2026/10/09 13:39:04.687, 3, 24501, 97871, 0, 176.87
2026/10/09 13:39:05.687, 0, 78881, 97871, 0, 126.94
2026/10/09 13:39:05.687, 1, 25213, 97871, 0, 154.50
2026/10/09 13:39:05.687, 2, 23772, 97871, 15, 186.38
2026/10/09 13:39:05.687, 3, 24501, 97871, 24, 194.05
2026/10/09 13:39:06.687, 0, 79407, 97871, 0, 126.19
2026/10/09 13:39:06.687, 1, 25213, 97871, 24, 155.66
2026/10/09 13:39:06.687, 2, 23772, 97871, 0, 135.77
2026/10/09 13:39:06.688, 3, 24501, 97871, 0, 154.40
2026/10/09 13:39:07.688, 0, 79409, 97871, 0, 133.92
2026/10/09 13:39:07.688, 1, 25213, 97871, 0, 161.21
2026/10/09 13:39:07.688, 2, 23772, 97871, 0, 135.58
2026/10/09 13:39:07.688, 3, 24501, 97871, 28, 145.91
2026/10/09 13:39:08.688, 0, 79409, 97871, 0, 127.29
2026/10/09 13:39:08.688, 1, 25213, 97871, 0, 152.22
2026/10/09 13:39:08.688, 2, 23772, 97871, 0, 135.50
2026/10/09 13:39:08.688, 3, 24501, 97871, 89, 235.07
2026/10/09 13:39:09.688, 0, 79409, 97871, 0, 126.77
2026/10/09 13:39:09.689, 1, 27297, 97871, 0, 157.76
2026/10/09 13:39:09.689, 2, 24508, 97871, 90, 290.77
2026/10/09 13:39:09.689, 3, 24503, 97871, 0, 296.94
2026/10/09 13:39:10.689, 0, 79409, 97871, 0, 126.46
2026/10/09 13:39:10.689, 1, 27297, 97871, 0, 145.90
2026/10/09 13:39:10.689, 2, 25180, 97871, 0, 345.38
2026/10/09 13:39:10.689, 3, 24503, 97871, 0, 137.62
2026/10/09 13:39:11.689, 0, 79409, 97871, 0, 127.03
2026/10/09 13:39:11.690, 1, 27297, 97871, 0, 146.03
2026/10/09 13:39:11.690, 2, 25180, 97871, 0, 136.46
2026/10/09 13:39:11.690, 3, 38425, 97871, 0, 134.65
2026/10/09 13:39:12.690, 0, 79409, 97871, 0, 126.73
2026/10/09 13:39:12.690, 1, 27297, 97871, 0, 192.07
2026/10/09 13:39:12.690, 2, 25180, 97871, 0, 135.80
2026/10/09 13:39:12.690, 3, 79227, 97871, 0, 316.76
2026/10/09 13:39:13.691, 0, 79409, 97871, 0, 126.35
2026/10/09 13:39:13.691, 1, 27297, 97871, 0, 194.15
2026/10/09 13:39:13.691, 2, 25180, 97871, 0, 147.05
2026/10/09 13:39:13.691, 3, 75991, 97871, 19, 228.96
2026/10/09 13:39:14.691, 0, 79409, 97871, 0, 126.42
2026/10/09 13:39:14.691, 1, 27297, 97871, 0, 145.96
2026/10/09 13:39:14.691, 2, 25180, 97871, 0, 147.49
2026/10/09 13:39:14.691, 3, 76073, 97871, 10, 190.92
2026/10/09 13:39:15.691, 0, 79409, 97871, 0, 126.27
2026/10/09 13:39:15.691, 1, 78741, 97871, 100, 260.76
2026/10/09 13:39:15.691, 2, 25180, 97871, 0, 143.25
2026/10/09 13:39:15.691, 3, 76701, 97871, 26, 192.56
2026/10/09 13:39:16.691, 0, 79409, 97871, 0, 126.15
2026/10/09 13:39:16.692, 1, 76359, 97871, 26, 258.22
2026/10/09 13:39:16.692, 2, 27264, 97871, 17, 142.85
2026/10/09 13:39:16.692, 3, 76735, 97871, 21, 226.24
2026/10/09 13:39:17.692, 0, 79409, 97871, 0, 126.03
2026/10/09 13:39:17.692, 1, 76489, 97871, 13, 241.38
2026/10/09 13:39:17.692, 2, 27264, 97871, 0, 138.75
2026/10/09 13:39:17.692, 3, 76905, 97871, 17, 210.13
2026/10/09 13:39:18.692, 0, 79409, 97871, 0, 126.20
2026/10/09 13:39:18.692, 1, 77355, 97871, 26, 203.68
2026/10/09 13:39:18.692, 2, 27264, 97871, 0, 135.47
2026/10/09 13:39:18.692, 3, 76927, 97871, 0, 160.03
2026/10/09 13:39:19.692, 0, 79409, 97871, 0, 126.20
2026/10/09 13:39:19.692, 1, 77251, 97871, 17, 266.12
2026/10/09 13:39:19.692, 2, 27264, 97871, 24, 154.93
2026/10/09 13:39:19.692, 3, 76927, 97871, 0, 134.50
2026/10/09 13:39:20.693, 0, 79409, 97871, 0, 125.81
2026/10/09 13:39:20.693, 1, 77233, 97871, 12, 206.67
2026/10/09 13:39:20.693, 2, 27264, 97871, 0, 146.69
2026/10/09 13:39:20.693, 3, 77673, 97871, 0, 166.57
2026/10/09 13:39:21.693, 0, 79409, 97871, 0, 125.88
2026/10/09 13:39:21.693, 1, 77255, 97871, 0, 206.76
2026/10/09 13:39:21.693, 2, 27264, 97871, 0, 171.02
2026/10/09 13:39:21.693, 3, 77673, 97871, 0, 134.91
2026/10/09 13:39:22.693, 0, 79409, 97871, 0, 125.78
2026/10/09 13:39:22.693, 1, 77255, 97871, 0, 147.13
2026/10/09 13:39:22.694, 2, 27264, 97871, 0, 136.23
2026/10/09 13:39:22.694, 3, 78199, 97871, 0, 134.73
2026/10/09 13:39:23.694, 0, 79409, 97871, 0, 125.89
2026/10/09 13:39:23.694, 1, 77255, 97871, 0, 146.73
2026/10/09 13:39:23.694, 2, 27264, 97871, 0, 136.13
2026/10/09 13:39:23.694, 3, 79245, 97871, 7, 145.63
2026/10/09 13:39:24.694, 0, 79409, 97871, 0, 125.75
2026/10/09 13:39:24.694, 1, 78001, 97871, 0, 178.06
2026/10/09 13:39:24.694, 2, 78728, 97871, 0, 310.69
2026/10/09 13:39:24.694, 3, 82371, 97871, 0, 168.25
2026/10/09 13:39:25.694, 0, 79409, 97871, 0, 125.76
2026/10/09 13:39:25.695, 1, 78001, 97871, 0, 146.95
2026/10/09 13:39:25.695, 2, 76344, 97871, 24, 166.46
2026/10/09 13:39:25.695, 3, 82371, 97871, 0, 134.22
2026/10/09 13:39:26.695, 0, 79409, 97871, 0, 125.90
2026/10/09 13:39:26.695, 1, 78527, 97871, 0, 146.88
2026/10/09 13:39:26.695, 2, 76426, 97871, 11, 214.99
2026/10/09 13:39:26.695, 3, 82371, 97871, 0, 133.99
2026/10/09 13:39:27.695, 0, 79409, 97871, 0, 126.12
2026/10/09 13:39:27.695, 1, 79571, 97871, 1, 149.65
2026/10/09 13:39:27.695, 2, 76510, 97871, 12, 177.48
2026/10/09 13:39:27.696, 3, 82371, 97871, 0, 134.12
2026/10/09 13:39:28.696, 0, 79409, 97871, 0, 125.90
2026/10/09 13:39:28.696, 1, 82697, 97871, 0, 184.99
2026/10/09 13:39:28.696, 2, 77118, 97871, 17, 213.28
2026/10/09 13:39:28.696, 3, 82371, 97871, 0, 143.78
2026/10/09 13:39:29.696, 0, 79409, 97871, 0, 126.29
2026/10/09 13:39:29.696, 1, 82697, 97871, 0, 146.60
2026/10/09 13:39:29.696, 2, 77232, 97871, 12, 230.84
2026/10/09 13:39:29.696, 3, 82371, 97871, 0, 134.53
2026/10/09 13:39:30.696, 0, 79409, 97871, 0, 126.00
2026/10/09 13:39:30.696, 1, 82697, 97871, 0, 146.41
2026/10/09 13:39:30.696, 2, 77188, 97871, 12, 193.29
2026/10/09 13:39:30.696, 3, 82371, 97871, 5, 135.64
2026/10/09 13:39:31.697, 0, 79409, 97871, 0, 126.11
2026/10/09 13:39:31.697, 1, 82697, 97871, 0, 146.24
2026/10/09 13:39:31.697, 2, 77238, 97871, 10, 195.66
2026/10/09 13:39:31.697, 3, 82371, 97871, 0, 138.90
2026/10/09 13:39:32.697, 0, 79409, 97871, 0, 126.39
2026/10/09 13:39:32.697, 1, 82697, 97871, 0, 146.08
2026/10/09 13:39:32.697, 2, 77238, 97871, 0, 136.06
2026/10/09 13:39:32.697, 3, 82371, 97871, 0, 134.70
2026/10/09 13:39:33.697, 0, 79409, 97871, 0, 126.21
2026/10/09 13:39:33.697, 1, 82701, 97871, 0, 154.53
2026/10/09 13:39:33.697, 2, 77238, 97871, 0, 135.94
2026/10/09 13:39:33.697, 3, 82371, 97871, 0, 134.59
2026/10/09 13:39:34.697, 0, 79409, 97871, 0, 125.84
2026/10/09 13:39:34.698, 1, 82701, 97871, 0, 146.70
2026/10/09 13:39:34.698, 2, 77632, 97871, 0, 156.69
2026/10/09 13:39:34.698, 3, 82371, 97871, 0, 134.60
2026/10/09 13:39:35.698, 0, 79409, 97871, 0, 125.64
2026/10/09 13:39:35.698, 1, 82701, 97871, 0, 157.27
2026/10/09 13:39:35.698, 2, 77894, 97871, 0, 135.81
2026/10/09 13:39:35.698, 3, 82371, 97871, 0, 134.60
2026/10/09 13:39:36.698, 0, 79409, 97871, 0, 133.77
2026/10/09 13:39:36.698, 1, 82701, 97871, 0, 146.29
2026/10/09 13:39:36.698, 2, 78420, 97871, 2, 136.17
2026/10/09 13:39:36.698, 3, 82371, 97871, 0, 134.45
2026/10/09 13:39:37.698, 0, 79409, 97871, 100, 313.71
2026/10/09 13:39:37.699, 1, 82701, 97871, 0, 146.19
2026/10/09 13:39:37.699, 2, 78942, 97871, 0, 138.41
2026/10/09 13:39:37.699, 3, 82371, 97871, 0, 134.47
2026/10/09 13:39:38.699, 0, 79409, 97871, 100, 447.61
2026/10/09 13:39:38.699, 1, 82701, 97871, 0, 145.92
2026/10/09 13:39:38.699, 2, 79984, 97871, 0, 157.32
2026/10/09 13:39:38.699, 3, 82371, 97871, 0, 134.42
2026/10/09 13:39:39.699, 0, 79409, 97871, 100, 434.51
2026/10/09 13:39:39.699, 1, 82701, 97871, 0, 145.66
2026/10/09 13:39:39.699, 2, 79984, 97871, 0, 135.63
2026/10/09 13:39:39.699, 3, 82371, 97871, 0, 134.46
2026/10/09 13:39:40.699, 0, 79409, 97871, 100, 447.93
2026/10/09 13:39:40.699, 1, 82701, 97871, 0, 145.99
2026/10/09 13:39:40.699, 2, 79984, 97871, 0, 135.46
2026/10/09 13:39:40.699, 3, 82371, 97871, 0, 134.50
2026/10/09 13:39:41.699, 0, 79409, 97871, 91, 435.48
2026/10/09 13:39:41.699, 1, 82701, 97871, 0, 146.03
2026/10/09 13:39:41.699, 2, 79984, 97871, 0, 135.55
2026/10/09 13:39:41.700, 3, 82371, 97871, 0, 134.38
2026/10/09 13:39:42.700, 0, 79409, 97871, 100, 446.18
2026/10/09 13:39:42.700, 1, 82701, 97871, 0, 146.02
2026/10/09 13:39:42.700, 2, 79986, 97871, 0, 135.37
2026/10/09 13:39:42.700, 3, 82371, 97871, 0, 134.37
2026/10/09 13:39:43.700, 0, 79409, 97871, 100, 441.48
2026/10/09 13:39:43.700, 1, 82701, 97871, 0, 145.89
2026/10/09 13:39:43.700, 2, 79988, 97871, 0, 139.68
2026/10/09 13:39:43.700, 3, 82371, 97871, 0, 134.62
2026/10/09 13:39:44.700, 0, 79409, 97871, 100, 446.54
2026/10/09 13:39:44.700, 1, 82701, 97871, 0, 145.86
2026/10/09 13:39:44.700, 2, 79988, 97871, 0, 135.50
2026/10/09 13:39:44.700, 3, 82371, 97871, 0, 134.43
2026/10/09 13:39:45.700, 0, 79409, 97871, 100, 449.92
2026/10/09 13:39:45.700, 1, 82701, 97871, 0, 145.98
2026/10/09 13:39:45.700, 2, 79988, 97871, 0, 140.87
2026/10/09 13:39:45.700, 3, 82371, 97871, 0, 134.38
2026/10/09 13:39:46.700, 0, 79409, 97871, 95, 445.99
2026/10/09 13:39:46.700, 1, 82701, 97871, 0, 145.84
2026/10/09 13:39:46.700, 2, 79988, 97871, 0, 136.02
2026/10/09 13:39:46.701, 3, 82371, 97871, 0, 134.38
2026/10/09 13:39:47.701, 0, 79409, 97871, 94, 452.66
2026/10/09 13:39:47.701, 1, 82701, 97871, 0, 145.74
2026/10/09 13:39:47.701, 2, 79988, 97871, 0, 136.03
2026/10/09 13:39:47.701, 3, 82371, 97871, 0, 134.32
2026/10/09 13:39:48.701, 0, 79409, 97871, 96, 448.67
2026/10/09 13:39:48.701, 1, 82701, 97871, 0, 145.79
2026/10/09 13:39:48.701, 2, 79988, 97871, 0, 135.90
2026/10/09 13:39:48.701, 3, 82371, 97871, 0, 134.45
2026/10/09 13:39:49.701, 0, 79409, 97871, 100, 447.17
2026/10/09 13:39:49.701, 1, 82701, 97871, 0, 145.83
2026/10/09 13:39:49.701, 2, 79988, 97871, 0, 136.02
2026/10/09 13:39:49.701, 3, 82371, 97871, 0, 134.33
2026/10/09 13:39:50.701, 0, 79409, 97871, 100, 452.53
2026/10/09 13:39:50.701, 1, 82701, 97871, 0, 146.11
2026/10/09 13:39:50.701, 2, 79988, 97871, 0, 136.11
2026/10/09 13:39:50.701, 3, 82371, 97871, 0, 134.47
2026/10/09 13:39:51.701, 0, 79409, 97871, 95, 448.76
2026/10/09 13:39:51.701, 1, 82701, 97871, 0, 146.12
2026/10/09 13:39:51.701, 2, 79988, 97871, 0, 136.24
2026/10/09 13:39:51.701, 3, 82371, 97871, 0, 134.43
2026/10/09 13:39:52.701, 0, 79409, 97871, 100, 450.56
2026/10/09 13:39:52.701, 1, 82701, 97871, 0, 145.72
2026/10/09 13:39:52.702, 2, 79988, 97871, 0, 136.05
2026/10/09 13:39:52.702, 3, 82371, 97871, 0, 134.39
2026/10/09 13:39:53.702, 0, 79409, 97871, 100, 449.49
2026/10/09 13:39:53.702, 1, 82701, 97871, 0, 145.77
2026/10/09 13:39:53.702, 2, 79988, 97871, 0, 135.92
2026/10/09 13:39:53.702, 3, 82371, 97871, 0, 134.30
2026/10/09 13:39:54.702, 0, 79409, 97871, 100, 445.86
2026/10/09 13:39:54.702, 1, 82701, 97871, 0, 145.77
2026/10/09 13:39:54.702, 2, 79988, 97871, 0, 135.96
2026/10/09 13:39:54.702, 3, 82371, 97871, 0, 134.56
2026/10/09 13:39:55.702, 0, 79409, 97871, 75, 284.95
2026/10/09 13:39:55.702, 1, 82701, 97871, 0, 145.92
2026/10/09 13:39:55.702, 2, 79988, 97871, 0, 136.12
2026/10/09 13:39:55.702, 3, 82371, 97871, 0, 134.54
2026/10/09 13:39:56.702, 0, 79409, 97871, 100, 439.67
2026/10/09 13:39:56.702, 1, 82701, 97871, 0, 145.65
2026/10/09 13:39:56.702, 2, 79988, 97871, 0, 136.19
2026/10/09 13:39:56.702, 3, 82371, 97871, 0, 134.36
2026/10/09 13:39:57.702, 0, 79409, 97871, 100, 439.72
2026/10/09 13:39:57.703, 1, 82701, 97871, 0, 145.62
2026/10/09 13:39:57.703, 2, 79988, 97871, 0, 136.09
2026/10/09 13:39:57.703, 3, 82371, 97871, 0, 134.55
2026/10/09 13:39:58.703, 0, 79409, 97871, 100, 441.03
2026/10/09 13:39:58.703, 1, 82701, 97871, 0, 145.79
2026/10/09 13:39:58.703, 2, 79988, 97871, 0, 136.35
2026/10/09 13:39:58.703, 3, 82371, 97871, 0, 134.64
2026/10/09 13:39:59.703, 0, 79409, 97871, 100, 437.23
2026/10/09 13:39:59.703, 1, 82701, 97871, 0, 145.55
2026/10/09 13:39:59.703, 2, 79988, 97871, 0, 136.28
2026/10/09 13:39:59.703, 3, 82371, 97871, 0, 134.51
2026/10/09 13:40:00.703, 0, 79409, 97871, 100, 439.67
2026/10/09 13:40:00.703, 1, 82701, 97871, 0, 145.43
2026/10/09 13:40:00.703, 2, 79988, 97871, 0, 136.30
2026/10/09 13:40:00.703, 3, 82371, 97871, 0, 134.28
2026/10/09 13:40:01.703, 0, 79409, 97871, 100, 444.03
2026/10/09 13:40:01.704, 1, 82701, 97871, 0, 145.48
2026/10/09 13:40:01.704, 2, 79988, 97871, 0, 136.13
2026/10/09 13:40:01.704, 3, 82373, 97871, 9, 140.82
2026/10/09 13:40:02.704, 0, 79409, 97871, 100, 443.60
2026/10/09 13:40:02.704, 1, 82701, 97871, 0, 145.79
2026/10/09 13:40:02.704, 2, 79988, 97871, 0, 136.35
2026/10/09 13:40:02.704, 3, 82373, 97871, 100, 391.18
2026/10/09 13:40:03.704, 0, 79409, 97871, 100, 443.93
2026/10/09 13:40:03.704, 1, 82701, 97871, 0, 145.52
2026/10/09 13:40:03.704, 2, 79988, 97871, 0, 136.18
2026/10/09 13:40:03.704, 3, 82373, 97871, 100, 518.13
2026/10/09 13:40:04.704, 0, 79409, 97871, 100, 443.97
2026/10/09 13:40:04.704, 1, 82701, 97871, 0, 145.34
2026/10/09 13:40:04.704, 2, 79988, 97871, 0, 136.15
2026/10/09 13:40:04.704, 3, 82373, 97871, 100, 526.03
2026/10/09 13:40:05.704, 0, 79409, 97871, 100, 444.72
2026/10/09 13:40:05.705, 1, 82701, 97871, 0, 146.15
2026/10/09 13:40:05.705, 2, 79988, 97871, 0, 136.22
2026/10/09 13:40:05.705, 3, 82373, 97871, 74, 504.05
2026/10/09 13:40:06.705, 0, 79409, 97871, 100, 446.10
2026/10/09 13:40:06.705, 1, 82701, 97871, 19, 152.89
2026/10/09 13:40:06.705, 2, 79988, 97871, 0, 136.25
2026/10/09 13:40:06.705, 3, 82373, 97871, 79, 513.86
2026/10/09 13:40:07.705, 0, 79409, 97871, 100, 444.17
2026/10/09 13:40:07.705, 1, 82701, 97871, 93, 350.23
2026/10/09 13:40:07.705, 2, 79988, 97871, 0, 136.15
2026/10/09 13:40:07.705, 3, 82373, 97871, 0, 413.80
2026/10/09 13:40:08.705, 0, 79409, 97871, 100, 444.42
2026/10/09 13:40:08.705, 1, 82701, 97871, 91, 508.19
2026/10/09 13:40:08.705, 2, 79988, 97871, 0, 136.27
2026/10/09 13:40:08.705, 3, 82373, 97871, 99, 406.94
2026/10/09 13:40:09.705, 0, 79409, 97871, 100, 445.42
2026/10/09 13:40:09.705, 1, 82701, 97871, 100, 525.29
2026/10/09 13:40:09.705, 2, 79988, 97871, 0, 136.08
2026/10/09 13:40:09.705, 3, 82373, 97871, 99, 468.95
2026/10/09 13:40:10.706, 0, 79409, 97871, 100, 445.47
2026/10/09 13:40:10.706, 1, 82701, 97871, 100, 523.69
2026/10/09 13:40:10.706, 2, 79988, 97871, 0, 136.10
2026/10/09 13:40:10.706, 3, 82373, 97871, 99, 472.11
2026/10/09 13:40:11.706, 0, 79409, 97871, 100, 437.81
2026/10/09 13:40:11.706, 1, 82701, 97871, 0, 392.00
2026/10/09 13:40:11.706, 2, 79988, 97871, 0, 136.02
2026/10/09 13:40:11.706, 3, 82373, 97871, 99, 474.40
2026/10/09 13:40:12.706, 0, 79409, 97871, 93, 439.73
2026/10/09 13:40:12.706, 1, 82701, 97871, 90, 398.83
2026/10/09 13:40:12.706, 2, 79988, 97871, 0, 136.05
2026/10/09 13:40:12.706, 3, 82373, 97871, 99, 475.22
2026/10/09 13:40:13.706, 0, 79409, 97871, 100, 441.49
2026/10/09 13:40:13.706, 1, 82701, 97871, 100, 464.20
2026/10/09 13:40:13.706, 2, 79988, 97871, 0, 136.06
2026/10/09 13:40:13.706, 3, 82373, 97871, 99, 473.85
2026/10/09 13:40:14.706, 0, 79409, 97871, 100, 443.40
2026/10/09 13:40:14.706, 1, 82701, 97871, 89, 470.40
2026/10/09 13:40:14.706, 2, 79988, 97871, 0, 136.10
2026/10/09 13:40:14.706, 3, 82373, 97871, 100, 474.08
2026/10/09 13:40:15.707, 0, 79409, 97871, 100, 443.24
2026/10/09 13:40:15.707, 1, 82701, 97871, 99, 466.89
2026/10/09 13:40:15.707, 2, 79988, 97871, 0, 136.15
2026/10/09 13:40:15.707, 3, 82373, 97871, 99, 470.06
2026/10/09 13:40:16.707, 0, 79409, 97871, 99, 441.13
2026/10/09 13:40:16.707, 1, 82701, 97871, 99, 470.53
2026/10/09 13:40:16.707, 2, 79988, 97871, 0, 136.24
2026/10/09 13:40:16.707, 3, 82373, 97871, 100, 474.01
2026/10/09 13:40:17.707, 0, 79409, 97871, 100, 442.88
2026/10/09 13:40:17.707, 1, 82701, 97871, 99, 466.44
2026/10/09 13:40:17.707, 2, 79988, 97871, 100, 265.92
2026/10/09 13:40:17.707, 3, 82373, 97871, 99, 474.67
2026/10/09 13:40:18.707, 0, 79409, 97871, 100, 441.02
2026/10/09 13:40:18.707, 1, 82701, 97871, 99, 476.39
2026/10/09 13:40:18.707, 2, 79988, 97871, 100, 493.43
2026/10/09 13:40:18.707, 3, 82373, 97871, 100, 482.21
2026/10/09 13:40:19.707, 0, 79409, 97871, 100, 455.58
2026/10/09 13:40:19.707, 1, 82701, 97871, 99, 481.29
2026/10/09 13:40:19.707, 2, 79988, 97871, 100, 505.12
2026/10/09 13:40:19.707, 3, 82373, 97871, 99, 475.87
2026/10/09 13:40:20.707, 0, 79409, 97871, 100, 450.80
2026/10/09 13:40:20.708, 1, 82701, 97871, 99, 477.81
2026/10/09 13:40:20.708, 2, 79988, 97871, 92, 510.21
2026/10/09 13:40:20.708, 3, 82373, 97871, 99, 478.90
2026/10/09 13:40:21.708, 0, 79409, 97871, 100, 450.05
2026/10/09 13:40:21.708, 1, 82701, 97871, 99, 483.50
2026/10/09 13:40:21.708, 2, 79988, 97871, 100, 513.36
2026/10/09 13:40:21.708, 3, 82373, 97871, 99, 484.83
2026/10/09 13:40:22.708, 0, 79409, 97871, 100, 449.54
2026/10/09 13:40:22.708, 1, 82701, 97871, 99, 478.51
2026/10/09 13:40:22.708, 2, 79988, 97871, 100, 516.54
2026/10/09 13:40:22.708, 3, 82373, 97871, 99, 479.29
2026/10/09 13:40:23.708, 0, 79409, 97871, 100, 453.60
2026/10/09 13:40:23.708, 1, 82701, 97871, 99, 478.04
2026/10/09 13:40:23.708, 2, 79988, 97871, 50, 459.63
2026/10/09 13:40:23.708, 3, 82373, 97871, 99, 479.24
2026/10/09 13:40:24.708, 0, 79409, 97871, 100, 449.56
2026/10/09 13:40:24.708, 1, 82701, 97871, 99, 476.02
2026/10/09 13:40:24.708, 2, 79988, 97871, 93, 346.95
2026/10/09 13:40:24.708, 3, 82373, 97871, 99, 475.38
2026/10/09 13:40:25.708, 0, 79409, 97871, 100, 450.01
2026/10/09 13:40:25.708, 1, 82701, 97871, 99, 477.76
2026/10/09 13:40:25.709, 2, 79988, 97871, 99, 454.04
2026/10/09 13:40:25.709, 3, 82372, 97871, 99, 475.79
2026/10/09 13:40:26.709, 0, 79409, 97871, 100, 450.53
2026/10/09 13:40:26.709, 1, 82701, 97871, 98, 469.43
2026/10/09 13:40:26.709, 2, 79988, 97871, 99, 457.63
2026/10/09 13:40:26.709, 3, 82372, 97871, 99, 472.39
2026/10/09 13:40:27.709, 0, 79409, 97871, 100, 451.13
2026/10/09 13:40:27.709, 1, 82701, 97871, 99, 469.51
2026/10/09 13:40:27.709, 2, 79988, 97871, 99, 458.05
2026/10/09 13:40:27.709, 3, 82372, 97871, 99, 487.01
2026/10/09 13:40:28.709, 0, 79409, 97871, 100, 449.87
2026/10/09 13:40:28.709, 1, 82701, 97871, 99, 473.43
2026/10/09 13:40:28.709, 2, 79988, 97871, 99, 463.57
2026/10/09 13:40:28.709, 3, 82372, 97871, 90, 474.58
2026/10/09 13:40:29.709, 0, 79409, 97871, 100, 444.60
2026/10/09 13:40:29.709, 1, 82701, 97871, 99, 472.90
2026/10/09 13:40:29.709, 2, 79988, 97871, 99, 461.27
2026/10/09 13:40:29.709, 3, 82372, 97871, 99, 467.98
2026/10/09 13:40:30.709, 0, 79409, 97871, 100, 445.34
2026/10/09 13:40:30.709, 1, 82701, 97871, 99, 471.63
2026/10/09 13:40:30.709, 2, 79988, 97871, 99, 460.62
2026/10/09 13:40:30.709, 3, 82372, 97871, 99, 469.43
2026/10/09 13:40:31.710, 0, 79409, 97871, 100, 445.96
2026/10/09 13:40:31.710, 1, 82701, 97871, 95, 472.53
2026/10/09 13:40:31.710, 2, 79988, 97871, 99, 461.27
2026/10/09 13:40:31.710, 3, 82372, 97871, 99, 473.79
2026/10/09 13:40:32.710, 0, 79409, 97871, 100, 446.42
2026/10/09 13:40:32.710, 1, 82701, 97871, 99, 473.02
2026/10/09 13:40:32.710, 2, 79988, 97871, 99, 460.61
2026/10/09 13:40:32.710, 3, 82372, 97871, 99, 474.79
2026/10/09 13:40:33.710, 0, 79409, 97871, 100, 447.13
2026/10/09 13:40:33.710, 1, 82701, 97871, 99, 475.85
2026/10/09 13:40:33.710, 2, 79988, 97871, 99, 459.34
2026/10/09 13:40:33.710, 3, 82372, 97871, 99, 472.65
2026/10/09 13:40:34.710, 0, 79409, 97871, 100, 440.34
2026/10/09 13:40:34.710, 1, 82701, 97871, 99, 471.36
2026/10/09 13:40:34.710, 2, 79988, 97871, 99, 465.79
2026/10/09 13:40:34.710, 3, 82372, 97871, 99, 472.63
2026/10/09 13:40:35.710, 0, 79409, 97871, 100, 453.32
2026/10/09 13:40:35.710, 1, 82701, 97871, 99, 478.56
2026/10/09 13:40:35.710, 2, 79988, 97871, 99, 465.88
2026/10/09 13:40:35.710, 3, 82372, 97871, 99, 473.72
2026/10/09 13:40:36.710, 0, 79409, 97871, 100, 446.81
2026/10/09 13:40:36.710, 1, 82701, 97871, 99, 476.34
2026/10/09 13:40:36.710, 2, 79988, 97871, 99, 483.31
2026/10/09 13:40:36.711, 3, 82372, 97871, 99, 473.06
2026/10/09 13:40:37.711, 0, 79409, 97871, 100, 447.44
2026/10/09 13:40:37.711, 1, 82701, 97871, 99, 474.25
2026/10/09 13:40:37.711, 2, 79988, 97871, 99, 465.39
2026/10/09 13:40:37.711, 3, 82372, 97871, 99, 474.80
2026/10/09 13:40:38.711, 0, 79409, 97871, 100, 447.95
2026/10/09 13:40:38.711, 1, 82701, 97871, 99, 471.76
2026/10/09 13:40:38.711, 2, 79988, 97871, 99, 466.81
2026/10/09 13:40:38.711, 3, 82372, 97871, 99, 475.37
2026/10/09 13:40:39.711, 0, 79409, 97871, 100, 439.35
2026/10/09 13:40:39.711, 1, 82701, 97871, 100, 473.68
2026/10/09 13:40:39.711, 2, 79988, 97871, 99, 460.67
2026/10/09 13:40:39.711, 3, 82372, 97871, 99, 475.77
2026/10/09 13:40:40.711, 0, 79409, 97871, 100, 437.49
2026/10/09 13:40:40.711, 1, 82701, 97871, 99, 486.63
2026/10/09 13:40:40.711, 2, 79988, 97871, 99, 463.46
2026/10/09 13:40:40.711, 3, 82372, 97871, 99, 468.80
2026/10/09 13:40:41.711, 0, 79409, 97871, 100, 441.07
2026/10/09 13:40:41.711, 1, 82701, 97871, 99, 484.61
2026/10/09 13:40:41.711, 2, 79988, 97871, 99, 464.78
2026/10/09 13:40:41.711, 3, 82372, 97871, 99, 475.66
2026/10/09 13:40:42.712, 0, 79409, 97871, 100, 436.77
2026/10/09 13:40:42.712, 1, 82701, 97871, 99, 476.00
2026/10/09 13:40:42.712, 2, 79988, 97871, 99, 462.38
2026/10/09 13:40:42.712, 3, 82372, 97871, 99, 477.67
2026/10/09 13:40:43.712, 0, 79409, 97871, 100, 442.02
2026/10/09 13:40:43.712, 1, 82701, 97871, 99, 475.81
2026/10/09 13:40:43.712, 2, 79988, 97871, 99, 458.50
2026/10/09 13:40:43.712, 3, 82372, 97871, 99, 476.33
2026/10/09 13:40:44.712, 0, 79409, 97871, 90, 439.57
2026/10/09 13:40:44.712, 1, 82701, 97871, 99, 472.18
2026/10/09 13:40:44.712, 2, 79988, 97871, 90, 451.88
2026/10/09 13:40:44.712, 3, 82372, 97871, 99, 471.76
2026/10/09 13:40:45.712, 0, 79409, 97871, 100, 441.57
2026/10/09 13:40:45.712, 1, 82701, 97871, 93, 481.86
2026/10/09 13:40:45.712, 2, 79988, 97871, 99, 456.59
2026/10/09 13:40:45.712, 3, 82372, 97871, 99, 474.45
2026/10/09 13:40:46.713, 0, 79409, 97871, 100, 441.91
2026/10/09 13:40:46.713, 1, 82701, 97871, 99, 472.93
2026/10/09 13:40:46.713, 2, 79988, 97871, 99, 461.46
2026/10/09 13:40:46.713, 3, 82372, 97871, 99, 474.95
2026/10/09 13:40:47.713, 0, 79409, 97871, 100, 441.31
2026/10/09 13:40:47.713, 1, 82701, 97871, 99, 473.11
2026/10/09 13:40:47.713, 2, 79988, 97871, 99, 457.99
2026/10/09 13:40:47.713, 3, 82372, 97871, 99, 475.34
2026/10/09 13:40:48.713, 0, 79409, 97871, 87, 439.68
2026/10/09 13:40:48.713, 1, 82701, 97871, 99, 472.84
2026/10/09 13:40:48.713, 2, 79988, 97871, 99, 459.55
2026/10/09 13:40:48.713, 3, 82372, 97871, 100, 484.10
2026/10/09 13:40:49.713, 0, 79409, 97871, 100, 441.19
2026/10/09 13:40:49.713, 1, 82701, 97871, 84, 473.06
2026/10/09 13:40:49.713, 2, 79988, 97871, 99, 458.11
2026/10/09 13:40:49.714, 3, 82372, 97871, 99, 473.97
2026/10/09 13:40:50.714, 0, 79409, 97871, 100, 441.32
2026/10/09 13:40:50.714, 1, 82701, 97871, 99, 476.80
2026/10/09 13:40:50.714, 2, 79988, 97871, 99, 455.82
2026/10/09 13:40:50.714, 3, 82372, 97871, 99, 477.94
2026/10/09 13:40:51.714, 0, 79409, 97871, 100, 442.62
2026/10/09 13:40:51.714, 1, 82701, 97871, 99, 475.92
2026/10/09 13:40:51.714, 2, 79988, 97871, 99, 458.89
2026/10/09 13:40:51.714, 3, 82372, 97871, 94, 478.16
2026/10/09 13:40:52.714, 0, 79409, 97871, 100, 443.20
2026/10/09 13:40:52.714, 1, 82701, 97871, 99, 475.00
2026/10/09 13:40:52.714, 2, 79988, 97871, 99, 457.48
2026/10/09 13:40:52.714, 3, 82372, 97871, 99, 475.79
2026/10/09 13:40:53.714, 0, 79409, 97871, 100, 443.81
2026/10/09 13:40:53.715, 1, 82701, 97871, 99, 470.23
2026/10/09 13:40:53.715, 2, 79988, 97871, 99, 458.99
2026/10/09 13:40:53.715, 3, 82372, 97871, 99, 472.77
2026/10/09 13:40:54.715, 0, 79409, 97871, 100, 439.22
2026/10/09 13:40:54.715, 1, 82701, 97871, 99, 472.06
2026/10/09 13:40:54.715, 2, 79988, 97871, 99, 460.07
2026/10/09 13:40:54.715, 3, 82372, 97871, 99, 479.68
2026/10/09 13:40:55.715, 0, 79409, 97871, 100, 443.73
2026/10/09 13:40:55.715, 1, 82701, 97871, 99, 474.15
2026/10/09 13:40:55.715, 2, 79988, 97871, 99, 457.26
2026/10/09 13:40:55.715, 3, 82372, 97871, 99, 473.49
2026/10/09 13:40:56.715, 0, 79409, 97871, 100, 442.14
2026/10/09 13:40:56.715, 1, 82701, 97871, 97, 482.56
2026/10/09 13:40:56.715, 2, 79988, 97871, 99, 459.73
2026/10/09 13:40:56.715, 3, 82372, 97871, 99, 474.69
2026/10/09 13:40:57.716, 0, 79409, 97871, 100, 442.98
2026/10/09 13:40:57.716, 1, 82701, 97871, 99, 478.80
2026/10/09 13:40:57.716, 2, 79988, 97871, 99, 468.90
2026/10/09 13:40:57.716, 3, 82372, 97871, 99, 476.17
2026/10/09 13:40:58.716, 0, 79409, 97871, 100, 437.25
2026/10/09 13:40:58.716, 1, 82701, 97871, 99, 480.07
2026/10/09 13:40:58.716, 2, 79988, 97871, 99, 461.40
2026/10/09 13:40:58.716, 3, 82372, 97871, 99, 473.89
2026/10/09 13:40:59.716, 0, 79409, 97871, 100, 440.52
2026/10/09 13:40:59.716, 1, 82701, 97871, 99, 475.48
2026/10/09 13:40:59.716, 2, 79988, 97871, 99, 458.36
2026/10/09 13:40:59.716, 3, 82372, 97871, 99, 476.90
2026/10/09 13:41:00.716, 0, 79409, 97871, 100, 442.27
2026/10/09 13:41:00.716, 1, 82701, 97871, 99, 470.71
2026/10/09 13:41:00.716, 2, 79988, 97871, 99, 457.43
2026/10/09 13:41:00.717, 3, 82372, 97871, 99, 473.70
2026/10/09 13:41:01.717, 0, 79409, 97871, 100, 438.89
2026/10/09 13:41:01.717, 1, 82701, 97871, 100, 470.66
2026/10/09 13:41:01.717, 2, 79988, 97871, 99, 458.79
2026/10/09 13:41:01.717, 3, 82372, 97871, 99, 473.91
2026/10/09 13:41:02.717, 0, 79409, 97871, 100, 440.53
2026/10/09 13:41:02.717, 1, 82701, 97871, 99, 474.44
2026/10/09 13:41:02.717, 2, 79988, 97871, 99, 459.13
2026/10/09 13:41:02.717, 3, 82372, 97871, 99, 477.19
2026/10/09 13:41:03.717, 0, 79409, 97871, 100, 442.37
2026/10/09 13:41:03.717, 1, 82701, 97871, 99, 474.92
2026/10/09 13:41:03.717, 2, 79988, 97871, 99, 470.79
2026/10/09 13:41:03.717, 3, 82372, 97871, 99, 476.92
2026/10/09 13:41:04.717, 0, 79409, 97871, 100, 443.22
2026/10/09 13:41:04.717, 1, 82701, 97871, 99, 473.53
2026/10/09 13:41:04.717, 2, 79988, 97871, 99, 465.92
2026/10/09 13:41:04.718, 3, 82372, 97871, 94, 483.07
2026/10/09 13:41:05.718, 0, 79409, 97871, 100, 443.60
2026/10/09 13:41:05.718, 1, 82701, 97871, 99, 475.71
2026/10/09 13:41:05.718, 2, 79988, 97871, 99, 463.60
2026/10/09 13:41:05.718, 3, 82372, 97871, 99, 474.45
2026/10/09 13:41:06.718, 0, 79409, 97871, 100, 444.13
2026/10/09 13:41:06.718, 1, 82701, 97871, 99, 470.73
2026/10/09 13:41:06.718, 2, 79988, 97871, 99, 461.97
2026/10/09 13:41:06.718, 3, 82372, 97871, 99, 475.98
2026/10/09 13:41:07.718, 0, 79409, 97871, 100, 439.53
2026/10/09 13:41:07.718, 1, 82701, 97871, 98, 474.45
2026/10/09 13:41:07.718, 2, 79988, 97871, 99, 458.45
2026/10/09 13:41:07.718, 3, 82372, 97871, 99, 473.75
2026/10/09 13:41:08.718, 0, 79409, 97871, 100, 441.34
2026/10/09 13:41:08.718, 1, 82701, 97871, 99, 474.30
2026/10/09 13:41:08.719, 2, 79988, 97871, 99, 457.70
2026/10/09 13:41:08.719, 3, 82372, 97871, 99, 473.49
2026/10/09 13:41:09.719, 0, 79409, 97871, 100, 443.00
2026/10/09 13:41:09.719, 1, 82701, 97871, 90, 474.08
2026/10/09 13:41:09.719, 2, 79988, 97871, 99, 457.29
2026/10/09 13:41:09.719, 3, 82372, 97871, 99, 476.12
2026/10/09 13:41:10.719, 0, 79409, 97871, 100, 438.55
2026/10/09 13:41:10.719, 1, 82701, 97871, 99, 473.04
2026/10/09 13:41:10.719, 2, 79988, 97871, 99, 461.48
2026/10/09 13:41:10.719, 3, 82372, 97871, 99, 477.00
2026/10/09 13:41:11.719, 0, 79409, 97871, 100, 442.79
2026/10/09 13:41:11.719, 1, 82701, 97871, 99, 473.56
2026/10/09 13:41:11.719, 2, 79988, 97871, 99, 464.38
2026/10/09 13:41:11.719, 3, 82372, 97871, 99, 479.86
2026/10/09 13:41:12.719, 0, 79409, 97871, 100, 448.48
2026/10/09 13:41:12.719, 1, 82701, 97871, 99, 494.68
2026/10/09 13:41:12.719, 2, 79988, 97871, 99, 458.53
2026/10/09 13:41:12.720, 3, 82372, 97871, 99, 481.41
2026/10/09 13:41:13.720, 0, 79409, 97871, 100, 445.73
2026/10/09 13:41:13.720, 1, 82701, 97871, 99, 483.72
2026/10/09 13:41:13.720, 2, 79988, 97871, 99, 458.04
2026/10/09 13:41:13.720, 3, 82372, 97871, 99, 483.33
2026/10/09 13:41:14.720, 0, 79409, 97871, 100, 446.57
2026/10/09 13:41:14.720, 1, 82701, 97871, 99, 476.69
2026/10/09 13:41:14.720, 2, 79988, 97871, 99, 456.98
2026/10/09 13:41:14.720, 3, 82372, 97871, 93, 481.08
2026/10/09 13:41:15.720, 0, 79409, 97871, 100, 443.41
2026/10/09 13:41:15.720, 1, 82701, 97871, 99, 476.20
2026/10/09 13:41:15.720, 2, 79988, 97871, 99, 460.55
2026/10/09 13:41:15.720, 3, 82372, 97871, 99, 476.72
2026/10/09 13:41:16.720, 0, 79409, 97871, 100, 440.89
2026/10/09 13:41:16.720, 1, 82701, 97871, 96, 477.08
2026/10/09 13:41:16.720, 2, 79988, 97871, 99, 455.13
2026/10/09 13:41:16.720, 3, 82372, 97871, 88, 475.21
2026/10/09 13:41:17.721, 0, 79409, 97871, 100, 442.19
2026/10/09 13:41:17.721, 1, 82701, 97871, 92, 471.27
2026/10/09 13:41:17.721, 2, 79988, 97871, 99, 458.06
2026/10/09 13:41:17.721, 3, 82372, 97871, 99, 475.05
2026/10/09 13:41:18.721, 0, 79409, 97871, 100, 443.76
2026/10/09 13:41:18.721, 1, 82701, 97871, 99, 476.29
2026/10/09 13:41:18.721, 2, 79988, 97871, 99, 460.99
2026/10/09 13:41:18.721, 3, 82372, 97871, 99, 475.11
2026/10/09 13:41:19.721, 0, 79409, 97871, 100, 444.22
2026/10/09 13:41:19.721, 1, 82701, 97871, 99, 479.30
2026/10/09 13:41:19.721, 2, 79988, 97871, 99, 461.67
2026/10/09 13:41:19.721, 3, 82372, 97871, 99, 476.95
2026/10/09 13:41:20.721, 0, 79409, 97871, 100, 445.03
2026/10/09 13:41:20.721, 1, 82701, 97871, 90, 476.71
2026/10/09 13:41:20.721, 2, 79988, 97871, 97, 465.36
2026/10/09 13:41:20.721, 3, 82372, 97871, 100, 477.93
2026/10/09 13:41:21.722, 0, 79409, 97871, 100, 440.92
2026/10/09 13:41:21.722, 1, 82701, 97871, 100, 471.17
2026/10/09 13:41:21.722, 2, 79988, 97871, 99, 459.23
2026/10/09 13:41:21.722, 3, 82372, 97871, 99, 478.45
2026/10/09 13:41:22.722, 0, 79409, 97871, 100, 441.60
2026/10/09 13:41:22.722, 1, 82701, 97871, 99, 483.01
2026/10/09 13:41:22.722, 2, 79988, 97871, 99, 457.41
2026/10/09 13:41:22.722, 3, 82372, 97871, 100, 476.33
2026/10/09 13:41:23.722, 0, 79409, 97871, 100, 442.87
2026/10/09 13:41:23.722, 1, 82701, 97871, 99, 483.68
2026/10/09 13:41:23.722, 2, 79988, 97871, 99, 457.82
2026/10/09 13:41:23.722, 3, 82372, 97871, 99, 477.20
2026/10/09 13:41:24.722, 0, 79409, 97871, 100, 443.29
2026/10/09 13:41:24.722, 1, 82701, 97871, 98, 480.67
2026/10/09 13:41:24.722, 2, 79988, 97871, 99, 456.41
2026/10/09 13:41:24.722, 3, 82372, 97871, 99, 478.98
2026/10/09 13:41:25.723, 0, 79409, 97871, 100, 444.28
2026/10/09 13:41:25.723, 1, 82701, 97871, 99, 475.46
2026/10/09 13:41:25.723, 2, 79988, 97871, 99, 457.12
2026/10/09 13:41:25.723, 3, 82372, 97871, 99, 473.85
2026/10/09 13:41:26.723, 0, 79409, 97871, 100, 457.48
2026/10/09 13:41:26.723, 1, 82701, 97871, 99, 481.12
2026/10/09 13:41:26.723, 2, 79988, 97871, 99, 458.49
2026/10/09 13:41:26.723, 3, 82372, 97871, 99, 472.37
2026/10/09 13:41:27.723, 0, 79409, 97871, 100, 450.39
2026/10/09 13:41:27.723, 1, 82701, 97871, 100, 480.20
2026/10/09 13:41:27.723, 2, 79988, 97871, 99, 463.31
2026/10/09 13:41:27.723, 3, 82372, 97871, 99, 476.36
2026/10/09 13:41:28.723, 0, 79409, 97871, 100, 451.01
2026/10/09 13:41:28.723, 1, 82701, 97871, 99, 474.27
2026/10/09 13:41:28.723, 2, 79988, 97871, 99, 466.52
2026/10/09 13:41:28.723, 3, 82372, 97871, 99, 476.03
2026/10/09 13:41:29.724, 0, 79409, 97871, 100, 451.86
2026/10/09 13:41:29.724, 1, 82701, 97871, 99, 469.47
2026/10/09 13:41:29.724, 2, 79988, 97871, 99, 468.82
2026/10/09 13:41:29.724, 3, 82372, 97871, 99, 477.33
2026/10/09 13:41:30.724, 0, 79409, 97871, 100, 451.92
2026/10/09 13:41:30.724, 1, 82701, 97871, 100, 477.16
2026/10/09 13:41:30.724, 2, 79988, 97871, 99, 457.17
2026/10/09 13:41:30.724, 3, 82372, 97871, 99, 474.70
2026/10/09 13:41:31.724, 0, 79409, 97871, 100, 452.33
2026/10/09 13:41:31.724, 1, 82701, 97871, 99, 475.04
2026/10/09 13:41:31.724, 2, 79988, 97871, 99, 458.16
2026/10/09 13:41:31.724, 3, 82372, 97871, 100, 476.75
2026/10/09 13:41:32.724, 0, 79409, 97871, 100, 446.58
2026/10/09 13:41:32.724, 1, 82701, 97871, 100, 471.60
2026/10/09 13:41:32.724, 2, 79988, 97871, 99, 459.99
2026/10/09 13:41:32.724, 3, 82372, 97871, 100, 475.71
2026/10/09 13:41:33.724, 0, 79409, 97871, 100, 443.45
2026/10/09 13:41:33.725, 1, 82701, 97871, 99, 473.78
2026/10/09 13:41:33.725, 2, 79988, 97871, 99, 455.06
2026/10/09 13:41:33.725, 3, 82372, 97871, 99, 495.33
2026/10/09 13:41:34.725, 0, 79409, 97871, 100, 445.09
2026/10/09 13:41:34.725, 1, 82701, 97871, 99, 484.60
2026/10/09 13:41:34.725, 2, 79988, 97871, 99, 455.53
2026/10/09 13:41:34.725, 3, 82372, 97871, 100, 493.96
2026/10/09 13:41:35.725, 0, 79409, 97871, 100, 442.86
2026/10/09 13:41:35.725, 1, 82701, 97871, 99, 474.25
2026/10/09 13:41:35.725, 2, 79988, 97871, 99, 457.34
2026/10/09 13:41:35.725, 3, 82372, 97871, 99, 479.10
2026/10/09 13:41:36.725, 0, 79409, 97871, 100, 442.55
2026/10/09 13:41:36.725, 1, 82701, 97871, 99, 475.43
2026/10/09 13:41:36.725, 2, 79988, 97871, 99, 459.49
2026/10/09 13:41:36.725, 3, 82372, 97871, 99, 481.65
2026/10/09 13:41:37.725, 0, 79409, 97871, 100, 441.09
2026/10/09 13:41:37.725, 1, 82701, 97871, 99, 476.21
2026/10/09 13:41:37.725, 2, 79988, 97871, 99, 460.40
2026/10/09 13:41:37.726, 3, 82372, 97871, 100, 478.42
2026/10/09 13:41:38.726, 0, 79409, 97871, 100, 442.97
2026/10/09 13:41:38.726, 1, 82701, 97871, 99, 478.59
2026/10/09 13:41:38.726, 2, 79988, 97871, 99, 457.40
2026/10/09 13:41:38.726, 3, 82372, 97871, 99, 479.39
2026/10/09 13:41:39.726, 0, 79409, 97871, 100, 442.41
2026/10/09 13:41:39.726, 1, 82701, 97871, 99, 474.26
2026/10/09 13:41:39.726, 2, 79988, 97871, 99, 459.73
2026/10/09 13:41:39.726, 3, 82372, 97871, 99, 480.24
2026/10/09 13:41:40.726, 0, 79409, 97871, 100, 441.43
2026/10/09 13:41:40.726, 1, 82701, 97871, 99, 474.35
2026/10/09 13:41:40.726, 2, 79988, 97871, 99, 460.36
2026/10/09 13:41:40.726, 3, 82372, 97871, 99, 478.56
2026/10/09 13:41:41.726, 0, 79409, 97871, 100, 441.44
2026/10/09 13:41:41.726, 1, 82701, 97871, 99, 471.97
2026/10/09 13:41:41.726, 2, 79988, 97871, 99, 454.15
2026/10/09 13:41:41.726, 3, 82372, 97871, 93, 476.26
2026/10/09 13:41:42.727, 0, 79409, 97871, 100, 442.74
2026/10/09 13:41:42.727, 1, 82701, 97871, 99, 474.99
2026/10/09 13:41:42.727, 2, 79988, 97871, 99, 456.13
2026/10/09 13:41:42.727, 3, 82372, 97871, 99, 478.28
2026/10/09 13:41:43.727, 0, 79409, 97871, 100, 443.35
2026/10/09 13:41:43.727, 1, 82701, 97871, 99, 482.81
2026/10/09 13:41:43.727, 2, 79988, 97871, 99, 457.10
2026/10/09 13:41:43.727, 3, 82372, 97871, 99, 483.81
2026/10/09 13:41:44.727, 0, 79409, 97871, 100, 444.74
2026/10/09 13:41:44.727, 1, 82701, 97871, 99, 482.02
2026/10/09 13:41:44.727, 2, 79988, 97871, 99, 459.73
2026/10/09 13:41:44.727, 3, 82372, 97871, 100, 481.40
2026/10/09 13:41:45.727, 0, 79409, 97871, 100, 447.11
2026/10/09 13:41:45.727, 1, 82701, 97871, 99, 469.16
2026/10/09 13:41:45.727, 2, 79988, 97871, 99, 459.55
2026/10/09 13:41:45.727, 3, 82372, 97871, 99, 482.67
2026/10/09 13:41:46.727, 0, 79409, 97871, 100, 443.06
2026/10/09 13:41:46.728, 1, 82701, 97871, 99, 481.06
2026/10/09 13:41:46.728, 2, 79988, 97871, 99, 460.49
2026/10/09 13:41:46.728, 3, 82372, 97871, 99, 475.36
2026/10/09 13:41:47.728, 0, 79409, 97871, 100, 442.08
2026/10/09 13:41:47.728, 1, 82701, 97871, 99, 475.27
2026/10/09 13:41:47.728, 2, 79988, 97871, 99, 457.33
2026/10/09 13:41:47.728, 3, 82372, 97871, 99, 480.67
2026/10/09 13:41:48.728, 0, 79409, 97871, 88, 442.53
2026/10/09 13:41:48.728, 1, 82701, 97871, 88, 469.97
2026/10/09 13:41:48.728, 2, 79988, 97871, 96, 457.92
2026/10/09 13:41:48.728, 3, 82372, 97871, 99, 479.23
2026/10/09 13:41:49.728, 0, 79409, 97871, 100, 442.64
2026/10/09 13:41:49.728, 1, 82701, 97871, 99, 471.45
2026/10/09 13:41:49.728, 2, 79988, 97871, 99, 482.74
2026/10/09 13:41:49.728, 3, 82372, 97871, 99, 483.94
2026/10/09 13:41:50.728, 0, 79409, 97871, 100, 443.03
2026/10/09 13:41:50.728, 1, 82701, 97871, 99, 469.41
2026/10/09 13:41:50.728, 2, 79988, 97871, 99, 466.22
2026/10/09 13:41:50.728, 3, 82372, 97871, 99, 482.75
2026/10/09 13:41:51.729, 0, 79409, 97871, 88, 442.44
2026/10/09 13:41:51.729, 1, 82701, 97871, 99, 484.56
2026/10/09 13:41:51.729, 2, 79988, 97871, 99, 466.14
2026/10/09 13:41:51.729, 3, 82372, 97871, 99, 483.78
2026/10/09 13:41:52.729, 0, 79409, 97871, 100, 439.51
2026/10/09 13:41:52.729, 1, 82701, 97871, 90, 479.33
2026/10/09 13:41:52.729, 2, 79988, 97871, 99, 461.90
2026/10/09 13:41:52.729, 3, 82372, 97871, 99, 480.42
2026/10/09 13:41:53.729, 0, 79409, 97871, 100, 445.39
2026/10/09 13:41:53.729, 1, 82701, 97871, 99, 473.99
2026/10/09 13:41:53.729, 2, 79988, 97871, 99, 459.73
2026/10/09 13:41:53.729, 3, 82372, 97871, 100, 484.01
2026/10/09 13:41:54.729, 0, 79409, 97871, 100, 442.28
2026/10/09 13:41:54.729, 1, 82701, 97871, 99, 468.83
2026/10/09 13:41:54.729, 2, 79988, 97871, 99, 459.68
2026/10/09 13:41:54.729, 3, 82372, 97871, 99, 482.95
2026/10/09 13:41:55.730, 0, 79409, 97871, 100, 442.99
2026/10/09 13:41:55.730, 1, 82701, 97871, 100, 427.45
2026/10/09 13:41:55.730, 2, 79988, 97871, 99, 458.49
2026/10/09 13:41:55.730, 3, 82372, 97871, 99, 482.65
2026/10/09 13:41:56.730, 0, 79409, 97871, 100, 444.36
2026/10/09 13:41:56.730, 1, 82701, 97871, 100, 526.03
2026/10/09 13:41:56.730, 2, 79988, 97871, 99, 457.57
2026/10/09 13:41:56.730, 3, 82372, 97871, 99, 480.71
2026/10/09 13:41:57.730, 0, 79409, 97871, 100, 445.43
2026/10/09 13:41:57.730, 1, 82701, 97871, 100, 502.04
2026/10/09 13:41:57.730, 2, 79988, 97871, 99, 458.11
2026/10/09 13:41:57.730, 3, 82372, 97871, 93, 475.55
2026/10/09 13:41:58.730, 0, 79409, 97871, 100, 441.22
2026/10/09 13:41:58.730, 1, 82701, 97871, 100, 521.21
2026/10/09 13:41:58.730, 2, 79988, 97871, 99, 464.09
2026/10/09 13:41:58.730, 3, 82372, 97871, 99, 479.21
2026/10/09 13:41:59.731, 0, 79409, 97871, 100, 442.07
2026/10/09 13:41:59.731, 1, 82701, 97871, 97, 529.95
2026/10/09 13:41:59.731, 2, 79988, 97871, 99, 463.04
2026/10/09 13:41:59.731, 3, 82372, 97871, 99, 479.62
2026/10/09 13:42:00.731, 0, 79409, 97871, 100, 443.04
2026/10/09 13:42:00.731, 1, 82701, 97871, 100, 528.27
2026/10/09 13:42:00.731, 2, 79988, 97871, 99, 460.56
2026/10/09 13:42:00.731, 3, 82372, 97871, 99, 480.66
2026/10/09 13:42:01.731, 0, 79409, 97871, 100, 439.09
2026/10/09 13:42:01.731, 1, 82701, 97871, 100, 536.50
2026/10/09 13:42:01.731, 2, 79988, 97871, 99, 459.15
2026/10/09 13:42:01.731, 3, 82372, 97871, 99, 478.06
2026/10/09 13:42:02.731, 0, 79409, 97871, 100, 444.15
2026/10/09 13:42:02.731, 1, 82701, 97871, 100, 529.84
2026/10/09 13:42:02.731, 2, 79988, 97871, 99, 458.19
2026/10/09 13:42:02.731, 3, 82372, 97871, 99, 476.04
2026/10/09 13:42:03.731, 0, 79409, 97871, 100, 444.36
2026/10/09 13:42:03.732, 1, 82701, 97871, 100, 524.79
2026/10/09 13:42:03.732, 2, 79988, 97871, 99, 468.62
2026/10/09 13:42:03.732, 3, 82372, 97871, 99, 479.97
2026/10/09 13:42:04.732, 0, 79409, 97871, 100, 445.14
2026/10/09 13:42:04.732, 1, 82701, 97871, 100, 528.05
2026/10/09 13:42:04.732, 2, 79988, 97871, 99, 465.60
2026/10/09 13:42:04.732, 3, 82372, 97871, 99, 477.75
2026/10/09 13:42:05.732, 0, 79409, 97871, 100, 445.32
2026/10/09 13:42:05.732, 1, 82701, 97871, 100, 523.26
2026/10/09 13:42:05.732, 2, 79988, 97871, 99, 463.24
2026/10/09 13:42:05.732, 3, 82372, 97871, 99, 491.45
2026/10/09 13:42:06.732, 0, 79409, 97871, 100, 445.73
2026/10/09 13:42:06.732, 1, 82701, 97871, 100, 522.22
2026/10/09 13:42:06.732, 2, 79988, 97871, 95, 466.65
2026/10/09 13:42:06.732, 3, 82372, 97871, 93, 483.94
2026/10/09 13:42:07.732, 0, 79409, 97871, 100, 444.77
2026/10/09 13:42:07.732, 1, 82701, 97871, 100, 527.90
2026/10/09 13:42:07.732, 2, 79988, 97871, 99, 460.41
2026/10/09 13:42:07.732, 3, 82372, 97871, 99, 477.53
2026/10/09 13:42:08.732, 0, 79409, 97871, 100, 443.05
2026/10/09 13:42:08.732, 1, 82701, 97871, 100, 532.59
2026/10/09 13:42:08.732, 2, 79988, 97871, 99, 467.95
2026/10/09 13:42:08.733, 3, 82372, 97871, 99, 480.08
2026/10/09 13:42:09.733, 0, 79409, 97871, 100, 443.21
2026/10/09 13:42:09.733, 1, 82701, 97871, 100, 524.31
2026/10/09 13:42:09.733, 2, 79988, 97871, 99, 463.98
2026/10/09 13:42:09.733, 3, 82372, 97871, 99, 480.84
2026/10/09 13:42:10.733, 0, 79409, 97871, 100, 444.85
2026/10/09 13:42:10.733, 1, 82701, 97871, 100, 530.59
2026/10/09 13:42:10.733, 2, 79988, 97871, 99, 466.52
2026/10/09 13:42:10.733, 3, 82372, 97871, 99, 478.87
2026/10/09 13:42:11.733, 0, 79409, 97871, 100, 446.89
2026/10/09 13:42:11.733, 1, 82701, 97871, 100, 526.43
2026/10/09 13:42:11.733, 2, 79988, 97871, 91, 457.07
2026/10/09 13:42:11.733, 3, 82372, 97871, 99, 477.62
2026/10/09 13:42:12.733, 0, 79409, 97871, 100, 443.27
2026/10/09 13:42:12.733, 1, 82701, 97871, 100, 532.57
2026/10/09 13:42:12.733, 2, 79988, 97871, 99, 457.57
2026/10/09 13:42:12.733, 3, 82372, 97871, 99, 486.17
2026/10/09 13:42:13.733, 0, 79409, 97871, 100, 442.14
2026/10/09 13:42:13.733, 1, 82701, 97871, 100, 528.42
2026/10/09 13:42:13.733, 2, 79988, 97871, 99, 458.27
2026/10/09 13:42:13.733, 3, 82372, 97871, 89, 478.41
2026/10/09 13:42:14.734, 0, 79409, 97871, 100, 442.84
2026/10/09 13:42:14.734, 1, 82701, 97871, 99, 511.34
2026/10/09 13:42:14.734, 2, 79988, 97871, 99, 459.60
2026/10/09 13:42:14.734, 3, 82372, 97871, 99, 480.69
2026/10/09 13:42:15.734, 0, 79409, 97871, 100, 441.99
2026/10/09 13:42:15.734, 1, 82701, 97871, 35, 432.15
2026/10/09 13:42:15.734, 2, 79988, 97871, 99, 460.95
2026/10/09 13:42:15.734, 3, 82372, 97871, 99, 477.70
2026/10/09 13:42:16.734, 0, 79409, 97871, 100, 441.68
2026/10/09 13:42:16.734, 1, 82701, 97871, 100, 527.30
2026/10/09 13:42:16.734, 2, 79988, 97871, 99, 457.20
2026/10/09 13:42:16.734, 3, 82372, 97871, 99, 480.87
2026/10/09 13:42:17.734, 0, 79409, 97871, 100, 442.05
2026/10/09 13:42:17.734, 1, 82701, 97871, 100, 521.74
2026/10/09 13:42:17.734, 2, 79988, 97871, 99, 457.35
2026/10/09 13:42:17.734, 3, 82372, 97871, 99, 497.24
2026/10/09 13:42:18.734, 0, 79409, 97871, 100, 442.82
2026/10/09 13:42:18.735, 1, 82701, 97871, 100, 525.50
2026/10/09 13:42:18.735, 2, 79988, 97871, 99, 460.48
2026/10/09 13:42:18.735, 3, 82372, 97871, 99, 477.18
2026/10/09 13:42:19.735, 0, 79409, 97871, 100, 443.30
2026/10/09 13:42:19.735, 1, 82701, 97871, 100, 517.98
2026/10/09 13:42:19.735, 2, 79988, 97871, 99, 475.43
2026/10/09 13:42:19.735, 3, 82372, 97871, 99, 486.55
2026/10/09 13:42:20.735, 0, 79409, 97871, 100, 443.55
2026/10/09 13:42:20.735, 1, 82701, 97871, 100, 520.45
2026/10/09 13:42:20.735, 2, 79988, 97871, 99, 466.46
2026/10/09 13:42:20.735, 3, 82372, 97871, 99, 482.12
2026/10/09 13:42:21.735, 0, 79409, 97871, 100, 441.32
2026/10/09 13:42:21.735, 1, 82701, 97871, 100, 518.15
2026/10/09 13:42:21.735, 2, 79988, 97871, 99, 458.60
2026/10/09 13:42:21.735, 3, 82372, 97871, 99, 478.82
2026/10/09 13:42:22.735, 0, 79409, 97871, 100, 442.35
2026/10/09 13:42:22.735, 1, 82701, 97871, 100, 518.91
2026/10/09 13:42:22.735, 2, 79988, 97871, 99, 458.29
2026/10/09 13:42:22.736, 3, 82372, 97871, 100, 483.33
2026/10/09 13:42:23.736, 0, 79409, 97871, 100, 440.07
2026/10/09 13:42:23.736, 1, 82701, 97871, 100, 514.16
2026/10/09 13:42:23.736, 2, 79988, 97871, 99, 460.19
2026/10/09 13:42:23.736, 3, 82372, 97871, 99, 482.08
2026/10/09 13:42:24.736, 0, 79409, 97871, 100, 441.91
2026/10/09 13:42:24.736, 1, 82701, 97871, 100, 517.62
2026/10/09 13:42:24.736, 2, 79988, 97871, 99, 460.11
2026/10/09 13:42:24.736, 3, 82372, 97871, 100, 480.67
2026/10/09 13:42:25.736, 0, 79409, 97871, 100, 442.46
2026/10/09 13:42:25.736, 1, 82701, 97871, 100, 520.34
2026/10/09 13:42:25.736, 2, 79988, 97871, 99, 458.11
2026/10/09 13:42:25.736, 3, 82372, 97871, 99, 479.48
2026/10/09 13:42:26.736, 0, 79409, 97871, 100, 443.87
2026/10/09 13:42:26.736, 1, 82701, 97871, 100, 518.06
2026/10/09 13:42:26.736, 2, 79988, 97871, 99, 465.26
2026/10/09 13:42:26.736, 3, 82372, 97871, 99, 479.42
2026/10/09 13:42:27.737, 0, 79409, 97871, 100, 451.04
2026/10/09 13:42:27.737, 1, 82701, 97871, 100, 515.53
2026/10/09 13:42:27.737, 2, 79988, 97871, 99, 458.69
2026/10/09 13:42:27.737, 3, 82372, 97871, 90, 475.74
2026/10/09 13:42:28.737, 0, 79409, 97871, 100, 447.10
2026/10/09 13:42:28.737, 1, 82701, 97871, 100, 518.64
2026/10/09 13:42:28.737, 2, 79988, 97871, 99, 460.34
2026/10/09 13:42:28.737, 3, 82372, 97871, 99, 478.36
2026/10/09 13:42:29.737, 0, 79409, 97871, 100, 447.63
2026/10/09 13:42:29.737, 1, 82701, 97871, 100, 491.43
2026/10/09 13:42:29.737, 2, 79988, 97871, 99, 460.34
2026/10/09 13:42:29.737, 3, 82372, 97871, 99, 485.15
2026/10/09 13:42:30.737, 0, 79409, 97871, 100, 447.90
2026/10/09 13:42:30.737, 1, 82701, 97871, 100, 537.24
2026/10/09 13:42:30.737, 2, 79988, 97871, 88, 459.95
2026/10/09 13:42:30.737, 3, 82372, 97871, 99, 484.64
2026/10/09 13:42:31.738, 0, 79409, 97871, 100, 446.17
2026/10/09 13:42:31.738, 1, 82701, 97871, 100, 516.28
2026/10/09 13:42:31.738, 2, 79988, 97871, 99, 459.66
2026/10/09 13:42:31.738, 3, 82372, 97871, 100, 485.27
2026/10/09 13:42:32.738, 0, 79409, 97871, 100, 444.99
2026/10/09 13:42:32.738, 1, 82701, 97871, 100, 511.97
2026/10/09 13:42:32.738, 2, 79988, 97871, 99, 469.04
2026/10/09 13:42:32.738, 3, 82372, 97871, 99, 477.76
2026/10/09 13:42:33.738, 0, 79409, 97871, 100, 449.75
2026/10/09 13:42:33.738, 1, 82701, 97871, 90, 502.07
2026/10/09 13:42:33.738, 2, 79988, 97871, 99, 467.31
2026/10/09 13:42:33.738, 3, 82372, 97871, 99, 479.41
2026/10/09 13:42:34.738, 0, 79409, 97871, 100, 446.83
2026/10/09 13:42:34.738, 1, 82703, 97871, 100, 511.23
2026/10/09 13:42:34.738, 2, 79988, 97871, 99, 460.55
2026/10/09 13:42:34.738, 3, 82372, 97871, 99, 472.04
2026/10/09 13:42:35.738, 0, 79409, 97871, 100, 438.24
2026/10/09 13:42:35.739, 1, 82703, 97871, 100, 513.72
2026/10/09 13:42:35.739, 2, 79988, 97871, 99, 460.23
2026/10/09 13:42:35.739, 3, 82372, 97871, 98, 431.04
2026/10/09 13:42:36.739, 0, 79409, 97871, 100, 438.36
2026/10/09 13:42:36.739, 1, 82703, 97871, 100, 514.28
2026/10/09 13:42:36.739, 2, 79988, 97871, 99, 458.11
2026/10/09 13:42:36.739, 3, 82372, 97871, 100, 522.39
2026/10/09 13:42:37.739, 0, 79409, 97871, 100, 445.03
2026/10/09 13:42:37.739, 1, 82703, 97871, 47, 501.23
2026/10/09 13:42:37.739, 2, 79988, 97871, 99, 472.07
2026/10/09 13:42:37.739, 3, 82372, 97871, 100, 512.35
2026/10/09 13:42:38.739, 0, 79409, 97871, 100, 442.98
2026/10/09 13:42:38.739, 1, 82703, 97871, 100, 532.45
2026/10/09 13:42:38.739, 2, 79988, 97871, 99, 459.78
2026/10/09 13:42:38.739, 3, 82372, 97871, 99, 488.12
2026/10/09 13:42:39.739, 0, 79409, 97871, 100, 443.93
2026/10/09 13:42:39.740, 1, 82703, 97871, 100, 534.01
2026/10/09 13:42:39.740, 2, 79988, 97871, 99, 459.38
2026/10/09 13:42:39.740, 3, 82372, 97871, 100, 528.84
2026/10/09 13:42:40.740, 0, 79409, 97871, 100, 444.74
2026/10/09 13:42:40.740, 1, 82703, 97871, 100, 516.74
2026/10/09 13:42:40.740, 2, 79988, 97871, 99, 457.45
2026/10/09 13:42:40.740, 3, 82372, 97871, 100, 522.73
2026/10/09 13:42:41.740, 0, 79409, 97871, 100, 445.40
2026/10/09 13:42:41.740, 1, 82703, 97871, 100, 516.10
2026/10/09 13:42:41.740, 2, 79988, 97871, 99, 458.07
2026/10/09 13:42:41.740, 3, 82372, 97871, 100, 536.20
2026/10/09 13:42:42.740, 0, 79409, 97871, 100, 440.03
2026/10/09 13:42:42.740, 1, 82703, 97871, 100, 515.95
2026/10/09 13:42:42.740, 2, 79988, 97871, 99, 453.61
2026/10/09 13:42:42.740, 3, 82372, 97871, 100, 533.16
2026/10/09 13:42:43.740, 0, 79409, 97871, 100, 442.29
2026/10/09 13:42:43.741, 1, 82703, 97871, 100, 519.02
2026/10/09 13:42:43.741, 2, 79988, 97871, 96, 471.89
2026/10/09 13:42:43.741, 3, 82372, 97871, 100, 525.89
2026/10/09 13:42:44.741, 0, 79409, 97871, 100, 442.62
2026/10/09 13:42:44.741, 1, 82703, 97871, 100, 513.16
2026/10/09 13:42:44.741, 2, 79988, 97871, 99, 462.40
2026/10/09 13:42:44.741, 3, 82372, 97871, 100, 527.52
2026/10/09 13:42:45.741, 0, 79409, 97871, 100, 440.85
2026/10/09 13:42:45.741, 1, 82703, 97871, 100, 517.43
2026/10/09 13:42:45.741, 2, 79988, 97871, 99, 465.94
2026/10/09 13:42:45.741, 3, 82372, 97871, 100, 531.93
2026/10/09 13:42:46.741, 0, 79409, 97871, 100, 441.94
2026/10/09 13:42:46.741, 1, 82703, 97871, 100, 513.88
2026/10/09 13:42:46.741, 2, 79988, 97871, 99, 461.94
2026/10/09 13:42:46.741, 3, 82372, 97871, 100, 527.02
2026/10/09 13:42:47.741, 0, 79409, 97871, 86, 435.63
2026/10/09 13:42:47.741, 1, 82703, 97871, 100, 522.75
2026/10/09 13:42:47.741, 2, 79988, 97871, 99, 460.86
2026/10/09 13:42:47.742, 3, 82372, 97871, 100, 528.45
2026/10/09 13:42:48.742, 0, 79409, 97871, 100, 441.86
2026/10/09 13:42:48.742, 1, 82703, 97871, 100, 517.92
2026/10/09 13:42:48.749, 2, 79988, 97871, 99, 460.11
2026/10/09 13:42:48.749, 3, 82372, 97871, 100, 524.86
2026/10/09 13:42:49.749, 0, 79409, 97871, 100, 442.37
2026/10/09 13:42:49.749, 1, 82703, 97871, 100, 517.33
2026/10/09 13:42:49.749, 2, 79988, 97871, 99, 458.39
2026/10/09 13:42:49.750, 3, 82372, 97871, 100, 525.86
2026/10/09 13:42:50.750, 0, 79409, 97871, 100, 443.18
2026/10/09 13:42:50.750, 1, 82703, 97871, 100, 515.66
2026/10/09 13:42:50.750, 2, 79988, 97871, 99, 457.74
2026/10/09 13:42:50.750, 3, 82372, 97871, 100, 522.45
2026/10/09 13:42:51.750, 0, 79409, 97871, 100, 443.91
2026/10/09 13:42:51.750, 1, 82703, 97871, 100, 518.46
2026/10/09 13:42:51.750, 2, 79988, 97871, 100, 448.30
2026/10/09 13:42:51.750, 3, 82372, 97871, 100, 529.99
2026/10/09 13:42:52.750, 0, 79409, 97871, 100, 445.12
2026/10/09 13:42:52.750, 1, 82703, 97871, 100, 517.94
2026/10/09 13:42:52.750, 2, 79988, 97871, 100, 495.07
2026/10/09 13:42:52.750, 3, 82372, 97871, 100, 535.83
2026/10/09 13:42:53.750, 0, 79409, 97871, 100, 442.58
2026/10/09 13:42:53.751, 1, 82703, 97871, 100, 517.23
2026/10/09 13:42:53.751, 2, 79988, 97871, 90, 486.71
2026/10/09 13:42:53.751, 3, 82372, 97871, 100, 517.59
2026/10/09 13:42:54.751, 0, 79409, 97871, 100, 442.49
2026/10/09 13:42:54.751, 1, 82703, 97871, 100, 517.68
2026/10/09 13:42:54.751, 2, 79988, 97871, 100, 520.67
2026/10/09 13:42:54.751, 3, 82372, 97871, 100, 530.59
2026/10/09 13:42:55.751, 0, 79409, 97871, 100, 443.67
2026/10/09 13:42:55.751, 1, 82703, 97871, 100, 515.95
2026/10/09 13:42:55.751, 2, 79988, 97871, 100, 527.87
2026/10/09 13:42:55.751, 3, 82372, 97871, 100, 527.95
2026/10/09 13:42:56.751, 0, 79409, 97871, 100, 444.08
2026/10/09 13:42:56.751, 1, 82703, 97871, 100, 518.70
2026/10/09 13:42:56.751, 2, 79988, 97871, 100, 529.16
2026/10/09 13:42:56.751, 3, 82372, 97871, 100, 536.24
2026/10/09 13:42:57.751, 0, 79409, 97871, 100, 445.07
2026/10/09 13:42:57.752, 1, 82703, 97871, 100, 514.47
2026/10/09 13:42:57.752, 2, 79988, 97871, 100, 520.61
2026/10/09 13:42:57.752, 3, 82372, 97871, 100, 526.72
2026/10/09 13:42:58.752, 0, 79409, 97871, 100, 443.66
2026/10/09 13:42:58.752, 1, 82703, 97871, 100, 514.88
2026/10/09 13:42:58.756, 2, 79988, 97871, 100, 522.45
2026/10/09 13:42:58.756, 3, 82372, 97871, 100, 525.54
2026/10/09 13:42:59.756, 0, 79409, 97871, 100, 438.19
2026/10/09 13:42:59.756, 1, 82703, 97871, 100, 515.19
2026/10/09 13:42:59.756, 2, 79988, 97871, 100, 527.28
2026/10/09 13:42:59.756, 3, 82372, 97871, 100, 533.75
2026/10/09 13:43:00.757, 0, 79409, 97871, 100, 440.97
2026/10/09 13:43:00.757, 1, 82703, 97871, 100, 516.56
2026/10/09 13:43:00.757, 2, 79988, 97871, 100, 526.62
2026/10/09 13:43:00.757, 3, 82372, 97871, 100, 521.96
2026/10/09 13:43:01.757, 0, 79409, 97871, 100, 439.35
2026/10/09 13:43:01.757, 1, 82703, 97871, 100, 516.78
2026/10/09 13:43:01.757, 2, 79988, 97871, 100, 527.56
2026/10/09 13:43:01.757, 3, 82372, 97871, 99, 487.96
2026/10/09 13:43:02.757, 0, 79409, 97871, 100, 440.82
2026/10/09 13:43:02.757, 1, 82703, 97871, 100, 517.37
2026/10/09 13:43:02.757, 2, 79988, 97871, 100, 524.56
2026/10/09 13:43:02.757, 3, 82372, 97871, 100, 469.68
2026/10/09 13:43:03.757, 0, 79409, 97871, 100, 442.16
2026/10/09 13:43:03.757, 1, 82703, 97871, 100, 511.01
2026/10/09 13:43:03.757, 2, 79988, 97871, 100, 521.63
2026/10/09 13:43:03.758, 3, 82372, 97871, 100, 511.53
2026/10/09 13:43:04.758, 0, 79409, 97871, 100, 443.50
2026/10/09 13:43:04.758, 1, 82703, 97871, 100, 509.08
2026/10/09 13:43:04.758, 2, 79988, 97871, 99, 520.49
2026/10/09 13:43:04.758, 3, 82372, 97871, 100, 518.22
2026/10/09 13:43:05.758, 0, 79409, 97871, 100, 443.13
2026/10/09 13:43:05.758, 1, 82703, 97871, 99, 508.93
2026/10/09 13:43:05.758, 2, 79988, 97871, 100, 524.37
2026/10/09 13:43:05.758, 3, 82372, 97871, 100, 525.24
2026/10/09 13:43:06.758, 0, 79409, 97871, 100, 443.32
2026/10/09 13:43:06.758, 1, 82703, 97871, 100, 514.43
2026/10/09 13:43:06.758, 2, 79988, 97871, 100, 524.50
2026/10/09 13:43:06.758, 3, 82372, 97871, 100, 532.65
2026/10/09 13:43:07.758, 0, 79409, 97871, 86, 440.58
2026/10/09 13:43:07.758, 1, 82703, 97871, 100, 517.95
2026/10/09 13:43:07.758, 2, 79988, 97871, 100, 527.97
2026/10/09 13:43:07.758, 3, 82372, 97871, 99, 491.77
2026/10/09 13:43:08.759, 0, 79409, 97871, 100, 439.89
2026/10/09 13:43:08.759, 1, 7, 97871, 0, 181.89
2026/10/09 13:43:08.761, 2, 79988, 97871, 100, 523.35
2026/10/09 13:43:08.761, 3, 82372, 97871, 100, 520.58
2026/10/09 13:43:09.762, 0, 79409, 97871, 100, 442.48
2026/10/09 13:43:09.762, 1, 7, 97871, 0, 150.46
2026/10/09 13:43:09.762, 2, 79988, 97871, 100, 528.15
2026/10/09 13:43:09.762, 3, 82372, 97871, 100, 509.76
2026/10/09 13:43:10.762, 0, 79409, 97871, 100, 443.33
2026/10/09 13:43:10.762, 1, 7, 97871, 0, 101.26
2026/10/09 13:43:10.762, 2, 79988, 97871, 100, 524.10
2026/10/09 13:43:10.762, 3, 82372, 97871, 100, 506.92
2026/10/09 13:43:11.762, 0, 79409, 97871, 100, 444.73
2026/10/09 13:43:11.762, 1, 7, 97871, 0, 101.71
2026/10/09 13:43:11.762, 2, 79988, 97871, 100, 526.24
2026/10/09 13:43:11.762, 3, 82372, 97871, 100, 505.53
2026/10/09 13:43:12.762, 0, 79409, 97871, 100, 445.19
2026/10/09 13:43:12.762, 1, 7, 97871, 0, 101.72
2026/10/09 13:43:12.762, 2, 79988, 97871, 100, 526.21
2026/10/09 13:43:12.763, 3, 82372, 97871, 100, 506.62
2026/10/09 13:43:13.763, 0, 79409, 97871, 100, 441.13
2026/10/09 13:43:13.763, 1, 7, 97871, 0, 101.64
2026/10/09 13:43:13.763, 2, 79988, 97871, 100, 525.67
2026/10/09 13:43:13.763, 3, 82372, 97871, 100, 509.47
2026/10/09 13:43:14.763, 0, 79409, 97871, 95, 448.04
2026/10/09 13:43:14.763, 1, 7, 97871, 0, 101.18
2026/10/09 13:43:14.763, 2, 79988, 97871, 100, 515.09
2026/10/09 13:43:14.763, 3, 82372, 97871, 100, 505.37
2026/10/09 13:43:15.763, 0, 79409, 97871, 100, 438.24
2026/10/09 13:43:15.763, 1, 7, 97871, 0, 101.02
2026/10/09 13:43:15.763, 2, 79988, 97871, 99, 474.11
2026/10/09 13:43:15.763, 3, 82372, 97871, 100, 507.27
2026/10/09 13:43:16.763, 0, 79409, 97871, 100, 442.67
2026/10/09 13:43:16.763, 1, 7, 97871, 0, 101.01
2026/10/09 13:43:16.763, 2, 79988, 97871, 100, 458.48
2026/10/09 13:43:16.763, 3, 82372, 97871, 100, 502.58
2026/10/09 13:43:17.764, 0, 79409, 97871, 100, 441.73
2026/10/09 13:43:17.764, 1, 7, 97871, 0, 100.82
2026/10/09 13:43:17.764, 2, 79988, 97871, 100, 517.40
2026/10/09 13:43:17.764, 3, 82372, 97871, 100, 513.72
2026/10/09 13:43:18.764, 0, 79409, 97871, 100, 442.65
2026/10/09 13:43:18.764, 1, 7, 97871, 0, 100.71
2026/10/09 13:43:18.777, 2, 79988, 97871, 100, 528.95
2026/10/09 13:43:18.777, 3, 82372, 97871, 100, 529.90
2026/10/09 13:43:19.777, 0, 79409, 97871, 100, 444.13
2026/10/09 13:43:19.777, 1, 7, 97871, 0, 100.65
2026/10/09 13:43:19.777, 2, 79988, 97871, 100, 533.24
2026/10/09 13:43:19.777, 3, 82372, 97871, 100, 465.56
2026/10/09 13:43:20.777, 0, 79409, 97871, 94, 440.94
2026/10/09 13:43:20.778, 1, 7, 97871, 0, 100.50
2026/10/09 13:43:20.778, 2, 79988, 97871, 63, 488.36
2026/10/09 13:43:20.778, 3, 82372, 97871, 100, 527.90
2026/10/09 13:43:21.778, 0, 79409, 97871, 87, 449.20
2026/10/09 13:43:21.778, 1, 7, 97871, 0, 100.33
2026/10/09 13:43:21.778, 2, 79988, 97871, 100, 520.53
2026/10/09 13:43:21.778, 3, 82372, 97871, 100, 523.26
2026/10/09 13:43:22.778, 0, 79409, 97871, 100, 447.32
2026/10/09 13:43:22.778, 1, 7, 97871, 0, 100.61
2026/10/09 13:43:22.778, 2, 79988, 97871, 100, 512.84
2026/10/09 13:43:22.778, 3, 82372, 97871, 100, 502.88
2026/10/09 13:43:23.778, 0, 79409, 97871, 100, 451.55
2026/10/09 13:43:23.778, 1, 7, 97871, 0, 100.60
2026/10/09 13:43:23.778, 2, 79988, 97871, 100, 515.11
2026/10/09 13:43:23.778, 3, 82372, 97871, 100, 501.95
2026/10/09 13:43:24.778, 0, 79409, 97871, 100, 452.13
2026/10/09 13:43:24.779, 1, 7, 97871, 0, 100.80
2026/10/09 13:43:24.779, 2, 79988, 97871, 100, 510.54
2026/10/09 13:43:24.779, 3, 82372, 97871, 100, 499.47
2026/10/09 13:43:25.779, 0, 79409, 97871, 100, 451.80
2026/10/09 13:43:25.779, 1, 7, 97871, 0, 100.58
2026/10/09 13:43:25.779, 2, 79988, 97871, 100, 515.51
2026/10/09 13:43:25.779, 3, 82372, 97871, 100, 504.18
2026/10/09 13:43:26.779, 0, 79409, 97871, 100, 453.12
2026/10/09 13:43:26.779, 1, 7, 97871, 0, 100.40
2026/10/09 13:43:26.779, 2, 79988, 97871, 100, 515.87
2026/10/09 13:43:26.779, 3, 82372, 97871, 100, 501.25
2026/10/09 13:43:27.779, 0, 79409, 97871, 100, 445.66
2026/10/09 13:43:27.779, 1, 7, 97871, 0, 100.45
2026/10/09 13:43:27.779, 2, 79988, 97871, 100, 513.39
2026/10/09 13:43:27.779, 3, 82372, 97871, 100, 511.40
2026/10/09 13:43:28.779, 0, 79409, 97871, 100, 446.56
2026/10/09 13:43:28.779, 1, 7, 97871, 0, 100.43
2026/10/09 13:43:28.788, 2, 79988, 97871, 100, 515.19
2026/10/09 13:43:28.788, 3, 82372, 97871, 100, 522.37
2026/10/09 13:43:29.788, 0, 79409, 97871, 100, 447.05
2026/10/09 13:43:29.788, 1, 7, 97871, 0, 100.27
2026/10/09 13:43:29.788, 2, 79988, 97871, 100, 518.53
2026/10/09 13:43:29.788, 3, 82372, 97871, 70, 495.37
2026/10/09 13:43:30.788, 0, 79409, 97871, 100, 440.31
2026/10/09 13:43:30.788, 1, 7, 97871, 0, 100.32
2026/10/09 13:43:30.788, 2, 79988, 97871, 99, 482.19
2026/10/09 13:43:30.788, 3, 82372, 97871, 100, 526.52
2026/10/09 13:43:31.788, 0, 79409, 97871, 100, 443.83
2026/10/09 13:43:31.788, 1, 7, 97871, 0, 100.23
2026/10/09 13:43:31.788, 2, 79988, 97871, 100, 469.37
2026/10/09 13:43:31.788, 3, 82372, 97871, 100, 525.12
2026/10/09 13:43:32.788, 0, 79409, 97871, 100, 444.13
2026/10/09 13:43:32.788, 1, 7, 97871, 0, 100.17
2026/10/09 13:43:32.788, 2, 79988, 97871, 100, 532.33
2026/10/09 13:43:32.788, 3, 82372, 97871, 100, 506.76
2026/10/09 13:43:33.789, 0, 79409, 97871, 100, 444.86
2026/10/09 13:43:33.789, 1, 7, 97871, 0, 100.21
2026/10/09 13:43:33.789, 2, 79988, 97871, 100, 514.56
2026/10/09 13:43:33.789, 3, 82372, 97871, 100, 508.88
2026/10/09 13:43:34.789, 0, 79409, 97871, 100, 446.33
2026/10/09 13:43:34.789, 1, 7, 97871, 0, 100.14
2026/10/09 13:43:34.789, 2, 79988, 97871, 100, 503.47
2026/10/09 13:43:34.789, 3, 82372, 97871, 100, 504.94
2026/10/09 13:43:35.789, 0, 79409, 97871, 100, 441.06
2026/10/09 13:43:35.789, 1, 7, 97871, 0, 100.03
2026/10/09 13:43:35.789, 2, 79988, 97871, 99, 505.66
2026/10/09 13:43:35.789, 3, 82372, 97871, 100, 500.91
2026/10/09 13:43:36.789, 0, 79409, 97871, 100, 442.80
2026/10/09 13:43:36.789, 1, 7, 97871, 0, 100.03
2026/10/09 13:43:36.789, 2, 79988, 97871, 100, 509.09
2026/10/09 13:43:36.789, 3, 82372, 97871, 100, 508.97
2026/10/09 13:43:37.790, 0, 79409, 97871, 100, 440.61
2026/10/09 13:43:37.790, 1, 7, 97871, 0, 99.88
2026/10/09 13:43:37.790, 2, 79988, 97871, 100, 512.19
2026/10/09 13:43:37.790, 3, 82372, 97871, 100, 510.01
2026/10/09 13:43:38.790, 0, 79409, 97871, 100, 443.52
2026/10/09 13:43:38.790, 1, 7, 97871, 0, 99.97
2026/10/09 13:43:38.795, 2, 79988, 97871, 100, 517.88
2026/10/09 13:43:38.795, 3, 82372, 97871, 100, 503.08
2026/10/09 13:43:39.795, 0, 79409, 97871, 100, 444.38
2026/10/09 13:43:39.795, 1, 7, 97871, 0, 100.00
2026/10/09 13:43:39.795, 2, 79988, 97871, 100, 507.16
2026/10/09 13:43:39.795, 3, 82372, 97871, 100, 507.29
2026/10/09 13:43:40.795, 0, 79409, 97871, 100, 441.88
2026/10/09 13:43:40.795, 1, 7, 97871, 0, 99.76
2026/10/09 13:43:40.795, 2, 79988, 97871, 100, 527.05
2026/10/09 13:43:40.795, 3, 82372, 97871, 100, 505.27
2026/10/09 13:43:41.796, 0, 79409, 97871, 100, 442.65
2026/10/09 13:43:41.796, 1, 7, 97871, 0, 100.04
2026/10/09 13:43:41.796, 2, 79988, 97871, 100, 511.18
2026/10/09 13:43:41.796, 3, 82372, 97871, 100, 513.70
2026/10/09 13:43:42.796, 0, 79409, 97871, 100, 443.28
2026/10/09 13:43:42.796, 1, 7, 97871, 0, 99.86
2026/10/09 13:43:42.796, 2, 79988, 97871, 100, 506.57
2026/10/09 13:43:42.796, 3, 82372, 97871, 100, 505.80
2026/10/09 13:43:43.796, 0, 79409, 97871, 100, 449.48
2026/10/09 13:43:43.796, 1, 7, 97871, 0, 99.94
2026/10/09 13:43:43.796, 2, 79988, 97871, 100, 502.86
2026/10/09 13:43:43.796, 3, 82372, 97871, 100, 502.63
2026/10/09 13:43:44.796, 0, 79409, 97871, 100, 446.14
2026/10/09 13:43:44.796, 1, 7, 97871, 0, 99.84
2026/10/09 13:43:44.796, 2, 79988, 97871, 100, 505.36
2026/10/09 13:43:44.796, 3, 82372, 97871, 100, 505.59
2026/10/09 13:43:45.797, 0, 79409, 97871, 100, 446.37
2026/10/09 13:43:45.797, 1, 7, 97871, 0, 100.31
2026/10/09 13:43:45.797, 2, 79988, 97871, 100, 501.23
2026/10/09 13:43:45.797, 3, 82372, 97871, 100, 508.17
2026/10/09 13:43:46.797, 0, 79409, 97871, 100, 447.21
2026/10/09 13:43:46.797, 1, 7, 97871, 0, 99.90
2026/10/09 13:43:46.797, 2, 79988, 97871, 100, 509.39
2026/10/09 13:43:46.797, 3, 82372, 97871, 100, 511.40
2026/10/09 13:43:47.797, 0, 79409, 97871, 100, 448.32
2026/10/09 13:43:47.797, 1, 7, 97871, 0, 100.20
2026/10/09 13:43:47.797, 2, 79988, 97871, 100, 506.30
2026/10/09 13:43:47.797, 3, 82372, 97871, 100, 508.23
2026/10/09 13:43:48.797, 0, 79409, 97871, 100, 443.96
2026/10/09 13:43:48.797, 1, 7, 97871, 0, 99.87
2026/10/09 13:43:48.802, 2, 79988, 97871, 100, 506.39
2026/10/09 13:43:48.803, 3, 82372, 97871, 100, 506.16
2026/10/09 13:43:49.803, 0, 79409, 97871, 96, 439.36
2026/10/09 13:43:49.803, 1, 7, 97871, 0, 99.86
2026/10/09 13:43:49.803, 2, 79988, 97871, 100, 511.38
2026/10/09 13:43:49.803, 3, 82372, 97871, 100, 511.40
2026/10/09 13:43:50.803, 0, 79409, 97871, 100, 443.45
2026/10/09 13:43:50.803, 1, 7, 97871, 0, 99.83
2026/10/09 13:43:50.803, 2, 79988, 97871, 100, 503.66
2026/10/09 13:43:50.803, 3, 82372, 97871, 100, 503.51
2026/10/09 13:43:51.803, 0, 79409, 97871, 100, 444.02
2026/10/09 13:43:51.803, 1, 7, 97871, 0, 99.75
2026/10/09 13:43:51.803, 2, 79988, 97871, 100, 503.11
2026/10/09 13:43:51.803, 3, 82372, 97871, 100, 505.14
2026/10/09 13:43:52.803, 0, 79409, 97871, 100, 442.77
2026/10/09 13:43:52.803, 1, 7, 97871, 0, 99.98
2026/10/09 13:43:52.803, 2, 79988, 97871, 100, 504.21
2026/10/09 13:43:52.803, 3, 82372, 97871, 100, 505.78
2026/10/09 13:43:53.804, 0, 79409, 97871, 100, 443.90
2026/10/09 13:43:53.804, 1, 7, 97871, 0, 99.95
2026/10/09 13:43:53.804, 2, 79988, 97871, 100, 508.60
2026/10/09 13:43:53.804, 3, 82372, 97871, 100, 506.20
2026/10/09 13:43:54.804, 0, 79409, 97871, 100, 443.17
2026/10/09 13:43:54.804, 1, 7, 97871, 0, 99.69
2026/10/09 13:43:54.804, 2, 79988, 97871, 100, 507.79
2026/10/09 13:43:54.804, 3, 82372, 97871, 100, 508.28
2026/10/09 13:43:55.804, 0, 79409, 97871, 100, 456.12
2026/10/09 13:43:55.804, 1, 7, 97871, 0, 99.79
2026/10/09 13:43:55.804, 2, 79988, 97871, 100, 505.75
2026/10/09 13:43:55.804, 3, 82372, 97871, 100, 507.70
2026/10/09 13:43:56.804, 0, 79409, 97871, 100, 451.33
2026/10/09 13:43:56.804, 1, 7, 97871, 0, 99.80
2026/10/09 13:43:56.805, 2, 79988, 97871, 100, 509.40
2026/10/09 13:43:56.805, 3, 82372, 97871, 100, 504.38
2026/10/09 13:43:57.805, 0, 79409, 97871, 100, 452.85
2026/10/09 13:43:57.805, 1, 7, 97871, 0, 99.85
2026/10/09 13:43:57.805, 2, 79988, 97871, 100, 506.23
2026/10/09 13:43:57.805, 3, 82372, 97871, 100, 503.28
2026/10/09 13:43:58.805, 0, 79409, 97871, 100, 453.24
2026/10/09 13:43:58.805, 1, 7, 97871, 0, 99.82
2026/10/09 13:43:58.810, 2, 79988, 97871, 100, 505.94
2026/10/09 13:43:58.810, 3, 82372, 97871, 100, 499.94
2026/10/09 13:43:59.810, 0, 79409, 97871, 100, 453.37
2026/10/09 13:43:59.810, 1, 7, 97871, 0, 99.64
2026/10/09 13:43:59.810, 2, 79988, 97871, 100, 506.42
2026/10/09 13:43:59.810, 3, 82372, 97871, 100, 501.05
2026/10/09 13:44:00.810, 0, 79409, 97871, 100, 444.36
2026/10/09 13:44:00.810, 1, 7, 97871, 0, 99.65
2026/10/09 13:44:00.810, 2, 79988, 97871, 100, 505.57
2026/10/09 13:44:00.810, 3, 82372, 97871, 100, 507.11
2026/10/09 13:44:01.810, 0, 79409, 97871, 100, 443.03
2026/10/09 13:44:01.810, 1, 7, 97871, 0, 99.72
2026/10/09 13:44:01.811, 2, 79988, 97871, 100, 508.47
2026/10/09 13:44:01.811, 3, 82372, 97871, 100, 511.57
2026/10/09 13:44:02.811, 0, 79409, 97871, 100, 444.34
2026/10/09 13:44:02.811, 1, 7, 97871, 0, 99.63
2026/10/09 13:44:02.811, 2, 79988, 97871, 100, 502.61
2026/10/09 13:44:02.811, 3, 82372, 97871, 100, 520.28
2026/10/09 13:44:03.811, 0, 79409, 97871, 100, 449.64
2026/10/09 13:44:03.811, 1, 7, 97871, 0, 99.72
2026/10/09 13:44:03.811, 2, 79988, 97871, 100, 505.02
2026/10/09 13:44:03.811, 3, 6, 97871, 0, 223.24
2026/10/09 13:44:04.811, 0, 79409, 97871, 100, 445.52
2026/10/09 13:44:04.811, 1, 7, 97871, 0, 99.77
2026/10/09 13:44:04.811, 2, 79988, 97871, 100, 509.00
2026/10/09 13:44:04.811, 3, 6, 97871, 0, 144.26
2026/10/09 13:44:05.811, 0, 79409, 97871, 100, 444.67
2026/10/09 13:44:05.811, 1, 7, 97871, 0, 99.55
2026/10/09 13:44:05.811, 2, 79988, 97871, 100, 519.47
2026/10/09 13:44:05.811, 3, 6, 97871, 0, 91.59
2026/10/09 13:44:06.811, 0, 79409, 97871, 100, 445.90
2026/10/09 13:44:06.813, 1, 7, 97871, 0, 99.50
2026/10/09 13:44:06.814, 2, 79988, 97871, 0, 393.48
2026/10/09 13:44:06.814, 3, 6, 97871, 0, 91.16
2026/10/09 13:44:07.814, 0, 79409, 97871, 100, 451.57
2026/10/09 13:44:07.815, 1, 7, 97871, 0, 100.05
2026/10/09 13:44:07.815, 2, 6, 97871, 0, 144.03
2026/10/09 13:44:07.815, 3, 6, 97871, 0, 90.87
2026/10/09 13:44:08.815, 0, 79409, 97871, 100, 449.28
2026/10/09 13:44:08.815, 1, 7, 97871, 0, 99.49
2026/10/09 13:44:08.817, 2, 6, 97871, 0, 142.96
2026/10/09 13:44:08.817, 3, 6, 97871, 0, 90.58
2026/10/09 13:44:09.817, 0, 79409, 97871, 100, 449.47
2026/10/09 13:44:09.817, 1, 7, 97871, 0, 99.53
2026/10/09 13:44:09.817, 2, 6, 97871, 0, 100.45
2026/10/09 13:44:09.818, 3, 6, 97871, 0, 90.47
2026/10/09 13:44:10.818, 0, 79409, 97871, 100, 449.42
2026/10/09 13:44:10.818, 1, 7, 97871, 0, 99.43
2026/10/09 13:44:10.818, 2, 6, 97871, 0, 92.61
2026/10/09 13:44:10.818, 3, 6, 97871, 0, 90.43
2026/10/09 13:44:11.818, 0, 79409, 97871, 100, 449.62
2026/10/09 13:44:11.818, 1, 7, 97871, 0, 99.53
2026/10/09 13:44:11.818, 2, 6, 97871, 0, 92.42
2026/10/09 13:44:11.818, 3, 6, 97871, 0, 90.33
2026/10/09 13:44:12.818, 0, 79409, 97871, 100, 447.22
2026/10/09 13:44:12.818, 1, 7, 97871, 0, 99.46
2026/10/09 13:44:12.818, 2, 6, 97871, 0, 92.32
2026/10/09 13:44:12.818, 3, 6, 97871, 0, 90.19
2026/10/09 13:44:13.818, 0, 79409, 97871, 100, 446.36
2026/10/09 13:44:13.818, 1, 7, 97871, 0, 99.47
2026/10/09 13:44:13.818, 2, 6, 97871, 0, 92.30
2026/10/09 13:44:13.818, 3, 6, 97871, 0, 90.24
2026/10/09 13:44:14.818, 0, 79409, 97871, 100, 445.61
2026/10/09 13:44:14.818, 1, 7, 97871, 0, 99.46
2026/10/09 13:44:14.818, 2, 6, 97871, 0, 92.15
2026/10/09 13:44:14.818, 3, 6, 97871, 0, 90.23
2026/10/09 13:44:15.818, 0, 79409, 97871, 100, 445.30
2026/10/09 13:44:15.819, 1, 7, 97871, 0, 99.62
2026/10/09 13:44:15.819, 2, 6, 97871, 0, 92.11
2026/10/09 13:44:15.819, 3, 6, 97871, 0, 90.07
2026/10/09 13:44:16.819, 0, 79409, 97871, 100, 441.18
2026/10/09 13:44:16.819, 1, 7, 97871, 0, 99.40
2026/10/09 13:44:16.819, 2, 6, 97871, 0, 92.17
2026/10/09 13:44:16.819, 3, 6, 97871, 0, 89.93
2026/10/09 13:44:17.819, 0, 79409, 97871, 100, 443.61
2026/10/09 13:44:17.819, 1, 7, 97871, 0, 99.32
2026/10/09 13:44:17.819, 2, 6, 97871, 0, 92.04
2026/10/09 13:44:17.819, 3, 6, 97871, 0, 89.91
2026/10/09 13:44:18.819, 0, 79409, 97871, 100, 440.87
2026/10/09 13:44:18.819, 1, 7, 97871, 0, 99.46
2026/10/09 13:44:18.826, 2, 6, 97871, 0, 92.05
2026/10/09 13:44:18.826, 3, 6, 97871, 0, 89.81
2026/10/09 13:44:19.826, 0, 79409, 97871, 100, 447.51
2026/10/09 13:44:19.826, 1, 7, 97871, 0, 99.49
2026/10/09 13:44:19.826, 2, 6, 97871, 0, 92.05
2026/10/09 13:44:19.826, 3, 6, 97871, 0, 89.75
2026/10/09 13:44:20.826, 0, 79409, 97871, 100, 445.51
2026/10/09 13:44:20.826, 1, 7, 97871, 0, 99.42
2026/10/09 13:44:20.826, 2, 6, 97871, 0, 92.00
2026/10/09 13:44:20.826, 3, 6, 97871, 0, 89.69
2026/10/09 13:44:21.827, 0, 79409, 97871, 100, 446.28
2026/10/09 13:44:21.827, 1, 7, 97871, 0, 99.41
2026/10/09 13:44:21.827, 2, 6, 97871, 0, 91.93
2026/10/09 13:44:21.827, 3, 6, 97871, 0, 89.61
2026/10/09 13:44:22.827, 0, 79409, 97871, 100, 447.46
2026/10/09 13:44:22.827, 1, 7, 97871, 0, 99.40
2026/10/09 13:44:22.827, 2, 6, 97871, 0, 91.78
2026/10/09 13:44:22.827, 3, 6, 97871, 0, 89.45
2026/10/09 13:44:23.827, 0, 79409, 97871, 100, 447.52
2026/10/09 13:44:23.827, 1, 7, 97871, 0, 99.32
2026/10/09 13:44:23.827, 2, 6, 97871, 0, 91.83
2026/10/09 13:44:23.827, 3, 6, 97871, 0, 89.51
2026/10/09 13:44:24.827, 0, 79409, 97871, 100, 441.17
2026/10/09 13:44:24.827, 1, 7, 97871, 0, 99.36
2026/10/09 13:44:24.827, 2, 6, 97871, 0, 91.89
2026/10/09 13:44:24.827, 3, 6, 97871, 0, 89.37
2026/10/09 13:44:25.827, 0, 79409, 97871, 100, 445.57
2026/10/09 13:44:25.827, 1, 7, 97871, 0, 99.32
2026/10/09 13:44:25.827, 2, 6, 97871, 0, 91.80
2026/10/09 13:44:25.827, 3, 6, 97871, 0, 89.25
2026/10/09 13:44:26.827, 0, 79409, 97871, 100, 445.41
2026/10/09 13:44:26.828, 1, 7, 97871, 0, 99.25
2026/10/09 13:44:26.828, 2, 6, 97871, 0, 91.79
2026/10/09 13:44:26.828, 3, 6, 97871, 0, 89.36
2026/10/09 13:44:27.828, 0, 79409, 97871, 100, 442.38
2026/10/09 13:44:27.828, 1, 6, 97871, 0, 99.38
2026/10/09 13:44:27.828, 2, 5, 97871, 0, 91.76
2026/10/09 13:44:27.828, 3, 6, 97871, 0, 89.34
2026/10/09 13:44:28.828, 0, 79408, 97871, 100, 444.19
2026/10/09 13:44:28.828, 1, 6, 97871, 0, 99.28
2026/10/09 13:44:28.833, 2, 5, 97871, 0, 91.74
2026/10/09 13:44:28.833, 3, 6, 97871, 0, 89.26
2026/10/09 13:44:29.834, 0, 79408, 97871, 100, 445.48
2026/10/09 13:44:29.834, 1, 6, 97871, 0, 99.18
2026/10/09 13:44:29.834, 2, 5, 97871, 0, 91.71
2026/10/09 13:44:29.834, 3, 6, 97871, 0, 89.23
2026/10/09 13:44:30.834, 0, 79408, 97871, 100, 446.96
2026/10/09 13:44:30.834, 1, 6, 97871, 0, 99.27
2026/10/09 13:44:30.834, 2, 5, 97871, 0, 91.78
2026/10/09 13:44:30.834, 3, 6, 97871, 0, 89.17
2026/10/09 13:44:31.834, 0, 79408, 97871, 100, 446.56
2026/10/09 13:44:31.834, 1, 6, 97871, 0, 99.31
2026/10/09 13:44:31.834, 2, 5, 97871, 0, 91.66
2026/10/09 13:44:31.834, 3, 6, 97871, 0, 89.26
2026/10/09 13:44:32.834, 0, 79408, 97871, 100, 441.54
2026/10/09 13:44:32.834, 1, 6, 97871, 0, 99.21
2026/10/09 13:44:32.834, 2, 5, 97871, 0, 91.69
2026/10/09 13:44:32.834, 3, 6, 97871, 0, 89.20
2026/10/09 13:44:33.834, 0, 79408, 97871, 100, 456.56
2026/10/09 13:44:33.834, 1, 6, 97871, 0, 99.24
2026/10/09 13:44:33.834, 2, 5, 97871, 0, 91.60
2026/10/09 13:44:33.834, 3, 6, 97871, 0, 88.95
2026/10/09 13:44:34.834, 0, 79408, 97871, 100, 453.48
2026/10/09 13:44:34.834, 1, 6, 97871, 0, 99.29
2026/10/09 13:44:34.834, 2, 5, 97871, 0, 91.66
2026/10/09 13:44:34.834, 3, 6, 97871, 0, 88.87
2026/10/09 13:44:35.834, 0, 79408, 97871, 100, 452.57
2026/10/09 13:44:35.835, 1, 6, 97871, 0, 99.31
2026/10/09 13:44:35.835, 2, 5, 97871, 0, 91.75
2026/10/09 13:44:35.835, 3, 6, 97871, 0, 88.87
2026/10/09 13:44:36.835, 0, 79408, 97871, 100, 452.26
2026/10/09 13:44:36.835, 1, 6, 97871, 0, 99.33
2026/10/09 13:44:36.835, 2, 5, 97871, 0, 91.63
2026/10/09 13:44:36.835, 3, 6, 97871, 0, 88.98
2026/10/09 13:44:37.835, 0, 79408, 97871, 100, 452.38
2026/10/09 13:44:37.835, 1, 6, 97871, 0, 99.42
2026/10/09 13:44:37.835, 2, 5, 97871, 0, 91.62
2026/10/09 13:44:37.835, 3, 6, 97871, 0, 88.93
2026/10/09 13:44:38.835, 0, 79408, 97871, 100, 453.31
2026/10/09 13:44:38.835, 1, 6, 97871, 0, 99.35
2026/10/09 13:44:38.841, 2, 5, 97871, 0, 91.66
2026/10/09 13:44:38.841, 3, 6, 97871, 0, 88.72
2026/10/09 13:44:39.841, 0, 79408, 97871, 100, 445.80
2026/10/09 13:44:39.841, 1, 6, 97871, 0, 99.28
2026/10/09 13:44:39.841, 2, 5, 97871, 0, 91.72
2026/10/09 13:44:39.841, 3, 6, 97871, 0, 88.73
2026/10/09 13:44:40.841, 0, 79408, 97871, 100, 445.19
2026/10/09 13:44:40.841, 1, 6, 97871, 0, 99.31
2026/10/09 13:44:40.841, 2, 5, 97871, 0, 91.75
2026/10/09 13:44:40.841, 3, 6, 97871, 0, 88.73
2026/10/09 13:44:41.841, 0, 79408, 97871, 100, 445.26
2026/10/09 13:44:41.841, 1, 6, 97871, 0, 99.20
2026/10/09 13:44:41.841, 2, 5, 97871, 0, 91.58
2026/10/09 13:44:41.841, 3, 6, 97871, 0, 88.63
2026/10/09 13:44:42.841, 0, 79408, 97871, 100, 445.44
2026/10/09 13:44:42.841, 1, 6, 97871, 0, 99.24
2026/10/09 13:44:42.841, 2, 5, 97871, 0, 91.61
2026/10/09 13:44:42.842, 3, 6, 97871, 0, 88.65
2026/10/09 13:44:43.842, 0, 79408, 97871, 100, 446.68
2026/10/09 13:44:43.842, 1, 6, 97871, 0, 99.21
2026/10/09 13:44:43.842, 2, 5, 97871, 0, 91.73
2026/10/09 13:44:43.842, 3, 6, 97871, 0, 88.50
2026/10/09 13:44:44.842, 0, 79408, 97871, 100, 447.74
2026/10/09 13:44:44.842, 1, 6, 97871, 0, 99.36
2026/10/09 13:44:44.842, 2, 5, 97871, 0, 91.64
2026/10/09 13:44:44.842, 3, 6, 97871, 0, 88.45
2026/10/09 13:44:45.842, 0, 79408, 97871, 100, 444.03
2026/10/09 13:44:45.842, 1, 6, 97871, 0, 99.33
2026/10/09 13:44:45.842, 2, 5, 97871, 0, 91.71
2026/10/09 13:44:45.842, 3, 6, 97871, 0, 88.40
2026/10/09 13:44:46.842, 0, 79408, 97871, 100, 445.32
2026/10/09 13:44:46.842, 1, 6, 97871, 0, 99.30
2026/10/09 13:44:46.842, 2, 5, 97871, 0, 91.68
2026/10/09 13:44:46.842, 3, 6, 97871, 0, 88.45
2026/10/09 13:44:47.842, 0, 79408, 97871, 100, 440.24
2026/10/09 13:44:47.842, 1, 6, 97871, 0, 99.27
2026/10/09 13:44:47.843, 2, 5, 97871, 0, 91.57
2026/10/09 13:44:47.843, 3, 6, 97871, 0, 88.46
2026/10/09 13:44:48.843, 0, 79408, 97871, 100, 439.82
2026/10/09 13:44:48.843, 1, 6, 97871, 0, 99.30
2026/10/09 13:44:48.848, 2, 5, 97871, 0, 91.56
2026/10/09 13:44:48.848, 3, 6, 97871, 0, 88.49
2026/10/09 13:44:49.848, 0, 79408, 97871, 100, 443.93
2026/10/09 13:44:49.849, 1, 6, 97871, 0, 99.42
2026/10/09 13:44:49.849, 2, 5, 97871, 0, 91.59
2026/10/09 13:44:49.849, 3, 6, 97871, 0, 88.23
2026/10/09 13:44:50.849, 0, 79408, 97871, 100, 449.78
2026/10/09 13:44:50.849, 1, 6, 97871, 0, 99.33
2026/10/09 13:44:50.849, 2, 5, 97871, 0, 91.58
2026/10/09 13:44:50.849, 3, 6, 97871, 0, 88.14
2026/10/09 13:44:51.849, 0, 79408, 97871, 100, 447.40
2026/10/09 13:44:51.849, 1, 6, 97871, 0, 99.35
2026/10/09 13:44:51.849, 2, 5, 97871, 0, 91.47
2026/10/09 13:44:51.849, 3, 6, 97871, 0, 88.18
2026/10/09 13:44:52.849, 0, 79408, 97871, 100, 441.61
2026/10/09 13:44:52.849, 1, 6, 97871, 0, 99.27
2026/10/09 13:44:52.849, 2, 5, 97871, 0, 91.63
2026/10/09 13:44:52.849, 3, 6, 97871, 0, 88.10
2026/10/09 13:44:53.849, 0, 79408, 97871, 100, 445.40
2026/10/09 13:44:53.850, 1, 6, 97871, 0, 99.34
2026/10/09 13:44:53.850, 2, 5, 97871, 0, 91.64
2026/10/09 13:44:53.850, 3, 6, 97871, 0, 88.17
2026/10/09 13:44:54.850, 0, 79408, 97871, 100, 446.02
2026/10/09 13:44:54.850, 1, 6, 97871, 0, 99.32
2026/10/09 13:44:54.850, 2, 5, 97871, 0, 91.53
2026/10/09 13:44:54.850, 3, 6, 97871, 0, 88.13
2026/10/09 13:44:55.850, 0, 79408, 97871, 100, 445.64
2026/10/09 13:44:55.850, 1, 6, 97871, 0, 99.20
2026/10/09 13:44:55.850, 2, 5, 97871, 0, 91.64
2026/10/09 13:44:55.850, 3, 6, 97871, 0, 88.17
2026/10/09 13:44:56.850, 0, 79408, 97871, 100, 446.21
2026/10/09 13:44:56.850, 1, 6, 97871, 0, 99.26
2026/10/09 13:44:56.850, 2, 5, 97871, 0, 91.59
2026/10/09 13:44:56.850, 3, 6, 97871, 0, 88.17
2026/10/09 13:44:57.850, 0, 79408, 97871, 100, 445.99
2026/10/09 13:44:57.850, 1, 6, 97871, 0, 99.29
2026/10/09 13:44:57.850, 2, 5, 97871, 0, 91.68
2026/10/09 13:44:57.850, 3, 6, 97871, 0, 87.98
2026/10/09 13:44:58.850, 0, 79408, 97871, 100, 444.47
2026/10/09 13:44:58.851, 1, 6, 97871, 0, 99.29
2026/10/09 13:44:58.856, 2, 5, 97871, 0, 91.65
2026/10/09 13:44:58.856, 3, 6, 97871, 0, 88.12
2026/10/09 13:44:59.856, 0, 79408, 97871, 100, 444.93
2026/10/09 13:44:59.856, 1, 6, 97871, 0, 99.30
2026/10/09 13:44:59.856, 2, 5, 97871, 0, 91.62
2026/10/09 13:44:59.856, 3, 6, 97871, 0, 88.09
2026/10/09 13:45:00.856, 0, 79408, 97871, 100, 446.74
2026/10/09 13:45:00.856, 1, 6, 97871, 0, 99.15
2026/10/09 13:45:00.856, 2, 5, 97871, 0, 91.75
2026/10/09 13:45:00.856, 3, 6, 97871, 0, 87.93
2026/10/09 13:45:01.856, 0, 79408, 97871, 100, 446.70
2026/10/09 13:45:01.856, 1, 6, 97871, 0, 99.21
2026/10/09 13:45:01.856, 2, 5, 97871, 0, 91.63
2026/10/09 13:45:01.856, 3, 6, 97871, 0, 87.92
2026/10/09 13:45:02.856, 0, 79408, 97871, 100, 446.30
2026/10/09 13:45:02.857, 1, 6, 97871, 0, 99.18
2026/10/09 13:45:02.857, 2, 5, 97871, 0, 91.47
2026/10/09 13:45:02.857, 3, 6, 97871, 0, 87.83
2026/10/09 13:45:03.857, 0, 79408, 97871, 100, 442.39
2026/10/09 13:45:03.857, 1, 6, 97871, 0, 99.21
2026/10/09 13:45:03.857, 2, 5, 97871, 0, 91.76
2026/10/09 13:45:03.857, 3, 6, 97871, 0, 87.89
2026/10/09 13:45:04.857, 0, 79408, 97871, 100, 443.74
2026/10/09 13:45:04.857, 1, 6, 97871, 0, 99.24
2026/10/09 13:45:04.857, 2, 5, 97871, 0, 91.58
2026/10/09 13:45:04.857, 3, 6, 97871, 0, 87.98
2026/10/09 13:45:05.857, 0, 79408, 97871, 100, 459.01
2026/10/09 13:45:05.857, 1, 6, 97871, 0, 99.23
2026/10/09 13:45:05.857, 2, 5, 97871, 0, 91.62
2026/10/09 13:45:05.857, 3, 6, 97871, 0, 87.97
2026/10/09 13:45:06.857, 0, 79408, 97871, 100, 452.62
2026/10/09 13:45:06.857, 1, 6, 97871, 0, 99.26
2026/10/09 13:45:06.857, 2, 5, 97871, 0, 91.67
2026/10/09 13:45:06.857, 3, 6, 97871, 0, 87.84
2026/10/09 13:45:07.858, 0, 79408, 97871, 100, 452.76
2026/10/09 13:45:07.858, 1, 6, 97871, 0, 99.28
2026/10/09 13:45:07.858, 2, 5, 97871, 0, 91.64
2026/10/09 13:45:07.858, 3, 6, 97871, 0, 87.82
2026/10/09 13:45:08.858, 0, 79408, 97871, 100, 453.20
2026/10/09 13:45:08.858, 1, 6, 97871, 0, 99.50
2026/10/09 13:45:08.874, 2, 5, 97871, 0, 91.62
2026/10/09 13:45:08.874, 3, 6, 97871, 0, 87.84
2026/10/09 13:45:09.874, 0, 79408, 97871, 100, 453.17
2026/10/09 13:45:09.874, 1, 6, 97871, 0, 99.43
2026/10/09 13:45:09.874, 2, 5, 97871, 0, 91.57
2026/10/09 13:45:09.874, 3, 6, 97871, 0, 87.78
2026/10/09 13:45:10.874, 0, 79408, 97871, 100, 438.42
2026/10/09 13:45:10.874, 1, 6, 97871, 0, 99.50
2026/10/09 13:45:10.874, 2, 5, 97871, 0, 91.55
2026/10/09 13:45:10.874, 3, 6, 97871, 0, 87.85
2026/10/09 13:45:11.874, 0, 79408, 97871, 100, 444.83
2026/10/09 13:45:11.874, 1, 6, 97871, 0, 99.51
2026/10/09 13:45:11.875, 2, 5, 97871, 0, 91.33
2026/10/09 13:45:11.875, 3, 6, 97871, 0, 87.81
2026/10/09 13:45:12.875, 0, 79408, 97871, 100, 445.59
2026/10/09 13:45:12.875, 1, 6, 97871, 0, 99.38
2026/10/09 13:45:12.875, 2, 5, 97871, 0, 91.35
2026/10/09 13:45:12.875, 3, 6, 97871, 0, 88.00
2026/10/09 13:45:13.875, 0, 79408, 97871, 100, 447.04
2026/10/09 13:45:13.875, 1, 6, 97871, 0, 99.39
2026/10/09 13:45:13.875, 2, 5, 97871, 0, 91.44
2026/10/09 13:45:13.875, 3, 6, 97871, 0, 87.71
2026/10/09 13:45:14.875, 0, 79408, 97871, 100, 441.18
2026/10/09 13:45:14.875, 1, 6, 97871, 0, 99.38
2026/10/09 13:45:14.875, 2, 5, 97871, 0, 91.36
2026/10/09 13:45:14.875, 3, 5, 97871, 0, 87.77
2026/10/09 13:45:15.875, 0, 79408, 97871, 100, 446.78
2026/10/09 13:45:15.875, 1, 6, 97871, 0, 99.42
2026/10/09 13:45:15.875, 2, 5, 97871, 0, 91.45
2026/10/09 13:45:15.875, 3, 5, 97871, 0, 87.75
2026/10/09 13:45:16.876, 0, 79408, 97871, 100, 445.70
2026/10/09 13:45:16.876, 1, 6, 97871, 0, 99.28
2026/10/09 13:45:16.876, 2, 5, 97871, 0, 91.32
2026/10/09 13:45:16.876, 3, 5, 97871, 0, 87.89
2026/10/09 13:45:17.876, 0, 79408, 97871, 100, 453.08
2026/10/09 13:45:17.876, 1, 6, 97871, 0, 99.46
2026/10/09 13:45:17.876, 2, 5, 97871, 0, 91.28
2026/10/09 13:45:17.876, 3, 5, 97871, 0, 87.71
2026/10/09 13:45:18.876, 0, 79408, 97871, 100, 448.11
2026/10/09 13:45:18.876, 1, 6, 97871, 0, 99.22
2026/10/09 13:45:18.885, 2, 5, 97871, 0, 91.30
2026/10/09 13:45:18.885, 3, 5, 97871, 0, 87.70
2026/10/09 13:45:19.885, 0, 79408, 97871, 100, 445.86
2026/10/09 13:45:19.885, 1, 6, 97871, 0, 99.28
2026/10/09 13:45:19.885, 2, 5, 97871, 0, 91.34
2026/10/09 13:45:19.885, 3, 5, 97871, 0, 87.54
2026/10/09 13:45:20.885, 0, 79408, 97871, 100, 445.93
2026/10/09 13:45:20.885, 1, 6, 97871, 0, 99.25
2026/10/09 13:45:20.885, 2, 5, 97871, 0, 91.60
2026/10/09 13:45:20.885, 3, 5, 97871, 0, 88.00
2026/10/09 13:45:21.885, 0, 79408, 97871, 87, 443.89
2026/10/09 13:45:21.885, 1, 6, 97871, 0, 99.20
2026/10/09 13:45:21.885, 2, 5, 97871, 0, 91.35
2026/10/09 13:45:21.885, 3, 5, 97871, 0, 87.57
2026/10/09 13:45:22.885, 0, 79408, 97871, 100, 444.19
2026/10/09 13:45:22.885, 1, 6, 97871, 0, 99.39
2026/10/09 13:45:22.885, 2, 5, 97871, 0, 91.56
2026/10/09 13:45:22.885, 3, 5, 97871, 0, 87.66
2026/10/09 13:45:23.886, 0, 79408, 97871, 91, 446.42
2026/10/09 13:45:23.886, 1, 6, 97871, 0, 99.37
2026/10/09 13:45:23.886, 2, 5, 97871, 0, 91.39
2026/10/09 13:45:23.886, 3, 5, 97871, 0, 87.59
2026/10/09 13:45:24.886, 0, 79408, 97871, 100, 446.19
2026/10/09 13:45:24.886, 1, 6, 97871, 0, 99.32
2026/10/09 13:45:24.886, 2, 5, 97871, 0, 91.55
2026/10/09 13:45:24.886, 3, 5, 97871, 0, 87.56
2026/10/09 13:45:25.886, 0, 79408, 97871, 100, 445.53
2026/10/09 13:45:25.886, 1, 6, 97871, 0, 99.25
2026/10/09 13:45:25.886, 2, 5, 97871, 0, 91.55
2026/10/09 13:45:25.886, 3, 5, 97871, 0, 87.67
2026/10/09 13:45:26.886, 0, 79408, 97871, 100, 447.15
2026/10/09 13:45:26.886, 1, 6, 97871, 0, 99.21
2026/10/09 13:45:26.886, 2, 5, 97871, 0, 91.57
2026/10/09 13:45:26.886, 3, 5, 97871, 0, 87.57
2026/10/09 13:45:27.886, 0, 79408, 97871, 100, 442.23
2026/10/09 13:45:27.886, 1, 6, 97871, 0, 99.40
2026/10/09 13:45:27.886, 2, 5, 97871, 0, 91.55
2026/10/09 13:45:27.887, 3, 5, 97871, 0, 87.43
2026/10/09 13:45:28.887, 0, 79408, 97871, 100, 443.95
2026/10/09 13:45:28.887, 1, 6, 97871, 0, 99.25
2026/10/09 13:45:28.892, 2, 5, 97871, 0, 91.68
2026/10/09 13:45:28.892, 3, 5, 97871, 0, 87.58
2026/10/09 13:45:29.892, 0, 79408, 97871, 100, 443.98
2026/10/09 13:45:29.892, 1, 6, 97871, 0, 99.25
2026/10/09 13:45:29.892, 2, 5, 97871, 0, 91.55
2026/10/09 13:45:29.892, 3, 5, 97871, 0, 87.56
2026/10/09 13:45:30.892, 0, 79408, 97871, 100, 442.03
2026/10/09 13:45:30.892, 1, 6, 97871, 0, 99.52
2026/10/09 13:45:30.892, 2, 5, 97871, 0, 91.63
2026/10/09 13:45:30.892, 3, 5, 97871, 0, 87.61
2026/10/09 13:45:31.892, 0, 79408, 97871, 100, 448.81
2026/10/09 13:45:31.892, 1, 6, 97871, 0, 99.39
2026/10/09 13:45:31.892, 2, 5, 97871, 0, 91.53
2026/10/09 13:45:31.893, 3, 5, 97871, 0, 87.45
2026/10/09 13:45:32.893, 0, 79408, 97871, 100, 444.07
2026/10/09 13:45:32.893, 1, 6, 97871, 0, 99.47
2026/10/09 13:45:32.893, 2, 5, 97871, 0, 91.54
2026/10/09 13:45:32.893, 3, 5, 97871, 0, 87.49
2026/10/09 13:45:33.893, 0, 79408, 97871, 100, 453.50
2026/10/09 13:45:33.893, 1, 6, 97871, 0, 99.36
2026/10/09 13:45:33.893, 2, 5, 97871, 0, 91.50
2026/10/09 13:45:33.893, 3, 5, 97871, 0, 87.49
2026/10/09 13:45:34.893, 0, 79408, 97871, 100, 448.98
2026/10/09 13:45:34.893, 1, 6, 97871, 0, 99.32
2026/10/09 13:45:34.893, 2, 5, 97871, 0, 91.63
2026/10/09 13:45:34.893, 3, 5, 97871, 0, 87.47
2026/10/09 13:45:35.893, 0, 79408, 97871, 100, 449.59
2026/10/09 13:45:35.893, 1, 6, 97871, 0, 99.18
2026/10/09 13:45:35.893, 2, 5, 97871, 0, 91.54
2026/10/09 13:45:35.893, 3, 5, 97871, 0, 87.40
2026/10/09 13:45:36.893, 0, 79408, 97871, 100, 450.42
2026/10/09 13:45:36.894, 1, 6, 97871, 0, 99.25
2026/10/09 13:45:36.894, 2, 5, 97871, 0, 91.62
2026/10/09 13:45:36.894, 3, 5, 97871, 0, 87.40
2026/10/09 13:45:37.894, 0, 79408, 97871, 100, 450.99
2026/10/09 13:45:37.894, 1, 6, 97871, 0, 99.32
2026/10/09 13:45:37.894, 2, 5, 97871, 0, 91.64
2026/10/09 13:45:37.894, 3, 5, 97871, 0, 87.31
2026/10/09 13:45:38.894, 0, 79408, 97871, 100, 450.68
2026/10/09 13:45:38.894, 1, 6, 97871, 0, 99.32
2026/10/09 13:45:38.899, 2, 5, 97871, 0, 91.45
2026/10/09 13:45:38.899, 3, 5, 97871, 0, 87.31
2026/10/09 13:45:39.899, 0, 79408, 97871, 87, 444.49
2026/10/09 13:45:39.899, 1, 6, 97871, 0, 99.32
2026/10/09 13:45:39.899, 2, 5, 97871, 0, 91.54
2026/10/09 13:45:39.899, 3, 5, 97871, 0, 87.40
2026/10/09 13:45:40.899, 0, 79408, 97871, 100, 441.79
2026/10/09 13:45:40.899, 1, 6, 97871, 0, 99.49
2026/10/09 13:45:40.899, 2, 5, 97871, 0, 91.47
2026/10/09 13:45:40.899, 3, 5, 97871, 0, 87.36
2026/10/09 13:45:41.900, 0, 79408, 97871, 100, 446.54
2026/10/09 13:45:41.900, 1, 6, 97871, 0, 99.43
2026/10/09 13:45:41.900, 2, 5, 97871, 0, 91.36
2026/10/09 13:45:41.900, 3, 5, 97871, 0, 87.46
2026/10/09 13:45:42.900, 0, 79408, 97871, 100, 446.77
2026/10/09 13:45:42.900, 1, 6, 97871, 0, 99.33
2026/10/09 13:45:42.900, 2, 5, 97871, 0, 91.55
2026/10/09 13:45:42.900, 3, 5, 97871, 0, 87.43
2026/10/09 13:45:43.900, 0, 79408, 97871, 100, 447.05
2026/10/09 13:45:43.900, 1, 6, 97871, 0, 99.20
2026/10/09 13:45:43.900, 2, 5, 97871, 0, 91.47
2026/10/09 13:45:43.900, 3, 5, 97871, 0, 87.43
2026/10/09 13:45:44.900, 0, 79408, 97871, 100, 444.70
2026/10/09 13:45:44.900, 1, 6, 97871, 0, 99.21
2026/10/09 13:45:44.900, 2, 5, 97871, 0, 91.58
2026/10/09 13:45:44.900, 3, 5, 97871, 0, 87.32
2026/10/09 13:45:45.900, 0, 79408, 97871, 100, 444.12
2026/10/09 13:45:45.900, 1, 6, 97871, 0, 99.37
2026/10/09 13:45:45.900, 2, 5, 97871, 0, 91.42
2026/10/09 13:45:45.900, 3, 5, 97871, 0, 87.37
2026/10/09 13:45:46.901, 0, 79408, 97871, 100, 445.43
2026/10/09 13:45:46.901, 1, 6, 97871, 0, 99.19
2026/10/09 13:45:46.901, 2, 5, 97871, 0, 91.44
2026/10/09 13:45:46.901, 3, 5, 97871, 0, 87.40
2026/10/09 13:45:47.901, 0, 79408, 97871, 100, 445.72
2026/10/09 13:45:47.901, 1, 6, 97871, 0, 99.36
2026/10/09 13:45:47.901, 2, 5, 97871, 0, 91.45
2026/10/09 13:45:47.901, 3, 5, 97871, 0, 87.32
2026/10/09 13:45:48.901, 0, 79408, 97871, 100, 449.50
2026/10/09 13:45:48.901, 1, 6, 97871, 0, 99.30
2026/10/09 13:45:48.906, 2, 5, 97871, 0, 91.40
2026/10/09 13:45:48.906, 3, 5, 97871, 0, 87.32
2026/10/09 13:45:49.906, 0, 79408, 97871, 100, 446.10
2026/10/09 13:45:49.907, 1, 6, 97871, 0, 99.10
2026/10/09 13:45:49.907, 2, 5, 97871, 0, 91.57
2026/10/09 13:45:49.907, 3, 5, 97871, 0, 87.40
2026/10/09 13:45:50.907, 0, 79408, 97871, 91, 443.98
2026/10/09 13:45:50.907, 1, 6, 97871, 0, 99.30
2026/10/09 13:45:50.907, 2, 5, 97871, 0, 91.52
2026/10/09 13:45:50.907, 3, 5, 97871, 0, 87.35
2026/10/09 13:45:51.907, 0, 79408, 97871, 100, 440.77
2026/10/09 13:45:51.907, 1, 6, 97871, 0, 99.31
2026/10/09 13:45:51.907, 2, 5, 97871, 0, 91.41
2026/10/09 13:45:51.907, 3, 5, 97871, 0, 87.35
2026/10/09 13:45:52.907, 0, 79408, 97871, 9, 393.22
2026/10/09 13:45:52.907, 1, 6, 97871, 0, 99.34
2026/10/09 13:45:52.907, 2, 5, 97871, 0, 91.48
2026/10/09 13:45:52.907, 3, 5, 97871, 0, 87.20
2026/10/09 13:45:53.907, 0, 79408, 97871, 100, 452.35
2026/10/09 13:45:53.907, 1, 6, 97871, 0, 99.40
2026/10/09 13:45:53.907, 2, 5, 97871, 0, 91.38
2026/10/09 13:45:53.907, 3, 5, 97871, 0, 87.34
2026/10/09 13:45:54.907, 0, 79408, 97871, 100, 461.05
2026/10/09 13:45:54.908, 1, 6, 97871, 0, 99.33
2026/10/09 13:45:54.908, 2, 5, 97871, 0, 91.33
2026/10/09 13:45:54.908, 3, 5, 97871, 0, 87.39
2026/10/09 13:45:55.908, 0, 79408, 97871, 100, 456.56
2026/10/09 13:45:55.908, 1, 6, 97871, 0, 99.41
2026/10/09 13:45:55.908, 2, 5, 97871, 0, 91.39
2026/10/09 13:45:55.908, 3, 5, 97871, 0, 87.21
2026/10/09 13:45:56.908, 0, 79408, 97871, 100, 456.99
2026/10/09 13:45:56.908, 1, 6, 97871, 0, 99.17
2026/10/09 13:45:56.908, 2, 5, 97871, 0, 91.65
2026/10/09 13:45:56.908, 3, 5, 97871, 0, 87.20
2026/10/09 13:45:57.908, 0, 79408, 97871, 100, 455.01
2026/10/09 13:45:57.908, 1, 6, 97871, 0, 99.39
2026/10/09 13:45:57.908, 2, 5, 97871, 0, 91.61
2026/10/09 13:45:57.908, 3, 5, 97871, 0, 87.30
2026/10/09 13:45:58.908, 0, 79408, 97871, 96, 458.94
2026/10/09 13:45:58.908, 1, 6, 97871, 0, 99.19
2026/10/09 13:45:58.914, 2, 5, 97871, 0, 91.57
2026/10/09 13:45:58.914, 3, 5, 97871, 0, 87.31
2026/10/09 13:45:59.914, 0, 79408, 97871, 100, 464.65
2026/10/09 13:45:59.914, 1, 6, 97871, 0, 99.26
2026/10/09 13:45:59.914, 2, 5, 97871, 0, 91.63
2026/10/09 13:45:59.914, 3, 5, 97871, 0, 87.25
2026/10/09 13:46:00.914, 0, 79408, 97871, 100, 475.92
2026/10/09 13:46:00.914, 1, 6, 97871, 0, 99.41
2026/10/09 13:46:00.914, 2, 5, 97871, 0, 91.67
2026/10/09 13:46:00.915, 3, 5, 97871, 0, 87.29
2026/10/09 13:46:01.915, 0, 79408, 97871, 100, 476.94
2026/10/09 13:46:01.915, 1, 6, 97871, 0, 99.28
2026/10/09 13:46:01.915, 2, 5, 97871, 0, 91.51
2026/10/09 13:46:01.915, 3, 5, 97871, 0, 87.19
2026/10/09 13:46:02.915, 0, 79408, 97871, 97, 469.38
2026/10/09 13:46:02.915, 1, 6, 97871, 0, 99.35
2026/10/09 13:46:02.915, 2, 5, 97871, 0, 91.51
2026/10/09 13:46:02.915, 3, 5, 97871, 0, 87.17
2026/10/09 13:46:03.915, 0, 79408, 97871, 97, 474.34
2026/10/09 13:46:03.915, 1, 6, 97871, 0, 99.26
2026/10/09 13:46:03.915, 2, 5, 97871, 0, 91.62
2026/10/09 13:46:03.915, 3, 5, 97871, 0, 87.18
2026/10/09 13:46:04.915, 0, 79408, 97871, 100, 467.52
2026/10/09 13:46:04.915, 1, 6, 97871, 0, 99.28
2026/10/09 13:46:04.915, 2, 5, 97871, 0, 91.56
2026/10/09 13:46:04.915, 3, 5, 97871, 0, 87.21
2026/10/09 13:46:05.915, 0, 79408, 97871, 100, 462.45
2026/10/09 13:46:05.916, 1, 6, 97871, 0, 99.33
2026/10/09 13:46:05.916, 2, 5, 97871, 0, 91.66
2026/10/09 13:46:05.916, 3, 5, 97871, 0, 87.13
2026/10/09 13:46:06.916, 0, 79408, 97871, 100, 460.62
2026/10/09 13:46:06.916, 1, 6, 97871, 0, 99.44
2026/10/09 13:46:06.916, 2, 5, 97871, 0, 91.69
2026/10/09 13:46:06.916, 3, 5, 97871, 0, 87.16
2026/10/09 13:46:07.916, 0, 79408, 97871, 100, 466.18
2026/10/09 13:46:07.916, 1, 6, 97871, 0, 99.39
2026/10/09 13:46:07.916, 2, 5, 97871, 0, 91.78
2026/10/09 13:46:07.916, 3, 5, 97871, 0, 87.15
2026/10/09 13:46:08.916, 0, 79408, 97871, 94, 473.72
2026/10/09 13:46:08.916, 1, 6, 97871, 0, 99.32
2026/10/09 13:46:08.923, 2, 5, 97871, 0, 91.63
2026/10/09 13:46:08.923, 3, 5, 97871, 0, 87.14
2026/10/09 13:46:09.923, 0, 79408, 97871, 100, 465.11
2026/10/09 13:46:09.923, 1, 6, 97871, 0, 99.41
2026/10/09 13:46:09.924, 2, 5, 97871, 0, 91.64
2026/10/09 13:46:09.924, 3, 5, 97871, 0, 87.18
2026/10/09 13:46:10.924, 0, 79408, 97871, 100, 463.55
2026/10/09 13:46:10.924, 1, 6, 97871, 0, 99.34
2026/10/09 13:46:10.924, 2, 5, 97871, 0, 91.72
2026/10/09 13:46:10.924, 3, 5, 97871, 0, 87.25
2026/10/09 13:46:11.924, 0, 79408, 97871, 100, 472.44
2026/10/09 13:46:11.924, 1, 6, 97871, 0, 99.36
2026/10/09 13:46:11.924, 2, 5, 97871, 0, 91.76
2026/10/09 13:46:11.924, 3, 5, 97871, 0, 87.06
2026/10/09 13:46:12.924, 0, 79408, 97871, 100, 464.58
2026/10/09 13:46:12.924, 1, 6, 97871, 0, 99.42
2026/10/09 13:46:12.924, 2, 5, 97871, 0, 91.70
2026/10/09 13:46:12.924, 3, 5, 97871, 0, 87.09
2026/10/09 13:46:13.924, 0, 79408, 97871, 100, 466.95
2026/10/09 13:46:13.924, 1, 6, 97871, 0, 99.33
2026/10/09 13:46:13.924, 2, 5, 97871, 0, 91.60
2026/10/09 13:46:13.924, 3, 5, 97871, 0, 87.18
2026/10/09 13:46:14.924, 0, 79408, 97871, 100, 464.67
2026/10/09 13:46:14.925, 1, 6, 97871, 0, 99.30
2026/10/09 13:46:14.925, 2, 5, 97871, 0, 91.64
2026/10/09 13:46:14.925, 3, 5, 97871, 0, 87.22
2026/10/09 13:46:15.925, 0, 79408, 97871, 96, 468.42
2026/10/09 13:46:15.925, 1, 6, 97871, 0, 99.40
2026/10/09 13:46:15.925, 2, 5, 97871, 0, 91.60
2026/10/09 13:46:15.925, 3, 5, 97871, 0, 87.31
2026/10/09 13:46:16.925, 0, 79408, 97871, 96, 459.81
2026/10/09 13:46:16.925, 1, 6, 97871, 0, 99.31
2026/10/09 13:46:16.925, 2, 5, 97871, 0, 91.53
2026/10/09 13:46:16.925, 3, 5, 97871, 0, 87.12
2026/10/09 13:46:17.925, 0, 79408, 97871, 100, 466.78
2026/10/09 13:46:17.925, 1, 6, 97871, 0, 99.23
2026/10/09 13:46:17.925, 2, 5, 97871, 0, 91.56
2026/10/09 13:46:17.925, 3, 5, 97871, 0, 87.06
2026/10/09 13:46:18.925, 0, 79408, 97871, 100, 469.26
2026/10/09 13:46:18.925, 1, 6, 97871, 0, 99.32
2026/10/09 13:46:18.931, 2, 5, 97871, 0, 91.45
2026/10/09 13:46:18.931, 3, 5, 97871, 0, 87.01
2026/10/09 13:46:19.931, 0, 79408, 97871, 100, 465.07
2026/10/09 13:46:19.931, 1, 6, 97871, 0, 99.38
2026/10/09 13:46:19.931, 2, 5, 97871, 0, 91.48
2026/10/09 13:46:19.931, 3, 5, 97871, 0, 87.18
2026/10/09 13:46:20.931, 0, 79408, 97871, 100, 459.14
2026/10/09 13:46:20.931, 1, 6, 97871, 0, 99.42
2026/10/09 13:46:20.931, 2, 5, 97871, 0, 91.68
2026/10/09 13:46:20.931, 3, 5, 97871, 0, 87.06
2026/10/09 13:46:21.931, 0, 79408, 97871, 100, 457.37
2026/10/09 13:46:21.931, 1, 6, 97871, 0, 99.44
2026/10/09 13:46:21.931, 2, 5, 97871, 0, 91.57
2026/10/09 13:46:21.931, 3, 5, 97871, 0, 87.04
2026/10/09 13:46:22.931, 0, 79408, 97871, 100, 458.10
2026/10/09 13:46:22.932, 1, 6, 97871, 0, 99.26
2026/10/09 13:46:22.932, 2, 5, 97871, 0, 91.64
2026/10/09 13:46:22.932, 3, 5, 97871, 0, 87.09
2026/10/09 13:46:23.932, 0, 79408, 97871, 100, 463.22
2026/10/09 13:46:23.932, 1, 6, 97871, 0, 99.30
2026/10/09 13:46:23.932, 2, 5, 97871, 0, 91.62
2026/10/09 13:46:23.932, 3, 5, 97871, 0, 87.03
2026/10/09 13:46:24.932, 0, 79408, 97871, 96, 459.15
2026/10/09 13:46:24.932, 1, 6, 97871, 0, 99.30
2026/10/09 13:46:24.932, 2, 5, 97871, 0, 91.63
2026/10/09 13:46:24.932, 3, 5, 97871, 0, 87.11
2026/10/09 13:46:25.932, 0, 79408, 97871, 97, 473.95
2026/10/09 13:46:25.932, 1, 6, 97871, 0, 99.36
2026/10/09 13:46:25.932, 2, 5, 97871, 0, 91.64
2026/10/09 13:46:25.932, 3, 5, 97871, 0, 87.05
2026/10/09 13:46:26.932, 0, 79408, 97871, 100, 463.10
2026/10/09 13:46:26.932, 1, 6, 97871, 0, 99.45
2026/10/09 13:46:26.932, 2, 5, 97871, 0, 91.53
2026/10/09 13:46:26.932, 3, 5, 97871, 0, 87.12
2026/10/09 13:46:27.933, 0, 79408, 97871, 100, 461.87
2026/10/09 13:46:27.933, 1, 6, 97871, 0, 99.25
2026/10/09 13:46:27.933, 2, 5, 97871, 0, 91.65
2026/10/09 13:46:27.933, 3, 5, 97871, 0, 87.12
2026/10/09 13:46:28.933, 0, 79408, 97871, 100, 467.56
2026/10/09 13:46:28.933, 1, 6, 97871, 0, 99.33
2026/10/09 13:46:28.938, 2, 5, 97871, 0, 91.78
2026/10/09 13:46:28.938, 3, 5, 97871, 0, 87.10
2026/10/09 13:46:29.938, 0, 79408, 97871, 100, 473.70
2026/10/09 13:46:29.938, 1, 6, 97871, 0, 99.39
2026/10/09 13:46:29.938, 2, 5, 97871, 0, 91.63
2026/10/09 13:46:29.938, 3, 5, 97871, 0, 87.07
2026/10/09 13:46:30.938, 0, 79408, 97871, 100, 470.36
2026/10/09 13:46:30.938, 1, 6, 97871, 0, 99.25
2026/10/09 13:46:30.938, 2, 5, 97871, 0, 91.65
2026/10/09 13:46:30.938, 3, 5, 97871, 0, 87.16
2026/10/09 13:46:31.939, 0, 79408, 97871, 100, 470.32
2026/10/09 13:46:31.939, 1, 6, 97871, 0, 99.41
2026/10/09 13:46:31.939, 2, 5, 97871, 0, 91.75
2026/10/09 13:46:31.939, 3, 5, 97871, 0, 87.20
2026/10/09 13:46:32.939, 0, 79408, 97871, 97, 464.81
2026/10/09 13:46:32.939, 1, 6, 97871, 0, 99.31
2026/10/09 13:46:32.939, 2, 5, 97871, 0, 91.73
2026/10/09 13:46:32.939, 3, 5, 97871, 0, 87.24
2026/10/09 13:46:33.939, 0, 79408, 97871, 93, 467.60
2026/10/09 13:46:33.939, 1, 6, 97871, 0, 99.40
2026/10/09 13:46:33.939, 2, 5, 97871, 0, 91.64
2026/10/09 13:46:33.939, 3, 5, 97871, 0, 87.17
2026/10/09 13:46:34.939, 0, 79408, 97871, 100, 473.81
2026/10/09 13:46:34.939, 1, 6, 97871, 0, 99.41
2026/10/09 13:46:34.939, 2, 5, 97871, 0, 91.54
2026/10/09 13:46:34.939, 3, 5, 97871, 0, 87.08
2026/10/09 13:46:35.939, 0, 79408, 97871, 100, 463.46
2026/10/09 13:46:35.939, 1, 6, 97871, 0, 99.30
2026/10/09 13:46:35.939, 2, 5, 97871, 0, 91.55
2026/10/09 13:46:35.940, 3, 5, 97871, 0, 87.04
2026/10/09 13:46:36.940, 0, 79408, 97871, 100, 465.49
2026/10/09 13:46:36.940, 1, 6, 97871, 0, 99.21
2026/10/09 13:46:36.940, 2, 5, 97871, 0, 91.51
2026/10/09 13:46:36.940, 3, 5, 97871, 0, 87.10
2026/10/09 13:46:37.940, 0, 79408, 97871, 100, 461.30
2026/10/09 13:46:37.940, 1, 6, 97871, 0, 99.40
2026/10/09 13:46:37.940, 2, 5, 97871, 0, 91.58
2026/10/09 13:46:37.940, 3, 5, 97871, 0, 87.03
2026/10/09 13:46:38.940, 0, 79408, 97871, 100, 461.89
2026/10/09 13:46:38.940, 1, 6, 97871, 0, 99.20
2026/10/09 13:46:38.945, 2, 5, 97871, 0, 91.65
2026/10/09 13:46:38.945, 3, 5, 97871, 0, 87.03
2026/10/09 13:46:39.945, 0, 79408, 97871, 100, 474.78
2026/10/09 13:46:39.946, 1, 6, 97871, 0, 99.29
2026/10/09 13:46:39.946, 2, 5, 97871, 0, 91.37
2026/10/09 13:46:39.946, 3, 5, 97871, 0, 87.02
2026/10/09 13:46:40.946, 0, 79408, 97871, 100, 466.32
2026/10/09 13:46:40.946, 1, 6, 97871, 0, 99.30
2026/10/09 13:46:40.946, 2, 5, 97871, 0, 91.41
2026/10/09 13:46:40.946, 3, 5, 97871, 0, 86.95
2026/10/09 13:46:41.946, 0, 79408, 97871, 100, 475.21
2026/10/09 13:46:41.946, 1, 6, 97871, 0, 99.18
2026/10/09 13:46:41.946, 2, 5, 97871, 0, 91.59
2026/10/09 13:46:41.946, 3, 5, 97871, 0, 87.02
2026/10/09 13:46:42.946, 0, 79408, 97871, 100, 464.82
2026/10/09 13:46:42.946, 1, 6, 97871, 0, 99.38
2026/10/09 13:46:42.946, 2, 5, 97871, 0, 91.63
2026/10/09 13:46:42.946, 3, 5, 97871, 0, 87.09
2026/10/09 13:46:43.946, 0, 79408, 97871, 100, 468.26
2026/10/09 13:46:43.946, 1, 6, 97871, 0, 99.37
2026/10/09 13:46:43.946, 2, 5, 97871, 0, 91.57
2026/10/09 13:46:43.946, 3, 5, 97871, 0, 86.99
2026/10/09 13:46:44.947, 0, 79408, 97871, 100, 460.49
2026/10/09 13:46:44.947, 1, 6, 97871, 0, 99.42
2026/10/09 13:46:44.947, 2, 5, 97871, 0, 91.56
2026/10/09 13:46:44.947, 3, 5, 97871, 0, 86.98
2026/10/09 13:46:45.947, 0, 79408, 97871, 100, 462.98
2026/10/09 13:46:45.947, 1, 6, 97871, 0, 99.54
2026/10/09 13:46:45.947, 2, 5, 97871, 0, 91.61
2026/10/09 13:46:45.947, 3, 5, 97871, 0, 86.98
2026/10/09 13:46:46.947, 0, 79408, 97871, 100, 459.42
2026/10/09 13:46:46.947, 1, 6, 97871, 0, 99.39
2026/10/09 13:46:46.947, 2, 5, 97871, 0, 91.58
2026/10/09 13:46:46.947, 3, 5, 97871, 0, 87.01
2026/10/09 13:46:47.947, 0, 79408, 97871, 100, 456.15
2026/10/09 13:46:47.947, 1, 6, 97871, 0, 99.43
2026/10/09 13:46:47.947, 2, 5, 97871, 0, 91.68
2026/10/09 13:46:47.947, 3, 5, 97871, 0, 86.97
2026/10/09 13:46:48.947, 0, 79408, 97871, 100, 451.85
2026/10/09 13:46:48.947, 1, 6, 97871, 0, 99.26
2026/10/09 13:46:48.953, 2, 5, 97871, 0, 91.59
2026/10/09 13:46:48.953, 3, 5, 97871, 0, 86.87
2026/10/09 13:46:49.953, 0, 79408, 97871, 100, 452.24
2026/10/09 13:46:49.953, 1, 6, 97871, 0, 99.18
2026/10/09 13:46:49.953, 2, 5, 97871, 0, 91.72
2026/10/09 13:46:49.953, 3, 5, 97871, 0, 86.88
2026/10/09 13:46:50.953, 0, 80308, 97871, 100, 427.84
2026/10/09 13:46:50.953, 1, 6, 97871, 0, 99.34
2026/10/09 13:46:50.953, 2, 5, 97871, 0, 91.53
2026/10/09 13:46:50.953, 3, 5, 97871, 0, 87.15
2026/10/09 13:46:51.953, 0, 80308, 97871, 100, 518.01
2026/10/09 13:46:51.954, 1, 6, 97871, 0, 99.48
2026/10/09 13:46:51.954, 2, 5, 97871, 0, 91.61
2026/10/09 13:46:51.954, 3, 5, 97871, 0, 87.16
2026/10/09 13:46:52.954, 0, 80308, 97871, 100, 523.56
2026/10/09 13:46:52.954, 1, 6, 97871, 0, 99.39
2026/10/09 13:46:52.954, 2, 5, 97871, 0, 91.42
2026/10/09 13:46:52.954, 3, 5, 97871, 0, 87.16
2026/10/09 13:46:53.954, 0, 80308, 97871, 100, 523.02
2026/10/09 13:46:53.954, 1, 6, 97871, 0, 99.42
2026/10/09 13:46:53.954, 2, 5, 97871, 0, 91.55
2026/10/09 13:46:53.954, 3, 5, 97871, 0, 87.21
2026/10/09 13:46:54.954, 0, 80308, 97871, 100, 507.81
2026/10/09 13:46:54.954, 1, 6, 97871, 0, 99.36
2026/10/09 13:46:54.954, 2, 5, 97871, 0, 91.73
2026/10/09 13:46:54.954, 3, 5, 97871, 0, 87.10
2026/10/09 13:46:55.954, 0, 80308, 97871, 100, 495.56
2026/10/09 13:46:55.954, 1, 6, 97871, 0, 99.29
2026/10/09 13:46:55.954, 2, 5, 97871, 0, 91.50
2026/10/09 13:46:55.954, 3, 5, 97871, 0, 87.11
2026/10/09 13:46:56.955, 0, 80308, 97871, 100, 471.92
2026/10/09 13:46:56.955, 1, 6, 97871, 0, 99.38
2026/10/09 13:46:56.955, 2, 5, 97871, 0, 91.66
2026/10/09 13:46:56.955, 3, 5, 97871, 0, 87.04
2026/10/09 13:46:57.955, 0, 80308, 97871, 100, 455.76
2026/10/09 13:46:57.955, 1, 6, 97871, 0, 99.40
2026/10/09 13:46:57.955, 2, 5, 97871, 0, 91.54
2026/10/09 13:46:57.955, 3, 5, 97871, 0, 87.09
2026/10/09 13:46:58.955, 0, 80308, 97871, 100, 514.88
2026/10/09 13:46:58.955, 1, 6, 97871, 0, 99.18
2026/10/09 13:46:58.972, 2, 5, 97871, 0, 91.56
2026/10/09 13:46:58.972, 3, 5, 97871, 0, 87.04
2026/10/09 13:46:59.972, 0, 80308, 97871, 100, 521.91
2026/10/09 13:46:59.972, 1, 6, 97871, 0, 99.51
2026/10/09 13:46:59.972, 2, 5, 97871, 0, 91.64
2026/10/09 13:46:59.972, 3, 5, 97871, 0, 87.21
2026/10/09 13:47:00.972, 0, 80308, 97871, 100, 521.65
2026/10/09 13:47:00.973, 1, 6, 97871, 0, 99.40
2026/10/09 13:47:00.973, 2, 5, 97871, 0, 91.62
2026/10/09 13:47:00.973, 3, 5, 97871, 0, 87.07
2026/10/09 13:47:01.973, 0, 80308, 97871, 99, 522.96
2026/10/09 13:47:01.973, 1, 6, 97871, 0, 99.43
2026/10/09 13:47:01.973, 2, 5, 97871, 0, 91.62
2026/10/09 13:47:01.973, 3, 5, 97871, 0, 87.09
2026/10/09 13:47:02.973, 0, 80308, 97871, 100, 525.24
2026/10/09 13:47:02.973, 1, 6, 97871, 0, 99.30
2026/10/09 13:47:02.973, 2, 5, 97871, 0, 91.68
2026/10/09 13:47:02.973, 3, 5, 97871, 0, 87.09
2026/10/09 13:47:03.973, 0, 80308, 97871, 100, 524.03
2026/10/09 13:47:03.973, 1, 6, 97871, 0, 99.30
2026/10/09 13:47:03.973, 2, 5, 97871, 0, 91.58
2026/10/09 13:47:03.973, 3, 5, 97871, 0, 87.18
2026/10/09 13:47:04.973, 0, 80308, 97871, 99, 513.75
2026/10/09 13:47:04.973, 1, 6, 97871, 0, 99.40
2026/10/09 13:47:04.974, 2, 5, 97871, 0, 91.48
2026/10/09 13:47:04.974, 3, 5, 97871, 0, 87.24
2026/10/09 13:47:05.974, 0, 80308, 97871, 100, 520.24
2026/10/09 13:47:05.974, 1, 6, 97871, 0, 99.47
2026/10/09 13:47:05.974, 2, 5, 97871, 0, 91.70
2026/10/09 13:47:05.974, 3, 5, 97871, 0, 87.05
2026/10/09 13:47:06.974, 0, 80308, 97871, 100, 518.79
2026/10/09 13:47:06.974, 1, 6, 97871, 0, 99.35
2026/10/09 13:47:06.974, 2, 5, 97871, 0, 91.58
2026/10/09 13:47:06.974, 3, 5, 97871, 0, 87.08
2026/10/09 13:47:07.974, 0, 80308, 97871, 98, 521.53
2026/10/09 13:47:07.974, 1, 6, 97871, 0, 99.34
2026/10/09 13:47:07.974, 2, 5, 97871, 0, 91.48
2026/10/09 13:47:07.974, 3, 5, 97871, 0, 86.94
2026/10/09 13:47:08.974, 0, 80308, 97871, 100, 531.65
2026/10/09 13:47:08.974, 1, 6, 97871, 0, 99.44
2026/10/09 13:47:08.982, 2, 5, 97871, 0, 91.42
2026/10/09 13:47:08.982, 3, 5, 97871, 0, 87.02
2026/10/09 13:47:09.982, 0, 80308, 97871, 100, 518.80
2026/10/09 13:47:09.982, 1, 6, 97871, 0, 99.51
2026/10/09 13:47:09.982, 2, 5, 97871, 0, 91.42
2026/10/09 13:47:09.982, 3, 5, 97871, 0, 87.04
2026/10/09 13:47:10.982, 0, 80308, 97871, 100, 520.31
2026/10/09 13:47:10.982, 1, 6, 97871, 0, 99.42
2026/10/09 13:47:10.982, 2, 5, 97871, 0, 91.53
2026/10/09 13:47:10.982, 3, 5, 97871, 0, 86.98
2026/10/09 13:47:11.983, 0, 80308, 97871, 99, 523.99
2026/10/09 13:47:11.983, 1, 6, 97871, 0, 99.48
2026/10/09 13:47:11.983, 2, 5, 97871, 0, 91.63
2026/10/09 13:47:11.983, 3, 5, 97871, 0, 87.06
2026/10/09 13:47:12.983, 0, 80308, 97871, 100, 522.56
2026/10/09 13:47:12.983, 1, 6, 97871, 0, 99.33
2026/10/09 13:47:12.983, 2, 5, 97871, 0, 91.54
2026/10/09 13:47:12.983, 3, 5, 97871, 0, 87.10
2026/10/09 13:47:13.983, 0, 80308, 97871, 100, 502.31
2026/10/09 13:47:13.983, 1, 6, 97871, 0, 99.36
2026/10/09 13:47:13.983, 2, 5, 97871, 0, 91.43
2026/10/09 13:47:13.983, 3, 5, 97871, 0, 86.99
2026/10/09 13:47:14.983, 0, 80308, 97871, 100, 473.60
2026/10/09 13:47:14.983, 1, 6, 97871, 0, 99.35
2026/10/09 13:47:14.983, 2, 5, 97871, 0, 91.53
2026/10/09 13:47:14.983, 3, 5, 97871, 0, 87.10
2026/10/09 13:47:15.983, 0, 80308, 97871, 100, 452.32
2026/10/09 13:47:15.983, 1, 6, 97871, 0, 99.42
2026/10/09 13:47:15.983, 2, 5, 97871, 0, 91.34
2026/10/09 13:47:15.984, 3, 5, 97871, 0, 87.18
2026/10/09 13:47:16.984, 0, 80308, 97871, 100, 445.37
2026/10/09 13:47:16.984, 1, 6, 97871, 0, 99.33
2026/10/09 13:47:16.984, 2, 5, 97871, 0, 91.26
2026/10/09 13:47:16.984, 3, 5, 97871, 0, 87.08
2026/10/09 13:47:17.984, 0, 80980, 97871, 100, 422.70
2026/10/09 13:47:17.984, 1, 6, 97871, 0, 99.32
2026/10/09 13:47:17.984, 2, 5, 97871, 0, 91.45
2026/10/09 13:47:17.984, 3, 5, 97871, 0, 87.00
2026/10/09 13:47:18.984, 0, 80980, 97871, 100, 528.34
2026/10/09 13:47:18.984, 1, 6, 97871, 0, 99.22
2026/10/09 13:47:18.989, 2, 5, 97871, 0, 91.43
2026/10/09 13:47:18.989, 3, 5, 97871, 0, 86.94
2026/10/09 13:47:19.990, 0, 80980, 97871, 100, 516.14
2026/10/09 13:47:19.990, 1, 6, 97871, 0, 99.35
2026/10/09 13:47:19.990, 2, 5, 97871, 0, 91.41
2026/10/09 13:47:19.990, 3, 5, 97871, 0, 86.98
2026/10/09 13:47:20.990, 0, 80980, 97871, 100, 507.83
2026/10/09 13:47:20.990, 1, 6, 97871, 0, 99.58
2026/10/09 13:47:20.990, 2, 5, 97871, 0, 91.46
2026/10/09 13:47:20.990, 3, 5, 97871, 0, 87.10
2026/10/09 13:47:21.990, 0, 80980, 97871, 100, 507.32
2026/10/09 13:47:21.990, 1, 6, 97871, 0, 99.59
2026/10/09 13:47:21.990, 2, 5, 97871, 0, 91.58
2026/10/09 13:47:21.990, 3, 5, 97871, 0, 86.96
2026/10/09 13:47:22.990, 0, 80980, 97871, 100, 510.14
2026/10/09 13:47:22.990, 1, 6, 97871, 0, 99.53
2026/10/09 13:47:22.990, 2, 5, 97871, 0, 91.52
2026/10/09 13:47:22.990, 3, 5, 97871, 0, 86.91
2026/10/09 13:47:23.990, 0, 80980, 97871, 100, 512.38
2026/10/09 13:47:23.990, 1, 6, 97871, 0, 99.32
2026/10/09 13:47:23.990, 2, 5, 97871, 0, 91.51
2026/10/09 13:47:23.990, 3, 5, 97871, 0, 87.04
2026/10/09 13:47:24.991, 0, 80980, 97871, 100, 515.19
2026/10/09 13:47:24.991, 1, 6, 97871, 0, 99.38
2026/10/09 13:47:24.991, 2, 5, 97871, 0, 91.64
2026/10/09 13:47:24.991, 3, 5, 97871, 0, 87.04
2026/10/09 13:47:25.991, 0, 80980, 97871, 100, 522.35
2026/10/09 13:47:25.991, 1, 6, 97871, 0, 99.33
2026/10/09 13:47:25.991, 2, 5, 97871, 0, 91.34
2026/10/09 13:47:25.991, 3, 5, 97871, 0, 87.03
2026/10/09 13:47:26.991, 0, 80980, 97871, 100, 527.25
2026/10/09 13:47:26.991, 1, 6, 97871, 0, 99.38
2026/10/09 13:47:26.991, 2, 5, 97871, 0, 91.34
2026/10/09 13:47:26.991, 3, 5, 97871, 0, 86.82
2026/10/09 13:47:27.991, 0, 80980, 97871, 100, 518.28
2026/10/09 13:47:27.991, 1, 6, 97871, 0, 99.34
2026/10/09 13:47:27.991, 2, 5, 97871, 0, 91.41
2026/10/09 13:47:27.991, 3, 5, 97871, 0, 86.87
2026/10/09 13:47:28.991, 0, 80980, 97871, 85, 473.68
2026/10/09 13:47:28.991, 1, 6, 97871, 0, 99.34
2026/10/09 13:47:28.997, 2, 5, 97871, 0, 91.54
2026/10/09 13:47:28.997, 3, 5, 97871, 0, 86.78
2026/10/09 13:47:29.997, 0, 80980, 97871, 100, 524.10
2026/10/09 13:47:29.997, 1, 6, 97871, 0, 99.39
2026/10/09 13:47:29.997, 2, 5, 97871, 0, 91.62
2026/10/09 13:47:29.997, 3, 5, 97871, 0, 86.85
2026/10/09 13:47:30.997, 0, 80980, 97871, 100, 522.17
2026/10/09 13:47:30.997, 1, 6, 97871, 0, 99.21
2026/10/09 13:47:30.997, 2, 5, 97871, 0, 91.44
2026/10/09 13:47:30.997, 3, 5, 97871, 0, 86.85
2026/10/09 13:47:31.997, 0, 80980, 97871, 100, 503.15
2026/10/09 13:47:31.997, 1, 6, 97871, 0, 99.59
2026/10/09 13:47:31.997, 2, 5, 97871, 0, 91.58
2026/10/09 13:47:31.997, 3, 5, 97871, 0, 86.84
2026/10/09 13:47:32.997, 0, 80980, 97871, 100, 504.17
2026/10/09 13:47:32.997, 1, 6, 97871, 0, 99.36
2026/10/09 13:47:32.998, 2, 5, 97871, 0, 91.71
2026/10/09 13:47:32.998, 3, 5, 97871, 0, 86.89
2026/10/09 13:47:33.998, 0, 80980, 97871, 100, 504.33
2026/10/09 13:47:33.998, 1, 6, 97871, 0, 99.56
2026/10/09 13:47:33.998, 2, 5, 97871, 0, 91.65
2026/10/09 13:47:33.998, 3, 5, 97871, 0, 86.95
2026/10/09 13:47:34.998, 0, 80980, 97871, 100, 504.95
2026/10/09 13:47:34.998, 1, 6, 97871, 0, 99.45
2026/10/09 13:47:34.998, 2, 5, 97871, 0, 91.61
2026/10/09 13:47:34.998, 3, 5, 97871, 0, 86.86
2026/10/09 13:47:35.998, 0, 80980, 97871, 100, 503.27
2026/10/09 13:47:35.998, 1, 6, 97871, 0, 99.50
2026/10/09 13:47:35.998, 2, 5, 97871, 0, 91.64
2026/10/09 13:47:35.998, 3, 5, 97871, 0, 86.85
2026/10/09 13:47:36.998, 0, 80980, 97871, 100, 502.46
2026/10/09 13:47:36.998, 1, 6, 97871, 0, 99.55
2026/10/09 13:47:36.998, 2, 5, 97871, 0, 91.58
2026/10/09 13:47:36.998, 3, 5, 97871, 0, 86.88
2026/10/09 13:47:37.998, 0, 80980, 97871, 100, 506.01
2026/10/09 13:47:37.999, 1, 6, 97871, 0, 99.55
2026/10/09 13:47:37.999, 2, 5, 97871, 0, 91.64
2026/10/09 13:47:37.999, 3, 5, 97871, 0, 86.76
2026/10/09 13:47:38.999, 0, 80980, 97871, 100, 507.53
2026/10/09 13:47:38.999, 1, 6, 97871, 0, 99.55
2026/10/09 13:47:39.004, 2, 5, 97871, 0, 91.71
2026/10/09 13:47:39.004, 3, 5, 97871, 0, 86.85
2026/10/09 13:47:40.004, 0, 80980, 97871, 100, 507.28
2026/10/09 13:47:40.004, 1, 6, 97871, 0, 99.54
2026/10/09 13:47:40.004, 2, 5, 97871, 0, 91.76
2026/10/09 13:47:40.004, 3, 5, 97871, 0, 86.81
2026/10/09 13:47:41.004, 0, 80980, 97871, 100, 505.83
2026/10/09 13:47:41.004, 1, 6, 97871, 0, 99.58
2026/10/09 13:47:41.004, 2, 5, 97871, 0, 91.72
2026/10/09 13:47:41.004, 3, 5, 97871, 0, 86.85
2026/10/09 13:47:42.005, 0, 80980, 97871, 100, 507.46
2026/10/09 13:47:42.005, 1, 6, 97871, 0, 99.68
2026/10/09 13:47:42.005, 2, 5, 97871, 0, 91.68
2026/10/09 13:47:42.005, 3, 5, 97871, 0, 87.08
2026/10/09 13:47:43.005, 0, 80980, 97871, 100, 509.70
2026/10/09 13:47:43.005, 1, 6, 97871, 0, 99.49
2026/10/09 13:47:43.005, 2, 5, 97871, 0, 91.59
2026/10/09 13:47:43.005, 3, 5, 97871, 0, 86.94
2026/10/09 13:47:44.005, 0, 80980, 97871, 100, 505.82
2026/10/09 13:47:44.005, 1, 6, 97871, 0, 99.64
2026/10/09 13:47:44.005, 2, 5, 97871, 0, 91.74
2026/10/09 13:47:44.005, 3, 5, 97871, 0, 86.94
2026/10/09 13:47:45.005, 0, 80980, 97871, 100, 507.95
2026/10/09 13:47:45.005, 1, 6, 97871, 0, 99.82
2026/10/09 13:47:45.005, 2, 5, 97871, 0, 91.63
2026/10/09 13:47:45.005, 3, 5, 97871, 0, 86.92
2026/10/09 13:47:46.005, 0, 80980, 97871, 100, 509.49
2026/10/09 13:47:46.005, 1, 6, 97871, 0, 99.94
2026/10/09 13:47:46.006, 2, 5, 97871, 0, 91.61
2026/10/09 13:47:46.006, 3, 5, 97871, 0, 86.92
2026/10/09 13:47:47.006, 0, 80980, 97871, 100, 506.89
2026/10/09 13:47:47.006, 1, 6, 97871, 0, 99.75
2026/10/09 13:47:47.006, 2, 5, 97871, 0, 91.67
2026/10/09 13:47:47.006, 3, 5, 97871, 0, 86.86
2026/10/09 13:47:48.006, 0, 80980, 97871, 100, 510.57
2026/10/09 13:47:48.006, 1, 6, 97871, 0, 99.66
2026/10/09 13:47:48.006, 2, 5, 97871, 0, 91.72
2026/10/09 13:47:48.006, 3, 5, 97871, 0, 86.88
2026/10/09 13:47:49.006, 0, 80980, 97871, 100, 507.72
2026/10/09 13:47:49.006, 1, 6, 97871, 0, 99.89
2026/10/09 13:47:49.012, 2, 5, 97871, 0, 91.70
2026/10/09 13:47:49.012, 3, 5, 97871, 0, 86.89
2026/10/09 13:47:50.012, 0, 80980, 97871, 100, 509.70
2026/10/09 13:47:50.012, 1, 6, 97871, 0, 99.88
2026/10/09 13:47:50.012, 2, 5, 97871, 0, 91.74
2026/10/09 13:47:50.012, 3, 5, 97871, 0, 86.91
2026/10/09 13:47:51.012, 0, 80980, 97871, 100, 506.61
2026/10/09 13:47:51.012, 1, 6, 97871, 0, 99.81
2026/10/09 13:47:51.012, 2, 5, 97871, 0, 91.71
2026/10/09 13:47:51.012, 3, 5, 97871, 0, 86.86
2026/10/09 13:47:52.012, 0, 80980, 97871, 100, 508.47
2026/10/09 13:47:52.012, 1, 6, 97871, 0, 99.81
2026/10/09 13:47:52.012, 2, 5, 97871, 0, 91.53
2026/10/09 13:47:52.012, 3, 5, 97871, 0, 86.91
2026/10/09 13:47:53.012, 0, 80980, 97871, 100, 507.25
2026/10/09 13:47:53.012, 1, 6, 97871, 0, 99.84
2026/10/09 13:47:53.012, 2, 5, 97871, 0, 91.51
2026/10/09 13:47:53.012, 3, 5, 97871, 0, 86.84
2026/10/09 13:47:54.012, 0, 80980, 97871, 100, 508.67
2026/10/09 13:47:54.012, 1, 6, 97871, 0, 100.03
2026/10/09 13:47:54.013, 2, 5, 97871, 0, 91.60
2026/10/09 13:47:54.013, 3, 5, 97871, 0, 86.84
2026/10/09 13:47:55.013, 0, 80980, 97871, 100, 504.95
2026/10/09 13:47:55.013, 1, 6, 97871, 0, 99.81
2026/10/09 13:47:55.013, 2, 5, 97871, 0, 91.61
2026/10/09 13:47:55.013, 3, 5, 97871, 0, 86.89
2026/10/09 13:47:56.013, 0, 80980, 97871, 100, 508.13
2026/10/09 13:47:56.013, 1, 6, 97871, 0, 99.87
2026/10/09 13:47:56.013, 2, 5, 97871, 0, 91.44
2026/10/09 13:47:56.013, 3, 5, 97871, 0, 86.88
2026/10/09 13:47:57.013, 0, 80980, 97871, 100, 508.28
2026/10/09 13:47:57.013, 1, 6, 97871, 0, 99.97
2026/10/09 13:47:57.013, 2, 5, 97871, 0, 91.54
2026/10/09 13:47:57.013, 3, 5, 97871, 0, 87.01
2026/10/09 13:47:58.013, 0, 80980, 97871, 100, 509.46
2026/10/09 13:47:58.013, 1, 6, 97871, 0, 100.06
2026/10/09 13:47:58.013, 2, 5, 97871, 0, 91.55
2026/10/09 13:47:58.014, 3, 5, 97871, 0, 86.90
2026/10/09 13:47:59.014, 0, 80980, 97871, 100, 511.38
2026/10/09 13:47:59.014, 1, 6, 97871, 0, 99.99
2026/10/09 13:47:59.021, 2, 5, 97871, 0, 91.41
2026/10/09 13:47:59.021, 3, 5, 97871, 0, 86.92
2026/10/09 13:48:00.021, 0, 80980, 97871, 100, 513.03
2026/10/09 13:48:00.021, 1, 6, 97871, 0, 99.99
2026/10/09 13:48:00.021, 2, 5, 97871, 0, 91.45
2026/10/09 13:48:00.021, 3, 5, 97871, 0, 86.89
2026/10/09 13:48:01.021, 0, 80980, 97871, 100, 513.62
2026/10/09 13:48:01.021, 1, 6, 97871, 0, 99.69
2026/10/09 13:48:01.021, 2, 5, 97871, 0, 91.58
2026/10/09 13:48:01.021, 3, 5, 97871, 0, 86.91
2026/10/09 13:48:02.022, 0, 80980, 97871, 100, 521.76
2026/10/09 13:48:02.022, 1, 6, 97871, 0, 99.63
2026/10/09 13:48:02.022, 2, 5, 97871, 0, 91.63
2026/10/09 13:48:02.022, 3, 5, 97871, 0, 86.93
2026/10/09 13:48:03.022, 0, 80980, 97871, 100, 526.93
2026/10/09 13:48:03.022, 1, 6, 97871, 0, 99.59
2026/10/09 13:48:03.022, 2, 5, 97871, 0, 91.56
2026/10/09 13:48:03.022, 3, 5, 97871, 0, 86.99
2026/10/09 13:48:04.022, 0, 80980, 97871, 100, 518.32
2026/10/09 13:48:04.022, 1, 6, 97871, 0, 99.62
2026/10/09 13:48:04.022, 2, 5, 97871, 0, 91.47
2026/10/09 13:48:04.022, 3, 5, 97871, 0, 86.95
2026/10/09 13:48:05.022, 0, 80980, 97871, 100, 470.01
2026/10/09 13:48:05.022, 1, 6, 97871, 0, 99.46
2026/10/09 13:48:05.022, 2, 5, 97871, 0, 91.62
2026/10/09 13:48:05.022, 3, 5, 97871, 0, 86.81
2026/10/09 13:48:06.022, 0, 80980, 97871, 100, 442.00
2026/10/09 13:48:06.022, 1, 6, 97871, 0, 99.47
2026/10/09 13:48:06.022, 2, 5, 97871, 0, 91.59
2026/10/09 13:48:06.023, 3, 5, 97871, 0, 86.89
2026/10/09 13:48:07.023, 0, 4, 97871, 0, 128.75
2026/10/09 13:48:07.023, 1, 6, 97871, 0, 99.67
2026/10/09 13:48:07.023, 2, 5, 97871, 0, 91.72
2026/10/09 13:48:07.023, 3, 5, 97871, 0, 86.88
2026/10/09 13:48:08.023, 0, 4, 97871, 0, 131.43
2026/10/09 13:48:08.023, 1, 6, 97871, 0, 99.61
2026/10/09 13:48:08.023, 2, 5, 97871, 0, 91.94
2026/10/09 13:48:08.023, 3, 5, 97871, 0, 86.95
2026/10/09 13:48:09.023, 0, 4, 97871, 0, 102.08
2026/10/09 13:48:09.023, 1, 6, 97871, 0, 99.61
2026/10/09 13:48:09.028, 2, 5, 97871, 0, 91.87
2026/10/09 13:48:09.028, 3, 5, 97871, 0, 87.12
