2026/10/09 01:43:27.842, 0, 13, 97871, 0, 85.27
2026/10/09 01:43:27.846, 1, 10, 97871, 0, 98.65
2026/10/09 01:43:27.849, 2, 6, 97871, 0, 42.35
2026/10/09 01:43:27.852, 3, 12, 97871, 0, 86.27
2026/10/09 01:43:28.856, 0, 13, 97871, 0, 84.80
2026/10/09 01:43:28.856, 1, 10, 97871, 0, 98.54
2026/10/09 01:43:28.856, 2, 6, 97871, 0, 42.29
2026/10/09 01:43:28.856, 3, 12, 97871, 0, 86.28
2026/10/09 01:43:29.856, 0, 13, 97871, 0, 84.87
2026/10/09 01:43:29.856, 1, 10, 97871, 0, 98.43
2026/10/09 01:43:29.856, 2, 6, 97871, 0, 42.38
2026/10/09 01:43:29.856, 3, 12, 97871, 0, 86.33
2026/10/09 01:43:30.856, 0, 13, 97871, 0, 84.82
2026/10/09 01:43:30.856, 1, 10, 97871, 0, 98.50
2026/10/09 01:43:30.856, 2, 6, 97871, 0, 42.21
2026/10/09 01:43:30.856, 3, 12, 97871, 0, 86.30
2026/10/09 01:43:31.856, 0, 13, 97871, 0, 84.81
2026/10/09 01:43:31.857, 1, 10, 97871, 0, 98.64
2026/10/09 01:43:31.857, 2, 6, 97871, 0, 42.24
2026/10/09 01:43:31.857, 3, 12, 97871, 0, 86.23
2026/10/09 01:43:32.857, 0, 13, 97871, 0, 84.85
2026/10/09 01:43:32.857, 1, 10, 97871, 0, 98.73
2026/10/09 01:43:32.857, 2, 6, 97871, 0, 42.41
2026/10/09 01:43:32.857, 3, 12, 97871, 0, 86.31
2026/10/09 01:43:33.857, 0, 13, 97871, 0, 84.87
2026/10/09 01:43:33.857, 1, 10, 97871, 0, 98.57
2026/10/09 01:43:33.857, 2, 6, 97871, 0, 42.43
2026/10/09 01:43:33.857, 3, 12, 97871, 0, 86.19
2026/10/09 01:43:34.857, 0, 13, 97871, 0, 84.78
2026/10/09 01:43:34.857, 1, 10, 97871, 0, 98.59
2026/10/09 01:43:34.857, 2, 6, 97871, 0, 42.28
2026/10/09 01:43:34.857, 3, 12, 97871, 0, 86.20
2026/10/09 01:43:35.857, 0, 13, 97871, 0, 84.75
2026/10/09 01:43:35.859, 1, 10, 97871, 0, 98.62
2026/10/09 01:43:35.905, 2, 6, 97871, 0, 42.34
2026/10/09 01:43:35.927, 3, 12, 97871, 0, 86.32
2026/10/09 01:43:36.950, 0, 13, 97871, 0, 84.72
2026/10/09 01:43:36.950, 1, 10, 97871, 0, 98.59
2026/10/09 01:43:36.950, 2, 6, 97871, 0, 42.36
2026/10/09 01:43:36.950, 3, 12, 97871, 0, 86.13
2026/10/09 01:43:37.950, 0, 13, 97871, 0, 84.80
2026/10/09 01:43:37.950, 1, 10, 97871, 0, 98.52
2026/10/09 01:43:37.950, 2, 6, 97871, 0, 42.37
2026/10/09 01:43:37.950, 3, 12, 97871, 0, 86.25
2026/10/09 01:43:38.950, 0, 13, 97871, 0, 84.85
2026/10/09 01:43:38.950, 1, 10, 97871, 0, 98.77
2026/10/09 01:43:38.950, 2, 6, 97871, 0, 42.35
2026/10/09 01:43:38.950, 3, 12, 97871, 0, 86.33
2026/10/09 01:43:39.951, 0, 13, 97871, 0, 84.75
2026/10/09 01:43:39.951, 1, 10, 97871, 0, 98.62
2026/10/09 01:43:39.951, 2, 6, 97871, 0, 42.31
2026/10/09 01:43:39.951, 3, 12, 97871, 0, 86.36
2026/10/09 01:43:40.951, 0, 13, 97871, 0, 84.78
2026/10/09 01:43:40.951, 1, 10, 97871, 0, 98.43
2026/10/09 01:43:40.951, 2, 6, 97871, 0, 42.41
2026/10/09 01:43:40.951, 3, 12, 97871, 0, 86.20
2026/10/09 01:43:41.951, 0, 13, 97871, 0, 84.70
2026/10/09 01:43:41.951, 1, 10, 97871, 0, 98.51
2026/10/09 01:43:41.951, 2, 6, 97871, 0, 42.31
2026/10/09 01:43:41.951, 3, 12, 97871, 0, 86.26
2026/10/09 01:43:42.951, 0, 13, 97871, 0, 84.75
2026/10/09 01:43:42.951, 1, 10, 97871, 0, 98.56
2026/10/09 01:43:42.951, 2, 6, 97871, 0, 42.22
2026/10/09 01:43:42.951, 3, 12, 97871, 0, 86.10
2026/10/09 01:43:43.951, 0, 13, 97871, 0, 84.83
2026/10/09 01:43:43.951, 1, 10, 97871, 0, 98.53
2026/10/09 01:43:43.951, 2, 6, 97871, 0, 42.29
2026/10/09 01:43:43.951, 3, 12, 97871, 0, 86.33
2026/10/09 01:43:44.951, 0, 13, 97871, 0, 84.73
2026/10/09 01:43:44.951, 1, 10, 97871, 0, 98.60
2026/10/09 01:43:44.952, 2, 6, 97871, 0, 42.37
2026/10/09 01:43:44.952, 3, 12, 97871, 0, 86.22
2026/10/09 01:43:45.952, 0, 13, 97871, 0, 85.17
2026/10/09 01:43:45.952, 1, 10, 97871, 0, 99.15
2026/10/09 01:43:45.952, 2, 6, 97871, 0, 42.32
2026/10/09 01:43:45.952, 3, 12, 97871, 0, 86.54
2026/10/09 01:43:46.952, 0, 13, 97871, 0, 85.23
2026/10/09 01:43:46.952, 1, 10, 97871, 0, 98.56
2026/10/09 01:43:46.952, 2, 6, 97871, 0, 42.23
2026/10/09 01:43:46.952, 3, 12, 97871, 0, 86.40
2026/10/09 01:43:47.952, 0, 13, 97871, 0, 85.26
2026/10/09 01:43:47.952, 1, 10, 97871, 0, 98.65
2026/10/09 01:43:47.952, 2, 6, 97871, 0, 42.30
2026/10/09 01:43:47.952, 3, 12, 97871, 0, 86.46
2026/10/09 01:43:48.952, 0, 13, 97871, 0, 85.04
2026/10/09 01:43:48.985, 1, 10, 97871, 0, 98.34
2026/10/09 01:43:49.032, 2, 6, 97871, 0, 42.41
2026/10/09 01:43:49.077, 3, 12, 97871, 0, 86.09
2026/10/09 01:43:50.124, 0, 13, 97871, 0, 84.92
2026/10/09 01:43:50.150, 1, 10, 97871, 0, 98.32
2026/10/09 01:43:50.198, 2, 6, 97871, 0, 42.32
2026/10/09 01:43:50.265, 3, 12, 97871, 0, 86.37
2026/10/09 01:43:51.265, 0, 13, 97871, 0, 85.02
2026/10/09 01:43:51.265, 1, 10, 97871, 0, 98.61
2026/10/09 01:43:51.265, 2, 6, 97871, 0, 42.46
2026/10/09 01:43:51.265, 3, 12, 97871, 0, 86.09
2026/10/09 01:43:52.265, 0, 13, 97871, 0, 85.28
2026/10/09 01:43:52.265, 1, 10, 97871, 0, 98.58
2026/10/09 01:43:52.265, 2, 6, 97871, 0, 42.40
2026/10/09 01:43:52.265, 3, 12, 97871, 0, 86.18
2026/10/09 01:43:53.265, 0, 13, 97871, 0, 85.76
2026/10/09 01:43:53.265, 1, 10, 97871, 0, 98.67
2026/10/09 01:43:53.265, 2, 6, 97871, 0, 42.36
2026/10/09 01:43:53.265, 3, 12, 97871, 0, 86.06
2026/10/09 01:43:54.266, 0, 13, 97871, 0, 85.42
2026/10/09 01:43:54.266, 1, 10, 97871, 0, 98.73
2026/10/09 01:43:54.266, 2, 6, 97871, 0, 42.41
2026/10/09 01:43:54.266, 3, 12, 97871, 0, 86.19
2026/10/09 01:43:55.266, 0, 13, 97871, 0, 85.95
2026/10/09 01:43:55.266, 1, 10, 97871, 0, 98.73
2026/10/09 01:43:55.266, 2, 6, 97871, 0, 42.35
2026/10/09 01:43:55.266, 3, 12, 97871, 0, 86.17
2026/10/09 01:43:56.266, 0, 13, 97871, 0, 85.55
2026/10/09 01:43:56.334, 1, 10, 97871, 0, 98.49
2026/10/09 01:43:56.338, 2, 6, 97871, 0, 42.37
2026/10/09 01:43:56.339, 3, 12, 97871, 0, 86.36
2026/10/09 01:43:57.341, 0, 13, 97871, 0, 85.51
2026/10/09 01:43:57.341, 1, 10, 97871, 0, 98.75
2026/10/09 01:43:57.341, 2, 6, 97871, 0, 42.40
2026/10/09 01:43:57.341, 3, 12, 97871, 0, 86.33
2026/10/09 01:43:58.341, 0, 13, 97871, 0, 85.54
2026/10/09 01:43:58.341, 1, 10, 97871, 0, 98.70
2026/10/09 01:43:58.341, 2, 6, 97871, 0, 42.36
2026/10/09 01:43:58.341, 3, 12, 97871, 0, 86.38
2026/10/09 01:43:59.341, 0, 13, 97871, 0, 85.39
2026/10/09 01:43:59.341, 1, 10, 97871, 0, 98.54
2026/10/09 01:43:59.341, 2, 6, 97871, 0, 42.48
2026/10/09 01:43:59.341, 3, 12, 97871, 0, 86.25
2026/10/09 01:44:00.341, 0, 13, 97871, 0, 85.45
2026/10/09 01:44:00.342, 1, 10, 97871, 0, 98.73
2026/10/09 01:44:00.342, 2, 6, 97871, 0, 42.30
2026/10/09 01:44:00.342, 3, 12, 97871, 0, 86.36
2026/10/09 01:44:01.342, 0, 13, 97871, 0, 85.34
2026/10/09 01:44:01.342, 1, 10, 97871, 0, 98.76
2026/10/09 01:44:01.342, 2, 6, 97871, 0, 42.47
2026/10/09 01:44:01.342, 3, 12, 97871, 0, 86.44
2026/10/09 01:44:02.342, 0, 13, 97871, 0, 85.32
2026/10/09 01:44:02.342, 1, 10, 97871, 0, 98.88
2026/10/09 01:44:02.342, 2, 6, 97871, 0, 42.49
2026/10/09 01:44:02.342, 3, 12, 97871, 0, 86.45
2026/10/09 01:44:03.342, 0, 13, 97871, 0, 85.13
2026/10/09 01:44:03.342, 1, 10, 97871, 0, 98.87
2026/10/09 01:44:03.342, 2, 6, 97871, 0, 42.46
2026/10/09 01:44:03.342, 3, 12, 97871, 0, 86.40
2026/10/09 01:44:04.342, 0, 13, 97871, 0, 85.06
2026/10/09 01:44:04.343, 1, 10, 97871, 0, 98.96
2026/10/09 01:44:04.343, 2, 6, 97871, 0, 42.35
2026/10/09 01:44:04.343, 3, 12, 97871, 0, 86.45
2026/10/09 01:44:05.343, 0, 13, 97871, 0, 85.07
2026/10/09 01:44:05.343, 1, 10, 97871, 0, 99.09
2026/10/09 01:44:05.343, 2, 6, 97871, 0, 42.55
2026/10/09 01:44:05.343, 3, 12, 97871, 0, 86.49
2026/10/09 01:44:06.343, 0, 13, 97871, 0, 85.18
2026/10/09 01:44:06.343, 1, 10, 97871, 0, 98.74
2026/10/09 01:44:06.343, 2, 6, 97871, 0, 42.37
2026/10/09 01:44:06.343, 3, 12, 97871, 0, 86.36
2026/10/09 01:44:07.343, 0, 13, 97871, 0, 85.46
2026/10/09 01:44:07.343, 1, 10, 97871, 0, 98.79
2026/10/09 01:44:07.343, 2, 6, 97871, 0, 42.44
2026/10/09 01:44:07.343, 3, 12, 97871, 0, 86.33
2026/10/09 01:44:08.343, 0, 13, 97871, 0, 85.65
2026/10/09 01:44:08.344, 1, 10, 97871, 0, 98.80
2026/10/09 01:44:08.344, 2, 6, 97871, 0, 42.34
2026/10/09 01:44:08.344, 3, 12, 97871, 0, 86.25
2026/10/09 01:44:09.344, 0, 13, 97871, 0, 85.53
2026/10/09 01:44:09.344, 1, 10, 97871, 0, 98.93
2026/10/09 01:44:09.344, 2, 6, 97871, 0, 42.43
2026/10/09 01:44:09.344, 3, 12, 97871, 0, 86.76
2026/10/09 01:44:10.344, 0, 13, 97871, 0, 85.95
2026/10/09 01:44:10.344, 1, 10, 97871, 0, 98.68
2026/10/09 01:44:10.344, 2, 6, 97871, 0, 42.42
2026/10/09 01:44:10.344, 3, 12, 97871, 0, 86.32
2026/10/09 01:44:11.344, 0, 13, 97871, 0, 85.57
2026/10/09 01:44:11.345, 1, 10, 97871, 0, 98.67
2026/10/09 01:44:11.345, 2, 6, 97871, 0, 42.42
2026/10/09 01:44:11.345, 3, 12, 97871, 0, 86.28
2026/10/09 01:44:12.345, 0, 13, 97871, 0, 85.81
2026/10/09 01:44:12.345, 1, 10, 97871, 0, 99.05
2026/10/09 01:44:12.345, 2, 6, 97871, 0, 42.40
2026/10/09 01:44:12.345, 3, 12, 97871, 0, 86.49
2026/10/09 01:44:13.345, 0, 13, 97871, 0, 85.47
2026/10/09 01:44:13.345, 1, 10, 97871, 0, 98.97
2026/10/09 01:44:13.345, 2, 6, 97871, 0, 42.45
2026/10/09 01:44:13.345, 3, 12, 97871, 0, 86.37
2026/10/09 01:44:14.345, 0, 13, 97871, 0, 85.42
2026/10/09 01:44:14.345, 1, 10, 97871, 0, 99.47
2026/10/09 01:44:14.345, 2, 6, 97871, 0, 42.31
2026/10/09 01:44:14.345, 3, 12, 97871, 0, 86.43
2026/10/09 01:44:15.345, 0, 13, 97871, 0, 85.00
2026/10/09 01:44:15.346, 1, 10, 97871, 0, 98.88
2026/10/09 01:44:15.346, 2, 6, 97871, 0, 42.41
2026/10/09 01:44:15.346, 3, 12, 97871, 0, 86.29
2026/10/09 01:44:16.346, 0, 13, 97871, 0, 85.79
2026/10/09 01:44:16.346, 1, 10, 97871, 0, 98.98
2026/10/09 01:44:16.346, 2, 6, 97871, 0, 42.38
2026/10/09 01:44:16.346, 3, 12, 97871, 0, 86.21
2026/10/09 01:44:17.346, 0, 13, 97871, 0, 86.40
2026/10/09 01:44:17.346, 1, 10, 97871, 0, 99.11
2026/10/09 01:44:17.346, 2, 6, 97871, 0, 42.33
2026/10/09 01:44:17.346, 3, 12, 97871, 0, 86.41
2026/10/09 01:44:18.346, 0, 13, 97871, 0, 85.76
2026/10/09 01:44:18.401, 1, 10, 97871, 0, 98.59
2026/10/09 01:44:18.450, 2, 6, 97871, 0, 42.50
2026/10/09 01:44:18.495, 3, 12, 97871, 0, 86.42
2026/10/09 01:44:19.546, 0, 13, 97871, 0, 84.92
2026/10/09 01:44:19.593, 1, 10, 97871, 0, 98.62
2026/10/09 01:44:19.639, 2, 6, 97871, 0, 42.41
2026/10/09 01:44:19.683, 3, 12, 97871, 0, 86.32
2026/10/09 01:44:20.728, 0, 13, 97871, 0, 85.57
2026/10/09 01:44:20.728, 1, 10, 97871, 0, 98.61
2026/10/09 01:44:20.728, 2, 6, 97871, 0, 42.33
2026/10/09 01:44:20.728, 3, 12, 97871, 0, 86.22
2026/10/09 01:44:21.728, 0, 13, 97871, 0, 85.60
2026/10/09 01:44:21.728, 1, 10, 97871, 0, 98.53
2026/10/09 01:44:21.728, 2, 6, 97871, 0, 42.40
2026/10/09 01:44:21.728, 3, 12, 97871, 0, 86.23
2026/10/09 01:44:22.728, 0, 13, 97871, 0, 86.00
2026/10/09 01:44:22.728, 1, 10, 97871, 0, 98.69
2026/10/09 01:44:22.728, 2, 6, 97871, 0, 42.33
2026/10/09 01:44:22.728, 3, 12, 97871, 0, 86.32
2026/10/09 01:44:23.729, 0, 13, 97871, 0, 85.73
2026/10/09 01:44:23.729, 1, 10, 97871, 0, 98.79
2026/10/09 01:44:23.729, 2, 6, 97871, 0, 42.35
2026/10/09 01:44:23.729, 3, 12, 97871, 0, 86.26
2026/10/09 01:44:24.729, 0, 13, 97871, 0, 86.31
2026/10/09 01:44:24.729, 1, 10, 97871, 0, 98.93
2026/10/09 01:44:24.729, 2, 6, 97871, 0, 42.31
2026/10/09 01:44:24.729, 3, 12, 97871, 0, 86.54
2026/10/09 01:44:25.729, 0, 13, 97871, 0, 85.94
2026/10/09 01:44:25.729, 1, 10, 97871, 0, 99.01
2026/10/09 01:44:25.729, 2, 6, 97871, 0, 42.31
2026/10/09 01:44:25.729, 3, 12, 97871, 0, 86.36
2026/10/09 01:44:26.729, 0, 13, 97871, 0, 85.74
2026/10/09 01:44:26.730, 1, 10, 97871, 0, 98.71
2026/10/09 01:44:26.730, 2, 6, 97871, 0, 42.33
2026/10/09 01:44:26.730, 3, 12, 97871, 0, 86.26
2026/10/09 01:44:27.730, 0, 13, 97871, 0, 86.24
2026/10/09 01:44:27.730, 1, 10, 97871, 0, 98.78
2026/10/09 01:44:27.730, 2, 6, 97871, 0, 42.31
2026/10/09 01:44:27.730, 3, 12, 97871, 0, 86.71
2026/10/09 01:44:28.730, 0, 13, 97871, 0, 85.99
2026/10/09 01:44:28.730, 1, 10, 97871, 0, 98.86
2026/10/09 01:44:28.730, 2, 6, 97871, 0, 42.37
2026/10/09 01:44:28.730, 3, 12, 97871, 0, 86.49
2026/10/09 01:44:29.730, 0, 13, 97871, 0, 85.96
2026/10/09 01:44:29.730, 1, 10, 97871, 0, 98.78
2026/10/09 01:44:29.730, 2, 6, 97871, 0, 42.37
2026/10/09 01:44:29.730, 3, 12, 97871, 0, 86.54
2026/10/09 01:44:30.730, 0, 13, 97871, 0, 86.12
2026/10/09 01:44:30.730, 1, 10, 97871, 0, 98.94
2026/10/09 01:44:30.730, 2, 6, 97871, 0, 42.36
2026/10/09 01:44:30.731, 3, 12, 97871, 0, 86.41
2026/10/09 01:44:31.731, 0, 13, 97871, 0, 86.02
2026/10/09 01:44:31.763, 1, 10, 97871, 0, 98.79
2026/10/09 01:44:31.807, 2, 6, 97871, 0, 42.34
2026/10/09 01:44:31.927, 3, 12, 97871, 0, 86.36
2026/10/09 01:44:33.041, 0, 13, 97871, 0, 85.02
2026/10/09 01:44:33.148, 1, 10, 97871, 0, 98.46
2026/10/09 01:44:33.216, 2, 6, 97871, 0, 42.56
2026/10/09 01:44:33.265, 3, 12, 97871, 0, 86.29
2026/10/09 01:44:34.265, 0, 13, 97871, 0, 85.55
2026/10/09 01:44:34.265, 1, 10, 97871, 0, 98.53
2026/10/09 01:44:34.265, 2, 6, 97871, 0, 42.39
2026/10/09 01:44:34.265, 3, 12, 97871, 0, 86.40
2026/10/09 01:44:35.265, 0, 13, 97871, 0, 85.83
2026/10/09 01:44:35.266, 1, 10, 97871, 0, 98.78
2026/10/09 01:44:35.266, 2, 6, 97871, 0, 42.38
2026/10/09 01:44:35.266, 3, 12, 97871, 0, 86.35
2026/10/09 01:44:36.266, 0, 13, 97871, 0, 86.14
2026/10/09 01:44:36.266, 1, 10, 97871, 0, 98.87
2026/10/09 01:44:36.266, 2, 6, 97871, 0, 42.41
2026/10/09 01:44:36.266, 3, 12, 97871, 0, 86.35
2026/10/09 01:44:37.266, 0, 13, 97871, 0, 85.86
2026/10/09 01:44:37.266, 1, 10, 97871, 0, 98.87
2026/10/09 01:44:37.266, 2, 6, 97871, 0, 42.29
2026/10/09 01:44:37.266, 3, 12, 97871, 0, 86.28
2026/10/09 01:44:38.266, 0, 13, 97871, 0, 86.28
2026/10/09 01:44:38.266, 1, 10, 97871, 0, 98.94
2026/10/09 01:44:38.266, 2, 6, 97871, 0, 42.32
2026/10/09 01:44:38.266, 3, 12, 97871, 0, 86.49
2026/10/09 01:44:39.267, 0, 13, 97871, 0, 86.09
2026/10/09 01:44:39.267, 1, 10, 97871, 0, 98.66
2026/10/09 01:44:39.267, 2, 6, 97871, 0, 42.24
2026/10/09 01:44:39.267, 3, 12, 97871, 0, 86.32
2026/10/09 01:44:40.267, 0, 13, 97871, 0, 86.19
2026/10/09 01:44:40.267, 1, 10, 97871, 0, 98.85
2026/10/09 01:44:40.267, 2, 6, 97871, 0, 42.49
2026/10/09 01:44:40.267, 3, 12, 97871, 0, 86.51
2026/10/09 01:44:41.267, 0, 13, 97871, 0, 86.44
2026/10/09 01:44:41.267, 1, 10, 97871, 0, 99.33
2026/10/09 01:44:41.267, 2, 6, 97871, 0, 42.38
2026/10/09 01:44:41.267, 3, 12, 97871, 0, 86.46
2026/10/09 01:44:42.268, 0, 13, 97871, 0, 86.34
2026/10/09 01:44:42.268, 1, 10, 97871, 0, 98.79
2026/10/09 01:44:42.268, 2, 6, 97871, 0, 42.36
2026/10/09 01:44:42.268, 3, 12, 97871, 0, 86.36
2026/10/09 01:44:43.268, 0, 13, 97871, 0, 86.40
2026/10/09 01:44:43.268, 1, 10, 97871, 0, 98.53
2026/10/09 01:44:43.268, 2, 6, 97871, 0, 42.47
2026/10/09 01:44:43.268, 3, 12, 97871, 0, 86.28
2026/10/09 01:44:44.268, 0, 13, 97871, 0, 86.28
2026/10/09 01:44:44.268, 1, 10, 97871, 0, 98.68
2026/10/09 01:44:44.268, 2, 6, 97871, 0, 42.63
2026/10/09 01:44:44.268, 3, 12, 97871, 0, 86.41
2026/10/09 01:44:45.268, 0, 13, 97871, 0, 86.25
2026/10/09 01:44:45.268, 1, 10, 97871, 0, 98.65
2026/10/09 01:44:45.268, 2, 6, 97871, 0, 42.41
2026/10/09 01:44:45.268, 3, 12, 97871, 0, 86.34
2026/10/09 01:44:46.269, 0, 13, 97871, 0, 86.34
2026/10/09 01:44:46.269, 1, 10, 97871, 0, 98.54
2026/10/09 01:44:46.269, 2, 6, 97871, 0, 42.41
2026/10/09 01:44:46.269, 3, 12, 97871, 0, 86.32
2026/10/09 01:44:47.269, 0, 13, 97871, 0, 86.41
2026/10/09 01:44:47.269, 1, 10, 97871, 0, 98.58
2026/10/09 01:44:47.269, 2, 6, 97871, 0, 42.35
2026/10/09 01:44:47.269, 3, 12, 97871, 0, 86.28
2026/10/09 01:44:48.269, 0, 13, 97871, 0, 86.54
2026/10/09 01:44:48.269, 1, 10, 97871, 0, 98.37
2026/10/09 01:44:48.269, 2, 6, 97871, 0, 42.32
2026/10/09 01:44:48.269, 3, 12, 97871, 0, 86.22
2026/10/09 01:44:49.269, 0, 13, 97871, 0, 86.41
2026/10/09 01:44:49.269, 1, 10, 97871, 0, 98.68
2026/10/09 01:44:49.269, 2, 6, 97871, 0, 42.33
2026/10/09 01:44:49.270, 3, 12, 97871, 0, 86.39
2026/10/09 01:44:50.270, 0, 13, 97871, 0, 86.26
2026/10/09 01:44:50.270, 1, 10, 97871, 0, 98.66
2026/10/09 01:44:50.270, 2, 6, 97871, 0, 42.34
2026/10/09 01:44:50.270, 3, 12, 97871, 0, 86.40
2026/10/09 01:44:51.270, 0, 13, 97871, 0, 86.34
2026/10/09 01:44:51.270, 1, 10, 97871, 0, 98.41
2026/10/09 01:44:51.270, 2, 6, 97871, 0, 42.27
2026/10/09 01:44:51.270, 3, 12, 97871, 0, 86.43
2026/10/09 01:44:52.270, 0, 13, 97871, 0, 86.55
2026/10/09 01:44:52.270, 1, 10, 97871, 0, 98.38
2026/10/09 01:44:52.270, 2, 6, 97871, 0, 42.42
2026/10/09 01:44:52.270, 3, 12, 97871, 0, 86.36
2026/10/09 01:44:53.270, 0, 13, 97871, 0, 86.14
2026/10/09 01:44:53.271, 1, 10, 97871, 0, 98.54
2026/10/09 01:44:53.271, 2, 6, 97871, 0, 42.30
2026/10/09 01:44:53.271, 3, 12, 97871, 0, 86.34
2026/10/09 01:44:54.271, 0, 13, 97871, 0, 86.31
2026/10/09 01:44:54.271, 1, 10, 97871, 0, 98.39
2026/10/09 01:44:54.271, 2, 6, 97871, 0, 42.29
2026/10/09 01:44:54.271, 3, 12, 97871, 0, 86.34
2026/10/09 01:44:55.271, 0, 13, 97871, 0, 86.24
2026/10/09 01:44:55.271, 1, 9, 97871, 0, 98.42
2026/10/09 01:44:55.271, 2, 5, 97871, 0, 42.21
2026/10/09 01:44:55.271, 3, 11, 97871, 0, 86.38
2026/10/09 01:44:56.271, 0, 13, 97871, 0, 86.29
2026/10/09 01:44:56.271, 1, 9, 97871, 0, 98.26
2026/10/09 01:44:56.271, 2, 5, 97871, 0, 42.31
2026/10/09 01:44:56.271, 3, 11, 97871, 0, 86.32
2026/10/09 01:44:57.272, 0, 13, 97871, 0, 86.50
2026/10/09 01:44:57.272, 1, 9, 97871, 0, 98.49
2026/10/09 01:44:57.272, 2, 5, 97871, 0, 42.26
2026/10/09 01:44:57.272, 3, 11, 97871, 0, 86.27
2026/10/09 01:44:58.272, 0, 13, 97871, 0, 86.08
2026/10/09 01:44:58.272, 1, 9, 97871, 0, 98.49
2026/10/09 01:44:58.272, 2, 5, 97871, 0, 42.34
2026/10/09 01:44:58.272, 3, 11, 97871, 0, 86.38
2026/10/09 01:44:59.272, 0, 13, 97871, 0, 86.57
2026/10/09 01:44:59.272, 1, 9, 97871, 0, 98.51
2026/10/09 01:44:59.272, 2, 5, 97871, 0, 42.25
2026/10/09 01:44:59.272, 3, 11, 97871, 0, 86.26
2026/10/09 01:45:00.272, 0, 13, 97871, 0, 86.46
2026/10/09 01:45:00.272, 1, 9, 97871, 0, 98.57
2026/10/09 01:45:00.273, 2, 5, 97871, 0, 42.30
2026/10/09 01:45:00.273, 3, 11, 97871, 0, 86.27
2026/10/09 01:45:01.273, 0, 13, 97871, 0, 86.29
2026/10/09 01:45:01.273, 1, 9, 97871, 0, 98.61
2026/10/09 01:45:01.273, 2, 5, 97871, 0, 42.49
2026/10/09 01:45:01.273, 3, 11, 97871, 0, 86.26
2026/10/09 01:45:02.273, 0, 13, 97871, 0, 86.40
2026/10/09 01:45:02.273, 1, 9, 97871, 0, 98.60
2026/10/09 01:45:02.273, 2, 5, 97871, 0, 42.32
2026/10/09 01:45:02.273, 3, 11, 97871, 0, 86.28
2026/10/09 01:45:03.273, 0, 13, 97871, 0, 86.21
2026/10/09 01:45:03.273, 1, 9, 97871, 0, 98.89
2026/10/09 01:45:03.273, 2, 5, 97871, 0, 42.24
2026/10/09 01:45:03.273, 3, 11, 97871, 0, 86.46
2026/10/09 01:45:04.274, 0, 13, 97871, 0, 86.10
2026/10/09 01:45:04.274, 1, 9, 97871, 0, 98.49
2026/10/09 01:45:04.274, 2, 5, 97871, 0, 42.43
2026/10/09 01:45:04.274, 3, 11, 97871, 0, 86.30
2026/10/09 01:45:05.274, 0, 13, 97871, 0, 86.16
2026/10/09 01:45:05.274, 1, 9, 97871, 0, 98.37
2026/10/09 01:45:05.274, 2, 5, 97871, 0, 42.26
2026/10/09 01:45:05.274, 3, 11, 97871, 0, 86.32
2026/10/09 01:45:06.274, 0, 13, 97871, 0, 86.69
2026/10/09 01:45:06.274, 1, 9, 97871, 0, 98.52
2026/10/09 01:45:06.274, 2, 5, 97871, 0, 42.33
2026/10/09 01:45:06.274, 3, 11, 97871, 0, 86.38
2026/10/09 01:45:07.275, 0, 13, 97871, 0, 86.28
2026/10/09 01:45:07.275, 1, 9, 97871, 0, 98.66
2026/10/09 01:45:07.275, 2, 5, 97871, 0, 42.38
2026/10/09 01:45:07.275, 3, 11, 97871, 0, 86.31
2026/10/09 01:45:08.275, 0, 13, 97871, 0, 86.15
2026/10/09 01:45:08.275, 1, 9, 97871, 0, 98.52
2026/10/09 01:45:08.275, 2, 5, 97871, 0, 42.33
2026/10/09 01:45:08.275, 3, 11, 97871, 0, 86.46
2026/10/09 01:45:09.275, 0, 13, 97871, 0, 86.22
2026/10/09 01:45:09.275, 1, 9, 97871, 0, 98.61
2026/10/09 01:45:09.275, 2, 5, 97871, 0, 42.30
2026/10/09 01:45:09.275, 3, 11, 97871, 0, 86.50
2026/10/09 01:45:10.275, 0, 13, 97871, 0, 86.52
2026/10/09 01:45:10.276, 1, 9, 97871, 0, 98.44
2026/10/09 01:45:10.276, 2, 5, 97871, 0, 42.34
2026/10/09 01:45:10.276, 3, 11, 97871, 0, 86.47
2026/10/09 01:45:11.276, 0, 13, 97871, 0, 86.14
2026/10/09 01:45:11.276, 1, 9, 97871, 0, 98.53
2026/10/09 01:45:11.276, 2, 5, 97871, 0, 42.35
2026/10/09 01:45:11.276, 3, 11, 97871, 0, 86.37
2026/10/09 01:45:12.276, 0, 13, 97871, 0, 86.43
2026/10/09 01:45:12.276, 1, 9, 97871, 0, 98.56
2026/10/09 01:45:12.276, 2, 5, 97871, 0, 42.27
2026/10/09 01:45:12.276, 3, 11, 97871, 0, 86.49
2026/10/09 01:45:13.276, 0, 13, 97871, 0, 86.06
2026/10/09 01:45:13.277, 1, 9, 97871, 0, 98.94
2026/10/09 01:45:13.277, 2, 5, 97871, 0, 42.33
2026/10/09 01:45:13.277, 3, 11, 97871, 0, 86.44
2026/10/09 01:45:14.277, 0, 13, 97871, 0, 86.08
2026/10/09 01:45:14.277, 1, 9, 97871, 0, 98.78
2026/10/09 01:45:14.277, 2, 5, 97871, 0, 42.26
2026/10/09 01:45:14.277, 3, 11, 97871, 0, 86.44
2026/10/09 01:45:15.277, 0, 13, 97871, 0, 86.38
2026/10/09 01:45:15.277, 1, 9, 97871, 0, 98.84
2026/10/09 01:45:15.277, 2, 5, 97871, 0, 42.36
2026/10/09 01:45:15.277, 3, 11, 97871, 0, 86.39
2026/10/09 01:45:16.277, 0, 13, 97871, 0, 86.06
2026/10/09 01:45:16.277, 1, 9, 97871, 0, 98.89
2026/10/09 01:45:16.277, 2, 5, 97871, 0, 42.25
2026/10/09 01:45:16.277, 3, 11, 97871, 0, 86.34
2026/10/09 01:45:17.278, 0, 13, 97871, 0, 86.12
2026/10/09 01:45:17.278, 1, 9, 97871, 0, 98.71
2026/10/09 01:45:17.278, 2, 5, 97871, 0, 42.26
2026/10/09 01:45:17.278, 3, 11, 97871, 0, 86.20
2026/10/09 01:45:18.278, 0, 13, 97871, 0, 86.20
2026/10/09 01:45:18.278, 1, 9, 97871, 0, 98.81
2026/10/09 01:45:18.278, 2, 5, 97871, 0, 42.23
2026/10/09 01:45:18.278, 3, 11, 97871, 0, 86.15
2026/10/09 01:45:19.278, 0, 13, 97871, 0, 86.10
2026/10/09 01:45:19.278, 1, 9, 97871, 0, 98.90
2026/10/09 01:45:19.278, 2, 5, 97871, 0, 42.29
2026/10/09 01:45:19.278, 3, 11, 97871, 0, 86.30
2026/10/09 01:45:20.278, 0, 13, 97871, 0, 86.29
2026/10/09 01:45:20.278, 1, 9, 97871, 0, 98.78
2026/10/09 01:45:20.279, 2, 5, 97871, 0, 42.37
2026/10/09 01:45:20.279, 3, 11, 97871, 0, 86.28
2026/10/09 01:45:21.279, 0, 13, 97871, 0, 86.28
2026/10/09 01:45:21.279, 1, 9, 97871, 0, 98.82
2026/10/09 01:45:21.279, 2, 5, 97871, 0, 42.21
2026/10/09 01:45:21.279, 3, 11, 97871, 0, 86.34
2026/10/09 01:45:22.279, 0, 13, 97871, 0, 86.40
2026/10/09 01:45:22.279, 1, 9, 97871, 0, 98.71
2026/10/09 01:45:22.279, 2, 5, 97871, 0, 42.32
2026/10/09 01:45:22.279, 3, 11, 97871, 0, 86.38
2026/10/09 01:45:23.279, 0, 13, 97871, 0, 86.58
2026/10/09 01:45:23.281, 1, 9, 97871, 0, 98.82
2026/10/09 01:45:23.281, 2, 5, 97871, 0, 42.46
2026/10/09 01:45:23.281, 3, 11, 97871, 0, 86.46
2026/10/09 01:45:24.282, 0, 13, 97871, 0, 86.25
2026/10/09 01:45:24.282, 1, 9, 97871, 0, 98.89
2026/10/09 01:45:24.282, 2, 5, 97871, 0, 42.29
2026/10/09 01:45:24.282, 3, 11, 97871, 0, 86.26
2026/10/09 01:45:25.282, 0, 13, 97871, 0, 86.16
2026/10/09 01:45:25.282, 1, 9, 97871, 0, 98.76
2026/10/09 01:45:25.282, 2, 5, 97871, 0, 42.38
2026/10/09 01:45:25.282, 3, 11, 97871, 0, 86.33
2026/10/09 01:45:26.282, 0, 13, 97871, 0, 86.19
2026/10/09 01:45:26.282, 1, 9, 97871, 0, 98.61
2026/10/09 01:45:26.282, 2, 5, 97871, 0, 42.36
2026/10/09 01:45:26.282, 3, 11, 97871, 0, 86.26
2026/10/09 01:45:27.282, 0, 13, 97871, 0, 86.37
2026/10/09 01:45:27.282, 1, 9, 97871, 0, 98.55
2026/10/09 01:45:27.282, 2, 5, 97871, 0, 42.31
2026/10/09 01:45:27.282, 3, 11, 97871, 0, 86.32
2026/10/09 01:45:28.282, 0, 13, 97871, 0, 86.70
2026/10/09 01:45:28.282, 1, 9, 97871, 0, 98.83
2026/10/09 01:45:28.283, 2, 5, 97871, 0, 42.41
2026/10/09 01:45:28.283, 3, 11, 97871, 0, 86.38
2026/10/09 01:45:29.283, 0, 13, 97871, 0, 86.25
2026/10/09 01:45:29.347, 1, 9, 97871, 0, 98.83
2026/10/09 01:45:29.392, 2, 5, 97871, 0, 42.35
2026/10/09 01:45:29.437, 3, 11, 97871, 0, 86.43
2026/10/09 01:45:30.482, 0, 13, 97871, 0, 85.99
2026/10/09 01:45:30.525, 1, 9, 97871, 0, 98.78
2026/10/09 01:45:30.575, 2, 5, 97871, 0, 42.33
2026/10/09 01:45:30.598, 3, 11, 97871, 0, 86.42
2026/10/09 01:45:31.598, 0, 13, 97871, 0, 85.98
2026/10/09 01:45:31.613, 1, 9, 97871, 0, 98.61
2026/10/09 01:45:31.613, 2, 5, 97871, 0, 42.26
2026/10/09 01:45:31.613, 3, 11, 97871, 0, 86.34
2026/10/09 01:45:32.613, 0, 13, 97871, 0, 86.42
2026/10/09 01:45:32.613, 1, 9, 97871, 0, 98.98
2026/10/09 01:45:32.613, 2, 5, 97871, 0, 42.42
2026/10/09 01:45:32.613, 3, 11, 97871, 0, 86.42
2026/10/09 01:45:33.613, 0, 13, 97871, 0, 86.22
2026/10/09 01:45:33.614, 1, 9, 97871, 0, 98.90
2026/10/09 01:45:33.614, 2, 5, 97871, 0, 42.40
2026/10/09 01:45:33.614, 3, 11, 97871, 0, 86.56
2026/10/09 01:45:34.614, 0, 13, 97871, 0, 86.36
2026/10/09 01:45:34.614, 1, 9, 97871, 0, 98.82
2026/10/09 01:45:34.614, 2, 5, 97871, 0, 42.27
2026/10/09 01:45:34.614, 3, 11, 97871, 0, 86.58
2026/10/09 01:45:35.614, 0, 13, 97871, 0, 85.94
2026/10/09 01:45:35.614, 1, 9, 97871, 0, 98.68
2026/10/09 01:45:35.614, 2, 5, 97871, 0, 42.27
2026/10/09 01:45:35.614, 3, 11, 97871, 0, 86.44
2026/10/09 01:45:36.614, 0, 13, 97871, 0, 86.31
2026/10/09 01:45:36.615, 1, 9, 97871, 0, 98.75
2026/10/09 01:45:36.615, 2, 5, 97871, 0, 42.34
2026/10/09 01:45:36.615, 3, 11, 97871, 0, 86.45
2026/10/09 01:45:37.615, 0, 13, 97871, 0, 87.56
2026/10/09 01:45:37.615, 1, 9, 97871, 0, 99.51
2026/10/09 01:45:37.615, 2, 5, 97871, 0, 42.33
2026/10/09 01:45:37.615, 3, 11, 97871, 0, 86.56
2026/10/09 01:45:38.615, 0, 13, 97871, 0, 86.48
2026/10/09 01:45:38.615, 1, 9, 97871, 0, 99.41
2026/10/09 01:45:38.615, 2, 5, 97871, 0, 42.36
2026/10/09 01:45:38.615, 3, 11, 97871, 0, 86.40
2026/10/09 01:45:39.616, 0, 13, 97871, 0, 86.77
2026/10/09 01:45:39.616, 1, 9, 97871, 0, 99.99
2026/10/09 01:45:39.616, 2, 5, 97871, 0, 42.27
2026/10/09 01:45:39.616, 3, 11, 97871, 0, 86.35
2026/10/09 01:45:40.616, 0, 13, 97871, 0, 86.61
2026/10/09 01:45:40.616, 1, 9, 97871, 0, 99.58
2026/10/09 01:45:40.616, 2, 5, 97871, 0, 42.33
2026/10/09 01:45:40.616, 3, 11, 97871, 0, 86.31
2026/10/09 01:45:41.616, 0, 13, 97871, 0, 86.03
2026/10/09 01:45:41.919, 1, 9, 97871, 0, 99.08
2026/10/09 01:45:41.919, 2, 5, 97871, 0, 42.24
2026/10/09 01:45:41.919, 3, 11, 97871, 0, 86.29
2026/10/09 01:45:42.921, 0, 13, 97871, 0, 85.68
2026/10/09 01:45:42.923, 1, 9, 97871, 0, 98.47
2026/10/09 01:45:42.923, 2, 5, 97871, 0, 42.17
2026/10/09 01:45:42.924, 3, 31, 97871, 0, 103.25
2026/10/09 01:45:43.925, 0, 48, 97871, 0, 96.01
2026/10/09 01:45:43.929, 1, 11, 97871, 0, 98.45
2026/10/09 01:45:43.929, 2, 6, 97871, 0, 42.19
2026/10/09 01:45:43.930, 3, 65, 97871, 0, 138.34
2026/10/09 01:45:44.931, 0, 64, 97871, 0, 133.27
2026/10/09 01:45:44.981, 1, 44, 97871, 0, 132.79
2026/10/09 01:45:44.985, 2, 8, 97871, 0, 42.34
2026/10/09 01:45:44.994, 3, 637, 97871, 0, 135.00
2026/10/09 01:45:45.994, 0, 3350, 97871, 0, 130.47
2026/10/09 01:45:45.995, 1, 3346, 97871, 0, 147.41
2026/10/09 01:45:45.995, 2, 987, 97871, 1, 61.37
2026/10/09 01:45:45.995, 3, 3349, 97871, 0, 133.92
2026/10/09 01:45:46.995, 0, 3350, 97871, 0, 129.64
2026/10/09 01:45:46.995, 1, 3346, 97871, 0, 146.32
2026/10/09 01:45:46.995, 2, 3343, 97871, 0, 86.57
2026/10/09 01:45:46.995, 3, 3349, 97871, 0, 133.23
2026/10/09 01:45:47.995, 0, 16486, 97871, 0, 130.32
2026/10/09 01:45:47.995, 1, 16482, 97871, 5, 146.93
2026/10/09 01:45:47.995, 2, 16479, 97871, 0, 86.58
2026/10/09 01:45:47.995, 3, 16485, 97871, 1, 134.11
2026/10/09 01:45:48.995, 0, 16486, 97871, 0, 129.08
2026/10/09 01:45:48.996, 1, 16482, 97871, 0, 146.38
2026/10/09 01:45:48.996, 2, 16479, 97871, 0, 85.89
2026/10/09 01:45:48.996, 3, 16485, 97871, 0, 133.21
2026/10/09 01:45:49.996, 0, 20762, 97871, 2, 130.69
2026/10/09 01:45:49.996, 1, 20758, 97871, 0, 147.30
2026/10/09 01:45:49.996, 2, 20755, 97871, 2, 86.92
2026/10/09 01:45:49.996, 3, 20761, 97871, 3, 134.58
2026/10/09 01:45:50.996, 0, 20762, 97871, 1, 130.12
2026/10/09 01:45:50.996, 1, 20758, 97871, 3, 145.90
2026/10/09 01:45:50.996, 2, 20755, 97871, 2, 86.13
2026/10/09 01:45:50.996, 3, 20761, 97871, 2, 133.51
2026/10/09 01:45:51.997, 0, 20762, 97871, 1, 132.05
2026/10/09 01:45:51.997, 1, 20758, 97871, 2, 146.87
2026/10/09 01:45:51.997, 2, 20755, 97871, 0, 86.33
2026/10/09 01:45:51.997, 3, 20761, 97871, 0, 133.83
2026/10/09 01:45:52.997, 0, 20762, 97871, 1, 131.96
2026/10/09 01:45:52.997, 1, 20758, 97871, 2, 146.26
2026/10/09 01:45:52.997, 2, 20755, 97871, 0, 86.12
2026/10/09 01:45:52.997, 3, 20761, 97871, 0, 133.72
2026/10/09 01:45:53.997, 0, 20762, 97871, 6, 132.77
2026/10/09 01:45:53.997, 1, 20758, 97871, 14, 147.41
2026/10/09 01:45:53.997, 2, 20755, 97871, 6, 87.01
2026/10/09 01:45:53.997, 3, 20761, 97871, 1, 134.82
2026/10/09 01:45:54.998, 0, 20762, 97871, 1, 131.49
2026/10/09 01:45:54.998, 1, 20758, 97871, 3, 148.48
2026/10/09 01:45:54.998, 2, 20755, 97871, 5, 86.89
2026/10/09 01:45:54.998, 3, 20761, 97871, 5, 134.52
2026/10/09 01:45:55.998, 0, 20762, 97871, 1, 130.40
2026/10/09 01:45:55.998, 1, 20758, 97871, 0, 146.74
2026/10/09 01:45:55.998, 2, 20755, 97871, 1, 86.38
2026/10/09 01:45:55.998, 3, 20761, 97871, 1, 133.74
2026/10/09 01:45:56.998, 0, 25062, 97871, 0, 128.95
2026/10/09 01:45:56.998, 1, 25058, 97871, 0, 145.97
2026/10/09 01:45:56.998, 2, 25055, 97871, 0, 86.06
2026/10/09 01:45:56.998, 3, 25061, 97871, 0, 133.56
2026/10/09 01:45:57.999, 0, 25062, 97871, 0, 130.03
2026/10/09 01:45:57.999, 1, 25058, 97871, 6, 145.95
2026/10/09 01:45:57.999, 2, 25055, 97871, 1, 86.28
2026/10/09 01:45:57.999, 3, 25061, 97871, 3, 133.57
2026/10/09 01:45:58.999, 0, 22014, 97871, 0, 129.93
2026/10/09 01:45:58.999, 1, 22010, 97871, 0, 146.11
2026/10/09 01:45:58.999, 2, 22007, 97871, 0, 86.37
2026/10/09 01:45:58.999, 3, 22013, 97871, 0, 133.66
2026/10/09 01:45:59.999, 0, 22476, 97871, 0, 129.79
2026/10/09 01:45:59.999, 1, 22472, 97871, 0, 146.15
2026/10/09 01:45:59.999, 2, 22469, 97871, 0, 86.14
2026/10/09 01:45:59.999, 3, 22475, 97871, 0, 133.20
2026/10/09 01:46:01.000, 0, 22476, 97871, 0, 129.38
2026/10/09 01:46:01.000, 1, 22472, 97871, 0, 145.74
2026/10/09 01:46:01.000, 2, 22469, 97871, 0, 85.97
2026/10/09 01:46:01.000, 3, 22475, 97871, 0, 133.35
2026/10/09 01:46:02.000, 0, 22476, 97871, 0, 129.43
2026/10/09 01:46:02.000, 1, 22472, 97871, 0, 145.91
2026/10/09 01:46:02.000, 2, 22469, 97871, 0, 86.21
2026/10/09 01:46:02.000, 3, 22475, 97871, 0, 133.32
2026/10/09 01:46:03.000, 0, 22476, 97871, 0, 129.52
2026/10/09 01:46:03.000, 1, 22472, 97871, 0, 145.85
2026/10/09 01:46:03.000, 2, 22469, 97871, 0, 86.21
2026/10/09 01:46:03.000, 3, 22475, 97871, 0, 133.31
2026/10/09 01:46:04.000, 0, 22476, 97871, 0, 129.54
2026/10/09 01:46:04.001, 1, 22472, 97871, 0, 145.86
2026/10/09 01:46:04.001, 2, 22469, 97871, 0, 86.15
2026/10/09 01:46:04.001, 3, 22475, 97871, 0, 133.48
2026/10/09 01:46:05.001, 0, 22476, 97871, 0, 129.59
2026/10/09 01:46:05.001, 1, 22472, 97871, 0, 146.10
2026/10/09 01:46:05.001, 2, 22469, 97871, 0, 85.90
2026/10/09 01:46:05.001, 3, 22475, 97871, 0, 133.46
2026/10/09 01:46:06.001, 0, 22476, 97871, 0, 129.12
2026/10/09 01:46:06.001, 1, 22472, 97871, 0, 145.80
2026/10/09 01:46:06.001, 2, 22469, 97871, 0, 86.11
2026/10/09 01:46:06.001, 3, 22475, 97871, 0, 133.23
2026/10/09 01:46:07.001, 0, 22476, 97871, 0, 129.38
2026/10/09 01:46:07.002, 1, 22472, 97871, 0, 146.15
2026/10/09 01:46:07.002, 2, 22469, 97871, 0, 85.98
2026/10/09 01:46:07.002, 3, 22475, 97871, 0, 133.35
2026/10/09 01:46:08.002, 0, 22668, 97871, 0, 129.49
2026/10/09 01:46:08.002, 1, 22664, 97871, 0, 146.01
2026/10/09 01:46:08.002, 2, 22661, 97871, 0, 86.19
2026/10/09 01:46:08.002, 3, 22475, 97871, 0, 133.38
2026/10/09 01:46:09.002, 0, 22728, 97871, 47, 175.96
2026/10/09 01:46:09.002, 1, 22724, 97871, 0, 191.52
2026/10/09 01:46:09.002, 2, 22721, 97871, 34, 130.77
2026/10/09 01:46:09.002, 3, 22727, 97871, 0, 168.99
2026/10/09 01:46:10.002, 0, 22824, 97871, 0, 176.86
2026/10/09 01:46:10.003, 1, 22820, 97871, 93, 197.60
2026/10/09 01:46:10.003, 2, 22817, 97871, 1, 132.61
2026/10/09 01:46:10.003, 3, 22727, 97871, 0, 159.70
2026/10/09 01:46:11.003, 0, 23140, 97871, 0, 164.72
2026/10/09 01:46:11.003, 1, 23136, 97871, 8, 180.50
2026/10/09 01:46:11.003, 2, 23133, 97871, 0, 117.65
2026/10/09 01:46:11.003, 3, 23139, 97871, 0, 180.91
2026/10/09 01:46:12.003, 0, 23140, 97871, 0, 163.19
2026/10/09 01:46:12.003, 1, 23136, 97871, 0, 178.79
2026/10/09 01:46:12.003, 2, 23133, 97871, 0, 114.69
2026/10/09 01:46:12.003, 3, 23139, 97871, 0, 191.29
2026/10/09 01:46:13.004, 0, 23140, 97871, 0, 156.65
2026/10/09 01:46:13.004, 1, 23136, 97871, 0, 160.60
2026/10/09 01:46:13.004, 2, 23133, 97871, 37, 100.21
2026/10/09 01:46:13.004, 3, 23139, 97871, 0, 132.43
2026/10/09 01:46:14.004, 0, 23140, 97871, 0, 173.58
2026/10/09 01:46:14.004, 1, 23136, 97871, 0, 207.43
2026/10/09 01:46:14.004, 2, 23133, 97871, 0, 141.47
2026/10/09 01:46:14.004, 3, 23139, 97871, 0, 201.56
2026/10/09 01:46:15.004, 0, 23140, 97871, 0, 129.82
2026/10/09 01:46:15.004, 1, 23136, 97871, 0, 145.92
2026/10/09 01:46:15.004, 2, 23133, 97871, 0, 85.41
2026/10/09 01:46:15.005, 3, 23139, 97871, 0, 132.38
2026/10/09 01:46:16.005, 0, 23140, 97871, 0, 130.34
2026/10/09 01:46:16.005, 1, 23136, 97871, 0, 145.42
2026/10/09 01:46:16.005, 2, 23133, 97871, 0, 85.26
2026/10/09 01:46:16.005, 3, 23139, 97871, 0, 132.12
2026/10/09 01:46:17.005, 0, 23812, 97871, 94, 212.24
2026/10/09 01:46:17.005, 1, 23136, 97871, 0, 145.43
2026/10/09 01:46:17.005, 2, 23805, 97871, 99, 106.13
2026/10/09 01:46:17.005, 3, 23811, 97871, 0, 132.28
2026/10/09 01:46:18.005, 0, 23812, 97871, 0, 169.19
2026/10/09 01:46:18.006, 1, 23808, 97871, 0, 254.52
2026/10/09 01:46:18.006, 2, 23805, 97871, 0, 169.17
2026/10/09 01:46:18.006, 3, 23811, 97871, 0, 241.98
2026/10/09 01:46:19.006, 0, 23812, 97871, 96, 177.27
2026/10/09 01:46:19.006, 1, 23808, 97871, 0, 145.90
2026/10/09 01:46:19.006, 2, 23805, 97871, 0, 85.64
2026/10/09 01:46:19.006, 3, 23811, 97871, 0, 132.29
2026/10/09 01:46:20.006, 0, 23812, 97871, 0, 204.21
2026/10/09 01:46:20.006, 1, 23808, 97871, 92, 252.37
2026/10/09 01:46:20.006, 2, 23805, 97871, 0, 183.13
2026/10/09 01:46:20.006, 3, 23811, 97871, 0, 242.95
2026/10/09 01:46:21.006, 0, 23812, 97871, 0, 130.11
2026/10/09 01:46:21.007, 1, 23808, 97871, 0, 146.42
2026/10/09 01:46:21.007, 2, 23805, 97871, 0, 85.64
2026/10/09 01:46:21.007, 3, 23811, 97871, 0, 132.54
2026/10/09 01:46:22.007, 0, 23812, 97871, 14, 187.24
2026/10/09 01:46:22.007, 1, 23808, 97871, 0, 145.66
2026/10/09 01:46:22.007, 2, 23805, 97871, 0, 85.26
2026/10/09 01:46:22.007, 3, 23811, 97871, 0, 132.14
2026/10/09 01:46:23.007, 0, 23812, 97871, 0, 131.12
2026/10/09 01:46:23.007, 1, 23808, 97871, 87, 197.65
2026/10/09 01:46:23.007, 2, 23805, 97871, 0, 133.18
2026/10/09 01:46:23.007, 3, 23811, 97871, 0, 183.72
2026/10/09 01:46:24.008, 0, 23812, 97871, 0, 129.85
2026/10/09 01:46:24.008, 1, 23808, 97871, 0, 145.69
2026/10/09 01:46:24.008, 2, 23805, 97871, 0, 85.40
2026/10/09 01:46:24.008, 3, 23811, 97871, 0, 132.26
2026/10/09 01:46:25.008, 0, 23812, 97871, 0, 129.66
2026/10/09 01:46:25.008, 1, 23808, 97871, 0, 145.37
2026/10/09 01:46:25.008, 2, 23805, 97871, 0, 85.56
2026/10/09 01:46:25.008, 3, 23811, 97871, 0, 132.06
2026/10/09 01:46:26.008, 0, 25220, 97871, 98, 378.92
2026/10/09 01:46:26.008, 1, 23808, 97871, 0, 145.31
2026/10/09 01:46:26.008, 2, 23869, 97871, 89, 138.16
2026/10/09 01:46:26.008, 3, 23875, 97871, 84, 207.07
2026/10/09 01:46:27.008, 0, 25220, 97871, 0, 259.33
2026/10/09 01:46:27.009, 1, 25216, 97871, 88, 307.00
2026/10/09 01:46:27.009, 2, 25213, 97871, 46, 395.96
2026/10/09 01:46:27.009, 3, 25219, 97871, 0, 437.46
2026/10/09 01:46:28.009, 0, 25220, 97871, 0, 130.25
2026/10/09 01:46:28.009, 1, 25216, 97871, 0, 344.09
2026/10/09 01:46:28.009, 2, 25213, 97871, 0, 86.15
2026/10/09 01:46:28.009, 3, 25219, 97871, 0, 132.98
2026/10/09 01:46:29.009, 0, 25220, 97871, 29, 138.33
2026/10/09 01:46:29.009, 1, 25216, 97871, 0, 146.63
2026/10/09 01:46:29.009, 2, 25213, 97871, 0, 85.72
2026/10/09 01:46:29.009, 3, 25219, 97871, 0, 132.35
2026/10/09 01:46:30.009, 0, 25220, 97871, 0, 137.37
2026/10/09 01:46:30.010, 1, 25216, 97871, 0, 145.78
2026/10/09 01:46:30.010, 2, 25213, 97871, 0, 85.62
2026/10/09 01:46:30.010, 3, 25219, 97871, 0, 140.68
2026/10/09 01:46:31.010, 0, 25220, 97871, 0, 147.67
2026/10/09 01:46:31.010, 1, 25216, 97871, 5, 154.46
2026/10/09 01:46:31.010, 2, 25213, 97871, 0, 100.94
2026/10/09 01:46:31.010, 3, 25219, 97871, 32, 150.08
2026/10/09 01:46:32.010, 0, 25220, 97871, 0, 135.78
2026/10/09 01:46:32.010, 1, 25216, 97871, 0, 162.57
2026/10/09 01:46:32.010, 2, 25213, 97871, 0, 98.60
2026/10/09 01:46:32.011, 3, 25219, 97871, 0, 140.90
2026/10/09 01:46:33.011, 0, 27304, 97871, 0, 142.76
2026/10/09 01:46:33.011, 1, 25216, 97871, 0, 154.71
2026/10/09 01:46:33.011, 2, 25213, 97871, 0, 95.61
2026/10/09 01:46:33.011, 3, 25219, 97871, 0, 139.10
2026/10/09 01:46:34.011, 0, 27304, 97871, 0, 130.37
2026/10/09 01:46:34.011, 1, 25216, 97871, 0, 151.03
2026/10/09 01:46:34.011, 2, 27297, 97871, 25, 96.74
2026/10/09 01:46:34.011, 3, 27303, 97871, 0, 144.31
2026/10/09 01:46:35.011, 0, 27304, 97871, 0, 130.14
2026/10/09 01:46:35.012, 1, 27300, 97871, 0, 159.04
2026/10/09 01:46:35.012, 2, 27297, 97871, 0, 85.59
2026/10/09 01:46:35.012, 3, 27303, 97871, 0, 131.96
2026/10/09 01:46:36.012, 0, 27304, 97871, 0, 174.96
2026/10/09 01:46:36.012, 1, 27300, 97871, 0, 147.09
2026/10/09 01:46:36.012, 2, 27297, 97871, 0, 85.50
2026/10/09 01:46:36.012, 3, 27303, 97871, 73, 159.99
2026/10/09 01:46:37.012, 0, 27304, 97871, 3, 181.70
2026/10/09 01:46:37.012, 1, 27300, 97871, 0, 156.34
2026/10/09 01:46:37.012, 2, 27297, 97871, 0, 112.54
2026/10/09 01:46:37.012, 3, 27303, 97871, 0, 151.95
2026/10/09 01:46:38.012, 0, 27304, 97871, 0, 131.63
2026/10/09 01:46:38.013, 1, 27300, 97871, 33, 189.56
2026/10/09 01:46:38.013, 2, 27297, 97871, 0, 102.03
2026/10/09 01:46:38.013, 3, 27303, 97871, 0, 182.83
2026/10/09 01:46:39.013, 0, 76122, 97871, 34, 137.88
2026/10/09 01:46:39.013, 1, 27300, 97871, 43, 197.73
2026/10/09 01:46:39.013, 2, 27297, 97871, 0, 133.72
2026/10/09 01:46:39.013, 3, 27303, 97871, 0, 132.26
2026/10/09 01:46:40.013, 0, 78748, 97871, 0, 306.55
2026/10/09 01:46:40.013, 1, 27300, 97871, 0, 148.64
2026/10/09 01:46:40.013, 2, 27297, 97871, 0, 85.32
2026/10/09 01:46:40.013, 3, 78747, 97871, 100, 302.11
2026/10/09 01:46:41.013, 0, 77060, 97871, 16, 236.10
2026/10/09 01:46:41.014, 1, 78744, 97871, 0, 156.81
2026/10/09 01:46:41.014, 2, 78741, 97871, 0, 274.37
2026/10/09 01:46:41.014, 3, 77047, 97871, 13, 206.81
2026/10/09 01:46:42.014, 0, 77114, 97871, 18, 199.58
2026/10/09 01:46:42.014, 1, 78744, 97871, 0, 317.89
2026/10/09 01:46:42.014, 2, 77035, 97871, 36, 123.82
2026/10/09 01:46:42.014, 3, 77099, 97871, 15, 226.29
2026/10/09 01:46:43.014, 0, 77178, 97871, 10, 198.04
2026/10/09 01:46:43.014, 1, 76418, 97871, 20, 236.81
2026/10/09 01:46:43.014, 2, 77069, 97871, 18, 180.91
2026/10/09 01:46:43.014, 3, 77167, 97871, 20, 201.14
2026/10/09 01:46:44.014, 0, 77178, 97871, 0, 129.70
2026/10/09 01:46:44.014, 1, 76522, 97871, 16, 208.07
2026/10/09 01:46:44.014, 2, 77145, 97871, 12, 128.29
2026/10/09 01:46:44.014, 3, 77177, 97871, 0, 154.81
2026/10/09 01:46:45.015, 0, 77178, 97871, 0, 129.16
2026/10/09 01:46:45.015, 1, 77146, 97871, 30, 262.52
2026/10/09 01:46:45.015, 2, 77171, 97871, 11, 143.49
2026/10/09 01:46:45.015, 3, 77177, 97871, 0, 132.35
2026/10/09 01:46:46.015, 0, 77924, 97871, 0, 156.64
2026/10/09 01:46:46.015, 1, 77200, 97871, 18, 239.00
2026/10/09 01:46:46.015, 2, 77171, 97871, 0, 85.98
2026/10/09 01:46:46.015, 3, 77661, 97871, 0, 132.28
2026/10/09 01:46:47.015, 0, 77924, 97871, 0, 129.07
2026/10/09 01:46:47.015, 1, 77292, 97871, 12, 212.98
2026/10/09 01:46:47.015, 2, 77171, 97871, 0, 85.41
2026/10/09 01:46:47.015, 3, 77923, 97871, 0, 167.24
2026/10/09 01:46:48.016, 0, 77926, 97871, 0, 128.36
2026/10/09 01:46:48.016, 1, 77264, 97871, 0, 154.36
2026/10/09 01:46:48.016, 2, 77655, 97871, 0, 117.59
2026/10/09 01:46:48.016, 3, 77923, 97871, 0, 133.56
2026/10/09 01:46:49.016, 0, 78974, 97871, 0, 129.30
2026/10/09 01:46:49.016, 1, 77264, 97871, 0, 146.63
2026/10/09 01:46:49.016, 2, 77917, 97871, 0, 85.55
2026/10/09 01:46:49.016, 3, 78451, 97871, 0, 133.98
2026/10/09 01:46:50.016, 0, 82622, 97871, 49, 173.68
2026/10/09 01:46:50.016, 1, 77264, 97871, 0, 146.33
2026/10/09 01:46:50.016, 2, 77919, 97871, 0, 85.71
2026/10/09 01:46:50.016, 3, 79495, 97871, 7, 149.65
2026/10/09 01:46:51.017, 0, 82622, 97871, 0, 138.06
2026/10/09 01:46:51.017, 1, 78010, 97871, 0, 178.97
2026/10/09 01:46:51.017, 2, 79489, 97871, 4, 88.25
2026/10/09 01:46:51.017, 3, 82621, 97871, 0, 164.92
2026/10/09 01:46:52.017, 0, 82622, 97871, 0, 130.01
2026/10/09 01:46:52.017, 1, 78010, 97871, 0, 148.60
2026/10/09 01:46:52.017, 2, 82615, 97871, 0, 130.55
2026/10/09 01:46:52.017, 3, 82621, 97871, 0, 132.17
2026/10/09 01:46:53.017, 0, 82622, 97871, 0, 129.97
2026/10/09 01:46:53.017, 1, 78536, 97871, 0, 148.75
2026/10/09 01:46:53.017, 2, 82615, 97871, 0, 85.58
2026/10/09 01:46:53.017, 3, 82621, 97871, 0, 132.17
2026/10/09 01:46:54.018, 0, 82622, 97871, 0, 130.26
2026/10/09 01:46:54.018, 1, 82708, 97871, 14, 162.10
2026/10/09 01:46:54.018, 2, 82615, 97871, 0, 85.25
2026/10/09 01:46:54.018, 3, 82621, 97871, 0, 132.24
2026/10/09 01:46:55.018, 0, 82624, 97871, 0, 138.33
2026/10/09 01:46:55.018, 1, 82708, 97871, 0, 180.06
2026/10/09 01:46:55.018, 2, 82615, 97871, 0, 85.64
2026/10/09 01:46:55.018, 3, 82623, 97871, 37, 140.79
2026/10/09 01:46:56.018, 0, 82623, 97871, 0, 129.90
2026/10/09 01:46:56.018, 1, 82708, 97871, 0, 145.91
2026/10/09 01:46:56.018, 2, 82615, 97871, 0, 85.50
2026/10/09 01:46:56.018, 3, 82621, 97871, 0, 132.28
2026/10/09 01:46:57.019, 0, 82623, 97871, 0, 131.76
2026/10/09 01:46:57.019, 1, 82708, 97871, 0, 145.36
2026/10/09 01:46:57.019, 2, 82617, 97871, 1, 93.46
2026/10/09 01:46:57.019, 3, 82621, 97871, 5, 133.19
2026/10/09 01:46:58.019, 0, 82623, 97871, 0, 141.18
2026/10/09 01:46:58.019, 1, 82708, 97871, 0, 145.51
2026/10/09 01:46:58.019, 2, 82617, 97871, 0, 85.52
2026/10/09 01:46:58.019, 3, 82621, 97871, 0, 142.24
2026/10/09 01:46:59.019, 0, 82623, 97871, 0, 130.20
2026/10/09 01:46:59.019, 1, 82710, 97871, 18, 155.04
2026/10/09 01:46:59.019, 2, 82617, 97871, 1, 95.99
2026/10/09 01:46:59.020, 3, 82621, 97871, 0, 133.24
2026/10/09 01:47:00.020, 0, 82623, 97871, 0, 130.29
2026/10/09 01:47:00.020, 1, 82710, 97871, 0, 145.95
2026/10/09 01:47:00.020, 2, 82617, 97871, 0, 87.13
2026/10/09 01:47:00.020, 3, 82621, 97871, 0, 133.28
2026/10/09 01:47:01.020, 0, 82623, 97871, 0, 130.28
2026/10/09 01:47:01.020, 1, 82710, 97871, 0, 153.53
2026/10/09 01:47:01.020, 2, 82617, 97871, 0, 86.31
2026/10/09 01:47:01.020, 3, 82621, 97871, 0, 133.23
2026/10/09 01:47:02.020, 0, 82623, 97871, 0, 130.16
2026/10/09 01:47:02.020, 1, 82710, 97871, 0, 152.31
2026/10/09 01:47:02.020, 2, 82617, 97871, 0, 86.16
2026/10/09 01:47:02.020, 3, 82621, 97871, 0, 133.32
2026/10/09 01:47:03.021, 0, 82623, 97871, 0, 130.08
2026/10/09 01:47:03.021, 1, 82710, 97871, 0, 146.76
2026/10/09 01:47:03.021, 2, 82617, 97871, 0, 86.14
2026/10/09 01:47:03.021, 3, 82621, 97871, 0, 133.35
2026/10/09 01:47:04.021, 0, 82623, 97871, 0, 130.09
2026/10/09 01:47:04.021, 1, 82710, 97871, 0, 146.68
2026/10/09 01:47:04.021, 2, 82617, 97871, 0, 86.13
2026/10/09 01:47:04.021, 3, 82621, 97871, 0, 133.35
2026/10/09 01:47:05.021, 0, 82623, 97871, 0, 130.15
2026/10/09 01:47:05.021, 1, 82710, 97871, 0, 146.73
2026/10/09 01:47:05.021, 2, 82617, 97871, 0, 86.29
2026/10/09 01:47:05.021, 3, 82621, 97871, 0, 133.16
2026/10/09 01:47:06.021, 0, 82623, 97871, 0, 130.18
2026/10/09 01:47:06.022, 1, 82710, 97871, 0, 146.51
2026/10/09 01:47:06.022, 2, 82617, 97871, 0, 86.32
2026/10/09 01:47:06.022, 3, 82621, 97871, 0, 133.18
2026/10/09 01:47:07.022, 0, 82623, 97871, 0, 130.29
2026/10/09 01:47:07.022, 1, 82710, 97871, 0, 146.71
2026/10/09 01:47:07.022, 2, 82617, 97871, 0, 86.20
2026/10/09 01:47:07.022, 3, 82621, 97871, 0, 133.07
2026/10/09 01:47:08.022, 0, 82623, 97871, 0, 130.28
2026/10/09 01:47:08.022, 1, 82710, 97871, 0, 146.65
2026/10/09 01:47:08.022, 2, 82617, 97871, 0, 86.35
2026/10/09 01:47:08.022, 3, 82621, 97871, 0, 133.21
2026/10/09 01:47:09.022, 0, 82623, 97871, 0, 130.21
2026/10/09 01:47:09.022, 1, 82710, 97871, 0, 146.43
2026/10/09 01:47:09.022, 2, 82617, 97871, 0, 86.17
2026/10/09 01:47:09.022, 3, 82621, 97871, 0, 133.09
2026/10/09 01:47:10.023, 0, 82623, 97871, 0, 130.26
2026/10/09 01:47:10.023, 1, 82710, 97871, 0, 146.73
2026/10/09 01:47:10.023, 2, 82617, 97871, 0, 86.02
2026/10/09 01:47:10.023, 3, 82621, 97871, 0, 132.98
2026/10/09 01:47:11.023, 0, 82623, 97871, 0, 130.18
2026/10/09 01:47:11.023, 1, 82710, 97871, 0, 146.55
2026/10/09 01:47:11.023, 2, 82617, 97871, 0, 86.35
2026/10/09 01:47:11.023, 3, 82621, 97871, 0, 133.21
2026/10/09 01:47:12.023, 0, 82623, 97871, 0, 130.36
2026/10/09 01:47:12.023, 1, 82710, 97871, 0, 146.51
2026/10/09 01:47:12.023, 2, 82617, 97871, 0, 86.21
2026/10/09 01:47:12.023, 3, 82621, 97871, 0, 133.31
2026/10/09 01:47:13.023, 0, 82623, 97871, 0, 130.34
2026/10/09 01:47:13.024, 1, 82710, 97871, 0, 146.59
2026/10/09 01:47:13.024, 2, 82617, 97871, 0, 86.20
2026/10/09 01:47:13.024, 3, 82621, 97871, 0, 133.20
2026/10/09 01:47:14.024, 0, 82623, 97871, 0, 130.15
2026/10/09 01:47:14.024, 1, 82710, 97871, 0, 146.58
2026/10/09 01:47:14.024, 2, 82617, 97871, 0, 86.29
2026/10/09 01:47:14.024, 3, 82621, 97871, 0, 133.17
2026/10/09 01:47:15.024, 0, 82623, 97871, 0, 130.23
2026/10/09 01:47:15.024, 1, 82710, 97871, 0, 146.49
2026/10/09 01:47:15.024, 2, 82617, 97871, 0, 86.30
2026/10/09 01:47:15.024, 3, 82621, 97871, 0, 133.18
2026/10/09 01:47:16.024, 0, 82623, 97871, 0, 130.22
2026/10/09 01:47:16.024, 1, 82710, 97871, 0, 146.65
2026/10/09 01:47:16.024, 2, 82617, 97871, 0, 86.25
2026/10/09 01:47:16.024, 3, 82621, 97871, 0, 133.24
2026/10/09 01:47:17.025, 0, 82623, 97871, 0, 130.31
2026/10/09 01:47:17.025, 1, 82710, 97871, 0, 146.43
2026/10/09 01:47:17.025, 2, 82617, 97871, 0, 86.22
2026/10/09 01:47:17.025, 3, 82621, 97871, 0, 133.09
2026/10/09 01:47:18.025, 0, 82623, 97871, 0, 130.21
2026/10/09 01:47:18.025, 1, 82710, 97871, 0, 146.48
2026/10/09 01:47:18.025, 2, 82617, 97871, 0, 86.24
2026/10/09 01:47:18.025, 3, 82621, 97871, 0, 133.22
2026/10/09 01:47:19.025, 0, 82623, 97871, 0, 130.17
2026/10/09 01:47:19.025, 1, 82710, 97871, 0, 146.55
2026/10/09 01:47:19.025, 2, 82617, 97871, 0, 85.90
2026/10/09 01:47:19.025, 3, 82621, 97871, 0, 133.13
2026/10/09 01:47:20.026, 0, 82623, 97871, 0, 130.19
2026/10/09 01:47:20.026, 1, 82710, 97871, 0, 146.66
2026/10/09 01:47:20.026, 2, 82617, 97871, 0, 86.29
2026/10/09 01:47:20.026, 3, 82621, 97871, 0, 133.10
2026/10/09 01:47:21.026, 0, 82623, 97871, 0, 130.34
2026/10/09 01:47:21.026, 1, 82710, 97871, 0, 146.74
2026/10/09 01:47:21.026, 2, 82617, 97871, 0, 86.19
2026/10/09 01:47:21.026, 3, 82621, 97871, 0, 133.20
2026/10/09 01:47:22.026, 0, 82623, 97871, 0, 130.32
2026/10/09 01:47:22.026, 1, 82710, 97871, 0, 146.72
2026/10/09 01:47:22.026, 2, 82617, 97871, 0, 86.17
2026/10/09 01:47:22.026, 3, 82621, 97871, 0, 133.03
2026/10/09 01:47:23.026, 0, 82623, 97871, 0, 130.19
2026/10/09 01:47:23.027, 1, 82710, 97871, 0, 146.74
2026/10/09 01:47:23.027, 2, 82617, 97871, 0, 85.97
2026/10/09 01:47:23.027, 3, 82621, 97871, 0, 133.13
2026/10/09 01:47:24.027, 0, 82623, 97871, 0, 130.22
2026/10/09 01:47:24.027, 1, 82710, 97871, 0, 146.52
2026/10/09 01:47:24.027, 2, 82617, 97871, 0, 86.20
2026/10/09 01:47:24.027, 3, 82621, 97871, 0, 133.13
2026/10/09 01:47:25.027, 0, 82623, 97871, 0, 130.31
2026/10/09 01:47:25.027, 1, 82710, 97871, 0, 146.58
2026/10/09 01:47:25.027, 2, 82617, 97871, 0, 86.21
2026/10/09 01:47:25.027, 3, 82621, 97871, 0, 133.25
2026/10/09 01:47:26.027, 0, 82623, 97871, 0, 130.65
2026/10/09 01:47:26.028, 1, 82710, 97871, 0, 146.80
2026/10/09 01:47:26.028, 2, 82617, 97871, 0, 86.24
2026/10/09 01:47:26.028, 3, 82621, 97871, 0, 133.66
2026/10/09 01:47:27.028, 0, 82623, 97871, 0, 130.00
2026/10/09 01:47:27.028, 1, 82710, 97871, 0, 146.56
2026/10/09 01:47:27.028, 2, 82617, 97871, 0, 86.27
2026/10/09 01:47:27.028, 3, 82621, 97871, 0, 133.11
2026/10/09 01:47:28.028, 0, 82623, 97871, 0, 129.54
2026/10/09 01:47:28.028, 1, 82710, 97871, 0, 146.11
2026/10/09 01:47:28.028, 2, 82617, 97871, 0, 86.25
2026/10/09 01:47:28.028, 3, 82621, 97871, 0, 133.26
2026/10/09 01:47:29.028, 0, 82623, 97871, 23, 136.43
2026/10/09 01:47:29.029, 1, 82710, 97871, 0, 146.40
2026/10/09 01:47:29.029, 2, 82617, 97871, 24, 94.14
2026/10/09 01:47:29.029, 3, 82621, 97871, 16, 139.43
2026/10/09 01:47:30.029, 0, 82623, 97871, 80, 358.58
2026/10/09 01:47:30.029, 1, 82710, 97871, 0, 146.50
2026/10/09 01:47:30.029, 2, 82617, 97871, 75, 285.91
2026/10/09 01:47:30.029, 3, 82621, 97871, 82, 333.22
2026/10/09 01:47:31.029, 0, 82623, 97871, 98, 513.04
2026/10/09 01:47:31.029, 1, 82710, 97871, 0, 146.38
2026/10/09 01:47:31.029, 2, 82617, 97871, 98, 487.37
2026/10/09 01:47:31.029, 3, 82621, 97871, 84, 485.65
2026/10/09 01:47:32.029, 0, 82623, 97871, 100, 516.50
2026/10/09 01:47:32.030, 1, 82710, 97871, 0, 146.35
2026/10/09 01:47:32.030, 2, 82617, 97871, 99, 483.61
2026/10/09 01:47:32.030, 3, 82621, 97871, 85, 500.45
2026/10/09 01:47:33.030, 0, 82623, 97871, 100, 507.10
2026/10/09 01:47:33.030, 1, 82710, 97871, 0, 146.12
2026/10/09 01:47:33.030, 2, 82617, 97871, 100, 486.66
2026/10/09 01:47:33.030, 3, 82621, 97871, 85, 501.45
2026/10/09 01:47:34.030, 0, 82623, 97871, 6, 343.17
2026/10/09 01:47:34.030, 1, 82710, 97871, 0, 154.46
2026/10/09 01:47:34.030, 2, 82617, 97871, 2, 271.57
2026/10/09 01:47:34.030, 3, 82621, 97871, 84, 481.54
2026/10/09 01:47:35.030, 0, 82623, 97871, 99, 447.27
2026/10/09 01:47:35.030, 1, 82710, 97871, 93, 379.92
2026/10/09 01:47:35.030, 2, 82617, 97871, 99, 393.04
2026/10/09 01:47:35.030, 3, 82621, 97871, 87, 300.91
2026/10/09 01:47:36.031, 0, 82623, 97871, 96, 467.20
2026/10/09 01:47:36.031, 1, 82710, 97871, 96, 520.19
2026/10/09 01:47:36.031, 2, 82617, 97871, 95, 417.44
2026/10/09 01:47:36.031, 3, 82621, 97871, 89, 429.57
2026/10/09 01:47:37.031, 0, 82623, 97871, 100, 454.20
2026/10/09 01:47:37.031, 1, 82710, 97871, 95, 524.72
2026/10/09 01:47:37.031, 2, 82617, 97871, 99, 404.62
2026/10/09 01:47:37.031, 3, 82621, 97871, 88, 427.29
2026/10/09 01:47:38.031, 0, 82623, 97871, 99, 461.70
2026/10/09 01:47:38.031, 1, 82710, 97871, 100, 526.86
2026/10/09 01:47:38.031, 2, 82617, 97871, 99, 404.83
2026/10/09 01:47:38.031, 3, 82621, 97871, 87, 431.41
2026/10/09 01:47:39.032, 0, 82623, 97871, 100, 463.12
2026/10/09 01:47:39.032, 1, 82710, 97871, 0, 396.43
2026/10/09 01:47:39.032, 2, 82617, 97871, 99, 411.16
2026/10/09 01:47:39.032, 3, 82621, 97871, 86, 429.76
2026/10/09 01:47:40.032, 0, 82623, 97871, 98, 467.78
2026/10/09 01:47:40.032, 1, 82710, 97871, 60, 329.39
2026/10/09 01:47:40.032, 2, 82617, 97871, 97, 413.96
2026/10/09 01:47:40.032, 3, 82621, 97871, 87, 435.96
2026/10/09 01:47:41.032, 0, 82623, 97871, 100, 444.31
2026/10/09 01:47:41.032, 1, 82710, 97871, 91, 352.95
2026/10/09 01:47:41.032, 2, 82617, 97871, 100, 416.37
2026/10/09 01:47:41.032, 3, 82621, 97871, 87, 425.19
2026/10/09 01:47:42.032, 0, 82623, 97871, 100, 468.00
2026/10/09 01:47:42.033, 1, 82710, 97871, 99, 391.73
2026/10/09 01:47:42.033, 2, 82617, 97871, 99, 399.79
2026/10/09 01:47:42.033, 3, 82621, 97871, 87, 427.57
2026/10/09 01:47:43.033, 0, 82623, 97871, 96, 476.70
2026/10/09 01:47:43.033, 1, 82710, 97871, 62, 388.23
2026/10/09 01:47:43.033, 2, 82617, 97871, 100, 423.58
2026/10/09 01:47:43.033, 3, 82621, 97871, 90, 434.85
2026/10/09 01:47:44.033, 0, 82623, 97871, 99, 456.46
2026/10/09 01:47:44.033, 1, 82710, 97871, 59, 373.51
2026/10/09 01:47:44.033, 2, 82617, 97871, 99, 401.61
2026/10/09 01:47:44.033, 3, 82621, 97871, 87, 425.82
2026/10/09 01:47:45.033, 0, 82623, 97871, 99, 453.62
2026/10/09 01:47:45.033, 1, 82710, 97871, 69, 383.95
2026/10/09 01:47:45.033, 2, 82617, 97871, 100, 417.18
2026/10/09 01:47:45.033, 3, 82621, 97871, 83, 441.40
2026/10/09 01:47:46.034, 0, 82623, 97871, 99, 474.52
2026/10/09 01:47:46.034, 1, 82710, 97871, 51, 375.98
2026/10/09 01:47:46.034, 2, 82617, 97871, 99, 409.04
2026/10/09 01:47:46.034, 3, 82621, 97871, 87, 421.20
2026/10/09 01:47:47.034, 0, 82623, 97871, 99, 456.31
2026/10/09 01:47:47.034, 1, 82710, 97871, 68, 380.01
2026/10/09 01:47:47.034, 2, 82617, 97871, 99, 413.62
2026/10/09 01:47:47.034, 3, 82621, 97871, 86, 427.09
2026/10/09 01:47:48.034, 0, 82623, 97871, 96, 467.11
2026/10/09 01:47:48.034, 1, 82710, 97871, 68, 401.47
2026/10/09 01:47:48.034, 2, 82617, 97871, 99, 399.55
2026/10/09 01:47:48.034, 3, 82621, 97871, 86, 427.26
2026/10/09 01:47:49.034, 0, 82623, 97871, 99, 462.37
2026/10/09 01:47:49.034, 1, 82710, 97871, 94, 420.56
2026/10/09 01:47:49.034, 2, 82617, 97871, 95, 414.98
2026/10/09 01:47:49.035, 3, 82621, 97871, 95, 436.72
2026/10/09 01:47:50.035, 0, 82623, 97871, 100, 465.31
2026/10/09 01:47:50.035, 1, 82710, 97871, 77, 377.29
2026/10/09 01:47:50.035, 2, 82617, 97871, 99, 403.61
2026/10/09 01:47:50.035, 3, 82621, 97871, 86, 424.27
2026/10/09 01:47:51.035, 0, 82623, 97871, 99, 456.19
2026/10/09 01:47:51.035, 1, 82710, 97871, 89, 428.51
2026/10/09 01:47:51.035, 2, 82617, 97871, 100, 412.32
2026/10/09 01:47:51.035, 3, 82621, 97871, 86, 439.07
2026/10/09 01:47:52.035, 0, 82623, 97871, 97, 469.40
2026/10/09 01:47:52.035, 1, 82710, 97871, 82, 398.31
2026/10/09 01:47:52.035, 2, 82617, 97871, 99, 400.00
2026/10/09 01:47:52.035, 3, 82621, 97871, 86, 433.78
2026/10/09 01:47:53.035, 0, 82623, 97871, 99, 452.72
2026/10/09 01:47:53.036, 1, 82710, 97871, 58, 398.31
2026/10/09 01:47:53.036, 2, 82617, 97871, 99, 419.46
2026/10/09 01:47:53.036, 3, 82621, 97871, 86, 428.35
2026/10/09 01:47:54.036, 0, 82623, 97871, 99, 468.07
2026/10/09 01:47:54.036, 1, 82710, 97871, 50, 405.97
2026/10/09 01:47:54.036, 2, 82617, 97871, 100, 422.99
2026/10/09 01:47:54.036, 3, 82621, 97871, 86, 425.78
2026/10/09 01:47:55.036, 0, 82623, 97871, 100, 482.64
2026/10/09 01:47:55.036, 1, 82710, 97871, 64, 403.49
2026/10/09 01:47:55.036, 2, 82617, 97871, 99, 408.30
2026/10/09 01:47:55.036, 3, 82621, 97871, 86, 430.97
2026/10/09 01:47:56.036, 0, 82623, 97871, 99, 457.92
2026/10/09 01:47:56.036, 1, 82710, 97871, 50, 377.23
2026/10/09 01:47:56.036, 2, 82617, 97871, 99, 414.41
2026/10/09 01:47:56.036, 3, 82621, 97871, 86, 461.16
2026/10/09 01:47:57.036, 0, 82623, 97871, 95, 473.01
2026/10/09 01:47:57.037, 1, 82710, 97871, 48, 346.09
2026/10/09 01:47:57.037, 2, 82617, 97871, 99, 407.43
2026/10/09 01:47:57.037, 3, 82621, 97871, 86, 429.29
2026/10/09 01:47:58.037, 0, 82623, 97871, 99, 456.89
2026/10/09 01:47:58.037, 1, 82710, 97871, 77, 376.22
2026/10/09 01:47:58.037, 2, 82617, 97871, 99, 408.85
2026/10/09 01:47:58.037, 3, 82621, 97871, 77, 442.76
2026/10/09 01:47:59.037, 0, 82623, 97871, 99, 465.85
2026/10/09 01:47:59.037, 1, 82710, 97871, 71, 384.61
2026/10/09 01:47:59.037, 2, 82617, 97871, 95, 418.17
2026/10/09 01:47:59.037, 3, 82621, 97871, 87, 441.27
2026/10/09 01:48:00.037, 0, 82623, 97871, 99, 460.26
2026/10/09 01:48:00.037, 1, 82710, 97871, 56, 417.11
2026/10/09 01:48:00.037, 2, 82617, 97871, 99, 405.85
2026/10/09 01:48:00.037, 3, 82621, 97871, 86, 432.77
2026/10/09 01:48:01.037, 0, 82623, 97871, 94, 477.23
2026/10/09 01:48:01.038, 1, 82710, 97871, 93, 381.21
2026/10/09 01:48:01.038, 2, 82617, 97871, 99, 405.82
2026/10/09 01:48:01.038, 3, 82621, 97871, 87, 427.51
2026/10/09 01:48:02.038, 0, 82623, 97871, 99, 465.37
2026/10/09 01:48:02.038, 1, 82710, 97871, 78, 383.33
2026/10/09 01:48:02.038, 2, 82617, 97871, 99, 404.76
2026/10/09 01:48:02.038, 3, 82621, 97871, 87, 427.43
2026/10/09 01:48:03.038, 0, 82623, 97871, 99, 455.73
2026/10/09 01:48:03.038, 1, 82710, 97871, 98, 429.43
2026/10/09 01:48:03.038, 2, 82617, 97871, 99, 419.93
2026/10/09 01:48:03.038, 3, 82621, 97871, 89, 444.15
2026/10/09 01:48:04.038, 0, 82623, 97871, 100, 469.88
2026/10/09 01:48:04.038, 1, 82710, 97871, 74, 425.75
2026/10/09 01:48:04.038, 2, 82617, 97871, 99, 416.11
2026/10/09 01:48:04.038, 3, 82621, 97871, 86, 428.28
2026/10/09 01:48:05.039, 0, 82623, 97871, 100, 457.24
2026/10/09 01:48:05.039, 1, 82710, 97871, 87, 377.52
2026/10/09 01:48:05.039, 2, 82617, 97871, 99, 409.78
2026/10/09 01:48:05.039, 3, 82621, 97871, 88, 435.56
2026/10/09 01:48:06.039, 0, 82623, 97871, 95, 473.27
2026/10/09 01:48:06.039, 1, 82710, 97871, 78, 398.86
2026/10/09 01:48:06.039, 2, 82617, 97871, 99, 413.07
2026/10/09 01:48:06.039, 3, 82621, 97871, 86, 420.26
2026/10/09 01:48:07.039, 0, 82623, 97871, 99, 448.68
2026/10/09 01:48:07.039, 1, 82710, 97871, 83, 409.16
2026/10/09 01:48:07.039, 2, 82617, 97871, 99, 406.59
2026/10/09 01:48:07.039, 3, 82621, 97871, 87, 426.21
2026/10/09 01:48:08.039, 0, 82623, 97871, 100, 483.07
2026/10/09 01:48:08.039, 1, 82710, 97871, 81, 405.47
2026/10/09 01:48:08.039, 2, 82617, 97871, 95, 424.96
2026/10/09 01:48:08.039, 3, 82621, 97871, 87, 431.03
2026/10/09 01:48:09.040, 0, 82623, 97871, 99, 459.81
2026/10/09 01:48:09.040, 1, 82710, 97871, 94, 393.67
2026/10/09 01:48:09.040, 2, 82617, 97871, 99, 405.72
2026/10/09 01:48:09.040, 3, 82621, 97871, 86, 441.14
2026/10/09 01:48:10.040, 0, 82623, 97871, 99, 465.07
2026/10/09 01:48:10.040, 1, 82710, 97871, 58, 389.14
2026/10/09 01:48:10.040, 2, 82617, 97871, 93, 416.47
2026/10/09 01:48:10.040, 3, 82621, 97871, 86, 432.38
2026/10/09 01:48:11.040, 0, 82623, 97871, 99, 456.77
2026/10/09 01:48:11.040, 1, 82710, 97871, 51, 384.91
2026/10/09 01:48:11.040, 2, 82617, 97871, 99, 388.83
2026/10/09 01:48:11.040, 3, 82621, 97871, 87, 429.06
2026/10/09 01:48:12.040, 0, 82623, 97871, 100, 453.93
2026/10/09 01:48:12.040, 1, 82710, 97871, 73, 392.07
2026/10/09 01:48:12.040, 2, 82617, 97871, 99, 400.11
2026/10/09 01:48:12.040, 3, 82621, 97871, 87, 439.52
2026/10/09 01:48:13.041, 0, 82623, 97871, 95, 459.81
2026/10/09 01:48:13.041, 1, 82710, 97871, 59, 405.95
2026/10/09 01:48:13.041, 2, 82617, 97871, 99, 403.34
2026/10/09 01:48:13.041, 3, 82621, 97871, 87, 429.80
2026/10/09 01:48:14.041, 0, 82623, 97871, 99, 448.22
2026/10/09 01:48:14.041, 1, 82710, 97871, 79, 396.42
2026/10/09 01:48:14.041, 2, 82617, 97871, 99, 393.50
2026/10/09 01:48:14.041, 3, 82621, 97871, 86, 424.19
2026/10/09 01:48:15.041, 0, 82623, 97871, 99, 459.25
2026/10/09 01:48:15.041, 1, 82710, 97871, 79, 382.97
2026/10/09 01:48:15.041, 2, 82617, 97871, 99, 402.86
2026/10/09 01:48:15.041, 3, 82621, 97871, 86, 426.22
2026/10/09 01:48:16.041, 0, 82623, 97871, 95, 460.56
2026/10/09 01:48:16.041, 1, 82710, 97871, 78, 426.97
2026/10/09 01:48:16.041, 2, 82617, 97871, 99, 401.41
2026/10/09 01:48:16.041, 3, 82621, 97871, 86, 418.47
2026/10/09 01:48:17.042, 0, 82623, 97871, 100, 452.21
2026/10/09 01:48:17.042, 1, 82710, 97871, 53, 376.28
2026/10/09 01:48:17.042, 2, 82617, 97871, 99, 402.45
2026/10/09 01:48:17.042, 3, 82621, 97871, 86, 426.96
2026/10/09 01:48:18.042, 0, 82623, 97871, 99, 456.05
2026/10/09 01:48:18.042, 1, 82710, 97871, 88, 408.71
2026/10/09 01:48:18.042, 2, 82617, 97871, 99, 402.31
2026/10/09 01:48:18.042, 3, 82621, 97871, 86, 423.90
2026/10/09 01:48:19.042, 0, 82623, 97871, 96, 461.25
2026/10/09 01:48:19.042, 1, 82710, 97871, 73, 402.08
2026/10/09 01:48:19.042, 2, 82617, 97871, 99, 403.14
2026/10/09 01:48:19.042, 3, 82621, 97871, 86, 430.98
2026/10/09 01:48:20.042, 0, 82623, 97871, 99, 449.57
2026/10/09 01:48:20.042, 1, 82710, 97871, 82, 401.27
2026/10/09 01:48:20.042, 2, 82617, 97871, 99, 401.75
2026/10/09 01:48:20.042, 3, 82621, 97871, 93, 425.04
2026/10/09 01:48:21.043, 0, 82623, 97871, 100, 456.80
2026/10/09 01:48:21.043, 1, 82710, 97871, 82, 396.37
2026/10/09 01:48:21.043, 2, 82617, 97871, 99, 395.22
2026/10/09 01:48:21.043, 3, 82621, 97871, 86, 428.80
2026/10/09 01:48:22.043, 0, 82623, 97871, 100, 454.55
2026/10/09 01:48:22.043, 1, 82710, 97871, 52, 406.35
2026/10/09 01:48:22.043, 2, 82617, 97871, 100, 402.13
2026/10/09 01:48:22.043, 3, 82621, 97871, 87, 416.72
2026/10/09 01:48:23.043, 0, 82623, 97871, 100, 458.08
2026/10/09 01:48:23.043, 1, 82710, 97871, 68, 390.41
2026/10/09 01:48:23.043, 2, 82617, 97871, 99, 389.66
2026/10/09 01:48:23.043, 3, 82621, 97871, 87, 426.61
2026/10/09 01:48:24.043, 0, 82623, 97871, 99, 462.27
2026/10/09 01:48:24.044, 1, 82710, 97871, 79, 417.05
2026/10/09 01:48:24.044, 2, 82617, 97871, 99, 404.16
2026/10/09 01:48:24.044, 3, 82621, 97871, 87, 430.79
2026/10/09 01:48:25.044, 0, 82623, 97871, 100, 452.56
2026/10/09 01:48:25.044, 1, 82710, 97871, 51, 322.88
2026/10/09 01:48:25.044, 2, 82617, 97871, 99, 403.70
2026/10/09 01:48:25.044, 3, 82621, 97871, 87, 412.69
2026/10/09 01:48:26.044, 0, 82623, 97871, 100, 458.50
2026/10/09 01:48:26.044, 1, 82710, 97871, 51, 326.80
2026/10/09 01:48:26.044, 2, 82617, 97871, 99, 393.27
2026/10/09 01:48:26.044, 3, 82621, 97871, 86, 421.27
2026/10/09 01:48:27.044, 0, 82623, 97871, 100, 462.05
2026/10/09 01:48:27.044, 1, 82710, 97871, 52, 331.29
2026/10/09 01:48:27.044, 2, 82617, 97871, 99, 410.28
2026/10/09 01:48:27.044, 3, 82621, 97871, 86, 425.29
2026/10/09 01:48:28.044, 0, 82623, 97871, 99, 449.17
2026/10/09 01:48:28.045, 1, 82710, 97871, 51, 307.30
2026/10/09 01:48:28.045, 2, 82617, 97871, 99, 402.10
2026/10/09 01:48:28.045, 3, 82621, 97871, 87, 429.68
2026/10/09 01:48:29.045, 0, 82623, 97871, 100, 454.66
2026/10/09 01:48:29.045, 1, 82710, 97871, 58, 348.52
2026/10/09 01:48:29.045, 2, 82617, 97871, 99, 406.00
2026/10/09 01:48:29.045, 3, 82621, 97871, 87, 431.63
2026/10/09 01:48:30.045, 0, 82623, 97871, 99, 451.76
2026/10/09 01:48:30.045, 1, 82710, 97871, 73, 318.87
2026/10/09 01:48:30.045, 2, 82617, 97871, 99, 392.49
2026/10/09 01:48:30.045, 3, 82621, 97871, 87, 418.17
2026/10/09 01:48:31.045, 0, 82623, 97871, 100, 455.58
2026/10/09 01:48:31.045, 1, 82710, 97871, 51, 313.52
2026/10/09 01:48:31.045, 2, 82617, 97871, 99, 408.29
2026/10/09 01:48:31.045, 3, 82621, 97871, 87, 425.45
2026/10/09 01:48:32.045, 0, 82623, 97871, 100, 459.21
2026/10/09 01:48:32.046, 1, 82710, 97871, 52, 342.07
2026/10/09 01:48:32.046, 2, 82617, 97871, 99, 408.58
2026/10/09 01:48:32.046, 3, 82621, 97871, 87, 424.59
2026/10/09 01:48:33.046, 0, 82623, 97871, 95, 457.76
2026/10/09 01:48:33.046, 1, 82710, 97871, 51, 307.71
2026/10/09 01:48:33.046, 2, 82617, 97871, 99, 401.99
2026/10/09 01:48:33.046, 3, 82621, 97871, 87, 427.74
2026/10/09 01:48:34.046, 0, 82623, 97871, 96, 466.85
2026/10/09 01:48:34.046, 1, 82710, 97871, 52, 312.77
2026/10/09 01:48:34.046, 2, 82617, 97871, 99, 394.19
2026/10/09 01:48:34.046, 3, 82621, 97871, 87, 418.20
2026/10/09 01:48:35.046, 0, 82623, 97871, 99, 449.63
2026/10/09 01:48:35.046, 1, 82710, 97871, 51, 340.40
2026/10/09 01:48:35.046, 2, 82617, 97871, 99, 401.70
2026/10/09 01:48:35.046, 3, 82621, 97871, 87, 427.52
2026/10/09 01:48:36.047, 0, 82623, 97871, 99, 459.83
2026/10/09 01:48:36.047, 1, 82710, 97871, 52, 313.92
2026/10/09 01:48:36.047, 2, 82617, 97871, 99, 397.97
2026/10/09 01:48:36.047, 3, 82621, 97871, 86, 426.97
2026/10/09 01:48:37.047, 0, 82623, 97871, 97, 458.73
2026/10/09 01:48:37.047, 1, 82710, 97871, 58, 339.87
2026/10/09 01:48:37.047, 2, 82617, 97871, 99, 403.19
2026/10/09 01:48:37.047, 3, 82621, 97871, 87, 416.52
2026/10/09 01:48:38.047, 0, 82623, 97871, 97, 454.04
2026/10/09 01:48:38.047, 1, 82710, 97871, 88, 341.34
2026/10/09 01:48:38.047, 2, 82617, 97871, 99, 392.13
2026/10/09 01:48:38.047, 3, 82621, 97871, 87, 427.14
2026/10/09 01:48:39.047, 0, 82623, 97871, 99, 447.01
2026/10/09 01:48:39.047, 1, 82710, 97871, 57, 321.59
2026/10/09 01:48:39.047, 2, 82617, 97871, 99, 398.39
2026/10/09 01:48:39.047, 3, 82621, 97871, 85, 427.07
2026/10/09 01:48:40.047, 0, 82623, 97871, 100, 460.48
2026/10/09 01:48:40.048, 1, 82710, 97871, 51, 345.39
2026/10/09 01:48:40.048, 2, 82617, 97871, 99, 401.21
2026/10/09 01:48:40.048, 3, 82621, 97871, 87, 416.74
2026/10/09 01:48:41.048, 0, 82623, 97871, 99, 450.47
2026/10/09 01:48:41.048, 1, 82710, 97871, 52, 311.92
2026/10/09 01:48:41.048, 2, 82617, 97871, 92, 402.06
2026/10/09 01:48:41.048, 3, 82621, 97871, 86, 421.89
2026/10/09 01:48:42.048, 0, 82623, 97871, 99, 457.28
2026/10/09 01:48:42.048, 1, 82710, 97871, 56, 353.83
2026/10/09 01:48:42.048, 2, 82617, 97871, 94, 402.83
2026/10/09 01:48:42.048, 3, 82621, 97871, 86, 433.16
2026/10/09 01:48:43.048, 0, 82623, 97871, 100, 458.35
2026/10/09 01:48:43.048, 1, 82710, 97871, 52, 322.18
2026/10/09 01:48:43.048, 2, 82617, 97871, 99, 392.65
2026/10/09 01:48:43.048, 3, 82621, 97871, 87, 417.92
2026/10/09 01:48:44.049, 0, 82623, 97871, 100, 461.81
2026/10/09 01:48:44.049, 1, 82710, 97871, 51, 327.38
2026/10/09 01:48:44.049, 2, 82617, 97871, 99, 394.33
2026/10/09 01:48:44.049, 3, 82621, 97871, 87, 423.79
2026/10/09 01:48:45.049, 0, 82623, 97871, 100, 453.80
2026/10/09 01:48:45.049, 1, 82710, 97871, 52, 311.17
2026/10/09 01:48:45.049, 2, 82617, 97871, 96, 409.33
2026/10/09 01:48:45.049, 3, 82621, 97871, 86, 423.01
2026/10/09 01:48:46.049, 0, 82623, 97871, 100, 458.96
2026/10/09 01:48:46.049, 1, 82710, 97871, 67, 327.65
2026/10/09 01:48:46.049, 2, 82617, 97871, 99, 406.05
2026/10/09 01:48:46.049, 3, 82621, 97871, 83, 424.14
2026/10/09 01:48:47.049, 0, 82623, 97871, 99, 456.66
2026/10/09 01:48:47.049, 1, 82710, 97871, 51, 335.38
2026/10/09 01:48:47.049, 2, 82617, 97871, 99, 401.32
2026/10/09 01:48:47.049, 3, 82621, 97871, 85, 410.00
2026/10/09 01:48:48.050, 0, 82623, 97871, 97, 460.30
2026/10/09 01:48:48.050, 1, 82710, 97871, 51, 310.15
2026/10/09 01:48:48.050, 2, 82617, 97871, 99, 401.46
2026/10/09 01:48:48.050, 3, 82621, 97871, 85, 431.68
2026/10/09 01:48:49.050, 0, 82623, 97871, 100, 459.00
2026/10/09 01:48:49.050, 1, 82710, 97871, 52, 342.29
2026/10/09 01:48:49.050, 2, 82617, 97871, 99, 402.33
2026/10/09 01:48:49.050, 3, 82621, 97871, 86, 426.41
2026/10/09 01:48:50.050, 0, 82623, 97871, 99, 454.87
2026/10/09 01:48:50.050, 1, 82710, 97871, 52, 305.01
2026/10/09 01:48:50.050, 2, 82617, 97871, 99, 402.87
2026/10/09 01:48:50.050, 3, 82621, 97871, 85, 422.87
2026/10/09 01:48:51.050, 0, 82623, 97871, 99, 458.85
2026/10/09 01:48:51.050, 1, 82710, 97871, 70, 344.77
2026/10/09 01:48:51.051, 2, 82617, 97871, 99, 405.15
2026/10/09 01:48:51.051, 3, 82621, 97871, 86, 433.10
2026/10/09 01:48:52.051, 0, 82623, 97871, 100, 461.12
2026/10/09 01:48:52.051, 1, 82710, 97871, 52, 313.42
2026/10/09 01:48:52.051, 2, 82617, 97871, 99, 422.33
2026/10/09 01:48:52.051, 3, 82621, 97871, 86, 430.21
2026/10/09 01:48:53.051, 0, 82623, 97871, 99, 453.36
2026/10/09 01:48:53.051, 1, 82710, 97871, 51, 335.21
2026/10/09 01:48:53.051, 2, 82617, 97871, 99, 402.44
2026/10/09 01:48:53.051, 3, 82621, 97871, 85, 436.28
2026/10/09 01:48:54.051, 0, 82623, 97871, 99, 458.64
2026/10/09 01:48:54.051, 1, 82710, 97871, 51, 307.35
2026/10/09 01:48:54.051, 2, 82617, 97871, 99, 400.65
2026/10/09 01:48:54.051, 3, 82621, 97871, 86, 422.59
2026/10/09 01:48:55.051, 0, 82623, 97871, 100, 457.69
2026/10/09 01:48:55.052, 1, 82710, 97871, 74, 362.99
2026/10/09 01:48:55.052, 2, 82617, 97871, 99, 411.29
2026/10/09 01:48:55.052, 3, 82621, 97871, 87, 428.99
2026/10/09 01:48:56.052, 0, 82623, 97871, 99, 451.12
2026/10/09 01:48:56.052, 1, 82710, 97871, 51, 377.42
2026/10/09 01:48:56.052, 2, 82617, 97871, 99, 402.77
2026/10/09 01:48:56.052, 3, 82621, 97871, 86, 423.35
2026/10/09 01:48:57.052, 0, 82623, 97871, 99, 469.30
2026/10/09 01:48:57.052, 1, 82710, 97871, 49, 307.52
2026/10/09 01:48:57.052, 2, 82616, 97871, 99, 404.10
2026/10/09 01:48:57.052, 3, 82621, 97871, 82, 429.59
2026/10/09 01:48:58.052, 0, 82622, 97871, 100, 464.64
2026/10/09 01:48:58.052, 1, 82710, 97871, 55, 339.88
2026/10/09 01:48:58.052, 2, 82616, 97871, 99, 404.46
2026/10/09 01:48:58.052, 3, 82621, 97871, 77, 425.51
2026/10/09 01:48:59.053, 0, 82622, 97871, 99, 461.19
2026/10/09 01:48:59.053, 1, 82710, 97871, 52, 312.46
2026/10/09 01:48:59.053, 2, 82616, 97871, 99, 404.99
2026/10/09 01:48:59.053, 3, 82621, 97871, 95, 440.70
2026/10/09 01:49:00.053, 0, 82622, 97871, 100, 460.96
2026/10/09 01:49:00.053, 1, 82710, 97871, 77, 323.71
2026/10/09 01:49:00.053, 2, 82616, 97871, 99, 401.68
2026/10/09 01:49:00.053, 3, 82621, 97871, 85, 419.02
2026/10/09 01:49:01.053, 0, 82622, 97871, 99, 455.00
2026/10/09 01:49:01.053, 1, 82710, 97871, 51, 339.63
2026/10/09 01:49:01.053, 2, 82616, 97871, 99, 406.02
2026/10/09 01:49:01.053, 3, 82621, 97871, 85, 429.55
2026/10/09 01:49:02.053, 0, 82622, 97871, 100, 452.89
2026/10/09 01:49:02.053, 1, 82710, 97871, 52, 314.42
2026/10/09 01:49:02.053, 2, 82616, 97871, 99, 403.28
2026/10/09 01:49:02.053, 3, 82621, 97871, 86, 423.43
2026/10/09 01:49:03.054, 0, 82622, 97871, 99, 467.57
2026/10/09 01:49:03.054, 1, 82710, 97871, 52, 351.02
2026/10/09 01:49:03.054, 2, 82616, 97871, 99, 400.77
2026/10/09 01:49:03.054, 3, 82621, 97871, 88, 425.27
2026/10/09 01:49:04.054, 0, 82622, 97871, 100, 456.42
2026/10/09 01:49:04.054, 1, 82710, 97871, 69, 342.59
2026/10/09 01:49:04.054, 2, 82616, 97871, 99, 406.89
2026/10/09 01:49:04.054, 3, 82621, 97871, 91, 424.31
2026/10/09 01:49:05.054, 0, 82622, 97871, 99, 459.91
2026/10/09 01:49:05.054, 1, 82710, 97871, 52, 315.67
2026/10/09 01:49:05.054, 2, 82616, 97871, 99, 403.01
2026/10/09 01:49:05.054, 3, 82621, 97871, 90, 424.18
2026/10/09 01:49:06.054, 0, 82622, 97871, 100, 459.37
2026/10/09 01:49:06.054, 1, 82710, 97871, 52, 341.13
2026/10/09 01:49:06.055, 2, 82616, 97871, 99, 397.94
2026/10/09 01:49:06.055, 3, 82621, 97871, 86, 412.97
2026/10/09 01:49:07.055, 0, 82622, 97871, 99, 460.37
2026/10/09 01:49:07.055, 1, 82710, 97871, 53, 315.46
2026/10/09 01:49:07.055, 2, 82616, 97871, 99, 403.03
2026/10/09 01:49:07.055, 3, 82621, 97871, 85, 422.65
2026/10/09 01:49:08.055, 0, 82622, 97871, 99, 455.73
2026/10/09 01:49:08.055, 1, 82710, 97871, 51, 348.84
2026/10/09 01:49:08.055, 2, 82616, 97871, 99, 410.74
2026/10/09 01:49:08.055, 3, 82621, 97871, 85, 414.39
2026/10/09 01:49:09.055, 0, 82622, 97871, 99, 459.61
2026/10/09 01:49:09.055, 1, 82710, 97871, 51, 313.78
2026/10/09 01:49:09.055, 2, 82616, 97871, 99, 405.76
2026/10/09 01:49:09.055, 3, 82620, 97871, 86, 420.13
2026/10/09 01:49:10.055, 0, 82622, 97871, 100, 462.46
2026/10/09 01:49:10.056, 1, 82710, 97871, 72, 339.59
2026/10/09 01:49:10.056, 2, 82616, 97871, 99, 393.64
2026/10/09 01:49:10.056, 3, 82620, 97871, 79, 412.15
2026/10/09 01:49:11.056, 0, 82622, 97871, 100, 458.55
2026/10/09 01:49:11.056, 1, 82710, 97871, 51, 306.08
2026/10/09 01:49:11.056, 2, 82616, 97871, 99, 399.73
2026/10/09 01:49:11.056, 3, 82620, 97871, 86, 423.77
2026/10/09 01:49:12.056, 0, 82622, 97871, 99, 451.73
2026/10/09 01:49:12.056, 1, 82710, 97871, 58, 315.47
2026/10/09 01:49:12.056, 2, 82616, 97871, 99, 398.55
2026/10/09 01:49:12.056, 3, 82620, 97871, 86, 430.17
2026/10/09 01:49:13.056, 0, 82622, 97871, 100, 459.45
2026/10/09 01:49:13.056, 1, 82710, 97871, 58, 351.66
2026/10/09 01:49:13.056, 2, 82616, 97871, 99, 403.93
2026/10/09 01:49:13.056, 3, 82620, 97871, 86, 415.33
2026/10/09 01:49:14.057, 0, 82622, 97871, 99, 454.90
2026/10/09 01:49:14.057, 1, 82710, 97871, 52, 321.53
2026/10/09 01:49:14.057, 2, 82616, 97871, 99, 392.07
2026/10/09 01:49:14.057, 3, 82620, 97871, 87, 421.12
2026/10/09 01:49:15.057, 0, 82622, 97871, 100, 461.08
2026/10/09 01:49:15.057, 1, 82710, 97871, 51, 348.10
2026/10/09 01:49:15.057, 2, 82616, 97871, 99, 400.46
2026/10/09 01:49:15.057, 3, 82620, 97871, 85, 431.13
2026/10/09 01:49:16.057, 0, 82622, 97871, 97, 460.68
2026/10/09 01:49:16.057, 1, 82710, 97871, 52, 308.98
2026/10/09 01:49:16.057, 2, 82616, 97871, 99, 398.12
2026/10/09 01:49:16.057, 3, 82620, 97871, 86, 411.16
2026/10/09 01:49:17.057, 0, 82622, 97871, 97, 454.29
2026/10/09 01:49:17.057, 1, 82710, 97871, 54, 340.70
2026/10/09 01:49:17.058, 2, 82616, 97871, 99, 399.24
2026/10/09 01:49:17.058, 3, 82620, 97871, 86, 426.60
2026/10/09 01:49:18.058, 0, 82622, 97871, 100, 451.18
2026/10/09 01:49:18.058, 1, 82710, 97871, 51, 314.25
2026/10/09 01:49:18.058, 2, 82616, 97871, 99, 398.73
2026/10/09 01:49:18.058, 3, 82620, 97871, 82, 427.35
2026/10/09 01:49:19.058, 0, 82622, 97871, 100, 455.67
2026/10/09 01:49:19.058, 1, 82710, 97871, 51, 329.94
2026/10/09 01:49:19.058, 2, 82616, 97871, 99, 403.99
2026/10/09 01:49:19.058, 3, 82620, 97871, 85, 412.69
2026/10/09 01:49:20.058, 0, 82622, 97871, 100, 457.00
2026/10/09 01:49:20.058, 1, 82710, 97871, 52, 346.36
2026/10/09 01:49:20.058, 2, 82616, 97871, 99, 403.38
2026/10/09 01:49:20.058, 3, 82620, 97871, 86, 418.59
2026/10/09 01:49:21.058, 0, 82622, 97871, 100, 459.76
2026/10/09 01:49:21.059, 1, 82710, 97871, 76, 342.33
2026/10/09 01:49:21.059, 2, 82616, 97871, 99, 406.29
2026/10/09 01:49:21.059, 3, 82620, 97871, 85, 423.35
2026/10/09 01:49:22.059, 0, 82622, 97871, 100, 461.67
2026/10/09 01:49:22.059, 1, 82710, 97871, 82, 371.95
2026/10/09 01:49:22.059, 2, 82616, 97871, 99, 406.83
2026/10/09 01:49:22.059, 3, 82620, 97871, 86, 414.34
2026/10/09 01:49:23.059, 0, 82622, 97871, 99, 459.59
2026/10/09 01:49:23.059, 1, 82710, 97871, 53, 331.57
2026/10/09 01:49:23.059, 2, 82616, 97871, 99, 394.80
2026/10/09 01:49:23.059, 3, 82620, 97871, 85, 426.00
2026/10/09 01:49:24.059, 0, 82622, 97871, 97, 465.02
2026/10/09 01:49:24.059, 1, 82710, 97871, 75, 363.94
2026/10/09 01:49:24.059, 2, 82616, 97871, 99, 403.32
2026/10/09 01:49:24.059, 3, 82620, 97871, 86, 425.74
2026/10/09 01:49:25.060, 0, 82622, 97871, 99, 451.12
2026/10/09 01:49:25.060, 1, 82710, 97871, 60, 352.65
2026/10/09 01:49:25.060, 2, 82616, 97871, 99, 402.21
2026/10/09 01:49:25.060, 3, 82620, 97871, 85, 412.65
2026/10/09 01:49:26.060, 0, 82622, 97871, 100, 457.65
2026/10/09 01:49:26.060, 1, 82710, 97871, 52, 326.12
2026/10/09 01:49:26.060, 2, 82616, 97871, 99, 400.00
2026/10/09 01:49:26.060, 3, 82620, 97871, 86, 424.51
2026/10/09 01:49:27.060, 0, 82622, 97871, 100, 455.42
2026/10/09 01:49:27.060, 1, 82710, 97871, 60, 342.80
2026/10/09 01:49:27.060, 2, 82616, 97871, 99, 403.07
2026/10/09 01:49:27.060, 3, 82620, 97871, 85, 416.13
2026/10/09 01:49:28.060, 0, 82622, 97871, 100, 453.57
2026/10/09 01:49:28.060, 1, 82710, 97871, 52, 352.10
2026/10/09 01:49:28.060, 2, 82616, 97871, 99, 392.99
2026/10/09 01:49:28.060, 3, 82620, 97871, 85, 423.48
2026/10/09 01:49:29.061, 0, 82622, 97871, 100, 457.38
2026/10/09 01:49:29.061, 1, 82710, 97871, 56, 318.36
2026/10/09 01:49:29.061, 2, 82616, 97871, 99, 402.93
2026/10/09 01:49:29.061, 3, 82620, 97871, 85, 437.05
2026/10/09 01:49:30.061, 0, 82622, 97871, 99, 450.66
2026/10/09 01:49:30.061, 1, 82710, 97871, 51, 343.28
2026/10/09 01:49:30.061, 2, 82616, 97871, 99, 402.70
2026/10/09 01:49:30.061, 3, 82620, 97871, 86, 416.24
2026/10/09 01:49:31.061, 0, 82622, 97871, 99, 459.07
2026/10/09 01:49:31.061, 1, 82710, 97871, 52, 318.36
2026/10/09 01:49:31.061, 2, 82616, 97871, 100, 402.81
2026/10/09 01:49:31.061, 3, 82620, 97871, 86, 427.46
2026/10/09 01:49:32.061, 0, 82622, 97871, 97, 458.77
2026/10/09 01:49:32.061, 1, 82710, 97871, 70, 349.80
2026/10/09 01:49:32.062, 2, 82616, 97871, 99, 404.58
2026/10/09 01:49:32.062, 3, 82620, 97871, 86, 415.88
2026/10/09 01:49:33.062, 0, 82622, 97871, 99, 447.05
2026/10/09 01:49:33.062, 1, 82710, 97871, 52, 330.71
2026/10/09 01:49:33.062, 2, 82616, 97871, 99, 392.32
2026/10/09 01:49:33.062, 3, 82620, 97871, 87, 422.89
2026/10/09 01:49:34.062, 0, 82622, 97871, 100, 453.93
2026/10/09 01:49:34.062, 1, 82710, 97871, 50, 354.46
2026/10/09 01:49:34.062, 2, 82616, 97871, 99, 402.62
2026/10/09 01:49:34.062, 3, 82620, 97871, 86, 422.98
2026/10/09 01:49:35.062, 0, 82622, 97871, 100, 455.07
2026/10/09 01:49:35.062, 1, 82710, 97871, 56, 312.73
2026/10/09 01:49:35.062, 2, 82616, 97871, 46, 363.13
2026/10/09 01:49:35.062, 3, 82620, 97871, 86, 422.54
2026/10/09 01:49:36.062, 0, 82622, 97871, 100, 455.50
2026/10/09 01:49:36.062, 1, 82710, 97871, 57, 347.80
2026/10/09 01:49:36.063, 2, 82616, 97871, 100, 507.10
2026/10/09 01:49:36.063, 3, 82620, 97871, 86, 424.81
2026/10/09 01:49:37.063, 0, 82622, 97871, 100, 467.31
2026/10/09 01:49:37.063, 1, 82710, 97871, 75, 357.15
2026/10/09 01:49:37.063, 2, 82616, 97871, 100, 490.17
2026/10/09 01:49:37.063, 3, 82620, 97871, 86, 424.93
2026/10/09 01:49:38.063, 0, 82622, 97871, 100, 508.78
2026/10/09 01:49:38.063, 1, 82710, 97871, 75, 334.05
2026/10/09 01:49:38.063, 2, 82616, 97871, 100, 502.97
2026/10/09 01:49:38.063, 3, 82620, 97871, 87, 415.36
2026/10/09 01:49:39.063, 0, 82622, 97871, 100, 512.78
2026/10/09 01:49:39.063, 1, 82710, 97871, 51, 334.67
2026/10/09 01:49:39.063, 2, 82616, 97871, 100, 493.61
2026/10/09 01:49:39.063, 3, 82620, 97871, 87, 425.40
2026/10/09 01:49:40.063, 0, 82622, 97871, 100, 521.97
2026/10/09 01:49:40.064, 1, 82710, 97871, 79, 338.31
2026/10/09 01:49:40.064, 2, 82616, 97871, 100, 494.06
2026/10/09 01:49:40.064, 3, 82620, 97871, 87, 425.44
2026/10/09 01:49:41.064, 0, 82622, 97871, 100, 511.34
2026/10/09 01:49:41.064, 1, 82710, 97871, 52, 327.36
2026/10/09 01:49:41.064, 2, 82616, 97871, 100, 504.70
2026/10/09 01:49:41.064, 3, 82620, 97871, 86, 427.70
2026/10/09 01:49:42.064, 0, 82622, 97871, 100, 516.39
2026/10/09 01:49:42.064, 1, 82710, 97871, 50, 359.52
2026/10/09 01:49:42.064, 2, 82616, 97871, 100, 504.52
2026/10/09 01:49:42.064, 3, 82620, 97871, 87, 426.13
2026/10/09 01:49:43.064, 0, 82622, 97871, 100, 514.03
2026/10/09 01:49:43.064, 1, 82710, 97871, 62, 349.21
2026/10/09 01:49:43.064, 2, 82616, 97871, 100, 497.36
2026/10/09 01:49:43.065, 3, 82620, 97871, 87, 418.47
2026/10/09 01:49:44.065, 0, 82622, 97871, 100, 515.30
2026/10/09 01:49:44.065, 1, 82710, 97871, 50, 319.03
2026/10/09 01:49:44.065, 2, 82616, 97871, 100, 499.45
2026/10/09 01:49:44.065, 3, 82620, 97871, 92, 458.95
2026/10/09 01:49:45.065, 0, 82622, 97871, 100, 511.48
2026/10/09 01:49:45.065, 1, 82710, 97871, 51, 358.98
2026/10/09 01:49:45.065, 2, 82616, 97871, 100, 498.67
2026/10/09 01:49:45.065, 3, 82620, 97871, 100, 492.07
2026/10/09 01:49:46.065, 0, 82622, 97871, 100, 506.14
2026/10/09 01:49:46.065, 1, 82710, 97871, 91, 349.29
2026/10/09 01:49:46.065, 2, 82616, 97871, 100, 490.44
2026/10/09 01:49:46.065, 3, 82620, 97871, 88, 506.57
2026/10/09 01:49:47.066, 0, 82622, 97871, 100, 519.15
2026/10/09 01:49:47.066, 1, 82710, 97871, 52, 324.29
2026/10/09 01:49:47.066, 2, 82616, 97871, 100, 474.69
2026/10/09 01:49:47.066, 3, 82620, 97871, 93, 495.17
2026/10/09 01:49:48.066, 0, 82622, 97871, 100, 512.26
2026/10/09 01:49:48.066, 1, 82710, 97871, 50, 354.25
2026/10/09 01:49:48.066, 2, 82616, 97871, 100, 497.21
2026/10/09 01:49:48.066, 3, 82620, 97871, 90, 494.85
2026/10/09 01:49:49.066, 0, 82622, 97871, 100, 504.35
2026/10/09 01:49:49.067, 1, 82710, 97871, 52, 311.04
2026/10/09 01:49:49.067, 2, 82616, 97871, 100, 469.88
2026/10/09 01:49:49.067, 3, 82620, 97871, 92, 502.22
2026/10/09 01:49:50.067, 0, 82622, 97871, 100, 513.89
2026/10/09 01:49:50.067, 1, 82710, 97871, 51, 349.70
2026/10/09 01:49:50.067, 2, 82616, 97871, 100, 491.08
2026/10/09 01:49:50.067, 3, 82620, 97871, 85, 498.68
2026/10/09 01:49:51.067, 0, 82622, 97871, 100, 514.79
2026/10/09 01:49:51.067, 1, 82710, 97871, 50, 329.42
2026/10/09 01:49:51.067, 2, 82616, 97871, 100, 480.55
2026/10/09 01:49:51.067, 3, 82620, 97871, 95, 498.35
2026/10/09 01:49:52.067, 0, 82622, 97871, 100, 512.56
2026/10/09 01:49:52.068, 1, 82710, 97871, 50, 354.54
2026/10/09 01:49:52.068, 2, 82616, 97871, 100, 493.73
2026/10/09 01:49:52.068, 3, 82620, 97871, 87, 489.93
2026/10/09 01:49:53.068, 0, 82622, 97871, 100, 510.95
2026/10/09 01:49:53.068, 1, 82710, 97871, 62, 318.59
2026/10/09 01:49:53.068, 2, 82616, 97871, 100, 483.18
2026/10/09 01:49:53.068, 3, 82620, 97871, 93, 509.78
2026/10/09 01:49:54.068, 0, 82622, 97871, 100, 519.97
2026/10/09 01:49:54.068, 1, 82710, 97871, 50, 340.67
2026/10/09 01:49:54.068, 2, 82616, 97871, 100, 493.17
2026/10/09 01:49:54.068, 3, 82620, 97871, 87, 500.98
2026/10/09 01:49:55.068, 0, 82622, 97871, 100, 500.90
2026/10/09 01:49:55.068, 1, 82710, 97871, 50, 324.15
2026/10/09 01:49:55.068, 2, 82616, 97871, 100, 492.94
2026/10/09 01:49:55.068, 3, 82620, 97871, 85, 500.43
2026/10/09 01:49:56.069, 0, 82622, 97871, 100, 509.46
2026/10/09 01:49:56.069, 1, 82710, 97871, 62, 336.13
2026/10/09 01:49:56.069, 2, 82616, 97871, 100, 480.17
2026/10/09 01:49:56.069, 3, 82620, 97871, 87, 492.77
2026/10/09 01:49:57.069, 0, 82622, 97871, 100, 515.88
2026/10/09 01:49:57.069, 1, 82710, 97871, 65, 346.45
2026/10/09 01:49:57.069, 2, 82616, 97871, 100, 475.75
2026/10/09 01:49:57.069, 3, 82620, 97871, 86, 483.00
2026/10/09 01:49:58.069, 0, 82622, 97871, 100, 509.48
2026/10/09 01:49:58.069, 1, 82710, 97871, 51, 308.23
2026/10/09 01:49:58.069, 2, 82616, 97871, 100, 482.66
2026/10/09 01:49:58.069, 3, 82620, 97871, 86, 490.06
2026/10/09 01:49:59.069, 0, 82622, 97871, 100, 511.24
2026/10/09 01:49:59.069, 1, 82710, 97871, 60, 340.91
2026/10/09 01:49:59.069, 2, 82616, 97871, 100, 483.47
2026/10/09 01:49:59.069, 3, 82620, 97871, 88, 488.28
2026/10/09 01:50:00.070, 0, 82622, 97871, 100, 520.21
2026/10/09 01:50:00.070, 1, 82710, 97871, 49, 309.83
2026/10/09 01:50:00.070, 2, 82616, 97871, 100, 486.85
2026/10/09 01:50:00.070, 3, 82620, 97871, 86, 488.62
2026/10/09 01:50:01.070, 0, 82622, 97871, 100, 528.63
2026/10/09 01:50:01.070, 1, 82710, 97871, 49, 312.94
2026/10/09 01:50:01.070, 2, 82616, 97871, 100, 488.16
2026/10/09 01:50:01.070, 3, 82620, 97871, 90, 496.79
2026/10/09 01:50:02.070, 0, 82622, 97871, 100, 518.37
2026/10/09 01:50:02.070, 1, 82710, 97871, 49, 340.31
2026/10/09 01:50:02.070, 2, 82616, 97871, 100, 466.44
2026/10/09 01:50:02.070, 3, 82620, 97871, 84, 491.42
2026/10/09 01:50:03.070, 0, 82622, 97871, 100, 510.96
2026/10/09 01:50:03.071, 1, 82710, 97871, 50, 307.78
2026/10/09 01:50:03.071, 2, 82616, 97871, 100, 472.70
2026/10/09 01:50:03.071, 3, 82620, 97871, 89, 491.67
2026/10/09 01:50:04.071, 0, 82622, 97871, 100, 516.35
2026/10/09 01:50:04.071, 1, 82710, 97871, 50, 337.56
2026/10/09 01:50:04.071, 2, 82616, 97871, 99, 411.14
2026/10/09 01:50:04.071, 3, 82620, 97871, 87, 484.48
2026/10/09 01:50:05.071, 0, 82622, 97871, 100, 501.73
2026/10/09 01:50:05.071, 1, 82710, 97871, 50, 309.09
2026/10/09 01:50:05.071, 2, 82616, 97871, 100, 465.47
2026/10/09 01:50:05.071, 3, 82620, 97871, 86, 508.06
2026/10/09 01:50:06.071, 0, 82622, 97871, 99, 429.25
2026/10/09 01:50:06.071, 1, 82710, 97871, 89, 335.52
2026/10/09 01:50:06.071, 2, 82616, 97871, 100, 535.25
2026/10/09 01:50:06.071, 3, 82620, 97871, 86, 491.55
2026/10/09 01:50:07.072, 0, 82622, 97871, 100, 523.54
2026/10/09 01:50:07.072, 1, 82710, 97871, 50, 320.22
2026/10/09 01:50:07.072, 2, 82616, 97871, 100, 532.57
2026/10/09 01:50:07.072, 3, 82620, 97871, 88, 496.52
2026/10/09 01:50:08.072, 0, 82622, 97871, 100, 518.16
2026/10/09 01:50:08.072, 1, 82710, 97871, 50, 308.08
2026/10/09 01:50:08.072, 2, 82616, 97871, 99, 505.30
2026/10/09 01:50:08.072, 3, 82620, 97871, 86, 484.57
2026/10/09 01:50:09.072, 0, 82622, 97871, 99, 505.95
2026/10/09 01:50:09.072, 1, 82710, 97871, 74, 335.36
2026/10/09 01:50:09.072, 2, 82616, 97871, 100, 506.73
2026/10/09 01:50:09.072, 3, 82620, 97871, 87, 488.84
2026/10/09 01:50:10.072, 0, 82622, 97871, 63, 498.35
2026/10/09 01:50:10.072, 1, 82710, 97871, 56, 313.84
2026/10/09 01:50:10.072, 2, 82616, 97871, 100, 538.00
2026/10/09 01:50:10.073, 3, 82620, 97871, 95, 497.34
2026/10/09 01:50:11.073, 0, 82622, 97871, 100, 522.69
2026/10/09 01:50:11.073, 1, 82710, 97871, 98, 341.43
2026/10/09 01:50:11.073, 2, 82616, 97871, 100, 529.10
2026/10/09 01:50:11.073, 3, 82620, 97871, 85, 477.91
2026/10/09 01:50:12.073, 0, 82622, 97871, 100, 518.21
2026/10/09 01:50:12.073, 1, 82710, 97871, 51, 360.17
2026/10/09 01:50:12.073, 2, 82616, 97871, 100, 520.25
2026/10/09 01:50:12.073, 3, 82620, 97871, 85, 501.43
2026/10/09 01:50:13.073, 0, 82622, 97871, 99, 511.73
2026/10/09 01:50:13.073, 1, 82710, 97871, 50, 314.29
2026/10/09 01:50:13.073, 2, 82616, 97871, 100, 521.78
2026/10/09 01:50:13.073, 3, 82620, 97871, 86, 490.65
2026/10/09 01:50:14.073, 0, 82622, 97871, 100, 505.74
2026/10/09 01:50:14.074, 1, 82710, 97871, 80, 349.16
2026/10/09 01:50:14.074, 2, 82616, 97871, 100, 529.38
2026/10/09 01:50:14.074, 3, 82620, 97871, 86, 471.74
2026/10/09 01:50:15.074, 0, 82622, 97871, 100, 513.36
2026/10/09 01:50:15.074, 1, 82710, 97871, 54, 327.38
2026/10/09 01:50:15.074, 2, 82616, 97871, 100, 514.67
2026/10/09 01:50:15.074, 3, 82620, 97871, 86, 410.81
2026/10/09 01:50:16.074, 0, 82622, 97871, 100, 511.02
2026/10/09 01:50:16.074, 1, 82710, 97871, 91, 330.61
2026/10/09 01:50:16.074, 2, 82616, 97871, 100, 521.39
2026/10/09 01:50:16.074, 3, 82620, 97871, 100, 486.47
2026/10/09 01:50:17.074, 0, 82622, 97871, 100, 506.63
2026/10/09 01:50:17.074, 1, 82710, 97871, 49, 327.20
2026/10/09 01:50:17.074, 2, 82616, 97871, 100, 519.61
2026/10/09 01:50:17.074, 3, 82620, 97871, 100, 530.43
2026/10/09 01:50:18.075, 0, 82622, 97871, 100, 508.07
2026/10/09 01:50:18.075, 1, 82710, 97871, 49, 304.71
2026/10/09 01:50:18.075, 2, 82616, 97871, 100, 525.52
2026/10/09 01:50:18.075, 3, 82620, 97871, 96, 520.54
2026/10/09 01:50:19.075, 0, 82622, 97871, 100, 509.62
2026/10/09 01:50:19.075, 1, 82710, 97871, 63, 338.94
2026/10/09 01:50:19.075, 2, 82616, 97871, 100, 520.18
2026/10/09 01:50:19.075, 3, 82620, 97871, 85, 497.81
2026/10/09 01:50:20.075, 0, 82622, 97871, 100, 502.46
2026/10/09 01:50:20.075, 1, 82710, 97871, 75, 315.12
2026/10/09 01:50:20.075, 2, 82616, 97871, 100, 523.36
2026/10/09 01:50:20.075, 3, 82620, 97871, 100, 477.44
2026/10/09 01:50:21.075, 0, 82622, 97871, 100, 506.99
2026/10/09 01:50:21.076, 1, 82710, 97871, 46, 318.92
2026/10/09 01:50:21.076, 2, 82616, 97871, 100, 518.45
2026/10/09 01:50:21.076, 3, 82620, 97871, 95, 524.51
2026/10/09 01:50:22.076, 0, 82622, 97871, 100, 514.58
2026/10/09 01:50:22.076, 1, 82710, 97871, 48, 308.71
2026/10/09 01:50:22.076, 2, 82616, 97871, 100, 518.61
2026/10/09 01:50:22.076, 3, 82620, 97871, 100, 523.12
2026/10/09 01:50:23.076, 0, 82622, 97871, 100, 510.13
2026/10/09 01:50:23.076, 1, 82710, 97871, 73, 339.17
2026/10/09 01:50:23.076, 2, 82616, 97871, 100, 518.82
2026/10/09 01:50:23.076, 3, 82620, 97871, 88, 502.76
2026/10/09 01:50:24.076, 0, 82622, 97871, 100, 503.15
2026/10/09 01:50:24.076, 1, 82710, 97871, 46, 313.80
2026/10/09 01:50:24.076, 2, 82616, 97871, 100, 520.70
2026/10/09 01:50:24.076, 3, 82620, 97871, 90, 513.43
2026/10/09 01:50:25.077, 0, 82622, 97871, 100, 506.23
2026/10/09 01:50:25.077, 1, 82710, 97871, 49, 299.52
2026/10/09 01:50:25.077, 2, 82616, 97871, 100, 503.82
2026/10/09 01:50:25.077, 3, 82620, 97871, 93, 510.72
2026/10/09 01:50:26.077, 0, 82622, 97871, 100, 505.59
2026/10/09 01:50:26.077, 1, 82710, 97871, 50, 339.02
2026/10/09 01:50:26.077, 2, 82616, 97871, 53, 402.35
2026/10/09 01:50:26.077, 3, 82620, 97871, 100, 512.25
2026/10/09 01:50:27.077, 0, 82622, 97871, 100, 505.36
2026/10/09 01:50:27.077, 1, 82710, 97871, 78, 356.83
2026/10/09 01:50:27.077, 2, 82616, 97871, 100, 536.86
2026/10/09 01:50:27.077, 3, 82620, 97871, 93, 497.96
2026/10/09 01:50:28.077, 0, 82622, 97871, 100, 459.01
2026/10/09 01:50:28.077, 1, 82710, 97871, 61, 314.07
2026/10/09 01:50:28.078, 2, 82616, 97871, 100, 534.67
2026/10/09 01:50:28.078, 3, 82620, 97871, 93, 509.25
2026/10/09 01:50:29.078, 0, 82622, 97871, 100, 525.67
2026/10/09 01:50:29.078, 1, 82710, 97871, 60, 332.61
2026/10/09 01:50:29.078, 2, 82616, 97871, 100, 538.10
2026/10/09 01:50:29.078, 3, 82620, 97871, 91, 509.98
2026/10/09 01:50:30.078, 0, 82622, 97871, 100, 516.75
2026/10/09 01:50:30.078, 1, 82710, 97871, 57, 321.44
2026/10/09 01:50:30.078, 2, 82616, 97871, 100, 535.14
2026/10/09 01:50:30.078, 3, 82620, 97871, 85, 502.74
2026/10/09 01:50:31.078, 0, 82622, 97871, 100, 519.33
2026/10/09 01:50:31.078, 1, 82710, 97871, 49, 359.32
2026/10/09 01:50:31.078, 2, 82616, 97871, 100, 538.98
2026/10/09 01:50:31.078, 3, 82620, 97871, 91, 510.60
2026/10/09 01:50:32.079, 0, 82622, 97871, 100, 519.14
2026/10/09 01:50:32.079, 1, 82710, 97871, 50, 305.43
2026/10/09 01:50:32.079, 2, 82616, 97871, 100, 523.96
2026/10/09 01:50:32.079, 3, 82620, 97871, 100, 511.57
2026/10/09 01:50:33.079, 0, 82622, 97871, 100, 521.37
2026/10/09 01:50:33.079, 1, 82710, 97871, 56, 331.06
2026/10/09 01:50:33.079, 2, 82616, 97871, 100, 510.90
2026/10/09 01:50:33.079, 3, 82620, 97871, 96, 512.64
2026/10/09 01:50:34.079, 0, 82622, 97871, 100, 509.67
2026/10/09 01:50:34.079, 1, 82710, 97871, 52, 318.80
2026/10/09 01:50:34.079, 2, 82616, 97871, 99, 449.52
2026/10/09 01:50:34.079, 3, 82620, 97871, 88, 505.07
2026/10/09 01:50:35.079, 0, 82622, 97871, 100, 499.82
2026/10/09 01:50:35.080, 1, 82710, 97871, 49, 342.79
2026/10/09 01:50:35.080, 2, 82616, 97871, 100, 535.05
2026/10/09 01:50:35.080, 3, 82620, 97871, 96, 515.33
2026/10/09 01:50:36.080, 0, 82622, 97871, 100, 504.79
2026/10/09 01:50:36.080, 1, 82710, 97871, 51, 309.77
2026/10/09 01:50:36.080, 2, 82616, 97871, 100, 538.73
2026/10/09 01:50:36.080, 3, 82620, 97871, 91, 507.59
2026/10/09 01:50:37.080, 0, 82622, 97871, 100, 495.41
2026/10/09 01:50:37.080, 1, 82710, 97871, 76, 327.77
2026/10/09 01:50:37.080, 2, 82616, 97871, 100, 538.48
2026/10/09 01:50:37.080, 3, 82620, 97871, 86, 509.52
2026/10/09 01:50:38.080, 0, 82622, 97871, 100, 518.11
2026/10/09 01:50:38.080, 1, 82710, 97871, 50, 312.04
2026/10/09 01:50:38.080, 2, 82616, 97871, 100, 537.18
2026/10/09 01:50:38.080, 3, 82620, 97871, 85, 487.26
2026/10/09 01:50:39.081, 0, 82622, 97871, 100, 517.13
2026/10/09 01:50:39.081, 1, 82710, 97871, 52, 338.46
2026/10/09 01:50:39.081, 2, 82616, 97871, 100, 539.11
2026/10/09 01:50:39.081, 3, 82620, 97871, 100, 429.48
2026/10/09 01:50:40.081, 0, 82622, 97871, 100, 520.55
2026/10/09 01:50:40.081, 1, 82710, 97871, 50, 315.09
2026/10/09 01:50:40.081, 2, 82616, 97871, 100, 527.04
2026/10/09 01:50:40.081, 3, 82620, 97871, 100, 526.83
2026/10/09 01:50:41.081, 0, 82622, 97871, 100, 526.21
2026/10/09 01:50:41.081, 1, 82710, 97871, 50, 341.42
2026/10/09 01:50:41.081, 2, 82616, 97871, 100, 525.22
2026/10/09 01:50:41.081, 3, 82620, 97871, 100, 527.29
2026/10/09 01:50:42.081, 0, 82622, 97871, 100, 514.89
2026/10/09 01:50:42.082, 1, 82710, 97871, 51, 301.10
2026/10/09 01:50:42.082, 2, 82616, 97871, 100, 525.64
2026/10/09 01:50:42.082, 3, 82620, 97871, 94, 524.62
2026/10/09 01:50:43.082, 0, 82622, 97871, 100, 503.77
2026/10/09 01:50:43.082, 1, 82710, 97871, 69, 402.49
2026/10/09 01:50:43.082, 2, 82616, 97871, 100, 522.73
2026/10/09 01:50:43.082, 3, 82620, 97871, 100, 525.92
2026/10/09 01:50:44.082, 0, 82622, 97871, 100, 510.06
2026/10/09 01:50:44.082, 1, 82710, 97871, 56, 322.23
2026/10/09 01:50:44.082, 2, 82616, 97871, 100, 524.17
2026/10/09 01:50:44.082, 3, 82620, 97871, 100, 523.19
2026/10/09 01:50:45.082, 0, 82622, 97871, 100, 514.94
2026/10/09 01:50:45.082, 1, 82710, 97871, 61, 323.29
2026/10/09 01:50:45.082, 2, 82616, 97871, 100, 524.01
2026/10/09 01:50:45.083, 3, 82620, 97871, 88, 503.77
2026/10/09 01:50:46.083, 0, 82622, 97871, 100, 511.23
2026/10/09 01:50:46.083, 1, 82710, 97871, 49, 304.05
2026/10/09 01:50:46.083, 2, 82616, 97871, 100, 521.03
2026/10/09 01:50:46.083, 3, 82620, 97871, 84, 497.28
2026/10/09 01:50:47.083, 0, 82622, 97871, 100, 514.33
2026/10/09 01:50:47.083, 1, 82710, 97871, 70, 344.32
2026/10/09 01:50:47.083, 2, 82616, 97871, 100, 520.70
2026/10/09 01:50:47.083, 3, 82620, 97871, 86, 492.80
2026/10/09 01:50:48.083, 0, 82622, 97871, 100, 505.82
2026/10/09 01:50:48.083, 1, 82710, 97871, 59, 315.20
2026/10/09 01:50:48.083, 2, 82616, 97871, 100, 522.05
2026/10/09 01:50:48.083, 3, 82620, 97871, 100, 473.52
2026/10/09 01:50:49.084, 0, 82622, 97871, 100, 506.27
2026/10/09 01:50:49.084, 1, 82710, 97871, 51, 310.76
2026/10/09 01:50:49.084, 2, 82616, 97871, 100, 522.83
2026/10/09 01:50:49.084, 3, 82620, 97871, 94, 528.63
2026/10/09 01:50:50.084, 0, 82622, 97871, 100, 506.46
2026/10/09 01:50:50.084, 1, 82710, 97871, 51, 338.31
2026/10/09 01:50:50.084, 2, 82616, 97871, 100, 526.56
2026/10/09 01:50:50.084, 3, 82620, 97871, 100, 526.53
2026/10/09 01:50:51.084, 0, 82622, 97871, 100, 507.00
2026/10/09 01:50:51.084, 1, 82710, 97871, 56, 320.07
2026/10/09 01:50:51.084, 2, 82616, 97871, 100, 520.63
2026/10/09 01:50:51.084, 3, 82620, 97871, 100, 522.68
2026/10/09 01:50:52.084, 0, 82622, 97871, 100, 509.89
2026/10/09 01:50:52.085, 1, 82710, 97871, 72, 353.22
2026/10/09 01:50:52.085, 2, 82616, 97871, 100, 526.27
2026/10/09 01:50:52.085, 3, 82620, 97871, 100, 523.50
2026/10/09 01:50:53.085, 0, 82622, 97871, 100, 511.83
2026/10/09 01:50:53.085, 1, 82710, 97871, 75, 326.30
2026/10/09 01:50:53.085, 2, 82616, 97871, 100, 523.03
2026/10/09 01:50:53.085, 3, 82620, 97871, 100, 521.85
2026/10/09 01:50:54.085, 0, 82622, 97871, 100, 508.12
2026/10/09 01:50:54.085, 1, 82710, 97871, 58, 343.63
2026/10/09 01:50:54.085, 2, 82616, 97871, 100, 528.11
2026/10/09 01:50:54.085, 3, 82620, 97871, 88, 504.00
2026/10/09 01:50:55.085, 0, 82622, 97871, 100, 512.65
2026/10/09 01:50:55.085, 1, 82710, 97871, 100, 448.20
2026/10/09 01:50:55.085, 2, 82616, 97871, 100, 528.21
2026/10/09 01:50:55.085, 3, 82620, 97871, 94, 507.32
2026/10/09 01:50:56.086, 0, 82622, 97871, 100, 507.93
2026/10/09 01:50:56.086, 1, 82710, 97871, 73, 458.23
2026/10/09 01:50:56.086, 2, 82616, 97871, 100, 527.05
2026/10/09 01:50:56.086, 3, 82620, 97871, 94, 512.91
2026/10/09 01:50:57.086, 0, 82622, 97871, 100, 509.73
2026/10/09 01:50:57.086, 1, 82710, 97871, 80, 468.13
2026/10/09 01:50:57.086, 2, 82616, 97871, 100, 526.69
2026/10/09 01:50:57.086, 3, 82620, 97871, 100, 513.34
2026/10/09 01:50:58.086, 0, 82621, 97871, 100, 510.49
2026/10/09 01:50:58.086, 1, 82708, 97871, 97, 507.22
2026/10/09 01:50:58.086, 2, 82615, 97871, 100, 526.62
2026/10/09 01:50:58.086, 3, 82620, 97871, 98, 510.09
2026/10/09 01:50:59.087, 0, 82621, 97871, 100, 506.59
2026/10/09 01:50:59.087, 1, 82708, 97871, 91, 456.97
2026/10/09 01:50:59.087, 2, 82615, 97871, 100, 526.01
2026/10/09 01:50:59.087, 3, 82620, 97871, 95, 509.65
2026/10/09 01:51:00.087, 0, 82621, 97871, 100, 513.41
2026/10/09 01:51:00.087, 1, 82708, 97871, 69, 499.79
2026/10/09 01:51:00.087, 2, 82615, 97871, 100, 524.76
2026/10/09 01:51:00.087, 3, 82620, 97871, 94, 504.35
2026/10/09 01:51:01.087, 0, 82621, 97871, 100, 508.82
2026/10/09 01:51:01.087, 1, 82708, 97871, 100, 440.21
2026/10/09 01:51:01.087, 2, 82615, 97871, 100, 522.50
2026/10/09 01:51:01.087, 3, 82620, 97871, 85, 503.97
2026/10/09 01:51:02.088, 0, 82621, 97871, 100, 508.68
2026/10/09 01:51:02.088, 1, 82708, 97871, 98, 459.75
2026/10/09 01:51:02.088, 2, 82615, 97871, 100, 517.19
2026/10/09 01:51:02.088, 3, 82620, 97871, 83, 511.51
2026/10/09 01:51:03.088, 0, 82621, 97871, 100, 507.96
2026/10/09 01:51:03.088, 1, 82708, 97871, 64, 495.66
2026/10/09 01:51:03.088, 2, 82615, 97871, 100, 522.28
2026/10/09 01:51:03.088, 3, 82620, 97871, 96, 516.15
2026/10/09 01:51:04.088, 0, 82621, 97871, 100, 508.78
2026/10/09 01:51:04.088, 1, 82708, 97871, 100, 449.54
2026/10/09 01:51:04.088, 2, 82615, 97871, 100, 517.52
2026/10/09 01:51:04.088, 3, 82620, 97871, 100, 511.99
2026/10/09 01:51:05.088, 0, 82621, 97871, 100, 505.86
2026/10/09 01:51:05.089, 1, 82708, 97871, 83, 459.57
2026/10/09 01:51:05.089, 2, 82615, 97871, 100, 515.24
2026/10/09 01:51:05.089, 3, 82620, 97871, 91, 511.73
2026/10/09 01:51:06.089, 0, 82621, 97871, 100, 505.93
2026/10/09 01:51:06.089, 1, 82708, 97871, 78, 486.98
2026/10/09 01:51:06.089, 2, 82615, 97871, 96, 400.59
2026/10/09 01:51:06.089, 3, 82620, 97871, 100, 517.38
2026/10/09 01:51:07.089, 0, 82621, 97871, 100, 504.11
2026/10/09 01:51:07.089, 1, 82708, 97871, 58, 477.84
2026/10/09 01:51:07.089, 2, 82615, 97871, 100, 543.50
2026/10/09 01:51:07.089, 3, 82620, 97871, 95, 507.39
2026/10/09 01:51:08.089, 0, 82621, 97871, 100, 501.78
2026/10/09 01:51:08.089, 1, 82708, 97871, 61, 479.99
2026/10/09 01:51:08.090, 2, 82615, 97871, 100, 541.68
2026/10/09 01:51:08.090, 3, 82620, 97871, 95, 513.07
2026/10/09 01:51:09.090, 0, 82621, 97871, 100, 502.52
2026/10/09 01:51:09.090, 1, 82708, 97871, 71, 401.22
2026/10/09 01:51:09.090, 2, 82615, 97871, 100, 537.44
2026/10/09 01:51:09.090, 3, 82620, 97871, 89, 516.64
2026/10/09 01:51:10.090, 0, 82621, 97871, 100, 469.15
2026/10/09 01:51:10.090, 1, 82708, 97871, 88, 386.78
2026/10/09 01:51:10.090, 2, 82615, 97871, 100, 539.38
2026/10/09 01:51:10.090, 3, 82620, 97871, 93, 515.27
2026/10/09 01:51:11.090, 0, 82621, 97871, 100, 522.11
2026/10/09 01:51:11.090, 1, 82708, 97871, 82, 436.84
2026/10/09 01:51:11.090, 2, 82615, 97871, 100, 536.49
2026/10/09 01:51:11.091, 3, 82620, 97871, 100, 521.45
2026/10/09 01:51:12.092, 0, 82621, 97871, 100, 518.46
2026/10/09 01:51:12.093, 1, 82708, 97871, 75, 431.04
2026/10/09 01:51:12.093, 2, 82615, 97871, 100, 539.79
2026/10/09 01:51:12.093, 3, 82620, 97871, 95, 521.69
2026/10/09 01:51:13.093, 0, 82621, 97871, 100, 521.93
2026/10/09 01:51:13.093, 1, 82708, 97871, 100, 417.37
2026/10/09 01:51:13.093, 2, 82615, 97871, 100, 537.74
2026/10/09 01:51:13.093, 3, 82620, 97871, 90, 508.71
2026/10/09 01:51:14.093, 0, 82621, 97871, 100, 519.53
2026/10/09 01:51:14.093, 1, 82708, 97871, 80, 441.14
2026/10/09 01:51:14.093, 2, 82615, 97871, 100, 532.40
2026/10/09 01:51:14.093, 3, 82620, 97871, 86, 517.13
2026/10/09 01:51:15.093, 0, 82621, 97871, 100, 518.43
2026/10/09 01:51:15.093, 1, 82708, 97871, 65, 398.15
2026/10/09 01:51:15.094, 2, 82615, 97871, 91, 536.75
2026/10/09 01:51:15.094, 3, 82620, 97871, 95, 515.67
2026/10/09 01:51:16.094, 0, 82621, 97871, 100, 520.05
2026/10/09 01:51:16.094, 1, 82708, 97871, 58, 433.86
2026/10/09 01:51:16.094, 2, 82615, 97871, 100, 534.81
2026/10/09 01:51:16.094, 3, 82620, 97871, 87, 505.59
2026/10/09 01:51:17.094, 0, 82621, 97871, 100, 514.89
2026/10/09 01:51:17.094, 1, 82708, 97871, 57, 407.78
2026/10/09 01:51:17.094, 2, 82615, 97871, 100, 521.71
2026/10/09 01:51:17.094, 3, 82620, 97871, 87, 507.45
2026/10/09 01:51:18.094, 0, 82621, 97871, 100, 521.85
2026/10/09 01:51:18.094, 1, 82708, 97871, 100, 453.02
2026/10/09 01:51:18.094, 2, 82615, 97871, 100, 514.64
2026/10/09 01:51:18.094, 3, 82620, 97871, 92, 506.34
2026/10/09 01:51:19.095, 0, 82621, 97871, 100, 520.00
2026/10/09 01:51:19.095, 1, 82708, 97871, 65, 430.51
2026/10/09 01:51:19.095, 2, 82615, 97871, 100, 518.31
2026/10/09 01:51:19.095, 3, 82620, 97871, 86, 502.58
2026/10/09 01:51:20.095, 0, 82621, 97871, 100, 518.53
2026/10/09 01:51:20.095, 1, 82708, 97871, 57, 412.18
2026/10/09 01:51:20.095, 2, 82615, 97871, 100, 510.07
2026/10/09 01:51:20.095, 3, 82620, 97871, 83, 498.21
2026/10/09 01:51:21.095, 0, 82621, 97871, 100, 502.10
2026/10/09 01:51:21.095, 1, 82708, 97871, 60, 462.38
2026/10/09 01:51:21.095, 2, 82615, 97871, 100, 510.85
2026/10/09 01:51:21.095, 3, 82620, 97871, 84, 494.07
2026/10/09 01:51:22.100, 0, 82621, 97871, 100, 505.04
2026/10/09 01:51:22.100, 1, 82708, 97871, 90, 443.49
2026/10/09 01:51:22.101, 2, 82615, 97871, 39, 434.61
2026/10/09 01:51:22.101, 3, 82620, 97871, 100, 460.85
2026/10/09 01:51:23.101, 0, 82621, 97871, 100, 497.40
2026/10/09 01:51:23.101, 1, 82708, 97871, 58, 404.07
2026/10/09 01:51:23.101, 2, 82615, 97871, 100, 536.73
2026/10/09 01:51:23.101, 3, 82620, 97871, 97, 521.01
2026/10/09 01:51:24.101, 0, 82621, 97871, 100, 500.79
2026/10/09 01:51:24.101, 1, 82708, 97871, 57, 438.30
2026/10/09 01:51:24.101, 2, 82615, 97871, 100, 540.43
2026/10/09 01:51:24.101, 3, 82620, 97871, 100, 529.93
2026/10/09 01:51:25.101, 0, 82621, 97871, 100, 499.01
2026/10/09 01:51:25.101, 1, 82708, 97871, 75, 419.08
2026/10/09 01:51:25.101, 2, 82615, 97871, 100, 538.03
2026/10/09 01:51:25.101, 3, 82620, 97871, 100, 525.83
2026/10/09 01:51:26.102, 0, 82621, 97871, 100, 484.65
2026/10/09 01:51:26.102, 1, 82708, 97871, 86, 452.86
2026/10/09 01:51:26.102, 2, 82615, 97871, 100, 539.50
2026/10/09 01:51:26.102, 3, 82620, 97871, 100, 526.45
2026/10/09 01:51:27.102, 0, 82621, 97871, 100, 519.12
2026/10/09 01:51:27.102, 1, 82708, 97871, 98, 405.26
2026/10/09 01:51:27.102, 2, 82615, 97871, 100, 539.00
2026/10/09 01:51:27.102, 3, 82620, 97871, 93, 521.94
2026/10/09 01:51:28.102, 0, 82621, 97871, 100, 522.94
2026/10/09 01:51:28.102, 1, 82708, 97871, 77, 432.33
2026/10/09 01:51:28.102, 2, 82615, 97871, 100, 536.69
2026/10/09 01:51:28.102, 3, 82620, 97871, 100, 522.84
2026/10/09 01:51:29.102, 0, 82621, 97871, 100, 515.76
2026/10/09 01:51:29.102, 1, 82708, 97871, 84, 419.20
2026/10/09 01:51:29.103, 2, 82615, 97871, 100, 540.76
2026/10/09 01:51:29.103, 3, 82620, 97871, 100, 526.19
2026/10/09 01:51:30.103, 0, 82621, 97871, 100, 515.51
2026/10/09 01:51:30.103, 1, 82708, 97871, 88, 453.79
2026/10/09 01:51:30.103, 2, 82615, 97871, 100, 540.61
2026/10/09 01:51:30.103, 3, 82620, 97871, 100, 527.29
2026/10/09 01:51:31.103, 0, 82621, 97871, 100, 523.98
2026/10/09 01:51:31.103, 1, 82708, 97871, 63, 398.13
2026/10/09 01:51:31.103, 2, 82615, 97871, 100, 536.33
2026/10/09 01:51:31.103, 3, 82620, 97871, 100, 516.82
2026/10/09 01:51:32.114, 0, 82621, 97871, 100, 518.12
2026/10/09 01:51:32.114, 1, 82708, 97871, 98, 471.05
2026/10/09 01:51:32.114, 2, 82615, 97871, 100, 536.21
2026/10/09 01:51:32.114, 3, 82620, 97871, 100, 525.25
2026/10/09 01:51:33.114, 0, 82621, 97871, 100, 513.49
2026/10/09 01:51:33.115, 1, 82708, 97871, 52, 359.26
2026/10/09 01:51:33.115, 2, 82615, 97871, 100, 513.02
2026/10/09 01:51:33.115, 3, 82620, 97871, 88, 489.50
2026/10/09 01:51:34.115, 0, 82621, 97871, 100, 516.36
2026/10/09 01:51:34.115, 1, 82708, 97871, 46, 367.98
2026/10/09 01:51:34.115, 2, 82615, 97871, 100, 517.33
2026/10/09 01:51:34.115, 3, 82620, 97871, 92, 503.69
2026/10/09 01:51:35.115, 0, 82621, 97871, 100, 518.53
2026/10/09 01:51:35.115, 1, 82708, 97871, 100, 536.62
2026/10/09 01:51:35.115, 2, 82615, 97871, 100, 530.39
2026/10/09 01:51:35.115, 3, 82620, 97871, 89, 495.14
2026/10/09 01:51:36.115, 0, 82621, 97871, 100, 514.52
2026/10/09 01:51:36.115, 1, 82708, 97871, 100, 533.16
2026/10/09 01:51:36.116, 2, 82615, 97871, 100, 535.09
2026/10/09 01:51:36.116, 3, 82620, 97871, 88, 491.73
2026/10/09 01:51:37.116, 0, 82621, 97871, 100, 508.36
2026/10/09 01:51:37.116, 1, 82708, 97871, 77, 515.26
2026/10/09 01:51:37.116, 2, 82615, 97871, 100, 529.75
2026/10/09 01:51:37.116, 3, 82620, 97871, 82, 493.68
2026/10/09 01:51:38.116, 0, 82621, 97871, 100, 502.24
2026/10/09 01:51:38.116, 1, 82708, 97871, 81, 494.94
2026/10/09 01:51:38.116, 2, 82615, 97871, 100, 533.37
2026/10/09 01:51:38.116, 3, 82620, 97871, 85, 465.90
2026/10/09 01:51:39.116, 0, 82621, 97871, 100, 509.36
2026/10/09 01:51:39.116, 1, 82708, 97871, 60, 373.70
2026/10/09 01:51:39.116, 2, 82615, 97871, 100, 527.93
2026/10/09 01:51:39.116, 3, 82620, 97871, 100, 505.69
2026/10/09 01:51:40.117, 0, 82621, 97871, 100, 511.25
2026/10/09 01:51:40.117, 1, 82708, 97871, 100, 535.08
2026/10/09 01:51:40.117, 2, 82615, 97871, 100, 533.48
2026/10/09 01:51:40.117, 3, 82620, 97871, 100, 522.10
2026/10/09 01:51:41.117, 0, 82621, 97871, 100, 520.71
2026/10/09 01:51:41.117, 1, 82708, 97871, 100, 533.16
2026/10/09 01:51:41.117, 2, 82615, 97871, 100, 529.00
2026/10/09 01:51:41.117, 3, 82620, 97871, 93, 527.77
2026/10/09 01:51:42.121, 0, 82621, 97871, 100, 513.65
2026/10/09 01:51:42.121, 1, 82708, 97871, 79, 519.11
2026/10/09 01:51:42.121, 2, 82615, 97871, 100, 527.77
2026/10/09 01:51:42.121, 3, 82620, 97871, 100, 525.16
2026/10/09 01:51:43.121, 0, 82621, 97871, 100, 515.08
2026/10/09 01:51:43.121, 1, 82708, 97871, 100, 520.23
2026/10/09 01:51:43.122, 2, 82615, 97871, 100, 529.32
2026/10/09 01:51:43.122, 3, 82620, 97871, 100, 521.52
2026/10/09 01:51:44.122, 0, 82621, 97871, 100, 511.29
2026/10/09 01:51:44.122, 1, 82708, 97871, 100, 521.69
2026/10/09 01:51:44.122, 2, 82615, 97871, 100, 530.87
2026/10/09 01:51:44.122, 3, 82620, 97871, 100, 522.78
2026/10/09 01:51:45.122, 0, 82621, 97871, 100, 509.37
2026/10/09 01:51:45.122, 1, 82708, 97871, 100, 526.24
2026/10/09 01:51:45.122, 2, 82615, 97871, 100, 526.43
2026/10/09 01:51:45.122, 3, 82620, 97871, 100, 522.70
2026/10/09 01:51:46.122, 0, 82621, 97871, 100, 509.97
2026/10/09 01:51:46.122, 1, 82708, 97871, 100, 518.03
2026/10/09 01:51:46.122, 2, 82615, 97871, 100, 531.96
2026/10/09 01:51:46.123, 3, 82620, 97871, 91, 528.15
2026/10/09 01:51:47.123, 0, 82621, 97871, 100, 515.89
2026/10/09 01:51:47.123, 1, 82708, 97871, 100, 512.27
2026/10/09 01:51:47.123, 2, 82615, 97871, 100, 534.99
2026/10/09 01:51:47.123, 3, 82620, 97871, 91, 524.18
2026/10/09 01:51:48.123, 0, 82621, 97871, 100, 513.71
2026/10/09 01:51:48.123, 1, 82708, 97871, 100, 525.17
2026/10/09 01:51:48.123, 2, 82615, 97871, 100, 528.97
2026/10/09 01:51:48.123, 3, 82620, 97871, 100, 525.55
2026/10/09 01:51:49.123, 0, 82621, 97871, 100, 513.25
2026/10/09 01:51:49.123, 1, 82708, 97871, 100, 509.12
2026/10/09 01:51:49.123, 2, 82615, 97871, 100, 525.53
2026/10/09 01:51:49.123, 3, 82620, 97871, 89, 510.03
2026/10/09 01:51:50.124, 0, 82621, 97871, 100, 512.11
2026/10/09 01:51:50.124, 1, 82708, 97871, 100, 508.68
2026/10/09 01:51:50.124, 2, 82615, 97871, 100, 531.89
2026/10/09 01:51:50.124, 3, 82620, 97871, 90, 494.20
2026/10/09 01:51:51.124, 0, 82621, 97871, 100, 512.96
2026/10/09 01:51:51.124, 1, 82708, 97871, 100, 515.25
2026/10/09 01:51:51.124, 2, 82615, 97871, 100, 529.62
2026/10/09 01:51:51.124, 3, 82620, 97871, 100, 506.15
2026/10/09 01:51:52.133, 0, 82621, 97871, 100, 510.98
2026/10/09 01:51:52.133, 1, 82708, 97871, 96, 522.05
2026/10/09 01:51:52.133, 2, 82615, 97871, 100, 531.70
2026/10/09 01:51:52.133, 3, 82620, 97871, 100, 516.44
2026/10/09 01:51:53.133, 0, 82621, 97871, 100, 514.79
2026/10/09 01:51:53.133, 1, 82708, 97871, 85, 514.10
2026/10/09 01:51:53.133, 2, 82615, 97871, 100, 528.68
2026/10/09 01:51:53.133, 3, 82620, 97871, 93, 511.32
2026/10/09 01:51:54.133, 0, 82621, 97871, 100, 510.79
2026/10/09 01:51:54.133, 1, 82708, 97871, 99, 516.27
2026/10/09 01:51:54.133, 2, 82615, 97871, 100, 532.59
2026/10/09 01:51:54.133, 3, 82620, 97871, 93, 509.20
2026/10/09 01:51:55.134, 0, 82621, 97871, 100, 511.86
2026/10/09 01:51:55.134, 1, 82708, 97871, 88, 511.04
2026/10/09 01:51:55.134, 2, 82615, 97871, 100, 523.11
2026/10/09 01:51:55.134, 3, 82620, 97871, 100, 519.40
2026/10/09 01:51:56.134, 0, 82621, 97871, 100, 511.31
2026/10/09 01:51:56.134, 1, 82708, 97871, 68, 499.28
2026/10/09 01:51:56.134, 2, 82615, 97871, 100, 522.97
2026/10/09 01:51:56.134, 3, 82620, 97871, 93, 508.84
2026/10/09 01:51:57.134, 0, 82621, 97871, 100, 513.95
2026/10/09 01:51:57.134, 1, 82708, 97871, 62, 466.77
2026/10/09 01:51:57.134, 2, 82615, 97871, 100, 529.27
2026/10/09 01:51:57.134, 3, 82620, 97871, 100, 506.00
2026/10/09 01:51:58.135, 0, 82621, 97871, 100, 508.40
2026/10/09 01:51:58.135, 1, 82708, 97871, 100, 445.11
2026/10/09 01:51:58.135, 2, 82615, 97871, 100, 529.29
2026/10/09 01:51:58.135, 3, 82620, 97871, 88, 510.94
2026/10/09 01:51:59.135, 0, 82621, 97871, 100, 507.15
2026/10/09 01:51:59.135, 1, 82708, 97871, 100, 424.35
2026/10/09 01:51:59.135, 2, 82615, 97871, 100, 529.44
2026/10/09 01:51:59.135, 3, 82620, 97871, 100, 517.30
2026/10/09 01:52:00.135, 0, 82621, 97871, 100, 507.02
2026/10/09 01:52:00.135, 1, 82708, 97871, 100, 529.64
2026/10/09 01:52:00.135, 2, 82615, 97871, 100, 532.08
2026/10/09 01:52:00.135, 3, 82620, 97871, 100, 512.59
2026/10/09 01:52:01.136, 0, 82621, 97871, 100, 512.50
2026/10/09 01:52:01.136, 1, 82708, 97871, 100, 534.39
2026/10/09 01:52:01.136, 2, 82615, 97871, 100, 530.18
2026/10/09 01:52:01.136, 3, 82620, 97871, 97, 514.94
2026/10/09 01:52:02.139, 0, 82621, 97871, 100, 511.25
2026/10/09 01:52:02.140, 1, 82708, 97871, 100, 532.88
2026/10/09 01:52:02.140, 2, 82615, 97871, 100, 536.53
2026/10/09 01:52:02.140, 3, 82620, 97871, 92, 517.67
2026/10/09 01:52:03.140, 0, 82621, 97871, 100, 514.81
2026/10/09 01:52:03.140, 1, 82708, 97871, 100, 531.01
2026/10/09 01:52:03.140, 2, 82615, 97871, 100, 536.94
2026/10/09 01:52:03.140, 3, 82620, 97871, 93, 512.69
2026/10/09 01:52:04.140, 0, 82621, 97871, 100, 513.34
2026/10/09 01:52:04.140, 1, 82708, 97871, 100, 536.14
2026/10/09 01:52:04.140, 2, 82615, 97871, 100, 532.40
2026/10/09 01:52:04.140, 3, 82620, 97871, 100, 518.15
2026/10/09 01:52:05.140, 0, 82621, 97871, 100, 509.12
2026/10/09 01:52:05.141, 1, 82708, 97871, 100, 522.04
2026/10/09 01:52:05.141, 2, 82615, 97871, 100, 533.78
2026/10/09 01:52:05.141, 3, 82620, 97871, 100, 516.98
2026/10/09 01:52:06.141, 0, 82621, 97871, 100, 512.06
2026/10/09 01:52:06.141, 1, 82708, 97871, 62, 498.20
2026/10/09 01:52:06.141, 2, 82615, 97871, 100, 529.65
2026/10/09 01:52:06.141, 3, 82620, 97871, 92, 520.50
2026/10/09 01:52:07.141, 0, 82621, 97871, 100, 509.72
2026/10/09 01:52:07.141, 1, 82708, 97871, 50, 380.20
2026/10/09 01:52:07.141, 2, 82615, 97871, 100, 524.74
2026/10/09 01:52:07.141, 3, 82620, 97871, 91, 516.55
2026/10/09 01:52:08.141, 0, 82621, 97871, 100, 511.70
2026/10/09 01:52:08.141, 1, 82708, 97871, 42, 338.90
2026/10/09 01:52:08.142, 2, 82615, 97871, 100, 526.84
2026/10/09 01:52:08.142, 3, 82620, 97871, 100, 512.07
2026/10/09 01:52:09.142, 0, 82621, 97871, 100, 511.55
2026/10/09 01:52:09.142, 1, 82708, 97871, 100, 541.51
2026/10/09 01:52:09.142, 2, 82615, 97871, 100, 530.31
2026/10/09 01:52:09.142, 3, 82620, 97871, 96, 518.37
2026/10/09 01:52:10.142, 0, 82621, 97871, 100, 514.78
2026/10/09 01:52:10.142, 1, 82708, 97871, 100, 534.26
2026/10/09 01:52:10.142, 2, 82615, 97871, 100, 526.21
2026/10/09 01:52:10.142, 3, 82620, 97871, 91, 514.06
2026/10/09 01:52:11.142, 0, 82621, 97871, 100, 512.68
2026/10/09 01:52:11.142, 1, 82708, 97871, 100, 530.62
2026/10/09 01:52:11.143, 2, 82615, 97871, 100, 528.38
2026/10/09 01:52:11.143, 3, 82620, 97871, 86, 514.68
2026/10/09 01:52:12.152, 0, 82621, 97871, 100, 510.02
2026/10/09 01:52:12.152, 1, 82708, 97871, 100, 532.05
2026/10/09 01:52:12.152, 2, 82615, 97871, 100, 529.75
2026/10/09 01:52:12.152, 3, 82620, 97871, 89, 504.19
2026/10/09 01:52:13.153, 0, 82621, 97871, 100, 516.41
2026/10/09 01:52:13.153, 1, 82708, 97871, 100, 530.39
2026/10/09 01:52:13.153, 2, 82615, 97871, 100, 530.54
2026/10/09 01:52:13.153, 3, 82620, 97871, 89, 502.71
2026/10/09 01:52:14.153, 0, 82621, 97871, 100, 511.11
2026/10/09 01:52:14.153, 1, 82708, 97871, 100, 527.14
2026/10/09 01:52:14.153, 2, 82615, 97871, 100, 533.15
2026/10/09 01:52:14.153, 3, 82620, 97871, 100, 516.13
2026/10/09 01:52:15.153, 0, 82621, 97871, 100, 510.55
2026/10/09 01:52:15.153, 1, 82708, 97871, 100, 520.99
2026/10/09 01:52:15.153, 2, 82615, 97871, 100, 533.47
2026/10/09 01:52:15.153, 3, 82620, 97871, 91, 511.92
2026/10/09 01:52:16.153, 0, 82621, 97871, 100, 506.16
2026/10/09 01:52:16.154, 1, 82708, 97871, 100, 529.96
2026/10/09 01:52:16.154, 2, 82615, 97871, 100, 527.90
2026/10/09 01:52:16.154, 3, 82620, 97871, 94, 507.15
2026/10/09 01:52:17.154, 0, 82621, 97871, 100, 514.39
2026/10/09 01:52:17.154, 1, 82708, 97871, 100, 524.97
2026/10/09 01:52:17.154, 2, 82615, 97871, 100, 531.03
2026/10/09 01:52:17.154, 3, 82620, 97871, 88, 519.49
2026/10/09 01:52:18.154, 0, 82621, 97871, 100, 514.61
2026/10/09 01:52:18.154, 1, 82708, 97871, 100, 523.30
2026/10/09 01:52:18.154, 2, 82615, 97871, 100, 527.86
2026/10/09 01:52:18.154, 3, 82620, 97871, 91, 513.20
2026/10/09 01:52:19.154, 0, 82621, 97871, 100, 510.11
2026/10/09 01:52:19.155, 1, 82708, 97871, 100, 522.73
2026/10/09 01:52:19.155, 2, 82615, 97871, 100, 531.84
2026/10/09 01:52:19.155, 3, 82620, 97871, 100, 512.05
2026/10/09 01:52:20.155, 0, 82621, 97871, 100, 511.53
2026/10/09 01:52:20.155, 1, 82708, 97871, 100, 522.05
2026/10/09 01:52:20.155, 2, 82615, 97871, 100, 529.31
2026/10/09 01:52:20.155, 3, 82620, 97871, 97, 515.32
2026/10/09 01:52:21.155, 0, 82621, 97871, 100, 512.04
2026/10/09 01:52:21.155, 1, 82708, 97871, 100, 517.98
2026/10/09 01:52:21.155, 2, 82615, 97871, 100, 516.08
2026/10/09 01:52:21.155, 3, 82620, 97871, 100, 517.50
2026/10/09 01:52:22.159, 0, 82621, 97871, 100, 511.83
2026/10/09 01:52:22.159, 1, 82708, 97871, 100, 521.16
2026/10/09 01:52:22.159, 2, 82615, 97871, 100, 517.71
2026/10/09 01:52:22.159, 3, 82620, 97871, 92, 521.01
2026/10/09 01:52:23.159, 0, 82621, 97871, 100, 515.11
2026/10/09 01:52:23.159, 1, 82708, 97871, 100, 522.31
2026/10/09 01:52:23.159, 2, 82615, 97871, 100, 513.71
2026/10/09 01:52:23.159, 3, 82620, 97871, 86, 513.71
2026/10/09 01:52:24.160, 0, 82621, 97871, 100, 513.31
2026/10/09 01:52:24.160, 1, 82708, 97871, 100, 525.56
2026/10/09 01:52:24.160, 2, 82615, 97871, 100, 447.82
2026/10/09 01:52:24.160, 3, 82620, 97871, 92, 520.52
2026/10/09 01:52:25.160, 0, 82621, 97871, 100, 504.33
2026/10/09 01:52:25.160, 1, 82708, 97871, 100, 520.80
2026/10/09 01:52:25.160, 2, 82615, 97871, 100, 427.04
2026/10/09 01:52:25.160, 3, 82620, 97871, 86, 509.46
2026/10/09 01:52:26.160, 0, 82621, 97871, 100, 501.27
2026/10/09 01:52:26.160, 1, 82708, 97871, 100, 523.30
2026/10/09 01:52:26.160, 2, 82615, 97871, 100, 540.75
2026/10/09 01:52:26.160, 3, 82620, 97871, 92, 511.31
2026/10/09 01:52:27.160, 0, 82621, 97871, 100, 500.85
2026/10/09 01:52:27.161, 1, 82708, 97871, 100, 525.33
2026/10/09 01:52:27.161, 2, 82615, 97871, 100, 540.95
2026/10/09 01:52:27.161, 3, 82620, 97871, 90, 511.85
2026/10/09 01:52:28.161, 0, 82621, 97871, 100, 497.13
2026/10/09 01:52:28.161, 1, 82708, 97871, 100, 524.43
2026/10/09 01:52:28.161, 2, 82615, 97871, 100, 544.12
2026/10/09 01:52:28.161, 3, 82620, 97871, 98, 512.66
2026/10/09 01:52:29.161, 0, 82621, 97871, 90, 417.73
2026/10/09 01:52:29.161, 1, 82708, 97871, 100, 528.60
2026/10/09 01:52:29.161, 2, 82615, 97871, 100, 540.17
2026/10/09 01:52:29.161, 3, 82620, 97871, 100, 516.67
2026/10/09 01:52:30.161, 0, 82621, 97871, 100, 516.98
2026/10/09 01:52:30.162, 1, 82708, 97871, 100, 524.72
2026/10/09 01:52:30.162, 2, 82615, 97871, 100, 541.39
2026/10/09 01:52:30.162, 3, 82620, 97871, 94, 517.59
2026/10/09 01:52:31.162, 0, 82621, 97871, 100, 519.01
2026/10/09 01:52:31.162, 1, 82708, 97871, 100, 524.24
2026/10/09 01:52:31.162, 2, 82615, 97871, 100, 545.04
2026/10/09 01:52:31.162, 3, 82620, 97871, 100, 518.69
2026/10/09 01:52:32.177, 0, 82621, 97871, 100, 517.14
2026/10/09 01:52:32.177, 1, 82708, 97871, 100, 526.06
2026/10/09 01:52:32.178, 2, 82615, 97871, 100, 542.42
2026/10/09 01:52:32.178, 3, 82620, 97871, 92, 515.99
2026/10/09 01:52:33.178, 0, 82621, 97871, 100, 520.78
2026/10/09 01:52:33.178, 1, 82708, 97871, 100, 524.83
2026/10/09 01:52:33.178, 2, 82615, 97871, 100, 539.88
2026/10/09 01:52:33.178, 3, 82620, 97871, 92, 516.11
2026/10/09 01:52:34.178, 0, 82621, 97871, 100, 520.52
2026/10/09 01:52:34.178, 1, 82708, 97871, 100, 522.60
2026/10/09 01:52:34.178, 2, 82615, 97871, 100, 542.39
2026/10/09 01:52:34.178, 3, 82620, 97871, 87, 511.42
2026/10/09 01:52:35.178, 0, 82621, 97871, 100, 519.32
2026/10/09 01:52:35.178, 1, 82708, 97871, 100, 521.44
2026/10/09 01:52:35.178, 2, 82615, 97871, 100, 526.35
2026/10/09 01:52:35.179, 3, 82620, 97871, 88, 509.01
2026/10/09 01:52:36.179, 0, 82621, 97871, 100, 519.92
2026/10/09 01:52:36.179, 1, 82708, 97871, 100, 522.38
2026/10/09 01:52:36.179, 2, 82615, 97871, 100, 516.85
2026/10/09 01:52:36.179, 3, 82620, 97871, 100, 516.77
2026/10/09 01:52:37.179, 0, 82621, 97871, 100, 519.33
2026/10/09 01:52:37.179, 1, 82708, 97871, 100, 525.60
2026/10/09 01:52:37.179, 2, 82615, 97871, 100, 525.44
2026/10/09 01:52:37.179, 3, 82620, 97871, 91, 518.05
2026/10/09 01:52:38.179, 0, 82621, 97871, 100, 517.44
2026/10/09 01:52:38.179, 1, 82708, 97871, 100, 524.51
2026/10/09 01:52:38.179, 2, 82615, 97871, 100, 530.60
2026/10/09 01:52:38.179, 3, 82620, 97871, 100, 513.85
2026/10/09 01:52:39.180, 0, 82621, 97871, 100, 518.83
2026/10/09 01:52:39.180, 1, 82708, 97871, 100, 520.79
2026/10/09 01:52:39.180, 2, 82615, 97871, 100, 530.57
2026/10/09 01:52:39.180, 3, 82620, 97871, 84, 487.84
2026/10/09 01:52:40.180, 0, 82621, 97871, 100, 508.62
2026/10/09 01:52:40.180, 1, 82708, 97871, 91, 507.66
2026/10/09 01:52:40.180, 2, 82615, 97871, 100, 530.06
2026/10/09 01:52:40.180, 3, 82620, 97871, 88, 494.30
2026/10/09 01:52:41.180, 0, 82621, 97871, 100, 498.68
2026/10/09 01:52:41.180, 1, 82708, 97871, 76, 490.51
2026/10/09 01:52:41.180, 2, 82615, 97871, 100, 532.84
2026/10/09 01:52:41.180, 3, 82620, 97871, 83, 500.85
2026/10/09 01:52:42.191, 0, 82621, 97871, 100, 507.46
2026/10/09 01:52:42.191, 1, 82708, 97871, 58, 420.71
2026/10/09 01:52:42.191, 2, 82615, 97871, 100, 529.29
2026/10/09 01:52:42.191, 3, 82620, 97871, 81, 497.87
2026/10/09 01:52:43.191, 0, 82621, 97871, 100, 518.52
2026/10/09 01:52:43.191, 1, 82708, 97871, 100, 473.00
2026/10/09 01:52:43.191, 2, 82615, 97871, 100, 529.32
2026/10/09 01:52:43.191, 3, 82620, 97871, 20, 385.84
2026/10/09 01:52:44.191, 0, 82621, 97871, 100, 507.55
2026/10/09 01:52:44.192, 1, 82708, 97871, 100, 531.40
2026/10/09 01:52:44.192, 2, 82615, 97871, 100, 524.58
2026/10/09 01:52:44.192, 3, 82620, 97871, 100, 528.93
2026/10/09 01:52:45.192, 0, 82621, 97871, 100, 514.65
2026/10/09 01:52:45.192, 1, 82708, 97871, 100, 534.48
2026/10/09 01:52:45.192, 2, 82615, 97871, 100, 530.10
2026/10/09 01:52:45.192, 3, 82620, 97871, 92, 527.23
2026/10/09 01:52:46.192, 0, 82621, 97871, 100, 514.81
2026/10/09 01:52:46.192, 1, 82708, 97871, 100, 534.09
2026/10/09 01:52:46.192, 2, 82615, 97871, 100, 526.00
2026/10/09 01:52:46.192, 3, 82620, 97871, 100, 526.01
2026/10/09 01:52:47.192, 0, 82621, 97871, 100, 512.96
2026/10/09 01:52:47.193, 1, 82708, 97871, 100, 531.75
2026/10/09 01:52:47.193, 2, 82615, 97871, 100, 535.93
2026/10/09 01:52:47.193, 3, 82620, 97871, 100, 523.93
2026/10/09 01:52:48.193, 0, 82621, 97871, 100, 505.69
2026/10/09 01:52:48.193, 1, 82708, 97871, 100, 531.81
2026/10/09 01:52:48.193, 2, 82615, 97871, 100, 533.69
2026/10/09 01:52:48.193, 3, 82620, 97871, 100, 525.27
2026/10/09 01:52:49.193, 0, 82621, 97871, 100, 511.27
2026/10/09 01:52:49.193, 1, 82708, 97871, 83, 530.42
2026/10/09 01:52:49.193, 2, 82615, 97871, 100, 531.55
2026/10/09 01:52:49.193, 3, 82620, 97871, 100, 517.19
2026/10/09 01:52:50.193, 0, 82621, 97871, 100, 512.59
2026/10/09 01:52:50.193, 1, 82708, 97871, 97, 529.98
2026/10/09 01:52:50.193, 2, 82615, 97871, 100, 529.85
2026/10/09 01:52:50.193, 3, 82620, 97871, 100, 525.39
2026/10/09 01:52:51.194, 0, 82621, 97871, 100, 513.20
2026/10/09 01:52:51.194, 1, 82708, 97871, 100, 532.99
2026/10/09 01:52:51.194, 2, 82615, 97871, 100, 535.84
2026/10/09 01:52:51.194, 3, 82620, 97871, 89, 525.84
2026/10/09 01:52:52.198, 0, 82621, 97871, 100, 514.46
2026/10/09 01:52:52.198, 1, 82708, 97871, 100, 529.10
2026/10/09 01:52:52.198, 2, 82615, 97871, 100, 525.16
2026/10/09 01:52:52.198, 3, 82620, 97871, 100, 522.10
2026/10/09 01:52:53.198, 0, 82621, 97871, 100, 514.04
2026/10/09 01:52:53.198, 1, 82708, 97871, 100, 528.80
2026/10/09 01:52:53.198, 2, 82615, 97871, 100, 515.23
2026/10/09 01:52:53.198, 3, 82620, 97871, 100, 525.12
2026/10/09 01:52:54.198, 0, 82621, 97871, 100, 512.96
2026/10/09 01:52:54.198, 1, 82708, 97871, 100, 521.37
2026/10/09 01:52:54.198, 2, 82615, 97871, 100, 513.45
2026/10/09 01:52:54.198, 3, 82620, 97871, 88, 516.46
2026/10/09 01:52:55.198, 0, 82621, 97871, 100, 513.11
2026/10/09 01:52:55.198, 1, 82708, 97871, 100, 518.07
2026/10/09 01:52:55.198, 2, 82615, 97871, 100, 500.94
2026/10/09 01:52:55.198, 3, 82620, 97871, 89, 496.98
2026/10/09 01:52:56.198, 0, 82621, 97871, 100, 516.95
2026/10/09 01:52:56.198, 1, 82708, 97871, 94, 512.21
2026/10/09 01:52:56.198, 2, 82615, 97871, 100, 413.52
2026/10/09 01:52:56.198, 3, 82620, 97871, 87, 505.04
2026/10/09 01:52:57.199, 0, 82621, 97871, 100, 508.74
2026/10/09 01:52:57.199, 1, 82708, 97871, 93, 511.24
2026/10/09 01:52:57.199, 2, 82615, 97871, 100, 540.11
2026/10/09 01:52:57.199, 3, 82620, 97871, 100, 516.18
2026/10/09 01:52:58.199, 0, 82621, 97871, 100, 500.08
2026/10/09 01:52:58.199, 1, 82708, 97871, 67, 496.26
2026/10/09 01:52:58.199, 2, 82615, 97871, 100, 539.84
2026/10/09 01:52:58.199, 3, 82620, 97871, 86, 508.95
2026/10/09 01:52:59.199, 0, 82621, 97871, 100, 503.09
2026/10/09 01:52:59.199, 1, 82708, 97871, 77, 433.61
2026/10/09 01:52:59.199, 2, 82615, 97871, 100, 538.48
2026/10/09 01:52:59.199, 3, 82619, 97871, 94, 518.92
2026/10/09 01:53:00.200, 0, 82621, 97871, 100, 500.63
2026/10/09 01:53:00.200, 1, 82708, 97871, 100, 522.70
2026/10/09 01:53:00.200, 2, 82615, 97871, 100, 543.62
2026/10/09 01:53:00.200, 3, 82619, 97871, 92, 507.87
2026/10/09 01:53:01.200, 0, 82621, 97871, 0, 441.77
2026/10/09 01:53:01.200, 1, 82708, 97871, 100, 533.93
2026/10/09 01:53:01.200, 2, 82615, 97871, 100, 538.37
2026/10/09 01:53:01.200, 3, 82619, 97871, 87, 517.22
2026/10/09 01:53:02.211, 0, 82621, 97871, 100, 518.09
2026/10/09 01:53:02.212, 1, 82708, 97871, 100, 532.16
2026/10/09 01:53:02.212, 2, 82615, 97871, 100, 543.34
2026/10/09 01:53:02.212, 3, 82619, 97871, 100, 506.16
2026/10/09 01:53:03.212, 0, 82621, 97871, 100, 515.40
2026/10/09 01:53:03.212, 1, 82708, 97871, 100, 534.91
2026/10/09 01:53:03.212, 2, 82615, 97871, 100, 542.52
2026/10/09 01:53:03.212, 3, 82619, 97871, 89, 498.90
2026/10/09 01:53:04.212, 0, 82621, 97871, 100, 518.74
2026/10/09 01:53:04.212, 1, 82708, 97871, 100, 531.66
2026/10/09 01:53:04.212, 2, 82615, 97871, 100, 544.14
2026/10/09 01:53:04.212, 3, 82619, 97871, 92, 515.36
2026/10/09 01:53:05.212, 0, 82621, 97871, 100, 517.66
2026/10/09 01:53:05.212, 1, 82708, 97871, 100, 531.91
2026/10/09 01:53:05.213, 2, 82615, 97871, 100, 542.95
2026/10/09 01:53:05.213, 3, 82619, 97871, 100, 512.17
2026/10/09 01:53:06.213, 0, 82621, 97871, 100, 519.71
2026/10/09 01:53:06.213, 1, 82708, 97871, 100, 532.85
2026/10/09 01:53:06.213, 2, 82615, 97871, 100, 536.13
2026/10/09 01:53:06.213, 3, 82619, 97871, 100, 518.69
2026/10/09 01:53:07.213, 0, 82621, 97871, 100, 516.91
2026/10/09 01:53:07.213, 1, 82708, 97871, 100, 531.53
2026/10/09 01:53:07.213, 2, 82615, 97871, 100, 519.49
2026/10/09 01:53:07.213, 3, 82619, 97871, 100, 511.36
2026/10/09 01:53:08.213, 0, 82621, 97871, 100, 512.87
2026/10/09 01:53:08.213, 1, 82708, 97871, 100, 533.59
2026/10/09 01:53:08.213, 2, 82615, 97871, 100, 523.67
2026/10/09 01:53:08.213, 3, 82619, 97871, 100, 516.33
2026/10/09 01:53:09.214, 0, 82621, 97871, 100, 522.57
2026/10/09 01:53:09.214, 1, 82708, 97871, 100, 533.65
2026/10/09 01:53:09.214, 2, 82615, 97871, 100, 529.86
2026/10/09 01:53:09.214, 3, 82619, 97871, 100, 518.56
2026/10/09 01:53:10.214, 0, 82621, 97871, 100, 518.30
2026/10/09 01:53:10.214, 1, 82708, 97871, 100, 529.67
2026/10/09 01:53:10.214, 2, 82615, 97871, 100, 528.73
2026/10/09 01:53:10.214, 3, 82619, 97871, 100, 518.86
2026/10/09 01:53:11.214, 0, 82621, 97871, 100, 515.41
2026/10/09 01:53:11.214, 1, 82708, 97871, 100, 518.72
2026/10/09 01:53:11.214, 2, 82615, 97871, 100, 530.62
2026/10/09 01:53:11.214, 3, 82619, 97871, 100, 520.12
2026/10/09 01:53:12.219, 0, 82621, 97871, 100, 514.60
2026/10/09 01:53:12.219, 1, 82708, 97871, 100, 521.67
2026/10/09 01:53:12.219, 2, 82615, 97871, 100, 532.51
2026/10/09 01:53:12.219, 3, 82619, 97871, 85, 497.91
2026/10/09 01:53:13.219, 0, 82621, 97871, 100, 497.54
2026/10/09 01:53:13.219, 1, 82708, 97871, 100, 524.67
2026/10/09 01:53:13.219, 2, 82615, 97871, 100, 529.89
2026/10/09 01:53:13.219, 3, 82619, 97871, 87, 492.74
2026/10/09 01:53:14.219, 0, 82621, 97871, 100, 509.32
2026/10/09 01:53:14.219, 1, 82708, 97871, 100, 525.12
2026/10/09 01:53:14.219, 2, 82615, 97871, 100, 529.08
2026/10/09 01:53:14.219, 3, 82619, 97871, 85, 494.20
2026/10/09 01:53:15.220, 0, 82621, 97871, 100, 513.20
2026/10/09 01:53:15.220, 1, 82708, 97871, 100, 525.67
2026/10/09 01:53:15.220, 2, 82615, 97871, 100, 524.82
2026/10/09 01:53:15.220, 3, 82619, 97871, 83, 493.86
2026/10/09 01:53:16.220, 0, 82621, 97871, 100, 510.06
2026/10/09 01:53:16.220, 1, 82708, 97871, 100, 522.90
2026/10/09 01:53:16.220, 2, 82615, 97871, 100, 525.18
2026/10/09 01:53:16.220, 3, 82619, 97871, 84, 474.81
2026/10/09 01:53:17.220, 0, 82621, 97871, 100, 512.64
2026/10/09 01:53:17.220, 1, 82708, 97871, 100, 525.91
2026/10/09 01:53:17.220, 2, 82615, 97871, 100, 532.88
2026/10/09 01:53:17.220, 3, 82619, 97871, 90, 477.73
2026/10/09 01:53:18.220, 0, 82621, 97871, 100, 514.01
2026/10/09 01:53:18.221, 1, 82708, 97871, 100, 521.69
2026/10/09 01:53:18.221, 2, 82615, 97871, 100, 534.93
2026/10/09 01:53:18.221, 3, 82619, 97871, 100, 528.91
2026/10/09 01:53:19.221, 0, 82621, 97871, 100, 512.04
2026/10/09 01:53:19.221, 1, 82708, 97871, 100, 528.14
2026/10/09 01:53:19.221, 2, 82615, 97871, 100, 534.82
2026/10/09 01:53:19.221, 3, 82619, 97871, 100, 529.73
2026/10/09 01:53:20.221, 0, 82621, 97871, 100, 509.83
2026/10/09 01:53:20.221, 1, 82708, 97871, 100, 526.21
2026/10/09 01:53:20.221, 2, 82615, 97871, 100, 527.46
2026/10/09 01:53:20.221, 3, 82619, 97871, 100, 523.60
2026/10/09 01:53:21.221, 0, 82621, 97871, 100, 506.55
2026/10/09 01:53:21.222, 1, 82708, 97871, 100, 526.13
2026/10/09 01:53:21.222, 2, 82615, 97871, 100, 532.40
2026/10/09 01:53:21.222, 3, 82619, 97871, 100, 524.02
2026/10/09 01:53:22.227, 0, 82621, 97871, 100, 510.86
2026/10/09 01:53:22.227, 1, 82708, 97871, 100, 525.41
2026/10/09 01:53:22.227, 2, 82615, 97871, 100, 528.73
2026/10/09 01:53:22.227, 3, 82619, 97871, 90, 522.36
2026/10/09 01:53:23.228, 0, 82621, 97871, 100, 512.34
2026/10/09 01:53:23.228, 1, 82708, 97871, 100, 528.76
2026/10/09 01:53:23.228, 2, 82615, 97871, 100, 529.09
2026/10/09 01:53:23.228, 3, 82619, 97871, 100, 521.30
2026/10/09 01:53:24.228, 0, 82621, 97871, 100, 512.97
2026/10/09 01:53:24.228, 1, 82708, 97871, 100, 528.08
2026/10/09 01:53:24.228, 2, 82615, 97871, 100, 533.10
2026/10/09 01:53:24.228, 3, 82619, 97871, 100, 524.11
2026/10/09 01:53:25.228, 0, 82621, 97871, 100, 510.97
2026/10/09 01:53:25.228, 1, 82708, 97871, 100, 524.92
2026/10/09 01:53:25.228, 2, 82615, 97871, 100, 530.44
2026/10/09 01:53:25.228, 3, 82619, 97871, 100, 520.10
2026/10/09 01:53:26.228, 0, 82621, 97871, 100, 518.37
2026/10/09 01:53:26.229, 1, 82708, 97871, 100, 527.52
2026/10/09 01:53:26.229, 2, 82615, 97871, 100, 533.64
2026/10/09 01:53:26.229, 3, 82619, 97871, 100, 521.70
2026/10/09 01:53:27.229, 0, 82621, 97871, 100, 515.26
2026/10/09 01:53:27.229, 1, 82708, 97871, 100, 527.21
2026/10/09 01:53:27.229, 2, 82615, 97871, 100, 533.43
2026/10/09 01:53:27.229, 3, 82619, 97871, 100, 525.77
2026/10/09 01:53:28.229, 0, 82621, 97871, 100, 517.95
2026/10/09 01:53:28.229, 1, 82708, 97871, 100, 525.61
2026/10/09 01:53:28.229, 2, 82615, 97871, 100, 524.87
2026/10/09 01:53:28.229, 3, 82619, 97871, 89, 496.29
2026/10/09 01:53:29.229, 0, 82621, 97871, 100, 513.40
2026/10/09 01:53:29.230, 1, 82708, 97871, 100, 524.50
2026/10/09 01:53:29.230, 2, 82615, 97871, 100, 526.70
2026/10/09 01:53:29.230, 3, 82619, 97871, 89, 500.41
2026/10/09 01:53:30.230, 0, 82621, 97871, 100, 514.68
2026/10/09 01:53:30.230, 1, 82708, 97871, 100, 526.19
2026/10/09 01:53:30.230, 2, 82615, 97871, 100, 527.41
2026/10/09 01:53:30.230, 3, 82619, 97871, 97, 511.54
2026/10/09 01:53:31.230, 0, 82621, 97871, 100, 509.90
2026/10/09 01:53:31.230, 1, 82708, 97871, 100, 526.85
2026/10/09 01:53:31.230, 2, 82615, 97871, 100, 531.20
2026/10/09 01:53:31.230, 3, 82619, 97871, 91, 522.13
2026/10/09 01:53:32.236, 0, 82621, 97871, 100, 511.91
2026/10/09 01:53:32.236, 1, 82708, 97871, 100, 524.33
2026/10/09 01:53:32.236, 2, 82615, 97871, 100, 535.25
2026/10/09 01:53:32.236, 3, 82619, 97871, 91, 517.08
2026/10/09 01:53:33.236, 0, 82621, 97871, 100, 514.03
2026/10/09 01:53:33.236, 1, 82708, 97871, 100, 523.96
2026/10/09 01:53:33.236, 2, 82615, 97871, 100, 533.29
2026/10/09 01:53:33.236, 3, 82619, 97871, 88, 517.60
2026/10/09 01:53:34.236, 0, 82621, 97871, 100, 510.92
2026/10/09 01:53:34.237, 1, 82708, 97871, 100, 521.58
2026/10/09 01:53:34.237, 2, 82615, 97871, 100, 532.45
2026/10/09 01:53:34.237, 3, 82619, 97871, 92, 510.65
2026/10/09 01:53:35.237, 0, 82621, 97871, 100, 511.36
2026/10/09 01:53:35.237, 1, 82708, 97871, 100, 525.53
2026/10/09 01:53:35.237, 2, 82615, 97871, 100, 538.53
2026/10/09 01:53:35.237, 3, 82619, 97871, 100, 509.97
2026/10/09 01:53:36.237, 0, 82621, 97871, 100, 511.03
2026/10/09 01:53:36.237, 1, 82708, 97871, 100, 528.10
2026/10/09 01:53:36.237, 2, 82615, 97871, 100, 529.37
2026/10/09 01:53:36.237, 3, 82619, 97871, 92, 504.07
2026/10/09 01:53:37.237, 0, 82621, 97871, 100, 512.50
2026/10/09 01:53:37.237, 1, 82708, 97871, 100, 522.13
2026/10/09 01:53:37.238, 2, 82615, 97871, 100, 533.45
2026/10/09 01:53:37.238, 3, 82619, 97871, 85, 506.98
2026/10/09 01:53:38.238, 0, 82621, 97871, 100, 513.51
2026/10/09 01:53:38.238, 1, 82708, 97871, 100, 523.92
2026/10/09 01:53:38.238, 2, 82615, 97871, 100, 532.94
2026/10/09 01:53:38.238, 3, 82619, 97871, 87, 517.21
2026/10/09 01:53:39.238, 0, 82621, 97871, 100, 512.02
2026/10/09 01:53:39.238, 1, 82708, 97871, 100, 527.87
2026/10/09 01:53:39.238, 2, 82615, 97871, 100, 528.62
2026/10/09 01:53:39.238, 3, 82619, 97871, 86, 516.32
2026/10/09 01:53:40.238, 0, 82621, 97871, 100, 514.65
2026/10/09 01:53:40.238, 1, 82708, 97871, 100, 526.58
2026/10/09 01:53:40.238, 2, 82615, 97871, 100, 530.10
2026/10/09 01:53:40.238, 3, 82619, 97871, 98, 517.49
2026/10/09 01:53:41.239, 0, 82621, 97871, 100, 513.93
2026/10/09 01:53:41.239, 1, 82708, 97871, 100, 525.87
2026/10/09 01:53:41.239, 2, 82615, 97871, 100, 533.84
2026/10/09 01:53:41.239, 3, 82619, 97871, 89, 515.13
2026/10/09 01:53:42.242, 0, 82621, 97871, 100, 511.94
2026/10/09 01:53:42.243, 1, 82708, 97871, 100, 527.21
2026/10/09 01:53:42.243, 2, 82615, 97871, 100, 529.13
2026/10/09 01:53:42.243, 3, 82619, 97871, 100, 512.86
2026/10/09 01:53:43.243, 0, 82621, 97871, 100, 512.99
2026/10/09 01:53:43.243, 1, 82708, 97871, 100, 525.48
2026/10/09 01:53:43.243, 2, 82615, 97871, 100, 535.53
2026/10/09 01:53:43.243, 3, 82619, 97871, 89, 519.64
2026/10/09 01:53:44.243, 0, 82621, 97871, 100, 508.51
2026/10/09 01:53:44.243, 1, 82708, 97871, 100, 529.28
2026/10/09 01:53:44.243, 2, 82615, 97871, 100, 528.11
2026/10/09 01:53:44.243, 3, 82619, 97871, 89, 519.20
2026/10/09 01:53:45.243, 0, 82621, 97871, 100, 511.60
2026/10/09 01:53:45.243, 1, 82708, 97871, 100, 526.42
2026/10/09 01:53:45.244, 2, 82615, 97871, 100, 531.53
2026/10/09 01:53:45.244, 3, 82619, 97871, 91, 511.26
2026/10/09 01:53:46.244, 0, 82621, 97871, 100, 510.50
2026/10/09 01:53:46.244, 1, 82708, 97871, 100, 521.95
2026/10/09 01:53:46.244, 2, 82615, 97871, 100, 526.49
2026/10/09 01:53:46.244, 3, 82619, 97871, 100, 519.37
2026/10/09 01:53:47.244, 0, 82621, 97871, 100, 512.38
2026/10/09 01:53:47.244, 1, 82708, 97871, 100, 520.71
2026/10/09 01:53:47.244, 2, 82615, 97871, 100, 534.41
2026/10/09 01:53:47.244, 3, 82619, 97871, 100, 515.76
2026/10/09 01:53:48.244, 0, 82621, 97871, 100, 512.07
2026/10/09 01:53:48.244, 1, 82708, 97871, 100, 523.58
2026/10/09 01:53:48.244, 2, 82615, 97871, 100, 530.95
2026/10/09 01:53:48.244, 3, 82619, 97871, 94, 507.48
2026/10/09 01:53:49.245, 0, 82621, 97871, 100, 509.88
2026/10/09 01:53:49.245, 1, 82708, 97871, 100, 524.02
2026/10/09 01:53:49.245, 2, 82615, 97871, 100, 529.70
2026/10/09 01:53:49.245, 3, 82619, 97871, 100, 512.90
2026/10/09 01:53:50.245, 0, 82621, 97871, 100, 513.26
2026/10/09 01:53:50.245, 1, 82708, 97871, 100, 520.75
2026/10/09 01:53:50.245, 2, 82615, 97871, 100, 524.51
2026/10/09 01:53:50.245, 3, 82619, 97871, 87, 517.15
2026/10/09 01:53:51.245, 0, 82621, 97871, 100, 510.04
2026/10/09 01:53:51.245, 1, 82708, 97871, 100, 524.55
2026/10/09 01:53:51.245, 2, 82615, 97871, 100, 535.08
2026/10/09 01:53:51.245, 3, 82619, 97871, 87, 501.26
2026/10/09 01:53:52.250, 0, 82621, 97871, 100, 506.81
2026/10/09 01:53:52.250, 1, 82708, 97871, 100, 528.20
2026/10/09 01:53:52.250, 2, 82615, 97871, 100, 540.83
2026/10/09 01:53:52.250, 3, 82619, 97871, 100, 517.38
2026/10/09 01:53:53.250, 0, 82621, 97871, 100, 510.88
2026/10/09 01:53:53.250, 1, 82708, 97871, 100, 524.98
2026/10/09 01:53:53.250, 2, 82615, 97871, 100, 533.42
2026/10/09 01:53:53.250, 3, 82619, 97871, 91, 509.37
2026/10/09 01:53:54.251, 0, 82621, 97871, 100, 511.89
2026/10/09 01:53:54.251, 1, 82708, 97871, 100, 522.03
2026/10/09 01:53:54.251, 2, 82615, 97871, 100, 537.71
2026/10/09 01:53:54.251, 3, 82619, 97871, 94, 505.56
2026/10/09 01:53:55.251, 0, 82621, 97871, 100, 509.79
2026/10/09 01:53:55.251, 1, 82708, 97871, 100, 529.08
2026/10/09 01:53:55.251, 2, 82615, 97871, 100, 528.02
2026/10/09 01:53:55.251, 3, 82619, 97871, 82, 512.13
2026/10/09 01:53:56.251, 0, 82621, 97871, 100, 509.02
2026/10/09 01:53:56.251, 1, 82708, 97871, 100, 523.59
2026/10/09 01:53:56.251, 2, 82615, 97871, 100, 526.27
2026/10/09 01:53:56.251, 3, 82619, 97871, 100, 518.85
2026/10/09 01:53:57.251, 0, 82621, 97871, 100, 510.77
2026/10/09 01:53:57.252, 1, 82708, 97871, 100, 522.32
2026/10/09 01:53:57.252, 2, 82615, 97871, 100, 531.63
2026/10/09 01:53:57.252, 3, 82619, 97871, 94, 518.83
2026/10/09 01:53:58.252, 0, 82621, 97871, 100, 509.08
2026/10/09 01:53:58.252, 1, 82708, 97871, 100, 525.87
2026/10/09 01:53:58.252, 2, 82615, 97871, 100, 528.97
2026/10/09 01:53:58.252, 3, 82619, 97871, 91, 518.24
2026/10/09 01:53:59.252, 0, 82621, 97871, 100, 513.51
2026/10/09 01:53:59.252, 1, 82708, 97871, 100, 524.86
2026/10/09 01:53:59.252, 2, 82615, 97871, 100, 525.55
2026/10/09 01:53:59.252, 3, 82619, 97871, 100, 520.44
2026/10/09 01:54:00.252, 0, 82621, 97871, 100, 511.30
2026/10/09 01:54:00.252, 1, 82708, 97871, 100, 518.80
2026/10/09 01:54:00.253, 2, 82615, 97871, 100, 524.38
2026/10/09 01:54:00.253, 3, 82619, 97871, 100, 521.79
2026/10/09 01:54:01.253, 0, 82621, 97871, 100, 513.34
2026/10/09 01:54:01.253, 1, 82708, 97871, 100, 515.13
2026/10/09 01:54:01.253, 2, 82615, 97871, 100, 529.45
2026/10/09 01:54:01.253, 3, 82619, 97871, 95, 511.80
2026/10/09 01:54:02.257, 0, 82621, 97871, 100, 511.75
2026/10/09 01:54:02.257, 1, 82708, 97871, 100, 511.97
2026/10/09 01:54:02.257, 2, 82615, 97871, 100, 532.13
2026/10/09 01:54:02.257, 3, 82619, 97871, 91, 517.28
2026/10/09 01:54:03.257, 0, 82621, 97871, 100, 512.46
2026/10/09 01:54:03.257, 1, 82708, 97871, 83, 471.12
2026/10/09 01:54:03.257, 2, 82615, 97871, 100, 529.66
2026/10/09 01:54:03.257, 3, 82619, 97871, 96, 515.76
2026/10/09 01:54:04.257, 0, 82621, 97871, 100, 512.35
2026/10/09 01:54:04.257, 1, 82708, 97871, 58, 377.06
2026/10/09 01:54:04.257, 2, 82615, 97871, 100, 534.77
2026/10/09 01:54:04.258, 3, 82619, 97871, 100, 517.46
2026/10/09 01:54:05.258, 0, 82621, 97871, 100, 509.87
2026/10/09 01:54:05.258, 1, 82708, 97871, 100, 478.47
2026/10/09 01:54:05.258, 2, 82615, 97871, 100, 529.06
2026/10/09 01:54:05.258, 3, 82619, 97871, 100, 511.98
2026/10/09 01:54:06.258, 0, 82621, 97871, 100, 506.44
2026/10/09 01:54:06.258, 1, 82708, 97871, 100, 530.49
2026/10/09 01:54:06.258, 2, 82615, 97871, 100, 529.34
2026/10/09 01:54:06.258, 3, 82619, 97871, 87, 509.09
2026/10/09 01:54:07.258, 0, 82621, 97871, 100, 505.93
2026/10/09 01:54:07.258, 1, 82708, 97871, 100, 532.37
2026/10/09 01:54:07.258, 2, 82615, 97871, 100, 529.97
2026/10/09 01:54:07.258, 3, 82619, 97871, 91, 506.23
2026/10/09 01:54:08.259, 0, 82621, 97871, 100, 512.33
2026/10/09 01:54:08.259, 1, 82708, 97871, 100, 532.11
2026/10/09 01:54:08.259, 2, 82615, 97871, 100, 527.91
2026/10/09 01:54:08.259, 3, 82619, 97871, 99, 509.51
2026/10/09 01:54:09.259, 0, 82621, 97871, 100, 511.29
2026/10/09 01:54:09.259, 1, 82708, 97871, 100, 529.93
2026/10/09 01:54:09.259, 2, 82615, 97871, 100, 533.24
2026/10/09 01:54:09.259, 3, 82619, 97871, 100, 507.08
2026/10/09 01:54:10.259, 0, 82621, 97871, 100, 511.95
2026/10/09 01:54:10.259, 1, 82708, 97871, 100, 530.52
2026/10/09 01:54:10.259, 2, 82615, 97871, 100, 531.01
2026/10/09 01:54:10.259, 3, 82619, 97871, 90, 519.75
2026/10/09 01:54:11.260, 0, 82621, 97871, 100, 510.70
2026/10/09 01:54:11.260, 1, 82708, 97871, 100, 532.39
2026/10/09 01:54:11.260, 2, 82615, 97871, 100, 537.17
2026/10/09 01:54:11.260, 3, 82619, 97871, 93, 515.02
2026/10/09 01:54:12.278, 0, 82621, 97871, 100, 515.67
2026/10/09 01:54:12.278, 1, 82708, 97871, 100, 533.90
2026/10/09 01:54:12.278, 2, 82615, 97871, 100, 524.79
2026/10/09 01:54:12.278, 3, 82619, 97871, 98, 512.90
2026/10/09 01:54:13.278, 0, 82621, 97871, 100, 513.56
2026/10/09 01:54:13.278, 1, 82708, 97871, 100, 530.51
2026/10/09 01:54:13.278, 2, 82615, 97871, 100, 533.86
2026/10/09 01:54:13.278, 3, 82619, 97871, 100, 515.14
2026/10/09 01:54:14.278, 0, 82621, 97871, 100, 515.23
2026/10/09 01:54:14.278, 1, 82708, 97871, 100, 532.21
2026/10/09 01:54:14.278, 2, 82615, 97871, 100, 528.13
2026/10/09 01:54:14.278, 3, 82619, 97871, 100, 515.29
2026/10/09 01:54:15.278, 0, 82621, 97871, 100, 513.53
2026/10/09 01:54:15.279, 1, 82708, 97871, 100, 529.79
2026/10/09 01:54:15.279, 2, 82615, 97871, 100, 525.52
2026/10/09 01:54:15.279, 3, 82619, 97871, 100, 510.93
2026/10/09 01:54:16.279, 0, 82621, 97871, 100, 509.83
2026/10/09 01:54:16.279, 1, 82708, 97871, 100, 517.06
2026/10/09 01:54:16.279, 2, 82615, 97871, 100, 528.42
2026/10/09 01:54:16.279, 3, 82619, 97871, 100, 514.34
2026/10/09 01:54:17.279, 0, 82621, 97871, 100, 511.88
2026/10/09 01:54:17.279, 1, 82708, 97871, 100, 518.91
2026/10/09 01:54:17.279, 2, 82615, 97871, 100, 530.18
2026/10/09 01:54:17.279, 3, 82619, 97871, 100, 518.97
2026/10/09 01:54:18.279, 0, 82621, 97871, 100, 511.56
2026/10/09 01:54:18.279, 1, 82708, 97871, 100, 522.59
2026/10/09 01:54:18.280, 2, 82615, 97871, 100, 529.98
2026/10/09 01:54:18.280, 3, 82619, 97871, 93, 513.23
2026/10/09 01:54:19.280, 0, 82621, 97871, 100, 510.77
2026/10/09 01:54:19.280, 1, 82708, 97871, 100, 525.31
2026/10/09 01:54:19.280, 2, 82615, 97871, 100, 530.94
2026/10/09 01:54:19.280, 3, 82619, 97871, 90, 515.63
2026/10/09 01:54:20.280, 0, 82621, 97871, 100, 510.98
2026/10/09 01:54:20.280, 1, 82708, 97871, 100, 525.18
2026/10/09 01:54:20.280, 2, 82615, 97871, 100, 531.53
2026/10/09 01:54:20.280, 3, 82619, 97871, 100, 518.43
2026/10/09 01:54:21.280, 0, 82621, 97871, 100, 508.97
2026/10/09 01:54:21.280, 1, 82708, 97871, 100, 522.95
2026/10/09 01:54:21.280, 2, 82615, 97871, 100, 529.66
2026/10/09 01:54:21.281, 3, 82619, 97871, 85, 512.08
2026/10/09 01:54:22.288, 0, 82621, 97871, 100, 507.52
2026/10/09 01:54:22.288, 1, 82708, 97871, 100, 523.48
2026/10/09 01:54:22.288, 2, 82615, 97871, 100, 533.42
2026/10/09 01:54:22.288, 3, 82619, 97871, 86, 510.57
2026/10/09 01:54:23.288, 0, 82621, 97871, 100, 510.57
2026/10/09 01:54:23.289, 1, 82708, 97871, 100, 527.14
2026/10/09 01:54:23.289, 2, 82615, 97871, 100, 536.74
2026/10/09 01:54:23.289, 3, 82619, 97871, 91, 508.70
2026/10/09 01:54:24.289, 0, 82621, 97871, 100, 512.08
2026/10/09 01:54:24.289, 1, 82708, 97871, 100, 523.58
2026/10/09 01:54:24.289, 2, 82615, 97871, 100, 527.24
2026/10/09 01:54:24.289, 3, 82619, 97871, 92, 500.99
2026/10/09 01:54:25.289, 0, 82621, 97871, 100, 512.62
2026/10/09 01:54:25.289, 1, 82708, 97871, 100, 523.03
2026/10/09 01:54:25.289, 2, 82615, 97871, 100, 534.72
2026/10/09 01:54:25.289, 3, 82619, 97871, 84, 519.09
2026/10/09 01:54:26.289, 0, 82621, 97871, 100, 512.71
2026/10/09 01:54:26.289, 1, 82708, 97871, 100, 526.52
2026/10/09 01:54:26.290, 2, 82615, 97871, 100, 531.66
2026/10/09 01:54:26.290, 3, 82619, 97871, 100, 519.47
2026/10/09 01:54:27.290, 0, 82621, 97871, 100, 513.26
2026/10/09 01:54:27.290, 1, 82708, 97871, 100, 524.64
2026/10/09 01:54:27.290, 2, 82615, 97871, 100, 528.28
2026/10/09 01:54:27.290, 3, 82619, 97871, 85, 506.63
2026/10/09 01:54:28.290, 0, 82621, 97871, 100, 511.15
2026/10/09 01:54:28.290, 1, 82708, 97871, 100, 524.88
2026/10/09 01:54:28.290, 2, 82615, 97871, 100, 531.80
2026/10/09 01:54:28.290, 3, 82619, 97871, 88, 516.03
2026/10/09 01:54:29.290, 0, 82621, 97871, 100, 513.16
2026/10/09 01:54:29.290, 1, 82708, 97871, 100, 522.36
2026/10/09 01:54:29.290, 2, 82615, 97871, 100, 529.47
2026/10/09 01:54:29.290, 3, 82619, 97871, 100, 511.54
2026/10/09 01:54:30.291, 0, 82621, 97871, 100, 516.85
2026/10/09 01:54:30.291, 1, 82708, 97871, 100, 522.16
2026/10/09 01:54:30.291, 2, 82615, 97871, 100, 526.80
2026/10/09 01:54:30.291, 3, 82619, 97871, 100, 516.08
2026/10/09 01:54:31.291, 0, 82621, 97871, 100, 514.03
2026/10/09 01:54:31.291, 1, 82708, 97871, 100, 524.33
2026/10/09 01:54:31.291, 2, 82615, 97871, 100, 527.35
2026/10/09 01:54:31.291, 3, 82619, 97871, 92, 514.39
2026/10/09 01:54:32.295, 0, 82621, 97871, 100, 514.36
2026/10/09 01:54:32.295, 1, 82708, 97871, 100, 525.72
2026/10/09 01:54:32.295, 2, 82615, 97871, 100, 528.70
2026/10/09 01:54:32.295, 3, 82619, 97871, 100, 517.42
2026/10/09 01:54:33.295, 0, 82621, 97871, 100, 515.88
2026/10/09 01:54:33.295, 1, 82708, 97871, 100, 521.33
2026/10/09 01:54:33.295, 2, 82615, 97871, 100, 532.64
2026/10/09 01:54:33.295, 3, 82619, 97871, 81, 518.46
2026/10/09 01:54:34.296, 0, 82621, 97871, 100, 512.99
2026/10/09 01:54:34.296, 1, 82708, 97871, 100, 512.75
2026/10/09 01:54:34.296, 2, 82615, 97871, 100, 529.53
2026/10/09 01:54:34.296, 3, 82619, 97871, 100, 523.17
2026/10/09 01:54:35.296, 0, 82621, 97871, 100, 511.64
2026/10/09 01:54:35.296, 1, 82708, 97871, 100, 514.95
2026/10/09 01:54:35.296, 2, 82615, 97871, 100, 528.47
2026/10/09 01:54:35.296, 3, 82619, 97871, 91, 510.70
2026/10/09 01:54:36.296, 0, 82621, 97871, 100, 513.60
2026/10/09 01:54:36.296, 1, 82708, 97871, 77, 500.19
2026/10/09 01:54:36.296, 2, 82615, 97871, 100, 531.24
2026/10/09 01:54:36.296, 3, 82619, 97871, 100, 511.86
2026/10/09 01:54:37.296, 0, 82621, 97871, 100, 508.21
2026/10/09 01:54:37.297, 1, 82708, 97871, 75, 442.25
2026/10/09 01:54:37.297, 2, 82615, 97871, 100, 535.49
2026/10/09 01:54:37.297, 3, 82619, 97871, 88, 504.34
2026/10/09 01:54:38.297, 0, 82621, 97871, 100, 506.21
2026/10/09 01:54:38.297, 1, 82708, 97871, 100, 417.52
2026/10/09 01:54:38.297, 2, 82615, 97871, 100, 529.18
2026/10/09 01:54:38.297, 3, 82619, 97871, 88, 509.39
2026/10/09 01:54:39.297, 0, 82621, 97871, 100, 511.62
2026/10/09 01:54:39.297, 1, 82708, 97871, 100, 530.16
2026/10/09 01:54:39.297, 2, 82615, 97871, 100, 529.16
2026/10/09 01:54:39.297, 3, 82619, 97871, 100, 505.98
2026/10/09 01:54:40.297, 0, 82621, 97871, 100, 513.79
2026/10/09 01:54:40.298, 1, 82708, 97871, 100, 528.94
2026/10/09 01:54:40.298, 2, 82615, 97871, 100, 533.40
2026/10/09 01:54:40.298, 3, 82619, 97871, 88, 510.55
2026/10/09 01:54:41.298, 0, 82621, 97871, 100, 514.75
2026/10/09 01:54:41.298, 1, 82708, 97871, 100, 532.42
2026/10/09 01:54:41.298, 2, 82615, 97871, 100, 529.67
2026/10/09 01:54:41.298, 3, 82619, 97871, 100, 514.68
2026/10/09 01:54:42.309, 0, 82621, 97871, 100, 511.31
2026/10/09 01:54:42.309, 1, 82708, 97871, 100, 531.75
2026/10/09 01:54:42.309, 2, 82615, 97871, 100, 534.12
2026/10/09 01:54:42.309, 3, 82619, 97871, 100, 507.24
2026/10/09 01:54:43.309, 0, 82621, 97871, 100, 513.94
2026/10/09 01:54:43.309, 1, 82708, 97871, 100, 533.81
2026/10/09 01:54:43.309, 2, 82615, 97871, 100, 531.85
2026/10/09 01:54:43.310, 3, 82619, 97871, 82, 511.78
2026/10/09 01:54:44.310, 0, 82621, 97871, 100, 515.47
2026/10/09 01:54:44.310, 1, 82708, 97871, 100, 528.79
2026/10/09 01:54:44.310, 2, 82615, 97871, 100, 527.35
2026/10/09 01:54:44.310, 3, 82619, 97871, 94, 515.56
2026/10/09 01:54:45.310, 0, 82621, 97871, 100, 516.81
2026/10/09 01:54:45.310, 1, 82708, 97871, 100, 532.85
2026/10/09 01:54:45.310, 2, 82615, 97871, 100, 530.88
2026/10/09 01:54:45.310, 3, 82619, 97871, 88, 521.68
2026/10/09 01:54:46.310, 0, 82621, 97871, 100, 511.72
2026/10/09 01:54:46.310, 1, 82708, 97871, 100, 529.41
2026/10/09 01:54:46.310, 2, 82615, 97871, 100, 529.41
2026/10/09 01:54:46.311, 3, 82619, 97871, 100, 514.25
2026/10/09 01:54:47.311, 0, 82621, 97871, 100, 514.71
2026/10/09 01:54:47.311, 1, 82708, 97871, 100, 533.17
2026/10/09 01:54:47.311, 2, 82615, 97871, 100, 527.45
2026/10/09 01:54:47.311, 3, 82619, 97871, 100, 512.22
2026/10/09 01:54:48.311, 0, 82621, 97871, 100, 514.51
2026/10/09 01:54:48.311, 1, 82708, 97871, 100, 531.57
2026/10/09 01:54:48.311, 2, 82615, 97871, 100, 531.20
2026/10/09 01:54:48.311, 3, 82619, 97871, 94, 511.78
2026/10/09 01:54:49.311, 0, 82621, 97871, 100, 515.93
2026/10/09 01:54:49.311, 1, 82708, 97871, 100, 520.32
2026/10/09 01:54:49.311, 2, 82615, 97871, 100, 529.40
2026/10/09 01:54:49.311, 3, 82619, 97871, 91, 510.95
2026/10/09 01:54:50.312, 0, 82621, 97871, 100, 512.16
2026/10/09 01:54:50.312, 1, 82708, 97871, 100, 519.83
2026/10/09 01:54:50.312, 2, 82615, 97871, 100, 532.56
2026/10/09 01:54:50.312, 3, 82619, 97871, 90, 519.42
2026/10/09 01:54:51.312, 0, 82621, 97871, 100, 512.98
2026/10/09 01:54:51.312, 1, 82708, 97871, 100, 522.01
2026/10/09 01:54:51.312, 2, 82615, 97871, 100, 532.21
2026/10/09 01:54:51.312, 3, 82619, 97871, 94, 510.20
2026/10/09 01:54:52.316, 0, 82621, 97871, 100, 511.35
2026/10/09 01:54:52.316, 1, 82708, 97871, 100, 525.72
2026/10/09 01:54:52.316, 2, 82615, 97871, 100, 533.54
2026/10/09 01:54:52.316, 3, 82619, 97871, 100, 516.61
2026/10/09 01:54:53.316, 0, 82621, 97871, 100, 505.85
2026/10/09 01:54:53.317, 1, 82708, 97871, 100, 524.72
2026/10/09 01:54:53.317, 2, 82615, 97871, 100, 532.26
2026/10/09 01:54:53.317, 3, 82619, 97871, 94, 505.90
2026/10/09 01:54:54.317, 0, 82621, 97871, 100, 511.43
2026/10/09 01:54:54.317, 1, 82708, 97871, 100, 523.28
2026/10/09 01:54:54.317, 2, 82615, 97871, 100, 530.52
2026/10/09 01:54:54.317, 3, 82619, 97871, 91, 499.68
2026/10/09 01:54:55.317, 0, 82621, 97871, 100, 511.39
2026/10/09 01:54:55.317, 1, 82708, 97871, 100, 522.90
2026/10/09 01:54:55.317, 2, 82615, 97871, 100, 531.43
2026/10/09 01:54:55.317, 3, 82619, 97871, 98, 510.87
2026/10/09 01:54:56.317, 0, 82621, 97871, 100, 513.28
2026/10/09 01:54:56.318, 1, 82708, 97871, 100, 524.37
2026/10/09 01:54:56.318, 2, 82615, 97871, 100, 515.99
2026/10/09 01:54:56.318, 3, 82619, 97871, 84, 506.50
2026/10/09 01:54:57.318, 0, 82621, 97871, 100, 506.90
2026/10/09 01:54:57.318, 1, 82708, 97871, 100, 518.98
2026/10/09 01:54:57.318, 2, 82615, 97871, 100, 519.02
2026/10/09 01:54:57.318, 3, 82619, 97871, 100, 510.97
2026/10/09 01:54:58.318, 0, 82621, 97871, 100, 517.47
2026/10/09 01:54:58.318, 1, 82708, 97871, 100, 522.27
2026/10/09 01:54:58.318, 2, 82615, 97871, 100, 511.28
2026/10/09 01:54:58.318, 3, 82619, 97871, 88, 514.29
2026/10/09 01:54:59.318, 0, 82620, 97871, 100, 517.05
2026/10/09 01:54:59.318, 1, 82708, 97871, 100, 525.64
2026/10/09 01:54:59.319, 2, 82615, 97871, 99, 412.81
2026/10/09 01:54:59.319, 3, 82619, 97871, 100, 519.31
2026/10/09 01:55:00.319, 0, 82620, 97871, 100, 514.81
2026/10/09 01:55:00.319, 1, 82708, 97871, 100, 524.22
2026/10/09 01:55:00.319, 2, 82615, 97871, 99, 232.78
2026/10/09 01:55:00.319, 3, 82619, 97871, 100, 514.70
2026/10/09 01:55:01.319, 0, 82620, 97871, 100, 514.78
2026/10/09 01:55:01.319, 1, 82708, 97871, 100, 523.50
2026/10/09 01:55:01.319, 2, 82615, 97871, 99, 389.51
2026/10/09 01:55:01.319, 3, 82619, 97871, 80, 515.14
2026/10/09 01:55:02.325, 0, 82620, 97871, 100, 512.56
2026/10/09 01:55:02.325, 1, 82708, 97871, 100, 524.72
2026/10/09 01:55:02.325, 2, 82615, 97871, 99, 397.17
2026/10/09 01:55:02.325, 3, 82619, 97871, 100, 510.68
2026/10/09 01:55:03.325, 0, 82620, 97871, 100, 514.58
2026/10/09 01:55:03.325, 1, 82708, 97871, 100, 524.03
2026/10/09 01:55:03.325, 2, 82615, 97871, 98, 398.57
2026/10/09 01:55:03.325, 3, 82619, 97871, 91, 509.90
2026/10/09 01:55:04.326, 0, 82620, 97871, 100, 505.33
2026/10/09 01:55:04.326, 1, 82708, 97871, 100, 524.31
2026/10/09 01:55:04.326, 2, 82615, 97871, 99, 389.61
2026/10/09 01:55:04.326, 3, 82619, 97871, 100, 522.84
2026/10/09 01:55:05.326, 0, 82620, 97871, 100, 499.46
2026/10/09 01:55:05.326, 1, 82708, 97871, 100, 523.02
2026/10/09 01:55:05.326, 2, 82615, 97871, 99, 388.70
2026/10/09 01:55:05.326, 3, 82619, 97871, 91, 515.56
2026/10/09 01:55:06.326, 0, 82620, 97871, 100, 497.91
2026/10/09 01:55:06.326, 1, 82708, 97871, 100, 525.34
2026/10/09 01:55:06.326, 2, 82615, 97871, 99, 394.75
2026/10/09 01:55:06.326, 3, 82619, 97871, 100, 513.92
2026/10/09 01:55:07.326, 0, 82620, 97871, 100, 482.73
2026/10/09 01:55:07.327, 1, 82708, 97871, 100, 523.97
2026/10/09 01:55:07.327, 2, 82615, 97871, 99, 398.15
2026/10/09 01:55:07.327, 3, 82619, 97871, 91, 512.30
2026/10/09 01:55:08.327, 0, 82620, 97871, 100, 240.82
2026/10/09 01:55:08.327, 1, 82708, 97871, 100, 524.46
2026/10/09 01:55:08.327, 2, 82615, 97871, 99, 390.12
2026/10/09 01:55:08.327, 3, 82619, 97871, 83, 513.95
2026/10/09 01:55:09.327, 0, 82620, 97871, 99, 450.19
2026/10/09 01:55:09.327, 1, 82708, 97871, 100, 523.84
2026/10/09 01:55:09.327, 2, 82615, 97871, 98, 400.61
2026/10/09 01:55:09.327, 3, 82619, 97871, 82, 506.18
2026/10/09 01:55:10.327, 0, 82620, 97871, 99, 456.04
2026/10/09 01:55:10.328, 1, 82708, 97871, 100, 521.88
2026/10/09 01:55:10.328, 2, 82615, 97871, 99, 399.74
2026/10/09 01:55:10.328, 3, 82619, 97871, 100, 512.75
2026/10/09 01:55:11.328, 0, 82620, 97871, 99, 455.23
2026/10/09 01:55:11.328, 1, 82708, 97871, 100, 519.62
2026/10/09 01:55:11.328, 2, 82615, 97871, 99, 396.46
2026/10/09 01:55:11.328, 3, 82619, 97871, 100, 509.43
2026/10/09 01:55:12.333, 0, 82620, 97871, 99, 448.14
2026/10/09 01:55:12.333, 1, 82708, 97871, 100, 520.76
2026/10/09 01:55:12.333, 2, 82615, 97871, 99, 398.03
2026/10/09 01:55:12.333, 3, 82619, 97871, 100, 499.39
2026/10/09 01:55:13.333, 0, 82620, 97871, 99, 443.51
2026/10/09 01:55:13.333, 1, 82708, 97871, 100, 521.26
2026/10/09 01:55:13.333, 2, 82615, 97871, 99, 392.06
2026/10/09 01:55:13.333, 3, 82619, 97871, 100, 515.32
2026/10/09 01:55:14.334, 0, 82620, 97871, 92, 451.75
2026/10/09 01:55:14.334, 1, 82708, 97871, 100, 523.07
2026/10/09 01:55:14.334, 2, 82615, 97871, 99, 388.22
2026/10/09 01:55:14.334, 3, 82619, 97871, 100, 504.02
2026/10/09 01:55:15.334, 0, 82620, 97871, 99, 450.76
2026/10/09 01:55:15.334, 1, 82708, 97871, 100, 521.05
2026/10/09 01:55:15.334, 2, 82615, 97871, 99, 393.50
2026/10/09 01:55:15.334, 3, 82619, 97871, 97, 518.74
2026/10/09 01:55:16.334, 0, 82620, 97871, 85, 451.25
2026/10/09 01:55:16.334, 1, 82708, 97871, 100, 524.74
2026/10/09 01:55:16.334, 2, 82615, 97871, 97, 399.37
2026/10/09 01:55:16.334, 3, 82619, 97871, 92, 509.31
2026/10/09 01:55:17.334, 0, 82620, 97871, 99, 456.60
2026/10/09 01:55:17.334, 1, 82708, 97871, 100, 524.45
2026/10/09 01:55:17.334, 2, 82615, 97871, 99, 387.25
2026/10/09 01:55:17.334, 3, 82619, 97871, 90, 510.82
2026/10/09 01:55:18.335, 0, 82620, 97871, 99, 455.57
2026/10/09 01:55:18.335, 1, 82708, 97871, 100, 528.45
2026/10/09 01:55:18.335, 2, 82615, 97871, 99, 390.99
2026/10/09 01:55:18.335, 3, 82619, 97871, 91, 515.01
2026/10/09 01:55:19.335, 0, 82620, 97871, 98, 451.22
2026/10/09 01:55:19.335, 1, 82708, 97871, 100, 525.17
2026/10/09 01:55:19.335, 2, 82615, 97871, 98, 403.78
2026/10/09 01:55:19.335, 3, 82619, 97871, 94, 508.48
2026/10/09 01:55:20.335, 0, 82620, 97871, 99, 452.13
2026/10/09 01:55:20.335, 1, 82708, 97871, 100, 524.03
2026/10/09 01:55:20.335, 2, 82615, 97871, 99, 388.40
2026/10/09 01:55:20.335, 3, 82619, 97871, 86, 519.31
2026/10/09 01:55:21.335, 0, 82620, 97871, 100, 447.10
2026/10/09 01:55:21.335, 1, 82708, 97871, 100, 522.68
2026/10/09 01:55:21.336, 2, 82615, 97871, 99, 389.70
2026/10/09 01:55:21.336, 3, 82619, 97871, 100, 522.36
2026/10/09 01:55:22.346, 0, 82620, 97871, 100, 444.74
2026/10/09 01:55:22.346, 1, 82708, 97871, 97, 520.89
2026/10/09 01:55:22.346, 2, 82615, 97871, 99, 398.76
2026/10/09 01:55:22.346, 3, 82619, 97871, 88, 498.70
2026/10/09 01:55:23.346, 0, 82620, 97871, 99, 449.29
2026/10/09 01:55:23.346, 1, 82708, 97871, 100, 522.77
2026/10/09 01:55:23.346, 2, 82615, 97871, 96, 401.10
2026/10/09 01:55:23.346, 3, 82619, 97871, 85, 483.37
2026/10/09 01:55:24.347, 0, 82620, 97871, 99, 451.71
2026/10/09 01:55:24.347, 1, 82708, 97871, 100, 525.89
2026/10/09 01:55:24.347, 2, 82615, 97871, 99, 390.29
2026/10/09 01:55:24.347, 3, 82619, 97871, 86, 498.84
2026/10/09 01:55:25.347, 0, 82620, 97871, 100, 444.14
2026/10/09 01:55:25.347, 1, 82708, 97871, 100, 525.42
2026/10/09 01:55:25.347, 2, 82615, 97871, 99, 388.41
2026/10/09 01:55:25.347, 3, 82619, 97871, 85, 491.05
2026/10/09 01:55:26.347, 0, 82620, 97871, 99, 447.77
2026/10/09 01:55:26.347, 1, 82708, 97871, 100, 521.56
2026/10/09 01:55:26.347, 2, 82615, 97871, 99, 395.93
2026/10/09 01:55:26.347, 3, 82619, 97871, 81, 468.36
2026/10/09 01:55:27.347, 0, 82620, 97871, 99, 455.65
2026/10/09 01:55:27.347, 1, 82708, 97871, 100, 522.91
2026/10/09 01:55:27.347, 2, 82615, 97871, 99, 390.67
2026/10/09 01:55:27.347, 3, 82619, 97871, 0, 265.33
2026/10/09 01:55:28.348, 0, 82620, 97871, 100, 442.88
2026/10/09 01:55:28.348, 1, 82708, 97871, 100, 518.55
2026/10/09 01:55:28.348, 2, 82615, 97871, 99, 393.42
2026/10/09 01:55:28.348, 3, 82619, 97871, 61, 410.96
2026/10/09 01:55:29.348, 0, 82620, 97871, 99, 443.24
2026/10/09 01:55:29.348, 1, 82708, 97871, 100, 520.98
2026/10/09 01:55:29.348, 2, 82615, 97871, 98, 396.86
2026/10/09 01:55:29.348, 3, 82619, 97871, 76, 417.57
2026/10/09 01:55:30.348, 0, 82620, 97871, 99, 455.78
2026/10/09 01:55:30.348, 1, 82708, 97871, 100, 524.60
2026/10/09 01:55:30.348, 2, 82615, 97871, 99, 386.86
2026/10/09 01:55:30.348, 3, 82619, 97871, 85, 412.62
2026/10/09 01:55:31.348, 0, 82620, 97871, 100, 456.02
2026/10/09 01:55:31.349, 1, 82708, 97871, 100, 526.53
2026/10/09 01:55:31.349, 2, 82615, 97871, 99, 398.37
2026/10/09 01:55:31.349, 3, 82619, 97871, 81, 415.08
2026/10/09 01:55:32.355, 0, 82620, 97871, 100, 446.16
2026/10/09 01:55:32.355, 1, 82708, 97871, 100, 522.71
2026/10/09 01:55:32.355, 2, 82615, 97871, 99, 398.85
2026/10/09 01:55:32.355, 3, 82619, 97871, 86, 411.23
2026/10/09 01:55:33.355, 0, 82620, 97871, 100, 445.33
2026/10/09 01:55:33.355, 1, 82708, 97871, 100, 525.81
2026/10/09 01:55:33.355, 2, 82615, 97871, 99, 394.57
2026/10/09 01:55:33.355, 3, 82619, 97871, 86, 411.75
2026/10/09 01:55:34.355, 0, 82620, 97871, 99, 450.40
2026/10/09 01:55:34.355, 1, 82708, 97871, 100, 525.28
2026/10/09 01:55:34.355, 2, 82615, 97871, 99, 396.69
2026/10/09 01:55:34.355, 3, 82619, 97871, 86, 411.57
2026/10/09 01:55:35.355, 0, 82620, 97871, 100, 448.06
2026/10/09 01:55:35.356, 1, 82708, 97871, 100, 522.69
2026/10/09 01:55:35.356, 2, 82615, 97871, 99, 393.88
2026/10/09 01:55:35.356, 3, 82619, 97871, 85, 409.92
2026/10/09 01:55:36.356, 0, 82620, 97871, 96, 453.46
2026/10/09 01:55:36.356, 1, 82708, 97871, 100, 522.87
2026/10/09 01:55:36.356, 2, 82615, 97871, 94, 392.88
2026/10/09 01:55:36.356, 3, 82619, 97871, 85, 417.83
2026/10/09 01:55:37.356, 0, 82620, 97871, 99, 450.20
2026/10/09 01:55:37.356, 1, 82708, 97871, 100, 528.83
2026/10/09 01:55:37.356, 2, 82615, 97871, 99, 395.87
2026/10/09 01:55:37.356, 3, 82619, 97871, 73, 408.52
2026/10/09 01:55:38.356, 0, 82620, 97871, 100, 443.54
2026/10/09 01:55:38.356, 1, 82708, 97871, 100, 524.53
2026/10/09 01:55:38.356, 2, 82615, 97871, 99, 392.89
2026/10/09 01:55:38.356, 3, 82619, 97871, 80, 421.52
2026/10/09 01:55:39.357, 0, 82620, 97871, 99, 453.82
2026/10/09 01:55:39.357, 1, 82708, 97871, 100, 527.15
2026/10/09 01:55:39.357, 2, 82615, 97871, 99, 387.52
2026/10/09 01:55:39.357, 3, 82619, 97871, 85, 418.79
2026/10/09 01:55:40.357, 0, 82622, 97871, 99, 453.82
2026/10/09 01:55:40.357, 1, 82708, 97871, 100, 524.78
2026/10/09 01:55:40.357, 2, 82615, 97871, 99, 395.32
2026/10/09 01:55:40.357, 3, 82619, 97871, 84, 419.15
2026/10/09 01:55:41.357, 0, 82622, 97871, 96, 453.37
2026/10/09 01:55:41.357, 1, 82708, 97871, 100, 526.59
2026/10/09 01:55:41.357, 2, 82615, 97871, 99, 392.56
2026/10/09 01:55:41.357, 3, 82619, 97871, 82, 416.14
2026/10/09 01:55:42.374, 0, 82622, 97871, 100, 452.36
2026/10/09 01:55:42.374, 1, 82708, 97871, 100, 526.10
2026/10/09 01:55:42.374, 2, 82615, 97871, 99, 402.71
2026/10/09 01:55:42.374, 3, 82619, 97871, 85, 414.51
2026/10/09 01:55:43.375, 0, 82622, 97871, 99, 450.04
2026/10/09 01:55:43.375, 1, 82708, 97871, 100, 522.93
2026/10/09 01:55:43.375, 2, 82615, 97871, 99, 396.67
2026/10/09 01:55:43.375, 3, 82619, 97871, 85, 409.33
2026/10/09 01:55:44.375, 0, 82622, 97871, 99, 445.35
2026/10/09 01:55:44.375, 1, 82708, 97871, 100, 524.85
2026/10/09 01:55:44.375, 2, 82615, 97871, 99, 390.85
2026/10/09 01:55:44.375, 3, 82619, 97871, 86, 409.93
2026/10/09 01:55:45.375, 0, 82622, 97871, 96, 454.67
2026/10/09 01:55:45.375, 1, 82708, 97871, 100, 520.95
2026/10/09 01:55:45.375, 2, 82615, 97871, 98, 390.22
2026/10/09 01:55:45.375, 3, 82619, 97871, 85, 412.02
2026/10/09 01:55:46.375, 0, 82622, 97871, 99, 448.50
2026/10/09 01:55:46.375, 1, 82708, 97871, 100, 525.01
2026/10/09 01:55:46.376, 2, 82615, 97871, 99, 391.84
2026/10/09 01:55:46.376, 3, 82619, 97871, 84, 416.90
2026/10/09 01:55:47.376, 0, 82622, 97871, 100, 443.67
2026/10/09 01:55:47.376, 1, 82708, 97871, 100, 523.33
2026/10/09 01:55:47.376, 2, 82615, 97871, 98, 397.92
2026/10/09 01:55:47.376, 3, 82619, 97871, 85, 413.27
2026/10/09 01:55:48.376, 0, 82622, 97871, 99, 446.49
2026/10/09 01:55:48.376, 1, 82708, 97871, 100, 525.78
2026/10/09 01:55:48.376, 2, 82615, 97871, 99, 390.55
2026/10/09 01:55:48.376, 3, 82619, 97871, 85, 405.18
2026/10/09 01:55:49.376, 0, 82622, 97871, 99, 450.63
2026/10/09 01:55:49.376, 1, 82708, 97871, 100, 526.72
2026/10/09 01:55:49.376, 2, 82615, 97871, 99, 394.79
2026/10/09 01:55:49.376, 3, 82619, 97871, 82, 414.41
2026/10/09 01:55:50.376, 0, 82622, 97871, 99, 457.02
2026/10/09 01:55:50.377, 1, 82708, 97871, 100, 523.16
2026/10/09 01:55:50.377, 2, 82615, 97871, 99, 391.78
2026/10/09 01:55:50.377, 3, 82619, 97871, 85, 412.05
2026/10/09 01:55:51.377, 0, 82622, 97871, 97, 455.35
2026/10/09 01:55:51.377, 1, 82708, 97871, 100, 528.72
2026/10/09 01:55:51.377, 2, 82617, 97871, 99, 393.59
2026/10/09 01:55:51.377, 3, 82619, 97871, 85, 409.19
2026/10/09 01:55:52.383, 0, 82622, 97871, 99, 446.51
2026/10/09 01:55:52.383, 1, 82708, 97871, 100, 523.72
2026/10/09 01:55:52.383, 2, 82617, 97871, 99, 401.88
2026/10/09 01:55:52.383, 3, 82619, 97871, 85, 409.30
2026/10/09 01:55:53.383, 0, 82622, 97871, 100, 444.60
2026/10/09 01:55:53.383, 1, 82708, 97871, 100, 524.97
2026/10/09 01:55:53.384, 2, 82617, 97871, 99, 399.22
2026/10/09 01:55:53.384, 3, 82619, 97871, 84, 418.62
2026/10/09 01:55:54.384, 0, 82622, 97871, 98, 450.45
2026/10/09 01:55:54.384, 1, 82708, 97871, 100, 523.80
2026/10/09 01:55:54.384, 2, 82617, 97871, 99, 396.81
2026/10/09 01:55:54.384, 3, 82619, 97871, 86, 420.38
2026/10/09 01:55:55.384, 0, 82622, 97871, 99, 450.65
2026/10/09 01:55:55.384, 1, 82708, 97871, 100, 522.42
2026/10/09 01:55:55.384, 2, 82617, 97871, 99, 391.03
2026/10/09 01:55:55.384, 3, 82619, 97871, 86, 415.06
2026/10/09 01:55:56.384, 0, 82622, 97871, 100, 443.46
2026/10/09 01:55:56.384, 1, 82708, 97871, 100, 524.48
2026/10/09 01:55:56.384, 2, 82617, 97871, 99, 393.86
2026/10/09 01:55:56.384, 3, 82619, 97871, 86, 417.54
2026/10/09 01:55:57.384, 0, 82622, 97871, 99, 451.70
2026/10/09 01:55:57.384, 1, 82708, 97871, 100, 525.04
2026/10/09 01:55:57.384, 2, 82617, 97871, 99, 394.63
2026/10/09 01:55:57.384, 3, 82619, 97871, 86, 415.43
2026/10/09 01:55:58.385, 0, 82622, 97871, 99, 449.30
2026/10/09 01:55:58.385, 1, 82708, 97871, 100, 521.09
2026/10/09 01:55:58.385, 2, 82617, 97871, 99, 393.14
2026/10/09 01:55:58.385, 3, 82619, 97871, 86, 417.06
2026/10/09 01:55:59.385, 0, 82622, 97871, 98, 447.50
2026/10/09 01:55:59.385, 1, 82708, 97871, 100, 523.96
2026/10/09 01:55:59.385, 2, 82617, 97871, 99, 387.56
2026/10/09 01:55:59.385, 3, 82619, 97871, 86, 416.99
2026/10/09 01:56:00.385, 0, 82622, 97871, 99, 454.50
2026/10/09 01:56:00.385, 1, 82708, 97871, 100, 524.73
2026/10/09 01:56:00.385, 2, 82617, 97871, 99, 392.32
2026/10/09 01:56:00.385, 3, 82619, 97871, 86, 419.27
2026/10/09 01:56:01.385, 0, 82622, 97871, 94, 456.23
2026/10/09 01:56:01.386, 1, 82708, 97871, 100, 523.60
2026/10/09 01:56:01.386, 2, 82617, 97871, 99, 399.44
2026/10/09 01:56:01.386, 3, 82619, 97871, 86, 417.72
2026/10/09 01:56:02.392, 0, 82622, 97871, 99, 445.98
2026/10/09 01:56:02.392, 1, 82708, 97871, 100, 523.51
2026/10/09 01:56:02.392, 2, 82617, 97871, 99, 387.12
2026/10/09 01:56:02.392, 3, 82619, 97871, 85, 419.58
2026/10/09 01:56:03.392, 0, 82622, 97871, 99, 448.22
2026/10/09 01:56:03.392, 1, 82708, 97871, 100, 523.05
2026/10/09 01:56:03.392, 2, 82617, 97871, 99, 388.55
2026/10/09 01:56:03.392, 3, 82619, 97871, 83, 415.28
2026/10/09 01:56:04.392, 0, 82622, 97871, 100, 449.64
2026/10/09 01:56:04.392, 1, 82708, 97871, 100, 523.55
2026/10/09 01:56:04.392, 2, 82617, 97871, 99, 396.16
2026/10/09 01:56:04.392, 3, 82619, 97871, 85, 416.30
2026/10/09 01:56:05.393, 0, 82622, 97871, 99, 449.80
2026/10/09 01:56:05.393, 1, 82708, 97871, 100, 523.72
2026/10/09 01:56:05.393, 2, 82617, 97871, 99, 400.37
2026/10/09 01:56:05.393, 3, 82619, 97871, 86, 418.55
2026/10/09 01:56:06.393, 0, 82622, 97871, 100, 445.90
2026/10/09 01:56:06.393, 1, 82708, 97871, 100, 520.62
2026/10/09 01:56:06.393, 2, 82617, 97871, 96, 395.77
2026/10/09 01:56:06.393, 3, 82619, 97871, 69, 414.10
2026/10/09 01:56:07.393, 0, 82622, 97871, 99, 441.97
2026/10/09 01:56:07.393, 1, 82708, 97871, 100, 526.23
2026/10/09 01:56:07.393, 2, 82617, 97871, 99, 397.94
2026/10/09 01:56:07.393, 3, 82619, 97871, 85, 420.04
2026/10/09 01:56:08.393, 0, 82622, 97871, 99, 447.89
2026/10/09 01:56:08.393, 1, 82708, 97871, 100, 526.45
2026/10/09 01:56:08.393, 2, 82617, 97871, 99, 389.84
2026/10/09 01:56:08.394, 3, 82619, 97871, 86, 415.57
2026/10/09 01:56:09.394, 0, 82622, 97871, 100, 448.46
2026/10/09 01:56:09.394, 1, 82708, 97871, 100, 525.81
2026/10/09 01:56:09.394, 2, 82617, 97871, 99, 390.18
2026/10/09 01:56:09.394, 3, 82619, 97871, 81, 410.03
2026/10/09 01:56:10.394, 0, 82622, 97871, 99, 441.99
2026/10/09 01:56:10.394, 1, 82708, 97871, 100, 523.87
2026/10/09 01:56:10.394, 2, 82617, 97871, 99, 388.99
2026/10/09 01:56:10.394, 3, 82619, 97871, 84, 409.15
2026/10/09 01:56:11.394, 0, 82622, 97871, 99, 445.79
2026/10/09 01:56:11.394, 1, 82708, 97871, 100, 526.73
2026/10/09 01:56:11.394, 2, 82617, 97871, 99, 396.98
2026/10/09 01:56:11.394, 3, 82619, 97871, 84, 416.08
2026/10/09 01:56:12.404, 0, 82622, 97871, 88, 452.26
2026/10/09 01:56:12.404, 1, 82708, 97871, 100, 523.60
2026/10/09 01:56:12.404, 2, 82617, 97871, 99, 394.59
2026/10/09 01:56:12.404, 3, 82619, 97871, 85, 407.67
2026/10/09 01:56:13.404, 0, 82622, 97871, 99, 449.94
2026/10/09 01:56:13.404, 1, 82708, 97871, 100, 525.17
2026/10/09 01:56:13.404, 2, 82617, 97871, 99, 389.24
2026/10/09 01:56:13.404, 3, 82619, 97871, 86, 417.25
2026/10/09 01:56:14.405, 0, 82622, 97871, 96, 456.13
2026/10/09 01:56:14.405, 1, 82708, 97871, 100, 525.55
2026/10/09 01:56:14.405, 2, 82617, 97871, 99, 392.04
2026/10/09 01:56:14.405, 3, 82619, 97871, 84, 412.41
2026/10/09 01:56:15.405, 0, 82622, 97871, 99, 453.36
2026/10/09 01:56:15.405, 1, 82708, 97871, 100, 521.72
2026/10/09 01:56:15.405, 2, 82617, 97871, 98, 400.75
2026/10/09 01:56:15.405, 3, 82619, 97871, 85, 413.70
2026/10/09 01:56:16.405, 0, 82622, 97871, 99, 443.40
2026/10/09 01:56:16.405, 1, 82708, 97871, 100, 520.51
2026/10/09 01:56:16.405, 2, 82617, 97871, 94, 392.80
2026/10/09 01:56:16.405, 3, 82619, 97871, 84, 408.17
2026/10/09 01:56:17.405, 0, 82622, 97871, 99, 445.35
2026/10/09 01:56:17.405, 1, 82708, 97871, 100, 522.47
2026/10/09 01:56:17.405, 2, 82617, 97871, 99, 391.26
2026/10/09 01:56:17.405, 3, 82619, 97871, 84, 408.91
2026/10/09 01:56:18.406, 0, 82622, 97871, 99, 448.34
2026/10/09 01:56:18.406, 1, 82708, 97871, 100, 523.09
2026/10/09 01:56:18.406, 2, 82617, 97871, 100, 394.95
2026/10/09 01:56:18.406, 3, 82619, 97871, 84, 411.56
2026/10/09 01:56:19.406, 0, 82622, 97871, 99, 446.42
2026/10/09 01:56:19.406, 1, 82708, 97871, 100, 521.35
2026/10/09 01:56:19.406, 2, 82617, 97871, 100, 394.04
2026/10/09 01:56:19.406, 3, 82619, 97871, 80, 408.06
2026/10/09 01:56:20.406, 0, 82622, 97871, 99, 452.77
2026/10/09 01:56:20.406, 1, 82708, 97871, 100, 524.22
2026/10/09 01:56:20.406, 2, 82617, 97871, 99, 439.43
2026/10/09 01:56:20.406, 3, 82619, 97871, 84, 412.85
2026/10/09 01:56:21.406, 0, 82622, 97871, 99, 445.97
2026/10/09 01:56:21.407, 1, 82708, 97871, 100, 522.94
2026/10/09 01:56:21.407, 2, 82617, 97871, 100, 490.54
2026/10/09 01:56:21.407, 3, 82619, 97871, 84, 408.14
2026/10/09 01:56:22.412, 0, 82622, 97871, 98, 448.59
2026/10/09 01:56:22.412, 1, 82708, 97871, 100, 522.32
2026/10/09 01:56:22.412, 2, 82617, 97871, 97, 489.40
2026/10/09 01:56:22.412, 3, 82619, 97871, 84, 413.69
2026/10/09 01:56:23.412, 0, 82622, 97871, 99, 455.76
2026/10/09 01:56:23.412, 1, 82708, 97871, 100, 524.10
2026/10/09 01:56:23.412, 2, 82617, 97871, 100, 482.63
2026/10/09 01:56:23.412, 3, 82619, 97871, 85, 408.20
2026/10/09 01:56:24.412, 0, 82622, 97871, 99, 451.16
2026/10/09 01:56:24.412, 1, 82708, 97871, 100, 526.38
2026/10/09 01:56:24.412, 2, 82617, 97871, 100, 482.11
2026/10/09 01:56:24.412, 3, 82619, 97871, 79, 409.94
2026/10/09 01:56:25.413, 0, 82622, 97871, 99, 444.26
2026/10/09 01:56:25.413, 1, 82708, 97871, 100, 524.73
2026/10/09 01:56:25.413, 2, 82617, 97871, 100, 488.02
2026/10/09 01:56:25.413, 3, 82621, 97871, 85, 421.05
2026/10/09 01:56:26.413, 0, 82622, 97871, 96, 449.38
2026/10/09 01:56:26.413, 1, 82708, 97871, 100, 524.67
2026/10/09 01:56:26.413, 2, 82617, 97871, 100, 483.86
2026/10/09 01:56:26.413, 3, 82621, 97871, 84, 420.17
2026/10/09 01:56:27.413, 0, 82622, 97871, 100, 443.40
2026/10/09 01:56:27.413, 1, 82708, 97871, 100, 525.51
2026/10/09 01:56:27.413, 2, 82617, 97871, 100, 485.86
2026/10/09 01:56:27.413, 3, 82621, 97871, 80, 408.94
2026/10/09 01:56:28.413, 0, 82622, 97871, 77, 495.54
2026/10/09 01:56:28.413, 1, 82708, 97871, 100, 525.96
2026/10/09 01:56:28.413, 2, 82617, 97871, 100, 497.14
2026/10/09 01:56:28.414, 3, 82621, 97871, 85, 408.00
2026/10/09 01:56:29.414, 0, 82622, 97871, 100, 514.34
2026/10/09 01:56:29.414, 1, 82708, 97871, 100, 526.03
2026/10/09 01:56:29.414, 2, 82617, 97871, 100, 486.98
2026/10/09 01:56:29.414, 3, 82621, 97871, 84, 413.84
2026/10/09 01:56:30.414, 0, 82622, 97871, 100, 507.88
2026/10/09 01:56:30.414, 1, 82708, 97871, 100, 522.25
2026/10/09 01:56:30.414, 2, 82617, 97871, 100, 488.59
2026/10/09 01:56:30.414, 3, 82621, 97871, 84, 415.08
2026/10/09 01:56:31.414, 0, 82622, 97871, 100, 512.25
2026/10/09 01:56:31.414, 1, 82708, 97871, 100, 523.63
2026/10/09 01:56:31.414, 2, 82617, 97871, 100, 480.70
2026/10/09 01:56:31.414, 3, 82621, 97871, 84, 407.29
2026/10/09 01:56:32.422, 0, 82622, 97871, 100, 509.86
2026/10/09 01:56:32.422, 1, 82708, 97871, 100, 521.52
2026/10/09 01:56:32.422, 2, 82617, 97871, 100, 486.29
2026/10/09 01:56:32.422, 3, 82621, 97871, 85, 407.01
2026/10/09 01:56:33.422, 0, 82622, 97871, 100, 522.19
2026/10/09 01:56:33.422, 1, 82708, 97871, 100, 523.10
2026/10/09 01:56:33.422, 2, 82617, 97871, 100, 452.94
2026/10/09 01:56:33.422, 3, 82621, 97871, 84, 412.55
2026/10/09 01:56:34.422, 0, 82622, 97871, 100, 513.29
2026/10/09 01:56:34.423, 1, 82708, 97871, 100, 522.14
2026/10/09 01:56:34.423, 2, 82617, 97871, 100, 453.82
2026/10/09 01:56:34.423, 3, 82621, 97871, 79, 412.27
2026/10/09 01:56:35.423, 0, 82622, 97871, 100, 518.72
2026/10/09 01:56:35.423, 1, 82708, 97871, 100, 525.81
2026/10/09 01:56:35.423, 2, 82617, 97871, 100, 497.21
2026/10/09 01:56:35.423, 3, 82621, 97871, 84, 404.73
2026/10/09 01:56:36.423, 0, 82622, 97871, 100, 517.70
2026/10/09 01:56:36.423, 1, 82708, 97871, 100, 523.31
2026/10/09 01:56:36.423, 2, 82617, 97871, 100, 467.59
2026/10/09 01:56:36.423, 3, 82621, 97871, 84, 407.78
2026/10/09 01:56:37.423, 0, 82622, 97871, 100, 514.37
2026/10/09 01:56:37.423, 1, 82708, 97871, 100, 522.69
2026/10/09 01:56:37.423, 2, 82617, 97871, 100, 509.41
2026/10/09 01:56:37.423, 3, 82621, 97871, 85, 411.19
2026/10/09 01:56:38.424, 0, 82622, 97871, 100, 516.14
2026/10/09 01:56:38.424, 1, 82708, 97871, 100, 525.41
2026/10/09 01:56:38.424, 2, 82617, 97871, 100, 506.06
2026/10/09 01:56:38.424, 3, 82621, 97871, 82, 409.04
2026/10/09 01:56:39.424, 0, 82622, 97871, 100, 513.14
2026/10/09 01:56:39.424, 1, 82708, 97871, 100, 523.94
2026/10/09 01:56:39.424, 2, 82617, 97871, 100, 506.51
2026/10/09 01:56:39.424, 3, 82621, 97871, 84, 417.42
2026/10/09 01:56:40.424, 0, 82622, 97871, 100, 512.51
2026/10/09 01:56:40.424, 1, 82708, 97871, 100, 523.01
2026/10/09 01:56:40.424, 2, 82617, 97871, 100, 506.77
2026/10/09 01:56:40.424, 3, 82621, 97871, 85, 415.83
2026/10/09 01:56:41.424, 0, 82622, 97871, 100, 504.55
2026/10/09 01:56:41.424, 1, 82708, 97871, 100, 524.11
2026/10/09 01:56:41.425, 2, 82617, 97871, 100, 512.03
2026/10/09 01:56:41.425, 3, 82621, 97871, 85, 414.38
2026/10/09 01:56:42.429, 0, 82622, 97871, 100, 470.24
2026/10/09 01:56:42.430, 1, 82708, 97871, 100, 528.17
2026/10/09 01:56:42.430, 2, 82617, 97871, 100, 503.16
2026/10/09 01:56:42.430, 3, 82621, 97871, 85, 412.43
2026/10/09 01:56:43.430, 0, 82622, 97871, 100, 502.44
2026/10/09 01:56:43.430, 1, 82708, 97871, 100, 524.96
2026/10/09 01:56:43.430, 2, 82617, 97871, 100, 441.53
2026/10/09 01:56:43.430, 3, 82621, 97871, 85, 409.38
2026/10/09 01:56:44.430, 0, 82622, 97871, 99, 485.98
2026/10/09 01:56:44.430, 1, 82708, 97871, 100, 516.96
2026/10/09 01:56:44.430, 2, 82617, 97871, 100, 527.28
2026/10/09 01:56:44.430, 3, 82621, 97871, 85, 413.09
2026/10/09 01:56:45.430, 0, 82622, 97871, 100, 506.20
2026/10/09 01:56:45.430, 1, 82708, 97871, 100, 512.40
2026/10/09 01:56:45.430, 2, 82617, 97871, 100, 504.45
2026/10/09 01:56:45.430, 3, 82621, 97871, 85, 411.47
2026/10/09 01:56:46.430, 0, 82622, 97871, 100, 503.98
2026/10/09 01:56:46.431, 1, 82708, 97871, 100, 509.91
2026/10/09 01:56:46.431, 2, 82617, 97871, 100, 468.99
2026/10/09 01:56:46.431, 3, 82621, 97871, 85, 409.68
2026/10/09 01:56:47.431, 0, 82622, 97871, 100, 503.69
2026/10/09 01:56:47.431, 1, 82708, 97871, 96, 462.95
2026/10/09 01:56:47.431, 2, 82617, 97871, 100, 489.31
2026/10/09 01:56:47.431, 3, 82621, 97871, 84, 415.69
2026/10/09 01:56:48.431, 0, 82622, 97871, 100, 496.36
2026/10/09 01:56:48.431, 1, 82708, 97871, 0, 283.49
2026/10/09 01:56:48.431, 2, 82617, 97871, 100, 518.33
2026/10/09 01:56:48.431, 3, 82621, 97871, 84, 407.73
2026/10/09 01:56:49.431, 0, 82622, 97871, 100, 501.87
2026/10/09 01:56:49.431, 1, 82708, 97871, 84, 355.38
2026/10/09 01:56:49.432, 2, 82617, 97871, 100, 511.29
2026/10/09 01:56:49.432, 3, 82621, 97871, 82, 408.12
2026/10/09 01:56:50.432, 0, 82622, 97871, 100, 503.61
2026/10/09 01:56:50.432, 1, 82708, 97871, 80, 409.38
2026/10/09 01:56:50.432, 2, 82617, 97871, 100, 511.96
2026/10/09 01:56:50.432, 3, 82621, 97871, 84, 409.58
2026/10/09 01:56:51.432, 0, 82622, 97871, 59, 465.25
2026/10/09 01:56:51.432, 1, 82708, 97871, 92, 423.38
2026/10/09 01:56:51.432, 2, 82617, 97871, 100, 510.75
2026/10/09 01:56:51.432, 3, 82621, 97871, 80, 414.04
2026/10/09 01:56:52.437, 0, 82622, 97871, 100, 521.53
2026/10/09 01:56:52.437, 1, 82708, 97871, 75, 365.28
2026/10/09 01:56:52.437, 2, 82617, 97871, 100, 512.44
2026/10/09 01:56:52.437, 3, 82621, 97871, 82, 412.44
2026/10/09 01:56:53.437, 0, 82622, 97871, 100, 500.60
2026/10/09 01:56:53.438, 1, 82708, 97871, 57, 404.02
2026/10/09 01:56:53.438, 2, 82617, 97871, 100, 510.36
2026/10/09 01:56:53.438, 3, 82621, 97871, 86, 411.06
2026/10/09 01:56:54.438, 0, 82622, 97871, 100, 501.31
2026/10/09 01:56:54.438, 1, 82708, 97871, 69, 330.20
2026/10/09 01:56:54.438, 2, 82617, 97871, 100, 510.39
2026/10/09 01:56:54.438, 3, 82621, 97871, 85, 407.97
2026/10/09 01:56:55.438, 0, 82622, 97871, 100, 476.11
2026/10/09 01:56:55.438, 1, 82708, 97871, 50, 344.93
2026/10/09 01:56:55.438, 2, 82617, 97871, 100, 509.78
2026/10/09 01:56:55.438, 3, 82621, 97871, 85, 390.08
2026/10/09 01:56:56.438, 0, 82622, 97871, 100, 520.07
2026/10/09 01:56:56.438, 1, 82708, 97871, 56, 303.42
2026/10/09 01:56:56.438, 2, 82617, 97871, 100, 511.43
2026/10/09 01:56:56.438, 3, 82621, 97871, 84, 444.62
2026/10/09 01:56:57.439, 0, 82622, 97871, 100, 501.19
2026/10/09 01:56:57.439, 1, 82708, 97871, 80, 320.51
2026/10/09 01:56:57.439, 2, 82617, 97871, 100, 509.25
2026/10/09 01:56:57.439, 3, 82621, 97871, 74, 447.30
2026/10/09 01:56:58.439, 0, 82622, 97871, 100, 503.17
2026/10/09 01:56:58.439, 1, 82708, 97871, 87, 371.77
2026/10/09 01:56:58.439, 2, 82617, 97871, 100, 467.71
2026/10/09 01:56:58.439, 3, 82621, 97871, 80, 481.93
2026/10/09 01:56:59.439, 0, 82622, 97871, 100, 499.01
2026/10/09 01:56:59.439, 1, 82708, 97871, 98, 425.51
2026/10/09 01:56:59.439, 2, 82617, 97871, 100, 461.04
2026/10/09 01:56:59.439, 3, 82621, 97871, 76, 458.72
2026/10/09 01:57:00.439, 0, 82622, 97871, 100, 497.85
2026/10/09 01:57:00.439, 1, 82708, 97871, 90, 399.29
2026/10/09 01:57:00.440, 2, 82616, 97871, 100, 533.38
2026/10/09 01:57:00.440, 3, 82621, 97871, 83, 472.90
2026/10/09 01:57:01.440, 0, 82622, 97871, 100, 501.39
2026/10/09 01:57:01.440, 1, 82708, 97871, 90, 426.49
2026/10/09 01:57:01.440, 2, 82616, 97871, 100, 516.08
2026/10/09 01:57:01.440, 3, 82621, 97871, 81, 467.64
2026/10/09 01:57:02.444, 0, 82622, 97871, 100, 502.33
2026/10/09 01:57:02.444, 1, 82708, 97871, 89, 441.13
2026/10/09 01:57:02.444, 2, 82616, 97871, 100, 500.48
2026/10/09 01:57:02.444, 3, 82621, 97871, 84, 475.60
2026/10/09 01:57:03.444, 0, 82622, 97871, 100, 504.15
2026/10/09 01:57:03.444, 1, 82708, 97871, 91, 408.17
2026/10/09 01:57:03.444, 2, 82616, 97871, 100, 506.38
2026/10/09 01:57:03.444, 3, 82621, 97871, 84, 472.17
2026/10/09 01:57:04.444, 0, 82622, 97871, 100, 503.46
2026/10/09 01:57:04.444, 1, 82708, 97871, 82, 443.92
2026/10/09 01:57:04.444, 2, 82616, 97871, 100, 465.10
2026/10/09 01:57:04.444, 3, 82621, 97871, 81, 490.02
2026/10/09 01:57:05.444, 0, 82622, 97871, 100, 497.96
2026/10/09 01:57:05.444, 1, 82708, 97871, 81, 414.50
2026/10/09 01:57:05.444, 2, 82616, 97871, 100, 506.42
2026/10/09 01:57:05.444, 3, 82621, 97871, 73, 476.14
2026/10/09 01:57:06.445, 0, 82622, 97871, 100, 499.65
2026/10/09 01:57:06.445, 1, 82708, 97871, 56, 340.28
2026/10/09 01:57:06.445, 2, 82616, 97871, 100, 535.05
2026/10/09 01:57:06.445, 3, 82621, 97871, 84, 480.49
2026/10/09 01:57:07.445, 0, 82622, 97871, 64, 437.12
2026/10/09 01:57:07.445, 1, 82708, 97871, 68, 326.10
2026/10/09 01:57:07.445, 2, 82616, 97871, 100, 513.49
2026/10/09 01:57:07.445, 3, 82621, 97871, 75, 482.33
2026/10/09 01:57:08.445, 0, 82622, 97871, 100, 516.96
2026/10/09 01:57:08.445, 1, 82708, 97871, 53, 321.98
2026/10/09 01:57:08.445, 2, 82616, 97871, 100, 508.35
2026/10/09 01:57:08.445, 3, 82621, 97871, 80, 475.48
2026/10/09 01:57:09.445, 0, 82622, 97871, 100, 515.17
2026/10/09 01:57:09.445, 1, 82708, 97871, 50, 302.26
2026/10/09 01:57:09.445, 2, 82616, 97871, 100, 511.62
2026/10/09 01:57:09.445, 3, 82621, 97871, 83, 469.62
2026/10/09 01:57:10.446, 0, 82622, 97871, 100, 499.73
2026/10/09 01:57:10.446, 1, 82707, 97871, 98, 429.62
2026/10/09 01:57:10.446, 2, 82616, 97871, 100, 513.67
2026/10/09 01:57:10.446, 3, 82621, 97871, 81, 465.22
2026/10/09 01:57:11.446, 0, 82622, 97871, 100, 494.47
2026/10/09 01:57:11.446, 1, 82707, 97871, 51, 405.65
2026/10/09 01:57:11.446, 2, 82616, 97871, 100, 511.91
2026/10/09 01:57:11.446, 3, 82621, 97871, 83, 472.66
2026/10/09 01:57:12.452, 0, 82622, 97871, 100, 495.07
2026/10/09 01:57:12.452, 1, 82707, 97871, 50, 297.98
2026/10/09 01:57:12.452, 2, 82616, 97871, 100, 512.70
2026/10/09 01:57:12.452, 3, 82621, 97871, 84, 441.62
2026/10/09 01:57:13.453, 0, 82622, 97871, 76, 475.20
2026/10/09 01:57:13.453, 1, 82707, 97871, 50, 304.07
2026/10/09 01:57:13.453, 2, 82616, 97871, 100, 515.28
2026/10/09 01:57:13.453, 3, 82621, 97871, 92, 462.89
2026/10/09 01:57:14.453, 0, 82622, 97871, 100, 520.05
2026/10/09 01:57:14.453, 1, 82707, 97871, 88, 417.65
2026/10/09 01:57:14.453, 2, 82616, 97871, 100, 514.03
2026/10/09 01:57:14.453, 3, 82621, 97871, 81, 489.08
2026/10/09 01:57:15.453, 0, 82622, 97871, 100, 517.64
2026/10/09 01:57:15.453, 1, 82707, 97871, 97, 425.58
2026/10/09 01:57:15.453, 2, 82616, 97871, 100, 514.10
2026/10/09 01:57:15.453, 3, 82621, 97871, 79, 449.51
2026/10/09 01:57:16.453, 0, 82622, 97871, 100, 497.89
2026/10/09 01:57:16.454, 1, 82707, 97871, 51, 346.43
2026/10/09 01:57:16.454, 2, 82616, 97871, 100, 510.02
2026/10/09 01:57:16.454, 3, 82621, 97871, 85, 490.62
2026/10/09 01:57:17.454, 0, 82622, 97871, 100, 501.44
2026/10/09 01:57:17.454, 1, 82707, 97871, 50, 297.01
2026/10/09 01:57:17.454, 2, 82616, 97871, 100, 511.40
2026/10/09 01:57:17.454, 3, 82621, 97871, 90, 495.92
2026/10/09 01:57:18.454, 0, 82622, 97871, 100, 501.92
2026/10/09 01:57:18.454, 1, 82707, 97871, 50, 298.32
2026/10/09 01:57:18.454, 2, 82616, 97871, 100, 511.20
2026/10/09 01:57:18.454, 3, 82621, 97871, 89, 484.54
2026/10/09 01:57:19.454, 0, 82622, 97871, 100, 495.83
2026/10/09 01:57:19.454, 1, 82707, 97871, 98, 350.07
2026/10/09 01:57:19.454, 2, 82616, 97871, 100, 516.29
2026/10/09 01:57:19.454, 3, 82621, 97871, 89, 486.42
2026/10/09 01:57:20.455, 0, 82622, 97871, 100, 501.85
2026/10/09 01:57:20.455, 1, 82707, 97871, 71, 415.30
2026/10/09 01:57:20.455, 2, 82616, 97871, 100, 512.49
2026/10/09 01:57:20.455, 3, 82621, 97871, 80, 483.27
2026/10/09 01:57:21.455, 0, 82622, 97871, 100, 502.67
2026/10/09 01:57:21.455, 1, 82707, 97871, 98, 374.79
2026/10/09 01:57:21.455, 2, 82616, 97871, 100, 509.85
2026/10/09 01:57:21.455, 3, 82621, 97871, 86, 489.78
2026/10/09 01:57:22.471, 0, 82622, 97871, 100, 500.70
2026/10/09 01:57:22.471, 1, 82707, 97871, 68, 413.16
2026/10/09 01:57:22.471, 2, 82616, 97871, 100, 509.92
2026/10/09 01:57:22.471, 3, 82621, 97871, 82, 490.70
2026/10/09 01:57:23.471, 0, 82622, 97871, 100, 504.52
2026/10/09 01:57:23.472, 1, 82707, 97871, 50, 346.61
2026/10/09 01:57:23.472, 2, 82616, 97871, 100, 503.12
2026/10/09 01:57:23.472, 3, 82621, 97871, 12, 422.15
2026/10/09 01:57:24.472, 0, 82622, 97871, 100, 500.99
2026/10/09 01:57:24.472, 1, 82707, 97871, 51, 324.28
2026/10/09 01:57:24.472, 2, 82616, 97871, 100, 506.79
2026/10/09 01:57:24.472, 3, 82621, 97871, 100, 528.54
2026/10/09 01:57:25.472, 0, 82622, 97871, 100, 497.41
2026/10/09 01:57:25.472, 1, 82707, 97871, 51, 306.89
2026/10/09 01:57:25.472, 2, 82616, 97871, 100, 450.32
2026/10/09 01:57:25.472, 3, 82621, 97871, 82, 495.91
2026/10/09 01:57:26.472, 0, 82622, 97871, 100, 501.15
2026/10/09 01:57:26.472, 1, 82707, 97871, 62, 335.65
2026/10/09 01:57:26.473, 2, 82616, 97871, 100, 454.22
2026/10/09 01:57:26.473, 3, 82621, 97871, 83, 488.52
2026/10/09 01:57:27.473, 0, 82622, 97871, 100, 498.94
2026/10/09 01:57:27.473, 1, 82707, 97871, 50, 309.51
2026/10/09 01:57:27.473, 2, 82616, 97871, 100, 535.10
2026/10/09 01:57:27.473, 3, 82621, 97871, 86, 425.06
2026/10/09 01:57:28.473, 0, 82622, 97871, 100, 506.10
2026/10/09 01:57:28.473, 1, 82707, 97871, 51, 308.77
2026/10/09 01:57:28.473, 2, 82616, 97871, 100, 537.99
2026/10/09 01:57:28.473, 3, 82621, 97871, 100, 531.49
2026/10/09 01:57:29.473, 0, 82622, 97871, 100, 502.81
2026/10/09 01:57:29.473, 1, 82707, 97871, 51, 315.34
2026/10/09 01:57:29.473, 2, 82616, 97871, 100, 530.88
2026/10/09 01:57:29.473, 3, 82621, 97871, 81, 487.04
2026/10/09 01:57:30.473, 0, 82622, 97871, 100, 503.26
2026/10/09 01:57:30.474, 1, 82707, 97871, 99, 440.24
2026/10/09 01:57:30.474, 2, 82616, 97871, 100, 529.62
2026/10/09 01:57:30.474, 3, 82621, 97871, 69, 509.14
2026/10/09 01:57:31.474, 0, 82622, 97871, 100, 500.95
2026/10/09 01:57:31.474, 1, 82707, 97871, 73, 393.29
2026/10/09 01:57:31.474, 2, 82616, 97871, 100, 502.11
2026/10/09 01:57:31.474, 3, 82621, 97871, 97, 503.51
2026/10/09 01:57:32.482, 0, 82622, 97871, 100, 495.40
2026/10/09 01:57:32.482, 1, 82707, 97871, 49, 337.08
2026/10/09 01:57:32.482, 2, 82616, 97871, 100, 505.03
2026/10/09 01:57:32.482, 3, 82621, 97871, 86, 488.52
2026/10/09 01:57:33.482, 0, 82622, 97871, 100, 495.86
2026/10/09 01:57:33.482, 1, 82707, 97871, 49, 306.03
2026/10/09 01:57:33.482, 2, 82616, 97871, 100, 502.29
2026/10/09 01:57:33.482, 3, 82621, 97871, 87, 498.71
2026/10/09 01:57:34.482, 0, 82622, 97871, 100, 461.12
2026/10/09 01:57:34.482, 1, 82707, 97871, 89, 381.79
2026/10/09 01:57:34.482, 2, 82616, 97871, 100, 504.08
2026/10/09 01:57:34.482, 3, 82621, 97871, 90, 510.68
2026/10/09 01:57:35.483, 0, 82622, 97871, 100, 464.38
2026/10/09 01:57:35.483, 1, 82707, 97871, 97, 424.06
2026/10/09 01:57:35.483, 2, 82616, 97871, 100, 500.87
2026/10/09 01:57:35.483, 3, 82621, 97871, 86, 499.50
2026/10/09 01:57:36.483, 0, 82622, 97871, 100, 518.31
2026/10/09 01:57:36.483, 1, 82707, 97871, 98, 441.37
2026/10/09 01:57:36.483, 2, 82616, 97871, 100, 437.17
2026/10/09 01:57:36.483, 3, 82621, 97871, 78, 496.19
2026/10/09 01:57:37.483, 0, 82622, 97871, 100, 515.92
2026/10/09 01:57:37.483, 1, 82707, 97871, 73, 414.05
2026/10/09 01:57:37.483, 2, 82616, 97871, 100, 536.97
2026/10/09 01:57:37.483, 3, 82621, 97871, 91, 491.77
2026/10/09 01:57:38.484, 0, 82622, 97871, 100, 515.07
2026/10/09 01:57:38.484, 1, 82707, 97871, 77, 349.84
2026/10/09 01:57:38.484, 2, 82616, 97871, 100, 537.48
2026/10/09 01:57:38.484, 3, 82621, 97871, 83, 496.04
2026/10/09 01:57:39.484, 0, 82622, 97871, 100, 517.17
2026/10/09 01:57:39.484, 1, 82707, 97871, 61, 410.89
2026/10/09 01:57:39.484, 2, 82616, 97871, 100, 537.71
2026/10/09 01:57:39.484, 3, 82621, 97871, 81, 495.71
2026/10/09 01:57:40.484, 0, 82622, 97871, 100, 499.07
2026/10/09 01:57:40.484, 1, 82707, 97871, 93, 398.11
2026/10/09 01:57:40.484, 2, 82616, 97871, 100, 534.54
2026/10/09 01:57:40.484, 3, 82621, 97871, 85, 439.35
2026/10/09 01:57:41.485, 0, 82622, 97871, 100, 502.94
2026/10/09 01:57:41.485, 1, 82707, 97871, 90, 399.42
2026/10/09 01:57:41.485, 2, 82616, 97871, 100, 514.42
2026/10/09 01:57:41.485, 3, 82621, 97871, 100, 498.49
2026/10/09 01:57:42.488, 0, 82622, 97871, 100, 498.22
2026/10/09 01:57:42.489, 1, 82707, 97871, 99, 401.49
2026/10/09 01:57:42.489, 2, 82616, 97871, 100, 516.20
2026/10/09 01:57:42.489, 3, 82621, 97871, 100, 523.93
2026/10/09 01:57:43.489, 0, 82622, 97871, 100, 498.06
2026/10/09 01:57:43.489, 1, 82707, 97871, 56, 334.75
2026/10/09 01:57:43.489, 2, 82616, 97871, 100, 511.62
2026/10/09 01:57:43.489, 3, 82621, 97871, 80, 500.08
2026/10/09 01:57:44.489, 0, 82622, 97871, 100, 498.04
2026/10/09 01:57:44.489, 1, 82707, 97871, 44, 296.01
2026/10/09 01:57:44.489, 2, 82616, 97871, 100, 510.11
2026/10/09 01:57:44.489, 3, 82621, 97871, 82, 486.15
2026/10/09 01:57:45.489, 0, 82622, 97871, 100, 456.07
2026/10/09 01:57:45.489, 1, 82707, 97871, 53, 310.05
2026/10/09 01:57:45.490, 2, 82616, 97871, 100, 507.79
2026/10/09 01:57:45.490, 3, 82621, 97871, 79, 479.90
2026/10/09 01:57:46.490, 0, 82622, 97871, 100, 517.61
2026/10/09 01:57:46.490, 1, 82707, 97871, 47, 294.81
2026/10/09 01:57:46.490, 2, 82616, 97871, 100, 514.57
2026/10/09 01:57:46.490, 3, 82621, 97871, 83, 480.26
2026/10/09 01:57:47.490, 0, 82622, 97871, 100, 516.91
2026/10/09 01:57:47.490, 1, 82707, 97871, 85, 349.28
2026/10/09 01:57:47.490, 2, 82616, 97871, 100, 515.07
2026/10/09 01:57:47.490, 3, 82621, 97871, 100, 469.21
2026/10/09 01:57:48.490, 0, 82622, 97871, 100, 517.90
2026/10/09 01:57:48.490, 1, 82707, 97871, 77, 387.35
2026/10/09 01:57:48.490, 2, 82616, 97871, 100, 515.35
2026/10/09 01:57:48.490, 3, 82621, 97871, 100, 525.54
2026/10/09 01:57:49.490, 0, 82622, 97871, 100, 517.66
2026/10/09 01:57:49.490, 1, 82707, 97871, 49, 366.31
2026/10/09 01:57:49.491, 2, 82616, 97871, 100, 528.31
2026/10/09 01:57:49.491, 3, 82621, 97871, 92, 520.47
2026/10/09 01:57:50.491, 0, 82622, 97871, 100, 508.86
2026/10/09 01:57:50.491, 1, 82707, 97871, 62, 361.46
2026/10/09 01:57:50.491, 2, 82616, 97871, 100, 521.19
2026/10/09 01:57:50.491, 3, 82621, 97871, 91, 490.83
2026/10/09 01:57:51.491, 0, 82622, 97871, 100, 505.18
2026/10/09 01:57:51.491, 1, 82707, 97871, 87, 403.08
2026/10/09 01:57:51.491, 2, 82616, 97871, 100, 521.59
2026/10/09 01:57:51.491, 3, 82621, 97871, 91, 489.35
2026/10/09 01:57:52.506, 0, 82622, 97871, 100, 499.97
2026/10/09 01:57:52.506, 1, 82707, 97871, 59, 342.78
2026/10/09 01:57:52.506, 2, 82616, 97871, 100, 516.44
2026/10/09 01:57:52.506, 3, 82621, 97871, 92, 490.20
2026/10/09 01:57:53.506, 0, 82622, 97871, 100, 501.68
2026/10/09 01:57:53.507, 1, 82707, 97871, 76, 398.65
2026/10/09 01:57:53.507, 2, 82616, 97871, 100, 519.49
2026/10/09 01:57:53.507, 3, 82621, 97871, 89, 493.77
2026/10/09 01:57:54.507, 0, 82622, 97871, 100, 497.59
2026/10/09 01:57:54.507, 1, 82707, 97871, 55, 314.87
2026/10/09 01:57:54.507, 2, 82616, 97871, 100, 516.84
2026/10/09 01:57:54.507, 3, 82621, 97871, 90, 496.03
2026/10/09 01:57:55.507, 0, 82622, 97871, 100, 504.02
2026/10/09 01:57:55.507, 1, 82707, 97871, 64, 319.54
2026/10/09 01:57:55.507, 2, 82616, 97871, 100, 515.15
2026/10/09 01:57:55.507, 3, 82621, 97871, 84, 494.26
2026/10/09 01:57:56.507, 0, 82622, 97871, 100, 501.57
2026/10/09 01:57:56.508, 1, 82707, 97871, 50, 321.65
2026/10/09 01:57:56.508, 2, 82616, 97871, 100, 516.06
2026/10/09 01:57:56.508, 3, 82621, 97871, 82, 489.71
2026/10/09 01:57:57.508, 0, 82622, 97871, 100, 505.68
2026/10/09 01:57:57.508, 1, 82707, 97871, 52, 357.67
2026/10/09 01:57:57.508, 2, 82616, 97871, 100, 511.72
2026/10/09 01:57:57.508, 3, 82621, 97871, 91, 499.55
2026/10/09 01:57:58.508, 0, 82622, 97871, 100, 507.65
2026/10/09 01:57:58.508, 1, 82707, 97871, 43, 286.80
2026/10/09 01:57:58.508, 2, 82616, 97871, 100, 513.57
2026/10/09 01:57:58.508, 3, 82621, 97871, 84, 492.53
2026/10/09 01:57:59.508, 0, 82622, 97871, 100, 503.92
2026/10/09 01:57:59.508, 1, 82707, 97871, 79, 405.17
2026/10/09 01:57:59.508, 2, 82616, 97871, 100, 516.20
2026/10/09 01:57:59.508, 3, 82621, 97871, 87, 497.55
2026/10/09 01:58:00.509, 0, 82622, 97871, 100, 509.02
2026/10/09 01:58:00.509, 1, 82707, 97871, 46, 294.75
2026/10/09 01:58:00.509, 2, 82616, 97871, 100, 517.78
2026/10/09 01:58:00.509, 3, 82621, 97871, 86, 502.49
2026/10/09 01:58:01.509, 0, 82622, 97871, 100, 504.26
2026/10/09 01:58:01.509, 1, 82707, 97871, 47, 302.03
2026/10/09 01:58:01.509, 2, 82616, 97871, 100, 517.64
2026/10/09 01:58:01.509, 3, 82621, 97871, 73, 493.01
2026/10/09 01:58:02.514, 0, 82622, 97871, 100, 503.66
2026/10/09 01:58:02.514, 1, 82707, 97871, 95, 437.08
2026/10/09 01:58:02.514, 2, 82616, 97871, 100, 520.16
2026/10/09 01:58:02.514, 3, 82621, 97871, 92, 495.19
2026/10/09 01:58:03.514, 0, 82622, 97871, 100, 502.52
2026/10/09 01:58:03.514, 1, 82707, 97871, 81, 403.19
2026/10/09 01:58:03.514, 2, 82616, 97871, 100, 523.43
2026/10/09 01:58:03.514, 3, 82621, 97871, 90, 500.71
2026/10/09 01:58:04.514, 0, 82622, 97871, 100, 504.23
2026/10/09 01:58:04.515, 1, 82707, 97871, 60, 342.27
2026/10/09 01:58:04.515, 2, 82616, 97871, 100, 521.42
2026/10/09 01:58:04.515, 3, 82621, 97871, 85, 497.48
2026/10/09 01:58:05.515, 0, 82622, 97871, 100, 506.54
2026/10/09 01:58:05.515, 1, 82709, 97871, 77, 413.30
2026/10/09 01:58:05.515, 2, 82616, 97871, 100, 520.29
2026/10/09 01:58:05.515, 3, 82621, 97871, 79, 505.11
2026/10/09 01:58:06.515, 0, 82622, 97871, 100, 503.77
2026/10/09 01:58:06.515, 1, 82709, 97871, 59, 403.23
2026/10/09 01:58:06.515, 2, 82616, 97871, 100, 515.24
2026/10/09 01:58:06.515, 3, 82621, 97871, 93, 488.17
2026/10/09 01:58:07.515, 0, 82622, 97871, 100, 498.89
2026/10/09 01:58:07.516, 1, 82709, 97871, 99, 431.60
2026/10/09 01:58:07.516, 2, 82616, 97871, 100, 518.07
2026/10/09 01:58:07.516, 3, 82621, 97871, 81, 488.18
2026/10/09 01:58:08.516, 0, 82622, 97871, 100, 505.38
2026/10/09 01:58:08.516, 1, 82709, 97871, 80, 423.67
2026/10/09 01:58:08.516, 2, 82616, 97871, 100, 517.03
2026/10/09 01:58:08.516, 3, 82621, 97871, 80, 498.09
2026/10/09 01:58:09.516, 0, 82622, 97871, 100, 510.55
2026/10/09 01:58:09.516, 1, 82709, 97871, 87, 413.03
2026/10/09 01:58:09.516, 2, 82616, 97871, 100, 523.24
2026/10/09 01:58:09.516, 3, 82621, 97871, 84, 459.81
2026/10/09 01:58:10.516, 0, 82622, 97871, 100, 505.07
2026/10/09 01:58:10.517, 1, 82709, 97871, 50, 324.62
2026/10/09 01:58:10.517, 2, 82616, 97871, 100, 516.81
2026/10/09 01:58:10.517, 3, 82621, 97871, 100, 438.26
2026/10/09 01:58:11.517, 0, 82622, 97871, 100, 504.17
2026/10/09 01:58:11.517, 1, 82709, 97871, 50, 338.85
2026/10/09 01:58:11.517, 2, 82616, 97871, 100, 510.03
2026/10/09 01:58:11.517, 3, 82621, 97871, 100, 527.45
2026/10/09 01:58:12.520, 0, 82622, 97871, 100, 503.67
2026/10/09 01:58:12.520, 1, 82709, 97871, 94, 359.29
2026/10/09 01:58:12.520, 2, 82616, 97871, 100, 501.79
2026/10/09 01:58:12.520, 3, 82621, 97871, 100, 524.90
2026/10/09 01:58:13.520, 0, 82622, 97871, 100, 502.51
2026/10/09 01:58:13.521, 1, 82709, 97871, 58, 403.79
2026/10/09 01:58:13.521, 2, 82616, 97871, 100, 500.39
2026/10/09 01:58:13.521, 3, 82621, 97871, 86, 524.87
2026/10/09 01:58:14.521, 0, 82622, 97871, 100, 506.76
2026/10/09 01:58:14.521, 1, 82709, 97871, 50, 302.78
2026/10/09 01:58:14.521, 2, 82616, 97871, 100, 499.02
2026/10/09 01:58:14.521, 3, 82621, 97871, 100, 522.08
2026/10/09 01:58:15.523, 0, 82622, 97871, 100, 500.86
2026/10/09 01:58:15.565, 1, 82709, 97871, 49, 296.66
2026/10/09 01:58:15.565, 2, 4, 97871, 0, 277.23
2026/10/09 01:58:15.565, 3, 82621, 97871, 73, 476.77
2026/10/09 01:58:16.565, 0, 82622, 97871, 100, 494.27
2026/10/09 01:58:16.565, 1, 82709, 97871, 49, 291.81
2026/10/09 01:58:16.565, 2, 4, 97871, 0, 94.25
2026/10/09 01:58:16.565, 3, 82621, 97871, 91, 494.27
2026/10/09 01:58:17.565, 0, 82622, 97871, 100, 500.87
2026/10/09 01:58:17.566, 1, 82709, 97871, 75, 342.47
2026/10/09 01:58:17.566, 2, 4, 97871, 0, 59.05
2026/10/09 01:58:17.566, 3, 82621, 97871, 83, 491.11
2026/10/09 01:58:18.566, 0, 82622, 97871, 100, 502.48
2026/10/09 01:58:18.566, 1, 82709, 97871, 99, 394.00
2026/10/09 01:58:18.566, 2, 4, 97871, 0, 44.89
2026/10/09 01:58:18.566, 3, 82621, 97871, 84, 482.73
2026/10/09 01:58:19.566, 0, 82622, 97871, 100, 500.30
2026/10/09 01:58:19.566, 1, 82709, 97871, 50, 314.32
2026/10/09 01:58:19.566, 2, 4, 97871, 0, 45.30
2026/10/09 01:58:19.566, 3, 82621, 97871, 79, 480.48
2026/10/09 01:58:20.566, 0, 82622, 97871, 100, 503.77
2026/10/09 01:58:20.566, 1, 82709, 97871, 50, 300.17
2026/10/09 01:58:20.566, 2, 4, 97871, 0, 45.40
2026/10/09 01:58:20.566, 3, 82621, 97871, 82, 491.39
2026/10/09 01:58:21.567, 0, 82622, 97871, 100, 491.59
2026/10/09 01:58:21.567, 1, 82709, 97871, 48, 296.10
2026/10/09 01:58:21.567, 2, 4, 97871, 0, 45.35
2026/10/09 01:58:21.567, 3, 82621, 97871, 90, 456.83
2026/10/09 01:58:22.567, 0, 82622, 97871, 100, 489.41
2026/10/09 01:58:22.567, 1, 82709, 97871, 49, 326.94
2026/10/09 01:58:22.567, 2, 4, 97871, 0, 45.19
2026/10/09 01:58:22.567, 3, 82621, 97871, 100, 523.62
2026/10/09 01:58:23.567, 0, 82622, 97871, 100, 493.68
2026/10/09 01:58:23.567, 1, 82709, 97871, 94, 392.91
2026/10/09 01:58:23.567, 2, 4, 97871, 0, 45.31
2026/10/09 01:58:23.567, 3, 82621, 97871, 100, 520.31
2026/10/09 01:58:24.567, 0, 82622, 97871, 100, 489.32
2026/10/09 01:58:24.567, 1, 82709, 97871, 85, 409.12
2026/10/09 01:58:24.568, 2, 4, 97871, 0, 45.22
2026/10/09 01:58:24.568, 3, 82621, 97871, 100, 516.53
2026/10/09 01:58:25.568, 0, 10, 97871, 0, 177.36
2026/10/09 01:58:25.568, 1, 82709, 97871, 92, 411.35
2026/10/09 01:58:25.568, 2, 4, 97871, 0, 45.20
2026/10/09 01:58:25.568, 3, 82621, 97871, 84, 523.19
2026/10/09 01:58:26.568, 0, 10, 97871, 0, 133.92
2026/10/09 01:58:26.568, 1, 82709, 97871, 75, 378.68
2026/10/09 01:58:26.568, 2, 4, 97871, 0, 45.13
2026/10/09 01:58:26.568, 3, 82621, 97871, 85, 501.12
2026/10/09 01:58:27.568, 0, 10, 97871, 0, 85.77
2026/10/09 01:58:27.568, 1, 82709, 97871, 86, 412.79
2026/10/09 01:58:27.568, 2, 4, 97871, 0, 45.03
2026/10/09 01:58:27.568, 3, 82621, 97871, 95, 493.90
2026/10/09 01:58:28.569, 0, 10, 97871, 0, 84.74
2026/10/09 01:58:28.569, 1, 82709, 97871, 52, 383.35
2026/10/09 01:58:28.569, 2, 4, 97871, 0, 45.06
2026/10/09 01:58:28.569, 3, 82621, 97871, 90, 498.41
2026/10/09 01:58:29.569, 0, 10, 97871, 0, 84.72
2026/10/09 01:58:29.569, 1, 82709, 97871, 59, 321.91
2026/10/09 01:58:29.569, 2, 4, 97871, 0, 44.89
2026/10/09 01:58:29.569, 3, 82621, 97871, 80, 498.60
2026/10/09 01:58:30.569, 0, 10, 97871, 0, 84.80
2026/10/09 01:58:30.569, 1, 82709, 97871, 80, 371.99
2026/10/09 01:58:30.569, 2, 4, 97871, 0, 44.99
2026/10/09 01:58:30.569, 3, 82621, 97871, 77, 487.21
2026/10/09 01:58:31.569, 0, 10, 97871, 0, 84.51
2026/10/09 01:58:31.569, 1, 82709, 97871, 57, 351.88
2026/10/09 01:58:31.569, 2, 4, 97871, 0, 44.85
2026/10/09 01:58:31.569, 3, 82621, 97871, 89, 503.01
2026/10/09 01:58:32.570, 0, 10, 97871, 0, 85.10
2026/10/09 01:58:32.570, 1, 82709, 97871, 55, 328.79
2026/10/09 01:58:32.570, 2, 4, 97871, 0, 44.72
2026/10/09 01:58:32.570, 3, 82621, 97871, 88, 506.13
2026/10/09 01:58:33.570, 0, 10, 97871, 0, 85.28
2026/10/09 01:58:33.570, 1, 82709, 97871, 48, 302.15
2026/10/09 01:58:33.570, 2, 4, 97871, 0, 44.79
2026/10/09 01:58:33.570, 3, 82621, 97871, 89, 501.49
2026/10/09 01:58:34.570, 0, 10, 97871, 0, 84.99
2026/10/09 01:58:34.570, 1, 82709, 97871, 61, 326.11
2026/10/09 01:58:34.570, 2, 4, 97871, 0, 44.76
2026/10/09 01:58:34.570, 3, 82621, 97871, 89, 508.26
2026/10/09 01:58:35.570, 0, 10, 97871, 0, 84.87
2026/10/09 01:58:35.570, 1, 82709, 97871, 59, 380.48
2026/10/09 01:58:35.570, 2, 4, 97871, 0, 44.78
2026/10/09 01:58:35.570, 3, 82621, 97871, 88, 509.97
2026/10/09 01:58:36.571, 0, 10, 97871, 0, 85.04
2026/10/09 01:58:36.571, 1, 82709, 97871, 97, 347.52
2026/10/09 01:58:36.571, 2, 4, 97871, 0, 44.71
2026/10/09 01:58:36.571, 3, 82621, 97871, 87, 504.73
2026/10/09 01:58:37.571, 0, 10, 97871, 0, 85.26
2026/10/09 01:58:37.571, 1, 82709, 97871, 54, 305.13
2026/10/09 01:58:37.571, 2, 4, 97871, 0, 44.69
2026/10/09 01:58:37.571, 3, 82621, 97871, 100, 512.17
2026/10/09 01:58:38.571, 0, 10, 97871, 0, 85.03
2026/10/09 01:58:38.571, 1, 82709, 97871, 71, 342.63
2026/10/09 01:58:38.571, 2, 4, 97871, 0, 44.74
2026/10/09 01:58:38.571, 3, 82621, 97871, 88, 508.99
2026/10/09 01:58:39.571, 0, 10, 97871, 0, 84.93
2026/10/09 01:58:39.571, 1, 82709, 97871, 49, 320.37
2026/10/09 01:58:39.571, 2, 4, 97871, 0, 44.67
2026/10/09 01:58:39.571, 3, 82621, 97871, 77, 506.43
2026/10/09 01:58:40.572, 0, 10, 97871, 0, 85.21
2026/10/09 01:58:40.572, 1, 82709, 97871, 49, 302.42
2026/10/09 01:58:40.572, 2, 4, 97871, 0, 44.58
2026/10/09 01:58:40.572, 3, 82621, 97871, 82, 491.73
2026/10/09 01:58:41.572, 0, 10, 97871, 0, 85.21
2026/10/09 01:58:41.572, 1, 82709, 97871, 52, 320.28
2026/10/09 01:58:41.572, 2, 4, 97871, 0, 44.60
2026/10/09 01:58:41.572, 3, 82621, 97871, 100, 501.95
2026/10/09 01:58:42.572, 0, 10, 97871, 0, 84.85
2026/10/09 01:58:42.572, 1, 82709, 97871, 49, 398.52
2026/10/09 01:58:42.572, 2, 4, 97871, 0, 44.56
2026/10/09 01:58:42.572, 3, 82621, 97871, 89, 498.32
2026/10/09 01:58:43.572, 0, 10, 97871, 0, 85.13
2026/10/09 01:58:43.572, 1, 82709, 97871, 49, 337.19
2026/10/09 01:58:43.572, 2, 4, 97871, 0, 44.63
2026/10/09 01:58:43.572, 3, 82621, 97871, 100, 502.65
2026/10/09 01:58:44.572, 0, 10, 97871, 0, 85.12
2026/10/09 01:58:44.573, 1, 82709, 97871, 84, 385.88
2026/10/09 01:58:44.573, 2, 4, 97871, 0, 44.62
2026/10/09 01:58:44.573, 3, 82621, 97871, 89, 501.51
2026/10/09 01:58:45.573, 0, 10, 97871, 0, 84.97
2026/10/09 01:58:45.573, 1, 82709, 97871, 49, 314.14
2026/10/09 01:58:45.573, 2, 4, 97871, 0, 44.65
2026/10/09 01:58:45.573, 3, 82621, 97871, 88, 496.49
2026/10/09 01:58:46.573, 0, 10, 97871, 0, 84.96
2026/10/09 01:58:46.573, 1, 82709, 97871, 49, 300.42
2026/10/09 01:58:46.573, 2, 4, 97871, 0, 44.44
2026/10/09 01:58:46.573, 3, 82621, 97871, 89, 502.66
2026/10/09 01:58:47.573, 0, 10, 97871, 0, 85.04
2026/10/09 01:58:47.573, 1, 82709, 97871, 92, 376.76
2026/10/09 01:58:47.573, 2, 4, 97871, 0, 44.41
2026/10/09 01:58:47.573, 3, 82621, 97871, 85, 500.98
2026/10/09 01:58:48.573, 0, 10, 97871, 0, 84.88
2026/10/09 01:58:48.574, 1, 82709, 97871, 90, 421.53
2026/10/09 01:58:48.574, 2, 4, 97871, 0, 44.53
2026/10/09 01:58:48.574, 3, 82621, 97871, 83, 506.17
2026/10/09 01:58:49.574, 0, 10, 97871, 0, 84.88
2026/10/09 01:58:49.574, 1, 82709, 97871, 38, 422.09
2026/10/09 01:58:49.574, 2, 4, 97871, 0, 44.57
2026/10/09 01:58:49.574, 3, 82621, 97871, 89, 505.97
2026/10/09 01:58:50.574, 0, 10, 97871, 0, 84.90
2026/10/09 01:58:50.574, 1, 82709, 97871, 87, 441.77
2026/10/09 01:58:50.574, 2, 4, 97871, 0, 44.46
2026/10/09 01:58:50.574, 3, 82621, 97871, 89, 500.63
2026/10/09 01:58:51.574, 0, 10, 97871, 0, 84.78
2026/10/09 01:58:51.574, 1, 82709, 97871, 70, 448.13
2026/10/09 01:58:51.574, 2, 4, 97871, 0, 44.16
2026/10/09 01:58:51.574, 3, 82621, 97871, 100, 511.60
2026/10/09 01:58:52.575, 0, 10, 97871, 0, 84.94
2026/10/09 01:58:52.575, 1, 82709, 97871, 69, 442.02
2026/10/09 01:58:52.575, 2, 4, 97871, 0, 44.52
2026/10/09 01:58:52.575, 3, 82621, 97871, 89, 494.93
2026/10/09 01:58:53.575, 0, 10, 97871, 0, 84.96
2026/10/09 01:58:53.575, 1, 82709, 97871, 77, 477.12
2026/10/09 01:58:53.575, 2, 4, 97871, 0, 44.23
2026/10/09 01:58:53.575, 3, 82621, 97871, 94, 498.56
2026/10/09 01:58:54.575, 0, 10, 97871, 0, 84.81
2026/10/09 01:58:54.575, 1, 82709, 97871, 74, 421.78
2026/10/09 01:58:54.575, 2, 4, 97871, 0, 44.30
2026/10/09 01:58:54.575, 3, 82621, 97871, 89, 508.05
2026/10/09 01:58:55.575, 0, 10, 97871, 0, 84.89
2026/10/09 01:58:55.575, 1, 82709, 97871, 55, 425.34
2026/10/09 01:58:55.575, 2, 4, 97871, 0, 44.24
2026/10/09 01:58:55.575, 3, 82621, 97871, 100, 505.57
2026/10/09 01:58:56.575, 0, 10, 97871, 0, 84.85
2026/10/09 01:58:56.576, 1, 82709, 97871, 72, 413.96
2026/10/09 01:58:56.576, 2, 4, 97871, 0, 43.87
2026/10/09 01:58:56.576, 3, 82621, 97871, 100, 496.60
2026/10/09 01:58:57.576, 0, 10, 97871, 0, 84.70
2026/10/09 01:58:57.576, 1, 82709, 97871, 58, 424.85
2026/10/09 01:58:57.576, 2, 4, 97871, 0, 44.27
2026/10/09 01:58:57.576, 3, 82621, 97871, 88, 500.36
2026/10/09 01:58:58.576, 0, 10, 97871, 0, 84.89
2026/10/09 01:58:58.576, 1, 82709, 97871, 83, 446.02
2026/10/09 01:58:58.576, 2, 4, 97871, 0, 44.16
2026/10/09 01:58:58.576, 3, 82621, 97871, 74, 484.99
2026/10/09 01:58:59.576, 0, 10, 97871, 0, 85.13
2026/10/09 01:58:59.576, 1, 82709, 97871, 76, 413.65
2026/10/09 01:58:59.576, 2, 4, 97871, 0, 44.04
2026/10/09 01:58:59.576, 3, 82621, 97871, 82, 477.43
2026/10/09 01:59:00.577, 0, 10, 97871, 0, 84.97
2026/10/09 01:59:00.577, 1, 82709, 97871, 80, 418.87
2026/10/09 01:59:00.577, 2, 4, 97871, 0, 43.91
2026/10/09 01:59:00.577, 3, 82621, 97871, 82, 475.71
2026/10/09 01:59:01.577, 0, 9, 97871, 0, 84.96
2026/10/09 01:59:01.577, 1, 82709, 97871, 64, 478.12
2026/10/09 01:59:01.577, 2, 4, 97871, 0, 43.89
2026/10/09 01:59:01.577, 3, 82620, 97871, 77, 489.72
2026/10/09 01:59:02.577, 0, 9, 97871, 0, 84.90
2026/10/09 01:59:02.577, 1, 82709, 97871, 85, 428.56
2026/10/09 01:59:02.577, 2, 4, 97871, 0, 44.01
2026/10/09 01:59:02.577, 3, 82620, 97871, 82, 464.64
2026/10/09 01:59:03.577, 0, 9, 97871, 0, 85.02
2026/10/09 01:59:03.577, 1, 82709, 97871, 61, 444.18
2026/10/09 01:59:03.577, 2, 4, 97871, 0, 44.02
2026/10/09 01:59:03.577, 3, 8, 97871, 0, 210.46
2026/10/09 01:59:04.577, 0, 9, 97871, 0, 85.12
2026/10/09 01:59:04.578, 1, 82709, 97871, 53, 423.37
2026/10/09 01:59:04.578, 2, 4, 97871, 0, 44.06
2026/10/09 01:59:04.578, 3, 8, 97871, 0, 137.64
2026/10/09 01:59:05.578, 0, 9, 97871, 0, 84.82
2026/10/09 01:59:05.578, 1, 82709, 97871, 47, 366.36
2026/10/09 01:59:05.578, 2, 4, 97871, 0, 44.02
2026/10/09 01:59:05.578, 3, 8, 97871, 0, 97.80
2026/10/09 01:59:06.578, 0, 9, 97871, 0, 84.81
2026/10/09 01:59:06.578, 1, 82709, 97871, 48, 362.23
2026/10/09 01:59:06.578, 2, 4, 97871, 0, 43.95
2026/10/09 01:59:06.578, 3, 8, 97871, 0, 84.76
2026/10/09 01:59:07.578, 0, 9, 97871, 0, 84.63
2026/10/09 01:59:07.578, 1, 82709, 97871, 47, 397.37
2026/10/09 01:59:07.578, 2, 4, 97871, 0, 43.92
2026/10/09 01:59:07.578, 3, 8, 97871, 0, 84.67
2026/10/09 01:59:08.578, 0, 9, 97871, 0, 84.71
2026/10/09 01:59:08.579, 1, 82709, 97871, 46, 386.02
2026/10/09 01:59:08.579, 2, 4, 97871, 0, 43.89
2026/10/09 01:59:08.579, 3, 8, 97871, 0, 84.72
2026/10/09 01:59:09.579, 0, 9, 97871, 0, 84.66
2026/10/09 01:59:09.579, 1, 82709, 97871, 50, 281.58
2026/10/09 01:59:09.579, 2, 4, 97871, 0, 43.99
2026/10/09 01:59:09.579, 3, 8, 97871, 0, 84.45
2026/10/09 01:59:10.579, 0, 9, 97871, 0, 84.32
2026/10/09 01:59:10.579, 1, 82709, 97871, 58, 489.78
2026/10/09 01:59:10.579, 2, 4, 97871, 0, 43.99
2026/10/09 01:59:10.579, 3, 8, 97871, 0, 84.36
2026/10/09 01:59:11.579, 0, 9, 97871, 0, 84.53
2026/10/09 01:59:11.579, 1, 82709, 97871, 67, 449.96
2026/10/09 01:59:11.579, 2, 4, 97871, 0, 43.92
2026/10/09 01:59:11.579, 3, 8, 97871, 0, 84.39
2026/10/09 01:59:12.579, 0, 9, 97871, 0, 84.61
2026/10/09 01:59:12.579, 1, 82709, 97871, 46, 346.98
2026/10/09 01:59:12.579, 2, 4, 97871, 0, 43.88
2026/10/09 01:59:12.580, 3, 8, 97871, 0, 84.33
2026/10/09 01:59:13.580, 0, 9, 97871, 0, 84.49
2026/10/09 01:59:13.580, 1, 82709, 97871, 65, 458.81
2026/10/09 01:59:13.580, 2, 4, 97871, 0, 43.87
2026/10/09 01:59:13.580, 3, 8, 97871, 0, 84.34
2026/10/09 01:59:14.580, 0, 9, 97871, 0, 84.62
2026/10/09 01:59:14.580, 1, 82709, 97871, 62, 470.15
2026/10/09 01:59:14.580, 2, 4, 97871, 0, 43.83
2026/10/09 01:59:14.580, 3, 8, 97871, 0, 84.26
2026/10/09 01:59:15.580, 0, 9, 97871, 0, 84.58
2026/10/09 01:59:15.580, 1, 82709, 97871, 88, 487.60
2026/10/09 01:59:15.580, 2, 4, 97871, 0, 43.89
2026/10/09 01:59:15.580, 3, 8, 97871, 0, 84.30
2026/10/09 01:59:16.580, 0, 9, 97871, 0, 85.01
2026/10/09 01:59:16.580, 1, 82709, 97871, 69, 486.62
2026/10/09 01:59:16.580, 2, 4, 97871, 0, 43.88
2026/10/09 01:59:16.580, 3, 8, 97871, 0, 84.26
2026/10/09 01:59:17.581, 0, 9, 97871, 0, 84.66
2026/10/09 01:59:17.581, 1, 82709, 97871, 81, 473.50
2026/10/09 01:59:17.581, 2, 4, 97871, 0, 43.98
2026/10/09 01:59:17.581, 3, 8, 97871, 0, 84.26
2026/10/09 01:59:18.581, 0, 9, 97871, 0, 84.76
2026/10/09 01:59:18.581, 1, 82709, 97871, 62, 478.32
2026/10/09 01:59:18.581, 2, 4, 97871, 0, 43.90
2026/10/09 01:59:18.581, 3, 8, 97871, 0, 84.20
2026/10/09 01:59:19.581, 0, 9, 97871, 0, 84.75
2026/10/09 01:59:19.581, 1, 82709, 97871, 67, 485.30
2026/10/09 01:59:19.581, 2, 4, 97871, 0, 43.86
2026/10/09 01:59:19.581, 3, 8, 97871, 0, 84.26
2026/10/09 01:59:20.581, 0, 9, 97871, 0, 84.85
2026/10/09 01:59:20.581, 1, 82709, 97871, 58, 457.91
2026/10/09 01:59:20.581, 2, 4, 97871, 0, 43.90
2026/10/09 01:59:20.581, 3, 8, 97871, 0, 84.19
2026/10/09 01:59:21.581, 0, 9, 97871, 0, 84.59
2026/10/09 01:59:21.582, 1, 82709, 97871, 49, 404.61
2026/10/09 01:59:21.582, 2, 4, 97871, 0, 43.91
2026/10/09 01:59:21.582, 3, 8, 97871, 0, 84.24
2026/10/09 01:59:22.584, 0, 9, 97871, 0, 84.78
2026/10/09 01:59:22.584, 1, 82709, 97871, 10, 358.08
2026/10/09 01:59:22.584, 2, 4, 97871, 0, 43.95
2026/10/09 01:59:22.584, 3, 8, 97871, 0, 84.17
2026/10/09 01:59:23.584, 0, 9, 97871, 0, 84.35
2026/10/09 01:59:23.584, 1, 82709, 97871, 100, 543.36
2026/10/09 01:59:23.584, 2, 4, 97871, 0, 43.99
2026/10/09 01:59:23.584, 3, 8, 97871, 0, 84.19
2026/10/09 01:59:24.585, 0, 9, 97871, 0, 84.64
2026/10/09 01:59:24.585, 1, 82709, 97871, 89, 501.97
2026/10/09 01:59:24.585, 2, 4, 97871, 0, 43.87
2026/10/09 01:59:24.585, 3, 8, 97871, 0, 84.17
2026/10/09 01:59:25.585, 0, 9, 97871, 0, 84.71
2026/10/09 01:59:25.585, 1, 82709, 97871, 58, 466.33
2026/10/09 01:59:25.585, 2, 4, 97871, 0, 43.91
2026/10/09 01:59:25.585, 3, 8, 97871, 0, 84.31
2026/10/09 01:59:26.585, 0, 9, 97871, 0, 84.82
2026/10/09 01:59:26.585, 1, 82709, 97871, 47, 337.58
2026/10/09 01:59:26.585, 2, 4, 97871, 0, 43.89
2026/10/09 01:59:26.585, 3, 8, 97871, 0, 84.17
2026/10/09 01:59:27.585, 0, 9, 97871, 0, 84.91
2026/10/09 01:59:27.585, 1, 82709, 97871, 100, 442.70
2026/10/09 01:59:27.585, 2, 4, 97871, 0, 43.91
2026/10/09 01:59:27.585, 3, 8, 97871, 0, 84.16
2026/10/09 01:59:28.585, 0, 9, 97871, 0, 84.46
2026/10/09 01:59:28.586, 1, 82709, 97871, 100, 533.37
2026/10/09 01:59:28.586, 2, 4, 97871, 0, 43.82
2026/10/09 01:59:28.586, 3, 8, 97871, 0, 84.10
2026/10/09 01:59:29.586, 0, 9, 97871, 0, 84.80
2026/10/09 01:59:29.586, 1, 82709, 97871, 100, 512.28
2026/10/09 01:59:29.586, 2, 4, 97871, 0, 43.85
2026/10/09 01:59:29.586, 3, 8, 97871, 0, 84.08
2026/10/09 01:59:30.586, 0, 9, 97871, 0, 84.74
2026/10/09 01:59:30.586, 1, 82709, 97871, 100, 519.74
2026/10/09 01:59:30.586, 2, 4, 97871, 0, 43.82
2026/10/09 01:59:30.586, 3, 8, 97871, 0, 84.08
2026/10/09 01:59:31.586, 0, 9, 97871, 0, 84.87
2026/10/09 01:59:31.586, 1, 82709, 97871, 100, 516.57
2026/10/09 01:59:31.586, 2, 4, 97871, 0, 43.78
2026/10/09 01:59:31.586, 3, 8, 97871, 0, 84.13
2026/10/09 01:59:32.591, 0, 9, 97871, 0, 84.81
2026/10/09 01:59:32.591, 1, 82709, 97871, 100, 515.40
2026/10/09 01:59:32.591, 2, 4, 97871, 0, 43.81
2026/10/09 01:59:32.592, 3, 8, 97871, 0, 84.06
2026/10/09 01:59:33.592, 0, 9, 97871, 0, 84.86
2026/10/09 01:59:33.592, 1, 82709, 97871, 100, 515.01
2026/10/09 01:59:33.592, 2, 4, 97871, 0, 43.86
2026/10/09 01:59:33.592, 3, 8, 97871, 0, 83.95
2026/10/09 01:59:34.592, 0, 9, 97871, 0, 84.90
2026/10/09 01:59:34.592, 1, 82709, 97871, 98, 519.18
2026/10/09 01:59:34.592, 2, 4, 97871, 0, 43.82
2026/10/09 01:59:34.592, 3, 8, 97871, 0, 84.09
2026/10/09 01:59:35.592, 0, 9, 97871, 0, 84.98
2026/10/09 01:59:35.592, 1, 82709, 97871, 100, 517.59
2026/10/09 01:59:35.592, 2, 4, 97871, 0, 43.89
2026/10/09 01:59:35.592, 3, 8, 97871, 0, 84.10
2026/10/09 01:59:36.592, 0, 9, 97871, 0, 84.83
2026/10/09 01:59:36.592, 1, 82709, 97871, 100, 517.83
2026/10/09 01:59:36.592, 2, 4, 97871, 0, 43.76
2026/10/09 01:59:36.592, 3, 8, 97871, 0, 84.00
2026/10/09 01:59:37.593, 0, 9, 97871, 0, 84.88
2026/10/09 01:59:37.593, 1, 82709, 97871, 98, 514.85
2026/10/09 01:59:37.593, 2, 4, 97871, 0, 43.81
2026/10/09 01:59:37.593, 3, 8, 97871, 0, 83.95
2026/10/09 01:59:38.593, 0, 9, 97871, 0, 84.87
2026/10/09 01:59:38.593, 1, 82709, 97871, 71, 491.13
2026/10/09 01:59:38.593, 2, 4, 97871, 0, 43.75
2026/10/09 01:59:38.593, 3, 8, 97871, 0, 83.92
2026/10/09 01:59:39.593, 0, 9, 97871, 0, 84.98
2026/10/09 01:59:39.593, 1, 82709, 97871, 58, 407.53
2026/10/09 01:59:39.593, 2, 4, 97871, 0, 43.88
2026/10/09 01:59:39.593, 3, 8, 97871, 0, 83.86
2026/10/09 01:59:40.593, 0, 9, 97871, 0, 84.96
2026/10/09 01:59:40.593, 1, 82709, 97871, 100, 343.04
2026/10/09 01:59:40.593, 2, 4, 97871, 0, 43.80
2026/10/09 01:59:40.593, 3, 8, 97871, 0, 84.11
2026/10/09 01:59:41.593, 0, 9, 97871, 0, 84.69
2026/10/09 01:59:41.594, 1, 82709, 97871, 100, 475.40
2026/10/09 01:59:41.594, 2, 4, 97871, 0, 43.88
2026/10/09 01:59:41.594, 3, 8, 97871, 0, 84.04
2026/10/09 01:59:42.599, 0, 9, 97871, 0, 84.49
2026/10/09 01:59:42.599, 1, 82709, 97871, 100, 539.59
2026/10/09 01:59:42.599, 2, 4, 97871, 0, 43.88
2026/10/09 01:59:42.599, 3, 8, 97871, 0, 84.04
2026/10/09 01:59:43.599, 0, 9, 97871, 0, 84.75
2026/10/09 01:59:43.599, 1, 82709, 97871, 95, 514.49
2026/10/09 01:59:43.599, 2, 4, 97871, 0, 43.74
2026/10/09 01:59:43.599, 3, 8, 97871, 0, 83.93
2026/10/09 01:59:44.599, 0, 9, 97871, 0, 84.99
2026/10/09 01:59:44.599, 1, 82709, 97871, 100, 515.85
2026/10/09 01:59:44.599, 2, 4, 97871, 0, 43.81
2026/10/09 01:59:44.599, 3, 8, 97871, 0, 83.94
2026/10/09 01:59:45.599, 0, 9, 97871, 0, 84.95
2026/10/09 01:59:45.600, 1, 82709, 97871, 88, 508.17
2026/10/09 01:59:45.600, 2, 4, 97871, 0, 43.91
2026/10/09 01:59:45.600, 3, 8, 97871, 0, 84.11
2026/10/09 01:59:46.600, 0, 9, 97871, 0, 85.07
2026/10/09 01:59:46.600, 1, 82709, 97871, 59, 413.16
2026/10/09 01:59:46.600, 2, 4, 97871, 0, 43.83
2026/10/09 01:59:46.600, 3, 8, 97871, 0, 84.02
2026/10/09 01:59:47.600, 0, 9, 97871, 0, 84.94
2026/10/09 01:59:47.600, 1, 82709, 97871, 51, 321.97
2026/10/09 01:59:47.600, 2, 4, 97871, 0, 43.87
2026/10/09 01:59:47.600, 3, 8, 97871, 0, 84.04
2026/10/09 01:59:48.600, 0, 9, 97871, 0, 84.69
2026/10/09 01:59:48.600, 1, 82709, 97871, 100, 491.69
2026/10/09 01:59:48.600, 2, 4, 97871, 0, 43.87
2026/10/09 01:59:48.600, 3, 8, 97871, 0, 84.05
2026/10/09 01:59:49.600, 0, 9, 97871, 0, 84.52
2026/10/09 01:59:49.600, 1, 82709, 97871, 100, 540.00
2026/10/09 01:59:49.600, 2, 4, 97871, 0, 43.79
2026/10/09 01:59:49.600, 3, 8, 97871, 0, 84.02
2026/10/09 01:59:50.601, 0, 9, 97871, 0, 84.68
2026/10/09 01:59:50.601, 1, 82709, 97871, 100, 525.74
2026/10/09 01:59:50.601, 2, 4, 97871, 0, 43.88
2026/10/09 01:59:50.601, 3, 8, 97871, 0, 84.09
2026/10/09 01:59:51.601, 0, 9, 97871, 0, 85.00
2026/10/09 01:59:51.601, 1, 82709, 97871, 100, 520.24
2026/10/09 01:59:51.601, 2, 4, 97871, 0, 43.76
2026/10/09 01:59:51.601, 3, 8, 97871, 0, 83.95
2026/10/09 01:59:52.606, 0, 9, 97871, 0, 84.92
2026/10/09 01:59:52.606, 1, 82709, 97871, 100, 517.71
2026/10/09 01:59:52.606, 2, 4, 97871, 0, 43.93
2026/10/09 01:59:52.606, 3, 8, 97871, 0, 84.02
2026/10/09 01:59:53.606, 0, 9, 97871, 0, 85.04
2026/10/09 01:59:53.606, 1, 82709, 97871, 100, 517.17
2026/10/09 01:59:53.606, 2, 4, 97871, 0, 43.82
2026/10/09 01:59:53.606, 3, 8, 97871, 0, 84.08
2026/10/09 01:59:54.607, 0, 9, 97871, 0, 84.93
2026/10/09 01:59:54.607, 1, 82709, 97871, 100, 515.21
2026/10/09 01:59:54.607, 2, 4, 97871, 0, 43.73
2026/10/09 01:59:54.607, 3, 8, 97871, 0, 84.12
2026/10/09 01:59:55.607, 0, 9, 97871, 0, 84.83
2026/10/09 01:59:55.607, 1, 82709, 97871, 100, 523.98
2026/10/09 01:59:55.607, 2, 4, 97871, 0, 43.70
2026/10/09 01:59:55.607, 3, 8, 97871, 0, 84.12
2026/10/09 01:59:56.607, 0, 9, 97871, 0, 84.94
2026/10/09 01:59:56.607, 1, 82709, 97871, 100, 516.40
2026/10/09 01:59:56.607, 2, 4, 97871, 0, 43.69
2026/10/09 01:59:56.607, 3, 8, 97871, 0, 84.13
2026/10/09 01:59:57.607, 0, 9, 97871, 0, 84.95
2026/10/09 01:59:57.607, 1, 82709, 97871, 100, 521.69
2026/10/09 01:59:57.607, 2, 4, 97871, 0, 43.80
2026/10/09 01:59:57.607, 3, 8, 97871, 0, 84.05
2026/10/09 01:59:58.607, 0, 9, 97871, 0, 85.04
2026/10/09 01:59:58.608, 1, 82709, 97871, 100, 519.61
2026/10/09 01:59:58.608, 2, 4, 97871, 0, 43.60
2026/10/09 01:59:58.608, 3, 8, 97871, 0, 84.19
2026/10/09 01:59:59.608, 0, 9, 97871, 0, 84.98
2026/10/09 01:59:59.608, 1, 82709, 97871, 100, 517.17
2026/10/09 01:59:59.608, 2, 4, 97871, 0, 43.74
2026/10/09 01:59:59.608, 3, 8, 97871, 0, 84.13
2026/10/09 02:00:00.608, 0, 9, 97871, 0, 84.81
2026/10/09 02:00:00.608, 1, 82709, 97871, 100, 517.02
2026/10/09 02:00:00.608, 2, 4, 97871, 0, 43.84
2026/10/09 02:00:00.608, 3, 8, 97871, 0, 84.23
2026/10/09 02:00:01.608, 0, 9, 97871, 0, 85.05
2026/10/09 02:00:01.608, 1, 82709, 97871, 100, 516.33
2026/10/09 02:00:01.608, 2, 4, 97871, 0, 43.65
2026/10/09 02:00:01.608, 3, 8, 97871, 0, 84.27
2026/10/09 02:00:02.615, 0, 9, 97871, 0, 84.96
2026/10/09 02:00:02.615, 1, 82709, 97871, 100, 517.44
2026/10/09 02:00:02.615, 2, 4, 97871, 0, 43.59
2026/10/09 02:00:02.615, 3, 8, 97871, 0, 84.18
2026/10/09 02:00:03.615, 0, 9, 97871, 0, 84.86
2026/10/09 02:00:03.616, 1, 82709, 97871, 100, 520.03
2026/10/09 02:00:03.616, 2, 4, 97871, 0, 43.59
2026/10/09 02:00:03.616, 3, 8, 97871, 0, 84.26
2026/10/09 02:00:04.616, 0, 9, 97871, 0, 85.03
2026/10/09 02:00:04.616, 1, 82709, 97871, 100, 515.50
2026/10/09 02:00:04.616, 2, 4, 97871, 0, 43.76
2026/10/09 02:00:04.616, 3, 8, 97871, 0, 84.39
2026/10/09 02:00:05.616, 0, 9, 97871, 0, 85.06
2026/10/09 02:00:05.616, 1, 82709, 97871, 100, 516.29
2026/10/09 02:00:05.616, 2, 4, 97871, 0, 43.63
2026/10/09 02:00:05.616, 3, 8, 97871, 0, 84.27
2026/10/09 02:00:06.616, 0, 9, 97871, 0, 85.11
2026/10/09 02:00:06.616, 1, 82709, 97871, 100, 516.50
2026/10/09 02:00:06.616, 2, 4, 97871, 0, 43.53
2026/10/09 02:00:06.616, 3, 8, 97871, 0, 84.20
2026/10/09 02:00:07.616, 0, 9, 97871, 0, 85.05
2026/10/09 02:00:07.616, 1, 82709, 97871, 100, 516.36
2026/10/09 02:00:07.616, 2, 4, 97871, 0, 43.59
2026/10/09 02:00:07.616, 3, 8, 97871, 0, 84.36
2026/10/09 02:00:08.617, 0, 9, 97871, 0, 85.37
2026/10/09 02:00:08.617, 1, 82709, 97871, 62, 475.35
2026/10/09 02:00:08.617, 2, 4, 97871, 0, 43.37
2026/10/09 02:00:08.617, 3, 8, 97871, 0, 84.26
2026/10/09 02:00:09.617, 0, 9, 97871, 0, 85.28
2026/10/09 02:00:09.617, 1, 82709, 97871, 50, 380.15
2026/10/09 02:00:09.617, 2, 4, 97871, 0, 43.57
2026/10/09 02:00:09.617, 3, 8, 97871, 0, 84.25
2026/10/09 02:00:10.617, 0, 9, 97871, 0, 85.06
2026/10/09 02:00:10.617, 1, 82709, 97871, 100, 406.41
2026/10/09 02:00:10.617, 2, 4, 97871, 0, 43.67
2026/10/09 02:00:10.617, 3, 8, 97871, 0, 84.30
2026/10/09 02:00:11.617, 0, 9, 97871, 0, 84.80
2026/10/09 02:00:11.617, 1, 82709, 97871, 100, 539.63
2026/10/09 02:00:11.618, 2, 4, 97871, 0, 43.68
2026/10/09 02:00:11.618, 3, 8, 97871, 0, 84.45
2026/10/09 02:00:12.622, 0, 9, 97871, 0, 84.74
2026/10/09 02:00:12.623, 1, 82709, 97871, 100, 540.39
2026/10/09 02:00:12.623, 2, 4, 97871, 0, 43.71
2026/10/09 02:00:12.623, 3, 8, 97871, 0, 84.35
2026/10/09 02:00:13.623, 0, 9, 97871, 0, 84.77
2026/10/09 02:00:13.623, 1, 82709, 97871, 100, 538.27
2026/10/09 02:00:13.623, 2, 4, 97871, 0, 43.71
2026/10/09 02:00:13.623, 3, 8, 97871, 0, 84.31
2026/10/09 02:00:14.623, 0, 9, 97871, 0, 84.72
2026/10/09 02:00:14.623, 1, 82709, 97871, 100, 537.77
2026/10/09 02:00:14.623, 2, 4, 97871, 0, 43.61
2026/10/09 02:00:14.623, 3, 8, 97871, 0, 84.35
2026/10/09 02:00:15.623, 0, 9, 97871, 0, 84.88
2026/10/09 02:00:15.623, 1, 82709, 97871, 100, 527.66
2026/10/09 02:00:15.623, 2, 4, 97871, 0, 43.51
2026/10/09 02:00:15.623, 3, 8, 97871, 0, 84.30
2026/10/09 02:00:16.623, 0, 9, 97871, 0, 84.93
2026/10/09 02:00:16.623, 1, 82709, 97871, 100, 513.40
2026/10/09 02:00:16.624, 2, 4, 97871, 0, 43.46
2026/10/09 02:00:16.624, 3, 8, 97871, 0, 84.20
2026/10/09 02:00:17.624, 0, 9, 97871, 0, 84.99
2026/10/09 02:00:17.624, 1, 82709, 97871, 100, 515.45
2026/10/09 02:00:17.624, 2, 4, 97871, 0, 43.32
2026/10/09 02:00:17.624, 3, 8, 97871, 0, 84.35
2026/10/09 02:00:18.624, 0, 9, 97871, 0, 85.00
2026/10/09 02:00:18.624, 1, 82709, 97871, 100, 514.21
2026/10/09 02:00:18.624, 2, 4, 97871, 0, 43.51
2026/10/09 02:00:18.624, 3, 8, 97871, 0, 84.30
2026/10/09 02:00:19.624, 0, 9, 97871, 0, 85.21
2026/10/09 02:00:19.624, 1, 82709, 97871, 100, 515.87
2026/10/09 02:00:19.624, 2, 4, 97871, 0, 43.48
2026/10/09 02:00:19.624, 3, 8, 97871, 0, 84.55
2026/10/09 02:00:20.624, 0, 9, 97871, 0, 85.21
2026/10/09 02:00:20.624, 1, 82709, 97871, 58, 462.53
2026/10/09 02:00:20.624, 2, 4, 97871, 0, 43.56
2026/10/09 02:00:20.625, 3, 8, 97871, 0, 84.49
2026/10/09 02:00:21.625, 0, 9, 97871, 0, 85.26
2026/10/09 02:00:21.625, 1, 82709, 97871, 52, 350.56
2026/10/09 02:00:21.625, 2, 4, 97871, 0, 43.44
2026/10/09 02:00:21.625, 3, 8, 97871, 0, 84.39
2026/10/09 02:00:22.630, 0, 9, 97871, 0, 84.99
2026/10/09 02:00:22.630, 1, 82709, 97871, 100, 499.65
2026/10/09 02:00:22.630, 2, 4, 97871, 0, 43.58
2026/10/09 02:00:22.630, 3, 8, 97871, 0, 84.36
2026/10/09 02:00:23.630, 0, 9, 97871, 0, 84.82
2026/10/09 02:00:23.630, 1, 82709, 97871, 100, 538.76
2026/10/09 02:00:23.630, 2, 4, 97871, 0, 43.36
2026/10/09 02:00:23.630, 3, 8, 97871, 0, 84.41
2026/10/09 02:00:24.630, 0, 9, 97871, 0, 84.82
2026/10/09 02:00:24.630, 1, 82709, 97871, 100, 536.43
2026/10/09 02:00:24.630, 2, 4, 97871, 0, 43.46
2026/10/09 02:00:24.630, 3, 8, 97871, 0, 84.44
2026/10/09 02:00:25.630, 0, 9, 97871, 0, 84.82
2026/10/09 02:00:25.631, 1, 82709, 97871, 100, 539.59
2026/10/09 02:00:25.631, 2, 4, 97871, 0, 43.47
2026/10/09 02:00:25.631, 3, 8, 97871, 0, 84.30
2026/10/09 02:00:26.631, 0, 9, 97871, 0, 84.64
2026/10/09 02:00:26.631, 1, 82709, 97871, 100, 534.82
2026/10/09 02:00:26.631, 2, 4, 97871, 0, 43.53
2026/10/09 02:00:26.631, 3, 8, 97871, 0, 84.21
2026/10/09 02:00:27.631, 0, 9, 97871, 0, 85.01
2026/10/09 02:00:27.631, 1, 82709, 97871, 100, 521.39
2026/10/09 02:00:27.631, 2, 4, 97871, 0, 43.35
2026/10/09 02:00:27.631, 3, 8, 97871, 0, 84.20
2026/10/09 02:00:28.631, 0, 9, 97871, 0, 85.01
2026/10/09 02:00:28.631, 1, 82709, 97871, 100, 517.67
2026/10/09 02:00:28.631, 2, 4, 97871, 0, 43.55
2026/10/09 02:00:28.631, 3, 8, 97871, 0, 84.25
2026/10/09 02:00:29.631, 0, 9, 97871, 0, 85.00
2026/10/09 02:00:29.632, 1, 82709, 97871, 100, 520.69
2026/10/09 02:00:29.632, 2, 4, 97871, 0, 43.09
2026/10/09 02:00:29.632, 3, 8, 97871, 0, 84.22
2026/10/09 02:00:30.632, 0, 9, 97871, 0, 85.00
2026/10/09 02:00:30.632, 1, 82709, 97871, 100, 522.98
2026/10/09 02:00:30.632, 2, 4, 97871, 0, 43.27
2026/10/09 02:00:30.632, 3, 8, 97871, 0, 84.41
2026/10/09 02:00:31.632, 0, 9, 97871, 0, 84.89
2026/10/09 02:00:31.632, 1, 82709, 97871, 100, 521.32
2026/10/09 02:00:31.632, 2, 4, 97871, 0, 43.48
2026/10/09 02:00:31.632, 3, 8, 97871, 0, 84.40
2026/10/09 02:00:32.637, 0, 9, 97871, 0, 84.94
2026/10/09 02:00:32.637, 1, 82709, 97871, 100, 519.04
2026/10/09 02:00:32.637, 2, 4, 97871, 0, 43.47
2026/10/09 02:00:32.637, 3, 8, 97871, 0, 84.49
2026/10/09 02:00:33.637, 0, 9, 97871, 0, 84.95
2026/10/09 02:00:33.638, 1, 82709, 97871, 100, 521.53
2026/10/09 02:00:33.638, 2, 4, 97871, 0, 43.31
2026/10/09 02:00:33.638, 3, 8, 97871, 0, 84.47
2026/10/09 02:00:34.638, 0, 9, 97871, 0, 85.03
2026/10/09 02:00:34.638, 1, 82709, 97871, 100, 523.15
2026/10/09 02:00:34.638, 2, 4, 97871, 0, 43.39
2026/10/09 02:00:34.638, 3, 8, 97871, 0, 84.48
2026/10/09 02:00:35.638, 0, 9, 97871, 0, 84.96
2026/10/09 02:00:35.638, 1, 82709, 97871, 100, 526.66
2026/10/09 02:00:35.638, 2, 4, 97871, 0, 43.57
2026/10/09 02:00:35.638, 3, 8, 97871, 0, 84.51
2026/10/09 02:00:36.638, 0, 9, 97871, 0, 84.98
2026/10/09 02:00:36.638, 1, 82709, 97871, 100, 527.61
2026/10/09 02:00:36.638, 2, 4, 97871, 0, 43.47
2026/10/09 02:00:36.638, 3, 8, 97871, 0, 84.49
2026/10/09 02:00:37.639, 0, 9, 97871, 0, 84.95
2026/10/09 02:00:37.639, 1, 82709, 97871, 100, 528.60
2026/10/09 02:00:37.639, 2, 4, 97871, 0, 43.42
2026/10/09 02:00:37.639, 3, 8, 97871, 0, 84.41
2026/10/09 02:00:38.639, 0, 9, 97871, 0, 84.99
2026/10/09 02:00:38.639, 1, 82709, 97871, 100, 523.34
2026/10/09 02:00:38.639, 2, 4, 97871, 0, 43.35
2026/10/09 02:00:38.639, 3, 8, 97871, 0, 84.47
2026/10/09 02:00:39.639, 0, 9, 97871, 0, 84.98
2026/10/09 02:00:39.639, 1, 82709, 97871, 100, 522.67
2026/10/09 02:00:39.639, 2, 4, 97871, 0, 43.41
2026/10/09 02:00:39.639, 3, 8, 97871, 0, 84.51
2026/10/09 02:00:40.639, 0, 9, 97871, 0, 84.94
2026/10/09 02:00:40.639, 1, 82709, 97871, 100, 522.67
2026/10/09 02:00:40.639, 2, 4, 97871, 0, 43.34
2026/10/09 02:00:40.639, 3, 8, 97871, 0, 84.48
2026/10/09 02:00:41.639, 0, 9, 97871, 0, 84.97
2026/10/09 02:00:41.640, 1, 82709, 97871, 100, 523.83
2026/10/09 02:00:41.640, 2, 4, 97871, 0, 43.02
2026/10/09 02:00:41.640, 3, 8, 97871, 0, 84.47
2026/10/09 02:00:42.645, 0, 9, 97871, 0, 85.03
2026/10/09 02:00:42.645, 1, 82709, 97871, 100, 522.66
2026/10/09 02:00:42.645, 2, 4, 97871, 0, 43.18
2026/10/09 02:00:42.645, 3, 8, 97871, 0, 84.43
2026/10/09 02:00:43.645, 0, 9, 97871, 0, 84.95
2026/10/09 02:00:43.645, 1, 82709, 97871, 100, 520.71
2026/10/09 02:00:43.645, 2, 4, 97871, 0, 43.39
2026/10/09 02:00:43.645, 3, 8, 97871, 0, 84.45
2026/10/09 02:00:44.645, 0, 9, 97871, 0, 84.96
2026/10/09 02:00:44.645, 1, 82709, 97871, 100, 522.05
2026/10/09 02:00:44.645, 2, 4, 97871, 0, 42.95
2026/10/09 02:00:44.645, 3, 8, 97871, 0, 84.41
2026/10/09 02:00:45.645, 0, 9, 97871, 0, 84.86
2026/10/09 02:00:45.645, 1, 82709, 97871, 100, 526.92
2026/10/09 02:00:45.645, 2, 4, 97871, 0, 43.12
2026/10/09 02:00:45.645, 3, 8, 97871, 0, 84.41
2026/10/09 02:00:46.645, 0, 9, 97871, 0, 85.14
2026/10/09 02:00:46.645, 1, 82709, 97871, 100, 524.11
2026/10/09 02:00:46.645, 2, 4, 97871, 0, 43.31
2026/10/09 02:00:46.645, 3, 8, 97871, 0, 84.39
2026/10/09 02:00:47.646, 0, 9, 97871, 0, 85.03
2026/10/09 02:00:47.646, 1, 82709, 97871, 100, 529.49
2026/10/09 02:00:47.646, 2, 4, 97871, 0, 43.16
2026/10/09 02:00:47.646, 3, 8, 97871, 0, 84.39
2026/10/09 02:00:48.646, 0, 9, 97871, 0, 84.97
2026/10/09 02:00:48.646, 1, 82709, 97871, 100, 523.61
2026/10/09 02:00:48.646, 2, 4, 97871, 0, 43.29
2026/10/09 02:00:48.646, 3, 8, 97871, 0, 84.55
2026/10/09 02:00:49.646, 0, 9, 97871, 0, 85.04
2026/10/09 02:00:49.646, 1, 82709, 97871, 100, 524.28
2026/10/09 02:00:49.646, 2, 4, 97871, 0, 43.35
2026/10/09 02:00:49.646, 3, 8, 97871, 0, 84.39
2026/10/09 02:00:50.646, 0, 9, 97871, 0, 84.99
2026/10/09 02:00:50.646, 1, 82709, 97871, 100, 526.24
2026/10/09 02:00:50.646, 2, 4, 97871, 0, 43.53
2026/10/09 02:00:50.646, 3, 8, 97871, 0, 84.43
2026/10/09 02:00:51.647, 0, 9, 97871, 0, 84.92
2026/10/09 02:00:51.647, 1, 82709, 97871, 100, 526.48
2026/10/09 02:00:51.647, 2, 4, 97871, 0, 43.60
2026/10/09 02:00:51.647, 3, 8, 97871, 0, 84.53
2026/10/09 02:00:52.663, 0, 9, 97871, 0, 84.97
2026/10/09 02:00:52.663, 1, 82709, 97871, 100, 522.83
2026/10/09 02:00:52.663, 2, 4, 97871, 0, 43.51
2026/10/09 02:00:52.663, 3, 8, 97871, 0, 84.61
2026/10/09 02:00:53.663, 0, 9, 97871, 0, 84.93
2026/10/09 02:00:53.663, 1, 82709, 97871, 100, 523.19
2026/10/09 02:00:53.663, 2, 4, 97871, 0, 43.65
2026/10/09 02:00:53.663, 3, 8, 97871, 0, 84.56
2026/10/09 02:00:54.663, 0, 9, 97871, 0, 84.87
2026/10/09 02:00:54.663, 1, 82709, 97871, 100, 523.78
2026/10/09 02:00:54.663, 2, 4, 97871, 0, 43.41
2026/10/09 02:00:54.663, 3, 8, 97871, 0, 84.65
2026/10/09 02:00:55.663, 0, 9, 97871, 0, 84.94
2026/10/09 02:00:55.664, 1, 82709, 97871, 100, 521.86
2026/10/09 02:00:55.664, 2, 4, 97871, 0, 43.56
2026/10/09 02:00:55.664, 3, 8, 97871, 0, 84.65
2026/10/09 02:00:56.664, 0, 9, 97871, 0, 85.04
2026/10/09 02:00:56.664, 1, 82709, 97871, 100, 526.62
2026/10/09 02:00:56.664, 2, 4, 97871, 0, 43.52
2026/10/09 02:00:56.664, 3, 8, 97871, 0, 84.70
2026/10/09 02:00:57.664, 0, 9, 97871, 0, 85.06
2026/10/09 02:00:57.664, 1, 82709, 97871, 100, 524.53
2026/10/09 02:00:57.664, 2, 4, 97871, 0, 43.52
2026/10/09 02:00:57.664, 3, 8, 97871, 0, 84.57
2026/10/09 02:00:58.664, 0, 9, 97871, 0, 85.07
2026/10/09 02:00:58.664, 1, 82709, 97871, 100, 519.26
2026/10/09 02:00:58.664, 2, 4, 97871, 0, 43.47
2026/10/09 02:00:58.664, 3, 8, 97871, 0, 84.62
2026/10/09 02:00:59.664, 0, 9, 97871, 0, 85.06
2026/10/09 02:00:59.665, 1, 82709, 97871, 100, 516.56
2026/10/09 02:00:59.665, 2, 4, 97871, 0, 43.35
2026/10/09 02:00:59.665, 3, 8, 97871, 0, 84.61
2026/10/09 02:01:00.665, 0, 9, 97871, 0, 85.20
2026/10/09 02:01:00.665, 1, 82709, 97871, 100, 516.86
2026/10/09 02:01:00.665, 2, 4, 97871, 0, 43.44
2026/10/09 02:01:00.665, 3, 8, 97871, 0, 84.51
2026/10/09 02:01:01.665, 0, 9, 97871, 0, 85.25
2026/10/09 02:01:01.665, 1, 82709, 97871, 56, 465.76
2026/10/09 02:01:01.665, 2, 4, 97871, 0, 43.39
2026/10/09 02:01:01.665, 3, 8, 97871, 0, 84.61
2026/10/09 02:01:02.673, 0, 9, 97871, 0, 85.63
2026/10/09 02:01:02.674, 1, 82709, 97871, 50, 350.77
2026/10/09 02:01:02.674, 2, 4, 97871, 0, 43.37
2026/10/09 02:01:02.674, 3, 8, 97871, 0, 84.61
2026/10/09 02:01:03.674, 0, 8, 97871, 0, 85.22
2026/10/09 02:01:03.674, 1, 7, 97871, 0, 229.40
2026/10/09 02:01:03.674, 2, 4, 97871, 0, 43.58
2026/10/09 02:01:03.674, 3, 8, 97871, 0, 84.70
2026/10/09 02:01:04.674, 0, 8, 97871, 0, 85.11
2026/10/09 02:01:04.674, 1, 7, 97871, 0, 153.10
2026/10/09 02:01:04.674, 2, 4, 97871, 0, 43.44
2026/10/09 02:01:04.674, 3, 8, 97871, 0, 84.64
