2026/10/10 16:54:45.992, 0, 14, 97871, 0, 84.66
2026/10/10 16:54:45.995, 1, 12, 97871, 0, 97.12
2026/10/10 16:54:45.999, 2, 10, 97871, 0, 99.57
2026/10/10 16:54:46.002, 3, 12, 97871, 0, 86.62
2026/10/10 16:54:47.006, 0, 14, 97871, 0, 84.34
2026/10/10 16:54:47.006, 1, 12, 97871, 0, 96.87
2026/10/10 16:54:47.006, 2, 10, 97871, 0, 99.16
2026/10/10 16:54:47.006, 3, 12, 97871, 0, 86.57
2026/10/10 16:54:48.006, 0, 14, 97871, 0, 84.26
2026/10/10 16:54:48.006, 1, 12, 97871, 0, 96.64
2026/10/10 16:54:48.006, 2, 10, 97871, 0, 99.14
2026/10/10 16:54:48.006, 3, 12, 97871, 0, 86.53
2026/10/10 16:54:49.007, 0, 14, 97871, 0, 84.37
2026/10/10 16:54:49.007, 1, 12, 97871, 0, 96.81
2026/10/10 16:54:49.007, 2, 10, 97871, 0, 99.25
2026/10/10 16:54:49.007, 3, 12, 97871, 0, 86.41
2026/10/10 16:54:50.007, 0, 14, 97871, 0, 84.37
2026/10/10 16:54:50.007, 1, 12, 97871, 0, 96.79
2026/10/10 16:54:50.007, 2, 10, 97871, 0, 99.19
2026/10/10 16:54:50.007, 3, 12, 97871, 0, 86.44
2026/10/10 16:54:51.007, 0, 14, 97871, 0, 84.29
2026/10/10 16:54:51.007, 1, 12, 97871, 0, 96.81
2026/10/10 16:54:51.007, 2, 10, 97871, 0, 99.09
2026/10/10 16:54:51.007, 3, 12, 97871, 0, 86.40
2026/10/10 16:54:52.008, 0, 14, 97871, 0, 84.39
2026/10/10 16:54:52.008, 1, 12, 97871, 0, 96.89
2026/10/10 16:54:52.008, 2, 10, 97871, 0, 99.08
2026/10/10 16:54:52.008, 3, 12, 97871, 0, 86.35
2026/10/10 16:54:53.008, 0, 14, 97871, 0, 84.40
2026/10/10 16:54:53.008, 1, 12, 97871, 0, 96.77
2026/10/10 16:54:53.008, 2, 10, 97871, 0, 99.17
2026/10/10 16:54:53.008, 3, 12, 97871, 0, 86.46
2026/10/10 16:54:54.008, 0, 14, 97871, 0, 84.33
2026/10/10 16:54:54.008, 1, 12, 97871, 0, 96.84
2026/10/10 16:54:54.008, 2, 10, 97871, 0, 99.12
2026/10/10 16:54:54.008, 3, 12, 97871, 0, 86.37
2026/10/10 16:54:55.008, 0, 14, 97871, 0, 84.42
2026/10/10 16:54:55.009, 1, 12, 97871, 0, 97.03
2026/10/10 16:54:55.009, 2, 10, 97871, 0, 99.13
2026/10/10 16:54:55.009, 3, 12, 97871, 0, 86.41
2026/10/10 16:54:56.009, 0, 14, 97871, 0, 84.35
2026/10/10 16:54:56.009, 1, 12, 97871, 0, 96.69
2026/10/10 16:54:56.009, 2, 10, 97871, 0, 99.05
2026/10/10 16:54:56.009, 3, 12, 97871, 0, 86.39
2026/10/10 16:54:57.009, 0, 14, 97871, 0, 84.31
2026/10/10 16:54:57.009, 1, 12, 97871, 0, 96.82
2026/10/10 16:54:57.009, 2, 10, 97871, 0, 99.16
2026/10/10 16:54:57.009, 3, 12, 97871, 0, 86.43
2026/10/10 16:54:58.009, 0, 14, 97871, 0, 84.51
2026/10/10 16:54:58.010, 1, 12, 97871, 0, 96.94
2026/10/10 16:54:58.010, 2, 10, 97871, 0, 99.24
2026/10/10 16:54:58.010, 3, 12, 97871, 0, 86.39
2026/10/10 16:54:59.010, 0, 14, 97871, 0, 84.41
2026/10/10 16:54:59.010, 1, 12, 97871, 0, 97.06
2026/10/10 16:54:59.010, 2, 10, 97871, 0, 99.32
2026/10/10 16:54:59.010, 3, 12, 97871, 0, 86.31
2026/10/10 16:55:00.010, 0, 14, 97871, 0, 84.41
2026/10/10 16:55:00.010, 1, 12, 97871, 0, 96.89
2026/10/10 16:55:00.010, 2, 10, 97871, 0, 99.30
2026/10/10 16:55:00.011, 3, 12, 97871, 0, 86.26
2026/10/10 16:55:01.011, 0, 14, 97871, 0, 84.53
2026/10/10 16:55:01.011, 1, 12, 97871, 0, 96.67
2026/10/10 16:55:01.011, 2, 10, 97871, 0, 99.21
2026/10/10 16:55:01.011, 3, 12, 97871, 0, 86.50
2026/10/10 16:55:02.011, 0, 14, 97871, 0, 84.41
2026/10/10 16:55:02.011, 1, 12, 97871, 0, 96.87
2026/10/10 16:55:02.011, 2, 10, 97871, 0, 99.49
2026/10/10 16:55:02.011, 3, 12, 97871, 0, 86.26
2026/10/10 16:55:03.012, 0, 14, 97871, 0, 84.82
2026/10/10 16:55:03.012, 1, 12, 97871, 0, 97.17
2026/10/10 16:55:03.012, 2, 10, 97871, 0, 99.51
2026/10/10 16:55:03.012, 3, 12, 97871, 0, 86.70
2026/10/10 16:55:04.012, 0, 14, 97871, 0, 85.03
2026/10/10 16:55:04.012, 1, 12, 97871, 0, 96.90
2026/10/10 16:55:04.012, 2, 10, 97871, 0, 99.25
2026/10/10 16:55:04.012, 3, 12, 97871, 0, 86.23
2026/10/10 16:55:05.012, 0, 14, 97871, 0, 84.43
2026/10/10 16:55:05.012, 1, 12, 97871, 0, 96.71
2026/10/10 16:55:05.012, 2, 10, 97871, 0, 99.22
2026/10/10 16:55:05.012, 3, 12, 97871, 0, 86.36
2026/10/10 16:55:06.013, 0, 14, 97871, 0, 84.43
2026/10/10 16:55:06.039, 1, 12, 97871, 0, 96.93
2026/10/10 16:55:06.085, 2, 10, 97871, 0, 99.41
2026/10/10 16:55:06.130, 3, 12, 97871, 0, 86.41
2026/10/10 16:55:07.245, 0, 14, 97871, 0, 84.39
2026/10/10 16:55:07.281, 1, 12, 97871, 0, 96.74
2026/10/10 16:55:07.326, 2, 10, 97871, 0, 99.27
2026/10/10 16:55:07.395, 3, 12, 97871, 0, 86.45
2026/10/10 16:55:08.396, 0, 14, 97871, 0, 84.64
2026/10/10 16:55:08.396, 1, 12, 97871, 0, 96.84
2026/10/10 16:55:08.396, 2, 10, 97871, 0, 99.25
2026/10/10 16:55:08.396, 3, 12, 97871, 0, 86.41
2026/10/10 16:55:09.396, 0, 14, 97871, 0, 84.70
2026/10/10 16:55:09.396, 1, 12, 97871, 0, 97.07
2026/10/10 16:55:09.396, 2, 10, 97871, 0, 99.08
2026/10/10 16:55:09.397, 3, 12, 97871, 0, 86.30
2026/10/10 16:55:10.397, 0, 14, 97871, 0, 85.13
2026/10/10 16:55:10.397, 1, 12, 97871, 0, 97.26
2026/10/10 16:55:10.397, 2, 10, 97871, 0, 99.22
2026/10/10 16:55:10.397, 3, 12, 97871, 0, 86.26
2026/10/10 16:55:11.397, 0, 14, 97871, 0, 84.86
2026/10/10 16:55:11.397, 1, 12, 97871, 0, 96.97
2026/10/10 16:55:11.397, 2, 10, 97871, 0, 99.39
2026/10/10 16:55:11.397, 3, 12, 97871, 0, 86.30
2026/10/10 16:55:12.397, 0, 14, 97871, 0, 85.32
2026/10/10 16:55:12.398, 1, 12, 97871, 0, 97.28
2026/10/10 16:55:12.398, 2, 10, 97871, 0, 99.08
2026/10/10 16:55:12.398, 3, 12, 97871, 0, 86.42
2026/10/10 16:55:13.398, 0, 14, 97871, 0, 84.77
2026/10/10 16:55:13.401, 1, 12, 97871, 0, 97.09
2026/10/10 16:55:13.401, 2, 10, 97871, 0, 99.13
2026/10/10 16:55:13.401, 3, 12, 97871, 0, 86.43
2026/10/10 16:55:14.403, 0, 14, 97871, 0, 85.01
2026/10/10 16:55:14.403, 1, 12, 97871, 0, 97.19
2026/10/10 16:55:14.403, 2, 10, 97871, 0, 99.20
2026/10/10 16:55:14.403, 3, 12, 97871, 0, 86.32
2026/10/10 16:55:15.404, 0, 14, 97871, 0, 85.09
2026/10/10 16:55:15.404, 1, 12, 97871, 0, 97.21
2026/10/10 16:55:15.404, 2, 10, 97871, 0, 99.17
2026/10/10 16:55:15.404, 3, 12, 97871, 0, 86.41
2026/10/10 16:55:16.404, 0, 14, 97871, 0, 84.81
2026/10/10 16:55:16.404, 1, 12, 97871, 0, 97.07
2026/10/10 16:55:16.404, 2, 10, 97871, 0, 99.11
2026/10/10 16:55:16.404, 3, 12, 97871, 0, 86.46
2026/10/10 16:55:17.404, 0, 14, 97871, 0, 84.65
2026/10/10 16:55:17.405, 1, 12, 97871, 0, 97.05
2026/10/10 16:55:17.405, 2, 10, 97871, 0, 99.31
2026/10/10 16:55:17.405, 3, 12, 97871, 0, 86.26
2026/10/10 16:55:18.405, 0, 14, 97871, 0, 84.73
2026/10/10 16:55:18.405, 1, 12, 97871, 0, 97.10
2026/10/10 16:55:18.405, 2, 10, 97871, 0, 99.19
2026/10/10 16:55:18.405, 3, 12, 97871, 0, 86.27
2026/10/10 16:55:19.405, 0, 14, 97871, 0, 84.51
2026/10/10 16:55:19.405, 1, 12, 97871, 0, 97.00
2026/10/10 16:55:19.405, 2, 10, 97871, 0, 99.19
2026/10/10 16:55:19.405, 3, 12, 97871, 0, 86.51
2026/10/10 16:55:20.405, 0, 14, 97871, 0, 84.65
2026/10/10 16:55:20.405, 1, 12, 97871, 0, 96.96
2026/10/10 16:55:20.405, 2, 10, 97871, 0, 99.37
2026/10/10 16:55:20.405, 3, 12, 97871, 0, 86.29
2026/10/10 16:55:21.406, 0, 14, 97871, 0, 84.63
2026/10/10 16:55:21.406, 1, 12, 97871, 0, 97.06
2026/10/10 16:55:21.406, 2, 10, 97871, 0, 99.25
2026/10/10 16:55:21.406, 3, 12, 97871, 0, 86.27
2026/10/10 16:55:22.406, 0, 14, 97871, 0, 84.62
2026/10/10 16:55:22.406, 1, 12, 97871, 0, 96.98
2026/10/10 16:55:22.406, 2, 10, 97871, 0, 99.26
2026/10/10 16:55:22.406, 3, 12, 97871, 0, 86.55
2026/10/10 16:55:23.406, 0, 14, 97871, 0, 84.49
2026/10/10 16:55:23.406, 1, 12, 97871, 0, 97.08
2026/10/10 16:55:23.406, 2, 10, 97871, 0, 99.18
2026/10/10 16:55:23.406, 3, 12, 97871, 0, 86.50
2026/10/10 16:55:24.406, 0, 14, 97871, 0, 84.73
2026/10/10 16:55:24.406, 1, 12, 97871, 0, 96.90
2026/10/10 16:55:24.406, 2, 10, 97871, 0, 99.21
2026/10/10 16:55:24.406, 3, 12, 97871, 0, 86.52
2026/10/10 16:55:25.406, 0, 14, 97871, 0, 84.56
2026/10/10 16:55:25.407, 1, 12, 97871, 0, 97.17
2026/10/10 16:55:25.407, 2, 10, 97871, 0, 99.25
2026/10/10 16:55:25.407, 3, 12, 97871, 0, 86.40
2026/10/10 16:55:26.407, 0, 14, 97871, 0, 84.77
2026/10/10 16:55:26.407, 1, 12, 97871, 0, 97.19
2026/10/10 16:55:26.407, 2, 10, 97871, 0, 99.35
2026/10/10 16:55:26.407, 3, 12, 97871, 0, 86.32
2026/10/10 16:55:27.407, 0, 14, 97871, 0, 85.19
2026/10/10 16:55:27.407, 1, 12, 97871, 0, 97.54
2026/10/10 16:55:27.407, 2, 10, 97871, 0, 99.56
2026/10/10 16:55:27.407, 3, 12, 97871, 0, 86.72
2026/10/10 16:55:28.407, 0, 14, 97871, 0, 85.09
2026/10/10 16:55:28.407, 1, 12, 97871, 0, 97.23
2026/10/10 16:55:28.407, 2, 10, 97871, 0, 99.33
2026/10/10 16:55:28.407, 3, 12, 97871, 0, 86.84
2026/10/10 16:55:29.408, 0, 14, 97871, 0, 84.91
2026/10/10 16:55:29.408, 1, 12, 97871, 0, 97.26
2026/10/10 16:55:29.408, 2, 10, 97871, 0, 99.00
2026/10/10 16:55:29.408, 3, 12, 97871, 0, 86.48
2026/10/10 16:55:30.408, 0, 14, 97871, 0, 85.12
2026/10/10 16:55:30.408, 1, 12, 97871, 0, 97.21
2026/10/10 16:55:30.408, 2, 10, 97871, 0, 99.14
2026/10/10 16:55:30.408, 3, 12, 97871, 0, 86.62
2026/10/10 16:55:31.408, 0, 14, 97871, 0, 85.38
2026/10/10 16:55:31.408, 1, 12, 97871, 0, 97.39
2026/10/10 16:55:31.409, 2, 10, 97871, 0, 99.26
2026/10/10 16:55:31.409, 3, 12, 97871, 0, 86.48
2026/10/10 16:55:32.409, 0, 14, 97871, 0, 85.44
2026/10/10 16:55:32.409, 1, 12, 97871, 0, 97.38
2026/10/10 16:55:32.409, 2, 10, 97871, 0, 99.42
2026/10/10 16:55:32.409, 3, 12, 97871, 0, 86.65
2026/10/10 16:55:33.409, 0, 14, 97871, 0, 84.81
2026/10/10 16:55:33.409, 1, 12, 97871, 0, 96.96
2026/10/10 16:55:33.409, 2, 10, 97871, 0, 99.69
2026/10/10 16:55:33.409, 3, 12, 97871, 0, 86.83
2026/10/10 16:55:34.409, 0, 14, 97871, 0, 84.77
2026/10/10 16:55:34.409, 1, 12, 97871, 0, 96.91
2026/10/10 16:55:34.409, 2, 10, 97871, 0, 99.57
2026/10/10 16:55:34.409, 3, 12, 97871, 0, 86.68
2026/10/10 16:55:35.409, 0, 14, 97871, 0, 85.16
2026/10/10 16:55:35.410, 1, 12, 97871, 0, 97.34
2026/10/10 16:55:35.410, 2, 10, 97871, 0, 99.48
2026/10/10 16:55:35.410, 3, 12, 97871, 0, 86.54
2026/10/10 16:55:36.410, 0, 14, 97871, 0, 85.54
2026/10/10 16:55:36.410, 1, 12, 97871, 0, 97.57
2026/10/10 16:55:36.410, 2, 10, 97871, 0, 99.54
2026/10/10 16:55:36.410, 3, 12, 97871, 0, 86.57
2026/10/10 16:55:37.410, 0, 14, 97871, 0, 84.80
2026/10/10 16:55:37.434, 1, 12, 97871, 0, 97.10
2026/10/10 16:55:37.481, 2, 10, 97871, 0, 99.28
2026/10/10 16:55:37.526, 3, 12, 97871, 0, 86.39
2026/10/10 16:55:38.578, 0, 14, 97871, 0, 84.30
2026/10/10 16:55:38.617, 1, 12, 97871, 0, 96.93
2026/10/10 16:55:38.664, 2, 10, 97871, 0, 99.24
2026/10/10 16:55:38.709, 3, 12, 97871, 0, 86.32
2026/10/10 16:55:39.849, 0, 14, 97871, 0, 84.96
2026/10/10 16:55:39.849, 1, 12, 97871, 0, 97.14
2026/10/10 16:55:39.849, 2, 10, 97871, 0, 99.25
2026/10/10 16:55:39.849, 3, 12, 97871, 0, 86.43
2026/10/10 16:55:40.850, 0, 14, 97871, 0, 84.62
2026/10/10 16:55:40.850, 1, 12, 97871, 0, 96.99
2026/10/10 16:55:40.850, 2, 10, 97871, 0, 99.15
2026/10/10 16:55:40.850, 3, 12, 97871, 0, 86.53
2026/10/10 16:55:41.850, 0, 14, 97871, 0, 85.04
2026/10/10 16:55:41.850, 1, 12, 97871, 0, 97.06
2026/10/10 16:55:41.850, 2, 10, 97871, 0, 99.24
2026/10/10 16:55:41.850, 3, 12, 97871, 0, 86.33
2026/10/10 16:55:42.850, 0, 14, 97871, 0, 84.96
2026/10/10 16:55:42.851, 1, 12, 97871, 0, 96.90
2026/10/10 16:55:42.851, 2, 10, 97871, 0, 99.15
2026/10/10 16:55:42.851, 3, 12, 97871, 0, 86.47
2026/10/10 16:55:43.851, 0, 14, 97871, 0, 85.37
2026/10/10 16:55:43.851, 1, 12, 97871, 0, 97.32
2026/10/10 16:55:43.851, 2, 10, 97871, 0, 99.10
2026/10/10 16:55:43.851, 3, 12, 97871, 0, 86.36
2026/10/10 16:55:44.851, 0, 14, 97871, 0, 85.55
2026/10/10 16:55:44.851, 1, 12, 97871, 0, 97.03
2026/10/10 16:55:44.851, 2, 10, 97871, 0, 99.22
2026/10/10 16:55:44.851, 3, 12, 97871, 0, 86.63
2026/10/10 16:55:45.852, 0, 14, 97871, 0, 85.43
2026/10/10 16:55:45.852, 1, 12, 97871, 0, 97.13
2026/10/10 16:55:45.852, 2, 10, 97871, 0, 99.23
2026/10/10 16:55:45.852, 3, 12, 97871, 0, 86.47
2026/10/10 16:55:46.852, 0, 14, 97871, 0, 84.97
2026/10/10 16:55:46.852, 1, 12, 97871, 0, 96.87
2026/10/10 16:55:46.852, 2, 10, 97871, 0, 99.32
2026/10/10 16:55:46.852, 3, 12, 97871, 0, 86.38
2026/10/10 16:55:47.852, 0, 14, 97871, 0, 85.85
2026/10/10 16:55:47.853, 1, 12, 97871, 0, 97.44
2026/10/10 16:55:47.853, 2, 10, 97871, 0, 99.66
2026/10/10 16:55:47.853, 3, 12, 97871, 0, 87.11
2026/10/10 16:55:48.853, 0, 14, 97871, 0, 85.23
2026/10/10 16:55:48.853, 1, 12, 97871, 0, 97.15
2026/10/10 16:55:48.853, 2, 10, 97871, 0, 99.36
2026/10/10 16:55:48.853, 3, 12, 97871, 0, 86.80
2026/10/10 16:55:49.853, 0, 14, 97871, 0, 85.29
2026/10/10 16:55:49.853, 1, 12, 97871, 0, 97.64
2026/10/10 16:55:49.853, 2, 10, 97871, 0, 99.30
2026/10/10 16:55:49.853, 3, 12, 97871, 0, 86.48
2026/10/10 16:55:50.854, 0, 14, 97871, 0, 85.21
2026/10/10 16:55:50.860, 1, 12, 97871, 0, 96.99
2026/10/10 16:55:50.860, 2, 10, 97871, 0, 99.35
2026/10/10 16:55:50.860, 3, 12, 97871, 0, 86.41
2026/10/10 16:55:51.861, 0, 14, 97871, 0, 85.09
2026/10/10 16:55:51.891, 1, 12, 97871, 0, 97.00
2026/10/10 16:55:51.914, 2, 10, 97871, 0, 99.52
2026/10/10 16:55:51.960, 3, 12, 97871, 0, 86.23
2026/10/10 16:55:52.961, 0, 14, 97871, 0, 85.07
2026/10/10 16:55:52.995, 1, 12, 97871, 0, 97.20
2026/10/10 16:55:53.039, 2, 10, 97871, 0, 99.43
2026/10/10 16:55:53.063, 3, 12, 97871, 0, 86.35
2026/10/10 16:55:54.063, 0, 14, 97871, 0, 85.23
2026/10/10 16:55:54.063, 1, 12, 97871, 0, 96.93
2026/10/10 16:55:54.063, 2, 10, 97871, 0, 99.32
2026/10/10 16:55:54.063, 3, 12, 97871, 0, 86.34
2026/10/10 16:55:55.064, 0, 14, 97871, 0, 85.55
2026/10/10 16:55:55.064, 1, 12, 97871, 0, 97.07
2026/10/10 16:55:55.064, 2, 10, 97871, 0, 99.34
2026/10/10 16:55:55.064, 3, 12, 97871, 0, 86.37
2026/10/10 16:55:56.064, 0, 14, 97871, 0, 85.50
2026/10/10 16:55:56.064, 1, 12, 97871, 0, 97.06
2026/10/10 16:55:56.064, 2, 10, 97871, 0, 99.20
2026/10/10 16:55:56.064, 3, 12, 97871, 0, 86.53
2026/10/10 16:55:57.064, 0, 14, 97871, 0, 85.78
2026/10/10 16:55:57.065, 1, 12, 97871, 0, 97.00
2026/10/10 16:55:57.065, 2, 10, 97871, 0, 99.35
2026/10/10 16:55:57.065, 3, 12, 97871, 0, 86.38
2026/10/10 16:55:58.065, 0, 14, 97871, 0, 85.68
2026/10/10 16:55:58.065, 1, 12, 97871, 0, 97.30
2026/10/10 16:55:58.065, 2, 10, 97871, 0, 99.33
2026/10/10 16:55:58.065, 3, 12, 97871, 0, 86.38
2026/10/10 16:55:59.065, 0, 14, 97871, 0, 85.80
2026/10/10 16:55:59.065, 1, 12, 97871, 0, 97.38
2026/10/10 16:55:59.065, 2, 10, 97871, 0, 99.32
2026/10/10 16:55:59.065, 3, 12, 97871, 0, 86.50
2026/10/10 16:56:00.066, 0, 14, 97871, 0, 85.27
2026/10/10 16:56:00.066, 1, 12, 97871, 0, 97.72
2026/10/10 16:56:00.066, 2, 10, 97871, 0, 99.31
2026/10/10 16:56:00.066, 3, 12, 97871, 0, 86.36
2026/10/10 16:56:01.067, 0, 14, 97871, 0, 85.11
2026/10/10 16:56:01.067, 1, 12, 97871, 0, 97.51
2026/10/10 16:56:01.067, 2, 10, 97871, 0, 99.26
2026/10/10 16:56:01.067, 3, 12, 97871, 0, 86.35
2026/10/10 16:56:02.067, 0, 14, 97871, 0, 85.09
2026/10/10 16:56:02.067, 1, 12, 97871, 0, 97.47
2026/10/10 16:56:02.067, 2, 10, 97871, 0, 99.39
2026/10/10 16:56:02.067, 3, 12, 97871, 0, 86.30
2026/10/10 16:56:03.067, 0, 14, 97871, 0, 85.06
2026/10/10 16:56:03.068, 1, 12, 97871, 0, 97.40
2026/10/10 16:56:03.068, 2, 10, 97871, 0, 99.38
2026/10/10 16:56:03.068, 3, 12, 97871, 0, 86.46
2026/10/10 16:56:04.068, 0, 14, 97871, 0, 85.04
2026/10/10 16:56:04.068, 1, 12, 97871, 0, 97.20
2026/10/10 16:56:04.068, 2, 10, 97871, 0, 99.04
2026/10/10 16:56:04.068, 3, 12, 97871, 0, 86.32
2026/10/10 16:56:05.068, 0, 14, 97871, 0, 85.27
2026/10/10 16:56:05.068, 1, 12, 97871, 0, 97.05
2026/10/10 16:56:05.068, 2, 10, 97871, 0, 99.06
2026/10/10 16:56:05.068, 3, 12, 97871, 0, 86.41
2026/10/10 16:56:06.069, 0, 13, 97871, 0, 85.46
2026/10/10 16:56:06.069, 1, 12, 97871, 0, 97.12
2026/10/10 16:56:06.069, 2, 10, 97871, 0, 99.09
2026/10/10 16:56:06.069, 3, 12, 97871, 0, 86.38
2026/10/10 16:56:07.069, 0, 13, 97871, 0, 85.32
2026/10/10 16:56:07.069, 1, 12, 97871, 0, 97.22
2026/10/10 16:56:07.069, 2, 10, 97871, 0, 99.10
2026/10/10 16:56:07.069, 3, 12, 97871, 0, 86.25
2026/10/10 16:56:08.069, 0, 13, 97871, 0, 85.35
2026/10/10 16:56:08.069, 1, 12, 97871, 0, 97.27
2026/10/10 16:56:08.069, 2, 10, 97871, 0, 99.35
2026/10/10 16:56:08.070, 3, 12, 97871, 0, 86.60
2026/10/10 16:56:09.070, 0, 13, 97871, 0, 85.41
2026/10/10 16:56:09.070, 1, 12, 97871, 0, 97.01
2026/10/10 16:56:09.070, 2, 10, 97871, 0, 99.21
2026/10/10 16:56:09.070, 3, 12, 97871, 0, 86.32
2026/10/10 16:56:10.070, 0, 13, 97871, 0, 85.22
2026/10/10 16:56:10.070, 1, 12, 97871, 0, 97.29
2026/10/10 16:56:10.070, 2, 10, 97871, 0, 99.15
2026/10/10 16:56:10.070, 3, 12, 97871, 0, 86.42
2026/10/10 16:56:11.070, 0, 13, 97871, 0, 85.20
2026/10/10 16:56:11.070, 1, 12, 97871, 0, 96.92
2026/10/10 16:56:11.070, 2, 10, 97871, 0, 99.19
2026/10/10 16:56:11.070, 3, 12, 97871, 0, 86.30
2026/10/10 16:56:12.071, 0, 13, 97871, 0, 85.30
2026/10/10 16:56:12.071, 1, 12, 97871, 0, 96.92
2026/10/10 16:56:12.071, 2, 10, 97871, 0, 99.16
2026/10/10 16:56:12.071, 3, 12, 97871, 0, 86.31
2026/10/10 16:56:13.071, 0, 13, 97871, 0, 85.40
2026/10/10 16:56:13.071, 1, 12, 97871, 0, 96.99
2026/10/10 16:56:13.071, 2, 10, 97871, 0, 99.42
2026/10/10 16:56:13.071, 3, 12, 97871, 0, 86.23
2026/10/10 16:56:14.071, 0, 13, 97871, 0, 85.35
2026/10/10 16:56:14.071, 1, 12, 97871, 0, 97.16
2026/10/10 16:56:14.071, 2, 10, 97871, 0, 99.13
2026/10/10 16:56:14.071, 3, 12, 97871, 0, 86.25
2026/10/10 16:56:15.071, 0, 13, 97871, 0, 85.41
2026/10/10 16:56:15.071, 1, 12, 97871, 0, 97.05
2026/10/10 16:56:15.072, 2, 10, 97871, 0, 98.95
2026/10/10 16:56:15.072, 3, 12, 97871, 0, 86.28
2026/10/10 16:56:16.072, 0, 13, 97871, 0, 85.36
2026/10/10 16:56:16.072, 1, 12, 97871, 0, 97.07
2026/10/10 16:56:16.072, 2, 10, 97871, 0, 99.11
2026/10/10 16:56:16.072, 3, 12, 97871, 0, 86.26
2026/10/10 16:56:17.072, 0, 13, 97871, 0, 85.20
2026/10/10 16:56:17.072, 1, 12, 97871, 0, 97.25
2026/10/10 16:56:17.072, 2, 10, 97871, 0, 99.12
2026/10/10 16:56:17.072, 3, 12, 97871, 0, 86.28
2026/10/10 16:56:18.072, 0, 13, 97871, 0, 85.17
2026/10/10 16:56:18.072, 1, 12, 97871, 0, 97.07
2026/10/10 16:56:18.072, 2, 10, 97871, 0, 99.02
2026/10/10 16:56:18.072, 3, 12, 97871, 0, 86.43
2026/10/10 16:56:19.072, 0, 13, 97871, 0, 85.28
2026/10/10 16:56:19.072, 1, 12, 97871, 0, 97.17
2026/10/10 16:56:19.072, 2, 10, 97871, 0, 99.09
2026/10/10 16:56:19.072, 3, 12, 97871, 0, 86.30
2026/10/10 16:56:20.072, 0, 13, 97871, 0, 85.25
2026/10/10 16:56:20.072, 1, 12, 97871, 0, 97.24
2026/10/10 16:56:20.072, 2, 10, 97871, 0, 99.13
2026/10/10 16:56:20.073, 3, 12, 97871, 0, 86.44
2026/10/10 16:56:21.073, 0, 13, 97871, 0, 85.18
2026/10/10 16:56:21.073, 1, 12, 97871, 0, 97.00
2026/10/10 16:56:21.073, 2, 10, 97871, 0, 99.14
2026/10/10 16:56:21.073, 3, 12, 97871, 0, 86.28
2026/10/10 16:56:22.073, 0, 13, 97871, 0, 85.15
2026/10/10 16:56:22.073, 1, 12, 97871, 0, 96.89
2026/10/10 16:56:22.073, 2, 10, 97871, 0, 99.07
2026/10/10 16:56:22.073, 3, 12, 97871, 0, 86.25
2026/10/10 16:56:23.073, 0, 13, 97871, 0, 85.17
2026/10/10 16:56:23.073, 1, 12, 97871, 0, 97.10
2026/10/10 16:56:23.073, 2, 10, 97871, 0, 99.03
2026/10/10 16:56:23.073, 3, 12, 97871, 0, 86.42
2026/10/10 16:56:24.073, 0, 13, 97871, 0, 85.19
2026/10/10 16:56:24.073, 1, 12, 97871, 0, 97.06
2026/10/10 16:56:24.073, 2, 10, 97871, 0, 99.11
2026/10/10 16:56:24.073, 3, 12, 97871, 0, 86.31
2026/10/10 16:56:25.074, 0, 13, 97871, 0, 85.14
2026/10/10 16:56:25.074, 1, 12, 97871, 0, 96.96
2026/10/10 16:56:25.074, 2, 10, 97871, 0, 99.02
2026/10/10 16:56:25.074, 3, 12, 97871, 0, 86.48
2026/10/10 16:56:26.074, 0, 13, 97871, 0, 85.32
2026/10/10 16:56:26.074, 1, 12, 97871, 0, 96.98
2026/10/10 16:56:26.074, 2, 10, 97871, 0, 99.03
2026/10/10 16:56:26.074, 3, 12, 97871, 0, 86.33
2026/10/10 16:56:27.074, 0, 13, 97871, 0, 85.39
2026/10/10 16:56:27.074, 1, 12, 97871, 0, 97.15
2026/10/10 16:56:27.074, 2, 10, 97871, 0, 98.82
2026/10/10 16:56:27.074, 3, 12, 97871, 0, 86.25
2026/10/10 16:56:28.075, 0, 13, 97871, 0, 85.14
2026/10/10 16:56:28.075, 1, 12, 97871, 0, 97.13
2026/10/10 16:56:28.075, 2, 10, 97871, 0, 99.04
2026/10/10 16:56:28.075, 3, 12, 97871, 0, 86.16
2026/10/10 16:56:29.075, 0, 13, 97871, 0, 85.14
2026/10/10 16:56:29.075, 1, 12, 97871, 0, 97.10
2026/10/10 16:56:29.075, 2, 10, 97871, 0, 98.82
2026/10/10 16:56:29.075, 3, 12, 97871, 0, 86.30
2026/10/10 16:56:30.075, 0, 13, 97871, 0, 85.38
2026/10/10 16:56:30.075, 1, 12, 97871, 0, 97.08
2026/10/10 16:56:30.075, 2, 10, 97871, 0, 99.10
2026/10/10 16:56:30.075, 3, 12, 97871, 0, 86.37
2026/10/10 16:56:31.076, 0, 13, 97871, 0, 85.33
2026/10/10 16:56:31.076, 1, 12, 97871, 0, 97.05
2026/10/10 16:56:31.076, 2, 10, 97871, 0, 99.09
2026/10/10 16:56:31.076, 3, 12, 97871, 0, 86.40
2026/10/10 16:56:32.076, 0, 13, 97871, 0, 85.17
2026/10/10 16:56:32.076, 1, 12, 97871, 0, 96.86
2026/10/10 16:56:32.076, 2, 10, 97871, 0, 99.01
2026/10/10 16:56:32.076, 3, 12, 97871, 0, 86.29
2026/10/10 16:56:33.076, 0, 13, 97871, 0, 85.38
2026/10/10 16:56:33.076, 1, 12, 97871, 0, 97.06
2026/10/10 16:56:33.076, 2, 10, 97871, 0, 99.14
2026/10/10 16:56:33.076, 3, 12, 97871, 0, 86.36
2026/10/10 16:56:34.076, 0, 13, 97871, 0, 85.34
2026/10/10 16:56:34.077, 1, 12, 97871, 0, 97.03
2026/10/10 16:56:34.077, 2, 10, 97871, 0, 99.07
2026/10/10 16:56:34.077, 3, 12, 97871, 0, 86.30
2026/10/10 16:56:35.077, 0, 13, 97871, 0, 85.34
2026/10/10 16:56:35.077, 1, 12, 97871, 0, 96.90
2026/10/10 16:56:35.077, 2, 10, 97871, 0, 99.11
2026/10/10 16:56:35.077, 3, 12, 97871, 0, 86.27
2026/10/10 16:56:36.077, 0, 13, 97871, 0, 85.36
2026/10/10 16:56:36.077, 1, 12, 97871, 0, 97.13
2026/10/10 16:56:36.077, 2, 10, 97871, 0, 99.27
2026/10/10 16:56:36.077, 3, 12, 97871, 0, 86.29
2026/10/10 16:56:37.077, 0, 13, 97871, 0, 85.33
2026/10/10 16:56:37.078, 1, 12, 97871, 0, 96.96
2026/10/10 16:56:37.078, 2, 10, 97871, 0, 99.17
2026/10/10 16:56:37.078, 3, 12, 97871, 0, 86.22
2026/10/10 16:56:38.078, 0, 13, 97871, 0, 85.27
2026/10/10 16:56:38.078, 1, 12, 97871, 0, 97.12
2026/10/10 16:56:38.078, 2, 10, 97871, 0, 99.16
2026/10/10 16:56:38.078, 3, 12, 97871, 0, 86.23
2026/10/10 16:56:39.078, 0, 13, 97871, 0, 85.26
2026/10/10 16:56:39.078, 1, 12, 97871, 0, 96.93
2026/10/10 16:56:39.078, 2, 10, 97871, 0, 99.14
2026/10/10 16:56:39.078, 3, 12, 97871, 0, 86.41
2026/10/10 16:56:40.078, 0, 13, 97871, 0, 85.31
2026/10/10 16:56:40.079, 1, 12, 97871, 0, 97.07
2026/10/10 16:56:40.079, 2, 10, 97871, 0, 99.04
2026/10/10 16:56:40.079, 3, 12, 97871, 0, 86.21
2026/10/10 16:56:41.079, 0, 13, 97871, 0, 85.22
2026/10/10 16:56:41.079, 1, 12, 97871, 0, 96.87
2026/10/10 16:56:41.079, 2, 10, 97871, 0, 99.18
2026/10/10 16:56:41.079, 3, 12, 97871, 0, 86.21
2026/10/10 16:56:42.079, 0, 13, 97871, 0, 85.19
2026/10/10 16:56:42.079, 1, 12, 97871, 0, 97.06
2026/10/10 16:56:42.079, 2, 10, 97871, 0, 99.20
2026/10/10 16:56:42.079, 3, 12, 97871, 0, 86.22
2026/10/10 16:56:43.080, 0, 13, 97871, 0, 85.33
2026/10/10 16:56:43.112, 1, 12, 97871, 0, 97.09
2026/10/10 16:56:43.112, 2, 10, 97871, 0, 99.27
2026/10/10 16:56:43.112, 3, 12, 97871, 0, 86.22
2026/10/10 16:56:44.135, 0, 13, 97871, 0, 85.31
2026/10/10 16:56:44.179, 1, 12, 97871, 0, 97.07
2026/10/10 16:56:44.226, 2, 10, 97871, 0, 99.21
2026/10/10 16:56:44.250, 3, 12, 97871, 0, 86.23
2026/10/10 16:56:45.250, 0, 13, 97871, 0, 85.26
2026/10/10 16:56:45.250, 1, 12, 97871, 0, 97.32
2026/10/10 16:56:45.250, 2, 10, 97871, 0, 99.14
2026/10/10 16:56:45.250, 3, 12, 97871, 0, 86.31
2026/10/10 16:56:46.250, 0, 13, 97871, 0, 85.27
2026/10/10 16:56:46.250, 1, 12, 97871, 0, 97.38
2026/10/10 16:56:46.250, 2, 10, 97871, 0, 99.12
2026/10/10 16:56:46.250, 3, 12, 97871, 0, 86.38
2026/10/10 16:56:47.250, 0, 13, 97871, 0, 85.21
2026/10/10 16:56:47.250, 1, 12, 97871, 0, 97.48
2026/10/10 16:56:47.250, 2, 10, 97871, 0, 99.19
2026/10/10 16:56:47.250, 3, 12, 97871, 0, 86.42
2026/10/10 16:56:48.251, 0, 13, 97871, 0, 85.35
2026/10/10 16:56:48.251, 1, 12, 97871, 0, 97.36
2026/10/10 16:56:48.251, 2, 10, 97871, 0, 99.44
2026/10/10 16:56:48.251, 3, 12, 97871, 0, 86.29
2026/10/10 16:56:49.251, 0, 13, 97871, 0, 85.36
2026/10/10 16:56:49.251, 1, 12, 97871, 0, 97.13
2026/10/10 16:56:49.251, 2, 10, 97871, 0, 99.35
2026/10/10 16:56:49.251, 3, 12, 97871, 0, 86.22
2026/10/10 16:56:50.251, 0, 13, 97871, 0, 85.39
2026/10/10 16:56:50.251, 1, 12, 97871, 0, 97.75
2026/10/10 16:56:50.251, 2, 10, 97871, 0, 99.43
2026/10/10 16:56:50.251, 3, 12, 97871, 0, 86.49
2026/10/10 16:56:51.252, 0, 13, 97871, 0, 85.65
2026/10/10 16:56:51.252, 1, 12, 97871, 0, 97.63
2026/10/10 16:56:51.252, 2, 10, 97871, 0, 99.37
2026/10/10 16:56:51.252, 3, 12, 97871, 0, 86.49
2026/10/10 16:56:52.252, 0, 13, 97871, 0, 85.79
2026/10/10 16:56:52.252, 1, 12, 97871, 0, 97.20
2026/10/10 16:56:52.252, 2, 10, 97871, 0, 99.41
2026/10/10 16:56:52.252, 3, 12, 97871, 0, 86.43
2026/10/10 16:56:53.252, 0, 13, 97871, 0, 85.77
2026/10/10 16:56:53.252, 1, 12, 97871, 0, 97.02
2026/10/10 16:56:53.252, 2, 10, 97871, 0, 99.25
2026/10/10 16:56:53.252, 3, 12, 97871, 0, 86.20
2026/10/10 16:56:54.252, 0, 13, 97871, 0, 85.62
2026/10/10 16:56:54.299, 1, 12, 97871, 0, 96.97
2026/10/10 16:56:54.322, 2, 10, 97871, 0, 99.23
2026/10/10 16:56:54.322, 3, 12, 97871, 0, 86.35
2026/10/10 16:56:55.322, 0, 14, 97871, 0, 85.01
2026/10/10 16:56:55.367, 1, 12, 97871, 0, 96.82
2026/10/10 16:56:55.369, 2, 10, 97871, 0, 99.28
2026/10/10 16:56:55.370, 3, 12, 97871, 0, 86.31
2026/10/10 16:56:56.370, 0, 16, 97871, 0, 84.96
2026/10/10 16:56:56.399, 1, 12, 97871, 0, 96.65
2026/10/10 16:56:56.399, 2, 10, 97871, 0, 99.24
2026/10/10 16:56:56.399, 3, 13, 97871, 0, 86.25
2026/10/10 16:56:57.399, 0, 3224, 97871, 3, 119.71
2026/10/10 16:56:57.399, 1, 12, 97871, 0, 97.26
2026/10/10 16:56:57.399, 2, 991, 97871, 0, 105.04
2026/10/10 16:56:57.400, 3, 13, 97871, 0, 86.29
2026/10/10 16:56:58.400, 0, 3224, 97871, 0, 129.38
2026/10/10 16:56:58.400, 1, 12, 97871, 0, 97.29
2026/10/10 16:56:58.400, 2, 3347, 97871, 0, 145.36
2026/10/10 16:56:58.400, 3, 13, 97871, 0, 86.59
2026/10/10 16:56:59.400, 0, 3224, 97871, 0, 129.43
2026/10/10 16:56:59.400, 1, 12, 97871, 0, 97.31
2026/10/10 16:56:59.400, 2, 3347, 97871, 0, 144.71
2026/10/10 16:56:59.400, 3, 13, 97871, 0, 86.44
2026/10/10 16:57:00.400, 0, 16360, 97871, 0, 129.95
2026/10/10 16:57:00.401, 1, 12, 97871, 0, 96.75
2026/10/10 16:57:00.401, 2, 16483, 97871, 0, 145.45
2026/10/10 16:57:00.401, 3, 13, 97871, 0, 86.46
2026/10/10 16:57:01.401, 0, 20236, 97871, 0, 130.16
2026/10/10 16:57:01.401, 1, 12, 97871, 0, 96.89
2026/10/10 16:57:01.401, 2, 20359, 97871, 0, 145.67
2026/10/10 16:57:01.401, 3, 13, 97871, 0, 86.48
2026/10/10 16:57:02.401, 0, 20636, 97871, 0, 129.81
2026/10/10 16:57:02.401, 1, 12, 97871, 0, 96.86
2026/10/10 16:57:02.401, 2, 20759, 97871, 0, 144.76
2026/10/10 16:57:02.401, 3, 13, 97871, 0, 86.13
2026/10/10 16:57:03.401, 0, 20636, 97871, 3, 133.20
2026/10/10 16:57:03.402, 1, 12, 97871, 0, 97.76
2026/10/10 16:57:03.402, 2, 20759, 97871, 2, 145.16
2026/10/10 16:57:03.402, 3, 13, 97871, 0, 86.49
2026/10/10 16:57:04.402, 0, 20636, 97871, 3, 133.79
2026/10/10 16:57:04.431, 1, 12, 97871, 0, 97.82
2026/10/10 16:57:04.454, 2, 20759, 97871, 3, 145.61
2026/10/10 16:57:04.498, 3, 13, 97871, 0, 86.97
2026/10/10 16:57:05.499, 0, 20636, 97871, 3, 133.75
2026/10/10 16:57:05.546, 1, 12, 97871, 0, 96.81
2026/10/10 16:57:05.597, 2, 20759, 97871, 13, 146.17
2026/10/10 16:57:05.623, 3, 13, 97871, 0, 86.89
2026/10/10 16:57:06.623, 0, 20636, 97871, 1, 132.78
2026/10/10 16:57:06.623, 1, 12, 97871, 0, 97.26
2026/10/10 16:57:06.623, 2, 20759, 97871, 8, 145.56
2026/10/10 16:57:06.623, 3, 13, 97871, 0, 86.43
2026/10/10 16:57:07.623, 0, 20636, 97871, 0, 130.89
2026/10/10 16:57:07.624, 1, 12, 97871, 0, 97.10
2026/10/10 16:57:07.624, 2, 20759, 97871, 2, 145.05
2026/10/10 16:57:07.624, 3, 13, 97871, 0, 86.23
2026/10/10 16:57:08.624, 0, 18532, 97871, 0, 130.21
2026/10/10 16:57:08.684, 1, 12, 97871, 0, 97.07
2026/10/10 16:57:08.684, 2, 25059, 97871, 0, 144.81
2026/10/10 16:57:08.684, 3, 13, 97871, 0, 86.36
2026/10/10 16:57:09.684, 0, 18945, 97871, 0, 129.68
2026/10/10 16:57:09.691, 1, 12, 97871, 0, 96.78
2026/10/10 16:57:09.785, 2, 25059, 97871, 1, 145.02
2026/10/10 16:57:09.785, 3, 35, 97871, 0, 89.87
2026/10/10 16:57:10.785, 0, 18945, 97871, 0, 129.12
2026/10/10 16:57:10.785, 1, 14, 97871, 0, 97.09
2026/10/10 16:57:10.785, 2, 25059, 97871, 0, 145.14
2026/10/10 16:57:10.785, 3, 993, 97871, 3, 135.20
2026/10/10 16:57:11.785, 0, 18945, 97871, 0, 129.38
2026/10/10 16:57:11.786, 1, 3350, 97871, 0, 130.38
2026/10/10 16:57:11.786, 2, 25139, 97871, 0, 144.71
2026/10/10 16:57:11.786, 3, 20521, 97871, 1, 132.57
2026/10/10 16:57:12.786, 0, 18945, 97871, 0, 131.38
2026/10/10 16:57:12.786, 1, 20762, 97871, 1, 146.36
2026/10/10 16:57:12.786, 2, 22433, 97871, 0, 144.47
2026/10/10 16:57:12.786, 3, 20761, 97871, 7, 132.58
2026/10/10 16:57:13.786, 0, 18945, 97871, 0, 131.33
2026/10/10 16:57:13.786, 1, 20762, 97871, 2, 145.20
2026/10/10 16:57:13.786, 2, 22433, 97871, 0, 144.59
2026/10/10 16:57:13.786, 3, 20761, 97871, 0, 132.45
2026/10/10 16:57:14.787, 0, 18945, 97871, 0, 130.41
2026/10/10 16:57:14.787, 1, 20762, 97871, 2, 145.26
2026/10/10 16:57:14.787, 2, 22433, 97871, 0, 144.45
2026/10/10 16:57:14.787, 3, 20761, 97871, 9, 132.33
2026/10/10 16:57:15.787, 0, 18945, 97871, 0, 130.45
2026/10/10 16:57:15.787, 1, 25062, 97871, 5, 145.30
2026/10/10 16:57:15.787, 2, 22433, 97871, 0, 144.63
2026/10/10 16:57:15.787, 3, 25141, 97871, 9, 132.57
2026/10/10 16:57:16.787, 0, 18945, 97871, 0, 130.54
2026/10/10 16:57:16.788, 1, 22014, 97871, 0, 144.15
2026/10/10 16:57:16.788, 2, 22433, 97871, 0, 144.40
2026/10/10 16:57:16.788, 3, 22443, 97871, 0, 131.09
2026/10/10 16:57:17.788, 0, 18945, 97871, 0, 129.48
2026/10/10 16:57:17.788, 1, 22428, 97871, 0, 143.25
2026/10/10 16:57:17.788, 2, 22433, 97871, 0, 144.57
2026/10/10 16:57:17.788, 3, 22443, 97871, 0, 131.04
2026/10/10 16:57:18.788, 0, 19137, 97871, 0, 129.47
2026/10/10 16:57:18.788, 1, 22428, 97871, 0, 143.07
2026/10/10 16:57:18.788, 2, 22433, 97871, 0, 144.40
2026/10/10 16:57:18.788, 3, 22443, 97871, 0, 131.08
2026/10/10 16:57:19.789, 0, 19197, 97871, 54, 178.58
2026/10/10 16:57:19.789, 1, 22428, 97871, 0, 143.11
2026/10/10 16:57:19.789, 2, 22433, 97871, 0, 144.56
2026/10/10 16:57:19.789, 3, 22443, 97871, 0, 131.16
2026/10/10 16:57:20.789, 0, 19293, 97871, 0, 173.24
2026/10/10 16:57:20.789, 1, 22428, 97871, 0, 143.18
2026/10/10 16:57:20.789, 2, 22433, 97871, 0, 144.52
2026/10/10 16:57:20.789, 3, 22443, 97871, 0, 131.17
2026/10/10 16:57:21.789, 0, 19609, 97871, 0, 165.11
2026/10/10 16:57:21.790, 1, 22428, 97871, 0, 143.07
2026/10/10 16:57:21.790, 2, 22685, 97871, 89, 180.50
2026/10/10 16:57:21.790, 3, 22443, 97871, 0, 131.07
2026/10/10 16:57:22.790, 0, 19609, 97871, 0, 162.71
2026/10/10 16:57:22.790, 1, 22428, 97871, 0, 143.31
2026/10/10 16:57:22.790, 2, 22685, 97871, 0, 158.12
2026/10/10 16:57:22.790, 3, 22443, 97871, 0, 131.05
2026/10/10 16:57:23.790, 0, 19609, 97871, 59, 198.62
2026/10/10 16:57:23.790, 1, 22428, 97871, 0, 143.20
2026/10/10 16:57:23.790, 2, 23097, 97871, 0, 193.42
2026/10/10 16:57:23.791, 3, 22443, 97871, 0, 131.14
2026/10/10 16:57:24.791, 0, 19609, 97871, 0, 130.31
2026/10/10 16:57:24.791, 1, 22428, 97871, 0, 143.14
2026/10/10 16:57:24.791, 2, 23097, 97871, 20, 202.33
2026/10/10 16:57:24.791, 3, 22443, 97871, 0, 131.06
2026/10/10 16:57:25.791, 0, 19609, 97871, 0, 129.85
2026/10/10 16:57:25.791, 1, 22680, 97871, 0, 178.89
2026/10/10 16:57:25.791, 2, 23097, 97871, 0, 146.62
2026/10/10 16:57:25.791, 3, 22695, 97871, 30, 165.51
2026/10/10 16:57:26.791, 0, 19609, 97871, 0, 129.67
2026/10/10 16:57:26.792, 1, 22680, 97871, 5, 191.91
2026/10/10 16:57:26.792, 2, 23097, 97871, 0, 213.43
2026/10/10 16:57:26.792, 3, 22695, 97871, 0, 146.07
2026/10/10 16:57:27.792, 0, 20281, 97871, 0, 243.36
2026/10/10 16:57:27.792, 1, 23092, 97871, 69, 185.06
2026/10/10 16:57:27.792, 2, 23097, 97871, 0, 146.66
2026/10/10 16:57:27.792, 3, 23107, 97871, 0, 184.29
2026/10/10 16:57:28.792, 0, 20281, 97871, 0, 130.38
2026/10/10 16:57:28.792, 1, 23092, 97871, 0, 174.66
2026/10/10 16:57:28.792, 2, 23097, 97871, 0, 146.17
2026/10/10 16:57:28.792, 3, 23107, 97871, 13, 187.38
2026/10/10 16:57:29.792, 0, 20281, 97871, 0, 130.22
2026/10/10 16:57:29.793, 1, 23092, 97871, 0, 157.29
2026/10/10 16:57:29.793, 2, 23097, 97871, 0, 146.38
2026/10/10 16:57:29.793, 3, 23107, 97871, 0, 131.34
2026/10/10 16:57:30.793, 0, 20281, 97871, 0, 187.95
2026/10/10 16:57:30.793, 1, 23092, 97871, 0, 201.76
2026/10/10 16:57:30.793, 2, 23769, 97871, 0, 256.98
2026/10/10 16:57:30.793, 3, 23107, 97871, 0, 199.58
2026/10/10 16:57:31.793, 0, 20281, 97871, 0, 129.59
2026/10/10 16:57:31.793, 1, 23092, 97871, 0, 142.69
2026/10/10 16:57:31.793, 2, 23769, 97871, 0, 146.45
2026/10/10 16:57:31.793, 3, 23107, 97871, 0, 131.51
2026/10/10 16:57:32.794, 0, 20281, 97871, 0, 129.60
2026/10/10 16:57:32.794, 1, 23092, 97871, 0, 143.26
2026/10/10 16:57:32.794, 2, 23769, 97871, 5, 252.00
2026/10/10 16:57:32.794, 3, 23107, 97871, 0, 131.22
2026/10/10 16:57:33.794, 0, 20281, 97871, 0, 129.74
2026/10/10 16:57:33.794, 1, 23764, 97871, 22, 168.54
2026/10/10 16:57:33.794, 2, 23769, 97871, 0, 147.13
2026/10/10 16:57:33.794, 3, 23779, 97871, 0, 147.12
2026/10/10 16:57:34.794, 0, 21017, 97871, 88, 318.10
2026/10/10 16:57:34.794, 1, 23764, 97871, 0, 233.41
2026/10/10 16:57:34.795, 2, 23769, 97871, 0, 146.24
2026/10/10 16:57:34.795, 3, 23779, 97871, 0, 224.13
2026/10/10 16:57:35.795, 0, 21017, 97871, 0, 293.90
2026/10/10 16:57:35.795, 1, 23764, 97871, 0, 142.79
2026/10/10 16:57:35.795, 2, 23769, 97871, 0, 196.10
2026/10/10 16:57:35.795, 3, 23779, 97871, 0, 131.24
2026/10/10 16:57:36.795, 0, 21017, 97871, 0, 129.52
2026/10/10 16:57:36.795, 1, 23764, 97871, 0, 252.21
2026/10/10 16:57:36.795, 2, 23769, 97871, 0, 146.37
2026/10/10 16:57:36.795, 3, 23779, 97871, 0, 232.04
2026/10/10 16:57:37.795, 0, 79745, 97871, 100, 272.05
2026/10/10 16:57:37.795, 1, 23764, 97871, 0, 143.53
2026/10/10 16:57:37.795, 2, 23769, 97871, 0, 146.00
2026/10/10 16:57:37.795, 3, 23779, 97871, 0, 131.60
2026/10/10 16:57:38.796, 0, 78011, 97871, 19, 252.47
2026/10/10 16:57:38.796, 1, 23764, 97871, 0, 142.74
2026/10/10 16:57:38.796, 2, 23833, 97871, 0, 145.99
2026/10/10 16:57:38.796, 3, 23779, 97871, 0, 131.25
2026/10/10 16:57:39.796, 0, 78103, 97871, 12, 194.57
2026/10/10 16:57:39.796, 1, 23764, 97871, 0, 199.37
2026/10/10 16:57:39.796, 2, 25177, 97871, 100, 405.19
2026/10/10 16:57:39.796, 3, 23779, 97871, 0, 181.42
2026/10/10 16:57:40.796, 0, 78335, 97871, 20, 191.39
2026/10/10 16:57:40.796, 1, 23764, 97871, 0, 142.99
2026/10/10 16:57:40.796, 2, 25177, 97871, 0, 260.20
2026/10/10 16:57:40.796, 3, 23779, 97871, 0, 131.24
2026/10/10 16:57:41.796, 0, 78373, 97871, 0, 180.09
2026/10/10 16:57:41.796, 1, 23764, 97871, 0, 142.93
2026/10/10 16:57:41.796, 2, 25177, 97871, 0, 146.30
2026/10/10 16:57:41.797, 3, 23779, 97871, 0, 131.22
2026/10/10 16:57:42.797, 0, 78373, 97871, 0, 129.96
2026/10/10 16:57:42.797, 1, 23764, 97871, 0, 142.71
2026/10/10 16:57:42.797, 2, 25177, 97871, 0, 145.45
2026/10/10 16:57:42.797, 3, 23843, 97871, 15, 172.62
2026/10/10 16:57:43.797, 0, 78629, 97871, 15, 137.46
2026/10/10 16:57:43.797, 1, 25172, 97871, 95, 416.21
2026/10/10 16:57:43.797, 2, 25177, 97871, 18, 156.44
2026/10/10 16:57:43.797, 3, 25187, 97871, 100, 448.29
2026/10/10 16:57:44.798, 0, 78891, 97871, 0, 131.63
2026/10/10 16:57:44.798, 1, 25172, 97871, 0, 240.92
2026/10/10 16:57:44.798, 2, 25179, 97871, 0, 155.07
2026/10/10 16:57:44.798, 3, 25187, 97871, 0, 146.68
2026/10/10 16:57:45.798, 0, 78891, 97871, 0, 131.79
2026/10/10 16:57:45.798, 1, 25172, 97871, 0, 143.40
2026/10/10 16:57:45.798, 2, 25179, 97871, 0, 154.45
2026/10/10 16:57:45.798, 3, 25187, 97871, 0, 131.62
2026/10/10 16:57:46.798, 0, 79417, 97871, 0, 132.21
2026/10/10 16:57:46.798, 1, 25172, 97871, 4, 146.74
2026/10/10 16:57:46.798, 2, 27263, 97871, 0, 145.35
2026/10/10 16:57:46.798, 3, 25187, 97871, 0, 131.65
2026/10/10 16:57:47.799, 0, 79419, 97871, 0, 137.43
2026/10/10 16:57:47.799, 1, 25172, 97871, 14, 153.86
2026/10/10 16:57:47.799, 2, 27263, 97871, 0, 155.73
2026/10/10 16:57:47.799, 3, 25187, 97871, 0, 142.69
2026/10/10 16:57:48.799, 0, 79419, 97871, 0, 130.66
2026/10/10 16:57:48.799, 1, 25172, 97871, 0, 149.90
2026/10/10 16:57:48.799, 2, 27263, 97871, 0, 145.62
2026/10/10 16:57:48.799, 3, 25187, 97871, 0, 142.30
2026/10/10 16:57:49.800, 0, 79419, 97871, 0, 130.87
2026/10/10 16:57:49.800, 1, 27256, 97871, 0, 148.55
2026/10/10 16:57:49.800, 2, 27263, 97871, 0, 162.87
2026/10/10 16:57:49.800, 3, 25187, 97871, 0, 140.12
2026/10/10 16:57:50.800, 0, 79419, 97871, 0, 130.75
2026/10/10 16:57:50.800, 1, 27256, 97871, 0, 142.49
2026/10/10 16:57:50.800, 2, 27263, 97871, 38, 164.16
2026/10/10 16:57:50.800, 3, 27271, 97871, 0, 141.03
2026/10/10 16:57:51.800, 0, 79419, 97871, 0, 130.91
2026/10/10 16:57:51.801, 1, 27256, 97871, 35, 153.98
2026/10/10 16:57:51.801, 2, 27263, 97871, 0, 167.63
2026/10/10 16:57:51.801, 3, 27271, 97871, 0, 131.34
2026/10/10 16:57:52.801, 0, 79419, 97871, 0, 130.93
2026/10/10 16:57:52.801, 1, 27256, 97871, 0, 149.09
2026/10/10 16:57:52.801, 2, 27263, 97871, 0, 146.33
2026/10/10 16:57:52.801, 3, 27271, 97871, 0, 131.23
2026/10/10 16:57:53.801, 0, 79419, 97871, 0, 130.55
2026/10/10 16:57:53.801, 1, 27256, 97871, 0, 163.58
2026/10/10 16:57:53.801, 2, 76099, 97871, 0, 147.97
2026/10/10 16:57:53.801, 3, 27271, 97871, 0, 161.20
2026/10/10 16:57:54.801, 0, 79419, 97871, 0, 130.76
2026/10/10 16:57:54.801, 1, 27256, 97871, 0, 142.17
2026/10/10 16:57:54.802, 2, 78725, 97871, 0, 321.11
2026/10/10 16:57:54.802, 3, 27271, 97871, 0, 167.22
2026/10/10 16:57:55.802, 0, 79419, 97871, 0, 130.97
2026/10/10 16:57:55.802, 1, 78730, 97871, 100, 314.45
2026/10/10 16:57:55.802, 2, 76349, 97871, 35, 175.36
2026/10/10 16:57:55.802, 3, 27271, 97871, 0, 132.08
2026/10/10 16:57:56.802, 0, 79419, 97871, 0, 130.84
2026/10/10 16:57:56.802, 1, 76348, 97871, 32, 184.61
2026/10/10 16:57:56.802, 2, 76457, 97871, 15, 238.71
2026/10/10 16:57:56.802, 3, 78735, 97871, 100, 221.48
2026/10/10 16:57:57.802, 0, 79419, 97871, 0, 130.89
2026/10/10 16:57:57.802, 1, 76444, 97871, 14, 228.18
2026/10/10 16:57:57.802, 2, 77099, 97871, 37, 216.73
2026/10/10 16:57:57.802, 3, 76349, 97871, 25, 252.50
2026/10/10 16:57:58.802, 0, 79419, 97871, 0, 130.76
2026/10/10 16:57:58.802, 1, 77344, 97871, 16, 209.15
2026/10/10 16:57:58.802, 2, 77215, 97871, 21, 274.52
2026/10/10 16:57:58.802, 3, 76469, 97871, 17, 231.78
2026/10/10 16:57:59.803, 0, 79419, 97871, 0, 130.66
2026/10/10 16:57:59.803, 1, 77228, 97871, 17, 285.22
2026/10/10 16:57:59.803, 2, 77509, 97871, 23, 234.97
2026/10/10 16:57:59.803, 3, 77317, 97871, 33, 208.81
2026/10/10 16:58:00.803, 0, 79419, 97871, 0, 130.37
2026/10/10 16:58:00.803, 1, 77320, 97871, 15, 209.09
2026/10/10 16:58:00.803, 2, 77479, 97871, 0, 161.81
2026/10/10 16:58:00.803, 3, 77177, 97871, 21, 262.42
2026/10/10 16:58:01.803, 0, 79419, 97871, 0, 130.54
2026/10/10 16:58:01.803, 1, 77234, 97871, 0, 156.43
2026/10/10 16:58:01.803, 2, 77479, 97871, 0, 147.62
2026/10/10 16:58:01.803, 3, 77245, 97871, 19, 214.75
2026/10/10 16:58:02.803, 0, 79419, 97871, 0, 130.61
2026/10/10 16:58:02.804, 1, 77234, 97871, 0, 142.64
2026/10/10 16:58:02.804, 2, 77841, 97871, 0, 161.21
2026/10/10 16:58:02.804, 3, 77245, 97871, 0, 138.31
2026/10/10 16:58:03.804, 0, 79419, 97871, 0, 130.48
2026/10/10 16:58:03.804, 1, 77234, 97871, 0, 142.64
2026/10/10 16:58:03.804, 2, 78103, 97871, 0, 151.27
2026/10/10 16:58:03.804, 3, 77245, 97871, 0, 131.52
2026/10/10 16:58:04.804, 0, 79419, 97871, 0, 130.61
2026/10/10 16:58:04.804, 1, 77744, 97871, 0, 153.89
2026/10/10 16:58:04.804, 2, 78629, 97871, 0, 147.44
2026/10/10 16:58:04.804, 3, 77639, 97871, 0, 149.40
2026/10/10 16:58:05.804, 0, 79419, 97871, 0, 130.80
2026/10/10 16:58:05.805, 1, 77744, 97871, 0, 141.88
2026/10/10 16:58:05.805, 2, 79151, 97871, 2, 149.05
2026/10/10 16:58:05.805, 3, 77901, 97871, 0, 131.65
2026/10/10 16:58:06.805, 0, 79419, 97871, 0, 130.80
2026/10/10 16:58:06.805, 1, 78662, 97871, 0, 144.12
2026/10/10 16:58:06.805, 2, 79933, 97871, 0, 162.49
2026/10/10 16:58:06.805, 3, 78427, 97871, 1, 132.17
2026/10/10 16:58:07.805, 0, 79419, 97871, 0, 130.58
2026/10/10 16:58:07.805, 1, 79184, 97871, 17, 153.36
2026/10/10 16:58:07.805, 2, 79933, 97871, 0, 146.13
2026/10/10 16:58:07.806, 3, 78949, 97871, 0, 133.71
2026/10/10 16:58:08.806, 0, 79419, 97871, 0, 130.09
2026/10/10 16:58:08.806, 1, 79184, 97871, 0, 144.63
2026/10/10 16:58:08.806, 2, 79933, 97871, 0, 145.89
2026/10/10 16:58:08.806, 3, 79991, 97871, 0, 153.50
2026/10/10 16:58:09.806, 0, 79419, 97871, 0, 130.45
2026/10/10 16:58:09.806, 1, 79184, 97871, 0, 144.32
2026/10/10 16:58:09.806, 2, 79933, 97871, 0, 145.81
2026/10/10 16:58:09.806, 3, 79991, 97871, 0, 131.18
2026/10/10 16:58:10.806, 0, 79419, 97871, 0, 131.02
2026/10/10 16:58:10.806, 1, 79184, 97871, 0, 144.34
2026/10/10 16:58:10.807, 2, 79933, 97871, 0, 146.02
2026/10/10 16:58:10.807, 3, 79991, 97871, 0, 131.15
2026/10/10 16:58:11.807, 0, 79419, 97871, 0, 130.93
2026/10/10 16:58:11.807, 1, 79184, 97871, 0, 143.69
2026/10/10 16:58:11.807, 2, 79935, 97871, 0, 149.00
2026/10/10 16:58:11.807, 3, 79991, 97871, 0, 131.29
2026/10/10 16:58:12.807, 0, 79419, 97871, 0, 130.78
2026/10/10 16:58:12.807, 1, 79186, 97871, 0, 145.81
2026/10/10 16:58:12.807, 2, 79935, 97871, 0, 146.04
2026/10/10 16:58:12.807, 3, 79993, 97871, 0, 131.12
2026/10/10 16:58:13.807, 0, 79419, 97871, 0, 130.51
2026/10/10 16:58:13.808, 1, 79186, 97871, 0, 143.79
2026/10/10 16:58:13.808, 2, 79935, 97871, 0, 150.14
2026/10/10 16:58:13.808, 3, 79995, 97871, 0, 135.76
2026/10/10 16:58:14.808, 0, 79419, 97871, 0, 130.47
2026/10/10 16:58:14.808, 1, 79186, 97871, 0, 146.13
2026/10/10 16:58:14.808, 2, 79935, 97871, 0, 147.35
2026/10/10 16:58:14.808, 3, 79995, 97871, 0, 131.48
2026/10/10 16:58:15.808, 0, 79419, 97871, 0, 149.51
2026/10/10 16:58:15.808, 1, 79186, 97871, 0, 143.79
2026/10/10 16:58:15.808, 2, 79935, 97871, 0, 147.23
2026/10/10 16:58:15.809, 3, 79995, 97871, 0, 138.08
2026/10/10 16:58:16.809, 0, 79419, 97871, 99, 433.32
2026/10/10 16:58:16.809, 1, 79186, 97871, 0, 143.83
2026/10/10 16:58:16.809, 2, 79935, 97871, 0, 147.01
2026/10/10 16:58:16.809, 3, 79995, 97871, 0, 131.77
2026/10/10 16:58:17.809, 0, 79419, 97871, 99, 442.27
2026/10/10 16:58:17.809, 1, 79186, 97871, 0, 143.96
2026/10/10 16:58:17.809, 2, 79935, 97871, 0, 146.98
2026/10/10 16:58:17.809, 3, 79995, 97871, 0, 131.79
2026/10/10 16:58:18.809, 0, 79419, 97871, 99, 443.63
2026/10/10 16:58:18.810, 1, 79186, 97871, 0, 143.78
2026/10/10 16:58:18.810, 2, 79935, 97871, 0, 147.08
2026/10/10 16:58:18.810, 3, 79995, 97871, 0, 131.74
2026/10/10 16:58:19.810, 0, 79419, 97871, 95, 441.34
2026/10/10 16:58:19.810, 1, 79186, 97871, 0, 143.72
2026/10/10 16:58:19.810, 2, 79935, 97871, 0, 146.81
2026/10/10 16:58:19.810, 3, 79995, 97871, 0, 131.65
2026/10/10 16:58:20.810, 0, 79419, 97871, 99, 444.53
2026/10/10 16:58:20.810, 1, 79186, 97871, 0, 143.67
2026/10/10 16:58:20.810, 2, 79935, 97871, 0, 147.02
2026/10/10 16:58:20.811, 3, 79995, 97871, 0, 131.72
2026/10/10 16:58:21.811, 0, 79419, 97871, 99, 445.23
2026/10/10 16:58:21.811, 1, 79186, 97871, 0, 143.75
2026/10/10 16:58:21.811, 2, 79935, 97871, 0, 147.02
2026/10/10 16:58:21.811, 3, 79995, 97871, 0, 131.58
2026/10/10 16:58:22.811, 0, 79419, 97871, 99, 448.86
2026/10/10 16:58:22.811, 1, 79186, 97871, 0, 143.64
2026/10/10 16:58:22.811, 2, 79935, 97871, 0, 146.84
2026/10/10 16:58:22.811, 3, 79995, 97871, 0, 131.62
2026/10/10 16:58:23.811, 0, 79419, 97871, 99, 450.49
2026/10/10 16:58:23.812, 1, 79186, 97871, 0, 143.74
2026/10/10 16:58:23.812, 2, 79935, 97871, 0, 146.56
2026/10/10 16:58:23.812, 3, 79995, 97871, 0, 131.69
2026/10/10 16:58:24.812, 0, 79419, 97871, 99, 451.42
2026/10/10 16:58:24.812, 1, 79186, 97871, 0, 143.68
2026/10/10 16:58:24.812, 2, 79935, 97871, 0, 146.46
2026/10/10 16:58:24.812, 3, 79995, 97871, 0, 131.66
2026/10/10 16:58:25.812, 0, 79419, 97871, 99, 452.23
2026/10/10 16:58:25.812, 1, 79186, 97871, 0, 143.50
2026/10/10 16:58:25.812, 2, 79935, 97871, 0, 146.35
2026/10/10 16:58:25.812, 3, 79995, 97871, 0, 131.66
2026/10/10 16:58:26.813, 0, 79419, 97871, 99, 452.00
2026/10/10 16:58:26.813, 1, 79186, 97871, 0, 143.75
2026/10/10 16:58:26.813, 2, 79935, 97871, 0, 146.47
2026/10/10 16:58:26.813, 3, 79995, 97871, 0, 131.71
2026/10/10 16:58:27.813, 0, 79419, 97871, 99, 450.21
2026/10/10 16:58:27.813, 1, 79186, 97871, 0, 143.72
2026/10/10 16:58:27.813, 2, 79935, 97871, 0, 146.37
2026/10/10 16:58:27.813, 3, 79995, 97871, 0, 131.60
2026/10/10 16:58:28.813, 0, 79419, 97871, 99, 452.01
2026/10/10 16:58:28.813, 1, 79185, 97871, 0, 143.60
2026/10/10 16:58:28.814, 2, 79935, 97871, 0, 145.96
2026/10/10 16:58:28.814, 3, 79995, 97871, 0, 131.70
2026/10/10 16:58:29.814, 0, 79419, 97871, 99, 452.79
2026/10/10 16:58:29.814, 1, 79185, 97871, 0, 143.59
2026/10/10 16:58:29.814, 2, 79935, 97871, 0, 146.48
2026/10/10 16:58:29.814, 3, 79995, 97871, 0, 131.62
2026/10/10 16:58:30.814, 0, 79419, 97871, 99, 453.16
2026/10/10 16:58:30.814, 1, 79185, 97871, 0, 143.66
2026/10/10 16:58:30.814, 2, 79935, 97871, 0, 146.39
2026/10/10 16:58:30.814, 3, 79995, 97871, 0, 131.76
2026/10/10 16:58:31.814, 0, 79419, 97871, 85, 448.15
2026/10/10 16:58:31.815, 1, 79185, 97871, 0, 143.54
2026/10/10 16:58:31.815, 2, 79935, 97871, 0, 146.49
2026/10/10 16:58:31.815, 3, 79995, 97871, 0, 131.64
2026/10/10 16:58:32.815, 0, 79419, 97871, 99, 447.59
2026/10/10 16:58:32.815, 1, 79185, 97871, 0, 143.64
2026/10/10 16:58:32.815, 2, 79935, 97871, 0, 146.51
2026/10/10 16:58:32.815, 3, 79995, 97871, 0, 131.59
2026/10/10 16:58:33.815, 0, 79419, 97871, 99, 449.67
2026/10/10 16:58:33.815, 1, 79185, 97871, 0, 143.43
2026/10/10 16:58:33.815, 2, 79935, 97871, 0, 146.41
2026/10/10 16:58:33.815, 3, 79995, 97871, 0, 131.58
2026/10/10 16:58:34.816, 0, 79419, 97871, 99, 451.17
2026/10/10 16:58:34.816, 1, 79185, 97871, 0, 143.44
2026/10/10 16:58:34.816, 2, 79935, 97871, 0, 146.47
2026/10/10 16:58:34.816, 3, 79995, 97871, 0, 131.65
2026/10/10 16:58:35.816, 0, 79419, 97871, 99, 452.06
2026/10/10 16:58:35.816, 1, 79185, 97871, 0, 143.60
2026/10/10 16:58:35.816, 2, 79935, 97871, 0, 146.23
2026/10/10 16:58:35.816, 3, 79995, 97871, 0, 131.64
2026/10/10 16:58:36.816, 0, 79419, 97871, 99, 452.99
2026/10/10 16:58:36.817, 1, 79185, 97871, 0, 143.71
2026/10/10 16:58:36.817, 2, 79935, 97871, 0, 146.42
2026/10/10 16:58:36.817, 3, 79995, 97871, 0, 131.81
2026/10/10 16:58:37.817, 0, 79419, 97871, 99, 448.26
2026/10/10 16:58:37.817, 1, 79185, 97871, 0, 143.62
2026/10/10 16:58:37.817, 2, 79935, 97871, 0, 146.48
2026/10/10 16:58:37.817, 3, 79995, 97871, 0, 131.61
2026/10/10 16:58:38.817, 0, 79419, 97871, 99, 447.67
2026/10/10 16:58:38.817, 1, 79185, 97871, 0, 143.59
2026/10/10 16:58:38.817, 2, 79935, 97871, 0, 146.34
2026/10/10 16:58:38.818, 3, 79995, 97871, 0, 131.62
2026/10/10 16:58:39.818, 0, 79419, 97871, 99, 463.45
2026/10/10 16:58:39.818, 1, 79185, 97871, 0, 143.54
2026/10/10 16:58:39.818, 2, 79935, 97871, 0, 146.43
2026/10/10 16:58:39.818, 3, 79995, 97871, 0, 131.61
2026/10/10 16:58:40.818, 0, 79419, 97871, 99, 456.76
2026/10/10 16:58:40.818, 1, 79185, 97871, 0, 143.67
2026/10/10 16:58:40.818, 2, 79935, 97871, 0, 146.55
2026/10/10 16:58:40.818, 3, 79995, 97871, 0, 131.61
2026/10/10 16:58:41.818, 0, 79419, 97871, 99, 456.39
2026/10/10 16:58:41.819, 1, 79185, 97871, 0, 143.70
2026/10/10 16:58:41.819, 2, 79935, 97871, 0, 146.76
2026/10/10 16:58:41.819, 3, 79995, 97871, 0, 131.70
2026/10/10 16:58:42.819, 0, 79419, 97871, 99, 456.33
2026/10/10 16:58:42.819, 1, 79185, 97871, 0, 143.78
2026/10/10 16:58:42.819, 2, 79935, 97871, 0, 146.88
2026/10/10 16:58:42.819, 3, 79995, 97871, 0, 132.03
2026/10/10 16:58:43.819, 0, 79419, 97871, 80, 464.28
2026/10/10 16:58:43.820, 1, 79185, 97871, 0, 143.35
2026/10/10 16:58:43.820, 2, 79935, 97871, 0, 146.46
2026/10/10 16:58:43.820, 3, 79995, 97871, 0, 131.83
2026/10/10 16:58:44.820, 0, 79419, 97871, 99, 454.98
2026/10/10 16:58:44.820, 1, 79185, 97871, 0, 143.29
2026/10/10 16:58:44.820, 2, 79935, 97871, 0, 146.57
2026/10/10 16:58:44.820, 3, 79995, 97871, 0, 131.99
2026/10/10 16:58:45.820, 0, 79419, 97871, 99, 455.53
2026/10/10 16:58:45.820, 1, 79187, 97871, 10, 162.98
2026/10/10 16:58:45.820, 2, 79943, 97871, 10, 169.01
2026/10/10 16:58:45.820, 3, 79995, 97871, 10, 146.26
2026/10/10 16:58:46.821, 0, 79419, 97871, 99, 455.79
2026/10/10 16:58:46.821, 1, 79187, 97871, 90, 447.99
2026/10/10 16:58:46.821, 2, 79943, 97871, 99, 447.95
2026/10/10 16:58:46.821, 3, 79995, 97871, 99, 425.69
2026/10/10 16:58:47.821, 0, 79419, 97871, 87, 445.15
2026/10/10 16:58:47.821, 1, 79187, 97871, 99, 457.85
2026/10/10 16:58:47.821, 2, 79943, 97871, 87, 458.29
2026/10/10 16:58:47.821, 3, 79995, 97871, 99, 442.14
2026/10/10 16:58:48.821, 0, 79419, 97871, 99, 459.53
2026/10/10 16:58:48.821, 1, 79187, 97871, 99, 456.46
2026/10/10 16:58:48.821, 2, 79943, 97871, 99, 462.97
2026/10/10 16:58:48.821, 3, 79995, 97871, 99, 452.69
2026/10/10 16:58:49.821, 0, 79419, 97871, 99, 448.51
2026/10/10 16:58:49.821, 1, 79187, 97871, 87, 457.76
2026/10/10 16:58:49.821, 2, 79943, 97871, 99, 465.84
2026/10/10 16:58:49.821, 3, 79995, 97871, 99, 454.56
2026/10/10 16:58:50.822, 0, 79419, 97871, 99, 450.76
2026/10/10 16:58:50.822, 1, 79187, 97871, 99, 459.21
2026/10/10 16:58:50.822, 2, 79943, 97871, 99, 467.99
2026/10/10 16:58:50.822, 3, 79995, 97871, 99, 456.32
2026/10/10 16:58:51.822, 0, 79419, 97871, 99, 451.49
2026/10/10 16:58:51.822, 1, 79187, 97871, 99, 460.51
2026/10/10 16:58:51.822, 2, 79943, 97871, 99, 472.43
2026/10/10 16:58:51.822, 3, 79995, 97871, 99, 455.87
2026/10/10 16:58:52.822, 0, 79419, 97871, 99, 452.40
2026/10/10 16:58:52.822, 1, 79187, 97871, 99, 462.05
2026/10/10 16:58:52.822, 2, 79943, 97871, 99, 469.14
2026/10/10 16:58:52.822, 3, 79995, 97871, 99, 452.18
2026/10/10 16:58:53.822, 0, 79419, 97871, 99, 452.63
2026/10/10 16:58:53.822, 1, 79187, 97871, 99, 467.27
2026/10/10 16:58:53.823, 2, 79943, 97871, 99, 470.36
2026/10/10 16:58:53.823, 3, 79995, 97871, 99, 455.23
2026/10/10 16:58:54.823, 0, 79419, 97871, 99, 448.30
2026/10/10 16:58:54.823, 1, 79187, 97871, 99, 462.00
2026/10/10 16:58:54.823, 2, 79943, 97871, 99, 465.73
2026/10/10 16:58:54.823, 3, 79995, 97871, 99, 455.40
2026/10/10 16:58:55.823, 0, 79419, 97871, 100, 452.79
2026/10/10 16:58:55.823, 1, 79187, 97871, 99, 462.89
2026/10/10 16:58:55.823, 2, 79943, 97871, 99, 467.19
2026/10/10 16:58:55.823, 3, 79995, 97871, 99, 452.25
2026/10/10 16:58:56.823, 0, 79419, 97871, 100, 450.96
2026/10/10 16:58:56.823, 1, 79187, 97871, 99, 462.97
2026/10/10 16:58:56.823, 2, 79943, 97871, 99, 469.14
2026/10/10 16:58:56.823, 3, 79995, 97871, 99, 466.72
2026/10/10 16:58:57.823, 0, 79419, 97871, 99, 453.40
2026/10/10 16:58:57.823, 1, 79187, 97871, 99, 455.41
2026/10/10 16:58:57.824, 2, 79943, 97871, 99, 462.10
2026/10/10 16:58:57.824, 3, 79995, 97871, 99, 458.05
2026/10/10 16:58:58.824, 0, 79419, 97871, 99, 454.53
2026/10/10 16:58:58.824, 1, 79187, 97871, 99, 462.95
2026/10/10 16:58:58.824, 2, 79943, 97871, 99, 481.68
2026/10/10 16:58:58.824, 3, 79995, 97871, 99, 467.65
2026/10/10 16:58:59.824, 0, 79419, 97871, 99, 448.79
2026/10/10 16:58:59.824, 1, 79187, 97871, 99, 462.16
2026/10/10 16:58:59.824, 2, 79943, 97871, 99, 477.10
2026/10/10 16:58:59.824, 3, 79995, 97871, 99, 459.33
2026/10/10 16:59:00.824, 0, 79419, 97871, 99, 447.45
2026/10/10 16:59:00.824, 1, 79187, 97871, 99, 462.67
2026/10/10 16:59:00.824, 2, 79943, 97871, 99, 480.08
2026/10/10 16:59:00.824, 3, 79995, 97871, 99, 459.99
2026/10/10 16:59:01.824, 0, 79419, 97871, 90, 443.77
2026/10/10 16:59:01.825, 1, 79187, 97871, 99, 455.79
2026/10/10 16:59:01.825, 2, 79943, 97871, 99, 476.58
2026/10/10 16:59:01.825, 3, 79995, 97871, 99, 457.62
2026/10/10 16:59:02.825, 0, 79419, 97871, 99, 446.59
2026/10/10 16:59:02.825, 1, 79187, 97871, 99, 467.65
2026/10/10 16:59:02.825, 2, 79943, 97871, 99, 476.96
2026/10/10 16:59:02.825, 3, 79995, 97871, 99, 458.94
2026/10/10 16:59:03.825, 0, 79419, 97871, 99, 443.44
2026/10/10 16:59:03.825, 1, 79187, 97871, 99, 467.12
2026/10/10 16:59:03.825, 2, 79943, 97871, 99, 474.02
2026/10/10 16:59:03.825, 3, 79995, 97871, 99, 459.76
2026/10/10 16:59:04.825, 0, 79419, 97871, 99, 447.14
2026/10/10 16:59:04.825, 1, 79187, 97871, 99, 466.84
2026/10/10 16:59:04.825, 2, 79943, 97871, 99, 471.62
2026/10/10 16:59:04.825, 3, 79995, 97871, 99, 457.49
2026/10/10 16:59:05.825, 0, 79419, 97871, 99, 445.23
2026/10/10 16:59:05.826, 1, 79187, 97871, 99, 472.13
2026/10/10 16:59:05.826, 2, 79943, 97871, 99, 472.78
2026/10/10 16:59:05.826, 3, 79995, 97871, 99, 449.89
2026/10/10 16:59:06.826, 0, 79419, 97871, 99, 446.83
2026/10/10 16:59:06.826, 1, 79187, 97871, 99, 465.61
2026/10/10 16:59:06.826, 2, 79943, 97871, 99, 472.27
2026/10/10 16:59:06.826, 3, 79995, 97871, 99, 448.62
2026/10/10 16:59:07.826, 0, 79419, 97871, 99, 447.41
2026/10/10 16:59:07.826, 1, 79187, 97871, 99, 466.80
2026/10/10 16:59:07.826, 2, 79943, 97871, 99, 466.34
2026/10/10 16:59:07.826, 3, 79995, 97871, 99, 449.92
2026/10/10 16:59:08.826, 0, 79419, 97871, 99, 447.62
2026/10/10 16:59:08.826, 1, 79187, 97871, 99, 467.42
2026/10/10 16:59:08.826, 2, 79943, 97871, 99, 470.80
2026/10/10 16:59:08.826, 3, 79995, 97871, 93, 455.33
2026/10/10 16:59:09.826, 0, 79419, 97871, 99, 445.54
2026/10/10 16:59:09.827, 1, 79187, 97871, 99, 468.32
2026/10/10 16:59:09.827, 2, 79943, 97871, 99, 463.77
2026/10/10 16:59:09.827, 3, 79995, 97871, 99, 455.70
2026/10/10 16:59:10.827, 0, 79419, 97871, 99, 446.77
2026/10/10 16:59:10.827, 1, 79187, 97871, 99, 463.52
2026/10/10 16:59:10.827, 2, 79943, 97871, 87, 465.09
2026/10/10 16:59:10.827, 3, 79995, 97871, 97, 455.25
2026/10/10 16:59:11.827, 0, 79419, 97871, 99, 447.00
2026/10/10 16:59:11.827, 1, 79187, 97871, 99, 464.38
2026/10/10 16:59:11.827, 2, 79943, 97871, 98, 469.18
2026/10/10 16:59:11.827, 3, 79995, 97871, 99, 450.91
2026/10/10 16:59:12.827, 0, 79419, 97871, 99, 447.49
2026/10/10 16:59:12.827, 1, 79187, 97871, 99, 463.21
2026/10/10 16:59:12.827, 2, 79943, 97871, 99, 469.13
2026/10/10 16:59:12.827, 3, 79995, 97871, 99, 450.06
2026/10/10 16:59:13.827, 0, 79419, 97871, 99, 448.92
2026/10/10 16:59:13.828, 1, 79187, 97871, 99, 456.34
2026/10/10 16:59:13.828, 2, 79943, 97871, 99, 467.35
2026/10/10 16:59:13.828, 3, 79995, 97871, 91, 451.21
2026/10/10 16:59:14.828, 0, 79419, 97871, 99, 449.92
2026/10/10 16:59:14.828, 1, 79187, 97871, 99, 469.03
2026/10/10 16:59:14.828, 2, 79943, 97871, 99, 468.44
2026/10/10 16:59:14.828, 3, 79995, 97871, 99, 455.22
2026/10/10 16:59:15.828, 0, 79419, 97871, 99, 447.62
2026/10/10 16:59:15.828, 1, 79187, 97871, 99, 464.42
2026/10/10 16:59:15.828, 2, 79943, 97871, 99, 471.46
2026/10/10 16:59:15.828, 3, 79995, 97871, 99, 454.12
2026/10/10 16:59:16.828, 0, 79419, 97871, 99, 447.50
2026/10/10 16:59:16.828, 1, 79187, 97871, 99, 460.68
2026/10/10 16:59:16.828, 2, 79943, 97871, 99, 466.87
2026/10/10 16:59:16.828, 3, 79995, 97871, 99, 454.40
2026/10/10 16:59:17.828, 0, 79419, 97871, 99, 447.39
2026/10/10 16:59:17.829, 1, 79187, 97871, 99, 457.94
2026/10/10 16:59:17.829, 2, 79943, 97871, 99, 468.83
2026/10/10 16:59:17.829, 3, 79995, 97871, 91, 452.17
2026/10/10 16:59:18.829, 0, 79419, 97871, 99, 447.51
2026/10/10 16:59:18.829, 1, 79187, 97871, 99, 458.16
2026/10/10 16:59:18.829, 2, 79943, 97871, 99, 464.99
2026/10/10 16:59:18.829, 3, 79995, 97871, 98, 458.49
2026/10/10 16:59:19.829, 0, 79419, 97871, 99, 444.29
2026/10/10 16:59:19.829, 1, 79187, 97871, 99, 458.28
2026/10/10 16:59:19.829, 2, 79943, 97871, 99, 469.89
2026/10/10 16:59:19.829, 3, 79995, 97871, 99, 458.40
2026/10/10 16:59:20.829, 0, 79419, 97871, 99, 446.77
2026/10/10 16:59:20.829, 1, 79187, 97871, 99, 459.12
2026/10/10 16:59:20.829, 2, 79943, 97871, 99, 469.77
2026/10/10 16:59:20.829, 3, 79995, 97871, 99, 455.78
2026/10/10 16:59:21.829, 0, 79419, 97871, 99, 446.88
2026/10/10 16:59:21.830, 1, 79187, 97871, 99, 461.24
2026/10/10 16:59:21.830, 2, 79943, 97871, 99, 470.36
2026/10/10 16:59:21.830, 3, 79995, 97871, 99, 456.78
2026/10/10 16:59:22.830, 0, 79419, 97871, 99, 445.63
2026/10/10 16:59:22.830, 1, 79187, 97871, 99, 463.10
2026/10/10 16:59:22.830, 2, 79943, 97871, 99, 470.95
2026/10/10 16:59:22.830, 3, 79995, 97871, 99, 454.76
2026/10/10 16:59:23.830, 0, 79419, 97871, 99, 447.08
2026/10/10 16:59:23.830, 1, 79187, 97871, 99, 460.31
2026/10/10 16:59:23.830, 2, 79943, 97871, 99, 468.52
2026/10/10 16:59:23.830, 3, 79995, 97871, 99, 457.75
2026/10/10 16:59:24.830, 0, 79419, 97871, 99, 447.82
2026/10/10 16:59:24.830, 1, 79187, 97871, 99, 461.77
2026/10/10 16:59:24.830, 2, 79943, 97871, 99, 468.69
2026/10/10 16:59:24.830, 3, 79995, 97871, 99, 473.88
2026/10/10 16:59:25.830, 0, 79419, 97871, 99, 448.54
2026/10/10 16:59:25.831, 1, 79187, 97871, 99, 462.02
2026/10/10 16:59:25.831, 2, 79943, 97871, 99, 480.07
2026/10/10 16:59:25.831, 3, 79995, 97871, 99, 456.28
2026/10/10 16:59:26.831, 0, 79419, 97871, 100, 450.50
2026/10/10 16:59:26.831, 1, 79187, 97871, 99, 463.22
2026/10/10 16:59:26.831, 2, 79943, 97871, 99, 472.48
2026/10/10 16:59:26.831, 3, 79995, 97871, 99, 460.60
2026/10/10 16:59:27.831, 0, 79419, 97871, 99, 450.74
2026/10/10 16:59:27.831, 1, 79187, 97871, 99, 458.67
2026/10/10 16:59:27.831, 2, 79943, 97871, 99, 470.93
2026/10/10 16:59:27.831, 3, 79995, 97871, 99, 457.10
2026/10/10 16:59:28.831, 0, 79419, 97871, 99, 445.78
2026/10/10 16:59:28.831, 1, 79187, 97871, 99, 462.70
2026/10/10 16:59:28.831, 2, 79943, 97871, 99, 470.03
2026/10/10 16:59:28.831, 3, 79995, 97871, 99, 457.09
2026/10/10 16:59:29.831, 0, 79419, 97871, 99, 447.54
2026/10/10 16:59:29.831, 1, 79187, 97871, 99, 459.47
2026/10/10 16:59:29.832, 2, 79943, 97871, 99, 470.55
2026/10/10 16:59:29.832, 3, 79995, 97871, 90, 453.70
2026/10/10 16:59:30.832, 0, 79419, 97871, 99, 447.54
2026/10/10 16:59:30.832, 1, 79187, 97871, 99, 461.11
2026/10/10 16:59:30.832, 2, 79943, 97871, 99, 469.59
2026/10/10 16:59:30.832, 3, 79995, 97871, 92, 453.55
2026/10/10 16:59:31.832, 0, 79419, 97871, 99, 443.37
2026/10/10 16:59:31.832, 1, 79187, 97871, 92, 459.27
2026/10/10 16:59:31.832, 2, 79943, 97871, 99, 470.45
2026/10/10 16:59:31.832, 3, 79995, 97871, 99, 454.83
2026/10/10 16:59:32.832, 0, 79419, 97871, 99, 448.80
2026/10/10 16:59:32.832, 1, 79187, 97871, 99, 461.09
2026/10/10 16:59:32.832, 2, 79943, 97871, 99, 479.64
2026/10/10 16:59:32.832, 3, 79995, 97871, 99, 460.32
2026/10/10 16:59:33.832, 0, 79419, 97871, 99, 453.86
2026/10/10 16:59:33.833, 1, 79187, 97871, 99, 461.76
2026/10/10 16:59:33.833, 2, 79943, 97871, 99, 474.98
2026/10/10 16:59:33.833, 3, 79995, 97871, 93, 454.46
2026/10/10 16:59:34.833, 0, 79419, 97871, 99, 452.63
2026/10/10 16:59:34.833, 1, 79187, 97871, 99, 462.65
2026/10/10 16:59:34.833, 2, 79943, 97871, 99, 480.69
2026/10/10 16:59:34.833, 3, 79995, 97871, 99, 453.11
2026/10/10 16:59:35.833, 0, 79419, 97871, 99, 453.74
2026/10/10 16:59:35.833, 1, 79187, 97871, 99, 463.30
2026/10/10 16:59:35.833, 2, 79943, 97871, 83, 478.19
2026/10/10 16:59:35.833, 3, 79995, 97871, 99, 451.36
2026/10/10 16:59:36.833, 0, 79419, 97871, 85, 450.72
2026/10/10 16:59:36.833, 1, 79187, 97871, 99, 458.85
2026/10/10 16:59:36.833, 2, 79943, 97871, 99, 469.42
2026/10/10 16:59:36.833, 3, 79995, 97871, 99, 455.90
2026/10/10 16:59:37.833, 0, 79419, 97871, 99, 447.47
2026/10/10 16:59:37.833, 1, 79187, 97871, 99, 462.57
2026/10/10 16:59:37.834, 2, 79943, 97871, 99, 472.73
2026/10/10 16:59:37.834, 3, 79995, 97871, 99, 454.21
2026/10/10 16:59:38.834, 0, 79419, 97871, 99, 447.58
2026/10/10 16:59:38.834, 1, 79187, 97871, 99, 459.65
2026/10/10 16:59:38.834, 2, 79943, 97871, 92, 467.66
2026/10/10 16:59:38.834, 3, 79995, 97871, 87, 454.84
2026/10/10 16:59:39.834, 0, 79419, 97871, 99, 447.64
2026/10/10 16:59:39.834, 1, 79187, 97871, 92, 468.35
2026/10/10 16:59:39.834, 2, 79943, 97871, 99, 468.84
2026/10/10 16:59:39.834, 3, 79995, 97871, 99, 455.87
2026/10/10 16:59:40.834, 0, 79419, 97871, 99, 449.69
2026/10/10 16:59:40.834, 1, 79187, 97871, 99, 465.30
2026/10/10 16:59:40.834, 2, 79943, 97871, 99, 468.33
2026/10/10 16:59:40.834, 3, 79995, 97871, 98, 459.14
2026/10/10 16:59:41.834, 0, 79419, 97871, 99, 450.63
2026/10/10 16:59:41.835, 1, 79187, 97871, 99, 466.08
2026/10/10 16:59:41.835, 2, 79943, 97871, 93, 472.24
2026/10/10 16:59:41.835, 3, 79995, 97871, 99, 455.02
2026/10/10 16:59:42.835, 0, 79419, 97871, 87, 446.86
2026/10/10 16:59:42.835, 1, 79187, 97871, 99, 460.51
2026/10/10 16:59:42.835, 2, 79943, 97871, 99, 466.11
2026/10/10 16:59:42.835, 3, 79995, 97871, 99, 459.99
2026/10/10 16:59:43.835, 0, 79419, 97871, 99, 447.87
2026/10/10 16:59:43.835, 1, 79187, 97871, 99, 461.53
2026/10/10 16:59:43.835, 2, 79943, 97871, 99, 468.66
2026/10/10 16:59:43.835, 3, 79995, 97871, 93, 454.60
2026/10/10 16:59:44.835, 0, 79419, 97871, 99, 447.93
2026/10/10 16:59:44.835, 1, 79187, 97871, 99, 463.42
2026/10/10 16:59:44.835, 2, 79943, 97871, 99, 469.08
2026/10/10 16:59:44.835, 3, 79995, 97871, 99, 455.55
2026/10/10 16:59:45.836, 0, 79419, 97871, 99, 447.87
2026/10/10 16:59:45.836, 1, 79187, 97871, 92, 462.17
2026/10/10 16:59:45.836, 2, 79943, 97871, 99, 467.27
2026/10/10 16:59:45.836, 3, 79995, 97871, 99, 453.84
2026/10/10 16:59:46.836, 0, 79419, 97871, 99, 448.97
2026/10/10 16:59:46.836, 1, 79187, 97871, 99, 461.73
2026/10/10 16:59:46.836, 2, 79943, 97871, 99, 468.40
2026/10/10 16:59:46.836, 3, 79995, 97871, 99, 453.33
2026/10/10 16:59:47.836, 0, 79419, 97871, 100, 460.36
2026/10/10 16:59:47.836, 1, 79187, 97871, 99, 462.35
2026/10/10 16:59:47.836, 2, 79943, 97871, 99, 470.11
2026/10/10 16:59:47.836, 3, 79995, 97871, 99, 455.47
2026/10/10 16:59:48.836, 0, 79419, 97871, 99, 455.23
2026/10/10 16:59:48.836, 1, 79187, 97871, 99, 462.81
2026/10/10 16:59:48.836, 2, 79943, 97871, 99, 470.29
2026/10/10 16:59:48.836, 3, 79995, 97871, 99, 454.38
2026/10/10 16:59:49.836, 0, 79419, 97871, 99, 456.68
2026/10/10 16:59:49.837, 1, 79187, 97871, 99, 464.05
2026/10/10 16:59:49.837, 2, 79943, 97871, 99, 471.68
2026/10/10 16:59:49.837, 3, 79995, 97871, 99, 464.05
2026/10/10 16:59:50.837, 0, 79419, 97871, 99, 457.57
2026/10/10 16:59:50.837, 1, 79187, 97871, 99, 474.74
2026/10/10 16:59:50.837, 2, 79943, 97871, 99, 469.01
2026/10/10 16:59:50.837, 3, 79995, 97871, 99, 462.62
2026/10/10 16:59:51.837, 0, 79419, 97871, 99, 458.40
2026/10/10 16:59:51.837, 1, 79187, 97871, 99, 467.45
2026/10/10 16:59:51.837, 2, 79943, 97871, 99, 472.89
2026/10/10 16:59:51.837, 3, 79995, 97871, 99, 464.82
2026/10/10 16:59:52.837, 0, 79419, 97871, 99, 459.97
2026/10/10 16:59:52.837, 1, 79187, 97871, 99, 468.42
2026/10/10 16:59:52.837, 2, 79943, 97871, 99, 473.12
2026/10/10 16:59:52.837, 3, 79995, 97871, 87, 458.17
2026/10/10 16:59:53.838, 0, 79419, 97871, 85, 456.58
2026/10/10 16:59:53.838, 1, 79187, 97871, 99, 468.98
2026/10/10 16:59:53.838, 2, 79943, 97871, 99, 470.67
2026/10/10 16:59:53.838, 3, 79995, 97871, 99, 455.41
2026/10/10 16:59:54.838, 0, 79419, 97871, 99, 449.30
2026/10/10 16:59:54.838, 1, 79187, 97871, 99, 463.75
2026/10/10 16:59:54.838, 2, 79943, 97871, 99, 474.73
2026/10/10 16:59:54.838, 3, 79995, 97871, 99, 452.14
2026/10/10 16:59:55.838, 0, 79419, 97871, 99, 450.39
2026/10/10 16:59:55.838, 1, 79187, 97871, 99, 463.32
2026/10/10 16:59:55.838, 2, 79943, 97871, 99, 469.89
2026/10/10 16:59:55.838, 3, 79995, 97871, 96, 457.33
2026/10/10 16:59:56.838, 0, 79419, 97871, 99, 450.15
2026/10/10 16:59:56.838, 1, 79187, 97871, 99, 464.22
2026/10/10 16:59:56.838, 2, 79943, 97871, 99, 468.25
2026/10/10 16:59:56.838, 3, 79995, 97871, 99, 454.35
2026/10/10 16:59:57.838, 0, 79419, 97871, 99, 447.78
2026/10/10 16:59:57.839, 1, 79187, 97871, 99, 463.51
2026/10/10 16:59:57.839, 2, 79943, 97871, 99, 471.05
2026/10/10 16:59:57.839, 3, 79995, 97871, 99, 456.95
2026/10/10 16:59:58.839, 0, 79419, 97871, 99, 449.04
2026/10/10 16:59:58.839, 1, 79187, 97871, 99, 461.79
2026/10/10 16:59:58.839, 2, 79943, 97871, 99, 470.02
2026/10/10 16:59:58.839, 3, 79995, 97871, 99, 457.13
2026/10/10 16:59:59.839, 0, 79419, 97871, 99, 447.15
2026/10/10 16:59:59.839, 1, 79187, 97871, 96, 462.69
2026/10/10 16:59:59.839, 2, 79943, 97871, 99, 468.61
2026/10/10 16:59:59.839, 3, 79995, 97871, 99, 454.61
2026/10/10 17:00:00.839, 0, 79419, 97871, 99, 447.85
2026/10/10 17:00:00.839, 1, 79187, 97871, 99, 461.93
2026/10/10 17:00:00.839, 2, 79943, 97871, 99, 468.96
2026/10/10 17:00:00.839, 3, 79995, 97871, 99, 456.96
2026/10/10 17:00:01.840, 0, 79419, 97871, 99, 447.65
2026/10/10 17:00:01.840, 1, 79187, 97871, 99, 462.85
2026/10/10 17:00:01.840, 2, 79943, 97871, 99, 469.51
2026/10/10 17:00:01.840, 3, 79995, 97871, 99, 457.10
2026/10/10 17:00:02.840, 0, 79419, 97871, 99, 446.90
2026/10/10 17:00:02.840, 1, 79187, 97871, 99, 466.83
2026/10/10 17:00:02.840, 2, 79943, 97871, 99, 477.13
2026/10/10 17:00:02.840, 3, 79995, 97871, 99, 449.32
2026/10/10 17:00:03.840, 0, 79419, 97871, 99, 448.14
2026/10/10 17:00:03.840, 1, 79187, 97871, 99, 465.06
2026/10/10 17:00:03.840, 2, 79943, 97871, 99, 473.74
2026/10/10 17:00:03.840, 3, 79995, 97871, 99, 450.48
2026/10/10 17:00:04.840, 0, 79419, 97871, 99, 448.42
2026/10/10 17:00:04.840, 1, 79187, 97871, 99, 462.37
2026/10/10 17:00:04.840, 2, 79943, 97871, 99, 472.82
2026/10/10 17:00:04.840, 3, 79995, 97871, 99, 454.95
2026/10/10 17:00:05.841, 0, 79419, 97871, 99, 449.26
2026/10/10 17:00:05.841, 1, 79187, 97871, 99, 461.42
2026/10/10 17:00:05.841, 2, 79943, 97871, 99, 480.12
2026/10/10 17:00:05.841, 3, 79995, 97871, 99, 455.56
2026/10/10 17:00:06.841, 0, 79419, 97871, 99, 451.65
2026/10/10 17:00:06.841, 1, 79187, 97871, 99, 462.41
2026/10/10 17:00:06.841, 2, 79943, 97871, 99, 471.87
2026/10/10 17:00:06.841, 3, 79995, 97871, 99, 457.13
2026/10/10 17:00:07.841, 0, 79418, 97871, 99, 449.71
2026/10/10 17:00:07.841, 1, 79187, 97871, 99, 460.54
2026/10/10 17:00:07.841, 2, 79942, 97871, 99, 470.53
2026/10/10 17:00:07.841, 3, 79994, 97871, 99, 456.01
2026/10/10 17:00:08.841, 0, 79418, 97871, 99, 448.28
2026/10/10 17:00:08.841, 1, 79187, 97871, 99, 461.39
2026/10/10 17:00:08.841, 2, 79942, 97871, 99, 471.81
2026/10/10 17:00:08.841, 3, 79994, 97871, 92, 455.74
2026/10/10 17:00:09.842, 0, 79418, 97871, 99, 447.59
2026/10/10 17:00:09.842, 1, 79187, 97871, 99, 463.32
2026/10/10 17:00:09.842, 2, 79944, 97871, 99, 467.33
2026/10/10 17:00:09.842, 3, 79994, 97871, 99, 455.93
2026/10/10 17:00:10.842, 0, 79418, 97871, 99, 447.08
2026/10/10 17:00:10.842, 1, 79187, 97871, 99, 464.25
2026/10/10 17:00:10.842, 2, 79944, 97871, 99, 469.99
2026/10/10 17:00:10.842, 3, 79994, 97871, 99, 466.58
2026/10/10 17:00:11.842, 0, 79418, 97871, 99, 447.52
2026/10/10 17:00:11.843, 1, 79187, 97871, 99, 464.98
2026/10/10 17:00:11.843, 2, 79944, 97871, 99, 468.78
2026/10/10 17:00:11.843, 3, 79994, 97871, 99, 458.48
2026/10/10 17:00:12.843, 0, 79418, 97871, 99, 448.51
2026/10/10 17:00:12.843, 1, 79187, 97871, 99, 458.19
2026/10/10 17:00:12.843, 2, 79944, 97871, 99, 468.73
2026/10/10 17:00:12.843, 3, 79994, 97871, 99, 466.32
2026/10/10 17:00:13.843, 0, 79418, 97871, 99, 444.79
2026/10/10 17:00:13.843, 1, 79187, 97871, 99, 463.17
2026/10/10 17:00:13.843, 2, 79944, 97871, 99, 470.71
2026/10/10 17:00:13.843, 3, 79994, 97871, 99, 458.40
2026/10/10 17:00:14.843, 0, 79418, 97871, 99, 445.97
2026/10/10 17:00:14.843, 1, 79187, 97871, 99, 461.64
2026/10/10 17:00:14.843, 2, 79944, 97871, 99, 471.40
2026/10/10 17:00:14.843, 3, 79994, 97871, 99, 455.79
2026/10/10 17:00:15.844, 0, 79418, 97871, 99, 447.18
2026/10/10 17:00:15.844, 1, 79187, 97871, 99, 464.15
2026/10/10 17:00:15.844, 2, 79944, 97871, 91, 468.40
2026/10/10 17:00:15.844, 3, 79994, 97871, 99, 457.63
2026/10/10 17:00:16.844, 0, 79418, 97871, 99, 447.88
2026/10/10 17:00:16.844, 1, 79187, 97871, 99, 464.76
2026/10/10 17:00:16.844, 2, 79944, 97871, 99, 470.77
2026/10/10 17:00:16.844, 3, 79994, 97871, 91, 454.99
2026/10/10 17:00:17.844, 0, 79418, 97871, 99, 448.87
2026/10/10 17:00:17.844, 1, 79187, 97871, 93, 464.78
2026/10/10 17:00:17.844, 2, 79944, 97871, 99, 470.58
2026/10/10 17:00:17.844, 3, 79994, 97871, 99, 457.35
2026/10/10 17:00:18.844, 0, 79418, 97871, 99, 450.41
2026/10/10 17:00:18.844, 1, 79187, 97871, 99, 463.34
2026/10/10 17:00:18.844, 2, 79944, 97871, 99, 467.58
2026/10/10 17:00:18.844, 3, 79994, 97871, 99, 453.82
2026/10/10 17:00:19.844, 0, 79418, 97871, 99, 450.76
2026/10/10 17:00:19.845, 1, 79187, 97871, 99, 464.18
2026/10/10 17:00:19.845, 2, 79944, 97871, 99, 469.15
2026/10/10 17:00:19.845, 3, 79994, 97871, 99, 458.00
2026/10/10 17:00:20.845, 0, 79418, 97871, 99, 445.91
2026/10/10 17:00:20.845, 1, 79187, 97871, 99, 469.01
2026/10/10 17:00:20.845, 2, 79944, 97871, 91, 467.47
2026/10/10 17:00:20.845, 3, 79994, 97871, 99, 461.78
2026/10/10 17:00:21.845, 0, 79418, 97871, 99, 447.99
2026/10/10 17:00:21.845, 1, 79187, 97871, 99, 464.94
2026/10/10 17:00:21.845, 2, 79944, 97871, 99, 469.74
2026/10/10 17:00:21.845, 3, 79994, 97871, 99, 458.32
2026/10/10 17:00:22.845, 0, 79418, 97871, 99, 448.41
2026/10/10 17:00:22.845, 1, 79187, 97871, 99, 461.08
2026/10/10 17:00:22.845, 2, 79944, 97871, 92, 468.31
2026/10/10 17:00:22.845, 3, 79994, 97871, 99, 452.35
2026/10/10 17:00:23.845, 0, 79418, 97871, 99, 445.38
2026/10/10 17:00:23.846, 1, 79187, 97871, 99, 463.47
2026/10/10 17:00:23.846, 2, 79944, 97871, 99, 471.88
2026/10/10 17:00:23.846, 3, 79994, 97871, 99, 454.15
2026/10/10 17:00:24.846, 0, 79418, 97871, 99, 449.44
2026/10/10 17:00:24.846, 1, 79187, 97871, 99, 462.50
2026/10/10 17:00:24.846, 2, 79944, 97871, 99, 470.74
2026/10/10 17:00:24.846, 3, 79994, 97871, 96, 458.78
2026/10/10 17:00:25.846, 0, 79418, 97871, 99, 451.07
2026/10/10 17:00:25.846, 1, 79187, 97871, 99, 464.68
2026/10/10 17:00:25.846, 2, 79944, 97871, 99, 470.83
2026/10/10 17:00:25.846, 3, 79994, 97871, 99, 462.52
2026/10/10 17:00:26.846, 0, 79418, 97871, 99, 451.83
2026/10/10 17:00:26.846, 1, 79187, 97871, 99, 464.15
2026/10/10 17:00:26.846, 2, 79944, 97871, 99, 471.43
2026/10/10 17:00:26.846, 3, 79994, 97871, 99, 463.69
2026/10/10 17:00:27.846, 0, 79418, 97871, 99, 452.39
2026/10/10 17:00:27.846, 1, 79187, 97871, 99, 461.67
2026/10/10 17:00:27.846, 2, 79944, 97871, 99, 467.06
2026/10/10 17:00:27.847, 3, 79994, 97871, 99, 456.35
2026/10/10 17:00:28.847, 0, 79418, 97871, 99, 453.17
2026/10/10 17:00:28.847, 1, 79187, 97871, 99, 463.25
2026/10/10 17:00:28.847, 2, 79944, 97871, 99, 472.12
2026/10/10 17:00:28.847, 3, 79994, 97871, 99, 463.13
2026/10/10 17:00:29.847, 0, 79418, 97871, 99, 448.61
2026/10/10 17:00:29.847, 1, 79187, 97871, 99, 461.23
2026/10/10 17:00:29.847, 2, 79944, 97871, 99, 478.27
2026/10/10 17:00:29.847, 3, 79994, 97871, 99, 453.78
2026/10/10 17:00:30.847, 0, 79418, 97871, 99, 448.94
2026/10/10 17:00:30.847, 1, 79187, 97871, 99, 463.20
2026/10/10 17:00:30.847, 2, 79944, 97871, 99, 477.55
2026/10/10 17:00:30.847, 3, 79994, 97871, 99, 461.68
2026/10/10 17:00:31.847, 0, 79418, 97871, 99, 450.77
2026/10/10 17:00:31.848, 1, 79187, 97871, 99, 468.93
2026/10/10 17:00:31.848, 2, 79944, 97871, 99, 480.07
2026/10/10 17:00:31.848, 3, 79994, 97871, 99, 455.03
2026/10/10 17:00:32.848, 0, 79418, 97871, 99, 452.09
2026/10/10 17:00:32.848, 1, 79187, 97871, 99, 464.82
2026/10/10 17:00:32.848, 2, 79944, 97871, 99, 477.65
2026/10/10 17:00:32.848, 3, 79994, 97871, 99, 458.20
2026/10/10 17:00:33.848, 0, 79418, 97871, 99, 453.50
2026/10/10 17:00:33.848, 1, 79187, 97871, 99, 467.47
2026/10/10 17:00:33.848, 2, 79944, 97871, 99, 475.81
2026/10/10 17:00:33.848, 3, 79994, 97871, 99, 451.15
2026/10/10 17:00:34.848, 0, 79418, 97871, 99, 452.82
2026/10/10 17:00:34.848, 1, 79187, 97871, 99, 465.29
2026/10/10 17:00:34.848, 2, 79944, 97871, 99, 470.29
2026/10/10 17:00:34.848, 3, 79994, 97871, 94, 451.87
2026/10/10 17:00:35.848, 0, 79418, 97871, 99, 447.79
2026/10/10 17:00:35.849, 1, 79187, 97871, 98, 473.02
2026/10/10 17:00:35.849, 2, 79944, 97871, 99, 471.28
2026/10/10 17:00:35.849, 3, 79994, 97871, 99, 455.65
2026/10/10 17:00:36.849, 0, 79418, 97871, 99, 448.02
2026/10/10 17:00:36.849, 1, 79187, 97871, 99, 459.73
2026/10/10 17:00:36.849, 2, 79944, 97871, 99, 471.44
2026/10/10 17:00:36.849, 3, 79994, 97871, 99, 455.92
2026/10/10 17:00:37.849, 0, 79418, 97871, 99, 447.28
2026/10/10 17:00:37.849, 1, 79187, 97871, 99, 459.19
2026/10/10 17:00:37.849, 2, 79944, 97871, 99, 465.20
2026/10/10 17:00:37.849, 3, 79994, 97871, 99, 456.72
2026/10/10 17:00:38.849, 0, 79418, 97871, 99, 447.77
2026/10/10 17:00:38.849, 1, 79187, 97871, 99, 463.92
2026/10/10 17:00:38.849, 2, 79944, 97871, 99, 470.83
2026/10/10 17:00:38.849, 3, 79994, 97871, 99, 453.17
2026/10/10 17:00:39.849, 0, 79418, 97871, 99, 445.98
2026/10/10 17:00:39.849, 1, 79187, 97871, 99, 464.55
2026/10/10 17:00:39.850, 2, 79944, 97871, 99, 468.33
2026/10/10 17:00:39.850, 3, 79994, 97871, 99, 454.38
2026/10/10 17:00:40.850, 0, 79418, 97871, 99, 447.98
2026/10/10 17:00:40.850, 1, 79187, 97871, 99, 464.71
2026/10/10 17:00:40.850, 2, 79944, 97871, 99, 474.71
2026/10/10 17:00:40.850, 3, 79994, 97871, 99, 454.24
2026/10/10 17:00:41.850, 0, 79418, 97871, 99, 448.25
2026/10/10 17:00:41.850, 1, 79187, 97871, 99, 462.03
2026/10/10 17:00:41.850, 2, 79944, 97871, 99, 473.09
2026/10/10 17:00:41.850, 3, 79994, 97871, 99, 475.97
2026/10/10 17:00:42.850, 0, 79418, 97871, 99, 447.62
2026/10/10 17:00:42.850, 1, 79187, 97871, 99, 460.25
2026/10/10 17:00:42.850, 2, 79944, 97871, 99, 475.24
2026/10/10 17:00:42.850, 3, 79994, 97871, 99, 465.98
2026/10/10 17:00:43.850, 0, 79418, 97871, 99, 447.36
2026/10/10 17:00:43.851, 1, 79187, 97871, 99, 459.89
2026/10/10 17:00:43.851, 2, 79944, 97871, 99, 470.49
2026/10/10 17:00:43.851, 3, 79994, 97871, 99, 454.02
2026/10/10 17:00:44.851, 0, 79418, 97871, 99, 447.52
2026/10/10 17:00:44.851, 1, 79187, 97871, 99, 463.04
2026/10/10 17:00:44.851, 2, 79944, 97871, 99, 469.55
2026/10/10 17:00:44.851, 3, 79994, 97871, 99, 457.87
2026/10/10 17:00:45.851, 0, 79418, 97871, 99, 445.89
2026/10/10 17:00:45.851, 1, 79187, 97871, 99, 457.17
2026/10/10 17:00:45.851, 2, 79944, 97871, 99, 469.71
2026/10/10 17:00:45.851, 3, 79994, 97871, 99, 459.10
2026/10/10 17:00:46.851, 0, 79418, 97871, 99, 448.25
2026/10/10 17:00:46.851, 1, 79187, 97871, 99, 461.70
2026/10/10 17:00:46.851, 2, 79944, 97871, 99, 478.87
2026/10/10 17:00:46.851, 3, 79994, 97871, 99, 450.69
2026/10/10 17:00:47.851, 0, 79418, 97871, 99, 448.72
2026/10/10 17:00:47.851, 1, 79187, 97871, 99, 463.63
2026/10/10 17:00:47.851, 2, 79944, 97871, 99, 479.57
2026/10/10 17:00:47.851, 3, 79994, 97871, 99, 461.62
2026/10/10 17:00:48.852, 0, 79418, 97871, 99, 448.63
2026/10/10 17:00:48.852, 1, 79187, 97871, 99, 463.12
2026/10/10 17:00:48.852, 2, 79944, 97871, 99, 479.08
2026/10/10 17:00:48.852, 3, 79994, 97871, 99, 453.89
2026/10/10 17:00:49.852, 0, 79418, 97871, 99, 454.78
2026/10/10 17:00:49.852, 1, 79187, 97871, 99, 464.62
2026/10/10 17:00:49.852, 2, 79944, 97871, 99, 476.06
2026/10/10 17:00:49.852, 3, 79994, 97871, 99, 457.11
2026/10/10 17:00:50.852, 0, 79418, 97871, 99, 452.29
2026/10/10 17:00:50.852, 1, 79187, 97871, 99, 460.33
2026/10/10 17:00:50.852, 2, 79944, 97871, 99, 476.25
2026/10/10 17:00:50.852, 3, 79994, 97871, 91, 457.65
2026/10/10 17:00:51.852, 0, 79418, 97871, 99, 454.20
2026/10/10 17:00:51.852, 1, 79187, 97871, 99, 463.27
2026/10/10 17:00:51.852, 2, 79944, 97871, 99, 470.46
2026/10/10 17:00:51.852, 3, 79994, 97871, 99, 458.68
2026/10/10 17:00:52.853, 0, 79418, 97871, 99, 455.00
2026/10/10 17:00:52.853, 1, 79187, 97871, 99, 464.50
2026/10/10 17:00:52.853, 2, 79944, 97871, 99, 477.61
2026/10/10 17:00:52.853, 3, 79994, 97871, 99, 459.50
2026/10/10 17:00:53.853, 0, 79418, 97871, 99, 454.68
2026/10/10 17:00:53.853, 1, 79187, 97871, 99, 462.95
2026/10/10 17:00:53.853, 2, 79944, 97871, 99, 468.94
2026/10/10 17:00:53.853, 3, 79994, 97871, 99, 464.92
2026/10/10 17:00:54.853, 0, 79418, 97871, 99, 451.87
2026/10/10 17:00:54.853, 1, 79187, 97871, 99, 461.11
2026/10/10 17:00:54.853, 2, 79944, 97871, 99, 474.94
2026/10/10 17:00:54.853, 3, 79994, 97871, 99, 463.52
2026/10/10 17:00:55.853, 0, 79418, 97871, 99, 458.45
2026/10/10 17:00:55.853, 1, 79187, 97871, 99, 461.81
2026/10/10 17:00:55.853, 2, 79944, 97871, 99, 474.98
2026/10/10 17:00:55.853, 3, 79994, 97871, 99, 463.88
2026/10/10 17:00:56.854, 0, 79418, 97871, 99, 453.32
2026/10/10 17:00:56.854, 1, 79187, 97871, 99, 460.60
2026/10/10 17:00:56.854, 2, 79944, 97871, 99, 467.64
2026/10/10 17:00:56.854, 3, 79994, 97871, 99, 456.04
2026/10/10 17:00:57.854, 0, 79418, 97871, 99, 446.45
2026/10/10 17:00:57.854, 1, 79187, 97871, 92, 462.97
2026/10/10 17:00:57.854, 2, 79944, 97871, 99, 465.18
2026/10/10 17:00:57.854, 3, 79994, 97871, 99, 456.45
2026/10/10 17:00:58.854, 0, 79418, 97871, 99, 446.35
2026/10/10 17:00:58.854, 1, 79187, 97871, 99, 462.93
2026/10/10 17:00:58.854, 2, 79944, 97871, 99, 469.11
2026/10/10 17:00:58.854, 3, 79994, 97871, 99, 463.92
2026/10/10 17:00:59.854, 0, 79418, 97871, 99, 447.00
2026/10/10 17:00:59.854, 1, 79187, 97871, 99, 459.36
2026/10/10 17:00:59.854, 2, 79944, 97871, 99, 471.38
2026/10/10 17:00:59.854, 3, 79994, 97871, 99, 459.30
2026/10/10 17:01:00.854, 0, 79418, 97871, 99, 448.30
2026/10/10 17:01:00.855, 1, 79187, 97871, 99, 463.29
2026/10/10 17:01:00.855, 2, 79944, 97871, 99, 471.51
2026/10/10 17:01:00.855, 3, 79994, 97871, 92, 457.32
2026/10/10 17:01:01.855, 0, 79418, 97871, 99, 450.33
2026/10/10 17:01:01.855, 1, 79187, 97871, 99, 463.43
2026/10/10 17:01:01.855, 2, 79944, 97871, 99, 472.89
2026/10/10 17:01:01.855, 3, 79994, 97871, 99, 456.42
2026/10/10 17:01:02.855, 0, 79418, 97871, 99, 451.73
2026/10/10 17:01:02.855, 1, 79187, 97871, 99, 465.17
2026/10/10 17:01:02.855, 2, 79944, 97871, 99, 465.61
2026/10/10 17:01:02.855, 3, 79994, 97871, 99, 458.25
2026/10/10 17:01:03.855, 0, 79418, 97871, 99, 451.61
2026/10/10 17:01:03.855, 1, 79187, 97871, 99, 461.65
2026/10/10 17:01:03.855, 2, 79944, 97871, 99, 467.96
2026/10/10 17:01:03.855, 3, 79994, 97871, 99, 451.76
2026/10/10 17:01:04.856, 0, 79418, 97871, 99, 442.05
2026/10/10 17:01:04.856, 1, 79187, 97871, 99, 461.84
2026/10/10 17:01:04.856, 2, 79944, 97871, 99, 470.86
2026/10/10 17:01:04.856, 3, 79994, 97871, 99, 453.87
2026/10/10 17:01:05.856, 0, 79418, 97871, 99, 448.46
2026/10/10 17:01:05.856, 1, 79187, 97871, 99, 461.58
2026/10/10 17:01:05.856, 2, 79944, 97871, 99, 464.78
2026/10/10 17:01:05.856, 3, 79994, 97871, 99, 464.18
2026/10/10 17:01:06.856, 0, 79418, 97871, 99, 447.56
2026/10/10 17:01:06.856, 1, 79187, 97871, 99, 463.47
2026/10/10 17:01:06.856, 2, 79944, 97871, 100, 489.03
2026/10/10 17:01:06.856, 3, 79994, 97871, 99, 462.14
2026/10/10 17:01:07.856, 0, 79418, 97871, 99, 445.84
2026/10/10 17:01:07.856, 1, 79187, 97871, 99, 462.48
2026/10/10 17:01:07.856, 2, 79944, 97871, 99, 477.23
2026/10/10 17:01:07.856, 3, 79994, 97871, 99, 463.52
2026/10/10 17:01:08.856, 0, 79418, 97871, 99, 448.58
2026/10/10 17:01:08.857, 1, 79187, 97871, 88, 465.82
2026/10/10 17:01:08.857, 2, 79944, 97871, 99, 479.35
2026/10/10 17:01:08.857, 3, 79994, 97871, 99, 457.46
2026/10/10 17:01:09.857, 0, 79418, 97871, 99, 446.00
2026/10/10 17:01:09.857, 1, 79187, 97871, 99, 465.60
2026/10/10 17:01:09.857, 2, 79944, 97871, 99, 473.22
2026/10/10 17:01:09.857, 3, 79994, 97871, 99, 458.97
2026/10/10 17:01:10.857, 0, 79418, 97871, 99, 444.61
2026/10/10 17:01:10.857, 1, 79187, 97871, 99, 471.36
2026/10/10 17:01:10.857, 2, 79944, 97871, 99, 471.40
2026/10/10 17:01:10.857, 3, 79994, 97871, 99, 456.01
2026/10/10 17:01:11.857, 0, 79418, 97871, 99, 447.58
2026/10/10 17:01:11.857, 1, 79187, 97871, 99, 470.84
2026/10/10 17:01:11.857, 2, 79944, 97871, 99, 472.61
2026/10/10 17:01:11.857, 3, 79994, 97871, 91, 454.41
2026/10/10 17:01:12.857, 0, 79418, 97871, 99, 448.15
2026/10/10 17:01:12.858, 1, 79187, 97871, 99, 471.00
2026/10/10 17:01:12.858, 2, 79944, 97871, 99, 470.23
2026/10/10 17:01:12.858, 3, 79994, 97871, 100, 441.05
2026/10/10 17:01:13.858, 0, 79418, 97871, 99, 449.51
2026/10/10 17:01:13.858, 1, 79187, 97871, 99, 468.96
2026/10/10 17:01:13.858, 2, 79944, 97871, 99, 470.34
2026/10/10 17:01:13.858, 3, 79994, 97871, 100, 497.83
2026/10/10 17:01:14.858, 0, 79418, 97871, 99, 450.38
2026/10/10 17:01:14.858, 1, 79187, 97871, 99, 465.65
2026/10/10 17:01:14.858, 2, 79944, 97871, 100, 475.33
2026/10/10 17:01:14.858, 3, 79994, 97871, 99, 483.44
2026/10/10 17:01:15.858, 0, 79418, 97871, 99, 449.37
2026/10/10 17:01:15.858, 1, 79187, 97871, 99, 465.33
2026/10/10 17:01:15.858, 2, 79944, 97871, 91, 471.14
2026/10/10 17:01:15.858, 3, 79994, 97871, 100, 498.36
2026/10/10 17:01:16.858, 0, 79418, 97871, 99, 448.94
2026/10/10 17:01:16.859, 1, 79187, 97871, 99, 465.13
2026/10/10 17:01:16.859, 2, 79944, 97871, 99, 471.33
2026/10/10 17:01:16.859, 3, 79994, 97871, 100, 516.95
2026/10/10 17:01:17.859, 0, 79418, 97871, 99, 447.80
2026/10/10 17:01:17.859, 1, 79187, 97871, 99, 465.66
2026/10/10 17:01:17.859, 2, 79944, 97871, 99, 470.54
2026/10/10 17:01:17.859, 3, 79994, 97871, 96, 520.79
2026/10/10 17:01:18.859, 0, 79418, 97871, 99, 447.61
2026/10/10 17:01:18.859, 1, 79187, 97871, 99, 462.23
2026/10/10 17:01:18.859, 2, 79944, 97871, 99, 469.25
2026/10/10 17:01:18.859, 3, 79994, 97871, 99, 522.38
2026/10/10 17:01:19.859, 0, 79418, 97871, 99, 449.52
2026/10/10 17:01:19.859, 1, 79187, 97871, 99, 459.34
2026/10/10 17:01:19.859, 2, 79944, 97871, 99, 471.64
2026/10/10 17:01:19.859, 3, 79994, 97871, 100, 515.74
2026/10/10 17:01:20.859, 0, 79418, 97871, 93, 447.81
2026/10/10 17:01:20.860, 1, 79187, 97871, 99, 464.01
2026/10/10 17:01:20.860, 2, 79944, 97871, 99, 472.38
2026/10/10 17:01:20.860, 3, 79994, 97871, 100, 515.28
2026/10/10 17:01:21.860, 0, 79418, 97871, 99, 445.66
2026/10/10 17:01:21.860, 1, 79187, 97871, 88, 461.59
2026/10/10 17:01:21.860, 2, 79944, 97871, 99, 467.01
2026/10/10 17:01:21.864, 3, 79994, 97871, 100, 519.87
2026/10/10 17:01:22.864, 0, 79418, 97871, 91, 447.34
2026/10/10 17:01:22.864, 1, 79187, 97871, 99, 464.41
2026/10/10 17:01:22.864, 2, 79944, 97871, 99, 486.05
2026/10/10 17:01:22.864, 3, 79994, 97871, 100, 518.02
2026/10/10 17:01:23.864, 0, 79418, 97871, 99, 449.11
2026/10/10 17:01:23.864, 1, 79187, 97871, 99, 464.07
2026/10/10 17:01:23.864, 2, 79944, 97871, 99, 480.53
2026/10/10 17:01:23.864, 3, 79994, 97871, 100, 517.54
2026/10/10 17:01:24.864, 0, 79418, 97871, 99, 446.68
2026/10/10 17:01:24.864, 1, 79187, 97871, 99, 468.57
2026/10/10 17:01:24.864, 2, 79944, 97871, 99, 480.79
2026/10/10 17:01:24.864, 3, 79994, 97871, 100, 525.13
2026/10/10 17:01:25.864, 0, 79418, 97871, 99, 447.54
2026/10/10 17:01:25.865, 1, 79187, 97871, 99, 466.98
2026/10/10 17:01:25.865, 2, 79944, 97871, 99, 470.31
2026/10/10 17:01:25.865, 3, 79994, 97871, 100, 518.19
2026/10/10 17:01:26.865, 0, 79418, 97871, 99, 448.96
2026/10/10 17:01:26.865, 1, 79187, 97871, 99, 466.77
2026/10/10 17:01:26.865, 2, 79944, 97871, 99, 471.02
2026/10/10 17:01:26.865, 3, 79994, 97871, 100, 517.53
2026/10/10 17:01:27.865, 0, 79418, 97871, 93, 447.99
2026/10/10 17:01:27.865, 1, 79187, 97871, 99, 462.98
2026/10/10 17:01:27.865, 2, 79944, 97871, 99, 468.33
2026/10/10 17:01:27.865, 3, 79994, 97871, 100, 522.74
2026/10/10 17:01:28.865, 0, 79418, 97871, 99, 448.54
2026/10/10 17:01:28.865, 1, 79187, 97871, 99, 459.62
2026/10/10 17:01:28.865, 2, 79944, 97871, 99, 476.98
2026/10/10 17:01:28.865, 3, 79994, 97871, 100, 531.10
2026/10/10 17:01:29.865, 0, 79418, 97871, 99, 448.74
2026/10/10 17:01:29.865, 1, 79187, 97871, 99, 463.61
2026/10/10 17:01:29.866, 2, 79944, 97871, 99, 472.61
2026/10/10 17:01:29.866, 3, 79994, 97871, 100, 521.23
2026/10/10 17:01:30.866, 0, 79418, 97871, 99, 445.22
2026/10/10 17:01:30.866, 1, 79187, 97871, 99, 463.65
2026/10/10 17:01:30.866, 2, 79944, 97871, 99, 472.45
2026/10/10 17:01:30.866, 3, 79994, 97871, 100, 521.76
2026/10/10 17:01:31.866, 0, 79418, 97871, 99, 447.80
2026/10/10 17:01:31.866, 1, 79187, 97871, 99, 463.39
2026/10/10 17:01:31.866, 2, 79944, 97871, 99, 471.66
2026/10/10 17:01:31.874, 3, 79994, 97871, 100, 521.33
2026/10/10 17:01:32.874, 0, 79418, 97871, 99, 448.73
2026/10/10 17:01:32.874, 1, 79187, 97871, 99, 472.17
2026/10/10 17:01:32.874, 2, 79944, 97871, 99, 471.74
2026/10/10 17:01:32.874, 3, 79994, 97871, 100, 520.10
2026/10/10 17:01:33.874, 0, 79418, 97871, 99, 449.06
2026/10/10 17:01:33.875, 1, 79187, 97871, 99, 468.80
2026/10/10 17:01:33.875, 2, 79944, 97871, 87, 469.22
2026/10/10 17:01:33.875, 3, 79994, 97871, 100, 522.29
2026/10/10 17:01:34.875, 0, 79418, 97871, 99, 450.18
2026/10/10 17:01:34.875, 1, 79187, 97871, 99, 469.56
2026/10/10 17:01:34.875, 2, 79944, 97871, 99, 468.03
2026/10/10 17:01:34.875, 3, 79994, 97871, 98, 521.88
2026/10/10 17:01:35.875, 0, 79418, 97871, 99, 452.20
2026/10/10 17:01:35.875, 1, 79187, 97871, 99, 469.61
2026/10/10 17:01:35.875, 2, 79944, 97871, 99, 469.82
2026/10/10 17:01:35.875, 3, 79994, 97871, 100, 516.60
2026/10/10 17:01:36.875, 0, 79418, 97871, 99, 447.11
2026/10/10 17:01:36.875, 1, 79187, 97871, 99, 459.29
2026/10/10 17:01:36.875, 2, 79944, 97871, 99, 484.66
2026/10/10 17:01:36.875, 3, 79994, 97871, 99, 484.93
2026/10/10 17:01:37.875, 0, 79418, 97871, 99, 447.67
2026/10/10 17:01:37.875, 1, 79187, 97871, 90, 469.11
2026/10/10 17:01:37.875, 2, 79944, 97871, 99, 476.42
2026/10/10 17:01:37.876, 3, 79994, 97871, 100, 473.96
2026/10/10 17:01:38.876, 0, 79418, 97871, 99, 448.54
2026/10/10 17:01:38.876, 1, 79187, 97871, 99, 462.60
2026/10/10 17:01:38.876, 2, 79944, 97871, 99, 478.33
2026/10/10 17:01:38.876, 3, 79994, 97871, 100, 517.24
2026/10/10 17:01:39.876, 0, 79418, 97871, 99, 446.92
2026/10/10 17:01:39.876, 1, 79187, 97871, 99, 463.58
2026/10/10 17:01:39.876, 2, 79944, 97871, 83, 473.00
2026/10/10 17:01:39.876, 3, 79994, 97871, 99, 522.17
2026/10/10 17:01:40.876, 0, 79418, 97871, 99, 448.39
2026/10/10 17:01:40.876, 1, 79187, 97871, 99, 467.72
2026/10/10 17:01:40.876, 2, 79944, 97871, 99, 470.78
2026/10/10 17:01:40.876, 3, 79994, 97871, 100, 529.82
2026/10/10 17:01:41.876, 0, 79418, 97871, 99, 448.92
2026/10/10 17:01:41.876, 1, 79187, 97871, 99, 466.55
2026/10/10 17:01:41.877, 2, 79944, 97871, 99, 472.16
2026/10/10 17:01:41.883, 3, 79994, 97871, 97, 495.78
2026/10/10 17:01:42.883, 0, 79418, 97871, 99, 449.72
2026/10/10 17:01:42.883, 1, 79187, 97871, 99, 467.30
2026/10/10 17:01:42.883, 2, 79944, 97871, 99, 469.52
2026/10/10 17:01:42.883, 3, 79994, 97871, 100, 516.66
2026/10/10 17:01:43.883, 0, 79418, 97871, 90, 445.41
2026/10/10 17:01:43.884, 1, 79187, 97871, 99, 467.29
2026/10/10 17:01:43.884, 2, 79944, 97871, 99, 470.48
2026/10/10 17:01:43.884, 3, 79994, 97871, 100, 506.72
2026/10/10 17:01:44.884, 0, 79418, 97871, 100, 457.69
2026/10/10 17:01:44.884, 1, 79187, 97871, 99, 465.60
2026/10/10 17:01:44.884, 2, 79944, 97871, 99, 470.41
2026/10/10 17:01:44.884, 3, 79994, 97871, 100, 507.24
2026/10/10 17:01:45.884, 0, 79418, 97871, 99, 456.84
2026/10/10 17:01:45.884, 1, 79187, 97871, 99, 462.25
2026/10/10 17:01:45.884, 2, 79944, 97871, 77, 455.00
2026/10/10 17:01:45.884, 3, 79994, 97871, 100, 506.98
2026/10/10 17:01:46.884, 0, 79418, 97871, 99, 457.86
2026/10/10 17:01:46.884, 1, 79187, 97871, 99, 463.27
2026/10/10 17:01:46.884, 2, 79944, 97871, 46, 465.17
2026/10/10 17:01:46.884, 3, 79994, 97871, 100, 507.19
2026/10/10 17:01:47.884, 0, 79418, 97871, 99, 458.47
2026/10/10 17:01:47.884, 1, 79187, 97871, 99, 461.61
2026/10/10 17:01:47.885, 2, 79944, 97871, 100, 405.79
2026/10/10 17:01:47.885, 3, 79994, 97871, 100, 510.79
2026/10/10 17:01:48.885, 0, 79418, 97871, 99, 459.52
2026/10/10 17:01:48.885, 1, 79187, 97871, 99, 461.44
2026/10/10 17:01:48.885, 2, 79944, 97871, 99, 491.85
2026/10/10 17:01:48.885, 3, 79994, 97871, 100, 509.89
2026/10/10 17:01:49.885, 0, 79418, 97871, 99, 459.00
2026/10/10 17:01:49.885, 1, 79187, 97871, 99, 464.23
2026/10/10 17:01:49.885, 2, 79944, 97871, 100, 492.40
2026/10/10 17:01:49.885, 3, 79994, 97871, 100, 505.21
2026/10/10 17:01:50.885, 0, 79418, 97871, 99, 454.17
2026/10/10 17:01:50.885, 1, 79187, 97871, 99, 463.62
2026/10/10 17:01:50.885, 2, 79944, 97871, 100, 532.06
2026/10/10 17:01:50.885, 3, 79994, 97871, 100, 511.41
2026/10/10 17:01:51.885, 0, 79418, 97871, 99, 453.81
2026/10/10 17:01:51.885, 1, 79187, 97871, 99, 464.50
2026/10/10 17:01:51.886, 2, 79944, 97871, 100, 517.74
2026/10/10 17:01:51.894, 3, 79994, 97871, 99, 476.92
2026/10/10 17:01:52.894, 0, 79418, 97871, 93, 452.64
2026/10/10 17:01:52.894, 1, 79187, 97871, 91, 465.25
2026/10/10 17:01:52.894, 2, 79944, 97871, 100, 517.73
2026/10/10 17:01:52.894, 3, 79994, 97871, 100, 483.95
2026/10/10 17:01:53.894, 0, 79418, 97871, 99, 449.10
2026/10/10 17:01:53.894, 1, 79187, 97871, 99, 463.38
2026/10/10 17:01:53.894, 2, 79944, 97871, 100, 510.30
2026/10/10 17:01:53.894, 3, 79994, 97871, 100, 511.86
2026/10/10 17:01:54.894, 0, 79418, 97871, 99, 448.65
2026/10/10 17:01:54.895, 1, 79187, 97871, 99, 460.69
2026/10/10 17:01:54.895, 2, 79944, 97871, 100, 515.89
2026/10/10 17:01:54.895, 3, 79994, 97871, 100, 503.99
2026/10/10 17:01:55.895, 0, 79418, 97871, 99, 449.29
2026/10/10 17:01:55.895, 1, 79187, 97871, 99, 463.61
2026/10/10 17:01:55.895, 2, 79944, 97871, 100, 519.02
2026/10/10 17:01:55.895, 3, 79994, 97871, 100, 512.48
2026/10/10 17:01:56.895, 0, 79418, 97871, 99, 450.24
2026/10/10 17:01:56.895, 1, 79187, 97871, 99, 464.35
2026/10/10 17:01:56.895, 2, 79944, 97871, 100, 518.69
2026/10/10 17:01:56.895, 3, 79994, 97871, 100, 518.10
2026/10/10 17:01:57.895, 0, 79418, 97871, 99, 448.82
2026/10/10 17:01:57.895, 1, 79187, 97871, 99, 464.71
2026/10/10 17:01:57.895, 2, 79944, 97871, 100, 519.04
2026/10/10 17:01:57.895, 3, 79994, 97871, 100, 484.70
2026/10/10 17:01:58.895, 0, 79418, 97871, 99, 448.86
2026/10/10 17:01:58.895, 1, 79187, 97871, 99, 461.96
2026/10/10 17:01:58.895, 2, 79944, 97871, 100, 516.08
2026/10/10 17:01:58.896, 3, 79994, 97871, 100, 514.60
2026/10/10 17:01:59.896, 0, 79418, 97871, 99, 449.07
2026/10/10 17:01:59.896, 1, 79187, 97871, 99, 475.35
2026/10/10 17:01:59.896, 2, 79944, 97871, 100, 519.48
2026/10/10 17:01:59.896, 3, 79994, 97871, 100, 502.07
2026/10/10 17:02:00.896, 0, 79418, 97871, 99, 447.35
2026/10/10 17:02:00.896, 1, 79187, 97871, 99, 469.82
2026/10/10 17:02:00.896, 2, 79944, 97871, 100, 525.26
2026/10/10 17:02:00.896, 3, 79994, 97871, 100, 502.26
2026/10/10 17:02:01.896, 0, 79418, 97871, 99, 449.13
2026/10/10 17:02:01.896, 1, 79187, 97871, 99, 469.30
2026/10/10 17:02:01.896, 2, 79944, 97871, 99, 505.01
2026/10/10 17:02:01.900, 3, 79994, 97871, 100, 501.24
2026/10/10 17:02:02.900, 0, 79418, 97871, 100, 449.46
2026/10/10 17:02:02.900, 1, 79187, 97871, 99, 470.08
2026/10/10 17:02:02.900, 2, 79944, 97871, 100, 514.28
2026/10/10 17:02:02.900, 3, 79994, 97871, 100, 499.11
2026/10/10 17:02:03.901, 0, 79418, 97871, 99, 447.86
2026/10/10 17:02:03.901, 1, 79187, 97871, 99, 460.87
2026/10/10 17:02:03.901, 2, 79944, 97871, 100, 531.76
2026/10/10 17:02:03.901, 3, 79994, 97871, 100, 506.16
2026/10/10 17:02:04.901, 0, 79418, 97871, 99, 448.98
2026/10/10 17:02:04.901, 1, 79187, 97871, 99, 463.77
2026/10/10 17:02:04.901, 2, 79944, 97871, 100, 522.56
2026/10/10 17:02:04.901, 3, 79994, 97871, 100, 501.66
2026/10/10 17:02:05.901, 0, 79418, 97871, 99, 448.96
2026/10/10 17:02:05.901, 1, 79187, 97871, 99, 464.45
2026/10/10 17:02:05.901, 2, 79944, 97871, 100, 521.69
2026/10/10 17:02:05.901, 3, 79994, 97871, 100, 498.79
2026/10/10 17:02:06.901, 0, 79418, 97871, 99, 453.33
2026/10/10 17:02:06.901, 1, 79187, 97871, 99, 465.83
2026/10/10 17:02:06.901, 2, 79944, 97871, 100, 526.03
2026/10/10 17:02:06.901, 3, 79994, 97871, 100, 501.35
2026/10/10 17:02:07.902, 0, 79418, 97871, 99, 453.56
2026/10/10 17:02:07.902, 1, 79187, 97871, 91, 462.75
2026/10/10 17:02:07.902, 2, 79944, 97871, 97, 520.45
2026/10/10 17:02:07.902, 3, 79994, 97871, 100, 503.13
2026/10/10 17:02:08.902, 0, 79418, 97871, 99, 454.13
2026/10/10 17:02:08.902, 1, 79186, 97871, 99, 464.27
2026/10/10 17:02:08.902, 2, 79944, 97871, 100, 524.82
2026/10/10 17:02:08.902, 3, 79993, 97871, 100, 502.64
2026/10/10 17:02:09.902, 0, 79418, 97871, 99, 453.96
2026/10/10 17:02:09.902, 1, 79186, 97871, 99, 459.11
2026/10/10 17:02:09.902, 2, 79944, 97871, 97, 521.80
2026/10/10 17:02:09.902, 3, 79993, 97871, 100, 500.62
2026/10/10 17:02:10.902, 0, 79418, 97871, 99, 453.69
2026/10/10 17:02:10.902, 1, 79186, 97871, 99, 468.60
2026/10/10 17:02:10.902, 2, 79944, 97871, 100, 520.22
2026/10/10 17:02:10.902, 3, 79993, 97871, 100, 501.90
2026/10/10 17:02:11.903, 0, 79418, 97871, 99, 447.85
2026/10/10 17:02:11.903, 1, 79186, 97871, 99, 467.24
2026/10/10 17:02:11.903, 2, 79944, 97871, 99, 518.33
2026/10/10 17:02:11.915, 3, 79993, 97871, 100, 507.95
2026/10/10 17:02:12.915, 0, 79418, 97871, 99, 446.85
2026/10/10 17:02:12.916, 1, 79186, 97871, 99, 464.24
2026/10/10 17:02:12.916, 2, 79944, 97871, 100, 535.97
2026/10/10 17:02:12.916, 3, 79993, 97871, 100, 518.20
2026/10/10 17:02:13.916, 0, 79418, 97871, 99, 447.42
2026/10/10 17:02:13.916, 1, 79186, 97871, 98, 464.65
2026/10/10 17:02:13.916, 2, 79944, 97871, 100, 522.65
2026/10/10 17:02:13.916, 3, 79993, 97871, 100, 411.41
2026/10/10 17:02:14.916, 0, 79418, 97871, 99, 449.03
2026/10/10 17:02:14.916, 1, 79186, 97871, 99, 463.59
2026/10/10 17:02:14.916, 2, 79944, 97871, 43, 413.07
2026/10/10 17:02:14.916, 3, 79993, 97871, 100, 532.80
2026/10/10 17:02:15.916, 0, 79418, 97871, 90, 445.91
2026/10/10 17:02:15.916, 1, 79186, 97871, 99, 462.57
2026/10/10 17:02:15.916, 2, 79944, 97871, 99, 436.74
2026/10/10 17:02:15.916, 3, 79993, 97871, 100, 524.22
2026/10/10 17:02:16.916, 0, 79418, 97871, 99, 448.55
2026/10/10 17:02:16.917, 1, 79186, 97871, 99, 463.32
2026/10/10 17:02:16.917, 2, 79944, 97871, 4, 444.56
2026/10/10 17:02:16.917, 3, 79993, 97871, 100, 503.06
2026/10/10 17:02:17.917, 0, 79418, 97871, 99, 448.66
2026/10/10 17:02:17.917, 1, 79186, 97871, 99, 464.23
2026/10/10 17:02:17.917, 2, 79944, 97871, 100, 539.70
2026/10/10 17:02:17.917, 3, 79993, 97871, 100, 499.27
2026/10/10 17:02:18.917, 0, 79418, 97871, 99, 460.66
2026/10/10 17:02:18.917, 1, 79186, 97871, 99, 466.92
2026/10/10 17:02:18.917, 2, 79944, 97871, 52, 398.84
2026/10/10 17:02:18.917, 3, 79993, 97871, 100, 504.96
2026/10/10 17:02:19.917, 0, 79418, 97871, 99, 457.60
2026/10/10 17:02:19.917, 1, 79186, 97871, 99, 461.89
2026/10/10 17:02:19.917, 2, 79944, 97871, 51, 413.97
2026/10/10 17:02:19.917, 3, 79993, 97871, 100, 503.23
2026/10/10 17:02:20.917, 0, 79418, 97871, 99, 457.71
2026/10/10 17:02:20.918, 1, 79186, 97871, 89, 472.32
2026/10/10 17:02:20.918, 2, 79944, 97871, 75, 526.14
2026/10/10 17:02:20.918, 3, 79993, 97871, 100, 516.39
2026/10/10 17:02:21.918, 0, 79418, 97871, 99, 458.85
2026/10/10 17:02:21.918, 1, 79186, 97871, 99, 467.27
2026/10/10 17:02:21.918, 2, 79944, 97871, 59, 372.33
2026/10/10 17:02:21.922, 3, 79993, 97871, 100, 503.97
2026/10/10 17:02:22.923, 0, 79418, 97871, 99, 457.09
2026/10/10 17:02:22.923, 1, 79186, 97871, 99, 469.62
2026/10/10 17:02:22.923, 2, 79944, 97871, 61, 336.30
2026/10/10 17:02:22.923, 3, 79993, 97871, 100, 528.26
2026/10/10 17:02:23.923, 0, 79418, 97871, 99, 450.33
2026/10/10 17:02:23.923, 1, 79186, 97871, 99, 469.96
2026/10/10 17:02:23.923, 2, 79944, 97871, 100, 507.82
2026/10/10 17:02:23.923, 3, 79993, 97871, 100, 519.99
2026/10/10 17:02:24.923, 0, 79418, 97871, 99, 448.66
2026/10/10 17:02:24.923, 1, 79186, 97871, 99, 462.45
2026/10/10 17:02:24.923, 2, 79944, 97871, 100, 519.92
2026/10/10 17:02:24.923, 3, 79993, 97871, 100, 508.14
2026/10/10 17:02:25.923, 0, 79418, 97871, 99, 448.67
2026/10/10 17:02:25.923, 1, 79186, 97871, 99, 463.65
2026/10/10 17:02:25.923, 2, 79944, 97871, 100, 519.84
2026/10/10 17:02:25.923, 3, 79993, 97871, 100, 499.38
2026/10/10 17:02:26.924, 0, 79418, 97871, 99, 451.98
2026/10/10 17:02:26.924, 1, 79186, 97871, 99, 463.80
2026/10/10 17:02:26.924, 2, 79944, 97871, 86, 524.22
2026/10/10 17:02:26.924, 3, 79993, 97871, 100, 503.03
2026/10/10 17:02:27.924, 0, 79418, 97871, 99, 452.58
2026/10/10 17:02:27.924, 1, 79186, 97871, 99, 461.79
2026/10/10 17:02:27.924, 2, 79944, 97871, 96, 519.64
2026/10/10 17:02:27.924, 3, 79993, 97871, 100, 501.89
2026/10/10 17:02:28.924, 0, 79418, 97871, 99, 448.65
2026/10/10 17:02:28.924, 1, 79186, 97871, 99, 464.19
2026/10/10 17:02:28.924, 2, 79944, 97871, 100, 516.45
2026/10/10 17:02:28.924, 3, 79993, 97871, 100, 506.02
2026/10/10 17:02:29.924, 0, 79418, 97871, 99, 449.45
2026/10/10 17:02:29.924, 1, 79186, 97871, 99, 468.98
2026/10/10 17:02:29.924, 2, 79944, 97871, 100, 522.84
2026/10/10 17:02:29.924, 3, 79993, 97871, 100, 507.23
2026/10/10 17:02:30.925, 0, 79418, 97871, 99, 457.09
2026/10/10 17:02:30.925, 1, 79186, 97871, 99, 469.61
2026/10/10 17:02:30.925, 2, 79944, 97871, 100, 527.52
2026/10/10 17:02:30.925, 3, 79993, 97871, 100, 504.64
2026/10/10 17:02:31.925, 0, 79418, 97871, 99, 453.68
2026/10/10 17:02:31.925, 1, 79186, 97871, 99, 466.65
2026/10/10 17:02:31.925, 2, 79944, 97871, 100, 518.40
2026/10/10 17:02:31.932, 3, 79993, 97871, 100, 501.27
2026/10/10 17:02:32.932, 0, 79418, 97871, 99, 453.50
2026/10/10 17:02:32.932, 1, 79186, 97871, 99, 465.67
2026/10/10 17:02:32.932, 2, 79944, 97871, 52, 424.50
2026/10/10 17:02:32.932, 3, 79993, 97871, 100, 505.20
2026/10/10 17:02:33.933, 0, 79418, 97871, 99, 453.90
2026/10/10 17:02:33.933, 1, 79186, 97871, 99, 463.68
2026/10/10 17:02:33.933, 2, 79944, 97871, 98, 390.22
2026/10/10 17:02:33.933, 3, 79993, 97871, 100, 501.76
2026/10/10 17:02:34.933, 0, 79418, 97871, 99, 455.07
2026/10/10 17:02:34.933, 1, 79186, 97871, 99, 463.20
2026/10/10 17:02:34.933, 2, 79944, 97871, 100, 471.85
2026/10/10 17:02:34.933, 3, 79993, 97871, 100, 501.22
2026/10/10 17:02:35.933, 0, 79418, 97871, 99, 452.47
2026/10/10 17:02:35.933, 1, 79186, 97871, 99, 464.44
2026/10/10 17:02:35.933, 2, 80606, 97871, 99, 443.31
2026/10/10 17:02:35.933, 3, 79993, 97871, 100, 502.34
2026/10/10 17:02:36.933, 0, 79418, 97871, 99, 448.39
2026/10/10 17:02:36.933, 1, 79186, 97871, 99, 464.58
2026/10/10 17:02:36.933, 2, 80606, 97871, 100, 545.72
2026/10/10 17:02:36.933, 3, 79993, 97871, 100, 508.10
2026/10/10 17:02:37.934, 0, 79418, 97871, 99, 446.49
2026/10/10 17:02:37.934, 1, 79186, 97871, 88, 461.43
2026/10/10 17:02:37.934, 2, 80606, 97871, 68, 472.59
2026/10/10 17:02:37.934, 3, 79993, 97871, 100, 505.63
2026/10/10 17:02:38.934, 0, 79418, 97871, 99, 448.30
2026/10/10 17:02:38.934, 1, 79186, 97871, 89, 462.16
2026/10/10 17:02:38.934, 2, 80606, 97871, 86, 453.41
2026/10/10 17:02:38.934, 3, 79993, 97871, 100, 507.99
2026/10/10 17:02:39.934, 0, 79418, 97871, 87, 444.92
2026/10/10 17:02:39.934, 1, 79186, 97871, 99, 463.54
2026/10/10 17:02:39.934, 2, 80606, 97871, 87, 461.73
2026/10/10 17:02:39.934, 3, 79993, 97871, 100, 506.66
2026/10/10 17:02:40.934, 0, 79418, 97871, 99, 449.49
2026/10/10 17:02:40.934, 1, 79186, 97871, 99, 471.85
2026/10/10 17:02:40.934, 2, 80606, 97871, 52, 441.81
2026/10/10 17:02:40.934, 3, 79993, 97871, 100, 499.64
2026/10/10 17:02:41.935, 0, 79418, 97871, 99, 447.78
2026/10/10 17:02:41.935, 1, 79186, 97871, 99, 467.38
2026/10/10 17:02:41.935, 2, 80606, 97871, 100, 455.51
2026/10/10 17:02:41.941, 3, 79993, 97871, 100, 502.86
2026/10/10 17:02:42.941, 0, 79418, 97871, 99, 446.82
2026/10/10 17:02:42.941, 1, 79186, 97871, 99, 467.74
2026/10/10 17:02:42.941, 2, 80606, 97871, 41, 335.73
2026/10/10 17:02:42.941, 3, 79993, 97871, 100, 504.64
2026/10/10 17:02:43.941, 0, 79418, 97871, 99, 447.69
2026/10/10 17:02:43.942, 1, 79186, 97871, 99, 468.44
2026/10/10 17:02:43.942, 2, 80606, 97871, 100, 513.15
2026/10/10 17:02:43.942, 3, 79993, 97871, 100, 506.12
2026/10/10 17:02:44.942, 0, 79418, 97871, 99, 447.85
2026/10/10 17:02:44.942, 1, 79186, 97871, 87, 468.72
2026/10/10 17:02:44.942, 2, 80606, 97871, 100, 521.95
2026/10/10 17:02:44.942, 3, 79993, 97871, 100, 499.40
2026/10/10 17:02:45.942, 0, 79418, 97871, 99, 449.37
2026/10/10 17:02:45.942, 1, 79186, 97871, 99, 464.16
2026/10/10 17:02:45.942, 2, 80606, 97871, 100, 522.21
2026/10/10 17:02:45.942, 3, 79993, 97871, 100, 503.39
2026/10/10 17:02:46.942, 0, 79418, 97871, 99, 451.15
2026/10/10 17:02:46.942, 1, 79186, 97871, 99, 464.50
2026/10/10 17:02:46.942, 2, 80606, 97871, 100, 523.35
2026/10/10 17:02:46.942, 3, 79993, 97871, 100, 501.67
2026/10/10 17:02:47.942, 0, 79417, 97871, 99, 452.16
2026/10/10 17:02:47.943, 1, 79186, 97871, 99, 466.93
2026/10/10 17:02:47.943, 2, 80606, 97871, 100, 516.71
2026/10/10 17:02:47.943, 3, 79993, 97871, 100, 502.43
2026/10/10 17:02:48.943, 0, 79417, 97871, 99, 444.53
2026/10/10 17:02:48.943, 1, 79186, 97871, 99, 462.51
2026/10/10 17:02:48.943, 2, 80606, 97871, 100, 517.97
2026/10/10 17:02:48.943, 3, 79993, 97871, 100, 518.31
2026/10/10 17:02:49.943, 0, 79417, 97871, 99, 447.76
2026/10/10 17:02:49.943, 1, 79186, 97871, 99, 464.51
2026/10/10 17:02:49.943, 2, 80606, 97871, 100, 523.88
2026/10/10 17:02:49.943, 3, 79993, 97871, 100, 436.38
2026/10/10 17:02:50.943, 0, 79417, 97871, 100, 448.02
2026/10/10 17:02:50.943, 1, 79186, 97871, 99, 462.82
2026/10/10 17:02:50.943, 2, 80606, 97871, 100, 521.24
2026/10/10 17:02:50.943, 3, 79993, 97871, 100, 527.38
2026/10/10 17:02:51.944, 0, 79417, 97871, 99, 446.30
2026/10/10 17:02:51.944, 1, 79186, 97871, 99, 464.95
2026/10/10 17:02:51.944, 2, 80606, 97871, 88, 512.49
2026/10/10 17:02:51.962, 3, 80605, 97871, 100, 528.07
2026/10/10 17:02:52.962, 0, 79417, 97871, 99, 448.13
2026/10/10 17:02:52.962, 1, 79186, 97871, 99, 463.61
2026/10/10 17:02:52.962, 2, 80606, 97871, 100, 525.86
2026/10/10 17:02:52.962, 3, 81361, 97871, 100, 522.17
2026/10/10 17:02:53.963, 0, 79417, 97871, 99, 448.20
2026/10/10 17:02:53.963, 1, 79186, 97871, 96, 426.46
2026/10/10 17:02:53.963, 2, 80606, 97871, 100, 518.33
2026/10/10 17:02:53.963, 3, 81361, 97871, 100, 523.91
2026/10/10 17:02:54.963, 0, 79417, 97871, 99, 448.94
2026/10/10 17:02:54.963, 1, 79186, 97871, 100, 492.10
2026/10/10 17:02:54.963, 2, 80606, 97871, 100, 523.05
2026/10/10 17:02:54.963, 3, 81361, 97871, 100, 505.11
2026/10/10 17:02:55.963, 0, 79417, 97871, 99, 446.55
2026/10/10 17:02:55.963, 1, 79186, 97871, 99, 480.53
2026/10/10 17:02:55.963, 2, 80606, 97871, 100, 524.17
2026/10/10 17:02:55.963, 3, 81361, 97871, 100, 504.40
2026/10/10 17:02:56.963, 0, 79417, 97871, 99, 452.89
2026/10/10 17:02:56.964, 1, 79186, 97871, 99, 477.24
2026/10/10 17:02:56.964, 2, 80606, 97871, 90, 508.76
2026/10/10 17:02:56.964, 3, 81361, 97871, 97, 502.52
2026/10/10 17:02:57.964, 0, 79417, 97871, 99, 459.48
2026/10/10 17:02:57.964, 1, 79186, 97871, 100, 473.77
2026/10/10 17:02:57.964, 2, 80606, 97871, 90, 499.71
2026/10/10 17:02:57.964, 3, 81361, 97871, 100, 501.01
2026/10/10 17:02:58.964, 0, 79417, 97871, 99, 458.06
2026/10/10 17:02:58.964, 1, 79186, 97871, 100, 497.24
2026/10/10 17:02:58.964, 2, 80606, 97871, 56, 444.92
2026/10/10 17:02:58.964, 3, 81361, 97871, 100, 500.75
2026/10/10 17:02:59.964, 0, 79417, 97871, 99, 457.26
2026/10/10 17:02:59.964, 1, 79186, 97871, 100, 499.86
2026/10/10 17:02:59.965, 2, 80606, 97871, 42, 389.91
2026/10/10 17:02:59.965, 3, 81361, 97871, 100, 501.13
2026/10/10 17:03:00.965, 0, 79417, 97871, 99, 458.01
2026/10/10 17:03:00.965, 1, 79186, 97871, 100, 513.29
2026/10/10 17:03:00.965, 2, 80606, 97871, 99, 362.79
2026/10/10 17:03:00.965, 3, 81361, 97871, 100, 498.47
2026/10/10 17:03:01.965, 0, 79417, 97871, 99, 458.07
2026/10/10 17:03:01.965, 1, 79186, 97871, 100, 507.67
2026/10/10 17:03:01.965, 2, 80606, 97871, 100, 471.76
2026/10/10 17:03:01.973, 3, 81361, 97871, 100, 502.91
2026/10/10 17:03:02.973, 0, 79417, 97871, 99, 458.78
2026/10/10 17:03:02.973, 1, 79186, 97871, 100, 499.23
2026/10/10 17:03:02.973, 2, 80606, 97871, 100, 542.28
2026/10/10 17:03:02.973, 3, 81361, 97871, 100, 506.83
2026/10/10 17:03:03.973, 0, 79417, 97871, 99, 445.47
2026/10/10 17:03:03.973, 1, 79186, 97871, 100, 498.23
2026/10/10 17:03:03.974, 2, 80606, 97871, 100, 527.90
2026/10/10 17:03:03.974, 3, 81361, 97871, 100, 472.80
2026/10/10 17:03:04.974, 0, 79417, 97871, 99, 447.57
2026/10/10 17:03:04.974, 1, 79186, 97871, 100, 489.69
2026/10/10 17:03:04.974, 2, 80606, 97871, 100, 518.39
2026/10/10 17:03:04.974, 3, 81361, 97871, 100, 527.47
2026/10/10 17:03:05.974, 0, 79417, 97871, 99, 449.14
2026/10/10 17:03:05.974, 1, 79186, 97871, 100, 503.28
2026/10/10 17:03:05.974, 2, 80606, 97871, 97, 519.73
2026/10/10 17:03:05.974, 3, 81361, 97871, 100, 530.36
2026/10/10 17:03:06.974, 0, 79417, 97871, 99, 449.49
2026/10/10 17:03:06.974, 1, 79186, 97871, 100, 496.12
2026/10/10 17:03:06.974, 2, 80606, 97871, 66, 502.07
2026/10/10 17:03:06.974, 3, 81361, 97871, 100, 529.06
2026/10/10 17:03:07.974, 0, 79417, 97871, 99, 450.62
2026/10/10 17:03:07.975, 1, 79186, 97871, 100, 498.91
2026/10/10 17:03:07.975, 2, 80606, 97871, 78, 500.53
2026/10/10 17:03:07.975, 3, 81361, 97871, 100, 518.11
2026/10/10 17:03:08.975, 0, 79417, 97871, 99, 451.93
2026/10/10 17:03:08.975, 1, 79186, 97871, 100, 502.20
2026/10/10 17:03:08.975, 2, 80606, 97871, 55, 452.81
2026/10/10 17:03:08.975, 3, 81361, 97871, 100, 511.11
2026/10/10 17:03:09.975, 0, 79417, 97871, 99, 447.32
2026/10/10 17:03:09.975, 1, 79186, 97871, 100, 499.13
2026/10/10 17:03:09.975, 2, 80606, 97871, 77, 431.27
2026/10/10 17:03:09.975, 3, 81361, 97871, 100, 502.38
2026/10/10 17:03:10.975, 0, 79417, 97871, 99, 448.66
2026/10/10 17:03:10.975, 1, 79186, 97871, 100, 494.51
2026/10/10 17:03:10.976, 2, 80606, 97871, 100, 420.42
2026/10/10 17:03:10.976, 3, 81361, 97871, 100, 505.21
2026/10/10 17:03:11.976, 0, 79417, 97871, 99, 445.68
2026/10/10 17:03:11.976, 1, 79186, 97871, 100, 497.22
2026/10/10 17:03:11.976, 2, 80606, 97871, 100, 540.53
2026/10/10 17:03:11.979, 3, 81361, 97871, 100, 506.52
2026/10/10 17:03:12.979, 0, 79417, 97871, 99, 448.03
2026/10/10 17:03:12.980, 1, 79186, 97871, 100, 505.35
2026/10/10 17:03:12.980, 2, 80606, 97871, 100, 530.83
2026/10/10 17:03:12.980, 3, 81361, 97871, 100, 502.85
2026/10/10 17:03:13.980, 0, 79417, 97871, 99, 453.25
2026/10/10 17:03:13.980, 1, 79186, 97871, 100, 498.65
2026/10/10 17:03:13.980, 2, 80606, 97871, 100, 521.84
2026/10/10 17:03:13.980, 3, 81361, 97871, 100, 510.63
2026/10/10 17:03:14.980, 0, 79417, 97871, 99, 453.79
2026/10/10 17:03:14.980, 1, 79186, 97871, 100, 494.70
2026/10/10 17:03:14.980, 2, 80606, 97871, 100, 519.46
2026/10/10 17:03:14.980, 3, 81361, 97871, 100, 511.08
2026/10/10 17:03:15.980, 0, 79417, 97871, 91, 450.55
2026/10/10 17:03:15.980, 1, 79186, 97871, 99, 499.68
2026/10/10 17:03:15.980, 2, 80606, 97871, 100, 522.28
2026/10/10 17:03:15.980, 3, 81361, 97871, 100, 507.18
2026/10/10 17:03:16.981, 0, 79417, 97871, 99, 449.18
2026/10/10 17:03:16.981, 1, 79186, 97871, 100, 500.32
2026/10/10 17:03:16.981, 2, 80606, 97871, 97, 519.73
2026/10/10 17:03:16.981, 3, 81361, 97871, 100, 512.27
2026/10/10 17:03:17.981, 0, 79417, 97871, 99, 449.38
2026/10/10 17:03:17.981, 1, 79186, 97871, 100, 498.37
2026/10/10 17:03:17.981, 2, 80606, 97871, 100, 522.29
2026/10/10 17:03:17.981, 3, 81361, 97871, 100, 509.29
2026/10/10 17:03:18.981, 0, 79417, 97871, 99, 448.17
2026/10/10 17:03:18.981, 1, 79186, 97871, 100, 494.24
2026/10/10 17:03:18.981, 2, 80606, 97871, 100, 521.19
2026/10/10 17:03:18.981, 3, 81361, 97871, 100, 502.35
2026/10/10 17:03:19.981, 0, 79417, 97871, 99, 450.32
2026/10/10 17:03:19.981, 1, 79186, 97871, 100, 504.45
2026/10/10 17:03:19.981, 2, 80606, 97871, 100, 524.02
2026/10/10 17:03:19.982, 3, 81361, 97871, 100, 506.65
2026/10/10 17:03:20.982, 0, 79417, 97871, 99, 451.96
2026/10/10 17:03:20.982, 1, 79186, 97871, 100, 507.18
2026/10/10 17:03:20.982, 2, 80606, 97871, 100, 522.83
2026/10/10 17:03:20.982, 3, 81361, 97871, 100, 509.67
2026/10/10 17:03:21.982, 0, 79417, 97871, 99, 446.77
2026/10/10 17:03:21.982, 1, 79186, 97871, 100, 501.39
2026/10/10 17:03:21.982, 2, 80606, 97871, 100, 521.64
2026/10/10 17:03:21.993, 3, 81363, 97871, 100, 511.58
2026/10/10 17:03:22.994, 0, 79417, 97871, 99, 448.87
2026/10/10 17:03:22.994, 1, 79186, 97871, 100, 500.62
2026/10/10 17:03:22.994, 2, 80606, 97871, 100, 519.73
2026/10/10 17:03:22.994, 3, 81363, 97871, 100, 511.62
2026/10/10 17:03:23.994, 0, 79417, 97871, 99, 448.15
2026/10/10 17:03:23.994, 1, 79186, 97871, 100, 504.29
2026/10/10 17:03:23.994, 2, 80606, 97871, 100, 522.53
2026/10/10 17:03:23.994, 3, 81363, 97871, 100, 505.35
2026/10/10 17:03:24.994, 0, 79417, 97871, 99, 448.47
2026/10/10 17:03:24.994, 1, 79186, 97871, 100, 501.60
2026/10/10 17:03:24.994, 2, 80606, 97871, 100, 522.10
2026/10/10 17:03:24.994, 3, 81363, 97871, 100, 503.88
2026/10/10 17:03:25.994, 0, 79417, 97871, 99, 451.43
2026/10/10 17:03:25.995, 1, 79186, 97871, 100, 497.69
2026/10/10 17:03:25.995, 2, 80606, 97871, 100, 522.41
2026/10/10 17:03:25.995, 3, 81363, 97871, 100, 506.04
2026/10/10 17:03:26.995, 0, 79417, 97871, 99, 451.77
2026/10/10 17:03:26.995, 1, 79186, 97871, 100, 502.25
2026/10/10 17:03:26.995, 2, 80606, 97871, 100, 522.79
2026/10/10 17:03:26.995, 3, 81363, 97871, 100, 510.96
2026/10/10 17:03:27.995, 0, 79417, 97871, 99, 446.13
2026/10/10 17:03:27.995, 1, 79186, 97871, 100, 502.84
2026/10/10 17:03:27.995, 2, 80606, 97871, 100, 522.87
2026/10/10 17:03:27.995, 3, 81363, 97871, 100, 507.53
2026/10/10 17:03:28.995, 0, 79417, 97871, 99, 451.25
2026/10/10 17:03:28.996, 1, 79186, 97871, 100, 503.53
2026/10/10 17:03:28.996, 2, 80606, 97871, 100, 522.38
2026/10/10 17:03:28.996, 3, 81363, 97871, 100, 509.97
2026/10/10 17:03:29.996, 0, 79417, 97871, 99, 461.19
2026/10/10 17:03:29.996, 1, 79186, 97871, 100, 502.33
2026/10/10 17:03:29.996, 2, 80606, 97871, 100, 516.80
2026/10/10 17:03:29.996, 3, 81363, 97871, 100, 511.39
2026/10/10 17:03:30.996, 0, 79417, 97871, 99, 458.39
2026/10/10 17:03:30.996, 1, 79186, 97871, 100, 501.66
2026/10/10 17:03:30.996, 2, 80606, 97871, 100, 522.09
2026/10/10 17:03:30.996, 3, 81363, 97871, 100, 510.05
2026/10/10 17:03:31.996, 0, 79417, 97871, 99, 458.54
2026/10/10 17:03:31.996, 1, 79186, 97871, 100, 497.37
2026/10/10 17:03:31.997, 2, 80606, 97871, 100, 520.32
2026/10/10 17:03:32.000, 3, 81363, 97871, 100, 508.16
2026/10/10 17:03:33.000, 0, 79417, 97871, 99, 459.16
2026/10/10 17:03:33.001, 1, 79186, 97871, 99, 476.86
2026/10/10 17:03:33.001, 2, 80606, 97871, 100, 521.00
2026/10/10 17:03:33.001, 3, 81363, 97871, 100, 507.55
2026/10/10 17:03:34.001, 0, 79417, 97871, 99, 459.29
2026/10/10 17:03:34.001, 1, 79186, 97871, 1, 419.31
2026/10/10 17:03:34.001, 2, 80606, 97871, 100, 520.74
2026/10/10 17:03:34.001, 3, 81363, 97871, 100, 508.95
2026/10/10 17:03:35.001, 0, 79417, 97871, 99, 445.65
2026/10/10 17:03:35.001, 1, 79814, 97871, 100, 497.04
2026/10/10 17:03:35.001, 2, 80606, 97871, 100, 524.19
2026/10/10 17:03:35.001, 3, 81363, 97871, 100, 509.95
2026/10/10 17:03:36.001, 0, 79417, 97871, 99, 448.84
2026/10/10 17:03:36.001, 1, 79814, 97871, 100, 534.36
2026/10/10 17:03:36.002, 2, 80606, 97871, 100, 514.04
2026/10/10 17:03:36.002, 3, 81363, 97871, 100, 512.79
2026/10/10 17:03:37.002, 0, 79417, 97871, 99, 448.08
2026/10/10 17:03:37.002, 1, 79814, 97871, 100, 532.75
2026/10/10 17:03:37.002, 2, 80606, 97871, 58, 490.61
2026/10/10 17:03:37.002, 3, 81363, 97871, 100, 507.71
2026/10/10 17:03:38.002, 0, 79417, 97871, 99, 449.32
2026/10/10 17:03:38.002, 1, 79814, 97871, 100, 531.33
2026/10/10 17:03:38.002, 2, 80606, 97871, 53, 436.56
2026/10/10 17:03:38.002, 3, 81363, 97871, 100, 509.46
2026/10/10 17:03:39.002, 0, 79417, 97871, 99, 447.09
2026/10/10 17:03:39.002, 1, 79814, 97871, 100, 511.10
2026/10/10 17:03:39.002, 2, 80606, 97871, 100, 416.02
2026/10/10 17:03:39.002, 3, 81363, 97871, 100, 506.63
2026/10/10 17:03:40.003, 0, 79417, 97871, 99, 448.67
2026/10/10 17:03:40.003, 1, 79814, 97871, 60, 477.77
2026/10/10 17:03:40.003, 2, 80606, 97871, 100, 351.24
2026/10/10 17:03:40.003, 3, 81363, 97871, 100, 511.17
2026/10/10 17:03:41.003, 0, 79417, 97871, 99, 449.02
2026/10/10 17:03:41.003, 1, 79813, 97871, 100, 526.57
2026/10/10 17:03:41.003, 2, 80606, 97871, 100, 452.47
2026/10/10 17:03:41.003, 3, 81363, 97871, 100, 508.52
2026/10/10 17:03:42.003, 0, 79417, 97871, 99, 454.21
2026/10/10 17:03:42.003, 1, 79813, 97871, 100, 527.29
2026/10/10 17:03:42.003, 2, 80606, 97871, 100, 539.98
2026/10/10 17:03:42.010, 3, 81363, 97871, 100, 512.48
2026/10/10 17:03:43.010, 0, 79417, 97871, 99, 454.31
2026/10/10 17:03:43.010, 1, 79813, 97871, 100, 516.15
2026/10/10 17:03:43.010, 2, 80606, 97871, 100, 535.14
2026/10/10 17:03:43.010, 3, 81363, 97871, 100, 506.51
2026/10/10 17:03:44.010, 0, 79417, 97871, 99, 449.49
2026/10/10 17:03:44.010, 1, 79813, 97871, 100, 526.36
2026/10/10 17:03:44.010, 2, 80606, 97871, 100, 537.24
2026/10/10 17:03:44.011, 3, 81363, 97871, 100, 507.16
2026/10/10 17:03:45.011, 0, 79417, 97871, 99, 448.89
2026/10/10 17:03:45.011, 1, 79813, 97871, 100, 524.01
2026/10/10 17:03:45.011, 2, 80606, 97871, 100, 525.83
2026/10/10 17:03:45.011, 3, 81363, 97871, 100, 506.93
2026/10/10 17:03:46.011, 0, 79417, 97871, 86, 449.11
2026/10/10 17:03:46.011, 1, 79813, 97871, 100, 519.90
2026/10/10 17:03:46.011, 2, 80606, 97871, 100, 515.25
2026/10/10 17:03:46.011, 3, 81363, 97871, 100, 514.83
2026/10/10 17:03:47.011, 0, 79417, 97871, 99, 448.46
2026/10/10 17:03:47.012, 1, 79813, 97871, 99, 514.45
2026/10/10 17:03:47.012, 2, 80606, 97871, 87, 506.68
2026/10/10 17:03:47.012, 3, 81363, 97871, 100, 509.60
2026/10/10 17:03:48.012, 0, 79417, 97871, 92, 447.73
2026/10/10 17:03:48.012, 1, 79813, 97871, 100, 524.43
2026/10/10 17:03:48.012, 2, 80606, 97871, 79, 485.55
2026/10/10 17:03:48.012, 3, 81363, 97871, 100, 509.88
2026/10/10 17:03:49.012, 0, 79417, 97871, 99, 449.40
2026/10/10 17:03:49.012, 1, 79813, 97871, 100, 526.68
2026/10/10 17:03:49.012, 2, 80606, 97871, 65, 484.34
2026/10/10 17:03:49.012, 3, 81363, 97871, 100, 503.70
2026/10/10 17:03:50.012, 0, 79417, 97871, 99, 449.16
2026/10/10 17:03:50.013, 1, 79813, 97871, 100, 517.58
2026/10/10 17:03:50.013, 2, 80606, 97871, 100, 521.77
2026/10/10 17:03:50.013, 3, 81363, 97871, 90, 500.34
2026/10/10 17:03:51.013, 0, 79417, 97871, 99, 449.33
2026/10/10 17:03:51.013, 1, 79813, 97871, 100, 531.61
2026/10/10 17:03:51.013, 2, 80606, 97871, 100, 523.66
2026/10/10 17:03:51.013, 3, 81363, 97871, 88, 481.63
2026/10/10 17:03:52.013, 0, 79417, 97871, 84, 447.49
2026/10/10 17:03:52.013, 1, 79813, 97871, 100, 531.37
2026/10/10 17:03:52.013, 2, 80606, 97871, 100, 518.03
2026/10/10 17:03:52.017, 3, 81363, 97871, 100, 495.00
2026/10/10 17:03:53.017, 0, 79417, 97871, 99, 449.98
2026/10/10 17:03:53.017, 1, 79813, 97871, 99, 505.76
2026/10/10 17:03:53.017, 2, 80606, 97871, 100, 518.44
2026/10/10 17:03:53.017, 3, 81363, 97871, 100, 503.09
2026/10/10 17:03:54.017, 0, 79417, 97871, 99, 446.61
2026/10/10 17:03:54.018, 1, 79813, 97871, 99, 470.75
2026/10/10 17:03:54.018, 2, 80606, 97871, 81, 472.42
2026/10/10 17:03:54.018, 3, 81363, 97871, 100, 503.20
2026/10/10 17:03:55.018, 0, 79417, 97871, 99, 449.17
2026/10/10 17:03:55.018, 1, 80485, 97871, 100, 445.64
2026/10/10 17:03:55.018, 2, 80606, 97871, 42, 377.18
2026/10/10 17:03:55.018, 3, 81363, 97871, 100, 509.22
2026/10/10 17:03:56.018, 0, 79417, 97871, 95, 444.11
2026/10/10 17:03:56.058, 1, 80485, 97871, 100, 520.60
2026/10/10 17:03:56.058, 2, 80606, 97871, 100, 419.25
2026/10/10 17:03:56.058, 3, 11, 97871, 2, 274.80
2026/10/10 17:03:57.058, 0, 79417, 97871, 99, 447.23
2026/10/10 17:03:57.058, 1, 80485, 97871, 100, 520.78
2026/10/10 17:03:57.058, 2, 80606, 97871, 100, 535.94
2026/10/10 17:03:57.058, 3, 11, 97871, 0, 138.91
2026/10/10 17:03:58.059, 0, 79417, 97871, 99, 448.03
2026/10/10 17:03:58.059, 1, 80485, 97871, 100, 527.44
2026/10/10 17:03:58.059, 2, 80606, 97871, 100, 536.38
2026/10/10 17:03:58.059, 3, 11, 97871, 0, 110.57
2026/10/10 17:03:59.059, 0, 79417, 97871, 99, 459.29
2026/10/10 17:03:59.059, 1, 80485, 97871, 100, 533.74
2026/10/10 17:03:59.059, 2, 80606, 97871, 100, 534.83
2026/10/10 17:03:59.059, 3, 11, 97871, 0, 88.14
2026/10/10 17:04:00.059, 0, 79417, 97871, 99, 455.34
2026/10/10 17:04:00.059, 1, 80485, 97871, 100, 536.16
2026/10/10 17:04:00.059, 2, 80606, 97871, 100, 529.99
2026/10/10 17:04:00.059, 3, 11, 97871, 0, 88.14
2026/10/10 17:04:01.059, 0, 79417, 97871, 99, 456.16
2026/10/10 17:04:01.059, 1, 80485, 97871, 99, 505.73
2026/10/10 17:04:01.059, 2, 80606, 97871, 95, 513.48
2026/10/10 17:04:01.059, 3, 11, 97871, 0, 88.12
2026/10/10 17:04:02.060, 0, 79417, 97871, 99, 456.39
2026/10/10 17:04:02.060, 1, 80485, 97871, 100, 501.31
2026/10/10 17:04:02.060, 2, 80606, 97871, 100, 512.98
2026/10/10 17:04:02.060, 3, 11, 97871, 0, 87.96
2026/10/10 17:04:03.060, 0, 79417, 97871, 99, 457.12
2026/10/10 17:04:03.060, 1, 80485, 97871, 100, 515.05
2026/10/10 17:04:03.060, 2, 80606, 97871, 100, 513.15
2026/10/10 17:04:03.060, 3, 11, 97871, 0, 88.04
2026/10/10 17:04:04.060, 0, 79417, 97871, 99, 457.54
2026/10/10 17:04:04.060, 1, 80485, 97871, 100, 510.95
2026/10/10 17:04:04.060, 2, 80606, 97871, 100, 514.45
2026/10/10 17:04:04.060, 3, 11, 97871, 0, 88.01
2026/10/10 17:04:05.060, 0, 79417, 97871, 99, 446.35
2026/10/10 17:04:05.060, 1, 80485, 97871, 100, 511.82
2026/10/10 17:04:05.061, 2, 80606, 97871, 100, 517.71
2026/10/10 17:04:05.061, 3, 11, 97871, 0, 88.02
2026/10/10 17:04:06.061, 0, 79417, 97871, 99, 448.07
2026/10/10 17:04:06.061, 1, 80485, 97871, 100, 510.15
2026/10/10 17:04:06.061, 2, 80606, 97871, 100, 524.21
2026/10/10 17:04:06.061, 3, 11, 97871, 0, 87.99
2026/10/10 17:04:07.061, 0, 79417, 97871, 94, 447.34
2026/10/10 17:04:07.061, 1, 80485, 97871, 100, 510.57
2026/10/10 17:04:07.061, 2, 80606, 97871, 100, 517.35
2026/10/10 17:04:07.061, 3, 11, 97871, 0, 87.91
2026/10/10 17:04:08.061, 0, 79417, 97871, 99, 448.39
2026/10/10 17:04:08.061, 1, 80485, 97871, 100, 510.65
2026/10/10 17:04:08.061, 2, 80608, 97871, 100, 521.01
2026/10/10 17:04:08.061, 3, 11, 97871, 0, 87.97
2026/10/10 17:04:09.061, 0, 79417, 97871, 99, 450.38
2026/10/10 17:04:09.062, 1, 80485, 97871, 100, 512.15
2026/10/10 17:04:09.062, 2, 80608, 97871, 100, 520.03
2026/10/10 17:04:09.062, 3, 11, 97871, 0, 87.78
2026/10/10 17:04:10.062, 0, 79417, 97871, 90, 446.85
2026/10/10 17:04:10.062, 1, 80485, 97871, 100, 506.93
2026/10/10 17:04:10.062, 2, 80608, 97871, 100, 519.70
2026/10/10 17:04:10.062, 3, 11, 97871, 0, 87.89
2026/10/10 17:04:11.062, 0, 79417, 97871, 99, 448.27
2026/10/10 17:04:11.062, 1, 80485, 97871, 100, 502.46
2026/10/10 17:04:11.062, 2, 80608, 97871, 100, 515.14
2026/10/10 17:04:11.062, 3, 11, 97871, 0, 87.86
2026/10/10 17:04:12.062, 0, 79417, 97871, 99, 448.51
2026/10/10 17:04:12.062, 1, 80485, 97871, 100, 509.78
2026/10/10 17:04:12.062, 2, 80608, 97871, 100, 517.53
2026/10/10 17:04:12.062, 3, 11, 97871, 0, 87.84
2026/10/10 17:04:13.063, 0, 79417, 97871, 99, 446.84
2026/10/10 17:04:13.063, 1, 80485, 97871, 100, 508.84
2026/10/10 17:04:13.063, 2, 80608, 97871, 100, 519.15
2026/10/10 17:04:13.063, 3, 11, 97871, 0, 87.91
2026/10/10 17:04:14.063, 0, 79417, 97871, 99, 448.78
2026/10/10 17:04:14.063, 1, 80485, 97871, 100, 512.47
2026/10/10 17:04:14.063, 2, 80608, 97871, 100, 522.34
2026/10/10 17:04:14.063, 3, 11, 97871, 0, 87.78
2026/10/10 17:04:15.063, 0, 79417, 97871, 99, 448.59
2026/10/10 17:04:15.063, 1, 80485, 97871, 100, 507.04
2026/10/10 17:04:15.063, 2, 80608, 97871, 100, 519.26
2026/10/10 17:04:15.063, 3, 11, 97871, 0, 87.67
2026/10/10 17:04:16.063, 0, 79417, 97871, 99, 446.67
2026/10/10 17:04:16.063, 1, 80485, 97871, 100, 510.12
2026/10/10 17:04:16.064, 2, 80608, 97871, 100, 522.07
2026/10/10 17:04:16.064, 3, 11, 97871, 0, 87.66
2026/10/10 17:04:17.064, 0, 79417, 97871, 99, 448.37
2026/10/10 17:04:17.064, 1, 80485, 97871, 100, 512.00
2026/10/10 17:04:17.064, 2, 80608, 97871, 100, 518.28
2026/10/10 17:04:17.064, 3, 11, 97871, 0, 87.80
2026/10/10 17:04:18.064, 0, 79417, 97871, 99, 423.21
2026/10/10 17:04:18.064, 1, 80485, 97871, 100, 518.96
2026/10/10 17:04:18.064, 2, 80608, 97871, 100, 516.72
2026/10/10 17:04:18.064, 3, 11, 97871, 0, 87.82
2026/10/10 17:04:19.064, 0, 79417, 97871, 99, 465.42
2026/10/10 17:04:19.064, 1, 80485, 97871, 100, 529.81
2026/10/10 17:04:19.064, 2, 80608, 97871, 100, 518.60
2026/10/10 17:04:19.064, 3, 11, 97871, 0, 87.70
2026/10/10 17:04:20.064, 0, 79417, 97871, 99, 462.89
2026/10/10 17:04:20.065, 1, 80485, 97871, 100, 517.58
2026/10/10 17:04:20.065, 2, 80608, 97871, 100, 520.68
2026/10/10 17:04:20.065, 3, 11, 97871, 0, 87.64
2026/10/10 17:04:21.065, 0, 79417, 97871, 99, 461.82
2026/10/10 17:04:21.065, 1, 80485, 97871, 99, 479.89
2026/10/10 17:04:21.065, 2, 80608, 97871, 100, 517.63
2026/10/10 17:04:21.065, 3, 11, 97871, 0, 87.52
2026/10/10 17:04:22.065, 0, 79417, 97871, 99, 461.61
2026/10/10 17:04:22.065, 1, 80485, 97871, 100, 453.48
2026/10/10 17:04:22.065, 2, 80608, 97871, 100, 523.83
2026/10/10 17:04:22.065, 3, 11, 97871, 0, 87.51
2026/10/10 17:04:23.065, 0, 79417, 97871, 93, 457.98
2026/10/10 17:04:23.065, 1, 80485, 97871, 100, 527.53
2026/10/10 17:04:23.066, 2, 80608, 97871, 100, 519.97
2026/10/10 17:04:23.066, 3, 11, 97871, 0, 87.35
2026/10/10 17:04:24.066, 0, 79417, 97871, 99, 466.42
2026/10/10 17:04:24.066, 1, 80485, 97871, 100, 518.00
2026/10/10 17:04:24.066, 2, 80608, 97871, 100, 517.38
2026/10/10 17:04:24.066, 3, 11, 97871, 0, 87.45
2026/10/10 17:04:25.066, 0, 79417, 97871, 100, 471.48
2026/10/10 17:04:25.066, 1, 80485, 97871, 100, 506.56
2026/10/10 17:04:25.066, 2, 80608, 97871, 100, 519.86
2026/10/10 17:04:25.066, 3, 11, 97871, 0, 87.71
2026/10/10 17:04:26.066, 0, 79417, 97871, 99, 476.35
2026/10/10 17:04:26.066, 1, 80485, 97871, 100, 508.11
2026/10/10 17:04:26.066, 2, 80608, 97871, 100, 519.12
2026/10/10 17:04:26.066, 3, 11, 97871, 0, 87.58
2026/10/10 17:04:27.067, 0, 79417, 97871, 100, 474.69
2026/10/10 17:04:27.067, 1, 80485, 97871, 100, 509.63
2026/10/10 17:04:27.067, 2, 80608, 97871, 100, 519.07
2026/10/10 17:04:27.067, 3, 11, 97871, 0, 87.74
2026/10/10 17:04:28.067, 0, 79417, 97871, 99, 472.79
2026/10/10 17:04:28.067, 1, 80485, 97871, 100, 512.72
2026/10/10 17:04:28.067, 2, 80608, 97871, 100, 523.82
2026/10/10 17:04:28.067, 3, 11, 97871, 0, 87.47
2026/10/10 17:04:29.067, 0, 79417, 97871, 99, 479.00
2026/10/10 17:04:29.067, 1, 80485, 97871, 100, 523.59
2026/10/10 17:04:29.067, 2, 80608, 97871, 100, 520.59
2026/10/10 17:04:29.067, 3, 11, 97871, 0, 87.33
2026/10/10 17:04:30.067, 0, 79417, 97871, 99, 466.03
2026/10/10 17:04:30.068, 1, 80485, 97871, 100, 529.81
2026/10/10 17:04:30.068, 2, 80608, 97871, 100, 519.67
2026/10/10 17:04:30.068, 3, 11, 97871, 0, 87.27
2026/10/10 17:04:31.068, 0, 79417, 97871, 99, 465.08
2026/10/10 17:04:31.068, 1, 80485, 97871, 37, 494.81
2026/10/10 17:04:31.068, 2, 80608, 97871, 100, 519.08
2026/10/10 17:04:31.068, 3, 11, 97871, 0, 87.36
2026/10/10 17:04:32.068, 0, 79417, 97871, 100, 470.83
2026/10/10 17:04:32.068, 1, 80485, 97871, 100, 529.87
2026/10/10 17:04:32.068, 2, 80608, 97871, 100, 520.95
2026/10/10 17:04:32.068, 3, 11, 97871, 0, 87.33
2026/10/10 17:04:33.068, 0, 79417, 97871, 99, 459.04
2026/10/10 17:04:33.068, 1, 80485, 97871, 100, 526.21
2026/10/10 17:04:33.068, 2, 80608, 97871, 100, 521.35
2026/10/10 17:04:33.068, 3, 11, 97871, 0, 87.14
2026/10/10 17:04:34.069, 0, 79417, 97871, 94, 476.55
2026/10/10 17:04:34.069, 1, 80485, 97871, 100, 504.57
2026/10/10 17:04:34.069, 2, 80608, 97871, 100, 520.81
2026/10/10 17:04:34.069, 3, 11, 97871, 0, 87.22
2026/10/10 17:04:35.069, 0, 79417, 97871, 99, 468.97
2026/10/10 17:04:35.069, 1, 80485, 97871, 100, 510.26
2026/10/10 17:04:35.069, 2, 80608, 97871, 100, 519.31
2026/10/10 17:04:35.069, 3, 11, 97871, 0, 87.44
2026/10/10 17:04:36.069, 0, 79417, 97871, 99, 469.69
2026/10/10 17:04:36.069, 1, 80485, 97871, 100, 509.04
2026/10/10 17:04:36.069, 2, 80608, 97871, 100, 523.28
2026/10/10 17:04:36.069, 3, 11, 97871, 0, 87.31
2026/10/10 17:04:37.069, 0, 79417, 97871, 97, 473.61
2026/10/10 17:04:37.069, 1, 80485, 97871, 100, 502.71
2026/10/10 17:04:37.070, 2, 80608, 97871, 100, 519.22
2026/10/10 17:04:37.070, 3, 11, 97871, 0, 87.34
2026/10/10 17:04:38.070, 0, 79417, 97871, 99, 468.54
2026/10/10 17:04:38.070, 1, 80485, 97871, 100, 507.38
2026/10/10 17:04:38.070, 2, 80608, 97871, 100, 518.38
2026/10/10 17:04:38.070, 3, 11, 97871, 0, 87.26
2026/10/10 17:04:39.070, 0, 79417, 97871, 100, 471.57
2026/10/10 17:04:39.070, 1, 80485, 97871, 100, 504.94
2026/10/10 17:04:39.070, 2, 80608, 97871, 100, 519.59
2026/10/10 17:04:39.070, 3, 11, 97871, 0, 87.37
2026/10/10 17:04:40.070, 0, 79417, 97871, 100, 470.33
2026/10/10 17:04:40.070, 1, 80485, 97871, 100, 506.86
2026/10/10 17:04:40.070, 2, 80608, 97871, 100, 522.06
2026/10/10 17:04:40.070, 3, 11, 97871, 0, 87.24
2026/10/10 17:04:41.070, 0, 79417, 97871, 99, 465.66
2026/10/10 17:04:41.071, 1, 80485, 97871, 100, 511.65
2026/10/10 17:04:41.071, 2, 80608, 97871, 85, 510.21
2026/10/10 17:04:41.071, 3, 11, 97871, 0, 87.31
2026/10/10 17:04:42.071, 0, 79417, 97871, 99, 463.15
2026/10/10 17:04:42.071, 1, 80485, 97871, 100, 510.16
2026/10/10 17:04:42.071, 2, 80608, 97871, 77, 489.02
2026/10/10 17:04:42.071, 3, 11, 97871, 0, 87.15
2026/10/10 17:04:43.071, 0, 79417, 97871, 99, 473.22
2026/10/10 17:04:43.071, 1, 80485, 97871, 100, 513.29
2026/10/10 17:04:43.071, 2, 80608, 97871, 67, 488.07
2026/10/10 17:04:43.071, 3, 11, 97871, 0, 87.12
2026/10/10 17:04:44.071, 0, 79417, 97871, 99, 474.11
2026/10/10 17:04:44.071, 1, 80485, 97871, 100, 506.28
2026/10/10 17:04:44.071, 2, 80608, 97871, 100, 520.95
2026/10/10 17:04:44.072, 3, 11, 97871, 0, 86.97
2026/10/10 17:04:45.072, 0, 79417, 97871, 97, 466.11
2026/10/10 17:04:45.072, 1, 80485, 97871, 100, 506.25
2026/10/10 17:04:45.072, 2, 80608, 97871, 100, 522.96
2026/10/10 17:04:45.072, 3, 11, 97871, 0, 87.04
2026/10/10 17:04:46.072, 0, 79417, 97871, 99, 466.77
2026/10/10 17:04:46.072, 1, 80485, 97871, 100, 506.77
2026/10/10 17:04:46.072, 2, 80608, 97871, 99, 520.96
2026/10/10 17:04:46.072, 3, 11, 97871, 0, 87.08
2026/10/10 17:04:47.072, 0, 79417, 97871, 99, 460.26
2026/10/10 17:04:47.072, 1, 80485, 97871, 100, 509.67
2026/10/10 17:04:47.072, 2, 80608, 97871, 88, 486.35
2026/10/10 17:04:47.072, 3, 11, 97871, 0, 86.99
2026/10/10 17:04:48.072, 0, 79417, 97871, 99, 461.35
2026/10/10 17:04:48.073, 1, 80485, 97871, 100, 509.36
2026/10/10 17:04:48.073, 2, 80608, 97871, 44, 432.00
2026/10/10 17:04:48.073, 3, 11, 97871, 0, 86.96
2026/10/10 17:04:49.073, 0, 79417, 97871, 99, 469.06
2026/10/10 17:04:49.073, 1, 80485, 97871, 100, 506.75
2026/10/10 17:04:49.073, 2, 80608, 97871, 60, 415.89
2026/10/10 17:04:49.073, 3, 11, 97871, 0, 86.91
2026/10/10 17:04:50.073, 0, 79417, 97871, 99, 472.27
2026/10/10 17:04:50.073, 1, 80485, 97871, 100, 512.10
2026/10/10 17:04:50.073, 2, 8, 97871, 0, 192.70
2026/10/10 17:04:50.073, 3, 11, 97871, 0, 87.05
2026/10/10 17:04:51.073, 0, 79417, 97871, 99, 467.62
2026/10/10 17:04:51.073, 1, 80485, 97871, 100, 511.28
2026/10/10 17:04:51.073, 2, 8, 97871, 0, 150.90
2026/10/10 17:04:51.073, 3, 11, 97871, 0, 87.10
2026/10/10 17:04:52.074, 0, 79417, 97871, 99, 468.96
2026/10/10 17:04:52.074, 1, 80485, 97871, 100, 505.19
2026/10/10 17:04:52.074, 2, 8, 97871, 0, 130.35
2026/10/10 17:04:52.077, 3, 11, 97871, 0, 86.99
2026/10/10 17:04:53.077, 0, 79417, 97871, 99, 472.10
2026/10/10 17:04:53.077, 1, 80485, 97871, 100, 509.60
2026/10/10 17:04:53.077, 2, 8, 97871, 0, 97.74
2026/10/10 17:04:53.077, 3, 11, 97871, 0, 87.11
2026/10/10 17:04:54.077, 0, 79417, 97871, 97, 464.77
2026/10/10 17:04:54.077, 1, 80485, 97871, 100, 511.65
2026/10/10 17:04:54.077, 2, 8, 97871, 0, 97.67
2026/10/10 17:04:54.077, 3, 11, 97871, 0, 87.02
2026/10/10 17:04:55.078, 0, 79417, 97871, 99, 476.43
2026/10/10 17:04:55.078, 1, 80485, 97871, 100, 512.95
2026/10/10 17:04:55.078, 2, 8, 97871, 0, 97.73
2026/10/10 17:04:55.078, 3, 11, 97871, 0, 86.85
2026/10/10 17:04:56.078, 0, 79417, 97871, 99, 473.51
2026/10/10 17:04:56.078, 1, 80485, 97871, 100, 506.71
2026/10/10 17:04:56.078, 2, 8, 97871, 0, 97.43
2026/10/10 17:04:56.078, 3, 11, 97871, 0, 86.92
2026/10/10 17:04:57.078, 0, 79417, 97871, 99, 469.95
2026/10/10 17:04:57.078, 1, 80485, 97871, 100, 511.89
2026/10/10 17:04:57.078, 2, 8, 97871, 0, 97.50
2026/10/10 17:04:57.078, 3, 11, 97871, 0, 86.77
2026/10/10 17:04:58.078, 0, 79417, 97871, 95, 471.52
2026/10/10 17:04:58.078, 1, 80485, 97871, 100, 510.56
2026/10/10 17:04:58.078, 2, 8, 97871, 0, 97.33
2026/10/10 17:04:58.078, 3, 11, 97871, 0, 86.81
2026/10/10 17:04:59.078, 0, 79417, 97871, 99, 469.87
2026/10/10 17:04:59.079, 1, 80485, 97871, 100, 511.46
2026/10/10 17:04:59.079, 2, 8, 97871, 0, 97.27
2026/10/10 17:04:59.079, 3, 11, 97871, 0, 86.69
2026/10/10 17:05:00.079, 0, 79417, 97871, 100, 478.35
2026/10/10 17:05:00.079, 1, 80485, 97871, 100, 526.29
2026/10/10 17:05:00.079, 2, 8, 97871, 0, 97.40
2026/10/10 17:05:00.079, 3, 11, 97871, 0, 86.81
2026/10/10 17:05:01.079, 0, 79417, 97871, 99, 471.19
2026/10/10 17:05:01.079, 1, 80485, 97871, 100, 533.46
2026/10/10 17:05:01.079, 2, 8, 97871, 0, 97.28
2026/10/10 17:05:01.079, 3, 11, 97871, 0, 86.78
2026/10/10 17:05:02.079, 0, 79417, 97871, 99, 471.32
2026/10/10 17:05:02.079, 1, 80485, 97871, 99, 494.58
2026/10/10 17:05:02.079, 2, 8, 97871, 0, 97.16
2026/10/10 17:05:02.088, 3, 11, 97871, 0, 86.69
2026/10/10 17:05:03.088, 0, 79417, 97871, 99, 467.32
2026/10/10 17:05:03.088, 1, 80485, 97871, 100, 412.27
2026/10/10 17:05:03.088, 2, 8, 97871, 0, 97.39
2026/10/10 17:05:03.088, 3, 11, 97871, 0, 86.80
2026/10/10 17:05:04.088, 0, 79417, 97871, 98, 467.31
2026/10/10 17:05:04.088, 1, 80485, 97871, 100, 533.12
2026/10/10 17:05:04.088, 2, 8, 97871, 0, 97.35
2026/10/10 17:05:04.088, 3, 11, 97871, 0, 86.63
2026/10/10 17:05:05.088, 0, 79417, 97871, 100, 490.34
2026/10/10 17:05:05.088, 1, 80485, 97871, 100, 533.17
2026/10/10 17:05:05.088, 2, 8, 97871, 0, 97.23
2026/10/10 17:05:05.088, 3, 11, 97871, 0, 86.47
2026/10/10 17:05:06.089, 0, 79417, 97871, 99, 475.20
2026/10/10 17:05:06.089, 1, 80485, 97871, 100, 535.57
2026/10/10 17:05:06.089, 2, 8, 97871, 0, 97.27
2026/10/10 17:05:06.089, 3, 11, 97871, 0, 86.64
2026/10/10 17:05:07.089, 0, 79417, 97871, 100, 471.14
2026/10/10 17:05:07.089, 1, 80485, 97871, 100, 529.02
2026/10/10 17:05:07.089, 2, 8, 97871, 0, 97.36
2026/10/10 17:05:07.089, 3, 11, 97871, 0, 86.73
2026/10/10 17:05:08.089, 0, 79417, 97871, 99, 471.43
2026/10/10 17:05:08.089, 1, 80485, 97871, 100, 507.89
2026/10/10 17:05:08.089, 2, 8, 97871, 0, 97.44
2026/10/10 17:05:08.089, 3, 11, 97871, 0, 86.77
2026/10/10 17:05:09.089, 0, 79417, 97871, 99, 476.19
2026/10/10 17:05:09.089, 1, 80485, 97871, 100, 506.15
2026/10/10 17:05:09.089, 2, 8, 97871, 0, 97.33
2026/10/10 17:05:09.089, 3, 11, 97871, 0, 86.52
2026/10/10 17:05:10.090, 0, 79417, 97871, 97, 470.18
2026/10/10 17:05:10.090, 1, 80485, 97871, 100, 510.98
2026/10/10 17:05:10.090, 2, 8, 97871, 0, 97.30
2026/10/10 17:05:10.090, 3, 11, 97871, 0, 86.62
2026/10/10 17:05:11.090, 0, 79417, 97871, 99, 464.08
2026/10/10 17:05:11.090, 1, 80485, 97871, 100, 505.62
2026/10/10 17:05:11.090, 2, 8, 97871, 0, 97.24
2026/10/10 17:05:11.090, 3, 11, 97871, 0, 86.62
2026/10/10 17:05:12.090, 0, 79417, 97871, 99, 465.78
2026/10/10 17:05:12.090, 1, 80485, 97871, 96, 507.54
2026/10/10 17:05:12.090, 2, 8, 97871, 0, 97.23
2026/10/10 17:05:12.095, 3, 11, 97871, 0, 86.47
2026/10/10 17:05:13.095, 0, 79417, 97871, 99, 459.63
2026/10/10 17:05:13.095, 1, 80485, 97871, 100, 513.57
2026/10/10 17:05:13.095, 2, 8, 97871, 0, 97.35
2026/10/10 17:05:13.095, 3, 11, 97871, 0, 86.62
2026/10/10 17:05:14.095, 0, 79417, 97871, 99, 456.39
2026/10/10 17:05:14.095, 1, 80485, 97871, 100, 509.55
2026/10/10 17:05:14.095, 2, 8, 97871, 0, 97.16
2026/10/10 17:05:14.095, 3, 11, 97871, 0, 86.62
2026/10/10 17:05:15.096, 0, 79417, 97871, 99, 457.62
2026/10/10 17:05:15.096, 1, 80485, 97871, 100, 513.56
2026/10/10 17:05:15.096, 2, 8, 97871, 0, 97.23
2026/10/10 17:05:15.096, 3, 11, 97871, 0, 86.52
2026/10/10 17:05:16.096, 0, 80041, 97871, 93, 481.49
2026/10/10 17:05:16.096, 1, 80485, 97871, 100, 514.84
2026/10/10 17:05:16.096, 2, 8, 97871, 0, 97.31
2026/10/10 17:05:16.096, 3, 11, 97871, 0, 86.67
2026/10/10 17:05:17.096, 0, 80041, 97871, 100, 525.11
2026/10/10 17:05:17.096, 1, 80485, 97871, 100, 518.90
2026/10/10 17:05:17.096, 2, 8, 97871, 0, 97.13
2026/10/10 17:05:17.096, 3, 11, 97871, 0, 86.60
2026/10/10 17:05:18.096, 0, 80041, 97871, 100, 529.40
2026/10/10 17:05:18.096, 1, 80485, 97871, 100, 480.62
2026/10/10 17:05:18.096, 2, 8, 97871, 0, 97.26
2026/10/10 17:05:18.096, 3, 11, 97871, 0, 86.66
2026/10/10 17:05:19.097, 0, 80041, 97871, 100, 527.45
2026/10/10 17:05:19.097, 1, 80485, 97871, 100, 530.80
2026/10/10 17:05:19.097, 2, 8, 97871, 0, 97.27
2026/10/10 17:05:19.097, 3, 11, 97871, 0, 86.45
2026/10/10 17:05:20.097, 0, 80041, 97871, 100, 515.09
2026/10/10 17:05:20.097, 1, 80485, 97871, 100, 532.82
2026/10/10 17:05:20.097, 2, 8, 97871, 0, 97.23
2026/10/10 17:05:20.097, 3, 11, 97871, 0, 86.45
2026/10/10 17:05:21.097, 0, 80041, 97871, 100, 503.32
2026/10/10 17:05:21.097, 1, 80485, 97871, 100, 530.14
2026/10/10 17:05:21.097, 2, 8, 97871, 0, 97.40
2026/10/10 17:05:21.097, 3, 11, 97871, 0, 86.42
2026/10/10 17:05:22.097, 0, 80041, 97871, 99, 486.88
2026/10/10 17:05:22.097, 1, 80485, 97871, 100, 531.77
2026/10/10 17:05:22.097, 2, 8, 97871, 0, 97.20
2026/10/10 17:05:22.106, 3, 11, 97871, 0, 86.50
2026/10/10 17:05:23.107, 0, 80713, 97871, 99, 467.47
2026/10/10 17:05:23.107, 1, 80485, 97871, 100, 506.88
2026/10/10 17:05:23.107, 2, 8, 97871, 0, 97.29
2026/10/10 17:05:23.107, 3, 11, 97871, 0, 86.52
2026/10/10 17:05:24.107, 0, 80713, 97871, 100, 528.70
2026/10/10 17:05:24.107, 1, 80485, 97871, 100, 507.98
2026/10/10 17:05:24.107, 2, 8, 97871, 0, 97.39
2026/10/10 17:05:24.107, 3, 11, 97871, 0, 86.52
2026/10/10 17:05:25.107, 0, 80713, 97871, 100, 528.05
2026/10/10 17:05:25.107, 1, 80485, 97871, 100, 505.79
2026/10/10 17:05:25.107, 2, 8, 97871, 0, 97.35
2026/10/10 17:05:25.107, 3, 11, 97871, 0, 86.59
2026/10/10 17:05:26.107, 0, 80713, 97871, 100, 528.08
2026/10/10 17:05:26.107, 1, 80485, 97871, 100, 502.66
2026/10/10 17:05:26.107, 2, 8, 97871, 0, 97.28
2026/10/10 17:05:26.107, 3, 11, 97871, 0, 86.50
2026/10/10 17:05:27.108, 0, 80713, 97871, 97, 528.11
2026/10/10 17:05:27.108, 1, 80485, 97871, 100, 507.79
2026/10/10 17:05:27.108, 2, 8, 97871, 0, 97.36
2026/10/10 17:05:27.108, 3, 11, 97871, 0, 86.50
2026/10/10 17:05:28.108, 0, 80713, 97871, 100, 521.16
2026/10/10 17:05:28.108, 1, 80485, 97871, 100, 509.32
2026/10/10 17:05:28.108, 2, 8, 97871, 0, 97.37
2026/10/10 17:05:28.108, 3, 11, 97871, 0, 86.56
2026/10/10 17:05:29.108, 0, 80713, 97871, 98, 528.92
2026/10/10 17:05:29.108, 1, 80485, 97871, 100, 508.52
2026/10/10 17:05:29.108, 2, 8, 97871, 0, 97.43
2026/10/10 17:05:29.108, 3, 11, 97871, 0, 86.42
2026/10/10 17:05:30.108, 0, 80713, 97871, 98, 520.42
2026/10/10 17:05:30.109, 1, 80485, 97871, 100, 508.00
2026/10/10 17:05:30.109, 2, 8, 97871, 0, 97.37
2026/10/10 17:05:30.109, 3, 11, 97871, 0, 86.40
2026/10/10 17:05:31.109, 0, 80713, 97871, 100, 523.83
2026/10/10 17:05:31.109, 1, 80485, 97871, 100, 508.15
2026/10/10 17:05:31.109, 2, 8, 97871, 0, 97.40
2026/10/10 17:05:31.109, 3, 11, 97871, 0, 86.35
2026/10/10 17:05:32.109, 0, 80713, 97871, 100, 524.24
2026/10/10 17:05:32.109, 1, 80485, 97871, 100, 512.46
2026/10/10 17:05:32.109, 2, 8, 97871, 0, 97.49
2026/10/10 17:05:32.114, 3, 11, 97871, 0, 86.48
2026/10/10 17:05:33.114, 0, 80713, 97871, 100, 528.37
2026/10/10 17:05:33.114, 1, 80485, 97871, 100, 509.65
2026/10/10 17:05:33.114, 2, 8, 97871, 0, 97.56
2026/10/10 17:05:33.114, 3, 11, 97871, 0, 86.46
2026/10/10 17:05:34.114, 0, 80713, 97871, 95, 527.18
2026/10/10 17:05:34.114, 1, 80485, 97871, 100, 512.66
2026/10/10 17:05:34.114, 2, 8, 97871, 0, 97.39
2026/10/10 17:05:34.114, 3, 11, 97871, 0, 86.39
2026/10/10 17:05:35.114, 0, 80713, 97871, 100, 526.73
2026/10/10 17:05:35.115, 1, 80485, 97871, 100, 511.18
2026/10/10 17:05:35.115, 2, 8, 97871, 0, 97.41
2026/10/10 17:05:35.115, 3, 11, 97871, 0, 86.33
2026/10/10 17:05:36.115, 0, 80713, 97871, 100, 526.05
2026/10/10 17:05:36.115, 1, 80485, 97871, 100, 509.12
2026/10/10 17:05:36.115, 2, 8, 97871, 0, 97.42
2026/10/10 17:05:36.115, 3, 11, 97871, 0, 86.49
2026/10/10 17:05:37.115, 0, 80713, 97871, 100, 528.89
2026/10/10 17:05:37.115, 1, 80485, 97871, 100, 514.58
2026/10/10 17:05:37.115, 2, 8, 97871, 0, 97.38
2026/10/10 17:05:37.115, 3, 11, 97871, 0, 86.49
2026/10/10 17:05:38.115, 0, 80713, 97871, 100, 533.90
2026/10/10 17:05:38.115, 1, 80485, 97871, 100, 511.70
2026/10/10 17:05:38.115, 2, 8, 97871, 0, 97.35
2026/10/10 17:05:38.115, 3, 11, 97871, 0, 86.35
2026/10/10 17:05:39.116, 0, 80713, 97871, 100, 513.12
2026/10/10 17:05:39.116, 1, 80485, 97871, 100, 517.45
2026/10/10 17:05:39.116, 2, 8, 97871, 0, 97.37
2026/10/10 17:05:39.116, 3, 11, 97871, 0, 86.53
2026/10/10 17:05:40.116, 0, 80713, 97871, 100, 484.54
2026/10/10 17:05:40.116, 1, 80485, 97871, 100, 512.08
2026/10/10 17:05:40.116, 2, 8, 97871, 0, 97.40
2026/10/10 17:05:40.116, 3, 11, 97871, 0, 86.37
2026/10/10 17:05:41.116, 0, 80713, 97871, 99, 463.07
2026/10/10 17:05:41.116, 1, 80485, 97871, 100, 509.00
2026/10/10 17:05:41.116, 2, 8, 97871, 0, 97.52
2026/10/10 17:05:41.116, 3, 11, 97871, 0, 86.38
2026/10/10 17:05:42.116, 0, 80713, 97871, 99, 452.73
2026/10/10 17:05:42.116, 1, 80485, 97871, 100, 511.29
2026/10/10 17:05:42.116, 2, 8, 97871, 0, 97.27
2026/10/10 17:05:42.121, 3, 11, 97871, 0, 86.41
2026/10/10 17:05:43.121, 0, 80713, 97871, 100, 430.52
2026/10/10 17:05:43.121, 1, 80485, 97871, 100, 516.49
2026/10/10 17:05:43.121, 2, 8, 97871, 0, 97.49
2026/10/10 17:05:43.121, 3, 11, 97871, 0, 86.45
2026/10/10 17:05:44.121, 0, 80713, 97871, 100, 522.73
2026/10/10 17:05:44.121, 1, 80485, 97871, 100, 512.07
2026/10/10 17:05:44.121, 2, 8, 97871, 0, 97.42
2026/10/10 17:05:44.121, 3, 11, 97871, 0, 86.39
2026/10/10 17:05:45.121, 0, 80713, 97871, 100, 527.57
2026/10/10 17:05:45.122, 1, 80485, 97871, 100, 516.51
2026/10/10 17:05:45.122, 2, 8, 97871, 0, 97.58
2026/10/10 17:05:45.122, 3, 11, 97871, 0, 86.44
2026/10/10 17:05:46.122, 0, 80713, 97871, 100, 529.88
2026/10/10 17:05:46.122, 1, 80485, 97871, 100, 515.20
2026/10/10 17:05:46.122, 2, 8, 97871, 0, 97.53
2026/10/10 17:05:46.122, 3, 11, 97871, 0, 86.32
2026/10/10 17:05:47.122, 0, 80713, 97871, 100, 531.78
2026/10/10 17:05:47.122, 1, 80485, 97871, 100, 514.08
2026/10/10 17:05:47.122, 2, 8, 97871, 0, 97.52
2026/10/10 17:05:47.122, 3, 11, 97871, 0, 86.34
2026/10/10 17:05:48.122, 0, 80713, 97871, 100, 530.93
2026/10/10 17:05:48.122, 1, 80485, 97871, 100, 507.56
2026/10/10 17:05:48.122, 2, 8, 97871, 0, 97.50
2026/10/10 17:05:48.122, 3, 11, 97871, 0, 86.32
2026/10/10 17:05:49.122, 0, 80713, 97871, 100, 531.14
2026/10/10 17:05:49.122, 1, 80485, 97871, 100, 513.63
2026/10/10 17:05:49.122, 2, 8, 97871, 0, 97.43
2026/10/10 17:05:49.122, 3, 11, 97871, 0, 86.35
2026/10/10 17:05:50.122, 0, 80713, 97871, 100, 501.20
2026/10/10 17:05:50.122, 1, 80485, 97871, 100, 515.71
2026/10/10 17:05:50.122, 2, 8, 97871, 0, 97.44
2026/10/10 17:05:50.122, 3, 11, 97871, 0, 86.30
2026/10/10 17:05:51.123, 0, 80713, 97871, 99, 478.68
2026/10/10 17:05:51.123, 1, 80485, 97871, 100, 514.85
2026/10/10 17:05:51.123, 2, 8, 97871, 0, 97.54
2026/10/10 17:05:51.123, 3, 11, 97871, 0, 86.44
2026/10/10 17:05:52.123, 0, 80713, 97871, 100, 506.84
2026/10/10 17:05:52.123, 1, 80485, 97871, 100, 513.78
2026/10/10 17:05:52.123, 2, 8, 97871, 0, 97.49
2026/10/10 17:05:52.128, 3, 11, 97871, 0, 86.30
2026/10/10 17:05:53.128, 0, 80713, 97871, 100, 519.75
2026/10/10 17:05:53.128, 1, 80485, 97871, 100, 513.34
2026/10/10 17:05:53.129, 2, 8, 97871, 0, 97.46
2026/10/10 17:05:53.129, 3, 11, 97871, 0, 86.35
2026/10/10 17:05:54.129, 0, 80713, 97871, 100, 518.69
2026/10/10 17:05:54.129, 1, 80485, 97871, 100, 509.70
2026/10/10 17:05:54.129, 2, 8, 97871, 0, 97.61
2026/10/10 17:05:54.129, 3, 11, 97871, 0, 86.43
2026/10/10 17:05:55.129, 0, 80713, 97871, 100, 515.28
2026/10/10 17:05:55.129, 1, 80485, 97871, 100, 511.20
2026/10/10 17:05:55.129, 2, 8, 97871, 0, 97.48
2026/10/10 17:05:55.129, 3, 11, 97871, 0, 86.26
2026/10/10 17:05:56.129, 0, 80713, 97871, 100, 515.97
2026/10/10 17:05:56.129, 1, 80485, 97871, 100, 516.25
2026/10/10 17:05:56.129, 2, 8, 97871, 0, 97.49
2026/10/10 17:05:56.129, 3, 11, 97871, 0, 86.31
2026/10/10 17:05:57.129, 0, 80713, 97871, 100, 511.47
2026/10/10 17:05:57.129, 1, 80485, 97871, 100, 510.79
2026/10/10 17:05:57.130, 2, 8, 97871, 0, 97.60
2026/10/10 17:05:57.130, 3, 11, 97871, 0, 86.20
2026/10/10 17:05:58.130, 0, 80713, 97871, 100, 511.69
2026/10/10 17:05:58.130, 1, 80485, 97871, 100, 510.48
2026/10/10 17:05:58.130, 2, 8, 97871, 0, 97.54
2026/10/10 17:05:58.130, 3, 11, 97871, 0, 86.27
2026/10/10 17:05:59.130, 0, 80713, 97871, 100, 516.49
2026/10/10 17:05:59.130, 1, 80485, 97871, 94, 513.89
2026/10/10 17:05:59.130, 2, 8, 97871, 0, 97.48
2026/10/10 17:05:59.130, 3, 11, 97871, 0, 86.27
2026/10/10 17:06:00.130, 0, 80713, 97871, 100, 511.74
2026/10/10 17:06:00.130, 1, 80485, 97871, 100, 511.86
2026/10/10 17:06:00.130, 2, 8, 97871, 0, 97.59
2026/10/10 17:06:00.130, 3, 11, 97871, 0, 86.21
2026/10/10 17:06:01.130, 0, 80713, 97871, 100, 511.00
2026/10/10 17:06:01.130, 1, 80485, 97871, 100, 514.06
2026/10/10 17:06:01.130, 2, 8, 97871, 0, 97.67
2026/10/10 17:06:01.130, 3, 11, 97871, 0, 86.27
2026/10/10 17:06:02.131, 0, 80713, 97871, 100, 512.69
2026/10/10 17:06:02.131, 1, 80485, 97871, 100, 509.71
2026/10/10 17:06:02.131, 2, 8, 97871, 0, 97.55
2026/10/10 17:06:02.136, 3, 11, 97871, 0, 86.19
2026/10/10 17:06:03.136, 0, 80713, 97871, 100, 507.07
2026/10/10 17:06:03.136, 1, 80485, 97871, 100, 514.20
2026/10/10 17:06:03.136, 2, 8, 97871, 0, 97.66
2026/10/10 17:06:03.136, 3, 11, 97871, 0, 86.12
2026/10/10 17:06:04.136, 0, 80713, 97871, 100, 510.89
2026/10/10 17:06:04.136, 1, 80485, 97871, 100, 512.70
2026/10/10 17:06:04.136, 2, 8, 97871, 0, 97.60
2026/10/10 17:06:04.136, 3, 11, 97871, 0, 86.27
2026/10/10 17:06:05.136, 0, 80713, 97871, 100, 512.12
2026/10/10 17:06:05.136, 1, 80485, 97871, 100, 511.73
2026/10/10 17:06:05.136, 2, 8, 97871, 0, 97.58
2026/10/10 17:06:05.136, 3, 11, 97871, 0, 86.43
2026/10/10 17:06:06.137, 0, 80713, 97871, 100, 508.58
2026/10/10 17:06:06.137, 1, 80485, 97871, 100, 509.60
2026/10/10 17:06:06.137, 2, 8, 97871, 0, 97.57
2026/10/10 17:06:06.137, 3, 11, 97871, 0, 86.33
2026/10/10 17:06:07.137, 0, 80713, 97871, 100, 517.75
2026/10/10 17:06:07.137, 1, 80485, 97871, 100, 510.91
2026/10/10 17:06:07.137, 2, 8, 97871, 0, 97.64
2026/10/10 17:06:07.137, 3, 11, 97871, 0, 86.36
2026/10/10 17:06:08.137, 0, 80713, 97871, 100, 509.47
2026/10/10 17:06:08.137, 1, 80485, 97871, 100, 514.50
2026/10/10 17:06:08.137, 2, 8, 97871, 0, 97.56
2026/10/10 17:06:08.137, 3, 11, 97871, 0, 86.30
2026/10/10 17:06:09.137, 0, 80713, 97871, 100, 507.84
2026/10/10 17:06:09.137, 1, 80485, 97871, 100, 514.60
2026/10/10 17:06:09.137, 2, 8, 97871, 0, 97.56
2026/10/10 17:06:09.137, 3, 11, 97871, 0, 86.44
2026/10/10 17:06:10.137, 0, 80713, 97871, 100, 516.69
2026/10/10 17:06:10.138, 1, 80485, 97871, 100, 510.83
2026/10/10 17:06:10.138, 2, 8, 97871, 0, 97.80
2026/10/10 17:06:10.138, 3, 11, 97871, 0, 86.45
2026/10/10 17:06:11.138, 0, 80713, 97871, 100, 519.98
2026/10/10 17:06:11.138, 1, 80485, 97871, 100, 512.19
2026/10/10 17:06:11.138, 2, 8, 97871, 0, 97.84
2026/10/10 17:06:11.138, 3, 11, 97871, 0, 86.45
2026/10/10 17:06:12.138, 0, 80713, 97871, 100, 523.98
2026/10/10 17:06:12.138, 1, 80485, 97871, 100, 522.08
2026/10/10 17:06:12.138, 2, 8, 97871, 0, 97.89
2026/10/10 17:06:12.154, 3, 11, 97871, 0, 86.25
2026/10/10 17:06:13.154, 0, 80713, 97871, 100, 532.45
2026/10/10 17:06:13.154, 1, 80485, 97871, 100, 528.39
2026/10/10 17:06:13.154, 2, 8, 97871, 0, 98.00
2026/10/10 17:06:13.154, 3, 11, 97871, 0, 86.26
2026/10/10 17:06:14.154, 0, 80713, 97871, 100, 525.95
2026/10/10 17:06:14.154, 1, 80485, 97871, 0, 420.42
2026/10/10 17:06:14.154, 2, 8, 97871, 0, 97.88
2026/10/10 17:06:14.154, 3, 11, 97871, 0, 86.46
2026/10/10 17:06:15.154, 0, 80713, 97871, 100, 498.81
2026/10/10 17:06:15.154, 1, 6, 97871, 0, 149.38
2026/10/10 17:06:15.155, 2, 8, 97871, 0, 97.83
2026/10/10 17:06:15.155, 3, 11, 97871, 0, 86.46
2026/10/10 17:06:16.155, 0, 80713, 97871, 99, 469.27
2026/10/10 17:06:16.155, 1, 6, 97871, 0, 150.67
2026/10/10 17:06:16.155, 2, 8, 97871, 0, 97.82
2026/10/10 17:06:16.155, 3, 11, 97871, 0, 86.34
2026/10/10 17:06:17.155, 0, 80713, 97871, 99, 456.99
2026/10/10 17:06:17.155, 1, 6, 97871, 0, 100.44
2026/10/10 17:06:17.155, 2, 8, 97871, 0, 97.75
2026/10/10 17:06:17.155, 3, 11, 97871, 0, 86.33
2026/10/10 17:06:18.155, 0, 80713, 97871, 100, 440.48
2026/10/10 17:06:18.155, 1, 6, 97871, 0, 97.91
2026/10/10 17:06:18.155, 2, 8, 97871, 0, 97.95
2026/10/10 17:06:18.155, 3, 11, 97871, 0, 86.38
2026/10/10 17:06:19.155, 0, 80713, 97871, 100, 530.25
2026/10/10 17:06:19.155, 1, 6, 97871, 0, 97.58
2026/10/10 17:06:19.155, 2, 8, 97871, 0, 97.80
2026/10/10 17:06:19.155, 3, 11, 97871, 0, 86.41
2026/10/10 17:06:20.155, 0, 80713, 97871, 100, 513.39
2026/10/10 17:06:20.156, 1, 6, 97871, 0, 97.62
2026/10/10 17:06:20.156, 2, 8, 97871, 0, 98.02
2026/10/10 17:06:20.156, 3, 11, 97871, 0, 86.47
2026/10/10 17:06:21.156, 0, 80713, 97871, 100, 510.27
2026/10/10 17:06:21.156, 1, 6, 97871, 0, 97.66
2026/10/10 17:06:21.156, 2, 8, 97871, 0, 97.94
2026/10/10 17:06:21.156, 3, 11, 97871, 0, 86.35
2026/10/10 17:06:22.156, 0, 80713, 97871, 100, 514.43
2026/10/10 17:06:22.156, 1, 6, 97871, 0, 97.54
2026/10/10 17:06:22.156, 2, 8, 97871, 0, 98.01
2026/10/10 17:06:22.165, 3, 11, 97871, 0, 86.29
2026/10/10 17:06:23.165, 0, 80713, 97871, 100, 514.01
2026/10/10 17:06:23.165, 1, 6, 97871, 0, 97.48
2026/10/10 17:06:23.165, 2, 8, 97871, 0, 97.93
2026/10/10 17:06:23.165, 3, 11, 97871, 0, 86.23
2026/10/10 17:06:24.165, 0, 80713, 97871, 100, 520.76
2026/10/10 17:06:24.165, 1, 6, 97871, 0, 97.40
2026/10/10 17:06:24.165, 2, 8, 97871, 0, 97.85
2026/10/10 17:06:24.165, 3, 11, 97871, 0, 86.26
2026/10/10 17:06:25.165, 0, 80713, 97871, 100, 527.79
2026/10/10 17:06:25.165, 1, 6, 97871, 0, 97.43
2026/10/10 17:06:25.165, 2, 8, 97871, 0, 97.92
2026/10/10 17:06:25.165, 3, 11, 97871, 0, 86.32
2026/10/10 17:06:26.165, 0, 80713, 97871, 100, 531.61
2026/10/10 17:06:26.165, 1, 6, 97871, 0, 97.19
2026/10/10 17:06:26.165, 2, 8, 97871, 0, 97.83
2026/10/10 17:06:26.166, 3, 11, 97871, 0, 86.25
2026/10/10 17:06:27.166, 0, 80713, 97871, 100, 536.14
2026/10/10 17:06:27.166, 1, 6, 97871, 0, 97.14
2026/10/10 17:06:27.166, 2, 8, 97871, 0, 97.91
2026/10/10 17:06:27.166, 3, 11, 97871, 0, 86.20
2026/10/10 17:06:28.166, 0, 80713, 97871, 100, 524.91
2026/10/10 17:06:28.166, 1, 6, 97871, 0, 96.94
2026/10/10 17:06:28.166, 2, 8, 97871, 0, 97.92
2026/10/10 17:06:28.166, 3, 11, 97871, 0, 86.26
2026/10/10 17:06:29.166, 0, 80713, 97871, 53, 486.66
2026/10/10 17:06:29.166, 1, 6, 97871, 0, 97.00
2026/10/10 17:06:29.166, 2, 8, 97871, 0, 98.02
2026/10/10 17:06:29.166, 3, 11, 97871, 0, 86.28
2026/10/10 17:06:30.166, 0, 80713, 97871, 100, 527.96
2026/10/10 17:06:30.166, 1, 6, 97871, 0, 96.75
2026/10/10 17:06:30.166, 2, 8, 97871, 0, 97.96
2026/10/10 17:06:30.166, 3, 11, 97871, 0, 86.25
2026/10/10 17:06:31.166, 0, 80713, 97871, 100, 522.84
2026/10/10 17:06:31.166, 1, 6, 97871, 0, 96.88
2026/10/10 17:06:31.167, 2, 8, 97871, 0, 97.95
2026/10/10 17:06:31.167, 3, 11, 97871, 0, 86.24
2026/10/10 17:06:32.167, 0, 80713, 97871, 100, 505.30
2026/10/10 17:06:32.167, 1, 6, 97871, 0, 97.07
2026/10/10 17:06:32.167, 2, 8, 97871, 0, 98.12
2026/10/10 17:06:32.172, 3, 11, 97871, 0, 86.26
2026/10/10 17:06:33.172, 0, 80713, 97871, 100, 509.46
2026/10/10 17:06:33.172, 1, 6, 97871, 0, 96.87
2026/10/10 17:06:33.172, 2, 8, 97871, 0, 98.07
2026/10/10 17:06:33.172, 3, 11, 97871, 0, 86.30
2026/10/10 17:06:34.172, 0, 80713, 97871, 100, 510.26
2026/10/10 17:06:34.173, 1, 6, 97871, 0, 97.05
2026/10/10 17:06:34.173, 2, 8, 97871, 0, 98.08
2026/10/10 17:06:34.173, 3, 11, 97871, 0, 86.26
2026/10/10 17:06:35.173, 0, 80713, 97871, 100, 505.18
2026/10/10 17:06:35.173, 1, 6, 97871, 0, 96.88
2026/10/10 17:06:35.173, 2, 8, 97871, 0, 97.89
2026/10/10 17:06:35.173, 3, 11, 97871, 0, 86.28
2026/10/10 17:06:36.173, 0, 80713, 97871, 100, 504.63
2026/10/10 17:06:36.173, 1, 6, 97871, 0, 97.03
2026/10/10 17:06:36.173, 2, 8, 97871, 0, 98.04
2026/10/10 17:06:36.173, 3, 11, 97871, 0, 86.14
2026/10/10 17:06:37.173, 0, 80713, 97871, 100, 505.39
2026/10/10 17:06:37.173, 1, 6, 97871, 0, 96.85
2026/10/10 17:06:37.173, 2, 8, 97871, 0, 98.16
2026/10/10 17:06:37.173, 3, 11, 97871, 0, 86.29
2026/10/10 17:06:38.173, 0, 80713, 97871, 100, 508.80
2026/10/10 17:06:38.174, 1, 6, 97871, 0, 96.82
2026/10/10 17:06:38.174, 2, 8, 97871, 0, 98.05
2026/10/10 17:06:38.174, 3, 11, 97871, 0, 86.28
2026/10/10 17:06:39.174, 0, 80713, 97871, 99, 506.52
2026/10/10 17:06:39.174, 1, 6, 97871, 0, 96.75
2026/10/10 17:06:39.174, 2, 8, 97871, 0, 97.93
2026/10/10 17:06:39.174, 3, 11, 97871, 0, 86.24
2026/10/10 17:06:40.174, 0, 80713, 97871, 100, 511.10
2026/10/10 17:06:40.174, 1, 6, 97871, 0, 96.74
2026/10/10 17:06:40.174, 2, 8, 97871, 0, 98.07
2026/10/10 17:06:40.174, 3, 11, 97871, 0, 86.33
2026/10/10 17:06:41.174, 0, 80713, 97871, 100, 506.83
2026/10/10 17:06:41.174, 1, 6, 97871, 0, 96.65
2026/10/10 17:06:41.174, 2, 8, 97871, 0, 98.12
2026/10/10 17:06:41.174, 3, 11, 97871, 0, 86.36
2026/10/10 17:06:42.174, 0, 80713, 97871, 100, 509.38
2026/10/10 17:06:42.174, 1, 6, 97871, 0, 96.68
2026/10/10 17:06:42.175, 2, 8, 97871, 0, 98.18
2026/10/10 17:06:42.179, 3, 11, 97871, 0, 86.42
2026/10/10 17:06:43.179, 0, 80713, 97871, 100, 509.09
2026/10/10 17:06:43.180, 1, 6, 97871, 0, 96.59
2026/10/10 17:06:43.180, 2, 8, 97871, 0, 98.05
2026/10/10 17:06:43.180, 3, 11, 97871, 0, 86.35
2026/10/10 17:06:44.180, 0, 80713, 97871, 100, 505.18
2026/10/10 17:06:44.180, 1, 6, 97871, 0, 96.56
2026/10/10 17:06:44.180, 2, 8, 97871, 0, 98.10
2026/10/10 17:06:44.180, 3, 11, 97871, 0, 86.34
2026/10/10 17:06:45.180, 0, 80713, 97871, 100, 508.42
2026/10/10 17:06:45.180, 1, 6, 97871, 0, 96.55
2026/10/10 17:06:45.180, 2, 8, 97871, 0, 98.10
2026/10/10 17:06:45.180, 3, 11, 97871, 0, 86.10
2026/10/10 17:06:46.180, 0, 80713, 97871, 100, 503.81
2026/10/10 17:06:46.180, 1, 6, 97871, 0, 96.58
2026/10/10 17:06:46.180, 2, 8, 97871, 0, 98.06
2026/10/10 17:06:46.180, 3, 11, 97871, 0, 86.22
2026/10/10 17:06:47.180, 0, 80713, 97871, 100, 508.95
2026/10/10 17:06:47.180, 1, 6, 97871, 0, 96.57
2026/10/10 17:06:47.180, 2, 8, 97871, 0, 97.98
2026/10/10 17:06:47.181, 3, 11, 97871, 0, 86.13
2026/10/10 17:06:48.181, 0, 80713, 97871, 100, 510.04
2026/10/10 17:06:48.181, 1, 6, 97871, 0, 96.64
2026/10/10 17:06:48.181, 2, 8, 97871, 0, 98.08
2026/10/10 17:06:48.181, 3, 11, 97871, 0, 86.07
2026/10/10 17:06:49.181, 0, 80713, 97871, 100, 509.30
2026/10/10 17:06:49.181, 1, 6, 97871, 0, 96.64
2026/10/10 17:06:49.181, 2, 8, 97871, 0, 98.11
2026/10/10 17:06:49.181, 3, 11, 97871, 0, 86.18
2026/10/10 17:06:50.181, 0, 80713, 97871, 100, 508.05
2026/10/10 17:06:50.181, 1, 6, 97871, 0, 96.60
2026/10/10 17:06:50.181, 2, 8, 97871, 0, 98.17
2026/10/10 17:06:50.181, 3, 11, 97871, 0, 86.27
2026/10/10 17:06:51.181, 0, 80713, 97871, 100, 511.44
2026/10/10 17:06:51.181, 1, 6, 97871, 0, 96.33
2026/10/10 17:06:51.181, 2, 8, 97871, 0, 98.10
2026/10/10 17:06:51.181, 3, 11, 97871, 0, 86.23
2026/10/10 17:06:52.182, 0, 80713, 97871, 100, 509.49
2026/10/10 17:06:52.182, 1, 6, 97871, 0, 96.50
2026/10/10 17:06:52.182, 2, 8, 97871, 0, 98.00
2026/10/10 17:06:52.187, 3, 11, 97871, 0, 86.32
2026/10/10 17:06:53.187, 0, 80713, 97871, 100, 504.01
2026/10/10 17:06:53.187, 1, 6, 97871, 0, 96.45
2026/10/10 17:06:53.187, 2, 8, 97871, 0, 98.13
2026/10/10 17:06:53.187, 3, 11, 97871, 0, 86.27
2026/10/10 17:06:54.187, 0, 80713, 97871, 100, 505.14
2026/10/10 17:06:54.187, 1, 6, 97871, 0, 96.52
2026/10/10 17:06:54.187, 2, 8, 97871, 0, 98.08
2026/10/10 17:06:54.187, 3, 11, 97871, 0, 86.41
2026/10/10 17:06:55.187, 0, 80713, 97871, 100, 508.31
2026/10/10 17:06:55.187, 1, 6, 97871, 0, 96.57
2026/10/10 17:06:55.187, 2, 8, 97871, 0, 98.11
2026/10/10 17:06:55.187, 3, 11, 97871, 0, 86.26
2026/10/10 17:06:56.188, 0, 80713, 97871, 100, 508.80
2026/10/10 17:06:56.188, 1, 6, 97871, 0, 96.60
2026/10/10 17:06:56.188, 2, 8, 97871, 0, 98.21
2026/10/10 17:06:56.188, 3, 11, 97871, 0, 86.23
2026/10/10 17:06:57.188, 0, 80713, 97871, 100, 504.40
2026/10/10 17:06:57.188, 1, 6, 97871, 0, 96.46
2026/10/10 17:06:57.188, 2, 8, 97871, 0, 98.12
2026/10/10 17:06:57.188, 3, 11, 97871, 0, 86.27
2026/10/10 17:06:58.188, 0, 80713, 97871, 100, 509.62
2026/10/10 17:06:58.188, 1, 6, 97871, 0, 96.43
2026/10/10 17:06:58.188, 2, 8, 97871, 0, 98.19
2026/10/10 17:06:58.188, 3, 11, 97871, 0, 86.31
2026/10/10 17:06:59.188, 0, 80713, 97871, 100, 512.74
2026/10/10 17:06:59.188, 1, 6, 97871, 0, 96.32
2026/10/10 17:06:59.188, 2, 8, 97871, 0, 98.30
2026/10/10 17:06:59.188, 3, 11, 97871, 0, 86.21
2026/10/10 17:07:00.188, 0, 80713, 97871, 100, 513.13
2026/10/10 17:07:00.188, 1, 6, 97871, 0, 96.41
2026/10/10 17:07:00.189, 2, 8, 97871, 0, 98.13
2026/10/10 17:07:00.189, 3, 11, 97871, 0, 86.22
2026/10/10 17:07:01.189, 0, 80713, 97871, 100, 517.77
2026/10/10 17:07:01.189, 1, 6, 97871, 0, 96.23
2026/10/10 17:07:01.189, 2, 8, 97871, 0, 98.04
2026/10/10 17:07:01.189, 3, 11, 97871, 0, 86.14
2026/10/10 17:07:02.189, 0, 80713, 97871, 100, 523.06
2026/10/10 17:07:02.189, 1, 6, 97871, 0, 96.27
2026/10/10 17:07:02.189, 2, 8, 97871, 0, 98.24
2026/10/10 17:07:02.194, 3, 11, 97871, 0, 86.11
2026/10/10 17:07:03.194, 0, 80713, 97871, 100, 531.48
2026/10/10 17:07:03.194, 1, 6, 97871, 0, 96.19
2026/10/10 17:07:03.194, 2, 8, 97871, 0, 97.95
2026/10/10 17:07:03.194, 3, 11, 97871, 0, 86.13
2026/10/10 17:07:04.194, 0, 80713, 97871, 100, 534.87
2026/10/10 17:07:04.195, 1, 6, 97871, 0, 96.20
2026/10/10 17:07:04.195, 2, 8, 97871, 0, 97.91
2026/10/10 17:07:04.195, 3, 11, 97871, 0, 86.13
2026/10/10 17:07:05.195, 0, 80713, 97871, 100, 513.67
2026/10/10 17:07:05.195, 1, 6, 97871, 0, 96.20
2026/10/10 17:07:05.195, 2, 8, 97871, 0, 97.98
2026/10/10 17:07:05.195, 3, 11, 97871, 0, 86.11
2026/10/10 17:07:06.195, 0, 80713, 97871, 99, 468.98
2026/10/10 17:07:06.195, 1, 6, 97871, 0, 96.19
2026/10/10 17:07:06.195, 2, 8, 97871, 0, 98.01
2026/10/10 17:07:06.195, 3, 11, 97871, 0, 85.99
2026/10/10 17:07:07.195, 0, 80713, 97871, 0, 328.14
2026/10/10 17:07:07.195, 1, 6, 97871, 0, 96.12
2026/10/10 17:07:07.195, 2, 8, 97871, 0, 98.06
2026/10/10 17:07:07.195, 3, 11, 97871, 0, 86.07
2026/10/10 17:07:08.195, 0, 80713, 97871, 100, 535.43
2026/10/10 17:07:08.196, 1, 6, 97871, 0, 96.18
2026/10/10 17:07:08.196, 2, 8, 97871, 0, 98.27
2026/10/10 17:07:08.196, 3, 11, 97871, 0, 86.08
2026/10/10 17:07:09.196, 0, 80713, 97871, 100, 534.94
2026/10/10 17:07:09.196, 1, 6, 97871, 0, 95.87
2026/10/10 17:07:09.196, 2, 8, 97871, 0, 98.16
2026/10/10 17:07:09.196, 3, 11, 97871, 0, 86.10
2026/10/10 17:07:10.196, 0, 80713, 97871, 100, 532.13
2026/10/10 17:07:10.196, 1, 6, 97871, 0, 95.77
2026/10/10 17:07:10.196, 2, 8, 97871, 0, 98.14
2026/10/10 17:07:10.196, 3, 11, 97871, 0, 86.06
2026/10/10 17:07:11.196, 0, 80713, 97871, 100, 528.59
2026/10/10 17:07:11.196, 1, 6, 97871, 0, 95.91
2026/10/10 17:07:11.196, 2, 8, 97871, 0, 98.09
2026/10/10 17:07:11.196, 3, 11, 97871, 0, 86.02
2026/10/10 17:07:12.196, 0, 80713, 97871, 100, 507.78
2026/10/10 17:07:12.197, 1, 6, 97871, 0, 96.31
2026/10/10 17:07:12.197, 2, 8, 97871, 0, 98.31
2026/10/10 17:07:12.203, 3, 11, 97871, 0, 86.08
2026/10/10 17:07:13.204, 0, 80713, 97871, 100, 509.59
2026/10/10 17:07:13.204, 1, 6, 97871, 0, 96.37
2026/10/10 17:07:13.204, 2, 8, 97871, 0, 98.24
2026/10/10 17:07:13.204, 3, 11, 97871, 0, 86.09
2026/10/10 17:07:14.204, 0, 80713, 97871, 100, 512.24
2026/10/10 17:07:14.204, 1, 6, 97871, 0, 96.34
2026/10/10 17:07:14.204, 2, 8, 97871, 0, 98.18
2026/10/10 17:07:14.204, 3, 11, 97871, 0, 86.11
2026/10/10 17:07:15.204, 0, 80713, 97871, 100, 512.26
2026/10/10 17:07:15.204, 1, 6, 97871, 0, 96.22
2026/10/10 17:07:15.204, 2, 8, 97871, 0, 98.43
2026/10/10 17:07:15.204, 3, 11, 97871, 0, 85.99
2026/10/10 17:07:16.204, 0, 80713, 97871, 100, 511.55
2026/10/10 17:07:16.204, 1, 6, 97871, 0, 96.41
2026/10/10 17:07:16.204, 2, 8, 97871, 0, 98.86
2026/10/10 17:07:16.204, 3, 11, 97871, 0, 86.02
2026/10/10 17:07:17.204, 0, 80713, 97871, 100, 508.51
2026/10/10 17:07:17.204, 1, 6, 97871, 0, 96.43
2026/10/10 17:07:17.204, 2, 8, 97871, 0, 98.90
2026/10/10 17:07:17.204, 3, 11, 97871, 0, 86.07
2026/10/10 17:07:18.205, 0, 80713, 97871, 100, 509.26
2026/10/10 17:07:18.205, 1, 6, 97871, 0, 96.46
2026/10/10 17:07:18.205, 2, 8, 97871, 0, 98.70
2026/10/10 17:07:18.205, 3, 11, 97871, 0, 86.00
2026/10/10 17:07:19.205, 0, 80713, 97871, 100, 509.11
2026/10/10 17:07:19.205, 1, 6, 97871, 0, 96.27
2026/10/10 17:07:19.205, 2, 8, 97871, 0, 98.79
2026/10/10 17:07:19.205, 3, 11, 97871, 0, 86.00
2026/10/10 17:07:20.205, 0, 80713, 97871, 100, 517.25
2026/10/10 17:07:20.205, 1, 6, 97871, 0, 96.14
2026/10/10 17:07:20.205, 2, 8, 97871, 0, 98.67
2026/10/10 17:07:20.205, 3, 11, 97871, 0, 86.06
2026/10/10 17:07:21.205, 0, 80713, 97871, 100, 518.74
2026/10/10 17:07:21.205, 1, 6, 97871, 0, 96.10
2026/10/10 17:07:21.205, 2, 8, 97871, 0, 98.74
2026/10/10 17:07:21.205, 3, 11, 97871, 0, 85.95
2026/10/10 17:07:22.205, 0, 80713, 97871, 100, 520.20
2026/10/10 17:07:22.206, 1, 6, 97871, 0, 96.08
2026/10/10 17:07:22.206, 2, 8, 97871, 0, 98.58
2026/10/10 17:07:22.211, 3, 11, 97871, 0, 86.06
2026/10/10 17:07:23.211, 0, 80713, 97871, 100, 525.13
2026/10/10 17:07:23.211, 1, 6, 97871, 0, 96.18
2026/10/10 17:07:23.211, 2, 8, 97871, 0, 98.58
2026/10/10 17:07:23.211, 3, 11, 97871, 0, 85.98
2026/10/10 17:07:24.211, 0, 80713, 97871, 100, 534.28
2026/10/10 17:07:24.211, 1, 6, 97871, 0, 95.92
2026/10/10 17:07:24.211, 2, 8, 97871, 0, 98.59
2026/10/10 17:07:24.211, 3, 11, 97871, 0, 86.12
2026/10/10 17:07:25.211, 0, 80713, 97871, 100, 487.82
2026/10/10 17:07:25.211, 1, 6, 97871, 0, 96.05
2026/10/10 17:07:25.212, 2, 8, 97871, 0, 98.69
2026/10/10 17:07:25.212, 3, 11, 97871, 0, 86.13
2026/10/10 17:07:26.212, 0, 80713, 97871, 100, 531.32
2026/10/10 17:07:26.212, 1, 6, 97871, 0, 95.65
2026/10/10 17:07:26.212, 2, 8, 97871, 0, 98.46
2026/10/10 17:07:26.212, 3, 11, 97871, 0, 86.11
2026/10/10 17:07:27.212, 0, 80713, 97871, 100, 528.89
2026/10/10 17:07:27.212, 1, 6, 97871, 0, 95.60
2026/10/10 17:07:27.212, 2, 8, 97871, 0, 98.56
2026/10/10 17:07:27.212, 3, 11, 97871, 0, 86.12
2026/10/10 17:07:28.212, 0, 80713, 97871, 100, 529.38
2026/10/10 17:07:28.212, 1, 6, 97871, 0, 95.51
2026/10/10 17:07:28.212, 2, 8, 97871, 0, 98.47
2026/10/10 17:07:28.212, 3, 11, 97871, 0, 86.16
2026/10/10 17:07:29.212, 0, 80713, 97871, 100, 517.22
2026/10/10 17:07:29.212, 1, 6, 97871, 0, 95.82
2026/10/10 17:07:29.212, 2, 8, 97871, 0, 98.51
2026/10/10 17:07:29.212, 3, 11, 97871, 0, 85.98
2026/10/10 17:07:30.212, 0, 80713, 97871, 100, 509.28
2026/10/10 17:07:30.213, 1, 6, 97871, 0, 95.87
2026/10/10 17:07:30.213, 2, 8, 97871, 0, 98.50
2026/10/10 17:07:30.213, 3, 11, 97871, 0, 86.03
2026/10/10 17:07:31.213, 0, 80713, 97871, 100, 509.61
2026/10/10 17:07:31.213, 1, 6, 97871, 0, 96.06
2026/10/10 17:07:31.213, 2, 8, 97871, 0, 98.57
2026/10/10 17:07:31.213, 3, 11, 97871, 0, 86.05
2026/10/10 17:07:32.213, 0, 80713, 97871, 100, 510.98
2026/10/10 17:07:32.213, 1, 6, 97871, 0, 95.99
2026/10/10 17:07:32.213, 2, 8, 97871, 0, 98.58
2026/10/10 17:07:32.218, 3, 11, 97871, 0, 86.07
2026/10/10 17:07:33.218, 0, 80713, 97871, 100, 506.70
2026/10/10 17:07:33.218, 1, 6, 97871, 0, 95.94
2026/10/10 17:07:33.218, 2, 8, 97871, 0, 98.70
2026/10/10 17:07:33.218, 3, 11, 97871, 0, 85.98
2026/10/10 17:07:34.218, 0, 80713, 97871, 100, 508.24
2026/10/10 17:07:34.218, 1, 6, 97871, 0, 96.09
2026/10/10 17:07:34.218, 2, 8, 97871, 0, 98.72
2026/10/10 17:07:34.218, 3, 11, 97871, 0, 86.03
2026/10/10 17:07:35.219, 0, 80713, 97871, 100, 511.66
2026/10/10 17:07:35.219, 1, 6, 97871, 0, 95.95
2026/10/10 17:07:35.219, 2, 8, 97871, 0, 98.81
2026/10/10 17:07:35.219, 3, 11, 97871, 0, 86.04
2026/10/10 17:07:36.219, 0, 80713, 97871, 100, 508.16
2026/10/10 17:07:36.219, 1, 6, 97871, 0, 95.83
2026/10/10 17:07:36.219, 2, 8, 97871, 0, 98.68
2026/10/10 17:07:36.219, 3, 11, 97871, 0, 86.06
2026/10/10 17:07:37.219, 0, 80713, 97871, 100, 510.17
2026/10/10 17:07:37.219, 1, 6, 97871, 0, 95.97
2026/10/10 17:07:37.219, 2, 8, 97871, 0, 98.57
2026/10/10 17:07:37.219, 3, 11, 97871, 0, 85.96
2026/10/10 17:07:38.219, 0, 80713, 97871, 100, 510.29
2026/10/10 17:07:38.219, 1, 6, 97871, 0, 95.94
2026/10/10 17:07:38.219, 2, 8, 97871, 0, 98.55
2026/10/10 17:07:38.220, 3, 11, 97871, 0, 86.02
2026/10/10 17:07:39.220, 0, 80713, 97871, 100, 514.49
2026/10/10 17:07:39.220, 1, 6, 97871, 0, 95.86
2026/10/10 17:07:39.220, 2, 8, 97871, 0, 98.55
2026/10/10 17:07:39.220, 3, 11, 97871, 0, 86.06
2026/10/10 17:07:40.220, 0, 80713, 97871, 100, 508.53
2026/10/10 17:07:40.220, 1, 6, 97871, 0, 96.03
2026/10/10 17:07:40.220, 2, 8, 97871, 0, 98.66
2026/10/10 17:07:40.220, 3, 11, 97871, 0, 86.10
2026/10/10 17:07:41.220, 0, 80713, 97871, 100, 503.25
2026/10/10 17:07:41.220, 1, 6, 97871, 0, 95.94
2026/10/10 17:07:41.220, 2, 8, 97871, 0, 98.54
2026/10/10 17:07:41.220, 3, 11, 97871, 0, 86.11
2026/10/10 17:07:42.220, 0, 80713, 97871, 100, 509.23
2026/10/10 17:07:42.221, 1, 6, 97871, 0, 95.79
2026/10/10 17:07:42.221, 2, 8, 97871, 0, 98.50
2026/10/10 17:07:42.225, 3, 11, 97871, 0, 86.01
2026/10/10 17:07:43.225, 0, 80713, 97871, 100, 509.02
2026/10/10 17:07:43.226, 1, 6, 97871, 0, 96.05
2026/10/10 17:07:43.226, 2, 8, 97871, 0, 98.76
2026/10/10 17:07:43.226, 3, 11, 97871, 0, 86.03
2026/10/10 17:07:44.226, 0, 80713, 97871, 100, 510.26
2026/10/10 17:07:44.226, 1, 6, 97871, 0, 96.02
2026/10/10 17:07:44.226, 2, 8, 97871, 0, 98.62
2026/10/10 17:07:44.226, 3, 11, 97871, 0, 86.10
2026/10/10 17:07:45.226, 0, 80713, 97871, 100, 511.64
2026/10/10 17:07:45.226, 1, 6, 97871, 0, 95.89
2026/10/10 17:07:45.226, 2, 8, 97871, 0, 98.55
2026/10/10 17:07:45.226, 3, 11, 97871, 0, 85.96
2026/10/10 17:07:46.226, 0, 80713, 97871, 100, 512.79
2026/10/10 17:07:46.226, 1, 6, 97871, 0, 95.80
2026/10/10 17:07:46.226, 2, 8, 97871, 0, 98.75
2026/10/10 17:07:46.226, 3, 11, 97871, 0, 85.92
2026/10/10 17:07:47.227, 0, 80713, 97871, 100, 511.70
2026/10/10 17:07:47.227, 1, 6, 97871, 0, 95.83
2026/10/10 17:07:47.227, 2, 8, 97871, 0, 98.71
2026/10/10 17:07:47.227, 3, 11, 97871, 0, 85.93
2026/10/10 17:07:48.227, 0, 80713, 97871, 100, 509.95
2026/10/10 17:07:48.227, 1, 6, 97871, 0, 95.78
2026/10/10 17:07:48.227, 2, 8, 97871, 0, 98.65
2026/10/10 17:07:48.227, 3, 11, 97871, 0, 86.03
2026/10/10 17:07:49.227, 0, 80713, 97871, 100, 508.52
2026/10/10 17:07:49.227, 1, 6, 97871, 0, 95.98
2026/10/10 17:07:49.227, 2, 8, 97871, 0, 98.51
2026/10/10 17:07:49.227, 3, 11, 97871, 0, 86.07
2026/10/10 17:07:50.227, 0, 80713, 97871, 100, 512.62
2026/10/10 17:07:50.227, 1, 6, 97871, 0, 95.87
2026/10/10 17:07:50.228, 2, 8, 97871, 0, 98.46
2026/10/10 17:07:50.228, 3, 11, 97871, 0, 86.02
2026/10/10 17:07:51.228, 0, 80713, 97871, 100, 511.16
2026/10/10 17:07:51.228, 1, 6, 97871, 0, 95.92
2026/10/10 17:07:51.228, 2, 8, 97871, 0, 98.60
2026/10/10 17:07:51.228, 3, 11, 97871, 0, 86.04
2026/10/10 17:07:52.228, 0, 80713, 97871, 100, 510.54
2026/10/10 17:07:52.228, 1, 6, 97871, 0, 95.77
2026/10/10 17:07:52.228, 2, 8, 97871, 0, 98.68
2026/10/10 17:07:52.233, 3, 11, 97871, 0, 85.92
2026/10/10 17:07:53.233, 0, 80713, 97871, 100, 511.27
2026/10/10 17:07:53.233, 1, 6, 97871, 0, 95.85
2026/10/10 17:07:53.233, 2, 8, 97871, 0, 98.76
2026/10/10 17:07:53.233, 3, 11, 97871, 0, 86.04
2026/10/10 17:07:54.233, 0, 80713, 97871, 100, 505.72
2026/10/10 17:07:54.233, 1, 6, 97871, 0, 95.91
2026/10/10 17:07:54.233, 2, 8, 97871, 0, 98.54
2026/10/10 17:07:54.233, 3, 11, 97871, 0, 86.01
2026/10/10 17:07:55.233, 0, 80713, 97871, 100, 513.31
2026/10/10 17:07:55.233, 1, 6, 97871, 0, 95.82
2026/10/10 17:07:55.233, 2, 8, 97871, 0, 98.69
2026/10/10 17:07:55.234, 3, 11, 97871, 0, 86.03
2026/10/10 17:07:56.234, 0, 80713, 97871, 98, 511.61
2026/10/10 17:07:56.234, 1, 6, 97871, 0, 95.75
2026/10/10 17:07:56.234, 2, 8, 97871, 0, 98.49
2026/10/10 17:07:56.234, 3, 11, 97871, 0, 86.03
2026/10/10 17:07:57.234, 0, 80713, 97871, 100, 507.90
2026/10/10 17:07:57.234, 1, 6, 97871, 0, 95.95
2026/10/10 17:07:57.234, 2, 8, 97871, 0, 98.67
2026/10/10 17:07:57.234, 3, 11, 97871, 0, 85.97
2026/10/10 17:07:58.234, 0, 80713, 97871, 100, 510.05
2026/10/10 17:07:58.234, 1, 6, 97871, 0, 95.89
2026/10/10 17:07:58.234, 2, 8, 97871, 0, 98.61
2026/10/10 17:07:58.234, 3, 11, 97871, 0, 86.00
2026/10/10 17:07:59.234, 0, 80713, 97871, 100, 513.47
2026/10/10 17:07:59.235, 1, 6, 97871, 0, 95.80
2026/10/10 17:07:59.235, 2, 8, 97871, 0, 98.65
2026/10/10 17:07:59.235, 3, 11, 97871, 0, 86.05
2026/10/10 17:08:00.235, 0, 80713, 97871, 100, 509.24
2026/10/10 17:08:00.235, 1, 6, 97871, 0, 95.81
2026/10/10 17:08:00.235, 2, 8, 97871, 0, 98.78
2026/10/10 17:08:00.235, 3, 11, 97871, 0, 86.00
2026/10/10 17:08:01.235, 0, 80713, 97871, 100, 510.70
2026/10/10 17:08:01.235, 1, 6, 97871, 0, 95.86
2026/10/10 17:08:01.235, 2, 8, 97871, 0, 98.40
2026/10/10 17:08:01.235, 3, 11, 97871, 0, 86.11
2026/10/10 17:08:02.235, 0, 80713, 97871, 100, 513.91
2026/10/10 17:08:02.235, 1, 6, 97871, 0, 95.79
2026/10/10 17:08:02.236, 2, 8, 97871, 0, 98.49
2026/10/10 17:08:02.252, 3, 11, 97871, 0, 85.87
2026/10/10 17:08:03.252, 0, 80713, 97871, 100, 508.97
2026/10/10 17:08:03.252, 1, 6, 97871, 0, 95.79
2026/10/10 17:08:03.252, 2, 8, 97871, 0, 98.59
2026/10/10 17:08:03.252, 3, 11, 97871, 0, 86.02
2026/10/10 17:08:04.252, 0, 80713, 97871, 100, 507.66
2026/10/10 17:08:04.252, 1, 6, 97871, 0, 95.93
2026/10/10 17:08:04.252, 2, 8, 97871, 0, 98.61
2026/10/10 17:08:04.252, 3, 11, 97871, 0, 86.04
2026/10/10 17:08:05.252, 0, 80713, 97871, 100, 510.24
2026/10/10 17:08:05.252, 1, 6, 97871, 0, 95.82
2026/10/10 17:08:05.252, 2, 8, 97871, 0, 98.55
2026/10/10 17:08:05.252, 3, 11, 97871, 0, 85.90
2026/10/10 17:08:06.253, 0, 80713, 97871, 100, 512.70
2026/10/10 17:08:06.253, 1, 6, 97871, 0, 95.79
2026/10/10 17:08:06.253, 2, 8, 97871, 0, 98.69
2026/10/10 17:08:06.253, 3, 11, 97871, 0, 85.95
2026/10/10 17:08:07.253, 0, 80713, 97871, 100, 507.42
2026/10/10 17:08:07.253, 1, 6, 97871, 0, 95.75
2026/10/10 17:08:07.253, 2, 8, 97871, 0, 98.69
2026/10/10 17:08:07.253, 3, 11, 97871, 0, 85.97
2026/10/10 17:08:08.253, 0, 80713, 97871, 100, 511.79
2026/10/10 17:08:08.253, 1, 6, 97871, 0, 95.78
2026/10/10 17:08:08.253, 2, 8, 97871, 0, 98.70
2026/10/10 17:08:08.253, 3, 11, 97871, 0, 85.99
2026/10/10 17:08:09.253, 0, 80713, 97871, 100, 508.41
2026/10/10 17:08:09.253, 1, 6, 97871, 0, 95.84
2026/10/10 17:08:09.253, 2, 8, 97871, 0, 98.58
2026/10/10 17:08:09.254, 3, 11, 97871, 0, 85.98
2026/10/10 17:08:10.254, 0, 80713, 97871, 100, 511.68
2026/10/10 17:08:10.254, 1, 6, 97871, 0, 95.78
2026/10/10 17:08:10.254, 2, 8, 97871, 0, 98.64
2026/10/10 17:08:10.254, 3, 11, 97871, 0, 86.06
2026/10/10 17:08:11.254, 0, 80713, 97871, 100, 512.26
2026/10/10 17:08:11.254, 1, 6, 97871, 0, 95.78
2026/10/10 17:08:11.254, 2, 8, 97871, 0, 98.84
2026/10/10 17:08:11.254, 3, 10, 97871, 0, 86.02
2026/10/10 17:08:12.254, 0, 80713, 97871, 100, 509.91
2026/10/10 17:08:12.254, 1, 6, 97871, 0, 95.82
2026/10/10 17:08:12.254, 2, 8, 97871, 0, 98.72
2026/10/10 17:08:12.262, 3, 10, 97871, 0, 85.99
2026/10/10 17:08:13.262, 0, 80713, 97871, 100, 511.14
2026/10/10 17:08:13.262, 1, 6, 97871, 0, 95.81
2026/10/10 17:08:13.262, 2, 8, 97871, 0, 98.52
2026/10/10 17:08:13.262, 3, 10, 97871, 0, 86.09
2026/10/10 17:08:14.262, 0, 80713, 97871, 100, 509.82
2026/10/10 17:08:14.262, 1, 6, 97871, 0, 95.82
2026/10/10 17:08:14.262, 2, 8, 97871, 0, 98.64
2026/10/10 17:08:14.262, 3, 10, 97871, 0, 86.04
2026/10/10 17:08:15.262, 0, 80713, 97871, 100, 511.74
2026/10/10 17:08:15.262, 1, 6, 97871, 0, 95.82
2026/10/10 17:08:15.262, 2, 8, 97871, 0, 98.61
2026/10/10 17:08:15.263, 3, 10, 97871, 0, 86.00
2026/10/10 17:08:16.263, 0, 80713, 97871, 100, 510.51
2026/10/10 17:08:16.263, 1, 6, 97871, 0, 95.71
2026/10/10 17:08:16.263, 2, 8, 97871, 0, 98.57
2026/10/10 17:08:16.263, 3, 10, 97871, 0, 86.03
2026/10/10 17:08:17.263, 0, 80713, 97871, 100, 513.86
2026/10/10 17:08:17.263, 1, 6, 97871, 0, 95.87
2026/10/10 17:08:17.263, 2, 8, 97871, 0, 98.60
2026/10/10 17:08:17.263, 3, 10, 97871, 0, 85.98
2026/10/10 17:08:18.263, 0, 80713, 97871, 100, 517.42
2026/10/10 17:08:18.263, 1, 6, 97871, 0, 95.83
2026/10/10 17:08:18.263, 2, 8, 97871, 0, 98.70
2026/10/10 17:08:18.263, 3, 10, 97871, 0, 86.03
2026/10/10 17:08:19.263, 0, 80713, 97871, 100, 511.37
2026/10/10 17:08:19.263, 1, 6, 97871, 0, 95.74
2026/10/10 17:08:19.263, 2, 8, 97871, 0, 98.71
2026/10/10 17:08:19.263, 3, 10, 97871, 0, 86.09
2026/10/10 17:08:20.264, 0, 80713, 97871, 100, 512.53
2026/10/10 17:08:20.264, 1, 6, 97871, 0, 95.69
2026/10/10 17:08:20.264, 2, 8, 97871, 0, 98.53
2026/10/10 17:08:20.264, 3, 10, 97871, 0, 86.07
2026/10/10 17:08:21.264, 0, 80713, 97871, 100, 512.70
2026/10/10 17:08:21.264, 1, 6, 97871, 0, 95.74
2026/10/10 17:08:21.264, 2, 8, 97871, 0, 98.71
2026/10/10 17:08:21.264, 3, 10, 97871, 0, 85.99
2026/10/10 17:08:22.264, 0, 80713, 97871, 100, 510.40
2026/10/10 17:08:22.264, 1, 6, 97871, 0, 95.69
2026/10/10 17:08:22.264, 2, 8, 97871, 0, 98.57
2026/10/10 17:08:22.269, 3, 10, 97871, 0, 86.08
2026/10/10 17:08:23.269, 0, 80713, 97871, 100, 515.43
2026/10/10 17:08:23.269, 1, 6, 97871, 0, 95.66
2026/10/10 17:08:23.269, 2, 8, 97871, 0, 98.69
2026/10/10 17:08:23.269, 3, 10, 97871, 0, 85.92
2026/10/10 17:08:24.269, 0, 80713, 97871, 100, 517.37
2026/10/10 17:08:24.269, 1, 6, 97871, 0, 95.60
2026/10/10 17:08:24.269, 2, 8, 97871, 0, 98.69
2026/10/10 17:08:24.269, 3, 10, 97871, 0, 85.97
2026/10/10 17:08:25.270, 0, 80713, 97871, 100, 527.81
2026/10/10 17:08:25.270, 1, 6, 97871, 0, 95.55
2026/10/10 17:08:25.270, 2, 8, 97871, 0, 98.50
2026/10/10 17:08:25.270, 3, 10, 97871, 0, 85.88
2026/10/10 17:08:26.270, 0, 80713, 97871, 100, 533.34
2026/10/10 17:08:26.270, 1, 6, 97871, 0, 95.61
2026/10/10 17:08:26.270, 2, 8, 97871, 0, 98.63
2026/10/10 17:08:26.270, 3, 10, 97871, 0, 86.02
2026/10/10 17:08:27.270, 0, 80713, 97871, 100, 509.79
2026/10/10 17:08:27.270, 1, 6, 97871, 0, 95.57
2026/10/10 17:08:27.270, 2, 8, 97871, 0, 98.56
2026/10/10 17:08:27.270, 3, 10, 97871, 0, 85.96
2026/10/10 17:08:28.270, 0, 80713, 97871, 91, 422.49
2026/10/10 17:08:28.270, 1, 6, 97871, 0, 95.53
2026/10/10 17:08:28.270, 2, 8, 97871, 0, 98.63
2026/10/10 17:08:28.270, 3, 10, 97871, 0, 85.90
2026/10/10 17:08:29.270, 0, 11, 97871, 0, 131.10
2026/10/10 17:08:29.271, 1, 6, 97871, 0, 95.82
2026/10/10 17:08:29.271, 2, 8, 97871, 0, 98.93
2026/10/10 17:08:29.271, 3, 10, 97871, 0, 85.91
2026/10/10 17:08:30.271, 0, 11, 97871, 0, 134.12
2026/10/10 17:08:30.271, 1, 6, 97871, 0, 95.94
2026/10/10 17:08:30.271, 2, 8, 97871, 0, 99.25
2026/10/10 17:08:30.271, 3, 10, 97871, 0, 85.96
