2026/10/09 02:34:02.092, 0, 30, 97871, 0, 78.74
2026/10/09 02:34:02.096, 1, 21, 97871, 0, 101.72
2026/10/09 02:34:02.099, 2, 24, 97871, 0, 95.97
2026/10/09 02:34:02.102, 3, 19, 97871, 0, 83.31
2026/10/09 02:34:03.106, 0, 30, 97871, 0, 78.75
2026/10/09 02:34:03.106, 1, 21, 97871, 0, 101.55
2026/10/09 02:34:03.106, 2, 24, 97871, 0, 96.00
2026/10/09 02:34:03.106, 3, 19, 97871, 0, 82.95
2026/10/09 02:34:04.106, 0, 30, 97871, 0, 78.52
2026/10/09 02:34:04.106, 1, 21, 97871, 0, 101.41
2026/10/09 02:34:04.106, 2, 24, 97871, 0, 95.86
2026/10/09 02:34:04.106, 3, 19, 97871, 0, 82.95
2026/10/09 02:34:05.106, 0, 30, 97871, 0, 78.47
2026/10/09 02:34:05.106, 1, 21, 97871, 0, 101.42
2026/10/09 02:34:05.106, 2, 24, 97871, 0, 95.83
2026/10/09 02:34:05.106, 3, 19, 97871, 0, 83.13
2026/10/09 02:34:06.106, 0, 30, 97871, 0, 78.60
2026/10/09 02:34:06.106, 1, 21, 97871, 0, 101.38
2026/10/09 02:34:06.106, 2, 24, 97871, 0, 95.75
2026/10/09 02:34:06.106, 3, 19, 97871, 0, 83.24
2026/10/09 02:34:07.106, 0, 30, 97871, 0, 78.55
2026/10/09 02:34:07.106, 1, 21, 97871, 0, 101.48
2026/10/09 02:34:07.106, 2, 24, 97871, 0, 96.01
2026/10/09 02:34:07.106, 3, 19, 97871, 0, 83.22
2026/10/09 02:34:08.107, 0, 30, 97871, 0, 78.60
2026/10/09 02:34:08.107, 1, 21, 97871, 0, 101.52
2026/10/09 02:34:08.107, 2, 24, 97871, 0, 96.00
2026/10/09 02:34:08.107, 3, 19, 97871, 0, 83.07
2026/10/09 02:34:09.107, 0, 30, 97871, 0, 78.71
2026/10/09 02:34:09.107, 1, 21, 97871, 0, 101.56
2026/10/09 02:34:09.107, 2, 24, 97871, 0, 95.86
2026/10/09 02:34:09.107, 3, 19, 97871, 0, 83.06
2026/10/09 02:34:10.107, 0, 30, 97871, 0, 78.88
2026/10/09 02:34:10.107, 1, 21, 97871, 0, 101.54
2026/10/09 02:34:10.107, 2, 24, 97871, 0, 95.97
2026/10/09 02:34:10.107, 3, 19, 97871, 0, 82.90
2026/10/09 02:34:11.107, 0, 30, 97871, 0, 78.83
2026/10/09 02:34:11.107, 1, 21, 97871, 0, 101.43
2026/10/09 02:34:11.107, 2, 24, 97871, 0, 96.10
2026/10/09 02:34:11.107, 3, 19, 97871, 0, 82.99
2026/10/09 02:34:12.107, 0, 30, 97871, 0, 78.66
2026/10/09 02:34:12.107, 1, 21, 97871, 0, 101.34
2026/10/09 02:34:12.107, 2, 24, 97871, 0, 96.13
2026/10/09 02:34:12.107, 3, 19, 97871, 0, 82.95
2026/10/09 02:34:13.107, 0, 30, 97871, 0, 78.65
2026/10/09 02:34:13.107, 1, 21, 97871, 0, 101.49
2026/10/09 02:34:13.107, 2, 24, 97871, 0, 95.87
2026/10/09 02:34:13.107, 3, 19, 97871, 0, 83.10
2026/10/09 02:34:14.107, 0, 30, 97871, 0, 78.73
2026/10/09 02:34:14.107, 1, 21, 97871, 0, 101.56
2026/10/09 02:34:14.107, 2, 24, 97871, 0, 95.74
2026/10/09 02:34:14.108, 3, 19, 97871, 0, 83.03
2026/10/09 02:34:15.108, 0, 30, 97871, 0, 78.65
2026/10/09 02:34:15.108, 1, 21, 97871, 0, 101.57
2026/10/09 02:34:15.108, 2, 24, 97871, 0, 95.60
2026/10/09 02:34:15.108, 3, 19, 97871, 0, 82.90
2026/10/09 02:34:16.108, 0, 30, 97871, 0, 78.67
2026/10/09 02:34:16.108, 1, 21, 97871, 0, 101.38
2026/10/09 02:34:16.108, 2, 24, 97871, 0, 95.68
2026/10/09 02:34:16.108, 3, 19, 97871, 0, 83.04
2026/10/09 02:34:17.108, 0, 30, 97871, 0, 78.91
2026/10/09 02:34:17.108, 1, 21, 97871, 0, 101.81
2026/10/09 02:34:17.108, 2, 24, 97871, 0, 96.00
2026/10/09 02:34:17.108, 3, 19, 97871, 0, 83.16
2026/10/09 02:34:18.108, 0, 30, 97871, 0, 78.75
2026/10/09 02:34:18.108, 1, 21, 97871, 0, 101.58
2026/10/09 02:34:18.108, 2, 24, 97871, 0, 95.92
2026/10/09 02:34:18.108, 3, 19, 97871, 0, 83.24
2026/10/09 02:34:19.108, 0, 30, 97871, 0, 78.72
2026/10/09 02:34:19.154, 1, 21, 97871, 0, 101.58
2026/10/09 02:34:19.201, 2, 24, 97871, 0, 95.81
2026/10/09 02:34:19.246, 3, 19, 97871, 0, 83.09
2026/10/09 02:34:20.293, 0, 30, 97871, 0, 78.70
2026/10/09 02:34:20.296, 1, 21, 97871, 0, 101.35
2026/10/09 02:34:20.298, 2, 24, 97871, 0, 95.80
2026/10/09 02:34:20.298, 3, 19, 97871, 0, 83.18
2026/10/09 02:34:21.298, 0, 30, 97871, 0, 78.69
2026/10/09 02:34:21.329, 1, 21, 97871, 0, 101.45
2026/10/09 02:34:21.374, 2, 24, 97871, 0, 95.74
2026/10/09 02:34:21.418, 3, 19, 97871, 0, 83.05
2026/10/09 02:34:22.464, 0, 30, 97871, 0, 78.68
2026/10/09 02:34:22.464, 1, 21, 97871, 0, 101.54
2026/10/09 02:34:22.464, 2, 24, 97871, 0, 96.12
2026/10/09 02:34:22.464, 3, 19, 97871, 0, 83.14
2026/10/09 02:34:23.464, 0, 30, 97871, 0, 78.58
2026/10/09 02:34:23.464, 1, 21, 97871, 0, 101.62
2026/10/09 02:34:23.464, 2, 24, 97871, 0, 96.57
2026/10/09 02:34:23.464, 3, 19, 97871, 0, 82.94
2026/10/09 02:34:24.464, 0, 30, 97871, 0, 78.74
2026/10/09 02:34:24.464, 1, 21, 97871, 0, 101.39
2026/10/09 02:34:24.464, 2, 24, 97871, 0, 96.22
2026/10/09 02:34:24.464, 3, 19, 97871, 0, 83.00
2026/10/09 02:34:25.464, 0, 30, 97871, 0, 78.62
2026/10/09 02:34:25.464, 1, 21, 97871, 0, 101.59
2026/10/09 02:34:25.464, 2, 24, 97871, 0, 96.37
2026/10/09 02:34:25.464, 3, 19, 97871, 0, 82.89
2026/10/09 02:34:26.464, 0, 30, 97871, 0, 78.83
2026/10/09 02:34:26.506, 1, 21, 97871, 0, 101.61
2026/10/09 02:34:26.552, 2, 24, 97871, 0, 96.65
2026/10/09 02:34:26.599, 3, 19, 97871, 0, 82.98
2026/10/09 02:34:27.646, 0, 30, 97871, 0, 78.75
2026/10/09 02:34:27.647, 1, 21, 97871, 0, 101.67
2026/10/09 02:34:27.647, 2, 24, 97871, 0, 96.39
2026/10/09 02:34:27.647, 3, 19, 97871, 0, 83.05
2026/10/09 02:34:28.647, 0, 30, 97871, 0, 78.69
2026/10/09 02:34:28.647, 1, 21, 97871, 0, 101.41
2026/10/09 02:34:28.647, 2, 24, 97871, 0, 96.64
2026/10/09 02:34:28.647, 3, 19, 97871, 0, 82.97
2026/10/09 02:34:29.647, 0, 30, 97871, 0, 78.70
2026/10/09 02:34:29.647, 1, 21, 97871, 0, 101.54
2026/10/09 02:34:29.647, 2, 24, 97871, 0, 96.39
2026/10/09 02:34:29.647, 3, 19, 97871, 0, 83.06
2026/10/09 02:34:30.647, 0, 30, 97871, 0, 78.62
2026/10/09 02:34:30.647, 1, 21, 97871, 0, 101.39
2026/10/09 02:34:30.647, 2, 24, 97871, 0, 96.30
2026/10/09 02:34:30.647, 3, 19, 97871, 0, 82.97
2026/10/09 02:34:31.647, 0, 30, 97871, 0, 78.47
2026/10/09 02:34:31.647, 1, 21, 97871, 0, 101.58
2026/10/09 02:34:31.647, 2, 24, 97871, 0, 96.34
2026/10/09 02:34:31.647, 3, 19, 97871, 0, 82.96
2026/10/09 02:34:32.647, 0, 30, 97871, 0, 78.60
2026/10/09 02:34:32.647, 1, 21, 97871, 0, 101.54
2026/10/09 02:34:32.647, 2, 24, 97871, 0, 96.22
2026/10/09 02:34:32.647, 3, 19, 97871, 0, 83.04
2026/10/09 02:34:33.647, 0, 30, 97871, 0, 78.49
2026/10/09 02:34:33.647, 1, 21, 97871, 0, 101.68
2026/10/09 02:34:33.647, 2, 24, 97871, 0, 96.33
2026/10/09 02:34:33.647, 3, 19, 97871, 0, 83.12
2026/10/09 02:34:34.647, 0, 30, 97871, 0, 78.57
2026/10/09 02:34:34.648, 1, 21, 97871, 0, 101.33
2026/10/09 02:34:34.648, 2, 24, 97871, 0, 96.21
2026/10/09 02:34:34.648, 3, 19, 97871, 0, 83.11
2026/10/09 02:34:35.648, 0, 30, 97871, 0, 78.69
2026/10/09 02:34:35.648, 1, 21, 97871, 0, 101.49
2026/10/09 02:34:35.648, 2, 24, 97871, 0, 96.24
2026/10/09 02:34:35.648, 3, 19, 97871, 0, 83.16
2026/10/09 02:34:36.648, 0, 30, 97871, 0, 78.63
2026/10/09 02:34:36.648, 1, 21, 97871, 0, 101.37
2026/10/09 02:34:36.648, 2, 24, 97871, 0, 96.34
2026/10/09 02:34:36.648, 3, 19, 97871, 0, 83.07
2026/10/09 02:34:37.648, 0, 30, 97871, 0, 78.72
2026/10/09 02:34:37.648, 1, 21, 97871, 0, 101.38
2026/10/09 02:34:37.648, 2, 24, 97871, 0, 96.40
2026/10/09 02:34:37.648, 3, 19, 97871, 0, 83.10
2026/10/09 02:34:38.648, 0, 30, 97871, 0, 78.68
2026/10/09 02:34:38.648, 1, 21, 97871, 0, 101.53
2026/10/09 02:34:38.648, 2, 24, 97871, 0, 96.78
2026/10/09 02:34:38.648, 3, 19, 97871, 0, 82.95
2026/10/09 02:34:39.648, 0, 30, 97871, 0, 78.81
2026/10/09 02:34:39.648, 1, 21, 97871, 0, 101.69
2026/10/09 02:34:39.648, 2, 24, 97871, 0, 97.10
2026/10/09 02:34:39.648, 3, 19, 97871, 0, 83.28
2026/10/09 02:34:40.648, 0, 30, 97871, 0, 78.85
2026/10/09 02:34:40.648, 1, 21, 97871, 0, 101.47
2026/10/09 02:34:40.648, 2, 24, 97871, 0, 96.87
2026/10/09 02:34:40.648, 3, 19, 97871, 0, 83.00
2026/10/09 02:34:41.648, 0, 30, 97871, 0, 78.90
2026/10/09 02:34:41.649, 1, 21, 97871, 0, 101.47
2026/10/09 02:34:41.649, 2, 24, 97871, 0, 96.70
2026/10/09 02:34:41.649, 3, 19, 97871, 0, 83.07
2026/10/09 02:34:42.649, 0, 30, 97871, 0, 78.64
2026/10/09 02:34:42.649, 1, 21, 97871, 0, 101.62
2026/10/09 02:34:42.649, 2, 24, 97871, 0, 97.02
2026/10/09 02:34:42.649, 3, 19, 97871, 0, 83.07
2026/10/09 02:34:43.649, 0, 30, 97871, 0, 78.55
2026/10/09 02:34:43.649, 1, 21, 97871, 0, 101.34
2026/10/09 02:34:43.649, 2, 24, 97871, 0, 97.12
2026/10/09 02:34:43.649, 3, 19, 97871, 0, 83.00
2026/10/09 02:34:44.649, 0, 30, 97871, 0, 78.65
2026/10/09 02:34:44.649, 1, 21, 97871, 0, 101.82
2026/10/09 02:34:44.649, 2, 24, 97871, 0, 96.93
2026/10/09 02:34:44.649, 3, 19, 97871, 0, 83.37
2026/10/09 02:34:45.649, 0, 30, 97871, 0, 78.79
2026/10/09 02:34:45.649, 1, 21, 97871, 0, 101.52
2026/10/09 02:34:45.649, 2, 24, 97871, 0, 96.48
2026/10/09 02:34:45.649, 3, 19, 97871, 0, 83.23
2026/10/09 02:34:46.649, 0, 30, 97871, 0, 78.84
2026/10/09 02:34:46.649, 1, 21, 97871, 0, 101.37
2026/10/09 02:34:46.649, 2, 24, 97871, 0, 97.13
2026/10/09 02:34:46.649, 3, 19, 97871, 0, 82.99
2026/10/09 02:34:47.650, 0, 30, 97871, 0, 78.75
2026/10/09 02:34:47.650, 1, 21, 97871, 0, 101.61
2026/10/09 02:34:47.650, 2, 24, 97871, 0, 97.39
2026/10/09 02:34:47.650, 3, 19, 97871, 0, 83.39
2026/10/09 02:34:48.650, 0, 30, 97871, 0, 78.64
2026/10/09 02:34:48.712, 1, 21, 97871, 0, 101.33
2026/10/09 02:34:48.713, 2, 24, 97871, 0, 96.50
2026/10/09 02:34:48.715, 3, 19, 97871, 0, 83.05
2026/10/09 02:34:49.716, 0, 30, 97871, 0, 78.64
2026/10/09 02:34:49.758, 1, 21, 97871, 0, 101.37
2026/10/09 02:34:49.786, 2, 24, 97871, 0, 96.26
2026/10/09 02:34:49.787, 3, 19, 97871, 0, 83.13
2026/10/09 02:34:50.787, 0, 30, 97871, 0, 78.50
2026/10/09 02:34:50.787, 1, 21, 97871, 0, 101.51
2026/10/09 02:34:50.787, 2, 24, 97871, 0, 96.68
2026/10/09 02:34:50.787, 3, 19, 97871, 0, 83.05
2026/10/09 02:34:51.787, 0, 30, 97871, 0, 78.44
2026/10/09 02:34:51.787, 1, 21, 97871, 0, 101.57
2026/10/09 02:34:51.787, 2, 24, 97871, 0, 96.58
2026/10/09 02:34:51.787, 3, 19, 97871, 0, 83.16
2026/10/09 02:34:52.787, 0, 30, 97871, 0, 78.51
2026/10/09 02:34:52.787, 1, 21, 97871, 0, 101.38
2026/10/09 02:34:52.787, 2, 24, 97871, 0, 97.18
2026/10/09 02:34:52.787, 3, 19, 97871, 0, 83.11
2026/10/09 02:34:53.787, 0, 30, 97871, 0, 78.56
2026/10/09 02:34:53.787, 1, 21, 97871, 0, 101.32
2026/10/09 02:34:53.787, 2, 24, 97871, 0, 96.54
2026/10/09 02:34:53.787, 3, 19, 97871, 0, 83.06
2026/10/09 02:34:54.787, 0, 30, 97871, 0, 78.50
2026/10/09 02:34:54.787, 1, 21, 97871, 0, 101.65
2026/10/09 02:34:54.787, 2, 24, 97871, 0, 97.19
2026/10/09 02:34:54.787, 3, 19, 97871, 0, 83.33
2026/10/09 02:34:55.787, 0, 30, 97871, 0, 78.44
2026/10/09 02:34:55.787, 1, 21, 97871, 0, 101.36
2026/10/09 02:34:55.787, 2, 24, 97871, 0, 96.99
2026/10/09 02:34:55.788, 3, 19, 97871, 0, 83.03
2026/10/09 02:34:56.788, 0, 30, 97871, 0, 78.53
2026/10/09 02:34:56.788, 1, 21, 97871, 0, 101.34
2026/10/09 02:34:56.788, 2, 24, 97871, 0, 96.43
2026/10/09 02:34:56.788, 3, 19, 97871, 0, 83.18
2026/10/09 02:34:57.788, 0, 30, 97871, 0, 78.81
2026/10/09 02:34:57.788, 1, 21, 97871, 0, 101.65
2026/10/09 02:34:57.788, 2, 24, 97871, 0, 96.99
2026/10/09 02:34:57.788, 3, 19, 97871, 0, 83.29
2026/10/09 02:34:58.788, 0, 30, 97871, 0, 78.85
2026/10/09 02:34:58.788, 1, 21, 97871, 0, 101.34
2026/10/09 02:34:58.788, 2, 24, 97871, 0, 97.46
2026/10/09 02:34:58.788, 3, 19, 97871, 0, 83.34
2026/10/09 02:34:59.788, 0, 30, 97871, 0, 78.66
2026/10/09 02:34:59.788, 1, 21, 97871, 0, 101.61
2026/10/09 02:34:59.788, 2, 24, 97871, 0, 96.82
2026/10/09 02:34:59.788, 3, 19, 97871, 0, 83.38
2026/10/09 02:35:00.788, 0, 30, 97871, 0, 78.58
2026/10/09 02:35:00.790, 1, 21, 97871, 0, 101.43
2026/10/09 02:35:00.793, 2, 24, 97871, 0, 96.78
2026/10/09 02:35:00.796, 3, 19, 97871, 0, 83.11
2026/10/09 02:35:01.797, 0, 30, 97871, 0, 78.49
2026/10/09 02:35:01.907, 1, 21, 97871, 0, 101.28
2026/10/09 02:35:01.954, 2, 24, 97871, 0, 95.80
2026/10/09 02:35:01.954, 3, 19, 97871, 0, 83.21
2026/10/09 02:35:02.955, 0, 30, 97871, 0, 78.50
2026/10/09 02:35:02.955, 1, 21, 97871, 0, 101.28
2026/10/09 02:35:02.955, 2, 24, 97871, 0, 95.91
2026/10/09 02:35:02.955, 3, 19, 97871, 0, 83.24
2026/10/09 02:35:03.955, 0, 30, 97871, 0, 78.60
2026/10/09 02:35:03.978, 1, 21, 97871, 0, 101.34
2026/10/09 02:35:03.979, 2, 24, 97871, 0, 96.36
2026/10/09 02:35:03.979, 3, 19, 97871, 0, 83.16
2026/10/09 02:35:04.980, 0, 30, 97871, 0, 78.62
2026/10/09 02:35:04.980, 1, 21, 97871, 0, 101.45
2026/10/09 02:35:04.980, 2, 24, 97871, 0, 96.43
2026/10/09 02:35:04.980, 3, 19, 97871, 0, 83.14
2026/10/09 02:35:05.980, 0, 30, 97871, 0, 78.59
2026/10/09 02:35:05.980, 1, 21, 97871, 0, 101.23
2026/10/09 02:35:05.980, 2, 24, 97871, 0, 96.71
2026/10/09 02:35:05.980, 3, 19, 97871, 0, 83.13
2026/10/09 02:35:06.980, 0, 30, 97871, 0, 78.64
2026/10/09 02:35:06.980, 1, 21, 97871, 0, 101.57
2026/10/09 02:35:06.980, 2, 24, 97871, 0, 96.95
2026/10/09 02:35:06.980, 3, 19, 97871, 0, 83.19
2026/10/09 02:35:07.980, 0, 30, 97871, 0, 78.60
2026/10/09 02:35:07.980, 1, 21, 97871, 0, 101.30
2026/10/09 02:35:07.980, 2, 24, 97871, 0, 96.86
2026/10/09 02:35:07.981, 3, 19, 97871, 0, 83.16
2026/10/09 02:35:08.981, 0, 30, 97871, 0, 78.57
2026/10/09 02:35:08.981, 1, 21, 97871, 0, 101.43
2026/10/09 02:35:08.981, 2, 24, 97871, 0, 96.60
2026/10/09 02:35:08.981, 3, 19, 97871, 0, 83.23
2026/10/09 02:35:09.981, 0, 30, 97871, 0, 78.87
2026/10/09 02:35:09.981, 1, 21, 97871, 0, 101.70
2026/10/09 02:35:09.981, 2, 24, 97871, 0, 97.83
2026/10/09 02:35:09.981, 3, 19, 97871, 0, 83.39
2026/10/09 02:35:10.981, 0, 30, 97871, 0, 78.68
2026/10/09 02:35:10.981, 1, 21, 97871, 0, 101.37
2026/10/09 02:35:10.981, 2, 24, 97871, 0, 97.06
2026/10/09 02:35:10.981, 3, 19, 97871, 0, 83.26
2026/10/09 02:35:11.981, 0, 30, 97871, 0, 78.43
2026/10/09 02:35:11.981, 1, 21, 97871, 0, 101.39
2026/10/09 02:35:11.981, 2, 24, 97871, 0, 97.10
2026/10/09 02:35:11.981, 3, 19, 97871, 0, 83.29
2026/10/09 02:35:12.981, 0, 30, 97871, 0, 78.46
2026/10/09 02:35:12.981, 1, 21, 97871, 0, 101.40
2026/10/09 02:35:12.981, 2, 24, 97871, 0, 97.30
2026/10/09 02:35:12.981, 3, 19, 97871, 0, 83.27
2026/10/09 02:35:13.981, 0, 30, 97871, 0, 78.50
2026/10/09 02:35:13.982, 1, 21, 97871, 0, 101.51
2026/10/09 02:35:13.982, 2, 24, 97871, 0, 96.87
2026/10/09 02:35:13.982, 3, 19, 97871, 0, 83.17
2026/10/09 02:35:14.982, 0, 30, 97871, 0, 78.56
2026/10/09 02:35:14.982, 1, 21, 97871, 0, 101.38
2026/10/09 02:35:14.982, 2, 24, 97871, 0, 97.11
2026/10/09 02:35:14.982, 3, 19, 97871, 0, 83.25
2026/10/09 02:35:15.982, 0, 30, 97871, 0, 78.40
2026/10/09 02:35:15.982, 1, 21, 97871, 0, 101.33
2026/10/09 02:35:15.982, 2, 24, 97871, 0, 97.23
2026/10/09 02:35:15.982, 3, 19, 97871, 0, 83.12
2026/10/09 02:35:16.982, 0, 30, 97871, 0, 78.44
2026/10/09 02:35:16.982, 1, 21, 97871, 0, 101.31
2026/10/09 02:35:16.982, 2, 24, 97871, 0, 97.05
2026/10/09 02:35:16.982, 3, 19, 97871, 0, 83.16
2026/10/09 02:35:17.982, 0, 30, 97871, 0, 78.40
2026/10/09 02:35:17.982, 1, 21, 97871, 0, 101.51
2026/10/09 02:35:17.982, 2, 24, 97871, 0, 97.10
2026/10/09 02:35:17.982, 3, 19, 97871, 0, 83.13
2026/10/09 02:35:18.982, 0, 30, 97871, 0, 78.64
2026/10/09 02:35:18.982, 1, 21, 97871, 0, 101.54
2026/10/09 02:35:18.982, 2, 24, 97871, 0, 96.72
2026/10/09 02:35:18.982, 3, 19, 97871, 0, 83.21
2026/10/09 02:35:19.983, 0, 30, 97871, 0, 78.49
2026/10/09 02:35:19.983, 1, 21, 97871, 0, 101.34
2026/10/09 02:35:19.983, 2, 24, 97871, 0, 96.85
2026/10/09 02:35:19.983, 3, 19, 97871, 0, 83.17
2026/10/09 02:35:20.983, 0, 30, 97871, 0, 78.46
2026/10/09 02:35:20.983, 1, 21, 97871, 0, 101.53
2026/10/09 02:35:20.983, 2, 24, 97871, 0, 97.11
2026/10/09 02:35:20.983, 3, 19, 97871, 0, 83.11
2026/10/09 02:35:21.983, 0, 30, 97871, 0, 78.38
2026/10/09 02:35:21.983, 1, 21, 97871, 0, 101.28
2026/10/09 02:35:21.983, 2, 24, 97871, 0, 96.83
2026/10/09 02:35:21.983, 3, 19, 97871, 0, 83.14
2026/10/09 02:35:22.983, 0, 30, 97871, 0, 78.56
2026/10/09 02:35:22.983, 1, 21, 97871, 0, 101.31
2026/10/09 02:35:22.983, 2, 24, 97871, 0, 96.96
2026/10/09 02:35:22.983, 3, 19, 97871, 0, 83.06
2026/10/09 02:35:23.983, 0, 30, 97871, 0, 78.41
2026/10/09 02:35:23.983, 1, 21, 97871, 0, 101.28
2026/10/09 02:35:23.983, 2, 24, 97871, 0, 97.15
2026/10/09 02:35:23.983, 3, 19, 97871, 0, 83.08
2026/10/09 02:35:24.983, 0, 30, 97871, 0, 78.47
2026/10/09 02:35:24.983, 1, 21, 97871, 0, 101.32
2026/10/09 02:35:24.983, 2, 24, 97871, 0, 96.71
2026/10/09 02:35:24.983, 3, 19, 97871, 0, 83.07
2026/10/09 02:35:25.983, 0, 30, 97871, 0, 78.44
2026/10/09 02:35:25.983, 1, 21, 97871, 0, 101.33
2026/10/09 02:35:25.983, 2, 24, 97871, 0, 97.19
2026/10/09 02:35:25.983, 3, 19, 97871, 0, 83.16
2026/10/09 02:35:26.983, 0, 30, 97871, 0, 78.48
2026/10/09 02:35:26.983, 1, 21, 97871, 0, 101.41
2026/10/09 02:35:26.983, 2, 24, 97871, 0, 96.70
2026/10/09 02:35:26.984, 3, 19, 97871, 0, 83.23
2026/10/09 02:35:27.984, 0, 30, 97871, 0, 78.41
2026/10/09 02:35:27.984, 1, 21, 97871, 0, 101.41
2026/10/09 02:35:27.984, 2, 24, 97871, 0, 97.02
2026/10/09 02:35:27.984, 3, 19, 97871, 0, 83.13
2026/10/09 02:35:28.984, 0, 30, 97871, 0, 78.42
2026/10/09 02:35:28.985, 1, 21, 97871, 0, 101.62
2026/10/09 02:35:28.985, 2, 24, 97871, 0, 97.38
2026/10/09 02:35:28.986, 3, 19, 97871, 0, 83.05
2026/10/09 02:35:29.986, 0, 30, 97871, 0, 78.40
2026/10/09 02:35:29.986, 1, 21, 97871, 0, 101.53
2026/10/09 02:35:29.986, 2, 24, 97871, 0, 97.25
2026/10/09 02:35:29.986, 3, 19, 97871, 0, 83.10
2026/10/09 02:35:30.986, 0, 30, 97871, 0, 78.45
2026/10/09 02:35:30.986, 1, 21, 97871, 0, 101.53
2026/10/09 02:35:30.986, 2, 24, 97871, 0, 97.18
2026/10/09 02:35:30.986, 3, 19, 97871, 0, 83.18
2026/10/09 02:35:31.986, 0, 30, 97871, 0, 78.48
2026/10/09 02:35:31.986, 1, 21, 97871, 0, 101.67
2026/10/09 02:35:31.986, 2, 24, 97871, 0, 97.27
2026/10/09 02:35:31.986, 3, 19, 97871, 0, 83.25
2026/10/09 02:35:32.986, 0, 30, 97871, 0, 78.46
2026/10/09 02:35:32.987, 1, 21, 97871, 0, 101.44
2026/10/09 02:35:32.987, 2, 24, 97871, 0, 97.22
2026/10/09 02:35:32.987, 3, 19, 97871, 0, 83.11
2026/10/09 02:35:33.987, 0, 30, 97871, 0, 78.36
2026/10/09 02:35:33.987, 1, 21, 97871, 0, 101.48
2026/10/09 02:35:33.987, 2, 24, 97871, 0, 97.02
2026/10/09 02:35:33.987, 3, 19, 97871, 0, 83.08
2026/10/09 02:35:34.987, 0, 30, 97871, 0, 78.55
2026/10/09 02:35:34.987, 1, 21, 97871, 0, 101.41
2026/10/09 02:35:34.987, 2, 24, 97871, 0, 97.62
2026/10/09 02:35:34.987, 3, 19, 97871, 0, 83.05
2026/10/09 02:35:35.987, 0, 30, 97871, 0, 78.51
2026/10/09 02:35:35.987, 1, 21, 97871, 0, 101.49
2026/10/09 02:35:35.987, 2, 24, 97871, 0, 97.56
2026/10/09 02:35:35.987, 3, 19, 97871, 0, 83.04
2026/10/09 02:35:36.987, 0, 30, 97871, 0, 78.67
2026/10/09 02:35:36.987, 1, 21, 97871, 0, 101.49
2026/10/09 02:35:36.987, 2, 24, 97871, 0, 97.14
2026/10/09 02:35:36.987, 3, 19, 97871, 0, 83.12
2026/10/09 02:35:37.987, 0, 30, 97871, 0, 78.76
2026/10/09 02:35:37.987, 1, 21, 97871, 0, 101.39
2026/10/09 02:35:37.987, 2, 24, 97871, 0, 96.92
2026/10/09 02:35:37.987, 3, 19, 97871, 0, 83.11
2026/10/09 02:35:38.987, 0, 30, 97871, 0, 78.82
2026/10/09 02:35:38.987, 1, 21, 97871, 0, 101.43
2026/10/09 02:35:38.987, 2, 24, 97871, 0, 97.06
2026/10/09 02:35:38.987, 3, 19, 97871, 0, 83.17
2026/10/09 02:35:39.987, 0, 30, 97871, 0, 78.52
2026/10/09 02:35:39.987, 1, 21, 97871, 0, 101.67
2026/10/09 02:35:39.987, 2, 24, 97871, 0, 96.60
2026/10/09 02:35:39.987, 3, 19, 97871, 0, 83.23
2026/10/09 02:35:40.987, 0, 30, 97871, 0, 78.62
2026/10/09 02:35:40.988, 1, 21, 97871, 0, 101.36
2026/10/09 02:35:40.988, 2, 24, 97871, 0, 96.76
2026/10/09 02:35:40.988, 3, 19, 97871, 0, 83.18
2026/10/09 02:35:41.988, 0, 29, 97871, 0, 78.40
2026/10/09 02:35:41.988, 1, 21, 97871, 0, 101.38
2026/10/09 02:35:41.988, 2, 24, 97871, 0, 96.61
2026/10/09 02:35:41.988, 3, 19, 97871, 0, 83.14
2026/10/09 02:35:42.988, 0, 29, 97871, 0, 78.57
2026/10/09 02:35:42.988, 1, 21, 97871, 0, 101.41
2026/10/09 02:35:42.988, 2, 24, 97871, 0, 96.68
2026/10/09 02:35:42.988, 3, 19, 97871, 0, 83.05
2026/10/09 02:35:43.988, 0, 29, 97871, 0, 78.64
2026/10/09 02:35:43.988, 1, 21, 97871, 0, 101.60
2026/10/09 02:35:43.988, 2, 24, 97871, 0, 96.80
2026/10/09 02:35:43.988, 3, 19, 97871, 0, 83.19
2026/10/09 02:35:44.988, 0, 29, 97871, 0, 78.54
2026/10/09 02:35:44.988, 1, 21, 97871, 0, 101.37
2026/10/09 02:35:44.988, 2, 24, 97871, 0, 96.77
2026/10/09 02:35:44.988, 3, 19, 97871, 0, 83.08
2026/10/09 02:35:45.988, 0, 29, 97871, 0, 78.46
2026/10/09 02:35:45.988, 1, 21, 97871, 0, 101.41
2026/10/09 02:35:45.988, 2, 24, 97871, 0, 96.90
2026/10/09 02:35:45.988, 3, 19, 97871, 0, 83.14
2026/10/09 02:35:46.989, 0, 29, 97871, 0, 78.55
2026/10/09 02:35:46.989, 1, 21, 97871, 0, 101.55
2026/10/09 02:35:46.989, 2, 24, 97871, 0, 96.85
2026/10/09 02:35:46.989, 3, 19, 97871, 0, 83.10
2026/10/09 02:35:47.989, 0, 29, 97871, 0, 78.60
2026/10/09 02:35:47.989, 1, 21, 97871, 0, 101.46
2026/10/09 02:35:47.989, 2, 24, 97871, 0, 96.54
2026/10/09 02:35:47.989, 3, 19, 97871, 0, 83.21
2026/10/09 02:35:48.989, 0, 29, 97871, 0, 78.48
2026/10/09 02:35:48.989, 1, 21, 97871, 0, 101.50
2026/10/09 02:35:48.989, 2, 24, 97871, 0, 97.27
2026/10/09 02:35:48.989, 3, 19, 97871, 0, 83.08
2026/10/09 02:35:49.989, 0, 29, 97871, 0, 78.39
2026/10/09 02:35:49.989, 1, 21, 97871, 0, 101.46
2026/10/09 02:35:49.989, 2, 24, 97871, 0, 97.26
2026/10/09 02:35:49.989, 3, 19, 97871, 0, 83.16
2026/10/09 02:35:50.989, 0, 29, 97871, 0, 78.46
2026/10/09 02:35:50.989, 1, 21, 97871, 0, 101.57
2026/10/09 02:35:50.989, 2, 24, 97871, 0, 96.86
2026/10/09 02:35:50.989, 3, 19, 97871, 0, 83.07
2026/10/09 02:35:51.989, 0, 29, 97871, 0, 78.39
2026/10/09 02:35:51.989, 1, 21, 97871, 0, 101.62
2026/10/09 02:35:51.989, 2, 24, 97871, 0, 96.98
2026/10/09 02:35:51.989, 3, 19, 97871, 0, 83.10
2026/10/09 02:35:52.989, 0, 29, 97871, 0, 78.54
2026/10/09 02:35:52.989, 1, 21, 97871, 0, 101.82
2026/10/09 02:35:52.989, 2, 24, 97871, 0, 96.62
2026/10/09 02:35:52.989, 3, 19, 97871, 0, 83.17
2026/10/09 02:35:53.990, 0, 29, 97871, 0, 78.54
2026/10/09 02:35:53.990, 1, 21, 97871, 0, 101.49
2026/10/09 02:35:53.990, 2, 24, 97871, 0, 96.45
2026/10/09 02:35:53.990, 3, 19, 97871, 0, 83.15
2026/10/09 02:35:54.990, 0, 29, 97871, 0, 78.55
2026/10/09 02:35:54.990, 1, 21, 97871, 0, 101.44
2026/10/09 02:35:54.990, 2, 24, 97871, 0, 96.60
2026/10/09 02:35:54.990, 3, 19, 97871, 0, 83.04
2026/10/09 02:35:55.990, 0, 29, 97871, 0, 78.50
2026/10/09 02:35:55.990, 1, 21, 97871, 0, 101.45
2026/10/09 02:35:55.990, 2, 24, 97871, 0, 96.81
2026/10/09 02:35:55.990, 3, 19, 97871, 0, 83.09
2026/10/09 02:35:56.990, 0, 29, 97871, 0, 78.53
2026/10/09 02:35:56.990, 1, 21, 97871, 0, 101.62
2026/10/09 02:35:56.990, 2, 24, 97871, 0, 97.43
2026/10/09 02:35:56.990, 3, 19, 97871, 0, 83.18
2026/10/09 02:35:57.990, 0, 29, 97871, 0, 78.39
2026/10/09 02:35:58.012, 1, 21, 97871, 0, 101.48
2026/10/09 02:35:58.013, 2, 24, 97871, 0, 96.54
2026/10/09 02:35:58.014, 3, 19, 97871, 0, 83.23
2026/10/09 02:35:59.015, 0, 29, 97871, 0, 78.56
2026/10/09 02:35:59.093, 1, 21, 97871, 0, 101.61
2026/10/09 02:35:59.117, 2, 24, 97871, 0, 95.74
2026/10/09 02:35:59.166, 3, 19, 97871, 0, 83.07
2026/10/09 02:36:00.190, 0, 29, 97871, 0, 78.62
2026/10/09 02:36:00.209, 1, 21, 97871, 0, 101.56
2026/10/09 02:36:00.209, 2, 24, 97871, 0, 96.27
2026/10/09 02:36:00.209, 3, 19, 97871, 0, 83.16
2026/10/09 02:36:01.210, 0, 29, 97871, 0, 78.66
2026/10/09 02:36:01.210, 1, 21, 97871, 0, 101.63
2026/10/09 02:36:01.210, 2, 24, 97871, 0, 97.04
2026/10/09 02:36:01.210, 3, 19, 97871, 0, 83.23
2026/10/09 02:36:02.210, 0, 29, 97871, 0, 78.51
2026/10/09 02:36:02.210, 1, 21, 97871, 0, 101.80
2026/10/09 02:36:02.210, 2, 24, 97871, 0, 97.16
2026/10/09 02:36:02.210, 3, 19, 97871, 0, 83.43
2026/10/09 02:36:03.210, 0, 29, 97871, 0, 78.52
2026/10/09 02:36:03.210, 1, 21, 97871, 0, 101.40
2026/10/09 02:36:03.210, 2, 24, 97871, 0, 96.71
2026/10/09 02:36:03.210, 3, 19, 97871, 0, 83.26
2026/10/09 02:36:04.210, 0, 29, 97871, 0, 78.39
2026/10/09 02:36:04.210, 1, 21, 97871, 0, 101.38
2026/10/09 02:36:04.210, 2, 24, 97871, 0, 96.77
2026/10/09 02:36:04.210, 3, 19, 97871, 0, 83.00
2026/10/09 02:36:05.210, 0, 29, 97871, 0, 78.29
2026/10/09 02:36:05.210, 1, 21, 97871, 0, 101.64
2026/10/09 02:36:05.210, 2, 24, 97871, 0, 97.18
2026/10/09 02:36:05.210, 3, 19, 97871, 0, 83.09
2026/10/09 02:36:06.211, 0, 29, 97871, 0, 78.50
2026/10/09 02:36:06.211, 1, 21, 97871, 0, 101.87
2026/10/09 02:36:06.211, 2, 24, 97871, 0, 97.85
2026/10/09 02:36:06.211, 3, 19, 97871, 0, 83.25
2026/10/09 02:36:07.211, 0, 29, 97871, 0, 78.49
2026/10/09 02:36:07.252, 1, 21, 97871, 0, 101.87
2026/10/09 02:36:07.297, 2, 24, 97871, 0, 98.08
2026/10/09 02:36:07.392, 3, 19, 97871, 0, 84.59
2026/10/09 02:36:08.510, 0, 29, 97871, 0, 78.19
2026/10/09 02:36:08.511, 1, 21, 97871, 0, 101.36
2026/10/09 02:36:08.511, 2, 24, 97871, 0, 96.77
2026/10/09 02:36:08.511, 3, 19, 97871, 0, 84.17
2026/10/09 02:36:09.511, 0, 29, 97871, 0, 78.36
2026/10/09 02:36:09.511, 1, 21, 97871, 0, 101.74
2026/10/09 02:36:09.511, 2, 24, 97871, 0, 97.99
2026/10/09 02:36:09.511, 3, 19, 97871, 0, 84.14
2026/10/09 02:36:10.511, 0, 29, 97871, 0, 78.36
2026/10/09 02:36:10.511, 1, 21, 97871, 0, 101.39
2026/10/09 02:36:10.512, 2, 24, 97871, 0, 97.05
2026/10/09 02:36:10.512, 3, 19, 97871, 0, 83.30
2026/10/09 02:36:11.512, 0, 29, 97871, 0, 78.40
2026/10/09 02:36:11.512, 1, 21, 97871, 0, 101.35
2026/10/09 02:36:11.512, 2, 24, 97871, 0, 96.83
2026/10/09 02:36:11.512, 3, 21, 97871, 0, 83.51
2026/10/09 02:36:12.512, 0, 29, 97871, 0, 78.56
2026/10/09 02:36:12.722, 1, 21, 97871, 0, 101.54
2026/10/09 02:36:12.722, 2, 24, 97871, 0, 96.48
2026/10/09 02:36:12.723, 3, 3355, 97871, 0, 129.74
2026/10/09 02:36:13.725, 0, 41, 97871, 0, 95.57
2026/10/09 02:36:13.892, 1, 22, 97871, 0, 101.49
2026/10/09 02:36:13.893, 2, 24, 97871, 0, 95.94
2026/10/09 02:36:13.893, 3, 3355, 97871, 0, 131.55
2026/10/09 02:36:14.895, 0, 63, 97871, 0, 128.26
2026/10/09 02:36:14.966, 1, 24, 97871, 0, 103.46
2026/10/09 02:36:15.025, 2, 26, 97871, 0, 97.12
2026/10/09 02:36:15.104, 3, 5755, 97871, 0, 131.72
2026/10/09 02:36:16.155, 0, 3365, 97871, 0, 125.34
2026/10/09 02:36:16.155, 1, 3358, 97871, 0, 153.30
2026/10/09 02:36:16.155, 2, 3041, 97871, 0, 122.99
2026/10/09 02:36:16.155, 3, 16491, 97871, 0, 131.97
2026/10/09 02:36:17.155, 0, 20377, 97871, 0, 125.83
2026/10/09 02:36:17.155, 1, 20370, 97871, 0, 153.13
2026/10/09 02:36:17.155, 2, 20341, 97871, 4, 145.03
2026/10/09 02:36:17.155, 3, 20367, 97871, 0, 132.47
2026/10/09 02:36:18.155, 0, 20777, 97871, 0, 124.37
2026/10/09 02:36:18.156, 1, 20770, 97871, 2, 151.94
2026/10/09 02:36:18.156, 2, 20773, 97871, 1, 142.88
2026/10/09 02:36:18.156, 3, 20767, 97871, 0, 131.61
2026/10/09 02:36:19.156, 0, 20777, 97871, 3, 124.61
2026/10/09 02:36:19.156, 1, 20770, 97871, 0, 151.80
2026/10/09 02:36:19.156, 2, 20773, 97871, 1, 145.85
2026/10/09 02:36:19.156, 3, 20767, 97871, 1, 133.11
2026/10/09 02:36:20.156, 0, 20777, 97871, 3, 124.85
2026/10/09 02:36:20.157, 1, 20770, 97871, 2, 152.05
2026/10/09 02:36:20.157, 2, 20773, 97871, 1, 145.71
2026/10/09 02:36:20.157, 3, 20767, 97871, 4, 132.65
2026/10/09 02:36:21.157, 0, 20777, 97871, 6, 125.47
2026/10/09 02:36:21.157, 1, 20770, 97871, 7, 152.35
2026/10/09 02:36:21.157, 2, 20773, 97871, 2, 146.98
2026/10/09 02:36:21.157, 3, 20767, 97871, 6, 133.75
2026/10/09 02:36:22.157, 0, 20777, 97871, 11, 125.86
2026/10/09 02:36:22.157, 1, 20770, 97871, 10, 153.06
2026/10/09 02:36:22.158, 2, 20773, 97871, 1, 148.73
2026/10/09 02:36:22.158, 3, 20767, 97871, 10, 133.49
2026/10/09 02:36:23.158, 0, 20777, 97871, 0, 124.31
2026/10/09 02:36:23.158, 1, 20770, 97871, 0, 151.80
2026/10/09 02:36:23.158, 2, 20773, 97871, 1, 143.36
2026/10/09 02:36:23.158, 3, 20767, 97871, 0, 131.65
2026/10/09 02:36:24.158, 0, 20777, 97871, 0, 124.20
2026/10/09 02:36:24.158, 1, 20770, 97871, 0, 151.58
2026/10/09 02:36:24.158, 2, 20773, 97871, 0, 142.76
2026/10/09 02:36:24.158, 3, 20767, 97871, 0, 131.57
2026/10/09 02:36:25.159, 0, 20777, 97871, 0, 124.22
2026/10/09 02:36:25.159, 1, 20770, 97871, 2, 151.63
2026/10/09 02:36:25.159, 2, 20773, 97871, 1, 142.88
2026/10/09 02:36:25.159, 3, 20767, 97871, 0, 131.59
2026/10/09 02:36:26.159, 0, 20777, 97871, 0, 124.12
2026/10/09 02:36:26.159, 1, 20770, 97871, 0, 151.57
2026/10/09 02:36:26.159, 2, 20773, 97871, 0, 142.75
2026/10/09 02:36:26.159, 3, 20767, 97871, 0, 131.39
2026/10/09 02:36:27.159, 0, 25077, 97871, 1, 124.44
2026/10/09 02:36:27.160, 1, 25070, 97871, 3, 151.61
2026/10/09 02:36:27.160, 2, 25073, 97871, 1, 143.87
2026/10/09 02:36:27.160, 3, 25067, 97871, 2, 131.89
2026/10/09 02:36:28.160, 0, 25077, 97871, 0, 124.48
2026/10/09 02:36:28.160, 1, 25070, 97871, 0, 150.91
2026/10/09 02:36:28.160, 2, 25073, 97871, 0, 142.60
2026/10/09 02:36:28.160, 3, 25067, 97871, 0, 131.43
2026/10/09 02:36:29.160, 0, 25077, 97871, 3, 124.47
2026/10/09 02:36:29.160, 1, 25070, 97871, 0, 150.95
2026/10/09 02:36:29.160, 2, 25073, 97871, 0, 143.78
2026/10/09 02:36:29.160, 3, 25067, 97871, 3, 131.58
2026/10/09 02:36:30.160, 0, 25077, 97871, 5, 124.21
2026/10/09 02:36:30.160, 1, 25070, 97871, 1, 150.88
2026/10/09 02:36:30.160, 2, 25073, 97871, 0, 143.73
2026/10/09 02:36:30.160, 3, 25067, 97871, 3, 131.61
2026/10/09 02:36:31.161, 0, 25077, 97871, 0, 124.11
2026/10/09 02:36:31.161, 1, 25070, 97871, 0, 150.71
2026/10/09 02:36:31.161, 2, 25073, 97871, 0, 142.40
2026/10/09 02:36:31.161, 3, 25067, 97871, 0, 131.32
2026/10/09 02:36:32.161, 0, 22029, 97871, 1, 124.23
2026/10/09 02:36:32.161, 1, 22022, 97871, 0, 150.78
2026/10/09 02:36:32.161, 2, 22025, 97871, 0, 143.26
2026/10/09 02:36:32.161, 3, 22019, 97871, 0, 131.65
2026/10/09 02:36:33.161, 0, 22491, 97871, 0, 124.03
2026/10/09 02:36:33.161, 1, 22484, 97871, 0, 150.22
2026/10/09 02:36:33.161, 2, 22455, 97871, 0, 143.96
2026/10/09 02:36:33.161, 3, 22481, 97871, 0, 131.64
2026/10/09 02:36:34.161, 0, 22491, 97871, 0, 124.08
2026/10/09 02:36:34.161, 1, 22484, 97871, 0, 150.24
2026/10/09 02:36:34.161, 2, 22455, 97871, 0, 143.17
2026/10/09 02:36:34.161, 3, 22481, 97871, 0, 131.66
2026/10/09 02:36:35.161, 0, 22491, 97871, 0, 124.08
2026/10/09 02:36:35.162, 1, 22484, 97871, 0, 150.16
2026/10/09 02:36:35.162, 2, 22455, 97871, 0, 143.16
2026/10/09 02:36:35.162, 3, 22481, 97871, 0, 131.62
2026/10/09 02:36:36.162, 0, 22491, 97871, 0, 124.30
2026/10/09 02:36:36.162, 1, 22484, 97871, 0, 150.25
2026/10/09 02:36:36.162, 2, 22455, 97871, 0, 143.20
2026/10/09 02:36:36.162, 3, 22481, 97871, 0, 131.80
2026/10/09 02:36:37.162, 0, 22491, 97871, 0, 124.33
2026/10/09 02:36:37.162, 1, 22484, 97871, 0, 150.18
2026/10/09 02:36:37.162, 2, 22455, 97871, 0, 143.35
2026/10/09 02:36:37.162, 3, 22481, 97871, 0, 131.61
2026/10/09 02:36:38.162, 0, 22491, 97871, 0, 124.34
2026/10/09 02:36:38.162, 1, 22484, 97871, 0, 150.16
2026/10/09 02:36:38.162, 2, 22455, 97871, 0, 143.86
2026/10/09 02:36:38.162, 3, 22481, 97871, 0, 131.75
2026/10/09 02:36:39.162, 0, 22491, 97871, 0, 124.29
2026/10/09 02:36:39.163, 1, 22484, 97871, 0, 150.26
2026/10/09 02:36:39.163, 2, 22455, 97871, 0, 142.81
2026/10/09 02:36:39.163, 3, 22481, 97871, 0, 131.62
2026/10/09 02:36:40.163, 0, 22491, 97871, 0, 124.42
2026/10/09 02:36:40.163, 1, 22484, 97871, 0, 150.21
2026/10/09 02:36:40.163, 2, 22455, 97871, 0, 143.49
2026/10/09 02:36:40.163, 3, 22481, 97871, 0, 131.68
2026/10/09 02:36:41.163, 0, 22683, 97871, 0, 124.61
2026/10/09 02:36:41.163, 1, 22676, 97871, 0, 150.20
2026/10/09 02:36:41.163, 2, 22647, 97871, 0, 143.70
2026/10/09 02:36:41.163, 3, 22673, 97871, 0, 131.93
2026/10/09 02:36:42.163, 0, 22743, 97871, 0, 166.68
2026/10/09 02:36:42.164, 1, 22736, 97871, 0, 187.54
2026/10/09 02:36:42.164, 2, 22707, 97871, 0, 181.13
2026/10/09 02:36:42.164, 3, 22733, 97871, 0, 181.51
2026/10/09 02:36:43.164, 0, 22839, 97871, 58, 171.87
2026/10/09 02:36:43.164, 1, 22832, 97871, 0, 206.83
2026/10/09 02:36:43.164, 2, 22803, 97871, 10, 201.59
2026/10/09 02:36:43.164, 3, 22829, 97871, 12, 179.15
2026/10/09 02:36:44.164, 0, 23155, 97871, 0, 157.93
2026/10/09 02:36:44.164, 1, 23148, 97871, 0, 185.02
2026/10/09 02:36:44.164, 2, 23119, 97871, 0, 180.94
2026/10/09 02:36:44.164, 3, 23145, 97871, 0, 166.62
2026/10/09 02:36:45.164, 0, 23155, 97871, 0, 156.05
2026/10/09 02:36:45.164, 1, 23148, 97871, 0, 182.74
2026/10/09 02:36:45.164, 2, 23119, 97871, 0, 175.94
2026/10/09 02:36:45.164, 3, 23145, 97871, 0, 162.33
2026/10/09 02:36:46.165, 0, 23155, 97871, 47, 190.33
2026/10/09 02:36:46.165, 1, 23148, 97871, 93, 204.33
2026/10/09 02:36:46.165, 2, 23119, 97871, 95, 192.61
2026/10/09 02:36:46.165, 3, 23145, 97871, 93, 201.57
2026/10/09 02:36:47.165, 0, 23155, 97871, 0, 125.20
2026/10/09 02:36:47.165, 1, 23148, 97871, 0, 174.51
2026/10/09 02:36:47.165, 2, 23119, 97871, 0, 165.57
2026/10/09 02:36:47.165, 3, 23145, 97871, 0, 130.18
2026/10/09 02:36:48.165, 0, 23155, 97871, 0, 123.59
2026/10/09 02:36:48.165, 1, 23148, 97871, 0, 149.80
2026/10/09 02:36:48.165, 2, 23119, 97871, 0, 142.67
2026/10/09 02:36:48.165, 3, 23145, 97871, 0, 129.45
2026/10/09 02:36:49.165, 0, 23155, 97871, 0, 123.37
2026/10/09 02:36:49.165, 1, 23148, 97871, 0, 149.74
2026/10/09 02:36:49.166, 2, 23119, 97871, 0, 142.77
2026/10/09 02:36:49.166, 3, 23145, 97871, 0, 129.90
2026/10/09 02:36:50.166, 0, 23827, 97871, 94, 228.85
2026/10/09 02:36:50.166, 1, 23820, 97871, 94, 238.36
2026/10/09 02:36:50.166, 2, 23791, 97871, 96, 232.46
2026/10/09 02:36:50.166, 3, 23817, 97871, 94, 234.03
2026/10/09 02:36:51.166, 0, 23827, 97871, 0, 129.16
2026/10/09 02:36:51.166, 1, 23820, 97871, 0, 177.17
2026/10/09 02:36:51.166, 2, 23791, 97871, 0, 161.92
2026/10/09 02:36:51.166, 3, 23817, 97871, 0, 145.32
2026/10/09 02:36:52.166, 0, 23827, 97871, 97, 216.36
2026/10/09 02:36:52.166, 1, 23820, 97871, 95, 207.77
2026/10/09 02:36:52.166, 2, 23791, 97871, 93, 207.73
2026/10/09 02:36:52.166, 3, 23817, 97871, 99, 183.85
2026/10/09 02:36:53.167, 0, 23827, 97871, 0, 143.30
2026/10/09 02:36:53.167, 1, 23820, 97871, 0, 203.18
2026/10/09 02:36:53.167, 2, 23791, 97871, 0, 192.05
2026/10/09 02:36:53.167, 3, 23817, 97871, 0, 191.79
2026/10/09 02:36:54.167, 0, 23827, 97871, 0, 123.51
2026/10/09 02:36:54.167, 1, 23820, 97871, 0, 149.98
2026/10/09 02:36:54.167, 2, 23791, 97871, 0, 142.51
2026/10/09 02:36:54.167, 3, 23817, 97871, 0, 130.93
2026/10/09 02:36:55.167, 0, 23827, 97871, 98, 174.24
2026/10/09 02:36:55.167, 1, 23820, 97871, 97, 194.46
2026/10/09 02:36:55.167, 2, 23791, 97871, 95, 189.53
2026/10/09 02:36:55.167, 3, 23817, 97871, 97, 180.81
2026/10/09 02:36:56.167, 0, 23827, 97871, 0, 123.76
2026/10/09 02:36:56.167, 1, 23820, 97871, 0, 165.10
2026/10/09 02:36:56.167, 2, 23791, 97871, 0, 146.34
2026/10/09 02:36:56.167, 3, 23817, 97871, 0, 131.11
2026/10/09 02:36:57.167, 0, 23827, 97871, 0, 123.36
2026/10/09 02:36:57.167, 1, 23820, 97871, 0, 149.86
2026/10/09 02:36:57.168, 2, 23791, 97871, 0, 142.24
2026/10/09 02:36:57.168, 3, 23817, 97871, 0, 130.50
2026/10/09 02:36:58.168, 0, 23827, 97871, 0, 123.26
2026/10/09 02:36:58.168, 1, 23820, 97871, 0, 149.80
2026/10/09 02:36:58.168, 2, 23791, 97871, 0, 142.49
2026/10/09 02:36:58.168, 3, 23881, 97871, 0, 130.38
2026/10/09 02:36:59.168, 0, 25235, 97871, 92, 363.54
2026/10/09 02:36:59.168, 1, 25228, 97871, 90, 357.37
2026/10/09 02:36:59.168, 2, 25199, 97871, 96, 372.70
2026/10/09 02:36:59.168, 3, 25225, 97871, 87, 402.82
2026/10/09 02:37:00.168, 0, 25235, 97871, 0, 250.90
2026/10/09 02:37:00.168, 1, 25228, 97871, 0, 324.92
2026/10/09 02:37:00.168, 2, 25199, 97871, 0, 276.31
2026/10/09 02:37:00.168, 3, 25225, 97871, 0, 241.15
2026/10/09 02:37:01.168, 0, 25235, 97871, 0, 123.88
2026/10/09 02:37:01.168, 1, 25228, 97871, 0, 150.60
2026/10/09 02:37:01.169, 2, 25199, 97871, 0, 143.11
2026/10/09 02:37:01.169, 3, 25225, 97871, 0, 131.15
2026/10/09 02:37:02.169, 0, 25235, 97871, 0, 123.38
2026/10/09 02:37:02.169, 1, 25228, 97871, 0, 150.05
2026/10/09 02:37:02.169, 2, 25199, 97871, 0, 142.62
2026/10/09 02:37:02.169, 3, 25225, 97871, 0, 138.09
2026/10/09 02:37:03.169, 0, 25235, 97871, 32, 139.93
2026/10/09 02:37:03.169, 1, 25228, 97871, 0, 165.64
2026/10/09 02:37:03.169, 2, 25199, 97871, 0, 154.34
2026/10/09 02:37:03.169, 3, 25225, 97871, 0, 142.65
2026/10/09 02:37:04.169, 0, 25235, 97871, 0, 136.89
2026/10/09 02:37:04.169, 1, 25228, 97871, 0, 163.42
2026/10/09 02:37:04.170, 2, 25199, 97871, 0, 157.54
2026/10/09 02:37:04.170, 3, 25225, 97871, 8, 149.22
2026/10/09 02:37:05.170, 0, 25235, 97871, 0, 134.21
2026/10/09 02:37:05.170, 1, 25228, 97871, 0, 160.57
2026/10/09 02:37:05.170, 2, 25199, 97871, 0, 146.84
2026/10/09 02:37:05.170, 3, 25225, 97871, 0, 137.00
2026/10/09 02:37:06.170, 0, 27319, 97871, 0, 134.92
2026/10/09 02:37:06.170, 1, 27312, 97871, 37, 161.84
2026/10/09 02:37:06.170, 2, 27283, 97871, 0, 153.89
2026/10/09 02:37:06.170, 3, 27309, 97871, 0, 142.91
2026/10/09 02:37:07.170, 0, 27319, 97871, 0, 124.05
2026/10/09 02:37:07.170, 1, 27312, 97871, 0, 149.71
2026/10/09 02:37:07.170, 2, 27283, 97871, 0, 142.73
2026/10/09 02:37:07.170, 3, 27309, 97871, 0, 130.54
2026/10/09 02:37:08.171, 0, 27319, 97871, 0, 123.34
2026/10/09 02:37:08.171, 1, 27312, 97871, 0, 149.74
2026/10/09 02:37:08.171, 2, 27283, 97871, 4, 148.80
2026/10/09 02:37:08.171, 3, 27309, 97871, 21, 158.69
2026/10/09 02:37:09.171, 0, 27319, 97871, 0, 152.67
2026/10/09 02:37:09.171, 1, 27312, 97871, 0, 179.14
2026/10/09 02:37:09.171, 2, 27283, 97871, 0, 173.12
2026/10/09 02:37:09.171, 3, 27309, 97871, 0, 150.19
2026/10/09 02:37:10.171, 0, 27319, 97871, 0, 153.53
2026/10/09 02:37:10.171, 1, 27312, 97871, 41, 190.53
2026/10/09 02:37:10.171, 2, 27283, 97871, 0, 178.08
2026/10/09 02:37:10.171, 3, 27309, 97871, 0, 181.32
2026/10/09 02:37:11.171, 0, 27319, 97871, 0, 159.48
2026/10/09 02:37:11.172, 1, 27312, 97871, 0, 182.58
2026/10/09 02:37:11.172, 2, 27283, 97871, 0, 143.21
2026/10/09 02:37:11.172, 3, 27309, 97871, 0, 131.96
2026/10/09 02:37:12.172, 0, 27319, 97871, 0, 123.43
2026/10/09 02:37:12.172, 1, 27312, 97871, 0, 150.06
2026/10/09 02:37:12.172, 2, 78747, 97871, 100, 221.08
2026/10/09 02:37:12.172, 3, 78753, 97871, 100, 263.87
2026/10/09 02:37:13.172, 0, 22587, 97871, 0, 123.24
2026/10/09 02:37:13.172, 1, 78756, 97871, 0, 335.58
2026/10/09 02:37:13.172, 2, 76347, 97871, 12, 253.19
2026/10/09 02:37:13.172, 3, 76385, 97871, 13, 224.32
2026/10/09 02:37:14.172, 0, 22587, 97871, 0, 123.08
2026/10/09 02:37:14.172, 1, 76382, 97871, 22, 196.02
2026/10/09 02:37:14.172, 2, 76457, 97871, 20, 265.09
2026/10/09 02:37:14.173, 3, 76481, 97871, 20, 232.55
2026/10/09 02:37:15.173, 0, 29, 97871, 1, 124.62
2026/10/09 02:37:15.173, 1, 76468, 97871, 14, 230.98
2026/10/09 02:37:15.173, 2, 77129, 97871, 13, 205.02
2026/10/09 02:37:15.173, 3, 77139, 97871, 8, 210.37
2026/10/09 02:37:16.173, 0, 29, 97871, 0, 120.34
2026/10/09 02:37:16.173, 1, 77136, 97871, 15, 203.99
2026/10/09 02:37:16.173, 2, 77173, 97871, 22, 300.61
2026/10/09 02:37:16.173, 3, 77183, 97871, 29, 314.46
2026/10/09 02:37:17.173, 0, 29, 97871, 0, 78.25
2026/10/09 02:37:17.173, 1, 77174, 97871, 27, 334.88
2026/10/09 02:37:17.173, 2, 77335, 97871, 22, 232.20
2026/10/09 02:37:17.173, 3, 77225, 97871, 21, 245.62
2026/10/09 02:37:18.173, 0, 29, 97871, 0, 78.51
2026/10/09 02:37:18.173, 1, 77208, 97871, 20, 293.00
2026/10/09 02:37:18.173, 2, 77257, 97871, 0, 161.17
2026/10/09 02:37:18.173, 3, 77277, 97871, 16, 201.54
2026/10/09 02:37:19.174, 0, 29, 97871, 0, 78.57
2026/10/09 02:37:19.174, 1, 77340, 97871, 19, 257.42
2026/10/09 02:37:19.174, 2, 77257, 97871, 0, 142.27
2026/10/09 02:37:19.174, 3, 77635, 97871, 24, 243.16
2026/10/09 02:37:20.174, 0, 29, 97871, 0, 78.45
2026/10/09 02:37:20.174, 1, 77362, 97871, 16, 235.60
2026/10/09 02:37:20.174, 2, 77651, 97871, 1, 161.52
2026/10/09 02:37:20.174, 3, 77651, 97871, 0, 161.82
2026/10/09 02:37:21.174, 0, 29, 97871, 0, 78.57
2026/10/09 02:37:21.174, 1, 77360, 97871, 15, 211.85
2026/10/09 02:37:21.174, 2, 77913, 97871, 0, 143.38
2026/10/09 02:37:21.174, 3, 77651, 97871, 0, 132.16
2026/10/09 02:37:22.174, 0, 29, 97871, 0, 78.50
2026/10/09 02:37:22.175, 1, 77356, 97871, 12, 198.37
2026/10/09 02:37:22.175, 2, 77915, 97871, 0, 143.63
2026/10/09 02:37:22.175, 3, 77651, 97871, 0, 132.00
2026/10/09 02:37:23.175, 0, 29, 97871, 0, 78.71
2026/10/09 02:37:23.175, 1, 78158, 97871, 26, 254.47
2026/10/09 02:37:23.175, 2, 78961, 97871, 3, 145.10
2026/10/09 02:37:23.175, 3, 78397, 97871, 0, 160.39
2026/10/09 02:37:24.175, 0, 29, 97871, 0, 78.54
2026/10/09 02:37:24.175, 1, 78234, 97871, 16, 229.07
2026/10/09 02:37:24.175, 2, 80003, 97871, 0, 168.90
2026/10/09 02:37:24.175, 3, 78397, 97871, 0, 130.79
2026/10/09 02:37:25.175, 0, 29, 97871, 0, 78.63
2026/10/09 02:37:25.175, 1, 78212, 97871, 0, 174.12
2026/10/09 02:37:25.175, 2, 80003, 97871, 0, 143.28
2026/10/09 02:37:25.175, 3, 79967, 97871, 4, 137.49
2026/10/09 02:37:26.175, 0, 29, 97871, 0, 78.69
2026/10/09 02:37:26.176, 1, 78212, 97871, 0, 150.12
2026/10/09 02:37:26.176, 2, 80003, 97871, 0, 143.13
2026/10/09 02:37:26.176, 3, 83095, 97871, 0, 172.78
2026/10/09 02:37:27.176, 0, 29, 97871, 0, 78.74
2026/10/09 02:37:27.176, 1, 78212, 97871, 0, 150.09
2026/10/09 02:37:27.176, 2, 80003, 97871, 0, 143.13
2026/10/09 02:37:27.176, 3, 83095, 97871, 0, 130.66
2026/10/09 02:37:28.176, 0, 29, 97871, 0, 78.67
2026/10/09 02:37:28.176, 1, 78958, 97871, 0, 179.83
2026/10/09 02:37:28.176, 2, 80005, 97871, 0, 143.19
2026/10/09 02:37:28.176, 3, 83095, 97871, 0, 130.34
2026/10/09 02:37:29.176, 0, 29, 97871, 0, 78.72
2026/10/09 02:37:29.176, 1, 79486, 97871, 0, 149.99
2026/10/09 02:37:29.176, 2, 80007, 97871, 0, 147.76
2026/10/09 02:37:29.176, 3, 83095, 97871, 0, 130.68
2026/10/09 02:37:30.176, 0, 29, 97871, 0, 78.78
2026/10/09 02:37:30.177, 1, 80530, 97871, 8, 155.40
2026/10/09 02:37:30.177, 2, 80007, 97871, 0, 143.82
2026/10/09 02:37:30.177, 3, 83097, 97871, 0, 131.18
2026/10/09 02:37:31.177, 0, 29, 97871, 0, 78.85
2026/10/09 02:37:31.177, 1, 83656, 97871, 0, 188.45
2026/10/09 02:37:31.177, 2, 80007, 97871, 0, 146.54
2026/10/09 02:37:31.177, 3, 83097, 97871, 0, 140.01
2026/10/09 02:37:32.177, 0, 29, 97871, 0, 78.69
2026/10/09 02:37:32.177, 1, 83656, 97871, 0, 150.15
2026/10/09 02:37:32.177, 2, 80007, 97871, 0, 143.48
2026/10/09 02:37:32.177, 3, 83097, 97871, 0, 131.18
2026/10/09 02:37:33.177, 0, 29, 97871, 0, 78.57
2026/10/09 02:37:33.178, 1, 83656, 97871, 0, 149.97
2026/10/09 02:37:33.178, 2, 80007, 97871, 0, 143.44
2026/10/09 02:37:33.178, 3, 83097, 97871, 0, 142.26
2026/10/09 02:37:34.178, 0, 29, 97871, 0, 78.71
2026/10/09 02:37:34.178, 1, 83656, 97871, 0, 149.84
2026/10/09 02:37:34.178, 2, 80007, 97871, 0, 143.63
2026/10/09 02:37:34.178, 3, 83097, 97871, 0, 131.57
2026/10/09 02:37:35.178, 0, 29, 97871, 0, 78.55
2026/10/09 02:37:35.178, 1, 83656, 97871, 0, 149.79
2026/10/09 02:37:35.178, 2, 80007, 97871, 0, 143.22
2026/10/09 02:37:35.178, 3, 83097, 97871, 0, 131.45
2026/10/09 02:37:36.178, 0, 29, 97871, 0, 78.56
2026/10/09 02:37:36.178, 1, 83658, 97871, 0, 158.38
2026/10/09 02:37:36.178, 2, 80007, 97871, 0, 143.06
2026/10/09 02:37:36.178, 3, 83097, 97871, 0, 131.46
2026/10/09 02:37:37.178, 0, 29, 97871, 0, 78.53
2026/10/09 02:37:37.178, 1, 83658, 97871, 0, 149.77
2026/10/09 02:37:37.178, 2, 80007, 97871, 0, 143.16
2026/10/09 02:37:37.179, 3, 83097, 97871, 0, 131.35
2026/10/09 02:37:38.179, 0, 29, 97871, 0, 78.66
2026/10/09 02:37:38.179, 1, 83658, 97871, 0, 160.06
2026/10/09 02:37:38.179, 2, 80007, 97871, 0, 143.21
2026/10/09 02:37:38.179, 3, 83097, 97871, 0, 131.53
2026/10/09 02:37:39.179, 0, 29, 97871, 0, 78.78
2026/10/09 02:37:39.179, 1, 83658, 97871, 0, 150.34
2026/10/09 02:37:39.179, 2, 80007, 97871, 0, 143.29
2026/10/09 02:37:39.179, 3, 83097, 97871, 0, 131.54
2026/10/09 02:37:40.179, 0, 29, 97871, 0, 78.70
2026/10/09 02:37:40.179, 1, 83658, 97871, 0, 150.29
2026/10/09 02:37:40.179, 2, 80007, 97871, 0, 143.43
2026/10/09 02:37:40.179, 3, 83097, 97871, 0, 131.50
2026/10/09 02:37:41.179, 0, 29, 97871, 0, 78.75
2026/10/09 02:37:41.179, 1, 83658, 97871, 0, 150.38
2026/10/09 02:37:41.179, 2, 80007, 97871, 0, 143.11
2026/10/09 02:37:41.179, 3, 83097, 97871, 0, 131.37
2026/10/09 02:37:42.180, 0, 29, 97871, 0, 78.83
2026/10/09 02:37:42.180, 1, 83658, 97871, 0, 150.34
2026/10/09 02:37:42.180, 2, 80007, 97871, 0, 142.98
2026/10/09 02:37:42.180, 3, 83097, 97871, 0, 131.29
2026/10/09 02:37:43.180, 0, 28, 97871, 0, 78.70
2026/10/09 02:37:43.180, 1, 83657, 97871, 0, 150.38
2026/10/09 02:37:43.180, 2, 80006, 97871, 0, 143.05
2026/10/09 02:37:43.180, 3, 83095, 97871, 0, 131.35
2026/10/09 02:37:44.180, 0, 28, 97871, 0, 78.79
2026/10/09 02:37:44.180, 1, 83657, 97871, 0, 150.33
2026/10/09 02:37:44.180, 2, 80006, 97871, 0, 142.87
2026/10/09 02:37:44.180, 3, 83095, 97871, 0, 131.45
2026/10/09 02:37:45.180, 0, 28, 97871, 0, 78.67
2026/10/09 02:37:45.180, 1, 83657, 97871, 0, 150.26
2026/10/09 02:37:45.180, 2, 80006, 97871, 0, 143.13
2026/10/09 02:37:45.180, 3, 83095, 97871, 0, 131.31
2026/10/09 02:37:46.180, 0, 28, 97871, 0, 78.47
2026/10/09 02:37:46.180, 1, 83657, 97871, 0, 150.23
2026/10/09 02:37:46.180, 2, 80006, 97871, 0, 143.39
2026/10/09 02:37:46.181, 3, 83095, 97871, 0, 131.50
2026/10/09 02:37:47.181, 0, 28, 97871, 0, 78.48
2026/10/09 02:37:47.181, 1, 83657, 97871, 0, 150.32
2026/10/09 02:37:47.181, 2, 80006, 97871, 0, 143.50
2026/10/09 02:37:47.181, 3, 83095, 97871, 0, 131.45
2026/10/09 02:37:48.181, 0, 27, 97871, 0, 78.56
2026/10/09 02:37:48.181, 1, 83657, 97871, 0, 150.36
2026/10/09 02:37:48.181, 2, 80006, 97871, 0, 143.55
2026/10/09 02:37:48.181, 3, 83095, 97871, 0, 131.33
2026/10/09 02:37:49.181, 0, 27, 97871, 0, 78.51
2026/10/09 02:37:49.181, 1, 83657, 97871, 0, 150.32
2026/10/09 02:37:49.181, 2, 80006, 97871, 0, 143.41
2026/10/09 02:37:49.181, 3, 83095, 97871, 0, 131.47
2026/10/09 02:37:50.181, 0, 27, 97871, 0, 78.48
2026/10/09 02:37:50.181, 1, 83657, 97871, 0, 150.44
2026/10/09 02:37:50.181, 2, 80006, 97871, 0, 143.14
2026/10/09 02:37:50.181, 3, 83095, 97871, 0, 131.34
2026/10/09 02:37:51.181, 0, 27, 97871, 0, 78.47
2026/10/09 02:37:51.182, 1, 83657, 97871, 0, 150.32
2026/10/09 02:37:51.182, 2, 80006, 97871, 0, 143.24
2026/10/09 02:37:51.182, 3, 83095, 97871, 0, 131.35
2026/10/09 02:37:52.182, 0, 27, 97871, 0, 78.51
2026/10/09 02:37:52.182, 1, 83657, 97871, 0, 150.39
2026/10/09 02:37:52.182, 2, 80006, 97871, 0, 143.29
2026/10/09 02:37:52.182, 3, 83095, 97871, 0, 131.46
2026/10/09 02:37:53.182, 0, 27, 97871, 0, 78.72
2026/10/09 02:37:53.182, 1, 83657, 97871, 0, 150.48
2026/10/09 02:37:53.182, 2, 80006, 97871, 0, 143.33
2026/10/09 02:37:53.182, 3, 83095, 97871, 0, 131.37
2026/10/09 02:37:54.182, 0, 27, 97871, 0, 78.89
2026/10/09 02:37:54.182, 1, 83657, 97871, 0, 150.47
2026/10/09 02:37:54.182, 2, 80006, 97871, 0, 143.48
2026/10/09 02:37:54.182, 3, 83095, 97871, 0, 131.57
2026/10/09 02:37:55.182, 0, 27, 97871, 0, 78.61
2026/10/09 02:37:55.182, 1, 83657, 97871, 0, 150.36
2026/10/09 02:37:55.182, 2, 80006, 97871, 0, 143.24
2026/10/09 02:37:55.182, 3, 83095, 97871, 0, 131.19
2026/10/09 02:37:56.183, 0, 27, 97871, 0, 78.46
2026/10/09 02:37:56.183, 1, 83657, 97871, 0, 150.14
2026/10/09 02:37:56.183, 2, 80006, 97871, 0, 143.01
2026/10/09 02:37:56.183, 3, 83095, 97871, 0, 131.23
2026/10/09 02:37:57.183, 0, 27, 97871, 0, 78.46
2026/10/09 02:37:57.183, 1, 83657, 97871, 0, 150.35
2026/10/09 02:37:57.183, 2, 80006, 97871, 0, 143.16
2026/10/09 02:37:57.183, 3, 83095, 97871, 0, 131.26
2026/10/09 02:37:58.183, 0, 27, 97871, 0, 78.57
2026/10/09 02:37:58.183, 1, 83657, 97871, 0, 150.21
2026/10/09 02:37:58.183, 2, 80006, 97871, 0, 143.29
2026/10/09 02:37:58.183, 3, 83095, 97871, 0, 131.46
2026/10/09 02:37:59.183, 0, 27, 97871, 0, 78.75
2026/10/09 02:37:59.184, 1, 83657, 97871, 0, 150.38
2026/10/09 02:37:59.184, 2, 80006, 97871, 0, 143.02
2026/10/09 02:37:59.184, 3, 83095, 97871, 0, 131.29
2026/10/09 02:38:00.184, 0, 27, 97871, 0, 78.51
2026/10/09 02:38:00.184, 1, 83657, 97871, 0, 150.22
2026/10/09 02:38:00.184, 2, 80006, 97871, 0, 180.91
2026/10/09 02:38:00.184, 3, 83095, 97871, 27, 187.38
2026/10/09 02:38:01.184, 0, 27, 97871, 0, 78.45
2026/10/09 02:38:01.184, 1, 83657, 97871, 0, 150.29
2026/10/09 02:38:01.184, 2, 80006, 97871, 100, 505.13
2026/10/09 02:38:01.184, 3, 83095, 97871, 98, 503.57
2026/10/09 02:38:02.184, 0, 27, 97871, 0, 78.43
2026/10/09 02:38:02.184, 1, 83657, 97871, 0, 149.91
2026/10/09 02:38:02.184, 2, 80006, 97871, 100, 517.80
2026/10/09 02:38:02.184, 3, 83095, 97871, 99, 513.56
2026/10/09 02:38:03.184, 0, 27, 97871, 0, 78.46
2026/10/09 02:38:03.185, 1, 83657, 97871, 0, 149.87
2026/10/09 02:38:03.185, 2, 80005, 97871, 100, 515.46
2026/10/09 02:38:03.185, 3, 83095, 97871, 100, 516.43
2026/10/09 02:38:04.185, 0, 27, 97871, 0, 78.25
2026/10/09 02:38:04.185, 1, 83657, 97871, 0, 149.84
2026/10/09 02:38:04.185, 2, 80005, 97871, 78, 509.38
2026/10/09 02:38:04.185, 3, 83095, 97871, 100, 496.38
2026/10/09 02:38:05.185, 0, 27, 97871, 0, 78.34
2026/10/09 02:38:05.185, 1, 83657, 97871, 0, 150.16
2026/10/09 02:38:05.185, 2, 80005, 97871, 88, 484.11
2026/10/09 02:38:05.185, 3, 83095, 97871, 99, 348.63
2026/10/09 02:38:06.185, 0, 27, 97871, 0, 78.52
2026/10/09 02:38:06.186, 1, 83657, 97871, 0, 149.97
2026/10/09 02:38:06.186, 2, 80005, 97871, 100, 510.18
2026/10/09 02:38:06.186, 3, 83095, 97871, 99, 461.11
2026/10/09 02:38:07.186, 0, 27, 97871, 0, 78.44
2026/10/09 02:38:07.186, 1, 83657, 97871, 0, 149.94
2026/10/09 02:38:07.186, 2, 80005, 97871, 100, 369.80
2026/10/09 02:38:07.186, 3, 83095, 97871, 100, 476.14
2026/10/09 02:38:08.186, 0, 27, 97871, 0, 78.33
2026/10/09 02:38:08.186, 1, 83657, 97871, 0, 149.90
2026/10/09 02:38:08.186, 2, 80005, 97871, 100, 482.47
2026/10/09 02:38:08.186, 3, 83095, 97871, 97, 472.21
2026/10/09 02:38:09.186, 0, 27, 97871, 0, 78.22
2026/10/09 02:38:09.186, 1, 83657, 97871, 0, 149.85
2026/10/09 02:38:09.186, 2, 80005, 97871, 100, 481.60
2026/10/09 02:38:09.186, 3, 83095, 97871, 99, 471.55
2026/10/09 02:38:10.186, 0, 27, 97871, 0, 78.37
2026/10/09 02:38:10.186, 1, 83657, 97871, 52, 235.63
2026/10/09 02:38:10.187, 2, 80005, 97871, 96, 481.61
2026/10/09 02:38:10.187, 3, 83095, 97871, 100, 477.11
2026/10/09 02:38:11.187, 0, 27, 97871, 0, 78.34
2026/10/09 02:38:11.187, 1, 83657, 97871, 76, 517.36
2026/10/09 02:38:11.187, 2, 80005, 97871, 100, 470.86
2026/10/09 02:38:11.187, 3, 83095, 97871, 100, 476.02
2026/10/09 02:38:12.187, 0, 27, 97871, 0, 78.36
2026/10/09 02:38:12.187, 1, 83657, 97871, 100, 533.63
2026/10/09 02:38:12.187, 2, 80005, 97871, 100, 483.11
2026/10/09 02:38:12.187, 3, 83095, 97871, 98, 480.39
2026/10/09 02:38:13.187, 0, 27, 97871, 0, 78.58
2026/10/09 02:38:13.187, 1, 83657, 97871, 91, 529.11
2026/10/09 02:38:13.187, 2, 80005, 97871, 100, 483.83
2026/10/09 02:38:13.187, 3, 83095, 97871, 99, 476.01
2026/10/09 02:38:14.187, 0, 27, 97871, 0, 78.53
2026/10/09 02:38:14.187, 1, 83657, 97871, 100, 508.08
2026/10/09 02:38:14.187, 2, 80005, 97871, 100, 484.22
2026/10/09 02:38:14.187, 3, 83095, 97871, 99, 467.89
2026/10/09 02:38:15.188, 0, 27, 97871, 0, 78.23
2026/10/09 02:38:15.188, 1, 83657, 97871, 99, 372.69
2026/10/09 02:38:15.188, 2, 80005, 97871, 100, 477.92
2026/10/09 02:38:15.188, 3, 83095, 97871, 100, 480.11
2026/10/09 02:38:16.188, 0, 27, 97871, 0, 78.42
2026/10/09 02:38:16.188, 1, 83657, 97871, 99, 483.98
2026/10/09 02:38:16.188, 2, 80005, 97871, 100, 484.15
2026/10/09 02:38:16.188, 3, 83095, 97871, 99, 470.08
2026/10/09 02:38:17.188, 0, 27, 97871, 0, 78.43
2026/10/09 02:38:17.188, 1, 83657, 97871, 100, 495.56
2026/10/09 02:38:17.188, 2, 80005, 97871, 98, 485.26
2026/10/09 02:38:17.188, 3, 83095, 97871, 99, 477.18
2026/10/09 02:38:18.188, 0, 27, 97871, 0, 78.36
2026/10/09 02:38:18.188, 1, 83657, 97871, 99, 497.29
2026/10/09 02:38:18.188, 2, 80005, 97871, 100, 475.49
2026/10/09 02:38:18.188, 3, 83095, 97871, 99, 470.92
2026/10/09 02:38:19.188, 0, 27, 97871, 0, 78.29
2026/10/09 02:38:19.189, 1, 83657, 97871, 99, 492.93
2026/10/09 02:38:19.189, 2, 80005, 97871, 98, 485.75
2026/10/09 02:38:19.189, 3, 83095, 97871, 100, 476.00
2026/10/09 02:38:20.189, 0, 27, 97871, 0, 78.41
2026/10/09 02:38:20.189, 1, 83657, 97871, 99, 491.32
2026/10/09 02:38:20.189, 2, 80005, 97871, 100, 470.62
2026/10/09 02:38:20.189, 3, 83095, 97871, 99, 470.39
2026/10/09 02:38:21.189, 0, 27, 97871, 0, 78.28
2026/10/09 02:38:21.189, 1, 83657, 97871, 99, 494.21
2026/10/09 02:38:21.189, 2, 80005, 97871, 100, 483.73
2026/10/09 02:38:21.189, 3, 83095, 97871, 99, 468.05
2026/10/09 02:38:22.189, 0, 27, 97871, 0, 78.34
2026/10/09 02:38:22.189, 1, 83657, 97871, 99, 500.06
2026/10/09 02:38:22.189, 2, 80005, 97871, 100, 485.66
2026/10/09 02:38:22.189, 3, 83095, 97871, 99, 476.05
2026/10/09 02:38:23.189, 0, 27, 97871, 0, 78.42
2026/10/09 02:38:23.189, 1, 83657, 97871, 99, 495.14
2026/10/09 02:38:23.189, 2, 80005, 97871, 100, 478.50
2026/10/09 02:38:23.189, 3, 83095, 97871, 99, 478.77
2026/10/09 02:38:24.190, 0, 27, 97871, 0, 78.13
2026/10/09 02:38:24.190, 1, 83657, 97871, 97, 497.11
2026/10/09 02:38:24.190, 2, 80005, 97871, 100, 478.39
2026/10/09 02:38:24.190, 3, 83095, 97871, 100, 473.74
2026/10/09 02:38:25.190, 0, 27, 97871, 0, 78.42
2026/10/09 02:38:25.190, 1, 83657, 97871, 99, 484.98
2026/10/09 02:38:25.190, 2, 80005, 97871, 100, 481.29
2026/10/09 02:38:25.190, 3, 83095, 97871, 99, 471.81
2026/10/09 02:38:26.190, 0, 27, 97871, 0, 78.40
2026/10/09 02:38:26.190, 1, 83657, 97871, 96, 497.15
2026/10/09 02:38:26.190, 2, 80005, 97871, 100, 489.77
2026/10/09 02:38:26.190, 3, 83095, 97871, 99, 484.61
2026/10/09 02:38:27.190, 0, 27, 97871, 0, 78.37
2026/10/09 02:38:27.190, 1, 83657, 97871, 99, 477.50
2026/10/09 02:38:27.190, 2, 80005, 97871, 100, 485.61
2026/10/09 02:38:27.190, 3, 83095, 97871, 99, 472.49
2026/10/09 02:38:28.190, 0, 27, 97871, 0, 78.41
2026/10/09 02:38:28.190, 1, 83657, 97871, 99, 499.13
2026/10/09 02:38:28.190, 2, 80005, 97871, 100, 473.07
2026/10/09 02:38:28.190, 3, 83095, 97871, 99, 481.07
2026/10/09 02:38:29.191, 0, 27, 97871, 0, 78.40
2026/10/09 02:38:29.191, 1, 83657, 97871, 99, 499.89
2026/10/09 02:38:29.191, 2, 80005, 97871, 100, 488.45
2026/10/09 02:38:29.191, 3, 83095, 97871, 99, 477.73
2026/10/09 02:38:30.191, 0, 27, 97871, 0, 78.46
2026/10/09 02:38:30.191, 1, 83657, 97871, 99, 499.31
2026/10/09 02:38:30.191, 2, 80005, 97871, 100, 483.40
2026/10/09 02:38:30.191, 3, 83095, 97871, 99, 469.89
2026/10/09 02:38:31.191, 0, 27, 97871, 0, 78.45
2026/10/09 02:38:31.191, 1, 83657, 97871, 99, 485.62
2026/10/09 02:38:31.191, 2, 80005, 97871, 100, 487.41
2026/10/09 02:38:31.191, 3, 83095, 97871, 99, 474.01
2026/10/09 02:38:32.191, 0, 27, 97871, 0, 78.36
2026/10/09 02:38:32.191, 1, 83657, 97871, 100, 493.05
2026/10/09 02:38:32.191, 2, 80005, 97871, 100, 481.57
2026/10/09 02:38:32.191, 3, 83095, 97871, 100, 468.00
2026/10/09 02:38:33.191, 0, 27, 97871, 0, 78.12
2026/10/09 02:38:33.192, 1, 83657, 97871, 99, 500.49
2026/10/09 02:38:33.192, 2, 80005, 97871, 100, 481.36
2026/10/09 02:38:33.192, 3, 83095, 97871, 100, 476.89
2026/10/09 02:38:34.192, 0, 27, 97871, 0, 78.14
2026/10/09 02:38:34.192, 1, 83657, 97871, 99, 482.27
2026/10/09 02:38:34.192, 2, 80005, 97871, 100, 484.30
2026/10/09 02:38:34.192, 3, 83095, 97871, 99, 482.68
2026/10/09 02:38:35.192, 0, 27, 97871, 0, 78.27
2026/10/09 02:38:35.192, 1, 83657, 97871, 99, 490.01
2026/10/09 02:38:35.192, 2, 80005, 97871, 98, 495.00
2026/10/09 02:38:35.192, 3, 83095, 97871, 99, 477.20
2026/10/09 02:38:36.192, 0, 27, 97871, 0, 78.14
2026/10/09 02:38:36.192, 1, 83657, 97871, 99, 495.84
2026/10/09 02:38:36.192, 2, 80005, 97871, 100, 475.31
2026/10/09 02:38:36.192, 3, 83095, 97871, 99, 475.31
2026/10/09 02:38:37.192, 0, 27, 97871, 0, 78.22
2026/10/09 02:38:37.192, 1, 83657, 97871, 99, 500.67
2026/10/09 02:38:37.192, 2, 80005, 97871, 100, 480.88
2026/10/09 02:38:37.192, 3, 83095, 97871, 99, 470.99
2026/10/09 02:38:38.192, 0, 27, 97871, 0, 78.37
2026/10/09 02:38:38.193, 1, 83657, 97871, 99, 486.60
2026/10/09 02:38:38.193, 2, 80005, 97871, 98, 489.29
2026/10/09 02:38:38.193, 3, 83095, 97871, 99, 468.90
2026/10/09 02:38:39.193, 0, 27, 97871, 0, 78.09
2026/10/09 02:38:39.193, 1, 83657, 97871, 99, 491.85
2026/10/09 02:38:39.193, 2, 80005, 97871, 100, 478.27
2026/10/09 02:38:39.193, 3, 83095, 97871, 99, 472.59
2026/10/09 02:38:40.193, 0, 27, 97871, 0, 78.31
2026/10/09 02:38:40.193, 1, 83657, 97871, 100, 495.35
2026/10/09 02:38:40.193, 2, 80005, 97871, 100, 486.34
2026/10/09 02:38:40.193, 3, 83095, 97871, 100, 471.33
2026/10/09 02:38:41.193, 0, 27, 97871, 0, 78.19
2026/10/09 02:38:41.193, 1, 83657, 97871, 96, 496.90
2026/10/09 02:38:41.193, 2, 80005, 97871, 100, 489.43
2026/10/09 02:38:41.193, 3, 83095, 97871, 99, 468.68
2026/10/09 02:38:42.193, 0, 27, 97871, 0, 78.19
2026/10/09 02:38:42.193, 1, 83657, 97871, 99, 492.36
2026/10/09 02:38:42.193, 2, 80005, 97871, 100, 482.23
2026/10/09 02:38:42.194, 3, 83095, 97871, 99, 473.91
2026/10/09 02:38:43.194, 0, 27, 97871, 0, 78.11
2026/10/09 02:38:43.194, 1, 83657, 97871, 97, 483.47
2026/10/09 02:38:43.194, 2, 80005, 97871, 100, 479.07
2026/10/09 02:38:43.194, 3, 83095, 97871, 99, 467.87
2026/10/09 02:38:44.194, 0, 27, 97871, 0, 78.13
2026/10/09 02:38:44.194, 1, 83657, 97871, 99, 501.39
2026/10/09 02:38:44.194, 2, 80005, 97871, 100, 484.12
2026/10/09 02:38:44.194, 3, 83095, 97871, 99, 470.20
2026/10/09 02:38:45.194, 0, 27, 97871, 0, 78.21
2026/10/09 02:38:45.194, 1, 83657, 97871, 99, 485.40
2026/10/09 02:38:45.194, 2, 80005, 97871, 100, 472.70
2026/10/09 02:38:45.194, 3, 83095, 97871, 99, 471.34
2026/10/09 02:38:46.194, 0, 27, 97871, 0, 78.25
2026/10/09 02:38:46.194, 1, 83657, 97871, 99, 496.76
2026/10/09 02:38:46.194, 2, 80005, 97871, 100, 479.61
2026/10/09 02:38:46.194, 3, 83095, 97871, 99, 473.59
2026/10/09 02:38:47.194, 0, 27, 97871, 0, 78.11
2026/10/09 02:38:47.195, 1, 83657, 97871, 100, 492.95
2026/10/09 02:38:47.195, 2, 80005, 97871, 100, 475.74
2026/10/09 02:38:47.195, 3, 83095, 97871, 99, 471.78
2026/10/09 02:38:48.195, 0, 27, 97871, 0, 78.31
2026/10/09 02:38:48.195, 1, 83657, 97871, 99, 485.66
2026/10/09 02:38:48.195, 2, 80005, 97871, 100, 479.77
2026/10/09 02:38:48.195, 3, 83095, 97871, 99, 471.09
2026/10/09 02:38:49.195, 0, 27, 97871, 0, 78.30
2026/10/09 02:38:49.195, 1, 83657, 97871, 99, 483.75
2026/10/09 02:38:49.195, 2, 80005, 97871, 100, 477.63
2026/10/09 02:38:49.195, 3, 83095, 97871, 99, 458.58
2026/10/09 02:38:50.195, 0, 27, 97871, 0, 78.11
2026/10/09 02:38:50.195, 1, 83657, 97871, 99, 487.78
2026/10/09 02:38:50.195, 2, 80005, 97871, 98, 482.12
2026/10/09 02:38:50.195, 3, 83095, 97871, 99, 473.36
2026/10/09 02:38:51.195, 0, 27, 97871, 0, 78.17
2026/10/09 02:38:51.196, 1, 83657, 97871, 99, 478.56
2026/10/09 02:38:51.196, 2, 80005, 97871, 100, 474.87
2026/10/09 02:38:51.196, 3, 83095, 97871, 99, 473.03
2026/10/09 02:38:52.196, 0, 27, 97871, 0, 78.37
2026/10/09 02:38:52.196, 1, 83657, 97871, 99, 485.09
2026/10/09 02:38:52.196, 2, 80005, 97871, 100, 480.04
2026/10/09 02:38:52.196, 3, 83095, 97871, 99, 471.74
2026/10/09 02:38:53.196, 0, 27, 97871, 0, 78.45
2026/10/09 02:38:53.196, 1, 83657, 97871, 99, 490.17
2026/10/09 02:38:53.196, 2, 80005, 97871, 100, 479.31
2026/10/09 02:38:53.196, 3, 83095, 97871, 99, 467.16
2026/10/09 02:38:54.196, 0, 27, 97871, 0, 78.34
2026/10/09 02:38:54.196, 1, 83657, 97871, 99, 476.46
2026/10/09 02:38:54.196, 2, 80005, 97871, 100, 478.72
2026/10/09 02:38:54.196, 3, 83095, 97871, 99, 471.46
2026/10/09 02:38:55.196, 0, 27, 97871, 0, 78.18
2026/10/09 02:38:55.196, 1, 83657, 97871, 99, 485.91
2026/10/09 02:38:55.196, 2, 80005, 97871, 100, 482.81
2026/10/09 02:38:55.196, 3, 83095, 97871, 99, 469.71
2026/10/09 02:38:56.197, 0, 27, 97871, 0, 78.40
2026/10/09 02:38:56.197, 1, 83657, 97871, 99, 487.25
2026/10/09 02:38:56.197, 2, 80005, 97871, 100, 487.03
2026/10/09 02:38:56.197, 3, 83095, 97871, 99, 474.01
2026/10/09 02:38:57.197, 0, 27, 97871, 0, 78.35
2026/10/09 02:38:57.197, 1, 83657, 97871, 99, 487.65
2026/10/09 02:38:57.197, 2, 80005, 97871, 98, 485.97
2026/10/09 02:38:57.197, 3, 83095, 97871, 99, 471.34
2026/10/09 02:38:58.197, 0, 27, 97871, 0, 78.36
2026/10/09 02:38:58.197, 1, 83657, 97871, 100, 484.40
2026/10/09 02:38:58.197, 2, 80005, 97871, 100, 472.12
2026/10/09 02:38:58.197, 3, 83095, 97871, 99, 469.22
2026/10/09 02:38:59.197, 0, 27, 97871, 0, 78.33
2026/10/09 02:38:59.197, 1, 83657, 97871, 99, 486.40
2026/10/09 02:38:59.197, 2, 80005, 97871, 100, 483.71
2026/10/09 02:38:59.197, 3, 83095, 97871, 99, 473.65
2026/10/09 02:39:00.197, 0, 27, 97871, 0, 78.43
2026/10/09 02:39:00.197, 1, 83657, 97871, 99, 488.15
2026/10/09 02:39:00.198, 2, 80005, 97871, 100, 480.99
2026/10/09 02:39:00.198, 3, 83095, 97871, 99, 468.45
2026/10/09 02:39:01.198, 0, 27, 97871, 0, 78.24
2026/10/09 02:39:01.198, 1, 83657, 97871, 99, 472.86
2026/10/09 02:39:01.198, 2, 80005, 97871, 100, 475.46
2026/10/09 02:39:01.198, 3, 83095, 97871, 99, 471.63
2026/10/09 02:39:02.198, 0, 27, 97871, 0, 78.48
2026/10/09 02:39:02.198, 1, 83657, 97871, 99, 484.27
2026/10/09 02:39:02.198, 2, 80005, 97871, 100, 483.63
2026/10/09 02:39:02.198, 3, 83095, 97871, 99, 476.86
2026/10/09 02:39:03.198, 0, 27, 97871, 0, 78.34
2026/10/09 02:39:03.198, 1, 83657, 97871, 99, 493.36
2026/10/09 02:39:03.198, 2, 80005, 97871, 100, 480.13
2026/10/09 02:39:03.198, 3, 83095, 97871, 99, 459.02
2026/10/09 02:39:04.198, 0, 27, 97871, 0, 78.15
2026/10/09 02:39:04.198, 1, 83657, 97871, 99, 488.34
2026/10/09 02:39:04.198, 2, 80005, 97871, 100, 489.45
2026/10/09 02:39:04.198, 3, 83095, 97871, 99, 469.44
2026/10/09 02:39:05.199, 0, 27, 97871, 0, 78.33
2026/10/09 02:39:05.199, 1, 83657, 97871, 99, 485.14
2026/10/09 02:39:05.199, 2, 80005, 97871, 100, 469.75
2026/10/09 02:39:05.199, 3, 83095, 97871, 99, 466.63
2026/10/09 02:39:06.199, 0, 27, 97871, 0, 78.67
2026/10/09 02:39:06.199, 1, 83657, 97871, 99, 490.01
2026/10/09 02:39:06.199, 2, 80005, 97871, 100, 476.31
2026/10/09 02:39:06.199, 3, 83095, 97871, 99, 481.54
2026/10/09 02:39:07.199, 0, 27, 97871, 0, 78.24
2026/10/09 02:39:07.199, 1, 83657, 97871, 99, 486.62
2026/10/09 02:39:07.199, 2, 80005, 97871, 100, 480.13
2026/10/09 02:39:07.199, 3, 83095, 97871, 99, 471.53
2026/10/09 02:39:08.199, 0, 27, 97871, 0, 78.21
2026/10/09 02:39:08.199, 1, 83657, 97871, 99, 485.90
2026/10/09 02:39:08.199, 2, 80005, 97871, 100, 479.80
2026/10/09 02:39:08.199, 3, 83095, 97871, 99, 470.56
2026/10/09 02:39:09.199, 0, 27, 97871, 0, 78.24
2026/10/09 02:39:09.199, 1, 83657, 97871, 99, 486.50
2026/10/09 02:39:09.200, 2, 80005, 97871, 100, 480.29
2026/10/09 02:39:09.200, 3, 83095, 97871, 99, 477.32
2026/10/09 02:39:10.200, 0, 27, 97871, 0, 78.43
2026/10/09 02:39:10.200, 1, 83657, 97871, 99, 492.39
2026/10/09 02:39:10.200, 2, 80005, 97871, 100, 474.73
2026/10/09 02:39:10.200, 3, 83095, 97871, 99, 469.21
2026/10/09 02:39:11.200, 0, 27, 97871, 0, 78.36
2026/10/09 02:39:11.200, 1, 83657, 97871, 99, 485.29
2026/10/09 02:39:11.200, 2, 80005, 97871, 97, 486.24
2026/10/09 02:39:11.200, 3, 83095, 97871, 99, 472.43
2026/10/09 02:39:12.200, 0, 27, 97871, 0, 78.43
2026/10/09 02:39:12.200, 1, 83657, 97871, 99, 485.07
2026/10/09 02:39:12.200, 2, 80005, 97871, 100, 487.89
2026/10/09 02:39:12.200, 3, 83095, 97871, 99, 471.69
2026/10/09 02:39:13.200, 0, 27, 97871, 0, 78.34
2026/10/09 02:39:13.200, 1, 83657, 97871, 97, 485.25
2026/10/09 02:39:13.200, 2, 80005, 97871, 100, 477.80
2026/10/09 02:39:13.200, 3, 83095, 97871, 99, 472.83
2026/10/09 02:39:14.201, 0, 27, 97871, 0, 78.32
2026/10/09 02:39:14.201, 1, 83657, 97871, 99, 480.60
2026/10/09 02:39:14.201, 2, 80005, 97871, 99, 476.72
2026/10/09 02:39:14.201, 3, 83095, 97871, 99, 472.46
2026/10/09 02:39:15.201, 0, 27, 97871, 0, 78.39
2026/10/09 02:39:15.201, 1, 83657, 97871, 99, 484.02
2026/10/09 02:39:15.201, 2, 80005, 97871, 99, 485.18
2026/10/09 02:39:15.201, 3, 83095, 97871, 99, 470.10
2026/10/09 02:39:16.201, 0, 27, 97871, 0, 78.27
2026/10/09 02:39:16.201, 1, 83657, 97871, 99, 485.17
2026/10/09 02:39:16.201, 2, 80005, 97871, 100, 480.04
2026/10/09 02:39:16.201, 3, 83095, 97871, 99, 470.89
2026/10/09 02:39:17.201, 0, 27, 97871, 0, 78.45
2026/10/09 02:39:17.201, 1, 83657, 97871, 99, 492.40
2026/10/09 02:39:17.201, 2, 80005, 97871, 100, 479.13
2026/10/09 02:39:17.201, 3, 83095, 97871, 99, 478.08
2026/10/09 02:39:18.201, 0, 27, 97871, 0, 78.51
2026/10/09 02:39:18.201, 1, 83657, 97871, 99, 486.19
2026/10/09 02:39:18.202, 2, 80005, 97871, 100, 481.80
2026/10/09 02:39:18.202, 3, 83095, 97871, 99, 481.56
2026/10/09 02:39:19.202, 0, 27, 97871, 0, 78.46
2026/10/09 02:39:19.202, 1, 83657, 97871, 99, 479.64
2026/10/09 02:39:19.202, 2, 80005, 97871, 99, 484.81
2026/10/09 02:39:19.202, 3, 83095, 97871, 99, 476.77
2026/10/09 02:39:20.202, 0, 27, 97871, 0, 78.47
2026/10/09 02:39:20.202, 1, 83657, 97871, 100, 490.44
2026/10/09 02:39:20.202, 2, 80005, 97871, 100, 477.57
2026/10/09 02:39:20.202, 3, 83095, 97871, 99, 471.39
2026/10/09 02:39:21.202, 0, 27, 97871, 0, 78.37
2026/10/09 02:39:21.202, 1, 83657, 97871, 99, 484.99
2026/10/09 02:39:21.202, 2, 80005, 97871, 100, 477.92
2026/10/09 02:39:21.202, 3, 83095, 97871, 99, 469.14
2026/10/09 02:39:22.202, 0, 27, 97871, 0, 78.25
2026/10/09 02:39:22.202, 1, 83657, 97871, 99, 482.08
2026/10/09 02:39:22.202, 2, 80005, 97871, 100, 475.95
2026/10/09 02:39:22.202, 3, 83095, 97871, 99, 470.18
2026/10/09 02:39:23.203, 0, 27, 97871, 0, 78.16
2026/10/09 02:39:23.203, 1, 83657, 97871, 96, 494.26
2026/10/09 02:39:23.203, 2, 80005, 97871, 100, 482.89
2026/10/09 02:39:23.203, 3, 83095, 97871, 99, 468.55
2026/10/09 02:39:24.203, 0, 27, 97871, 0, 78.21
2026/10/09 02:39:24.203, 1, 83657, 97871, 99, 486.93
2026/10/09 02:39:24.203, 2, 80005, 97871, 100, 482.92
2026/10/09 02:39:24.203, 3, 83095, 97871, 99, 469.90
2026/10/09 02:39:25.203, 0, 27, 97871, 0, 78.17
2026/10/09 02:39:25.203, 1, 83657, 97871, 99, 489.14
2026/10/09 02:39:25.203, 2, 80005, 97871, 100, 479.16
2026/10/09 02:39:25.203, 3, 83095, 97871, 99, 475.05
2026/10/09 02:39:26.203, 0, 27, 97871, 0, 78.17
2026/10/09 02:39:26.203, 1, 83657, 97871, 99, 490.86
2026/10/09 02:39:26.203, 2, 80005, 97871, 100, 491.39
2026/10/09 02:39:26.203, 3, 83095, 97871, 99, 468.23
2026/10/09 02:39:27.203, 0, 27, 97871, 0, 78.19
2026/10/09 02:39:27.204, 1, 83657, 97871, 99, 486.39
2026/10/09 02:39:27.204, 2, 80005, 97871, 100, 480.64
2026/10/09 02:39:27.204, 3, 83095, 97871, 99, 470.68
2026/10/09 02:39:28.204, 0, 27, 97871, 0, 78.15
2026/10/09 02:39:28.204, 1, 83657, 97871, 99, 485.47
2026/10/09 02:39:28.204, 2, 80005, 97871, 98, 485.43
2026/10/09 02:39:28.204, 3, 83095, 97871, 99, 471.69
2026/10/09 02:39:29.204, 0, 27, 97871, 0, 78.24
2026/10/09 02:39:29.204, 1, 83657, 97871, 97, 487.25
2026/10/09 02:39:29.204, 2, 80005, 97871, 98, 479.52
2026/10/09 02:39:29.204, 3, 83095, 97871, 99, 470.64
2026/10/09 02:39:30.204, 0, 27, 97871, 0, 78.18
2026/10/09 02:39:30.204, 1, 83657, 97871, 99, 485.89
2026/10/09 02:39:30.204, 2, 80005, 97871, 100, 474.24
2026/10/09 02:39:30.204, 3, 83095, 97871, 99, 474.60
2026/10/09 02:39:31.204, 0, 27, 97871, 0, 78.21
2026/10/09 02:39:31.204, 1, 83657, 97871, 99, 491.21
2026/10/09 02:39:31.204, 2, 80005, 97871, 100, 489.14
2026/10/09 02:39:31.204, 3, 83095, 97871, 99, 468.45
2026/10/09 02:39:32.205, 0, 27, 97871, 0, 78.33
2026/10/09 02:39:32.205, 1, 83657, 97871, 99, 486.47
2026/10/09 02:39:32.205, 2, 80005, 97871, 98, 474.42
2026/10/09 02:39:32.205, 3, 83095, 97871, 99, 463.24
2026/10/09 02:39:33.205, 0, 27, 97871, 0, 78.45
2026/10/09 02:39:33.205, 1, 83657, 97871, 99, 485.40
2026/10/09 02:39:33.205, 2, 80005, 97871, 100, 482.22
2026/10/09 02:39:33.205, 3, 83095, 97871, 99, 467.73
2026/10/09 02:39:34.205, 0, 27, 97871, 0, 78.28
2026/10/09 02:39:34.205, 1, 83657, 97871, 99, 485.35
2026/10/09 02:39:34.205, 2, 80005, 97871, 100, 469.41
2026/10/09 02:39:34.205, 3, 83095, 97871, 99, 466.24
2026/10/09 02:39:35.205, 0, 27, 97871, 0, 78.39
2026/10/09 02:39:35.205, 1, 83657, 97871, 99, 488.94
2026/10/09 02:39:35.205, 2, 80005, 97871, 100, 486.09
2026/10/09 02:39:35.205, 3, 83095, 97871, 99, 476.25
2026/10/09 02:39:36.205, 0, 27, 97871, 0, 78.42
2026/10/09 02:39:36.205, 1, 83657, 97871, 99, 489.92
2026/10/09 02:39:36.205, 2, 80005, 97871, 100, 480.11
2026/10/09 02:39:36.205, 3, 83095, 97871, 99, 471.11
2026/10/09 02:39:37.206, 0, 27, 97871, 0, 78.29
2026/10/09 02:39:37.206, 1, 83657, 97871, 99, 488.11
2026/10/09 02:39:37.206, 2, 80005, 97871, 100, 480.52
2026/10/09 02:39:37.206, 3, 83095, 97871, 99, 465.28
2026/10/09 02:39:38.206, 0, 27, 97871, 0, 78.39
2026/10/09 02:39:38.206, 1, 83657, 97871, 99, 486.94
2026/10/09 02:39:38.206, 2, 80005, 97871, 99, 481.50
2026/10/09 02:39:38.206, 3, 83095, 97871, 99, 475.89
2026/10/09 02:39:39.206, 0, 27, 97871, 0, 78.39
2026/10/09 02:39:39.206, 1, 83657, 97871, 99, 485.46
2026/10/09 02:39:39.206, 2, 80005, 97871, 100, 473.99
2026/10/09 02:39:39.206, 3, 83095, 97871, 100, 470.95
2026/10/09 02:39:40.206, 0, 27, 97871, 0, 78.23
2026/10/09 02:39:40.206, 1, 83657, 97871, 99, 483.13
2026/10/09 02:39:40.206, 2, 80005, 97871, 100, 477.04
2026/10/09 02:39:40.206, 3, 83095, 97871, 99, 463.77
2026/10/09 02:39:41.206, 0, 27, 97871, 0, 78.26
2026/10/09 02:39:41.207, 1, 83657, 97871, 99, 497.36
2026/10/09 02:39:41.207, 2, 80005, 97871, 100, 479.15
2026/10/09 02:39:41.207, 3, 83095, 97871, 99, 470.22
2026/10/09 02:39:42.207, 0, 27, 97871, 0, 78.29
2026/10/09 02:39:42.207, 1, 83657, 97871, 99, 482.33
2026/10/09 02:39:42.207, 2, 80005, 97871, 99, 479.52
2026/10/09 02:39:42.207, 3, 83095, 97871, 99, 473.00
2026/10/09 02:39:43.207, 0, 27, 97871, 0, 78.17
2026/10/09 02:39:43.207, 1, 83656, 97871, 99, 489.20
2026/10/09 02:39:43.207, 2, 80005, 97871, 100, 472.97
2026/10/09 02:39:43.207, 3, 83094, 97871, 99, 474.39
2026/10/09 02:39:44.207, 0, 27, 97871, 0, 78.41
2026/10/09 02:39:44.207, 1, 83656, 97871, 99, 485.73
2026/10/09 02:39:44.207, 2, 80005, 97871, 100, 480.87
2026/10/09 02:39:44.207, 3, 83094, 97871, 99, 466.26
2026/10/09 02:39:45.207, 0, 27, 97871, 0, 78.08
2026/10/09 02:39:45.207, 1, 83656, 97871, 99, 496.88
2026/10/09 02:39:45.210, 2, 80005, 97871, 100, 479.49
2026/10/09 02:39:45.210, 3, 83094, 97871, 99, 483.51
2026/10/09 02:39:46.210, 0, 27, 97871, 0, 78.34
2026/10/09 02:39:46.210, 1, 83656, 97871, 99, 486.01
2026/10/09 02:39:46.210, 2, 80005, 97871, 100, 476.42
2026/10/09 02:39:46.210, 3, 83094, 97871, 99, 469.35
2026/10/09 02:39:47.210, 0, 27, 97871, 0, 78.29
2026/10/09 02:39:47.210, 1, 83656, 97871, 99, 481.27
2026/10/09 02:39:47.210, 2, 80005, 97871, 100, 474.87
2026/10/09 02:39:47.210, 3, 83094, 97871, 99, 476.68
2026/10/09 02:39:48.210, 0, 27, 97871, 0, 78.31
2026/10/09 02:39:48.211, 1, 83656, 97871, 99, 493.30
2026/10/09 02:39:48.211, 2, 80005, 97871, 100, 475.97
2026/10/09 02:39:48.211, 3, 83094, 97871, 99, 471.15
2026/10/09 02:39:49.211, 0, 27, 97871, 0, 78.29
2026/10/09 02:39:49.211, 1, 83656, 97871, 99, 484.26
2026/10/09 02:39:49.211, 2, 80005, 97871, 100, 478.79
2026/10/09 02:39:49.211, 3, 83094, 97871, 99, 466.96
2026/10/09 02:39:50.211, 0, 27, 97871, 0, 78.21
2026/10/09 02:39:50.211, 1, 83656, 97871, 99, 484.64
2026/10/09 02:39:50.211, 2, 80005, 97871, 100, 483.64
2026/10/09 02:39:50.211, 3, 83094, 97871, 99, 466.68
2026/10/09 02:39:51.211, 0, 27, 97871, 0, 78.21
2026/10/09 02:39:51.211, 1, 83656, 97871, 99, 481.23
2026/10/09 02:39:51.211, 2, 80005, 97871, 100, 482.59
2026/10/09 02:39:51.211, 3, 83094, 97871, 99, 473.26
2026/10/09 02:39:52.211, 0, 27, 97871, 0, 78.34
2026/10/09 02:39:52.211, 1, 83656, 97871, 99, 487.05
2026/10/09 02:39:52.211, 2, 80005, 97871, 100, 479.79
2026/10/09 02:39:52.211, 3, 83094, 97871, 99, 469.80
2026/10/09 02:39:53.212, 0, 27, 97871, 0, 78.42
2026/10/09 02:39:53.212, 1, 83656, 97871, 100, 488.74
2026/10/09 02:39:53.212, 2, 80005, 97871, 100, 478.37
2026/10/09 02:39:53.212, 3, 83094, 97871, 99, 470.25
2026/10/09 02:39:54.212, 0, 27, 97871, 0, 78.27
2026/10/09 02:39:54.212, 1, 83656, 97871, 99, 477.45
2026/10/09 02:39:54.212, 2, 80005, 97871, 98, 480.71
2026/10/09 02:39:54.212, 3, 83094, 97871, 99, 470.15
2026/10/09 02:39:55.212, 0, 27, 97871, 0, 78.33
2026/10/09 02:39:55.212, 1, 83656, 97871, 99, 488.94
2026/10/09 02:39:55.219, 2, 80005, 97871, 99, 477.16
2026/10/09 02:39:55.219, 3, 83094, 97871, 99, 470.41
2026/10/09 02:39:56.219, 0, 27, 97871, 0, 78.20
2026/10/09 02:39:56.219, 1, 83656, 97871, 99, 483.84
2026/10/09 02:39:56.219, 2, 80005, 97871, 100, 480.57
2026/10/09 02:39:56.219, 3, 83094, 97871, 99, 471.62
2026/10/09 02:39:57.219, 0, 27, 97871, 0, 78.36
2026/10/09 02:39:57.219, 1, 83656, 97871, 99, 494.58
2026/10/09 02:39:57.219, 2, 80005, 97871, 100, 475.71
2026/10/09 02:39:57.219, 3, 83094, 97871, 99, 464.33
2026/10/09 02:39:58.219, 0, 27, 97871, 0, 78.22
2026/10/09 02:39:58.219, 1, 83656, 97871, 99, 488.22
2026/10/09 02:39:58.219, 2, 80005, 97871, 100, 487.14
2026/10/09 02:39:58.219, 3, 83094, 97871, 100, 468.94
2026/10/09 02:39:59.219, 0, 27, 97871, 0, 78.22
2026/10/09 02:39:59.220, 1, 83656, 97871, 99, 490.03
2026/10/09 02:39:59.220, 2, 80005, 97871, 100, 478.80
2026/10/09 02:39:59.220, 3, 83094, 97871, 78, 517.54
2026/10/09 02:40:00.220, 0, 27, 97871, 0, 78.28
2026/10/09 02:40:00.220, 1, 83656, 97871, 99, 495.09
2026/10/09 02:40:00.220, 2, 80005, 97871, 100, 478.45
2026/10/09 02:40:00.220, 3, 83094, 97871, 100, 527.38
2026/10/09 02:40:01.220, 0, 27, 97871, 0, 78.19
2026/10/09 02:40:01.220, 1, 83656, 97871, 99, 486.73
2026/10/09 02:40:01.220, 2, 80005, 97871, 100, 487.53
2026/10/09 02:40:01.220, 3, 83094, 97871, 100, 512.33
2026/10/09 02:40:02.220, 0, 27, 97871, 0, 78.04
2026/10/09 02:40:02.220, 1, 83656, 97871, 96, 496.88
2026/10/09 02:40:02.220, 2, 80005, 97871, 100, 479.42
2026/10/09 02:40:02.220, 3, 83094, 97871, 100, 518.38
2026/10/09 02:40:03.220, 0, 27, 97871, 0, 78.17
2026/10/09 02:40:03.221, 1, 83655, 97871, 97, 486.96
2026/10/09 02:40:03.221, 2, 80005, 97871, 100, 475.44
2026/10/09 02:40:03.221, 3, 83094, 97871, 100, 514.96
2026/10/09 02:40:04.221, 0, 27, 97871, 0, 78.41
2026/10/09 02:40:04.221, 1, 83655, 97871, 95, 485.53
2026/10/09 02:40:04.221, 2, 80005, 97871, 100, 493.23
2026/10/09 02:40:04.221, 3, 83094, 97871, 100, 512.94
2026/10/09 02:40:05.221, 0, 27, 97871, 0, 78.30
2026/10/09 02:40:05.221, 1, 83655, 97871, 99, 478.17
2026/10/09 02:40:05.230, 2, 80005, 97871, 79, 525.64
2026/10/09 02:40:05.230, 3, 83094, 97871, 100, 512.32
2026/10/09 02:40:06.230, 0, 27, 97871, 0, 78.32
2026/10/09 02:40:06.230, 1, 83655, 97871, 99, 484.64
2026/10/09 02:40:06.230, 2, 80005, 97871, 100, 532.62
2026/10/09 02:40:06.230, 3, 83094, 97871, 100, 522.16
2026/10/09 02:40:07.230, 0, 27, 97871, 0, 78.52
2026/10/09 02:40:07.230, 1, 83655, 97871, 99, 484.78
2026/10/09 02:40:07.230, 2, 80005, 97871, 100, 520.73
2026/10/09 02:40:07.230, 3, 83094, 97871, 100, 516.30
2026/10/09 02:40:08.230, 0, 27, 97871, 0, 78.27
2026/10/09 02:40:08.231, 1, 83655, 97871, 100, 487.74
2026/10/09 02:40:08.231, 2, 80005, 97871, 100, 536.17
2026/10/09 02:40:08.231, 3, 83094, 97871, 100, 517.20
2026/10/09 02:40:09.231, 0, 27, 97871, 0, 78.11
2026/10/09 02:40:09.231, 1, 83655, 97871, 100, 484.87
2026/10/09 02:40:09.231, 2, 80005, 97871, 100, 530.96
2026/10/09 02:40:09.231, 3, 83094, 97871, 100, 516.07
2026/10/09 02:40:10.231, 0, 27, 97871, 0, 78.32
2026/10/09 02:40:10.231, 1, 83655, 97871, 99, 480.70
2026/10/09 02:40:10.231, 2, 80005, 97871, 100, 534.39
2026/10/09 02:40:10.231, 3, 83094, 97871, 100, 519.17
2026/10/09 02:40:11.231, 0, 27, 97871, 0, 78.24
2026/10/09 02:40:11.231, 1, 83655, 97871, 99, 486.40
2026/10/09 02:40:11.231, 2, 80005, 97871, 100, 522.06
2026/10/09 02:40:11.231, 3, 83094, 97871, 100, 513.00
2026/10/09 02:40:12.231, 0, 27, 97871, 0, 78.25
2026/10/09 02:40:12.232, 1, 83655, 97871, 100, 470.56
2026/10/09 02:40:12.232, 2, 80005, 97871, 100, 524.14
2026/10/09 02:40:12.232, 3, 83094, 97871, 100, 517.85
2026/10/09 02:40:13.232, 0, 27, 97871, 0, 78.37
2026/10/09 02:40:13.232, 1, 83655, 97871, 100, 534.59
2026/10/09 02:40:13.232, 2, 80005, 97871, 100, 530.57
2026/10/09 02:40:13.232, 3, 83094, 97871, 100, 519.84
2026/10/09 02:40:14.232, 0, 27, 97871, 0, 78.40
2026/10/09 02:40:14.232, 1, 83655, 97871, 100, 521.68
2026/10/09 02:40:14.232, 2, 80005, 97871, 100, 520.25
2026/10/09 02:40:14.232, 3, 83094, 97871, 100, 518.75
2026/10/09 02:40:15.232, 0, 27, 97871, 0, 78.35
2026/10/09 02:40:15.232, 1, 83655, 97871, 100, 543.01
2026/10/09 02:40:15.237, 2, 80005, 97871, 100, 530.00
2026/10/09 02:40:15.237, 3, 83094, 97871, 100, 515.66
2026/10/09 02:40:16.237, 0, 27, 97871, 0, 78.40
2026/10/09 02:40:16.237, 1, 83655, 97871, 100, 525.95
2026/10/09 02:40:16.237, 2, 80005, 97871, 100, 530.42
2026/10/09 02:40:16.237, 3, 83094, 97871, 100, 515.85
2026/10/09 02:40:17.237, 0, 27, 97871, 0, 78.18
2026/10/09 02:40:17.238, 1, 83655, 97871, 100, 532.82
2026/10/09 02:40:17.238, 2, 80005, 97871, 100, 535.85
2026/10/09 02:40:17.238, 3, 83094, 97871, 100, 519.11
2026/10/09 02:40:18.238, 0, 27, 97871, 0, 78.36
2026/10/09 02:40:18.238, 1, 83655, 97871, 100, 537.97
2026/10/09 02:40:18.238, 2, 80005, 97871, 100, 530.66
2026/10/09 02:40:18.238, 3, 83094, 97871, 100, 526.26
2026/10/09 02:40:19.238, 0, 27, 97871, 0, 78.35
2026/10/09 02:40:19.238, 1, 83655, 97871, 100, 542.41
2026/10/09 02:40:19.238, 2, 80005, 97871, 100, 539.33
2026/10/09 02:40:19.238, 3, 83094, 97871, 100, 515.30
2026/10/09 02:40:20.238, 0, 27, 97871, 0, 78.41
2026/10/09 02:40:20.238, 1, 83655, 97871, 100, 530.07
2026/10/09 02:40:20.238, 2, 80005, 97871, 100, 523.44
2026/10/09 02:40:20.238, 3, 83094, 97871, 100, 519.06
2026/10/09 02:40:21.238, 0, 27, 97871, 0, 78.10
2026/10/09 02:40:21.238, 1, 83655, 97871, 100, 533.53
2026/10/09 02:40:21.238, 2, 80005, 97871, 100, 526.43
2026/10/09 02:40:21.239, 3, 83094, 97871, 100, 518.39
2026/10/09 02:40:22.239, 0, 27, 97871, 0, 78.39
2026/10/09 02:40:22.239, 1, 83655, 97871, 100, 541.22
2026/10/09 02:40:22.239, 2, 80005, 97871, 100, 539.11
2026/10/09 02:40:22.239, 3, 83094, 97871, 100, 518.52
2026/10/09 02:40:23.239, 0, 27, 97871, 0, 78.61
2026/10/09 02:40:23.239, 1, 83655, 97871, 100, 529.90
2026/10/09 02:40:23.239, 2, 80005, 97871, 100, 527.49
2026/10/09 02:40:23.239, 3, 83094, 97871, 100, 520.38
2026/10/09 02:40:24.239, 0, 27, 97871, 0, 78.50
2026/10/09 02:40:24.239, 1, 83655, 97871, 100, 542.07
2026/10/09 02:40:24.239, 2, 80005, 97871, 100, 538.29
2026/10/09 02:40:24.239, 3, 83094, 97871, 100, 522.43
2026/10/09 02:40:25.239, 0, 27, 97871, 0, 78.26
2026/10/09 02:40:25.239, 1, 83655, 97871, 100, 544.81
2026/10/09 02:40:25.250, 2, 80005, 97871, 100, 516.25
2026/10/09 02:40:25.250, 3, 83094, 97871, 99, 503.37
2026/10/09 02:40:26.250, 0, 27, 97871, 0, 78.34
2026/10/09 02:40:26.250, 1, 83655, 97871, 100, 533.32
2026/10/09 02:40:26.250, 2, 80005, 97871, 100, 532.88
2026/10/09 02:40:26.250, 3, 83094, 97871, 100, 423.79
2026/10/09 02:40:27.250, 0, 27, 97871, 0, 78.35
2026/10/09 02:40:27.250, 1, 83655, 97871, 100, 539.65
2026/10/09 02:40:27.250, 2, 80005, 97871, 100, 532.24
2026/10/09 02:40:27.250, 3, 83094, 97871, 100, 530.54
2026/10/09 02:40:28.250, 0, 27, 97871, 0, 78.42
2026/10/09 02:40:28.251, 1, 83655, 97871, 100, 541.44
2026/10/09 02:40:28.251, 2, 80005, 97871, 100, 543.01
2026/10/09 02:40:28.251, 3, 83094, 97871, 100, 529.38
2026/10/09 02:40:29.251, 0, 27, 97871, 0, 78.58
2026/10/09 02:40:29.251, 1, 83655, 97871, 100, 539.24
2026/10/09 02:40:29.251, 2, 80005, 97871, 100, 530.26
2026/10/09 02:40:29.251, 3, 83094, 97871, 100, 515.25
2026/10/09 02:40:30.251, 0, 27, 97871, 0, 78.57
2026/10/09 02:40:30.251, 1, 83655, 97871, 100, 536.50
2026/10/09 02:40:30.251, 2, 80005, 97871, 100, 531.47
2026/10/09 02:40:30.251, 3, 83098, 97871, 99, 493.30
2026/10/09 02:40:31.251, 0, 27, 97871, 0, 78.33
2026/10/09 02:40:31.251, 1, 83655, 97871, 100, 526.21
2026/10/09 02:40:31.251, 2, 80005, 97871, 100, 488.07
2026/10/09 02:40:31.251, 3, 83098, 97871, 100, 509.60
2026/10/09 02:40:32.251, 0, 27, 97871, 0, 78.45
2026/10/09 02:40:32.251, 1, 83655, 97871, 100, 529.31
2026/10/09 02:40:32.251, 2, 80005, 97871, 100, 468.85
2026/10/09 02:40:32.252, 3, 83098, 97871, 100, 525.95
2026/10/09 02:40:33.252, 0, 27, 97871, 0, 78.65
2026/10/09 02:40:33.252, 1, 83655, 97871, 100, 536.99
2026/10/09 02:40:33.252, 2, 80005, 97871, 100, 536.05
2026/10/09 02:40:33.252, 3, 83098, 97871, 100, 524.90
2026/10/09 02:40:34.252, 0, 27, 97871, 0, 78.34
2026/10/09 02:40:34.252, 1, 83655, 97871, 100, 532.64
2026/10/09 02:40:34.252, 2, 80005, 97871, 100, 532.11
2026/10/09 02:40:34.252, 3, 83098, 97871, 100, 507.15
2026/10/09 02:40:35.252, 0, 27, 97871, 0, 78.36
2026/10/09 02:40:35.252, 1, 83655, 97871, 100, 545.29
2026/10/09 02:40:35.258, 2, 80005, 97871, 100, 516.92
2026/10/09 02:40:35.258, 3, 83098, 97871, 100, 511.96
2026/10/09 02:40:36.258, 0, 27, 97871, 0, 78.35
2026/10/09 02:40:36.258, 1, 83655, 97871, 100, 539.54
2026/10/09 02:40:36.258, 2, 80005, 97871, 100, 520.78
2026/10/09 02:40:36.258, 3, 83098, 97871, 100, 512.47
2026/10/09 02:40:37.258, 0, 27, 97871, 0, 78.38
2026/10/09 02:40:37.258, 1, 83655, 97871, 100, 538.92
2026/10/09 02:40:37.258, 2, 80005, 97871, 100, 531.90
2026/10/09 02:40:37.258, 3, 83098, 97871, 100, 508.20
2026/10/09 02:40:38.259, 0, 27, 97871, 0, 78.37
2026/10/09 02:40:38.259, 1, 83655, 97871, 100, 529.37
2026/10/09 02:40:38.259, 2, 80005, 97871, 100, 531.80
2026/10/09 02:40:38.259, 3, 83098, 97871, 100, 509.00
2026/10/09 02:40:39.259, 0, 27, 97871, 0, 78.25
2026/10/09 02:40:39.259, 1, 83655, 97871, 100, 526.57
2026/10/09 02:40:39.259, 2, 80005, 97871, 100, 517.54
2026/10/09 02:40:39.259, 3, 83098, 97871, 100, 511.47
2026/10/09 02:40:40.259, 0, 27, 97871, 0, 78.41
2026/10/09 02:40:40.259, 1, 83655, 97871, 100, 539.75
2026/10/09 02:40:40.259, 2, 80005, 97871, 100, 524.59
2026/10/09 02:40:40.259, 3, 83098, 97871, 100, 507.68
2026/10/09 02:40:41.259, 0, 27, 97871, 0, 78.39
2026/10/09 02:40:41.259, 1, 83655, 97871, 99, 485.41
2026/10/09 02:40:41.259, 2, 80005, 97871, 100, 522.51
2026/10/09 02:40:41.259, 3, 83098, 97871, 100, 509.89
2026/10/09 02:40:42.259, 0, 27, 97871, 0, 78.58
2026/10/09 02:40:42.260, 1, 83659, 97871, 100, 485.50
2026/10/09 02:40:42.260, 2, 80005, 97871, 100, 523.52
2026/10/09 02:40:42.260, 3, 83098, 97871, 100, 512.29
2026/10/09 02:40:43.260, 0, 27, 97871, 0, 78.33
2026/10/09 02:40:43.260, 1, 83659, 97871, 100, 540.08
2026/10/09 02:40:43.260, 2, 80005, 97871, 100, 518.73
2026/10/09 02:40:43.260, 3, 83098, 97871, 100, 512.41
2026/10/09 02:40:44.260, 0, 27, 97871, 0, 78.52
2026/10/09 02:40:44.260, 1, 83659, 97871, 100, 538.37
2026/10/09 02:40:44.260, 2, 80005, 97871, 100, 520.64
2026/10/09 02:40:44.260, 3, 83098, 97871, 100, 509.61
2026/10/09 02:40:45.260, 0, 27, 97871, 0, 78.49
2026/10/09 02:40:45.260, 1, 83659, 97871, 100, 526.36
2026/10/09 02:40:45.269, 2, 80005, 97871, 100, 517.38
2026/10/09 02:40:45.269, 3, 83098, 97871, 100, 509.46
2026/10/09 02:40:46.269, 0, 27, 97871, 0, 78.42
2026/10/09 02:40:46.269, 1, 83659, 97871, 100, 518.55
2026/10/09 02:40:46.269, 2, 80005, 97871, 100, 516.92
2026/10/09 02:40:46.269, 3, 83098, 97871, 100, 506.24
2026/10/09 02:40:47.269, 0, 27, 97871, 0, 78.41
2026/10/09 02:40:47.269, 1, 83659, 97871, 100, 535.93
2026/10/09 02:40:47.269, 2, 80005, 97871, 100, 518.37
2026/10/09 02:40:47.269, 3, 83098, 97871, 100, 512.63
2026/10/09 02:40:48.269, 0, 27, 97871, 0, 78.37
2026/10/09 02:40:48.269, 1, 83659, 97871, 100, 540.70
2026/10/09 02:40:48.270, 2, 80005, 97871, 100, 517.89
2026/10/09 02:40:48.270, 3, 83098, 97871, 100, 472.68
2026/10/09 02:40:49.270, 0, 27, 97871, 0, 78.51
2026/10/09 02:40:49.270, 1, 83659, 97871, 100, 525.77
2026/10/09 02:40:49.270, 2, 80005, 97871, 100, 520.60
2026/10/09 02:40:49.270, 3, 83098, 97871, 100, 525.13
2026/10/09 02:40:50.270, 0, 27, 97871, 0, 78.59
2026/10/09 02:40:50.270, 1, 83659, 97871, 100, 529.32
2026/10/09 02:40:50.270, 2, 80005, 97871, 100, 517.60
2026/10/09 02:40:50.270, 3, 83098, 97871, 100, 520.10
2026/10/09 02:40:51.270, 0, 27, 97871, 0, 78.63
2026/10/09 02:40:51.270, 1, 83659, 97871, 100, 534.08
2026/10/09 02:40:51.270, 2, 80005, 97871, 100, 516.66
2026/10/09 02:40:51.270, 3, 83098, 97871, 100, 524.78
2026/10/09 02:40:52.270, 0, 27, 97871, 0, 78.53
2026/10/09 02:40:52.270, 1, 83659, 97871, 100, 529.95
2026/10/09 02:40:52.270, 2, 80005, 97871, 100, 519.30
2026/10/09 02:40:52.271, 3, 83098, 97871, 100, 527.05
2026/10/09 02:40:53.271, 0, 27, 97871, 0, 78.39
2026/10/09 02:40:53.271, 1, 83659, 97871, 100, 528.52
2026/10/09 02:40:53.271, 2, 80005, 97871, 100, 487.26
2026/10/09 02:40:53.271, 3, 83098, 97871, 100, 524.76
2026/10/09 02:40:54.271, 0, 27, 97871, 0, 78.47
2026/10/09 02:40:54.271, 1, 83659, 97871, 100, 529.50
2026/10/09 02:40:54.271, 2, 80005, 97871, 100, 530.22
2026/10/09 02:40:54.271, 3, 83098, 97871, 100, 509.76
2026/10/09 02:40:55.271, 0, 27, 97871, 0, 78.50
2026/10/09 02:40:55.271, 1, 83659, 97871, 100, 528.88
2026/10/09 02:40:55.277, 2, 80005, 97871, 100, 528.76
2026/10/09 02:40:55.277, 3, 83098, 97871, 100, 501.14
2026/10/09 02:40:56.277, 0, 27, 97871, 0, 78.42
2026/10/09 02:40:56.277, 1, 83659, 97871, 100, 521.62
2026/10/09 02:40:56.277, 2, 80005, 97871, 100, 531.48
2026/10/09 02:40:56.277, 3, 83098, 97871, 59, 502.36
2026/10/09 02:40:57.277, 0, 27, 97871, 0, 78.30
2026/10/09 02:40:57.277, 1, 83659, 97871, 100, 525.42
2026/10/09 02:40:57.277, 2, 80005, 97871, 100, 525.90
2026/10/09 02:40:57.277, 3, 83098, 97871, 100, 524.09
2026/10/09 02:40:58.277, 0, 27, 97871, 0, 78.44
2026/10/09 02:40:58.278, 1, 83659, 97871, 100, 528.23
2026/10/09 02:40:58.278, 2, 80005, 97871, 100, 530.09
2026/10/09 02:40:58.278, 3, 83098, 97871, 100, 525.44
2026/10/09 02:40:59.278, 0, 27, 97871, 0, 78.34
2026/10/09 02:40:59.278, 1, 83659, 97871, 100, 527.51
2026/10/09 02:40:59.278, 2, 80005, 97871, 100, 518.62
2026/10/09 02:40:59.278, 3, 83098, 97871, 100, 522.92
2026/10/09 02:41:00.278, 0, 27, 97871, 0, 78.38
2026/10/09 02:41:00.278, 1, 83659, 97871, 100, 526.29
2026/10/09 02:41:00.278, 2, 80005, 97871, 100, 518.33
2026/10/09 02:41:00.278, 3, 83098, 97871, 100, 526.28
2026/10/09 02:41:01.278, 0, 27, 97871, 0, 78.48
2026/10/09 02:41:01.278, 1, 83659, 97871, 100, 523.83
2026/10/09 02:41:01.278, 2, 80005, 97871, 100, 510.65
2026/10/09 02:41:01.278, 3, 83098, 97871, 100, 524.26
2026/10/09 02:41:02.278, 0, 27, 97871, 0, 78.41
2026/10/09 02:41:02.278, 1, 83659, 97871, 100, 524.55
2026/10/09 02:41:02.278, 2, 80005, 97871, 100, 529.47
2026/10/09 02:41:02.279, 3, 83098, 97871, 100, 516.30
2026/10/09 02:41:03.279, 0, 27, 97871, 0, 78.38
2026/10/09 02:41:03.279, 1, 83659, 97871, 100, 526.17
2026/10/09 02:41:03.279, 2, 80005, 97871, 100, 532.22
2026/10/09 02:41:03.279, 3, 83098, 97871, 100, 503.87
2026/10/09 02:41:04.279, 0, 27, 97871, 0, 78.38
2026/10/09 02:41:04.279, 1, 83659, 97871, 100, 498.36
2026/10/09 02:41:04.279, 2, 80005, 97871, 100, 527.47
2026/10/09 02:41:04.279, 3, 83098, 97871, 100, 512.76
2026/10/09 02:41:05.279, 0, 27, 97871, 0, 78.39
2026/10/09 02:41:05.279, 1, 83659, 97871, 100, 537.24
2026/10/09 02:41:05.299, 2, 80005, 97871, 100, 535.21
2026/10/09 02:41:05.299, 3, 83098, 97871, 100, 516.06
2026/10/09 02:41:06.299, 0, 27, 97871, 0, 78.35
2026/10/09 02:41:06.299, 1, 83659, 97871, 100, 537.42
2026/10/09 02:41:06.299, 2, 80005, 97871, 100, 532.74
2026/10/09 02:41:06.299, 3, 83098, 97871, 100, 514.96
2026/10/09 02:41:07.299, 0, 27, 97871, 0, 78.31
2026/10/09 02:41:07.299, 1, 83659, 97871, 100, 539.39
2026/10/09 02:41:07.299, 2, 80005, 97871, 100, 516.26
2026/10/09 02:41:07.299, 3, 83098, 97871, 100, 513.29
2026/10/09 02:41:08.299, 0, 27, 97871, 0, 78.26
2026/10/09 02:41:08.299, 1, 83659, 97871, 100, 537.87
2026/10/09 02:41:08.299, 2, 80005, 97871, 100, 519.76
2026/10/09 02:41:08.299, 3, 83098, 97871, 100, 508.18
2026/10/09 02:41:09.299, 0, 27, 97871, 0, 78.40
2026/10/09 02:41:09.299, 1, 83659, 97871, 100, 538.58
2026/10/09 02:41:09.300, 2, 80005, 97871, 100, 522.77
2026/10/09 02:41:09.300, 3, 83098, 97871, 100, 509.71
2026/10/09 02:41:10.300, 0, 27, 97871, 0, 78.39
2026/10/09 02:41:10.300, 1, 83659, 97871, 100, 533.37
2026/10/09 02:41:10.300, 2, 80005, 97871, 100, 525.42
2026/10/09 02:41:10.300, 3, 83098, 97871, 100, 511.15
2026/10/09 02:41:11.300, 0, 27, 97871, 0, 78.44
2026/10/09 02:41:11.300, 1, 83659, 97871, 100, 525.73
2026/10/09 02:41:11.300, 2, 80005, 97871, 100, 523.69
2026/10/09 02:41:11.300, 3, 83098, 97871, 100, 512.52
2026/10/09 02:41:12.300, 0, 27, 97871, 0, 78.38
2026/10/09 02:41:12.300, 1, 83659, 97871, 100, 522.95
2026/10/09 02:41:12.300, 2, 80005, 97871, 100, 523.04
2026/10/09 02:41:12.300, 3, 83098, 97871, 100, 510.02
2026/10/09 02:41:13.300, 0, 27, 97871, 0, 78.53
2026/10/09 02:41:13.300, 1, 83659, 97871, 100, 524.59
2026/10/09 02:41:13.300, 2, 80005, 97871, 100, 514.80
2026/10/09 02:41:13.300, 3, 83098, 97871, 100, 513.21
2026/10/09 02:41:14.301, 0, 27, 97871, 0, 78.61
2026/10/09 02:41:14.301, 1, 83659, 97871, 100, 539.14
2026/10/09 02:41:14.301, 2, 80005, 97871, 100, 521.02
2026/10/09 02:41:14.301, 3, 83098, 97871, 100, 513.65
2026/10/09 02:41:15.301, 0, 27, 97871, 0, 78.51
2026/10/09 02:41:15.301, 1, 83659, 97871, 100, 541.74
2026/10/09 02:41:15.308, 2, 80005, 97871, 100, 520.11
2026/10/09 02:41:15.308, 3, 83098, 97871, 100, 515.10
2026/10/09 02:41:16.308, 0, 27, 97871, 0, 78.53
2026/10/09 02:41:16.308, 1, 83659, 97871, 100, 540.15
2026/10/09 02:41:16.308, 2, 80005, 97871, 100, 522.16
2026/10/09 02:41:16.308, 3, 83098, 97871, 100, 513.77
2026/10/09 02:41:17.308, 0, 27, 97871, 0, 78.52
2026/10/09 02:41:17.308, 1, 83659, 97871, 100, 538.48
2026/10/09 02:41:17.308, 2, 80005, 97871, 100, 525.04
2026/10/09 02:41:17.308, 3, 83098, 97871, 100, 512.65
2026/10/09 02:41:18.309, 0, 27, 97871, 0, 78.54
2026/10/09 02:41:18.309, 1, 83659, 97871, 100, 536.52
2026/10/09 02:41:18.309, 2, 80005, 97871, 100, 523.35
2026/10/09 02:41:18.309, 3, 83098, 97871, 100, 513.27
2026/10/09 02:41:19.309, 0, 27, 97871, 0, 78.54
2026/10/09 02:41:19.309, 1, 83659, 97871, 100, 531.15
2026/10/09 02:41:19.309, 2, 80005, 97871, 100, 521.24
2026/10/09 02:41:19.309, 3, 83098, 97871, 100, 512.71
2026/10/09 02:41:20.309, 0, 27, 97871, 0, 78.64
2026/10/09 02:41:20.309, 1, 83659, 97871, 100, 533.07
2026/10/09 02:41:20.309, 2, 80005, 97871, 100, 525.32
2026/10/09 02:41:20.309, 3, 83098, 97871, 100, 509.40
2026/10/09 02:41:21.309, 0, 27, 97871, 0, 78.46
2026/10/09 02:41:21.309, 1, 83659, 97871, 100, 533.68
2026/10/09 02:41:21.309, 2, 80005, 97871, 100, 521.89
2026/10/09 02:41:21.309, 3, 83098, 97871, 100, 510.10
2026/10/09 02:41:22.310, 0, 27, 97871, 0, 78.50
2026/10/09 02:41:22.310, 1, 83659, 97871, 100, 531.21
2026/10/09 02:41:22.310, 2, 80005, 97871, 100, 520.69
2026/10/09 02:41:22.310, 3, 83098, 97871, 100, 511.57
2026/10/09 02:41:23.310, 0, 27, 97871, 0, 78.54
2026/10/09 02:41:23.310, 1, 83659, 97871, 100, 533.36
2026/10/09 02:41:23.310, 2, 80005, 97871, 100, 518.91
2026/10/09 02:41:23.310, 3, 83098, 97871, 100, 508.49
2026/10/09 02:41:24.310, 0, 27, 97871, 0, 78.52
2026/10/09 02:41:24.310, 1, 83659, 97871, 100, 534.27
2026/10/09 02:41:24.310, 2, 80005, 97871, 100, 526.43
2026/10/09 02:41:24.310, 3, 83098, 97871, 100, 508.76
2026/10/09 02:41:25.310, 0, 27, 97871, 0, 78.43
2026/10/09 02:41:25.310, 1, 83659, 97871, 100, 532.08
2026/10/09 02:41:25.316, 2, 80005, 97871, 100, 519.17
2026/10/09 02:41:25.316, 3, 83098, 97871, 100, 510.34
2026/10/09 02:41:26.316, 0, 27, 97871, 0, 78.15
2026/10/09 02:41:26.317, 1, 83659, 97871, 100, 529.27
2026/10/09 02:41:26.317, 2, 80005, 97871, 100, 520.88
2026/10/09 02:41:26.317, 3, 83098, 97871, 100, 506.04
2026/10/09 02:41:27.317, 0, 27, 97871, 0, 78.45
2026/10/09 02:41:27.317, 1, 83659, 97871, 100, 530.14
2026/10/09 02:41:27.317, 2, 80005, 97871, 100, 517.47
2026/10/09 02:41:27.317, 3, 83098, 97871, 100, 505.44
2026/10/09 02:41:28.317, 0, 27, 97871, 0, 78.46
2026/10/09 02:41:28.317, 1, 83659, 97871, 100, 532.49
2026/10/09 02:41:28.317, 2, 80005, 97871, 100, 517.33
2026/10/09 02:41:28.317, 3, 83098, 97871, 19, 449.30
2026/10/09 02:41:29.317, 0, 27, 97871, 0, 78.57
2026/10/09 02:41:29.317, 1, 83659, 97871, 100, 534.41
2026/10/09 02:41:29.317, 2, 80005, 97871, 100, 519.59
2026/10/09 02:41:29.317, 3, 83098, 97871, 100, 539.70
2026/10/09 02:41:30.317, 0, 27, 97871, 0, 78.56
2026/10/09 02:41:30.317, 1, 83659, 97871, 100, 532.78
2026/10/09 02:41:30.317, 2, 80005, 97871, 100, 511.72
2026/10/09 02:41:30.317, 3, 83098, 97871, 100, 528.01
2026/10/09 02:41:31.318, 0, 27, 97871, 0, 78.41
2026/10/09 02:41:31.318, 1, 83659, 97871, 100, 534.53
2026/10/09 02:41:31.318, 2, 80005, 97871, 100, 514.83
2026/10/09 02:41:31.318, 3, 83098, 97871, 100, 526.78
2026/10/09 02:41:32.318, 0, 27, 97871, 0, 78.30
2026/10/09 02:41:32.318, 1, 83659, 97871, 100, 533.24
2026/10/09 02:41:32.318, 2, 80005, 97871, 100, 419.64
2026/10/09 02:41:32.318, 3, 83098, 97871, 100, 524.60
2026/10/09 02:41:33.318, 0, 27, 97871, 0, 78.47
2026/10/09 02:41:33.318, 1, 83659, 97871, 100, 536.74
2026/10/09 02:41:33.318, 2, 80005, 97871, 100, 529.70
2026/10/09 02:41:33.318, 3, 83098, 97871, 100, 528.32
2026/10/09 02:41:34.318, 0, 27, 97871, 0, 78.56
2026/10/09 02:41:34.318, 1, 83659, 97871, 100, 530.33
2026/10/09 02:41:34.318, 2, 80005, 97871, 100, 530.00
2026/10/09 02:41:34.318, 3, 83098, 97871, 100, 527.16
2026/10/09 02:41:35.319, 0, 27, 97871, 0, 78.47
2026/10/09 02:41:35.319, 1, 83659, 97871, 100, 532.59
2026/10/09 02:41:35.330, 2, 80005, 97871, 100, 530.24
2026/10/09 02:41:35.330, 3, 83098, 97871, 100, 525.74
2026/10/09 02:41:36.330, 0, 27, 97871, 0, 78.54
2026/10/09 02:41:36.330, 1, 83659, 97871, 100, 532.09
2026/10/09 02:41:36.330, 2, 80005, 97871, 100, 530.33
2026/10/09 02:41:36.330, 3, 83098, 97871, 100, 529.19
2026/10/09 02:41:37.330, 0, 27, 97871, 0, 78.53
2026/10/09 02:41:37.330, 1, 83659, 97871, 100, 531.70
2026/10/09 02:41:37.330, 2, 80005, 97871, 100, 530.43
2026/10/09 02:41:37.330, 3, 83098, 97871, 100, 522.17
2026/10/09 02:41:38.330, 0, 27, 97871, 0, 78.63
2026/10/09 02:41:38.331, 1, 83659, 97871, 100, 535.12
2026/10/09 02:41:38.331, 2, 80005, 97871, 100, 527.63
2026/10/09 02:41:38.331, 3, 83098, 97871, 100, 526.82
2026/10/09 02:41:39.331, 0, 27, 97871, 0, 78.71
2026/10/09 02:41:39.331, 1, 83659, 97871, 100, 531.01
2026/10/09 02:41:39.331, 2, 80005, 97871, 100, 528.73
2026/10/09 02:41:39.331, 3, 83098, 97871, 100, 516.57
2026/10/09 02:41:40.331, 0, 27, 97871, 0, 78.57
2026/10/09 02:41:40.331, 1, 83659, 97871, 100, 532.72
2026/10/09 02:41:40.331, 2, 80005, 97871, 100, 528.17
2026/10/09 02:41:40.331, 3, 83098, 97871, 100, 509.85
2026/10/09 02:41:41.331, 0, 27, 97871, 0, 78.70
2026/10/09 02:41:41.331, 1, 83659, 97871, 100, 528.25
2026/10/09 02:41:41.331, 2, 80005, 97871, 100, 527.02
2026/10/09 02:41:41.331, 3, 83098, 97871, 100, 507.72
2026/10/09 02:41:42.331, 0, 27, 97871, 0, 78.61
2026/10/09 02:41:42.332, 1, 83659, 97871, 100, 534.14
2026/10/09 02:41:42.332, 2, 80005, 97871, 100, 528.19
2026/10/09 02:41:42.332, 3, 83098, 97871, 100, 501.83
2026/10/09 02:41:43.332, 0, 27, 97871, 0, 78.65
2026/10/09 02:41:43.332, 1, 83659, 97871, 100, 526.39
2026/10/09 02:41:43.332, 2, 80005, 97871, 100, 518.76
2026/10/09 02:41:43.332, 3, 83098, 97871, 100, 500.43
2026/10/09 02:41:44.332, 0, 25, 97871, 0, 78.49
2026/10/09 02:41:44.332, 1, 83658, 97871, 100, 523.66
2026/10/09 02:41:44.332, 2, 80004, 97871, 100, 518.05
2026/10/09 02:41:44.332, 3, 83097, 97871, 56, 477.92
2026/10/09 02:41:45.332, 0, 25, 97871, 0, 78.70
2026/10/09 02:41:45.332, 1, 83658, 97871, 11, 465.18
2026/10/09 02:41:45.337, 2, 80004, 97871, 100, 506.02
2026/10/09 02:41:45.337, 3, 83097, 97871, 100, 517.33
2026/10/09 02:41:46.337, 0, 25, 97871, 0, 78.63
2026/10/09 02:41:46.337, 1, 83658, 97871, 100, 547.01
2026/10/09 02:41:46.337, 2, 80004, 97871, 100, 511.51
2026/10/09 02:41:46.337, 3, 83097, 97871, 100, 528.64
2026/10/09 02:41:47.337, 0, 25, 97871, 0, 78.53
2026/10/09 02:41:47.337, 1, 83658, 97871, 100, 539.12
2026/10/09 02:41:47.337, 2, 80004, 97871, 100, 506.11
2026/10/09 02:41:47.337, 3, 83097, 97871, 100, 524.17
2026/10/09 02:41:48.337, 0, 25, 97871, 0, 78.48
2026/10/09 02:41:48.337, 1, 83658, 97871, 100, 540.15
2026/10/09 02:41:48.337, 2, 80004, 97871, 100, 501.58
2026/10/09 02:41:48.337, 3, 83097, 97871, 100, 525.25
2026/10/09 02:41:49.338, 0, 25, 97871, 0, 78.60
2026/10/09 02:41:49.338, 1, 83658, 97871, 100, 538.24
2026/10/09 02:41:49.338, 2, 80004, 97871, 100, 531.84
2026/10/09 02:41:49.338, 3, 83097, 97871, 100, 530.05
2026/10/09 02:41:50.338, 0, 25, 97871, 0, 78.59
2026/10/09 02:41:50.338, 1, 83658, 97871, 100, 535.28
2026/10/09 02:41:50.338, 2, 80004, 97871, 100, 529.48
2026/10/09 02:41:50.338, 3, 83097, 97871, 100, 524.67
2026/10/09 02:41:51.338, 0, 25, 97871, 0, 78.55
2026/10/09 02:41:51.338, 1, 83658, 97871, 100, 536.77
2026/10/09 02:41:51.338, 2, 80004, 97871, 100, 531.34
2026/10/09 02:41:51.338, 3, 83097, 97871, 100, 521.99
2026/10/09 02:41:52.338, 0, 25, 97871, 0, 78.45
2026/10/09 02:41:52.338, 1, 83658, 97871, 92, 536.86
2026/10/09 02:41:52.338, 2, 80004, 97871, 100, 527.74
2026/10/09 02:41:52.338, 3, 83097, 97871, 100, 522.96
2026/10/09 02:41:53.338, 0, 25, 97871, 0, 78.63
2026/10/09 02:41:53.339, 1, 83658, 97871, 100, 536.91
2026/10/09 02:41:53.339, 2, 80004, 97871, 100, 526.42
2026/10/09 02:41:53.339, 3, 83097, 97871, 100, 523.93
2026/10/09 02:41:54.339, 0, 25, 97871, 0, 78.49
2026/10/09 02:41:54.339, 1, 83658, 97871, 100, 537.62
2026/10/09 02:41:54.339, 2, 80004, 97871, 100, 525.75
2026/10/09 02:41:54.339, 3, 83097, 97871, 100, 526.05
2026/10/09 02:41:55.339, 0, 25, 97871, 0, 78.52
2026/10/09 02:41:55.339, 1, 83658, 97871, 100, 535.40
2026/10/09 02:41:55.347, 2, 80004, 97871, 100, 529.95
2026/10/09 02:41:55.347, 3, 83097, 97871, 100, 515.64
2026/10/09 02:41:56.347, 0, 25, 97871, 0, 78.78
2026/10/09 02:41:56.347, 1, 83658, 97871, 100, 534.64
2026/10/09 02:41:56.347, 2, 80004, 97871, 100, 528.03
2026/10/09 02:41:56.347, 3, 83097, 97871, 100, 509.73
2026/10/09 02:41:57.347, 0, 25, 97871, 0, 78.43
2026/10/09 02:41:57.347, 1, 83658, 97871, 100, 532.19
2026/10/09 02:41:57.347, 2, 80004, 97871, 100, 529.62
2026/10/09 02:41:57.347, 3, 83097, 97871, 100, 513.23
2026/10/09 02:41:58.348, 0, 25, 97871, 0, 78.51
2026/10/09 02:41:58.348, 1, 83658, 97871, 100, 531.66
2026/10/09 02:41:58.348, 2, 80004, 97871, 100, 527.04
2026/10/09 02:41:58.348, 3, 83097, 97871, 100, 515.39
2026/10/09 02:41:59.348, 0, 25, 97871, 0, 78.50
2026/10/09 02:41:59.348, 1, 83658, 97871, 100, 520.99
2026/10/09 02:41:59.348, 2, 80004, 97871, 100, 513.94
2026/10/09 02:41:59.348, 3, 83097, 97871, 100, 515.77
2026/10/09 02:42:00.348, 0, 25, 97871, 0, 78.49
2026/10/09 02:42:00.348, 1, 83658, 97871, 100, 523.28
2026/10/09 02:42:00.348, 2, 80004, 97871, 100, 518.51
2026/10/09 02:42:00.348, 3, 83097, 97871, 100, 516.84
2026/10/09 02:42:01.348, 0, 25, 97871, 0, 78.50
2026/10/09 02:42:01.348, 1, 83658, 97871, 100, 520.45
2026/10/09 02:42:01.348, 2, 80004, 97871, 100, 523.01
2026/10/09 02:42:01.348, 3, 83097, 97871, 100, 513.50
2026/10/09 02:42:02.348, 0, 25, 97871, 0, 78.39
2026/10/09 02:42:02.349, 1, 83658, 97871, 100, 509.75
2026/10/09 02:42:02.349, 2, 80004, 97871, 100, 520.42
2026/10/09 02:42:02.349, 3, 83097, 97871, 100, 512.23
2026/10/09 02:42:03.349, 0, 25, 97871, 0, 78.45
2026/10/09 02:42:03.349, 1, 83658, 97871, 100, 540.87
2026/10/09 02:42:03.349, 2, 80004, 97871, 100, 522.58
2026/10/09 02:42:03.349, 3, 83097, 97871, 100, 514.48
2026/10/09 02:42:04.349, 0, 25, 97871, 0, 78.60
2026/10/09 02:42:04.349, 1, 83658, 97871, 100, 537.74
2026/10/09 02:42:04.349, 2, 80004, 97871, 100, 521.66
2026/10/09 02:42:04.349, 3, 83097, 97871, 100, 511.65
2026/10/09 02:42:05.349, 0, 25, 97871, 0, 78.40
2026/10/09 02:42:05.349, 1, 83658, 97871, 100, 537.22
2026/10/09 02:42:05.354, 2, 80004, 97871, 100, 519.67
2026/10/09 02:42:05.354, 3, 83097, 97871, 100, 515.08
2026/10/09 02:42:06.354, 0, 25, 97871, 0, 78.31
2026/10/09 02:42:06.354, 1, 83658, 97871, 100, 536.23
2026/10/09 02:42:06.354, 2, 80004, 97871, 100, 519.73
2026/10/09 02:42:06.354, 3, 83097, 97871, 100, 515.59
2026/10/09 02:42:07.354, 0, 25, 97871, 0, 78.46
2026/10/09 02:42:07.354, 1, 83658, 97871, 100, 537.21
2026/10/09 02:42:07.354, 2, 80004, 97871, 100, 522.01
2026/10/09 02:42:07.354, 3, 83097, 97871, 100, 519.17
2026/10/09 02:42:08.354, 0, 24, 97871, 0, 78.46
2026/10/09 02:42:08.355, 1, 83658, 97871, 100, 538.55
2026/10/09 02:42:08.355, 2, 80004, 97871, 100, 521.38
2026/10/09 02:42:08.355, 3, 83097, 97871, 100, 516.76
2026/10/09 02:42:09.355, 0, 24, 97871, 0, 78.43
2026/10/09 02:42:09.355, 1, 83658, 97871, 100, 538.86
2026/10/09 02:42:09.355, 2, 80004, 97871, 100, 524.24
2026/10/09 02:42:09.355, 3, 83097, 97871, 100, 516.00
2026/10/09 02:42:10.355, 0, 24, 97871, 0, 78.47
2026/10/09 02:42:10.355, 1, 83658, 97871, 100, 538.40
2026/10/09 02:42:10.355, 2, 80004, 97871, 100, 523.92
2026/10/09 02:42:10.355, 3, 83097, 97871, 100, 520.01
2026/10/09 02:42:11.355, 0, 24, 97871, 0, 78.51
2026/10/09 02:42:11.355, 1, 83658, 97871, 100, 533.72
2026/10/09 02:42:11.355, 2, 80004, 97871, 100, 523.71
2026/10/09 02:42:11.355, 3, 83097, 97871, 100, 517.20
2026/10/09 02:42:12.355, 0, 24, 97871, 0, 78.44
2026/10/09 02:42:12.356, 1, 83658, 97871, 100, 537.51
2026/10/09 02:42:12.356, 2, 80004, 97871, 100, 522.80
2026/10/09 02:42:12.356, 3, 83097, 97871, 100, 515.70
2026/10/09 02:42:13.356, 0, 24, 97871, 0, 78.50
2026/10/09 02:42:13.356, 1, 83658, 97871, 100, 535.89
2026/10/09 02:42:13.356, 2, 80004, 97871, 100, 523.59
2026/10/09 02:42:13.356, 3, 83097, 97871, 100, 514.67
2026/10/09 02:42:14.356, 0, 24, 97871, 0, 78.53
2026/10/09 02:42:14.356, 1, 83658, 97871, 100, 531.45
2026/10/09 02:42:14.356, 2, 80004, 97871, 100, 524.60
2026/10/09 02:42:14.356, 3, 83097, 97871, 100, 513.54
2026/10/09 02:42:15.356, 0, 24, 97871, 0, 78.52
2026/10/09 02:42:15.356, 1, 83658, 97871, 100, 535.23
2026/10/09 02:42:15.365, 2, 80004, 97871, 100, 524.00
2026/10/09 02:42:15.365, 3, 83097, 97871, 100, 514.72
2026/10/09 02:42:16.365, 0, 24, 97871, 0, 78.44
2026/10/09 02:42:16.365, 1, 83658, 97871, 100, 533.86
2026/10/09 02:42:16.365, 2, 80004, 97871, 100, 521.32
2026/10/09 02:42:16.366, 3, 83097, 97871, 100, 515.55
2026/10/09 02:42:17.366, 0, 24, 97871, 0, 78.32
2026/10/09 02:42:17.366, 1, 83658, 97871, 100, 534.62
2026/10/09 02:42:17.366, 2, 80004, 97871, 100, 521.20
2026/10/09 02:42:17.366, 3, 83097, 97871, 100, 507.98
2026/10/09 02:42:18.366, 0, 24, 97871, 0, 78.23
2026/10/09 02:42:18.366, 1, 83658, 97871, 100, 539.09
2026/10/09 02:42:18.366, 2, 80004, 97871, 100, 522.16
2026/10/09 02:42:18.366, 3, 83097, 97871, 100, 513.91
2026/10/09 02:42:19.366, 0, 24, 97871, 0, 78.35
2026/10/09 02:42:19.366, 1, 83658, 97871, 100, 536.42
2026/10/09 02:42:19.366, 2, 80004, 97871, 100, 520.19
2026/10/09 02:42:19.366, 3, 83097, 97871, 100, 520.81
2026/10/09 02:42:20.366, 0, 24, 97871, 0, 78.21
2026/10/09 02:42:20.366, 1, 83658, 97871, 100, 532.59
2026/10/09 02:42:20.367, 2, 80004, 97871, 100, 517.33
2026/10/09 02:42:20.367, 3, 83097, 97871, 100, 518.04
2026/10/09 02:42:21.367, 0, 24, 97871, 0, 78.37
2026/10/09 02:42:21.367, 1, 83658, 97871, 100, 535.67
2026/10/09 02:42:21.367, 2, 80004, 97871, 100, 520.97
2026/10/09 02:42:21.367, 3, 83097, 97871, 100, 512.20
2026/10/09 02:42:22.367, 0, 24, 97871, 0, 78.48
2026/10/09 02:42:22.367, 1, 83658, 97871, 100, 535.93
2026/10/09 02:42:22.367, 2, 80004, 97871, 100, 525.64
2026/10/09 02:42:22.367, 3, 83097, 97871, 100, 514.32
2026/10/09 02:42:23.367, 0, 24, 97871, 0, 78.27
2026/10/09 02:42:23.367, 1, 83658, 97871, 100, 536.65
2026/10/09 02:42:23.367, 2, 80004, 97871, 100, 522.11
2026/10/09 02:42:23.367, 3, 83097, 97871, 100, 520.23
2026/10/09 02:42:24.367, 0, 24, 97871, 0, 78.48
2026/10/09 02:42:24.368, 1, 83658, 97871, 100, 537.07
2026/10/09 02:42:24.368, 2, 80004, 97871, 100, 518.90
2026/10/09 02:42:24.368, 3, 83097, 97871, 100, 514.07
2026/10/09 02:42:25.368, 0, 24, 97871, 0, 78.38
2026/10/09 02:42:25.368, 1, 83658, 97871, 100, 536.55
2026/10/09 02:42:25.372, 2, 80004, 97871, 100, 522.28
2026/10/09 02:42:25.372, 3, 83097, 97871, 100, 515.79
2026/10/09 02:42:26.372, 0, 24, 97871, 0, 78.38
2026/10/09 02:42:26.372, 1, 83658, 97871, 100, 537.71
2026/10/09 02:42:26.372, 2, 80004, 97871, 100, 521.61
2026/10/09 02:42:26.372, 3, 83097, 97871, 100, 518.09
2026/10/09 02:42:27.373, 0, 24, 97871, 0, 78.34
2026/10/09 02:42:27.373, 1, 83658, 97871, 100, 534.72
2026/10/09 02:42:27.373, 2, 80004, 97871, 100, 520.82
2026/10/09 02:42:27.373, 3, 83097, 97871, 100, 514.07
2026/10/09 02:42:28.373, 0, 24, 97871, 0, 78.47
2026/10/09 02:42:28.373, 1, 83658, 97871, 100, 534.48
2026/10/09 02:42:28.373, 2, 80004, 97871, 100, 524.03
2026/10/09 02:42:28.373, 3, 83097, 97871, 100, 513.93
2026/10/09 02:42:29.373, 0, 24, 97871, 0, 78.43
2026/10/09 02:42:29.373, 1, 83658, 97871, 100, 533.40
2026/10/09 02:42:29.373, 2, 80004, 97871, 100, 521.97
2026/10/09 02:42:29.373, 3, 83097, 97871, 100, 515.29
2026/10/09 02:42:30.373, 0, 24, 97871, 0, 78.54
2026/10/09 02:42:30.373, 1, 83658, 97871, 100, 535.42
2026/10/09 02:42:30.373, 2, 80004, 97871, 100, 522.35
2026/10/09 02:42:30.373, 3, 83097, 97871, 100, 511.84
2026/10/09 02:42:31.374, 0, 24, 97871, 0, 78.48
2026/10/09 02:42:31.374, 1, 83658, 97871, 100, 536.81
2026/10/09 02:42:31.374, 2, 80004, 97871, 100, 521.99
2026/10/09 02:42:31.374, 3, 83097, 97871, 100, 512.59
2026/10/09 02:42:32.374, 0, 24, 97871, 0, 78.43
2026/10/09 02:42:32.374, 1, 83658, 97871, 100, 534.34
2026/10/09 02:42:32.374, 2, 80004, 97871, 100, 519.26
2026/10/09 02:42:32.374, 3, 83097, 97871, 100, 514.25
2026/10/09 02:42:33.374, 0, 24, 97871, 0, 78.48
2026/10/09 02:42:33.374, 1, 83658, 97871, 100, 535.26
2026/10/09 02:42:33.374, 2, 80004, 97871, 100, 519.08
2026/10/09 02:42:33.374, 3, 83097, 97871, 100, 510.89
2026/10/09 02:42:34.374, 0, 24, 97871, 0, 78.51
2026/10/09 02:42:34.374, 1, 83658, 97871, 100, 536.83
2026/10/09 02:42:34.374, 2, 80004, 97871, 100, 521.76
2026/10/09 02:42:34.374, 3, 83097, 97871, 100, 516.53
2026/10/09 02:42:35.375, 0, 24, 97871, 0, 78.36
2026/10/09 02:42:35.375, 1, 83658, 97871, 100, 532.25
2026/10/09 02:42:35.379, 2, 80004, 97871, 100, 518.57
2026/10/09 02:42:35.379, 3, 83097, 97871, 100, 516.44
2026/10/09 02:42:36.379, 0, 24, 97871, 0, 78.38
2026/10/09 02:42:36.379, 1, 83658, 97871, 100, 531.64
2026/10/09 02:42:36.379, 2, 80004, 97871, 100, 522.45
2026/10/09 02:42:36.379, 3, 83097, 97871, 100, 512.79
2026/10/09 02:42:37.380, 0, 24, 97871, 0, 78.39
2026/10/09 02:42:37.380, 1, 83658, 97871, 100, 533.81
2026/10/09 02:42:37.380, 2, 80004, 97871, 100, 523.23
2026/10/09 02:42:37.380, 3, 83097, 97871, 100, 513.51
2026/10/09 02:42:38.380, 0, 24, 97871, 0, 78.44
2026/10/09 02:42:38.380, 1, 83658, 97871, 100, 536.29
2026/10/09 02:42:38.380, 2, 80004, 97871, 100, 518.85
2026/10/09 02:42:38.380, 3, 83097, 97871, 100, 516.46
2026/10/09 02:42:39.380, 0, 24, 97871, 0, 78.42
2026/10/09 02:42:39.380, 1, 83658, 97871, 100, 535.76
2026/10/09 02:42:39.380, 2, 80004, 97871, 100, 523.11
2026/10/09 02:42:39.380, 3, 83097, 97871, 100, 518.99
2026/10/09 02:42:40.380, 0, 24, 97871, 0, 78.61
2026/10/09 02:42:40.380, 1, 83658, 97871, 100, 536.67
2026/10/09 02:42:40.380, 2, 80004, 97871, 100, 525.85
2026/10/09 02:42:40.380, 3, 83097, 97871, 100, 512.91
2026/10/09 02:42:41.381, 0, 24, 97871, 0, 78.37
2026/10/09 02:42:41.381, 1, 83658, 97871, 100, 540.07
2026/10/09 02:42:41.381, 2, 80004, 97871, 100, 523.23
2026/10/09 02:42:41.381, 3, 83097, 97871, 100, 514.84
2026/10/09 02:42:42.381, 0, 24, 97871, 0, 78.40
2026/10/09 02:42:42.381, 1, 83658, 97871, 100, 536.57
2026/10/09 02:42:42.381, 2, 80004, 97871, 100, 522.73
2026/10/09 02:42:42.381, 3, 83097, 97871, 100, 505.32
2026/10/09 02:42:43.381, 0, 24, 97871, 0, 78.33
2026/10/09 02:42:43.381, 1, 83658, 97871, 100, 536.12
2026/10/09 02:42:43.381, 2, 80004, 97871, 100, 520.67
2026/10/09 02:42:43.381, 3, 83097, 97871, 100, 502.53
2026/10/09 02:42:44.381, 0, 24, 97871, 0, 78.36
2026/10/09 02:42:44.381, 1, 83658, 97871, 100, 536.64
2026/10/09 02:42:44.381, 2, 80004, 97871, 100, 508.86
2026/10/09 02:42:44.381, 3, 83097, 97871, 100, 502.20
2026/10/09 02:42:45.381, 0, 24, 97871, 0, 78.18
2026/10/09 02:42:45.382, 1, 83658, 97871, 100, 535.91
2026/10/09 02:42:45.392, 2, 80004, 97871, 100, 509.51
2026/10/09 02:42:45.392, 3, 83097, 97871, 99, 496.59
2026/10/09 02:42:46.393, 0, 24, 97871, 0, 78.40
2026/10/09 02:42:46.393, 1, 83658, 97871, 100, 535.86
2026/10/09 02:42:46.393, 2, 80004, 97871, 100, 505.59
2026/10/09 02:42:46.393, 3, 83097, 97871, 100, 427.36
2026/10/09 02:42:47.393, 0, 24, 97871, 0, 78.34
2026/10/09 02:42:47.393, 1, 83658, 97871, 100, 535.85
2026/10/09 02:42:47.393, 2, 80004, 97871, 87, 436.08
2026/10/09 02:42:47.393, 3, 83097, 97871, 100, 528.05
2026/10/09 02:42:48.393, 0, 24, 97871, 0, 78.23
2026/10/09 02:42:48.393, 1, 83658, 97871, 100, 535.84
2026/10/09 02:42:48.393, 2, 80004, 97871, 100, 528.74
2026/10/09 02:42:48.393, 3, 83097, 97871, 100, 517.73
2026/10/09 02:42:49.393, 0, 24, 97871, 0, 78.28
2026/10/09 02:42:49.393, 1, 83658, 97871, 100, 536.36
2026/10/09 02:42:49.393, 2, 80004, 97871, 100, 531.22
2026/10/09 02:42:49.393, 3, 83097, 97871, 100, 524.09
2026/10/09 02:42:50.393, 0, 24, 97871, 0, 78.27
2026/10/09 02:42:50.393, 1, 83658, 97871, 100, 537.55
2026/10/09 02:42:50.394, 2, 80004, 97871, 100, 528.04
2026/10/09 02:42:50.394, 3, 83097, 97871, 100, 526.21
2026/10/09 02:42:51.394, 0, 24, 97871, 0, 78.31
2026/10/09 02:42:51.394, 1, 83658, 97871, 100, 531.89
2026/10/09 02:42:51.394, 2, 80004, 97871, 100, 528.61
2026/10/09 02:42:51.394, 3, 83097, 97871, 100, 526.89
2026/10/09 02:42:52.394, 0, 24, 97871, 0, 78.38
2026/10/09 02:42:52.394, 1, 83658, 97871, 100, 536.40
2026/10/09 02:42:52.394, 2, 80004, 97871, 100, 527.94
2026/10/09 02:42:52.394, 3, 83097, 97871, 100, 524.70
2026/10/09 02:42:53.394, 0, 24, 97871, 0, 78.29
2026/10/09 02:42:53.394, 1, 83658, 97871, 100, 533.14
2026/10/09 02:42:53.394, 2, 80004, 97871, 100, 526.97
2026/10/09 02:42:53.394, 3, 83097, 97871, 100, 522.95
2026/10/09 02:42:54.394, 0, 24, 97871, 0, 78.27
2026/10/09 02:42:54.394, 1, 83658, 97871, 100, 535.08
2026/10/09 02:42:54.394, 2, 80004, 97871, 100, 529.43
2026/10/09 02:42:54.394, 3, 83097, 97871, 100, 529.11
2026/10/09 02:42:55.395, 0, 24, 97871, 0, 78.32
2026/10/09 02:42:55.395, 1, 83658, 97871, 100, 534.34
2026/10/09 02:42:55.405, 2, 80004, 97871, 100, 528.83
2026/10/09 02:42:55.405, 3, 83097, 97871, 100, 524.08
2026/10/09 02:42:56.406, 0, 24, 97871, 0, 78.40
2026/10/09 02:42:56.406, 1, 83658, 97871, 100, 539.27
2026/10/09 02:42:56.406, 2, 80004, 97871, 100, 528.52
2026/10/09 02:42:56.406, 3, 83097, 97871, 100, 518.89
2026/10/09 02:42:57.406, 0, 24, 97871, 0, 78.42
2026/10/09 02:42:57.406, 1, 83658, 97871, 100, 537.47
2026/10/09 02:42:57.406, 2, 80004, 97871, 100, 527.05
2026/10/09 02:42:57.406, 3, 83097, 97871, 100, 507.83
2026/10/09 02:42:58.406, 0, 24, 97871, 0, 78.52
2026/10/09 02:42:58.406, 1, 83658, 97871, 100, 535.04
2026/10/09 02:42:58.406, 2, 80004, 97871, 100, 520.44
2026/10/09 02:42:58.406, 3, 83097, 97871, 100, 513.41
2026/10/09 02:42:59.406, 0, 24, 97871, 0, 78.53
2026/10/09 02:42:59.406, 1, 83658, 97871, 100, 535.93
2026/10/09 02:42:59.406, 2, 80004, 97871, 100, 515.92
2026/10/09 02:42:59.406, 3, 83097, 97871, 100, 512.30
2026/10/09 02:43:00.406, 0, 24, 97871, 0, 78.44
2026/10/09 02:43:00.406, 1, 83658, 97871, 100, 535.30
2026/10/09 02:43:00.407, 2, 80004, 97871, 100, 523.09
2026/10/09 02:43:00.407, 3, 83097, 97871, 100, 514.24
2026/10/09 02:43:01.407, 0, 24, 97871, 0, 78.53
2026/10/09 02:43:01.407, 1, 83658, 97871, 100, 527.58
2026/10/09 02:43:01.407, 2, 80004, 97871, 100, 525.71
2026/10/09 02:43:01.407, 3, 83097, 97871, 100, 512.21
2026/10/09 02:43:02.407, 0, 24, 97871, 0, 78.58
2026/10/09 02:43:02.407, 1, 83658, 97871, 100, 524.64
2026/10/09 02:43:02.407, 2, 80004, 97871, 100, 518.77
2026/10/09 02:43:02.407, 3, 83097, 97871, 100, 518.18
2026/10/09 02:43:03.407, 0, 24, 97871, 0, 78.44
2026/10/09 02:43:03.407, 1, 83658, 97871, 100, 527.80
2026/10/09 02:43:03.407, 2, 80004, 97871, 100, 522.64
2026/10/09 02:43:03.407, 3, 83097, 97871, 100, 510.75
2026/10/09 02:43:04.407, 0, 24, 97871, 0, 78.40
2026/10/09 02:43:04.407, 1, 83658, 97871, 100, 523.07
2026/10/09 02:43:04.407, 2, 80004, 97871, 100, 521.29
2026/10/09 02:43:04.408, 3, 83097, 97871, 100, 513.12
2026/10/09 02:43:05.408, 0, 24, 97871, 0, 78.45
2026/10/09 02:43:05.408, 1, 83658, 97871, 100, 436.62
2026/10/09 02:43:05.412, 2, 80004, 97871, 100, 519.58
2026/10/09 02:43:05.412, 3, 83097, 97871, 100, 512.12
2026/10/09 02:43:06.412, 0, 24, 97871, 0, 78.47
2026/10/09 02:43:06.412, 1, 83658, 97871, 100, 538.51
2026/10/09 02:43:06.412, 2, 80004, 97871, 100, 517.98
2026/10/09 02:43:06.412, 3, 83097, 97871, 100, 513.19
2026/10/09 02:43:07.412, 0, 24, 97871, 0, 78.39
2026/10/09 02:43:07.412, 1, 83658, 97871, 100, 537.87
2026/10/09 02:43:07.412, 2, 80004, 97871, 100, 523.60
2026/10/09 02:43:07.413, 3, 83097, 97871, 100, 518.32
2026/10/09 02:43:08.413, 0, 24, 97871, 0, 78.69
2026/10/09 02:43:08.413, 1, 83658, 97871, 100, 540.48
2026/10/09 02:43:08.413, 2, 80004, 97871, 100, 526.78
2026/10/09 02:43:08.413, 3, 83097, 97871, 100, 516.73
2026/10/09 02:43:09.413, 0, 24, 97871, 0, 78.65
2026/10/09 02:43:09.413, 1, 83658, 97871, 100, 538.93
2026/10/09 02:43:09.413, 2, 80004, 97871, 100, 525.08
2026/10/09 02:43:09.413, 3, 83097, 97871, 100, 514.46
2026/10/09 02:43:10.413, 0, 24, 97871, 0, 78.40
2026/10/09 02:43:10.413, 1, 83658, 97871, 100, 539.69
2026/10/09 02:43:10.413, 2, 80004, 97871, 100, 522.68
2026/10/09 02:43:10.413, 3, 83097, 97871, 100, 515.28
2026/10/09 02:43:11.413, 0, 24, 97871, 0, 78.43
2026/10/09 02:43:11.413, 1, 83658, 97871, 100, 538.73
2026/10/09 02:43:11.413, 2, 80004, 97871, 100, 529.30
2026/10/09 02:43:11.413, 3, 83097, 97871, 100, 519.70
2026/10/09 02:43:12.414, 0, 24, 97871, 0, 78.34
2026/10/09 02:43:12.414, 1, 83658, 97871, 100, 540.99
2026/10/09 02:43:12.414, 2, 80004, 97871, 100, 524.47
2026/10/09 02:43:12.414, 3, 83097, 97871, 100, 515.77
2026/10/09 02:43:13.414, 0, 24, 97871, 0, 78.40
2026/10/09 02:43:13.414, 1, 83658, 97871, 100, 536.63
2026/10/09 02:43:13.414, 2, 80004, 97871, 100, 524.04
2026/10/09 02:43:13.414, 3, 83097, 97871, 100, 504.35
2026/10/09 02:43:14.414, 0, 24, 97871, 0, 78.40
2026/10/09 02:43:14.414, 1, 83658, 97871, 100, 541.22
2026/10/09 02:43:14.414, 2, 80004, 97871, 100, 508.76
2026/10/09 02:43:14.414, 3, 83097, 97871, 100, 501.54
2026/10/09 02:43:15.414, 0, 24, 97871, 0, 78.54
2026/10/09 02:43:15.414, 1, 83658, 97871, 100, 539.72
2026/10/09 02:43:15.425, 2, 80004, 97871, 100, 509.72
2026/10/09 02:43:15.425, 3, 83097, 97871, 100, 499.07
2026/10/09 02:43:16.426, 0, 24, 97871, 0, 78.57
2026/10/09 02:43:16.426, 1, 83658, 97871, 100, 535.75
2026/10/09 02:43:16.426, 2, 80004, 97871, 100, 510.36
2026/10/09 02:43:16.426, 3, 83097, 97871, 100, 504.87
2026/10/09 02:43:17.426, 0, 24, 97871, 0, 78.48
2026/10/09 02:43:17.426, 1, 83658, 97871, 100, 529.37
2026/10/09 02:43:17.426, 2, 80004, 97871, 78, 464.70
2026/10/09 02:43:17.426, 3, 83097, 97871, 100, 482.62
2026/10/09 02:43:18.426, 0, 24, 97871, 0, 78.45
2026/10/09 02:43:18.426, 1, 83658, 97871, 100, 533.34
2026/10/09 02:43:18.426, 2, 80004, 97871, 100, 524.72
2026/10/09 02:43:18.426, 3, 83097, 97871, 100, 527.57
2026/10/09 02:43:19.426, 0, 24, 97871, 0, 78.46
2026/10/09 02:43:19.426, 1, 83658, 97871, 100, 540.97
2026/10/09 02:43:19.426, 2, 80004, 97871, 100, 531.75
2026/10/09 02:43:19.426, 3, 83097, 97871, 100, 527.95
2026/10/09 02:43:20.427, 0, 24, 97871, 0, 78.50
2026/10/09 02:43:20.427, 1, 83658, 97871, 100, 536.20
2026/10/09 02:43:20.427, 2, 80004, 97871, 100, 532.51
2026/10/09 02:43:20.427, 3, 83097, 97871, 100, 522.50
2026/10/09 02:43:21.427, 0, 24, 97871, 0, 78.52
2026/10/09 02:43:21.427, 1, 83658, 97871, 100, 536.80
2026/10/09 02:43:21.427, 2, 80004, 97871, 100, 529.70
2026/10/09 02:43:21.427, 3, 83097, 97871, 100, 524.13
2026/10/09 02:43:22.427, 0, 24, 97871, 0, 78.51
2026/10/09 02:43:22.427, 1, 83658, 97871, 100, 534.76
2026/10/09 02:43:22.427, 2, 80004, 97871, 100, 529.39
2026/10/09 02:43:22.427, 3, 83097, 97871, 100, 525.51
2026/10/09 02:43:23.427, 0, 24, 97871, 0, 78.64
2026/10/09 02:43:23.427, 1, 83658, 97871, 100, 536.64
2026/10/09 02:43:23.427, 2, 80004, 97871, 100, 528.44
2026/10/09 02:43:23.427, 3, 83097, 97871, 100, 525.93
2026/10/09 02:43:24.427, 0, 24, 97871, 0, 78.67
2026/10/09 02:43:24.428, 1, 83658, 97871, 100, 533.17
2026/10/09 02:43:24.428, 2, 80004, 97871, 100, 526.87
2026/10/09 02:43:24.428, 3, 83097, 97871, 100, 521.70
2026/10/09 02:43:25.428, 0, 24, 97871, 0, 78.46
2026/10/09 02:43:25.428, 1, 83658, 97871, 100, 534.36
2026/10/09 02:43:25.432, 2, 80004, 97871, 100, 527.64
2026/10/09 02:43:25.432, 3, 83097, 97871, 100, 527.27
2026/10/09 02:43:26.432, 0, 24, 97871, 0, 78.63
2026/10/09 02:43:26.433, 1, 83658, 97871, 100, 536.51
2026/10/09 02:43:26.433, 2, 80004, 97871, 100, 528.74
2026/10/09 02:43:26.433, 3, 83097, 97871, 100, 524.93
2026/10/09 02:43:27.433, 0, 24, 97871, 0, 78.50
2026/10/09 02:43:27.433, 1, 83658, 97871, 100, 535.94
2026/10/09 02:43:27.433, 2, 80004, 97871, 100, 529.34
2026/10/09 02:43:27.433, 3, 83097, 97871, 100, 519.71
2026/10/09 02:43:28.433, 0, 24, 97871, 0, 78.50
2026/10/09 02:43:28.433, 1, 83658, 97871, 100, 537.45
2026/10/09 02:43:28.433, 2, 80004, 97871, 100, 518.52
2026/10/09 02:43:28.433, 3, 83097, 97871, 100, 505.48
2026/10/09 02:43:29.433, 0, 24, 97871, 0, 78.40
2026/10/09 02:43:29.433, 1, 83658, 97871, 100, 535.64
2026/10/09 02:43:29.433, 2, 80004, 97871, 100, 518.45
2026/10/09 02:43:29.433, 3, 83097, 97871, 100, 513.90
2026/10/09 02:43:30.433, 0, 24, 97871, 0, 78.53
2026/10/09 02:43:30.433, 1, 83658, 97871, 100, 536.38
2026/10/09 02:43:30.433, 2, 80004, 97871, 100, 520.07
2026/10/09 02:43:30.434, 3, 83097, 97871, 100, 514.42
2026/10/09 02:43:31.434, 0, 24, 97871, 0, 78.26
2026/10/09 02:43:31.434, 1, 83658, 97871, 100, 537.52
2026/10/09 02:43:31.434, 2, 80004, 97871, 100, 523.66
2026/10/09 02:43:31.434, 3, 83097, 97871, 100, 518.44
2026/10/09 02:43:32.434, 0, 24, 97871, 0, 78.27
2026/10/09 02:43:32.434, 1, 83658, 97871, 100, 534.50
2026/10/09 02:43:32.434, 2, 80004, 97871, 100, 525.06
2026/10/09 02:43:32.434, 3, 83097, 97871, 100, 515.56
2026/10/09 02:43:33.434, 0, 24, 97871, 0, 78.38
2026/10/09 02:43:33.434, 1, 83658, 97871, 100, 528.83
2026/10/09 02:43:33.434, 2, 80004, 97871, 100, 527.78
2026/10/09 02:43:33.434, 3, 83097, 97871, 100, 513.40
2026/10/09 02:43:34.434, 0, 24, 97871, 0, 78.47
2026/10/09 02:43:34.434, 1, 83658, 97871, 100, 520.37
2026/10/09 02:43:34.434, 2, 80004, 97871, 100, 521.60
2026/10/09 02:43:34.434, 3, 83097, 97871, 100, 513.40
2026/10/09 02:43:35.435, 0, 24, 97871, 0, 78.52
2026/10/09 02:43:35.435, 1, 83658, 97871, 100, 524.40
2026/10/09 02:43:35.443, 2, 80004, 97871, 100, 518.66
2026/10/09 02:43:35.443, 3, 83097, 97871, 100, 510.89
2026/10/09 02:43:36.443, 0, 24, 97871, 0, 78.46
2026/10/09 02:43:36.443, 1, 83658, 97871, 100, 519.92
2026/10/09 02:43:36.443, 2, 80004, 97871, 100, 517.48
2026/10/09 02:43:36.443, 3, 83097, 97871, 100, 513.47
2026/10/09 02:43:37.443, 0, 24, 97871, 0, 78.59
2026/10/09 02:43:37.444, 1, 83658, 97871, 100, 487.99
2026/10/09 02:43:37.444, 2, 80004, 97871, 100, 518.95
2026/10/09 02:43:37.444, 3, 83097, 97871, 100, 512.34
2026/10/09 02:43:38.444, 0, 24, 97871, 0, 78.35
2026/10/09 02:43:38.444, 1, 83658, 97871, 100, 544.73
2026/10/09 02:43:38.444, 2, 80004, 97871, 100, 519.38
2026/10/09 02:43:38.444, 3, 83097, 97871, 100, 512.86
2026/10/09 02:43:39.444, 0, 24, 97871, 0, 78.36
2026/10/09 02:43:39.444, 1, 83658, 97871, 100, 536.43
2026/10/09 02:43:39.444, 2, 80004, 97871, 100, 523.16
2026/10/09 02:43:39.444, 3, 83097, 97871, 100, 512.74
2026/10/09 02:43:40.444, 0, 24, 97871, 0, 78.26
2026/10/09 02:43:40.444, 1, 83658, 97871, 100, 537.72
2026/10/09 02:43:40.444, 2, 80004, 97871, 100, 523.21
2026/10/09 02:43:40.444, 3, 83097, 97871, 100, 516.99
2026/10/09 02:43:41.444, 0, 24, 97871, 0, 78.38
2026/10/09 02:43:41.445, 1, 83658, 97871, 100, 538.71
2026/10/09 02:43:41.445, 2, 80004, 97871, 100, 520.18
2026/10/09 02:43:41.445, 3, 83097, 97871, 100, 514.10
2026/10/09 02:43:42.445, 0, 24, 97871, 0, 78.35
2026/10/09 02:43:42.445, 1, 83658, 97871, 100, 533.76
2026/10/09 02:43:42.445, 2, 80004, 97871, 100, 525.23
2026/10/09 02:43:42.445, 3, 83097, 97871, 100, 519.55
2026/10/09 02:43:43.445, 0, 24, 97871, 0, 78.34
2026/10/09 02:43:43.445, 1, 83658, 97871, 100, 540.43
2026/10/09 02:43:43.445, 2, 80004, 97871, 100, 523.78
2026/10/09 02:43:43.445, 3, 83097, 97871, 100, 519.61
2026/10/09 02:43:44.445, 0, 24, 97871, 0, 78.31
2026/10/09 02:43:44.445, 1, 83658, 97871, 100, 541.83
2026/10/09 02:43:44.445, 2, 80004, 97871, 100, 522.29
2026/10/09 02:43:44.445, 3, 83097, 97871, 100, 518.41
2026/10/09 02:43:45.445, 0, 24, 97871, 0, 78.37
2026/10/09 02:43:45.445, 1, 83657, 97871, 100, 537.78
2026/10/09 02:43:45.450, 2, 80003, 97871, 100, 524.07
2026/10/09 02:43:45.450, 3, 83096, 97871, 100, 515.24
2026/10/09 02:43:46.450, 0, 24, 97871, 0, 78.37
2026/10/09 02:43:46.450, 1, 83657, 97871, 100, 538.17
2026/10/09 02:43:46.450, 2, 80003, 97871, 100, 521.06
2026/10/09 02:43:46.450, 3, 83096, 97871, 100, 513.08
2026/10/09 02:43:47.450, 0, 24, 97871, 0, 78.43
2026/10/09 02:43:47.450, 1, 83657, 97871, 100, 540.07
2026/10/09 02:43:47.450, 2, 80003, 97871, 100, 517.58
2026/10/09 02:43:47.450, 3, 83096, 97871, 100, 512.62
2026/10/09 02:43:48.450, 0, 24, 97871, 0, 78.43
2026/10/09 02:43:48.451, 1, 83657, 97871, 100, 534.81
2026/10/09 02:43:48.451, 2, 80003, 97871, 100, 518.02
2026/10/09 02:43:48.451, 3, 83096, 97871, 100, 513.46
2026/10/09 02:43:49.451, 0, 24, 97871, 0, 78.45
2026/10/09 02:43:49.451, 1, 83657, 97871, 100, 526.67
2026/10/09 02:43:49.451, 2, 80003, 97871, 100, 516.11
2026/10/09 02:43:49.451, 3, 83096, 97871, 100, 506.58
2026/10/09 02:43:50.451, 0, 24, 97871, 0, 78.35
2026/10/09 02:43:50.451, 1, 83657, 97871, 100, 535.07
2026/10/09 02:43:50.451, 2, 80003, 97871, 100, 521.05
2026/10/09 02:43:50.451, 3, 83096, 97871, 100, 517.86
2026/10/09 02:43:51.451, 0, 24, 97871, 0, 78.60
2026/10/09 02:43:51.451, 1, 83657, 97871, 100, 534.02
2026/10/09 02:43:51.451, 2, 80003, 97871, 100, 525.15
2026/10/09 02:43:51.451, 3, 83096, 97871, 100, 519.36
2026/10/09 02:43:52.451, 0, 24, 97871, 0, 78.38
2026/10/09 02:43:52.452, 1, 83657, 97871, 100, 533.86
2026/10/09 02:43:52.452, 2, 80003, 97871, 100, 520.17
2026/10/09 02:43:52.452, 3, 83096, 97871, 100, 516.15
2026/10/09 02:43:53.452, 0, 24, 97871, 0, 78.19
2026/10/09 02:43:53.452, 1, 83657, 97871, 100, 536.60
2026/10/09 02:43:53.452, 2, 80003, 97871, 100, 520.97
2026/10/09 02:43:53.452, 3, 83096, 97871, 100, 509.48
2026/10/09 02:43:54.452, 0, 24, 97871, 0, 78.32
2026/10/09 02:43:54.452, 1, 83657, 97871, 100, 536.95
2026/10/09 02:43:54.452, 2, 80003, 97871, 100, 524.22
2026/10/09 02:43:54.452, 3, 83096, 97871, 100, 517.50
2026/10/09 02:43:55.452, 0, 24, 97871, 0, 78.38
2026/10/09 02:43:55.452, 1, 83657, 97871, 100, 535.55
2026/10/09 02:43:55.456, 2, 80003, 97871, 100, 525.97
2026/10/09 02:43:55.456, 3, 83096, 97871, 100, 518.23
2026/10/09 02:43:56.457, 0, 24, 97871, 0, 78.51
2026/10/09 02:43:56.457, 1, 83657, 97871, 100, 535.26
2026/10/09 02:43:56.457, 2, 80003, 97871, 100, 523.55
2026/10/09 02:43:56.457, 3, 83096, 97871, 100, 514.41
2026/10/09 02:43:57.457, 0, 24, 97871, 0, 78.45
2026/10/09 02:43:57.457, 1, 83657, 97871, 100, 534.02
2026/10/09 02:43:57.457, 2, 80003, 97871, 100, 522.63
2026/10/09 02:43:57.457, 3, 83096, 97871, 100, 516.66
2026/10/09 02:43:58.457, 0, 24, 97871, 0, 78.57
2026/10/09 02:43:58.457, 1, 83657, 97871, 100, 538.63
2026/10/09 02:43:58.457, 2, 80003, 97871, 100, 523.99
2026/10/09 02:43:58.457, 3, 83096, 97871, 100, 516.89
2026/10/09 02:43:59.457, 0, 24, 97871, 0, 78.45
2026/10/09 02:43:59.457, 1, 83657, 97871, 100, 534.72
2026/10/09 02:43:59.457, 2, 80003, 97871, 100, 517.92
2026/10/09 02:43:59.457, 3, 83096, 97871, 100, 516.71
2026/10/09 02:44:00.457, 0, 24, 97871, 0, 78.39
2026/10/09 02:44:00.458, 1, 83657, 97871, 100, 537.04
2026/10/09 02:44:00.458, 2, 80003, 97871, 100, 522.49
2026/10/09 02:44:00.458, 3, 83096, 97871, 100, 513.08
2026/10/09 02:44:01.458, 0, 24, 97871, 0, 78.43
2026/10/09 02:44:01.458, 1, 83657, 97871, 100, 537.14
2026/10/09 02:44:01.458, 2, 80003, 97871, 100, 519.57
2026/10/09 02:44:01.458, 3, 83096, 97871, 100, 515.19
2026/10/09 02:44:02.458, 0, 24, 97871, 0, 78.43
2026/10/09 02:44:02.458, 1, 83657, 97871, 100, 534.14
2026/10/09 02:44:02.458, 2, 80003, 97871, 100, 520.96
2026/10/09 02:44:02.458, 3, 83096, 97871, 100, 513.75
2026/10/09 02:44:03.458, 0, 24, 97871, 0, 78.25
2026/10/09 02:44:03.458, 1, 83657, 97871, 100, 536.08
2026/10/09 02:44:03.458, 2, 80003, 97871, 100, 518.87
2026/10/09 02:44:03.458, 3, 83096, 97871, 100, 514.61
2026/10/09 02:44:04.458, 0, 24, 97871, 0, 78.35
2026/10/09 02:44:04.459, 1, 83657, 97871, 100, 533.51
2026/10/09 02:44:04.459, 2, 80003, 97871, 100, 524.47
2026/10/09 02:44:04.459, 3, 83096, 97871, 100, 512.75
2026/10/09 02:44:05.459, 0, 24, 97871, 0, 78.43
2026/10/09 02:44:05.459, 1, 83657, 97871, 100, 539.13
2026/10/09 02:44:05.463, 2, 80003, 97871, 100, 516.36
2026/10/09 02:44:05.463, 3, 83096, 97871, 100, 509.54
2026/10/09 02:44:06.463, 0, 24, 97871, 0, 78.34
2026/10/09 02:44:06.463, 1, 83657, 97871, 100, 538.34
2026/10/09 02:44:06.463, 2, 80003, 97871, 100, 521.97
2026/10/09 02:44:06.463, 3, 83096, 97871, 100, 518.47
2026/10/09 02:44:07.464, 0, 24, 97871, 0, 78.57
2026/10/09 02:44:07.464, 1, 83657, 97871, 100, 537.21
2026/10/09 02:44:07.464, 2, 80003, 97871, 100, 521.03
2026/10/09 02:44:07.464, 3, 83096, 97871, 100, 514.70
2026/10/09 02:44:08.464, 0, 24, 97871, 0, 78.56
2026/10/09 02:44:08.464, 1, 83657, 97871, 100, 533.65
2026/10/09 02:44:08.464, 2, 80003, 97871, 100, 521.61
2026/10/09 02:44:08.464, 3, 83096, 97871, 100, 515.82
2026/10/09 02:44:09.464, 0, 24, 97871, 0, 78.36
2026/10/09 02:44:09.464, 1, 83657, 97871, 100, 535.59
2026/10/09 02:44:09.464, 2, 80003, 97871, 100, 521.73
2026/10/09 02:44:09.464, 3, 83096, 97871, 100, 512.09
2026/10/09 02:44:10.464, 0, 24, 97871, 0, 78.29
2026/10/09 02:44:10.464, 1, 83657, 97871, 100, 534.68
2026/10/09 02:44:10.464, 2, 80003, 97871, 100, 522.80
2026/10/09 02:44:10.464, 3, 83096, 97871, 100, 515.70
2026/10/09 02:44:11.464, 0, 24, 97871, 0, 78.38
2026/10/09 02:44:11.465, 1, 83657, 97871, 100, 532.20
2026/10/09 02:44:11.465, 2, 80003, 97871, 100, 522.79
2026/10/09 02:44:11.465, 3, 83096, 97871, 100, 514.44
2026/10/09 02:44:12.465, 0, 24, 97871, 0, 78.38
2026/10/09 02:44:12.465, 1, 83657, 97871, 100, 534.83
2026/10/09 02:44:12.465, 2, 80003, 97871, 100, 523.57
2026/10/09 02:44:12.465, 3, 83096, 97871, 100, 515.26
2026/10/09 02:44:13.465, 0, 24, 97871, 0, 78.45
2026/10/09 02:44:13.465, 1, 83657, 97871, 100, 536.01
2026/10/09 02:44:13.465, 2, 80003, 97871, 100, 521.62
2026/10/09 02:44:13.465, 3, 83096, 97871, 100, 517.94
2026/10/09 02:44:14.465, 0, 24, 97871, 0, 78.29
2026/10/09 02:44:14.465, 1, 83657, 97871, 100, 540.65
2026/10/09 02:44:14.465, 2, 80003, 97871, 100, 523.08
2026/10/09 02:44:14.465, 3, 83096, 97871, 100, 517.83
2026/10/09 02:44:15.465, 0, 24, 97871, 0, 78.35
2026/10/09 02:44:15.466, 1, 83657, 97871, 100, 536.00
2026/10/09 02:44:15.470, 2, 80003, 97871, 100, 521.79
2026/10/09 02:44:15.470, 3, 83096, 97871, 100, 512.68
2026/10/09 02:44:16.470, 0, 24, 97871, 0, 78.47
2026/10/09 02:44:16.470, 1, 83657, 97871, 100, 534.86
2026/10/09 02:44:16.470, 2, 80003, 97871, 100, 520.62
2026/10/09 02:44:16.470, 3, 83096, 97871, 100, 514.12
2026/10/09 02:44:17.470, 0, 24, 97871, 0, 78.69
2026/10/09 02:44:17.470, 1, 83657, 97871, 100, 537.89
2026/10/09 02:44:17.470, 2, 80003, 97871, 100, 520.24
2026/10/09 02:44:17.470, 3, 83096, 97871, 100, 512.49
2026/10/09 02:44:18.470, 0, 24, 97871, 0, 78.57
2026/10/09 02:44:18.471, 1, 83657, 97871, 100, 533.63
2026/10/09 02:44:18.471, 2, 80003, 97871, 100, 518.37
2026/10/09 02:44:18.471, 3, 83096, 97871, 100, 514.94
2026/10/09 02:44:19.471, 0, 24, 97871, 0, 78.41
2026/10/09 02:44:19.471, 1, 83657, 97871, 100, 539.59
2026/10/09 02:44:19.471, 2, 80003, 97871, 100, 519.48
2026/10/09 02:44:19.471, 3, 83096, 97871, 100, 511.76
2026/10/09 02:44:20.471, 0, 24, 97871, 0, 78.52
2026/10/09 02:44:20.471, 1, 83657, 97871, 100, 538.16
2026/10/09 02:44:20.471, 2, 80003, 97871, 100, 521.21
2026/10/09 02:44:20.471, 3, 83096, 97871, 100, 509.05
2026/10/09 02:44:21.471, 0, 24, 97871, 0, 78.42
2026/10/09 02:44:21.471, 1, 83657, 97871, 100, 537.40
2026/10/09 02:44:21.471, 2, 80003, 97871, 100, 523.87
2026/10/09 02:44:21.471, 3, 83096, 97871, 100, 511.20
2026/10/09 02:44:22.471, 0, 24, 97871, 0, 78.54
2026/10/09 02:44:22.471, 1, 83657, 97871, 100, 537.08
2026/10/09 02:44:22.472, 2, 80003, 97871, 100, 522.48
2026/10/09 02:44:22.472, 3, 83096, 97871, 100, 516.59
2026/10/09 02:44:23.472, 0, 24, 97871, 0, 78.31
2026/10/09 02:44:23.472, 1, 83657, 97871, 100, 536.61
2026/10/09 02:44:23.472, 2, 80003, 97871, 100, 519.66
2026/10/09 02:44:23.472, 3, 83096, 97871, 100, 511.53
2026/10/09 02:44:24.472, 0, 24, 97871, 0, 78.13
2026/10/09 02:44:24.472, 1, 83657, 97871, 100, 536.20
2026/10/09 02:44:24.472, 2, 80003, 97871, 100, 526.50
2026/10/09 02:44:24.472, 3, 83096, 97871, 100, 513.15
2026/10/09 02:44:25.472, 0, 24, 97871, 0, 78.42
2026/10/09 02:44:25.472, 1, 83657, 97871, 100, 534.91
2026/10/09 02:44:25.492, 2, 80003, 97871, 100, 524.37
2026/10/09 02:44:25.492, 3, 83096, 97871, 100, 518.38
2026/10/09 02:44:26.492, 0, 24, 97871, 0, 78.48
2026/10/09 02:44:26.492, 1, 83657, 97871, 100, 533.70
2026/10/09 02:44:26.492, 2, 80003, 97871, 100, 522.92
2026/10/09 02:44:26.492, 3, 83096, 97871, 100, 518.76
2026/10/09 02:44:27.492, 0, 24, 97871, 0, 78.50
2026/10/09 02:44:27.492, 1, 83657, 97871, 100, 532.02
2026/10/09 02:44:27.492, 2, 80003, 97871, 100, 519.80
2026/10/09 02:44:27.493, 3, 83096, 97871, 100, 514.45
2026/10/09 02:44:28.493, 0, 24, 97871, 0, 78.68
2026/10/09 02:44:28.493, 1, 83657, 97871, 100, 534.26
2026/10/09 02:44:28.493, 2, 80003, 97871, 100, 523.96
2026/10/09 02:44:28.493, 3, 83096, 97871, 100, 513.00
2026/10/09 02:44:29.493, 0, 24, 97871, 0, 78.63
2026/10/09 02:44:29.493, 1, 83657, 97871, 100, 535.34
2026/10/09 02:44:29.493, 2, 80003, 97871, 100, 521.87
2026/10/09 02:44:29.493, 3, 83096, 97871, 100, 513.18
2026/10/09 02:44:30.493, 0, 24, 97871, 0, 78.48
2026/10/09 02:44:30.493, 1, 83657, 97871, 100, 535.81
2026/10/09 02:44:30.493, 2, 80003, 97871, 100, 519.83
2026/10/09 02:44:30.493, 3, 83096, 97871, 100, 518.45
2026/10/09 02:44:31.493, 0, 24, 97871, 0, 78.45
2026/10/09 02:44:31.493, 1, 83657, 97871, 100, 540.12
2026/10/09 02:44:31.493, 2, 80003, 97871, 100, 517.50
2026/10/09 02:44:31.493, 3, 83096, 97871, 100, 517.10
2026/10/09 02:44:32.494, 0, 24, 97871, 0, 78.56
2026/10/09 02:44:32.494, 1, 83657, 97871, 100, 536.43
2026/10/09 02:44:32.494, 2, 80003, 97871, 100, 520.54
2026/10/09 02:44:32.494, 3, 83096, 97871, 100, 513.35
2026/10/09 02:44:33.494, 0, 24, 97871, 0, 78.59
2026/10/09 02:44:33.494, 1, 83657, 97871, 100, 536.41
2026/10/09 02:44:33.494, 2, 80003, 97871, 100, 522.07
2026/10/09 02:44:33.494, 3, 83096, 97871, 100, 512.56
2026/10/09 02:44:34.494, 0, 24, 97871, 0, 78.56
2026/10/09 02:44:34.494, 1, 83657, 97871, 100, 538.51
2026/10/09 02:44:34.494, 2, 80003, 97871, 100, 518.60
2026/10/09 02:44:34.494, 3, 83096, 97871, 100, 514.01
2026/10/09 02:44:35.494, 0, 24, 97871, 0, 78.70
2026/10/09 02:44:35.494, 1, 83657, 97871, 100, 537.37
2026/10/09 02:44:35.501, 2, 80003, 97871, 100, 521.36
2026/10/09 02:44:35.501, 3, 83096, 97871, 100, 511.07
2026/10/09 02:44:36.501, 0, 24, 97871, 0, 78.51
2026/10/09 02:44:36.501, 1, 83657, 97871, 100, 535.64
2026/10/09 02:44:36.501, 2, 80003, 97871, 100, 520.78
2026/10/09 02:44:36.501, 3, 83096, 97871, 100, 514.92
2026/10/09 02:44:37.501, 0, 24, 97871, 0, 78.52
2026/10/09 02:44:37.501, 1, 83657, 97871, 100, 537.84
2026/10/09 02:44:37.502, 2, 80003, 97871, 100, 522.09
2026/10/09 02:44:37.502, 3, 83096, 97871, 100, 516.75
2026/10/09 02:44:38.502, 0, 24, 97871, 0, 78.35
2026/10/09 02:44:38.502, 1, 83657, 97871, 100, 534.20
2026/10/09 02:44:38.502, 2, 80003, 97871, 100, 521.36
2026/10/09 02:44:38.502, 3, 83096, 97871, 100, 514.99
2026/10/09 02:44:39.502, 0, 24, 97871, 0, 78.59
2026/10/09 02:44:39.502, 1, 83657, 97871, 100, 536.26
2026/10/09 02:44:39.502, 2, 80003, 97871, 100, 525.15
2026/10/09 02:44:39.502, 3, 83096, 97871, 100, 511.34
2026/10/09 02:44:40.502, 0, 24, 97871, 0, 78.57
2026/10/09 02:44:40.502, 1, 83657, 97871, 100, 533.92
2026/10/09 02:44:40.502, 2, 80003, 97871, 100, 523.25
2026/10/09 02:44:40.502, 3, 83096, 97871, 100, 515.98
2026/10/09 02:44:41.502, 0, 24, 97871, 0, 78.39
2026/10/09 02:44:41.502, 1, 83657, 97871, 100, 534.57
2026/10/09 02:44:41.503, 2, 80003, 97871, 100, 523.21
2026/10/09 02:44:41.503, 3, 83096, 97871, 100, 516.30
2026/10/09 02:44:42.503, 0, 24, 97871, 0, 78.46
2026/10/09 02:44:42.503, 1, 83657, 97871, 100, 534.51
2026/10/09 02:44:42.503, 2, 80003, 97871, 100, 525.74
2026/10/09 02:44:42.503, 3, 83096, 97871, 100, 514.30
2026/10/09 02:44:43.503, 0, 24, 97871, 0, 78.62
2026/10/09 02:44:43.503, 1, 83657, 97871, 100, 534.91
2026/10/09 02:44:43.503, 2, 80003, 97871, 100, 520.05
2026/10/09 02:44:43.503, 3, 83096, 97871, 100, 518.14
2026/10/09 02:44:44.503, 0, 24, 97871, 0, 78.42
2026/10/09 02:44:44.503, 1, 83657, 97871, 100, 536.76
2026/10/09 02:44:44.503, 2, 80003, 97871, 100, 524.75
2026/10/09 02:44:44.503, 3, 83096, 97871, 100, 514.91
2026/10/09 02:44:45.503, 0, 24, 97871, 0, 78.51
2026/10/09 02:44:45.503, 1, 83657, 97871, 100, 535.94
2026/10/09 02:44:45.508, 2, 80003, 97871, 100, 520.04
2026/10/09 02:44:45.508, 3, 83096, 97871, 100, 512.73
2026/10/09 02:44:46.508, 0, 24, 97871, 0, 78.52
2026/10/09 02:44:46.508, 1, 83657, 97871, 100, 535.57
2026/10/09 02:44:46.508, 2, 80003, 97871, 100, 520.74
2026/10/09 02:44:46.508, 3, 83096, 97871, 100, 516.57
2026/10/09 02:44:47.508, 0, 24, 97871, 0, 78.40
2026/10/09 02:44:47.508, 1, 83657, 97871, 100, 534.38
2026/10/09 02:44:47.508, 2, 80003, 97871, 100, 515.38
2026/10/09 02:44:47.508, 3, 83096, 97871, 100, 515.14
2026/10/09 02:44:48.508, 0, 24, 97871, 0, 78.57
2026/10/09 02:44:48.508, 1, 83657, 97871, 100, 536.71
2026/10/09 02:44:48.508, 2, 80003, 97871, 100, 521.52
2026/10/09 02:44:48.509, 3, 83096, 97871, 100, 512.27
2026/10/09 02:44:49.509, 0, 24, 97871, 0, 78.49
2026/10/09 02:44:49.509, 1, 83657, 97871, 100, 540.65
2026/10/09 02:44:49.509, 2, 80003, 97871, 100, 517.98
2026/10/09 02:44:49.509, 3, 83096, 97871, 100, 514.28
2026/10/09 02:44:50.509, 0, 24, 97871, 0, 78.70
2026/10/09 02:44:50.509, 1, 83657, 97871, 100, 533.84
2026/10/09 02:44:50.509, 2, 80003, 97871, 100, 521.46
2026/10/09 02:44:50.509, 3, 83096, 97871, 100, 511.93
2026/10/09 02:44:51.509, 0, 24, 97871, 0, 78.44
2026/10/09 02:44:51.509, 1, 83657, 97871, 100, 537.77
2026/10/09 02:44:51.509, 2, 80003, 97871, 100, 523.84
2026/10/09 02:44:51.509, 3, 83096, 97871, 100, 509.32
2026/10/09 02:44:52.509, 0, 24, 97871, 0, 78.61
2026/10/09 02:44:52.509, 1, 83657, 97871, 100, 537.41
2026/10/09 02:44:52.509, 2, 80003, 97871, 100, 519.69
2026/10/09 02:44:52.509, 3, 83096, 97871, 100, 517.78
2026/10/09 02:44:53.510, 0, 24, 97871, 0, 78.48
2026/10/09 02:44:53.510, 1, 83657, 97871, 100, 538.43
2026/10/09 02:44:53.510, 2, 80003, 97871, 100, 520.83
2026/10/09 02:44:53.510, 3, 83096, 97871, 100, 516.77
2026/10/09 02:44:54.510, 0, 24, 97871, 0, 78.57
2026/10/09 02:44:54.510, 1, 83657, 97871, 100, 536.04
2026/10/09 02:44:54.510, 2, 80003, 97871, 100, 525.55
2026/10/09 02:44:54.510, 3, 83096, 97871, 100, 512.84
2026/10/09 02:44:55.510, 0, 24, 97871, 0, 78.63
2026/10/09 02:44:55.510, 1, 83657, 97871, 100, 532.66
2026/10/09 02:44:55.515, 2, 80003, 97871, 100, 525.19
2026/10/09 02:44:55.515, 3, 83096, 97871, 100, 516.68
2026/10/09 02:44:56.515, 0, 24, 97871, 0, 78.68
2026/10/09 02:44:56.515, 1, 83657, 97871, 100, 534.78
2026/10/09 02:44:56.515, 2, 80003, 97871, 100, 525.00
2026/10/09 02:44:56.515, 3, 83096, 97871, 100, 521.08
2026/10/09 02:44:57.515, 0, 24, 97871, 0, 78.63
2026/10/09 02:44:57.515, 1, 83657, 97871, 100, 532.00
2026/10/09 02:44:57.515, 2, 80003, 97871, 100, 520.84
2026/10/09 02:44:57.515, 3, 83096, 97871, 100, 516.61
2026/10/09 02:44:58.515, 0, 24, 97871, 0, 78.62
2026/10/09 02:44:58.515, 1, 83657, 97871, 100, 535.43
2026/10/09 02:44:58.515, 2, 80003, 97871, 100, 524.73
2026/10/09 02:44:58.515, 3, 83096, 97871, 100, 514.79
2026/10/09 02:44:59.515, 0, 24, 97871, 0, 78.47
2026/10/09 02:44:59.515, 1, 83657, 97871, 100, 534.17
2026/10/09 02:44:59.515, 2, 80003, 97871, 100, 521.85
2026/10/09 02:44:59.516, 3, 83096, 97871, 100, 519.88
2026/10/09 02:45:00.516, 0, 24, 97871, 0, 78.60
2026/10/09 02:45:00.516, 1, 83657, 97871, 100, 535.89
2026/10/09 02:45:00.516, 2, 80003, 97871, 100, 520.29
2026/10/09 02:45:00.516, 3, 83096, 97871, 100, 517.16
2026/10/09 02:45:01.516, 0, 24, 97871, 0, 78.45
2026/10/09 02:45:01.516, 1, 83657, 97871, 100, 536.17
2026/10/09 02:45:01.516, 2, 80003, 97871, 100, 518.74
2026/10/09 02:45:01.516, 3, 83096, 97871, 100, 517.26
2026/10/09 02:45:02.516, 0, 24, 97871, 0, 78.57
2026/10/09 02:45:02.516, 1, 83657, 97871, 100, 537.40
2026/10/09 02:45:02.516, 2, 80003, 97871, 100, 521.66
2026/10/09 02:45:02.516, 3, 83096, 97871, 100, 514.22
2026/10/09 02:45:03.516, 0, 24, 97871, 0, 78.51
2026/10/09 02:45:03.516, 1, 83657, 97871, 100, 535.31
2026/10/09 02:45:03.516, 2, 80003, 97871, 100, 520.96
2026/10/09 02:45:03.516, 3, 83096, 97871, 100, 515.53
2026/10/09 02:45:04.517, 0, 24, 97871, 0, 78.56
2026/10/09 02:45:04.517, 1, 83657, 97871, 100, 535.82
2026/10/09 02:45:04.517, 2, 80003, 97871, 100, 518.80
2026/10/09 02:45:04.517, 3, 83096, 97871, 100, 513.85
2026/10/09 02:45:05.517, 0, 24, 97871, 0, 78.63
2026/10/09 02:45:05.517, 1, 83657, 97871, 100, 539.28
2026/10/09 02:45:05.524, 2, 80003, 97871, 100, 520.54
2026/10/09 02:45:05.524, 3, 83096, 97871, 100, 509.52
2026/10/09 02:45:06.524, 0, 24, 97871, 0, 78.57
2026/10/09 02:45:06.524, 1, 83657, 97871, 100, 538.19
2026/10/09 02:45:06.524, 2, 80003, 97871, 100, 519.52
2026/10/09 02:45:06.524, 3, 83096, 97871, 100, 512.47
2026/10/09 02:45:07.524, 0, 24, 97871, 0, 78.62
2026/10/09 02:45:07.524, 1, 83657, 97871, 100, 538.46
2026/10/09 02:45:07.524, 2, 80003, 97871, 100, 523.74
2026/10/09 02:45:07.524, 3, 83096, 97871, 100, 513.90
2026/10/09 02:45:08.524, 0, 24, 97871, 0, 78.65
2026/10/09 02:45:08.524, 1, 83657, 97871, 100, 538.13
2026/10/09 02:45:08.524, 2, 80003, 97871, 100, 523.56
2026/10/09 02:45:08.525, 3, 83096, 97871, 100, 516.84
2026/10/09 02:45:09.525, 0, 24, 97871, 0, 78.49
2026/10/09 02:45:09.525, 1, 83657, 97871, 100, 531.65
2026/10/09 02:45:09.525, 2, 80003, 97871, 100, 523.73
2026/10/09 02:45:09.525, 3, 83096, 97871, 100, 511.01
2026/10/09 02:45:10.525, 0, 24, 97871, 0, 78.71
2026/10/09 02:45:10.525, 1, 83657, 97871, 100, 534.83
2026/10/09 02:45:10.525, 2, 80003, 97871, 100, 527.52
2026/10/09 02:45:10.525, 3, 83096, 97871, 100, 512.91
2026/10/09 02:45:11.525, 0, 24, 97871, 0, 78.43
2026/10/09 02:45:11.525, 1, 83657, 97871, 100, 534.15
2026/10/09 02:45:11.525, 2, 80003, 97871, 100, 521.11
2026/10/09 02:45:11.525, 3, 83096, 97871, 100, 518.12
2026/10/09 02:45:12.525, 0, 24, 97871, 0, 78.45
2026/10/09 02:45:12.525, 1, 83657, 97871, 100, 531.29
2026/10/09 02:45:12.525, 2, 80003, 97871, 100, 524.36
2026/10/09 02:45:12.525, 3, 83096, 97871, 100, 514.03
2026/10/09 02:45:13.526, 0, 24, 97871, 0, 78.37
2026/10/09 02:45:13.526, 1, 83657, 97871, 100, 534.32
2026/10/09 02:45:13.526, 2, 80003, 97871, 100, 508.97
2026/10/09 02:45:13.526, 3, 83096, 97871, 100, 515.21
2026/10/09 02:45:14.526, 0, 24, 97871, 0, 78.28
2026/10/09 02:45:14.526, 1, 83657, 97871, 100, 532.61
2026/10/09 02:45:14.526, 2, 80003, 97871, 100, 511.85
2026/10/09 02:45:14.526, 3, 83096, 97871, 100, 515.53
2026/10/09 02:45:15.526, 0, 24, 97871, 0, 78.49
2026/10/09 02:45:15.526, 1, 83657, 97871, 100, 536.12
2026/10/09 02:45:15.531, 2, 80003, 97871, 100, 509.83
2026/10/09 02:45:15.531, 3, 83096, 97871, 100, 503.85
2026/10/09 02:45:16.531, 0, 24, 97871, 0, 78.56
2026/10/09 02:45:16.531, 1, 83657, 97871, 100, 536.53
2026/10/09 02:45:16.531, 2, 80003, 97871, 97, 439.87
2026/10/09 02:45:16.531, 3, 83096, 97871, 100, 502.43
2026/10/09 02:45:17.531, 0, 24, 97871, 0, 78.37
2026/10/09 02:45:17.532, 1, 83657, 97871, 100, 536.05
2026/10/09 02:45:17.532, 2, 80003, 97871, 100, 314.19
2026/10/09 02:45:17.532, 3, 83096, 97871, 100, 500.68
2026/10/09 02:45:18.532, 0, 24, 97871, 0, 78.55
2026/10/09 02:45:18.532, 1, 83657, 97871, 100, 533.56
2026/10/09 02:45:18.532, 2, 80003, 97871, 100, 464.11
2026/10/09 02:45:18.532, 3, 83096, 97871, 99, 490.87
2026/10/09 02:45:19.532, 0, 24, 97871, 0, 78.36
2026/10/09 02:45:19.532, 1, 83657, 97871, 100, 537.81
2026/10/09 02:45:19.532, 2, 80003, 97871, 100, 472.89
2026/10/09 02:45:19.532, 3, 83096, 97871, 99, 280.69
2026/10/09 02:45:20.532, 0, 24, 97871, 0, 78.39
2026/10/09 02:45:20.532, 1, 83657, 97871, 100, 535.92
2026/10/09 02:45:20.532, 2, 80003, 97871, 100, 469.48
2026/10/09 02:45:20.532, 3, 83096, 97871, 99, 456.63
2026/10/09 02:45:21.532, 0, 24, 97871, 0, 78.40
2026/10/09 02:45:21.532, 1, 83657, 97871, 100, 539.46
2026/10/09 02:45:21.533, 2, 80003, 97871, 100, 470.34
2026/10/09 02:45:21.533, 3, 83096, 97871, 90, 460.39
2026/10/09 02:45:22.533, 0, 24, 97871, 0, 78.44
2026/10/09 02:45:22.533, 1, 83657, 97871, 100, 537.24
2026/10/09 02:45:22.533, 2, 80003, 97871, 100, 468.61
2026/10/09 02:45:22.533, 3, 83096, 97871, 94, 457.72
2026/10/09 02:45:23.533, 0, 24, 97871, 0, 78.50
2026/10/09 02:45:23.533, 1, 83657, 97871, 100, 535.85
2026/10/09 02:45:23.533, 2, 80003, 97871, 100, 466.80
2026/10/09 02:45:23.533, 3, 83096, 97871, 96, 456.73
2026/10/09 02:45:24.533, 0, 24, 97871, 0, 78.36
2026/10/09 02:45:24.533, 1, 83657, 97871, 100, 535.06
2026/10/09 02:45:24.533, 2, 80003, 97871, 98, 473.19
2026/10/09 02:45:24.533, 3, 83096, 97871, 99, 455.01
2026/10/09 02:45:25.533, 0, 24, 97871, 0, 78.59
2026/10/09 02:45:25.533, 1, 83657, 97871, 100, 539.04
2026/10/09 02:45:25.539, 2, 80003, 97871, 100, 469.82
2026/10/09 02:45:25.540, 3, 83096, 97871, 94, 458.69
2026/10/09 02:45:26.540, 0, 24, 97871, 0, 78.36
2026/10/09 02:45:26.540, 1, 83657, 97871, 100, 538.06
2026/10/09 02:45:26.540, 2, 80003, 97871, 100, 471.89
2026/10/09 02:45:26.540, 3, 83096, 97871, 99, 459.80
2026/10/09 02:45:27.540, 0, 24, 97871, 0, 78.49
2026/10/09 02:45:27.540, 1, 83657, 97871, 100, 534.99
2026/10/09 02:45:27.540, 2, 80003, 97871, 100, 471.88
2026/10/09 02:45:27.540, 3, 83096, 97871, 92, 462.13
2026/10/09 02:45:28.540, 0, 24, 97871, 0, 78.43
2026/10/09 02:45:28.540, 1, 83657, 97871, 100, 530.83
2026/10/09 02:45:28.540, 2, 80003, 97871, 100, 470.13
2026/10/09 02:45:28.540, 3, 83096, 97871, 99, 462.42
2026/10/09 02:45:29.540, 0, 24, 97871, 0, 78.65
2026/10/09 02:45:29.540, 1, 83657, 97871, 100, 532.87
2026/10/09 02:45:29.540, 2, 80003, 97871, 100, 470.70
2026/10/09 02:45:29.540, 3, 83096, 97871, 93, 463.10
2026/10/09 02:45:30.541, 0, 24, 97871, 0, 78.44
2026/10/09 02:45:30.541, 1, 83657, 97871, 100, 538.66
2026/10/09 02:45:30.541, 2, 80003, 97871, 100, 471.95
2026/10/09 02:45:30.541, 3, 83096, 97871, 99, 459.83
2026/10/09 02:45:31.541, 0, 24, 97871, 0, 78.49
2026/10/09 02:45:31.541, 1, 83657, 97871, 100, 536.51
2026/10/09 02:45:31.541, 2, 80003, 97871, 100, 471.56
2026/10/09 02:45:31.541, 3, 83096, 97871, 99, 460.54
2026/10/09 02:45:32.541, 0, 24, 97871, 0, 78.54
2026/10/09 02:45:32.541, 1, 83657, 97871, 100, 536.74
2026/10/09 02:45:32.541, 2, 80003, 97871, 94, 468.05
2026/10/09 02:45:32.541, 3, 83096, 97871, 99, 459.20
2026/10/09 02:45:33.541, 0, 24, 97871, 0, 78.51
2026/10/09 02:45:33.541, 1, 83657, 97871, 100, 536.14
2026/10/09 02:45:33.541, 2, 80003, 97871, 98, 472.25
2026/10/09 02:45:33.541, 3, 83096, 97871, 99, 455.54
2026/10/09 02:45:34.541, 0, 24, 97871, 0, 78.44
2026/10/09 02:45:34.542, 1, 83657, 97871, 100, 536.13
2026/10/09 02:45:34.542, 2, 80003, 97871, 100, 470.46
2026/10/09 02:45:34.542, 3, 83096, 97871, 99, 458.57
2026/10/09 02:45:35.542, 0, 24, 97871, 0, 78.47
2026/10/09 02:45:35.542, 1, 83657, 97871, 100, 538.95
2026/10/09 02:45:35.546, 2, 80003, 97871, 100, 467.53
2026/10/09 02:45:35.546, 3, 83096, 97871, 99, 462.73
2026/10/09 02:45:36.547, 0, 24, 97871, 0, 78.49
2026/10/09 02:45:36.547, 1, 83657, 97871, 100, 538.70
2026/10/09 02:45:36.547, 2, 80003, 97871, 100, 467.50
2026/10/09 02:45:36.547, 3, 83096, 97871, 99, 454.71
2026/10/09 02:45:37.547, 0, 24, 97871, 0, 78.51
2026/10/09 02:45:37.547, 1, 83657, 97871, 100, 535.48
2026/10/09 02:45:37.547, 2, 80003, 97871, 100, 477.86
2026/10/09 02:45:37.547, 3, 83096, 97871, 99, 457.76
2026/10/09 02:45:38.547, 0, 24, 97871, 0, 78.47
2026/10/09 02:45:38.547, 1, 83657, 97871, 100, 526.65
2026/10/09 02:45:38.547, 2, 80003, 97871, 100, 470.22
2026/10/09 02:45:38.547, 3, 83096, 97871, 99, 465.47
2026/10/09 02:45:39.547, 0, 24, 97871, 0, 78.36
2026/10/09 02:45:39.547, 1, 83657, 97871, 100, 524.07
2026/10/09 02:45:39.547, 2, 80003, 97871, 100, 469.52
2026/10/09 02:45:39.547, 3, 83096, 97871, 99, 455.55
2026/10/09 02:45:40.547, 0, 24, 97871, 0, 78.58
2026/10/09 02:45:40.548, 1, 83657, 97871, 100, 523.49
2026/10/09 02:45:40.548, 2, 80003, 97871, 100, 468.12
2026/10/09 02:45:40.548, 3, 83096, 97871, 99, 456.32
2026/10/09 02:45:41.548, 0, 24, 97871, 0, 78.29
2026/10/09 02:45:41.548, 1, 83657, 97871, 100, 513.23
2026/10/09 02:45:41.548, 2, 80003, 97871, 100, 473.59
2026/10/09 02:45:41.548, 3, 83096, 97871, 99, 460.86
2026/10/09 02:45:42.548, 0, 24, 97871, 0, 78.36
2026/10/09 02:45:42.548, 1, 83657, 97871, 99, 315.25
2026/10/09 02:45:42.548, 2, 80003, 97871, 99, 474.87
2026/10/09 02:45:42.548, 3, 83096, 97871, 99, 464.43
2026/10/09 02:45:43.548, 0, 24, 97871, 0, 78.47
2026/10/09 02:45:43.548, 1, 83657, 97871, 99, 474.13
2026/10/09 02:45:43.548, 2, 80003, 97871, 100, 467.54
2026/10/09 02:45:43.548, 3, 83096, 97871, 99, 455.38
2026/10/09 02:45:44.549, 0, 24, 97871, 0, 78.47
2026/10/09 02:45:44.549, 1, 83657, 97871, 99, 477.60
2026/10/09 02:45:44.549, 2, 80003, 97871, 100, 468.75
2026/10/09 02:45:44.549, 3, 83096, 97871, 99, 456.10
2026/10/09 02:45:45.549, 0, 24, 97871, 0, 78.35
2026/10/09 02:45:45.549, 1, 83657, 97871, 99, 475.06
2026/10/09 02:45:45.559, 2, 80003, 97871, 100, 472.17
2026/10/09 02:45:45.559, 3, 83096, 97871, 99, 463.74
2026/10/09 02:45:46.559, 0, 24, 97871, 0, 78.51
2026/10/09 02:45:46.559, 1, 83657, 97871, 99, 472.39
2026/10/09 02:45:46.560, 2, 80003, 97871, 96, 473.99
2026/10/09 02:45:46.560, 3, 83096, 97871, 98, 461.34
2026/10/09 02:45:47.560, 0, 24, 97871, 0, 78.35
2026/10/09 02:45:47.560, 1, 83657, 97871, 99, 471.04
2026/10/09 02:45:47.560, 2, 80003, 97871, 99, 468.71
2026/10/09 02:45:47.560, 3, 83096, 97871, 99, 463.39
2026/10/09 02:45:48.560, 0, 24, 97871, 0, 78.32
2026/10/09 02:45:48.560, 1, 83657, 97871, 99, 469.11
2026/10/09 02:45:48.560, 2, 80003, 97871, 100, 468.15
2026/10/09 02:45:48.560, 3, 83096, 97871, 99, 455.01
2026/10/09 02:45:49.560, 0, 24, 97871, 0, 78.44
2026/10/09 02:45:49.560, 1, 83657, 97871, 96, 482.99
2026/10/09 02:45:49.560, 2, 80003, 97871, 100, 466.56
2026/10/09 02:45:49.560, 3, 83096, 97871, 99, 460.96
2026/10/09 02:45:50.560, 0, 24, 97871, 0, 78.52
2026/10/09 02:45:50.560, 1, 83657, 97871, 99, 474.02
2026/10/09 02:45:50.560, 2, 80003, 97871, 99, 476.80
2026/10/09 02:45:50.560, 3, 83096, 97871, 99, 462.68
2026/10/09 02:45:51.561, 0, 24, 97871, 0, 78.35
2026/10/09 02:45:51.561, 1, 83657, 97871, 85, 473.90
2026/10/09 02:45:51.561, 2, 80003, 97871, 100, 470.56
2026/10/09 02:45:51.561, 3, 83096, 97871, 99, 461.95
2026/10/09 02:45:52.561, 0, 24, 97871, 0, 78.27
2026/10/09 02:45:52.561, 1, 83657, 97871, 99, 480.93
2026/10/09 02:45:52.561, 2, 80003, 97871, 100, 468.74
2026/10/09 02:45:52.561, 3, 83096, 97871, 96, 459.73
2026/10/09 02:45:53.561, 0, 24, 97871, 0, 78.29
2026/10/09 02:45:53.561, 1, 83657, 97871, 96, 483.14
2026/10/09 02:45:53.561, 2, 80003, 97871, 95, 467.38
2026/10/09 02:45:53.561, 3, 83096, 97871, 99, 464.80
2026/10/09 02:45:54.561, 0, 24, 97871, 0, 78.22
2026/10/09 02:45:54.561, 1, 83657, 97871, 90, 471.39
2026/10/09 02:45:54.561, 2, 80003, 97871, 100, 471.51
2026/10/09 02:45:54.561, 3, 83096, 97871, 99, 454.45
2026/10/09 02:45:55.561, 0, 24, 97871, 0, 78.43
2026/10/09 02:45:55.562, 1, 83657, 97871, 99, 484.15
2026/10/09 02:45:55.568, 2, 80003, 97871, 94, 472.43
2026/10/09 02:45:55.568, 3, 83096, 97871, 94, 458.85
2026/10/09 02:45:56.568, 0, 24, 97871, 0, 78.51
2026/10/09 02:45:56.568, 1, 83657, 97871, 99, 473.32
2026/10/09 02:45:56.568, 2, 80003, 97871, 100, 470.73
2026/10/09 02:45:56.568, 3, 83096, 97871, 99, 462.61
2026/10/09 02:45:57.568, 0, 24, 97871, 0, 78.47
2026/10/09 02:45:57.569, 1, 83657, 97871, 99, 471.33
2026/10/09 02:45:57.569, 2, 80003, 97871, 100, 473.09
2026/10/09 02:45:57.569, 3, 83096, 97871, 94, 456.53
2026/10/09 02:45:58.569, 0, 24, 97871, 0, 78.30
2026/10/09 02:45:58.569, 1, 83657, 97871, 99, 483.62
2026/10/09 02:45:58.569, 2, 80003, 97871, 100, 469.12
2026/10/09 02:45:58.569, 3, 83096, 97871, 99, 459.53
2026/10/09 02:45:59.569, 0, 24, 97871, 0, 78.46
2026/10/09 02:45:59.569, 1, 83657, 97871, 99, 473.13
2026/10/09 02:45:59.569, 2, 80003, 97871, 100, 466.75
2026/10/09 02:45:59.569, 3, 83096, 97871, 99, 456.82
2026/10/09 02:46:00.569, 0, 24, 97871, 0, 78.30
2026/10/09 02:46:00.569, 1, 83657, 97871, 99, 472.51
2026/10/09 02:46:00.569, 2, 80003, 97871, 100, 473.01
2026/10/09 02:46:00.569, 3, 83096, 97871, 99, 461.65
2026/10/09 02:46:01.569, 0, 24, 97871, 0, 78.53
2026/10/09 02:46:01.569, 1, 83657, 97871, 99, 477.45
2026/10/09 02:46:01.569, 2, 80003, 97871, 100, 468.02
2026/10/09 02:46:01.570, 3, 83096, 97871, 99, 460.89
2026/10/09 02:46:02.570, 0, 24, 97871, 0, 78.39
2026/10/09 02:46:02.570, 1, 83657, 97871, 99, 475.39
2026/10/09 02:46:02.570, 2, 80003, 97871, 100, 473.31
2026/10/09 02:46:02.570, 3, 83096, 97871, 99, 459.54
2026/10/09 02:46:03.570, 0, 24, 97871, 0, 78.33
2026/10/09 02:46:03.570, 1, 83657, 97871, 99, 471.61
2026/10/09 02:46:03.570, 2, 80003, 97871, 100, 470.02
2026/10/09 02:46:03.570, 3, 83096, 97871, 99, 454.62
2026/10/09 02:46:04.570, 0, 24, 97871, 0, 78.41
2026/10/09 02:46:04.570, 1, 83657, 97871, 99, 473.27
2026/10/09 02:46:04.570, 2, 80003, 97871, 100, 471.27
2026/10/09 02:46:04.570, 3, 83096, 97871, 99, 458.93
2026/10/09 02:46:05.570, 0, 24, 97871, 0, 78.45
2026/10/09 02:46:05.571, 1, 83657, 97871, 96, 485.14
2026/10/09 02:46:05.589, 2, 80003, 97871, 100, 467.43
2026/10/09 02:46:05.589, 3, 83096, 97871, 99, 456.77
2026/10/09 02:46:06.590, 0, 24, 97871, 0, 78.47
2026/10/09 02:46:06.590, 1, 83657, 97871, 99, 484.35
2026/10/09 02:46:06.590, 2, 80003, 97871, 100, 467.05
2026/10/09 02:46:06.590, 3, 83096, 97871, 99, 461.42
2026/10/09 02:46:07.590, 0, 24, 97871, 0, 78.16
2026/10/09 02:46:07.590, 1, 83657, 97871, 99, 470.92
2026/10/09 02:46:07.590, 2, 80003, 97871, 100, 467.43
2026/10/09 02:46:07.590, 3, 83096, 97871, 99, 458.55
2026/10/09 02:46:08.590, 0, 24, 97871, 0, 78.20
2026/10/09 02:46:08.590, 1, 83657, 97871, 91, 471.41
2026/10/09 02:46:08.590, 2, 80003, 97871, 99, 476.28
2026/10/09 02:46:08.590, 3, 83096, 97871, 99, 465.69
2026/10/09 02:46:09.590, 0, 24, 97871, 0, 78.25
2026/10/09 02:46:09.590, 1, 83657, 97871, 99, 479.87
2026/10/09 02:46:09.590, 2, 80003, 97871, 100, 472.54
2026/10/09 02:46:09.590, 3, 83096, 97871, 99, 456.04
2026/10/09 02:46:10.591, 0, 24, 97871, 0, 78.39
2026/10/09 02:46:10.591, 1, 83659, 97871, 99, 480.68
2026/10/09 02:46:10.591, 2, 80003, 97871, 100, 471.07
2026/10/09 02:46:10.591, 3, 83096, 97871, 99, 465.22
2026/10/09 02:46:11.591, 0, 24, 97871, 0, 78.50
2026/10/09 02:46:11.591, 1, 83659, 97871, 99, 481.89
2026/10/09 02:46:11.591, 2, 80003, 97871, 100, 470.13
2026/10/09 02:46:11.591, 3, 83096, 97871, 99, 461.22
2026/10/09 02:46:12.591, 0, 24, 97871, 0, 78.54
2026/10/09 02:46:12.591, 1, 83659, 97871, 99, 473.10
2026/10/09 02:46:12.591, 2, 80003, 97871, 93, 468.35
2026/10/09 02:46:12.591, 3, 83096, 97871, 99, 466.13
2026/10/09 02:46:13.591, 0, 24, 97871, 0, 78.40
2026/10/09 02:46:13.591, 1, 83659, 97871, 99, 476.34
2026/10/09 02:46:13.591, 2, 80003, 97871, 100, 476.41
2026/10/09 02:46:13.591, 3, 83096, 97871, 99, 459.04
2026/10/09 02:46:14.591, 0, 24, 97871, 0, 78.36
2026/10/09 02:46:14.592, 1, 83659, 97871, 99, 481.83
2026/10/09 02:46:14.592, 2, 80003, 97871, 97, 479.51
2026/10/09 02:46:14.592, 3, 83096, 97871, 93, 459.92
2026/10/09 02:46:15.592, 0, 24, 97871, 0, 78.34
2026/10/09 02:46:15.592, 1, 83659, 97871, 99, 480.54
2026/10/09 02:46:15.598, 2, 80003, 97871, 100, 471.46
2026/10/09 02:46:15.598, 3, 83096, 97871, 99, 458.25
2026/10/09 02:46:16.599, 0, 24, 97871, 0, 78.53
2026/10/09 02:46:16.599, 1, 83659, 97871, 91, 476.19
2026/10/09 02:46:16.599, 2, 80003, 97871, 100, 471.67
2026/10/09 02:46:16.599, 3, 83096, 97871, 99, 460.43
2026/10/09 02:46:17.599, 0, 24, 97871, 0, 78.28
2026/10/09 02:46:17.599, 1, 83659, 97871, 99, 478.91
2026/10/09 02:46:17.599, 2, 80003, 97871, 100, 467.02
2026/10/09 02:46:17.599, 3, 83096, 97871, 99, 456.85
2026/10/09 02:46:18.599, 0, 24, 97871, 0, 78.39
2026/10/09 02:46:18.599, 1, 83659, 97871, 99, 478.71
2026/10/09 02:46:18.599, 2, 80003, 97871, 97, 474.00
2026/10/09 02:46:18.599, 3, 83096, 97871, 99, 457.52
2026/10/09 02:46:19.599, 0, 24, 97871, 0, 78.37
2026/10/09 02:46:19.599, 1, 83659, 97871, 99, 475.49
2026/10/09 02:46:19.599, 2, 80003, 97871, 100, 470.29
2026/10/09 02:46:19.599, 3, 83096, 97871, 99, 461.75
2026/10/09 02:46:20.600, 0, 24, 97871, 0, 78.39
2026/10/09 02:46:20.600, 1, 83659, 97871, 99, 482.64
2026/10/09 02:46:20.600, 2, 80003, 97871, 100, 467.99
2026/10/09 02:46:20.600, 3, 83096, 97871, 99, 456.23
2026/10/09 02:46:21.600, 0, 24, 97871, 0, 78.29
2026/10/09 02:46:21.600, 1, 83659, 97871, 98, 471.23
2026/10/09 02:46:21.600, 2, 80003, 97871, 100, 472.74
2026/10/09 02:46:21.600, 3, 83096, 97871, 99, 452.89
2026/10/09 02:46:22.600, 0, 24, 97871, 0, 78.17
2026/10/09 02:46:22.600, 1, 83659, 97871, 96, 480.77
2026/10/09 02:46:22.600, 2, 80003, 97871, 99, 471.66
2026/10/09 02:46:22.600, 3, 83096, 97871, 99, 462.78
2026/10/09 02:46:23.600, 0, 24, 97871, 0, 78.37
2026/10/09 02:46:23.600, 1, 83659, 97871, 90, 474.14
2026/10/09 02:46:23.600, 2, 80003, 97871, 100, 469.70
2026/10/09 02:46:23.601, 3, 83096, 97871, 98, 465.66
2026/10/09 02:46:24.601, 0, 24, 97871, 0, 78.41
2026/10/09 02:46:24.601, 1, 83659, 97871, 99, 477.75
2026/10/09 02:46:24.601, 2, 80003, 97871, 88, 466.83
2026/10/09 02:46:24.601, 3, 83096, 97871, 99, 459.96
2026/10/09 02:46:25.601, 0, 24, 97871, 0, 78.46
2026/10/09 02:46:25.601, 1, 83659, 97871, 99, 482.34
2026/10/09 02:46:25.607, 2, 80003, 97871, 100, 472.22
2026/10/09 02:46:25.607, 3, 83096, 97871, 99, 465.06
2026/10/09 02:46:26.608, 0, 24, 97871, 0, 78.26
2026/10/09 02:46:26.608, 1, 83659, 97871, 99, 478.03
2026/10/09 02:46:26.608, 2, 80003, 97871, 100, 469.47
2026/10/09 02:46:26.608, 3, 83096, 97871, 99, 453.18
2026/10/09 02:46:27.608, 0, 24, 97871, 0, 78.49
2026/10/09 02:46:27.608, 1, 83659, 97871, 99, 473.26
2026/10/09 02:46:27.608, 2, 80003, 97871, 100, 477.63
2026/10/09 02:46:27.608, 3, 83096, 97871, 99, 455.65
2026/10/09 02:46:28.608, 0, 24, 97871, 0, 78.43
2026/10/09 02:46:28.608, 1, 83659, 97871, 99, 470.95
2026/10/09 02:46:28.608, 2, 80003, 97871, 100, 472.52
2026/10/09 02:46:28.608, 3, 83096, 97871, 99, 458.48
2026/10/09 02:46:29.608, 0, 24, 97871, 0, 78.45
2026/10/09 02:46:29.608, 1, 83659, 97871, 99, 473.66
2026/10/09 02:46:29.608, 2, 80003, 97871, 100, 474.10
2026/10/09 02:46:29.608, 3, 83096, 97871, 99, 463.19
2026/10/09 02:46:30.609, 0, 24, 97871, 0, 78.46
2026/10/09 02:46:30.609, 1, 83659, 97871, 91, 478.50
2026/10/09 02:46:30.609, 2, 80003, 97871, 100, 466.80
2026/10/09 02:46:30.609, 3, 83096, 97871, 99, 457.33
2026/10/09 02:46:31.609, 0, 24, 97871, 0, 78.37
2026/10/09 02:46:31.609, 1, 83659, 97871, 99, 477.20
2026/10/09 02:46:31.609, 2, 80003, 97871, 100, 464.68
2026/10/09 02:46:31.609, 3, 83096, 97871, 99, 454.64
2026/10/09 02:46:32.609, 0, 24, 97871, 0, 78.40
2026/10/09 02:46:32.609, 1, 83659, 97871, 90, 485.22
2026/10/09 02:46:32.609, 2, 80003, 97871, 100, 470.01
2026/10/09 02:46:32.609, 3, 83096, 97871, 99, 454.57
2026/10/09 02:46:33.609, 0, 24, 97871, 0, 78.49
2026/10/09 02:46:33.609, 1, 83659, 97871, 99, 473.96
2026/10/09 02:46:33.609, 2, 80003, 97871, 99, 470.02
2026/10/09 02:46:33.609, 3, 83096, 97871, 99, 463.93
2026/10/09 02:46:34.609, 0, 24, 97871, 0, 78.33
2026/10/09 02:46:34.610, 1, 83659, 97871, 95, 490.55
2026/10/09 02:46:34.610, 2, 80003, 97871, 100, 476.06
2026/10/09 02:46:34.610, 3, 83096, 97871, 99, 455.56
2026/10/09 02:46:35.610, 0, 24, 97871, 0, 78.29
2026/10/09 02:46:35.610, 1, 83659, 97871, 99, 478.10
2026/10/09 02:46:35.621, 2, 80003, 97871, 100, 466.35
2026/10/09 02:46:35.621, 3, 83096, 97871, 99, 460.26
2026/10/09 02:46:36.621, 0, 24, 97871, 0, 78.40
2026/10/09 02:46:36.621, 1, 83659, 97871, 90, 483.48
2026/10/09 02:46:36.621, 2, 80003, 97871, 97, 465.98
2026/10/09 02:46:36.621, 3, 83096, 97871, 99, 456.76
2026/10/09 02:46:37.622, 0, 24, 97871, 0, 78.34
2026/10/09 02:46:37.622, 1, 83659, 97871, 99, 475.21
2026/10/09 02:46:37.622, 2, 80003, 97871, 100, 469.16
2026/10/09 02:46:37.622, 3, 83096, 97871, 8, 436.38
2026/10/09 02:46:38.622, 0, 24, 97871, 0, 78.35
2026/10/09 02:46:38.622, 1, 83659, 97871, 99, 473.39
2026/10/09 02:46:38.622, 2, 80003, 97871, 100, 470.27
2026/10/09 02:46:38.622, 3, 83096, 97871, 99, 501.55
2026/10/09 02:46:39.622, 0, 24, 97871, 0, 78.50
2026/10/09 02:46:39.622, 1, 83659, 97871, 96, 481.37
2026/10/09 02:46:39.622, 2, 80003, 97871, 100, 466.67
2026/10/09 02:46:39.622, 3, 83096, 97871, 99, 513.05
2026/10/09 02:46:40.622, 0, 24, 97871, 0, 78.43
2026/10/09 02:46:40.622, 1, 83659, 97871, 97, 480.99
2026/10/09 02:46:40.622, 2, 80003, 97871, 100, 473.48
2026/10/09 02:46:40.622, 3, 83096, 97871, 100, 510.83
2026/10/09 02:46:41.623, 0, 24, 97871, 0, 78.47
2026/10/09 02:46:41.623, 1, 83659, 97871, 99, 473.21
2026/10/09 02:46:41.623, 2, 80003, 97871, 100, 469.27
2026/10/09 02:46:41.623, 3, 83096, 97871, 100, 513.70
2026/10/09 02:46:42.623, 0, 24, 97871, 0, 78.39
2026/10/09 02:46:42.623, 1, 83659, 97871, 99, 476.92
2026/10/09 02:46:42.623, 2, 80003, 97871, 38, 456.71
2026/10/09 02:46:42.623, 3, 83096, 97871, 100, 512.26
2026/10/09 02:46:43.623, 0, 24, 97871, 0, 78.50
2026/10/09 02:46:43.623, 1, 83659, 97871, 94, 476.45
2026/10/09 02:46:43.623, 2, 80003, 97871, 100, 490.85
2026/10/09 02:46:43.623, 3, 83096, 97871, 100, 513.06
2026/10/09 02:46:44.623, 0, 24, 97871, 0, 78.54
2026/10/09 02:46:44.623, 1, 83659, 97871, 99, 472.26
2026/10/09 02:46:44.623, 2, 80003, 97871, 100, 525.94
2026/10/09 02:46:44.624, 3, 83096, 97871, 100, 514.14
2026/10/09 02:46:45.624, 0, 24, 97871, 0, 78.38
2026/10/09 02:46:45.624, 1, 83659, 97871, 99, 471.49
2026/10/09 02:46:45.630, 2, 80003, 97871, 100, 521.50
2026/10/09 02:46:45.630, 3, 83096, 97871, 100, 513.30
2026/10/09 02:46:46.630, 0, 24, 97871, 0, 78.62
2026/10/09 02:46:46.630, 1, 83659, 97871, 99, 478.07
2026/10/09 02:46:46.630, 2, 80003, 97871, 100, 522.33
2026/10/09 02:46:46.630, 3, 83096, 97871, 100, 518.10
2026/10/09 02:46:47.630, 0, 24, 97871, 0, 78.59
2026/10/09 02:46:47.630, 1, 83659, 97871, 99, 479.45
2026/10/09 02:46:47.630, 2, 80003, 97871, 100, 531.32
2026/10/09 02:46:47.631, 3, 83096, 97871, 100, 507.52
2026/10/09 02:46:48.631, 0, 24, 97871, 0, 78.51
2026/10/09 02:46:48.631, 1, 83659, 97871, 99, 480.33
2026/10/09 02:46:48.631, 2, 80003, 97871, 100, 527.09
2026/10/09 02:46:48.631, 3, 83096, 97871, 100, 510.96
2026/10/09 02:46:49.631, 0, 24, 97871, 0, 78.60
2026/10/09 02:46:49.631, 1, 83659, 97871, 95, 488.04
2026/10/09 02:46:49.631, 2, 80003, 97871, 100, 532.43
2026/10/09 02:46:49.631, 3, 83096, 97871, 100, 515.78
2026/10/09 02:46:50.631, 0, 24, 97871, 0, 78.62
2026/10/09 02:46:50.631, 1, 83659, 97871, 99, 471.10
2026/10/09 02:46:50.631, 2, 80003, 97871, 100, 522.66
2026/10/09 02:46:50.631, 3, 83096, 97871, 100, 513.98
2026/10/09 02:46:51.631, 0, 24, 97871, 0, 78.59
2026/10/09 02:46:51.632, 1, 83659, 97871, 90, 470.81
2026/10/09 02:46:51.632, 2, 80003, 97871, 99, 523.02
2026/10/09 02:46:51.632, 3, 83096, 97871, 100, 504.95
2026/10/09 02:46:52.632, 0, 24, 97871, 0, 78.61
2026/10/09 02:46:52.632, 1, 83659, 97871, 99, 477.08
2026/10/09 02:46:52.632, 2, 80003, 97871, 100, 519.78
2026/10/09 02:46:52.632, 3, 83096, 97871, 100, 484.82
2026/10/09 02:46:53.632, 0, 24, 97871, 0, 78.40
2026/10/09 02:46:53.632, 1, 83659, 97871, 99, 474.28
2026/10/09 02:46:53.632, 2, 80003, 97871, 100, 522.64
2026/10/09 02:46:53.632, 3, 83096, 97871, 100, 512.77
2026/10/09 02:46:54.632, 0, 24, 97871, 0, 78.35
2026/10/09 02:46:54.632, 1, 83659, 97871, 99, 478.32
2026/10/09 02:46:54.632, 2, 80003, 97871, 94, 525.80
2026/10/09 02:46:54.632, 3, 83096, 97871, 100, 508.20
2026/10/09 02:46:55.632, 0, 24, 97871, 0, 78.35
2026/10/09 02:46:55.633, 1, 83659, 97871, 99, 473.55
2026/10/09 02:46:55.639, 2, 80003, 97871, 100, 530.98
2026/10/09 02:46:55.639, 3, 83096, 97871, 100, 505.66
2026/10/09 02:46:56.639, 0, 24, 97871, 0, 78.41
2026/10/09 02:46:56.639, 1, 83659, 97871, 89, 469.12
2026/10/09 02:46:56.639, 2, 80003, 97871, 100, 519.27
2026/10/09 02:46:56.639, 3, 83096, 97871, 100, 505.02
2026/10/09 02:46:57.640, 0, 24, 97871, 0, 78.37
2026/10/09 02:46:57.640, 1, 83659, 97871, 99, 474.67
2026/10/09 02:46:57.640, 2, 80003, 97871, 100, 485.84
2026/10/09 02:46:57.640, 3, 83096, 97871, 100, 503.89
2026/10/09 02:46:58.640, 0, 24, 97871, 0, 78.47
2026/10/09 02:46:58.640, 1, 83659, 97871, 99, 480.02
2026/10/09 02:46:58.640, 2, 80003, 97871, 100, 520.49
2026/10/09 02:46:58.640, 3, 83096, 97871, 100, 505.13
2026/10/09 02:46:59.640, 0, 24, 97871, 0, 78.42
2026/10/09 02:46:59.640, 1, 83659, 97871, 99, 477.26
2026/10/09 02:46:59.640, 2, 80003, 97871, 100, 509.35
2026/10/09 02:46:59.640, 3, 83096, 97871, 100, 504.55
2026/10/09 02:47:00.640, 0, 24, 97871, 0, 78.44
2026/10/09 02:47:00.640, 1, 83659, 97871, 99, 479.49
2026/10/09 02:47:00.640, 2, 80003, 97871, 100, 516.07
2026/10/09 02:47:00.640, 3, 83096, 97871, 100, 511.20
2026/10/09 02:47:01.641, 0, 24, 97871, 0, 78.31
2026/10/09 02:47:01.641, 1, 83659, 97871, 99, 474.63
2026/10/09 02:47:01.641, 2, 80003, 97871, 100, 513.37
2026/10/09 02:47:01.641, 3, 83096, 97871, 100, 483.34
2026/10/09 02:47:02.641, 0, 24, 97871, 0, 78.35
2026/10/09 02:47:02.641, 1, 83659, 97871, 99, 469.38
2026/10/09 02:47:02.641, 2, 80003, 97871, 100, 511.55
2026/10/09 02:47:02.641, 3, 83096, 97871, 100, 518.45
2026/10/09 02:47:03.641, 0, 24, 97871, 0, 78.31
2026/10/09 02:47:03.641, 1, 83659, 97871, 100, 497.36
2026/10/09 02:47:03.641, 2, 80003, 97871, 100, 515.85
2026/10/09 02:47:03.641, 3, 83096, 97871, 100, 507.42
2026/10/09 02:47:04.641, 0, 24, 97871, 0, 78.27
2026/10/09 02:47:04.641, 1, 83659, 97871, 100, 525.26
2026/10/09 02:47:04.641, 2, 80003, 97871, 100, 512.44
2026/10/09 02:47:04.641, 3, 83096, 97871, 100, 499.42
2026/10/09 02:47:05.641, 0, 24, 97871, 0, 78.30
2026/10/09 02:47:05.642, 1, 83659, 97871, 98, 533.11
2026/10/09 02:47:05.646, 2, 80003, 97871, 100, 522.36
2026/10/09 02:47:05.646, 3, 83096, 97871, 100, 524.68
2026/10/09 02:47:06.646, 0, 24, 97871, 0, 78.35
2026/10/09 02:47:06.646, 1, 83659, 97871, 100, 530.43
2026/10/09 02:47:06.646, 2, 80003, 97871, 100, 476.34
2026/10/09 02:47:06.646, 3, 83096, 97871, 100, 508.13
2026/10/09 02:47:07.646, 0, 24, 97871, 0, 78.21
2026/10/09 02:47:07.647, 1, 83659, 97871, 99, 543.39
2026/10/09 02:47:07.647, 2, 80003, 97871, 100, 520.49
2026/10/09 02:47:07.647, 3, 83096, 97871, 100, 503.28
2026/10/09 02:47:08.647, 0, 24, 97871, 0, 78.30
2026/10/09 02:47:08.647, 1, 83659, 97871, 100, 538.43
2026/10/09 02:47:08.647, 2, 80003, 97871, 100, 511.30
2026/10/09 02:47:08.647, 3, 83098, 97871, 100, 508.17
2026/10/09 02:47:09.647, 0, 24, 97871, 0, 78.34
2026/10/09 02:47:09.647, 1, 83659, 97871, 100, 532.30
2026/10/09 02:47:09.647, 2, 80003, 97871, 57, 497.68
2026/10/09 02:47:09.647, 3, 83098, 97871, 100, 506.09
2026/10/09 02:47:10.647, 0, 24, 97871, 0, 78.49
2026/10/09 02:47:10.647, 1, 83659, 97871, 100, 533.07
2026/10/09 02:47:10.647, 2, 80003, 97871, 100, 528.71
2026/10/09 02:47:10.647, 3, 83098, 97871, 100, 503.00
2026/10/09 02:47:11.647, 0, 24, 97871, 0, 78.52
2026/10/09 02:47:11.647, 1, 83659, 97871, 97, 537.87
2026/10/09 02:47:11.647, 2, 80003, 97871, 100, 512.17
2026/10/09 02:47:11.647, 3, 83098, 97871, 100, 505.23
2026/10/09 02:47:12.648, 0, 24, 97871, 0, 78.31
2026/10/09 02:47:12.648, 1, 83659, 97871, 100, 533.84
2026/10/09 02:47:12.648, 2, 80003, 97871, 100, 511.71
2026/10/09 02:47:12.648, 3, 83098, 97871, 100, 504.92
2026/10/09 02:47:13.648, 0, 24, 97871, 0, 78.22
2026/10/09 02:47:13.648, 1, 83659, 97871, 100, 528.55
2026/10/09 02:47:13.648, 2, 80003, 97871, 100, 507.99
2026/10/09 02:47:13.648, 3, 83098, 97871, 100, 504.20
2026/10/09 02:47:14.648, 0, 24, 97871, 0, 78.42
2026/10/09 02:47:14.648, 1, 83659, 97871, 100, 537.46
2026/10/09 02:47:14.648, 2, 80003, 97871, 100, 510.87
2026/10/09 02:47:14.648, 3, 83098, 97871, 100, 501.31
2026/10/09 02:47:15.648, 0, 24, 97871, 0, 78.51
2026/10/09 02:47:15.648, 1, 83659, 97871, 100, 530.57
2026/10/09 02:47:15.659, 2, 80003, 97871, 100, 510.82
2026/10/09 02:47:15.659, 3, 83098, 97871, 100, 500.84
2026/10/09 02:47:16.659, 0, 24, 97871, 0, 78.71
2026/10/09 02:47:16.659, 1, 83659, 97871, 100, 533.28
2026/10/09 02:47:16.659, 2, 80003, 97871, 100, 510.59
2026/10/09 02:47:16.659, 3, 83098, 97871, 22, 455.71
2026/10/09 02:47:17.659, 0, 24, 97871, 0, 78.34
2026/10/09 02:47:17.660, 1, 83659, 97871, 99, 506.21
2026/10/09 02:47:17.660, 2, 80003, 97871, 100, 511.69
2026/10/09 02:47:17.660, 3, 83098, 97871, 100, 529.53
2026/10/09 02:47:18.660, 0, 24, 97871, 0, 78.27
2026/10/09 02:47:18.660, 1, 83659, 97871, 100, 520.11
2026/10/09 02:47:18.660, 2, 80003, 97871, 100, 508.36
2026/10/09 02:47:18.660, 3, 83098, 97871, 100, 525.89
2026/10/09 02:47:19.660, 0, 24, 97871, 0, 78.27
2026/10/09 02:47:19.660, 1, 83659, 97871, 100, 517.47
2026/10/09 02:47:19.660, 2, 80003, 97871, 100, 510.88
2026/10/09 02:47:19.660, 3, 83098, 97871, 100, 510.29
2026/10/09 02:47:20.660, 0, 24, 97871, 0, 78.42
2026/10/09 02:47:20.660, 1, 83659, 97871, 100, 516.80
2026/10/09 02:47:20.660, 2, 80003, 97871, 39, 458.80
2026/10/09 02:47:20.660, 3, 83098, 97871, 100, 502.70
2026/10/09 02:47:21.661, 0, 24, 97871, 0, 78.48
2026/10/09 02:47:21.661, 1, 83659, 97871, 100, 522.07
2026/10/09 02:47:21.661, 2, 80003, 97871, 100, 535.15
2026/10/09 02:47:21.661, 3, 83098, 97871, 100, 498.04
2026/10/09 02:47:22.661, 0, 24, 97871, 0, 78.62
2026/10/09 02:47:22.661, 1, 83659, 97871, 100, 520.30
2026/10/09 02:47:22.661, 2, 80003, 97871, 100, 529.23
2026/10/09 02:47:22.661, 3, 83098, 97871, 49, 494.30
2026/10/09 02:47:23.661, 0, 24, 97871, 0, 78.22
2026/10/09 02:47:23.661, 1, 83659, 97871, 100, 520.72
2026/10/09 02:47:23.661, 2, 80003, 97871, 100, 508.28
2026/10/09 02:47:23.661, 3, 83098, 97871, 100, 526.38
2026/10/09 02:47:24.661, 0, 24, 97871, 0, 78.30
2026/10/09 02:47:24.661, 1, 83659, 97871, 100, 521.60
2026/10/09 02:47:24.661, 2, 80003, 97871, 100, 504.55
2026/10/09 02:47:24.662, 3, 83098, 97871, 100, 524.38
2026/10/09 02:47:25.662, 0, 24, 97871, 0, 78.39
2026/10/09 02:47:25.662, 1, 83659, 97871, 100, 518.43
2026/10/09 02:47:25.665, 2, 80003, 97871, 100, 505.35
2026/10/09 02:47:25.665, 3, 83098, 97871, 100, 508.47
2026/10/09 02:47:26.666, 0, 24, 97871, 0, 78.51
2026/10/09 02:47:26.666, 1, 83659, 97871, 100, 523.10
2026/10/09 02:47:26.666, 2, 80003, 97871, 100, 499.77
2026/10/09 02:47:26.666, 3, 83098, 97871, 100, 505.91
2026/10/09 02:47:27.666, 0, 24, 97871, 0, 78.53
2026/10/09 02:47:27.666, 1, 83659, 97871, 100, 494.59
2026/10/09 02:47:27.666, 2, 80003, 97871, 100, 531.87
2026/10/09 02:47:27.666, 3, 83098, 97871, 100, 504.83
2026/10/09 02:47:28.666, 0, 24, 97871, 0, 78.52
2026/10/09 02:47:28.666, 1, 83659, 97871, 100, 534.73
2026/10/09 02:47:28.666, 2, 80003, 97871, 100, 525.10
2026/10/09 02:47:28.666, 3, 83098, 97871, 100, 507.38
2026/10/09 02:47:29.666, 0, 24, 97871, 0, 78.59
2026/10/09 02:47:29.666, 1, 83659, 97871, 100, 525.11
2026/10/09 02:47:29.667, 2, 80003, 97871, 100, 509.10
2026/10/09 02:47:29.667, 3, 83098, 97871, 100, 512.12
2026/10/09 02:47:30.667, 0, 24, 97871, 0, 78.54
2026/10/09 02:47:30.667, 1, 83659, 97871, 100, 523.42
2026/10/09 02:47:30.667, 2, 80003, 97871, 100, 506.19
2026/10/09 02:47:30.667, 3, 83098, 97871, 100, 506.91
2026/10/09 02:47:31.667, 0, 24, 97871, 0, 78.43
2026/10/09 02:47:31.667, 1, 83659, 97871, 100, 515.42
2026/10/09 02:47:31.667, 2, 80003, 97871, 100, 504.62
2026/10/09 02:47:31.667, 3, 83098, 97871, 100, 507.75
2026/10/09 02:47:32.667, 0, 24, 97871, 0, 78.57
2026/10/09 02:47:32.667, 1, 83659, 97871, 100, 531.34
2026/10/09 02:47:32.667, 2, 80003, 97871, 100, 510.65
2026/10/09 02:47:32.667, 3, 83098, 97871, 100, 507.52
2026/10/09 02:47:33.668, 0, 24, 97871, 0, 78.62
2026/10/09 02:47:33.668, 1, 83659, 97871, 100, 519.49
2026/10/09 02:47:33.668, 2, 80003, 97871, 100, 515.93
2026/10/09 02:47:33.668, 3, 83098, 97871, 100, 505.38
2026/10/09 02:47:34.668, 0, 24, 97871, 0, 78.66
2026/10/09 02:47:34.668, 1, 83659, 97871, 100, 526.20
2026/10/09 02:47:34.668, 2, 80003, 97871, 100, 510.04
2026/10/09 02:47:34.668, 3, 83098, 97871, 100, 506.43
2026/10/09 02:47:35.668, 0, 24, 97871, 0, 78.59
2026/10/09 02:47:35.668, 1, 83659, 97871, 99, 525.35
2026/10/09 02:47:35.686, 2, 80003, 97871, 100, 507.03
2026/10/09 02:47:35.686, 3, 83098, 97871, 100, 501.52
2026/10/09 02:47:36.686, 0, 24, 97871, 0, 78.44
2026/10/09 02:47:36.686, 1, 83659, 97871, 100, 518.25
2026/10/09 02:47:36.686, 2, 80003, 97871, 100, 509.69
2026/10/09 02:47:36.686, 3, 83098, 97871, 100, 502.75
2026/10/09 02:47:37.686, 0, 24, 97871, 0, 78.63
2026/10/09 02:47:37.686, 1, 83659, 97871, 100, 523.84
2026/10/09 02:47:37.686, 2, 80003, 97871, 100, 505.79
2026/10/09 02:47:37.686, 3, 83098, 97871, 100, 506.24
2026/10/09 02:47:38.687, 0, 24, 97871, 0, 78.58
2026/10/09 02:47:38.687, 1, 83659, 97871, 100, 523.46
2026/10/09 02:47:38.687, 2, 80003, 97871, 100, 509.43
2026/10/09 02:47:38.687, 3, 83098, 97871, 100, 505.95
2026/10/09 02:47:39.687, 0, 24, 97871, 0, 78.53
2026/10/09 02:47:39.687, 1, 83659, 97871, 100, 524.16
2026/10/09 02:47:39.687, 2, 80003, 97871, 100, 508.25
2026/10/09 02:47:39.687, 3, 83098, 97871, 100, 503.88
2026/10/09 02:47:40.687, 0, 24, 97871, 0, 78.50
2026/10/09 02:47:40.687, 1, 83659, 97871, 100, 522.54
2026/10/09 02:47:40.687, 2, 80003, 97871, 100, 514.69
2026/10/09 02:47:40.687, 3, 83098, 97871, 100, 507.97
2026/10/09 02:47:41.687, 0, 24, 97871, 0, 78.46
2026/10/09 02:47:41.688, 1, 83659, 97871, 100, 521.08
2026/10/09 02:47:41.688, 2, 80003, 97871, 100, 506.96
2026/10/09 02:47:41.688, 3, 83098, 97871, 100, 505.13
2026/10/09 02:47:42.688, 0, 24, 97871, 0, 78.45
2026/10/09 02:47:42.688, 1, 83659, 97871, 100, 519.21
2026/10/09 02:47:42.688, 2, 80003, 97871, 100, 509.61
2026/10/09 02:47:42.688, 3, 83098, 97871, 100, 498.22
2026/10/09 02:47:43.688, 0, 24, 97871, 0, 78.42
2026/10/09 02:47:43.688, 1, 83659, 97871, 100, 468.40
2026/10/09 02:47:43.688, 2, 80003, 97871, 100, 507.45
2026/10/09 02:47:43.688, 3, 83098, 97871, 100, 497.41
2026/10/09 02:47:44.688, 0, 24, 97871, 0, 78.46
2026/10/09 02:47:44.689, 1, 83659, 97871, 100, 540.12
2026/10/09 02:47:44.689, 2, 80003, 97871, 100, 502.74
2026/10/09 02:47:44.689, 3, 83098, 97871, 100, 450.24
2026/10/09 02:47:45.689, 0, 24, 97871, 0, 78.65
2026/10/09 02:47:45.689, 1, 83659, 97871, 100, 538.98
2026/10/09 02:47:45.695, 2, 80003, 97871, 100, 508.98
2026/10/09 02:47:45.695, 3, 83098, 97871, 100, 525.81
2026/10/09 02:47:46.695, 0, 22, 97871, 0, 78.50
2026/10/09 02:47:46.695, 1, 83658, 97871, 100, 521.92
2026/10/09 02:47:46.695, 2, 80002, 97871, 100, 422.50
2026/10/09 02:47:46.695, 3, 83097, 97871, 100, 524.12
2026/10/09 02:47:47.695, 0, 22, 97871, 0, 78.40
2026/10/09 02:47:47.696, 1, 83658, 97871, 100, 518.24
2026/10/09 02:47:47.696, 2, 80002, 97871, 100, 527.67
2026/10/09 02:47:47.696, 3, 83097, 97871, 100, 520.74
2026/10/09 02:47:48.696, 0, 22, 97871, 0, 78.53
2026/10/09 02:47:48.696, 1, 83658, 97871, 100, 518.35
2026/10/09 02:47:48.696, 2, 80002, 97871, 100, 531.20
2026/10/09 02:47:48.696, 3, 83097, 97871, 100, 523.01
2026/10/09 02:47:49.696, 0, 22, 97871, 0, 78.65
2026/10/09 02:47:49.696, 1, 83658, 97871, 100, 502.80
2026/10/09 02:47:49.696, 2, 81468, 97871, 100, 529.83
2026/10/09 02:47:49.696, 3, 83097, 97871, 100, 507.68
2026/10/09 02:47:50.696, 0, 22, 97871, 0, 78.48
2026/10/09 02:47:50.696, 1, 83658, 97871, 100, 535.94
2026/10/09 02:47:50.696, 2, 81468, 97871, 100, 523.85
2026/10/09 02:47:50.696, 3, 83097, 97871, 100, 503.76
2026/10/09 02:47:51.696, 0, 22, 97871, 0, 78.50
2026/10/09 02:47:51.697, 1, 83658, 97871, 100, 535.22
2026/10/09 02:47:51.697, 2, 81468, 97871, 100, 513.66
2026/10/09 02:47:51.697, 3, 83097, 97871, 100, 506.47
2026/10/09 02:47:52.697, 0, 22, 97871, 0, 78.65
2026/10/09 02:47:52.697, 1, 83658, 97871, 100, 528.09
2026/10/09 02:47:52.697, 2, 81470, 97871, 100, 507.89
2026/10/09 02:47:52.697, 3, 83097, 97871, 100, 501.94
2026/10/09 02:47:53.697, 0, 22, 97871, 0, 78.47
2026/10/09 02:47:53.697, 1, 83658, 97871, 100, 521.89
2026/10/09 02:47:53.697, 2, 81470, 97871, 95, 501.05
2026/10/09 02:47:53.697, 3, 83097, 97871, 100, 498.60
2026/10/09 02:47:54.697, 0, 22, 97871, 0, 78.67
2026/10/09 02:47:54.697, 1, 83658, 97871, 100, 523.37
2026/10/09 02:47:54.697, 2, 81470, 97871, 100, 499.58
2026/10/09 02:47:54.697, 3, 83097, 97871, 100, 482.52
2026/10/09 02:47:55.697, 0, 22, 97871, 0, 78.58
2026/10/09 02:47:55.698, 1, 83658, 97871, 100, 517.79
2026/10/09 02:47:55.702, 2, 81470, 97871, 100, 503.60
2026/10/09 02:47:55.702, 3, 83097, 97871, 100, 523.77
2026/10/09 02:47:56.702, 0, 22, 97871, 0, 78.49
2026/10/09 02:47:56.702, 1, 83658, 97871, 100, 525.41
2026/10/09 02:47:56.702, 2, 81470, 97871, 100, 472.55
2026/10/09 02:47:56.702, 3, 83097, 97871, 100, 527.96
2026/10/09 02:47:57.702, 0, 22, 97871, 0, 78.53
2026/10/09 02:47:57.703, 1, 83658, 97871, 100, 524.54
2026/10/09 02:47:57.703, 2, 81470, 97871, 100, 527.82
2026/10/09 02:47:57.703, 3, 83097, 97871, 100, 523.69
2026/10/09 02:47:58.703, 0, 22, 97871, 0, 78.63
2026/10/09 02:47:58.703, 1, 83658, 97871, 100, 522.11
2026/10/09 02:47:58.703, 2, 81470, 97871, 100, 527.05
2026/10/09 02:47:58.703, 3, 83097, 97871, 100, 527.00
2026/10/09 02:47:59.703, 0, 22, 97871, 0, 78.70
2026/10/09 02:47:59.703, 1, 83658, 97871, 100, 527.12
2026/10/09 02:47:59.703, 2, 81470, 97871, 100, 524.15
2026/10/09 02:47:59.703, 3, 83097, 97871, 100, 519.99
2026/10/09 02:48:00.703, 0, 22, 97871, 0, 78.54
2026/10/09 02:48:00.703, 1, 83658, 97871, 100, 526.19
2026/10/09 02:48:00.703, 2, 81470, 97871, 100, 524.48
2026/10/09 02:48:00.703, 3, 83097, 97871, 100, 509.11
2026/10/09 02:48:01.703, 0, 22, 97871, 0, 78.63
2026/10/09 02:48:01.704, 1, 83658, 97871, 100, 520.84
2026/10/09 02:48:01.704, 2, 81470, 97871, 100, 520.10
2026/10/09 02:48:01.704, 3, 83097, 97871, 100, 510.49
2026/10/09 02:48:02.704, 0, 22, 97871, 0, 78.61
2026/10/09 02:48:02.704, 1, 83658, 97871, 100, 524.17
2026/10/09 02:48:02.704, 2, 81470, 97871, 100, 510.57
2026/10/09 02:48:02.704, 3, 83097, 97871, 100, 509.52
2026/10/09 02:48:03.704, 0, 22, 97871, 0, 78.68
2026/10/09 02:48:03.704, 1, 83658, 97871, 100, 524.85
2026/10/09 02:48:03.704, 2, 81470, 97871, 100, 512.26
2026/10/09 02:48:03.704, 3, 83097, 97871, 100, 503.87
2026/10/09 02:48:04.704, 0, 22, 97871, 0, 78.70
2026/10/09 02:48:04.704, 1, 83658, 97871, 100, 522.91
2026/10/09 02:48:04.704, 2, 81470, 97871, 100, 509.71
2026/10/09 02:48:04.705, 3, 83097, 97871, 100, 504.15
2026/10/09 02:48:05.705, 0, 22, 97871, 0, 78.55
2026/10/09 02:48:05.705, 1, 83658, 97871, 100, 529.66
2026/10/09 02:48:05.709, 2, 81470, 97871, 100, 505.74
2026/10/09 02:48:05.709, 3, 83097, 97871, 100, 508.91
2026/10/09 02:48:06.709, 0, 22, 97871, 0, 78.71
2026/10/09 02:48:06.709, 1, 83658, 97871, 100, 525.87
2026/10/09 02:48:06.709, 2, 81470, 97871, 100, 510.98
2026/10/09 02:48:06.709, 3, 83097, 97871, 100, 510.57
2026/10/09 02:48:07.709, 0, 22, 97871, 0, 78.56
2026/10/09 02:48:07.710, 1, 83658, 97871, 100, 525.09
2026/10/09 02:48:07.710, 2, 81470, 97871, 100, 509.61
2026/10/09 02:48:07.710, 3, 83097, 97871, 100, 512.01
2026/10/09 02:48:08.710, 0, 22, 97871, 0, 78.54
2026/10/09 02:48:08.710, 1, 83658, 97871, 100, 522.50
2026/10/09 02:48:08.710, 2, 81470, 97871, 100, 519.46
2026/10/09 02:48:08.710, 3, 83097, 97871, 100, 515.78
2026/10/09 02:48:09.710, 0, 22, 97871, 0, 78.83
2026/10/09 02:48:09.710, 1, 83658, 97871, 100, 519.49
2026/10/09 02:48:09.710, 2, 81470, 97871, 100, 521.37
2026/10/09 02:48:09.710, 3, 83097, 97871, 100, 514.59
2026/10/09 02:48:10.710, 0, 22, 97871, 0, 78.72
2026/10/09 02:48:10.710, 1, 83658, 97871, 100, 517.30
2026/10/09 02:48:10.710, 2, 81470, 97871, 100, 521.69
2026/10/09 02:48:10.710, 3, 83097, 97871, 100, 512.20
2026/10/09 02:48:11.710, 0, 22, 97871, 0, 78.68
2026/10/09 02:48:11.711, 1, 83658, 97871, 100, 438.55
2026/10/09 02:48:11.711, 2, 81470, 97871, 100, 517.19
2026/10/09 02:48:11.711, 3, 83097, 97871, 100, 512.72
2026/10/09 02:48:12.711, 0, 22, 97871, 0, 78.56
2026/10/09 02:48:12.711, 1, 83658, 97871, 100, 535.71
2026/10/09 02:48:12.711, 2, 81470, 97871, 100, 516.89
2026/10/09 02:48:12.711, 3, 83097, 97871, 100, 509.99
2026/10/09 02:48:13.711, 0, 22, 97871, 0, 78.62
2026/10/09 02:48:13.711, 1, 83658, 97871, 100, 533.50
2026/10/09 02:48:13.711, 2, 81470, 97871, 100, 510.79
2026/10/09 02:48:13.711, 3, 83097, 97871, 100, 507.10
2026/10/09 02:48:14.711, 0, 22, 97871, 0, 78.50
2026/10/09 02:48:14.711, 1, 83658, 97871, 100, 530.65
2026/10/09 02:48:14.711, 2, 81470, 97871, 100, 514.03
2026/10/09 02:48:14.711, 3, 83097, 97871, 100, 511.56
2026/10/09 02:48:15.711, 0, 22, 97871, 0, 78.54
2026/10/09 02:48:15.711, 1, 83658, 97871, 100, 531.56
2026/10/09 02:48:15.717, 2, 81470, 97871, 100, 512.81
2026/10/09 02:48:15.717, 3, 83097, 97871, 100, 511.13
2026/10/09 02:48:16.717, 0, 22, 97871, 0, 78.54
2026/10/09 02:48:16.717, 1, 83658, 97871, 100, 527.21
2026/10/09 02:48:16.717, 2, 81470, 97871, 100, 514.00
2026/10/09 02:48:16.717, 3, 83097, 97871, 100, 511.86
2026/10/09 02:48:17.717, 0, 22, 97871, 0, 78.48
2026/10/09 02:48:17.717, 1, 83658, 97871, 100, 519.06
2026/10/09 02:48:17.717, 2, 81470, 97871, 100, 511.24
2026/10/09 02:48:17.718, 3, 83097, 97871, 100, 511.26
2026/10/09 02:48:18.718, 0, 22, 97871, 0, 78.61
2026/10/09 02:48:18.718, 1, 83658, 97871, 100, 520.30
2026/10/09 02:48:18.718, 2, 81470, 97871, 100, 514.27
2026/10/09 02:48:18.718, 3, 83097, 97871, 100, 512.99
2026/10/09 02:48:19.718, 0, 22, 97871, 0, 78.50
2026/10/09 02:48:19.718, 1, 83658, 97871, 100, 520.87
2026/10/09 02:48:19.718, 2, 81470, 97871, 100, 516.81
2026/10/09 02:48:19.718, 3, 83097, 97871, 100, 511.55
2026/10/09 02:48:20.718, 0, 22, 97871, 0, 78.47
2026/10/09 02:48:20.718, 1, 83658, 97871, 97, 520.45
2026/10/09 02:48:20.718, 2, 81470, 97871, 100, 515.06
2026/10/09 02:48:20.718, 3, 83097, 97871, 100, 514.86
2026/10/09 02:48:21.718, 0, 22, 97871, 0, 78.55
2026/10/09 02:48:21.718, 1, 83658, 97871, 99, 519.74
2026/10/09 02:48:21.718, 2, 81470, 97871, 100, 512.01
2026/10/09 02:48:21.718, 3, 83097, 97871, 100, 511.58
2026/10/09 02:48:22.718, 0, 22, 97871, 0, 78.61
2026/10/09 02:48:22.719, 1, 83658, 97871, 100, 491.38
2026/10/09 02:48:22.719, 2, 81470, 97871, 100, 515.96
2026/10/09 02:48:22.719, 3, 83097, 97871, 100, 509.13
2026/10/09 02:48:23.719, 0, 22, 97871, 0, 78.53
2026/10/09 02:48:23.719, 1, 83658, 97871, 100, 537.91
2026/10/09 02:48:23.719, 2, 81470, 97871, 100, 515.10
2026/10/09 02:48:23.719, 3, 83097, 97871, 100, 513.16
2026/10/09 02:48:24.719, 0, 22, 97871, 0, 78.52
2026/10/09 02:48:24.719, 1, 83658, 97871, 100, 533.77
2026/10/09 02:48:24.719, 2, 81470, 97871, 100, 514.00
2026/10/09 02:48:24.719, 3, 83097, 97871, 100, 510.33
2026/10/09 02:48:25.719, 0, 22, 97871, 0, 78.37
2026/10/09 02:48:25.719, 1, 83658, 97871, 100, 528.16
2026/10/09 02:48:25.724, 2, 81470, 97871, 100, 512.40
2026/10/09 02:48:25.724, 3, 83097, 97871, 100, 508.13
2026/10/09 02:48:26.724, 0, 22, 97871, 0, 78.60
2026/10/09 02:48:26.724, 1, 83658, 97871, 100, 531.85
2026/10/09 02:48:26.724, 2, 81470, 97871, 100, 512.45
2026/10/09 02:48:26.724, 3, 83097, 97871, 100, 511.70
2026/10/09 02:48:27.724, 0, 22, 97871, 0, 78.48
2026/10/09 02:48:27.725, 1, 83658, 97871, 100, 526.00
2026/10/09 02:48:27.725, 2, 81470, 97871, 100, 516.36
2026/10/09 02:48:27.725, 3, 83097, 97871, 100, 511.06
2026/10/09 02:48:28.725, 0, 22, 97871, 0, 78.50
2026/10/09 02:48:28.725, 1, 83658, 97871, 100, 526.84
2026/10/09 02:48:28.725, 2, 81470, 97871, 100, 514.13
2026/10/09 02:48:28.725, 3, 83097, 97871, 100, 511.89
2026/10/09 02:48:29.725, 0, 22, 97871, 0, 78.57
2026/10/09 02:48:29.725, 1, 83658, 97871, 100, 525.71
2026/10/09 02:48:29.725, 2, 81470, 97871, 100, 516.13
2026/10/09 02:48:29.725, 3, 83097, 97871, 100, 511.70
2026/10/09 02:48:30.725, 0, 22, 97871, 0, 78.51
2026/10/09 02:48:30.725, 1, 83658, 97871, 100, 524.62
2026/10/09 02:48:30.725, 2, 81470, 97871, 100, 505.10
2026/10/09 02:48:30.725, 3, 83097, 97871, 100, 510.25
2026/10/09 02:48:31.725, 0, 22, 97871, 0, 78.67
2026/10/09 02:48:31.725, 1, 83658, 97871, 100, 524.87
2026/10/09 02:48:31.725, 2, 81470, 97871, 100, 504.44
2026/10/09 02:48:31.725, 3, 83097, 97871, 100, 505.86
2026/10/09 02:48:32.726, 0, 22, 97871, 0, 78.56
2026/10/09 02:48:32.726, 1, 83658, 97871, 100, 526.59
2026/10/09 02:48:32.726, 2, 81470, 97871, 100, 503.66
2026/10/09 02:48:32.726, 3, 83097, 97871, 100, 503.94
2026/10/09 02:48:33.726, 0, 22, 97871, 0, 78.57
2026/10/09 02:48:33.726, 1, 83658, 97871, 100, 527.06
2026/10/09 02:48:33.726, 2, 81470, 97871, 100, 503.97
2026/10/09 02:48:33.726, 3, 83097, 97871, 100, 503.43
2026/10/09 02:48:34.726, 0, 22, 97871, 0, 78.57
2026/10/09 02:48:34.726, 1, 83658, 97871, 100, 527.20
2026/10/09 02:48:34.726, 2, 20, 97871, 0, 190.28
2026/10/09 02:48:34.726, 3, 83097, 97871, 40, 467.85
2026/10/09 02:48:35.726, 0, 22, 97871, 0, 78.64
2026/10/09 02:48:35.726, 1, 83658, 97871, 100, 534.05
2026/10/09 02:48:35.734, 2, 20, 97871, 0, 148.29
2026/10/09 02:48:35.734, 3, 13, 97871, 0, 136.05
2026/10/09 02:48:36.734, 0, 22, 97871, 0, 78.59
2026/10/09 02:48:36.734, 1, 83658, 97871, 100, 532.27
2026/10/09 02:48:36.734, 2, 20, 97871, 0, 101.97
2026/10/09 02:48:36.734, 3, 13, 97871, 0, 122.46
2026/10/09 02:48:37.734, 0, 22, 97871, 0, 78.64
2026/10/09 02:48:37.734, 1, 83658, 97871, 100, 536.31
2026/10/09 02:48:37.735, 2, 20, 97871, 0, 95.92
2026/10/09 02:48:37.735, 3, 13, 97871, 0, 83.92
2026/10/09 02:48:38.735, 0, 22, 97871, 0, 78.72
2026/10/09 02:48:38.735, 1, 83658, 97871, 100, 534.05
2026/10/09 02:48:38.735, 2, 20, 97871, 0, 96.08
2026/10/09 02:48:38.735, 3, 13, 97871, 0, 84.04
2026/10/09 02:48:39.735, 0, 22, 97871, 0, 78.58
2026/10/09 02:48:39.735, 1, 83658, 97871, 100, 531.61
2026/10/09 02:48:39.735, 2, 20, 97871, 0, 96.26
2026/10/09 02:48:39.735, 3, 13, 97871, 0, 83.90
2026/10/09 02:48:40.735, 0, 22, 97871, 0, 78.61
2026/10/09 02:48:40.735, 1, 83658, 97871, 100, 532.25
2026/10/09 02:48:40.735, 2, 20, 97871, 0, 96.12
2026/10/09 02:48:40.735, 3, 13, 97871, 0, 83.86
2026/10/09 02:48:41.735, 0, 22, 97871, 0, 78.46
2026/10/09 02:48:41.735, 1, 83658, 97871, 100, 532.47
2026/10/09 02:48:41.735, 2, 20, 97871, 0, 95.83
2026/10/09 02:48:41.735, 3, 13, 97871, 0, 83.67
2026/10/09 02:48:42.736, 0, 22, 97871, 0, 78.67
2026/10/09 02:48:42.736, 1, 83658, 97871, 100, 528.54
2026/10/09 02:48:42.736, 2, 20, 97871, 0, 95.78
2026/10/09 02:48:42.736, 3, 13, 97871, 0, 83.43
2026/10/09 02:48:43.736, 0, 22, 97871, 0, 78.62
2026/10/09 02:48:43.736, 1, 83658, 97871, 100, 526.42
2026/10/09 02:48:43.736, 2, 20, 97871, 0, 95.69
2026/10/09 02:48:43.736, 3, 13, 97871, 0, 83.35
2026/10/09 02:48:44.736, 0, 22, 97871, 0, 78.72
2026/10/09 02:48:44.736, 1, 83658, 97871, 100, 527.96
2026/10/09 02:48:44.736, 2, 20, 97871, 0, 95.62
2026/10/09 02:48:44.736, 3, 13, 97871, 0, 83.40
2026/10/09 02:48:45.736, 0, 22, 97871, 0, 78.64
2026/10/09 02:48:45.736, 1, 83658, 97871, 100, 529.36
2026/10/09 02:48:45.741, 2, 20, 97871, 0, 95.52
2026/10/09 02:48:45.741, 3, 13, 97871, 0, 83.45
2026/10/09 02:48:46.741, 0, 22, 97871, 0, 78.49
2026/10/09 02:48:46.741, 1, 83658, 97871, 100, 531.43
2026/10/09 02:48:46.741, 2, 20, 97871, 0, 95.38
2026/10/09 02:48:46.741, 3, 13, 97871, 0, 83.35
2026/10/09 02:48:47.741, 0, 22, 97871, 0, 78.75
2026/10/09 02:48:47.741, 1, 83658, 97871, 100, 533.12
2026/10/09 02:48:47.741, 2, 20, 97871, 0, 95.42
2026/10/09 02:48:47.741, 3, 13, 97871, 0, 83.45
2026/10/09 02:48:48.741, 0, 22, 97871, 0, 78.67
2026/10/09 02:48:48.741, 1, 83658, 97871, 100, 531.58
2026/10/09 02:48:48.741, 2, 20, 97871, 0, 95.37
2026/10/09 02:48:48.741, 3, 13, 97871, 0, 83.35
2026/10/09 02:48:49.742, 0, 22, 97871, 0, 78.85
2026/10/09 02:48:49.742, 1, 83658, 97871, 100, 527.77
2026/10/09 02:48:49.742, 2, 20, 97871, 0, 95.27
2026/10/09 02:48:49.742, 3, 13, 97871, 0, 83.33
2026/10/09 02:48:50.742, 0, 22, 97871, 0, 78.56
2026/10/09 02:48:50.742, 1, 83658, 97871, 100, 533.26
2026/10/09 02:48:50.742, 2, 20, 97871, 0, 95.40
2026/10/09 02:48:50.742, 3, 13, 97871, 0, 83.35
2026/10/09 02:48:51.742, 0, 22, 97871, 0, 78.71
2026/10/09 02:48:51.742, 1, 83658, 97871, 100, 528.75
2026/10/09 02:48:51.742, 2, 20, 97871, 0, 95.13
2026/10/09 02:48:51.742, 3, 13, 97871, 0, 83.18
2026/10/09 02:48:52.742, 0, 22, 97871, 0, 78.75
2026/10/09 02:48:52.742, 1, 83658, 97871, 100, 528.69
2026/10/09 02:48:52.742, 2, 20, 97871, 0, 95.48
2026/10/09 02:48:52.742, 3, 13, 97871, 0, 83.15
2026/10/09 02:48:53.742, 0, 22, 97871, 0, 78.72
2026/10/09 02:48:53.742, 1, 83658, 97871, 100, 529.48
2026/10/09 02:48:53.742, 2, 20, 97871, 0, 95.31
2026/10/09 02:48:53.742, 3, 13, 97871, 0, 83.25
2026/10/09 02:48:54.743, 0, 22, 97871, 0, 78.50
2026/10/09 02:48:54.743, 1, 83658, 97871, 100, 527.23
2026/10/09 02:48:54.743, 2, 20, 97871, 0, 95.32
2026/10/09 02:48:54.743, 3, 13, 97871, 0, 83.11
2026/10/09 02:48:55.743, 0, 22, 97871, 0, 78.48
2026/10/09 02:48:55.743, 1, 83658, 97871, 100, 529.59
2026/10/09 02:48:55.748, 2, 20, 97871, 0, 95.28
2026/10/09 02:48:55.748, 3, 13, 97871, 0, 83.18
2026/10/09 02:48:56.748, 0, 22, 97871, 0, 78.39
2026/10/09 02:48:56.748, 1, 83658, 97871, 100, 529.97
2026/10/09 02:48:56.748, 2, 20, 97871, 0, 94.96
2026/10/09 02:48:56.748, 3, 13, 97871, 0, 83.34
2026/10/09 02:48:57.748, 0, 22, 97871, 0, 78.51
2026/10/09 02:48:57.748, 1, 83658, 97871, 100, 530.65
2026/10/09 02:48:57.748, 2, 20, 97871, 0, 95.35
2026/10/09 02:48:57.748, 3, 13, 97871, 0, 83.36
2026/10/09 02:48:58.748, 0, 22, 97871, 0, 78.42
2026/10/09 02:48:58.748, 1, 83658, 97871, 100, 530.49
2026/10/09 02:48:58.748, 2, 20, 97871, 0, 95.12
2026/10/09 02:48:58.748, 3, 13, 97871, 0, 83.30
2026/10/09 02:48:59.748, 0, 22, 97871, 0, 78.73
2026/10/09 02:48:59.748, 1, 83658, 97871, 100, 526.46
2026/10/09 02:48:59.748, 2, 20, 97871, 0, 95.34
2026/10/09 02:48:59.749, 3, 13, 97871, 0, 83.27
2026/10/09 02:49:00.749, 0, 22, 97871, 0, 78.54
2026/10/09 02:49:00.749, 1, 83658, 97871, 77, 498.53
2026/10/09 02:49:00.749, 2, 20, 97871, 0, 95.23
2026/10/09 02:49:00.749, 3, 13, 97871, 0, 83.07
2026/10/09 02:49:01.749, 0, 22, 97871, 0, 78.62
2026/10/09 02:49:01.749, 1, 83658, 97871, 100, 497.57
2026/10/09 02:49:01.749, 2, 20, 97871, 0, 94.94
2026/10/09 02:49:01.749, 3, 13, 97871, 0, 83.08
2026/10/09 02:49:02.749, 0, 22, 97871, 0, 78.57
2026/10/09 02:49:02.749, 1, 83658, 97871, 87, 512.25
2026/10/09 02:49:02.749, 2, 20, 97871, 0, 95.09
2026/10/09 02:49:02.749, 3, 13, 97871, 0, 83.00
2026/10/09 02:49:03.749, 0, 22, 97871, 0, 78.49
2026/10/09 02:49:03.826, 1, 16, 97871, 0, 357.84
2026/10/09 02:49:03.826, 2, 20, 97871, 0, 94.91
2026/10/09 02:49:03.826, 3, 13, 97871, 0, 83.14
2026/10/09 02:49:04.826, 0, 22, 97871, 0, 78.82
2026/10/09 02:49:04.826, 1, 16, 97871, 0, 159.32
2026/10/09 02:49:04.826, 2, 20, 97871, 0, 95.17
2026/10/09 02:49:04.826, 3, 13, 97871, 0, 83.03
2026/10/09 02:49:05.826, 0, 22, 97871, 0, 78.48
2026/10/09 02:49:05.826, 1, 16, 97871, 0, 121.97
2026/10/09 02:49:05.826, 2, 20, 97871, 0, 94.87
2026/10/09 02:49:05.826, 3, 13, 97871, 0, 83.22
