2026/10/09 03:36:36.267, 0, 9, 97871, 0, 82.54
2026/10/09 03:36:36.271, 1, 7, 97871, 0, 97.78
2026/10/09 03:36:36.275, 2, 7, 97871, 0, 84.86
2026/10/09 03:36:36.278, 3, 5, 97871, 0, 93.41
2026/10/09 03:36:37.282, 0, 9, 97871, 0, 82.27
2026/10/09 03:36:37.282, 1, 7, 97871, 0, 97.46
2026/10/09 03:36:37.282, 2, 7, 97871, 0, 84.39
2026/10/09 03:36:37.282, 3, 5, 97871, 0, 93.17
2026/10/09 03:36:38.282, 0, 9, 97871, 0, 82.14
2026/10/09 03:36:38.282, 1, 7, 97871, 0, 97.35
2026/10/09 03:36:38.282, 2, 7, 97871, 0, 84.49
2026/10/09 03:36:38.282, 3, 5, 97871, 0, 93.12
2026/10/09 03:36:39.282, 0, 9, 97871, 0, 82.18
2026/10/09 03:36:39.282, 1, 7, 97871, 0, 97.35
2026/10/09 03:36:39.282, 2, 7, 97871, 0, 84.71
2026/10/09 03:36:39.282, 3, 5, 97871, 0, 93.14
2026/10/09 03:36:40.282, 0, 9, 97871, 0, 82.19
2026/10/09 03:36:40.283, 1, 7, 97871, 0, 97.32
2026/10/09 03:36:40.283, 2, 7, 97871, 0, 84.60
2026/10/09 03:36:40.283, 3, 5, 97871, 0, 93.22
2026/10/09 03:36:41.283, 0, 9, 97871, 0, 82.15
2026/10/09 03:36:41.283, 1, 7, 97871, 0, 97.38
2026/10/09 03:36:41.283, 2, 7, 97871, 0, 84.54
2026/10/09 03:36:41.283, 3, 5, 97871, 0, 93.15
2026/10/09 03:36:42.283, 0, 9, 97871, 0, 82.24
2026/10/09 03:36:42.283, 1, 7, 97871, 0, 97.42
2026/10/09 03:36:42.283, 2, 7, 97871, 0, 84.44
2026/10/09 03:36:42.283, 3, 5, 97871, 0, 93.13
2026/10/09 03:36:43.283, 0, 9, 97871, 0, 82.31
2026/10/09 03:36:43.283, 1, 7, 97871, 0, 97.50
2026/10/09 03:36:43.283, 2, 7, 97871, 0, 84.77
2026/10/09 03:36:43.283, 3, 5, 97871, 0, 93.23
2026/10/09 03:36:44.284, 0, 9, 97871, 0, 82.40
2026/10/09 03:36:44.284, 1, 7, 97871, 0, 97.39
2026/10/09 03:36:44.284, 2, 7, 97871, 0, 84.86
2026/10/09 03:36:44.284, 3, 5, 97871, 0, 93.22
2026/10/09 03:36:45.284, 0, 9, 97871, 0, 82.41
2026/10/09 03:36:45.284, 1, 7, 97871, 0, 97.46
2026/10/09 03:36:45.284, 2, 7, 97871, 0, 84.67
2026/10/09 03:36:45.284, 3, 5, 97871, 0, 93.05
2026/10/09 03:36:46.284, 0, 9, 97871, 0, 82.46
2026/10/09 03:36:46.284, 1, 7, 97871, 0, 97.29
2026/10/09 03:36:46.284, 2, 7, 97871, 0, 84.46
2026/10/09 03:36:46.284, 3, 5, 97871, 0, 93.16
2026/10/09 03:36:47.284, 0, 9, 97871, 0, 82.43
2026/10/09 03:36:47.285, 1, 7, 97871, 0, 97.37
2026/10/09 03:36:47.285, 2, 7, 97871, 0, 84.54
2026/10/09 03:36:47.285, 3, 5, 97871, 0, 93.19
2026/10/09 03:36:48.285, 0, 9, 97871, 0, 82.43
2026/10/09 03:36:48.285, 1, 7, 97871, 0, 97.40
2026/10/09 03:36:48.285, 2, 7, 97871, 0, 84.68
2026/10/09 03:36:48.285, 3, 5, 97871, 0, 93.14
2026/10/09 03:36:49.285, 0, 9, 97871, 0, 82.44
2026/10/09 03:36:49.285, 1, 7, 97871, 0, 97.80
2026/10/09 03:36:49.285, 2, 7, 97871, 0, 84.90
2026/10/09 03:36:49.285, 3, 5, 97871, 0, 93.30
2026/10/09 03:36:50.285, 0, 9, 97871, 0, 82.54
2026/10/09 03:36:50.286, 1, 7, 97871, 0, 98.15
2026/10/09 03:36:50.286, 2, 7, 97871, 0, 84.69
2026/10/09 03:36:50.286, 3, 5, 97871, 0, 93.10
2026/10/09 03:36:51.286, 0, 9, 97871, 0, 82.44
2026/10/09 03:36:51.286, 1, 7, 97871, 0, 97.65
2026/10/09 03:36:51.286, 2, 7, 97871, 0, 84.65
2026/10/09 03:36:51.286, 3, 5, 97871, 0, 93.05
2026/10/09 03:36:52.286, 0, 9, 97871, 0, 82.47
2026/10/09 03:36:52.317, 1, 7, 97871, 0, 97.49
2026/10/09 03:36:52.409, 2, 7, 97871, 0, 84.69
2026/10/09 03:36:52.529, 3, 5, 97871, 0, 93.28
2026/10/09 03:36:53.530, 0, 9, 97871, 0, 82.33
2026/10/09 03:36:53.580, 1, 7, 97871, 0, 97.56
2026/10/09 03:36:53.627, 2, 7, 97871, 0, 84.55
2026/10/09 03:36:53.672, 3, 5, 97871, 0, 93.22
2026/10/09 03:36:54.719, 0, 9, 97871, 0, 82.23
2026/10/09 03:36:54.719, 1, 7, 97871, 0, 97.51
2026/10/09 03:36:54.719, 2, 7, 97871, 0, 84.75
2026/10/09 03:36:54.719, 3, 5, 97871, 0, 93.33
2026/10/09 03:36:55.719, 0, 9, 97871, 0, 82.38
2026/10/09 03:36:55.719, 1, 7, 97871, 0, 97.86
2026/10/09 03:36:55.719, 2, 7, 97871, 0, 85.28
2026/10/09 03:36:55.719, 3, 5, 97871, 0, 93.26
2026/10/09 03:36:56.720, 0, 9, 97871, 0, 82.35
2026/10/09 03:36:56.720, 1, 7, 97871, 0, 97.73
2026/10/09 03:36:56.720, 2, 7, 97871, 0, 85.11
2026/10/09 03:36:56.720, 3, 5, 97871, 0, 93.26
2026/10/09 03:36:57.720, 0, 9, 97871, 0, 82.34
2026/10/09 03:36:57.720, 1, 7, 97871, 0, 97.88
2026/10/09 03:36:57.720, 2, 7, 97871, 0, 85.27
2026/10/09 03:36:57.720, 3, 5, 97871, 0, 93.19
2026/10/09 03:36:58.720, 0, 9, 97871, 0, 82.50
2026/10/09 03:36:58.767, 1, 7, 97871, 0, 97.71
2026/10/09 03:36:58.948, 2, 7, 97871, 0, 85.05
2026/10/09 03:36:59.111, 3, 5, 97871, 0, 93.28
2026/10/09 03:37:00.133, 0, 9, 97871, 0, 82.32
2026/10/09 03:37:00.133, 1, 7, 97871, 0, 97.75
2026/10/09 03:37:00.133, 2, 7, 97871, 0, 85.35
2026/10/09 03:37:00.133, 3, 5, 97871, 0, 93.18
2026/10/09 03:37:01.133, 0, 9, 97871, 0, 82.52
2026/10/09 03:37:01.133, 1, 7, 97871, 0, 97.73
2026/10/09 03:37:01.134, 2, 7, 97871, 0, 85.06
2026/10/09 03:37:01.134, 3, 5, 97871, 0, 93.21
2026/10/09 03:37:02.134, 0, 9, 97871, 0, 82.49
2026/10/09 03:37:02.134, 1, 7, 97871, 0, 97.62
2026/10/09 03:37:02.134, 2, 7, 97871, 0, 85.08
2026/10/09 03:37:02.134, 3, 5, 97871, 0, 93.15
2026/10/09 03:37:03.134, 0, 9, 97871, 0, 82.56
2026/10/09 03:37:03.134, 1, 7, 97871, 0, 97.66
2026/10/09 03:37:03.134, 2, 7, 97871, 0, 85.18
2026/10/09 03:37:03.134, 3, 5, 97871, 0, 93.04
2026/10/09 03:37:04.134, 0, 9, 97871, 0, 82.47
2026/10/09 03:37:04.134, 1, 7, 97871, 0, 97.70
2026/10/09 03:37:04.135, 2, 7, 97871, 0, 85.03
2026/10/09 03:37:04.135, 3, 5, 97871, 0, 93.00
2026/10/09 03:37:05.135, 0, 9, 97871, 0, 82.35
2026/10/09 03:37:05.135, 1, 7, 97871, 0, 97.75
2026/10/09 03:37:05.135, 2, 7, 97871, 0, 84.93
2026/10/09 03:37:05.135, 3, 5, 97871, 0, 93.07
2026/10/09 03:37:06.135, 0, 9, 97871, 0, 82.35
2026/10/09 03:37:06.135, 1, 7, 97871, 0, 97.75
2026/10/09 03:37:06.135, 2, 7, 97871, 0, 84.77
2026/10/09 03:37:06.135, 3, 5, 97871, 0, 93.04
2026/10/09 03:37:07.135, 0, 9, 97871, 0, 82.36
2026/10/09 03:37:07.135, 1, 7, 97871, 0, 97.78
2026/10/09 03:37:07.135, 2, 7, 97871, 0, 84.94
2026/10/09 03:37:07.135, 3, 5, 97871, 0, 93.11
2026/10/09 03:37:08.135, 0, 9, 97871, 0, 82.39
2026/10/09 03:37:08.135, 1, 7, 97871, 0, 97.75
2026/10/09 03:37:08.135, 2, 7, 97871, 0, 84.96
2026/10/09 03:37:08.135, 3, 5, 97871, 0, 93.27
2026/10/09 03:37:09.136, 0, 9, 97871, 0, 82.52
2026/10/09 03:37:09.136, 1, 7, 97871, 0, 97.69
2026/10/09 03:37:09.136, 2, 7, 97871, 0, 84.75
2026/10/09 03:37:09.136, 3, 5, 97871, 0, 93.41
2026/10/09 03:37:10.136, 0, 9, 97871, 0, 82.48
2026/10/09 03:37:10.136, 1, 7, 97871, 0, 97.73
2026/10/09 03:37:10.136, 2, 7, 97871, 0, 84.95
2026/10/09 03:37:10.136, 3, 5, 97871, 0, 93.21
2026/10/09 03:37:11.136, 0, 9, 97871, 0, 82.46
2026/10/09 03:37:11.136, 1, 7, 97871, 0, 97.59
2026/10/09 03:37:11.136, 2, 7, 97871, 0, 85.03
2026/10/09 03:37:11.136, 3, 5, 97871, 0, 93.08
2026/10/09 03:37:12.137, 0, 9, 97871, 0, 82.60
2026/10/09 03:37:12.137, 1, 7, 97871, 0, 97.76
2026/10/09 03:37:12.137, 2, 7, 97871, 0, 85.29
2026/10/09 03:37:12.137, 3, 5, 97871, 0, 93.15
2026/10/09 03:37:13.137, 0, 9, 97871, 0, 82.87
2026/10/09 03:37:13.137, 1, 7, 97871, 0, 97.66
2026/10/09 03:37:13.137, 2, 7, 97871, 0, 85.24
2026/10/09 03:37:13.137, 3, 5, 97871, 0, 93.43
2026/10/09 03:37:14.137, 0, 9, 97871, 0, 82.53
2026/10/09 03:37:14.138, 1, 7, 97871, 0, 97.32
2026/10/09 03:37:14.138, 2, 7, 97871, 0, 85.08
2026/10/09 03:37:14.138, 3, 5, 97871, 0, 93.00
2026/10/09 03:37:15.138, 0, 9, 97871, 0, 82.84
2026/10/09 03:37:15.138, 1, 7, 97871, 0, 97.34
2026/10/09 03:37:15.138, 2, 7, 97871, 0, 84.90
2026/10/09 03:37:15.138, 3, 5, 97871, 0, 92.87
2026/10/09 03:37:16.138, 0, 9, 97871, 0, 82.85
2026/10/09 03:37:16.139, 1, 7, 97871, 0, 97.73
2026/10/09 03:37:16.139, 2, 7, 97871, 0, 85.42
2026/10/09 03:37:16.139, 3, 5, 97871, 0, 93.18
2026/10/09 03:37:17.139, 0, 9, 97871, 0, 82.71
2026/10/09 03:37:17.139, 1, 7, 97871, 0, 97.71
2026/10/09 03:37:17.139, 2, 7, 97871, 0, 85.46
2026/10/09 03:37:17.139, 3, 5, 97871, 0, 93.30
2026/10/09 03:37:18.139, 0, 9, 97871, 0, 82.78
2026/10/09 03:37:18.140, 1, 7, 97871, 0, 98.18
2026/10/09 03:37:18.140, 2, 7, 97871, 0, 85.06
2026/10/09 03:37:18.140, 3, 5, 97871, 0, 93.58
2026/10/09 03:37:19.140, 0, 9, 97871, 0, 82.54
2026/10/09 03:37:19.140, 1, 7, 97871, 0, 97.90
2026/10/09 03:37:19.140, 2, 7, 97871, 0, 84.81
2026/10/09 03:37:19.140, 3, 5, 97871, 0, 93.11
2026/10/09 03:37:20.140, 0, 9, 97871, 0, 82.63
2026/10/09 03:37:20.140, 1, 7, 97871, 0, 97.92
2026/10/09 03:37:20.140, 2, 7, 97871, 0, 85.22
2026/10/09 03:37:20.140, 3, 5, 97871, 0, 93.29
2026/10/09 03:37:21.140, 0, 9, 97871, 0, 82.69
2026/10/09 03:37:21.141, 1, 7, 97871, 0, 97.70
2026/10/09 03:37:21.141, 2, 7, 97871, 0, 85.54
2026/10/09 03:37:21.141, 3, 5, 97871, 0, 93.72
2026/10/09 03:37:22.141, 0, 9, 97871, 0, 82.50
2026/10/09 03:37:22.172, 1, 7, 97871, 0, 97.33
2026/10/09 03:37:22.266, 2, 7, 97871, 0, 85.10
2026/10/09 03:37:22.427, 3, 5, 97871, 0, 93.16
2026/10/09 03:37:23.450, 0, 9, 97871, 0, 82.41
2026/10/09 03:37:23.478, 1, 7, 97871, 0, 97.43
2026/10/09 03:37:23.523, 2, 7, 97871, 0, 84.65
2026/10/09 03:37:23.620, 3, 5, 97871, 0, 93.12
2026/10/09 03:37:24.667, 0, 9, 97871, 0, 82.29
2026/10/09 03:37:24.667, 1, 7, 97871, 0, 97.48
2026/10/09 03:37:24.667, 2, 7, 97871, 0, 84.76
2026/10/09 03:37:24.667, 3, 5, 97871, 0, 93.38
2026/10/09 03:37:25.667, 0, 9, 97871, 0, 82.48
2026/10/09 03:37:25.749, 1, 7, 97871, 0, 97.31
2026/10/09 03:37:25.751, 2, 7, 97871, 0, 85.03
2026/10/09 03:37:25.752, 3, 5, 97871, 0, 93.34
2026/10/09 03:37:26.754, 0, 9, 97871, 0, 82.54
2026/10/09 03:37:26.754, 1, 7, 97871, 0, 97.34
2026/10/09 03:37:26.754, 2, 7, 97871, 0, 85.31
2026/10/09 03:37:26.754, 3, 5, 97871, 0, 93.08
2026/10/09 03:37:27.754, 0, 9, 97871, 0, 82.49
2026/10/09 03:37:27.754, 1, 7, 97871, 0, 97.36
2026/10/09 03:37:27.754, 2, 7, 97871, 0, 85.44
2026/10/09 03:37:27.754, 3, 5, 97871, 0, 93.28
2026/10/09 03:37:28.754, 0, 9, 97871, 0, 82.51
2026/10/09 03:37:28.754, 1, 7, 97871, 0, 97.32
2026/10/09 03:37:28.754, 2, 7, 97871, 0, 85.28
2026/10/09 03:37:28.754, 3, 5, 97871, 0, 93.20
2026/10/09 03:37:29.755, 0, 9, 97871, 0, 82.71
2026/10/09 03:37:29.755, 1, 7, 97871, 0, 97.54
2026/10/09 03:37:29.755, 2, 7, 97871, 0, 85.60
2026/10/09 03:37:29.755, 3, 5, 97871, 0, 93.12
2026/10/09 03:37:30.755, 0, 9, 97871, 0, 82.63
2026/10/09 03:37:30.755, 1, 7, 97871, 0, 97.54
2026/10/09 03:37:30.755, 2, 7, 97871, 0, 85.39
2026/10/09 03:37:30.755, 3, 5, 97871, 0, 93.16
2026/10/09 03:37:31.755, 0, 9, 97871, 0, 82.49
2026/10/09 03:37:31.755, 1, 7, 97871, 0, 97.59
2026/10/09 03:37:31.755, 2, 7, 97871, 0, 85.12
2026/10/09 03:37:31.755, 3, 5, 97871, 0, 93.23
2026/10/09 03:37:32.756, 0, 9, 97871, 0, 82.93
2026/10/09 03:37:32.756, 1, 7, 97871, 0, 98.00
2026/10/09 03:37:32.756, 2, 7, 97871, 0, 85.99
2026/10/09 03:37:32.756, 3, 5, 97871, 0, 93.66
2026/10/09 03:37:33.756, 0, 9, 97871, 0, 82.88
2026/10/09 03:37:33.756, 1, 7, 97871, 0, 98.08
2026/10/09 03:37:33.756, 2, 7, 97871, 0, 85.69
2026/10/09 03:37:33.756, 3, 5, 97871, 0, 93.23
2026/10/09 03:37:34.756, 0, 9, 97871, 0, 82.86
2026/10/09 03:37:34.756, 1, 7, 97871, 0, 97.65
2026/10/09 03:37:34.756, 2, 7, 97871, 0, 85.72
2026/10/09 03:37:34.756, 3, 5, 97871, 0, 93.31
2026/10/09 03:37:35.757, 0, 9, 97871, 0, 82.51
2026/10/09 03:37:35.816, 1, 7, 97871, 0, 97.51
2026/10/09 03:37:35.862, 2, 7, 97871, 0, 84.89
2026/10/09 03:37:35.977, 3, 5, 97871, 0, 93.25
2026/10/09 03:37:37.162, 0, 9, 97871, 0, 82.40
2026/10/09 03:37:37.208, 1, 7, 97871, 0, 97.47
2026/10/09 03:37:37.254, 2, 7, 97871, 0, 84.78
2026/10/09 03:37:37.302, 3, 5, 97871, 0, 93.16
2026/10/09 03:37:38.346, 0, 9, 97871, 0, 82.70
2026/10/09 03:37:38.346, 1, 7, 97871, 0, 97.48
2026/10/09 03:37:38.347, 2, 7, 97871, 0, 85.32
2026/10/09 03:37:38.347, 3, 5, 97871, 0, 93.26
2026/10/09 03:37:39.347, 0, 9, 97871, 0, 82.55
2026/10/09 03:37:39.347, 1, 7, 97871, 0, 97.36
2026/10/09 03:37:39.347, 2, 7, 97871, 0, 85.12
2026/10/09 03:37:39.347, 3, 5, 97871, 0, 93.18
2026/10/09 03:37:40.347, 0, 9, 97871, 0, 82.59
2026/10/09 03:37:40.347, 1, 7, 97871, 0, 97.46
2026/10/09 03:37:40.347, 2, 7, 97871, 0, 85.44
2026/10/09 03:37:40.347, 3, 5, 97871, 0, 93.17
2026/10/09 03:37:41.347, 0, 9, 97871, 0, 82.51
2026/10/09 03:37:41.347, 1, 7, 97871, 0, 97.53
2026/10/09 03:37:41.347, 2, 7, 97871, 0, 85.33
2026/10/09 03:37:41.347, 3, 5, 97871, 0, 93.27
2026/10/09 03:37:42.347, 0, 9, 97871, 0, 82.85
2026/10/09 03:37:42.347, 1, 7, 97871, 0, 97.46
2026/10/09 03:37:42.347, 2, 7, 97871, 0, 85.75
2026/10/09 03:37:42.347, 3, 5, 97871, 0, 93.46
2026/10/09 03:37:43.348, 0, 9, 97871, 0, 82.70
2026/10/09 03:37:43.348, 1, 7, 97871, 0, 97.44
2026/10/09 03:37:43.348, 2, 7, 97871, 0, 85.59
2026/10/09 03:37:43.348, 3, 5, 97871, 0, 93.24
2026/10/09 03:37:44.348, 0, 9, 97871, 0, 82.68
2026/10/09 03:37:44.348, 1, 7, 97871, 0, 97.32
2026/10/09 03:37:44.348, 2, 7, 97871, 0, 85.35
2026/10/09 03:37:44.348, 3, 5, 97871, 0, 93.12
2026/10/09 03:37:45.348, 0, 9, 97871, 0, 83.48
2026/10/09 03:37:45.348, 1, 7, 97871, 0, 97.57
2026/10/09 03:37:45.348, 2, 7, 97871, 0, 85.76
2026/10/09 03:37:45.348, 3, 5, 97871, 0, 93.52
2026/10/09 03:37:46.348, 0, 9, 97871, 0, 83.04
2026/10/09 03:37:46.349, 1, 7, 97871, 0, 97.46
2026/10/09 03:37:46.349, 2, 7, 97871, 0, 85.32
2026/10/09 03:37:46.349, 3, 5, 97871, 0, 93.16
2026/10/09 03:37:47.349, 0, 9, 97871, 0, 82.71
2026/10/09 03:37:47.349, 1, 7, 97871, 0, 97.50
2026/10/09 03:37:47.349, 2, 7, 97871, 0, 85.17
2026/10/09 03:37:47.349, 3, 5, 97871, 0, 93.19
2026/10/09 03:37:48.349, 0, 9, 97871, 0, 82.54
2026/10/09 03:37:48.349, 1, 7, 97871, 0, 97.40
2026/10/09 03:37:48.349, 2, 7, 97871, 0, 85.72
2026/10/09 03:37:48.349, 3, 5, 97871, 0, 93.34
2026/10/09 03:37:49.349, 0, 9, 97871, 0, 82.87
2026/10/09 03:37:49.350, 1, 7, 97871, 0, 97.35
2026/10/09 03:37:49.350, 2, 7, 97871, 0, 85.47
2026/10/09 03:37:49.350, 3, 5, 97871, 0, 93.19
2026/10/09 03:37:50.350, 0, 9, 97871, 0, 82.66
2026/10/09 03:37:50.350, 1, 7, 97871, 0, 97.58
2026/10/09 03:37:50.350, 2, 7, 97871, 0, 85.55
2026/10/09 03:37:50.350, 3, 5, 97871, 0, 93.17
2026/10/09 03:37:51.350, 0, 9, 97871, 0, 82.74
2026/10/09 03:37:51.350, 1, 7, 97871, 0, 97.34
2026/10/09 03:37:51.350, 2, 7, 97871, 0, 85.46
2026/10/09 03:37:51.350, 3, 5, 97871, 0, 92.99
2026/10/09 03:37:52.350, 0, 9, 97871, 0, 82.77
2026/10/09 03:37:52.351, 1, 7, 97871, 0, 97.34
2026/10/09 03:37:52.351, 2, 7, 97871, 0, 85.49
2026/10/09 03:37:52.351, 3, 5, 97871, 0, 93.03
2026/10/09 03:37:53.351, 0, 9, 97871, 0, 82.94
2026/10/09 03:37:53.351, 1, 7, 97871, 0, 97.36
2026/10/09 03:37:53.351, 2, 7, 97871, 0, 85.86
2026/10/09 03:37:53.351, 3, 5, 97871, 0, 93.22
2026/10/09 03:37:54.351, 0, 9, 97871, 0, 83.04
2026/10/09 03:37:54.351, 1, 7, 97871, 0, 97.33
2026/10/09 03:37:54.351, 2, 7, 97871, 0, 85.62
2026/10/09 03:37:54.351, 3, 5, 97871, 0, 93.28
2026/10/09 03:37:55.351, 0, 9, 97871, 0, 82.92
2026/10/09 03:37:55.351, 1, 7, 97871, 0, 97.60
2026/10/09 03:37:55.351, 2, 7, 97871, 0, 85.55
2026/10/09 03:37:55.351, 3, 5, 97871, 0, 93.14
2026/10/09 03:37:56.351, 0, 9, 97871, 0, 82.74
2026/10/09 03:37:56.351, 1, 7, 97871, 0, 97.45
2026/10/09 03:37:56.351, 2, 7, 97871, 0, 85.68
2026/10/09 03:37:56.351, 3, 5, 97871, 0, 93.07
2026/10/09 03:37:57.352, 0, 9, 97871, 0, 82.54
2026/10/09 03:37:57.352, 1, 7, 97871, 0, 97.30
2026/10/09 03:37:57.352, 2, 7, 97871, 0, 85.60
2026/10/09 03:37:57.352, 3, 5, 97871, 0, 93.15
2026/10/09 03:37:58.352, 0, 9, 97871, 0, 83.00
2026/10/09 03:37:58.352, 1, 7, 97871, 0, 97.21
2026/10/09 03:37:58.352, 2, 7, 97871, 0, 85.49
2026/10/09 03:37:58.352, 3, 5, 97871, 0, 93.26
2026/10/09 03:37:59.352, 0, 9, 97871, 0, 82.85
2026/10/09 03:37:59.352, 1, 7, 97871, 0, 97.23
2026/10/09 03:37:59.352, 2, 7, 97871, 0, 85.61
2026/10/09 03:37:59.352, 3, 5, 97871, 0, 93.25
2026/10/09 03:38:00.352, 0, 9, 97871, 0, 82.72
2026/10/09 03:38:00.352, 1, 7, 97871, 0, 97.29
2026/10/09 03:38:00.352, 2, 7, 97871, 0, 85.59
2026/10/09 03:38:00.352, 3, 5, 97871, 0, 93.19
2026/10/09 03:38:01.352, 0, 9, 97871, 0, 82.54
2026/10/09 03:38:01.352, 1, 7, 97871, 0, 97.26
2026/10/09 03:38:01.352, 2, 7, 97871, 0, 85.66
2026/10/09 03:38:01.352, 3, 5, 97871, 0, 93.25
2026/10/09 03:38:02.352, 0, 9, 97871, 0, 82.83
2026/10/09 03:38:02.352, 1, 7, 97871, 0, 97.24
2026/10/09 03:38:02.353, 2, 7, 97871, 0, 85.69
2026/10/09 03:38:02.353, 3, 5, 97871, 0, 93.25
2026/10/09 03:38:03.353, 0, 9, 97871, 0, 82.86
2026/10/09 03:38:03.353, 1, 7, 97871, 0, 97.29
2026/10/09 03:38:03.353, 2, 7, 97871, 0, 85.74
2026/10/09 03:38:03.353, 3, 5, 97871, 0, 93.19
2026/10/09 03:38:04.353, 0, 9, 97871, 0, 82.76
2026/10/09 03:38:04.353, 1, 7, 97871, 0, 97.23
2026/10/09 03:38:04.353, 2, 7, 97871, 0, 85.60
2026/10/09 03:38:04.353, 3, 5, 97871, 0, 93.22
2026/10/09 03:38:05.353, 0, 9, 97871, 0, 82.89
2026/10/09 03:38:05.353, 1, 7, 97871, 0, 97.25
2026/10/09 03:38:05.353, 2, 7, 97871, 0, 85.51
2026/10/09 03:38:05.353, 3, 5, 97871, 0, 93.25
2026/10/09 03:38:06.353, 0, 9, 97871, 0, 82.68
2026/10/09 03:38:06.353, 1, 7, 97871, 0, 97.22
2026/10/09 03:38:06.353, 2, 7, 97871, 0, 85.46
2026/10/09 03:38:06.353, 3, 5, 97871, 0, 93.02
2026/10/09 03:38:07.353, 0, 9, 97871, 0, 82.78
2026/10/09 03:38:07.354, 1, 7, 97871, 0, 97.38
2026/10/09 03:38:07.354, 2, 7, 97871, 0, 85.45
2026/10/09 03:38:07.354, 3, 5, 97871, 0, 93.17
2026/10/09 03:38:08.354, 0, 9, 97871, 0, 82.86
2026/10/09 03:38:08.354, 1, 7, 97871, 0, 97.59
2026/10/09 03:38:08.354, 2, 7, 97871, 0, 85.50
2026/10/09 03:38:08.354, 3, 5, 97871, 0, 93.07
2026/10/09 03:38:09.354, 0, 9, 97871, 0, 82.76
2026/10/09 03:38:09.354, 1, 7, 97871, 0, 97.36
2026/10/09 03:38:09.354, 2, 7, 97871, 0, 85.40
2026/10/09 03:38:09.354, 3, 5, 97871, 0, 93.12
2026/10/09 03:38:10.354, 0, 9, 97871, 0, 82.78
2026/10/09 03:38:10.354, 1, 7, 97871, 0, 97.34
2026/10/09 03:38:10.354, 2, 7, 97871, 0, 85.41
2026/10/09 03:38:10.354, 3, 5, 97871, 0, 93.24
2026/10/09 03:38:11.354, 0, 9, 97871, 0, 82.69
2026/10/09 03:38:11.354, 1, 7, 97871, 0, 97.32
2026/10/09 03:38:11.354, 2, 7, 97871, 0, 85.38
2026/10/09 03:38:11.354, 3, 5, 97871, 0, 92.96
2026/10/09 03:38:12.354, 0, 9, 97871, 0, 82.93
2026/10/09 03:38:12.355, 1, 7, 97871, 0, 97.33
2026/10/09 03:38:12.355, 2, 7, 97871, 0, 85.52
2026/10/09 03:38:12.355, 3, 5, 97871, 0, 93.18
2026/10/09 03:38:13.355, 0, 9, 97871, 0, 82.84
2026/10/09 03:38:13.355, 1, 7, 97871, 0, 97.48
2026/10/09 03:38:13.355, 2, 7, 97871, 0, 85.49
2026/10/09 03:38:13.355, 3, 5, 97871, 0, 92.98
2026/10/09 03:38:14.355, 0, 9, 97871, 0, 82.76
2026/10/09 03:38:14.355, 1, 7, 97871, 0, 97.29
2026/10/09 03:38:14.355, 2, 7, 97871, 0, 85.49
2026/10/09 03:38:14.355, 3, 5, 97871, 0, 93.11
2026/10/09 03:38:15.355, 0, 9, 97871, 0, 82.65
2026/10/09 03:38:15.355, 1, 7, 97871, 0, 97.35
2026/10/09 03:38:15.355, 2, 7, 97871, 0, 85.39
2026/10/09 03:38:15.355, 3, 5, 97871, 0, 93.23
2026/10/09 03:38:16.355, 0, 9, 97871, 0, 82.60
2026/10/09 03:38:16.355, 1, 7, 97871, 0, 97.28
2026/10/09 03:38:16.355, 2, 7, 97871, 0, 85.48
2026/10/09 03:38:16.355, 3, 5, 97871, 0, 93.13
2026/10/09 03:38:17.356, 0, 9, 97871, 0, 82.93
2026/10/09 03:38:17.356, 1, 7, 97871, 0, 97.39
2026/10/09 03:38:17.356, 2, 7, 97871, 0, 85.44
2026/10/09 03:38:17.356, 3, 5, 97871, 0, 93.19
2026/10/09 03:38:18.356, 0, 9, 97871, 0, 82.84
2026/10/09 03:38:18.356, 1, 7, 97871, 0, 97.37
2026/10/09 03:38:18.356, 2, 7, 97871, 0, 85.41
2026/10/09 03:38:18.356, 3, 5, 97871, 0, 93.22
2026/10/09 03:38:19.356, 0, 9, 97871, 0, 83.00
2026/10/09 03:38:19.356, 1, 7, 97871, 0, 97.27
2026/10/09 03:38:19.356, 2, 7, 97871, 0, 85.57
2026/10/09 03:38:19.356, 3, 5, 97871, 0, 93.07
2026/10/09 03:38:20.356, 0, 9, 97871, 0, 82.92
2026/10/09 03:38:20.356, 1, 7, 97871, 0, 97.19
2026/10/09 03:38:20.356, 2, 7, 97871, 0, 85.71
2026/10/09 03:38:20.356, 3, 5, 97871, 0, 93.19
2026/10/09 03:38:21.356, 0, 9, 97871, 0, 82.67
2026/10/09 03:38:21.356, 1, 7, 97871, 0, 97.21
2026/10/09 03:38:21.356, 2, 7, 97871, 0, 85.59
2026/10/09 03:38:21.356, 3, 5, 97871, 0, 93.11
2026/10/09 03:38:22.357, 0, 9, 97871, 0, 82.88
2026/10/09 03:38:22.357, 1, 7, 97871, 0, 97.24
2026/10/09 03:38:22.357, 2, 7, 97871, 0, 85.64
2026/10/09 03:38:22.357, 3, 5, 97871, 0, 93.07
2026/10/09 03:38:23.357, 0, 9, 97871, 0, 82.99
2026/10/09 03:38:23.357, 1, 7, 97871, 0, 97.31
2026/10/09 03:38:23.357, 2, 7, 97871, 0, 85.52
2026/10/09 03:38:23.357, 3, 5, 97871, 0, 93.32
2026/10/09 03:38:24.357, 0, 9, 97871, 0, 82.85
2026/10/09 03:38:24.357, 1, 7, 97871, 0, 97.20
2026/10/09 03:38:24.357, 2, 7, 97871, 0, 85.56
2026/10/09 03:38:24.357, 3, 5, 97871, 0, 93.01
2026/10/09 03:38:25.357, 0, 9, 97871, 0, 82.84
2026/10/09 03:38:25.357, 1, 7, 97871, 0, 97.19
2026/10/09 03:38:25.357, 2, 7, 97871, 0, 85.57
2026/10/09 03:38:25.357, 3, 5, 97871, 0, 93.19
2026/10/09 03:38:26.357, 0, 9, 97871, 0, 82.69
2026/10/09 03:38:26.357, 1, 7, 97871, 0, 97.41
2026/10/09 03:38:26.357, 2, 7, 97871, 0, 85.49
2026/10/09 03:38:26.357, 3, 5, 97871, 0, 93.21
2026/10/09 03:38:27.357, 0, 9, 97871, 0, 82.86
2026/10/09 03:38:27.357, 1, 7, 97871, 0, 97.43
2026/10/09 03:38:27.357, 2, 7, 97871, 0, 85.58
2026/10/09 03:38:27.357, 3, 5, 97871, 0, 93.11
2026/10/09 03:38:28.358, 0, 9, 97871, 0, 82.73
2026/10/09 03:38:28.358, 1, 7, 97871, 0, 97.40
2026/10/09 03:38:28.358, 2, 7, 97871, 0, 85.49
2026/10/09 03:38:28.358, 3, 5, 97871, 0, 93.14
2026/10/09 03:38:29.358, 0, 9, 97871, 0, 82.93
2026/10/09 03:38:29.358, 1, 7, 97871, 0, 97.39
2026/10/09 03:38:29.358, 2, 7, 97871, 0, 85.43
2026/10/09 03:38:29.358, 3, 5, 97871, 0, 93.18
2026/10/09 03:38:30.358, 0, 9, 97871, 0, 82.88
2026/10/09 03:38:30.358, 1, 7, 97871, 0, 97.35
2026/10/09 03:38:30.358, 2, 7, 97871, 0, 85.44
2026/10/09 03:38:30.358, 3, 5, 97871, 0, 93.33
2026/10/09 03:38:31.358, 0, 9, 97871, 0, 82.88
2026/10/09 03:38:31.358, 1, 7, 97871, 0, 97.57
2026/10/09 03:38:31.358, 2, 7, 97871, 0, 85.55
2026/10/09 03:38:31.358, 3, 5, 97871, 0, 93.18
2026/10/09 03:38:32.358, 0, 9, 97871, 0, 82.92
2026/10/09 03:38:32.359, 1, 7, 97871, 0, 97.31
2026/10/09 03:38:32.359, 2, 7, 97871, 0, 85.41
2026/10/09 03:38:32.359, 3, 5, 97871, 0, 93.21
2026/10/09 03:38:33.359, 0, 9, 97871, 0, 82.91
2026/10/09 03:38:33.359, 1, 7, 97871, 0, 97.36
2026/10/09 03:38:33.359, 2, 7, 97871, 0, 85.36
2026/10/09 03:38:33.359, 3, 5, 97871, 0, 93.12
2026/10/09 03:38:34.359, 0, 9, 97871, 0, 83.05
2026/10/09 03:38:34.380, 1, 7, 97871, 0, 97.41
2026/10/09 03:38:34.380, 2, 7, 97871, 0, 85.45
2026/10/09 03:38:34.380, 3, 5, 97871, 0, 93.25
2026/10/09 03:38:35.381, 0, 9, 97871, 0, 82.84
2026/10/09 03:38:35.381, 1, 7, 97871, 0, 97.38
2026/10/09 03:38:35.381, 2, 7, 97871, 0, 85.89
2026/10/09 03:38:35.382, 3, 5, 97871, 0, 93.11
2026/10/09 03:38:36.382, 0, 9, 97871, 0, 82.98
2026/10/09 03:38:36.382, 1, 7, 97871, 0, 97.37
2026/10/09 03:38:36.382, 2, 7, 97871, 0, 85.59
2026/10/09 03:38:36.382, 3, 5, 97871, 0, 93.24
2026/10/09 03:38:37.382, 0, 9, 97871, 0, 82.86
2026/10/09 03:38:37.422, 1, 7, 97871, 0, 97.62
2026/10/09 03:38:37.469, 2, 7, 97871, 0, 85.49
2026/10/09 03:38:37.491, 3, 5, 97871, 0, 93.26
2026/10/09 03:38:38.491, 0, 9, 97871, 0, 82.90
2026/10/09 03:38:38.491, 1, 7, 97871, 0, 97.39
2026/10/09 03:38:38.491, 2, 7, 97871, 0, 85.40
2026/10/09 03:38:38.491, 3, 5, 97871, 0, 93.30
2026/10/09 03:38:39.491, 0, 9, 97871, 0, 82.70
2026/10/09 03:38:39.492, 1, 7, 97871, 0, 97.43
2026/10/09 03:38:39.492, 2, 7, 97871, 0, 85.50
2026/10/09 03:38:39.492, 3, 5, 97871, 0, 93.17
2026/10/09 03:38:40.492, 0, 9, 97871, 0, 82.61
2026/10/09 03:38:40.492, 1, 7, 97871, 0, 97.50
2026/10/09 03:38:40.492, 2, 7, 97871, 0, 85.52
2026/10/09 03:38:40.492, 3, 5, 97871, 0, 93.20
2026/10/09 03:38:41.492, 0, 9, 97871, 0, 82.79
2026/10/09 03:38:41.492, 1, 7, 97871, 0, 97.61
2026/10/09 03:38:41.492, 2, 7, 97871, 0, 85.93
2026/10/09 03:38:41.492, 3, 5, 97871, 0, 93.54
2026/10/09 03:38:42.492, 0, 9, 97871, 0, 82.87
2026/10/09 03:38:42.493, 1, 7, 97871, 0, 97.33
2026/10/09 03:38:42.494, 2, 7, 97871, 0, 85.69
2026/10/09 03:38:42.494, 3, 5, 97871, 0, 93.06
2026/10/09 03:38:43.494, 0, 9, 97871, 0, 82.94
2026/10/09 03:38:43.494, 1, 7, 97871, 0, 97.29
2026/10/09 03:38:43.494, 2, 7, 97871, 0, 85.47
2026/10/09 03:38:43.494, 3, 5, 97871, 0, 93.30
2026/10/09 03:38:44.494, 0, 9, 97871, 0, 82.86
2026/10/09 03:38:44.495, 1, 7, 97871, 0, 97.44
2026/10/09 03:38:44.496, 2, 7, 97871, 0, 85.96
2026/10/09 03:38:44.497, 3, 5, 97871, 0, 93.19
2026/10/09 03:38:45.497, 0, 9, 97871, 0, 82.80
2026/10/09 03:38:45.497, 1, 7, 97871, 0, 97.51
2026/10/09 03:38:45.497, 2, 7, 97871, 0, 85.86
2026/10/09 03:38:45.497, 3, 5, 97871, 0, 93.08
2026/10/09 03:38:46.497, 0, 9, 97871, 0, 82.81
2026/10/09 03:38:46.497, 1, 10, 97871, 0, 97.55
2026/10/09 03:38:46.497, 2, 7, 97871, 0, 86.08
2026/10/09 03:38:46.497, 3, 6, 97871, 0, 93.09
2026/10/09 03:38:47.498, 0, 9, 97871, 0, 82.78
2026/10/09 03:38:47.562, 1, 3153, 97871, 0, 151.61
2026/10/09 03:38:47.562, 2, 7, 97871, 0, 85.68
2026/10/09 03:38:47.563, 3, 6, 97871, 0, 93.10
2026/10/09 03:38:48.563, 0, 10, 97871, 0, 82.65
2026/10/09 03:38:48.814, 1, 3345, 97871, 0, 152.47
2026/10/09 03:38:48.814, 2, 7, 97871, 0, 85.71
2026/10/09 03:38:48.815, 3, 6, 97871, 0, 93.12
2026/10/09 03:38:49.815, 0, 10, 97871, 0, 82.68
2026/10/09 03:38:49.815, 1, 10073, 97871, 0, 152.43
2026/10/09 03:38:49.815, 2, 989, 97871, 0, 96.99
2026/10/09 03:38:49.815, 3, 6, 97871, 0, 93.26
2026/10/09 03:38:50.816, 0, 10, 97871, 0, 82.70
2026/10/09 03:38:50.816, 1, 16481, 97871, 0, 153.49
2026/10/09 03:38:50.816, 2, 16481, 97871, 0, 142.06
2026/10/09 03:38:50.816, 3, 6, 97871, 0, 93.34
2026/10/09 03:38:51.816, 0, 10, 97871, 0, 82.54
2026/10/09 03:38:51.883, 1, 20557, 97871, 0, 153.15
2026/10/09 03:38:51.883, 2, 20557, 97871, 0, 141.48
2026/10/09 03:38:51.883, 3, 6, 97871, 0, 93.14
2026/10/09 03:38:52.883, 0, 10, 97871, 0, 82.49
2026/10/09 03:38:52.883, 1, 20757, 97871, 2, 152.40
2026/10/09 03:38:52.883, 2, 20757, 97871, 0, 141.95
2026/10/09 03:38:52.883, 3, 987, 97871, 0, 97.15
2026/10/09 03:38:53.883, 0, 10, 97871, 0, 82.94
2026/10/09 03:38:53.884, 1, 20757, 97871, 0, 152.62
2026/10/09 03:38:53.884, 2, 20757, 97871, 1, 143.29
2026/10/09 03:38:53.884, 3, 16479, 97871, 0, 147.90
2026/10/09 03:38:54.884, 0, 10, 97871, 0, 82.48
2026/10/09 03:38:54.884, 1, 20757, 97871, 0, 153.16
2026/10/09 03:38:54.884, 2, 20757, 97871, 0, 144.66
2026/10/09 03:38:54.884, 3, 20755, 97871, 9, 150.15
2026/10/09 03:38:55.884, 0, 10, 97871, 0, 82.43
2026/10/09 03:38:55.884, 1, 20757, 97871, 7, 153.90
2026/10/09 03:38:55.884, 2, 20757, 97871, 3, 144.08
2026/10/09 03:38:55.884, 3, 20755, 97871, 8, 148.82
2026/10/09 03:38:56.884, 0, 10, 97871, 0, 82.32
2026/10/09 03:38:56.884, 1, 20757, 97871, 7, 153.53
2026/10/09 03:38:56.885, 2, 20757, 97871, 0, 143.04
2026/10/09 03:38:56.885, 3, 20755, 97871, 12, 148.22
2026/10/09 03:38:57.885, 0, 10, 97871, 0, 82.35
2026/10/09 03:38:57.885, 1, 25057, 97871, 0, 152.96
2026/10/09 03:38:57.885, 2, 25057, 97871, 0, 141.51
2026/10/09 03:38:57.885, 3, 25055, 97871, 0, 145.98
2026/10/09 03:38:58.885, 0, 10, 97871, 0, 82.26
2026/10/09 03:38:58.888, 1, 25057, 97871, 2, 153.04
2026/10/09 03:38:58.888, 2, 25057, 97871, 1, 141.28
2026/10/09 03:38:58.888, 3, 25055, 97871, 3, 145.77
2026/10/09 03:38:59.888, 0, 990, 97871, 0, 84.10
2026/10/09 03:38:59.888, 1, 25057, 97871, 0, 152.88
2026/10/09 03:38:59.888, 2, 25057, 97871, 0, 140.89
2026/10/09 03:38:59.888, 3, 25055, 97871, 1, 146.17
2026/10/09 03:39:00.888, 0, 16482, 97871, 0, 139.49
2026/10/09 03:39:00.888, 1, 25137, 97871, 0, 152.62
2026/10/09 03:39:00.888, 2, 22009, 97871, 0, 141.10
2026/10/09 03:39:00.888, 3, 25135, 97871, 0, 146.08
2026/10/09 03:39:01.888, 0, 20758, 97871, 0, 139.74
2026/10/09 03:39:01.889, 1, 22471, 97871, 0, 152.56
2026/10/09 03:39:01.889, 2, 22471, 97871, 0, 142.21
2026/10/09 03:39:01.889, 3, 22469, 97871, 0, 146.49
2026/10/09 03:39:02.889, 0, 20758, 97871, 9, 139.42
2026/10/09 03:39:02.889, 1, 22471, 97871, 0, 151.92
2026/10/09 03:39:02.889, 2, 22471, 97871, 0, 141.85
2026/10/09 03:39:02.889, 3, 22469, 97871, 0, 145.86
2026/10/09 03:39:03.889, 0, 25058, 97871, 12, 139.50
2026/10/09 03:39:03.889, 1, 22471, 97871, 0, 151.86
2026/10/09 03:39:03.889, 2, 22471, 97871, 0, 142.04
2026/10/09 03:39:03.889, 3, 22469, 97871, 0, 145.54
2026/10/09 03:39:04.889, 0, 22472, 97871, 0, 138.21
2026/10/09 03:39:04.889, 1, 22471, 97871, 0, 151.83
2026/10/09 03:39:04.889, 2, 22471, 97871, 0, 141.11
2026/10/09 03:39:04.889, 3, 22469, 97871, 0, 145.68
2026/10/09 03:39:05.889, 0, 22472, 97871, 0, 137.65
2026/10/09 03:39:05.889, 1, 22471, 97871, 0, 151.75
2026/10/09 03:39:05.889, 2, 22471, 97871, 0, 140.82
2026/10/09 03:39:05.889, 3, 22469, 97871, 0, 145.72
2026/10/09 03:39:06.889, 0, 22472, 97871, 0, 137.70
2026/10/09 03:39:06.890, 1, 22471, 97871, 0, 151.83
2026/10/09 03:39:06.890, 2, 22471, 97871, 0, 140.80
2026/10/09 03:39:06.890, 3, 22469, 97871, 0, 145.65
2026/10/09 03:39:07.890, 0, 22472, 97871, 0, 137.74
2026/10/09 03:39:07.890, 1, 22471, 97871, 0, 152.41
2026/10/09 03:39:07.890, 2, 22471, 97871, 0, 140.79
2026/10/09 03:39:07.890, 3, 22469, 97871, 0, 145.85
2026/10/09 03:39:08.890, 0, 22472, 97871, 0, 137.68
2026/10/09 03:39:08.890, 1, 22471, 97871, 0, 152.07
2026/10/09 03:39:08.890, 2, 22471, 97871, 0, 140.85
2026/10/09 03:39:08.890, 3, 22469, 97871, 0, 145.68
2026/10/09 03:39:09.890, 0, 22472, 97871, 0, 137.62
2026/10/09 03:39:09.890, 1, 22471, 97871, 0, 152.02
2026/10/09 03:39:09.890, 2, 22663, 97871, 0, 141.10
2026/10/09 03:39:09.890, 3, 22469, 97871, 0, 145.46
2026/10/09 03:39:10.890, 0, 22472, 97871, 0, 137.69
2026/10/09 03:39:10.891, 1, 22723, 97871, 62, 188.30
2026/10/09 03:39:10.891, 2, 22723, 97871, 0, 177.66
2026/10/09 03:39:10.891, 3, 22661, 97871, 0, 145.97
2026/10/09 03:39:11.891, 0, 22472, 97871, 0, 137.93
2026/10/09 03:39:11.891, 1, 22723, 97871, 0, 166.98
2026/10/09 03:39:11.891, 2, 22723, 97871, 0, 171.05
2026/10/09 03:39:11.891, 3, 22721, 97871, 0, 183.42
2026/10/09 03:39:12.891, 0, 22724, 97871, 27, 172.94
2026/10/09 03:39:12.891, 1, 23135, 97871, 1, 206.34
2026/10/09 03:39:12.891, 2, 23135, 97871, 47, 208.44
2026/10/09 03:39:12.891, 3, 22817, 97871, 53, 200.32
2026/10/09 03:39:13.891, 0, 22724, 97871, 0, 152.33
2026/10/09 03:39:13.891, 1, 23135, 97871, 46, 212.49
2026/10/09 03:39:13.892, 2, 23135, 97871, 0, 171.36
2026/10/09 03:39:13.892, 3, 23133, 97871, 50, 180.71
2026/10/09 03:39:14.892, 0, 23136, 97871, 0, 187.88
2026/10/09 03:39:14.892, 1, 23135, 97871, 0, 153.79
2026/10/09 03:39:14.892, 2, 23135, 97871, 0, 139.79
2026/10/09 03:39:14.892, 3, 23133, 97871, 0, 177.73
2026/10/09 03:39:15.892, 0, 23136, 97871, 0, 194.37
2026/10/09 03:39:15.892, 1, 23135, 97871, 0, 221.47
2026/10/09 03:39:15.892, 2, 23135, 97871, 0, 212.72
2026/10/09 03:39:15.892, 3, 23133, 97871, 0, 166.58
2026/10/09 03:39:16.892, 0, 23136, 97871, 0, 136.62
2026/10/09 03:39:16.892, 1, 23135, 97871, 0, 151.67
2026/10/09 03:39:16.892, 2, 23135, 97871, 0, 139.74
2026/10/09 03:39:16.892, 3, 23133, 97871, 0, 195.08
2026/10/09 03:39:17.893, 0, 23136, 97871, 0, 208.72
2026/10/09 03:39:17.893, 1, 23135, 97871, 0, 151.24
2026/10/09 03:39:17.893, 2, 23135, 97871, 0, 139.57
2026/10/09 03:39:17.893, 3, 23133, 97871, 0, 145.50
2026/10/09 03:39:18.893, 0, 23136, 97871, 0, 136.57
2026/10/09 03:39:18.893, 1, 23135, 97871, 0, 151.32
2026/10/09 03:39:18.893, 2, 23807, 97871, 37, 170.16
2026/10/09 03:39:18.893, 3, 23133, 97871, 0, 145.52
2026/10/09 03:39:19.893, 0, 23136, 97871, 0, 136.09
2026/10/09 03:39:19.893, 1, 23807, 97871, 15, 258.93
2026/10/09 03:39:19.893, 2, 23807, 97871, 0, 230.57
2026/10/09 03:39:19.893, 3, 23805, 97871, 99, 184.08
2026/10/09 03:39:20.893, 0, 23136, 97871, 0, 136.24
2026/10/09 03:39:20.893, 1, 23807, 97871, 0, 152.15
2026/10/09 03:39:20.894, 2, 23807, 97871, 0, 140.21
2026/10/09 03:39:20.894, 3, 23805, 97871, 0, 226.39
2026/10/09 03:39:21.894, 0, 23808, 97871, 0, 246.86
2026/10/09 03:39:21.894, 1, 23807, 97871, 94, 245.99
2026/10/09 03:39:21.894, 2, 23807, 97871, 0, 253.10
2026/10/09 03:39:21.894, 3, 23805, 97871, 0, 145.97
2026/10/09 03:39:22.894, 0, 23808, 97871, 0, 136.48
2026/10/09 03:39:22.894, 1, 23807, 97871, 0, 170.47
2026/10/09 03:39:22.894, 2, 23807, 97871, 0, 140.38
2026/10/09 03:39:22.894, 3, 23805, 97871, 0, 249.27
2026/10/09 03:39:23.894, 0, 23808, 97871, 92, 234.38
2026/10/09 03:39:23.894, 1, 23807, 97871, 0, 151.18
2026/10/09 03:39:23.894, 2, 23807, 97871, 0, 145.83
2026/10/09 03:39:23.894, 3, 23805, 97871, 0, 145.59
2026/10/09 03:39:24.894, 0, 23808, 97871, 0, 150.67
2026/10/09 03:39:24.894, 1, 23807, 97871, 96, 199.48
2026/10/09 03:39:24.894, 2, 23807, 97871, 0, 195.20
2026/10/09 03:39:24.894, 3, 23805, 97871, 0, 145.40
2026/10/09 03:39:25.895, 0, 23808, 97871, 0, 136.09
2026/10/09 03:39:25.895, 1, 23807, 97871, 0, 163.04
2026/10/09 03:39:25.895, 2, 23807, 97871, 0, 140.10
2026/10/09 03:39:25.895, 3, 23805, 97871, 0, 196.10
2026/10/09 03:39:26.895, 0, 23808, 97871, 0, 184.75
2026/10/09 03:39:26.895, 1, 23807, 97871, 0, 151.27
2026/10/09 03:39:26.895, 2, 23807, 97871, 0, 140.16
2026/10/09 03:39:26.895, 3, 23805, 97871, 0, 145.53
2026/10/09 03:39:27.895, 0, 23808, 97871, 0, 136.26
2026/10/09 03:39:27.895, 1, 23807, 97871, 0, 151.23
2026/10/09 03:39:27.895, 2, 23871, 97871, 92, 256.32
2026/10/09 03:39:27.895, 3, 23805, 97871, 0, 145.23
2026/10/09 03:39:28.895, 0, 23808, 97871, 0, 136.01
2026/10/09 03:39:28.895, 1, 24543, 97871, 92, 313.69
2026/10/09 03:39:28.895, 2, 25215, 97871, 0, 399.41
2026/10/09 03:39:28.895, 3, 23869, 97871, 90, 212.90
2026/10/09 03:39:29.895, 0, 23808, 97871, 0, 135.90
2026/10/09 03:39:29.896, 1, 25215, 97871, 0, 362.30
2026/10/09 03:39:29.896, 2, 25215, 97871, 0, 140.61
2026/10/09 03:39:29.896, 3, 25213, 97871, 91, 439.35
2026/10/09 03:39:30.896, 0, 25216, 97871, 100, 395.29
2026/10/09 03:39:30.896, 1, 25215, 97871, 0, 152.12
2026/10/09 03:39:30.896, 2, 25215, 97871, 0, 140.10
2026/10/09 03:39:30.896, 3, 25213, 97871, 0, 146.86
2026/10/09 03:39:31.896, 0, 25216, 97871, 0, 255.37
2026/10/09 03:39:31.896, 1, 25215, 97871, 0, 151.39
2026/10/09 03:39:31.896, 2, 25215, 97871, 0, 148.71
2026/10/09 03:39:31.896, 3, 25213, 97871, 0, 146.88
2026/10/09 03:39:32.896, 0, 25216, 97871, 0, 136.93
2026/10/09 03:39:32.896, 1, 25215, 97871, 0, 160.71
2026/10/09 03:39:32.896, 2, 25215, 97871, 2, 156.76
2026/10/09 03:39:32.896, 3, 25213, 97871, 37, 155.57
2026/10/09 03:39:33.896, 0, 25216, 97871, 0, 136.30
2026/10/09 03:39:33.896, 1, 25215, 97871, 32, 168.71
2026/10/09 03:39:33.896, 2, 25215, 97871, 0, 148.01
2026/10/09 03:39:33.897, 3, 25213, 97871, 0, 154.25
2026/10/09 03:39:34.897, 0, 25216, 97871, 0, 153.64
2026/10/09 03:39:34.897, 1, 25215, 97871, 0, 163.56
2026/10/09 03:39:34.897, 2, 25215, 97871, 0, 145.66
2026/10/09 03:39:34.897, 3, 25213, 97871, 0, 165.19
2026/10/09 03:39:35.897, 0, 25215, 97871, 11, 149.87
2026/10/09 03:39:35.897, 1, 25215, 97871, 0, 151.36
2026/10/09 03:39:35.897, 2, 27298, 97871, 0, 152.47
2026/10/09 03:39:35.897, 3, 25212, 97871, 0, 152.75
2026/10/09 03:39:36.897, 0, 25215, 97871, 0, 147.66
2026/10/09 03:39:36.897, 1, 27299, 97871, 0, 163.62
2026/10/09 03:39:36.897, 2, 27298, 97871, 0, 140.56
2026/10/09 03:39:36.897, 3, 27296, 97871, 0, 157.85
2026/10/09 03:39:37.897, 0, 27298, 97871, 47, 148.93
2026/10/09 03:39:37.898, 1, 27299, 97871, 0, 151.39
2026/10/09 03:39:37.898, 2, 27298, 97871, 54, 155.07
2026/10/09 03:39:37.898, 3, 27296, 97871, 0, 145.51
2026/10/09 03:39:38.898, 0, 27298, 97871, 0, 136.88
2026/10/09 03:39:38.898, 1, 27299, 97871, 37, 179.48
2026/10/09 03:39:38.898, 2, 27298, 97871, 0, 177.86
2026/10/09 03:39:38.898, 3, 27296, 97871, 0, 145.67
2026/10/09 03:39:39.898, 0, 27298, 97871, 0, 136.08
2026/10/09 03:39:39.898, 1, 27299, 97871, 0, 169.93
2026/10/09 03:39:39.898, 2, 27298, 97871, 0, 190.20
2026/10/09 03:39:39.898, 3, 27296, 97871, 38, 191.32
2026/10/09 03:39:40.898, 0, 27298, 97871, 0, 165.13
2026/10/09 03:39:40.898, 1, 27299, 97871, 0, 202.27
2026/10/09 03:39:40.898, 2, 27298, 97871, 0, 139.49
2026/10/09 03:39:40.898, 3, 27296, 97871, 14, 195.52
2026/10/09 03:39:41.898, 0, 27298, 97871, 0, 156.22
2026/10/09 03:39:41.899, 1, 27299, 97871, 0, 151.40
2026/10/09 03:39:41.899, 2, 78742, 97871, 2, 148.13
2026/10/09 03:39:41.899, 3, 27296, 97871, 0, 146.64
2026/10/09 03:39:42.899, 0, 27298, 97871, 0, 190.47
2026/10/09 03:39:42.899, 1, 78743, 97871, 100, 321.33
2026/10/09 03:39:42.899, 2, 76358, 97871, 12, 315.08
2026/10/09 03:39:42.899, 3, 27296, 97871, 0, 146.40
2026/10/09 03:39:43.899, 0, 76126, 97871, 0, 145.90
2026/10/09 03:39:43.913, 1, 76371, 97871, 27, 211.12
2026/10/09 03:39:43.914, 2, 76426, 97871, 16, 238.70
2026/10/09 03:39:43.914, 3, 78750, 97871, 0, 326.43
2026/10/09 03:39:44.914, 0, 76256, 97871, 0, 317.30
2026/10/09 03:39:44.914, 1, 76491, 97871, 17, 240.79
2026/10/09 03:39:44.914, 2, 76536, 97871, 12, 196.30
2026/10/09 03:39:44.914, 3, 76396, 97871, 22, 214.11
2026/10/09 03:39:45.914, 0, 76458, 97871, 17, 253.05
2026/10/09 03:39:45.914, 1, 77139, 97871, 37, 255.35
2026/10/09 03:39:45.914, 2, 77160, 97871, 23, 289.40
2026/10/09 03:39:45.914, 3, 76498, 97871, 16, 217.54
2026/10/09 03:39:46.914, 0, 77136, 97871, 25, 218.39
2026/10/09 03:39:46.914, 1, 77225, 97871, 20, 269.46
2026/10/09 03:39:46.914, 2, 77244, 97871, 22, 235.35
2026/10/09 03:39:46.914, 3, 77140, 97871, 33, 231.90
2026/10/09 03:39:47.914, 0, 77254, 97871, 20, 272.18
2026/10/09 03:39:47.914, 1, 77255, 97871, 14, 226.60
2026/10/09 03:39:47.914, 2, 77256, 97871, 0, 168.92
2026/10/09 03:39:47.914, 3, 77186, 97871, 16, 253.62
2026/10/09 03:39:48.915, 0, 77346, 97871, 17, 217.17
2026/10/09 03:39:48.915, 1, 77257, 97871, 0, 158.23
2026/10/09 03:39:48.915, 2, 77256, 97871, 0, 140.04
2026/10/09 03:39:48.915, 3, 77250, 97871, 15, 214.51
2026/10/09 03:39:49.915, 0, 77266, 97871, 0, 149.67
2026/10/09 03:39:49.915, 1, 77257, 97871, 0, 151.85
2026/10/09 03:39:49.915, 2, 77740, 97871, 56, 167.50
2026/10/09 03:39:49.915, 3, 77264, 97871, 0, 175.16
2026/10/09 03:39:50.915, 0, 77266, 97871, 0, 136.52
2026/10/09 03:39:50.915, 1, 78003, 97871, 19, 182.01
2026/10/09 03:39:50.915, 2, 78002, 97871, 0, 138.23
2026/10/09 03:39:50.915, 3, 77264, 97871, 0, 146.90
2026/10/09 03:39:51.915, 0, 77750, 97871, 0, 154.51
2026/10/09 03:39:51.916, 1, 78003, 97871, 0, 152.56
2026/10/09 03:39:51.916, 2, 78004, 97871, 0, 139.62
2026/10/09 03:39:51.916, 3, 77264, 97871, 0, 146.60
2026/10/09 03:39:52.916, 0, 78012, 97871, 0, 147.91
2026/10/09 03:39:52.916, 1, 78529, 97871, 0, 152.25
2026/10/09 03:39:52.916, 2, 78528, 97871, 0, 139.89
2026/10/09 03:39:52.916, 3, 78010, 97871, 0, 179.25
2026/10/09 03:39:53.916, 0, 78012, 97871, 0, 136.54
2026/10/09 03:39:53.916, 1, 79573, 97871, 0, 155.94
2026/10/09 03:39:53.916, 2, 79572, 97871, 0, 151.28
2026/10/09 03:39:53.916, 3, 78010, 97871, 0, 147.56
2026/10/09 03:39:54.916, 0, 79582, 97871, 4, 137.85
2026/10/09 03:39:54.916, 1, 82699, 97871, 0, 188.15
2026/10/09 03:39:54.916, 2, 82698, 97871, 0, 169.48
2026/10/09 03:39:54.916, 3, 78536, 97871, 0, 147.49
2026/10/09 03:39:55.917, 0, 82708, 97871, 31, 178.06
2026/10/09 03:39:55.917, 1, 82699, 97871, 0, 151.56
2026/10/09 03:39:55.917, 2, 82698, 97871, 0, 139.42
2026/10/09 03:39:55.917, 3, 79580, 97871, 0, 157.36
2026/10/09 03:39:56.917, 0, 82708, 97871, 0, 136.10
2026/10/09 03:39:56.917, 1, 82699, 97871, 0, 151.24
2026/10/09 03:39:56.917, 2, 82698, 97871, 0, 139.55
2026/10/09 03:39:56.917, 3, 82706, 97871, 0, 177.62
2026/10/09 03:39:57.917, 0, 82708, 97871, 0, 135.83
2026/10/09 03:39:57.917, 1, 82699, 97871, 0, 151.10
2026/10/09 03:39:57.917, 2, 82698, 97871, 0, 139.91
2026/10/09 03:39:57.917, 3, 82706, 97871, 0, 146.16
2026/10/09 03:39:58.917, 0, 82708, 97871, 0, 135.90
2026/10/09 03:39:58.917, 1, 82699, 97871, 0, 151.16
2026/10/09 03:39:58.917, 2, 82702, 97871, 0, 148.06
2026/10/09 03:39:58.917, 3, 82706, 97871, 0, 146.26
2026/10/09 03:39:59.917, 0, 82708, 97871, 0, 135.84
2026/10/09 03:39:59.917, 1, 82703, 97871, 1, 159.52
2026/10/09 03:39:59.918, 2, 82702, 97871, 0, 140.01
2026/10/09 03:39:59.918, 3, 82706, 97871, 0, 146.14
2026/10/09 03:40:00.918, 0, 82712, 97871, 0, 144.78
2026/10/09 03:40:00.918, 1, 82703, 97871, 0, 151.47
2026/10/09 03:40:00.918, 2, 82702, 97871, 0, 141.57
2026/10/09 03:40:00.918, 3, 82710, 97871, 0, 154.90
2026/10/09 03:40:01.918, 0, 82712, 97871, 0, 135.98
2026/10/09 03:40:01.918, 1, 82703, 97871, 14, 160.57
2026/10/09 03:40:01.918, 2, 82702, 97871, 0, 149.86
2026/10/09 03:40:01.918, 3, 82710, 97871, 0, 146.65
2026/10/09 03:40:02.918, 0, 82712, 97871, 0, 146.82
2026/10/09 03:40:02.918, 1, 82703, 97871, 0, 151.84
2026/10/09 03:40:02.918, 2, 82702, 97871, 0, 142.37
2026/10/09 03:40:02.918, 3, 82710, 97871, 0, 148.23
2026/10/09 03:40:03.918, 0, 82712, 97871, 0, 138.21
2026/10/09 03:40:03.919, 1, 82703, 97871, 0, 151.47
2026/10/09 03:40:03.919, 2, 82702, 97871, 0, 142.84
2026/10/09 03:40:03.919, 3, 82710, 97871, 0, 157.56
2026/10/09 03:40:04.919, 0, 82712, 97871, 0, 137.94
2026/10/09 03:40:04.919, 1, 82703, 97871, 0, 151.43
2026/10/09 03:40:04.919, 2, 82702, 97871, 0, 142.69
2026/10/09 03:40:04.919, 3, 82710, 97871, 0, 147.16
2026/10/09 03:40:05.919, 0, 82712, 97871, 0, 137.76
2026/10/09 03:40:05.919, 1, 82703, 97871, 0, 151.33
2026/10/09 03:40:05.919, 2, 82702, 97871, 0, 142.52
2026/10/09 03:40:05.919, 3, 82710, 97871, 0, 147.13
2026/10/09 03:40:06.919, 0, 82712, 97871, 0, 137.63
2026/10/09 03:40:06.919, 1, 82703, 97871, 0, 151.35
2026/10/09 03:40:06.919, 2, 82702, 97871, 0, 142.40
2026/10/09 03:40:06.919, 3, 82710, 97871, 0, 146.98
2026/10/09 03:40:07.919, 0, 82712, 97871, 0, 137.84
2026/10/09 03:40:07.919, 1, 82703, 97871, 0, 151.38
2026/10/09 03:40:07.919, 2, 82702, 97871, 0, 142.51
2026/10/09 03:40:07.919, 3, 82710, 97871, 0, 146.98
2026/10/09 03:40:08.919, 0, 82712, 97871, 0, 137.73
2026/10/09 03:40:08.920, 1, 82703, 97871, 0, 151.43
2026/10/09 03:40:08.920, 2, 82702, 97871, 0, 142.61
2026/10/09 03:40:08.920, 3, 82710, 97871, 0, 146.98
2026/10/09 03:40:09.920, 0, 82712, 97871, 0, 137.67
2026/10/09 03:40:09.920, 1, 82703, 97871, 0, 151.31
2026/10/09 03:40:09.920, 2, 82702, 97871, 0, 142.46
2026/10/09 03:40:09.920, 3, 82710, 97871, 0, 146.90
2026/10/09 03:40:10.920, 0, 82712, 97871, 0, 137.66
2026/10/09 03:40:10.920, 1, 82703, 97871, 0, 151.31
2026/10/09 03:40:10.920, 2, 82702, 97871, 0, 142.54
2026/10/09 03:40:10.920, 3, 82710, 97871, 0, 146.96
2026/10/09 03:40:11.920, 0, 82712, 97871, 0, 137.92
2026/10/09 03:40:11.920, 1, 82703, 97871, 0, 151.18
2026/10/09 03:40:11.920, 2, 82702, 97871, 0, 142.35
2026/10/09 03:40:11.920, 3, 82710, 97871, 0, 146.88
2026/10/09 03:40:12.920, 0, 82712, 97871, 0, 137.84
2026/10/09 03:40:12.920, 1, 82703, 97871, 0, 151.29
2026/10/09 03:40:12.920, 2, 82702, 97871, 0, 142.45
2026/10/09 03:40:12.920, 3, 82710, 97871, 0, 147.08
2026/10/09 03:40:13.920, 0, 82712, 97871, 0, 137.73
2026/10/09 03:40:13.920, 1, 82703, 97871, 0, 151.31
2026/10/09 03:40:13.920, 2, 82702, 97871, 0, 142.44
2026/10/09 03:40:13.920, 3, 82710, 97871, 0, 146.85
2026/10/09 03:40:14.921, 0, 82712, 97871, 0, 137.76
2026/10/09 03:40:14.921, 1, 82703, 97871, 0, 151.31
2026/10/09 03:40:14.921, 2, 82702, 97871, 0, 142.49
2026/10/09 03:40:14.921, 3, 82710, 97871, 0, 146.85
2026/10/09 03:40:15.921, 0, 82712, 97871, 0, 137.71
2026/10/09 03:40:15.921, 1, 82703, 97871, 0, 151.31
2026/10/09 03:40:15.921, 2, 82702, 97871, 0, 142.60
2026/10/09 03:40:15.921, 3, 82710, 97871, 0, 146.90
2026/10/09 03:40:16.921, 0, 82712, 97871, 0, 137.61
2026/10/09 03:40:16.921, 1, 82703, 97871, 0, 151.24
2026/10/09 03:40:16.921, 2, 82702, 97871, 0, 142.46
2026/10/09 03:40:16.921, 3, 82710, 97871, 0, 146.71
2026/10/09 03:40:17.921, 0, 82712, 97871, 0, 137.56
2026/10/09 03:40:17.921, 1, 82703, 97871, 0, 151.31
2026/10/09 03:40:17.921, 2, 82702, 97871, 0, 142.58
2026/10/09 03:40:17.921, 3, 82710, 97871, 0, 146.74
2026/10/09 03:40:18.921, 0, 82712, 97871, 0, 137.48
2026/10/09 03:40:18.921, 1, 82703, 97871, 0, 151.20
2026/10/09 03:40:18.921, 2, 82702, 97871, 0, 142.52
2026/10/09 03:40:18.921, 3, 82710, 97871, 0, 146.73
2026/10/09 03:40:19.921, 0, 82712, 97871, 0, 137.57
2026/10/09 03:40:19.922, 1, 82703, 97871, 0, 151.59
2026/10/09 03:40:19.922, 2, 82702, 97871, 0, 142.12
2026/10/09 03:40:19.922, 3, 82710, 97871, 0, 146.72
2026/10/09 03:40:20.922, 0, 82712, 97871, 0, 137.62
2026/10/09 03:40:20.922, 1, 82703, 97871, 0, 151.21
2026/10/09 03:40:20.922, 2, 82702, 97871, 0, 142.13
2026/10/09 03:40:20.922, 3, 82710, 97871, 0, 146.80
2026/10/09 03:40:21.922, 0, 82712, 97871, 0, 137.44
2026/10/09 03:40:21.922, 1, 82703, 97871, 0, 151.45
2026/10/09 03:40:21.922, 2, 82702, 97871, 0, 142.27
2026/10/09 03:40:21.922, 3, 82710, 97871, 0, 146.60
2026/10/09 03:40:22.922, 0, 82712, 97871, 0, 137.73
2026/10/09 03:40:22.922, 1, 82703, 97871, 0, 151.18
2026/10/09 03:40:22.922, 2, 82702, 97871, 0, 142.31
2026/10/09 03:40:22.922, 3, 82710, 97871, 0, 146.79
2026/10/09 03:40:23.922, 0, 82712, 97871, 0, 137.80
2026/10/09 03:40:23.922, 1, 82703, 97871, 0, 151.32
2026/10/09 03:40:23.922, 2, 82702, 97871, 0, 142.59
2026/10/09 03:40:23.922, 3, 82710, 97871, 0, 146.74
2026/10/09 03:40:24.922, 0, 82712, 97871, 0, 138.22
2026/10/09 03:40:24.922, 1, 82703, 97871, 0, 151.11
2026/10/09 03:40:24.923, 2, 82702, 97871, 0, 142.41
2026/10/09 03:40:24.923, 3, 82710, 97871, 0, 146.74
2026/10/09 03:40:25.923, 0, 82712, 97871, 0, 137.99
2026/10/09 03:40:25.923, 1, 82703, 97871, 0, 151.62
2026/10/09 03:40:25.923, 2, 82702, 97871, 0, 142.29
2026/10/09 03:40:25.923, 3, 82710, 97871, 0, 146.79
2026/10/09 03:40:26.923, 0, 82712, 97871, 0, 137.92
2026/10/09 03:40:26.923, 1, 82703, 97871, 0, 151.43
2026/10/09 03:40:26.923, 2, 82702, 97871, 0, 142.10
2026/10/09 03:40:26.923, 3, 82710, 97871, 0, 146.78
2026/10/09 03:40:27.923, 0, 82712, 97871, 0, 137.87
2026/10/09 03:40:27.923, 1, 82703, 97871, 0, 151.27
2026/10/09 03:40:27.923, 2, 82702, 97871, 0, 141.87
2026/10/09 03:40:27.923, 3, 82710, 97871, 0, 146.77
2026/10/09 03:40:28.923, 0, 82712, 97871, 0, 137.82
2026/10/09 03:40:28.924, 1, 82703, 97871, 0, 151.61
2026/10/09 03:40:28.924, 2, 82702, 97871, 0, 142.30
2026/10/09 03:40:28.924, 3, 82710, 97871, 0, 146.97
2026/10/09 03:40:29.924, 0, 82712, 97871, 0, 137.88
2026/10/09 03:40:29.924, 1, 82703, 97871, 0, 151.58
2026/10/09 03:40:29.924, 2, 82702, 97871, 0, 141.88
2026/10/09 03:40:29.924, 3, 82710, 97871, 0, 146.68
2026/10/09 03:40:30.924, 0, 82712, 97871, 0, 137.87
2026/10/09 03:40:30.924, 1, 82703, 97871, 0, 151.43
2026/10/09 03:40:30.924, 2, 82702, 97871, 0, 141.82
2026/10/09 03:40:30.924, 3, 82710, 97871, 0, 146.53
2026/10/09 03:40:31.925, 0, 82712, 97871, 0, 137.70
2026/10/09 03:40:31.925, 1, 82703, 97871, 0, 151.50
2026/10/09 03:40:31.925, 2, 82702, 97871, 0, 141.85
2026/10/09 03:40:31.925, 3, 82710, 97871, 0, 146.86
2026/10/09 03:40:32.925, 0, 82712, 97871, 0, 158.25
2026/10/09 03:40:32.925, 1, 82703, 97871, 0, 158.78
2026/10/09 03:40:32.925, 2, 82702, 97871, 0, 156.99
2026/10/09 03:40:32.925, 3, 82710, 97871, 0, 155.31
2026/10/09 03:40:33.925, 0, 82712, 97871, 100, 446.14
2026/10/09 03:40:33.925, 1, 82703, 97871, 67, 443.01
2026/10/09 03:40:33.925, 2, 82702, 97871, 100, 444.99
2026/10/09 03:40:33.925, 3, 82710, 97871, 67, 433.33
2026/10/09 03:40:34.926, 0, 82712, 97871, 100, 512.94
2026/10/09 03:40:34.926, 1, 82703, 97871, 72, 523.08
2026/10/09 03:40:34.926, 2, 82702, 97871, 100, 515.96
2026/10/09 03:40:34.926, 3, 82710, 97871, 92, 516.05
2026/10/09 03:40:35.926, 0, 82712, 97871, 89, 511.84
2026/10/09 03:40:35.926, 1, 82703, 97871, 97, 531.42
2026/10/09 03:40:35.926, 2, 82702, 97871, 99, 517.38
2026/10/09 03:40:35.926, 3, 82710, 97871, 100, 520.24
2026/10/09 03:40:36.926, 0, 82712, 97871, 100, 506.58
2026/10/09 03:40:36.926, 1, 82703, 97871, 100, 527.38
2026/10/09 03:40:36.926, 2, 82702, 97871, 100, 512.48
2026/10/09 03:40:36.926, 3, 82710, 97871, 99, 519.36
2026/10/09 03:40:37.926, 0, 82712, 97871, 99, 358.60
2026/10/09 03:40:37.927, 1, 82703, 97871, 77, 359.47
2026/10/09 03:40:37.927, 2, 82702, 97871, 100, 338.62
2026/10/09 03:40:37.927, 3, 82710, 97871, 70, 451.71
2026/10/09 03:40:38.927, 0, 82712, 97871, 99, 474.38
2026/10/09 03:40:38.927, 1, 82703, 97871, 99, 481.69
2026/10/09 03:40:38.927, 2, 82702, 97871, 100, 469.43
2026/10/09 03:40:38.927, 3, 82710, 97871, 87, 425.23
2026/10/09 03:40:39.927, 0, 82712, 97871, 100, 467.99
2026/10/09 03:40:39.927, 1, 82703, 97871, 96, 495.04
2026/10/09 03:40:39.927, 2, 82702, 97871, 100, 482.52
2026/10/09 03:40:39.927, 3, 82710, 97871, 99, 475.33
2026/10/09 03:40:40.927, 0, 82712, 97871, 99, 476.89
2026/10/09 03:40:40.927, 1, 82703, 97871, 99, 488.13
2026/10/09 03:40:40.927, 2, 82702, 97871, 100, 473.64
2026/10/09 03:40:40.927, 3, 82710, 97871, 99, 494.49
2026/10/09 03:40:41.927, 0, 82712, 97871, 99, 479.25
2026/10/09 03:40:41.928, 1, 82703, 97871, 99, 490.72
2026/10/09 03:40:41.928, 2, 82702, 97871, 100, 474.68
2026/10/09 03:40:41.928, 3, 82710, 97871, 99, 477.33
2026/10/09 03:40:42.928, 0, 82712, 97871, 99, 485.61
2026/10/09 03:40:42.928, 1, 82703, 97871, 98, 491.61
2026/10/09 03:40:42.928, 2, 82702, 97871, 99, 485.99
2026/10/09 03:40:42.928, 3, 82710, 97871, 99, 484.93
2026/10/09 03:40:43.928, 0, 82712, 97871, 100, 478.25
2026/10/09 03:40:43.928, 1, 82703, 97871, 98, 499.67
2026/10/09 03:40:43.928, 2, 82702, 97871, 99, 472.82
2026/10/09 03:40:43.928, 3, 82710, 97871, 99, 478.04
2026/10/09 03:40:44.928, 0, 82712, 97871, 98, 481.33
2026/10/09 03:40:44.928, 1, 82703, 97871, 99, 505.25
2026/10/09 03:40:44.928, 2, 82702, 97871, 100, 492.17
2026/10/09 03:40:44.928, 3, 82710, 97871, 99, 491.57
2026/10/09 03:40:45.928, 0, 82712, 97871, 99, 473.14
2026/10/09 03:40:45.928, 1, 82703, 97871, 99, 482.66
2026/10/09 03:40:45.928, 2, 82702, 97871, 100, 483.81
2026/10/09 03:40:45.928, 3, 82710, 97871, 100, 487.72
2026/10/09 03:40:46.928, 0, 82712, 97871, 99, 492.70
2026/10/09 03:40:46.929, 1, 82703, 97871, 100, 494.68
2026/10/09 03:40:46.929, 2, 82702, 97871, 100, 488.92
2026/10/09 03:40:46.929, 3, 82710, 97871, 99, 494.27
2026/10/09 03:40:47.929, 0, 82712, 97871, 99, 480.02
2026/10/09 03:40:47.929, 1, 82703, 97871, 99, 485.89
2026/10/09 03:40:47.929, 2, 82702, 97871, 99, 477.61
2026/10/09 03:40:47.929, 3, 82710, 97871, 99, 479.14
2026/10/09 03:40:48.929, 0, 82712, 97871, 99, 471.50
2026/10/09 03:40:48.929, 1, 82703, 97871, 99, 499.20
2026/10/09 03:40:48.929, 2, 82702, 97871, 100, 482.06
2026/10/09 03:40:48.929, 3, 82710, 97871, 99, 476.13
2026/10/09 03:40:49.929, 0, 82712, 97871, 99, 471.08
2026/10/09 03:40:49.929, 1, 82703, 97871, 99, 485.23
2026/10/09 03:40:49.929, 2, 82702, 97871, 99, 487.87
2026/10/09 03:40:49.929, 3, 82710, 97871, 99, 494.08
2026/10/09 03:40:50.930, 0, 82712, 97871, 99, 473.61
2026/10/09 03:40:50.930, 1, 82703, 97871, 99, 490.53
2026/10/09 03:40:50.930, 2, 82702, 97871, 99, 471.54
2026/10/09 03:40:50.930, 3, 82710, 97871, 99, 473.45
2026/10/09 03:40:51.930, 0, 82712, 97871, 99, 479.65
2026/10/09 03:40:51.930, 1, 82703, 97871, 99, 487.96
2026/10/09 03:40:51.930, 2, 82702, 97871, 99, 479.55
2026/10/09 03:40:51.930, 3, 82710, 97871, 99, 484.50
2026/10/09 03:40:52.930, 0, 82712, 97871, 99, 482.02
2026/10/09 03:40:52.930, 1, 82703, 97871, 100, 497.20
2026/10/09 03:40:52.930, 2, 82702, 97871, 99, 482.49
2026/10/09 03:40:52.930, 3, 82710, 97871, 99, 481.37
2026/10/09 03:40:53.930, 0, 82712, 97871, 99, 477.50
2026/10/09 03:40:53.930, 1, 82703, 97871, 99, 488.65
2026/10/09 03:40:53.930, 2, 82702, 97871, 100, 487.77
2026/10/09 03:40:53.930, 3, 82710, 97871, 99, 481.85
2026/10/09 03:40:54.931, 0, 82712, 97871, 99, 471.62
2026/10/09 03:40:54.931, 1, 82703, 97871, 99, 494.69
2026/10/09 03:40:54.931, 2, 82702, 97871, 99, 481.47
2026/10/09 03:40:54.931, 3, 82710, 97871, 100, 488.77
2026/10/09 03:40:55.931, 0, 82712, 97871, 100, 478.54
2026/10/09 03:40:55.931, 1, 82703, 97871, 99, 483.26
2026/10/09 03:40:55.931, 2, 82702, 97871, 100, 473.58
2026/10/09 03:40:55.931, 3, 82710, 97871, 99, 478.77
2026/10/09 03:40:56.931, 0, 82712, 97871, 96, 502.39
2026/10/09 03:40:56.931, 1, 82703, 97871, 99, 495.32
2026/10/09 03:40:56.931, 2, 82702, 97871, 99, 491.78
2026/10/09 03:40:56.931, 3, 82710, 97871, 99, 482.27
2026/10/09 03:40:57.931, 0, 82712, 97871, 99, 468.72
2026/10/09 03:40:57.931, 1, 82703, 97871, 99, 504.38
2026/10/09 03:40:57.931, 2, 82702, 97871, 99, 501.77
2026/10/09 03:40:57.931, 3, 82710, 97871, 98, 488.72
2026/10/09 03:40:58.932, 0, 82712, 97871, 99, 482.92
2026/10/09 03:40:58.932, 1, 82703, 97871, 99, 486.30
2026/10/09 03:40:58.932, 2, 82702, 97871, 99, 476.21
2026/10/09 03:40:58.932, 3, 82710, 97871, 99, 499.18
2026/10/09 03:40:59.932, 0, 82712, 97871, 99, 471.47
2026/10/09 03:40:59.932, 1, 82703, 97871, 99, 491.56
2026/10/09 03:40:59.932, 2, 82702, 97871, 100, 488.39
2026/10/09 03:40:59.932, 3, 82710, 97871, 99, 478.15
2026/10/09 03:41:00.932, 0, 82712, 97871, 95, 486.30
2026/10/09 03:41:00.932, 1, 82703, 97871, 99, 491.65
2026/10/09 03:41:00.932, 2, 82702, 97871, 100, 473.27
2026/10/09 03:41:00.932, 3, 82710, 97871, 99, 496.56
2026/10/09 03:41:01.932, 0, 82712, 97871, 99, 468.36
2026/10/09 03:41:01.932, 1, 82703, 97871, 99, 503.53
2026/10/09 03:41:01.932, 2, 82702, 97871, 99, 485.39
2026/10/09 03:41:01.932, 3, 82710, 97871, 99, 476.94
2026/10/09 03:41:02.933, 0, 82712, 97871, 99, 474.02
2026/10/09 03:41:02.933, 1, 82703, 97871, 100, 485.46
2026/10/09 03:41:02.933, 2, 82702, 97871, 100, 494.74
2026/10/09 03:41:02.933, 3, 82710, 97871, 99, 482.77
2026/10/09 03:41:03.933, 0, 82712, 97871, 99, 473.66
2026/10/09 03:41:03.933, 1, 82703, 97871, 99, 491.40
2026/10/09 03:41:03.933, 2, 82702, 97871, 100, 479.15
2026/10/09 03:41:03.933, 3, 82710, 97871, 99, 494.58
2026/10/09 03:41:04.933, 0, 82712, 97871, 99, 479.06
2026/10/09 03:41:04.933, 1, 82703, 97871, 99, 504.14
2026/10/09 03:41:04.933, 2, 82702, 97871, 99, 492.59
2026/10/09 03:41:04.933, 3, 82710, 97871, 100, 477.03
2026/10/09 03:41:05.933, 0, 82712, 97871, 99, 472.16
2026/10/09 03:41:05.933, 1, 82703, 97871, 99, 487.54
2026/10/09 03:41:05.934, 2, 82702, 97871, 100, 486.25
2026/10/09 03:41:05.934, 3, 82710, 97871, 100, 483.80
2026/10/09 03:41:06.934, 0, 82712, 97871, 99, 476.20
2026/10/09 03:41:06.934, 1, 82703, 97871, 99, 504.32
2026/10/09 03:41:06.934, 2, 82702, 97871, 99, 477.18
2026/10/09 03:41:06.934, 3, 82710, 97871, 99, 483.24
2026/10/09 03:41:07.934, 0, 82712, 97871, 99, 473.92
2026/10/09 03:41:07.934, 1, 82703, 97871, 99, 490.61
2026/10/09 03:41:07.934, 2, 82702, 97871, 100, 497.02
2026/10/09 03:41:07.934, 3, 82710, 97871, 98, 486.94
2026/10/09 03:41:08.934, 0, 82712, 97871, 99, 484.97
2026/10/09 03:41:08.934, 1, 82703, 97871, 99, 490.90
2026/10/09 03:41:08.934, 2, 82702, 97871, 100, 483.10
2026/10/09 03:41:08.934, 3, 82710, 97871, 100, 483.95
2026/10/09 03:41:09.934, 0, 82712, 97871, 99, 473.21
2026/10/09 03:41:09.934, 1, 82703, 97871, 99, 499.53
2026/10/09 03:41:09.934, 2, 82702, 97871, 100, 480.49
2026/10/09 03:41:09.934, 3, 82710, 97871, 99, 485.62
2026/10/09 03:41:10.935, 0, 82712, 97871, 99, 482.24
2026/10/09 03:41:10.935, 1, 82703, 97871, 98, 489.98
2026/10/09 03:41:10.935, 2, 82702, 97871, 99, 489.78
2026/10/09 03:41:10.935, 3, 82710, 97871, 99, 480.79
2026/10/09 03:41:11.935, 0, 82712, 97871, 99, 479.98
2026/10/09 03:41:11.935, 1, 82703, 97871, 100, 496.75
2026/10/09 03:41:11.935, 2, 82702, 97871, 97, 476.95
2026/10/09 03:41:11.935, 3, 82710, 97871, 99, 489.74
2026/10/09 03:41:12.935, 0, 82712, 97871, 99, 492.33
2026/10/09 03:41:12.935, 1, 82703, 97871, 97, 494.94
2026/10/09 03:41:12.935, 2, 82702, 97871, 100, 488.84
2026/10/09 03:41:12.935, 3, 82710, 97871, 99, 481.06
2026/10/09 03:41:13.935, 0, 82712, 97871, 99, 462.79
2026/10/09 03:41:13.935, 1, 82703, 97871, 99, 486.85
2026/10/09 03:41:13.935, 2, 82702, 97871, 97, 493.01
2026/10/09 03:41:13.936, 3, 82710, 97871, 97, 490.65
2026/10/09 03:41:14.936, 0, 82712, 97871, 99, 475.22
2026/10/09 03:41:14.936, 1, 82703, 97871, 99, 485.29
2026/10/09 03:41:14.936, 2, 82702, 97871, 100, 479.35
2026/10/09 03:41:14.936, 3, 82710, 97871, 99, 487.76
2026/10/09 03:41:15.936, 0, 82712, 97871, 93, 474.52
2026/10/09 03:41:15.936, 1, 82703, 97871, 99, 488.34
2026/10/09 03:41:15.936, 2, 82702, 97871, 99, 473.94
2026/10/09 03:41:15.936, 3, 82710, 97871, 99, 483.09
2026/10/09 03:41:16.936, 0, 82712, 97871, 99, 469.61
2026/10/09 03:41:16.936, 1, 82703, 97871, 99, 496.64
2026/10/09 03:41:16.936, 2, 82702, 97871, 100, 473.69
2026/10/09 03:41:16.936, 3, 82710, 97871, 99, 479.74
2026/10/09 03:41:17.936, 0, 82712, 97871, 99, 478.84
2026/10/09 03:41:17.936, 1, 82703, 97871, 99, 487.26
2026/10/09 03:41:17.936, 2, 82702, 97871, 100, 478.83
2026/10/09 03:41:17.937, 3, 82710, 97871, 100, 480.85
2026/10/09 03:41:18.937, 0, 82712, 97871, 99, 479.80
2026/10/09 03:41:18.937, 1, 82703, 97871, 99, 488.25
2026/10/09 03:41:18.937, 2, 82702, 97871, 100, 475.19
2026/10/09 03:41:18.937, 3, 82710, 97871, 99, 473.97
2026/10/09 03:41:19.937, 0, 82712, 97871, 99, 462.56
2026/10/09 03:41:19.937, 1, 82703, 97871, 99, 493.70
2026/10/09 03:41:19.937, 2, 82702, 97871, 100, 476.46
2026/10/09 03:41:19.937, 3, 82710, 97871, 99, 488.34
2026/10/09 03:41:20.937, 0, 82712, 97871, 99, 479.66
2026/10/09 03:41:20.937, 1, 82703, 97871, 99, 486.40
2026/10/09 03:41:20.937, 2, 82702, 97871, 99, 476.81
2026/10/09 03:41:20.937, 3, 82710, 97871, 99, 479.88
2026/10/09 03:41:21.937, 0, 82712, 97871, 99, 463.28
2026/10/09 03:41:21.937, 1, 82703, 97871, 98, 490.04
2026/10/09 03:41:21.937, 2, 82702, 97871, 100, 478.43
2026/10/09 03:41:21.937, 3, 82710, 97871, 99, 479.76
2026/10/09 03:41:22.937, 0, 82712, 97871, 100, 473.38
2026/10/09 03:41:22.937, 1, 82703, 97871, 99, 485.38
2026/10/09 03:41:22.937, 2, 82702, 97871, 100, 476.84
2026/10/09 03:41:22.937, 3, 82710, 97871, 99, 480.15
2026/10/09 03:41:23.938, 0, 82712, 97871, 99, 480.24
2026/10/09 03:41:23.938, 1, 82703, 97871, 99, 487.58
2026/10/09 03:41:23.938, 2, 82702, 97871, 99, 489.02
2026/10/09 03:41:23.938, 3, 82710, 97871, 100, 479.52
2026/10/09 03:41:24.938, 0, 82712, 97871, 99, 475.89
2026/10/09 03:41:24.938, 1, 82703, 97871, 99, 487.87
2026/10/09 03:41:24.938, 2, 82702, 97871, 100, 479.64
2026/10/09 03:41:24.938, 3, 82710, 97871, 99, 475.56
2026/10/09 03:41:25.938, 0, 82712, 97871, 100, 475.65
2026/10/09 03:41:25.938, 1, 82703, 97871, 99, 487.92
2026/10/09 03:41:25.938, 2, 82702, 97871, 97, 478.33
2026/10/09 03:41:25.938, 3, 82710, 97871, 99, 481.72
2026/10/09 03:41:26.938, 0, 82712, 97871, 99, 467.77
2026/10/09 03:41:26.938, 1, 82703, 97871, 99, 483.37
2026/10/09 03:41:26.938, 2, 82702, 97871, 99, 472.63
2026/10/09 03:41:26.938, 3, 82710, 97871, 99, 482.77
2026/10/09 03:41:27.938, 0, 82712, 97871, 99, 480.98
2026/10/09 03:41:27.939, 1, 82703, 97871, 99, 484.96
2026/10/09 03:41:27.939, 2, 82702, 97871, 100, 476.31
2026/10/09 03:41:27.939, 3, 82710, 97871, 99, 479.19
2026/10/09 03:41:28.939, 0, 82712, 97871, 99, 482.64
2026/10/09 03:41:28.939, 1, 82703, 97871, 99, 489.51
2026/10/09 03:41:28.939, 2, 82702, 97871, 98, 476.37
2026/10/09 03:41:28.939, 3, 82710, 97871, 100, 479.83
2026/10/09 03:41:29.939, 0, 82712, 97871, 99, 476.47
2026/10/09 03:41:29.939, 1, 82703, 97871, 99, 489.34
2026/10/09 03:41:29.939, 2, 82702, 97871, 100, 470.46
2026/10/09 03:41:29.939, 3, 82710, 97871, 99, 480.31
2026/10/09 03:41:30.939, 0, 82712, 97871, 99, 471.95
2026/10/09 03:41:30.939, 1, 82703, 97871, 99, 484.98
2026/10/09 03:41:30.939, 2, 82702, 97871, 100, 476.05
2026/10/09 03:41:30.939, 3, 82710, 97871, 99, 476.28
2026/10/09 03:41:31.939, 0, 82712, 97871, 99, 472.76
2026/10/09 03:41:31.939, 1, 82703, 97871, 99, 495.92
2026/10/09 03:41:31.939, 2, 82702, 97871, 100, 477.46
2026/10/09 03:41:31.939, 3, 82710, 97871, 99, 481.27
2026/10/09 03:41:32.939, 0, 82712, 97871, 100, 475.14
2026/10/09 03:41:32.940, 1, 82703, 97871, 99, 480.76
2026/10/09 03:41:32.940, 2, 82702, 97871, 100, 477.58
2026/10/09 03:41:32.940, 3, 82710, 97871, 99, 482.77
2026/10/09 03:41:33.940, 0, 82712, 97871, 99, 465.35
2026/10/09 03:41:33.940, 1, 82703, 97871, 99, 486.92
2026/10/09 03:41:33.940, 2, 82702, 97871, 100, 477.25
2026/10/09 03:41:33.940, 3, 82710, 97871, 99, 485.53
2026/10/09 03:41:34.940, 0, 82712, 97871, 99, 475.97
2026/10/09 03:41:34.940, 1, 82703, 97871, 99, 488.53
2026/10/09 03:41:34.940, 2, 82702, 97871, 99, 477.49
2026/10/09 03:41:34.940, 3, 82710, 97871, 99, 483.45
2026/10/09 03:41:35.940, 0, 82712, 97871, 99, 474.60
2026/10/09 03:41:35.940, 1, 82703, 97871, 100, 491.97
2026/10/09 03:41:35.940, 2, 82702, 97871, 100, 475.65
2026/10/09 03:41:35.940, 3, 82710, 97871, 99, 487.68
2026/10/09 03:41:36.940, 0, 82712, 97871, 99, 472.71
2026/10/09 03:41:36.940, 1, 82703, 97871, 97, 489.78
2026/10/09 03:41:36.940, 2, 82702, 97871, 99, 490.59
2026/10/09 03:41:36.940, 3, 82710, 97871, 99, 470.25
2026/10/09 03:41:37.940, 0, 82712, 97871, 99, 476.67
2026/10/09 03:41:37.940, 1, 82703, 97871, 99, 488.41
2026/10/09 03:41:37.941, 2, 82702, 97871, 100, 484.72
2026/10/09 03:41:37.941, 3, 82710, 97871, 99, 481.38
2026/10/09 03:41:38.941, 0, 82712, 97871, 100, 477.37
2026/10/09 03:41:38.941, 1, 82703, 97871, 99, 488.33
2026/10/09 03:41:38.941, 2, 82702, 97871, 100, 477.70
2026/10/09 03:41:38.941, 3, 82710, 97871, 99, 482.16
2026/10/09 03:41:39.941, 0, 82712, 97871, 100, 472.04
2026/10/09 03:41:39.941, 1, 82703, 97871, 99, 488.18
2026/10/09 03:41:39.941, 2, 82702, 97871, 100, 479.69
2026/10/09 03:41:39.941, 3, 82710, 97871, 99, 479.50
2026/10/09 03:41:40.941, 0, 82712, 97871, 99, 468.76
2026/10/09 03:41:40.941, 1, 82703, 97871, 99, 489.66
2026/10/09 03:41:40.941, 2, 82702, 97871, 100, 495.09
2026/10/09 03:41:40.941, 3, 82710, 97871, 99, 485.75
2026/10/09 03:41:41.941, 0, 82712, 97871, 99, 474.40
2026/10/09 03:41:41.941, 1, 82703, 97871, 99, 488.71
2026/10/09 03:41:41.941, 2, 82702, 97871, 99, 477.18
2026/10/09 03:41:41.941, 3, 82710, 97871, 99, 481.76
2026/10/09 03:41:42.941, 0, 82712, 97871, 99, 473.69
2026/10/09 03:41:42.941, 1, 82703, 97871, 99, 485.93
2026/10/09 03:41:42.941, 2, 82702, 97871, 100, 478.46
2026/10/09 03:41:42.942, 3, 82710, 97871, 99, 482.06
2026/10/09 03:41:43.942, 0, 82712, 97871, 99, 468.94
2026/10/09 03:41:43.942, 1, 82703, 97871, 99, 488.14
2026/10/09 03:41:43.942, 2, 82702, 97871, 99, 476.96
2026/10/09 03:41:43.942, 3, 82710, 97871, 97, 482.38
2026/10/09 03:41:44.942, 0, 82712, 97871, 99, 471.19
2026/10/09 03:41:44.942, 1, 82703, 97871, 99, 488.66
2026/10/09 03:41:44.942, 2, 82702, 97871, 100, 474.95
2026/10/09 03:41:44.942, 3, 82710, 97871, 99, 475.46
2026/10/09 03:41:45.942, 0, 82712, 97871, 99, 474.62
2026/10/09 03:41:45.942, 1, 82703, 97871, 99, 485.68
2026/10/09 03:41:45.942, 2, 82702, 97871, 100, 481.07
2026/10/09 03:41:45.942, 3, 82710, 97871, 99, 480.74
2026/10/09 03:41:46.942, 0, 82712, 97871, 99, 473.23
2026/10/09 03:41:46.942, 1, 82702, 97871, 99, 488.95
2026/10/09 03:41:46.942, 2, 82702, 97871, 100, 478.76
2026/10/09 03:41:46.942, 3, 82710, 97871, 100, 481.61
2026/10/09 03:41:47.942, 0, 82712, 97871, 99, 484.06
2026/10/09 03:41:47.942, 1, 82702, 97871, 99, 489.44
2026/10/09 03:41:47.942, 2, 82702, 97871, 100, 473.98
2026/10/09 03:41:47.943, 3, 82710, 97871, 99, 478.36
2026/10/09 03:41:48.943, 0, 82712, 97871, 99, 469.50
2026/10/09 03:41:48.943, 1, 82702, 97871, 99, 487.31
2026/10/09 03:41:48.943, 2, 82702, 97871, 100, 482.58
2026/10/09 03:41:48.943, 3, 82710, 97871, 99, 483.75
2026/10/09 03:41:49.943, 0, 82712, 97871, 99, 472.90
2026/10/09 03:41:49.943, 1, 82702, 97871, 99, 496.12
2026/10/09 03:41:49.943, 2, 82702, 97871, 100, 486.45
2026/10/09 03:41:49.943, 3, 82710, 97871, 100, 483.09
2026/10/09 03:41:50.943, 0, 82712, 97871, 99, 480.12
2026/10/09 03:41:50.943, 1, 82702, 97871, 97, 484.37
2026/10/09 03:41:50.943, 2, 82702, 97871, 100, 479.68
2026/10/09 03:41:50.943, 3, 82710, 97871, 100, 476.62
2026/10/09 03:41:51.943, 0, 82712, 97871, 99, 473.80
2026/10/09 03:41:51.943, 1, 82702, 97871, 99, 491.56
2026/10/09 03:41:51.943, 2, 82702, 97871, 100, 479.46
2026/10/09 03:41:51.943, 3, 82710, 97871, 99, 483.02
2026/10/09 03:41:52.943, 0, 82712, 97871, 99, 477.76
2026/10/09 03:41:52.943, 1, 82702, 97871, 99, 486.79
2026/10/09 03:41:52.943, 2, 82702, 97871, 99, 474.58
2026/10/09 03:41:52.943, 3, 82710, 97871, 100, 483.89
2026/10/09 03:41:53.943, 0, 82712, 97871, 99, 478.92
2026/10/09 03:41:53.944, 1, 82702, 97871, 99, 488.39
2026/10/09 03:41:53.944, 2, 82702, 97871, 99, 480.18
2026/10/09 03:41:53.944, 3, 82710, 97871, 99, 480.86
2026/10/09 03:41:54.944, 0, 82712, 97871, 99, 472.74
2026/10/09 03:41:54.944, 1, 82702, 97871, 99, 498.91
2026/10/09 03:41:54.944, 2, 82702, 97871, 100, 484.15
2026/10/09 03:41:54.944, 3, 82710, 97871, 99, 481.10
2026/10/09 03:41:55.944, 0, 82712, 97871, 99, 469.91
2026/10/09 03:41:55.944, 1, 82702, 97871, 99, 489.62
2026/10/09 03:41:55.944, 2, 82702, 97871, 100, 470.50
2026/10/09 03:41:55.944, 3, 82710, 97871, 100, 480.99
2026/10/09 03:41:56.944, 0, 82712, 97871, 99, 478.40
2026/10/09 03:41:56.944, 1, 82702, 97871, 99, 481.55
2026/10/09 03:41:56.944, 2, 82702, 97871, 100, 479.02
2026/10/09 03:41:56.944, 3, 82710, 97871, 99, 479.60
2026/10/09 03:41:57.944, 0, 82712, 97871, 99, 475.11
2026/10/09 03:41:57.944, 1, 82702, 97871, 99, 496.01
2026/10/09 03:41:57.944, 2, 82702, 97871, 100, 481.16
2026/10/09 03:41:57.944, 3, 82710, 97871, 100, 482.65
2026/10/09 03:41:58.944, 0, 82712, 97871, 99, 479.99
2026/10/09 03:41:58.944, 1, 82702, 97871, 99, 477.18
2026/10/09 03:41:58.944, 2, 82702, 97871, 99, 480.07
2026/10/09 03:41:58.945, 3, 82710, 97871, 99, 482.03
2026/10/09 03:41:59.945, 0, 82712, 97871, 99, 481.76
2026/10/09 03:41:59.945, 1, 82702, 97871, 99, 490.13
2026/10/09 03:41:59.945, 2, 82702, 97871, 100, 480.93
2026/10/09 03:41:59.945, 3, 82710, 97871, 99, 484.95
2026/10/09 03:42:00.945, 0, 82712, 97871, 99, 472.18
2026/10/09 03:42:00.945, 1, 82702, 97871, 99, 489.92
2026/10/09 03:42:00.945, 2, 82702, 97871, 100, 478.12
2026/10/09 03:42:00.945, 3, 82710, 97871, 99, 483.05
2026/10/09 03:42:01.945, 0, 82712, 97871, 99, 472.70
2026/10/09 03:42:01.945, 1, 82702, 97871, 99, 495.12
2026/10/09 03:42:01.945, 2, 82702, 97871, 98, 479.46
2026/10/09 03:42:01.945, 3, 82710, 97871, 99, 483.76
2026/10/09 03:42:02.945, 0, 82712, 97871, 99, 472.66
2026/10/09 03:42:02.945, 1, 82702, 97871, 99, 484.65
2026/10/09 03:42:02.945, 2, 82702, 97871, 100, 480.17
2026/10/09 03:42:02.945, 3, 82710, 97871, 100, 484.78
2026/10/09 03:42:03.945, 0, 82712, 97871, 100, 475.41
2026/10/09 03:42:03.945, 1, 82702, 97871, 99, 483.36
2026/10/09 03:42:03.946, 2, 82702, 97871, 100, 485.02
2026/10/09 03:42:03.946, 3, 82710, 97871, 99, 483.00
2026/10/09 03:42:04.946, 0, 82712, 97871, 99, 470.53
2026/10/09 03:42:04.946, 1, 82702, 97871, 99, 488.78
2026/10/09 03:42:04.946, 2, 82702, 97871, 98, 475.75
2026/10/09 03:42:04.946, 3, 82710, 97871, 99, 481.78
2026/10/09 03:42:05.946, 0, 82712, 97871, 97, 481.30
2026/10/09 03:42:05.946, 1, 82702, 97871, 99, 489.72
2026/10/09 03:42:05.946, 2, 82702, 97871, 99, 478.63
2026/10/09 03:42:05.946, 3, 82710, 97871, 99, 481.26
2026/10/09 03:42:06.946, 0, 82712, 97871, 99, 463.55
2026/10/09 03:42:06.946, 1, 82702, 97871, 99, 486.78
2026/10/09 03:42:06.946, 2, 82702, 97871, 100, 484.69
2026/10/09 03:42:06.946, 3, 82710, 97871, 99, 481.57
2026/10/09 03:42:07.946, 0, 82712, 97871, 99, 474.68
2026/10/09 03:42:07.946, 1, 82702, 97871, 99, 488.10
2026/10/09 03:42:07.946, 2, 82702, 97871, 100, 469.31
2026/10/09 03:42:07.946, 3, 82710, 97871, 99, 482.46
2026/10/09 03:42:08.946, 0, 82712, 97871, 99, 476.47
2026/10/09 03:42:08.946, 1, 82702, 97871, 99, 488.32
2026/10/09 03:42:08.946, 2, 82702, 97871, 100, 487.34
2026/10/09 03:42:08.946, 3, 82710, 97871, 99, 482.47
2026/10/09 03:42:09.947, 0, 82712, 97871, 99, 477.13
2026/10/09 03:42:09.947, 1, 82702, 97871, 99, 490.00
2026/10/09 03:42:09.947, 2, 82702, 97871, 100, 479.80
2026/10/09 03:42:09.947, 3, 82710, 97871, 99, 483.27
2026/10/09 03:42:10.947, 0, 82712, 97871, 95, 476.35
2026/10/09 03:42:10.947, 1, 82702, 97871, 100, 486.87
2026/10/09 03:42:10.947, 2, 82702, 97871, 100, 477.46
2026/10/09 03:42:10.947, 3, 82709, 97871, 95, 487.29
2026/10/09 03:42:11.947, 0, 82712, 97871, 97, 471.22
2026/10/09 03:42:11.947, 1, 82702, 97871, 99, 491.35
2026/10/09 03:42:11.947, 2, 82702, 97871, 100, 479.42
2026/10/09 03:42:11.947, 3, 82709, 97871, 100, 476.25
2026/10/09 03:42:12.947, 0, 82712, 97871, 96, 480.89
2026/10/09 03:42:12.947, 1, 82702, 97871, 99, 478.57
2026/10/09 03:42:12.947, 2, 82702, 97871, 99, 488.15
2026/10/09 03:42:12.947, 3, 82709, 97871, 100, 485.77
2026/10/09 03:42:13.947, 0, 82712, 97871, 99, 463.06
2026/10/09 03:42:13.948, 1, 82702, 97871, 99, 488.30
2026/10/09 03:42:13.948, 2, 82702, 97871, 100, 478.76
2026/10/09 03:42:13.948, 3, 82709, 97871, 99, 482.68
2026/10/09 03:42:14.952, 0, 82712, 97871, 99, 473.86
2026/10/09 03:42:14.952, 1, 82702, 97871, 99, 487.98
2026/10/09 03:42:14.952, 2, 82702, 97871, 100, 487.10
2026/10/09 03:42:14.952, 3, 82709, 97871, 100, 485.52
2026/10/09 03:42:15.952, 0, 82712, 97871, 99, 472.25
2026/10/09 03:42:15.952, 1, 82702, 97871, 99, 488.10
2026/10/09 03:42:15.952, 2, 82702, 97871, 100, 463.61
2026/10/09 03:42:15.952, 3, 82709, 97871, 99, 477.95
2026/10/09 03:42:16.952, 0, 82712, 97871, 97, 473.98
2026/10/09 03:42:16.952, 1, 82702, 97871, 99, 489.98
2026/10/09 03:42:16.952, 2, 82702, 97871, 99, 473.65
2026/10/09 03:42:16.952, 3, 82709, 97871, 99, 482.65
2026/10/09 03:42:17.952, 0, 82712, 97871, 99, 465.46
2026/10/09 03:42:17.952, 1, 82702, 97871, 99, 481.93
2026/10/09 03:42:17.952, 2, 82702, 97871, 97, 473.44
2026/10/09 03:42:17.952, 3, 82709, 97871, 99, 482.31
2026/10/09 03:42:18.952, 0, 82712, 97871, 99, 471.58
2026/10/09 03:42:18.952, 1, 82702, 97871, 99, 487.67
2026/10/09 03:42:18.952, 2, 82702, 97871, 97, 474.89
2026/10/09 03:42:18.952, 3, 82709, 97871, 99, 483.65
2026/10/09 03:42:19.953, 0, 82712, 97871, 99, 467.89
2026/10/09 03:42:19.953, 1, 82702, 97871, 99, 483.42
2026/10/09 03:42:19.953, 2, 82702, 97871, 100, 474.45
2026/10/09 03:42:19.953, 3, 82709, 97871, 99, 483.34
2026/10/09 03:42:20.953, 0, 82712, 97871, 99, 470.19
2026/10/09 03:42:20.953, 1, 82702, 97871, 99, 487.22
2026/10/09 03:42:20.953, 2, 82702, 97871, 99, 478.20
2026/10/09 03:42:20.953, 3, 82709, 97871, 99, 477.12
2026/10/09 03:42:21.953, 0, 82712, 97871, 99, 470.26
2026/10/09 03:42:21.953, 1, 82702, 97871, 99, 492.83
2026/10/09 03:42:21.953, 2, 82702, 97871, 97, 479.13
2026/10/09 03:42:21.953, 3, 82709, 97871, 99, 481.35
2026/10/09 03:42:22.953, 0, 82712, 97871, 96, 472.94
2026/10/09 03:42:22.953, 1, 82702, 97871, 99, 479.47
2026/10/09 03:42:22.953, 2, 82702, 97871, 99, 470.21
2026/10/09 03:42:22.953, 3, 82709, 97871, 99, 482.68
2026/10/09 03:42:23.953, 0, 82712, 97871, 99, 464.97
2026/10/09 03:42:23.953, 1, 82702, 97871, 99, 485.77
2026/10/09 03:42:23.953, 2, 82702, 97871, 99, 480.53
2026/10/09 03:42:23.953, 3, 82709, 97871, 99, 484.69
2026/10/09 03:42:24.961, 0, 82712, 97871, 99, 471.52
2026/10/09 03:42:24.961, 1, 82702, 97871, 99, 485.66
2026/10/09 03:42:24.961, 2, 82702, 97871, 100, 474.04
2026/10/09 03:42:24.961, 3, 82709, 97871, 96, 494.85
2026/10/09 03:42:25.961, 0, 82712, 97871, 99, 472.77
2026/10/09 03:42:25.961, 1, 82702, 97871, 99, 485.24
2026/10/09 03:42:25.961, 2, 82702, 97871, 100, 479.57
2026/10/09 03:42:25.961, 3, 82709, 97871, 99, 470.33
2026/10/09 03:42:26.961, 0, 82712, 97871, 96, 481.24
2026/10/09 03:42:26.961, 1, 82702, 97871, 99, 483.66
2026/10/09 03:42:26.961, 2, 82702, 97871, 100, 474.55
2026/10/09 03:42:26.961, 3, 82709, 97871, 99, 479.43
2026/10/09 03:42:27.961, 0, 82712, 97871, 97, 479.91
2026/10/09 03:42:27.961, 1, 82702, 97871, 91, 491.52
2026/10/09 03:42:27.961, 2, 82702, 97871, 99, 478.81
2026/10/09 03:42:27.961, 3, 82709, 97871, 99, 476.38
2026/10/09 03:42:28.961, 0, 82712, 97871, 99, 462.45
2026/10/09 03:42:28.962, 1, 82702, 97871, 99, 481.01
2026/10/09 03:42:28.962, 2, 82702, 97871, 100, 476.28
2026/10/09 03:42:28.962, 3, 82709, 97871, 99, 479.14
2026/10/09 03:42:29.962, 0, 82712, 97871, 99, 480.47
2026/10/09 03:42:29.962, 1, 82702, 97871, 99, 485.17
2026/10/09 03:42:29.962, 2, 82702, 97871, 100, 473.87
2026/10/09 03:42:29.962, 3, 82709, 97871, 99, 477.67
2026/10/09 03:42:30.962, 0, 82712, 97871, 99, 474.39
2026/10/09 03:42:30.962, 1, 82702, 97871, 99, 487.38
2026/10/09 03:42:30.962, 2, 82702, 97871, 100, 472.19
2026/10/09 03:42:30.962, 3, 82709, 97871, 99, 482.71
2026/10/09 03:42:31.962, 0, 82712, 97871, 99, 475.47
2026/10/09 03:42:31.962, 1, 82702, 97871, 99, 487.19
2026/10/09 03:42:31.962, 2, 82702, 97871, 100, 474.99
2026/10/09 03:42:31.962, 3, 82709, 97871, 99, 478.33
2026/10/09 03:42:32.962, 0, 82712, 97871, 99, 469.69
2026/10/09 03:42:32.962, 1, 82702, 97871, 99, 485.70
2026/10/09 03:42:32.962, 2, 82702, 97871, 100, 477.42
2026/10/09 03:42:32.962, 3, 82709, 97871, 99, 483.24
2026/10/09 03:42:33.962, 0, 82712, 97871, 99, 479.00
2026/10/09 03:42:33.963, 1, 82702, 97871, 99, 489.51
2026/10/09 03:42:33.963, 2, 82702, 97871, 99, 473.48
2026/10/09 03:42:33.963, 3, 82709, 97871, 98, 481.17
2026/10/09 03:42:34.970, 0, 82712, 97871, 99, 469.00
2026/10/09 03:42:34.970, 1, 82702, 97871, 99, 483.70
2026/10/09 03:42:34.970, 2, 82702, 97871, 100, 477.19
2026/10/09 03:42:34.970, 3, 82709, 97871, 99, 470.35
2026/10/09 03:42:35.970, 0, 82712, 97871, 99, 472.41
2026/10/09 03:42:35.970, 1, 82702, 97871, 99, 489.15
2026/10/09 03:42:35.970, 2, 82702, 97871, 97, 489.55
2026/10/09 03:42:35.970, 3, 82709, 97871, 99, 477.36
2026/10/09 03:42:36.970, 0, 82712, 97871, 99, 471.34
2026/10/09 03:42:36.970, 1, 82702, 97871, 99, 488.03
2026/10/09 03:42:36.970, 2, 82702, 97871, 99, 483.59
2026/10/09 03:42:36.970, 3, 82709, 97871, 90, 481.61
2026/10/09 03:42:37.970, 0, 82712, 97871, 95, 485.32
2026/10/09 03:42:37.970, 1, 82702, 97871, 99, 487.92
2026/10/09 03:42:37.970, 2, 82702, 97871, 100, 482.08
2026/10/09 03:42:37.970, 3, 82709, 97871, 99, 473.25
2026/10/09 03:42:38.971, 0, 82712, 97871, 99, 464.61
2026/10/09 03:42:38.971, 1, 82702, 97871, 97, 490.97
2026/10/09 03:42:38.971, 2, 82702, 97871, 99, 478.37
2026/10/09 03:42:38.971, 3, 82709, 97871, 99, 474.94
2026/10/09 03:42:39.971, 0, 82712, 97871, 99, 478.68
2026/10/09 03:42:39.971, 1, 82702, 97871, 99, 482.89
2026/10/09 03:42:39.971, 2, 82702, 97871, 99, 476.67
2026/10/09 03:42:39.971, 3, 82709, 97871, 99, 476.39
2026/10/09 03:42:40.971, 0, 82712, 97871, 99, 475.32
2026/10/09 03:42:40.971, 1, 82702, 97871, 99, 487.98
2026/10/09 03:42:40.971, 2, 82702, 97871, 100, 476.66
2026/10/09 03:42:40.971, 3, 82709, 97871, 99, 477.96
2026/10/09 03:42:41.971, 0, 82712, 97871, 99, 470.53
2026/10/09 03:42:41.971, 1, 82702, 97871, 99, 488.17
2026/10/09 03:42:41.971, 2, 82702, 97871, 98, 476.40
2026/10/09 03:42:41.971, 3, 82709, 97871, 99, 482.31
2026/10/09 03:42:42.971, 0, 82712, 97871, 100, 464.66
2026/10/09 03:42:42.972, 1, 82702, 97871, 99, 487.51
2026/10/09 03:42:42.972, 2, 82702, 97871, 100, 480.89
2026/10/09 03:42:42.972, 3, 82709, 97871, 100, 483.02
2026/10/09 03:42:43.972, 0, 82712, 97871, 100, 511.97
2026/10/09 03:42:43.972, 1, 82702, 97871, 99, 488.22
2026/10/09 03:42:43.972, 2, 82702, 97871, 100, 470.37
2026/10/09 03:42:43.972, 3, 82709, 97871, 99, 485.41
2026/10/09 03:42:44.992, 0, 82712, 97871, 100, 516.76
2026/10/09 03:42:44.992, 1, 82702, 97871, 99, 489.18
2026/10/09 03:42:44.992, 2, 82702, 97871, 100, 474.69
2026/10/09 03:42:44.992, 3, 82709, 97871, 98, 487.31
2026/10/09 03:42:45.992, 0, 82712, 97871, 100, 498.41
2026/10/09 03:42:45.992, 1, 82702, 97871, 98, 490.39
2026/10/09 03:42:45.992, 2, 82702, 97871, 100, 474.73
2026/10/09 03:42:45.992, 3, 82709, 97871, 99, 477.50
2026/10/09 03:42:46.992, 0, 82712, 97871, 100, 501.83
2026/10/09 03:42:46.992, 1, 82702, 97871, 99, 481.21
2026/10/09 03:42:46.992, 2, 82702, 97871, 100, 477.82
2026/10/09 03:42:46.992, 3, 82709, 97871, 100, 481.98
2026/10/09 03:42:47.993, 0, 82712, 97871, 100, 504.08
2026/10/09 03:42:47.993, 1, 82702, 97871, 99, 485.07
2026/10/09 03:42:47.993, 2, 82702, 97871, 100, 482.35
2026/10/09 03:42:47.993, 3, 82709, 97871, 99, 480.58
2026/10/09 03:42:48.993, 0, 82712, 97871, 100, 514.82
2026/10/09 03:42:48.993, 1, 82702, 97871, 100, 495.89
2026/10/09 03:42:48.993, 2, 82702, 97871, 100, 471.14
2026/10/09 03:42:48.993, 3, 82709, 97871, 99, 480.12
2026/10/09 03:42:49.993, 0, 82712, 97871, 100, 500.78
2026/10/09 03:42:49.993, 1, 82702, 97871, 100, 527.49
2026/10/09 03:42:49.993, 2, 82702, 97871, 100, 478.50
2026/10/09 03:42:49.993, 3, 82709, 97871, 99, 476.09
2026/10/09 03:42:50.993, 0, 82712, 97871, 100, 515.24
2026/10/09 03:42:50.993, 1, 82702, 97871, 100, 533.63
2026/10/09 03:42:50.993, 2, 82702, 97871, 99, 476.73
2026/10/09 03:42:50.993, 3, 82709, 97871, 99, 479.46
2026/10/09 03:42:51.993, 0, 82712, 97871, 100, 509.60
2026/10/09 03:42:51.993, 1, 82702, 97871, 100, 512.98
2026/10/09 03:42:51.993, 2, 82702, 97871, 100, 474.74
2026/10/09 03:42:51.993, 3, 82709, 97871, 99, 482.02
2026/10/09 03:42:52.993, 0, 82712, 97871, 100, 510.27
2026/10/09 03:42:52.994, 1, 82702, 97871, 100, 528.71
2026/10/09 03:42:52.994, 2, 82702, 97871, 42, 458.43
2026/10/09 03:42:52.994, 3, 82709, 97871, 99, 480.90
2026/10/09 03:42:53.994, 0, 82712, 97871, 100, 506.07
2026/10/09 03:42:53.994, 1, 82702, 97871, 100, 525.74
2026/10/09 03:42:53.994, 2, 82702, 97871, 100, 525.94
2026/10/09 03:42:53.994, 3, 82709, 97871, 97, 486.99
2026/10/09 03:42:55.003, 0, 82712, 97871, 100, 519.00
2026/10/09 03:42:55.004, 1, 82702, 97871, 100, 524.60
2026/10/09 03:42:55.004, 2, 82702, 97871, 100, 521.49
2026/10/09 03:42:55.004, 3, 82709, 97871, 100, 470.85
2026/10/09 03:42:56.004, 0, 82712, 97871, 100, 508.85
2026/10/09 03:42:56.004, 1, 82702, 97871, 100, 530.12
2026/10/09 03:42:56.004, 2, 82702, 97871, 100, 527.79
2026/10/09 03:42:56.004, 3, 82709, 97871, 99, 479.70
2026/10/09 03:42:57.004, 0, 82712, 97871, 100, 519.12
2026/10/09 03:42:57.004, 1, 82702, 97871, 100, 526.93
2026/10/09 03:42:57.004, 2, 82702, 97871, 100, 516.80
2026/10/09 03:42:57.004, 3, 82709, 97871, 99, 483.14
2026/10/09 03:42:58.004, 0, 82712, 97871, 100, 506.03
2026/10/09 03:42:58.004, 1, 82702, 97871, 100, 519.94
2026/10/09 03:42:58.004, 2, 82702, 97871, 100, 518.25
2026/10/09 03:42:58.004, 3, 82709, 97871, 99, 476.23
2026/10/09 03:42:59.004, 0, 82712, 97871, 100, 515.41
2026/10/09 03:42:59.004, 1, 82702, 97871, 100, 525.51
2026/10/09 03:42:59.004, 2, 82702, 97871, 100, 516.17
2026/10/09 03:42:59.004, 3, 82709, 97871, 17, 453.84
2026/10/09 03:43:00.004, 0, 82712, 97871, 100, 510.93
2026/10/09 03:43:00.005, 1, 82702, 97871, 100, 527.30
2026/10/09 03:43:00.005, 2, 82702, 97871, 100, 518.88
2026/10/09 03:43:00.005, 3, 82709, 97871, 100, 551.53
2026/10/09 03:43:01.005, 0, 82712, 97871, 100, 511.55
2026/10/09 03:43:01.005, 1, 82702, 97871, 100, 541.82
2026/10/09 03:43:01.005, 2, 82702, 97871, 100, 517.29
2026/10/09 03:43:01.005, 3, 82709, 97871, 100, 540.01
2026/10/09 03:43:02.005, 0, 82712, 97871, 100, 515.17
2026/10/09 03:43:02.005, 1, 82702, 97871, 100, 519.80
2026/10/09 03:43:02.005, 2, 82702, 97871, 100, 517.46
2026/10/09 03:43:02.005, 3, 82709, 97871, 100, 535.09
2026/10/09 03:43:03.005, 0, 82712, 97871, 100, 507.11
2026/10/09 03:43:03.005, 1, 82702, 97871, 100, 540.02
2026/10/09 03:43:03.005, 2, 82702, 97871, 100, 512.84
2026/10/09 03:43:03.005, 3, 82709, 97871, 100, 532.77
2026/10/09 03:43:04.005, 0, 82712, 97871, 100, 507.92
2026/10/09 03:43:04.005, 1, 82702, 97871, 100, 523.48
2026/10/09 03:43:04.005, 2, 82702, 97871, 100, 518.08
2026/10/09 03:43:04.005, 3, 82709, 97871, 100, 528.07
2026/10/09 03:43:05.012, 0, 82712, 97871, 100, 520.50
2026/10/09 03:43:05.012, 1, 82702, 97871, 100, 530.53
2026/10/09 03:43:05.012, 2, 82702, 97871, 100, 511.27
2026/10/09 03:43:05.012, 3, 82709, 97871, 100, 543.59
2026/10/09 03:43:06.012, 0, 82712, 97871, 100, 516.86
2026/10/09 03:43:06.012, 1, 82702, 97871, 100, 524.54
2026/10/09 03:43:06.012, 2, 82702, 97871, 100, 522.50
2026/10/09 03:43:06.012, 3, 82709, 97871, 100, 536.52
2026/10/09 03:43:07.012, 0, 82712, 97871, 100, 509.09
2026/10/09 03:43:07.013, 1, 82702, 97871, 100, 526.64
2026/10/09 03:43:07.013, 2, 82702, 97871, 100, 518.61
2026/10/09 03:43:07.013, 3, 82709, 97871, 100, 530.71
2026/10/09 03:43:08.013, 0, 82712, 97871, 100, 513.17
2026/10/09 03:43:08.013, 1, 82702, 97871, 100, 525.19
2026/10/09 03:43:08.013, 2, 82702, 97871, 100, 530.09
2026/10/09 03:43:08.013, 3, 82709, 97871, 100, 527.63
2026/10/09 03:43:09.013, 0, 82712, 97871, 100, 512.66
2026/10/09 03:43:09.013, 1, 82702, 97871, 100, 524.19
2026/10/09 03:43:09.013, 2, 82702, 97871, 100, 512.01
2026/10/09 03:43:09.013, 3, 82709, 97871, 100, 538.45
2026/10/09 03:43:10.013, 0, 82712, 97871, 100, 511.16
2026/10/09 03:43:10.013, 1, 82702, 97871, 100, 529.79
2026/10/09 03:43:10.013, 2, 82702, 97871, 100, 528.57
2026/10/09 03:43:10.013, 3, 82709, 97871, 100, 535.97
2026/10/09 03:43:11.013, 0, 82712, 97871, 100, 519.01
2026/10/09 03:43:11.013, 1, 82702, 97871, 100, 529.80
2026/10/09 03:43:11.013, 2, 82702, 97871, 100, 520.83
2026/10/09 03:43:11.013, 3, 82709, 97871, 100, 527.54
2026/10/09 03:43:12.013, 0, 82712, 97871, 37, 470.36
2026/10/09 03:43:12.014, 1, 82702, 97871, 100, 529.73
2026/10/09 03:43:12.014, 2, 82702, 97871, 100, 517.95
2026/10/09 03:43:12.014, 3, 82709, 97871, 100, 533.37
2026/10/09 03:43:13.014, 0, 82712, 97871, 100, 492.19
2026/10/09 03:43:13.014, 1, 82702, 97871, 100, 531.37
2026/10/09 03:43:13.014, 2, 82702, 97871, 100, 524.15
2026/10/09 03:43:13.014, 3, 82709, 97871, 100, 531.73
2026/10/09 03:43:14.014, 0, 82712, 97871, 100, 516.88
2026/10/09 03:43:14.014, 1, 82702, 97871, 100, 531.84
2026/10/09 03:43:14.014, 2, 82702, 97871, 100, 526.82
2026/10/09 03:43:14.014, 3, 82709, 97871, 100, 532.76
2026/10/09 03:43:15.022, 0, 82712, 97871, 100, 515.29
2026/10/09 03:43:15.022, 1, 82702, 97871, 100, 527.68
2026/10/09 03:43:15.022, 2, 82702, 97871, 100, 519.53
2026/10/09 03:43:15.022, 3, 82709, 97871, 100, 535.57
2026/10/09 03:43:16.022, 0, 82712, 97871, 99, 503.57
2026/10/09 03:43:16.022, 1, 82702, 97871, 100, 527.93
2026/10/09 03:43:16.022, 2, 82702, 97871, 100, 529.92
2026/10/09 03:43:16.022, 3, 82709, 97871, 100, 528.33
2026/10/09 03:43:17.022, 0, 82712, 97871, 100, 506.75
2026/10/09 03:43:17.022, 1, 82702, 97871, 100, 530.24
2026/10/09 03:43:17.022, 2, 82702, 97871, 100, 516.47
2026/10/09 03:43:17.022, 3, 82709, 97871, 100, 535.14
2026/10/09 03:43:18.022, 0, 82712, 97871, 100, 514.74
2026/10/09 03:43:18.022, 1, 82702, 97871, 100, 535.71
2026/10/09 03:43:18.022, 2, 82702, 97871, 100, 520.83
2026/10/09 03:43:18.022, 3, 82709, 97871, 100, 527.87
2026/10/09 03:43:19.023, 0, 82712, 97871, 100, 517.50
2026/10/09 03:43:19.023, 1, 82702, 97871, 100, 471.90
2026/10/09 03:43:19.023, 2, 82702, 97871, 100, 522.33
2026/10/09 03:43:19.023, 3, 82709, 97871, 100, 532.61
2026/10/09 03:43:20.023, 0, 82712, 97871, 100, 508.28
2026/10/09 03:43:20.023, 1, 82702, 97871, 100, 536.30
2026/10/09 03:43:20.023, 2, 82702, 97871, 100, 521.40
2026/10/09 03:43:20.023, 3, 82709, 97871, 100, 526.63
2026/10/09 03:43:21.023, 0, 82712, 97871, 100, 511.63
2026/10/09 03:43:21.023, 1, 82702, 97871, 99, 528.28
2026/10/09 03:43:21.023, 2, 82702, 97871, 100, 519.58
2026/10/09 03:43:21.023, 3, 82709, 97871, 100, 530.17
2026/10/09 03:43:22.023, 0, 82712, 97871, 100, 511.60
2026/10/09 03:43:22.023, 1, 82702, 97871, 100, 523.44
2026/10/09 03:43:22.023, 2, 82702, 97871, 100, 515.75
2026/10/09 03:43:22.023, 3, 82709, 97871, 100, 529.65
2026/10/09 03:43:23.023, 0, 82712, 97871, 100, 508.72
2026/10/09 03:43:23.023, 1, 82702, 97871, 100, 506.27
2026/10/09 03:43:23.023, 2, 82702, 97871, 100, 529.83
2026/10/09 03:43:23.023, 3, 82709, 97871, 100, 530.11
2026/10/09 03:43:24.024, 0, 82712, 97871, 100, 506.05
2026/10/09 03:43:24.024, 1, 82702, 97871, 100, 533.13
2026/10/09 03:43:24.024, 2, 82702, 97871, 100, 483.95
2026/10/09 03:43:24.024, 3, 82709, 97871, 100, 530.99
2026/10/09 03:43:25.030, 0, 82712, 97871, 100, 507.65
2026/10/09 03:43:25.030, 1, 82702, 97871, 100, 530.99
2026/10/09 03:43:25.030, 2, 82702, 97871, 100, 480.24
2026/10/09 03:43:25.030, 3, 82709, 97871, 100, 530.01
2026/10/09 03:43:26.030, 0, 82712, 97871, 100, 506.91
2026/10/09 03:43:26.030, 1, 82702, 97871, 100, 529.43
2026/10/09 03:43:26.030, 2, 82702, 97871, 100, 531.34
2026/10/09 03:43:26.030, 3, 82709, 97871, 100, 530.83
2026/10/09 03:43:27.030, 0, 82712, 97871, 100, 505.89
2026/10/09 03:43:27.030, 1, 82702, 97871, 100, 518.96
2026/10/09 03:43:27.030, 2, 82702, 97871, 100, 526.52
2026/10/09 03:43:27.030, 3, 82709, 97871, 100, 534.75
2026/10/09 03:43:28.030, 0, 82712, 97871, 100, 505.50
2026/10/09 03:43:28.030, 1, 82702, 97871, 100, 524.03
2026/10/09 03:43:28.030, 2, 82702, 97871, 100, 507.12
2026/10/09 03:43:28.030, 3, 82709, 97871, 100, 534.07
2026/10/09 03:43:29.030, 0, 82712, 97871, 100, 503.85
2026/10/09 03:43:29.030, 1, 82702, 97871, 100, 526.55
2026/10/09 03:43:29.030, 2, 82702, 97871, 100, 500.09
2026/10/09 03:43:29.030, 3, 82709, 97871, 100, 534.98
2026/10/09 03:43:30.031, 0, 82712, 97871, 100, 507.09
2026/10/09 03:43:30.031, 1, 82702, 97871, 100, 522.56
2026/10/09 03:43:30.031, 2, 82702, 97871, 100, 527.52
2026/10/09 03:43:30.031, 3, 82709, 97871, 100, 525.23
2026/10/09 03:43:31.031, 0, 82712, 97871, 100, 506.44
2026/10/09 03:43:31.031, 1, 82702, 97871, 100, 518.93
2026/10/09 03:43:31.031, 2, 82702, 97871, 100, 530.29
2026/10/09 03:43:31.031, 3, 82709, 97871, 99, 502.30
2026/10/09 03:43:32.031, 0, 82712, 97871, 100, 505.20
2026/10/09 03:43:32.031, 1, 82702, 97871, 100, 522.41
2026/10/09 03:43:32.031, 2, 82702, 97871, 100, 518.97
2026/10/09 03:43:32.031, 3, 82709, 97871, 100, 474.63
2026/10/09 03:43:33.031, 0, 82712, 97871, 100, 506.42
2026/10/09 03:43:33.031, 1, 82702, 97871, 100, 518.11
2026/10/09 03:43:33.031, 2, 82702, 97871, 100, 514.08
2026/10/09 03:43:33.031, 3, 82709, 97871, 100, 555.04
2026/10/09 03:43:34.031, 0, 82712, 97871, 100, 507.14
2026/10/09 03:43:34.031, 1, 82702, 97871, 100, 520.74
2026/10/09 03:43:34.031, 2, 82702, 97871, 100, 519.51
2026/10/09 03:43:34.032, 3, 82709, 97871, 100, 555.42
2026/10/09 03:43:35.041, 0, 82712, 97871, 100, 505.80
2026/10/09 03:43:35.041, 1, 82702, 97871, 100, 517.50
2026/10/09 03:43:35.041, 2, 82702, 97871, 100, 517.15
2026/10/09 03:43:35.041, 3, 82709, 97871, 100, 542.52
2026/10/09 03:43:36.041, 0, 82712, 97871, 100, 474.28
2026/10/09 03:43:36.041, 1, 82702, 97871, 100, 517.92
2026/10/09 03:43:36.041, 2, 82702, 97871, 100, 512.19
2026/10/09 03:43:36.041, 3, 82709, 97871, 99, 500.59
2026/10/09 03:43:37.041, 0, 82712, 97871, 100, 513.72
2026/10/09 03:43:37.041, 1, 82702, 97871, 100, 520.38
2026/10/09 03:43:37.041, 2, 82702, 97871, 100, 513.44
2026/10/09 03:43:37.041, 3, 82709, 97871, 100, 567.84
2026/10/09 03:43:38.041, 0, 82712, 97871, 100, 515.92
2026/10/09 03:43:38.041, 1, 82702, 97871, 100, 516.89
2026/10/09 03:43:38.041, 2, 82701, 97871, 100, 512.45
2026/10/09 03:43:38.041, 3, 82709, 97871, 100, 555.66
2026/10/09 03:43:39.041, 0, 82712, 97871, 100, 515.64
2026/10/09 03:43:39.042, 1, 82702, 97871, 100, 518.22
2026/10/09 03:43:39.042, 2, 82701, 97871, 100, 511.96
2026/10/09 03:43:39.042, 3, 82709, 97871, 100, 546.04
2026/10/09 03:43:40.042, 0, 82712, 97871, 100, 516.73
2026/10/09 03:43:40.042, 1, 82702, 97871, 100, 516.55
2026/10/09 03:43:40.042, 2, 82701, 97871, 100, 511.55
2026/10/09 03:43:40.042, 3, 82709, 97871, 100, 538.48
2026/10/09 03:43:41.042, 0, 82712, 97871, 100, 519.41
2026/10/09 03:43:41.042, 1, 82702, 97871, 100, 516.54
2026/10/09 03:43:41.042, 2, 82701, 97871, 100, 509.89
2026/10/09 03:43:41.042, 3, 82709, 97871, 100, 554.01
2026/10/09 03:43:42.042, 0, 82712, 97871, 100, 505.41
2026/10/09 03:43:42.042, 1, 82702, 97871, 100, 526.52
2026/10/09 03:43:42.042, 2, 82701, 97871, 100, 517.91
2026/10/09 03:43:42.042, 3, 82709, 97871, 100, 548.16
2026/10/09 03:43:43.042, 0, 82712, 97871, 100, 500.27
2026/10/09 03:43:43.042, 1, 82702, 97871, 35, 480.13
2026/10/09 03:43:43.042, 2, 82701, 97871, 100, 512.45
2026/10/09 03:43:43.042, 3, 82709, 97871, 100, 541.27
2026/10/09 03:43:44.042, 0, 82712, 97871, 100, 503.73
2026/10/09 03:43:44.043, 1, 82702, 97871, 100, 535.27
2026/10/09 03:43:44.043, 2, 82701, 97871, 100, 511.87
2026/10/09 03:43:44.043, 3, 82709, 97871, 100, 542.00
2026/10/09 03:43:45.047, 0, 82712, 97871, 100, 497.25
2026/10/09 03:43:45.047, 1, 82702, 97871, 100, 533.30
2026/10/09 03:43:45.047, 2, 82701, 97871, 100, 509.74
2026/10/09 03:43:45.047, 3, 82709, 97871, 100, 544.10
2026/10/09 03:43:46.048, 0, 82712, 97871, 100, 509.95
2026/10/09 03:43:46.048, 1, 82702, 97871, 100, 534.09
2026/10/09 03:43:46.048, 2, 82701, 97871, 100, 507.70
2026/10/09 03:43:46.048, 3, 82709, 97871, 100, 536.79
2026/10/09 03:43:47.048, 0, 82712, 97871, 100, 517.20
2026/10/09 03:43:47.048, 1, 82702, 97871, 100, 535.93
2026/10/09 03:43:47.048, 2, 82701, 97871, 100, 505.39
2026/10/09 03:43:47.048, 3, 82709, 97871, 100, 531.84
2026/10/09 03:43:48.048, 0, 82712, 97871, 100, 514.75
2026/10/09 03:43:48.048, 1, 82702, 97871, 100, 533.26
2026/10/09 03:43:48.048, 2, 82701, 97871, 100, 514.26
2026/10/09 03:43:48.048, 3, 82709, 97871, 100, 535.09
2026/10/09 03:43:49.048, 0, 82712, 97871, 100, 516.44
2026/10/09 03:43:49.048, 1, 82702, 97871, 100, 525.69
2026/10/09 03:43:49.048, 2, 82701, 97871, 100, 467.69
2026/10/09 03:43:49.048, 3, 82709, 97871, 100, 543.72
2026/10/09 03:43:50.048, 0, 82712, 97871, 100, 512.88
2026/10/09 03:43:50.048, 1, 82702, 97871, 100, 514.98
2026/10/09 03:43:50.048, 2, 82701, 97871, 100, 530.69
2026/10/09 03:43:50.048, 3, 82709, 97871, 100, 546.70
2026/10/09 03:43:51.049, 0, 82712, 97871, 100, 503.52
2026/10/09 03:43:51.049, 1, 82702, 97871, 100, 513.28
2026/10/09 03:43:51.049, 2, 82701, 97871, 100, 526.88
2026/10/09 03:43:51.049, 3, 82709, 97871, 100, 536.19
2026/10/09 03:43:52.049, 0, 82712, 97871, 100, 506.78
2026/10/09 03:43:52.049, 1, 82702, 97871, 100, 518.15
2026/10/09 03:43:52.049, 2, 82701, 97871, 100, 534.10
2026/10/09 03:43:52.049, 3, 82709, 97871, 100, 538.68
2026/10/09 03:43:53.049, 0, 82712, 97871, 100, 510.60
2026/10/09 03:43:53.049, 1, 82702, 97871, 100, 534.01
2026/10/09 03:43:53.049, 2, 82701, 97871, 100, 523.82
2026/10/09 03:43:53.049, 3, 82709, 97871, 100, 534.18
2026/10/09 03:43:54.050, 0, 82712, 97871, 100, 511.28
2026/10/09 03:43:54.050, 1, 82702, 97871, 100, 534.94
2026/10/09 03:43:54.050, 2, 82701, 97871, 100, 526.00
2026/10/09 03:43:54.050, 3, 82709, 97871, 100, 530.01
2026/10/09 03:43:55.061, 0, 82712, 97871, 100, 507.10
2026/10/09 03:43:55.061, 1, 82702, 97871, 100, 534.69
2026/10/09 03:43:55.061, 2, 82701, 97871, 100, 514.74
2026/10/09 03:43:55.061, 3, 82709, 97871, 100, 528.58
2026/10/09 03:43:56.061, 0, 82712, 97871, 100, 508.06
2026/10/09 03:43:56.061, 1, 82702, 97871, 100, 536.55
2026/10/09 03:43:56.061, 2, 82701, 97871, 100, 508.26
2026/10/09 03:43:56.061, 3, 82709, 97871, 100, 517.98
2026/10/09 03:43:57.061, 0, 82712, 97871, 100, 505.31
2026/10/09 03:43:57.061, 1, 82702, 97871, 100, 535.69
2026/10/09 03:43:57.061, 2, 82701, 97871, 100, 499.50
2026/10/09 03:43:57.061, 3, 82709, 97871, 100, 512.30
2026/10/09 03:43:58.061, 0, 82712, 97871, 100, 506.18
2026/10/09 03:43:58.061, 1, 82702, 97871, 100, 528.02
2026/10/09 03:43:58.062, 2, 82701, 97871, 100, 496.13
2026/10/09 03:43:58.062, 3, 82709, 97871, 100, 559.71
2026/10/09 03:43:59.062, 0, 82712, 97871, 100, 503.48
2026/10/09 03:43:59.062, 1, 82702, 97871, 100, 516.68
2026/10/09 03:43:59.062, 2, 82701, 97871, 100, 532.08
2026/10/09 03:43:59.062, 3, 82709, 97871, 100, 554.75
2026/10/09 03:44:00.062, 0, 82712, 97871, 100, 506.55
2026/10/09 03:44:00.062, 1, 82702, 97871, 100, 523.98
2026/10/09 03:44:00.062, 2, 82701, 97871, 100, 529.51
2026/10/09 03:44:00.062, 3, 82709, 97871, 100, 554.24
2026/10/09 03:44:01.062, 0, 82712, 97871, 100, 508.16
2026/10/09 03:44:01.062, 1, 82702, 97871, 100, 526.25
2026/10/09 03:44:01.062, 2, 82701, 97871, 100, 524.17
2026/10/09 03:44:01.062, 3, 82709, 97871, 100, 557.73
2026/10/09 03:44:02.062, 0, 82712, 97871, 100, 509.72
2026/10/09 03:44:02.062, 1, 82702, 97871, 100, 527.68
2026/10/09 03:44:02.062, 2, 82701, 97871, 100, 524.70
2026/10/09 03:44:02.062, 3, 82709, 97871, 100, 552.74
2026/10/09 03:44:03.063, 0, 82712, 97871, 100, 511.69
2026/10/09 03:44:03.063, 1, 82702, 97871, 100, 526.90
2026/10/09 03:44:03.063, 2, 82701, 97871, 100, 529.32
2026/10/09 03:44:03.063, 3, 82709, 97871, 100, 544.23
2026/10/09 03:44:04.063, 0, 82712, 97871, 100, 506.79
2026/10/09 03:44:04.063, 1, 82702, 97871, 100, 524.31
2026/10/09 03:44:04.063, 2, 82701, 97871, 100, 518.66
2026/10/09 03:44:04.063, 3, 82709, 97871, 99, 536.91
2026/10/09 03:44:05.068, 0, 82712, 97871, 100, 505.05
2026/10/09 03:44:05.068, 1, 82702, 97871, 100, 517.51
2026/10/09 03:44:05.068, 2, 82701, 97871, 100, 508.25
2026/10/09 03:44:05.068, 3, 82709, 97871, 100, 522.19
2026/10/09 03:44:06.068, 0, 82712, 97871, 100, 508.35
2026/10/09 03:44:06.068, 1, 82702, 97871, 100, 516.39
2026/10/09 03:44:06.068, 2, 82701, 97871, 100, 514.12
2026/10/09 03:44:06.068, 3, 82709, 97871, 100, 532.68
2026/10/09 03:44:07.069, 0, 82712, 97871, 100, 510.73
2026/10/09 03:44:07.069, 1, 82702, 97871, 100, 519.27
2026/10/09 03:44:07.069, 2, 82701, 97871, 100, 520.19
2026/10/09 03:44:07.069, 3, 82709, 97871, 100, 555.41
2026/10/09 03:44:08.069, 0, 82712, 97871, 100, 505.54
2026/10/09 03:44:08.069, 1, 82702, 97871, 100, 524.25
2026/10/09 03:44:08.069, 2, 82701, 97871, 100, 517.33
2026/10/09 03:44:08.069, 3, 82709, 97871, 100, 557.76
2026/10/09 03:44:09.069, 0, 82712, 97871, 100, 509.37
2026/10/09 03:44:09.069, 1, 82702, 97871, 100, 521.08
2026/10/09 03:44:09.069, 2, 82701, 97871, 100, 521.14
2026/10/09 03:44:09.069, 3, 82709, 97871, 100, 555.96
2026/10/09 03:44:10.069, 0, 82712, 97871, 100, 508.29
2026/10/09 03:44:10.069, 1, 82702, 97871, 100, 526.30
2026/10/09 03:44:10.069, 2, 82701, 97871, 100, 512.80
2026/10/09 03:44:10.069, 3, 82709, 97871, 100, 554.35
2026/10/09 03:44:11.069, 0, 82712, 97871, 100, 507.19
2026/10/09 03:44:11.069, 1, 82702, 97871, 100, 521.85
2026/10/09 03:44:11.069, 2, 82701, 97871, 100, 510.77
2026/10/09 03:44:11.070, 3, 82709, 97871, 100, 554.20
2026/10/09 03:44:12.070, 0, 82712, 97871, 100, 506.92
2026/10/09 03:44:12.070, 1, 82702, 97871, 100, 521.42
2026/10/09 03:44:12.070, 2, 82701, 97871, 100, 512.72
2026/10/09 03:44:12.070, 3, 82709, 97871, 100, 546.68
2026/10/09 03:44:13.070, 0, 82712, 97871, 100, 506.21
2026/10/09 03:44:13.070, 1, 82702, 97871, 100, 524.02
2026/10/09 03:44:13.070, 2, 82701, 97871, 100, 512.85
2026/10/09 03:44:13.070, 3, 82709, 97871, 100, 549.66
2026/10/09 03:44:14.070, 0, 82712, 97871, 100, 505.76
2026/10/09 03:44:14.070, 1, 82702, 97871, 100, 528.44
2026/10/09 03:44:14.070, 2, 82701, 97871, 100, 516.98
2026/10/09 03:44:14.070, 3, 82709, 97871, 100, 555.34
2026/10/09 03:44:15.089, 0, 82712, 97871, 100, 505.09
2026/10/09 03:44:15.090, 1, 82702, 97871, 100, 524.93
2026/10/09 03:44:15.090, 2, 82701, 97871, 100, 515.06
2026/10/09 03:44:15.090, 3, 82709, 97871, 100, 554.15
2026/10/09 03:44:16.090, 0, 82712, 97871, 100, 504.58
2026/10/09 03:44:16.090, 1, 82702, 97871, 100, 522.55
2026/10/09 03:44:16.090, 2, 82701, 97871, 100, 514.70
2026/10/09 03:44:16.090, 3, 82709, 97871, 100, 554.22
2026/10/09 03:44:17.090, 0, 82712, 97871, 100, 504.80
2026/10/09 03:44:17.090, 1, 82702, 97871, 100, 525.03
2026/10/09 03:44:17.090, 2, 82701, 97871, 100, 514.44
2026/10/09 03:44:17.090, 3, 82709, 97871, 100, 551.56
2026/10/09 03:44:18.090, 0, 82712, 97871, 100, 504.50
2026/10/09 03:44:18.090, 1, 82702, 97871, 100, 523.21
2026/10/09 03:44:18.090, 2, 82701, 97871, 100, 514.66
2026/10/09 03:44:18.090, 3, 82709, 97871, 100, 545.37
2026/10/09 03:44:19.090, 0, 82712, 97871, 100, 503.65
2026/10/09 03:44:19.090, 1, 82702, 97871, 100, 521.36
2026/10/09 03:44:19.091, 2, 82701, 97871, 100, 513.93
2026/10/09 03:44:19.091, 3, 82709, 97871, 100, 546.40
2026/10/09 03:44:20.091, 0, 82712, 97871, 100, 502.41
2026/10/09 03:44:20.091, 1, 82702, 97871, 100, 525.54
2026/10/09 03:44:20.091, 2, 82701, 97871, 100, 516.72
2026/10/09 03:44:20.091, 3, 82709, 97871, 100, 544.54
2026/10/09 03:44:21.091, 0, 82712, 97871, 100, 443.10
2026/10/09 03:44:21.091, 1, 82702, 97871, 100, 522.65
2026/10/09 03:44:21.091, 2, 82701, 97871, 100, 518.65
2026/10/09 03:44:21.091, 3, 82709, 97871, 100, 551.60
2026/10/09 03:44:22.091, 0, 82712, 97871, 100, 513.73
2026/10/09 03:44:22.091, 1, 82702, 97871, 100, 518.03
2026/10/09 03:44:22.091, 2, 82701, 97871, 100, 515.02
2026/10/09 03:44:22.091, 3, 82709, 97871, 100, 555.77
2026/10/09 03:44:23.091, 0, 82712, 97871, 100, 517.58
2026/10/09 03:44:23.091, 1, 82702, 97871, 100, 516.83
2026/10/09 03:44:23.091, 2, 82701, 97871, 100, 516.51
2026/10/09 03:44:23.091, 3, 82709, 97871, 100, 551.58
2026/10/09 03:44:24.091, 0, 82712, 97871, 100, 511.40
2026/10/09 03:44:24.092, 1, 82702, 97871, 100, 520.46
2026/10/09 03:44:24.092, 2, 82701, 97871, 100, 516.60
2026/10/09 03:44:24.092, 3, 82709, 97871, 100, 551.90
2026/10/09 03:44:25.099, 0, 82712, 97871, 100, 516.46
2026/10/09 03:44:25.099, 1, 82702, 97871, 100, 519.65
2026/10/09 03:44:25.099, 2, 82701, 97871, 100, 514.43
2026/10/09 03:44:25.099, 3, 82709, 97871, 100, 550.30
2026/10/09 03:44:26.099, 0, 82712, 97871, 100, 514.82
2026/10/09 03:44:26.099, 1, 82702, 97871, 100, 510.58
2026/10/09 03:44:26.099, 2, 82701, 97871, 100, 517.84
2026/10/09 03:44:26.099, 3, 82709, 97871, 100, 548.28
2026/10/09 03:44:27.099, 0, 82712, 97871, 100, 516.96
2026/10/09 03:44:27.099, 1, 82702, 97871, 100, 514.96
2026/10/09 03:44:27.099, 2, 82701, 97871, 100, 516.49
2026/10/09 03:44:27.099, 3, 82709, 97871, 100, 552.43
2026/10/09 03:44:28.099, 0, 82712, 97871, 100, 512.66
2026/10/09 03:44:28.100, 1, 82702, 97871, 100, 519.88
2026/10/09 03:44:28.100, 2, 82701, 97871, 100, 512.08
2026/10/09 03:44:28.100, 3, 82709, 97871, 100, 554.95
2026/10/09 03:44:29.100, 0, 82712, 97871, 100, 515.49
2026/10/09 03:44:29.100, 1, 82702, 97871, 100, 468.28
2026/10/09 03:44:29.100, 2, 82701, 97871, 100, 510.46
2026/10/09 03:44:29.100, 3, 82709, 97871, 100, 548.65
2026/10/09 03:44:30.100, 0, 82712, 97871, 100, 513.22
2026/10/09 03:44:30.100, 1, 82702, 97871, 100, 533.12
2026/10/09 03:44:30.100, 2, 82701, 97871, 100, 513.28
2026/10/09 03:44:30.100, 3, 82709, 97871, 100, 548.61
2026/10/09 03:44:31.100, 0, 82712, 97871, 100, 512.30
2026/10/09 03:44:31.100, 1, 82702, 97871, 100, 535.72
2026/10/09 03:44:31.100, 2, 82701, 97871, 100, 509.85
2026/10/09 03:44:31.100, 3, 82709, 97871, 100, 549.72
2026/10/09 03:44:32.100, 0, 82712, 97871, 100, 507.67
2026/10/09 03:44:32.100, 1, 82702, 97871, 100, 537.15
2026/10/09 03:44:32.100, 2, 82701, 97871, 99, 508.00
2026/10/09 03:44:32.100, 3, 82709, 97871, 100, 549.16
2026/10/09 03:44:33.100, 0, 82712, 97871, 100, 506.01
2026/10/09 03:44:33.101, 1, 82702, 97871, 100, 537.66
2026/10/09 03:44:33.101, 2, 82701, 97871, 100, 507.10
2026/10/09 03:44:33.101, 3, 82709, 97871, 100, 550.11
2026/10/09 03:44:34.101, 0, 82712, 97871, 98, 493.96
2026/10/09 03:44:34.101, 1, 82702, 97871, 100, 532.53
2026/10/09 03:44:34.101, 2, 82701, 97871, 100, 507.06
2026/10/09 03:44:34.101, 3, 82709, 97871, 100, 549.15
2026/10/09 03:44:35.106, 0, 82712, 97871, 100, 492.19
2026/10/09 03:44:35.106, 1, 82702, 97871, 100, 531.11
2026/10/09 03:44:35.106, 2, 82701, 97871, 100, 467.80
2026/10/09 03:44:35.106, 3, 82709, 97871, 100, 548.97
2026/10/09 03:44:36.106, 0, 82714, 97871, 100, 496.18
2026/10/09 03:44:36.106, 1, 82702, 97871, 100, 530.97
2026/10/09 03:44:36.106, 2, 82701, 97871, 100, 492.60
2026/10/09 03:44:36.106, 3, 82709, 97871, 100, 547.31
2026/10/09 03:44:37.106, 0, 82714, 97871, 100, 499.21
2026/10/09 03:44:37.106, 1, 82702, 97871, 100, 533.79
2026/10/09 03:44:37.106, 2, 82701, 97871, 100, 530.13
2026/10/09 03:44:37.106, 3, 82709, 97871, 100, 545.88
2026/10/09 03:44:38.106, 0, 82714, 97871, 100, 501.11
2026/10/09 03:44:38.106, 1, 82702, 97871, 100, 529.45
2026/10/09 03:44:38.106, 2, 82701, 97871, 100, 526.47
2026/10/09 03:44:38.106, 3, 82709, 97871, 100, 547.79
2026/10/09 03:44:39.107, 0, 82714, 97871, 100, 487.03
2026/10/09 03:44:39.107, 1, 82702, 97871, 100, 535.66
2026/10/09 03:44:39.107, 2, 82701, 97871, 100, 525.92
2026/10/09 03:44:39.107, 3, 82709, 97871, 100, 547.06
2026/10/09 03:44:40.107, 0, 82714, 97871, 100, 517.54
2026/10/09 03:44:40.107, 1, 82702, 97871, 100, 523.99
2026/10/09 03:44:40.107, 2, 82701, 97871, 100, 524.46
2026/10/09 03:44:40.107, 3, 82709, 97871, 100, 537.09
2026/10/09 03:44:41.107, 0, 82714, 97871, 100, 512.21
2026/10/09 03:44:41.107, 1, 82702, 97871, 100, 516.70
2026/10/09 03:44:41.107, 2, 82701, 97871, 100, 532.60
2026/10/09 03:44:41.107, 3, 82709, 97871, 100, 532.78
2026/10/09 03:44:42.107, 0, 82714, 97871, 100, 515.79
2026/10/09 03:44:42.107, 1, 82702, 97871, 97, 510.98
2026/10/09 03:44:42.107, 2, 82701, 97871, 100, 525.90
2026/10/09 03:44:42.107, 3, 82709, 97871, 100, 516.33
2026/10/09 03:44:43.107, 0, 82714, 97871, 100, 515.31
2026/10/09 03:44:43.108, 1, 82702, 97871, 96, 505.81
2026/10/09 03:44:43.108, 2, 82701, 97871, 100, 524.18
2026/10/09 03:44:43.108, 3, 82709, 97871, 100, 483.40
2026/10/09 03:44:44.108, 0, 82714, 97871, 100, 514.48
2026/10/09 03:44:44.108, 1, 82704, 97871, 89, 504.69
2026/10/09 03:44:44.108, 2, 82701, 97871, 100, 526.93
2026/10/09 03:44:44.108, 3, 82709, 97871, 100, 555.94
2026/10/09 03:44:45.119, 0, 82714, 97871, 100, 517.01
2026/10/09 03:44:45.119, 1, 82704, 97871, 100, 510.55
2026/10/09 03:44:45.119, 2, 82701, 97871, 100, 523.83
2026/10/09 03:44:45.119, 3, 82709, 97871, 100, 555.74
2026/10/09 03:44:46.119, 0, 82714, 97871, 100, 514.60
2026/10/09 03:44:46.119, 1, 82704, 97871, 100, 513.43
2026/10/09 03:44:46.119, 2, 82701, 97871, 100, 523.95
2026/10/09 03:44:46.119, 3, 82709, 97871, 100, 551.81
2026/10/09 03:44:47.119, 0, 82714, 97871, 100, 514.67
2026/10/09 03:44:47.119, 1, 82704, 97871, 100, 487.79
2026/10/09 03:44:47.119, 2, 82701, 97871, 100, 509.61
2026/10/09 03:44:47.119, 3, 82709, 97871, 100, 555.40
2026/10/09 03:44:48.119, 0, 82714, 97871, 100, 514.63
2026/10/09 03:44:48.119, 1, 82704, 97871, 100, 536.91
2026/10/09 03:44:48.119, 2, 82701, 97871, 100, 505.96
2026/10/09 03:44:48.119, 3, 82709, 97871, 100, 554.05
2026/10/09 03:44:49.119, 0, 82714, 97871, 100, 514.99
2026/10/09 03:44:49.120, 1, 82704, 97871, 100, 536.18
2026/10/09 03:44:49.120, 2, 82701, 97871, 100, 497.98
2026/10/09 03:44:49.120, 3, 82709, 97871, 100, 554.03
2026/10/09 03:44:50.120, 0, 82714, 97871, 100, 505.15
2026/10/09 03:44:50.120, 1, 82704, 97871, 100, 534.58
2026/10/09 03:44:50.120, 2, 82701, 97871, 100, 500.38
2026/10/09 03:44:50.120, 3, 82709, 97871, 100, 559.67
2026/10/09 03:44:51.120, 0, 82714, 97871, 100, 503.54
2026/10/09 03:44:51.120, 1, 82704, 97871, 100, 530.91
2026/10/09 03:44:51.120, 2, 82703, 97871, 100, 499.44
2026/10/09 03:44:51.120, 3, 82709, 97871, 100, 554.85
2026/10/09 03:44:52.120, 0, 82714, 97871, 100, 507.66
2026/10/09 03:44:52.120, 1, 82704, 97871, 100, 535.33
2026/10/09 03:44:52.120, 2, 82703, 97871, 100, 507.68
2026/10/09 03:44:52.120, 3, 82709, 97871, 100, 553.90
2026/10/09 03:44:53.120, 0, 82714, 97871, 100, 508.18
2026/10/09 03:44:53.120, 1, 82704, 97871, 100, 535.32
2026/10/09 03:44:53.120, 2, 82703, 97871, 100, 503.48
2026/10/09 03:44:53.120, 3, 82709, 97871, 100, 555.51
2026/10/09 03:44:54.121, 0, 82714, 97871, 100, 512.20
2026/10/09 03:44:54.121, 1, 82704, 97871, 100, 530.12
2026/10/09 03:44:54.121, 2, 82703, 97871, 100, 491.52
2026/10/09 03:44:54.121, 3, 82709, 97871, 100, 548.60
2026/10/09 03:44:55.126, 0, 82714, 97871, 100, 505.74
2026/10/09 03:44:55.126, 1, 82704, 97871, 100, 532.63
2026/10/09 03:44:55.126, 2, 82703, 97871, 100, 525.47
2026/10/09 03:44:55.126, 3, 82709, 97871, 100, 546.12
2026/10/09 03:44:56.126, 0, 82714, 97871, 100, 511.85
2026/10/09 03:44:56.126, 1, 82704, 97871, 100, 532.50
2026/10/09 03:44:56.126, 2, 82703, 97871, 100, 525.90
2026/10/09 03:44:56.126, 3, 82709, 97871, 100, 544.08
2026/10/09 03:44:57.126, 0, 82714, 97871, 100, 506.80
2026/10/09 03:44:57.126, 1, 82704, 97871, 100, 536.06
2026/10/09 03:44:57.126, 2, 82703, 97871, 100, 529.15
2026/10/09 03:44:57.126, 3, 82709, 97871, 100, 537.68
2026/10/09 03:44:58.127, 0, 82714, 97871, 100, 511.43
2026/10/09 03:44:58.127, 1, 82704, 97871, 100, 531.47
2026/10/09 03:44:58.127, 2, 82703, 97871, 100, 523.41
2026/10/09 03:44:58.127, 3, 82711, 97871, 78, 533.27
2026/10/09 03:44:59.127, 0, 82714, 97871, 100, 508.24
2026/10/09 03:44:59.127, 1, 82704, 97871, 100, 512.95
2026/10/09 03:44:59.127, 2, 82703, 97871, 100, 523.54
2026/10/09 03:44:59.127, 3, 82711, 97871, 100, 544.23
2026/10/09 03:45:00.127, 0, 82714, 97871, 100, 512.34
2026/10/09 03:45:00.127, 1, 82704, 97871, 100, 519.20
2026/10/09 03:45:00.127, 2, 82703, 97871, 100, 526.30
2026/10/09 03:45:00.127, 3, 82711, 97871, 100, 531.22
2026/10/09 03:45:01.127, 0, 82714, 97871, 100, 509.39
2026/10/09 03:45:01.127, 1, 82704, 97871, 100, 520.86
2026/10/09 03:45:01.127, 2, 82703, 97871, 100, 524.59
2026/10/09 03:45:01.127, 3, 82711, 97871, 100, 493.52
2026/10/09 03:45:02.127, 0, 82714, 97871, 100, 508.18
2026/10/09 03:45:02.128, 1, 82704, 97871, 100, 523.94
2026/10/09 03:45:02.128, 2, 82703, 97871, 100, 524.90
2026/10/09 03:45:02.128, 3, 82711, 97871, 100, 556.90
2026/10/09 03:45:03.128, 0, 82714, 97871, 100, 508.96
2026/10/09 03:45:03.128, 1, 82704, 97871, 100, 525.29
2026/10/09 03:45:03.128, 2, 82703, 97871, 100, 523.75
2026/10/09 03:45:03.128, 3, 82711, 97871, 100, 557.11
2026/10/09 03:45:04.128, 0, 82714, 97871, 100, 511.45
2026/10/09 03:45:04.128, 1, 82704, 97871, 100, 524.70
2026/10/09 03:45:04.128, 2, 82703, 97871, 100, 524.52
2026/10/09 03:45:04.128, 3, 82711, 97871, 100, 555.86
2026/10/09 03:45:05.138, 0, 82714, 97871, 100, 511.65
2026/10/09 03:45:05.138, 1, 82704, 97871, 100, 527.32
2026/10/09 03:45:05.138, 2, 82703, 97871, 100, 512.04
2026/10/09 03:45:05.138, 3, 82711, 97871, 100, 555.04
2026/10/09 03:45:06.138, 0, 82714, 97871, 100, 510.91
2026/10/09 03:45:06.138, 1, 82704, 97871, 100, 521.62
2026/10/09 03:45:06.139, 2, 82703, 97871, 100, 507.92
2026/10/09 03:45:06.139, 3, 82711, 97871, 100, 555.78
2026/10/09 03:45:07.139, 0, 82714, 97871, 100, 509.31
2026/10/09 03:45:07.139, 1, 82704, 97871, 100, 519.69
2026/10/09 03:45:07.139, 2, 82703, 97871, 100, 514.10
2026/10/09 03:45:07.139, 3, 82711, 97871, 100, 553.83
2026/10/09 03:45:08.139, 0, 82714, 97871, 100, 510.10
2026/10/09 03:45:08.139, 1, 82704, 97871, 100, 522.65
2026/10/09 03:45:08.139, 2, 82703, 97871, 100, 517.53
2026/10/09 03:45:08.139, 3, 82711, 97871, 100, 553.33
2026/10/09 03:45:09.139, 0, 82714, 97871, 100, 510.26
2026/10/09 03:45:09.139, 1, 82704, 97871, 100, 523.88
2026/10/09 03:45:09.139, 2, 82703, 97871, 100, 521.00
2026/10/09 03:45:09.139, 3, 82711, 97871, 100, 553.38
2026/10/09 03:45:10.139, 0, 82714, 97871, 100, 510.39
2026/10/09 03:45:10.139, 1, 82704, 97871, 100, 523.92
2026/10/09 03:45:10.139, 2, 82703, 97871, 100, 517.22
2026/10/09 03:45:10.139, 3, 82711, 97871, 100, 555.78
2026/10/09 03:45:11.139, 0, 82714, 97871, 100, 509.89
2026/10/09 03:45:11.140, 1, 82704, 97871, 100, 527.87
2026/10/09 03:45:11.140, 2, 82703, 97871, 100, 516.53
2026/10/09 03:45:11.140, 3, 82711, 97871, 100, 553.71
2026/10/09 03:45:12.140, 0, 82714, 97871, 100, 510.71
2026/10/09 03:45:12.140, 1, 82704, 97871, 100, 526.02
2026/10/09 03:45:12.140, 2, 82703, 97871, 100, 515.42
2026/10/09 03:45:12.140, 3, 82711, 97871, 100, 549.15
2026/10/09 03:45:13.140, 0, 82714, 97871, 100, 507.36
2026/10/09 03:45:13.140, 1, 82704, 97871, 100, 526.87
2026/10/09 03:45:13.140, 2, 82703, 97871, 100, 509.81
2026/10/09 03:45:13.141, 3, 82711, 97871, 100, 551.23
2026/10/09 03:45:14.141, 0, 82714, 97871, 100, 508.39
2026/10/09 03:45:14.141, 1, 82704, 97871, 100, 522.07
2026/10/09 03:45:14.141, 2, 82703, 97871, 100, 513.35
2026/10/09 03:45:14.141, 3, 82711, 97871, 100, 550.43
2026/10/09 03:45:15.145, 0, 82714, 97871, 100, 509.83
2026/10/09 03:45:15.145, 1, 82704, 97871, 100, 522.46
2026/10/09 03:45:15.145, 2, 82703, 97871, 100, 517.18
2026/10/09 03:45:15.145, 3, 82711, 97871, 100, 553.68
2026/10/09 03:45:16.145, 0, 82714, 97871, 100, 509.72
2026/10/09 03:45:16.145, 1, 82704, 97871, 100, 526.61
2026/10/09 03:45:16.145, 2, 82703, 97871, 100, 517.50
2026/10/09 03:45:16.145, 3, 82711, 97871, 100, 553.37
2026/10/09 03:45:17.145, 0, 82714, 97871, 100, 508.23
2026/10/09 03:45:17.146, 1, 82704, 97871, 100, 521.50
2026/10/09 03:45:17.146, 2, 82703, 97871, 100, 518.52
2026/10/09 03:45:17.146, 3, 82711, 97871, 100, 552.30
2026/10/09 03:45:18.146, 0, 82714, 97871, 100, 505.51
2026/10/09 03:45:18.146, 1, 82704, 97871, 100, 526.62
2026/10/09 03:45:18.146, 2, 82703, 97871, 100, 515.35
2026/10/09 03:45:18.146, 3, 82711, 97871, 100, 555.36
2026/10/09 03:45:19.146, 0, 82714, 97871, 100, 509.51
2026/10/09 03:45:19.146, 1, 82704, 97871, 100, 527.57
2026/10/09 03:45:19.146, 2, 82703, 97871, 100, 517.53
2026/10/09 03:45:19.146, 3, 82711, 97871, 100, 552.04
2026/10/09 03:45:20.146, 0, 82714, 97871, 100, 509.35
2026/10/09 03:45:20.146, 1, 82704, 97871, 100, 521.09
2026/10/09 03:45:20.146, 2, 82703, 97871, 100, 515.41
2026/10/09 03:45:20.146, 3, 82711, 97871, 100, 550.45
2026/10/09 03:45:21.147, 0, 82714, 97871, 100, 506.24
2026/10/09 03:45:21.147, 1, 82704, 97871, 100, 526.04
2026/10/09 03:45:21.147, 2, 82703, 97871, 100, 518.46
2026/10/09 03:45:21.147, 3, 82711, 97871, 100, 551.60
2026/10/09 03:45:22.147, 0, 82714, 97871, 100, 511.13
2026/10/09 03:45:22.147, 1, 82704, 97871, 100, 521.56
2026/10/09 03:45:22.147, 2, 82703, 97871, 100, 517.02
2026/10/09 03:45:22.147, 3, 82711, 97871, 100, 551.51
2026/10/09 03:45:23.147, 0, 82714, 97871, 100, 513.88
2026/10/09 03:45:23.147, 1, 82704, 97871, 100, 521.76
2026/10/09 03:45:23.147, 2, 82703, 97871, 100, 519.13
2026/10/09 03:45:23.147, 3, 82711, 97871, 100, 552.42
2026/10/09 03:45:24.147, 0, 82714, 97871, 100, 510.35
2026/10/09 03:45:24.147, 1, 82704, 97871, 100, 524.16
2026/10/09 03:45:24.147, 2, 82703, 97871, 100, 517.32
2026/10/09 03:45:24.147, 3, 82711, 97871, 100, 549.98
2026/10/09 03:45:25.154, 0, 82714, 97871, 100, 506.62
2026/10/09 03:45:25.154, 1, 82704, 97871, 100, 524.12
2026/10/09 03:45:25.154, 2, 82703, 97871, 100, 521.10
2026/10/09 03:45:25.154, 3, 82711, 97871, 100, 554.08
2026/10/09 03:45:26.154, 0, 82714, 97871, 100, 510.70
2026/10/09 03:45:26.154, 1, 82704, 97871, 100, 524.35
2026/10/09 03:45:26.154, 2, 82703, 97871, 100, 516.53
2026/10/09 03:45:26.154, 3, 82711, 97871, 100, 553.40
2026/10/09 03:45:27.154, 0, 82714, 97871, 100, 509.42
2026/10/09 03:45:27.154, 1, 82704, 97871, 100, 527.21
2026/10/09 03:45:27.154, 2, 82703, 97871, 100, 515.63
2026/10/09 03:45:27.154, 3, 82711, 97871, 100, 552.30
2026/10/09 03:45:28.154, 0, 82714, 97871, 100, 510.16
2026/10/09 03:45:28.155, 1, 82704, 97871, 100, 524.19
2026/10/09 03:45:28.155, 2, 82703, 97871, 100, 510.59
2026/10/09 03:45:28.155, 3, 82711, 97871, 100, 550.16
2026/10/09 03:45:29.155, 0, 82714, 97871, 100, 507.80
2026/10/09 03:45:29.155, 1, 82704, 97871, 100, 524.77
2026/10/09 03:45:29.155, 2, 82703, 97871, 100, 516.36
2026/10/09 03:45:29.155, 3, 82711, 97871, 100, 555.02
2026/10/09 03:45:30.155, 0, 82714, 97871, 100, 510.42
2026/10/09 03:45:30.155, 1, 82704, 97871, 100, 526.96
2026/10/09 03:45:30.155, 2, 82703, 97871, 100, 517.00
2026/10/09 03:45:30.155, 3, 82711, 97871, 100, 549.31
2026/10/09 03:45:31.155, 0, 82714, 97871, 100, 504.85
2026/10/09 03:45:31.155, 1, 82704, 97871, 100, 523.77
2026/10/09 03:45:31.155, 2, 82703, 97871, 100, 512.16
2026/10/09 03:45:31.155, 3, 82711, 97871, 100, 553.87
2026/10/09 03:45:32.155, 0, 82714, 97871, 100, 509.82
2026/10/09 03:45:32.155, 1, 82704, 97871, 100, 522.32
2026/10/09 03:45:32.155, 2, 82703, 97871, 100, 512.47
2026/10/09 03:45:32.155, 3, 82711, 97871, 100, 552.97
2026/10/09 03:45:33.155, 0, 82714, 97871, 100, 506.88
2026/10/09 03:45:33.156, 1, 82704, 97871, 100, 523.39
2026/10/09 03:45:33.156, 2, 82703, 97871, 100, 516.45
2026/10/09 03:45:33.156, 3, 82711, 97871, 100, 549.92
2026/10/09 03:45:34.156, 0, 82714, 97871, 100, 510.13
2026/10/09 03:45:34.156, 1, 82704, 97871, 100, 526.33
2026/10/09 03:45:34.156, 2, 82703, 97871, 100, 513.51
2026/10/09 03:45:34.156, 3, 82711, 97871, 100, 554.18
2026/10/09 03:45:35.161, 0, 82714, 97871, 100, 505.62
2026/10/09 03:45:35.161, 1, 82704, 97871, 100, 520.05
2026/10/09 03:45:35.161, 2, 82703, 97871, 100, 518.70
2026/10/09 03:45:35.161, 3, 82711, 97871, 100, 548.94
2026/10/09 03:45:36.161, 0, 82714, 97871, 100, 508.39
2026/10/09 03:45:36.161, 1, 82704, 97871, 100, 526.75
2026/10/09 03:45:36.161, 2, 82703, 97871, 100, 515.69
2026/10/09 03:45:36.161, 3, 82711, 97871, 100, 548.05
2026/10/09 03:45:37.161, 0, 82714, 97871, 100, 509.51
2026/10/09 03:45:37.161, 1, 82704, 97871, 100, 519.67
2026/10/09 03:45:37.161, 2, 82703, 97871, 100, 515.29
2026/10/09 03:45:37.161, 3, 82711, 97871, 100, 551.38
2026/10/09 03:45:38.161, 0, 82714, 97871, 100, 511.98
2026/10/09 03:45:38.161, 1, 82704, 97871, 100, 525.76
2026/10/09 03:45:38.161, 2, 82703, 97871, 100, 514.85
2026/10/09 03:45:38.162, 3, 82711, 97871, 100, 548.41
2026/10/09 03:45:39.162, 0, 82713, 97871, 100, 509.53
2026/10/09 03:45:39.162, 1, 82704, 97871, 100, 525.81
2026/10/09 03:45:39.162, 2, 82703, 97871, 100, 517.26
2026/10/09 03:45:39.162, 3, 82711, 97871, 100, 549.71
2026/10/09 03:45:40.162, 0, 82713, 97871, 100, 508.70
2026/10/09 03:45:40.162, 1, 82704, 97871, 100, 520.26
2026/10/09 03:45:40.162, 2, 82703, 97871, 100, 517.01
2026/10/09 03:45:40.162, 3, 82711, 97871, 100, 551.14
2026/10/09 03:45:41.162, 0, 82713, 97871, 100, 508.72
2026/10/09 03:45:41.162, 1, 82704, 97871, 100, 521.03
2026/10/09 03:45:41.162, 2, 82703, 97871, 100, 516.88
2026/10/09 03:45:41.162, 3, 82711, 97871, 100, 554.57
2026/10/09 03:45:42.162, 0, 82713, 97871, 100, 502.17
2026/10/09 03:45:42.162, 1, 82704, 97871, 100, 523.57
2026/10/09 03:45:42.162, 2, 82703, 97871, 100, 520.86
2026/10/09 03:45:42.162, 3, 82711, 97871, 100, 555.42
2026/10/09 03:45:43.162, 0, 82713, 97871, 100, 496.72
2026/10/09 03:45:43.163, 1, 82704, 97871, 100, 527.01
2026/10/09 03:45:43.163, 2, 82703, 97871, 100, 512.94
2026/10/09 03:45:43.163, 3, 82711, 97871, 100, 551.45
2026/10/09 03:45:44.163, 0, 82713, 97871, 100, 497.23
2026/10/09 03:45:44.163, 1, 82704, 97871, 100, 523.18
2026/10/09 03:45:44.163, 2, 82703, 97871, 100, 514.12
2026/10/09 03:45:44.163, 3, 82711, 97871, 100, 552.34
2026/10/09 03:45:45.176, 0, 82713, 97871, 100, 495.04
2026/10/09 03:45:45.176, 1, 82704, 97871, 100, 526.46
2026/10/09 03:45:45.176, 2, 82703, 97871, 100, 514.69
2026/10/09 03:45:45.176, 3, 82711, 97871, 100, 555.51
2026/10/09 03:45:46.176, 0, 82713, 97871, 100, 497.37
2026/10/09 03:45:46.176, 1, 82704, 97871, 100, 522.01
2026/10/09 03:45:46.176, 2, 82703, 97871, 100, 514.94
2026/10/09 03:45:46.176, 3, 82711, 97871, 100, 554.59
2026/10/09 03:45:47.176, 0, 82713, 97871, 99, 495.29
2026/10/09 03:45:47.176, 1, 82704, 97871, 100, 527.51
2026/10/09 03:45:47.176, 2, 82703, 97871, 100, 513.44
2026/10/09 03:45:47.176, 3, 82711, 97871, 100, 548.89
2026/10/09 03:45:48.176, 0, 82713, 97871, 100, 421.13
2026/10/09 03:45:48.177, 1, 82704, 97871, 100, 524.11
2026/10/09 03:45:48.177, 2, 82703, 97871, 100, 513.83
2026/10/09 03:45:48.177, 3, 82711, 97871, 100, 553.10
2026/10/09 03:45:49.177, 0, 82713, 97871, 100, 512.95
2026/10/09 03:45:49.177, 1, 82704, 97871, 100, 522.57
2026/10/09 03:45:49.177, 2, 82703, 97871, 100, 512.79
2026/10/09 03:45:49.177, 3, 82711, 97871, 100, 555.21
2026/10/09 03:45:50.177, 0, 82713, 97871, 100, 513.99
2026/10/09 03:45:50.177, 1, 82704, 97871, 100, 523.23
2026/10/09 03:45:50.177, 2, 82703, 97871, 100, 517.59
2026/10/09 03:45:50.177, 3, 82711, 97871, 100, 552.60
2026/10/09 03:45:51.177, 0, 82713, 97871, 100, 514.32
2026/10/09 03:45:51.177, 1, 82704, 97871, 100, 520.89
2026/10/09 03:45:51.177, 2, 82703, 97871, 100, 520.02
2026/10/09 03:45:51.177, 3, 82711, 97871, 100, 556.08
2026/10/09 03:45:52.178, 0, 82713, 97871, 100, 513.64
2026/10/09 03:45:52.178, 1, 82704, 97871, 100, 511.23
2026/10/09 03:45:52.178, 2, 82703, 97871, 100, 514.65
2026/10/09 03:45:52.178, 3, 82711, 97871, 100, 552.67
2026/10/09 03:45:53.178, 0, 82713, 97871, 100, 517.80
2026/10/09 03:45:53.178, 1, 82704, 97871, 100, 508.51
2026/10/09 03:45:53.178, 2, 82703, 97871, 100, 517.69
2026/10/09 03:45:53.178, 3, 82711, 97871, 100, 550.21
2026/10/09 03:45:54.178, 0, 82713, 97871, 100, 515.05
2026/10/09 03:45:54.178, 1, 82704, 97871, 100, 506.55
2026/10/09 03:45:54.178, 2, 82703, 97871, 100, 517.90
2026/10/09 03:45:54.178, 3, 82711, 97871, 100, 550.31
2026/10/09 03:45:55.187, 0, 82713, 97871, 100, 513.48
2026/10/09 03:45:55.187, 1, 82704, 97871, 100, 507.97
2026/10/09 03:45:55.187, 2, 82703, 97871, 100, 516.48
2026/10/09 03:45:55.187, 3, 82711, 97871, 100, 548.41
2026/10/09 03:45:56.187, 0, 82713, 97871, 100, 511.17
2026/10/09 03:45:56.188, 1, 82704, 97871, 100, 513.28
2026/10/09 03:45:56.188, 2, 82703, 97871, 100, 517.25
2026/10/09 03:45:56.188, 3, 82711, 97871, 100, 557.97
2026/10/09 03:45:57.188, 0, 82713, 97871, 100, 516.32
2026/10/09 03:45:57.188, 1, 82704, 97871, 21, 480.68
2026/10/09 03:45:57.188, 2, 82703, 97871, 100, 513.57
2026/10/09 03:45:57.188, 3, 82711, 97871, 100, 552.52
2026/10/09 03:45:58.188, 0, 82713, 97871, 100, 515.66
2026/10/09 03:45:58.188, 1, 82704, 97871, 100, 486.09
2026/10/09 03:45:58.188, 2, 82703, 97871, 100, 507.93
2026/10/09 03:45:58.188, 3, 82711, 97871, 100, 552.34
2026/10/09 03:45:59.188, 0, 82713, 97871, 100, 511.10
2026/10/09 03:45:59.188, 1, 82704, 97871, 100, 531.94
2026/10/09 03:45:59.188, 2, 82703, 97871, 100, 503.39
2026/10/09 03:45:59.188, 3, 82711, 97871, 100, 551.88
2026/10/09 03:46:00.188, 0, 82713, 97871, 100, 504.34
2026/10/09 03:46:00.188, 1, 82704, 97871, 100, 534.83
2026/10/09 03:46:00.188, 2, 82703, 97871, 100, 498.49
2026/10/09 03:46:00.188, 3, 82711, 97871, 100, 551.60
2026/10/09 03:46:01.188, 0, 82713, 97871, 100, 503.16
2026/10/09 03:46:01.189, 1, 82704, 97871, 100, 533.61
2026/10/09 03:46:01.189, 2, 82703, 97871, 97, 494.27
2026/10/09 03:46:01.189, 3, 82711, 97871, 100, 556.39
2026/10/09 03:46:02.189, 0, 82713, 97871, 100, 510.39
2026/10/09 03:46:02.189, 1, 82704, 97871, 100, 530.19
2026/10/09 03:46:02.189, 2, 82703, 97871, 100, 503.45
2026/10/09 03:46:02.189, 3, 82711, 97871, 100, 556.81
2026/10/09 03:46:03.189, 0, 82713, 97871, 100, 507.79
2026/10/09 03:46:03.189, 1, 82704, 97871, 100, 529.42
2026/10/09 03:46:03.189, 2, 82703, 97871, 100, 504.31
2026/10/09 03:46:03.189, 3, 82711, 97871, 100, 553.85
2026/10/09 03:46:04.189, 0, 82713, 97871, 100, 511.17
2026/10/09 03:46:04.189, 1, 82704, 97871, 100, 534.38
2026/10/09 03:46:04.189, 2, 82703, 97871, 1, 434.32
2026/10/09 03:46:04.189, 3, 82711, 97871, 100, 554.94
2026/10/09 03:46:05.196, 0, 82713, 97871, 100, 509.95
2026/10/09 03:46:05.196, 1, 82704, 97871, 100, 531.59
2026/10/09 03:46:05.196, 2, 82703, 97871, 100, 523.62
2026/10/09 03:46:05.196, 3, 82711, 97871, 100, 547.22
2026/10/09 03:46:06.196, 0, 82713, 97871, 100, 511.13
2026/10/09 03:46:06.196, 1, 82704, 97871, 100, 531.01
2026/10/09 03:46:06.196, 2, 82703, 97871, 100, 526.23
2026/10/09 03:46:06.196, 3, 82711, 97871, 100, 546.86
2026/10/09 03:46:07.196, 0, 82713, 97871, 100, 508.60
2026/10/09 03:46:07.197, 1, 82704, 97871, 100, 532.17
2026/10/09 03:46:07.197, 2, 82703, 97871, 100, 522.83
2026/10/09 03:46:07.197, 3, 82711, 97871, 100, 545.22
2026/10/09 03:46:08.197, 0, 82713, 97871, 100, 505.77
2026/10/09 03:46:08.197, 1, 82704, 97871, 100, 533.82
2026/10/09 03:46:08.197, 2, 82703, 97871, 100, 527.38
2026/10/09 03:46:08.197, 3, 82711, 97871, 100, 541.28
2026/10/09 03:46:09.197, 0, 82713, 97871, 100, 508.53
2026/10/09 03:46:09.197, 1, 82704, 97871, 100, 526.49
2026/10/09 03:46:09.197, 2, 82703, 97871, 100, 526.78
2026/10/09 03:46:09.197, 3, 82711, 97871, 100, 537.71
2026/10/09 03:46:10.197, 0, 82713, 97871, 100, 507.37
2026/10/09 03:46:10.197, 1, 82704, 97871, 100, 511.33
2026/10/09 03:46:10.197, 2, 82703, 97871, 100, 526.24
2026/10/09 03:46:10.197, 3, 82711, 97871, 99, 513.95
2026/10/09 03:46:11.197, 0, 82713, 97871, 100, 509.33
2026/10/09 03:46:11.197, 1, 82704, 97871, 100, 519.59
2026/10/09 03:46:11.197, 2, 82703, 97871, 100, 522.55
2026/10/09 03:46:11.197, 3, 82711, 97871, 100, 455.65
2026/10/09 03:46:12.197, 0, 82713, 97871, 100, 506.99
2026/10/09 03:46:12.197, 1, 82704, 97871, 100, 527.59
2026/10/09 03:46:12.197, 2, 82703, 97871, 100, 524.89
2026/10/09 03:46:12.198, 3, 82711, 97871, 100, 557.56
2026/10/09 03:46:13.198, 0, 82713, 97871, 100, 512.76
2026/10/09 03:46:13.198, 1, 82704, 97871, 100, 525.31
2026/10/09 03:46:13.198, 2, 82703, 97871, 100, 525.16
2026/10/09 03:46:13.198, 3, 82711, 97871, 100, 557.65
2026/10/09 03:46:14.198, 0, 82713, 97871, 100, 512.91
2026/10/09 03:46:14.198, 1, 82704, 97871, 100, 524.75
2026/10/09 03:46:14.198, 2, 82703, 97871, 100, 528.64
2026/10/09 03:46:14.198, 3, 82711, 97871, 100, 557.85
2026/10/09 03:46:15.203, 0, 82713, 97871, 100, 510.98
2026/10/09 03:46:15.203, 1, 82704, 97871, 100, 528.58
2026/10/09 03:46:15.203, 2, 82703, 97871, 100, 521.70
2026/10/09 03:46:15.203, 3, 82711, 97871, 100, 556.27
2026/10/09 03:46:16.203, 0, 82713, 97871, 100, 510.07
2026/10/09 03:46:16.203, 1, 82704, 97871, 100, 526.49
2026/10/09 03:46:16.203, 2, 82703, 97871, 100, 513.15
2026/10/09 03:46:16.203, 3, 82711, 97871, 100, 556.57
2026/10/09 03:46:17.203, 0, 82713, 97871, 100, 506.08
2026/10/09 03:46:17.203, 1, 82704, 97871, 100, 527.47
2026/10/09 03:46:17.203, 2, 82703, 97871, 100, 506.66
2026/10/09 03:46:17.203, 3, 82711, 97871, 100, 556.39
2026/10/09 03:46:18.203, 0, 82713, 97871, 100, 497.56
2026/10/09 03:46:18.204, 1, 82704, 97871, 100, 521.73
2026/10/09 03:46:18.204, 2, 82703, 97871, 100, 512.91
2026/10/09 03:46:18.204, 3, 82711, 97871, 100, 553.31
2026/10/09 03:46:19.204, 0, 82713, 97871, 100, 496.67
2026/10/09 03:46:19.204, 1, 82704, 97871, 100, 521.65
2026/10/09 03:46:19.204, 2, 82703, 97871, 100, 516.98
2026/10/09 03:46:19.204, 3, 82711, 97871, 100, 552.39
2026/10/09 03:46:20.204, 0, 82713, 97871, 93, 489.74
2026/10/09 03:46:20.204, 1, 82704, 97871, 100, 524.73
2026/10/09 03:46:20.204, 2, 82703, 97871, 100, 516.82
2026/10/09 03:46:20.204, 3, 82711, 97871, 100, 555.87
2026/10/09 03:46:21.204, 0, 82713, 97871, 100, 495.78
2026/10/09 03:46:21.204, 1, 82704, 97871, 100, 520.80
2026/10/09 03:46:21.204, 2, 82703, 97871, 100, 516.82
2026/10/09 03:46:21.204, 3, 82711, 97871, 100, 553.17
2026/10/09 03:46:22.204, 0, 82713, 97871, 100, 499.22
2026/10/09 03:46:22.204, 1, 82704, 97871, 100, 523.16
2026/10/09 03:46:22.204, 2, 82703, 97871, 100, 521.55
2026/10/09 03:46:22.204, 3, 82711, 97871, 100, 552.92
2026/10/09 03:46:23.205, 0, 82713, 97871, 100, 471.06
2026/10/09 03:46:23.205, 1, 82704, 97871, 100, 527.69
2026/10/09 03:46:23.205, 2, 82703, 97871, 100, 518.26
2026/10/09 03:46:23.205, 3, 82711, 97871, 100, 548.23
2026/10/09 03:46:24.205, 0, 82713, 97871, 100, 512.66
2026/10/09 03:46:24.205, 1, 82704, 97871, 100, 531.64
2026/10/09 03:46:24.205, 2, 82703, 97871, 100, 515.02
2026/10/09 03:46:24.205, 3, 82711, 97871, 100, 549.71
2026/10/09 03:46:25.216, 0, 82713, 97871, 100, 515.80
2026/10/09 03:46:25.216, 1, 82704, 97871, 100, 526.70
2026/10/09 03:46:25.216, 2, 82703, 97871, 100, 511.99
2026/10/09 03:46:25.216, 3, 82711, 97871, 100, 550.69
2026/10/09 03:46:26.216, 0, 82713, 97871, 100, 514.58
2026/10/09 03:46:26.216, 1, 82704, 97871, 100, 527.97
2026/10/09 03:46:26.216, 2, 82703, 97871, 100, 516.20
2026/10/09 03:46:26.216, 3, 82711, 97871, 100, 554.65
2026/10/09 03:46:27.217, 0, 82713, 97871, 100, 513.67
2026/10/09 03:46:27.217, 1, 82704, 97871, 100, 519.64
2026/10/09 03:46:27.217, 2, 82703, 97871, 100, 517.46
2026/10/09 03:46:27.217, 3, 82711, 97871, 100, 552.63
2026/10/09 03:46:28.217, 0, 82713, 97871, 100, 514.33
2026/10/09 03:46:28.217, 1, 82704, 97871, 100, 512.68
2026/10/09 03:46:28.217, 2, 82703, 97871, 100, 511.61
2026/10/09 03:46:28.217, 3, 82711, 97871, 100, 555.45
2026/10/09 03:46:29.217, 0, 82713, 97871, 100, 513.32
2026/10/09 03:46:29.217, 1, 82704, 97871, 100, 512.17
2026/10/09 03:46:29.217, 2, 82703, 97871, 100, 518.98
2026/10/09 03:46:29.217, 3, 82711, 97871, 100, 552.48
2026/10/09 03:46:30.217, 0, 82713, 97871, 100, 514.15
2026/10/09 03:46:30.217, 1, 82704, 97871, 100, 511.32
2026/10/09 03:46:30.217, 2, 82703, 97871, 100, 519.58
2026/10/09 03:46:30.217, 3, 82711, 97871, 100, 554.74
2026/10/09 03:46:31.217, 0, 82713, 97871, 100, 516.27
2026/10/09 03:46:31.217, 1, 82704, 97871, 100, 507.99
2026/10/09 03:46:31.217, 2, 82703, 97871, 100, 518.02
2026/10/09 03:46:31.217, 3, 82711, 97871, 100, 552.54
2026/10/09 03:46:32.217, 0, 82713, 97871, 100, 511.92
2026/10/09 03:46:32.218, 1, 82704, 97871, 100, 513.18
2026/10/09 03:46:32.218, 2, 82703, 97871, 100, 520.73
2026/10/09 03:46:32.218, 3, 82711, 97871, 100, 551.36
2026/10/09 03:46:33.218, 0, 82713, 97871, 100, 512.13
2026/10/09 03:46:33.218, 1, 82704, 97871, 100, 519.46
2026/10/09 03:46:33.218, 2, 82703, 97871, 100, 517.64
2026/10/09 03:46:33.218, 3, 82711, 97871, 100, 551.64
2026/10/09 03:46:34.218, 0, 82713, 97871, 100, 514.49
2026/10/09 03:46:34.218, 1, 82704, 97871, 100, 509.67
2026/10/09 03:46:34.218, 2, 82703, 97871, 100, 506.16
2026/10/09 03:46:34.218, 3, 82711, 97871, 100, 554.84
2026/10/09 03:46:35.223, 0, 82713, 97871, 100, 502.55
2026/10/09 03:46:35.223, 1, 82704, 97871, 100, 531.58
2026/10/09 03:46:35.223, 2, 82703, 97871, 100, 502.91
2026/10/09 03:46:35.223, 3, 82711, 97871, 100, 550.99
2026/10/09 03:46:36.223, 0, 82713, 97871, 100, 506.84
2026/10/09 03:46:36.223, 1, 82704, 97871, 100, 529.80
2026/10/09 03:46:36.223, 2, 82703, 97871, 100, 503.11
2026/10/09 03:46:36.223, 3, 82711, 97871, 100, 555.78
2026/10/09 03:46:37.224, 0, 82713, 97871, 100, 505.75
2026/10/09 03:46:37.224, 1, 82704, 97871, 100, 532.96
2026/10/09 03:46:37.224, 2, 82703, 97871, 90, 492.92
2026/10/09 03:46:37.224, 3, 82711, 97871, 100, 553.09
2026/10/09 03:46:38.224, 0, 82713, 97871, 100, 509.81
2026/10/09 03:46:38.224, 1, 82704, 97871, 100, 533.87
2026/10/09 03:46:38.224, 2, 82703, 97871, 100, 506.55
2026/10/09 03:46:38.224, 3, 82711, 97871, 100, 551.34
2026/10/09 03:46:39.224, 0, 82713, 97871, 100, 507.03
2026/10/09 03:46:39.224, 1, 82704, 97871, 100, 532.33
2026/10/09 03:46:39.224, 2, 82703, 97871, 100, 500.64
2026/10/09 03:46:39.224, 3, 82711, 97871, 100, 553.26
2026/10/09 03:46:40.224, 0, 82713, 97871, 100, 513.99
2026/10/09 03:46:40.224, 1, 82704, 97871, 100, 533.50
2026/10/09 03:46:40.224, 2, 82703, 97871, 45, 489.46
2026/10/09 03:46:40.224, 3, 82711, 97871, 100, 551.90
2026/10/09 03:46:41.224, 0, 82713, 97871, 100, 508.30
2026/10/09 03:46:41.225, 1, 82704, 97871, 100, 531.90
2026/10/09 03:46:41.225, 2, 82703, 97871, 100, 522.36
2026/10/09 03:46:41.225, 3, 82711, 97871, 100, 547.38
2026/10/09 03:46:42.225, 0, 82713, 97871, 100, 509.42
2026/10/09 03:46:42.225, 1, 82704, 97871, 100, 534.23
2026/10/09 03:46:42.225, 2, 82703, 97871, 100, 523.93
2026/10/09 03:46:42.225, 3, 82711, 97871, 100, 546.48
2026/10/09 03:46:43.225, 0, 82713, 97871, 100, 508.33
2026/10/09 03:46:43.225, 1, 82704, 97871, 100, 535.83
2026/10/09 03:46:43.225, 2, 82703, 97871, 100, 520.26
2026/10/09 03:46:43.225, 3, 82711, 97871, 100, 545.97
2026/10/09 03:46:44.225, 0, 82713, 97871, 100, 510.03
2026/10/09 03:46:44.225, 1, 82704, 97871, 100, 533.02
2026/10/09 03:46:44.225, 2, 82703, 97871, 100, 527.35
2026/10/09 03:46:44.225, 3, 82711, 97871, 100, 544.71
2026/10/09 03:46:45.232, 0, 82713, 97871, 100, 512.52
2026/10/09 03:46:45.232, 1, 82704, 97871, 100, 526.78
2026/10/09 03:46:45.232, 2, 82703, 97871, 100, 531.71
2026/10/09 03:46:45.232, 3, 82711, 97871, 100, 539.64
2026/10/09 03:46:46.232, 0, 82713, 97871, 100, 506.48
2026/10/09 03:46:46.232, 1, 82704, 97871, 100, 509.35
2026/10/09 03:46:46.232, 2, 82703, 97871, 100, 523.09
2026/10/09 03:46:46.232, 3, 82711, 97871, 100, 525.50
2026/10/09 03:46:47.232, 0, 82713, 97871, 100, 508.39
2026/10/09 03:46:47.232, 1, 82704, 97871, 100, 517.29
2026/10/09 03:46:47.232, 2, 82703, 97871, 100, 526.47
2026/10/09 03:46:47.232, 3, 82711, 97871, 100, 503.64
2026/10/09 03:46:48.232, 0, 82713, 97871, 100, 504.90
2026/10/09 03:46:48.232, 1, 82704, 97871, 100, 528.01
2026/10/09 03:46:48.232, 2, 82703, 97871, 100, 528.12
2026/10/09 03:46:48.232, 3, 82711, 97871, 100, 556.79
2026/10/09 03:46:49.233, 0, 82713, 97871, 100, 511.16
2026/10/09 03:46:49.233, 1, 82704, 97871, 100, 522.56
2026/10/09 03:46:49.233, 2, 82703, 97871, 100, 527.64
2026/10/09 03:46:49.233, 3, 82711, 97871, 100, 554.92
2026/10/09 03:46:50.233, 0, 82713, 97871, 100, 514.92
2026/10/09 03:46:50.233, 1, 82704, 97871, 100, 526.89
2026/10/09 03:46:50.233, 2, 82703, 97871, 100, 520.14
2026/10/09 03:46:50.233, 3, 82711, 97871, 100, 556.49
2026/10/09 03:46:51.233, 0, 82713, 97871, 100, 511.94
2026/10/09 03:46:51.233, 1, 82704, 97871, 100, 530.50
2026/10/09 03:46:51.233, 2, 82703, 97871, 100, 525.28
2026/10/09 03:46:51.233, 3, 82711, 97871, 100, 554.16
2026/10/09 03:46:52.233, 0, 82713, 97871, 100, 508.41
2026/10/09 03:46:52.233, 1, 82704, 97871, 100, 527.12
2026/10/09 03:46:52.233, 2, 82703, 97871, 100, 515.45
2026/10/09 03:46:52.233, 3, 82711, 97871, 100, 555.66
2026/10/09 03:46:53.233, 0, 82713, 97871, 100, 509.01
2026/10/09 03:46:53.233, 1, 82704, 97871, 100, 529.87
2026/10/09 03:46:53.233, 2, 82703, 97871, 100, 511.14
2026/10/09 03:46:53.233, 3, 82711, 97871, 100, 558.20
2026/10/09 03:46:54.233, 0, 82713, 97871, 100, 510.02
2026/10/09 03:46:54.234, 1, 82704, 97871, 100, 521.93
2026/10/09 03:46:54.234, 2, 82703, 97871, 100, 512.45
2026/10/09 03:46:54.234, 3, 82711, 97871, 100, 555.91
2026/10/09 03:46:55.238, 0, 82713, 97871, 100, 510.42
2026/10/09 03:46:55.239, 1, 82704, 97871, 100, 524.62
2026/10/09 03:46:55.239, 2, 82703, 97871, 100, 513.84
2026/10/09 03:46:55.239, 3, 82711, 97871, 100, 553.50
2026/10/09 03:46:56.239, 0, 82713, 97871, 100, 505.64
2026/10/09 03:46:56.239, 1, 82704, 97871, 100, 526.59
2026/10/09 03:46:56.239, 2, 82703, 97871, 100, 515.03
2026/10/09 03:46:56.239, 3, 82711, 97871, 100, 556.23
2026/10/09 03:46:57.239, 0, 82713, 97871, 100, 508.21
2026/10/09 03:46:57.239, 1, 82704, 97871, 100, 522.25
2026/10/09 03:46:57.239, 2, 82703, 97871, 100, 518.52
2026/10/09 03:46:57.239, 3, 82711, 97871, 100, 551.00
2026/10/09 03:46:58.239, 0, 82713, 97871, 100, 511.16
2026/10/09 03:46:58.239, 1, 82704, 97871, 100, 523.12
2026/10/09 03:46:58.239, 2, 82703, 97871, 100, 518.46
2026/10/09 03:46:58.239, 3, 82711, 97871, 100, 556.20
2026/10/09 03:46:59.239, 0, 82713, 97871, 100, 505.48
2026/10/09 03:46:59.239, 1, 82704, 97871, 100, 526.60
2026/10/09 03:46:59.239, 2, 82703, 97871, 100, 517.28
2026/10/09 03:46:59.239, 3, 82711, 97871, 100, 552.20
2026/10/09 03:47:00.239, 0, 82713, 97871, 100, 507.86
2026/10/09 03:47:00.239, 1, 82704, 97871, 100, 524.81
2026/10/09 03:47:00.239, 2, 82703, 97871, 100, 514.44
2026/10/09 03:47:00.240, 3, 82711, 97871, 100, 550.33
2026/10/09 03:47:01.240, 0, 82713, 97871, 100, 504.21
2026/10/09 03:47:01.240, 1, 82704, 97871, 100, 529.93
2026/10/09 03:47:01.240, 2, 82703, 97871, 100, 512.44
2026/10/09 03:47:01.240, 3, 82711, 97871, 100, 553.97
2026/10/09 03:47:02.240, 0, 82713, 97871, 100, 505.65
2026/10/09 03:47:02.240, 1, 82704, 97871, 100, 524.73
2026/10/09 03:47:02.240, 2, 82703, 97871, 100, 511.90
2026/10/09 03:47:02.240, 3, 82711, 97871, 100, 553.03
2026/10/09 03:47:03.240, 0, 82713, 97871, 100, 507.68
2026/10/09 03:47:03.240, 1, 82704, 97871, 100, 529.66
2026/10/09 03:47:03.240, 2, 82703, 97871, 100, 515.58
2026/10/09 03:47:03.240, 3, 82711, 97871, 100, 549.92
2026/10/09 03:47:04.240, 0, 82713, 97871, 100, 507.66
2026/10/09 03:47:04.240, 1, 82704, 97871, 100, 522.62
2026/10/09 03:47:04.240, 2, 82703, 97871, 100, 512.54
2026/10/09 03:47:04.240, 3, 82711, 97871, 100, 554.62
2026/10/09 03:47:05.250, 0, 82713, 97871, 100, 508.96
2026/10/09 03:47:05.251, 1, 82704, 97871, 100, 525.62
2026/10/09 03:47:05.251, 2, 82703, 97871, 100, 520.84
2026/10/09 03:47:05.251, 3, 82711, 97871, 100, 551.01
2026/10/09 03:47:06.251, 0, 82713, 97871, 100, 506.50
2026/10/09 03:47:06.251, 1, 82704, 97871, 100, 524.14
2026/10/09 03:47:06.251, 2, 82703, 97871, 100, 515.38
2026/10/09 03:47:06.251, 3, 82711, 97871, 100, 554.76
2026/10/09 03:47:07.251, 0, 82713, 97871, 100, 511.34
2026/10/09 03:47:07.251, 1, 82704, 97871, 100, 519.97
2026/10/09 03:47:07.251, 2, 82703, 97871, 100, 517.45
2026/10/09 03:47:07.251, 3, 82711, 97871, 100, 553.34
2026/10/09 03:47:08.251, 0, 82713, 97871, 100, 507.78
2026/10/09 03:47:08.251, 1, 82704, 97871, 100, 523.87
2026/10/09 03:47:08.251, 2, 82703, 97871, 100, 517.11
2026/10/09 03:47:08.251, 3, 82711, 97871, 100, 552.07
2026/10/09 03:47:09.251, 0, 82713, 97871, 100, 509.19
2026/10/09 03:47:09.251, 1, 82704, 97871, 100, 520.09
2026/10/09 03:47:09.251, 2, 82703, 97871, 100, 517.00
2026/10/09 03:47:09.251, 3, 82711, 97871, 100, 553.88
2026/10/09 03:47:10.251, 0, 82713, 97871, 100, 509.85
2026/10/09 03:47:10.251, 1, 82704, 97871, 100, 518.19
2026/10/09 03:47:10.251, 2, 82703, 97871, 100, 517.71
2026/10/09 03:47:10.252, 3, 82711, 97871, 100, 551.10
2026/10/09 03:47:11.252, 0, 82713, 97871, 100, 507.86
2026/10/09 03:47:11.252, 1, 82704, 97871, 100, 531.56
2026/10/09 03:47:11.252, 2, 82703, 97871, 100, 514.08
2026/10/09 03:47:11.252, 3, 82711, 97871, 100, 552.98
2026/10/09 03:47:12.252, 0, 82713, 97871, 100, 509.62
2026/10/09 03:47:12.252, 1, 82704, 97871, 100, 522.21
2026/10/09 03:47:12.252, 2, 82703, 97871, 100, 518.57
2026/10/09 03:47:12.252, 3, 82711, 97871, 100, 554.84
2026/10/09 03:47:13.252, 0, 82713, 97871, 100, 507.73
2026/10/09 03:47:13.252, 1, 82704, 97871, 100, 524.88
2026/10/09 03:47:13.252, 2, 82703, 97871, 100, 517.44
2026/10/09 03:47:13.252, 3, 82711, 97871, 100, 550.95
2026/10/09 03:47:14.252, 0, 82713, 97871, 100, 505.27
2026/10/09 03:47:14.252, 1, 82704, 97871, 100, 524.46
2026/10/09 03:47:14.252, 2, 82703, 97871, 100, 515.51
2026/10/09 03:47:14.252, 3, 82711, 97871, 100, 553.44
2026/10/09 03:47:15.257, 0, 82713, 97871, 100, 509.89
2026/10/09 03:47:15.257, 1, 82704, 97871, 100, 526.53
2026/10/09 03:47:15.257, 2, 82703, 97871, 100, 513.47
2026/10/09 03:47:15.258, 3, 82711, 97871, 100, 554.95
2026/10/09 03:47:16.258, 0, 82713, 97871, 100, 505.35
2026/10/09 03:47:16.258, 1, 82704, 97871, 100, 523.27
2026/10/09 03:47:16.258, 2, 82703, 97871, 100, 507.96
2026/10/09 03:47:16.258, 3, 82711, 97871, 100, 550.82
2026/10/09 03:47:17.258, 0, 82713, 97871, 100, 508.76
2026/10/09 03:47:17.258, 1, 82704, 97871, 100, 525.82
2026/10/09 03:47:17.258, 2, 82703, 97871, 100, 515.90
2026/10/09 03:47:17.258, 3, 82711, 97871, 100, 556.77
2026/10/09 03:47:18.258, 0, 82713, 97871, 100, 506.24
2026/10/09 03:47:18.258, 1, 82704, 97871, 100, 523.11
2026/10/09 03:47:18.258, 2, 82703, 97871, 100, 516.38
2026/10/09 03:47:18.258, 3, 82711, 97871, 100, 555.14
2026/10/09 03:47:19.258, 0, 82713, 97871, 100, 510.35
2026/10/09 03:47:19.258, 1, 82704, 97871, 100, 525.23
2026/10/09 03:47:19.258, 2, 82703, 97871, 100, 514.08
2026/10/09 03:47:19.258, 3, 82711, 97871, 100, 550.58
2026/10/09 03:47:20.258, 0, 82713, 97871, 100, 509.12
2026/10/09 03:47:20.259, 1, 82704, 97871, 100, 523.07
2026/10/09 03:47:20.259, 2, 82703, 97871, 100, 514.02
2026/10/09 03:47:20.259, 3, 82711, 97871, 100, 553.77
2026/10/09 03:47:21.259, 0, 82713, 97871, 100, 510.49
2026/10/09 03:47:21.259, 1, 82704, 97871, 100, 526.18
2026/10/09 03:47:21.259, 2, 82703, 97871, 100, 521.85
2026/10/09 03:47:21.259, 3, 82711, 97871, 100, 553.32
2026/10/09 03:47:22.259, 0, 82713, 97871, 100, 507.35
2026/10/09 03:47:22.267, 1, 82704, 97871, 100, 525.93
2026/10/09 03:47:22.267, 2, 82703, 97871, 100, 517.68
2026/10/09 03:47:22.267, 3, 82711, 97871, 100, 552.05
2026/10/09 03:47:23.267, 0, 82713, 97871, 100, 508.78
2026/10/09 03:47:23.267, 1, 82704, 97871, 100, 522.93
2026/10/09 03:47:23.267, 2, 82703, 97871, 100, 511.41
2026/10/09 03:47:23.267, 3, 82711, 97871, 100, 549.46
2026/10/09 03:47:24.267, 0, 82713, 97871, 100, 511.85
2026/10/09 03:47:24.267, 1, 82704, 97871, 100, 524.02
2026/10/09 03:47:24.267, 2, 82703, 97871, 100, 519.41
2026/10/09 03:47:24.267, 3, 82711, 97871, 100, 553.80
2026/10/09 03:47:25.268, 0, 82713, 97871, 100, 514.42
2026/10/09 03:47:25.268, 1, 82704, 97871, 100, 521.52
2026/10/09 03:47:25.268, 2, 82703, 97871, 100, 516.02
2026/10/09 03:47:25.268, 3, 82711, 97871, 100, 554.02
2026/10/09 03:47:26.268, 0, 82713, 97871, 100, 506.74
2026/10/09 03:47:26.268, 1, 82704, 97871, 100, 518.06
2026/10/09 03:47:26.268, 2, 82703, 97871, 100, 517.66
2026/10/09 03:47:26.268, 3, 82711, 97871, 100, 556.84
2026/10/09 03:47:27.268, 0, 82713, 97871, 100, 508.45
2026/10/09 03:47:27.268, 1, 82704, 97871, 100, 520.47
2026/10/09 03:47:27.268, 2, 82703, 97871, 100, 515.96
2026/10/09 03:47:27.268, 3, 82711, 97871, 100, 553.67
2026/10/09 03:47:28.268, 0, 82713, 97871, 100, 508.66
2026/10/09 03:47:28.268, 1, 82704, 97871, 100, 524.24
2026/10/09 03:47:28.268, 2, 82703, 97871, 100, 511.51
2026/10/09 03:47:28.268, 3, 82711, 97871, 100, 557.44
2026/10/09 03:47:29.268, 0, 82713, 97871, 100, 510.55
2026/10/09 03:47:29.268, 1, 82704, 97871, 100, 524.48
2026/10/09 03:47:29.268, 2, 82703, 97871, 100, 516.51
2026/10/09 03:47:29.268, 3, 82711, 97871, 100, 553.44
2026/10/09 03:47:30.269, 0, 82713, 97871, 100, 506.64
2026/10/09 03:47:30.269, 1, 82704, 97871, 100, 528.29
2026/10/09 03:47:30.269, 2, 82703, 97871, 100, 517.09
2026/10/09 03:47:30.269, 3, 82711, 97871, 100, 554.62
2026/10/09 03:47:31.269, 0, 82713, 97871, 100, 510.78
2026/10/09 03:47:31.269, 1, 82704, 97871, 100, 528.08
2026/10/09 03:47:31.269, 2, 82703, 97871, 100, 516.91
2026/10/09 03:47:31.269, 3, 82711, 97871, 100, 556.08
2026/10/09 03:47:32.269, 0, 82713, 97871, 100, 507.68
2026/10/09 03:47:32.281, 1, 82704, 97871, 100, 520.86
2026/10/09 03:47:32.281, 2, 82703, 97871, 100, 518.91
2026/10/09 03:47:32.281, 3, 82711, 97871, 100, 554.53
2026/10/09 03:47:33.281, 0, 82713, 97871, 100, 506.74
2026/10/09 03:47:33.281, 1, 82704, 97871, 100, 522.67
2026/10/09 03:47:33.281, 2, 82703, 97871, 100, 510.36
2026/10/09 03:47:33.281, 3, 82711, 97871, 100, 553.68
2026/10/09 03:47:34.281, 0, 82713, 97871, 100, 504.63
2026/10/09 03:47:34.282, 1, 82704, 97871, 100, 525.46
2026/10/09 03:47:34.282, 2, 82703, 97871, 100, 515.28
2026/10/09 03:47:34.282, 3, 82711, 97871, 100, 553.39
2026/10/09 03:47:35.282, 0, 82713, 97871, 100, 510.83
2026/10/09 03:47:35.283, 1, 82704, 97871, 100, 524.48
2026/10/09 03:47:35.283, 2, 82703, 97871, 100, 511.70
2026/10/09 03:47:35.283, 3, 82711, 97871, 100, 551.32
2026/10/09 03:47:36.283, 0, 82713, 97871, 100, 509.42
2026/10/09 03:47:36.283, 1, 82704, 97871, 100, 527.04
2026/10/09 03:47:36.283, 2, 82703, 97871, 100, 513.41
2026/10/09 03:47:36.283, 3, 82711, 97871, 100, 552.26
2026/10/09 03:47:37.283, 0, 82713, 97871, 100, 509.36
2026/10/09 03:47:37.283, 1, 82704, 97871, 100, 527.30
2026/10/09 03:47:37.283, 2, 82703, 97871, 100, 519.01
2026/10/09 03:47:37.283, 3, 82711, 97871, 100, 555.37
2026/10/09 03:47:38.283, 0, 82713, 97871, 100, 508.36
2026/10/09 03:47:38.283, 1, 82704, 97871, 100, 522.48
2026/10/09 03:47:38.283, 2, 82703, 97871, 100, 519.57
2026/10/09 03:47:38.283, 3, 82711, 97871, 100, 548.76
2026/10/09 03:47:39.283, 0, 82713, 97871, 100, 510.07
2026/10/09 03:47:39.283, 1, 82704, 97871, 100, 525.17
2026/10/09 03:47:39.283, 2, 82703, 97871, 100, 516.70
2026/10/09 03:47:39.283, 3, 82711, 97871, 100, 550.75
2026/10/09 03:47:40.283, 0, 82713, 97871, 100, 507.77
2026/10/09 03:47:40.283, 1, 82704, 97871, 100, 522.79
2026/10/09 03:47:40.284, 2, 82703, 97871, 100, 517.76
2026/10/09 03:47:40.284, 3, 82711, 97871, 100, 554.32
2026/10/09 03:47:41.284, 0, 82713, 97871, 100, 507.31
2026/10/09 03:47:41.284, 1, 82704, 97871, 100, 520.49
2026/10/09 03:47:41.284, 2, 82703, 97871, 100, 519.56
2026/10/09 03:47:41.284, 3, 82711, 97871, 100, 552.78
2026/10/09 03:47:42.284, 0, 82713, 97871, 100, 511.00
2026/10/09 03:47:42.288, 1, 82704, 97871, 100, 521.02
2026/10/09 03:47:42.288, 2, 82703, 97871, 100, 513.03
2026/10/09 03:47:42.288, 3, 82711, 97871, 100, 552.26
2026/10/09 03:47:43.288, 0, 82713, 97871, 100, 508.80
2026/10/09 03:47:43.288, 1, 82704, 97871, 100, 522.79
2026/10/09 03:47:43.288, 2, 82703, 97871, 100, 518.29
2026/10/09 03:47:43.288, 3, 82711, 97871, 100, 551.26
2026/10/09 03:47:44.288, 0, 82713, 97871, 100, 512.78
2026/10/09 03:47:44.288, 1, 82704, 97871, 100, 518.80
2026/10/09 03:47:44.288, 2, 82703, 97871, 100, 516.40
2026/10/09 03:47:44.288, 3, 82711, 97871, 100, 556.97
2026/10/09 03:47:45.293, 0, 82713, 97871, 100, 510.16
2026/10/09 03:47:45.293, 1, 82704, 97871, 100, 520.17
2026/10/09 03:47:45.293, 2, 82703, 97871, 100, 515.46
2026/10/09 03:47:45.293, 3, 82711, 97871, 100, 551.88
2026/10/09 03:47:46.293, 0, 82713, 97871, 100, 509.82
2026/10/09 03:47:46.294, 1, 82704, 97871, 100, 524.62
2026/10/09 03:47:46.294, 2, 82703, 97871, 100, 515.68
2026/10/09 03:47:46.294, 3, 82711, 97871, 100, 550.25
2026/10/09 03:47:47.294, 0, 82713, 97871, 100, 504.42
2026/10/09 03:47:47.294, 1, 82704, 97871, 100, 523.08
2026/10/09 03:47:47.294, 2, 82703, 97871, 100, 517.30
2026/10/09 03:47:47.294, 3, 82711, 97871, 100, 555.77
2026/10/09 03:47:48.294, 0, 82713, 97871, 100, 510.71
2026/10/09 03:47:48.294, 1, 82704, 97871, 100, 531.38
2026/10/09 03:47:48.294, 2, 82703, 97871, 100, 515.50
2026/10/09 03:47:48.294, 3, 82711, 97871, 100, 551.43
2026/10/09 03:47:49.294, 0, 82713, 97871, 100, 506.71
2026/10/09 03:47:49.294, 1, 82704, 97871, 100, 523.99
2026/10/09 03:47:49.294, 2, 82703, 97871, 100, 513.48
2026/10/09 03:47:49.294, 3, 82711, 97871, 100, 552.19
2026/10/09 03:47:50.295, 0, 82713, 97871, 100, 507.05
2026/10/09 03:47:50.295, 1, 82704, 97871, 100, 524.51
2026/10/09 03:47:50.295, 2, 82703, 97871, 100, 512.83
2026/10/09 03:47:50.295, 3, 82711, 97871, 100, 557.58
2026/10/09 03:47:51.295, 0, 82713, 97871, 100, 508.35
2026/10/09 03:47:51.295, 1, 82704, 97871, 100, 524.92
2026/10/09 03:47:51.295, 2, 82703, 97871, 100, 514.88
2026/10/09 03:47:51.295, 3, 82711, 97871, 100, 554.26
2026/10/09 03:47:52.295, 0, 82713, 97871, 100, 506.16
2026/10/09 03:47:52.299, 1, 82704, 97871, 100, 524.50
2026/10/09 03:47:52.299, 2, 82703, 97871, 100, 509.91
2026/10/09 03:47:52.299, 3, 82711, 97871, 100, 550.75
2026/10/09 03:47:53.299, 0, 82713, 97871, 100, 506.75
2026/10/09 03:47:53.299, 1, 82704, 97871, 100, 525.49
2026/10/09 03:47:53.299, 2, 82703, 97871, 100, 511.82
2026/10/09 03:47:53.299, 3, 82711, 97871, 100, 554.73
2026/10/09 03:47:54.299, 0, 82713, 97871, 100, 508.26
2026/10/09 03:47:54.299, 1, 82704, 97871, 100, 528.63
2026/10/09 03:47:54.300, 2, 82703, 97871, 100, 514.97
2026/10/09 03:47:54.300, 3, 82711, 97871, 100, 552.46
2026/10/09 03:47:55.300, 0, 82713, 97871, 100, 505.17
2026/10/09 03:47:55.300, 1, 82704, 97871, 100, 527.05
2026/10/09 03:47:55.300, 2, 82703, 97871, 100, 515.05
2026/10/09 03:47:55.300, 3, 82711, 97871, 100, 551.40
2026/10/09 03:47:56.300, 0, 82713, 97871, 100, 508.91
2026/10/09 03:47:56.300, 1, 82704, 97871, 100, 523.38
2026/10/09 03:47:56.300, 2, 82703, 97871, 100, 519.32
2026/10/09 03:47:56.300, 3, 82711, 97871, 100, 549.11
2026/10/09 03:47:57.301, 0, 82713, 97871, 100, 508.22
2026/10/09 03:47:57.301, 1, 82704, 97871, 100, 523.38
2026/10/09 03:47:57.301, 2, 82703, 97871, 100, 519.15
2026/10/09 03:47:57.301, 3, 82711, 97871, 100, 552.62
2026/10/09 03:47:58.301, 0, 82713, 97871, 100, 507.61
2026/10/09 03:47:58.301, 1, 82704, 97871, 100, 522.81
2026/10/09 03:47:58.301, 2, 82703, 97871, 100, 513.20
2026/10/09 03:47:58.301, 3, 82711, 97871, 100, 552.82
2026/10/09 03:47:59.301, 0, 82713, 97871, 100, 513.11
2026/10/09 03:47:59.301, 1, 82704, 97871, 100, 523.75
2026/10/09 03:47:59.301, 2, 82703, 97871, 100, 515.06
2026/10/09 03:47:59.301, 3, 82711, 97871, 100, 553.40
2026/10/09 03:48:00.301, 0, 82713, 97871, 100, 509.60
2026/10/09 03:48:00.301, 1, 82704, 97871, 100, 524.25
2026/10/09 03:48:00.301, 2, 82703, 97871, 100, 516.91
2026/10/09 03:48:00.301, 3, 82711, 97871, 100, 553.81
2026/10/09 03:48:01.301, 0, 82713, 97871, 100, 511.26
2026/10/09 03:48:01.302, 1, 82704, 97871, 100, 520.67
2026/10/09 03:48:01.302, 2, 82703, 97871, 100, 517.15
2026/10/09 03:48:01.302, 3, 82711, 97871, 100, 553.44
2026/10/09 03:48:02.302, 0, 82713, 97871, 100, 511.35
2026/10/09 03:48:02.306, 1, 82704, 97871, 100, 520.45
2026/10/09 03:48:02.306, 2, 82703, 97871, 100, 518.57
2026/10/09 03:48:02.306, 3, 82711, 97871, 100, 556.08
2026/10/09 03:48:03.306, 0, 82713, 97871, 100, 510.79
2026/10/09 03:48:03.306, 1, 82704, 97871, 100, 524.09
2026/10/09 03:48:03.306, 2, 82703, 97871, 100, 517.00
2026/10/09 03:48:03.306, 3, 82711, 97871, 100, 551.51
2026/10/09 03:48:04.306, 0, 82713, 97871, 100, 508.49
2026/10/09 03:48:04.307, 1, 82704, 97871, 100, 524.31
2026/10/09 03:48:04.307, 2, 82703, 97871, 100, 517.74
2026/10/09 03:48:04.307, 3, 82711, 97871, 100, 556.23
2026/10/09 03:48:05.313, 0, 82713, 97871, 100, 508.67
2026/10/09 03:48:05.313, 1, 82704, 97871, 100, 528.35
2026/10/09 03:48:05.313, 2, 82703, 97871, 100, 518.31
2026/10/09 03:48:05.313, 3, 82711, 97871, 100, 551.44
2026/10/09 03:48:06.313, 0, 82713, 97871, 100, 505.82
2026/10/09 03:48:06.314, 1, 82704, 97871, 100, 525.11
2026/10/09 03:48:06.314, 2, 82703, 97871, 100, 514.24
2026/10/09 03:48:06.314, 3, 82711, 97871, 100, 550.75
2026/10/09 03:48:07.314, 0, 82713, 97871, 100, 507.05
2026/10/09 03:48:07.314, 1, 82704, 97871, 100, 526.47
2026/10/09 03:48:07.314, 2, 82703, 97871, 100, 517.63
2026/10/09 03:48:07.314, 3, 82711, 97871, 100, 555.73
2026/10/09 03:48:08.314, 0, 82713, 97871, 100, 506.78
2026/10/09 03:48:08.314, 1, 82704, 97871, 100, 523.65
2026/10/09 03:48:08.314, 2, 82703, 97871, 100, 512.11
2026/10/09 03:48:08.314, 3, 82711, 97871, 100, 551.36
2026/10/09 03:48:09.314, 0, 82713, 97871, 100, 509.38
2026/10/09 03:48:09.314, 1, 82704, 97871, 100, 525.46
2026/10/09 03:48:09.314, 2, 82703, 97871, 100, 512.24
2026/10/09 03:48:09.314, 3, 82711, 97871, 100, 553.58
2026/10/09 03:48:10.314, 0, 82713, 97871, 100, 506.87
2026/10/09 03:48:10.315, 1, 82704, 97871, 100, 522.64
2026/10/09 03:48:10.315, 2, 82703, 97871, 100, 516.14
2026/10/09 03:48:10.315, 3, 82711, 97871, 100, 550.41
2026/10/09 03:48:11.315, 0, 82713, 97871, 100, 509.17
2026/10/09 03:48:11.315, 1, 82704, 97871, 100, 526.19
2026/10/09 03:48:11.315, 2, 82703, 97871, 100, 518.29
2026/10/09 03:48:11.315, 3, 82711, 97871, 100, 552.84
2026/10/09 03:48:12.315, 0, 82713, 97871, 100, 509.30
2026/10/09 03:48:12.318, 1, 82704, 97871, 100, 527.85
2026/10/09 03:48:12.318, 2, 82703, 97871, 100, 515.96
2026/10/09 03:48:12.318, 3, 82711, 97871, 100, 552.41
2026/10/09 03:48:13.318, 0, 82713, 97871, 100, 508.30
2026/10/09 03:48:13.318, 1, 82704, 97871, 100, 527.26
2026/10/09 03:48:13.318, 2, 82703, 97871, 100, 519.07
2026/10/09 03:48:13.318, 3, 82711, 97871, 100, 550.84
2026/10/09 03:48:14.318, 0, 82713, 97871, 100, 510.21
2026/10/09 03:48:14.318, 1, 82704, 97871, 100, 523.43
2026/10/09 03:48:14.318, 2, 82703, 97871, 100, 516.07
2026/10/09 03:48:14.318, 3, 82711, 97871, 100, 553.04
2026/10/09 03:48:15.320, 0, 82713, 97871, 100, 507.10
2026/10/09 03:48:15.321, 1, 82704, 97871, 100, 522.99
2026/10/09 03:48:15.321, 2, 82703, 97871, 100, 521.17
2026/10/09 03:48:15.321, 3, 82711, 97871, 100, 551.62
2026/10/09 03:48:16.321, 0, 82713, 97871, 100, 513.36
2026/10/09 03:48:16.321, 1, 82704, 97871, 100, 521.40
2026/10/09 03:48:16.321, 2, 82703, 97871, 100, 517.85
2026/10/09 03:48:16.321, 3, 82711, 97871, 100, 552.80
2026/10/09 03:48:17.321, 0, 82713, 97871, 100, 513.18
2026/10/09 03:48:17.321, 1, 82704, 97871, 100, 526.29
2026/10/09 03:48:17.321, 2, 82703, 97871, 100, 519.00
2026/10/09 03:48:17.321, 3, 82711, 97871, 100, 555.31
2026/10/09 03:48:18.321, 0, 82713, 97871, 100, 508.96
2026/10/09 03:48:18.321, 1, 82704, 97871, 100, 521.88
2026/10/09 03:48:18.321, 2, 82703, 97871, 100, 521.19
2026/10/09 03:48:18.321, 3, 82711, 97871, 100, 554.76
2026/10/09 03:48:19.321, 0, 82713, 97871, 100, 511.98
2026/10/09 03:48:19.322, 1, 82704, 97871, 100, 519.67
2026/10/09 03:48:19.322, 2, 82703, 97871, 100, 519.02
2026/10/09 03:48:19.322, 3, 82711, 97871, 100, 557.49
2026/10/09 03:48:20.322, 0, 82713, 97871, 100, 506.93
2026/10/09 03:48:20.322, 1, 82704, 97871, 100, 523.84
2026/10/09 03:48:20.322, 2, 82703, 97871, 100, 516.21
2026/10/09 03:48:20.322, 3, 82711, 97871, 100, 551.19
2026/10/09 03:48:21.322, 0, 82713, 97871, 100, 508.86
2026/10/09 03:48:21.322, 1, 82704, 97871, 100, 523.10
2026/10/09 03:48:21.322, 2, 82703, 97871, 100, 515.53
2026/10/09 03:48:21.322, 3, 82711, 97871, 100, 557.95
2026/10/09 03:48:22.322, 0, 82713, 97871, 100, 510.40
2026/10/09 03:48:22.325, 1, 82704, 97871, 100, 527.23
2026/10/09 03:48:22.325, 2, 82703, 97871, 100, 518.82
2026/10/09 03:48:22.325, 3, 82711, 97871, 100, 552.72
2026/10/09 03:48:23.325, 0, 82713, 97871, 100, 506.52
2026/10/09 03:48:23.325, 1, 82704, 97871, 100, 526.79
2026/10/09 03:48:23.325, 2, 82703, 97871, 100, 514.90
2026/10/09 03:48:23.325, 3, 82711, 97871, 100, 555.43
2026/10/09 03:48:24.325, 0, 82713, 97871, 100, 508.27
2026/10/09 03:48:24.325, 1, 82704, 97871, 100, 523.06
2026/10/09 03:48:24.325, 2, 82703, 97871, 100, 512.38
2026/10/09 03:48:24.325, 3, 82711, 97871, 100, 555.61
2026/10/09 03:48:25.332, 0, 82713, 97871, 100, 502.29
2026/10/09 03:48:25.332, 1, 82704, 97871, 100, 520.64
2026/10/09 03:48:25.332, 2, 82703, 97871, 100, 515.28
2026/10/09 03:48:25.332, 3, 82711, 97871, 100, 553.60
2026/10/09 03:48:26.332, 0, 82713, 97871, 100, 507.50
2026/10/09 03:48:26.333, 1, 82704, 97871, 100, 524.51
2026/10/09 03:48:26.333, 2, 82703, 97871, 100, 516.21
2026/10/09 03:48:26.333, 3, 82711, 97871, 100, 554.21
2026/10/09 03:48:27.333, 0, 82713, 97871, 100, 511.00
2026/10/09 03:48:27.333, 1, 82704, 97871, 100, 527.02
2026/10/09 03:48:27.333, 2, 82703, 97871, 100, 514.83
2026/10/09 03:48:27.333, 3, 82711, 97871, 100, 551.60
2026/10/09 03:48:28.333, 0, 82713, 97871, 100, 510.06
2026/10/09 03:48:28.333, 1, 82704, 97871, 100, 521.91
2026/10/09 03:48:28.333, 2, 82703, 97871, 100, 515.55
2026/10/09 03:48:28.333, 3, 82711, 97871, 100, 555.38
2026/10/09 03:48:29.333, 0, 82713, 97871, 100, 508.85
2026/10/09 03:48:29.333, 1, 82704, 97871, 100, 528.13
2026/10/09 03:48:29.333, 2, 82703, 97871, 100, 514.46
2026/10/09 03:48:29.333, 3, 82711, 97871, 100, 551.22
2026/10/09 03:48:30.333, 0, 82713, 97871, 100, 509.12
2026/10/09 03:48:30.333, 1, 82704, 97871, 100, 523.71
2026/10/09 03:48:30.334, 2, 82703, 97871, 100, 517.38
2026/10/09 03:48:30.334, 3, 82711, 97871, 100, 551.26
2026/10/09 03:48:31.334, 0, 82713, 97871, 100, 508.87
2026/10/09 03:48:31.334, 1, 82704, 97871, 100, 520.23
2026/10/09 03:48:31.334, 2, 82703, 97871, 100, 517.87
2026/10/09 03:48:31.334, 3, 82711, 97871, 100, 551.62
2026/10/09 03:48:32.334, 0, 82713, 97871, 100, 508.87
2026/10/09 03:48:32.337, 1, 82704, 97871, 100, 526.56
2026/10/09 03:48:32.337, 2, 82703, 97871, 100, 511.79
2026/10/09 03:48:32.338, 3, 82711, 97871, 100, 553.37
2026/10/09 03:48:33.338, 0, 82713, 97871, 100, 508.59
2026/10/09 03:48:33.338, 1, 82704, 97871, 100, 521.81
2026/10/09 03:48:33.338, 2, 82703, 97871, 100, 520.04
2026/10/09 03:48:33.338, 3, 82711, 97871, 100, 549.49
2026/10/09 03:48:34.338, 0, 82713, 97871, 100, 513.34
2026/10/09 03:48:34.338, 1, 82704, 97871, 100, 523.19
2026/10/09 03:48:34.338, 2, 82703, 97871, 100, 515.62
2026/10/09 03:48:34.338, 3, 82711, 97871, 100, 551.48
2026/10/09 03:48:35.339, 0, 82713, 97871, 100, 508.89
2026/10/09 03:48:35.340, 1, 82704, 97871, 100, 524.37
2026/10/09 03:48:35.340, 2, 82703, 97871, 100, 520.20
2026/10/09 03:48:35.340, 3, 82711, 97871, 100, 553.80
2026/10/09 03:48:36.340, 0, 82713, 97871, 100, 506.06
2026/10/09 03:48:36.340, 1, 82704, 97871, 100, 520.85
2026/10/09 03:48:36.340, 2, 82703, 97871, 100, 520.49
2026/10/09 03:48:36.340, 3, 82711, 97871, 100, 552.54
2026/10/09 03:48:37.340, 0, 82713, 97871, 100, 497.83
2026/10/09 03:48:37.340, 1, 82704, 97871, 100, 521.17
2026/10/09 03:48:37.340, 2, 82703, 97871, 100, 516.28
2026/10/09 03:48:37.340, 3, 82711, 97871, 100, 553.78
2026/10/09 03:48:38.340, 0, 82713, 97871, 100, 499.58
2026/10/09 03:48:38.340, 1, 82704, 97871, 100, 522.20
2026/10/09 03:48:38.340, 2, 82703, 97871, 100, 516.17
2026/10/09 03:48:38.340, 3, 82711, 97871, 100, 554.91
2026/10/09 03:48:39.340, 0, 82713, 97871, 100, 498.02
2026/10/09 03:48:39.341, 1, 82704, 97871, 100, 521.90
2026/10/09 03:48:39.341, 2, 82703, 97871, 100, 513.91
2026/10/09 03:48:39.341, 3, 82711, 97871, 100, 552.99
2026/10/09 03:48:40.341, 0, 82713, 97871, 100, 499.68
2026/10/09 03:48:40.341, 1, 82704, 97871, 100, 528.76
2026/10/09 03:48:40.341, 2, 82703, 97871, 100, 516.36
2026/10/09 03:48:40.341, 3, 82711, 97871, 100, 553.36
2026/10/09 03:48:41.341, 0, 82713, 97871, 100, 499.97
2026/10/09 03:48:41.341, 1, 82704, 97871, 100, 523.39
2026/10/09 03:48:41.341, 2, 82703, 97871, 100, 512.37
2026/10/09 03:48:41.341, 3, 82711, 97871, 100, 552.55
2026/10/09 03:48:42.341, 0, 82713, 97871, 0, 382.21
2026/10/09 03:48:42.343, 1, 82704, 97871, 100, 519.34
2026/10/09 03:48:42.343, 2, 82703, 97871, 100, 515.44
2026/10/09 03:48:42.343, 3, 82711, 97871, 100, 556.74
2026/10/09 03:48:43.343, 0, 82713, 97871, 99, 391.30
2026/10/09 03:48:43.343, 1, 82704, 97871, 100, 519.45
2026/10/09 03:48:43.343, 2, 82703, 97871, 100, 514.97
2026/10/09 03:48:43.343, 3, 82711, 97871, 100, 555.28
2026/10/09 03:48:44.343, 0, 82713, 97871, 98, 463.60
2026/10/09 03:48:44.343, 1, 82704, 97871, 100, 524.27
2026/10/09 03:48:44.343, 2, 82703, 97871, 100, 515.33
2026/10/09 03:48:44.344, 3, 82711, 97871, 100, 552.39
2026/10/09 03:48:45.351, 0, 82713, 97871, 99, 462.72
2026/10/09 03:48:45.351, 1, 82704, 97871, 100, 519.81
2026/10/09 03:48:45.351, 2, 82703, 97871, 100, 517.39
2026/10/09 03:48:45.351, 3, 82711, 97871, 100, 554.02
2026/10/09 03:48:46.352, 0, 82713, 97871, 99, 462.68
2026/10/09 03:48:46.352, 1, 82704, 97871, 100, 526.92
2026/10/09 03:48:46.352, 2, 82703, 97871, 100, 517.02
2026/10/09 03:48:46.352, 3, 82711, 97871, 100, 555.05
2026/10/09 03:48:47.352, 0, 82713, 97871, 99, 463.12
2026/10/09 03:48:47.352, 1, 82704, 97871, 100, 513.42
2026/10/09 03:48:47.352, 2, 82703, 97871, 100, 516.02
2026/10/09 03:48:47.352, 3, 82711, 97871, 100, 551.06
2026/10/09 03:48:48.352, 0, 82713, 97871, 99, 461.30
2026/10/09 03:48:48.352, 1, 82704, 97871, 100, 510.94
2026/10/09 03:48:48.352, 2, 82703, 97871, 100, 517.44
2026/10/09 03:48:48.352, 3, 82711, 97871, 100, 553.57
2026/10/09 03:48:49.352, 0, 82713, 97871, 97, 469.61
2026/10/09 03:48:49.352, 1, 82704, 97871, 100, 509.40
2026/10/09 03:48:49.353, 2, 82703, 97871, 100, 517.34
2026/10/09 03:48:49.353, 3, 82711, 97871, 100, 549.60
2026/10/09 03:48:50.353, 0, 82713, 97871, 99, 463.00
2026/10/09 03:48:50.353, 1, 82704, 97871, 100, 505.84
2026/10/09 03:48:50.353, 2, 82703, 97871, 100, 515.68
2026/10/09 03:48:50.353, 3, 82711, 97871, 100, 555.09
2026/10/09 03:48:51.353, 0, 82713, 97871, 94, 466.31
2026/10/09 03:48:51.353, 1, 82704, 97871, 100, 508.26
2026/10/09 03:48:51.353, 2, 82703, 97871, 100, 515.71
2026/10/09 03:48:51.353, 3, 82711, 97871, 100, 550.59
2026/10/09 03:48:52.353, 0, 82713, 97871, 98, 467.66
2026/10/09 03:48:52.366, 1, 82704, 97871, 100, 510.41
2026/10/09 03:48:52.366, 2, 82703, 97871, 100, 518.72
2026/10/09 03:48:52.366, 3, 82711, 97871, 100, 556.52
2026/10/09 03:48:53.366, 0, 82713, 97871, 99, 468.19
2026/10/09 03:48:53.366, 1, 82704, 97871, 74, 440.51
2026/10/09 03:48:53.366, 2, 82703, 97871, 100, 516.26
2026/10/09 03:48:53.366, 3, 82711, 97871, 100, 553.69
2026/10/09 03:48:54.366, 0, 82713, 97871, 99, 462.05
2026/10/09 03:48:54.366, 1, 82704, 97871, 99, 346.25
2026/10/09 03:48:54.366, 2, 82703, 97871, 100, 515.10
2026/10/09 03:48:54.366, 3, 82711, 97871, 100, 554.98
2026/10/09 03:48:55.367, 0, 82713, 97871, 97, 467.95
2026/10/09 03:48:55.367, 1, 82704, 97871, 93, 474.27
2026/10/09 03:48:55.367, 2, 82703, 97871, 100, 506.85
2026/10/09 03:48:55.367, 3, 82711, 97871, 100, 552.48
2026/10/09 03:48:56.367, 0, 82713, 97871, 99, 463.07
2026/10/09 03:48:56.367, 1, 82704, 97871, 99, 480.14
2026/10/09 03:48:56.367, 2, 82703, 97871, 100, 504.37
2026/10/09 03:48:56.367, 3, 82711, 97871, 100, 554.38
2026/10/09 03:48:57.367, 0, 82713, 97871, 99, 463.07
2026/10/09 03:48:57.367, 1, 82704, 97871, 90, 479.62
2026/10/09 03:48:57.367, 2, 82703, 97871, 100, 502.85
2026/10/09 03:48:57.367, 3, 82711, 97871, 100, 554.39
2026/10/09 03:48:58.367, 0, 82713, 97871, 98, 470.51
2026/10/09 03:48:58.367, 1, 82704, 97871, 99, 475.71
2026/10/09 03:48:58.367, 2, 82703, 97871, 100, 501.02
2026/10/09 03:48:58.367, 3, 82711, 97871, 100, 555.64
2026/10/09 03:48:59.368, 0, 82713, 97871, 99, 462.60
2026/10/09 03:48:59.368, 1, 82704, 97871, 99, 472.85
2026/10/09 03:48:59.368, 2, 82703, 97871, 100, 511.48
2026/10/09 03:48:59.368, 3, 82711, 97871, 100, 552.64
2026/10/09 03:49:00.368, 0, 82713, 97871, 99, 464.79
2026/10/09 03:49:00.368, 1, 82704, 97871, 95, 477.47
2026/10/09 03:49:00.368, 2, 82703, 97871, 100, 504.80
2026/10/09 03:49:00.368, 3, 82711, 97871, 100, 553.08
2026/10/09 03:49:01.368, 0, 82713, 97871, 99, 477.58
2026/10/09 03:49:01.368, 1, 82704, 97871, 99, 479.13
2026/10/09 03:49:01.368, 2, 82703, 97871, 0, 295.77
2026/10/09 03:49:01.368, 3, 82711, 97871, 100, 551.65
2026/10/09 03:49:02.368, 0, 82713, 97871, 99, 466.87
2026/10/09 03:49:02.376, 1, 82704, 97871, 99, 478.36
2026/10/09 03:49:02.376, 2, 82703, 97871, 99, 471.52
2026/10/09 03:49:02.376, 3, 82711, 97871, 100, 548.71
2026/10/09 03:49:03.376, 0, 82713, 97871, 99, 467.20
2026/10/09 03:49:03.376, 1, 82704, 97871, 99, 479.82
2026/10/09 03:49:03.376, 2, 82703, 97871, 100, 470.88
2026/10/09 03:49:03.376, 3, 82711, 97871, 100, 545.95
2026/10/09 03:49:04.376, 0, 82713, 97871, 99, 471.20
2026/10/09 03:49:04.376, 1, 82704, 97871, 99, 481.22
2026/10/09 03:49:04.376, 2, 82703, 97871, 99, 468.93
2026/10/09 03:49:04.376, 3, 82711, 97871, 84, 532.42
2026/10/09 03:49:05.380, 0, 82713, 97871, 99, 469.28
2026/10/09 03:49:05.380, 1, 82704, 97871, 99, 487.32
2026/10/09 03:49:05.380, 2, 82703, 97871, 100, 466.53
2026/10/09 03:49:05.380, 3, 82711, 97871, 100, 539.69
2026/10/09 03:49:06.380, 0, 82713, 97871, 99, 467.38
2026/10/09 03:49:06.380, 1, 82704, 97871, 99, 476.57
2026/10/09 03:49:06.380, 2, 82703, 97871, 100, 467.88
2026/10/09 03:49:06.381, 3, 82711, 97871, 100, 527.19
2026/10/09 03:49:07.381, 0, 82713, 97871, 99, 465.47
2026/10/09 03:49:07.381, 1, 82704, 97871, 97, 483.02
2026/10/09 03:49:07.381, 2, 82703, 97871, 100, 467.37
2026/10/09 03:49:07.381, 3, 82711, 97871, 0, 377.62
2026/10/09 03:49:08.381, 0, 82713, 97871, 96, 471.85
2026/10/09 03:49:08.381, 1, 82704, 97871, 99, 479.02
2026/10/09 03:49:08.381, 2, 82703, 97871, 100, 468.42
2026/10/09 03:49:08.381, 3, 82711, 97871, 85, 424.48
2026/10/09 03:49:09.381, 0, 82713, 97871, 99, 465.16
2026/10/09 03:49:09.381, 1, 82704, 97871, 99, 476.89
2026/10/09 03:49:09.381, 2, 82703, 97871, 100, 476.48
2026/10/09 03:49:09.381, 3, 82711, 97871, 98, 482.54
2026/10/09 03:49:10.381, 0, 82713, 97871, 99, 471.80
2026/10/09 03:49:10.381, 1, 82704, 97871, 98, 485.10
2026/10/09 03:49:10.381, 2, 82703, 97871, 100, 468.85
2026/10/09 03:49:10.381, 3, 82711, 97871, 99, 470.87
2026/10/09 03:49:11.382, 0, 82713, 97871, 99, 469.54
2026/10/09 03:49:11.382, 1, 82704, 97871, 99, 477.59
2026/10/09 03:49:11.382, 2, 82703, 97871, 99, 471.21
2026/10/09 03:49:11.382, 3, 82711, 97871, 94, 476.38
2026/10/09 03:49:12.382, 0, 82713, 97871, 99, 466.94
2026/10/09 03:49:12.384, 1, 82704, 97871, 99, 475.45
2026/10/09 03:49:12.384, 2, 82703, 97871, 100, 470.92
2026/10/09 03:49:12.384, 3, 82711, 97871, 91, 474.73
2026/10/09 03:49:13.384, 0, 82713, 97871, 99, 470.90
2026/10/09 03:49:13.385, 1, 82704, 97871, 99, 480.93
2026/10/09 03:49:13.385, 2, 82703, 97871, 99, 475.87
2026/10/09 03:49:13.385, 3, 82711, 97871, 99, 471.54
2026/10/09 03:49:14.385, 0, 82713, 97871, 97, 474.00
2026/10/09 03:49:14.385, 1, 82704, 97871, 99, 475.43
2026/10/09 03:49:14.385, 2, 82703, 97871, 98, 471.67
2026/10/09 03:49:14.385, 3, 82711, 97871, 99, 471.18
2026/10/09 03:49:15.389, 0, 82713, 97871, 99, 467.47
2026/10/09 03:49:15.389, 1, 82704, 97871, 99, 475.10
2026/10/09 03:49:15.389, 2, 82703, 97871, 100, 478.16
2026/10/09 03:49:15.389, 3, 82711, 97871, 99, 475.67
2026/10/09 03:49:16.389, 0, 82713, 97871, 99, 466.26
2026/10/09 03:49:16.390, 1, 82704, 97871, 92, 475.72
2026/10/09 03:49:16.390, 2, 82703, 97871, 100, 468.31
2026/10/09 03:49:16.390, 3, 82711, 97871, 99, 476.03
2026/10/09 03:49:17.390, 0, 82713, 97871, 99, 471.18
2026/10/09 03:49:17.390, 1, 82704, 97871, 99, 478.88
2026/10/09 03:49:17.390, 2, 82703, 97871, 99, 464.74
2026/10/09 03:49:17.390, 3, 82711, 97871, 99, 473.40
2026/10/09 03:49:18.390, 0, 82713, 97871, 98, 466.75
2026/10/09 03:49:18.390, 1, 82704, 97871, 99, 479.82
2026/10/09 03:49:18.390, 2, 82703, 97871, 99, 472.62
2026/10/09 03:49:18.390, 3, 82711, 97871, 99, 474.80
2026/10/09 03:49:19.390, 0, 82713, 97871, 99, 467.60
2026/10/09 03:49:19.390, 1, 82704, 97871, 99, 472.83
2026/10/09 03:49:19.390, 2, 82703, 97871, 99, 463.49
2026/10/09 03:49:19.390, 3, 82711, 97871, 99, 477.36
2026/10/09 03:49:20.390, 0, 82713, 97871, 99, 466.45
2026/10/09 03:49:20.390, 1, 82704, 97871, 93, 473.76
2026/10/09 03:49:20.390, 2, 82703, 97871, 100, 467.72
2026/10/09 03:49:20.391, 3, 82711, 97871, 98, 481.82
2026/10/09 03:49:21.391, 0, 82713, 97871, 99, 463.81
2026/10/09 03:49:21.391, 1, 82704, 97871, 99, 483.26
2026/10/09 03:49:21.391, 2, 82703, 97871, 99, 480.58
2026/10/09 03:49:21.391, 3, 82711, 97871, 99, 470.76
2026/10/09 03:49:22.391, 0, 82713, 97871, 99, 468.20
2026/10/09 03:49:22.397, 1, 82704, 97871, 99, 480.85
2026/10/09 03:49:22.397, 2, 82703, 97871, 99, 475.47
2026/10/09 03:49:22.397, 3, 82711, 97871, 99, 476.44
2026/10/09 03:49:23.397, 0, 82713, 97871, 99, 462.71
2026/10/09 03:49:23.397, 1, 82704, 97871, 99, 482.44
2026/10/09 03:49:23.397, 2, 82703, 97871, 100, 469.26
2026/10/09 03:49:23.397, 3, 82711, 97871, 99, 472.07
2026/10/09 03:49:24.397, 0, 82713, 97871, 99, 472.82
2026/10/09 03:49:24.397, 1, 82704, 97871, 99, 474.80
2026/10/09 03:49:24.397, 2, 82703, 97871, 100, 468.62
2026/10/09 03:49:24.397, 3, 82711, 97871, 99, 471.60
2026/10/09 03:49:25.398, 0, 82713, 97871, 99, 461.35
2026/10/09 03:49:25.398, 1, 82704, 97871, 99, 478.23
2026/10/09 03:49:25.398, 2, 82703, 97871, 99, 473.74
2026/10/09 03:49:25.398, 3, 82711, 97871, 99, 474.20
2026/10/09 03:49:26.398, 0, 82713, 97871, 99, 464.36
2026/10/09 03:49:26.399, 1, 82704, 97871, 99, 486.88
2026/10/09 03:49:26.399, 2, 82703, 97871, 99, 475.83
2026/10/09 03:49:26.399, 3, 82711, 97871, 100, 478.35
2026/10/09 03:49:27.399, 0, 82713, 97871, 94, 463.01
2026/10/09 03:49:27.399, 1, 82704, 97871, 99, 478.91
2026/10/09 03:49:27.399, 2, 82703, 97871, 99, 468.81
2026/10/09 03:49:27.399, 3, 82711, 97871, 99, 468.94
2026/10/09 03:49:28.399, 0, 82713, 97871, 99, 463.84
2026/10/09 03:49:28.399, 1, 82704, 97871, 99, 480.48
2026/10/09 03:49:28.399, 2, 82703, 97871, 100, 465.90
2026/10/09 03:49:28.399, 3, 82711, 97871, 92, 476.55
2026/10/09 03:49:29.399, 0, 82713, 97871, 99, 468.19
2026/10/09 03:49:29.399, 1, 82704, 97871, 99, 481.18
2026/10/09 03:49:29.399, 2, 82703, 97871, 100, 473.16
2026/10/09 03:49:29.399, 3, 82711, 97871, 99, 477.18
2026/10/09 03:49:30.399, 0, 82713, 97871, 99, 462.79
2026/10/09 03:49:30.399, 1, 82704, 97871, 99, 478.69
2026/10/09 03:49:30.399, 2, 82703, 97871, 100, 471.72
2026/10/09 03:49:30.399, 3, 82711, 97871, 99, 475.08
2026/10/09 03:49:31.400, 0, 82713, 97871, 99, 470.56
2026/10/09 03:49:31.400, 1, 82704, 97871, 99, 481.04
2026/10/09 03:49:31.400, 2, 82703, 97871, 100, 474.70
2026/10/09 03:49:31.400, 3, 82711, 97871, 99, 476.17
2026/10/09 03:49:32.400, 0, 82713, 97871, 99, 465.58
2026/10/09 03:49:32.406, 1, 82704, 97871, 99, 481.93
2026/10/09 03:49:32.406, 2, 82703, 97871, 95, 471.24
2026/10/09 03:49:32.406, 3, 82711, 97871, 99, 475.58
2026/10/09 03:49:33.406, 0, 82713, 97871, 99, 466.01
2026/10/09 03:49:33.406, 1, 82704, 97871, 99, 479.36
2026/10/09 03:49:33.406, 2, 82703, 97871, 100, 468.16
2026/10/09 03:49:33.406, 3, 82711, 97871, 99, 481.20
2026/10/09 03:49:34.406, 0, 82713, 97871, 99, 470.41
2026/10/09 03:49:34.407, 1, 82704, 97871, 99, 478.22
2026/10/09 03:49:34.407, 2, 82703, 97871, 99, 475.59
2026/10/09 03:49:34.407, 3, 82711, 97871, 99, 482.91
2026/10/09 03:49:35.411, 0, 82713, 97871, 92, 469.33
2026/10/09 03:49:35.411, 1, 82704, 97871, 93, 482.07
2026/10/09 03:49:35.411, 2, 82703, 97871, 90, 465.65
2026/10/09 03:49:35.411, 3, 82711, 97871, 99, 474.16
2026/10/09 03:49:36.411, 0, 82713, 97871, 99, 465.77
2026/10/09 03:49:36.411, 1, 82704, 97871, 99, 488.72
2026/10/09 03:49:36.411, 2, 82703, 97871, 99, 474.33
2026/10/09 03:49:36.411, 3, 82711, 97871, 99, 473.40
2026/10/09 03:49:37.411, 0, 82713, 97871, 99, 463.27
2026/10/09 03:49:37.411, 1, 82704, 97871, 99, 485.12
2026/10/09 03:49:37.411, 2, 82703, 97871, 100, 468.33
2026/10/09 03:49:37.411, 3, 82711, 97871, 100, 479.11
2026/10/09 03:49:38.411, 0, 82713, 97871, 99, 471.56
2026/10/09 03:49:38.411, 1, 82704, 97871, 92, 481.82
2026/10/09 03:49:38.412, 2, 82703, 97871, 100, 473.56
2026/10/09 03:49:38.412, 3, 82711, 97871, 99, 478.04
2026/10/09 03:49:39.412, 0, 82713, 97871, 91, 468.51
2026/10/09 03:49:39.412, 1, 82704, 97871, 99, 477.22
2026/10/09 03:49:39.412, 2, 82703, 97871, 100, 467.85
2026/10/09 03:49:39.412, 3, 82711, 97871, 96, 483.17
2026/10/09 03:49:40.412, 0, 82713, 97871, 99, 464.56
2026/10/09 03:49:40.412, 1, 82704, 97871, 99, 477.97
2026/10/09 03:49:40.412, 2, 82703, 97871, 100, 468.68
2026/10/09 03:49:40.412, 3, 82710, 97871, 99, 474.66
2026/10/09 03:49:41.412, 0, 82713, 97871, 87, 465.23
2026/10/09 03:49:41.412, 1, 82703, 97871, 99, 476.69
2026/10/09 03:49:41.412, 2, 82703, 97871, 100, 471.89
2026/10/09 03:49:41.412, 3, 82710, 97871, 99, 474.73
2026/10/09 03:49:42.412, 0, 82713, 97871, 99, 467.82
2026/10/09 03:49:42.415, 1, 82703, 97871, 99, 478.51
2026/10/09 03:49:42.415, 2, 82703, 97871, 99, 468.86
2026/10/09 03:49:42.415, 3, 82710, 97871, 99, 476.10
2026/10/09 03:49:43.415, 0, 82713, 97871, 99, 463.06
2026/10/09 03:49:43.415, 1, 82703, 97871, 99, 477.25
2026/10/09 03:49:43.415, 2, 82703, 97871, 93, 472.62
2026/10/09 03:49:43.415, 3, 82710, 97871, 91, 484.22
2026/10/09 03:49:44.415, 0, 82713, 97871, 99, 461.32
2026/10/09 03:49:44.416, 1, 82703, 97871, 99, 482.13
2026/10/09 03:49:44.416, 2, 82703, 97871, 93, 463.73
2026/10/09 03:49:44.416, 3, 82710, 97871, 99, 473.97
2026/10/09 03:49:45.417, 0, 82713, 97871, 99, 468.79
2026/10/09 03:49:45.417, 1, 82703, 97871, 99, 476.03
2026/10/09 03:49:45.417, 2, 82703, 97871, 99, 473.60
2026/10/09 03:49:45.417, 3, 82710, 97871, 99, 476.02
2026/10/09 03:49:46.418, 0, 82713, 97871, 100, 471.26
2026/10/09 03:49:46.418, 1, 82703, 97871, 94, 478.61
2026/10/09 03:49:46.418, 2, 82703, 97871, 100, 473.67
2026/10/09 03:49:46.418, 3, 82710, 97871, 99, 475.03
2026/10/09 03:49:47.418, 0, 82713, 97871, 99, 467.97
2026/10/09 03:49:47.418, 1, 82703, 97871, 99, 487.29
2026/10/09 03:49:47.418, 2, 82703, 97871, 100, 470.16
2026/10/09 03:49:47.418, 3, 82710, 97871, 99, 476.39
2026/10/09 03:49:48.418, 0, 82713, 97871, 99, 469.03
2026/10/09 03:49:48.418, 1, 82703, 97871, 99, 483.13
2026/10/09 03:49:48.418, 2, 82703, 97871, 99, 467.94
2026/10/09 03:49:48.418, 3, 82710, 97871, 99, 475.05
2026/10/09 03:49:49.418, 0, 82713, 97871, 99, 463.84
2026/10/09 03:49:49.418, 1, 82703, 97871, 99, 477.87
2026/10/09 03:49:49.418, 2, 82703, 97871, 100, 469.86
2026/10/09 03:49:49.418, 3, 82710, 97871, 99, 477.20
2026/10/09 03:49:50.419, 0, 82713, 97871, 92, 459.17
2026/10/09 03:49:50.419, 1, 82703, 97871, 99, 475.91
2026/10/09 03:49:50.419, 2, 82703, 97871, 100, 468.79
2026/10/09 03:49:50.419, 3, 82710, 97871, 99, 475.65
2026/10/09 03:49:51.419, 0, 82713, 97871, 99, 464.17
2026/10/09 03:49:51.419, 1, 82703, 97871, 99, 480.96
2026/10/09 03:49:51.419, 2, 82703, 97871, 94, 473.58
2026/10/09 03:49:51.419, 3, 82710, 97871, 99, 474.01
2026/10/09 03:49:52.419, 0, 82713, 97871, 99, 464.39
2026/10/09 03:49:52.424, 1, 82703, 97871, 99, 482.01
2026/10/09 03:49:52.424, 2, 82703, 97871, 99, 471.26
2026/10/09 03:49:52.424, 3, 82710, 97871, 99, 478.91
2026/10/09 03:49:53.424, 0, 82713, 97871, 99, 469.91
2026/10/09 03:49:53.424, 1, 82703, 97871, 99, 477.05
2026/10/09 03:49:53.424, 2, 82703, 97871, 99, 470.47
2026/10/09 03:49:53.425, 3, 82710, 97871, 99, 471.16
2026/10/09 03:49:54.425, 0, 82713, 97871, 99, 461.38
2026/10/09 03:49:54.425, 1, 82703, 97871, 99, 479.30
2026/10/09 03:49:54.425, 2, 82703, 97871, 99, 467.29
2026/10/09 03:49:54.425, 3, 82710, 97871, 99, 479.82
2026/10/09 03:49:55.427, 0, 82713, 97871, 95, 457.75
2026/10/09 03:49:55.427, 1, 82703, 97871, 99, 484.82
2026/10/09 03:49:55.427, 2, 82703, 97871, 99, 473.16
2026/10/09 03:49:55.427, 3, 82710, 97871, 99, 478.43
2026/10/09 03:49:56.427, 0, 82713, 97871, 99, 466.52
2026/10/09 03:49:56.427, 1, 82703, 97871, 94, 474.76
2026/10/09 03:49:56.427, 2, 82703, 97871, 100, 479.64
2026/10/09 03:49:56.428, 3, 82710, 97871, 99, 476.49
2026/10/09 03:49:57.428, 0, 82713, 97871, 99, 465.30
2026/10/09 03:49:57.428, 1, 82703, 97871, 99, 478.22
2026/10/09 03:49:57.428, 2, 82703, 97871, 99, 471.91
2026/10/09 03:49:57.428, 3, 82710, 97871, 99, 473.74
2026/10/09 03:49:58.428, 0, 82713, 97871, 99, 465.33
2026/10/09 03:49:58.428, 1, 82703, 97871, 99, 475.19
2026/10/09 03:49:58.428, 2, 82703, 97871, 94, 472.85
2026/10/09 03:49:58.428, 3, 82710, 97871, 99, 474.51
2026/10/09 03:49:59.428, 0, 82713, 97871, 99, 463.39
2026/10/09 03:49:59.428, 1, 82703, 97871, 99, 480.52
2026/10/09 03:49:59.428, 2, 82703, 97871, 100, 467.99
2026/10/09 03:49:59.428, 3, 82710, 97871, 99, 474.33
2026/10/09 03:50:00.428, 0, 82713, 97871, 99, 464.34
2026/10/09 03:50:00.428, 1, 82703, 97871, 98, 484.43
2026/10/09 03:50:00.428, 2, 82703, 97871, 100, 469.23
2026/10/09 03:50:00.428, 3, 82710, 97871, 99, 479.39
2026/10/09 03:50:01.429, 0, 82713, 97871, 100, 484.07
2026/10/09 03:50:01.429, 1, 82703, 97871, 99, 480.77
2026/10/09 03:50:01.429, 2, 82703, 97871, 99, 472.83
2026/10/09 03:50:01.429, 3, 82710, 97871, 99, 478.71
2026/10/09 03:50:02.429, 0, 82713, 97871, 100, 497.73
2026/10/09 03:50:02.436, 1, 82703, 97871, 96, 484.13
2026/10/09 03:50:02.436, 2, 82703, 97871, 100, 471.10
2026/10/09 03:50:02.436, 3, 82710, 97871, 99, 478.33
2026/10/09 03:50:03.436, 0, 82713, 97871, 100, 505.82
2026/10/09 03:50:03.436, 1, 82703, 97871, 99, 477.89
2026/10/09 03:50:03.436, 2, 82703, 97871, 100, 469.71
2026/10/09 03:50:03.436, 3, 82710, 97871, 99, 475.70
2026/10/09 03:50:04.436, 0, 82713, 97871, 100, 513.32
2026/10/09 03:50:04.436, 1, 82703, 97871, 99, 475.13
2026/10/09 03:50:04.436, 2, 82703, 97871, 99, 471.74
2026/10/09 03:50:04.436, 3, 82710, 97871, 99, 475.92
2026/10/09 03:50:05.436, 0, 82713, 97871, 99, 506.62
2026/10/09 03:50:05.436, 1, 82703, 97871, 99, 475.76
2026/10/09 03:50:05.436, 2, 82703, 97871, 99, 473.68
2026/10/09 03:50:05.436, 3, 82710, 97871, 99, 484.11
2026/10/09 03:50:06.437, 0, 82713, 97871, 100, 507.09
2026/10/09 03:50:06.437, 1, 82703, 97871, 99, 478.24
2026/10/09 03:50:06.437, 2, 82703, 97871, 100, 468.26
2026/10/09 03:50:06.437, 3, 82710, 97871, 99, 476.92
2026/10/09 03:50:07.437, 0, 82713, 97871, 100, 508.34
2026/10/09 03:50:07.437, 1, 82703, 97871, 99, 483.05
2026/10/09 03:50:07.437, 2, 82703, 97871, 100, 467.87
2026/10/09 03:50:07.437, 3, 82710, 97871, 99, 480.65
2026/10/09 03:50:08.437, 0, 82713, 97871, 100, 502.86
2026/10/09 03:50:08.437, 1, 82703, 97871, 99, 476.82
2026/10/09 03:50:08.437, 2, 82703, 97871, 99, 471.57
2026/10/09 03:50:08.437, 3, 82710, 97871, 99, 473.60
2026/10/09 03:50:09.437, 0, 82713, 97871, 100, 509.76
2026/10/09 03:50:09.437, 1, 82703, 97871, 99, 475.13
2026/10/09 03:50:09.437, 2, 82703, 97871, 100, 472.23
2026/10/09 03:50:09.437, 3, 82710, 97871, 99, 472.86
2026/10/09 03:50:10.437, 0, 82713, 97871, 100, 505.02
2026/10/09 03:50:10.438, 1, 82703, 97871, 99, 476.63
2026/10/09 03:50:10.438, 2, 82703, 97871, 100, 477.17
2026/10/09 03:50:10.438, 3, 82710, 97871, 99, 475.56
2026/10/09 03:50:11.438, 0, 82713, 97871, 100, 506.08
2026/10/09 03:50:11.438, 1, 82703, 97871, 92, 479.38
2026/10/09 03:50:11.438, 2, 82703, 97871, 100, 474.02
2026/10/09 03:50:11.438, 3, 82710, 97871, 99, 477.13
2026/10/09 03:50:12.438, 0, 82713, 97871, 100, 509.12
2026/10/09 03:50:12.444, 1, 82703, 97871, 95, 480.88
2026/10/09 03:50:12.444, 2, 82703, 97871, 100, 469.27
2026/10/09 03:50:12.444, 3, 82710, 97871, 99, 471.60
2026/10/09 03:50:13.444, 0, 82713, 97871, 100, 514.20
2026/10/09 03:50:13.444, 1, 82703, 97871, 99, 478.87
2026/10/09 03:50:13.444, 2, 82703, 97871, 94, 468.51
2026/10/09 03:50:13.444, 3, 82710, 97871, 99, 476.06
2026/10/09 03:50:14.444, 0, 82713, 97871, 100, 509.66
2026/10/09 03:50:14.445, 1, 82703, 97871, 99, 482.71
2026/10/09 03:50:14.445, 2, 82703, 97871, 99, 467.55
2026/10/09 03:50:14.445, 3, 82710, 97871, 99, 477.95
2026/10/09 03:50:15.445, 0, 82713, 97871, 100, 474.27
2026/10/09 03:50:15.445, 1, 82703, 97871, 100, 487.98
2026/10/09 03:50:15.445, 2, 82703, 97871, 99, 470.93
2026/10/09 03:50:15.445, 3, 82710, 97871, 99, 477.57
2026/10/09 03:50:16.445, 0, 82713, 97871, 100, 506.56
2026/10/09 03:50:16.445, 1, 82703, 97871, 100, 513.20
2026/10/09 03:50:16.446, 2, 82703, 97871, 99, 473.73
2026/10/09 03:50:16.446, 3, 82710, 97871, 99, 472.28
2026/10/09 03:50:17.446, 0, 82713, 97871, 99, 493.78
2026/10/09 03:50:17.446, 1, 82703, 97871, 100, 521.59
2026/10/09 03:50:17.446, 2, 82703, 97871, 100, 472.66
2026/10/09 03:50:17.446, 3, 82710, 97871, 99, 470.83
2026/10/09 03:50:18.446, 0, 82713, 97871, 100, 507.94
2026/10/09 03:50:18.446, 1, 82703, 97871, 93, 524.07
2026/10/09 03:50:18.446, 2, 82703, 97871, 100, 468.35
2026/10/09 03:50:18.446, 3, 82710, 97871, 98, 476.89
2026/10/09 03:50:19.446, 0, 82713, 97871, 100, 505.69
2026/10/09 03:50:19.446, 1, 82703, 97871, 100, 527.32
2026/10/09 03:50:19.446, 2, 82703, 97871, 99, 466.92
2026/10/09 03:50:19.446, 3, 82710, 97871, 99, 474.28
2026/10/09 03:50:20.446, 0, 82713, 97871, 100, 502.29
2026/10/09 03:50:20.446, 1, 82703, 97871, 100, 529.04
2026/10/09 03:50:20.447, 2, 82703, 97871, 100, 472.82
2026/10/09 03:50:20.447, 3, 82710, 97871, 99, 475.70
2026/10/09 03:50:21.447, 0, 82713, 97871, 100, 502.59
2026/10/09 03:50:21.447, 1, 82703, 97871, 100, 521.73
2026/10/09 03:50:21.447, 2, 82703, 97871, 99, 472.30
2026/10/09 03:50:21.447, 3, 82710, 97871, 98, 480.07
2026/10/09 03:50:22.447, 0, 82713, 97871, 100, 500.78
2026/10/09 03:50:22.461, 1, 82703, 97871, 100, 528.67
2026/10/09 03:50:22.461, 2, 82703, 97871, 99, 472.83
2026/10/09 03:50:22.461, 3, 82710, 97871, 99, 475.92
2026/10/09 03:50:23.461, 0, 82713, 97871, 100, 502.99
2026/10/09 03:50:23.461, 1, 82703, 97871, 98, 525.00
2026/10/09 03:50:23.461, 2, 82703, 97871, 99, 468.37
2026/10/09 03:50:23.461, 3, 82710, 97871, 99, 473.10
2026/10/09 03:50:24.461, 0, 82713, 97871, 100, 509.56
2026/10/09 03:50:24.461, 1, 82703, 97871, 100, 522.57
2026/10/09 03:50:24.461, 2, 82703, 97871, 99, 474.92
2026/10/09 03:50:24.461, 3, 82710, 97871, 99, 471.85
2026/10/09 03:50:25.461, 0, 82713, 97871, 100, 491.88
2026/10/09 03:50:25.461, 1, 82703, 97871, 99, 520.26
2026/10/09 03:50:25.462, 2, 82703, 97871, 100, 477.37
2026/10/09 03:50:25.462, 3, 82710, 97871, 99, 471.65
2026/10/09 03:50:26.462, 0, 82713, 97871, 100, 510.91
2026/10/09 03:50:26.462, 1, 82703, 97871, 100, 527.96
2026/10/09 03:50:26.462, 2, 82703, 97871, 100, 509.27
2026/10/09 03:50:26.462, 3, 82710, 97871, 99, 475.24
2026/10/09 03:50:27.462, 0, 82713, 97871, 100, 497.36
2026/10/09 03:50:27.462, 1, 82703, 97871, 100, 523.69
2026/10/09 03:50:27.462, 2, 82703, 97871, 100, 518.52
2026/10/09 03:50:27.462, 3, 82710, 97871, 99, 477.95
2026/10/09 03:50:28.462, 0, 82713, 97871, 100, 506.89
2026/10/09 03:50:28.462, 1, 82703, 97871, 100, 521.96
2026/10/09 03:50:28.462, 2, 82703, 97871, 100, 511.09
2026/10/09 03:50:28.462, 3, 82710, 97871, 99, 475.26
2026/10/09 03:50:29.462, 0, 82713, 97871, 100, 493.22
2026/10/09 03:50:29.462, 1, 82703, 97871, 100, 518.05
2026/10/09 03:50:29.462, 2, 82703, 97871, 100, 515.33
2026/10/09 03:50:29.463, 3, 82710, 97871, 99, 472.52
2026/10/09 03:50:30.463, 0, 82713, 97871, 100, 508.78
2026/10/09 03:50:30.463, 1, 82703, 97871, 100, 504.43
2026/10/09 03:50:30.463, 2, 82703, 97871, 100, 516.47
2026/10/09 03:50:30.463, 3, 82710, 97871, 99, 467.98
2026/10/09 03:50:31.463, 0, 82713, 97871, 100, 498.55
2026/10/09 03:50:31.463, 1, 82703, 97871, 100, 516.91
2026/10/09 03:50:31.463, 2, 82703, 97871, 100, 512.30
2026/10/09 03:50:31.463, 3, 82710, 97871, 99, 477.58
2026/10/09 03:50:32.463, 0, 82713, 97871, 100, 499.18
2026/10/09 03:50:32.474, 1, 82703, 97871, 100, 512.74
2026/10/09 03:50:32.474, 2, 82703, 97871, 100, 512.05
2026/10/09 03:50:32.474, 3, 82710, 97871, 99, 473.77
2026/10/09 03:50:33.474, 0, 82713, 97871, 100, 498.08
2026/10/09 03:50:33.474, 1, 82703, 97871, 100, 512.04
2026/10/09 03:50:33.474, 2, 82703, 97871, 100, 515.55
2026/10/09 03:50:33.474, 3, 82710, 97871, 97, 476.93
2026/10/09 03:50:34.475, 0, 82713, 97871, 100, 498.30
2026/10/09 03:50:34.475, 1, 82703, 97871, 100, 508.10
2026/10/09 03:50:34.475, 2, 82703, 97871, 100, 510.67
2026/10/09 03:50:34.475, 3, 82710, 97871, 99, 474.89
2026/10/09 03:50:35.475, 0, 82713, 97871, 100, 497.36
2026/10/09 03:50:35.475, 1, 82703, 97871, 100, 511.18
2026/10/09 03:50:35.475, 2, 82703, 97871, 100, 510.62
2026/10/09 03:50:35.475, 3, 82710, 97871, 99, 477.13
2026/10/09 03:50:36.475, 0, 82713, 97871, 100, 500.81
2026/10/09 03:50:36.475, 1, 82703, 97871, 100, 511.09
2026/10/09 03:50:36.475, 2, 82703, 97871, 100, 513.06
2026/10/09 03:50:36.475, 3, 82710, 97871, 100, 475.61
2026/10/09 03:50:37.475, 0, 82713, 97871, 100, 499.50
2026/10/09 03:50:37.475, 1, 82703, 97871, 100, 508.47
2026/10/09 03:50:37.475, 2, 82703, 97871, 100, 514.44
2026/10/09 03:50:37.475, 3, 82710, 97871, 100, 515.54
2026/10/09 03:50:38.475, 0, 82713, 97871, 100, 497.41
2026/10/09 03:50:38.476, 1, 82703, 97871, 100, 514.66
2026/10/09 03:50:38.476, 2, 82703, 97871, 100, 506.18
2026/10/09 03:50:38.476, 3, 82710, 97871, 100, 530.55
2026/10/09 03:50:39.476, 0, 82713, 97871, 100, 497.27
2026/10/09 03:50:39.476, 1, 82703, 97871, 100, 519.94
2026/10/09 03:50:39.476, 2, 82703, 97871, 100, 513.17
2026/10/09 03:50:39.476, 3, 82710, 97871, 100, 523.53
2026/10/09 03:50:40.476, 0, 82713, 97871, 100, 497.62
2026/10/09 03:50:40.476, 1, 82703, 97871, 100, 492.37
2026/10/09 03:50:40.476, 2, 82703, 97871, 100, 497.05
2026/10/09 03:50:40.476, 3, 82710, 97871, 100, 526.06
2026/10/09 03:50:41.476, 0, 82713, 97871, 100, 499.32
2026/10/09 03:50:41.476, 1, 82703, 97871, 100, 515.14
2026/10/09 03:50:41.476, 2, 82703, 97871, 100, 505.20
2026/10/09 03:50:41.476, 3, 82710, 97871, 100, 526.12
2026/10/09 03:50:42.476, 0, 82713, 97871, 33, 444.84
2026/10/09 03:50:42.481, 1, 82703, 97871, 100, 507.76
2026/10/09 03:50:42.481, 2, 82703, 97871, 100, 488.36
2026/10/09 03:50:42.481, 3, 82710, 97871, 100, 527.56
2026/10/09 03:50:43.481, 0, 82713, 97871, 100, 523.62
2026/10/09 03:50:43.481, 1, 82703, 97871, 100, 514.51
2026/10/09 03:50:43.481, 2, 82703, 97871, 100, 514.36
2026/10/09 03:50:43.481, 3, 82710, 97871, 100, 526.03
2026/10/09 03:50:44.481, 0, 82713, 97871, 100, 514.09
2026/10/09 03:50:44.481, 1, 82703, 97871, 100, 510.84
2026/10/09 03:50:44.481, 2, 82703, 97871, 100, 508.33
2026/10/09 03:50:44.482, 3, 82710, 97871, 100, 525.00
2026/10/09 03:50:45.491, 0, 82713, 97871, 100, 500.58
2026/10/09 03:50:45.491, 1, 82703, 97871, 100, 517.52
2026/10/09 03:50:45.491, 2, 82703, 97871, 100, 509.41
2026/10/09 03:50:45.491, 3, 82710, 97871, 100, 528.84
2026/10/09 03:50:46.491, 0, 82713, 97871, 100, 497.62
2026/10/09 03:50:46.491, 1, 82703, 97871, 100, 502.29
2026/10/09 03:50:46.491, 2, 82703, 97871, 100, 509.13
2026/10/09 03:50:46.491, 3, 82710, 97871, 100, 523.87
2026/10/09 03:50:47.491, 0, 82713, 97871, 100, 498.34
2026/10/09 03:50:47.491, 1, 82703, 97871, 100, 505.91
2026/10/09 03:50:47.491, 2, 82703, 97871, 100, 508.97
2026/10/09 03:50:47.491, 3, 82710, 97871, 100, 525.14
2026/10/09 03:50:48.491, 0, 82713, 97871, 100, 497.39
2026/10/09 03:50:48.492, 1, 82703, 97871, 100, 508.60
2026/10/09 03:50:48.492, 2, 82703, 97871, 100, 505.74
2026/10/09 03:50:48.492, 3, 82710, 97871, 100, 523.02
2026/10/09 03:50:49.492, 0, 82713, 97871, 100, 503.42
2026/10/09 03:50:49.492, 1, 82703, 97871, 100, 505.11
2026/10/09 03:50:49.492, 2, 82703, 97871, 100, 504.07
2026/10/09 03:50:49.492, 3, 82710, 97871, 100, 527.46
2026/10/09 03:50:50.492, 0, 82713, 97871, 100, 517.38
2026/10/09 03:50:50.492, 1, 82703, 97871, 100, 506.02
2026/10/09 03:50:50.492, 2, 82703, 97871, 100, 492.79
2026/10/09 03:50:50.492, 3, 82710, 97871, 100, 525.38
2026/10/09 03:50:51.492, 0, 82713, 97871, 100, 515.36
2026/10/09 03:50:51.492, 1, 82703, 97871, 100, 503.78
2026/10/09 03:50:51.492, 2, 82703, 97871, 100, 522.49
2026/10/09 03:50:51.492, 3, 82710, 97871, 100, 515.16
2026/10/09 03:50:52.492, 0, 82713, 97871, 100, 500.83
2026/10/09 03:50:52.494, 1, 82703, 97871, 100, 505.88
2026/10/09 03:50:52.494, 2, 82703, 97871, 100, 503.58
2026/10/09 03:50:52.494, 3, 82710, 97871, 100, 512.15
2026/10/09 03:50:53.494, 0, 82713, 97871, 100, 498.05
2026/10/09 03:50:53.494, 1, 82703, 97871, 100, 504.95
2026/10/09 03:50:53.494, 2, 82703, 97871, 100, 504.38
2026/10/09 03:50:53.494, 3, 82710, 97871, 100, 527.45
2026/10/09 03:50:54.494, 0, 82713, 97871, 100, 498.66
2026/10/09 03:50:54.494, 1, 82703, 97871, 100, 506.97
2026/10/09 03:50:54.494, 2, 82703, 97871, 100, 499.13
2026/10/09 03:50:54.495, 3, 82710, 97871, 100, 514.83
2026/10/09 03:50:55.498, 0, 82713, 97871, 100, 499.21
2026/10/09 03:50:55.498, 1, 82703, 97871, 100, 504.79
2026/10/09 03:50:55.498, 2, 82703, 97871, 99, 526.38
2026/10/09 03:50:55.498, 3, 82710, 97871, 100, 531.46
2026/10/09 03:50:56.498, 0, 82713, 97871, 100, 501.41
2026/10/09 03:50:56.498, 1, 82703, 97871, 100, 508.17
2026/10/09 03:50:56.498, 2, 82703, 97871, 100, 504.66
2026/10/09 03:50:56.498, 3, 82710, 97871, 100, 532.71
2026/10/09 03:50:57.498, 0, 82713, 97871, 100, 503.85
2026/10/09 03:50:57.498, 1, 82703, 97871, 100, 510.18
2026/10/09 03:50:57.498, 2, 82703, 97871, 100, 508.42
2026/10/09 03:50:57.498, 3, 82710, 97871, 100, 534.92
2026/10/09 03:50:58.498, 0, 82713, 97871, 100, 502.33
2026/10/09 03:50:58.498, 1, 82703, 97871, 100, 473.86
2026/10/09 03:50:58.498, 2, 82703, 97871, 100, 506.97
2026/10/09 03:50:58.498, 3, 82710, 97871, 100, 533.19
2026/10/09 03:50:59.498, 0, 82713, 97871, 100, 500.62
2026/10/09 03:50:59.499, 1, 82703, 97871, 100, 532.18
2026/10/09 03:50:59.499, 2, 82703, 97871, 100, 507.62
2026/10/09 03:50:59.499, 3, 82710, 97871, 100, 535.10
2026/10/09 03:51:00.499, 0, 82713, 97871, 100, 500.03
2026/10/09 03:51:00.499, 1, 82703, 97871, 100, 516.71
2026/10/09 03:51:00.499, 2, 82703, 97871, 100, 507.37
2026/10/09 03:51:00.499, 3, 82710, 97871, 100, 531.23
2026/10/09 03:51:01.499, 0, 82713, 97871, 100, 500.58
2026/10/09 03:51:01.499, 1, 82703, 97871, 100, 505.47
2026/10/09 03:51:01.499, 2, 82703, 97871, 100, 506.56
2026/10/09 03:51:01.499, 3, 82710, 97871, 100, 529.70
2026/10/09 03:51:02.499, 0, 82713, 97871, 100, 499.32
2026/10/09 03:51:02.501, 1, 82703, 97871, 100, 506.09
2026/10/09 03:51:02.501, 2, 82703, 97871, 100, 507.05
2026/10/09 03:51:02.501, 3, 82710, 97871, 100, 482.35
2026/10/09 03:51:03.501, 0, 82713, 97871, 100, 500.25
2026/10/09 03:51:03.501, 1, 82703, 97871, 100, 505.83
2026/10/09 03:51:03.501, 2, 82703, 97871, 100, 506.14
2026/10/09 03:51:03.501, 3, 82710, 97871, 100, 556.33
2026/10/09 03:51:04.501, 0, 82713, 97871, 100, 500.11
2026/10/09 03:51:04.501, 1, 82703, 97871, 100, 517.66
2026/10/09 03:51:04.501, 2, 82703, 97871, 100, 508.89
2026/10/09 03:51:04.501, 3, 82710, 97871, 100, 541.92
2026/10/09 03:51:05.508, 0, 82713, 97871, 100, 500.14
2026/10/09 03:51:05.508, 1, 82703, 97871, 100, 511.61
2026/10/09 03:51:05.508, 2, 82703, 97871, 100, 507.62
2026/10/09 03:51:05.508, 3, 82710, 97871, 100, 531.29
2026/10/09 03:51:06.508, 0, 82713, 97871, 100, 501.11
2026/10/09 03:51:06.508, 1, 82703, 97871, 100, 530.11
2026/10/09 03:51:06.508, 2, 82703, 97871, 100, 504.95
2026/10/09 03:51:06.508, 3, 82710, 97871, 99, 503.99
2026/10/09 03:51:07.508, 0, 82713, 97871, 100, 499.74
2026/10/09 03:51:07.508, 1, 82703, 97871, 100, 517.14
2026/10/09 03:51:07.508, 2, 82703, 97871, 100, 506.51
2026/10/09 03:51:07.508, 3, 82710, 97871, 100, 549.91
2026/10/09 03:51:08.508, 0, 82713, 97871, 100, 499.66
2026/10/09 03:51:08.508, 1, 82703, 97871, 100, 507.79
2026/10/09 03:51:08.509, 2, 82703, 97871, 100, 466.16
2026/10/09 03:51:08.509, 3, 82710, 97871, 100, 538.78
2026/10/09 03:51:09.509, 0, 82713, 97871, 100, 501.54
2026/10/09 03:51:09.509, 1, 82703, 97871, 100, 509.25
2026/10/09 03:51:09.509, 2, 82703, 97871, 100, 528.60
2026/10/09 03:51:09.509, 3, 82710, 97871, 100, 544.83
2026/10/09 03:51:10.509, 0, 82713, 97871, 100, 498.06
2026/10/09 03:51:10.509, 1, 82703, 97871, 100, 507.61
2026/10/09 03:51:10.509, 2, 82703, 97871, 100, 522.91
2026/10/09 03:51:10.509, 3, 82710, 97871, 100, 545.42
2026/10/09 03:51:11.509, 0, 82713, 97871, 91, 493.20
2026/10/09 03:51:11.509, 1, 82703, 97871, 100, 507.89
2026/10/09 03:51:11.509, 2, 82703, 97871, 100, 502.15
2026/10/09 03:51:11.509, 3, 82710, 97871, 100, 545.01
2026/10/09 03:51:12.510, 0, 82713, 97871, 100, 483.18
2026/10/09 03:51:12.513, 1, 82703, 97871, 100, 509.87
2026/10/09 03:51:12.513, 2, 82703, 97871, 100, 502.07
2026/10/09 03:51:12.513, 3, 82710, 97871, 100, 544.87
2026/10/09 03:51:13.513, 0, 82713, 97871, 100, 501.98
2026/10/09 03:51:13.513, 1, 82703, 97871, 100, 513.07
2026/10/09 03:51:13.513, 2, 82703, 97871, 100, 502.29
2026/10/09 03:51:13.513, 3, 82710, 97871, 100, 543.78
2026/10/09 03:51:14.513, 0, 82713, 97871, 100, 445.67
2026/10/09 03:51:14.514, 1, 82703, 97871, 100, 509.46
2026/10/09 03:51:14.514, 2, 82703, 97871, 100, 498.95
2026/10/09 03:51:14.514, 3, 82710, 97871, 100, 545.79
2026/10/09 03:51:15.514, 0, 82713, 97871, 100, 517.02
2026/10/09 03:51:15.514, 1, 82703, 97871, 100, 510.55
2026/10/09 03:51:15.515, 2, 82703, 97871, 100, 506.02
2026/10/09 03:51:15.515, 3, 82710, 97871, 100, 547.38
2026/10/09 03:51:16.515, 0, 82713, 97871, 100, 514.90
2026/10/09 03:51:16.515, 1, 82703, 97871, 100, 512.02
2026/10/09 03:51:16.515, 2, 82703, 97871, 100, 523.43
2026/10/09 03:51:16.515, 3, 82710, 97871, 100, 547.70
2026/10/09 03:51:17.515, 0, 82713, 97871, 100, 514.59
2026/10/09 03:51:17.515, 1, 82703, 97871, 100, 506.60
2026/10/09 03:51:17.515, 2, 82703, 97871, 100, 522.14
2026/10/09 03:51:17.515, 3, 82710, 97871, 100, 545.25
2026/10/09 03:51:18.515, 0, 84395, 97871, 100, 513.51
2026/10/09 03:51:18.515, 1, 82703, 97871, 100, 509.10
2026/10/09 03:51:18.515, 2, 82703, 97871, 100, 506.99
2026/10/09 03:51:18.515, 3, 82710, 97871, 100, 543.67
2026/10/09 03:51:19.515, 0, 84395, 97871, 100, 509.92
2026/10/09 03:51:19.516, 1, 82703, 97871, 100, 508.77
2026/10/09 03:51:19.516, 2, 82703, 97871, 100, 508.17
2026/10/09 03:51:19.516, 3, 82710, 97871, 100, 533.23
2026/10/09 03:51:20.516, 0, 84395, 97871, 100, 496.80
2026/10/09 03:51:20.516, 1, 82703, 97871, 100, 507.04
2026/10/09 03:51:20.516, 2, 82703, 97871, 100, 507.80
2026/10/09 03:51:20.516, 3, 82710, 97871, 100, 507.59
2026/10/09 03:51:21.516, 0, 84395, 97871, 100, 499.78
2026/10/09 03:51:21.516, 1, 82703, 97871, 100, 508.39
2026/10/09 03:51:21.516, 2, 82703, 97871, 100, 505.64
2026/10/09 03:51:21.516, 3, 82710, 97871, 100, 515.10
2026/10/09 03:51:22.516, 0, 84395, 97871, 100, 498.89
2026/10/09 03:51:22.520, 1, 82703, 97871, 100, 510.94
2026/10/09 03:51:22.520, 2, 82703, 97871, 100, 510.50
2026/10/09 03:51:22.520, 3, 82710, 97871, 100, 554.87
2026/10/09 03:51:23.520, 0, 84395, 97871, 100, 496.58
2026/10/09 03:51:23.520, 1, 82703, 97871, 100, 510.38
2026/10/09 03:51:23.520, 2, 82703, 97871, 100, 512.98
2026/10/09 03:51:23.520, 3, 82710, 97871, 100, 543.13
2026/10/09 03:51:24.520, 0, 84395, 97871, 100, 495.29
2026/10/09 03:51:24.520, 1, 82703, 97871, 100, 506.83
2026/10/09 03:51:24.520, 2, 82703, 97871, 100, 511.30
2026/10/09 03:51:24.520, 3, 82710, 97871, 100, 539.04
2026/10/09 03:51:25.526, 0, 84395, 97871, 100, 490.38
2026/10/09 03:51:25.527, 1, 82703, 97871, 100, 509.65
2026/10/09 03:51:25.527, 2, 82703, 97871, 100, 510.69
2026/10/09 03:51:25.527, 3, 82710, 97871, 100, 537.65
2026/10/09 03:51:26.527, 0, 84395, 97871, 38, 479.02
2026/10/09 03:51:26.527, 1, 82703, 97871, 100, 509.13
2026/10/09 03:51:26.527, 2, 82703, 97871, 100, 510.98
2026/10/09 03:51:26.527, 3, 82710, 97871, 100, 524.49
2026/10/09 03:51:27.527, 0, 84395, 97871, 100, 516.88
2026/10/09 03:51:27.527, 1, 82703, 97871, 100, 505.10
2026/10/09 03:51:27.527, 2, 82703, 97871, 100, 513.15
2026/10/09 03:51:27.527, 3, 82710, 97871, 100, 520.76
2026/10/09 03:51:28.527, 0, 84395, 97871, 100, 516.98
2026/10/09 03:51:28.527, 1, 82703, 97871, 100, 487.20
2026/10/09 03:51:28.527, 2, 82703, 97871, 100, 503.53
2026/10/09 03:51:28.527, 3, 82710, 97871, 100, 534.87
2026/10/09 03:51:29.528, 0, 84395, 97871, 100, 513.30
2026/10/09 03:51:29.528, 1, 82703, 97871, 100, 509.04
2026/10/09 03:51:29.528, 2, 82703, 97871, 100, 513.08
2026/10/09 03:51:29.528, 3, 82710, 97871, 100, 556.00
2026/10/09 03:51:30.528, 0, 84395, 97871, 100, 515.14
2026/10/09 03:51:30.528, 1, 82703, 97871, 72, 461.92
2026/10/09 03:51:30.528, 2, 82703, 97871, 100, 507.08
2026/10/09 03:51:30.528, 3, 82710, 97871, 100, 546.85
2026/10/09 03:51:31.528, 0, 84395, 97871, 100, 513.09
2026/10/09 03:51:31.528, 1, 82703, 97871, 100, 533.09
2026/10/09 03:51:31.528, 2, 82703, 97871, 100, 508.56
2026/10/09 03:51:31.528, 3, 82710, 97871, 100, 545.18
2026/10/09 03:51:32.528, 0, 84395, 97871, 100, 505.70
2026/10/09 03:51:32.533, 1, 82703, 97871, 100, 528.24
2026/10/09 03:51:32.533, 2, 82703, 97871, 100, 509.79
2026/10/09 03:51:32.533, 3, 82710, 97871, 100, 550.46
2026/10/09 03:51:33.533, 0, 84395, 97871, 100, 504.90
2026/10/09 03:51:33.533, 1, 82703, 97871, 100, 530.33
2026/10/09 03:51:33.533, 2, 82703, 97871, 100, 508.35
2026/10/09 03:51:33.533, 3, 82710, 97871, 100, 552.04
2026/10/09 03:51:34.533, 0, 84395, 97871, 100, 500.30
2026/10/09 03:51:34.533, 1, 84409, 97871, 100, 529.78
2026/10/09 03:51:34.533, 2, 82703, 97871, 100, 508.25
2026/10/09 03:51:34.533, 3, 82710, 97871, 100, 550.55
2026/10/09 03:51:35.533, 0, 84395, 97871, 100, 502.17
2026/10/09 03:51:35.534, 1, 84409, 97871, 100, 524.06
2026/10/09 03:51:35.534, 2, 82703, 97871, 100, 507.95
2026/10/09 03:51:35.534, 3, 82710, 97871, 100, 551.57
2026/10/09 03:51:36.534, 0, 84395, 97871, 100, 499.90
2026/10/09 03:51:36.534, 1, 84409, 97871, 100, 511.78
2026/10/09 03:51:36.534, 2, 82703, 97871, 100, 509.76
2026/10/09 03:51:36.534, 3, 82710, 97871, 100, 552.04
2026/10/09 03:51:37.534, 0, 84395, 97871, 100, 504.80
2026/10/09 03:51:37.534, 1, 84409, 97871, 100, 509.35
2026/10/09 03:51:37.534, 2, 82703, 97871, 100, 505.08
2026/10/09 03:51:37.534, 3, 82710, 97871, 100, 548.89
2026/10/09 03:51:38.534, 0, 84395, 97871, 100, 506.78
2026/10/09 03:51:38.534, 1, 84409, 97871, 100, 508.62
2026/10/09 03:51:38.534, 2, 82703, 97871, 81, 491.96
2026/10/09 03:51:38.534, 3, 82710, 97871, 100, 550.84
2026/10/09 03:51:39.535, 0, 84395, 97871, 100, 506.89
2026/10/09 03:51:39.535, 1, 84409, 97871, 100, 505.52
2026/10/09 03:51:39.535, 2, 82703, 97871, 100, 499.79
2026/10/09 03:51:39.535, 3, 82710, 97871, 100, 547.92
2026/10/09 03:51:40.535, 0, 84395, 97871, 100, 508.68
2026/10/09 03:51:40.535, 1, 84409, 97871, 100, 510.99
2026/10/09 03:51:40.535, 2, 82703, 97871, 100, 496.58
2026/10/09 03:51:40.535, 3, 82710, 97871, 100, 551.22
2026/10/09 03:51:41.535, 0, 84395, 97871, 100, 509.88
2026/10/09 03:51:41.535, 1, 84409, 97871, 94, 504.72
2026/10/09 03:51:41.535, 2, 82702, 97871, 100, 458.70
2026/10/09 03:51:41.535, 3, 82710, 97871, 100, 548.11
2026/10/09 03:51:42.535, 0, 84395, 97871, 100, 506.73
2026/10/09 03:51:42.539, 1, 84409, 97871, 100, 511.58
2026/10/09 03:51:42.539, 2, 82702, 97871, 100, 528.89
2026/10/09 03:51:42.540, 3, 82710, 97871, 100, 547.59
2026/10/09 03:51:43.540, 0, 84395, 97871, 100, 508.78
2026/10/09 03:51:43.540, 1, 84409, 97871, 100, 498.59
2026/10/09 03:51:43.540, 2, 82702, 97871, 100, 523.03
2026/10/09 03:51:43.540, 3, 82710, 97871, 100, 548.17
2026/10/09 03:51:44.540, 0, 84395, 97871, 100, 503.83
2026/10/09 03:51:44.540, 1, 84409, 97871, 100, 529.54
2026/10/09 03:51:44.540, 2, 82702, 97871, 100, 524.09
2026/10/09 03:51:44.540, 3, 82710, 97871, 100, 549.85
2026/10/09 03:51:45.543, 0, 84395, 97871, 100, 502.58
2026/10/09 03:51:45.543, 1, 84409, 97871, 100, 531.69
2026/10/09 03:51:45.543, 2, 84422, 97871, 100, 523.19
2026/10/09 03:51:45.544, 3, 82710, 97871, 100, 551.96
2026/10/09 03:51:46.544, 0, 84395, 97871, 100, 505.71
2026/10/09 03:51:46.544, 1, 84409, 97871, 100, 528.89
2026/10/09 03:51:46.544, 2, 84422, 97871, 95, 510.00
2026/10/09 03:51:46.544, 3, 82710, 97871, 100, 551.50
2026/10/09 03:51:47.544, 0, 84395, 97871, 100, 504.75
2026/10/09 03:51:47.544, 1, 84409, 97871, 100, 527.75
2026/10/09 03:51:47.544, 2, 84422, 97871, 100, 501.75
2026/10/09 03:51:47.544, 3, 82710, 97871, 100, 549.68
2026/10/09 03:51:48.544, 0, 84395, 97871, 100, 504.89
2026/10/09 03:51:48.544, 1, 84409, 97871, 100, 523.60
2026/10/09 03:51:48.544, 2, 84422, 97871, 100, 502.23
2026/10/09 03:51:48.544, 3, 82710, 97871, 100, 549.92
2026/10/09 03:51:49.545, 0, 84395, 97871, 100, 508.14
2026/10/09 03:51:49.545, 1, 84409, 97871, 100, 516.99
2026/10/09 03:51:49.545, 2, 84422, 97871, 100, 503.05
2026/10/09 03:51:49.545, 3, 82710, 97871, 100, 550.01
2026/10/09 03:51:50.545, 0, 84395, 97871, 100, 505.68
2026/10/09 03:51:50.545, 1, 84409, 97871, 100, 516.16
2026/10/09 03:51:50.545, 2, 84422, 97871, 100, 502.53
2026/10/09 03:51:50.545, 3, 82710, 97871, 100, 545.37
2026/10/09 03:51:51.545, 0, 84395, 97871, 100, 504.63
2026/10/09 03:51:51.545, 1, 84409, 97871, 100, 513.33
2026/10/09 03:51:51.545, 2, 84422, 97871, 100, 501.33
2026/10/09 03:51:51.545, 3, 82710, 97871, 83, 502.24
2026/10/09 03:51:52.545, 0, 84395, 97871, 100, 504.56
2026/10/09 03:51:52.557, 1, 84409, 97871, 100, 513.11
2026/10/09 03:51:52.557, 2, 84422, 97871, 100, 500.27
2026/10/09 03:51:52.558, 3, 82710, 97871, 100, 529.17
2026/10/09 03:51:53.558, 0, 84395, 97871, 100, 508.32
2026/10/09 03:51:53.558, 1, 84409, 97871, 100, 509.82
2026/10/09 03:51:53.558, 2, 84422, 97871, 53, 472.22
2026/10/09 03:51:53.558, 3, 82710, 97871, 52, 436.19
2026/10/09 03:51:54.558, 0, 84395, 97871, 100, 500.81
2026/10/09 03:51:54.558, 1, 84409, 97871, 100, 512.67
2026/10/09 03:51:54.558, 2, 84422, 97871, 100, 524.77
2026/10/09 03:51:54.558, 3, 82710, 97871, 100, 567.16
2026/10/09 03:51:55.558, 0, 84395, 97871, 100, 513.69
2026/10/09 03:51:55.558, 1, 84409, 97871, 100, 517.40
2026/10/09 03:51:55.558, 2, 84422, 97871, 100, 524.93
2026/10/09 03:51:55.558, 3, 82710, 97871, 100, 554.57
2026/10/09 03:51:56.558, 0, 84395, 97871, 100, 506.13
2026/10/09 03:51:56.559, 1, 84409, 97871, 100, 519.69
2026/10/09 03:51:56.559, 2, 84422, 97871, 100, 522.46
2026/10/09 03:51:56.559, 3, 82710, 97871, 100, 554.46
2026/10/09 03:51:57.559, 0, 84395, 97871, 100, 504.86
2026/10/09 03:51:57.559, 1, 84409, 97871, 100, 516.64
2026/10/09 03:51:57.559, 2, 84422, 97871, 100, 521.35
2026/10/09 03:51:57.559, 3, 84448, 97871, 100, 555.99
2026/10/09 03:51:58.559, 0, 84395, 97871, 100, 506.44
2026/10/09 03:51:58.559, 1, 84409, 97871, 100, 519.20
2026/10/09 03:51:58.559, 2, 84422, 97871, 100, 524.18
2026/10/09 03:51:58.559, 3, 84448, 97871, 100, 552.89
2026/10/09 03:51:59.559, 0, 84395, 97871, 100, 505.23
2026/10/09 03:51:59.559, 1, 84409, 97871, 100, 521.43
2026/10/09 03:51:59.559, 2, 84422, 97871, 100, 512.86
2026/10/09 03:51:59.560, 3, 84448, 97871, 100, 546.77
2026/10/09 03:52:00.560, 0, 84395, 97871, 100, 506.08
2026/10/09 03:52:00.560, 1, 84409, 97871, 100, 522.80
2026/10/09 03:52:00.560, 2, 84422, 97871, 100, 508.97
2026/10/09 03:52:00.560, 3, 84448, 97871, 100, 543.43
2026/10/09 03:52:01.560, 0, 84395, 97871, 100, 503.71
2026/10/09 03:52:01.560, 1, 84409, 97871, 100, 518.91
2026/10/09 03:52:01.560, 2, 84422, 97871, 100, 507.53
2026/10/09 03:52:01.560, 3, 84448, 97871, 100, 546.28
2026/10/09 03:52:02.560, 0, 84395, 97871, 100, 503.75
2026/10/09 03:52:02.571, 1, 84409, 97871, 100, 519.37
2026/10/09 03:52:02.571, 2, 84422, 97871, 100, 513.04
2026/10/09 03:52:02.571, 3, 84448, 97871, 100, 547.50
2026/10/09 03:52:03.572, 0, 84395, 97871, 100, 503.07
2026/10/09 03:52:03.572, 1, 84409, 97871, 100, 518.10
2026/10/09 03:52:03.572, 2, 84422, 97871, 100, 508.04
2026/10/09 03:52:03.572, 3, 84448, 97871, 100, 546.46
2026/10/09 03:52:04.572, 0, 84395, 97871, 100, 506.49
2026/10/09 03:52:04.572, 1, 84409, 97871, 100, 513.79
2026/10/09 03:52:04.572, 2, 84422, 97871, 100, 510.55
2026/10/09 03:52:04.572, 3, 84448, 97871, 100, 541.74
2026/10/09 03:52:05.573, 0, 84395, 97871, 100, 504.20
2026/10/09 03:52:05.574, 1, 84409, 97871, 100, 512.81
2026/10/09 03:52:05.574, 2, 84422, 97871, 100, 509.93
2026/10/09 03:52:05.574, 3, 84448, 97871, 100, 529.30
2026/10/09 03:52:06.574, 0, 84395, 97871, 100, 506.19
2026/10/09 03:52:06.574, 1, 84409, 97871, 100, 518.32
2026/10/09 03:52:06.574, 2, 84422, 97871, 100, 516.80
2026/10/09 03:52:06.574, 3, 84448, 97871, 98, 481.07
2026/10/09 03:52:07.574, 0, 84395, 97871, 100, 507.29
2026/10/09 03:52:07.574, 1, 84409, 97871, 100, 515.99
2026/10/09 03:52:07.574, 2, 84422, 97871, 100, 514.58
2026/10/09 03:52:07.574, 3, 84448, 97871, 100, 558.03
2026/10/09 03:52:08.574, 0, 84395, 97871, 100, 499.26
2026/10/09 03:52:08.575, 1, 84409, 97871, 100, 519.30
2026/10/09 03:52:08.575, 2, 84422, 97871, 100, 516.26
2026/10/09 03:52:08.575, 3, 84448, 97871, 100, 556.14
2026/10/09 03:52:09.575, 0, 84395, 97871, 100, 497.13
2026/10/09 03:52:09.575, 1, 84409, 97871, 100, 519.63
2026/10/09 03:52:09.575, 2, 84422, 97871, 100, 517.96
2026/10/09 03:52:09.575, 3, 84448, 97871, 100, 555.11
2026/10/09 03:52:10.575, 0, 84395, 97871, 100, 495.68
2026/10/09 03:52:10.575, 1, 84409, 97871, 100, 518.51
2026/10/09 03:52:10.575, 2, 84422, 97871, 100, 519.45
2026/10/09 03:52:10.575, 3, 84448, 97871, 100, 557.68
2026/10/09 03:52:11.575, 0, 84395, 97871, 100, 493.07
2026/10/09 03:52:11.575, 1, 84409, 97871, 100, 514.64
2026/10/09 03:52:11.575, 2, 84422, 97871, 100, 515.19
2026/10/09 03:52:11.575, 3, 84448, 97871, 100, 554.87
2026/10/09 03:52:12.576, 0, 84395, 97871, 100, 499.83
2026/10/09 03:52:12.581, 1, 84409, 97871, 100, 520.27
2026/10/09 03:52:12.581, 2, 84422, 97871, 100, 517.22
2026/10/09 03:52:12.581, 3, 84448, 97871, 100, 552.00
2026/10/09 03:52:13.581, 0, 84395, 97871, 97, 452.24
2026/10/09 03:52:13.582, 1, 84409, 97871, 100, 520.19
2026/10/09 03:52:13.582, 2, 84422, 97871, 100, 515.61
2026/10/09 03:52:13.582, 3, 84448, 97871, 100, 551.27
2026/10/09 03:52:14.582, 0, 7, 97871, 0, 141.83
2026/10/09 03:52:14.582, 1, 84409, 97871, 100, 516.93
2026/10/09 03:52:14.582, 2, 84422, 97871, 100, 512.66
2026/10/09 03:52:14.582, 3, 84448, 97871, 100, 552.65
2026/10/09 03:52:15.585, 0, 7, 97871, 0, 122.86
2026/10/09 03:52:15.586, 1, 84409, 97871, 100, 522.37
2026/10/09 03:52:15.586, 2, 84422, 97871, 100, 505.85
2026/10/09 03:52:15.586, 3, 84448, 97871, 100, 554.28
2026/10/09 03:52:16.586, 0, 7, 97871, 0, 81.48
2026/10/09 03:52:16.586, 1, 84409, 97871, 100, 522.39
2026/10/09 03:52:16.586, 2, 84422, 97871, 100, 513.15
2026/10/09 03:52:16.586, 3, 84448, 97871, 100, 547.73
2026/10/09 03:52:17.586, 0, 7, 97871, 0, 81.46
2026/10/09 03:52:17.586, 1, 84409, 97871, 100, 522.75
2026/10/09 03:52:17.586, 2, 84422, 97871, 100, 513.47
2026/10/09 03:52:17.586, 3, 84448, 97871, 100, 552.14
2026/10/09 03:52:18.586, 0, 7, 97871, 0, 81.15
2026/10/09 03:52:18.586, 1, 84409, 97871, 100, 526.12
2026/10/09 03:52:18.586, 2, 84422, 97871, 100, 517.27
2026/10/09 03:52:18.586, 3, 84448, 97871, 100, 553.45
2026/10/09 03:52:19.586, 0, 7, 97871, 0, 81.25
2026/10/09 03:52:19.587, 1, 84409, 97871, 100, 523.91
2026/10/09 03:52:19.587, 2, 84422, 97871, 100, 513.57
2026/10/09 03:52:19.587, 3, 84448, 97871, 100, 556.09
2026/10/09 03:52:20.587, 0, 7, 97871, 0, 81.10
2026/10/09 03:52:20.587, 1, 84409, 97871, 100, 527.18
2026/10/09 03:52:20.587, 2, 84422, 97871, 100, 516.29
2026/10/09 03:52:20.587, 3, 84448, 97871, 100, 553.37
2026/10/09 03:52:21.587, 0, 7, 97871, 0, 81.16
2026/10/09 03:52:21.587, 1, 84409, 97871, 100, 524.20
2026/10/09 03:52:21.587, 2, 84422, 97871, 100, 518.76
2026/10/09 03:52:21.587, 3, 84448, 97871, 100, 556.27
2026/10/09 03:52:22.587, 0, 7, 97871, 0, 81.26
2026/10/09 03:52:22.589, 1, 84409, 97871, 100, 527.23
2026/10/09 03:52:22.589, 2, 84422, 97871, 100, 516.91
2026/10/09 03:52:22.589, 3, 84448, 97871, 100, 552.92
2026/10/09 03:52:23.589, 0, 7, 97871, 0, 81.11
2026/10/09 03:52:23.589, 1, 84409, 97871, 100, 522.82
2026/10/09 03:52:23.589, 2, 84422, 97871, 100, 516.56
2026/10/09 03:52:23.589, 3, 84448, 97871, 100, 551.46
2026/10/09 03:52:24.589, 0, 7, 97871, 0, 81.15
2026/10/09 03:52:24.590, 1, 84409, 97871, 100, 527.08
2026/10/09 03:52:24.590, 2, 84422, 97871, 100, 516.35
2026/10/09 03:52:24.590, 3, 84448, 97871, 100, 554.16
2026/10/09 03:52:25.593, 0, 7, 97871, 0, 81.16
2026/10/09 03:52:25.593, 1, 84409, 97871, 100, 522.12
2026/10/09 03:52:25.593, 2, 84422, 97871, 100, 518.16
2026/10/09 03:52:25.593, 3, 84448, 97871, 100, 551.96
2026/10/09 03:52:26.593, 0, 7, 97871, 0, 81.21
2026/10/09 03:52:26.593, 1, 84409, 97871, 100, 516.95
2026/10/09 03:52:26.593, 2, 84422, 97871, 100, 514.77
2026/10/09 03:52:26.593, 3, 84448, 97871, 100, 554.13
2026/10/09 03:52:27.593, 0, 7, 97871, 0, 81.24
2026/10/09 03:52:27.593, 1, 84409, 97871, 100, 515.78
2026/10/09 03:52:27.593, 2, 84422, 97871, 100, 518.95
2026/10/09 03:52:27.593, 3, 84448, 97871, 100, 554.35
2026/10/09 03:52:28.593, 0, 7, 97871, 0, 81.08
2026/10/09 03:52:28.594, 1, 84409, 97871, 100, 514.11
2026/10/09 03:52:28.594, 2, 84422, 97871, 100, 515.51
2026/10/09 03:52:28.594, 3, 84448, 97871, 100, 556.67
2026/10/09 03:52:29.594, 0, 7, 97871, 0, 81.21
2026/10/09 03:52:29.594, 1, 84409, 97871, 63, 488.78
2026/10/09 03:52:29.594, 2, 84422, 97871, 100, 516.31
2026/10/09 03:52:29.594, 3, 84448, 97871, 100, 549.68
2026/10/09 03:52:30.594, 0, 7, 97871, 0, 81.19
2026/10/09 03:52:30.594, 1, 84409, 97871, 100, 513.69
2026/10/09 03:52:30.594, 2, 84422, 97871, 100, 510.61
2026/10/09 03:52:30.594, 3, 84448, 97871, 100, 553.22
2026/10/09 03:52:31.594, 0, 7, 97871, 0, 81.19
2026/10/09 03:52:31.642, 1, 7, 97871, 0, 357.11
2026/10/09 03:52:31.643, 2, 84422, 97871, 100, 515.72
2026/10/09 03:52:31.643, 3, 84448, 97871, 100, 553.86
2026/10/09 03:52:32.643, 0, 7, 97871, 0, 81.11
2026/10/09 03:52:32.643, 1, 7, 97871, 0, 158.92
2026/10/09 03:52:32.643, 2, 84422, 97871, 100, 513.69
2026/10/09 03:52:32.643, 3, 84448, 97871, 100, 551.53
2026/10/09 03:52:33.643, 0, 7, 97871, 0, 81.10
2026/10/09 03:52:33.643, 1, 7, 97871, 0, 132.25
2026/10/09 03:52:33.643, 2, 84422, 97871, 100, 517.93
2026/10/09 03:52:33.643, 3, 84448, 97871, 100, 551.51
2026/10/09 03:52:34.643, 0, 7, 97871, 0, 80.88
2026/10/09 03:52:34.643, 1, 7, 97871, 0, 97.82
2026/10/09 03:52:34.643, 2, 84422, 97871, 100, 518.06
2026/10/09 03:52:34.643, 3, 84448, 97871, 100, 552.09
2026/10/09 03:52:35.643, 0, 7, 97871, 0, 80.97
2026/10/09 03:52:35.643, 1, 7, 97871, 0, 97.95
2026/10/09 03:52:35.643, 2, 84422, 97871, 100, 515.31
2026/10/09 03:52:35.643, 3, 84448, 97871, 100, 555.29
2026/10/09 03:52:36.643, 0, 7, 97871, 0, 80.94
2026/10/09 03:52:36.644, 1, 7, 97871, 0, 98.42
2026/10/09 03:52:36.644, 2, 84422, 97871, 100, 514.98
2026/10/09 03:52:36.644, 3, 84448, 97871, 100, 552.81
2026/10/09 03:52:37.644, 0, 7, 97871, 0, 80.96
2026/10/09 03:52:37.644, 1, 7, 97871, 0, 98.40
2026/10/09 03:52:37.644, 2, 84422, 97871, 100, 507.16
2026/10/09 03:52:37.644, 3, 84448, 97871, 100, 552.35
2026/10/09 03:52:38.644, 0, 7, 97871, 0, 81.13
2026/10/09 03:52:38.644, 1, 7, 97871, 0, 97.86
2026/10/09 03:52:38.644, 2, 84422, 97871, 100, 507.01
2026/10/09 03:52:38.644, 3, 84448, 97871, 100, 552.58
2026/10/09 03:52:39.644, 0, 7, 97871, 0, 81.02
2026/10/09 03:52:39.644, 1, 7, 97871, 0, 97.80
2026/10/09 03:52:39.644, 2, 84422, 97871, 100, 502.55
2026/10/09 03:52:39.644, 3, 84448, 97871, 100, 553.43
2026/10/09 03:52:40.644, 0, 7, 97871, 0, 81.02
2026/10/09 03:52:40.645, 1, 7, 97871, 0, 97.61
2026/10/09 03:52:40.645, 2, 84422, 97871, 100, 499.14
2026/10/09 03:52:40.645, 3, 84448, 97871, 100, 548.61
2026/10/09 03:52:41.645, 0, 7, 97871, 0, 81.13
2026/10/09 03:52:41.645, 1, 7, 97871, 0, 97.43
2026/10/09 03:52:41.645, 2, 84422, 97871, 100, 502.66
2026/10/09 03:52:41.645, 3, 84448, 97871, 100, 556.60
2026/10/09 03:52:42.645, 0, 7, 97871, 0, 81.07
2026/10/09 03:52:42.645, 1, 7, 97871, 0, 97.56
2026/10/09 03:52:42.645, 2, 6, 97871, 0, 237.56
2026/10/09 03:52:42.645, 3, 84448, 97871, 100, 554.29
2026/10/09 03:52:43.645, 0, 7, 97871, 0, 81.13
2026/10/09 03:52:43.645, 1, 7, 97871, 0, 97.62
2026/10/09 03:52:43.645, 2, 6, 97871, 0, 145.40
2026/10/09 03:52:43.645, 3, 84448, 97871, 100, 553.00
2026/10/09 03:52:44.645, 0, 7, 97871, 0, 80.83
2026/10/09 03:52:44.646, 1, 7, 97871, 0, 97.30
2026/10/09 03:52:44.646, 2, 6, 97871, 0, 95.12
2026/10/09 03:52:44.646, 3, 84448, 97871, 100, 551.86
2026/10/09 03:52:45.646, 0, 7, 97871, 0, 80.90
2026/10/09 03:52:45.646, 1, 7, 97871, 0, 97.25
2026/10/09 03:52:45.646, 2, 6, 97871, 0, 84.70
2026/10/09 03:52:45.646, 3, 84448, 97871, 100, 552.24
2026/10/09 03:52:46.646, 0, 7, 97871, 0, 80.82
2026/10/09 03:52:46.646, 1, 7, 97871, 0, 97.33
2026/10/09 03:52:46.646, 2, 6, 97871, 0, 84.47
2026/10/09 03:52:46.646, 3, 84448, 97871, 100, 553.34
2026/10/09 03:52:47.646, 0, 7, 97871, 0, 80.87
2026/10/09 03:52:47.646, 1, 7, 97871, 0, 96.99
2026/10/09 03:52:47.646, 2, 6, 97871, 0, 84.08
2026/10/09 03:52:47.646, 3, 84448, 97871, 100, 556.83
2026/10/09 03:52:48.646, 0, 7, 97871, 0, 80.99
2026/10/09 03:52:48.646, 1, 7, 97871, 0, 97.15
2026/10/09 03:52:48.646, 2, 6, 97871, 0, 84.11
2026/10/09 03:52:48.646, 3, 84448, 97871, 100, 547.58
2026/10/09 03:52:49.646, 0, 7, 97871, 0, 80.88
2026/10/09 03:52:49.646, 1, 7, 97871, 0, 97.13
2026/10/09 03:52:49.646, 2, 6, 97871, 0, 84.13
2026/10/09 03:52:49.646, 3, 84448, 97871, 100, 553.93
2026/10/09 03:52:50.647, 0, 7, 97871, 0, 80.83
2026/10/09 03:52:50.647, 1, 7, 97871, 0, 97.14
2026/10/09 03:52:50.647, 2, 6, 97871, 0, 84.11
2026/10/09 03:52:50.647, 3, 84448, 97871, 100, 546.63
2026/10/09 03:52:51.647, 0, 7, 97871, 0, 80.82
2026/10/09 03:52:51.647, 1, 7, 97871, 0, 96.93
2026/10/09 03:52:51.647, 2, 6, 97871, 0, 84.11
2026/10/09 03:52:51.647, 3, 84448, 97871, 100, 546.51
2026/10/09 03:52:52.647, 0, 7, 97871, 0, 80.87
2026/10/09 03:52:52.647, 1, 7, 97871, 0, 96.94
2026/10/09 03:52:52.647, 2, 6, 97871, 0, 84.24
2026/10/09 03:52:52.647, 3, 84448, 97871, 100, 545.50
2026/10/09 03:52:53.647, 0, 7, 97871, 0, 80.90
2026/10/09 03:52:53.647, 1, 7, 97871, 0, 97.19
2026/10/09 03:52:53.647, 2, 6, 97871, 0, 84.15
2026/10/09 03:52:53.647, 3, 84448, 97871, 95, 512.39
2026/10/09 03:52:54.647, 0, 7, 97871, 0, 80.90
2026/10/09 03:52:54.647, 1, 7, 97871, 0, 96.88
2026/10/09 03:52:54.647, 2, 6, 97871, 0, 83.85
2026/10/09 03:52:54.647, 3, 84448, 97871, 100, 522.88
2026/10/09 03:52:55.647, 0, 7, 97871, 0, 81.28
2026/10/09 03:52:55.647, 1, 7, 97871, 0, 97.14
2026/10/09 03:52:55.648, 2, 6, 97871, 0, 83.96
2026/10/09 03:52:55.648, 3, 4, 97871, 0, 277.99
2026/10/09 03:52:56.648, 0, 7, 97871, 0, 81.22
2026/10/09 03:52:56.648, 1, 7, 97871, 0, 97.43
2026/10/09 03:52:56.648, 2, 6, 97871, 0, 84.12
2026/10/09 03:52:56.648, 3, 4, 97871, 0, 154.76
