2026/10/09 01:05:06.533, 0, 9, 97871, 0, 84.68
2026/10/09 01:05:06.537, 1, 10, 97871, 0, 98.24
2026/10/09 01:05:06.540, 2, 9, 97871, 0, 43.93
2026/10/09 01:05:06.544, 3, 6, 97871, 0, 85.08
2026/10/09 01:05:07.547, 0, 9, 97871, 0, 84.45
2026/10/09 01:05:07.547, 1, 10, 97871, 0, 98.05
2026/10/09 01:05:07.547, 2, 9, 97871, 0, 43.98
2026/10/09 01:05:07.547, 3, 6, 97871, 0, 85.02
2026/10/09 01:05:08.547, 0, 9, 97871, 0, 84.48
2026/10/09 01:05:08.547, 1, 10, 97871, 0, 97.89
2026/10/09 01:05:08.547, 2, 9, 97871, 0, 43.95
2026/10/09 01:05:08.547, 3, 6, 97871, 0, 85.08
2026/10/09 01:05:09.547, 0, 9, 97871, 0, 84.37
2026/10/09 01:05:09.547, 1, 10, 97871, 0, 98.15
2026/10/09 01:05:09.547, 2, 9, 97871, 0, 43.99
2026/10/09 01:05:09.547, 3, 6, 97871, 0, 85.06
2026/10/09 01:05:10.547, 0, 9, 97871, 0, 84.43
2026/10/09 01:05:10.547, 1, 10, 97871, 0, 97.99
2026/10/09 01:05:10.547, 2, 9, 97871, 0, 43.92
2026/10/09 01:05:10.547, 3, 6, 97871, 0, 85.00
2026/10/09 01:05:11.548, 0, 9, 97871, 0, 84.53
2026/10/09 01:05:11.548, 1, 10, 97871, 0, 98.08
2026/10/09 01:05:11.548, 2, 9, 97871, 0, 44.01
2026/10/09 01:05:11.548, 3, 6, 97871, 0, 85.03
2026/10/09 01:05:12.548, 0, 8, 97871, 0, 84.51
2026/10/09 01:05:12.548, 1, 10, 97871, 0, 98.11
2026/10/09 01:05:12.548, 2, 9, 97871, 0, 43.96
2026/10/09 01:05:12.548, 3, 6, 97871, 0, 85.07
2026/10/09 01:05:13.548, 0, 8, 97871, 0, 84.46
2026/10/09 01:05:13.548, 1, 10, 97871, 0, 98.08
2026/10/09 01:05:13.548, 2, 9, 97871, 0, 43.98
2026/10/09 01:05:13.548, 3, 6, 97871, 0, 85.21
2026/10/09 01:05:14.548, 0, 8, 97871, 0, 84.44
2026/10/09 01:05:14.548, 1, 10, 97871, 0, 98.14
2026/10/09 01:05:14.548, 2, 9, 97871, 0, 44.00
2026/10/09 01:05:14.548, 3, 6, 97871, 0, 84.86
2026/10/09 01:05:15.548, 0, 8, 97871, 0, 84.43
2026/10/09 01:05:15.548, 1, 10, 97871, 0, 98.14
2026/10/09 01:05:15.548, 2, 9, 97871, 0, 43.88
2026/10/09 01:05:15.548, 3, 6, 97871, 0, 84.90
2026/10/09 01:05:16.548, 0, 8, 97871, 0, 84.52
2026/10/09 01:05:16.548, 1, 10, 97871, 0, 98.01
2026/10/09 01:05:16.548, 2, 9, 97871, 0, 43.99
2026/10/09 01:05:16.548, 3, 6, 97871, 0, 85.03
2026/10/09 01:05:17.548, 0, 8, 97871, 0, 84.52
2026/10/09 01:05:17.548, 1, 10, 97871, 0, 98.14
2026/10/09 01:05:17.548, 2, 9, 97871, 0, 43.93
2026/10/09 01:05:17.549, 3, 6, 97871, 0, 84.98
2026/10/09 01:05:18.549, 0, 8, 97871, 0, 84.44
2026/10/09 01:05:18.549, 1, 10, 97871, 0, 98.16
2026/10/09 01:05:18.549, 2, 9, 97871, 0, 44.04
2026/10/09 01:05:18.549, 3, 6, 97871, 0, 85.08
2026/10/09 01:05:19.549, 0, 8, 97871, 0, 84.65
2026/10/09 01:05:19.549, 1, 10, 97871, 0, 98.79
2026/10/09 01:05:19.549, 2, 9, 97871, 0, 44.01
2026/10/09 01:05:19.549, 3, 6, 97871, 0, 85.14
2026/10/09 01:05:20.549, 0, 8, 97871, 0, 84.85
2026/10/09 01:05:20.549, 1, 10, 97871, 0, 98.15
2026/10/09 01:05:20.549, 2, 9, 97871, 0, 43.95
2026/10/09 01:05:20.549, 3, 6, 97871, 0, 84.98
2026/10/09 01:05:21.549, 0, 8, 97871, 0, 84.97
2026/10/09 01:05:21.549, 1, 10, 97871, 0, 98.18
2026/10/09 01:05:21.549, 2, 9, 97871, 0, 43.99
2026/10/09 01:05:21.549, 3, 6, 97871, 0, 84.97
2026/10/09 01:05:22.549, 0, 8, 97871, 0, 84.52
2026/10/09 01:05:22.615, 1, 10, 97871, 0, 97.90
2026/10/09 01:05:22.616, 2, 9, 97871, 0, 43.96
2026/10/09 01:05:22.616, 3, 6, 97871, 0, 85.01
2026/10/09 01:05:23.617, 0, 8, 97871, 0, 84.66
2026/10/09 01:05:23.644, 1, 10, 97871, 0, 97.89
2026/10/09 01:05:23.689, 2, 9, 97871, 0, 43.98
2026/10/09 01:05:23.737, 3, 6, 97871, 0, 85.07
2026/10/09 01:05:24.783, 0, 8, 97871, 0, 84.57
2026/10/09 01:05:24.783, 1, 10, 97871, 0, 97.84
2026/10/09 01:05:24.783, 2, 9, 97871, 0, 43.95
2026/10/09 01:05:24.783, 3, 6, 97871, 0, 85.03
2026/10/09 01:05:25.783, 0, 8, 97871, 0, 85.09
2026/10/09 01:05:25.783, 1, 10, 97871, 0, 98.08
2026/10/09 01:05:25.783, 2, 9, 97871, 0, 43.92
2026/10/09 01:05:25.783, 3, 6, 97871, 0, 85.11
2026/10/09 01:05:26.783, 0, 8, 97871, 0, 85.46
2026/10/09 01:05:26.784, 1, 10, 97871, 0, 98.15
2026/10/09 01:05:26.784, 2, 9, 97871, 0, 43.91
2026/10/09 01:05:26.784, 3, 6, 97871, 0, 84.91
2026/10/09 01:05:27.784, 0, 8, 97871, 0, 85.04
2026/10/09 01:05:27.784, 1, 10, 97871, 0, 98.15
2026/10/09 01:05:27.784, 2, 9, 97871, 0, 43.86
2026/10/09 01:05:27.784, 3, 6, 97871, 0, 84.96
2026/10/09 01:05:28.784, 0, 8, 97871, 0, 85.44
2026/10/09 01:05:28.784, 1, 10, 97871, 0, 98.34
2026/10/09 01:05:28.784, 2, 9, 97871, 0, 43.85
2026/10/09 01:05:28.784, 3, 6, 97871, 0, 84.85
2026/10/09 01:05:29.784, 0, 8, 97871, 0, 85.18
2026/10/09 01:05:29.786, 1, 10, 97871, 0, 97.98
2026/10/09 01:05:29.786, 2, 9, 97871, 0, 43.72
2026/10/09 01:05:29.786, 3, 6, 97871, 0, 85.03
2026/10/09 01:05:30.786, 0, 8, 97871, 0, 85.38
2026/10/09 01:05:30.786, 1, 10, 97871, 0, 98.41
2026/10/09 01:05:30.786, 2, 9, 97871, 0, 43.79
2026/10/09 01:05:30.786, 3, 6, 97871, 0, 85.04
2026/10/09 01:05:31.786, 0, 8, 97871, 0, 85.46
2026/10/09 01:05:31.786, 1, 10, 97871, 0, 98.16
2026/10/09 01:05:31.786, 2, 9, 97871, 0, 43.72
2026/10/09 01:05:31.786, 3, 6, 97871, 0, 85.02
2026/10/09 01:05:32.786, 0, 8, 97871, 0, 84.95
2026/10/09 01:05:32.787, 1, 10, 97871, 0, 98.04
2026/10/09 01:05:32.787, 2, 9, 97871, 0, 43.79
2026/10/09 01:05:32.787, 3, 6, 97871, 0, 84.90
2026/10/09 01:05:33.787, 0, 8, 97871, 0, 84.99
2026/10/09 01:05:33.787, 1, 10, 97871, 0, 98.25
2026/10/09 01:05:33.787, 2, 9, 97871, 0, 43.82
2026/10/09 01:05:33.787, 3, 6, 97871, 0, 84.82
2026/10/09 01:05:34.787, 0, 8, 97871, 0, 85.19
2026/10/09 01:05:34.787, 1, 10, 97871, 0, 98.10
2026/10/09 01:05:34.787, 2, 9, 97871, 0, 43.88
2026/10/09 01:05:34.787, 3, 6, 97871, 0, 85.13
2026/10/09 01:05:35.787, 0, 8, 97871, 0, 85.12
2026/10/09 01:05:35.787, 1, 10, 97871, 0, 98.35
2026/10/09 01:05:35.787, 2, 9, 97871, 0, 43.95
2026/10/09 01:05:35.787, 3, 6, 97871, 0, 85.23
2026/10/09 01:05:36.787, 0, 8, 97871, 0, 85.11
2026/10/09 01:05:36.787, 1, 10, 97871, 0, 98.48
2026/10/09 01:05:36.787, 2, 9, 97871, 0, 43.90
2026/10/09 01:05:36.787, 3, 6, 97871, 0, 85.09
2026/10/09 01:05:37.787, 0, 8, 97871, 0, 85.09
2026/10/09 01:05:37.788, 1, 10, 97871, 0, 98.25
2026/10/09 01:05:37.788, 2, 9, 97871, 0, 43.86
2026/10/09 01:05:37.788, 3, 6, 97871, 0, 84.86
2026/10/09 01:05:38.788, 0, 8, 97871, 0, 85.34
2026/10/09 01:05:38.788, 1, 10, 97871, 0, 98.27
2026/10/09 01:05:38.788, 2, 9, 97871, 0, 43.74
2026/10/09 01:05:38.788, 3, 6, 97871, 0, 85.07
2026/10/09 01:05:39.788, 0, 8, 97871, 0, 85.33
2026/10/09 01:05:39.788, 1, 10, 97871, 0, 98.10
2026/10/09 01:05:39.788, 2, 9, 97871, 0, 43.70
2026/10/09 01:05:39.788, 3, 6, 97871, 0, 84.99
2026/10/09 01:05:40.788, 0, 8, 97871, 0, 85.53
2026/10/09 01:05:40.788, 1, 10, 97871, 0, 98.32
2026/10/09 01:05:40.788, 2, 9, 97871, 0, 43.79
2026/10/09 01:05:40.788, 3, 6, 97871, 0, 85.01
2026/10/09 01:05:41.788, 0, 8, 97871, 0, 85.44
2026/10/09 01:05:41.789, 1, 10, 97871, 0, 98.19
2026/10/09 01:05:41.789, 2, 9, 97871, 0, 43.74
2026/10/09 01:05:41.789, 3, 6, 97871, 0, 84.83
2026/10/09 01:05:42.789, 0, 8, 97871, 0, 85.30
2026/10/09 01:05:42.789, 1, 10, 97871, 0, 98.25
2026/10/09 01:05:42.789, 2, 9, 97871, 0, 43.77
2026/10/09 01:05:42.789, 3, 6, 97871, 0, 84.86
2026/10/09 01:05:43.789, 0, 8, 97871, 0, 85.68
2026/10/09 01:05:43.789, 1, 10, 97871, 0, 98.24
2026/10/09 01:05:43.789, 2, 9, 97871, 0, 43.82
2026/10/09 01:05:43.789, 3, 6, 97871, 0, 85.02
2026/10/09 01:05:44.789, 0, 8, 97871, 0, 85.78
2026/10/09 01:05:44.789, 1, 10, 97871, 0, 98.29
2026/10/09 01:05:44.790, 2, 9, 97871, 0, 43.75
2026/10/09 01:05:44.790, 3, 6, 97871, 0, 85.17
2026/10/09 01:05:45.790, 0, 8, 97871, 0, 84.97
2026/10/09 01:05:45.790, 1, 10, 97871, 0, 98.24
2026/10/09 01:05:45.790, 2, 9, 97871, 0, 43.79
2026/10/09 01:05:45.790, 3, 6, 97871, 0, 85.07
2026/10/09 01:05:46.790, 0, 8, 97871, 0, 84.80
2026/10/09 01:05:46.790, 1, 10, 97871, 0, 98.16
2026/10/09 01:05:46.790, 2, 9, 97871, 0, 43.76
2026/10/09 01:05:46.790, 3, 6, 97871, 0, 84.93
2026/10/09 01:05:47.790, 0, 8, 97871, 0, 85.89
2026/10/09 01:05:47.790, 1, 10, 97871, 0, 98.35
2026/10/09 01:05:47.790, 2, 9, 97871, 0, 43.81
2026/10/09 01:05:47.790, 3, 6, 97871, 0, 84.72
2026/10/09 01:05:48.790, 0, 8, 97871, 0, 85.98
2026/10/09 01:05:48.897, 1, 10, 97871, 0, 98.54
2026/10/09 01:05:48.945, 2, 9, 97871, 0, 43.68
2026/10/09 01:05:48.990, 3, 6, 97871, 0, 84.72
2026/10/09 01:05:50.037, 0, 8, 97871, 0, 84.84
2026/10/09 01:05:50.063, 1, 10, 97871, 0, 97.74
2026/10/09 01:05:50.111, 2, 9, 97871, 0, 43.60
2026/10/09 01:05:50.156, 3, 6, 97871, 0, 84.81
2026/10/09 01:05:51.203, 0, 8, 97871, 0, 84.63
2026/10/09 01:05:51.204, 1, 10, 97871, 0, 97.72
2026/10/09 01:05:51.206, 2, 9, 97871, 0, 43.78
2026/10/09 01:05:51.206, 3, 6, 97871, 0, 84.81
2026/10/09 01:05:52.206, 0, 8, 97871, 0, 85.75
2026/10/09 01:05:52.247, 1, 10, 97871, 0, 98.14
2026/10/09 01:05:52.292, 2, 9, 97871, 0, 43.67
2026/10/09 01:05:52.338, 3, 6, 97871, 0, 84.84
2026/10/09 01:05:53.382, 0, 8, 97871, 0, 85.46
2026/10/09 01:05:53.382, 1, 10, 97871, 0, 98.06
2026/10/09 01:05:53.382, 2, 9, 97871, 0, 43.65
2026/10/09 01:05:53.382, 3, 6, 97871, 0, 84.89
2026/10/09 01:05:54.382, 0, 8, 97871, 0, 85.79
2026/10/09 01:05:54.382, 1, 10, 97871, 0, 98.14
2026/10/09 01:05:54.382, 2, 9, 97871, 0, 43.56
2026/10/09 01:05:54.382, 3, 6, 97871, 0, 84.83
2026/10/09 01:05:55.382, 0, 8, 97871, 0, 85.67
2026/10/09 01:05:55.383, 1, 10, 97871, 0, 98.33
2026/10/09 01:05:55.383, 2, 9, 97871, 0, 43.39
2026/10/09 01:05:55.383, 3, 6, 97871, 0, 84.86
2026/10/09 01:05:56.383, 0, 8, 97871, 0, 85.90
2026/10/09 01:05:56.383, 1, 10, 97871, 0, 98.71
2026/10/09 01:05:56.383, 2, 9, 97871, 0, 43.41
2026/10/09 01:05:56.383, 3, 6, 97871, 0, 85.00
2026/10/09 01:05:57.383, 0, 8, 97871, 0, 85.71
2026/10/09 01:05:57.384, 1, 10, 97871, 0, 98.48
2026/10/09 01:05:57.384, 2, 9, 97871, 0, 43.51
2026/10/09 01:05:57.384, 3, 6, 97871, 0, 84.99
2026/10/09 01:05:58.384, 0, 8, 97871, 0, 85.48
2026/10/09 01:05:58.384, 1, 10, 97871, 0, 98.69
2026/10/09 01:05:58.384, 2, 9, 97871, 0, 43.65
2026/10/09 01:05:58.384, 3, 6, 97871, 0, 84.87
2026/10/09 01:05:59.384, 0, 8, 97871, 0, 85.93
2026/10/09 01:05:59.385, 1, 10, 97871, 0, 98.91
2026/10/09 01:05:59.385, 2, 9, 97871, 0, 43.45
2026/10/09 01:05:59.385, 3, 6, 97871, 0, 85.19
2026/10/09 01:06:00.385, 0, 8, 97871, 0, 85.56
2026/10/09 01:06:00.385, 1, 10, 97871, 0, 98.71
2026/10/09 01:06:00.385, 2, 9, 97871, 0, 43.61
2026/10/09 01:06:00.385, 3, 6, 97871, 0, 84.86
2026/10/09 01:06:01.385, 0, 8, 97871, 0, 85.72
2026/10/09 01:06:01.385, 1, 10, 97871, 0, 98.69
2026/10/09 01:06:01.385, 2, 9, 97871, 0, 43.62
2026/10/09 01:06:01.385, 3, 6, 97871, 0, 84.89
2026/10/09 01:06:02.385, 0, 8, 97871, 0, 85.99
2026/10/09 01:06:02.386, 1, 10, 97871, 0, 98.54
2026/10/09 01:06:02.386, 2, 9, 97871, 0, 43.50
2026/10/09 01:06:02.386, 3, 6, 97871, 0, 84.63
2026/10/09 01:06:03.386, 0, 8, 97871, 0, 85.43
2026/10/09 01:06:03.426, 1, 10, 97871, 0, 97.92
2026/10/09 01:06:03.473, 2, 9, 97871, 0, 43.61
2026/10/09 01:06:03.521, 3, 6, 97871, 0, 84.83
2026/10/09 01:06:04.566, 0, 8, 97871, 0, 85.65
2026/10/09 01:06:04.566, 1, 10, 97871, 0, 98.03
2026/10/09 01:06:04.566, 2, 9, 97871, 0, 43.67
2026/10/09 01:06:04.566, 3, 6, 97871, 0, 85.00
2026/10/09 01:06:05.566, 0, 8, 97871, 0, 85.75
2026/10/09 01:06:05.566, 1, 10, 97871, 0, 97.98
2026/10/09 01:06:05.566, 2, 9, 97871, 0, 43.63
2026/10/09 01:06:05.566, 3, 6, 97871, 0, 84.90
2026/10/09 01:06:06.566, 0, 8, 97871, 0, 85.71
2026/10/09 01:06:06.567, 1, 10, 97871, 0, 98.24
2026/10/09 01:06:06.567, 2, 9, 97871, 0, 43.64
2026/10/09 01:06:06.567, 3, 6, 97871, 0, 84.74
2026/10/09 01:06:07.567, 0, 8, 97871, 0, 85.74
2026/10/09 01:06:07.567, 1, 10, 97871, 0, 98.18
2026/10/09 01:06:07.567, 2, 9, 97871, 0, 43.55
2026/10/09 01:06:07.567, 3, 6, 97871, 0, 84.82
2026/10/09 01:06:08.567, 0, 8, 97871, 0, 85.90
2026/10/09 01:06:08.567, 1, 10, 97871, 0, 98.39
2026/10/09 01:06:08.567, 2, 9, 97871, 0, 43.50
2026/10/09 01:06:08.567, 3, 6, 97871, 0, 85.09
2026/10/09 01:06:09.567, 0, 8, 97871, 0, 86.08
2026/10/09 01:06:09.567, 1, 10, 97871, 0, 98.24
2026/10/09 01:06:09.567, 2, 9, 97871, 0, 43.48
2026/10/09 01:06:09.567, 3, 6, 97871, 0, 84.92
2026/10/09 01:06:10.567, 0, 8, 97871, 0, 85.84
2026/10/09 01:06:10.567, 1, 10, 97871, 0, 98.21
2026/10/09 01:06:10.568, 2, 9, 97871, 0, 43.64
2026/10/09 01:06:10.568, 3, 6, 97871, 0, 84.89
2026/10/09 01:06:11.569, 0, 8, 97871, 0, 86.33
2026/10/09 01:06:11.569, 1, 10, 97871, 0, 98.58
2026/10/09 01:06:11.569, 2, 9, 97871, 0, 43.48
2026/10/09 01:06:11.569, 3, 6, 97871, 0, 85.11
2026/10/09 01:06:12.569, 0, 8, 97871, 0, 86.06
2026/10/09 01:06:12.569, 1, 10, 97871, 0, 98.22
2026/10/09 01:06:12.569, 2, 9, 97871, 0, 43.62
2026/10/09 01:06:12.569, 3, 6, 97871, 0, 84.83
2026/10/09 01:06:13.569, 0, 8, 97871, 0, 85.92
2026/10/09 01:06:13.569, 1, 10, 97871, 0, 97.79
2026/10/09 01:06:13.569, 2, 9, 97871, 0, 43.15
2026/10/09 01:06:13.569, 3, 6, 97871, 0, 84.82
2026/10/09 01:06:14.569, 0, 8, 97871, 0, 85.89
2026/10/09 01:06:14.570, 1, 10, 97871, 0, 98.24
2026/10/09 01:06:14.570, 2, 9, 97871, 0, 43.60
2026/10/09 01:06:14.570, 3, 6, 97871, 0, 84.75
2026/10/09 01:06:15.570, 0, 8, 97871, 0, 85.87
2026/10/09 01:06:15.570, 1, 10, 97871, 0, 98.03
2026/10/09 01:06:15.570, 2, 9, 97871, 0, 43.60
2026/10/09 01:06:15.570, 3, 6, 97871, 0, 84.74
2026/10/09 01:06:16.570, 0, 8, 97871, 0, 85.84
2026/10/09 01:06:16.570, 1, 10, 97871, 0, 97.94
2026/10/09 01:06:16.570, 2, 9, 97871, 0, 43.48
2026/10/09 01:06:16.570, 3, 6, 97871, 0, 84.92
2026/10/09 01:06:17.570, 0, 8, 97871, 0, 86.10
2026/10/09 01:06:17.570, 1, 10, 97871, 0, 98.16
2026/10/09 01:06:17.570, 2, 9, 97871, 0, 43.18
2026/10/09 01:06:17.570, 3, 6, 97871, 0, 85.06
2026/10/09 01:06:18.570, 0, 8, 97871, 0, 86.14
2026/10/09 01:06:18.570, 1, 10, 97871, 0, 98.08
2026/10/09 01:06:18.571, 2, 9, 97871, 0, 43.20
2026/10/09 01:06:18.571, 3, 6, 97871, 0, 84.76
2026/10/09 01:06:19.571, 0, 8, 97871, 0, 86.03
2026/10/09 01:06:19.571, 1, 10, 97871, 0, 98.29
2026/10/09 01:06:19.571, 2, 9, 97871, 0, 43.22
2026/10/09 01:06:19.571, 3, 6, 97871, 0, 84.99
2026/10/09 01:06:20.571, 0, 8, 97871, 0, 86.04
2026/10/09 01:06:20.571, 1, 10, 97871, 0, 98.06
2026/10/09 01:06:20.571, 2, 9, 97871, 0, 43.51
2026/10/09 01:06:20.572, 3, 6, 97871, 0, 84.74
2026/10/09 01:06:21.572, 0, 8, 97871, 0, 86.10
2026/10/09 01:06:21.572, 1, 10, 97871, 0, 98.25
2026/10/09 01:06:21.572, 2, 9, 97871, 0, 43.55
2026/10/09 01:06:21.572, 3, 6, 97871, 0, 84.98
2026/10/09 01:06:22.572, 0, 8, 97871, 0, 85.92
2026/10/09 01:06:22.572, 1, 10, 97871, 0, 98.08
2026/10/09 01:06:22.572, 2, 9, 97871, 0, 43.43
2026/10/09 01:06:22.572, 3, 6, 97871, 0, 84.79
2026/10/09 01:06:23.572, 0, 8, 97871, 0, 85.90
2026/10/09 01:06:23.572, 1, 10, 97871, 0, 97.93
2026/10/09 01:06:23.572, 2, 9, 97871, 0, 43.18
2026/10/09 01:06:23.572, 3, 6, 97871, 0, 84.78
2026/10/09 01:06:24.573, 0, 8, 97871, 0, 86.12
2026/10/09 01:06:24.573, 1, 10, 97871, 0, 98.17
2026/10/09 01:06:24.573, 2, 9, 97871, 0, 43.12
2026/10/09 01:06:24.573, 3, 6, 97871, 0, 84.98
2026/10/09 01:06:25.573, 0, 8, 97871, 0, 85.91
2026/10/09 01:06:25.573, 1, 10, 97871, 0, 98.14
2026/10/09 01:06:25.573, 2, 9, 97871, 0, 43.16
2026/10/09 01:06:25.573, 3, 6, 97871, 0, 84.99
2026/10/09 01:06:26.573, 0, 8, 97871, 0, 85.89
2026/10/09 01:06:26.573, 1, 10, 97871, 0, 98.25
2026/10/09 01:06:26.573, 2, 9, 97871, 0, 43.04
2026/10/09 01:06:26.573, 3, 6, 97871, 0, 84.96
2026/10/09 01:06:27.573, 0, 8, 97871, 0, 85.95
2026/10/09 01:06:27.574, 1, 10, 97871, 0, 98.46
2026/10/09 01:06:27.574, 2, 9, 97871, 0, 43.25
2026/10/09 01:06:27.574, 3, 6, 97871, 0, 85.03
2026/10/09 01:06:28.574, 0, 8, 97871, 0, 85.93
2026/10/09 01:06:28.574, 1, 10, 97871, 0, 98.31
2026/10/09 01:06:28.574, 2, 9, 97871, 0, 43.32
2026/10/09 01:06:28.574, 3, 6, 97871, 0, 85.01
2026/10/09 01:06:29.574, 0, 8, 97871, 0, 85.97
2026/10/09 01:06:29.574, 1, 10, 97871, 0, 98.21
2026/10/09 01:06:29.574, 2, 9, 97871, 0, 43.11
2026/10/09 01:06:29.574, 3, 6, 97871, 0, 85.06
2026/10/09 01:06:30.574, 0, 8, 97871, 0, 85.95
2026/10/09 01:06:30.574, 1, 10, 97871, 0, 98.54
2026/10/09 01:06:30.575, 2, 9, 97871, 0, 43.04
2026/10/09 01:06:30.580, 3, 6, 97871, 0, 85.08
2026/10/09 01:06:31.580, 0, 8, 97871, 0, 85.73
2026/10/09 01:06:31.580, 1, 10, 97871, 0, 98.86
2026/10/09 01:06:31.580, 2, 9, 97871, 0, 43.19
2026/10/09 01:06:31.580, 3, 6, 97871, 0, 85.06
2026/10/09 01:06:32.580, 0, 8, 97871, 0, 85.78
2026/10/09 01:06:32.581, 1, 10, 97871, 0, 98.93
2026/10/09 01:06:32.581, 2, 9, 97871, 0, 43.12
2026/10/09 01:06:32.581, 3, 6, 97871, 0, 85.21
2026/10/09 01:06:33.581, 0, 8, 97871, 0, 85.73
2026/10/09 01:06:33.581, 1, 10, 97871, 0, 98.94
2026/10/09 01:06:33.581, 2, 9, 97871, 0, 43.18
2026/10/09 01:06:33.581, 3, 6, 97871, 0, 85.28
2026/10/09 01:06:34.581, 0, 8, 97871, 0, 85.68
2026/10/09 01:06:34.581, 1, 10, 97871, 0, 98.81
2026/10/09 01:06:34.581, 2, 9, 97871, 0, 43.13
2026/10/09 01:06:34.581, 3, 6, 97871, 0, 85.19
2026/10/09 01:06:35.581, 0, 8, 97871, 0, 85.78
2026/10/09 01:06:35.582, 1, 10, 97871, 0, 98.80
2026/10/09 01:06:35.582, 2, 9, 97871, 0, 42.98
2026/10/09 01:06:35.582, 3, 6, 97871, 0, 85.22
2026/10/09 01:06:36.582, 0, 8, 97871, 0, 85.77
2026/10/09 01:06:36.582, 1, 10, 97871, 0, 98.87
2026/10/09 01:06:36.582, 2, 9, 97871, 0, 43.17
2026/10/09 01:06:36.582, 3, 6, 97871, 0, 85.11
2026/10/09 01:06:37.582, 0, 8, 97871, 0, 85.90
2026/10/09 01:06:37.582, 1, 10, 97871, 0, 98.90
2026/10/09 01:06:37.582, 2, 9, 97871, 0, 43.18
2026/10/09 01:06:37.582, 3, 6, 97871, 0, 85.02
2026/10/09 01:06:38.582, 0, 8, 97871, 0, 85.74
2026/10/09 01:06:38.582, 1, 10, 97871, 0, 98.98
2026/10/09 01:06:38.582, 2, 9, 97871, 0, 43.06
2026/10/09 01:06:38.582, 3, 6, 97871, 0, 85.15
2026/10/09 01:06:39.582, 0, 8, 97871, 0, 85.84
2026/10/09 01:06:39.583, 1, 10, 97871, 0, 98.94
2026/10/09 01:06:39.583, 2, 8, 97871, 0, 43.16
2026/10/09 01:06:39.583, 3, 6, 97871, 0, 85.23
2026/10/09 01:06:40.583, 0, 8, 97871, 0, 85.81
2026/10/09 01:06:40.583, 1, 10, 97871, 0, 98.87
2026/10/09 01:06:40.583, 2, 8, 97871, 0, 43.09
2026/10/09 01:06:40.588, 3, 6, 97871, 0, 85.23
2026/10/09 01:06:41.589, 0, 8, 97871, 0, 85.97
2026/10/09 01:06:41.589, 1, 10, 97871, 0, 98.68
2026/10/09 01:06:41.589, 2, 8, 97871, 0, 42.95
2026/10/09 01:06:41.589, 3, 6, 97871, 0, 85.25
2026/10/09 01:06:42.589, 0, 8, 97871, 0, 85.88
2026/10/09 01:06:42.589, 1, 10, 97871, 0, 98.70
2026/10/09 01:06:42.589, 2, 8, 97871, 0, 42.90
2026/10/09 01:06:42.589, 3, 6, 97871, 0, 85.35
2026/10/09 01:06:43.589, 0, 8, 97871, 0, 86.02
2026/10/09 01:06:43.589, 1, 10, 97871, 0, 98.72
2026/10/09 01:06:43.589, 2, 8, 97871, 0, 43.20
2026/10/09 01:06:43.590, 3, 6, 97871, 0, 85.47
2026/10/09 01:06:44.590, 0, 8, 97871, 0, 86.02
2026/10/09 01:06:44.590, 1, 10, 97871, 0, 98.63
2026/10/09 01:06:44.590, 2, 8, 97871, 0, 42.93
2026/10/09 01:06:44.590, 3, 6, 97871, 0, 85.30
2026/10/09 01:06:45.590, 0, 8, 97871, 0, 85.91
2026/10/09 01:06:45.592, 1, 10, 97871, 0, 98.57
2026/10/09 01:06:45.592, 2, 8, 97871, 0, 42.99
2026/10/09 01:06:45.592, 3, 6, 97871, 0, 85.20
2026/10/09 01:06:46.592, 0, 8, 97871, 0, 86.04
2026/10/09 01:06:46.592, 1, 10, 97871, 0, 98.78
2026/10/09 01:06:46.592, 2, 8, 97871, 0, 42.86
2026/10/09 01:06:46.592, 3, 6, 97871, 0, 85.19
2026/10/09 01:06:47.593, 0, 8, 97871, 0, 86.04
2026/10/09 01:06:47.593, 1, 10, 97871, 0, 98.59
2026/10/09 01:06:47.593, 2, 8, 97871, 0, 43.01
2026/10/09 01:06:47.593, 3, 6, 97871, 0, 85.12
2026/10/09 01:06:48.593, 0, 8, 97871, 0, 86.07
2026/10/09 01:06:48.593, 1, 10, 97871, 0, 98.72
2026/10/09 01:06:48.593, 2, 8, 97871, 0, 43.01
2026/10/09 01:06:48.593, 3, 6, 97871, 0, 85.24
2026/10/09 01:06:49.593, 0, 8, 97871, 0, 86.52
2026/10/09 01:06:49.755, 1, 10, 97871, 0, 99.28
2026/10/09 01:06:49.755, 2, 9, 97871, 0, 43.03
2026/10/09 01:06:49.757, 3, 6, 97871, 0, 85.17
2026/10/09 01:06:50.759, 0, 11, 97871, 0, 85.88
2026/10/09 01:06:50.760, 1, 10, 97871, 0, 99.02
2026/10/09 01:06:50.760, 2, 9, 97871, 0, 42.92
2026/10/09 01:06:50.760, 3, 6, 97871, 0, 85.02
2026/10/09 01:06:51.760, 0, 2897, 97871, 0, 114.18
2026/10/09 01:06:51.760, 1, 10, 97871, 0, 99.00
2026/10/09 01:06:51.760, 2, 9, 97871, 0, 42.93
2026/10/09 01:06:51.760, 3, 6, 97871, 0, 85.20
2026/10/09 01:06:52.760, 0, 3217, 97871, 0, 129.50
2026/10/09 01:06:52.760, 1, 10, 97871, 0, 99.12
2026/10/09 01:06:52.760, 2, 9, 97871, 0, 42.91
2026/10/09 01:06:52.760, 3, 6, 97871, 0, 85.06
2026/10/09 01:06:53.761, 0, 3217, 97871, 0, 129.35
2026/10/09 01:06:53.761, 1, 10, 97871, 0, 98.86
2026/10/09 01:06:53.761, 2, 9, 97871, 0, 42.88
2026/10/09 01:06:53.761, 3, 6, 97871, 0, 85.07
2026/10/09 01:06:54.761, 0, 16353, 97871, 0, 129.90
2026/10/09 01:06:54.761, 1, 10, 97871, 0, 99.00
2026/10/09 01:06:54.761, 2, 9, 97871, 0, 42.80
2026/10/09 01:06:54.761, 3, 6, 97871, 0, 85.22
2026/10/09 01:06:55.761, 0, 20229, 97871, 0, 130.05
2026/10/09 01:06:55.762, 1, 10, 97871, 0, 99.03
2026/10/09 01:06:55.762, 2, 9, 97871, 0, 42.94
2026/10/09 01:06:55.762, 3, 6, 97871, 0, 85.36
2026/10/09 01:06:56.762, 0, 20629, 97871, 0, 129.57
2026/10/09 01:06:56.762, 1, 10, 97871, 0, 98.91
2026/10/09 01:06:56.762, 2, 9, 97871, 0, 43.07
2026/10/09 01:06:56.762, 3, 6, 97871, 0, 85.32
2026/10/09 01:06:57.762, 0, 20629, 97871, 0, 129.68
2026/10/09 01:06:57.766, 1, 10, 97871, 0, 99.14
2026/10/09 01:06:57.783, 2, 9, 97871, 0, 42.98
2026/10/09 01:06:57.783, 3, 6, 97871, 0, 85.58
2026/10/09 01:06:58.783, 0, 20629, 97871, 3, 130.89
2026/10/09 01:06:58.784, 1, 10, 97871, 0, 99.22
2026/10/09 01:06:58.784, 2, 9, 97871, 0, 42.88
2026/10/09 01:06:58.784, 3, 6, 97871, 0, 85.63
2026/10/09 01:06:59.784, 0, 20629, 97871, 0, 131.35
2026/10/09 01:06:59.784, 1, 10, 97871, 0, 99.07
2026/10/09 01:06:59.784, 2, 9, 97871, 0, 42.86
2026/10/09 01:06:59.784, 3, 6, 97871, 0, 85.42
2026/10/09 01:07:00.784, 0, 20629, 97871, 8, 131.43
2026/10/09 01:07:00.784, 1, 10, 97871, 0, 99.59
2026/10/09 01:07:00.784, 2, 9, 97871, 0, 42.70
2026/10/09 01:07:00.784, 3, 6, 97871, 0, 85.39
2026/10/09 01:07:01.785, 0, 20629, 97871, 0, 131.85
2026/10/09 01:07:01.822, 1, 10, 97871, 0, 98.79
2026/10/09 01:07:01.842, 2, 9, 97871, 0, 42.95
2026/10/09 01:07:01.864, 3, 6, 97871, 0, 85.40
2026/10/09 01:07:02.887, 0, 20629, 97871, 0, 129.71
2026/10/09 01:07:02.887, 1, 10, 97871, 0, 98.77
2026/10/09 01:07:02.887, 2, 9, 97871, 0, 42.94
2026/10/09 01:07:02.887, 3, 6, 97871, 0, 85.36
2026/10/09 01:07:03.887, 0, 18939, 97871, 0, 129.85
2026/10/09 01:07:03.887, 1, 10, 97871, 0, 98.56
2026/10/09 01:07:03.887, 2, 9, 97871, 0, 42.82
2026/10/09 01:07:03.887, 3, 6, 97871, 0, 85.39
2026/10/09 01:07:04.887, 0, 18939, 97871, 0, 129.85
2026/10/09 01:07:04.887, 1, 10, 97871, 0, 98.72
2026/10/09 01:07:04.887, 2, 9, 97871, 0, 42.86
2026/10/09 01:07:04.887, 3, 6, 97871, 0, 85.22
2026/10/09 01:07:05.887, 0, 18939, 97871, 0, 130.13
2026/10/09 01:07:05.888, 1, 10, 97871, 0, 99.32
2026/10/09 01:07:05.888, 2, 9, 97871, 0, 42.93
2026/10/09 01:07:05.888, 3, 6, 97871, 0, 85.08
2026/10/09 01:07:06.888, 0, 18939, 97871, 0, 129.76
2026/10/09 01:07:06.888, 1, 10, 97871, 0, 99.00
2026/10/09 01:07:06.888, 2, 9, 97871, 0, 42.83
2026/10/09 01:07:06.888, 3, 6, 97871, 0, 85.28
2026/10/09 01:07:07.888, 0, 18939, 97871, 0, 129.65
2026/10/09 01:07:07.888, 1, 10, 97871, 0, 98.82
2026/10/09 01:07:07.888, 2, 9, 97871, 0, 42.82
2026/10/09 01:07:07.889, 3, 6, 97871, 0, 85.31
2026/10/09 01:07:08.889, 0, 18939, 97871, 0, 129.53
2026/10/09 01:07:08.889, 1, 10, 97871, 0, 98.88
2026/10/09 01:07:08.889, 2, 9, 97871, 0, 43.08
2026/10/09 01:07:08.889, 3, 6, 97871, 0, 85.22
2026/10/09 01:07:09.889, 0, 18939, 97871, 0, 129.84
2026/10/09 01:07:09.889, 1, 10, 97871, 0, 99.24
2026/10/09 01:07:09.889, 2, 9, 97871, 0, 43.00
2026/10/09 01:07:09.890, 3, 6, 97871, 0, 85.21
2026/10/09 01:07:10.891, 0, 18939, 97871, 0, 129.71
2026/10/09 01:07:10.892, 1, 10, 97871, 0, 98.86
2026/10/09 01:07:10.892, 2, 990, 97871, 3, 51.59
2026/10/09 01:07:10.892, 3, 6, 97871, 0, 85.38
2026/10/09 01:07:11.892, 0, 18939, 97871, 0, 129.65
2026/10/09 01:07:11.892, 1, 10, 97871, 0, 98.64
2026/10/09 01:07:11.892, 2, 20348, 97871, 0, 87.37
2026/10/09 01:07:11.892, 3, 6, 97871, 0, 85.45
2026/10/09 01:07:12.892, 0, 19191, 97871, 0, 131.36
2026/10/09 01:07:12.892, 1, 10, 97871, 0, 98.72
2026/10/09 01:07:12.892, 2, 20758, 97871, 13, 87.25
2026/10/09 01:07:12.892, 3, 6, 97871, 0, 85.35
2026/10/09 01:07:13.892, 0, 19191, 97871, 0, 176.02
2026/10/09 01:07:13.893, 1, 10, 97871, 0, 98.76
2026/10/09 01:07:13.893, 2, 20758, 97871, 6, 86.42
2026/10/09 01:07:13.893, 3, 6, 97871, 0, 85.41
2026/10/09 01:07:14.893, 0, 19191, 97871, 0, 172.89
2026/10/09 01:07:14.930, 1, 10, 97871, 0, 98.32
2026/10/09 01:07:14.980, 2, 25058, 97871, 0, 85.50
2026/10/09 01:07:15.009, 3, 6, 97871, 0, 85.25
2026/10/09 01:07:16.010, 0, 19603, 97871, 0, 149.26
2026/10/09 01:07:16.011, 1, 992, 97871, 2, 105.29
2026/10/09 01:07:16.011, 2, 25058, 97871, 0, 84.92
2026/10/09 01:07:16.011, 3, 6, 97871, 0, 85.18
2026/10/09 01:07:17.011, 0, 19603, 97871, 0, 172.84
2026/10/09 01:07:17.011, 1, 12324, 97871, 0, 146.71
2026/10/09 01:07:17.011, 2, 25058, 97871, 0, 85.06
2026/10/09 01:07:17.011, 3, 6, 97871, 0, 85.33
2026/10/09 01:07:18.011, 0, 19603, 97871, 0, 130.74
2026/10/09 01:07:18.011, 1, 20760, 97871, 14, 148.33
2026/10/09 01:07:18.011, 2, 25138, 97871, 0, 84.98
2026/10/09 01:07:18.012, 3, 6, 97871, 0, 85.18
2026/10/09 01:07:19.012, 0, 19603, 97871, 0, 198.70
2026/10/09 01:07:19.012, 1, 20760, 97871, 9, 147.29
2026/10/09 01:07:19.012, 2, 22440, 97871, 0, 84.95
2026/10/09 01:07:19.012, 3, 6, 97871, 0, 85.23
2026/10/09 01:07:20.012, 0, 19603, 97871, 0, 130.81
2026/10/09 01:07:20.012, 1, 25060, 97871, 9, 146.99
2026/10/09 01:07:20.012, 2, 22440, 97871, 0, 84.82
2026/10/09 01:07:20.012, 3, 6, 97871, 0, 85.22
2026/10/09 01:07:21.012, 0, 19603, 97871, 0, 129.95
2026/10/09 01:07:21.013, 1, 22474, 97871, 0, 145.65
2026/10/09 01:07:21.013, 2, 22440, 97871, 0, 84.91
2026/10/09 01:07:21.013, 3, 6, 97871, 0, 85.10
2026/10/09 01:07:22.013, 0, 19603, 97871, 0, 130.20
2026/10/09 01:07:22.013, 1, 22474, 97871, 0, 145.50
2026/10/09 01:07:22.013, 2, 22440, 97871, 0, 84.84
2026/10/09 01:07:22.013, 3, 6, 97871, 0, 85.05
2026/10/09 01:07:23.013, 0, 20275, 97871, 0, 247.05
2026/10/09 01:07:23.013, 1, 22474, 97871, 0, 145.06
2026/10/09 01:07:23.013, 2, 22440, 97871, 0, 84.86
2026/10/09 01:07:23.013, 3, 6, 97871, 0, 85.24
2026/10/09 01:07:24.013, 0, 20275, 97871, 0, 129.99
2026/10/09 01:07:24.014, 1, 22474, 97871, 0, 145.11
2026/10/09 01:07:24.014, 2, 22440, 97871, 0, 85.05
2026/10/09 01:07:24.014, 3, 6, 97871, 0, 85.41
2026/10/09 01:07:25.014, 0, 20275, 97871, 0, 129.83
2026/10/09 01:07:25.014, 1, 22474, 97871, 0, 145.19
2026/10/09 01:07:25.014, 2, 22440, 97871, 0, 85.01
2026/10/09 01:07:25.014, 3, 6, 97871, 0, 85.21
2026/10/09 01:07:26.014, 0, 20275, 97871, 0, 186.17
2026/10/09 01:07:26.042, 1, 22474, 97871, 0, 145.21
2026/10/09 01:07:26.042, 2, 22440, 97871, 0, 84.95
2026/10/09 01:07:26.042, 3, 6, 97871, 0, 85.12
2026/10/09 01:07:27.042, 0, 20275, 97871, 0, 129.63
2026/10/09 01:07:27.043, 1, 22474, 97871, 0, 145.24
2026/10/09 01:07:27.043, 2, 22440, 97871, 0, 84.94
2026/10/09 01:07:27.043, 3, 41, 97871, 0, 85.22
2026/10/09 01:07:28.045, 0, 20275, 97871, 0, 129.68
2026/10/09 01:07:28.045, 1, 22474, 97871, 0, 145.41
2026/10/09 01:07:28.045, 2, 22692, 97871, 92, 118.76
2026/10/09 01:07:28.045, 3, 16480, 97871, 3, 131.72
2026/10/09 01:07:29.045, 0, 20275, 97871, 0, 130.47
2026/10/09 01:07:29.045, 1, 22474, 97871, 0, 145.61
2026/10/09 01:07:29.045, 2, 22692, 97871, 0, 100.02
2026/10/09 01:07:29.045, 3, 20756, 97871, 10, 135.23
2026/10/09 01:07:30.045, 0, 20275, 97871, 0, 130.29
2026/10/09 01:07:30.046, 1, 22726, 97871, 0, 145.65
2026/10/09 01:07:30.046, 2, 23104, 97871, 1, 134.56
2026/10/09 01:07:30.046, 3, 20756, 97871, 10, 135.31
2026/10/09 01:07:31.046, 0, 20275, 97871, 0, 130.42
2026/10/09 01:07:31.046, 1, 22726, 97871, 0, 193.65
2026/10/09 01:07:31.046, 2, 23104, 97871, 79, 136.16
2026/10/09 01:07:31.046, 3, 25056, 97871, 7, 134.66
2026/10/09 01:07:32.046, 0, 20339, 97871, 26, 150.64
2026/10/09 01:07:32.046, 1, 22882, 97871, 0, 191.46
2026/10/09 01:07:32.046, 2, 23104, 97871, 0, 86.32
2026/10/09 01:07:32.046, 3, 22422, 97871, 0, 133.62
2026/10/09 01:07:33.046, 0, 21011, 97871, 96, 454.43
2026/10/09 01:07:33.047, 1, 23138, 97871, 0, 178.04
2026/10/09 01:07:33.047, 2, 23104, 97871, 0, 151.89
2026/10/09 01:07:33.047, 3, 22422, 97871, 0, 133.36
2026/10/09 01:07:34.047, 0, 21011, 97871, 0, 129.99
2026/10/09 01:07:34.047, 1, 23138, 97871, 0, 177.46
2026/10/09 01:07:34.047, 2, 23104, 97871, 0, 85.98
2026/10/09 01:07:34.047, 3, 22422, 97871, 0, 133.23
2026/10/09 01:07:35.047, 0, 21011, 97871, 0, 129.92
2026/10/09 01:07:35.047, 1, 23138, 97871, 0, 215.07
2026/10/09 01:07:35.047, 2, 23104, 97871, 0, 85.67
2026/10/09 01:07:35.047, 3, 22422, 97871, 0, 133.26
2026/10/09 01:07:36.048, 0, 79739, 97871, 14, 138.25
2026/10/09 01:07:36.048, 1, 23138, 97871, 0, 146.17
2026/10/09 01:07:36.048, 2, 23104, 97871, 0, 85.54
2026/10/09 01:07:36.048, 3, 22422, 97871, 0, 133.44
2026/10/09 01:07:37.048, 0, 77973, 97871, 22, 339.74
2026/10/09 01:07:37.048, 1, 23138, 97871, 0, 145.41
2026/10/09 01:07:37.048, 2, 23776, 97871, 0, 190.08
2026/10/09 01:07:37.048, 3, 22422, 97871, 0, 132.86
2026/10/09 01:07:38.048, 0, 78045, 97871, 13, 202.20
2026/10/09 01:07:38.048, 1, 23138, 97871, 0, 145.40
2026/10/09 01:07:38.048, 2, 23776, 97871, 0, 85.91
2026/10/09 01:07:38.048, 3, 22422, 97871, 0, 132.57
2026/10/09 01:07:39.049, 0, 78119, 97871, 10, 170.75
2026/10/09 01:07:39.049, 1, 23810, 97871, 93, 223.76
2026/10/09 01:07:39.049, 2, 23776, 97871, 91, 186.80
2026/10/09 01:07:39.049, 3, 22422, 97871, 0, 132.63
2026/10/09 01:07:40.049, 0, 78339, 97871, 17, 189.55
2026/10/09 01:07:40.049, 1, 23810, 97871, 0, 179.84
2026/10/09 01:07:40.049, 2, 23776, 97871, 0, 86.93
2026/10/09 01:07:40.049, 3, 22614, 97871, 0, 132.66
2026/10/09 01:07:41.049, 0, 78367, 97871, 0, 168.70
2026/10/09 01:07:41.049, 1, 23810, 97871, 0, 152.21
2026/10/09 01:07:41.049, 2, 23776, 97871, 0, 85.70
2026/10/09 01:07:41.049, 3, 22674, 97871, 0, 167.82
2026/10/09 01:07:42.050, 0, 78367, 97871, 0, 130.13
2026/10/09 01:07:42.050, 1, 23810, 97871, 0, 246.06
2026/10/09 01:07:42.050, 2, 23776, 97871, 96, 105.70
2026/10/09 01:07:42.050, 3, 22770, 97871, 75, 185.74
2026/10/09 01:07:43.050, 0, 78367, 97871, 0, 129.86
2026/10/09 01:07:43.050, 1, 23810, 97871, 0, 145.64
2026/10/09 01:07:43.050, 2, 23776, 97871, 0, 112.94
2026/10/09 01:07:43.050, 3, 23086, 97871, 60, 167.38
2026/10/09 01:07:44.050, 0, 78885, 97871, 0, 137.07
2026/10/09 01:07:44.051, 1, 23810, 97871, 0, 145.79
2026/10/09 01:07:44.051, 2, 23776, 97871, 0, 85.68
2026/10/09 01:07:44.051, 3, 23086, 97871, 0, 164.21
2026/10/09 01:07:45.051, 0, 78885, 97871, 0, 130.28
2026/10/09 01:07:45.051, 1, 23810, 97871, 0, 194.08
2026/10/09 01:07:45.051, 2, 23776, 97871, 0, 85.68
2026/10/09 01:07:45.051, 3, 23086, 97871, 0, 131.53
2026/10/09 01:07:46.051, 0, 79411, 97871, 2, 130.41
2026/10/09 01:07:46.051, 1, 23810, 97871, 0, 145.42
2026/10/09 01:07:46.051, 2, 23840, 97871, 98, 162.06
2026/10/09 01:07:46.051, 3, 23086, 97871, 0, 201.07
2026/10/09 01:07:47.051, 0, 79413, 97871, 0, 131.09
2026/10/09 01:07:47.051, 1, 23810, 97871, 0, 145.10
2026/10/09 01:07:47.051, 2, 25184, 97871, 0, 380.95
2026/10/09 01:07:47.051, 3, 23086, 97871, 0, 131.61
2026/10/09 01:07:48.052, 0, 79413, 97871, 0, 136.09
2026/10/09 01:07:48.052, 1, 23810, 97871, 0, 145.11
2026/10/09 01:07:48.052, 2, 25184, 97871, 0, 85.94
2026/10/09 01:07:48.052, 3, 23086, 97871, 0, 131.49
2026/10/09 01:07:49.052, 0, 79413, 97871, 0, 131.07
2026/10/09 01:07:49.052, 1, 23874, 97871, 95, 243.25
2026/10/09 01:07:49.052, 2, 25184, 97871, 0, 85.81
2026/10/09 01:07:49.052, 3, 23758, 97871, 0, 145.87
2026/10/09 01:07:50.052, 0, 76143, 97871, 0, 131.27
2026/10/09 01:07:50.052, 1, 25218, 97871, 0, 426.17
2026/10/09 01:07:50.052, 2, 25184, 97871, 5, 93.19
2026/10/09 01:07:50.052, 3, 23758, 97871, 0, 236.82
2026/10/09 01:07:51.052, 0, 9, 97871, 0, 133.10
2026/10/09 01:07:51.053, 1, 25218, 97871, 0, 146.28
2026/10/09 01:07:51.053, 2, 25184, 97871, 22, 98.32
2026/10/09 01:07:51.053, 3, 23758, 97871, 0, 132.27
2026/10/09 01:07:52.053, 0, 9, 97871, 0, 135.64
2026/10/09 01:07:52.053, 1, 25218, 97871, 0, 145.51
2026/10/09 01:07:52.053, 2, 25184, 97871, 0, 94.41
2026/10/09 01:07:52.053, 3, 23758, 97871, 41, 236.49
2026/10/09 01:07:53.053, 0, 9, 97871, 0, 104.03
2026/10/09 01:07:53.053, 1, 25218, 97871, 0, 145.50
2026/10/09 01:07:53.053, 2, 25184, 97871, 0, 89.60
2026/10/09 01:07:53.053, 3, 23758, 97871, 0, 132.59
2026/10/09 01:07:54.054, 0, 9, 97871, 0, 85.96
2026/10/09 01:07:54.054, 1, 25218, 97871, 0, 161.25
2026/10/09 01:07:54.054, 2, 27268, 97871, 0, 95.43
2026/10/09 01:07:54.054, 3, 23758, 97871, 0, 132.29
2026/10/09 01:07:55.054, 0, 9, 97871, 0, 86.03
2026/10/09 01:07:55.054, 1, 25218, 97871, 0, 158.79
2026/10/09 01:07:55.054, 2, 27268, 97871, 0, 85.82
2026/10/09 01:07:55.054, 3, 23758, 97871, 37, 182.51
2026/10/09 01:07:56.054, 0, 9, 97871, 0, 85.96
2026/10/09 01:07:56.054, 1, 25218, 97871, 0, 155.38
2026/10/09 01:07:56.054, 2, 27268, 97871, 71, 104.29
2026/10/09 01:07:56.055, 3, 23758, 97871, 0, 131.57
2026/10/09 01:07:57.055, 0, 9, 97871, 0, 85.98
2026/10/09 01:07:57.055, 1, 27302, 97871, 39, 158.07
2026/10/09 01:07:57.055, 2, 27268, 97871, 0, 96.68
2026/10/09 01:07:57.055, 3, 23758, 97871, 0, 131.48
2026/10/09 01:07:58.055, 0, 9, 97871, 0, 85.66
2026/10/09 01:07:58.055, 1, 27302, 97871, 0, 145.50
2026/10/09 01:07:58.055, 2, 27268, 97871, 0, 118.90
2026/10/09 01:07:58.055, 3, 23758, 97871, 0, 131.34
2026/10/09 01:07:59.055, 0, 9, 97871, 0, 86.11
2026/10/09 01:07:59.055, 1, 27302, 97871, 0, 145.26
2026/10/09 01:07:59.055, 2, 27268, 97871, 0, 85.58
2026/10/09 01:07:59.055, 3, 25166, 97871, 90, 305.34
2026/10/09 01:08:00.056, 0, 9, 97871, 0, 85.71
2026/10/09 01:08:00.056, 1, 27302, 97871, 0, 175.60
2026/10/09 01:08:00.056, 2, 78732, 97871, 100, 187.85
2026/10/09 01:08:00.056, 3, 25166, 97871, 0, 337.24
2026/10/09 01:08:01.056, 0, 9, 97871, 0, 85.63
2026/10/09 01:08:01.056, 1, 27302, 97871, 59, 194.29
2026/10/09 01:08:01.056, 2, 78732, 97871, 0, 176.05
2026/10/09 01:08:01.056, 3, 25166, 97871, 0, 131.96
2026/10/09 01:08:02.056, 0, 9, 97871, 0, 85.50
2026/10/09 01:08:02.056, 1, 27302, 97871, 0, 165.22
2026/10/09 01:08:02.056, 2, 76400, 97871, 15, 176.58
2026/10/09 01:08:02.056, 3, 25166, 97871, 0, 131.69
2026/10/09 01:08:03.056, 0, 9, 97871, 0, 85.67
2026/10/09 01:08:03.057, 1, 27302, 97871, 0, 145.58
2026/10/09 01:08:03.057, 2, 76480, 97871, 13, 134.99
2026/10/09 01:08:03.057, 3, 25166, 97871, 0, 145.07
2026/10/09 01:08:04.057, 0, 9, 97871, 0, 85.53
2026/10/09 01:08:04.057, 1, 78746, 97871, 0, 331.96
2026/10/09 01:08:04.057, 2, 77116, 97871, 29, 145.93
2026/10/09 01:08:04.057, 3, 25166, 97871, 0, 137.70
2026/10/09 01:08:05.057, 0, 9, 97871, 0, 85.41
2026/10/09 01:08:05.057, 1, 76380, 97871, 21, 173.40
2026/10/09 01:08:05.057, 2, 77158, 97871, 17, 214.16
2026/10/09 01:08:05.057, 3, 27250, 97871, 0, 134.98
2026/10/09 01:08:06.057, 0, 9, 97871, 0, 85.40
2026/10/09 01:08:06.058, 1, 76452, 97871, 14, 239.84
2026/10/09 01:08:06.058, 2, 77326, 97871, 23, 165.39
2026/10/09 01:08:06.058, 3, 27250, 97871, 0, 138.97
2026/10/09 01:08:07.058, 0, 9, 97871, 0, 85.63
2026/10/09 01:08:07.058, 1, 76550, 97871, 11, 191.99
2026/10/09 01:08:07.058, 2, 77242, 97871, 0, 100.36
2026/10/09 01:08:07.058, 3, 27250, 97871, 0, 131.55
2026/10/09 01:08:08.058, 0, 9, 97871, 0, 85.59
2026/10/09 01:08:08.058, 1, 77262, 97871, 23, 278.49
2026/10/09 01:08:08.058, 2, 77242, 97871, 0, 85.91
2026/10/09 01:08:08.058, 3, 27250, 97871, 0, 150.13
2026/10/09 01:08:09.058, 0, 9, 97871, 0, 85.62
2026/10/09 01:08:09.059, 1, 77744, 97871, 17, 224.22
2026/10/09 01:08:09.059, 2, 77636, 97871, 0, 104.96
2026/10/09 01:08:09.059, 3, 27250, 97871, 36, 157.11
2026/10/09 01:08:10.059, 0, 9, 97871, 0, 85.73
2026/10/09 01:08:10.059, 1, 77266, 97871, 9, 208.16
2026/10/09 01:08:10.059, 2, 77898, 97871, 0, 85.66
2026/10/09 01:08:10.059, 3, 27250, 97871, 0, 131.70
2026/10/09 01:08:11.059, 0, 9, 97871, 0, 85.98
2026/10/09 01:08:11.059, 1, 77266, 97871, 0, 145.93
2026/10/09 01:08:11.059, 2, 78424, 97871, 2, 85.97
2026/10/09 01:08:11.059, 3, 27250, 97871, 0, 131.62
2026/10/09 01:08:12.060, 0, 9, 97871, 0, 85.67
2026/10/09 01:08:12.060, 1, 77266, 97871, 0, 145.65
2026/10/09 01:08:12.060, 2, 78946, 97871, 0, 88.86
2026/10/09 01:08:12.060, 3, 78724, 97871, 57, 308.77
2026/10/09 01:08:13.060, 0, 9, 97871, 0, 85.60
2026/10/09 01:08:13.060, 1, 78012, 97871, 0, 171.77
2026/10/09 01:08:13.060, 2, 79988, 97871, 0, 106.80
2026/10/09 01:08:13.060, 3, 76374, 97871, 20, 206.43
2026/10/09 01:08:14.060, 0, 9, 97871, 0, 85.58
2026/10/09 01:08:14.060, 1, 78012, 97871, 0, 145.95
2026/10/09 01:08:14.060, 2, 79988, 97871, 0, 86.13
2026/10/09 01:08:14.060, 3, 76478, 97871, 13, 205.35
2026/10/09 01:08:15.060, 0, 9, 97871, 0, 85.89
2026/10/09 01:08:15.060, 1, 78538, 97871, 0, 146.06
2026/10/09 01:08:15.061, 2, 79988, 97871, 0, 86.09
2026/10/09 01:08:15.061, 3, 77114, 97871, 29, 218.77
2026/10/09 01:08:16.061, 0, 9, 97871, 0, 85.68
2026/10/09 01:08:16.061, 1, 79584, 97871, 1, 151.45
2026/10/09 01:08:16.061, 2, 79988, 97871, 0, 85.93
2026/10/09 01:08:16.061, 3, 77160, 97871, 17, 251.24
2026/10/09 01:08:17.061, 0, 9, 97871, 0, 85.74
2026/10/09 01:08:17.061, 1, 82710, 97871, 0, 184.38
2026/10/09 01:08:17.061, 2, 79988, 97871, 0, 85.89
2026/10/09 01:08:17.061, 3, 77224, 97871, 17, 192.54
2026/10/09 01:08:18.061, 0, 9, 97871, 0, 85.78
2026/10/09 01:08:18.061, 1, 82710, 97871, 0, 145.36
2026/10/09 01:08:18.061, 2, 79990, 97871, 0, 90.35
2026/10/09 01:08:18.061, 3, 77228, 97871, 0, 143.85
2026/10/09 01:08:19.061, 0, 9, 97871, 0, 85.85
2026/10/09 01:08:19.061, 1, 82710, 97871, 0, 145.18
2026/10/09 01:08:19.061, 2, 79992, 97871, 0, 85.58
2026/10/09 01:08:19.062, 3, 77228, 97871, 0, 131.75
2026/10/09 01:08:20.062, 0, 9, 97871, 0, 85.91
2026/10/09 01:08:20.062, 1, 82710, 97871, 0, 144.95
2026/10/09 01:08:20.062, 2, 79992, 97871, 0, 90.03
2026/10/09 01:08:20.062, 3, 77476, 97871, 0, 135.99
2026/10/09 01:08:21.062, 0, 9, 97871, 0, 86.00
2026/10/09 01:08:21.062, 1, 82710, 97871, 0, 145.13
2026/10/09 01:08:21.062, 2, 79992, 97871, 0, 86.84
2026/10/09 01:08:21.062, 3, 77738, 97871, 0, 139.36
2026/10/09 01:08:22.062, 0, 9, 97871, 0, 85.88
2026/10/09 01:08:22.062, 1, 82712, 97871, 0, 153.80
2026/10/09 01:08:22.062, 2, 79992, 97871, 0, 86.74
2026/10/09 01:08:22.062, 3, 78002, 97871, 0, 131.43
2026/10/09 01:08:23.062, 0, 9, 97871, 0, 85.66
2026/10/09 01:08:23.062, 1, 82712, 97871, 0, 145.12
2026/10/09 01:08:23.062, 2, 79992, 97871, 0, 86.80
2026/10/09 01:08:23.062, 3, 78656, 97871, 3, 133.86
2026/10/09 01:08:24.063, 0, 9, 97871, 0, 85.73
2026/10/09 01:08:24.063, 1, 82712, 97871, 0, 153.84
2026/10/09 01:08:24.063, 2, 79992, 97871, 0, 86.36
2026/10/09 01:08:24.063, 3, 79178, 97871, 0, 142.42
2026/10/09 01:08:25.063, 0, 9, 97871, 0, 85.84
2026/10/09 01:08:25.063, 1, 82712, 97871, 0, 146.31
2026/10/09 01:08:25.063, 2, 79992, 97871, 0, 86.44
2026/10/09 01:08:25.063, 3, 79178, 97871, 0, 132.16
2026/10/09 01:08:26.063, 0, 9, 97871, 0, 85.95
2026/10/09 01:08:26.063, 1, 82712, 97871, 0, 146.40
2026/10/09 01:08:26.063, 2, 79992, 97871, 0, 86.59
2026/10/09 01:08:26.063, 3, 79178, 97871, 0, 132.17
2026/10/09 01:08:27.063, 0, 9, 97871, 0, 85.90
2026/10/09 01:08:27.063, 1, 82712, 97871, 0, 146.29
2026/10/09 01:08:27.063, 2, 79992, 97871, 0, 86.61
2026/10/09 01:08:27.063, 3, 79178, 97871, 0, 132.13
2026/10/09 01:08:28.063, 0, 9, 97871, 0, 85.80
2026/10/09 01:08:28.064, 1, 82712, 97871, 0, 146.18
2026/10/09 01:08:28.064, 2, 79992, 97871, 0, 86.36
2026/10/09 01:08:28.064, 3, 79178, 97871, 0, 132.09
2026/10/09 01:08:29.064, 0, 9, 97871, 0, 85.79
2026/10/09 01:08:29.064, 1, 82712, 97871, 0, 146.54
2026/10/09 01:08:29.064, 2, 79992, 97871, 0, 86.52
2026/10/09 01:08:29.064, 3, 79180, 97871, 0, 134.10
2026/10/09 01:08:30.064, 0, 9, 97871, 0, 85.64
2026/10/09 01:08:30.064, 1, 82712, 97871, 0, 146.83
2026/10/09 01:08:30.064, 2, 79992, 97871, 0, 86.49
2026/10/09 01:08:30.064, 3, 79180, 97871, 0, 131.61
2026/10/09 01:08:31.064, 0, 9, 97871, 0, 85.74
2026/10/09 01:08:31.065, 1, 82712, 97871, 0, 146.38
2026/10/09 01:08:31.065, 2, 79992, 97871, 0, 86.51
2026/10/09 01:08:31.065, 3, 79180, 97871, 0, 134.05
2026/10/09 01:08:32.065, 0, 9, 97871, 0, 86.04
2026/10/09 01:08:32.065, 1, 82712, 97871, 0, 146.53
2026/10/09 01:08:32.065, 2, 79992, 97871, 0, 86.38
2026/10/09 01:08:32.065, 3, 79180, 97871, 0, 132.71
2026/10/09 01:08:33.065, 0, 9, 97871, 0, 85.90
2026/10/09 01:08:33.065, 1, 82712, 97871, 0, 146.27
2026/10/09 01:08:33.065, 2, 79992, 97871, 0, 86.43
2026/10/09 01:08:33.065, 3, 79180, 97871, 0, 132.54
2026/10/09 01:08:34.065, 0, 9, 97871, 0, 85.93
2026/10/09 01:08:34.065, 1, 82712, 97871, 0, 146.44
2026/10/09 01:08:34.065, 2, 79992, 97871, 0, 86.42
2026/10/09 01:08:34.065, 3, 79180, 97871, 0, 132.81
2026/10/09 01:08:35.066, 0, 9, 97871, 0, 86.04
2026/10/09 01:08:35.066, 1, 82712, 97871, 0, 146.71
2026/10/09 01:08:35.066, 2, 79992, 97871, 0, 86.47
2026/10/09 01:08:35.066, 3, 79180, 97871, 0, 132.94
2026/10/09 01:08:36.066, 0, 9, 97871, 0, 85.91
2026/10/09 01:08:36.066, 1, 82712, 97871, 0, 146.33
2026/10/09 01:08:36.066, 2, 79992, 97871, 0, 86.16
2026/10/09 01:08:36.066, 3, 79180, 97871, 0, 132.74
2026/10/09 01:08:37.066, 0, 9, 97871, 0, 85.83
2026/10/09 01:08:37.066, 1, 82712, 97871, 0, 146.29
2026/10/09 01:08:37.066, 2, 79992, 97871, 0, 86.28
2026/10/09 01:08:37.066, 3, 79180, 97871, 0, 132.70
2026/10/09 01:08:38.066, 0, 9, 97871, 0, 85.94
2026/10/09 01:08:38.066, 1, 82712, 97871, 0, 146.41
2026/10/09 01:08:38.066, 2, 79992, 97871, 0, 86.34
2026/10/09 01:08:38.066, 3, 79180, 97871, 0, 132.64
2026/10/09 01:08:39.066, 0, 9, 97871, 0, 85.95
2026/10/09 01:08:39.066, 1, 82712, 97871, 0, 146.26
2026/10/09 01:08:39.066, 2, 79992, 97871, 0, 86.33
2026/10/09 01:08:39.066, 3, 79180, 97871, 0, 132.73
2026/10/09 01:08:40.067, 0, 9, 97871, 0, 85.86
2026/10/09 01:08:40.067, 1, 82712, 97871, 0, 146.17
2026/10/09 01:08:40.067, 2, 79991, 97871, 0, 86.28
2026/10/09 01:08:40.067, 3, 79180, 97871, 0, 132.84
2026/10/09 01:08:41.067, 0, 8, 97871, 0, 85.84
2026/10/09 01:08:41.067, 1, 82712, 97871, 0, 146.33
2026/10/09 01:08:41.067, 2, 79991, 97871, 0, 86.28
2026/10/09 01:08:41.067, 3, 79180, 97871, 0, 132.74
2026/10/09 01:08:42.067, 0, 8, 97871, 0, 85.75
2026/10/09 01:08:42.067, 1, 82712, 97871, 0, 146.42
2026/10/09 01:08:42.067, 2, 79991, 97871, 0, 86.30
2026/10/09 01:08:42.067, 3, 79180, 97871, 0, 132.79
2026/10/09 01:08:43.067, 0, 8, 97871, 0, 85.82
2026/10/09 01:08:43.067, 1, 82712, 97871, 0, 146.54
2026/10/09 01:08:43.067, 2, 79991, 97871, 0, 86.31
2026/10/09 01:08:43.067, 3, 79180, 97871, 0, 132.84
2026/10/09 01:08:44.068, 0, 8, 97871, 0, 85.98
2026/10/09 01:08:44.068, 1, 82712, 97871, 0, 146.31
2026/10/09 01:08:44.068, 2, 79991, 97871, 0, 86.24
2026/10/09 01:08:44.068, 3, 79180, 97871, 0, 132.96
2026/10/09 01:08:45.068, 0, 8, 97871, 0, 85.87
2026/10/09 01:08:45.068, 1, 82712, 97871, 0, 146.42
2026/10/09 01:08:45.068, 2, 79991, 97871, 0, 86.28
2026/10/09 01:08:45.068, 3, 79180, 97871, 0, 132.91
2026/10/09 01:08:46.068, 0, 8, 97871, 0, 85.89
2026/10/09 01:08:46.068, 1, 82712, 97871, 0, 146.48
2026/10/09 01:08:46.068, 2, 79991, 97871, 0, 86.36
2026/10/09 01:08:46.068, 3, 79180, 97871, 0, 132.89
2026/10/09 01:08:47.068, 0, 8, 97871, 0, 85.79
2026/10/09 01:08:47.069, 1, 82712, 97871, 0, 146.32
2026/10/09 01:08:47.069, 2, 79991, 97871, 0, 86.22
2026/10/09 01:08:47.069, 3, 79180, 97871, 0, 132.72
2026/10/09 01:08:48.069, 0, 8, 97871, 0, 85.74
2026/10/09 01:08:48.069, 1, 82712, 97871, 0, 146.45
2026/10/09 01:08:48.069, 2, 79991, 97871, 0, 86.36
2026/10/09 01:08:48.069, 3, 79180, 97871, 0, 132.73
2026/10/09 01:08:49.069, 0, 8, 97871, 0, 85.71
2026/10/09 01:08:49.069, 1, 82712, 97871, 0, 146.38
2026/10/09 01:08:49.069, 2, 79991, 97871, 0, 86.32
2026/10/09 01:08:49.070, 3, 79180, 97871, 0, 132.70
2026/10/09 01:08:50.070, 0, 8, 97871, 0, 85.88
2026/10/09 01:08:50.070, 1, 82712, 97871, 0, 146.40
2026/10/09 01:08:50.070, 2, 79991, 97871, 0, 86.41
2026/10/09 01:08:50.070, 3, 79180, 97871, 0, 132.60
2026/10/09 01:08:51.070, 0, 8, 97871, 0, 85.75
2026/10/09 01:08:51.070, 1, 82712, 97871, 0, 146.39
2026/10/09 01:08:51.070, 2, 79991, 97871, 0, 86.20
2026/10/09 01:08:51.070, 3, 79180, 97871, 0, 132.55
2026/10/09 01:08:52.070, 0, 8, 97871, 0, 85.42
2026/10/09 01:08:52.070, 1, 82712, 97871, 0, 146.43
2026/10/09 01:08:52.070, 2, 79991, 97871, 0, 86.24
2026/10/09 01:08:52.070, 3, 79180, 97871, 0, 132.73
2026/10/09 01:08:53.070, 0, 8, 97871, 0, 85.24
2026/10/09 01:08:53.070, 1, 82712, 97871, 0, 146.50
2026/10/09 01:08:53.070, 2, 79991, 97871, 0, 86.29
2026/10/09 01:08:53.070, 3, 79180, 97871, 0, 132.69
2026/10/09 01:08:54.070, 0, 8, 97871, 0, 85.30
2026/10/09 01:08:54.071, 1, 82712, 97871, 19, 153.64
2026/10/09 01:08:54.071, 2, 79991, 97871, 0, 93.63
2026/10/09 01:08:54.071, 3, 79180, 97871, 0, 132.74
2026/10/09 01:08:55.071, 0, 8, 97871, 0, 85.59
2026/10/09 01:08:55.071, 1, 82712, 97871, 51, 284.30
2026/10/09 01:08:55.071, 2, 79991, 97871, 98, 336.75
2026/10/09 01:08:55.071, 3, 79180, 97871, 0, 132.60
2026/10/09 01:08:56.071, 0, 8, 97871, 0, 85.34
2026/10/09 01:08:56.071, 1, 82712, 97871, 47, 352.90
2026/10/09 01:08:56.071, 2, 79991, 97871, 86, 398.23
2026/10/09 01:08:56.071, 3, 79180, 97871, 0, 132.84
2026/10/09 01:08:57.071, 0, 8, 97871, 0, 85.45
2026/10/09 01:08:57.072, 1, 82712, 97871, 53, 380.35
2026/10/09 01:08:57.072, 2, 79991, 97871, 100, 421.06
2026/10/09 01:08:57.072, 3, 79180, 97871, 0, 132.85
2026/10/09 01:08:58.072, 0, 8, 97871, 0, 85.68
2026/10/09 01:08:58.072, 1, 82712, 97871, 67, 390.36
2026/10/09 01:08:58.072, 2, 79991, 97871, 100, 440.40
2026/10/09 01:08:58.072, 3, 79180, 97871, 0, 132.80
2026/10/09 01:08:59.072, 0, 8, 97871, 0, 85.27
2026/10/09 01:08:59.072, 1, 82712, 97871, 53, 388.32
2026/10/09 01:08:59.072, 2, 79991, 97871, 100, 447.91
2026/10/09 01:08:59.072, 3, 79182, 97871, 23, 141.16
2026/10/09 01:09:00.073, 0, 8, 97871, 0, 85.32
2026/10/09 01:09:00.073, 1, 82712, 97871, 52, 362.55
2026/10/09 01:09:00.073, 2, 79991, 97871, 99, 448.57
2026/10/09 01:09:00.073, 3, 79182, 97871, 100, 375.82
2026/10/09 01:09:01.073, 0, 8, 97871, 0, 85.32
2026/10/09 01:09:01.073, 1, 82712, 97871, 48, 360.79
2026/10/09 01:09:01.073, 2, 79991, 97871, 0, 352.88
2026/10/09 01:09:01.073, 3, 79182, 97871, 58, 466.01
2026/10/09 01:09:02.073, 0, 8, 97871, 0, 85.43
2026/10/09 01:09:02.073, 1, 82712, 97871, 49, 340.40
2026/10/09 01:09:02.073, 2, 79991, 97871, 94, 342.49
2026/10/09 01:09:02.073, 3, 79182, 97871, 100, 475.55
2026/10/09 01:09:03.073, 0, 8, 97871, 0, 85.34
2026/10/09 01:09:03.073, 1, 82712, 97871, 60, 236.83
2026/10/09 01:09:03.073, 2, 79991, 97871, 99, 396.80
2026/10/09 01:09:03.073, 3, 79182, 97871, 100, 468.51
2026/10/09 01:09:04.074, 0, 8, 97871, 0, 85.66
2026/10/09 01:09:04.074, 1, 82712, 97871, 52, 278.64
2026/10/09 01:09:04.074, 2, 79991, 97871, 100, 425.99
2026/10/09 01:09:04.074, 3, 79182, 97871, 96, 479.81
2026/10/09 01:09:05.074, 0, 8, 97871, 0, 85.45
2026/10/09 01:09:05.074, 1, 82712, 97871, 51, 323.80
2026/10/09 01:09:05.074, 2, 79991, 97871, 97, 417.62
2026/10/09 01:09:05.074, 3, 79182, 97871, 100, 483.05
2026/10/09 01:09:06.074, 0, 8, 97871, 0, 85.34
2026/10/09 01:09:06.074, 1, 82712, 97871, 88, 320.21
2026/10/09 01:09:06.074, 2, 79991, 97871, 99, 400.57
2026/10/09 01:09:06.074, 3, 79182, 97871, 100, 481.33
2026/10/09 01:09:07.074, 0, 8, 97871, 0, 85.54
2026/10/09 01:09:07.074, 1, 82712, 97871, 52, 301.65
2026/10/09 01:09:07.074, 2, 79991, 97871, 99, 419.49
2026/10/09 01:09:07.074, 3, 79182, 97871, 96, 483.36
2026/10/09 01:09:08.074, 0, 8, 97871, 0, 85.54
2026/10/09 01:09:08.075, 1, 82712, 97871, 52, 336.17
2026/10/09 01:09:08.075, 2, 79991, 97871, 99, 423.93
2026/10/09 01:09:08.075, 3, 79182, 97871, 96, 484.28
2026/10/09 01:09:09.075, 0, 8, 97871, 0, 85.51
2026/10/09 01:09:09.075, 1, 82712, 97871, 52, 343.75
2026/10/09 01:09:09.075, 2, 79991, 97871, 99, 418.88
2026/10/09 01:09:09.075, 3, 79182, 97871, 100, 486.20
2026/10/09 01:09:10.075, 0, 8, 97871, 0, 85.56
2026/10/09 01:09:10.075, 1, 82712, 97871, 52, 307.12
2026/10/09 01:09:10.075, 2, 79991, 97871, 99, 411.13
2026/10/09 01:09:10.075, 3, 79182, 97871, 100, 486.73
2026/10/09 01:09:11.075, 0, 8, 97871, 0, 85.28
2026/10/09 01:09:11.075, 1, 82712, 97871, 50, 323.93
2026/10/09 01:09:11.075, 2, 79991, 97871, 99, 414.47
2026/10/09 01:09:11.075, 3, 79182, 97871, 99, 460.79
2026/10/09 01:09:12.075, 0, 8, 97871, 0, 85.42
2026/10/09 01:09:12.075, 1, 82712, 97871, 52, 303.55
2026/10/09 01:09:12.075, 2, 79991, 97871, 98, 433.11
2026/10/09 01:09:12.075, 3, 79182, 97871, 99, 347.37
2026/10/09 01:09:13.076, 0, 8, 97871, 0, 85.37
2026/10/09 01:09:13.076, 1, 82712, 97871, 52, 328.11
2026/10/09 01:09:13.076, 2, 79991, 97871, 99, 404.14
2026/10/09 01:09:13.076, 3, 79182, 97871, 99, 467.00
2026/10/09 01:09:14.076, 0, 8, 97871, 0, 85.50
2026/10/09 01:09:14.076, 1, 82712, 97871, 70, 324.51
2026/10/09 01:09:14.076, 2, 79991, 97871, 99, 409.39
2026/10/09 01:09:14.076, 3, 79182, 97871, 99, 467.35
2026/10/09 01:09:15.076, 0, 8, 97871, 0, 85.36
2026/10/09 01:09:15.076, 1, 82712, 97871, 78, 327.12
2026/10/09 01:09:15.076, 2, 79991, 97871, 99, 411.10
2026/10/09 01:09:15.076, 3, 79182, 97871, 99, 479.19
2026/10/09 01:09:16.076, 0, 8, 97871, 0, 85.37
2026/10/09 01:09:16.076, 1, 82712, 97871, 52, 307.00
2026/10/09 01:09:16.076, 2, 79991, 97871, 99, 419.76
2026/10/09 01:09:16.076, 3, 79182, 97871, 100, 474.30
2026/10/09 01:09:17.076, 0, 8, 97871, 0, 85.35
2026/10/09 01:09:17.076, 1, 82712, 97871, 52, 331.44
2026/10/09 01:09:17.076, 2, 79991, 97871, 99, 422.29
2026/10/09 01:09:17.076, 3, 79182, 97871, 99, 467.33
2026/10/09 01:09:18.076, 0, 8, 97871, 0, 85.29
2026/10/09 01:09:18.077, 1, 82712, 97871, 51, 329.15
2026/10/09 01:09:18.077, 2, 79991, 97871, 99, 409.65
2026/10/09 01:09:18.077, 3, 79182, 97871, 99, 470.36
2026/10/09 01:09:19.077, 0, 8, 97871, 0, 85.29
2026/10/09 01:09:19.077, 1, 82712, 97871, 51, 337.30
2026/10/09 01:09:19.077, 2, 79991, 97871, 100, 418.99
2026/10/09 01:09:19.077, 3, 79182, 97871, 96, 477.30
2026/10/09 01:09:20.077, 0, 8, 97871, 0, 85.40
2026/10/09 01:09:20.077, 1, 82712, 97871, 79, 324.79
2026/10/09 01:09:20.077, 2, 79991, 97871, 100, 427.93
2026/10/09 01:09:20.077, 3, 79182, 97871, 99, 473.32
2026/10/09 01:09:21.077, 0, 8, 97871, 0, 85.38
2026/10/09 01:09:21.077, 1, 82712, 97871, 100, 333.62
2026/10/09 01:09:21.077, 2, 79991, 97871, 99, 423.90
2026/10/09 01:09:21.077, 3, 79182, 97871, 99, 481.55
2026/10/09 01:09:22.077, 0, 8, 97871, 0, 85.33
2026/10/09 01:09:22.077, 1, 82712, 97871, 53, 309.53
2026/10/09 01:09:22.077, 2, 79991, 97871, 99, 412.38
2026/10/09 01:09:22.077, 3, 79182, 97871, 99, 475.65
2026/10/09 01:09:23.077, 0, 8, 97871, 0, 85.32
2026/10/09 01:09:23.078, 1, 82712, 97871, 51, 340.47
2026/10/09 01:09:23.078, 2, 79991, 97871, 89, 423.94
2026/10/09 01:09:23.078, 3, 79182, 97871, 94, 474.48
2026/10/09 01:09:24.078, 0, 8, 97871, 0, 85.44
2026/10/09 01:09:24.078, 1, 82712, 97871, 52, 304.84
2026/10/09 01:09:24.078, 2, 79991, 97871, 100, 414.70
2026/10/09 01:09:24.078, 3, 79182, 97871, 99, 470.28
2026/10/09 01:09:25.078, 0, 8, 97871, 0, 85.33
2026/10/09 01:09:25.078, 1, 82712, 97871, 51, 330.31
2026/10/09 01:09:25.078, 2, 79991, 97871, 99, 406.13
2026/10/09 01:09:25.078, 3, 79182, 97871, 99, 471.44
2026/10/09 01:09:26.078, 0, 8, 97871, 0, 85.56
2026/10/09 01:09:26.078, 1, 82712, 97871, 86, 329.22
2026/10/09 01:09:26.078, 2, 79991, 97871, 99, 419.51
2026/10/09 01:09:26.078, 3, 79182, 97871, 99, 481.97
2026/10/09 01:09:27.078, 0, 8, 97871, 0, 85.44
2026/10/09 01:09:27.078, 1, 82712, 97871, 50, 306.32
2026/10/09 01:09:27.078, 2, 79991, 97871, 99, 425.37
2026/10/09 01:09:27.078, 3, 79182, 97871, 99, 487.02
2026/10/09 01:09:28.078, 0, 8, 97871, 0, 85.43
2026/10/09 01:09:28.079, 1, 82712, 97871, 51, 330.95
2026/10/09 01:09:28.079, 2, 79991, 97871, 99, 418.79
2026/10/09 01:09:28.079, 3, 79182, 97871, 99, 474.71
2026/10/09 01:09:29.079, 0, 8, 97871, 0, 85.48
2026/10/09 01:09:29.079, 1, 82712, 97871, 52, 334.07
2026/10/09 01:09:29.079, 2, 79991, 97871, 99, 408.58
2026/10/09 01:09:29.079, 3, 79182, 97871, 99, 473.62
2026/10/09 01:09:30.079, 0, 8, 97871, 0, 85.60
2026/10/09 01:09:30.079, 1, 82712, 97871, 52, 303.03
2026/10/09 01:09:30.079, 2, 79991, 97871, 99, 421.62
2026/10/09 01:09:30.079, 3, 79182, 97871, 100, 477.79
2026/10/09 01:09:31.079, 0, 8, 97871, 0, 85.56
2026/10/09 01:09:31.079, 1, 82712, 97871, 51, 328.33
2026/10/09 01:09:31.079, 2, 79991, 97871, 99, 408.02
2026/10/09 01:09:31.079, 3, 79182, 97871, 99, 473.46
2026/10/09 01:09:32.079, 0, 8, 97871, 0, 85.46
2026/10/09 01:09:32.079, 1, 82712, 97871, 52, 334.37
2026/10/09 01:09:32.079, 2, 79991, 97871, 99, 420.43
2026/10/09 01:09:32.079, 3, 79182, 97871, 99, 471.61
2026/10/09 01:09:33.079, 0, 8, 97871, 0, 85.53
2026/10/09 01:09:33.080, 1, 82712, 97871, 52, 305.86
2026/10/09 01:09:33.080, 2, 79991, 97871, 99, 411.97
2026/10/09 01:09:33.080, 3, 79182, 97871, 99, 472.53
2026/10/09 01:09:34.080, 0, 8, 97871, 0, 85.45
2026/10/09 01:09:34.080, 1, 82712, 97871, 53, 307.09
2026/10/09 01:09:34.080, 2, 79991, 97871, 99, 427.14
2026/10/09 01:09:34.080, 3, 79182, 97871, 99, 470.38
2026/10/09 01:09:35.080, 0, 8, 97871, 0, 85.46
2026/10/09 01:09:35.080, 1, 82712, 97871, 51, 326.59
2026/10/09 01:09:35.080, 2, 79991, 97871, 99, 421.78
2026/10/09 01:09:35.080, 3, 79182, 97871, 99, 471.86
2026/10/09 01:09:36.080, 0, 8, 97871, 0, 85.53
2026/10/09 01:09:36.080, 1, 82712, 97871, 78, 325.67
2026/10/09 01:09:36.080, 2, 79991, 97871, 99, 405.79
2026/10/09 01:09:36.080, 3, 79182, 97871, 99, 479.24
2026/10/09 01:09:37.080, 0, 8, 97871, 0, 85.50
2026/10/09 01:09:37.080, 1, 82712, 97871, 51, 305.93
2026/10/09 01:09:37.080, 2, 79991, 97871, 99, 407.39
2026/10/09 01:09:37.080, 3, 79182, 97871, 99, 471.27
2026/10/09 01:09:38.080, 0, 8, 97871, 0, 85.50
2026/10/09 01:09:38.080, 1, 82712, 97871, 52, 328.45
2026/10/09 01:09:38.080, 2, 79991, 97871, 100, 416.95
2026/10/09 01:09:38.080, 3, 79182, 97871, 99, 476.92
2026/10/09 01:09:39.081, 0, 8, 97871, 0, 85.51
2026/10/09 01:09:39.081, 1, 82712, 97871, 52, 333.56
2026/10/09 01:09:39.081, 2, 79991, 97871, 99, 397.12
2026/10/09 01:09:39.081, 3, 79182, 97871, 99, 484.77
2026/10/09 01:09:40.081, 0, 8, 97871, 0, 85.40
2026/10/09 01:09:40.081, 1, 82712, 97871, 62, 311.30
2026/10/09 01:09:40.081, 2, 79991, 97871, 99, 407.17
2026/10/09 01:09:40.081, 3, 79182, 97871, 98, 469.51
2026/10/09 01:09:41.081, 0, 8, 97871, 0, 85.50
2026/10/09 01:09:41.081, 1, 82712, 97871, 50, 330.39
2026/10/09 01:09:41.081, 2, 79991, 97871, 99, 406.34
2026/10/09 01:09:41.081, 3, 79182, 97871, 99, 473.70
2026/10/09 01:09:42.081, 0, 8, 97871, 0, 85.51
2026/10/09 01:09:42.081, 1, 82712, 97871, 61, 324.68
2026/10/09 01:09:42.081, 2, 79991, 97871, 97, 406.61
2026/10/09 01:09:42.081, 3, 79182, 97871, 99, 473.14
2026/10/09 01:09:43.081, 0, 8, 97871, 0, 85.61
2026/10/09 01:09:43.081, 1, 82712, 97871, 51, 298.98
2026/10/09 01:09:43.081, 2, 79991, 97871, 99, 405.51
2026/10/09 01:09:43.081, 3, 79182, 97871, 100, 475.43
2026/10/09 01:09:44.081, 0, 8, 97871, 0, 85.42
2026/10/09 01:09:44.082, 1, 82712, 97871, 50, 322.93
2026/10/09 01:09:44.082, 2, 79991, 97871, 99, 416.30
2026/10/09 01:09:44.082, 3, 79182, 97871, 99, 471.51
2026/10/09 01:09:45.082, 0, 8, 97871, 0, 85.49
2026/10/09 01:09:45.082, 1, 82712, 97871, 74, 337.67
2026/10/09 01:09:45.082, 2, 79991, 97871, 99, 397.51
2026/10/09 01:09:45.082, 3, 79182, 97871, 99, 472.83
2026/10/09 01:09:46.082, 0, 8, 97871, 0, 85.43
2026/10/09 01:09:46.082, 1, 82712, 97871, 94, 339.43
2026/10/09 01:09:46.082, 2, 79991, 97871, 99, 407.45
2026/10/09 01:09:46.082, 3, 79182, 97871, 99, 477.71
2026/10/09 01:09:47.082, 0, 8, 97871, 0, 85.55
2026/10/09 01:09:47.082, 1, 82712, 97871, 50, 301.48
2026/10/09 01:09:47.082, 2, 79991, 97871, 99, 405.55
2026/10/09 01:09:47.082, 3, 79182, 97871, 99, 470.88
2026/10/09 01:09:48.082, 0, 8, 97871, 0, 85.36
2026/10/09 01:09:48.082, 1, 82712, 97871, 51, 343.25
2026/10/09 01:09:48.082, 2, 79991, 97871, 99, 404.61
2026/10/09 01:09:48.082, 3, 79182, 97871, 99, 471.91
2026/10/09 01:09:49.082, 0, 8, 97871, 0, 85.49
2026/10/09 01:09:49.083, 1, 82712, 97871, 52, 338.17
2026/10/09 01:09:49.083, 2, 79991, 97871, 99, 408.57
2026/10/09 01:09:49.083, 3, 79182, 97871, 99, 469.07
2026/10/09 01:09:50.083, 0, 8, 97871, 0, 85.32
2026/10/09 01:09:50.083, 1, 82712, 97871, 68, 333.60
2026/10/09 01:09:50.083, 2, 79991, 97871, 99, 410.33
2026/10/09 01:09:50.083, 3, 79182, 97871, 99, 475.27
2026/10/09 01:09:51.083, 0, 8, 97871, 0, 85.57
2026/10/09 01:09:51.083, 1, 82712, 97871, 52, 320.74
2026/10/09 01:09:51.083, 2, 79991, 97871, 96, 407.67
2026/10/09 01:09:51.083, 3, 79182, 97871, 100, 480.97
2026/10/09 01:09:52.083, 0, 8, 97871, 0, 85.59
2026/10/09 01:09:52.083, 1, 82712, 97871, 51, 326.35
2026/10/09 01:09:52.083, 2, 79991, 97871, 99, 407.33
2026/10/09 01:09:52.083, 3, 79182, 97871, 99, 465.86
2026/10/09 01:09:53.083, 0, 8, 97871, 0, 85.45
2026/10/09 01:09:53.083, 1, 82712, 97871, 53, 333.52
2026/10/09 01:09:53.083, 2, 79991, 97871, 98, 405.31
2026/10/09 01:09:53.083, 3, 79182, 97871, 99, 472.47
2026/10/09 01:09:54.084, 0, 8, 97871, 0, 85.57
2026/10/09 01:09:54.084, 1, 82712, 97871, 51, 302.77
2026/10/09 01:09:54.084, 2, 79991, 97871, 99, 404.52
2026/10/09 01:09:54.084, 3, 79182, 97871, 99, 475.37
2026/10/09 01:09:55.084, 0, 8, 97871, 0, 85.49
2026/10/09 01:09:55.084, 1, 82712, 97871, 52, 340.57
2026/10/09 01:09:55.084, 2, 79991, 97871, 99, 404.96
2026/10/09 01:09:55.084, 3, 79182, 97871, 99, 472.69
2026/10/09 01:09:56.084, 0, 8, 97871, 0, 85.46
2026/10/09 01:09:56.084, 1, 82712, 97871, 52, 305.23
2026/10/09 01:09:56.084, 2, 79991, 97871, 99, 410.24
2026/10/09 01:09:56.084, 3, 79182, 97871, 95, 485.88
2026/10/09 01:09:57.084, 0, 8, 97871, 0, 85.36
2026/10/09 01:09:57.084, 1, 82712, 97871, 98, 343.59
2026/10/09 01:09:57.084, 2, 79991, 97871, 99, 407.86
2026/10/09 01:09:57.084, 3, 79182, 97871, 99, 474.02
2026/10/09 01:09:58.084, 0, 8, 97871, 0, 85.72
2026/10/09 01:09:58.084, 1, 82712, 97871, 52, 309.39
2026/10/09 01:09:58.084, 2, 79991, 97871, 99, 407.56
2026/10/09 01:09:58.084, 3, 79182, 97871, 99, 482.68
2026/10/09 01:09:59.085, 0, 8, 97871, 0, 85.46
2026/10/09 01:09:59.085, 1, 82712, 97871, 52, 325.63
2026/10/09 01:09:59.085, 2, 79991, 97871, 99, 406.09
2026/10/09 01:09:59.085, 3, 79182, 97871, 99, 468.17
2026/10/09 01:10:00.085, 0, 8, 97871, 0, 85.47
2026/10/09 01:10:00.085, 1, 82712, 97871, 51, 307.07
2026/10/09 01:10:00.085, 2, 79991, 97871, 99, 405.59
2026/10/09 01:10:00.085, 3, 79182, 97871, 99, 467.68
2026/10/09 01:10:01.085, 0, 8, 97871, 0, 85.56
2026/10/09 01:10:01.085, 1, 82712, 97871, 51, 336.21
2026/10/09 01:10:01.085, 2, 79991, 97871, 99, 407.73
2026/10/09 01:10:01.085, 3, 79182, 97871, 99, 469.79
2026/10/09 01:10:02.085, 0, 8, 97871, 0, 85.64
2026/10/09 01:10:02.085, 1, 82712, 97871, 51, 331.98
2026/10/09 01:10:02.085, 2, 79991, 97871, 99, 398.08
2026/10/09 01:10:02.085, 3, 79182, 97871, 99, 471.99
2026/10/09 01:10:03.085, 0, 8, 97871, 0, 85.54
2026/10/09 01:10:03.085, 1, 82712, 97871, 52, 309.98
2026/10/09 01:10:03.085, 2, 79991, 97871, 99, 406.76
2026/10/09 01:10:03.085, 3, 79182, 97871, 99, 471.86
2026/10/09 01:10:04.086, 0, 8, 97871, 0, 85.53
2026/10/09 01:10:04.086, 1, 82712, 97871, 51, 334.32
2026/10/09 01:10:04.086, 2, 79991, 97871, 99, 406.14
2026/10/09 01:10:04.086, 3, 79182, 97871, 99, 471.27
2026/10/09 01:10:05.086, 0, 8, 97871, 0, 85.52
2026/10/09 01:10:05.086, 1, 82712, 97871, 67, 330.83
2026/10/09 01:10:05.086, 2, 79991, 97871, 99, 407.65
2026/10/09 01:10:05.086, 3, 79182, 97871, 99, 473.73
2026/10/09 01:10:06.086, 0, 8, 97871, 0, 85.62
2026/10/09 01:10:06.086, 1, 82712, 97871, 51, 304.62
2026/10/09 01:10:06.086, 2, 79991, 97871, 96, 411.93
2026/10/09 01:10:06.086, 3, 79182, 97871, 99, 472.55
2026/10/09 01:10:07.086, 0, 8, 97871, 0, 85.50
2026/10/09 01:10:07.086, 1, 82712, 97871, 53, 319.33
2026/10/09 01:10:07.086, 2, 79991, 97871, 98, 406.70
2026/10/09 01:10:07.086, 3, 79182, 97871, 99, 462.81
2026/10/09 01:10:08.086, 0, 8, 97871, 0, 85.51
2026/10/09 01:10:08.086, 1, 82712, 97871, 78, 343.51
2026/10/09 01:10:08.086, 2, 79991, 97871, 99, 405.65
2026/10/09 01:10:08.086, 3, 79182, 97871, 99, 471.24
2026/10/09 01:10:09.087, 0, 8, 97871, 0, 85.39
2026/10/09 01:10:09.087, 1, 82712, 97871, 52, 311.82
2026/10/09 01:10:09.087, 2, 79991, 97871, 99, 404.27
2026/10/09 01:10:09.087, 3, 79182, 97871, 100, 474.87
2026/10/09 01:10:10.087, 0, 8, 97871, 0, 85.39
2026/10/09 01:10:10.087, 1, 82712, 97871, 51, 330.09
2026/10/09 01:10:10.087, 2, 79991, 97871, 99, 407.87
2026/10/09 01:10:10.087, 3, 79182, 97871, 99, 468.85
2026/10/09 01:10:11.087, 0, 8, 97871, 0, 85.55
2026/10/09 01:10:11.087, 1, 82712, 97871, 51, 302.82
2026/10/09 01:10:11.087, 2, 79991, 97871, 98, 414.97
2026/10/09 01:10:11.087, 3, 79182, 97871, 100, 468.80
2026/10/09 01:10:12.087, 0, 8, 97871, 0, 85.52
2026/10/09 01:10:12.087, 1, 82712, 97871, 51, 321.36
2026/10/09 01:10:12.087, 2, 79991, 97871, 97, 407.24
2026/10/09 01:10:12.087, 3, 79182, 97871, 100, 470.05
2026/10/09 01:10:13.087, 0, 8, 97871, 0, 85.54
2026/10/09 01:10:13.087, 1, 82712, 97871, 51, 305.74
2026/10/09 01:10:13.087, 2, 79991, 97871, 99, 409.19
2026/10/09 01:10:13.087, 3, 79182, 97871, 99, 470.78
2026/10/09 01:10:14.088, 0, 8, 97871, 0, 85.35
2026/10/09 01:10:14.088, 1, 82712, 97871, 57, 341.62
2026/10/09 01:10:14.088, 2, 79991, 97871, 99, 410.66
2026/10/09 01:10:14.088, 3, 79182, 97871, 95, 474.14
2026/10/09 01:10:15.088, 0, 8, 97871, 0, 85.43
2026/10/09 01:10:15.088, 1, 82712, 97871, 52, 331.29
2026/10/09 01:10:15.088, 2, 79991, 97871, 99, 404.79
2026/10/09 01:10:15.088, 3, 79182, 97871, 99, 478.29
2026/10/09 01:10:16.088, 0, 8, 97871, 0, 85.63
2026/10/09 01:10:16.088, 1, 82712, 97871, 51, 304.69
2026/10/09 01:10:16.088, 2, 79991, 97871, 99, 401.62
2026/10/09 01:10:16.088, 3, 79182, 97871, 100, 464.38
2026/10/09 01:10:17.088, 0, 8, 97871, 0, 85.33
2026/10/09 01:10:17.088, 1, 82712, 97871, 51, 326.04
2026/10/09 01:10:17.088, 2, 79991, 97871, 99, 405.61
2026/10/09 01:10:17.088, 3, 79182, 97871, 99, 474.23
2026/10/09 01:10:18.088, 0, 8, 97871, 0, 85.44
2026/10/09 01:10:18.088, 1, 82712, 97871, 89, 341.32
2026/10/09 01:10:18.088, 2, 79991, 97871, 99, 408.43
2026/10/09 01:10:18.088, 3, 79182, 97871, 100, 471.82
2026/10/09 01:10:19.088, 0, 8, 97871, 0, 85.43
2026/10/09 01:10:19.088, 1, 82712, 97871, 52, 308.32
2026/10/09 01:10:19.088, 2, 79991, 97871, 99, 406.64
2026/10/09 01:10:19.088, 3, 79182, 97871, 100, 475.20
2026/10/09 01:10:20.089, 0, 8, 97871, 0, 85.28
2026/10/09 01:10:20.089, 1, 82712, 97871, 52, 337.67
2026/10/09 01:10:20.089, 2, 79991, 97871, 99, 409.42
2026/10/09 01:10:20.089, 3, 79182, 97871, 95, 473.96
2026/10/09 01:10:21.089, 0, 8, 97871, 0, 85.51
2026/10/09 01:10:21.089, 1, 82712, 97871, 51, 331.72
2026/10/09 01:10:21.089, 2, 79991, 97871, 99, 408.52
2026/10/09 01:10:21.089, 3, 79182, 97871, 100, 467.80
2026/10/09 01:10:22.089, 0, 8, 97871, 0, 85.54
2026/10/09 01:10:22.089, 1, 82712, 97871, 51, 328.31
2026/10/09 01:10:22.089, 2, 79991, 97871, 99, 410.32
2026/10/09 01:10:22.089, 3, 79182, 97871, 100, 474.48
2026/10/09 01:10:23.089, 0, 8, 97871, 0, 85.34
2026/10/09 01:10:23.089, 1, 82712, 97871, 51, 337.83
2026/10/09 01:10:23.089, 2, 79991, 97871, 99, 406.42
2026/10/09 01:10:23.089, 3, 79182, 97871, 99, 470.32
2026/10/09 01:10:24.089, 0, 8, 97871, 0, 85.45
2026/10/09 01:10:24.089, 1, 82712, 97871, 52, 307.02
2026/10/09 01:10:24.089, 2, 79991, 97871, 99, 407.63
2026/10/09 01:10:24.089, 3, 79182, 97871, 99, 475.75
2026/10/09 01:10:25.089, 0, 8, 97871, 0, 85.48
2026/10/09 01:10:25.089, 1, 82712, 97871, 52, 326.99
2026/10/09 01:10:25.090, 2, 79991, 97871, 99, 407.14
2026/10/09 01:10:25.090, 3, 79182, 97871, 99, 470.17
2026/10/09 01:10:26.090, 0, 8, 97871, 0, 85.38
2026/10/09 01:10:26.090, 1, 82712, 97871, 51, 304.66
2026/10/09 01:10:26.090, 2, 79991, 97871, 99, 406.27
2026/10/09 01:10:26.090, 3, 79182, 97871, 98, 473.87
2026/10/09 01:10:27.090, 0, 8, 97871, 0, 85.43
2026/10/09 01:10:27.090, 1, 82712, 97871, 51, 305.22
2026/10/09 01:10:27.090, 2, 79991, 97871, 99, 404.99
2026/10/09 01:10:27.090, 3, 79182, 97871, 97, 473.17
2026/10/09 01:10:28.090, 0, 8, 97871, 0, 85.37
2026/10/09 01:10:28.090, 1, 82712, 97871, 51, 330.36
2026/10/09 01:10:28.090, 2, 79991, 97871, 99, 409.09
2026/10/09 01:10:28.090, 3, 79182, 97871, 99, 459.44
2026/10/09 01:10:29.090, 0, 8, 97871, 0, 85.31
2026/10/09 01:10:29.090, 1, 82712, 97871, 52, 303.90
2026/10/09 01:10:29.090, 2, 79991, 97871, 99, 407.39
2026/10/09 01:10:29.090, 3, 79182, 97871, 100, 469.54
2026/10/09 01:10:30.090, 0, 8, 97871, 0, 85.43
2026/10/09 01:10:30.090, 1, 82712, 97871, 51, 302.01
2026/10/09 01:10:30.090, 2, 79991, 97871, 99, 406.90
2026/10/09 01:10:30.090, 3, 79182, 97871, 99, 484.05
2026/10/09 01:10:31.091, 0, 8, 97871, 0, 85.52
2026/10/09 01:10:31.091, 1, 82712, 97871, 50, 329.90
2026/10/09 01:10:31.091, 2, 79991, 97871, 100, 406.56
2026/10/09 01:10:31.091, 3, 79182, 97871, 99, 463.37
2026/10/09 01:10:32.091, 0, 8, 97871, 0, 85.41
2026/10/09 01:10:32.091, 1, 82712, 97871, 52, 308.36
2026/10/09 01:10:32.091, 2, 79991, 97871, 99, 406.32
2026/10/09 01:10:32.091, 3, 79182, 97871, 100, 474.46
2026/10/09 01:10:33.091, 0, 8, 97871, 0, 85.47
2026/10/09 01:10:33.091, 1, 82712, 97871, 52, 305.41
2026/10/09 01:10:33.091, 2, 79991, 97871, 100, 408.12
2026/10/09 01:10:33.091, 3, 79182, 97871, 99, 472.44
2026/10/09 01:10:34.091, 0, 8, 97871, 0, 85.50
2026/10/09 01:10:34.091, 1, 82712, 97871, 51, 308.90
2026/10/09 01:10:34.091, 2, 79991, 97871, 99, 396.06
2026/10/09 01:10:34.091, 3, 79182, 97871, 99, 474.92
2026/10/09 01:10:35.092, 0, 8, 97871, 0, 85.38
2026/10/09 01:10:35.092, 1, 82712, 97871, 50, 327.32
2026/10/09 01:10:35.092, 2, 79991, 97871, 99, 406.09
2026/10/09 01:10:35.092, 3, 79182, 97871, 99, 470.02
2026/10/09 01:10:36.092, 0, 8, 97871, 0, 85.33
2026/10/09 01:10:36.092, 1, 82712, 97871, 42, 296.21
2026/10/09 01:10:36.092, 2, 79991, 97871, 99, 404.89
2026/10/09 01:10:36.092, 3, 79182, 97871, 99, 470.35
2026/10/09 01:10:37.092, 0, 8, 97871, 0, 85.53
2026/10/09 01:10:37.092, 1, 82712, 97871, 50, 298.57
2026/10/09 01:10:37.092, 2, 79991, 97871, 99, 408.22
2026/10/09 01:10:37.092, 3, 79182, 97871, 99, 470.25
2026/10/09 01:10:38.092, 0, 8, 97871, 0, 85.39
2026/10/09 01:10:38.092, 1, 82712, 97871, 50, 301.89
2026/10/09 01:10:38.092, 2, 79991, 97871, 99, 396.64
2026/10/09 01:10:38.092, 3, 79182, 97871, 99, 468.55
2026/10/09 01:10:39.092, 0, 8, 97871, 0, 85.49
2026/10/09 01:10:39.092, 1, 82712, 97871, 51, 324.84
2026/10/09 01:10:39.092, 2, 79991, 97871, 99, 405.67
2026/10/09 01:10:39.092, 3, 79182, 97871, 99, 471.45
2026/10/09 01:10:40.093, 0, 8, 97871, 0, 85.49
2026/10/09 01:10:40.093, 1, 82712, 97871, 50, 299.64
2026/10/09 01:10:40.093, 2, 79991, 97871, 99, 405.51
2026/10/09 01:10:40.093, 3, 79182, 97871, 99, 474.22
2026/10/09 01:10:41.093, 0, 7, 97871, 0, 85.47
2026/10/09 01:10:41.093, 1, 82711, 97871, 49, 316.14
2026/10/09 01:10:41.093, 2, 79991, 97871, 99, 395.25
2026/10/09 01:10:41.093, 3, 79181, 97871, 99, 483.63
2026/10/09 01:10:42.093, 0, 7, 97871, 0, 85.46
2026/10/09 01:10:42.093, 1, 82711, 97871, 50, 309.18
2026/10/09 01:10:42.093, 2, 79991, 97871, 99, 403.53
2026/10/09 01:10:42.093, 3, 79181, 97871, 99, 472.34
2026/10/09 01:10:43.093, 0, 7, 97871, 0, 85.47
2026/10/09 01:10:43.093, 1, 82711, 97871, 49, 300.08
2026/10/09 01:10:43.093, 2, 79991, 97871, 99, 402.30
2026/10/09 01:10:43.093, 3, 79181, 97871, 99, 472.19
2026/10/09 01:10:44.093, 0, 7, 97871, 0, 85.23
2026/10/09 01:10:44.094, 1, 82711, 97871, 49, 322.96
2026/10/09 01:10:44.094, 2, 79991, 97871, 98, 406.41
2026/10/09 01:10:44.094, 3, 79181, 97871, 99, 470.10
2026/10/09 01:10:45.094, 0, 7, 97871, 0, 85.35
2026/10/09 01:10:45.094, 1, 82711, 97871, 50, 304.38
2026/10/09 01:10:45.094, 2, 79991, 97871, 99, 413.90
2026/10/09 01:10:45.094, 3, 79181, 97871, 97, 476.57
2026/10/09 01:10:46.094, 0, 7, 97871, 0, 85.38
2026/10/09 01:10:46.094, 1, 82711, 97871, 50, 303.12
2026/10/09 01:10:46.094, 2, 79991, 97871, 98, 408.45
2026/10/09 01:10:46.094, 3, 79181, 97871, 100, 469.66
2026/10/09 01:10:47.094, 0, 7, 97871, 0, 85.38
2026/10/09 01:10:47.094, 1, 82711, 97871, 51, 337.69
2026/10/09 01:10:47.094, 2, 79991, 97871, 99, 409.95
2026/10/09 01:10:47.094, 3, 79181, 97871, 98, 473.99
2026/10/09 01:10:48.094, 0, 7, 97871, 0, 85.42
2026/10/09 01:10:48.094, 1, 82711, 97871, 51, 305.86
2026/10/09 01:10:48.094, 2, 79991, 97871, 99, 400.91
2026/10/09 01:10:48.094, 3, 79181, 97871, 99, 465.06
2026/10/09 01:10:49.094, 0, 7, 97871, 0, 85.32
2026/10/09 01:10:49.095, 1, 82711, 97871, 50, 303.20
2026/10/09 01:10:49.095, 2, 79991, 97871, 99, 407.09
2026/10/09 01:10:49.095, 3, 79181, 97871, 100, 474.13
2026/10/09 01:10:50.095, 0, 7, 97871, 0, 85.42
2026/10/09 01:10:50.095, 1, 82711, 97871, 49, 304.38
2026/10/09 01:10:50.095, 2, 79991, 97871, 99, 407.34
2026/10/09 01:10:50.095, 3, 79181, 97871, 99, 465.66
2026/10/09 01:10:51.095, 0, 7, 97871, 0, 85.44
2026/10/09 01:10:51.095, 1, 82711, 97871, 50, 324.95
2026/10/09 01:10:51.095, 2, 79991, 97871, 99, 407.59
2026/10/09 01:10:51.095, 3, 79181, 97871, 99, 472.45
2026/10/09 01:10:52.095, 0, 7, 97871, 0, 85.29
2026/10/09 01:10:52.095, 1, 82711, 97871, 50, 302.76
2026/10/09 01:10:52.095, 2, 79991, 97871, 99, 407.91
2026/10/09 01:10:52.095, 3, 79181, 97871, 99, 472.05
2026/10/09 01:10:53.095, 0, 7, 97871, 0, 85.45
2026/10/09 01:10:53.096, 1, 82711, 97871, 49, 296.00
2026/10/09 01:10:53.096, 2, 79991, 97871, 98, 408.37
2026/10/09 01:10:53.096, 3, 79181, 97871, 99, 472.69
2026/10/09 01:10:54.096, 0, 7, 97871, 0, 85.45
2026/10/09 01:10:54.096, 1, 82711, 97871, 49, 318.50
2026/10/09 01:10:54.096, 2, 79991, 97871, 99, 396.51
2026/10/09 01:10:54.096, 3, 79181, 97871, 100, 472.22
2026/10/09 01:10:55.096, 0, 7, 97871, 0, 85.28
2026/10/09 01:10:55.096, 1, 82711, 97871, 50, 304.39
2026/10/09 01:10:55.096, 2, 79991, 97871, 99, 402.94
2026/10/09 01:10:55.096, 3, 79181, 97871, 99, 468.30
2026/10/09 01:10:56.096, 0, 7, 97871, 0, 85.33
2026/10/09 01:10:56.096, 1, 82711, 97871, 51, 308.67
2026/10/09 01:10:56.096, 2, 79991, 97871, 99, 404.55
2026/10/09 01:10:56.096, 3, 79181, 97871, 99, 472.79
2026/10/09 01:10:57.096, 0, 7, 97871, 0, 85.46
2026/10/09 01:10:57.096, 1, 82711, 97871, 53, 329.08
2026/10/09 01:10:57.096, 2, 79991, 97871, 99, 407.39
2026/10/09 01:10:57.096, 3, 79181, 97871, 99, 471.36
2026/10/09 01:10:58.096, 0, 7, 97871, 0, 85.31
2026/10/09 01:10:58.097, 1, 82711, 97871, 52, 305.70
2026/10/09 01:10:58.097, 2, 79991, 97871, 99, 406.14
2026/10/09 01:10:58.097, 3, 79181, 97871, 99, 473.05
2026/10/09 01:10:59.097, 0, 7, 97871, 0, 85.41
2026/10/09 01:10:59.097, 1, 82711, 97871, 51, 309.63
2026/10/09 01:10:59.097, 2, 79991, 97871, 99, 370.76
2026/10/09 01:10:59.097, 3, 79181, 97871, 99, 471.43
2026/10/09 01:11:00.097, 0, 7, 97871, 0, 85.16
2026/10/09 01:11:00.097, 1, 82711, 97871, 53, 331.88
2026/10/09 01:11:00.097, 2, 79991, 97871, 100, 475.78
2026/10/09 01:11:00.097, 3, 79181, 97871, 99, 466.52
2026/10/09 01:11:01.097, 0, 7, 97871, 0, 85.27
2026/10/09 01:11:01.097, 1, 82711, 97871, 52, 311.05
2026/10/09 01:11:01.097, 2, 79991, 97871, 100, 486.56
2026/10/09 01:11:01.097, 3, 79181, 97871, 99, 470.07
2026/10/09 01:11:02.097, 0, 7, 97871, 0, 85.21
2026/10/09 01:11:02.097, 1, 82711, 97871, 52, 311.13
2026/10/09 01:11:02.097, 2, 79991, 97871, 100, 485.82
2026/10/09 01:11:02.097, 3, 79181, 97871, 99, 473.84
2026/10/09 01:11:03.098, 0, 7, 97871, 0, 85.20
2026/10/09 01:11:03.098, 1, 82711, 97871, 52, 344.25
2026/10/09 01:11:03.098, 2, 79991, 97871, 100, 498.55
2026/10/09 01:11:03.098, 3, 79181, 97871, 99, 472.98
2026/10/09 01:11:04.098, 0, 7, 97871, 0, 85.35
2026/10/09 01:11:04.098, 1, 82711, 97871, 53, 310.15
2026/10/09 01:11:04.098, 2, 79991, 97871, 100, 485.89
2026/10/09 01:11:04.098, 3, 79181, 97871, 99, 466.98
2026/10/09 01:11:05.098, 0, 7, 97871, 0, 85.29
2026/10/09 01:11:05.098, 1, 82711, 97871, 52, 311.17
2026/10/09 01:11:05.098, 2, 79991, 97871, 100, 498.81
2026/10/09 01:11:05.098, 3, 79181, 97871, 99, 470.39
2026/10/09 01:11:06.098, 0, 7, 97871, 0, 85.16
2026/10/09 01:11:06.098, 1, 82711, 97871, 51, 330.06
2026/10/09 01:11:06.098, 2, 79991, 97871, 100, 503.17
2026/10/09 01:11:06.098, 3, 79181, 97871, 100, 472.47
2026/10/09 01:11:07.098, 0, 7, 97871, 0, 85.37
2026/10/09 01:11:07.098, 1, 82711, 97871, 52, 314.23
2026/10/09 01:11:07.098, 2, 79991, 97871, 100, 494.15
2026/10/09 01:11:07.098, 3, 79181, 97871, 99, 465.41
2026/10/09 01:11:08.098, 0, 7, 97871, 0, 85.21
2026/10/09 01:11:08.099, 1, 82711, 97871, 51, 329.54
2026/10/09 01:11:08.099, 2, 79991, 97871, 100, 502.94
2026/10/09 01:11:08.099, 3, 79181, 97871, 99, 469.21
2026/10/09 01:11:09.099, 0, 7, 97871, 0, 85.14
2026/10/09 01:11:09.099, 1, 82711, 97871, 52, 306.48
2026/10/09 01:11:09.099, 2, 79991, 97871, 100, 498.24
2026/10/09 01:11:09.099, 3, 79181, 97871, 99, 466.68
2026/10/09 01:11:10.099, 0, 7, 97871, 0, 85.10
2026/10/09 01:11:10.099, 1, 82711, 97871, 52, 326.56
2026/10/09 01:11:10.099, 2, 79991, 97871, 100, 499.02
2026/10/09 01:11:10.099, 3, 79181, 97871, 99, 472.11
2026/10/09 01:11:11.099, 0, 7, 97871, 0, 85.35
2026/10/09 01:11:11.099, 1, 82711, 97871, 52, 307.81
2026/10/09 01:11:11.099, 2, 79991, 97871, 100, 468.07
2026/10/09 01:11:11.099, 3, 79181, 97871, 99, 471.37
2026/10/09 01:11:12.099, 0, 7, 97871, 0, 85.13
2026/10/09 01:11:12.099, 1, 82711, 97871, 51, 303.96
2026/10/09 01:11:12.099, 2, 79991, 97871, 100, 483.02
2026/10/09 01:11:12.099, 3, 79181, 97871, 99, 467.17
2026/10/09 01:11:13.099, 0, 7, 97871, 0, 85.18
2026/10/09 01:11:13.100, 1, 82711, 97871, 52, 332.35
2026/10/09 01:11:13.100, 2, 79991, 97871, 100, 491.12
2026/10/09 01:11:13.100, 3, 79181, 97871, 99, 472.20
2026/10/09 01:11:14.100, 0, 7, 97871, 0, 85.33
2026/10/09 01:11:14.100, 1, 82711, 97871, 53, 308.78
2026/10/09 01:11:14.100, 2, 79991, 97871, 100, 489.10
2026/10/09 01:11:14.100, 3, 79181, 97871, 99, 466.50
2026/10/09 01:11:15.100, 0, 7, 97871, 0, 85.30
2026/10/09 01:11:15.100, 1, 82711, 97871, 53, 310.39
2026/10/09 01:11:15.100, 2, 79991, 97871, 100, 486.42
2026/10/09 01:11:15.100, 3, 79181, 97871, 99, 470.87
2026/10/09 01:11:16.100, 0, 7, 97871, 0, 85.30
2026/10/09 01:11:16.100, 1, 82711, 97871, 54, 335.82
2026/10/09 01:11:16.100, 2, 79991, 97871, 100, 491.92
2026/10/09 01:11:16.100, 3, 79181, 97871, 99, 465.53
2026/10/09 01:11:17.100, 0, 7, 97871, 0, 85.33
2026/10/09 01:11:17.100, 1, 82711, 97871, 53, 311.86
2026/10/09 01:11:17.100, 2, 79991, 97871, 100, 494.86
2026/10/09 01:11:17.100, 3, 79181, 97871, 99, 472.77
2026/10/09 01:11:18.100, 0, 7, 97871, 0, 85.29
2026/10/09 01:11:18.100, 1, 82711, 97871, 53, 311.54
2026/10/09 01:11:18.101, 2, 79991, 97871, 100, 484.63
2026/10/09 01:11:18.101, 3, 79181, 97871, 99, 470.64
2026/10/09 01:11:19.101, 0, 7, 97871, 0, 85.19
2026/10/09 01:11:19.101, 1, 82711, 97871, 52, 334.93
2026/10/09 01:11:19.101, 2, 79991, 97871, 100, 476.88
2026/10/09 01:11:19.101, 3, 79181, 97871, 99, 472.88
2026/10/09 01:11:20.101, 0, 7, 97871, 0, 85.33
2026/10/09 01:11:20.101, 1, 82711, 97871, 52, 305.85
2026/10/09 01:11:20.101, 2, 79991, 97871, 100, 497.93
2026/10/09 01:11:20.101, 3, 79181, 97871, 100, 472.67
2026/10/09 01:11:21.101, 0, 7, 97871, 0, 85.27
2026/10/09 01:11:21.101, 1, 82711, 97871, 61, 329.17
2026/10/09 01:11:21.101, 2, 79991, 97871, 100, 481.11
2026/10/09 01:11:21.101, 3, 79181, 97871, 99, 475.01
2026/10/09 01:11:22.101, 0, 7, 97871, 0, 85.39
2026/10/09 01:11:22.101, 1, 82711, 97871, 44, 302.51
2026/10/09 01:11:22.101, 2, 79991, 97871, 100, 477.76
2026/10/09 01:11:22.101, 3, 79181, 97871, 99, 465.35
2026/10/09 01:11:23.102, 0, 7, 97871, 0, 85.12
2026/10/09 01:11:23.102, 1, 82711, 97871, 73, 331.76
2026/10/09 01:11:23.102, 2, 79991, 97871, 100, 475.95
2026/10/09 01:11:23.102, 3, 79181, 97871, 99, 470.20
2026/10/09 01:11:24.102, 0, 7, 97871, 0, 85.24
2026/10/09 01:11:24.102, 1, 82711, 97871, 53, 308.58
2026/10/09 01:11:24.102, 2, 79991, 97871, 100, 492.66
2026/10/09 01:11:24.102, 3, 79181, 97871, 99, 470.20
2026/10/09 01:11:25.102, 0, 7, 97871, 0, 85.33
2026/10/09 01:11:25.102, 1, 82711, 97871, 51, 305.71
2026/10/09 01:11:25.102, 2, 79991, 97871, 100, 477.02
2026/10/09 01:11:25.102, 3, 79181, 97871, 99, 469.86
2026/10/09 01:11:26.102, 0, 7, 97871, 0, 85.30
2026/10/09 01:11:26.102, 1, 82711, 97871, 53, 323.59
2026/10/09 01:11:26.102, 2, 79991, 97871, 99, 423.00
2026/10/09 01:11:26.102, 3, 79181, 97871, 99, 471.26
2026/10/09 01:11:27.102, 0, 7, 97871, 0, 85.37
2026/10/09 01:11:27.102, 1, 82711, 97871, 53, 305.50
2026/10/09 01:11:27.102, 2, 79991, 97871, 100, 402.18
2026/10/09 01:11:27.103, 3, 79181, 97871, 99, 467.77
2026/10/09 01:11:28.103, 0, 7, 97871, 0, 84.98
2026/10/09 01:11:28.103, 1, 82711, 97871, 81, 337.57
2026/10/09 01:11:28.103, 2, 79991, 97871, 100, 529.03
2026/10/09 01:11:28.103, 3, 79181, 97871, 100, 474.95
2026/10/09 01:11:29.103, 0, 7, 97871, 0, 85.20
2026/10/09 01:11:29.103, 1, 82711, 97871, 52, 307.86
2026/10/09 01:11:29.103, 2, 79991, 97871, 100, 529.84
2026/10/09 01:11:29.103, 3, 79181, 97871, 99, 467.06
2026/10/09 01:11:30.103, 0, 7, 97871, 0, 85.18
2026/10/09 01:11:30.103, 1, 82711, 97871, 51, 305.96
2026/10/09 01:11:30.103, 2, 79991, 97871, 100, 519.12
2026/10/09 01:11:30.103, 3, 79181, 97871, 99, 471.01
2026/10/09 01:11:31.103, 0, 7, 97871, 0, 85.56
2026/10/09 01:11:31.103, 1, 82711, 97871, 50, 305.25
2026/10/09 01:11:31.103, 2, 79991, 97871, 90, 447.52
2026/10/09 01:11:31.103, 3, 79181, 97871, 99, 470.00
2026/10/09 01:11:32.103, 0, 7, 97871, 0, 85.18
2026/10/09 01:11:32.104, 1, 82711, 97871, 50, 327.18
2026/10/09 01:11:32.104, 2, 79991, 97871, 100, 529.06
2026/10/09 01:11:32.104, 3, 79181, 97871, 99, 470.12
2026/10/09 01:11:33.104, 0, 7, 97871, 0, 85.08
2026/10/09 01:11:33.104, 1, 82711, 97871, 53, 306.40
2026/10/09 01:11:33.104, 2, 79991, 97871, 100, 525.96
2026/10/09 01:11:33.104, 3, 79181, 97871, 99, 476.46
2026/10/09 01:11:34.104, 0, 7, 97871, 0, 85.11
2026/10/09 01:11:34.104, 1, 82711, 97871, 51, 331.37
2026/10/09 01:11:34.104, 2, 79991, 97871, 100, 519.96
2026/10/09 01:11:34.104, 3, 79181, 97871, 99, 460.71
2026/10/09 01:11:35.104, 0, 7, 97871, 0, 85.22
2026/10/09 01:11:35.104, 1, 82711, 97871, 51, 302.13
2026/10/09 01:11:35.104, 2, 79991, 97871, 100, 522.00
2026/10/09 01:11:35.104, 3, 79181, 97871, 99, 467.90
2026/10/09 01:11:36.104, 0, 7, 97871, 0, 85.25
2026/10/09 01:11:36.104, 1, 82711, 97871, 51, 300.22
2026/10/09 01:11:36.104, 2, 79991, 97871, 100, 525.16
2026/10/09 01:11:36.104, 3, 79181, 97871, 100, 485.95
2026/10/09 01:11:37.105, 0, 7, 97871, 0, 85.45
2026/10/09 01:11:37.105, 1, 82711, 97871, 50, 302.52
2026/10/09 01:11:37.105, 2, 79991, 97871, 100, 521.35
2026/10/09 01:11:37.105, 3, 79853, 97871, 98, 500.98
2026/10/09 01:11:38.105, 0, 7, 97871, 0, 85.18
2026/10/09 01:11:38.105, 1, 82711, 97871, 51, 327.19
2026/10/09 01:11:38.105, 2, 79991, 97871, 100, 518.69
2026/10/09 01:11:38.105, 3, 79853, 97871, 100, 506.54
2026/10/09 01:11:39.105, 0, 7, 97871, 0, 85.21
2026/10/09 01:11:39.105, 1, 82711, 97871, 53, 305.71
2026/10/09 01:11:39.105, 2, 79991, 97871, 100, 520.58
2026/10/09 01:11:39.105, 3, 79853, 97871, 100, 519.33
2026/10/09 01:11:40.105, 0, 7, 97871, 0, 85.32
2026/10/09 01:11:40.105, 1, 82711, 97871, 51, 303.73
2026/10/09 01:11:40.105, 2, 79991, 97871, 100, 516.78
2026/10/09 01:11:40.105, 3, 79853, 97871, 100, 519.36
2026/10/09 01:11:41.105, 0, 7, 97871, 0, 85.38
2026/10/09 01:11:41.105, 1, 82711, 97871, 51, 331.20
2026/10/09 01:11:41.105, 2, 79991, 97871, 100, 519.05
2026/10/09 01:11:41.105, 3, 79853, 97871, 100, 505.04
2026/10/09 01:11:42.105, 0, 7, 97871, 0, 85.33
2026/10/09 01:11:42.106, 1, 82711, 97871, 51, 302.93
2026/10/09 01:11:42.106, 2, 79991, 97871, 100, 518.90
2026/10/09 01:11:42.106, 3, 79853, 97871, 100, 513.21
2026/10/09 01:11:43.106, 0, 7, 97871, 0, 85.24
2026/10/09 01:11:43.106, 1, 82711, 97871, 51, 325.39
2026/10/09 01:11:43.106, 2, 79991, 97871, 100, 522.11
2026/10/09 01:11:43.106, 3, 79853, 97871, 100, 514.97
2026/10/09 01:11:44.106, 0, 7, 97871, 0, 85.14
2026/10/09 01:11:44.106, 1, 82711, 97871, 50, 327.00
2026/10/09 01:11:44.106, 2, 79991, 97871, 100, 515.38
2026/10/09 01:11:44.106, 3, 79853, 97871, 100, 515.92
2026/10/09 01:11:45.106, 0, 7, 97871, 0, 85.43
2026/10/09 01:11:45.106, 1, 82711, 97871, 50, 311.74
2026/10/09 01:11:45.106, 2, 79991, 97871, 100, 516.92
2026/10/09 01:11:45.106, 3, 79853, 97871, 100, 510.20
2026/10/09 01:11:46.106, 0, 7, 97871, 0, 85.26
2026/10/09 01:11:46.106, 1, 82711, 97871, 78, 321.49
2026/10/09 01:11:46.106, 2, 79991, 97871, 100, 517.67
2026/10/09 01:11:46.106, 3, 79853, 97871, 100, 519.69
2026/10/09 01:11:47.106, 0, 7, 97871, 0, 85.34
2026/10/09 01:11:47.107, 1, 82711, 97871, 51, 305.25
2026/10/09 01:11:47.107, 2, 79991, 97871, 79, 427.02
2026/10/09 01:11:47.107, 3, 79853, 97871, 100, 510.60
2026/10/09 01:11:48.107, 0, 7, 97871, 0, 85.39
2026/10/09 01:11:48.107, 1, 82711, 97871, 64, 326.43
2026/10/09 01:11:48.107, 2, 79991, 97871, 100, 504.92
2026/10/09 01:11:48.107, 3, 79853, 97871, 100, 512.62
2026/10/09 01:11:49.107, 0, 7, 97871, 0, 85.27
2026/10/09 01:11:49.107, 1, 82711, 97871, 52, 303.98
2026/10/09 01:11:49.107, 2, 79991, 97871, 100, 527.98
2026/10/09 01:11:49.107, 3, 79853, 97871, 100, 500.65
2026/10/09 01:11:50.107, 0, 7, 97871, 0, 85.29
2026/10/09 01:11:50.107, 1, 82711, 97871, 50, 301.92
2026/10/09 01:11:50.107, 2, 79991, 97871, 100, 527.51
2026/10/09 01:11:50.107, 3, 79853, 97871, 100, 518.41
2026/10/09 01:11:51.107, 0, 7, 97871, 0, 85.43
2026/10/09 01:11:51.107, 1, 82711, 97871, 52, 324.66
2026/10/09 01:11:51.107, 2, 79991, 97871, 100, 527.68
2026/10/09 01:11:51.107, 3, 79853, 97871, 100, 501.24
2026/10/09 01:11:52.107, 0, 7, 97871, 0, 85.30
2026/10/09 01:11:52.108, 1, 82711, 97871, 65, 335.27
2026/10/09 01:11:52.108, 2, 79991, 97871, 100, 528.19
2026/10/09 01:11:52.108, 3, 79853, 97871, 100, 517.78
2026/10/09 01:11:53.108, 0, 7, 97871, 0, 85.14
2026/10/09 01:11:53.108, 1, 82711, 97871, 50, 301.06
2026/10/09 01:11:53.108, 2, 79991, 97871, 100, 525.87
2026/10/09 01:11:53.108, 3, 79853, 97871, 100, 506.79
2026/10/09 01:11:54.108, 0, 7, 97871, 0, 85.15
2026/10/09 01:11:54.108, 1, 82711, 97871, 51, 303.18
2026/10/09 01:11:54.108, 2, 79991, 97871, 100, 514.91
2026/10/09 01:11:54.108, 3, 79853, 97871, 100, 501.93
2026/10/09 01:11:55.108, 0, 7, 97871, 0, 85.17
2026/10/09 01:11:55.108, 1, 82711, 97871, 51, 326.70
2026/10/09 01:11:55.108, 2, 79991, 97871, 72, 446.91
2026/10/09 01:11:55.108, 3, 79853, 97871, 100, 519.34
2026/10/09 01:11:56.108, 0, 7, 97871, 0, 85.32
2026/10/09 01:11:56.108, 1, 82711, 97871, 51, 301.20
2026/10/09 01:11:56.108, 2, 79991, 97871, 100, 534.29
2026/10/09 01:11:56.108, 3, 79853, 97871, 100, 508.14
2026/10/09 01:11:57.108, 0, 7, 97871, 0, 85.21
2026/10/09 01:11:57.109, 1, 82711, 97871, 56, 328.93
2026/10/09 01:11:57.109, 2, 79991, 97871, 100, 528.18
2026/10/09 01:11:57.109, 3, 79853, 97871, 100, 514.14
2026/10/09 01:11:58.109, 0, 7, 97871, 0, 85.03
2026/10/09 01:11:58.109, 1, 82711, 97871, 51, 302.66
2026/10/09 01:11:58.109, 2, 79991, 97871, 100, 527.55
2026/10/09 01:11:58.109, 3, 79853, 97871, 100, 506.01
2026/10/09 01:11:59.109, 0, 7, 97871, 0, 85.14
2026/10/09 01:11:59.109, 1, 82711, 97871, 51, 327.33
2026/10/09 01:11:59.109, 2, 79991, 97871, 100, 531.48
2026/10/09 01:11:59.109, 3, 79853, 97871, 100, 498.89
2026/10/09 01:12:00.109, 0, 7, 97871, 0, 85.25
2026/10/09 01:12:00.109, 1, 82711, 97871, 51, 302.30
2026/10/09 01:12:00.109, 2, 79991, 97871, 100, 527.30
2026/10/09 01:12:00.109, 3, 79853, 97871, 100, 508.75
2026/10/09 01:12:01.109, 0, 7, 97871, 0, 85.54
2026/10/09 01:12:01.109, 1, 82711, 97871, 50, 301.28
2026/10/09 01:12:01.109, 2, 79991, 97871, 100, 523.11
2026/10/09 01:12:01.109, 3, 79853, 97871, 100, 519.67
2026/10/09 01:12:02.109, 0, 7, 97871, 0, 85.17
2026/10/09 01:12:02.110, 1, 82711, 97871, 81, 323.05
2026/10/09 01:12:02.110, 2, 79991, 97871, 100, 523.50
2026/10/09 01:12:02.110, 3, 79853, 97871, 100, 506.21
2026/10/09 01:12:03.110, 0, 7, 97871, 0, 85.44
2026/10/09 01:12:03.110, 1, 82711, 97871, 37, 285.57
2026/10/09 01:12:03.110, 2, 79991, 97871, 100, 523.13
2026/10/09 01:12:03.110, 3, 79853, 97871, 100, 503.93
2026/10/09 01:12:04.110, 0, 7, 97871, 0, 85.28
2026/10/09 01:12:04.110, 1, 82711, 97871, 45, 285.06
2026/10/09 01:12:04.110, 2, 79991, 97871, 100, 530.52
2026/10/09 01:12:04.110, 3, 79853, 97871, 100, 503.60
2026/10/09 01:12:05.110, 0, 7, 97871, 0, 85.24
2026/10/09 01:12:05.110, 1, 82711, 97871, 44, 307.20
2026/10/09 01:12:05.110, 2, 79991, 97871, 100, 524.99
2026/10/09 01:12:05.110, 3, 79853, 97871, 100, 513.73
2026/10/09 01:12:06.110, 0, 7, 97871, 0, 85.32
2026/10/09 01:12:06.110, 1, 82711, 97871, 45, 282.21
2026/10/09 01:12:06.110, 2, 79991, 97871, 100, 520.72
2026/10/09 01:12:06.110, 3, 79853, 97871, 100, 490.35
2026/10/09 01:12:07.111, 0, 7, 97871, 0, 85.23
2026/10/09 01:12:07.111, 1, 82711, 97871, 45, 308.41
2026/10/09 01:12:07.111, 2, 79991, 97871, 100, 521.69
2026/10/09 01:12:07.111, 3, 79853, 97871, 81, 421.70
2026/10/09 01:12:08.111, 0, 7, 97871, 0, 85.13
2026/10/09 01:12:08.111, 1, 82711, 97871, 44, 283.21
2026/10/09 01:12:08.111, 2, 79991, 97871, 100, 520.84
2026/10/09 01:12:08.111, 3, 79853, 97871, 100, 528.54
2026/10/09 01:12:09.111, 0, 7, 97871, 0, 85.20
2026/10/09 01:12:09.111, 1, 82711, 97871, 44, 281.79
2026/10/09 01:12:09.111, 2, 79991, 97871, 100, 525.64
2026/10/09 01:12:09.111, 3, 79853, 97871, 100, 528.90
2026/10/09 01:12:10.111, 0, 7, 97871, 0, 85.32
2026/10/09 01:12:10.111, 1, 82711, 97871, 51, 320.01
2026/10/09 01:12:10.111, 2, 79991, 97871, 100, 523.30
2026/10/09 01:12:10.111, 3, 79853, 97871, 100, 521.47
2026/10/09 01:12:11.112, 0, 7, 97871, 0, 85.27
2026/10/09 01:12:11.112, 1, 82711, 97871, 49, 292.45
2026/10/09 01:12:11.112, 2, 79991, 97871, 100, 518.54
2026/10/09 01:12:11.112, 3, 79853, 97871, 96, 516.24
2026/10/09 01:12:12.112, 0, 7, 97871, 0, 85.37
2026/10/09 01:12:12.112, 1, 82711, 97871, 45, 312.21
2026/10/09 01:12:12.112, 2, 79991, 97871, 100, 525.11
2026/10/09 01:12:12.112, 3, 79853, 97871, 100, 516.02
2026/10/09 01:12:13.112, 0, 7, 97871, 0, 85.30
2026/10/09 01:12:13.112, 1, 82711, 97871, 44, 286.33
2026/10/09 01:12:13.112, 2, 79991, 97871, 100, 519.15
2026/10/09 01:12:13.112, 3, 79853, 97871, 100, 524.26
2026/10/09 01:12:14.112, 0, 7, 97871, 0, 85.21
2026/10/09 01:12:14.112, 1, 82711, 97871, 44, 310.05
2026/10/09 01:12:14.112, 2, 79991, 97871, 100, 524.66
2026/10/09 01:12:14.112, 3, 79853, 97871, 100, 527.31
2026/10/09 01:12:15.112, 0, 7, 97871, 0, 85.18
2026/10/09 01:12:15.112, 1, 82711, 97871, 44, 279.08
2026/10/09 01:12:15.112, 2, 79991, 97871, 100, 520.59
2026/10/09 01:12:15.113, 3, 79853, 97871, 100, 513.84
2026/10/09 01:12:16.113, 0, 7, 97871, 0, 85.16
2026/10/09 01:12:16.113, 1, 82711, 97871, 44, 278.97
2026/10/09 01:12:16.113, 2, 79991, 97871, 100, 525.49
2026/10/09 01:12:16.113, 3, 79853, 97871, 100, 515.34
2026/10/09 01:12:17.113, 0, 7, 97871, 0, 85.31
2026/10/09 01:12:17.113, 1, 82711, 97871, 43, 298.09
2026/10/09 01:12:17.113, 2, 79991, 97871, 100, 519.48
2026/10/09 01:12:17.113, 3, 79853, 97871, 100, 511.99
2026/10/09 01:12:18.113, 0, 7, 97871, 0, 85.39
2026/10/09 01:12:18.113, 1, 82711, 97871, 44, 279.81
2026/10/09 01:12:18.113, 2, 79991, 97871, 100, 522.69
2026/10/09 01:12:18.113, 3, 79853, 97871, 100, 518.61
2026/10/09 01:12:19.113, 0, 7, 97871, 0, 85.37
2026/10/09 01:12:19.113, 1, 82711, 97871, 43, 284.26
2026/10/09 01:12:19.113, 2, 79991, 97871, 100, 516.19
2026/10/09 01:12:19.113, 3, 79853, 97871, 100, 516.78
2026/10/09 01:12:20.113, 0, 7, 97871, 0, 85.28
2026/10/09 01:12:20.114, 1, 82711, 97871, 44, 308.14
2026/10/09 01:12:20.114, 2, 79991, 97871, 100, 522.24
2026/10/09 01:12:20.114, 3, 79853, 97871, 100, 515.46
2026/10/09 01:12:21.114, 0, 7, 97871, 0, 85.28
2026/10/09 01:12:21.114, 1, 82711, 97871, 44, 286.46
2026/10/09 01:12:21.114, 2, 79991, 97871, 100, 521.86
2026/10/09 01:12:21.114, 3, 79853, 97871, 100, 508.33
2026/10/09 01:12:22.114, 0, 7, 97871, 0, 85.33
2026/10/09 01:12:22.114, 1, 82711, 97871, 55, 310.37
2026/10/09 01:12:22.114, 2, 79991, 97871, 100, 517.71
2026/10/09 01:12:22.114, 3, 79853, 97871, 100, 514.62
2026/10/09 01:12:23.114, 0, 7, 97871, 0, 85.30
2026/10/09 01:12:23.114, 1, 82711, 97871, 44, 279.84
2026/10/09 01:12:23.114, 2, 79991, 97871, 100, 511.68
2026/10/09 01:12:23.114, 3, 79853, 97871, 100, 510.62
2026/10/09 01:12:24.114, 0, 7, 97871, 0, 85.17
2026/10/09 01:12:24.114, 1, 82711, 97871, 44, 282.15
2026/10/09 01:12:24.114, 2, 79991, 97871, 100, 474.89
2026/10/09 01:12:24.114, 3, 79853, 97871, 100, 514.88
2026/10/09 01:12:25.114, 0, 7, 97871, 0, 85.41
2026/10/09 01:12:25.115, 1, 82711, 97871, 44, 282.72
2026/10/09 01:12:25.115, 2, 79991, 97871, 100, 414.02
2026/10/09 01:12:25.115, 3, 79853, 97871, 100, 511.73
2026/10/09 01:12:26.115, 0, 7, 97871, 0, 85.20
2026/10/09 01:12:26.115, 1, 82711, 97871, 43, 301.84
2026/10/09 01:12:26.115, 2, 79991, 97871, 100, 525.22
2026/10/09 01:12:26.115, 3, 79853, 97871, 100, 507.87
2026/10/09 01:12:27.115, 0, 7, 97871, 0, 85.35
2026/10/09 01:12:27.115, 1, 82711, 97871, 43, 284.38
2026/10/09 01:12:27.115, 2, 79991, 97871, 100, 528.82
2026/10/09 01:12:27.115, 3, 79853, 97871, 100, 508.91
2026/10/09 01:12:28.115, 0, 7, 97871, 0, 85.36
2026/10/09 01:12:28.115, 1, 82711, 97871, 60, 309.57
2026/10/09 01:12:28.115, 2, 79991, 97871, 100, 526.74
2026/10/09 01:12:28.115, 3, 79853, 97871, 100, 519.15
2026/10/09 01:12:29.115, 0, 7, 97871, 0, 85.36
2026/10/09 01:12:29.116, 1, 82711, 97871, 44, 284.30
2026/10/09 01:12:29.116, 2, 79991, 97871, 100, 526.06
2026/10/09 01:12:29.116, 3, 79853, 97871, 99, 489.11
2026/10/09 01:12:30.116, 0, 7, 97871, 0, 85.40
2026/10/09 01:12:30.116, 1, 82711, 97871, 45, 284.61
2026/10/09 01:12:30.116, 2, 79991, 97871, 100, 527.42
2026/10/09 01:12:30.116, 3, 79853, 97871, 100, 458.83
2026/10/09 01:12:31.116, 0, 7, 97871, 0, 85.21
2026/10/09 01:12:31.116, 1, 82711, 97871, 44, 305.98
2026/10/09 01:12:31.116, 2, 79991, 97871, 100, 526.70
2026/10/09 01:12:31.116, 3, 79853, 97871, 100, 524.61
2026/10/09 01:12:32.116, 0, 7, 97871, 0, 85.38
2026/10/09 01:12:32.116, 1, 82711, 97871, 44, 281.49
2026/10/09 01:12:32.116, 2, 79991, 97871, 100, 528.28
2026/10/09 01:12:32.117, 3, 79853, 97871, 100, 524.09
2026/10/09 01:12:33.117, 0, 7, 97871, 0, 85.39
2026/10/09 01:12:33.117, 1, 82711, 97871, 45, 285.60
2026/10/09 01:12:33.117, 2, 79991, 97871, 100, 528.79
2026/10/09 01:12:33.117, 3, 79853, 97871, 100, 524.44
2026/10/09 01:12:34.117, 0, 7, 97871, 0, 85.27
2026/10/09 01:12:34.117, 1, 82711, 97871, 44, 305.67
2026/10/09 01:12:34.117, 2, 79991, 97871, 100, 527.12
2026/10/09 01:12:34.117, 3, 79853, 97871, 100, 526.30
2026/10/09 01:12:35.117, 0, 7, 97871, 0, 85.38
2026/10/09 01:12:35.117, 1, 82711, 97871, 44, 280.79
2026/10/09 01:12:35.117, 2, 79991, 97871, 100, 524.70
2026/10/09 01:12:35.117, 3, 79853, 97871, 100, 524.15
2026/10/09 01:12:36.117, 0, 7, 97871, 0, 85.26
2026/10/09 01:12:36.117, 1, 82711, 97871, 43, 279.66
2026/10/09 01:12:36.117, 2, 79991, 97871, 100, 518.34
2026/10/09 01:12:36.117, 3, 79853, 97871, 100, 518.55
2026/10/09 01:12:37.118, 0, 7, 97871, 0, 85.52
2026/10/09 01:12:37.118, 1, 82711, 97871, 49, 317.79
2026/10/09 01:12:37.118, 2, 79991, 97871, 100, 517.33
2026/10/09 01:12:37.118, 3, 79853, 97871, 100, 510.54
2026/10/09 01:12:38.118, 0, 7, 97871, 0, 85.45
2026/10/09 01:12:38.118, 1, 82711, 97871, 49, 300.68
2026/10/09 01:12:38.118, 2, 79991, 97871, 100, 519.61
2026/10/09 01:12:38.118, 3, 79853, 97871, 93, 486.30
2026/10/09 01:12:39.118, 0, 7, 97871, 0, 85.56
2026/10/09 01:12:39.118, 1, 82711, 97871, 50, 297.39
2026/10/09 01:12:39.118, 2, 79991, 97871, 100, 488.91
2026/10/09 01:12:39.118, 3, 79853, 97871, 100, 520.74
2026/10/09 01:12:40.118, 0, 7, 97871, 0, 85.27
2026/10/09 01:12:40.119, 1, 82711, 97871, 49, 321.73
2026/10/09 01:12:40.119, 2, 79991, 97871, 100, 431.99
2026/10/09 01:12:40.119, 3, 79853, 97871, 100, 525.27
2026/10/09 01:12:41.119, 0, 7, 97871, 0, 85.35
2026/10/09 01:12:41.119, 1, 82711, 97871, 48, 290.04
2026/10/09 01:12:41.119, 2, 79991, 97871, 100, 526.97
2026/10/09 01:12:41.119, 3, 79853, 97871, 100, 525.38
2026/10/09 01:12:42.119, 0, 6, 97871, 0, 85.29
2026/10/09 01:12:42.119, 1, 82710, 97871, 48, 298.27
2026/10/09 01:12:42.119, 2, 79990, 97871, 100, 527.88
2026/10/09 01:12:42.119, 3, 79852, 97871, 100, 524.32
2026/10/09 01:12:43.119, 0, 6, 97871, 0, 85.29
2026/10/09 01:12:43.119, 1, 82710, 97871, 48, 297.12
2026/10/09 01:12:43.119, 2, 79990, 97871, 100, 526.54
2026/10/09 01:12:43.119, 3, 79852, 97871, 100, 513.84
2026/10/09 01:12:44.119, 0, 6, 97871, 0, 85.33
2026/10/09 01:12:44.119, 1, 82710, 97871, 46, 313.10
2026/10/09 01:12:44.119, 2, 79990, 97871, 100, 525.40
2026/10/09 01:12:44.119, 3, 79852, 97871, 100, 522.65
2026/10/09 01:12:45.120, 0, 6, 97871, 0, 85.42
2026/10/09 01:12:45.120, 1, 82709, 97871, 49, 287.02
2026/10/09 01:12:45.120, 2, 79990, 97871, 100, 530.34
2026/10/09 01:12:45.120, 3, 79852, 97871, 100, 515.58
2026/10/09 01:12:46.120, 0, 6, 97871, 0, 85.35
2026/10/09 01:12:46.120, 1, 82709, 97871, 50, 291.02
2026/10/09 01:12:46.120, 2, 79990, 97871, 100, 527.06
2026/10/09 01:12:46.120, 3, 79852, 97871, 100, 516.05
2026/10/09 01:12:47.120, 0, 6, 97871, 0, 85.38
2026/10/09 01:12:47.120, 1, 82709, 97871, 51, 319.70
2026/10/09 01:12:47.120, 2, 79990, 97871, 100, 529.20
2026/10/09 01:12:47.120, 3, 79852, 97871, 100, 516.79
2026/10/09 01:12:48.120, 0, 6, 97871, 0, 85.39
2026/10/09 01:12:48.120, 1, 82709, 97871, 49, 297.37
2026/10/09 01:12:48.120, 2, 79990, 97871, 100, 527.06
2026/10/09 01:12:48.120, 3, 79852, 97871, 100, 517.62
2026/10/09 01:12:49.121, 0, 6, 97871, 0, 85.25
2026/10/09 01:12:49.121, 1, 82709, 97871, 50, 323.88
2026/10/09 01:12:49.121, 2, 79990, 97871, 100, 526.06
2026/10/09 01:12:49.121, 3, 79852, 97871, 100, 517.01
2026/10/09 01:12:50.121, 0, 6, 97871, 0, 85.21
2026/10/09 01:12:50.121, 1, 82709, 97871, 49, 299.18
2026/10/09 01:12:50.121, 2, 79990, 97871, 100, 528.92
2026/10/09 01:12:50.121, 3, 79852, 97871, 100, 514.92
2026/10/09 01:12:51.121, 0, 6, 97871, 0, 85.56
2026/10/09 01:12:51.121, 1, 82709, 97871, 50, 299.57
2026/10/09 01:12:51.121, 2, 79990, 97871, 100, 519.38
2026/10/09 01:12:51.121, 3, 79852, 97871, 100, 513.69
2026/10/09 01:12:52.121, 0, 6, 97871, 0, 85.36
2026/10/09 01:12:52.121, 1, 82709, 97871, 49, 300.11
2026/10/09 01:12:52.121, 2, 79990, 97871, 100, 532.77
2026/10/09 01:12:52.121, 3, 79852, 97871, 100, 514.43
2026/10/09 01:12:53.121, 0, 6, 97871, 0, 85.31
2026/10/09 01:12:53.121, 1, 82709, 97871, 49, 317.54
2026/10/09 01:12:53.121, 2, 79990, 97871, 100, 530.70
2026/10/09 01:12:53.122, 3, 79852, 97871, 100, 516.94
2026/10/09 01:12:54.122, 0, 6, 97871, 0, 85.35
2026/10/09 01:12:54.122, 1, 82709, 97871, 50, 297.53
2026/10/09 01:12:54.122, 2, 79990, 97871, 100, 529.19
2026/10/09 01:12:54.122, 3, 79852, 97871, 100, 515.22
2026/10/09 01:12:55.122, 0, 6, 97871, 0, 85.24
2026/10/09 01:12:55.122, 1, 82709, 97871, 50, 300.40
2026/10/09 01:12:55.122, 2, 79990, 97871, 100, 528.49
2026/10/09 01:12:55.122, 3, 79852, 97871, 100, 513.63
2026/10/09 01:12:56.122, 0, 6, 97871, 0, 85.41
2026/10/09 01:12:56.122, 1, 82709, 97871, 47, 321.33
2026/10/09 01:12:56.122, 2, 79990, 97871, 100, 523.78
2026/10/09 01:12:56.122, 3, 79852, 97871, 100, 512.80
2026/10/09 01:12:57.122, 0, 6, 97871, 0, 85.53
2026/10/09 01:12:57.122, 1, 82709, 97871, 50, 293.46
2026/10/09 01:12:57.122, 2, 79990, 97871, 100, 520.90
2026/10/09 01:12:57.122, 3, 79852, 97871, 100, 518.80
2026/10/09 01:12:58.123, 0, 6, 97871, 0, 85.43
2026/10/09 01:12:58.123, 1, 82709, 97871, 51, 298.37
2026/10/09 01:12:58.123, 2, 79990, 97871, 100, 524.41
2026/10/09 01:12:58.123, 3, 79852, 97871, 100, 514.78
2026/10/09 01:12:59.123, 0, 6, 97871, 0, 85.25
2026/10/09 01:12:59.123, 1, 82709, 97871, 50, 302.05
2026/10/09 01:12:59.123, 2, 79990, 97871, 100, 526.45
2026/10/09 01:12:59.123, 3, 79852, 97871, 100, 513.79
2026/10/09 01:13:00.123, 0, 6, 97871, 0, 85.53
2026/10/09 01:13:00.123, 1, 82709, 97871, 48, 317.22
2026/10/09 01:13:00.123, 2, 79990, 97871, 100, 523.75
2026/10/09 01:13:00.123, 3, 79852, 97871, 100, 514.59
2026/10/09 01:13:01.124, 0, 6, 97871, 0, 85.41
2026/10/09 01:13:01.124, 1, 82709, 97871, 51, 310.32
2026/10/09 01:13:01.124, 2, 79990, 97871, 100, 524.17
2026/10/09 01:13:01.124, 3, 79852, 97871, 100, 516.94
2026/10/09 01:13:02.124, 0, 6, 97871, 0, 85.57
2026/10/09 01:13:02.124, 1, 82709, 97871, 49, 298.63
2026/10/09 01:13:02.124, 2, 79990, 97871, 100, 527.05
2026/10/09 01:13:02.124, 3, 79852, 97871, 100, 514.87
2026/10/09 01:13:03.124, 0, 6, 97871, 0, 85.40
2026/10/09 01:13:03.124, 1, 82709, 97871, 62, 306.84
2026/10/09 01:13:03.124, 2, 79990, 97871, 100, 529.35
2026/10/09 01:13:03.124, 3, 79852, 97871, 100, 513.73
2026/10/09 01:13:04.124, 0, 6, 97871, 0, 85.33
2026/10/09 01:13:04.124, 1, 82709, 97871, 50, 313.93
2026/10/09 01:13:04.124, 2, 79990, 97871, 100, 530.49
2026/10/09 01:13:04.124, 3, 79852, 97871, 100, 516.62
2026/10/09 01:13:05.124, 0, 6, 97871, 0, 85.59
2026/10/09 01:13:05.125, 1, 82709, 97871, 51, 302.66
2026/10/09 01:13:05.125, 2, 79990, 97871, 100, 520.35
2026/10/09 01:13:05.125, 3, 79852, 97871, 100, 516.54
2026/10/09 01:13:06.125, 0, 6, 97871, 0, 85.40
2026/10/09 01:13:06.125, 1, 82709, 97871, 49, 294.67
2026/10/09 01:13:06.125, 2, 79990, 97871, 100, 527.10
2026/10/09 01:13:06.125, 3, 79852, 97871, 100, 516.34
2026/10/09 01:13:07.125, 0, 6, 97871, 0, 85.45
2026/10/09 01:13:07.125, 1, 82709, 97871, 80, 321.29
2026/10/09 01:13:07.125, 2, 79990, 97871, 100, 530.20
2026/10/09 01:13:07.125, 3, 79852, 97871, 100, 512.68
2026/10/09 01:13:08.125, 0, 6, 97871, 0, 85.65
2026/10/09 01:13:08.125, 1, 82709, 97871, 50, 303.92
2026/10/09 01:13:08.130, 2, 79990, 97871, 100, 524.37
2026/10/09 01:13:08.130, 3, 79852, 97871, 100, 513.93
2026/10/09 01:13:09.130, 0, 6, 97871, 0, 85.32
2026/10/09 01:13:09.130, 1, 82709, 97871, 50, 302.92
2026/10/09 01:13:09.130, 2, 79990, 97871, 100, 524.03
2026/10/09 01:13:09.130, 3, 79852, 97871, 100, 513.77
2026/10/09 01:13:10.130, 0, 6, 97871, 0, 85.43
2026/10/09 01:13:10.130, 1, 82709, 97871, 75, 323.59
2026/10/09 01:13:10.130, 2, 79990, 97871, 100, 520.73
2026/10/09 01:13:10.130, 3, 79852, 97871, 0, 379.33
2026/10/09 01:13:11.130, 0, 6, 97871, 0, 85.52
2026/10/09 01:13:11.130, 1, 82709, 97871, 48, 298.35
2026/10/09 01:13:11.130, 2, 79990, 97871, 100, 522.88
2026/10/09 01:13:11.131, 3, 79852, 97871, 100, 530.68
2026/10/09 01:13:12.131, 0, 6, 97871, 0, 85.33
2026/10/09 01:13:12.131, 1, 82709, 97871, 48, 298.66
2026/10/09 01:13:12.131, 2, 79990, 97871, 100, 529.27
2026/10/09 01:13:12.131, 3, 79852, 97871, 100, 524.42
2026/10/09 01:13:13.131, 0, 6, 97871, 0, 85.24
2026/10/09 01:13:13.131, 1, 82709, 97871, 48, 298.81
2026/10/09 01:13:13.131, 2, 79990, 97871, 100, 529.53
2026/10/09 01:13:13.131, 3, 79852, 97871, 100, 527.78
2026/10/09 01:13:14.131, 0, 6, 97871, 0, 85.09
2026/10/09 01:13:14.131, 1, 82709, 97871, 53, 306.44
2026/10/09 01:13:14.131, 2, 79990, 97871, 100, 527.10
2026/10/09 01:13:14.131, 3, 79852, 97871, 100, 526.00
2026/10/09 01:13:15.131, 0, 6, 97871, 0, 85.32
2026/10/09 01:13:15.131, 1, 82709, 97871, 75, 318.94
2026/10/09 01:13:15.131, 2, 79990, 97871, 100, 528.22
2026/10/09 01:13:15.131, 3, 79852, 97871, 100, 525.94
2026/10/09 01:13:16.131, 0, 6, 97871, 0, 85.25
2026/10/09 01:13:16.131, 1, 82709, 97871, 49, 306.18
2026/10/09 01:13:16.132, 2, 79990, 97871, 100, 525.74
2026/10/09 01:13:16.132, 3, 79852, 97871, 100, 525.06
2026/10/09 01:13:17.132, 0, 6, 97871, 0, 85.41
2026/10/09 01:13:17.132, 1, 82709, 97871, 50, 299.63
2026/10/09 01:13:17.132, 2, 79990, 97871, 100, 520.94
2026/10/09 01:13:17.132, 3, 79852, 97871, 100, 524.84
2026/10/09 01:13:18.132, 0, 6, 97871, 0, 85.18
2026/10/09 01:13:18.132, 1, 82709, 97871, 49, 297.75
2026/10/09 01:13:18.139, 2, 79990, 97871, 100, 532.04
2026/10/09 01:13:18.139, 3, 79852, 97871, 100, 524.97
2026/10/09 01:13:19.140, 0, 6, 97871, 0, 85.14
2026/10/09 01:13:19.140, 1, 82709, 97871, 47, 318.46
2026/10/09 01:13:19.140, 2, 79990, 97871, 100, 526.40
2026/10/09 01:13:19.140, 3, 79852, 97871, 100, 525.54
2026/10/09 01:13:20.140, 0, 6, 97871, 0, 85.26
2026/10/09 01:13:20.140, 1, 82709, 97871, 48, 291.84
2026/10/09 01:13:20.140, 2, 79990, 97871, 100, 530.04
2026/10/09 01:13:20.140, 3, 79852, 97871, 100, 524.41
2026/10/09 01:13:21.140, 0, 6, 97871, 0, 85.51
2026/10/09 01:13:21.140, 1, 82709, 97871, 90, 325.61
2026/10/09 01:13:21.140, 2, 79990, 97871, 100, 526.29
2026/10/09 01:13:21.140, 3, 79852, 97871, 100, 522.54
2026/10/09 01:13:22.140, 0, 6, 97871, 0, 85.43
2026/10/09 01:13:22.140, 1, 82709, 97871, 47, 294.70
2026/10/09 01:13:22.140, 2, 79990, 97871, 100, 524.73
2026/10/09 01:13:22.140, 3, 79852, 97871, 100, 518.85
2026/10/09 01:13:23.140, 0, 6, 97871, 0, 85.28
2026/10/09 01:13:23.141, 1, 82709, 97871, 48, 293.98
2026/10/09 01:13:23.141, 2, 79990, 97871, 100, 520.28
2026/10/09 01:13:23.141, 3, 79852, 97871, 100, 517.96
2026/10/09 01:13:24.141, 0, 6, 97871, 0, 85.21
2026/10/09 01:13:24.141, 1, 82709, 97871, 48, 296.12
2026/10/09 01:13:24.141, 2, 79990, 97871, 100, 523.84
2026/10/09 01:13:24.141, 3, 79852, 97871, 100, 512.76
2026/10/09 01:13:25.141, 0, 6, 97871, 0, 85.42
2026/10/09 01:13:25.141, 1, 82709, 97871, 51, 325.99
2026/10/09 01:13:25.141, 2, 79990, 97871, 100, 523.86
2026/10/09 01:13:25.141, 3, 79852, 97871, 100, 505.41
2026/10/09 01:13:26.141, 0, 6, 97871, 0, 85.43
2026/10/09 01:13:26.141, 1, 82709, 97871, 47, 296.35
2026/10/09 01:13:26.141, 2, 79990, 97871, 100, 525.38
2026/10/09 01:13:26.141, 3, 79852, 97871, 100, 467.29
2026/10/09 01:13:27.141, 0, 6, 97871, 0, 85.29
2026/10/09 01:13:27.141, 1, 82709, 97871, 51, 322.64
2026/10/09 01:13:27.142, 2, 79990, 97871, 100, 525.73
2026/10/09 01:13:27.142, 3, 79852, 97871, 100, 524.78
2026/10/09 01:13:28.142, 0, 6, 97871, 0, 85.14
2026/10/09 01:13:28.142, 1, 82709, 97871, 51, 303.22
2026/10/09 01:13:28.149, 2, 79990, 97871, 100, 525.56
2026/10/09 01:13:28.149, 3, 79852, 97871, 100, 524.17
2026/10/09 01:13:29.149, 0, 6, 97871, 0, 85.26
2026/10/09 01:13:29.149, 1, 82709, 97871, 51, 304.21
2026/10/09 01:13:29.149, 2, 79990, 97871, 100, 529.89
2026/10/09 01:13:29.149, 3, 79852, 97871, 100, 524.60
2026/10/09 01:13:30.150, 0, 6, 97871, 0, 85.27
2026/10/09 01:13:30.150, 1, 82709, 97871, 51, 329.46
2026/10/09 01:13:30.150, 2, 79990, 97871, 100, 527.85
2026/10/09 01:13:30.150, 3, 79852, 97871, 100, 524.37
2026/10/09 01:13:31.150, 0, 6, 97871, 0, 85.32
2026/10/09 01:13:31.150, 1, 82709, 97871, 51, 303.15
2026/10/09 01:13:31.150, 2, 79990, 97871, 100, 524.46
2026/10/09 01:13:31.150, 3, 79852, 97871, 100, 524.09
2026/10/09 01:13:32.150, 0, 6, 97871, 0, 85.25
2026/10/09 01:13:32.150, 1, 82709, 97871, 51, 327.75
2026/10/09 01:13:32.150, 2, 79990, 97871, 100, 525.83
2026/10/09 01:13:32.150, 3, 79852, 97871, 100, 525.47
2026/10/09 01:13:33.150, 0, 6, 97871, 0, 85.29
2026/10/09 01:13:33.150, 1, 82709, 97871, 51, 301.37
2026/10/09 01:13:33.150, 2, 79990, 97871, 100, 517.03
2026/10/09 01:13:33.150, 3, 79852, 97871, 100, 526.13
2026/10/09 01:13:34.151, 0, 6, 97871, 0, 85.37
2026/10/09 01:13:34.151, 1, 82709, 97871, 50, 302.39
2026/10/09 01:13:34.151, 2, 79990, 97871, 100, 516.82
2026/10/09 01:13:34.151, 3, 79852, 97871, 100, 525.66
2026/10/09 01:13:35.151, 0, 6, 97871, 0, 85.36
2026/10/09 01:13:35.151, 1, 82709, 97871, 63, 322.70
2026/10/09 01:13:35.151, 2, 79990, 97871, 100, 514.37
2026/10/09 01:13:35.151, 3, 79852, 97871, 100, 523.76
2026/10/09 01:13:36.151, 0, 6, 97871, 0, 85.52
2026/10/09 01:13:36.151, 1, 82709, 97871, 51, 304.52
2026/10/09 01:13:36.151, 2, 79990, 97871, 0, 355.05
2026/10/09 01:13:36.151, 3, 79852, 97871, 100, 526.63
2026/10/09 01:13:37.151, 0, 6, 97871, 0, 85.46
2026/10/09 01:13:37.151, 1, 82709, 97871, 49, 299.01
2026/10/09 01:13:37.151, 2, 79990, 97871, 100, 538.74
2026/10/09 01:13:37.151, 3, 79852, 97871, 100, 522.52
2026/10/09 01:13:38.152, 0, 6, 97871, 0, 85.46
2026/10/09 01:13:38.152, 1, 82709, 97871, 51, 326.25
2026/10/09 01:13:38.159, 2, 79990, 97871, 100, 527.28
2026/10/09 01:13:38.159, 3, 79852, 97871, 100, 519.56
2026/10/09 01:13:39.159, 0, 6, 97871, 0, 85.33
2026/10/09 01:13:39.159, 1, 82709, 97871, 52, 302.97
2026/10/09 01:13:39.159, 2, 79990, 97871, 100, 529.43
2026/10/09 01:13:39.160, 3, 79852, 97871, 100, 519.91
2026/10/09 01:13:40.160, 0, 6, 97871, 0, 85.21
2026/10/09 01:13:40.160, 1, 82709, 97871, 49, 309.56
2026/10/09 01:13:40.160, 2, 79990, 97871, 100, 529.04
2026/10/09 01:13:40.160, 3, 79852, 97871, 100, 518.81
2026/10/09 01:13:41.160, 0, 6, 97871, 0, 85.29
2026/10/09 01:13:41.160, 1, 82709, 97871, 52, 325.26
2026/10/09 01:13:41.160, 2, 79990, 97871, 100, 529.82
2026/10/09 01:13:41.160, 3, 79852, 97871, 100, 518.27
2026/10/09 01:13:42.160, 0, 6, 97871, 0, 85.25
2026/10/09 01:13:42.160, 1, 82709, 97871, 51, 306.02
2026/10/09 01:13:42.160, 2, 79990, 97871, 100, 529.29
2026/10/09 01:13:42.160, 3, 79852, 97871, 100, 518.58
2026/10/09 01:13:43.160, 0, 6, 97871, 0, 85.27
2026/10/09 01:13:43.160, 1, 82709, 97871, 75, 337.43
2026/10/09 01:13:43.160, 2, 79990, 97871, 100, 526.62
2026/10/09 01:13:43.161, 3, 79852, 97871, 100, 518.97
2026/10/09 01:13:44.161, 0, 6, 97871, 0, 85.37
2026/10/09 01:13:44.161, 1, 82709, 97871, 52, 337.67
2026/10/09 01:13:44.161, 2, 79990, 97871, 100, 527.28
2026/10/09 01:13:44.161, 3, 79852, 97871, 100, 519.05
2026/10/09 01:13:45.161, 0, 6, 97871, 0, 85.39
2026/10/09 01:13:45.161, 1, 82709, 97871, 51, 306.84
2026/10/09 01:13:45.161, 2, 79990, 97871, 100, 529.09
2026/10/09 01:13:45.161, 3, 79852, 97871, 100, 516.02
2026/10/09 01:13:46.161, 0, 6, 97871, 0, 85.24
2026/10/09 01:13:46.161, 1, 82709, 97871, 46, 292.11
2026/10/09 01:13:46.161, 2, 79990, 97871, 100, 533.57
2026/10/09 01:13:46.161, 3, 79852, 97871, 100, 515.73
2026/10/09 01:13:47.161, 0, 6, 97871, 0, 85.19
2026/10/09 01:13:47.161, 1, 82709, 97871, 48, 319.23
2026/10/09 01:13:47.161, 2, 79990, 97871, 100, 516.22
2026/10/09 01:13:47.161, 3, 79852, 97871, 100, 518.82
2026/10/09 01:13:48.162, 0, 6, 97871, 0, 85.19
2026/10/09 01:13:48.162, 1, 82709, 97871, 48, 296.08
2026/10/09 01:13:48.166, 2, 79990, 97871, 100, 521.12
2026/10/09 01:13:48.166, 3, 79852, 97871, 100, 518.34
2026/10/09 01:13:49.166, 0, 6, 97871, 0, 85.25
2026/10/09 01:13:49.166, 1, 82709, 97871, 50, 307.42
2026/10/09 01:13:49.166, 2, 79990, 97871, 100, 525.14
2026/10/09 01:13:49.166, 3, 79852, 97871, 100, 521.37
2026/10/09 01:13:50.166, 0, 6, 97871, 0, 85.27
2026/10/09 01:13:50.166, 1, 82709, 97871, 50, 318.39
2026/10/09 01:13:50.166, 2, 79990, 97871, 100, 524.18
2026/10/09 01:13:50.166, 3, 79852, 97871, 100, 519.01
2026/10/09 01:13:51.166, 0, 6, 97871, 0, 85.15
2026/10/09 01:13:51.167, 1, 82709, 97871, 51, 304.88
2026/10/09 01:13:51.167, 2, 79990, 97871, 100, 526.30
2026/10/09 01:13:51.167, 3, 79852, 97871, 100, 521.86
2026/10/09 01:13:52.167, 0, 6, 97871, 0, 85.17
2026/10/09 01:13:52.167, 1, 82709, 97871, 50, 332.44
2026/10/09 01:13:52.167, 2, 79990, 97871, 100, 527.49
2026/10/09 01:13:52.167, 3, 79852, 97871, 100, 517.43
2026/10/09 01:13:53.167, 0, 6, 97871, 0, 85.33
2026/10/09 01:13:53.167, 1, 82709, 97871, 50, 301.58
2026/10/09 01:13:53.167, 2, 79990, 97871, 100, 524.75
2026/10/09 01:13:53.167, 3, 79852, 97871, 100, 523.68
2026/10/09 01:13:54.167, 0, 6, 97871, 0, 85.30
2026/10/09 01:13:54.167, 1, 82709, 97871, 49, 300.71
2026/10/09 01:13:54.167, 2, 79990, 97871, 100, 527.92
2026/10/09 01:13:54.168, 3, 79852, 97871, 100, 517.50
2026/10/09 01:13:55.168, 0, 6, 97871, 0, 85.29
2026/10/09 01:13:55.168, 1, 82709, 97871, 50, 321.72
2026/10/09 01:13:55.168, 2, 79990, 97871, 100, 527.53
2026/10/09 01:13:55.168, 3, 79852, 97871, 100, 518.75
2026/10/09 01:13:56.168, 0, 6, 97871, 0, 85.33
2026/10/09 01:13:56.168, 1, 82709, 97871, 49, 299.31
2026/10/09 01:13:56.168, 2, 79990, 97871, 100, 524.05
2026/10/09 01:13:56.168, 3, 79852, 97871, 100, 517.40
2026/10/09 01:13:57.168, 0, 6, 97871, 0, 85.24
2026/10/09 01:13:57.168, 1, 82709, 97871, 49, 301.38
2026/10/09 01:13:57.168, 2, 79990, 97871, 100, 530.52
2026/10/09 01:13:57.168, 3, 79852, 97871, 100, 516.81
2026/10/09 01:13:58.168, 0, 6, 97871, 0, 85.57
2026/10/09 01:13:58.168, 1, 82709, 97871, 50, 300.73
2026/10/09 01:13:58.173, 2, 79990, 97871, 100, 526.78
2026/10/09 01:13:58.173, 3, 79852, 97871, 100, 518.10
2026/10/09 01:13:59.173, 0, 6, 97871, 0, 85.24
2026/10/09 01:13:59.173, 1, 82709, 97871, 0, 280.62
2026/10/09 01:13:59.173, 2, 79990, 97871, 100, 527.91
2026/10/09 01:13:59.173, 3, 79852, 97871, 100, 517.47
2026/10/09 01:14:00.174, 0, 6, 97871, 0, 85.00
2026/10/09 01:14:00.174, 1, 82709, 97871, 57, 469.35
2026/10/09 01:14:00.174, 2, 79990, 97871, 100, 530.18
2026/10/09 01:14:00.174, 3, 79852, 97871, 100, 520.94
2026/10/09 01:14:01.174, 0, 6, 97871, 0, 85.29
2026/10/09 01:14:01.174, 1, 82709, 97871, 49, 342.24
2026/10/09 01:14:01.174, 2, 79990, 97871, 100, 525.71
2026/10/09 01:14:01.174, 3, 79852, 97871, 100, 518.44
2026/10/09 01:14:02.174, 0, 6, 97871, 0, 84.93
2026/10/09 01:14:02.174, 1, 82709, 97871, 100, 449.18
2026/10/09 01:14:02.174, 2, 79990, 97871, 100, 515.94
2026/10/09 01:14:02.174, 3, 79852, 97871, 100, 521.15
2026/10/09 01:14:03.174, 0, 6, 97871, 0, 85.23
2026/10/09 01:14:03.175, 1, 82709, 97871, 57, 361.97
2026/10/09 01:14:03.175, 2, 79990, 97871, 100, 516.40
2026/10/09 01:14:03.175, 3, 79852, 97871, 100, 515.64
2026/10/09 01:14:04.175, 0, 6, 97871, 0, 85.32
2026/10/09 01:14:04.175, 1, 82709, 97871, 100, 497.30
2026/10/09 01:14:04.175, 2, 79990, 97871, 100, 514.37
2026/10/09 01:14:04.175, 3, 79852, 97871, 100, 521.73
2026/10/09 01:14:05.175, 0, 6, 97871, 0, 85.34
2026/10/09 01:14:05.175, 1, 82709, 97871, 89, 418.20
2026/10/09 01:14:05.175, 2, 79990, 97871, 100, 411.14
2026/10/09 01:14:05.175, 3, 79852, 97871, 100, 517.57
2026/10/09 01:14:06.175, 0, 6, 97871, 0, 85.41
2026/10/09 01:14:06.175, 1, 82709, 97871, 83, 477.75
2026/10/09 01:14:06.175, 2, 79990, 97871, 100, 529.75
2026/10/09 01:14:06.175, 3, 79852, 97871, 100, 520.57
2026/10/09 01:14:07.176, 0, 6, 97871, 0, 85.45
2026/10/09 01:14:07.176, 1, 82709, 97871, 94, 394.64
2026/10/09 01:14:07.176, 2, 79990, 97871, 100, 529.92
2026/10/09 01:14:07.176, 3, 79852, 97871, 100, 517.86
2026/10/09 01:14:08.176, 0, 6, 97871, 0, 85.24
2026/10/09 01:14:08.176, 1, 82709, 97871, 97, 459.84
2026/10/09 01:14:08.180, 2, 79990, 97871, 100, 528.79
2026/10/09 01:14:08.181, 3, 79852, 97871, 100, 518.53
2026/10/09 01:14:09.181, 0, 6, 97871, 0, 85.25
2026/10/09 01:14:09.181, 1, 82709, 97871, 58, 408.40
2026/10/09 01:14:09.181, 2, 79990, 97871, 100, 530.06
2026/10/09 01:14:09.181, 3, 79852, 97871, 100, 515.92
2026/10/09 01:14:10.181, 0, 6, 97871, 0, 85.09
2026/10/09 01:14:10.181, 1, 82709, 97871, 55, 435.67
2026/10/09 01:14:10.181, 2, 79990, 97871, 100, 527.80
2026/10/09 01:14:10.181, 3, 79852, 97871, 100, 516.26
2026/10/09 01:14:11.181, 0, 6, 97871, 0, 85.35
2026/10/09 01:14:11.181, 1, 82709, 97871, 69, 439.51
2026/10/09 01:14:11.181, 2, 79990, 97871, 100, 526.12
2026/10/09 01:14:11.181, 3, 79852, 97871, 100, 516.43
2026/10/09 01:14:12.181, 0, 6, 97871, 0, 85.38
2026/10/09 01:14:12.182, 1, 82709, 97871, 55, 402.38
2026/10/09 01:14:12.182, 2, 79990, 97871, 100, 528.44
2026/10/09 01:14:12.182, 3, 79852, 97871, 100, 517.48
2026/10/09 01:14:13.182, 0, 6, 97871, 0, 85.19
2026/10/09 01:14:13.182, 1, 82709, 97871, 86, 466.44
2026/10/09 01:14:13.182, 2, 79990, 97871, 100, 526.67
2026/10/09 01:14:13.182, 3, 79852, 97871, 100, 519.20
2026/10/09 01:14:14.182, 0, 6, 97871, 0, 85.35
2026/10/09 01:14:14.182, 1, 82709, 97871, 83, 394.02
2026/10/09 01:14:14.182, 2, 79990, 97871, 100, 528.48
2026/10/09 01:14:14.182, 3, 79852, 97871, 100, 516.29
2026/10/09 01:14:15.182, 0, 6, 97871, 0, 85.09
2026/10/09 01:14:15.182, 1, 82709, 97871, 97, 454.25
2026/10/09 01:14:15.182, 2, 79990, 97871, 100, 528.03
2026/10/09 01:14:15.182, 3, 79852, 97871, 100, 517.59
2026/10/09 01:14:16.183, 0, 6, 97871, 0, 85.35
2026/10/09 01:14:16.183, 1, 82709, 97871, 71, 421.63
2026/10/09 01:14:16.183, 2, 79990, 97871, 100, 515.18
2026/10/09 01:14:16.183, 3, 79852, 97871, 100, 517.64
2026/10/09 01:14:17.183, 0, 6, 97871, 0, 85.57
2026/10/09 01:14:17.183, 1, 82709, 97871, 56, 364.34
2026/10/09 01:14:17.183, 2, 79990, 97871, 100, 525.46
2026/10/09 01:14:17.183, 3, 79852, 97871, 100, 516.52
2026/10/09 01:14:18.183, 0, 6, 97871, 0, 85.40
2026/10/09 01:14:18.183, 1, 82709, 97871, 56, 343.71
2026/10/09 01:14:18.187, 2, 79990, 97871, 100, 529.31
2026/10/09 01:14:18.188, 3, 79852, 97871, 100, 517.82
2026/10/09 01:14:19.188, 0, 6, 97871, 0, 85.29
2026/10/09 01:14:19.188, 1, 82709, 97871, 84, 432.49
2026/10/09 01:14:19.188, 2, 79990, 97871, 100, 527.43
2026/10/09 01:14:19.188, 3, 79852, 97871, 100, 520.53
2026/10/09 01:14:20.188, 0, 6, 97871, 0, 85.34
2026/10/09 01:14:20.188, 1, 82709, 97871, 56, 389.86
2026/10/09 01:14:20.188, 2, 79990, 97871, 100, 525.64
2026/10/09 01:14:20.188, 3, 79852, 97871, 100, 518.64
2026/10/09 01:14:21.188, 0, 6, 97871, 0, 85.49
2026/10/09 01:14:21.188, 1, 82709, 97871, 55, 362.84
2026/10/09 01:14:21.188, 2, 79990, 97871, 100, 524.21
2026/10/09 01:14:21.188, 3, 79852, 97871, 100, 513.71
2026/10/09 01:14:22.189, 0, 6, 97871, 0, 85.51
2026/10/09 01:14:22.189, 1, 82709, 97871, 53, 395.45
2026/10/09 01:14:22.189, 2, 79990, 97871, 100, 523.43
2026/10/09 01:14:22.189, 3, 79852, 97871, 100, 518.24
2026/10/09 01:14:23.189, 0, 6, 97871, 0, 85.49
2026/10/09 01:14:23.189, 1, 82709, 97871, 55, 432.22
2026/10/09 01:14:23.189, 2, 79990, 97871, 100, 523.76
2026/10/09 01:14:23.189, 3, 79852, 97871, 100, 512.93
2026/10/09 01:14:24.189, 0, 6, 97871, 0, 85.43
2026/10/09 01:14:24.189, 1, 82709, 97871, 80, 363.60
2026/10/09 01:14:24.189, 2, 79990, 97871, 100, 521.47
2026/10/09 01:14:24.189, 3, 79852, 97871, 100, 509.15
2026/10/09 01:14:25.189, 0, 6, 97871, 0, 85.25
2026/10/09 01:14:25.189, 1, 82709, 97871, 55, 387.86
2026/10/09 01:14:25.189, 2, 79990, 97871, 100, 529.86
2026/10/09 01:14:25.189, 3, 79852, 97871, 99, 500.82
2026/10/09 01:14:26.189, 0, 6, 97871, 0, 85.64
2026/10/09 01:14:26.189, 1, 82709, 97871, 75, 397.15
2026/10/09 01:14:26.190, 2, 79990, 97871, 100, 530.08
2026/10/09 01:14:26.190, 3, 79852, 97871, 100, 428.05
2026/10/09 01:14:27.190, 0, 6, 97871, 0, 85.70
2026/10/09 01:14:27.190, 1, 82709, 97871, 57, 366.19
2026/10/09 01:14:27.190, 2, 79990, 97871, 100, 528.57
2026/10/09 01:14:27.190, 3, 79852, 97871, 100, 525.84
2026/10/09 01:14:28.190, 0, 6, 97871, 0, 85.41
2026/10/09 01:14:28.190, 1, 82709, 97871, 82, 446.22
2026/10/09 01:14:28.200, 2, 79990, 97871, 100, 527.16
2026/10/09 01:14:28.200, 3, 79852, 97871, 100, 526.10
2026/10/09 01:14:29.200, 0, 6, 97871, 0, 85.44
2026/10/09 01:14:29.200, 1, 82709, 97871, 73, 397.98
2026/10/09 01:14:29.200, 2, 79990, 97871, 100, 526.56
2026/10/09 01:14:29.200, 3, 79852, 97871, 100, 525.97
2026/10/09 01:14:30.200, 0, 6, 97871, 0, 85.30
2026/10/09 01:14:30.200, 1, 82709, 97871, 69, 395.05
2026/10/09 01:14:30.201, 2, 79990, 97871, 100, 528.84
2026/10/09 01:14:30.201, 3, 79852, 97871, 100, 525.47
2026/10/09 01:14:31.201, 0, 6, 97871, 0, 85.35
2026/10/09 01:14:31.201, 1, 82709, 97871, 52, 413.94
2026/10/09 01:14:31.201, 2, 79990, 97871, 100, 527.70
2026/10/09 01:14:31.201, 3, 79852, 97871, 100, 526.61
2026/10/09 01:14:32.201, 0, 6, 97871, 0, 85.31
2026/10/09 01:14:32.201, 1, 82709, 97871, 57, 386.35
2026/10/09 01:14:32.201, 2, 79990, 97871, 100, 528.53
2026/10/09 01:14:32.201, 3, 79852, 97871, 100, 522.25
2026/10/09 01:14:33.201, 0, 6, 97871, 0, 85.17
2026/10/09 01:14:33.201, 1, 82709, 97871, 83, 421.08
2026/10/09 01:14:33.201, 2, 79990, 97871, 100, 523.22
2026/10/09 01:14:33.201, 3, 79852, 97871, 100, 525.84
2026/10/09 01:14:34.201, 0, 6, 97871, 0, 85.14
2026/10/09 01:14:34.202, 1, 82709, 97871, 57, 386.23
2026/10/09 01:14:34.202, 2, 79990, 97871, 100, 523.01
2026/10/09 01:14:34.202, 3, 79852, 97871, 100, 524.91
2026/10/09 01:14:35.202, 0, 6, 97871, 0, 85.14
2026/10/09 01:14:35.202, 1, 82709, 97871, 81, 407.73
2026/10/09 01:14:35.202, 2, 79990, 97871, 100, 520.27
2026/10/09 01:14:35.202, 3, 79852, 97871, 100, 527.15
2026/10/09 01:14:36.202, 0, 6, 97871, 0, 85.32
2026/10/09 01:14:36.202, 1, 82709, 97871, 66, 400.19
2026/10/09 01:14:36.202, 2, 79990, 97871, 100, 527.50
2026/10/09 01:14:36.202, 3, 79852, 97871, 100, 527.80
2026/10/09 01:14:37.202, 0, 6, 97871, 0, 85.40
2026/10/09 01:14:37.202, 1, 82709, 97871, 92, 367.82
2026/10/09 01:14:37.202, 2, 79990, 97871, 100, 526.98
2026/10/09 01:14:37.202, 3, 79852, 97871, 100, 522.13
2026/10/09 01:14:38.202, 0, 6, 97871, 0, 85.38
2026/10/09 01:14:38.202, 1, 82709, 97871, 58, 399.60
2026/10/09 01:14:38.212, 2, 79990, 97871, 100, 524.15
2026/10/09 01:14:38.212, 3, 79852, 97871, 100, 516.80
2026/10/09 01:14:39.212, 0, 6, 97871, 0, 85.32
2026/10/09 01:14:39.212, 1, 82709, 97871, 57, 351.71
2026/10/09 01:14:39.212, 2, 79990, 97871, 100, 525.90
2026/10/09 01:14:39.212, 3, 79852, 97871, 100, 518.33
2026/10/09 01:14:40.212, 0, 6, 97871, 0, 85.29
2026/10/09 01:14:40.212, 1, 82709, 97871, 75, 432.26
2026/10/09 01:14:40.212, 2, 79990, 97871, 100, 529.05
2026/10/09 01:14:40.212, 3, 79852, 97871, 100, 515.85
2026/10/09 01:14:41.212, 0, 6, 97871, 0, 85.40
2026/10/09 01:14:41.212, 1, 82709, 97871, 58, 374.08
2026/10/09 01:14:41.212, 2, 79990, 97871, 100, 526.94
2026/10/09 01:14:41.212, 3, 79852, 97871, 100, 517.49
2026/10/09 01:14:42.212, 0, 6, 97871, 0, 85.44
2026/10/09 01:14:42.212, 1, 82709, 97871, 56, 370.58
2026/10/09 01:14:42.212, 2, 79990, 97871, 100, 524.24
2026/10/09 01:14:42.212, 3, 79852, 97871, 100, 520.09
2026/10/09 01:14:43.212, 0, 6, 97871, 0, 85.39
2026/10/09 01:14:43.213, 1, 82709, 97871, 79, 448.05
2026/10/09 01:14:43.213, 2, 79990, 97871, 100, 524.97
2026/10/09 01:14:43.213, 3, 79852, 97871, 100, 516.06
2026/10/09 01:14:44.213, 0, 6, 97871, 0, 85.29
2026/10/09 01:14:44.213, 1, 82709, 97871, 54, 378.34
2026/10/09 01:14:44.213, 2, 79990, 97871, 100, 529.75
2026/10/09 01:14:44.213, 3, 79852, 97871, 100, 519.67
2026/10/09 01:14:45.213, 0, 6, 97871, 0, 85.39
2026/10/09 01:14:45.213, 1, 82709, 97871, 53, 367.04
2026/10/09 01:14:45.213, 2, 79990, 97871, 100, 523.70
2026/10/09 01:14:45.213, 3, 79852, 97871, 100, 514.19
2026/10/09 01:14:46.213, 0, 6, 97871, 0, 85.33
2026/10/09 01:14:46.213, 1, 82709, 97871, 54, 338.64
2026/10/09 01:14:46.213, 2, 79990, 97871, 100, 524.55
2026/10/09 01:14:46.213, 3, 79852, 97871, 100, 516.34
2026/10/09 01:14:47.213, 0, 6, 97871, 0, 85.27
2026/10/09 01:14:47.213, 1, 82709, 97871, 49, 306.62
2026/10/09 01:14:47.213, 2, 79990, 97871, 100, 523.69
2026/10/09 01:14:47.213, 3, 79852, 97871, 100, 517.56
2026/10/09 01:14:48.213, 0, 6, 97871, 0, 85.33
2026/10/09 01:14:48.214, 1, 82709, 97871, 50, 295.91
2026/10/09 01:14:48.219, 2, 79990, 97871, 100, 526.53
2026/10/09 01:14:48.219, 3, 79852, 97871, 100, 518.80
2026/10/09 01:14:49.219, 0, 6, 97871, 0, 85.34
2026/10/09 01:14:49.219, 1, 82709, 97871, 49, 296.49
2026/10/09 01:14:49.219, 2, 79990, 97871, 100, 522.06
2026/10/09 01:14:49.220, 3, 79852, 97871, 100, 521.17
2026/10/09 01:14:50.220, 0, 6, 97871, 0, 85.23
2026/10/09 01:14:50.220, 1, 82709, 97871, 100, 361.58
2026/10/09 01:14:50.220, 2, 79990, 97871, 100, 524.65
2026/10/09 01:14:50.220, 3, 79852, 97871, 100, 517.89
2026/10/09 01:14:51.220, 0, 6, 97871, 0, 84.93
2026/10/09 01:14:51.220, 1, 82709, 97871, 100, 533.78
2026/10/09 01:14:51.220, 2, 79990, 97871, 100, 528.51
2026/10/09 01:14:51.220, 3, 79852, 97871, 100, 520.45
2026/10/09 01:14:52.220, 0, 6, 97871, 0, 85.03
2026/10/09 01:14:52.220, 1, 82709, 97871, 100, 535.84
2026/10/09 01:14:52.220, 2, 79990, 97871, 100, 519.63
2026/10/09 01:14:52.220, 3, 79852, 97871, 100, 518.68
2026/10/09 01:14:53.220, 0, 6, 97871, 0, 85.00
2026/10/09 01:14:53.220, 1, 82709, 97871, 78, 502.13
2026/10/09 01:14:53.220, 2, 79990, 97871, 100, 523.47
2026/10/09 01:14:53.220, 3, 79852, 97871, 100, 514.65
2026/10/09 01:14:54.220, 0, 6, 97871, 0, 85.22
2026/10/09 01:14:54.220, 1, 82709, 97871, 60, 477.58
2026/10/09 01:14:54.221, 2, 79990, 97871, 100, 524.26
2026/10/09 01:14:54.221, 3, 79852, 97871, 100, 513.99
2026/10/09 01:14:55.221, 0, 6, 97871, 0, 85.40
2026/10/09 01:14:55.221, 1, 82709, 97871, 50, 313.30
2026/10/09 01:14:55.221, 2, 79990, 97871, 100, 528.44
2026/10/09 01:14:55.221, 3, 79852, 97871, 100, 511.76
2026/10/09 01:14:56.221, 0, 6, 97871, 0, 85.53
2026/10/09 01:14:56.221, 1, 82709, 97871, 100, 356.20
2026/10/09 01:14:56.221, 2, 79990, 97871, 100, 524.06
2026/10/09 01:14:56.221, 3, 79852, 97871, 99, 447.02
2026/10/09 01:14:57.221, 0, 6, 97871, 0, 85.53
2026/10/09 01:14:57.221, 1, 82709, 97871, 100, 530.14
2026/10/09 01:14:57.221, 2, 79990, 97871, 100, 526.66
2026/10/09 01:14:57.221, 3, 79852, 97871, 100, 527.93
2026/10/09 01:14:58.221, 0, 6, 97871, 0, 85.03
2026/10/09 01:14:58.221, 1, 82709, 97871, 100, 531.52
2026/10/09 01:14:58.226, 2, 79990, 97871, 100, 523.52
2026/10/09 01:14:58.226, 3, 79852, 97871, 100, 526.64
2026/10/09 01:14:59.226, 0, 6, 97871, 0, 85.01
2026/10/09 01:14:59.226, 1, 82709, 97871, 79, 520.75
2026/10/09 01:14:59.226, 2, 79990, 97871, 100, 525.59
2026/10/09 01:14:59.226, 3, 79852, 97871, 100, 523.89
2026/10/09 01:15:00.226, 0, 6, 97871, 0, 85.18
2026/10/09 01:15:00.226, 1, 82709, 97871, 100, 519.54
2026/10/09 01:15:00.226, 2, 79990, 97871, 100, 528.08
2026/10/09 01:15:00.226, 3, 79852, 97871, 100, 528.35
2026/10/09 01:15:01.226, 0, 6, 97871, 0, 85.03
2026/10/09 01:15:01.226, 1, 82709, 97871, 100, 525.39
2026/10/09 01:15:01.226, 2, 79990, 97871, 100, 524.08
2026/10/09 01:15:01.226, 3, 79852, 97871, 100, 526.83
2026/10/09 01:15:02.227, 0, 6, 97871, 0, 84.90
2026/10/09 01:15:02.227, 1, 82709, 97871, 100, 524.52
2026/10/09 01:15:02.227, 2, 79990, 97871, 100, 529.31
2026/10/09 01:15:02.227, 3, 79852, 97871, 100, 526.51
2026/10/09 01:15:03.227, 0, 6, 97871, 0, 85.05
2026/10/09 01:15:03.227, 1, 82709, 97871, 100, 518.67
2026/10/09 01:15:03.227, 2, 79990, 97871, 100, 523.62
2026/10/09 01:15:03.227, 3, 79852, 97871, 100, 527.14
2026/10/09 01:15:04.227, 0, 6, 97871, 0, 85.15
2026/10/09 01:15:04.227, 1, 82709, 97871, 100, 508.92
2026/10/09 01:15:04.227, 2, 79990, 97871, 100, 523.62
2026/10/09 01:15:04.227, 3, 79852, 97871, 100, 525.30
2026/10/09 01:15:05.227, 0, 6, 97871, 0, 85.08
2026/10/09 01:15:05.227, 1, 82709, 97871, 100, 518.89
2026/10/09 01:15:05.227, 2, 79990, 97871, 100, 527.28
2026/10/09 01:15:05.227, 3, 79852, 97871, 100, 528.67
2026/10/09 01:15:06.227, 0, 6, 97871, 0, 85.13
2026/10/09 01:15:06.227, 1, 82709, 97871, 100, 518.19
2026/10/09 01:15:06.228, 2, 79990, 97871, 100, 525.18
2026/10/09 01:15:06.228, 3, 79852, 97871, 100, 528.59
2026/10/09 01:15:07.228, 0, 6, 97871, 0, 85.36
2026/10/09 01:15:07.228, 1, 82709, 97871, 88, 490.21
2026/10/09 01:15:07.228, 2, 79990, 97871, 100, 526.40
2026/10/09 01:15:07.228, 3, 79852, 97871, 100, 524.81
2026/10/09 01:15:08.228, 0, 6, 97871, 0, 85.26
2026/10/09 01:15:08.228, 1, 82709, 97871, 100, 519.96
2026/10/09 01:15:08.239, 2, 79990, 97871, 100, 527.57
2026/10/09 01:15:08.239, 3, 79852, 97871, 100, 520.04
2026/10/09 01:15:09.239, 0, 6, 97871, 0, 85.15
2026/10/09 01:15:09.239, 1, 82709, 97871, 100, 521.82
2026/10/09 01:15:09.239, 2, 79990, 97871, 100, 525.10
2026/10/09 01:15:09.239, 3, 79852, 97871, 100, 517.46
2026/10/09 01:15:10.239, 0, 6, 97871, 0, 85.38
2026/10/09 01:15:10.240, 1, 82709, 97871, 100, 513.89
2026/10/09 01:15:10.240, 2, 79990, 97871, 100, 525.29
2026/10/09 01:15:10.240, 3, 79852, 97871, 100, 518.62
2026/10/09 01:15:11.240, 0, 6, 97871, 0, 85.29
2026/10/09 01:15:11.240, 1, 82709, 97871, 100, 512.91
2026/10/09 01:15:11.240, 2, 79990, 97871, 100, 527.32
2026/10/09 01:15:11.240, 3, 79852, 97871, 100, 517.91
2026/10/09 01:15:12.240, 0, 6, 97871, 0, 85.22
2026/10/09 01:15:12.240, 1, 82709, 97871, 93, 509.39
2026/10/09 01:15:12.240, 2, 79990, 97871, 100, 525.82
2026/10/09 01:15:12.240, 3, 79852, 97871, 100, 516.82
2026/10/09 01:15:13.240, 0, 6, 97871, 0, 85.15
2026/10/09 01:15:13.240, 1, 82709, 97871, 70, 506.14
2026/10/09 01:15:13.240, 2, 79990, 97871, 100, 528.68
2026/10/09 01:15:13.240, 3, 79852, 97871, 100, 518.47
2026/10/09 01:15:14.240, 0, 6, 97871, 0, 85.59
2026/10/09 01:15:14.240, 1, 82709, 97871, 66, 451.00
2026/10/09 01:15:14.240, 2, 79990, 97871, 100, 525.41
2026/10/09 01:15:14.240, 3, 79852, 97871, 100, 518.52
2026/10/09 01:15:15.240, 0, 6, 97871, 0, 85.50
2026/10/09 01:15:15.241, 1, 82709, 97871, 58, 388.32
2026/10/09 01:15:15.241, 2, 79990, 97871, 100, 521.15
2026/10/09 01:15:15.241, 3, 79852, 97871, 100, 515.03
2026/10/09 01:15:16.241, 0, 6, 97871, 0, 85.39
2026/10/09 01:15:16.241, 1, 82709, 97871, 51, 331.21
2026/10/09 01:15:16.241, 2, 79990, 97871, 100, 521.89
2026/10/09 01:15:16.241, 3, 79852, 97871, 100, 518.34
2026/10/09 01:15:17.241, 0, 6, 97871, 0, 85.30
2026/10/09 01:15:17.241, 1, 82709, 97871, 100, 458.17
2026/10/09 01:15:17.241, 2, 79990, 97871, 100, 520.99
2026/10/09 01:15:17.241, 3, 79852, 97871, 100, 520.94
2026/10/09 01:15:18.241, 0, 6, 97871, 0, 84.91
2026/10/09 01:15:18.241, 1, 82709, 97871, 100, 535.07
2026/10/09 01:15:18.246, 2, 79990, 97871, 100, 525.68
2026/10/09 01:15:18.246, 3, 79852, 97871, 100, 518.99
2026/10/09 01:15:19.246, 0, 6, 97871, 0, 85.06
2026/10/09 01:15:19.246, 1, 82709, 97871, 100, 531.34
2026/10/09 01:15:19.246, 2, 79990, 97871, 100, 526.44
2026/10/09 01:15:19.246, 3, 79852, 97871, 100, 520.31
2026/10/09 01:15:20.246, 0, 6, 97871, 0, 85.09
2026/10/09 01:15:20.246, 1, 82709, 97871, 100, 531.71
2026/10/09 01:15:20.246, 2, 79990, 97871, 100, 525.40
2026/10/09 01:15:20.246, 3, 79852, 97871, 100, 520.38
2026/10/09 01:15:21.246, 0, 6, 97871, 0, 84.83
2026/10/09 01:15:21.246, 1, 82709, 97871, 100, 533.02
2026/10/09 01:15:21.246, 2, 79990, 97871, 100, 525.41
2026/10/09 01:15:21.246, 3, 79852, 97871, 100, 518.59
2026/10/09 01:15:22.246, 0, 6, 97871, 0, 84.88
2026/10/09 01:15:22.246, 1, 82709, 97871, 100, 533.66
2026/10/09 01:15:22.246, 2, 79990, 97871, 100, 528.30
2026/10/09 01:15:22.246, 3, 79852, 97871, 100, 518.20
2026/10/09 01:15:23.247, 0, 6, 97871, 0, 85.32
2026/10/09 01:15:23.247, 1, 82709, 97871, 100, 519.66
2026/10/09 01:15:23.247, 2, 79990, 97871, 100, 524.37
2026/10/09 01:15:23.247, 3, 79852, 97871, 100, 522.87
2026/10/09 01:15:24.247, 0, 6, 97871, 0, 85.21
2026/10/09 01:15:24.247, 1, 82709, 97871, 65, 493.57
2026/10/09 01:15:24.247, 2, 79990, 97871, 100, 529.18
2026/10/09 01:15:24.247, 3, 79852, 97871, 100, 519.80
2026/10/09 01:15:25.247, 0, 6, 97871, 0, 85.35
2026/10/09 01:15:25.247, 1, 82709, 97871, 60, 382.39
2026/10/09 01:15:25.247, 2, 79990, 97871, 100, 525.21
2026/10/09 01:15:25.247, 3, 79852, 97871, 100, 521.52
2026/10/09 01:15:26.247, 0, 6, 97871, 0, 85.42
2026/10/09 01:15:26.247, 1, 82709, 97871, 50, 327.14
2026/10/09 01:15:26.247, 2, 79990, 97871, 100, 525.04
2026/10/09 01:15:26.247, 3, 79852, 97871, 100, 518.12
2026/10/09 01:15:27.247, 0, 6, 97871, 0, 85.22
2026/10/09 01:15:27.247, 1, 82709, 97871, 100, 478.65
2026/10/09 01:15:27.247, 2, 79990, 97871, 100, 525.37
2026/10/09 01:15:27.247, 3, 79852, 97871, 100, 517.92
2026/10/09 01:15:28.248, 0, 6, 97871, 0, 85.04
2026/10/09 01:15:28.248, 1, 82709, 97871, 100, 534.05
2026/10/09 01:15:28.256, 2, 79990, 97871, 100, 523.94
2026/10/09 01:15:28.256, 3, 79852, 97871, 100, 517.50
2026/10/09 01:15:29.256, 0, 6, 97871, 0, 85.04
2026/10/09 01:15:29.256, 1, 82709, 97871, 100, 532.26
2026/10/09 01:15:29.256, 2, 79990, 97871, 100, 526.03
2026/10/09 01:15:29.257, 3, 79852, 97871, 100, 517.82
2026/10/09 01:15:30.257, 0, 6, 97871, 0, 84.92
2026/10/09 01:15:30.257, 1, 82709, 97871, 100, 531.34
2026/10/09 01:15:30.257, 2, 79990, 97871, 100, 525.04
2026/10/09 01:15:30.257, 3, 79852, 97871, 100, 518.56
2026/10/09 01:15:31.257, 0, 6, 97871, 0, 85.02
2026/10/09 01:15:31.257, 1, 82709, 97871, 100, 532.70
2026/10/09 01:15:31.257, 2, 79990, 97871, 100, 527.19
2026/10/09 01:15:31.257, 3, 79852, 97871, 100, 514.71
2026/10/09 01:15:32.257, 0, 6, 97871, 0, 85.00
2026/10/09 01:15:32.257, 1, 82709, 97871, 100, 530.33
2026/10/09 01:15:32.257, 2, 79990, 97871, 100, 530.52
2026/10/09 01:15:32.257, 3, 79852, 97871, 100, 517.91
2026/10/09 01:15:33.257, 0, 6, 97871, 0, 85.24
2026/10/09 01:15:33.257, 1, 82709, 97871, 100, 520.17
2026/10/09 01:15:33.257, 2, 79990, 97871, 100, 527.25
2026/10/09 01:15:33.257, 3, 79852, 97871, 100, 521.33
2026/10/09 01:15:34.257, 0, 6, 97871, 0, 85.13
2026/10/09 01:15:34.257, 1, 82709, 97871, 100, 524.56
2026/10/09 01:15:34.258, 2, 79990, 97871, 100, 525.19
2026/10/09 01:15:34.258, 3, 79852, 97871, 100, 516.90
2026/10/09 01:15:35.258, 0, 6, 97871, 0, 84.91
2026/10/09 01:15:35.258, 1, 82709, 97871, 100, 527.48
2026/10/09 01:15:35.258, 2, 79990, 97871, 100, 527.52
2026/10/09 01:15:35.258, 3, 79852, 97871, 100, 521.01
2026/10/09 01:15:36.258, 0, 6, 97871, 0, 85.02
2026/10/09 01:15:36.258, 1, 82709, 97871, 100, 524.93
2026/10/09 01:15:36.258, 2, 79990, 97871, 100, 529.33
2026/10/09 01:15:36.258, 3, 79852, 97871, 100, 519.41
2026/10/09 01:15:37.258, 0, 6, 97871, 0, 85.15
2026/10/09 01:15:37.258, 1, 82709, 97871, 100, 524.58
2026/10/09 01:15:37.258, 2, 79990, 97871, 100, 526.18
2026/10/09 01:15:37.258, 3, 79852, 97871, 100, 519.27
2026/10/09 01:15:38.258, 0, 6, 97871, 0, 84.99
2026/10/09 01:15:38.258, 1, 82709, 97871, 100, 522.97
2026/10/09 01:15:38.264, 2, 79990, 97871, 100, 527.06
2026/10/09 01:15:38.264, 3, 79852, 97871, 100, 517.25
2026/10/09 01:15:39.264, 0, 6, 97871, 0, 85.11
2026/10/09 01:15:39.265, 1, 82709, 97871, 100, 520.95
2026/10/09 01:15:39.265, 2, 79990, 97871, 100, 530.14
2026/10/09 01:15:39.265, 3, 79852, 97871, 100, 519.11
2026/10/09 01:15:40.265, 0, 6, 97871, 0, 85.20
2026/10/09 01:15:40.265, 1, 82709, 97871, 100, 523.16
2026/10/09 01:15:40.265, 2, 79990, 97871, 100, 529.32
2026/10/09 01:15:40.265, 3, 79852, 97871, 100, 517.79
2026/10/09 01:15:41.265, 0, 6, 97871, 0, 84.98
2026/10/09 01:15:41.265, 1, 82709, 97871, 100, 527.30
2026/10/09 01:15:41.265, 2, 79990, 97871, 100, 525.25
2026/10/09 01:15:41.265, 3, 79852, 97871, 100, 518.52
2026/10/09 01:15:42.265, 0, 6, 97871, 0, 85.16
2026/10/09 01:15:42.265, 1, 82709, 97871, 100, 519.38
2026/10/09 01:15:42.265, 2, 79990, 97871, 100, 523.02
2026/10/09 01:15:42.265, 3, 79852, 97871, 100, 518.77
2026/10/09 01:15:43.265, 0, 6, 97871, 0, 85.21
2026/10/09 01:15:43.265, 1, 82709, 97871, 100, 525.68
2026/10/09 01:15:43.265, 2, 79990, 97871, 100, 520.68
2026/10/09 01:15:43.265, 3, 79852, 97871, 100, 518.28
2026/10/09 01:15:44.265, 0, 6, 97871, 0, 84.95
2026/10/09 01:15:44.265, 1, 82709, 97871, 100, 522.97
2026/10/09 01:15:44.265, 2, 79990, 97871, 100, 521.47
2026/10/09 01:15:44.266, 3, 79852, 97871, 100, 517.00
2026/10/09 01:15:45.266, 0, 6, 97871, 0, 85.02
2026/10/09 01:15:45.266, 1, 82709, 97871, 100, 523.71
2026/10/09 01:15:45.266, 2, 79990, 97871, 100, 525.40
2026/10/09 01:15:45.266, 3, 79852, 97871, 100, 517.82
2026/10/09 01:15:46.266, 0, 6, 97871, 0, 84.97
2026/10/09 01:15:46.266, 1, 82709, 97871, 100, 523.97
2026/10/09 01:15:46.266, 2, 79990, 97871, 100, 528.92
2026/10/09 01:15:46.266, 3, 79852, 97871, 100, 521.95
2026/10/09 01:15:47.266, 0, 6, 97871, 0, 84.87
2026/10/09 01:15:47.266, 1, 82709, 97871, 100, 526.50
2026/10/09 01:15:47.266, 2, 79990, 97871, 100, 523.37
2026/10/09 01:15:47.266, 3, 79852, 97871, 100, 517.09
2026/10/09 01:15:48.266, 0, 6, 97871, 0, 84.93
2026/10/09 01:15:48.266, 1, 82709, 97871, 100, 524.45
2026/10/09 01:15:48.276, 2, 79990, 97871, 100, 525.62
2026/10/09 01:15:48.276, 3, 79852, 97871, 100, 520.17
2026/10/09 01:15:49.276, 0, 6, 97871, 0, 84.93
2026/10/09 01:15:49.276, 1, 82709, 97871, 100, 521.53
2026/10/09 01:15:49.276, 2, 79990, 97871, 100, 526.55
2026/10/09 01:15:49.276, 3, 79852, 97871, 100, 518.73
2026/10/09 01:15:50.276, 0, 6, 97871, 0, 85.02
2026/10/09 01:15:50.276, 1, 82709, 97871, 100, 524.73
2026/10/09 01:15:50.276, 2, 79990, 97871, 100, 524.50
2026/10/09 01:15:50.276, 3, 79852, 97871, 100, 517.55
2026/10/09 01:15:51.276, 0, 6, 97871, 0, 84.92
2026/10/09 01:15:51.276, 1, 82709, 97871, 100, 523.63
2026/10/09 01:15:51.276, 2, 79990, 97871, 100, 527.91
2026/10/09 01:15:51.276, 3, 79852, 97871, 100, 518.91
2026/10/09 01:15:52.276, 0, 6, 97871, 0, 84.93
2026/10/09 01:15:52.276, 1, 82709, 97871, 100, 525.05
2026/10/09 01:15:52.276, 2, 79990, 97871, 100, 522.59
2026/10/09 01:15:52.276, 3, 79852, 97871, 100, 521.43
2026/10/09 01:15:53.276, 0, 6, 97871, 0, 84.92
2026/10/09 01:15:53.277, 1, 82709, 97871, 100, 522.65
2026/10/09 01:15:53.277, 2, 79990, 97871, 100, 527.23
2026/10/09 01:15:53.277, 3, 79852, 97871, 100, 525.16
2026/10/09 01:15:54.277, 0, 6, 97871, 0, 85.07
2026/10/09 01:15:54.277, 1, 82709, 97871, 100, 525.04
2026/10/09 01:15:54.277, 2, 79990, 97871, 100, 515.03
2026/10/09 01:15:54.277, 3, 79852, 97871, 100, 521.20
2026/10/09 01:15:55.277, 0, 6, 97871, 0, 85.16
2026/10/09 01:15:55.277, 1, 82709, 97871, 100, 521.40
2026/10/09 01:15:55.277, 2, 79990, 97871, 100, 522.25
2026/10/09 01:15:55.277, 3, 79852, 97871, 100, 518.46
2026/10/09 01:15:56.277, 0, 6, 97871, 0, 85.29
2026/10/09 01:15:56.277, 1, 82709, 97871, 100, 524.42
2026/10/09 01:15:56.277, 2, 79990, 97871, 100, 498.48
2026/10/09 01:15:56.277, 3, 79852, 97871, 100, 518.77
2026/10/09 01:15:57.277, 0, 6, 97871, 0, 85.13
2026/10/09 01:15:57.277, 1, 82709, 97871, 100, 523.07
2026/10/09 01:15:57.277, 2, 79990, 97871, 0, 184.23
2026/10/09 01:15:57.277, 3, 79852, 97871, 100, 519.12
2026/10/09 01:15:58.278, 0, 6, 97871, 0, 85.15
2026/10/09 01:15:58.278, 1, 82709, 97871, 76, 501.72
2026/10/09 01:15:58.283, 2, 79990, 97871, 100, 385.94
2026/10/09 01:15:58.283, 3, 79852, 97871, 100, 517.74
2026/10/09 01:15:59.283, 0, 6, 97871, 0, 85.18
2026/10/09 01:15:59.283, 1, 82709, 97871, 64, 442.67
2026/10/09 01:15:59.283, 2, 79990, 97871, 100, 395.01
2026/10/09 01:15:59.283, 3, 79852, 97871, 100, 515.62
2026/10/09 01:16:00.283, 0, 6, 97871, 0, 85.39
2026/10/09 01:16:00.283, 1, 82709, 97871, 55, 371.96
2026/10/09 01:16:00.283, 2, 79990, 97871, 99, 385.84
2026/10/09 01:16:00.283, 3, 79852, 97871, 100, 516.35
2026/10/09 01:16:01.283, 0, 6, 97871, 0, 85.38
2026/10/09 01:16:01.283, 1, 82709, 97871, 50, 312.16
2026/10/09 01:16:01.284, 2, 79990, 97871, 95, 395.52
2026/10/09 01:16:01.284, 3, 79852, 97871, 100, 519.00
2026/10/09 01:16:02.284, 0, 6, 97871, 0, 85.42
2026/10/09 01:16:02.284, 1, 82709, 97871, 100, 402.57
2026/10/09 01:16:02.284, 2, 79990, 97871, 94, 391.31
2026/10/09 01:16:02.284, 3, 79852, 97871, 100, 519.19
2026/10/09 01:16:03.284, 0, 6, 97871, 0, 84.80
2026/10/09 01:16:03.284, 1, 82709, 97871, 100, 533.24
2026/10/09 01:16:03.284, 2, 79990, 97871, 99, 388.89
2026/10/09 01:16:03.284, 3, 79852, 97871, 100, 524.02
2026/10/09 01:16:04.284, 0, 6, 97871, 0, 84.95
2026/10/09 01:16:04.284, 1, 82709, 97871, 100, 532.63
2026/10/09 01:16:04.284, 2, 79990, 97871, 99, 393.32
2026/10/09 01:16:04.284, 3, 79852, 97871, 100, 518.39
2026/10/09 01:16:05.284, 0, 6, 97871, 0, 85.06
2026/10/09 01:16:05.284, 1, 82709, 97871, 100, 529.04
2026/10/09 01:16:05.284, 2, 79990, 97871, 99, 395.65
2026/10/09 01:16:05.284, 3, 79852, 97871, 100, 517.56
2026/10/09 01:16:06.284, 0, 6, 97871, 0, 84.98
2026/10/09 01:16:06.284, 1, 82709, 97871, 100, 535.59
2026/10/09 01:16:06.284, 2, 79990, 97871, 99, 394.44
2026/10/09 01:16:06.284, 3, 79852, 97871, 100, 517.90
2026/10/09 01:16:07.285, 0, 6, 97871, 0, 84.97
2026/10/09 01:16:07.285, 1, 82709, 97871, 100, 531.20
2026/10/09 01:16:07.285, 2, 79990, 97871, 96, 399.01
2026/10/09 01:16:07.285, 3, 79852, 97871, 100, 515.74
2026/10/09 01:16:08.285, 0, 6, 97871, 0, 85.06
2026/10/09 01:16:08.285, 1, 82709, 97871, 100, 534.64
2026/10/09 01:16:08.290, 2, 79990, 97871, 99, 395.54
2026/10/09 01:16:08.290, 3, 79852, 97871, 100, 516.02
2026/10/09 01:16:09.290, 0, 6, 97871, 0, 85.23
2026/10/09 01:16:09.290, 1, 82709, 97871, 100, 528.89
2026/10/09 01:16:09.290, 2, 79990, 97871, 99, 395.93
2026/10/09 01:16:09.290, 3, 79852, 97871, 100, 516.36
2026/10/09 01:16:10.290, 0, 6, 97871, 0, 85.25
2026/10/09 01:16:10.290, 1, 82709, 97871, 100, 531.64
2026/10/09 01:16:10.290, 2, 79990, 97871, 84, 390.96
2026/10/09 01:16:10.290, 3, 79852, 97871, 100, 517.31
2026/10/09 01:16:11.290, 0, 6, 97871, 0, 85.08
2026/10/09 01:16:11.290, 1, 82709, 97871, 100, 534.77
2026/10/09 01:16:11.290, 2, 79990, 97871, 99, 395.77
2026/10/09 01:16:11.290, 3, 79852, 97871, 100, 516.60
2026/10/09 01:16:12.290, 0, 6, 97871, 0, 85.21
2026/10/09 01:16:12.290, 1, 82709, 97871, 100, 535.28
2026/10/09 01:16:12.290, 2, 79990, 97871, 99, 392.76
2026/10/09 01:16:12.290, 3, 79852, 97871, 100, 517.41
2026/10/09 01:16:13.290, 0, 6, 97871, 0, 85.24
2026/10/09 01:16:13.290, 1, 82709, 97871, 100, 526.66
2026/10/09 01:16:13.290, 2, 79990, 97871, 99, 389.80
2026/10/09 01:16:13.290, 3, 79852, 97871, 100, 515.26
2026/10/09 01:16:14.291, 0, 6, 97871, 0, 85.32
2026/10/09 01:16:14.291, 1, 82709, 97871, 100, 524.16
2026/10/09 01:16:14.291, 2, 79990, 97871, 99, 393.54
2026/10/09 01:16:14.291, 3, 79852, 97871, 100, 517.58
2026/10/09 01:16:15.291, 0, 6, 97871, 0, 85.36
2026/10/09 01:16:15.291, 1, 82709, 97871, 97, 521.29
2026/10/09 01:16:15.291, 2, 79990, 97871, 99, 399.43
2026/10/09 01:16:15.291, 3, 79852, 97871, 100, 518.10
2026/10/09 01:16:16.291, 0, 6, 97871, 0, 85.37
2026/10/09 01:16:16.291, 1, 82709, 97871, 92, 516.15
2026/10/09 01:16:16.291, 2, 79990, 97871, 99, 389.47
2026/10/09 01:16:16.291, 3, 79852, 97871, 100, 519.97
2026/10/09 01:16:17.291, 0, 6, 97871, 0, 85.33
2026/10/09 01:16:17.291, 1, 82709, 97871, 100, 515.04
2026/10/09 01:16:17.291, 2, 79990, 97871, 99, 394.60
2026/10/09 01:16:17.291, 3, 79852, 97871, 100, 517.84
2026/10/09 01:16:18.291, 0, 6, 97871, 0, 85.46
2026/10/09 01:16:18.291, 1, 82709, 97871, 57, 443.75
2026/10/09 01:16:18.297, 2, 79990, 97871, 99, 401.76
2026/10/09 01:16:18.297, 3, 79852, 97871, 100, 518.92
2026/10/09 01:16:19.297, 0, 6, 97871, 0, 85.32
2026/10/09 01:16:19.297, 1, 82709, 97871, 52, 312.45
2026/10/09 01:16:19.297, 2, 79990, 97871, 99, 390.88
2026/10/09 01:16:19.297, 3, 79852, 97871, 100, 518.57
2026/10/09 01:16:20.297, 0, 6, 97871, 0, 85.34
2026/10/09 01:16:20.297, 1, 82709, 97871, 100, 421.22
2026/10/09 01:16:20.297, 2, 79990, 97871, 90, 389.96
2026/10/09 01:16:20.297, 3, 79852, 97871, 100, 518.34
2026/10/09 01:16:21.297, 0, 6, 97871, 0, 84.91
2026/10/09 01:16:21.298, 1, 82709, 97871, 100, 534.27
2026/10/09 01:16:21.298, 2, 79990, 97871, 99, 397.75
2026/10/09 01:16:21.298, 3, 79852, 97871, 100, 518.12
2026/10/09 01:16:22.298, 0, 6, 97871, 0, 84.94
2026/10/09 01:16:22.298, 1, 82709, 97871, 100, 530.73
2026/10/09 01:16:22.298, 2, 79990, 97871, 99, 397.01
2026/10/09 01:16:22.298, 3, 79852, 97871, 100, 517.60
2026/10/09 01:16:23.298, 0, 6, 97871, 0, 85.02
2026/10/09 01:16:23.298, 1, 82709, 97871, 100, 528.74
2026/10/09 01:16:23.298, 2, 79990, 97871, 99, 397.31
2026/10/09 01:16:23.298, 3, 79852, 97871, 100, 518.24
2026/10/09 01:16:24.298, 0, 6, 97871, 0, 85.13
2026/10/09 01:16:24.298, 1, 82709, 97871, 100, 530.88
2026/10/09 01:16:24.298, 2, 79990, 97871, 99, 388.36
2026/10/09 01:16:24.298, 3, 79852, 97871, 100, 516.91
2026/10/09 01:16:25.298, 0, 6, 97871, 0, 84.94
2026/10/09 01:16:25.298, 1, 82709, 97871, 100, 532.89
2026/10/09 01:16:25.298, 2, 79990, 97871, 98, 398.06
2026/10/09 01:16:25.298, 3, 79852, 97871, 100, 516.11
2026/10/09 01:16:26.298, 0, 6, 97871, 0, 85.06
2026/10/09 01:16:26.298, 1, 82709, 97871, 100, 532.57
2026/10/09 01:16:26.298, 2, 79990, 97871, 99, 392.29
2026/10/09 01:16:26.298, 3, 79852, 97871, 100, 519.60
2026/10/09 01:16:27.299, 0, 6, 97871, 0, 85.12
2026/10/09 01:16:27.299, 1, 82709, 97871, 100, 528.28
2026/10/09 01:16:27.299, 2, 79990, 97871, 99, 395.45
2026/10/09 01:16:27.299, 3, 79852, 97871, 100, 516.99
2026/10/09 01:16:28.299, 0, 6, 97871, 0, 85.17
2026/10/09 01:16:28.299, 1, 82709, 97871, 100, 533.08
2026/10/09 01:16:28.311, 2, 79990, 97871, 98, 399.01
2026/10/09 01:16:28.311, 3, 79852, 97871, 100, 516.70
2026/10/09 01:16:29.311, 0, 6, 97871, 0, 85.22
2026/10/09 01:16:29.311, 1, 82709, 97871, 100, 532.30
2026/10/09 01:16:29.311, 2, 79990, 97871, 99, 390.12
2026/10/09 01:16:29.311, 3, 79852, 97871, 100, 518.37
2026/10/09 01:16:30.311, 0, 6, 97871, 0, 85.20
2026/10/09 01:16:30.312, 1, 82709, 97871, 100, 532.99
2026/10/09 01:16:30.312, 2, 79990, 97871, 97, 396.03
2026/10/09 01:16:30.312, 3, 79852, 97871, 100, 516.91
2026/10/09 01:16:31.312, 0, 6, 97871, 0, 85.25
2026/10/09 01:16:31.312, 1, 82709, 97871, 100, 524.40
2026/10/09 01:16:31.312, 2, 79990, 97871, 99, 398.41
2026/10/09 01:16:31.312, 3, 79852, 97871, 100, 516.35
2026/10/09 01:16:32.312, 0, 6, 97871, 0, 85.39
2026/10/09 01:16:32.312, 1, 82709, 97871, 100, 524.16
2026/10/09 01:16:32.312, 2, 79990, 97871, 99, 398.54
2026/10/09 01:16:32.312, 3, 79852, 97871, 100, 518.22
2026/10/09 01:16:33.312, 0, 6, 97871, 0, 85.09
2026/10/09 01:16:33.312, 1, 82709, 97871, 100, 526.01
2026/10/09 01:16:33.312, 2, 79990, 97871, 99, 401.51
2026/10/09 01:16:33.312, 3, 79852, 97871, 100, 525.22
2026/10/09 01:16:34.313, 0, 6, 97871, 0, 85.18
2026/10/09 01:16:34.313, 1, 82709, 97871, 100, 529.40
2026/10/09 01:16:34.313, 2, 79990, 97871, 99, 395.49
2026/10/09 01:16:34.313, 3, 79852, 97871, 100, 521.38
2026/10/09 01:16:35.313, 0, 6, 97871, 0, 85.15
2026/10/09 01:16:35.313, 1, 82709, 97871, 100, 526.44
2026/10/09 01:16:35.313, 2, 79990, 97871, 99, 396.05
2026/10/09 01:16:35.313, 3, 79852, 97871, 100, 520.85
2026/10/09 01:16:36.313, 0, 6, 97871, 0, 85.12
2026/10/09 01:16:36.313, 1, 82709, 97871, 100, 524.96
2026/10/09 01:16:36.313, 2, 79990, 97871, 99, 390.58
2026/10/09 01:16:36.313, 3, 79852, 97871, 100, 517.32
2026/10/09 01:16:37.313, 0, 6, 97871, 0, 85.04
2026/10/09 01:16:37.313, 1, 82709, 97871, 100, 531.52
2026/10/09 01:16:37.313, 2, 79990, 97871, 99, 404.71
2026/10/09 01:16:37.313, 3, 79852, 97871, 100, 521.02
2026/10/09 01:16:38.313, 0, 6, 97871, 0, 85.29
2026/10/09 01:16:38.313, 1, 82709, 97871, 100, 524.24
2026/10/09 01:16:38.319, 2, 79990, 97871, 99, 393.86
2026/10/09 01:16:38.319, 3, 79852, 97871, 100, 518.81
2026/10/09 01:16:39.319, 0, 6, 97871, 0, 85.32
2026/10/09 01:16:39.319, 1, 82709, 97871, 100, 523.62
2026/10/09 01:16:39.319, 2, 79990, 97871, 99, 388.83
2026/10/09 01:16:39.319, 3, 79852, 97871, 100, 520.59
2026/10/09 01:16:40.319, 0, 6, 97871, 0, 85.11
2026/10/09 01:16:40.319, 1, 82709, 97871, 100, 525.68
2026/10/09 01:16:40.319, 2, 79990, 97871, 99, 390.09
2026/10/09 01:16:40.319, 3, 79852, 97871, 100, 516.93
2026/10/09 01:16:41.319, 0, 6, 97871, 0, 85.21
2026/10/09 01:16:41.319, 1, 82709, 97871, 100, 522.57
2026/10/09 01:16:41.320, 2, 79990, 97871, 99, 395.74
2026/10/09 01:16:41.320, 3, 79852, 97871, 100, 517.87
2026/10/09 01:16:42.320, 0, 6, 97871, 0, 85.14
2026/10/09 01:16:42.320, 1, 82709, 97871, 100, 529.16
2026/10/09 01:16:42.320, 2, 79990, 97871, 99, 387.36
2026/10/09 01:16:42.320, 3, 79852, 97871, 100, 516.95
2026/10/09 01:16:43.320, 0, 5, 97871, 0, 85.19
2026/10/09 01:16:43.320, 1, 82709, 97871, 100, 529.45
2026/10/09 01:16:43.320, 2, 79990, 97871, 97, 407.16
2026/10/09 01:16:43.320, 3, 79852, 97871, 100, 517.08
2026/10/09 01:16:44.320, 0, 5, 97871, 0, 85.02
2026/10/09 01:16:44.320, 1, 82709, 97871, 100, 526.75
2026/10/09 01:16:44.320, 2, 79990, 97871, 99, 389.53
2026/10/09 01:16:44.320, 3, 79852, 97871, 100, 517.07
2026/10/09 01:16:45.320, 0, 5, 97871, 0, 85.14
2026/10/09 01:16:45.320, 1, 82709, 97871, 100, 525.12
2026/10/09 01:16:45.320, 2, 79990, 97871, 92, 396.41
2026/10/09 01:16:45.320, 3, 79852, 97871, 100, 517.27
2026/10/09 01:16:46.320, 0, 5, 97871, 0, 85.11
2026/10/09 01:16:46.320, 1, 82709, 97871, 100, 529.26
2026/10/09 01:16:46.321, 2, 79990, 97871, 99, 388.11
2026/10/09 01:16:46.321, 3, 79852, 97871, 100, 520.44
2026/10/09 01:16:47.321, 0, 5, 97871, 0, 85.23
2026/10/09 01:16:47.321, 1, 82709, 97871, 96, 526.77
2026/10/09 01:16:47.321, 2, 79990, 97871, 97, 395.80
2026/10/09 01:16:47.321, 3, 79852, 97871, 100, 519.14
2026/10/09 01:16:48.321, 0, 5, 97871, 0, 85.24
2026/10/09 01:16:48.321, 1, 82709, 97871, 100, 527.77
2026/10/09 01:16:48.325, 2, 79990, 97871, 99, 394.37
2026/10/09 01:16:48.325, 3, 79852, 97871, 100, 520.02
2026/10/09 01:16:49.325, 0, 5, 97871, 0, 85.17
2026/10/09 01:16:49.326, 1, 82709, 97871, 100, 527.77
2026/10/09 01:16:49.326, 2, 79990, 97871, 99, 389.91
2026/10/09 01:16:49.326, 3, 79852, 97871, 100, 520.29
2026/10/09 01:16:50.326, 0, 5, 97871, 0, 85.17
2026/10/09 01:16:50.326, 1, 82709, 97871, 100, 528.29
2026/10/09 01:16:50.326, 2, 79990, 97871, 99, 397.46
2026/10/09 01:16:50.326, 3, 79852, 97871, 100, 518.79
2026/10/09 01:16:51.326, 0, 5, 97871, 0, 85.35
2026/10/09 01:16:51.326, 1, 82709, 97871, 100, 524.89
2026/10/09 01:16:51.326, 2, 79990, 97871, 95, 397.73
2026/10/09 01:16:51.326, 3, 79852, 97871, 100, 515.46
2026/10/09 01:16:52.326, 0, 5, 97871, 0, 85.36
2026/10/09 01:16:52.326, 1, 82709, 97871, 100, 524.86
2026/10/09 01:16:52.326, 2, 79990, 97871, 99, 388.37
2026/10/09 01:16:52.326, 3, 79852, 97871, 100, 515.66
2026/10/09 01:16:53.326, 0, 5, 97871, 0, 85.36
2026/10/09 01:16:53.326, 1, 82709, 97871, 100, 526.01
2026/10/09 01:16:53.326, 2, 79990, 97871, 96, 404.85
2026/10/09 01:16:53.326, 3, 79852, 97871, 100, 511.50
2026/10/09 01:16:54.326, 0, 5, 97871, 0, 85.13
2026/10/09 01:16:54.327, 1, 82709, 97871, 100, 524.83
2026/10/09 01:16:54.327, 2, 79990, 97871, 99, 397.20
2026/10/09 01:16:54.327, 3, 79852, 97871, 99, 485.82
2026/10/09 01:16:55.327, 0, 5, 97871, 0, 85.31
2026/10/09 01:16:55.327, 1, 82709, 97871, 100, 528.33
2026/10/09 01:16:55.327, 2, 79990, 97871, 99, 405.53
2026/10/09 01:16:55.327, 3, 79852, 97871, 56, 250.04
2026/10/09 01:16:56.327, 0, 5, 97871, 0, 85.30
2026/10/09 01:16:56.327, 1, 82709, 97871, 100, 529.46
2026/10/09 01:16:56.327, 2, 79990, 97871, 99, 398.15
2026/10/09 01:16:56.327, 3, 79852, 97871, 99, 458.57
2026/10/09 01:16:57.327, 0, 5, 97871, 0, 85.22
2026/10/09 01:16:57.327, 1, 82709, 97871, 100, 529.36
2026/10/09 01:16:57.327, 2, 79990, 97871, 99, 391.97
2026/10/09 01:16:57.327, 3, 79852, 97871, 99, 461.20
2026/10/09 01:16:58.327, 0, 5, 97871, 0, 85.19
2026/10/09 01:16:58.327, 1, 82709, 97871, 100, 529.75
2026/10/09 01:16:58.335, 2, 79990, 97871, 99, 395.25
2026/10/09 01:16:58.335, 3, 79852, 97871, 99, 464.16
2026/10/09 01:16:59.335, 0, 5, 97871, 0, 85.17
2026/10/09 01:16:59.335, 1, 82709, 97871, 100, 526.29
2026/10/09 01:16:59.336, 2, 79990, 97871, 99, 397.00
2026/10/09 01:16:59.336, 3, 79852, 97871, 99, 460.92
2026/10/09 01:17:00.336, 0, 5, 97871, 0, 85.26
2026/10/09 01:17:00.336, 1, 82709, 97871, 100, 528.31
2026/10/09 01:17:00.336, 2, 79990, 97871, 99, 396.36
2026/10/09 01:17:00.336, 3, 79852, 97871, 99, 466.07
2026/10/09 01:17:01.336, 0, 5, 97871, 0, 85.31
2026/10/09 01:17:01.336, 1, 82709, 97871, 100, 527.66
2026/10/09 01:17:01.336, 2, 79990, 97871, 99, 390.94
2026/10/09 01:17:01.336, 3, 79852, 97871, 99, 460.35
2026/10/09 01:17:02.336, 0, 5, 97871, 0, 85.28
2026/10/09 01:17:02.336, 1, 82709, 97871, 100, 527.04
2026/10/09 01:17:02.336, 2, 79990, 97871, 99, 395.98
2026/10/09 01:17:02.336, 3, 79852, 97871, 99, 460.19
2026/10/09 01:17:03.336, 0, 5, 97871, 0, 85.26
2026/10/09 01:17:03.336, 1, 82709, 97871, 100, 531.48
2026/10/09 01:17:03.336, 2, 79990, 97871, 99, 395.31
2026/10/09 01:17:03.336, 3, 79852, 97871, 99, 459.86
2026/10/09 01:17:04.336, 0, 5, 97871, 0, 85.32
2026/10/09 01:17:04.336, 1, 82709, 97871, 100, 528.50
2026/10/09 01:17:04.336, 2, 79990, 97871, 99, 390.24
2026/10/09 01:17:04.336, 3, 79852, 97871, 99, 461.62
2026/10/09 01:17:05.337, 0, 5, 97871, 0, 85.24
2026/10/09 01:17:05.337, 1, 82709, 97871, 100, 528.17
2026/10/09 01:17:05.337, 2, 79990, 97871, 99, 387.83
2026/10/09 01:17:05.337, 3, 79852, 97871, 99, 465.31
2026/10/09 01:17:06.337, 0, 5, 97871, 0, 85.32
2026/10/09 01:17:06.337, 1, 82709, 97871, 100, 524.69
2026/10/09 01:17:06.337, 2, 79990, 97871, 99, 399.78
2026/10/09 01:17:06.337, 3, 79852, 97871, 93, 463.71
2026/10/09 01:17:07.337, 0, 5, 97871, 0, 85.24
2026/10/09 01:17:07.337, 1, 82709, 97871, 100, 525.03
2026/10/09 01:17:07.337, 2, 79990, 97871, 99, 400.41
2026/10/09 01:17:07.337, 3, 79852, 97871, 99, 462.44
2026/10/09 01:17:08.337, 0, 5, 97871, 0, 85.25
2026/10/09 01:17:08.337, 1, 82709, 97871, 100, 527.08
2026/10/09 01:17:08.342, 2, 79990, 97871, 99, 396.06
2026/10/09 01:17:08.343, 3, 79852, 97871, 99, 461.74
2026/10/09 01:17:09.343, 0, 5, 97871, 0, 85.29
2026/10/09 01:17:09.343, 1, 82709, 97871, 100, 527.63
2026/10/09 01:17:09.343, 2, 79990, 97871, 99, 394.20
2026/10/09 01:17:09.343, 3, 79852, 97871, 99, 466.78
2026/10/09 01:17:10.343, 0, 5, 97871, 0, 85.27
2026/10/09 01:17:10.343, 1, 82709, 97871, 100, 527.08
2026/10/09 01:17:10.343, 2, 79990, 97871, 89, 397.77
2026/10/09 01:17:10.343, 3, 79852, 97871, 99, 459.56
2026/10/09 01:17:11.343, 0, 5, 97871, 0, 85.33
2026/10/09 01:17:11.343, 1, 82709, 97871, 100, 524.02
2026/10/09 01:17:11.343, 2, 79990, 97871, 99, 387.58
2026/10/09 01:17:11.343, 3, 79852, 97871, 99, 465.21
2026/10/09 01:17:12.343, 0, 5, 97871, 0, 85.28
2026/10/09 01:17:12.343, 1, 82709, 97871, 100, 524.62
2026/10/09 01:17:12.343, 2, 79990, 97871, 92, 390.27
2026/10/09 01:17:12.343, 3, 79852, 97871, 99, 465.54
2026/10/09 01:17:13.343, 0, 5, 97871, 0, 85.11
2026/10/09 01:17:13.343, 1, 82709, 97871, 100, 529.23
2026/10/09 01:17:13.343, 2, 79990, 97871, 99, 391.19
2026/10/09 01:17:13.344, 3, 79852, 97871, 90, 461.17
2026/10/09 01:17:14.344, 0, 5, 97871, 0, 85.14
2026/10/09 01:17:14.344, 1, 82709, 97871, 100, 529.82
2026/10/09 01:17:14.344, 2, 79990, 97871, 99, 396.15
2026/10/09 01:17:14.344, 3, 79852, 97871, 99, 464.49
2026/10/09 01:17:15.344, 0, 5, 97871, 0, 85.17
2026/10/09 01:17:15.344, 1, 82709, 97871, 100, 527.45
2026/10/09 01:17:15.344, 2, 79990, 97871, 99, 394.60
2026/10/09 01:17:15.344, 3, 79852, 97871, 90, 462.28
2026/10/09 01:17:16.344, 0, 5, 97871, 0, 85.22
2026/10/09 01:17:16.344, 1, 82709, 97871, 100, 528.80
2026/10/09 01:17:16.344, 2, 79990, 97871, 99, 388.83
2026/10/09 01:17:16.344, 3, 79852, 97871, 99, 460.10
2026/10/09 01:17:17.344, 0, 5, 97871, 0, 85.19
2026/10/09 01:17:17.344, 1, 82709, 97871, 100, 527.57
2026/10/09 01:17:17.344, 2, 79990, 97871, 99, 391.37
2026/10/09 01:17:17.344, 3, 79852, 97871, 99, 459.34
2026/10/09 01:17:18.344, 0, 5, 97871, 0, 85.21
2026/10/09 01:17:18.344, 1, 82709, 97871, 100, 527.41
2026/10/09 01:17:18.352, 2, 79990, 97871, 100, 399.53
2026/10/09 01:17:18.352, 3, 79852, 97871, 99, 463.08
2026/10/09 01:17:19.352, 0, 5, 97871, 0, 85.53
2026/10/09 01:17:19.352, 1, 82709, 97871, 100, 520.98
2026/10/09 01:17:19.352, 2, 79990, 97871, 94, 391.34
2026/10/09 01:17:19.352, 3, 79852, 97871, 99, 465.57
2026/10/09 01:17:20.352, 0, 5, 97871, 0, 85.45
2026/10/09 01:17:20.353, 1, 82709, 97871, 100, 520.93
2026/10/09 01:17:20.353, 2, 79990, 97871, 99, 395.83
2026/10/09 01:17:20.353, 3, 79852, 97871, 99, 462.95
2026/10/09 01:17:21.353, 0, 5, 97871, 0, 85.38
2026/10/09 01:17:21.353, 1, 82709, 97871, 100, 515.56
2026/10/09 01:17:21.353, 2, 79990, 97871, 99, 391.47
2026/10/09 01:17:21.353, 3, 79852, 97871, 99, 459.56
2026/10/09 01:17:22.353, 0, 5, 97871, 0, 85.43
2026/10/09 01:17:22.353, 1, 82709, 97871, 65, 474.94
2026/10/09 01:17:22.353, 2, 79990, 97871, 99, 396.62
2026/10/09 01:17:22.353, 3, 79852, 97871, 99, 461.83
2026/10/09 01:17:23.353, 0, 5, 97871, 0, 85.56
2026/10/09 01:17:23.353, 1, 82709, 97871, 53, 360.62
2026/10/09 01:17:23.353, 2, 79990, 97871, 100, 387.90
2026/10/09 01:17:23.353, 3, 79852, 97871, 99, 462.46
2026/10/09 01:17:24.353, 0, 5, 97871, 0, 85.47
2026/10/09 01:17:24.353, 1, 82709, 97871, 51, 300.38
2026/10/09 01:17:24.353, 2, 79990, 97871, 100, 441.66
2026/10/09 01:17:24.353, 3, 79852, 97871, 99, 469.88
2026/10/09 01:17:25.354, 0, 5, 97871, 0, 85.66
2026/10/09 01:17:25.354, 1, 82709, 97871, 100, 386.91
2026/10/09 01:17:25.354, 2, 79990, 97871, 100, 478.57
2026/10/09 01:17:25.354, 3, 79852, 97871, 99, 461.13
2026/10/09 01:17:26.354, 0, 5, 97871, 0, 85.32
2026/10/09 01:17:26.354, 1, 82709, 97871, 100, 536.48
2026/10/09 01:17:26.354, 2, 79990, 97871, 99, 469.76
2026/10/09 01:17:26.354, 3, 79852, 97871, 99, 459.91
2026/10/09 01:17:27.354, 0, 5, 97871, 0, 85.04
2026/10/09 01:17:27.354, 1, 82709, 97871, 100, 532.35
2026/10/09 01:17:27.354, 2, 79990, 97871, 100, 474.83
2026/10/09 01:17:27.354, 3, 79852, 97871, 99, 460.21
2026/10/09 01:17:28.354, 0, 5, 97871, 0, 85.18
2026/10/09 01:17:28.354, 1, 82709, 97871, 100, 530.91
2026/10/09 01:17:28.359, 2, 79990, 97871, 100, 468.44
2026/10/09 01:17:28.359, 3, 79852, 97871, 99, 465.68
2026/10/09 01:17:29.359, 0, 5, 97871, 0, 85.19
2026/10/09 01:17:29.359, 1, 82709, 97871, 100, 533.35
2026/10/09 01:17:29.359, 2, 79990, 97871, 100, 470.68
2026/10/09 01:17:29.359, 3, 79852, 97871, 99, 465.45
2026/10/09 01:17:30.359, 0, 5, 97871, 0, 85.18
2026/10/09 01:17:30.359, 1, 82709, 97871, 100, 531.08
2026/10/09 01:17:30.359, 2, 79990, 97871, 98, 474.99
2026/10/09 01:17:30.359, 3, 79852, 97871, 99, 468.07
2026/10/09 01:17:31.359, 0, 5, 97871, 0, 85.07
2026/10/09 01:17:31.360, 1, 82709, 97871, 100, 533.90
2026/10/09 01:17:31.360, 2, 79990, 97871, 100, 470.77
2026/10/09 01:17:31.360, 3, 79852, 97871, 92, 455.69
2026/10/09 01:17:32.360, 0, 5, 97871, 0, 85.07
2026/10/09 01:17:32.360, 1, 82709, 97871, 100, 530.24
2026/10/09 01:17:32.360, 2, 79990, 97871, 100, 467.83
2026/10/09 01:17:32.360, 3, 79852, 97871, 99, 459.69
2026/10/09 01:17:33.360, 0, 5, 97871, 0, 85.25
2026/10/09 01:17:33.360, 1, 82709, 97871, 100, 530.12
2026/10/09 01:17:33.360, 2, 79990, 97871, 100, 463.62
2026/10/09 01:17:33.360, 3, 79852, 97871, 99, 462.85
2026/10/09 01:17:34.360, 0, 5, 97871, 0, 85.28
2026/10/09 01:17:34.360, 1, 82709, 97871, 100, 533.37
2026/10/09 01:17:34.360, 2, 79990, 97871, 100, 474.26
2026/10/09 01:17:34.360, 3, 79852, 97871, 99, 468.19
2026/10/09 01:17:35.360, 0, 5, 97871, 0, 85.12
2026/10/09 01:17:35.360, 1, 82709, 97871, 100, 531.45
2026/10/09 01:17:35.360, 2, 79990, 97871, 99, 461.32
2026/10/09 01:17:35.360, 3, 79852, 97871, 99, 463.28
2026/10/09 01:17:36.360, 0, 5, 97871, 0, 85.28
2026/10/09 01:17:36.360, 1, 82709, 97871, 100, 522.16
2026/10/09 01:17:36.360, 2, 79990, 97871, 100, 465.99
2026/10/09 01:17:36.361, 3, 79852, 97871, 99, 464.97
2026/10/09 01:17:37.361, 0, 5, 97871, 0, 85.17
2026/10/09 01:17:37.361, 1, 82709, 97871, 100, 523.52
2026/10/09 01:17:37.361, 2, 79990, 97871, 4, 368.52
2026/10/09 01:17:37.361, 3, 79852, 97871, 99, 466.30
2026/10/09 01:17:38.361, 0, 5, 97871, 0, 84.85
2026/10/09 01:17:38.361, 1, 82709, 97871, 100, 523.22
2026/10/09 01:17:38.366, 2, 79990, 97871, 100, 524.60
2026/10/09 01:17:38.366, 3, 79852, 97871, 99, 458.39
2026/10/09 01:17:39.366, 0, 5, 97871, 0, 85.07
2026/10/09 01:17:39.366, 1, 82709, 97871, 100, 526.55
2026/10/09 01:17:39.366, 2, 79990, 97871, 99, 438.80
2026/10/09 01:17:39.366, 3, 79852, 97871, 99, 464.67
2026/10/09 01:17:40.366, 0, 5, 97871, 0, 84.93
2026/10/09 01:17:40.366, 1, 82709, 97871, 100, 526.92
2026/10/09 01:17:40.366, 2, 79990, 97871, 100, 518.21
2026/10/09 01:17:40.366, 3, 79852, 97871, 90, 467.73
2026/10/09 01:17:41.366, 0, 5, 97871, 0, 85.08
2026/10/09 01:17:41.366, 1, 82709, 97871, 100, 526.58
2026/10/09 01:17:41.366, 2, 79990, 97871, 100, 509.16
2026/10/09 01:17:41.366, 3, 79852, 97871, 99, 462.47
2026/10/09 01:17:42.366, 0, 5, 97871, 0, 85.09
2026/10/09 01:17:42.366, 1, 82709, 97871, 100, 528.62
2026/10/09 01:17:42.366, 2, 79990, 97871, 100, 505.08
2026/10/09 01:17:42.366, 3, 79852, 97871, 99, 458.10
2026/10/09 01:17:43.367, 0, 5, 97871, 0, 85.11
2026/10/09 01:17:43.367, 1, 82709, 97871, 100, 523.88
2026/10/09 01:17:43.367, 2, 79990, 97871, 100, 500.86
2026/10/09 01:17:43.367, 3, 79852, 97871, 99, 466.77
2026/10/09 01:17:44.367, 0, 5, 97871, 0, 85.33
2026/10/09 01:17:44.367, 1, 82709, 97871, 100, 521.61
2026/10/09 01:17:44.367, 2, 79990, 97871, 100, 506.67
2026/10/09 01:17:44.367, 3, 79852, 97871, 99, 464.76
2026/10/09 01:17:45.367, 0, 5, 97871, 0, 85.25
2026/10/09 01:17:45.367, 1, 82709, 97871, 100, 526.25
2026/10/09 01:17:45.367, 2, 79990, 97871, 100, 492.56
2026/10/09 01:17:45.367, 3, 79852, 97871, 99, 463.07
2026/10/09 01:17:46.367, 0, 5, 97871, 0, 85.00
2026/10/09 01:17:46.367, 1, 82709, 97871, 100, 525.28
2026/10/09 01:17:46.367, 2, 79990, 97871, 100, 416.29
2026/10/09 01:17:46.367, 3, 79852, 97871, 99, 461.60
2026/10/09 01:17:47.367, 0, 5, 97871, 0, 84.91
2026/10/09 01:17:47.368, 1, 82709, 97871, 100, 525.09
2026/10/09 01:17:47.368, 2, 79990, 97871, 100, 521.60
2026/10/09 01:17:47.368, 3, 79852, 97871, 99, 465.61
2026/10/09 01:17:48.368, 0, 5, 97871, 0, 85.22
2026/10/09 01:17:48.368, 1, 82709, 97871, 100, 525.36
2026/10/09 01:17:48.376, 2, 79990, 97871, 100, 504.13
2026/10/09 01:17:48.376, 3, 79852, 97871, 99, 458.43
2026/10/09 01:17:49.376, 0, 5, 97871, 0, 85.12
2026/10/09 01:17:49.376, 1, 82709, 97871, 100, 527.48
2026/10/09 01:17:49.376, 2, 79990, 97871, 83, 430.57
2026/10/09 01:17:49.376, 3, 79852, 97871, 99, 464.58
2026/10/09 01:17:50.377, 0, 5, 97871, 0, 84.87
2026/10/09 01:17:50.377, 1, 82709, 97871, 100, 527.45
2026/10/09 01:17:50.377, 2, 79990, 97871, 100, 529.18
2026/10/09 01:17:50.377, 3, 79852, 97871, 99, 465.89
2026/10/09 01:17:51.377, 0, 5, 97871, 0, 85.18
2026/10/09 01:17:51.377, 1, 82709, 97871, 100, 526.09
2026/10/09 01:17:51.377, 2, 79990, 97871, 100, 508.83
2026/10/09 01:17:51.377, 3, 79852, 97871, 99, 462.28
2026/10/09 01:17:52.377, 0, 5, 97871, 0, 85.10
2026/10/09 01:17:52.377, 1, 82709, 97871, 100, 528.43
2026/10/09 01:17:52.377, 2, 79990, 97871, 100, 507.96
2026/10/09 01:17:52.377, 3, 79852, 97871, 99, 460.66
2026/10/09 01:17:53.377, 0, 5, 97871, 0, 85.40
2026/10/09 01:17:53.377, 1, 82709, 97871, 100, 519.68
2026/10/09 01:17:53.377, 2, 79990, 97871, 100, 508.97
2026/10/09 01:17:53.377, 3, 79852, 97871, 99, 460.57
2026/10/09 01:17:54.377, 0, 5, 97871, 0, 85.36
2026/10/09 01:17:54.377, 1, 82709, 97871, 97, 518.27
2026/10/09 01:17:54.378, 2, 79990, 97871, 100, 501.86
2026/10/09 01:17:54.378, 3, 79852, 97871, 99, 465.52
2026/10/09 01:17:55.378, 0, 5, 97871, 0, 85.21
2026/10/09 01:17:55.378, 1, 82709, 97871, 100, 512.30
2026/10/09 01:17:55.378, 2, 79990, 97871, 100, 508.11
2026/10/09 01:17:55.378, 3, 79852, 97871, 92, 460.04
2026/10/09 01:17:56.378, 0, 5, 97871, 0, 85.22
2026/10/09 01:17:56.378, 1, 82709, 97871, 67, 477.61
2026/10/09 01:17:56.378, 2, 79990, 97871, 100, 507.48
2026/10/09 01:17:56.378, 3, 79852, 97871, 99, 468.80
2026/10/09 01:17:57.378, 0, 5, 97871, 0, 85.30
2026/10/09 01:17:57.378, 1, 82709, 97871, 53, 360.71
2026/10/09 01:17:57.378, 2, 79990, 97871, 98, 505.55
2026/10/09 01:17:57.378, 3, 79852, 97871, 99, 461.57
2026/10/09 01:17:58.378, 0, 5, 97871, 0, 85.49
2026/10/09 01:17:58.378, 1, 82709, 97871, 100, 358.23
2026/10/09 01:17:58.383, 2, 79990, 97871, 100, 504.79
2026/10/09 01:17:58.383, 3, 79852, 97871, 99, 468.49
2026/10/09 01:17:59.383, 0, 5, 97871, 0, 85.40
2026/10/09 01:17:59.383, 1, 82709, 97871, 100, 530.66
2026/10/09 01:17:59.383, 2, 79990, 97871, 100, 484.97
2026/10/09 01:17:59.383, 3, 79852, 97871, 98, 462.71
2026/10/09 01:18:00.383, 0, 5, 97871, 0, 85.00
2026/10/09 01:18:00.383, 1, 82709, 97871, 100, 530.75
2026/10/09 01:18:00.383, 2, 79990, 97871, 100, 398.18
2026/10/09 01:18:00.383, 3, 79852, 97871, 99, 459.25
2026/10/09 01:18:01.383, 0, 5, 97871, 0, 84.63
2026/10/09 01:18:01.383, 1, 82709, 97871, 100, 536.06
2026/10/09 01:18:01.383, 2, 79990, 97871, 100, 526.64
2026/10/09 01:18:01.383, 3, 79852, 97871, 99, 459.54
2026/10/09 01:18:02.383, 0, 5, 97871, 0, 84.87
2026/10/09 01:18:02.384, 1, 82709, 97871, 100, 530.28
2026/10/09 01:18:02.384, 2, 79990, 97871, 100, 521.26
2026/10/09 01:18:02.384, 3, 79852, 97871, 99, 458.32
2026/10/09 01:18:03.384, 0, 5, 97871, 0, 84.86
2026/10/09 01:18:03.384, 1, 82709, 97871, 100, 528.38
2026/10/09 01:18:03.384, 2, 79990, 97871, 100, 502.05
2026/10/09 01:18:03.384, 3, 79852, 97871, 99, 459.64
2026/10/09 01:18:04.384, 0, 5, 97871, 0, 84.95
2026/10/09 01:18:04.384, 1, 82709, 97871, 100, 531.37
2026/10/09 01:18:04.384, 2, 79990, 97871, 100, 509.45
2026/10/09 01:18:04.384, 3, 79852, 97871, 99, 463.95
2026/10/09 01:18:05.384, 0, 5, 97871, 0, 85.00
2026/10/09 01:18:05.384, 1, 82709, 97871, 100, 533.16
2026/10/09 01:18:05.384, 2, 79990, 97871, 100, 430.85
2026/10/09 01:18:05.384, 3, 79852, 97871, 99, 461.42
2026/10/09 01:18:06.384, 0, 5, 97871, 0, 84.90
2026/10/09 01:18:06.384, 1, 82709, 97871, 100, 533.88
2026/10/09 01:18:06.384, 2, 79990, 97871, 100, 529.72
2026/10/09 01:18:06.384, 3, 79852, 97871, 99, 464.75
2026/10/09 01:18:07.385, 0, 5, 97871, 0, 84.83
2026/10/09 01:18:07.385, 1, 82709, 97871, 100, 531.01
2026/10/09 01:18:07.385, 2, 79990, 97871, 100, 529.91
2026/10/09 01:18:07.385, 3, 79852, 97871, 99, 466.50
2026/10/09 01:18:08.385, 0, 5, 97871, 0, 85.07
2026/10/09 01:18:08.385, 1, 82709, 97871, 100, 532.26
2026/10/09 01:18:08.392, 2, 79990, 97871, 100, 510.67
2026/10/09 01:18:08.392, 3, 79852, 97871, 99, 462.09
2026/10/09 01:18:09.392, 0, 5, 97871, 0, 85.10
2026/10/09 01:18:09.392, 1, 82709, 97871, 100, 525.00
2026/10/09 01:18:09.392, 2, 79990, 97871, 100, 504.92
2026/10/09 01:18:09.392, 3, 79852, 97871, 99, 460.31
2026/10/09 01:18:10.392, 0, 5, 97871, 0, 85.17
2026/10/09 01:18:10.392, 1, 82709, 97871, 100, 522.24
2026/10/09 01:18:10.392, 2, 79990, 97871, 100, 506.49
2026/10/09 01:18:10.393, 3, 79852, 97871, 99, 457.99
2026/10/09 01:18:11.393, 0, 5, 97871, 0, 84.93
2026/10/09 01:18:11.393, 1, 82709, 97871, 100, 523.01
2026/10/09 01:18:11.393, 2, 79990, 97871, 100, 508.40
2026/10/09 01:18:11.393, 3, 79852, 97871, 99, 465.86
2026/10/09 01:18:12.393, 0, 5, 97871, 0, 85.05
2026/10/09 01:18:12.393, 1, 82709, 97871, 100, 527.11
2026/10/09 01:18:12.393, 2, 79990, 97871, 100, 515.44
2026/10/09 01:18:12.393, 3, 79852, 97871, 99, 465.76
2026/10/09 01:18:13.393, 0, 5, 97871, 0, 85.17
2026/10/09 01:18:13.393, 1, 82709, 97871, 100, 527.25
2026/10/09 01:18:13.393, 2, 79990, 97871, 100, 504.00
2026/10/09 01:18:13.393, 3, 79852, 97871, 87, 465.76
2026/10/09 01:18:14.393, 0, 5, 97871, 0, 85.18
2026/10/09 01:18:14.393, 1, 82709, 97871, 100, 525.19
2026/10/09 01:18:14.393, 2, 79990, 97871, 100, 504.38
2026/10/09 01:18:14.393, 3, 79852, 97871, 99, 466.42
2026/10/09 01:18:15.394, 0, 5, 97871, 0, 85.05
2026/10/09 01:18:15.394, 1, 82709, 97871, 100, 526.40
2026/10/09 01:18:15.394, 2, 79990, 97871, 100, 509.82
2026/10/09 01:18:15.394, 3, 79852, 97871, 99, 460.10
2026/10/09 01:18:16.394, 0, 5, 97871, 0, 85.10
2026/10/09 01:18:16.394, 1, 82709, 97871, 100, 525.77
2026/10/09 01:18:16.394, 2, 79990, 97871, 100, 507.52
2026/10/09 01:18:16.394, 3, 79852, 97871, 99, 462.17
2026/10/09 01:18:17.394, 0, 5, 97871, 0, 85.15
2026/10/09 01:18:17.394, 1, 82709, 97871, 100, 522.79
2026/10/09 01:18:17.394, 2, 79990, 97871, 100, 512.45
2026/10/09 01:18:17.394, 3, 79852, 97871, 99, 459.56
2026/10/09 01:18:18.394, 0, 5, 97871, 0, 85.19
2026/10/09 01:18:18.394, 1, 82709, 97871, 100, 526.37
2026/10/09 01:18:18.405, 2, 79990, 97871, 100, 507.98
2026/10/09 01:18:18.405, 3, 79852, 97871, 99, 464.75
2026/10/09 01:18:19.405, 0, 5, 97871, 0, 85.06
2026/10/09 01:18:19.405, 1, 82709, 97871, 100, 527.60
2026/10/09 01:18:19.405, 2, 79990, 97871, 100, 513.14
2026/10/09 01:18:19.405, 3, 79852, 97871, 99, 465.61
2026/10/09 01:18:20.406, 0, 5, 97871, 0, 85.01
2026/10/09 01:18:20.406, 1, 82709, 97871, 100, 527.12
2026/10/09 01:18:20.406, 2, 79990, 97871, 100, 503.91
2026/10/09 01:18:20.406, 3, 79852, 97871, 89, 463.14
2026/10/09 01:18:21.406, 0, 5, 97871, 0, 85.03
2026/10/09 01:18:21.406, 1, 82709, 97871, 100, 526.95
2026/10/09 01:18:21.406, 2, 79990, 97871, 100, 512.66
2026/10/09 01:18:21.406, 3, 79852, 97871, 99, 460.98
2026/10/09 01:18:22.406, 0, 5, 97871, 0, 85.10
2026/10/09 01:18:22.406, 1, 82709, 97871, 100, 523.65
2026/10/09 01:18:22.406, 2, 79990, 97871, 100, 503.90
2026/10/09 01:18:22.406, 3, 79852, 97871, 99, 462.94
2026/10/09 01:18:23.406, 0, 5, 97871, 0, 85.08
2026/10/09 01:18:23.406, 1, 82709, 97871, 100, 526.61
2026/10/09 01:18:23.406, 2, 79990, 97871, 100, 508.90
2026/10/09 01:18:23.406, 3, 79852, 97871, 95, 464.09
2026/10/09 01:18:24.406, 0, 5, 97871, 0, 85.05
2026/10/09 01:18:24.407, 1, 82709, 97871, 100, 528.73
2026/10/09 01:18:24.407, 2, 79990, 97871, 99, 436.88
2026/10/09 01:18:24.407, 3, 79852, 97871, 99, 460.63
2026/10/09 01:18:25.407, 0, 5, 97871, 0, 84.96
2026/10/09 01:18:25.407, 1, 82709, 97871, 100, 529.09
2026/10/09 01:18:25.407, 2, 79990, 97871, 100, 394.62
2026/10/09 01:18:25.407, 3, 79852, 97871, 99, 460.29
2026/10/09 01:18:26.407, 0, 5, 97871, 0, 84.96
2026/10/09 01:18:26.407, 1, 82709, 97871, 100, 530.64
2026/10/09 01:18:26.407, 2, 79990, 97871, 100, 524.92
2026/10/09 01:18:26.407, 3, 79852, 97871, 99, 457.06
2026/10/09 01:18:27.407, 0, 5, 97871, 0, 85.07
2026/10/09 01:18:27.407, 1, 82709, 97871, 100, 528.57
2026/10/09 01:18:27.407, 2, 80690, 97871, 100, 524.77
2026/10/09 01:18:27.407, 3, 79852, 97871, 99, 464.57
2026/10/09 01:18:28.407, 0, 5, 97871, 0, 84.86
2026/10/09 01:18:28.407, 1, 82709, 97871, 100, 523.72
2026/10/09 01:18:28.415, 2, 81474, 97871, 100, 530.09
2026/10/09 01:18:28.415, 3, 79852, 97871, 88, 463.72
2026/10/09 01:18:29.415, 0, 5, 97871, 0, 85.02
2026/10/09 01:18:29.415, 1, 82709, 97871, 100, 528.45
2026/10/09 01:18:29.415, 2, 81474, 97871, 100, 523.25
2026/10/09 01:18:29.415, 3, 79852, 97871, 99, 461.14
2026/10/09 01:18:30.415, 0, 5, 97871, 0, 85.38
2026/10/09 01:18:30.415, 1, 82709, 97871, 100, 531.57
2026/10/09 01:18:30.415, 2, 81474, 97871, 95, 490.37
2026/10/09 01:18:30.415, 3, 79852, 97871, 99, 468.15
2026/10/09 01:18:31.415, 0, 5, 97871, 0, 85.42
2026/10/09 01:18:31.415, 1, 82709, 97871, 100, 524.64
2026/10/09 01:18:31.415, 2, 81476, 97871, 98, 488.56
2026/10/09 01:18:31.415, 3, 79852, 97871, 99, 464.00
2026/10/09 01:18:32.416, 0, 5, 97871, 0, 85.53
2026/10/09 01:18:32.416, 1, 82709, 97871, 100, 524.45
2026/10/09 01:18:32.416, 2, 81476, 97871, 94, 480.43
2026/10/09 01:18:32.416, 3, 79852, 97871, 99, 467.06
2026/10/09 01:18:33.416, 0, 5, 97871, 0, 85.41
2026/10/09 01:18:33.416, 1, 82709, 97871, 100, 527.69
2026/10/09 01:18:33.416, 2, 81476, 97871, 100, 493.41
2026/10/09 01:18:33.416, 3, 79852, 97871, 99, 462.22
2026/10/09 01:18:34.416, 0, 5, 97871, 0, 85.25
2026/10/09 01:18:34.416, 1, 82709, 97871, 100, 528.52
2026/10/09 01:18:34.416, 2, 81476, 97871, 100, 411.67
2026/10/09 01:18:34.416, 3, 79852, 97871, 99, 460.56
2026/10/09 01:18:35.416, 0, 5, 97871, 0, 85.26
2026/10/09 01:18:35.416, 1, 82709, 97871, 100, 527.58
2026/10/09 01:18:35.416, 2, 81476, 97871, 100, 534.06
2026/10/09 01:18:35.416, 3, 79852, 97871, 86, 455.01
2026/10/09 01:18:36.416, 0, 5, 97871, 0, 85.07
2026/10/09 01:18:36.416, 1, 82709, 97871, 100, 528.14
2026/10/09 01:18:36.417, 2, 81476, 97871, 100, 526.70
2026/10/09 01:18:36.417, 3, 79852, 97871, 99, 459.53
2026/10/09 01:18:37.417, 0, 5, 97871, 0, 85.08
2026/10/09 01:18:37.417, 1, 82709, 97871, 100, 527.50
2026/10/09 01:18:37.417, 2, 81476, 97871, 100, 529.12
2026/10/09 01:18:37.417, 3, 79852, 97871, 99, 462.05
2026/10/09 01:18:38.417, 0, 5, 97871, 0, 84.95
2026/10/09 01:18:38.417, 1, 82709, 97871, 100, 528.74
2026/10/09 01:18:38.421, 2, 81476, 97871, 100, 526.47
2026/10/09 01:18:38.421, 3, 79852, 97871, 99, 461.43
2026/10/09 01:18:39.421, 0, 5, 97871, 0, 85.08
2026/10/09 01:18:39.421, 1, 82709, 97871, 100, 527.25
2026/10/09 01:18:39.421, 2, 81476, 97871, 100, 518.47
2026/10/09 01:18:39.422, 3, 79852, 97871, 99, 466.66
2026/10/09 01:18:40.422, 0, 5, 97871, 0, 85.20
2026/10/09 01:18:40.422, 1, 82709, 97871, 100, 528.55
2026/10/09 01:18:40.422, 2, 81476, 97871, 100, 512.88
2026/10/09 01:18:40.422, 3, 79852, 97871, 99, 461.14
2026/10/09 01:18:41.422, 0, 5, 97871, 0, 85.07
2026/10/09 01:18:41.422, 1, 82709, 97871, 100, 528.15
2026/10/09 01:18:41.422, 2, 81476, 97871, 100, 511.88
2026/10/09 01:18:41.422, 3, 79852, 97871, 99, 460.00
2026/10/09 01:18:42.422, 0, 5, 97871, 0, 85.18
2026/10/09 01:18:42.422, 1, 82709, 97871, 100, 527.93
2026/10/09 01:18:42.422, 2, 81476, 97871, 100, 509.19
2026/10/09 01:18:42.422, 3, 79852, 97871, 92, 456.27
2026/10/09 01:18:43.422, 0, 5, 97871, 0, 85.11
2026/10/09 01:18:43.422, 1, 82709, 97871, 100, 528.22
2026/10/09 01:18:43.422, 2, 81476, 97871, 100, 508.66
2026/10/09 01:18:43.422, 3, 79852, 97871, 99, 461.47
2026/10/09 01:18:44.423, 0, 5, 97871, 0, 85.20
2026/10/09 01:18:44.423, 1, 82709, 97871, 100, 524.40
2026/10/09 01:18:44.423, 2, 81475, 97871, 100, 513.30
2026/10/09 01:18:44.423, 3, 79851, 97871, 99, 463.97
2026/10/09 01:18:45.423, 0, 5, 97871, 0, 85.08
2026/10/09 01:18:45.423, 1, 82709, 97871, 100, 524.69
2026/10/09 01:18:45.423, 2, 81475, 97871, 100, 516.35
2026/10/09 01:18:45.423, 3, 79851, 97871, 99, 460.36
2026/10/09 01:18:46.423, 0, 5, 97871, 0, 85.09
2026/10/09 01:18:46.423, 1, 82708, 97871, 100, 523.59
2026/10/09 01:18:46.423, 2, 81475, 97871, 100, 520.70
2026/10/09 01:18:46.423, 3, 79851, 97871, 99, 460.62
2026/10/09 01:18:47.423, 0, 5, 97871, 0, 85.12
2026/10/09 01:18:47.424, 1, 82708, 97871, 100, 524.15
2026/10/09 01:18:47.424, 2, 81475, 97871, 100, 523.43
2026/10/09 01:18:47.424, 3, 79851, 97871, 99, 465.92
2026/10/09 01:18:48.424, 0, 5, 97871, 0, 85.04
2026/10/09 01:18:48.424, 1, 82708, 97871, 100, 522.82
2026/10/09 01:18:48.431, 2, 81475, 97871, 100, 519.52
2026/10/09 01:18:48.431, 3, 79851, 97871, 99, 460.47
2026/10/09 01:18:49.431, 0, 5, 97871, 0, 85.11
2026/10/09 01:18:49.431, 1, 82708, 97871, 100, 528.74
2026/10/09 01:18:49.432, 2, 81475, 97871, 100, 517.52
2026/10/09 01:18:49.432, 3, 79851, 97871, 99, 464.99
2026/10/09 01:18:50.432, 0, 5, 97871, 0, 85.15
2026/10/09 01:18:50.432, 1, 82708, 97871, 100, 529.24
2026/10/09 01:18:50.432, 2, 81475, 97871, 100, 517.84
2026/10/09 01:18:50.432, 3, 79851, 97871, 68, 428.58
2026/10/09 01:18:51.432, 0, 5, 97871, 0, 85.22
2026/10/09 01:18:51.432, 1, 82708, 97871, 100, 525.44
2026/10/09 01:18:51.432, 2, 81475, 97871, 100, 512.86
2026/10/09 01:18:51.432, 3, 79851, 97871, 99, 482.45
2026/10/09 01:18:52.432, 0, 5, 97871, 0, 85.22
2026/10/09 01:18:52.432, 1, 82708, 97871, 100, 525.23
2026/10/09 01:18:52.432, 2, 81475, 97871, 100, 511.68
2026/10/09 01:18:52.433, 3, 79851, 97871, 100, 489.49
2026/10/09 01:18:53.433, 0, 5, 97871, 0, 85.11
2026/10/09 01:18:53.433, 1, 82708, 97871, 100, 524.77
2026/10/09 01:18:53.433, 2, 81475, 97871, 100, 512.49
2026/10/09 01:18:53.433, 3, 79851, 97871, 100, 499.27
2026/10/09 01:18:54.433, 0, 5, 97871, 0, 85.32
2026/10/09 01:18:54.433, 1, 82708, 97871, 100, 525.70
2026/10/09 01:18:54.433, 2, 81475, 97871, 100, 513.35
2026/10/09 01:18:54.433, 3, 79851, 97871, 100, 496.89
2026/10/09 01:18:55.433, 0, 5, 97871, 0, 85.34
2026/10/09 01:18:55.433, 1, 82708, 97871, 100, 526.05
2026/10/09 01:18:55.433, 2, 81475, 97871, 100, 515.62
2026/10/09 01:18:55.433, 3, 79851, 97871, 100, 500.28
2026/10/09 01:18:56.433, 0, 5, 97871, 0, 85.18
2026/10/09 01:18:56.434, 1, 82708, 97871, 100, 525.05
2026/10/09 01:18:56.434, 2, 81475, 97871, 100, 519.80
2026/10/09 01:18:56.434, 3, 79851, 97871, 100, 499.84
2026/10/09 01:18:57.434, 0, 5, 97871, 0, 85.27
2026/10/09 01:18:57.434, 1, 82708, 97871, 100, 528.39
2026/10/09 01:18:57.434, 2, 81475, 97871, 100, 517.70
2026/10/09 01:18:57.434, 3, 79851, 97871, 100, 498.21
2026/10/09 01:18:58.434, 0, 5, 97871, 0, 85.24
2026/10/09 01:18:58.434, 1, 82708, 97871, 100, 526.02
2026/10/09 01:18:58.440, 2, 81475, 97871, 100, 517.63
2026/10/09 01:18:58.440, 3, 79851, 97871, 100, 505.35
2026/10/09 01:18:59.440, 0, 5, 97871, 0, 85.30
2026/10/09 01:18:59.440, 1, 82708, 97871, 100, 532.44
2026/10/09 01:18:59.440, 2, 81475, 97871, 100, 516.70
2026/10/09 01:18:59.440, 3, 79851, 97871, 100, 506.59
2026/10/09 01:19:00.440, 0, 5, 97871, 0, 85.30
2026/10/09 01:19:00.440, 1, 82708, 97871, 100, 525.34
2026/10/09 01:19:00.441, 2, 81475, 97871, 100, 514.41
2026/10/09 01:19:00.441, 3, 79851, 97871, 100, 498.82
2026/10/09 01:19:01.441, 0, 5, 97871, 0, 85.24
2026/10/09 01:19:01.441, 1, 82708, 97871, 100, 527.56
2026/10/09 01:19:01.441, 2, 81475, 97871, 100, 521.17
2026/10/09 01:19:01.441, 3, 79851, 97871, 99, 503.26
2026/10/09 01:19:02.441, 0, 5, 97871, 0, 85.26
2026/10/09 01:19:02.441, 1, 82708, 97871, 100, 527.10
2026/10/09 01:19:02.441, 2, 81475, 97871, 100, 512.87
2026/10/09 01:19:02.441, 3, 79851, 97871, 100, 501.67
2026/10/09 01:19:03.441, 0, 5, 97871, 0, 85.29
2026/10/09 01:19:03.441, 1, 82708, 97871, 100, 523.96
2026/10/09 01:19:03.441, 2, 81475, 97871, 100, 517.89
2026/10/09 01:19:03.441, 3, 79851, 97871, 100, 496.98
2026/10/09 01:19:04.441, 0, 5, 97871, 0, 85.32
2026/10/09 01:19:04.442, 1, 82708, 97871, 100, 527.13
2026/10/09 01:19:04.442, 2, 81475, 97871, 100, 518.96
2026/10/09 01:19:04.442, 3, 79851, 97871, 100, 498.64
2026/10/09 01:19:05.442, 0, 5, 97871, 0, 85.16
2026/10/09 01:19:05.442, 1, 82708, 97871, 100, 524.30
2026/10/09 01:19:05.442, 2, 81475, 97871, 100, 519.54
2026/10/09 01:19:05.442, 3, 79851, 97871, 100, 498.11
2026/10/09 01:19:06.442, 0, 5, 97871, 0, 85.23
2026/10/09 01:19:06.442, 1, 82708, 97871, 100, 526.80
2026/10/09 01:19:06.442, 2, 81475, 97871, 100, 517.97
2026/10/09 01:19:06.442, 3, 79851, 97871, 100, 501.31
2026/10/09 01:19:07.442, 0, 5, 97871, 0, 85.30
2026/10/09 01:19:07.442, 1, 82708, 97871, 100, 525.04
2026/10/09 01:19:07.442, 2, 81475, 97871, 100, 500.77
2026/10/09 01:19:07.442, 3, 79851, 97871, 100, 498.52
2026/10/09 01:19:08.443, 0, 5, 97871, 0, 85.44
2026/10/09 01:19:08.443, 1, 82708, 97871, 100, 530.95
2026/10/09 01:19:08.451, 2, 81475, 97871, 81, 469.59
2026/10/09 01:19:08.451, 3, 79851, 97871, 99, 486.66
2026/10/09 01:19:09.451, 0, 5, 97871, 0, 85.26
2026/10/09 01:19:09.451, 1, 82708, 97871, 100, 527.55
2026/10/09 01:19:09.451, 2, 81475, 97871, 100, 503.63
2026/10/09 01:19:09.451, 3, 79851, 97871, 100, 457.76
2026/10/09 01:19:10.451, 0, 5, 97871, 0, 85.27
2026/10/09 01:19:10.452, 1, 82708, 97871, 100, 527.66
2026/10/09 01:19:10.452, 2, 81475, 97871, 34, 378.19
2026/10/09 01:19:10.452, 3, 79851, 97871, 100, 526.18
2026/10/09 01:19:11.455, 0, 5, 97871, 0, 85.40
2026/10/09 01:19:11.455, 1, 82708, 97871, 100, 528.21
2026/10/09 01:19:11.455, 2, 7, 97871, 0, 90.95
2026/10/09 01:19:11.455, 3, 79851, 97871, 100, 501.64
2026/10/09 01:19:12.455, 0, 5, 97871, 0, 85.20
2026/10/09 01:19:12.455, 1, 82708, 97871, 100, 534.40
2026/10/09 01:19:12.455, 2, 7, 97871, 0, 93.23
2026/10/09 01:19:12.455, 3, 79851, 97871, 100, 503.79
2026/10/09 01:19:13.455, 0, 5, 97871, 0, 85.30
2026/10/09 01:19:13.455, 1, 82708, 97871, 100, 531.03
2026/10/09 01:19:13.455, 2, 7, 97871, 0, 49.18
2026/10/09 01:19:13.455, 3, 79851, 97871, 100, 519.39
2026/10/09 01:19:14.455, 0, 5, 97871, 0, 85.35
2026/10/09 01:19:14.455, 1, 82708, 97871, 100, 531.49
2026/10/09 01:19:14.456, 2, 7, 97871, 0, 44.93
2026/10/09 01:19:14.456, 3, 79851, 97871, 98, 501.22
2026/10/09 01:19:15.456, 0, 5, 97871, 0, 85.30
2026/10/09 01:19:15.456, 1, 82708, 97871, 100, 531.03
2026/10/09 01:19:15.456, 2, 7, 97871, 0, 44.79
2026/10/09 01:19:15.456, 3, 79851, 97871, 100, 511.18
2026/10/09 01:19:16.456, 0, 5, 97871, 0, 85.30
2026/10/09 01:19:16.456, 1, 82708, 97871, 100, 528.77
2026/10/09 01:19:16.456, 2, 7, 97871, 0, 44.88
2026/10/09 01:19:16.456, 3, 79851, 97871, 100, 509.73
2026/10/09 01:19:17.456, 0, 5, 97871, 0, 85.33
2026/10/09 01:19:17.456, 1, 82708, 97871, 100, 528.09
2026/10/09 01:19:17.456, 2, 7, 97871, 0, 44.80
2026/10/09 01:19:17.456, 3, 79851, 97871, 100, 512.99
2026/10/09 01:19:18.456, 0, 5, 97871, 0, 85.36
2026/10/09 01:19:18.456, 1, 82708, 97871, 100, 527.55
2026/10/09 01:19:18.458, 2, 7, 97871, 0, 44.83
2026/10/09 01:19:18.458, 3, 79851, 97871, 100, 508.58
2026/10/09 01:19:19.458, 0, 5, 97871, 0, 85.26
2026/10/09 01:19:19.458, 1, 82708, 97871, 100, 528.24
2026/10/09 01:19:19.458, 2, 7, 97871, 0, 44.71
2026/10/09 01:19:19.458, 3, 79851, 97871, 100, 461.92
2026/10/09 01:19:20.458, 0, 5, 97871, 0, 85.00
2026/10/09 01:19:20.458, 1, 82708, 97871, 100, 528.60
2026/10/09 01:19:20.458, 2, 7, 97871, 0, 44.68
2026/10/09 01:19:20.458, 3, 79851, 97871, 100, 516.38
2026/10/09 01:19:21.458, 0, 5, 97871, 0, 85.19
2026/10/09 01:19:21.458, 1, 82708, 97871, 100, 528.81
2026/10/09 01:19:21.458, 2, 7, 97871, 0, 44.60
2026/10/09 01:19:21.458, 3, 79851, 97871, 100, 513.17
2026/10/09 01:19:22.458, 0, 5, 97871, 0, 85.10
2026/10/09 01:19:22.458, 1, 82708, 97871, 100, 531.75
2026/10/09 01:19:22.458, 2, 7, 97871, 0, 44.65
2026/10/09 01:19:22.458, 3, 79851, 97871, 36, 483.43
2026/10/09 01:19:23.458, 0, 5, 97871, 0, 85.06
2026/10/09 01:19:23.458, 1, 82708, 97871, 100, 530.57
2026/10/09 01:19:23.459, 2, 7, 97871, 0, 44.73
2026/10/09 01:19:23.459, 3, 79851, 97871, 100, 520.88
2026/10/09 01:19:24.459, 0, 5, 97871, 0, 85.28
2026/10/09 01:19:24.459, 1, 82708, 97871, 100, 532.30
2026/10/09 01:19:24.459, 2, 7, 97871, 0, 44.60
2026/10/09 01:19:24.459, 3, 79851, 97871, 100, 504.37
2026/10/09 01:19:25.459, 0, 5, 97871, 0, 85.31
2026/10/09 01:19:25.459, 1, 82708, 97871, 100, 532.82
2026/10/09 01:19:25.459, 2, 7, 97871, 0, 44.55
2026/10/09 01:19:25.459, 3, 79851, 97871, 100, 508.23
2026/10/09 01:19:26.459, 0, 5, 97871, 0, 85.33
2026/10/09 01:19:26.459, 1, 82708, 97871, 100, 531.65
2026/10/09 01:19:26.459, 2, 7, 97871, 0, 44.47
2026/10/09 01:19:26.459, 3, 79851, 97871, 100, 507.72
2026/10/09 01:19:27.459, 0, 5, 97871, 0, 85.45
2026/10/09 01:19:27.459, 1, 82708, 97871, 100, 531.62
2026/10/09 01:19:27.459, 2, 7, 97871, 0, 44.40
2026/10/09 01:19:27.459, 3, 79851, 97871, 100, 507.51
2026/10/09 01:19:28.459, 0, 5, 97871, 0, 85.43
2026/10/09 01:19:28.460, 1, 82708, 97871, 100, 529.62
2026/10/09 01:19:28.468, 2, 7, 97871, 0, 44.43
2026/10/09 01:19:28.468, 3, 79851, 97871, 100, 506.61
2026/10/09 01:19:29.468, 0, 5, 97871, 0, 85.52
2026/10/09 01:19:29.468, 1, 82708, 97871, 100, 532.92
2026/10/09 01:19:29.468, 2, 7, 97871, 0, 44.20
2026/10/09 01:19:29.468, 3, 79851, 97871, 100, 506.17
2026/10/09 01:19:30.469, 0, 5, 97871, 0, 85.36
2026/10/09 01:19:30.469, 1, 82708, 97871, 100, 530.98
2026/10/09 01:19:30.469, 2, 7, 97871, 0, 44.37
2026/10/09 01:19:30.469, 3, 79851, 97871, 100, 506.03
2026/10/09 01:19:31.469, 0, 5, 97871, 0, 85.37
2026/10/09 01:19:31.469, 1, 82708, 97871, 100, 530.44
2026/10/09 01:19:31.469, 2, 7, 97871, 0, 44.44
2026/10/09 01:19:31.469, 3, 79851, 97871, 100, 508.35
2026/10/09 01:19:32.469, 0, 5, 97871, 0, 85.24
2026/10/09 01:19:32.469, 1, 82708, 97871, 100, 529.32
2026/10/09 01:19:32.469, 2, 7, 97871, 0, 44.37
2026/10/09 01:19:32.469, 3, 79851, 97871, 100, 508.21
2026/10/09 01:19:33.469, 0, 5, 97871, 0, 85.39
2026/10/09 01:19:33.469, 1, 82708, 97871, 100, 529.74
2026/10/09 01:19:33.469, 2, 7, 97871, 0, 44.48
2026/10/09 01:19:33.469, 3, 79851, 97871, 22, 425.47
2026/10/09 01:19:34.469, 0, 5, 97871, 0, 85.22
2026/10/09 01:19:34.469, 1, 82708, 97871, 100, 529.66
2026/10/09 01:19:34.469, 2, 7, 97871, 0, 44.19
2026/10/09 01:19:34.469, 3, 79851, 97871, 100, 532.59
2026/10/09 01:19:35.470, 0, 5, 97871, 0, 85.10
2026/10/09 01:19:35.470, 1, 82708, 97871, 100, 528.39
2026/10/09 01:19:35.470, 2, 7, 97871, 0, 44.48
2026/10/09 01:19:35.470, 3, 79851, 97871, 100, 527.96
2026/10/09 01:19:36.470, 0, 5, 97871, 0, 85.09
2026/10/09 01:19:36.470, 1, 82708, 97871, 100, 530.18
2026/10/09 01:19:36.470, 2, 7, 97871, 0, 44.12
2026/10/09 01:19:36.470, 3, 79851, 97871, 100, 506.12
2026/10/09 01:19:37.470, 0, 5, 97871, 0, 85.30
2026/10/09 01:19:37.470, 1, 82708, 97871, 100, 528.15
2026/10/09 01:19:37.470, 2, 7, 97871, 0, 44.11
2026/10/09 01:19:37.470, 3, 79851, 97871, 100, 510.02
2026/10/09 01:19:38.470, 0, 5, 97871, 0, 85.19
2026/10/09 01:19:38.470, 1, 82708, 97871, 100, 531.40
2026/10/09 01:19:38.475, 2, 7, 97871, 0, 44.04
2026/10/09 01:19:38.475, 3, 79851, 97871, 100, 497.20
2026/10/09 01:19:39.475, 0, 5, 97871, 0, 85.18
2026/10/09 01:19:39.475, 1, 82708, 97871, 100, 531.37
2026/10/09 01:19:39.475, 2, 7, 97871, 0, 44.05
2026/10/09 01:19:39.475, 3, 79851, 97871, 100, 459.31
2026/10/09 01:19:40.476, 0, 5, 97871, 0, 84.99
2026/10/09 01:19:40.476, 1, 82708, 97871, 100, 531.14
2026/10/09 01:19:40.476, 2, 7, 97871, 0, 43.93
2026/10/09 01:19:40.476, 3, 79851, 97871, 100, 522.20
2026/10/09 01:19:41.476, 0, 5, 97871, 0, 85.07
2026/10/09 01:19:41.476, 1, 82708, 97871, 100, 528.54
2026/10/09 01:19:41.476, 2, 7, 97871, 0, 43.95
2026/10/09 01:19:41.476, 3, 79851, 97871, 100, 516.74
2026/10/09 01:19:42.476, 0, 5, 97871, 0, 85.42
2026/10/09 01:19:42.476, 1, 82708, 97871, 100, 530.48
2026/10/09 01:19:42.476, 2, 7, 97871, 0, 43.96
2026/10/09 01:19:42.476, 3, 79851, 97871, 100, 508.48
2026/10/09 01:19:43.476, 0, 5, 97871, 0, 85.23
2026/10/09 01:19:43.476, 1, 82708, 97871, 100, 527.89
2026/10/09 01:19:43.476, 2, 7, 97871, 0, 43.85
2026/10/09 01:19:43.476, 3, 79851, 97871, 100, 507.59
2026/10/09 01:19:44.476, 0, 5, 97871, 0, 85.10
2026/10/09 01:19:44.476, 1, 82708, 97871, 100, 534.61
2026/10/09 01:19:44.476, 2, 7, 97871, 0, 43.85
2026/10/09 01:19:44.476, 3, 79851, 97871, 100, 508.72
2026/10/09 01:19:45.477, 0, 5, 97871, 0, 85.02
2026/10/09 01:19:45.477, 1, 82708, 97871, 100, 530.21
2026/10/09 01:19:45.477, 2, 7, 97871, 0, 43.84
2026/10/09 01:19:45.477, 3, 79851, 97871, 100, 511.37
2026/10/09 01:19:46.477, 0, 5, 97871, 0, 85.04
2026/10/09 01:19:46.477, 1, 82708, 97871, 100, 530.17
2026/10/09 01:19:46.477, 2, 7, 97871, 0, 43.81
2026/10/09 01:19:46.477, 3, 79851, 97871, 100, 508.76
2026/10/09 01:19:47.477, 0, 5, 97871, 0, 85.30
2026/10/09 01:19:47.477, 1, 82708, 97871, 100, 527.58
2026/10/09 01:19:47.477, 2, 7, 97871, 0, 43.94
2026/10/09 01:19:47.477, 3, 79851, 97871, 100, 506.08
2026/10/09 01:19:48.477, 0, 5, 97871, 0, 85.28
2026/10/09 01:19:48.477, 1, 82708, 97871, 100, 528.60
2026/10/09 01:19:48.482, 2, 7, 97871, 0, 43.86
2026/10/09 01:19:48.482, 3, 79851, 97871, 100, 505.57
2026/10/09 01:19:49.482, 0, 5, 97871, 0, 85.20
2026/10/09 01:19:49.482, 1, 82708, 97871, 100, 526.44
2026/10/09 01:19:49.482, 2, 7, 97871, 0, 43.82
2026/10/09 01:19:49.482, 3, 79851, 97871, 100, 503.48
2026/10/09 01:19:50.482, 0, 5, 97871, 0, 85.13
2026/10/09 01:19:50.482, 1, 82708, 97871, 100, 530.45
2026/10/09 01:19:50.482, 2, 7, 97871, 0, 43.98
2026/10/09 01:19:50.482, 3, 79851, 97871, 100, 508.01
2026/10/09 01:19:51.482, 0, 5, 97871, 0, 85.29
2026/10/09 01:19:51.482, 1, 82708, 97871, 100, 527.75
2026/10/09 01:19:51.482, 2, 7, 97871, 0, 43.87
2026/10/09 01:19:51.483, 3, 79851, 97871, 100, 505.00
2026/10/09 01:19:52.483, 0, 5, 97871, 0, 84.99
2026/10/09 01:19:52.483, 1, 82708, 97871, 100, 531.33
2026/10/09 01:19:52.483, 2, 7, 97871, 0, 43.85
2026/10/09 01:19:52.483, 3, 79851, 97871, 100, 510.80
2026/10/09 01:19:53.483, 0, 5, 97871, 0, 85.33
2026/10/09 01:19:53.483, 1, 82708, 97871, 100, 529.90
2026/10/09 01:19:53.483, 2, 7, 97871, 0, 43.96
2026/10/09 01:19:53.483, 3, 79851, 97871, 100, 505.30
2026/10/09 01:19:54.483, 0, 5, 97871, 0, 85.15
2026/10/09 01:19:54.483, 1, 82708, 97871, 100, 529.57
2026/10/09 01:19:54.483, 2, 7, 97871, 0, 43.79
2026/10/09 01:19:54.483, 3, 79851, 97871, 100, 504.79
2026/10/09 01:19:55.483, 0, 5, 97871, 0, 85.22
2026/10/09 01:19:55.483, 1, 82708, 97871, 100, 530.76
2026/10/09 01:19:55.483, 2, 7, 97871, 0, 43.88
2026/10/09 01:19:55.483, 3, 79851, 97871, 100, 505.68
2026/10/09 01:19:56.483, 0, 5, 97871, 0, 85.04
2026/10/09 01:19:56.483, 1, 82708, 97871, 100, 533.25
2026/10/09 01:19:56.483, 2, 7, 97871, 0, 43.79
2026/10/09 01:19:56.483, 3, 79851, 97871, 100, 508.55
2026/10/09 01:19:57.484, 0, 5, 97871, 0, 85.02
2026/10/09 01:19:57.484, 1, 82708, 97871, 100, 530.61
2026/10/09 01:19:57.484, 2, 7, 97871, 0, 43.89
2026/10/09 01:19:57.484, 3, 79851, 97871, 100, 496.45
2026/10/09 01:19:58.484, 0, 5, 97871, 0, 85.13
2026/10/09 01:19:58.484, 1, 82708, 97871, 100, 530.27
2026/10/09 01:19:58.502, 2, 7, 97871, 0, 43.87
2026/10/09 01:19:58.502, 3, 79851, 97871, 100, 402.80
2026/10/09 01:19:59.502, 0, 5, 97871, 0, 85.15
2026/10/09 01:19:59.502, 1, 82708, 97871, 100, 527.31
2026/10/09 01:19:59.502, 2, 7, 97871, 0, 43.83
2026/10/09 01:19:59.502, 3, 79851, 97871, 100, 525.41
2026/10/09 01:20:00.502, 0, 5, 97871, 0, 85.33
2026/10/09 01:20:00.502, 1, 82708, 97871, 84, 518.88
2026/10/09 01:20:00.502, 2, 7, 97871, 0, 43.73
2026/10/09 01:20:00.502, 3, 79851, 97871, 100, 521.61
2026/10/09 01:20:01.502, 0, 5, 97871, 0, 85.30
2026/10/09 01:20:01.502, 1, 82708, 97871, 100, 511.36
2026/10/09 01:20:01.502, 2, 7, 97871, 0, 43.73
2026/10/09 01:20:01.503, 3, 79851, 97871, 100, 522.98
2026/10/09 01:20:02.503, 0, 5, 97871, 0, 85.30
2026/10/09 01:20:02.503, 1, 82708, 97871, 65, 500.24
2026/10/09 01:20:02.503, 2, 7, 97871, 0, 43.71
2026/10/09 01:20:02.503, 3, 79851, 97871, 100, 522.66
2026/10/09 01:20:03.503, 0, 5, 97871, 0, 85.18
2026/10/09 01:20:03.503, 1, 82708, 97871, 56, 393.92
2026/10/09 01:20:03.503, 2, 7, 97871, 0, 43.75
2026/10/09 01:20:03.503, 3, 79851, 97871, 100, 509.07
2026/10/09 01:20:04.503, 0, 5, 97871, 0, 85.26
2026/10/09 01:20:04.503, 1, 82708, 97871, 50, 316.54
2026/10/09 01:20:04.503, 2, 7, 97871, 0, 43.79
2026/10/09 01:20:04.503, 3, 79851, 97871, 100, 506.19
2026/10/09 01:20:05.503, 0, 5, 97871, 0, 85.32
2026/10/09 01:20:05.503, 1, 82708, 97871, 0, 204.82
2026/10/09 01:20:05.503, 2, 7, 97871, 0, 43.74
2026/10/09 01:20:05.503, 3, 79851, 97871, 100, 505.78
2026/10/09 01:20:06.503, 0, 5, 97871, 0, 85.34
2026/10/09 01:20:06.503, 1, 82708, 97871, 52, 280.78
2026/10/09 01:20:06.503, 2, 7, 97871, 0, 43.75
2026/10/09 01:20:06.504, 3, 79851, 97871, 100, 506.06
2026/10/09 01:20:07.504, 0, 5, 97871, 0, 85.23
2026/10/09 01:20:07.504, 1, 82708, 97871, 40, 304.15
2026/10/09 01:20:07.504, 2, 7, 97871, 0, 43.70
2026/10/09 01:20:07.504, 3, 79851, 97871, 93, 355.30
2026/10/09 01:20:08.504, 0, 5, 97871, 0, 85.38
2026/10/09 01:20:08.504, 1, 82708, 97871, 49, 302.00
2026/10/09 01:20:08.509, 2, 7, 97871, 0, 43.67
2026/10/09 01:20:08.509, 3, 79851, 97871, 100, 526.67
2026/10/09 01:20:09.509, 0, 5, 97871, 0, 85.21
2026/10/09 01:20:09.509, 1, 82708, 97871, 51, 289.99
2026/10/09 01:20:09.509, 2, 7, 97871, 0, 43.81
2026/10/09 01:20:09.509, 3, 79851, 97871, 100, 526.36
2026/10/09 01:20:10.509, 0, 5, 97871, 0, 85.13
2026/10/09 01:20:10.510, 1, 82708, 97871, 49, 309.11
2026/10/09 01:20:10.510, 2, 7, 97871, 0, 43.74
2026/10/09 01:20:10.510, 3, 79851, 97871, 100, 522.11
2026/10/09 01:20:11.510, 0, 5, 97871, 0, 85.04
2026/10/09 01:20:11.510, 1, 82708, 97871, 51, 302.46
2026/10/09 01:20:11.510, 2, 7, 97871, 0, 43.74
2026/10/09 01:20:11.510, 3, 79851, 97871, 100, 524.75
2026/10/09 01:20:12.510, 0, 5, 97871, 0, 85.33
2026/10/09 01:20:12.510, 1, 82708, 97871, 50, 301.02
2026/10/09 01:20:12.510, 2, 7, 97871, 0, 43.83
2026/10/09 01:20:12.510, 3, 79851, 97871, 100, 514.10
2026/10/09 01:20:13.510, 0, 5, 97871, 0, 85.41
2026/10/09 01:20:13.510, 1, 82708, 97871, 57, 318.04
2026/10/09 01:20:13.510, 2, 7, 97871, 0, 43.85
2026/10/09 01:20:13.510, 3, 79851, 97871, 100, 508.44
2026/10/09 01:20:14.510, 0, 5, 97871, 0, 85.25
2026/10/09 01:20:14.510, 1, 82708, 97871, 54, 320.83
2026/10/09 01:20:14.510, 2, 7, 97871, 0, 43.81
2026/10/09 01:20:14.510, 3, 79851, 97871, 100, 508.14
2026/10/09 01:20:15.510, 0, 5, 97871, 0, 85.57
2026/10/09 01:20:15.511, 1, 82708, 97871, 51, 301.24
2026/10/09 01:20:15.511, 2, 7, 97871, 0, 43.76
2026/10/09 01:20:15.511, 3, 79851, 97871, 100, 506.93
2026/10/09 01:20:16.511, 0, 5, 97871, 0, 85.48
2026/10/09 01:20:16.511, 1, 82708, 97871, 50, 294.87
2026/10/09 01:20:16.511, 2, 7, 97871, 0, 43.80
2026/10/09 01:20:16.511, 3, 79851, 97871, 100, 506.74
2026/10/09 01:20:17.511, 0, 5, 97871, 0, 85.40
2026/10/09 01:20:17.511, 1, 82708, 97871, 47, 302.02
2026/10/09 01:20:17.511, 2, 7, 97871, 0, 43.76
2026/10/09 01:20:17.511, 3, 79851, 97871, 100, 507.07
2026/10/09 01:20:18.511, 0, 5, 97871, 0, 85.36
2026/10/09 01:20:18.511, 1, 82708, 97871, 50, 300.31
2026/10/09 01:20:18.516, 2, 7, 97871, 0, 43.67
2026/10/09 01:20:18.516, 3, 79851, 97871, 100, 504.95
2026/10/09 01:20:19.516, 0, 5, 97871, 0, 85.35
2026/10/09 01:20:19.516, 1, 82708, 97871, 50, 297.56
2026/10/09 01:20:19.516, 2, 7, 97871, 0, 43.74
2026/10/09 01:20:19.516, 3, 79851, 97871, 100, 513.51
2026/10/09 01:20:20.516, 0, 5, 97871, 0, 85.27
2026/10/09 01:20:20.517, 1, 82708, 97871, 49, 297.93
2026/10/09 01:20:20.517, 2, 7, 97871, 0, 43.74
2026/10/09 01:20:20.517, 3, 79851, 97871, 100, 518.10
2026/10/09 01:20:21.517, 0, 5, 97871, 0, 85.39
2026/10/09 01:20:21.517, 1, 82708, 97871, 51, 301.45
2026/10/09 01:20:21.517, 2, 7, 97871, 0, 43.69
2026/10/09 01:20:21.517, 3, 79851, 97871, 100, 516.01
2026/10/09 01:20:22.517, 0, 5, 97871, 0, 85.53
2026/10/09 01:20:22.517, 1, 82708, 97871, 50, 306.03
2026/10/09 01:20:22.517, 2, 7, 97871, 0, 43.73
2026/10/09 01:20:22.517, 3, 79851, 97871, 100, 508.12
2026/10/09 01:20:23.517, 0, 5, 97871, 0, 85.18
2026/10/09 01:20:23.517, 1, 82708, 97871, 50, 299.35
2026/10/09 01:20:23.517, 2, 7, 97871, 0, 43.74
2026/10/09 01:20:23.517, 3, 79851, 97871, 100, 514.20
2026/10/09 01:20:24.517, 0, 5, 97871, 0, 85.28
2026/10/09 01:20:24.517, 1, 82708, 97871, 49, 322.56
2026/10/09 01:20:24.517, 2, 7, 97871, 0, 43.70
2026/10/09 01:20:24.517, 3, 79851, 97871, 100, 514.08
2026/10/09 01:20:25.517, 0, 5, 97871, 0, 85.27
2026/10/09 01:20:25.517, 1, 82708, 97871, 57, 305.73
2026/10/09 01:20:25.518, 2, 7, 97871, 0, 43.72
2026/10/09 01:20:25.518, 3, 79851, 97871, 100, 511.35
2026/10/09 01:20:26.518, 0, 5, 97871, 0, 85.45
2026/10/09 01:20:26.518, 1, 82708, 97871, 50, 305.82
2026/10/09 01:20:26.518, 2, 7, 97871, 0, 43.60
2026/10/09 01:20:26.518, 3, 79851, 97871, 100, 508.58
2026/10/09 01:20:27.518, 0, 5, 97871, 0, 85.35
2026/10/09 01:20:27.518, 1, 82708, 97871, 49, 302.82
2026/10/09 01:20:27.518, 2, 7, 97871, 0, 43.73
2026/10/09 01:20:27.518, 3, 79851, 97871, 100, 510.12
2026/10/09 01:20:28.518, 0, 5, 97871, 0, 85.29
2026/10/09 01:20:28.518, 1, 82708, 97871, 50, 308.60
2026/10/09 01:20:28.526, 2, 7, 97871, 0, 43.71
2026/10/09 01:20:28.526, 3, 79851, 97871, 100, 513.26
2026/10/09 01:20:29.526, 0, 5, 97871, 0, 85.27
2026/10/09 01:20:29.526, 1, 82708, 97871, 62, 314.40
2026/10/09 01:20:29.526, 2, 7, 97871, 0, 43.66
2026/10/09 01:20:29.526, 3, 79851, 97871, 100, 507.30
2026/10/09 01:20:30.526, 0, 5, 97871, 0, 85.45
2026/10/09 01:20:30.526, 1, 82708, 97871, 68, 347.36
2026/10/09 01:20:30.526, 2, 7, 97871, 0, 43.73
2026/10/09 01:20:30.526, 3, 79851, 97871, 100, 511.57
2026/10/09 01:20:31.526, 0, 5, 97871, 0, 85.51
2026/10/09 01:20:31.526, 1, 82708, 97871, 49, 333.75
2026/10/09 01:20:31.526, 2, 7, 97871, 0, 43.64
2026/10/09 01:20:31.526, 3, 79851, 97871, 100, 516.23
2026/10/09 01:20:32.527, 0, 5, 97871, 0, 85.41
2026/10/09 01:20:32.527, 1, 82708, 97871, 50, 316.79
2026/10/09 01:20:32.527, 2, 7, 97871, 0, 43.60
2026/10/09 01:20:32.527, 3, 79851, 97871, 100, 516.74
2026/10/09 01:20:33.527, 0, 5, 97871, 0, 85.34
2026/10/09 01:20:33.527, 1, 82708, 97871, 51, 302.26
2026/10/09 01:20:33.527, 2, 7, 97871, 0, 43.64
2026/10/09 01:20:33.527, 3, 79851, 97871, 100, 514.33
2026/10/09 01:20:34.527, 0, 5, 97871, 0, 85.41
2026/10/09 01:20:34.527, 1, 82708, 97871, 50, 312.99
2026/10/09 01:20:34.527, 2, 7, 97871, 0, 43.47
2026/10/09 01:20:34.527, 3, 79851, 97871, 100, 511.54
2026/10/09 01:20:35.527, 0, 5, 97871, 0, 85.40
2026/10/09 01:20:35.527, 1, 82708, 97871, 51, 307.02
2026/10/09 01:20:35.527, 2, 7, 97871, 0, 43.74
2026/10/09 01:20:35.527, 3, 79851, 97871, 100, 510.88
2026/10/09 01:20:36.527, 0, 5, 97871, 0, 85.34
2026/10/09 01:20:36.527, 1, 82708, 97871, 51, 294.27
2026/10/09 01:20:36.527, 2, 7, 97871, 0, 43.62
2026/10/09 01:20:36.527, 3, 79851, 97871, 100, 512.67
2026/10/09 01:20:37.528, 0, 5, 97871, 0, 85.32
2026/10/09 01:20:37.528, 1, 82708, 97871, 50, 308.24
2026/10/09 01:20:37.528, 2, 7, 97871, 0, 43.52
2026/10/09 01:20:37.528, 3, 79851, 97871, 100, 509.66
2026/10/09 01:20:38.528, 0, 5, 97871, 0, 85.14
2026/10/09 01:20:38.528, 1, 82708, 97871, 51, 299.36
2026/10/09 01:20:38.534, 2, 7, 97871, 0, 43.49
2026/10/09 01:20:38.534, 3, 79851, 97871, 100, 510.96
2026/10/09 01:20:39.534, 0, 5, 97871, 0, 85.21
2026/10/09 01:20:39.534, 1, 82708, 97871, 51, 306.41
2026/10/09 01:20:39.534, 2, 7, 97871, 0, 43.52
2026/10/09 01:20:39.534, 3, 79851, 97871, 100, 507.47
2026/10/09 01:20:40.534, 0, 5, 97871, 0, 85.36
2026/10/09 01:20:40.535, 1, 82708, 97871, 50, 303.02
2026/10/09 01:20:40.535, 2, 7, 97871, 0, 43.41
2026/10/09 01:20:40.535, 3, 79851, 97871, 100, 506.07
2026/10/09 01:20:41.535, 0, 5, 97871, 0, 85.38
2026/10/09 01:20:41.535, 1, 82708, 97871, 52, 301.81
2026/10/09 01:20:41.535, 2, 7, 97871, 0, 43.30
2026/10/09 01:20:41.535, 3, 79851, 97871, 100, 506.67
2026/10/09 01:20:42.535, 0, 5, 97871, 0, 85.22
2026/10/09 01:20:42.606, 1, 82708, 97871, 50, 300.86
2026/10/09 01:20:42.606, 2, 7, 97871, 0, 43.35
2026/10/09 01:20:42.606, 3, 5, 97871, 2, 292.88
2026/10/09 01:20:43.606, 0, 5, 97871, 0, 85.43
2026/10/09 01:20:43.606, 1, 82708, 97871, 47, 294.53
2026/10/09 01:20:43.606, 2, 7, 97871, 0, 43.40
2026/10/09 01:20:43.606, 3, 5, 97871, 0, 136.91
2026/10/09 01:20:44.607, 0, 5, 97871, 0, 85.05
2026/10/09 01:20:44.607, 1, 82708, 97871, 64, 319.42
2026/10/09 01:20:44.607, 2, 7, 97871, 0, 43.37
2026/10/09 01:20:44.607, 3, 5, 97871, 0, 103.21
2026/10/09 01:20:45.607, 0, 5, 97871, 0, 85.18
2026/10/09 01:20:45.607, 1, 82708, 97871, 50, 301.35
2026/10/09 01:20:45.607, 2, 7, 97871, 0, 43.50
2026/10/09 01:20:45.607, 3, 5, 97871, 0, 84.59
2026/10/09 01:20:46.607, 0, 5, 97871, 0, 85.07
2026/10/09 01:20:46.607, 1, 82708, 97871, 50, 310.20
2026/10/09 01:20:46.607, 2, 7, 97871, 0, 43.36
2026/10/09 01:20:46.607, 3, 5, 97871, 0, 85.12
2026/10/09 01:20:47.607, 0, 5, 97871, 0, 85.13
2026/10/09 01:20:47.607, 1, 82708, 97871, 51, 301.45
2026/10/09 01:20:47.607, 2, 7, 97871, 0, 43.22
2026/10/09 01:20:47.607, 3, 5, 97871, 0, 85.43
2026/10/09 01:20:48.607, 0, 5, 97871, 0, 85.12
2026/10/09 01:20:48.607, 1, 82708, 97871, 49, 310.55
2026/10/09 01:20:48.607, 2, 7, 97871, 0, 43.46
2026/10/09 01:20:48.607, 3, 5, 97871, 0, 85.31
2026/10/09 01:20:49.608, 0, 5, 97871, 0, 84.91
2026/10/09 01:20:49.608, 1, 82708, 97871, 49, 296.04
2026/10/09 01:20:49.608, 2, 7, 97871, 0, 43.49
2026/10/09 01:20:49.608, 3, 5, 97871, 0, 85.16
2026/10/09 01:20:50.608, 0, 5, 97871, 0, 84.99
2026/10/09 01:20:50.608, 1, 82708, 97871, 49, 291.27
2026/10/09 01:20:50.608, 2, 7, 97871, 0, 43.50
2026/10/09 01:20:50.608, 3, 5, 97871, 0, 85.16
2026/10/09 01:20:51.608, 0, 5, 97871, 0, 85.26
2026/10/09 01:20:51.608, 1, 82708, 97871, 48, 299.67
2026/10/09 01:20:51.608, 2, 7, 97871, 0, 43.12
2026/10/09 01:20:51.608, 3, 5, 97871, 0, 84.90
2026/10/09 01:20:52.608, 0, 5, 97871, 0, 84.99
2026/10/09 01:20:52.608, 1, 82708, 97871, 49, 298.64
2026/10/09 01:20:52.608, 2, 7, 97871, 0, 43.13
2026/10/09 01:20:52.608, 3, 5, 97871, 0, 85.10
2026/10/09 01:20:53.608, 0, 5, 97871, 0, 85.02
2026/10/09 01:20:53.608, 1, 82708, 97871, 48, 297.69
2026/10/09 01:20:53.608, 2, 7, 97871, 0, 43.34
2026/10/09 01:20:53.608, 3, 5, 97871, 0, 85.03
2026/10/09 01:20:54.608, 0, 5, 97871, 0, 85.01
2026/10/09 01:20:54.609, 1, 82708, 97871, 49, 317.29
2026/10/09 01:20:54.609, 2, 7, 97871, 0, 43.18
2026/10/09 01:20:54.609, 3, 5, 97871, 0, 85.08
2026/10/09 01:20:55.609, 0, 5, 97871, 0, 85.05
2026/10/09 01:20:55.609, 1, 82708, 97871, 49, 302.12
2026/10/09 01:20:55.609, 2, 7, 97871, 0, 43.37
2026/10/09 01:20:55.609, 3, 5, 97871, 0, 85.08
2026/10/09 01:20:56.609, 0, 5, 97871, 0, 85.21
2026/10/09 01:20:56.609, 1, 82708, 97871, 48, 293.95
2026/10/09 01:20:56.609, 2, 7, 97871, 0, 43.26
2026/10/09 01:20:56.609, 3, 5, 97871, 0, 84.71
2026/10/09 01:20:57.609, 0, 5, 97871, 0, 85.05
2026/10/09 01:20:57.609, 1, 82708, 97871, 49, 293.23
2026/10/09 01:20:57.609, 2, 7, 97871, 0, 43.37
2026/10/09 01:20:57.609, 3, 5, 97871, 0, 84.92
2026/10/09 01:20:58.609, 0, 5, 97871, 0, 85.05
2026/10/09 01:20:58.609, 1, 82708, 97871, 51, 297.76
2026/10/09 01:20:58.609, 2, 7, 97871, 0, 43.22
2026/10/09 01:20:58.609, 3, 5, 97871, 0, 85.05
2026/10/09 01:20:59.610, 0, 5, 97871, 0, 85.06
2026/10/09 01:20:59.610, 1, 82708, 97871, 49, 296.87
2026/10/09 01:20:59.610, 2, 7, 97871, 0, 43.22
2026/10/09 01:20:59.610, 3, 5, 97871, 0, 84.87
2026/10/09 01:21:00.610, 0, 5, 97871, 0, 85.12
2026/10/09 01:21:00.610, 1, 82708, 97871, 50, 297.33
2026/10/09 01:21:00.610, 2, 7, 97871, 0, 43.28
2026/10/09 01:21:00.610, 3, 5, 97871, 0, 84.90
2026/10/09 01:21:01.610, 0, 5, 97871, 0, 85.07
2026/10/09 01:21:01.610, 1, 82708, 97871, 59, 310.85
2026/10/09 01:21:01.610, 2, 7, 97871, 0, 43.30
2026/10/09 01:21:01.610, 3, 5, 97871, 0, 84.82
2026/10/09 01:21:02.610, 0, 5, 97871, 0, 85.19
2026/10/09 01:21:02.610, 1, 82708, 97871, 50, 296.63
2026/10/09 01:21:02.610, 2, 7, 97871, 0, 43.25
2026/10/09 01:21:02.610, 3, 5, 97871, 0, 84.93
2026/10/09 01:21:03.610, 0, 5, 97871, 0, 85.14
2026/10/09 01:21:03.610, 1, 82708, 97871, 63, 307.37
2026/10/09 01:21:03.610, 2, 7, 97871, 0, 43.23
2026/10/09 01:21:03.610, 3, 5, 97871, 0, 84.94
2026/10/09 01:21:04.611, 0, 5, 97871, 0, 84.99
2026/10/09 01:21:04.611, 1, 82708, 97871, 49, 299.20
2026/10/09 01:21:04.611, 2, 7, 97871, 0, 43.09
2026/10/09 01:21:04.611, 3, 5, 97871, 0, 84.94
2026/10/09 01:21:05.611, 0, 5, 97871, 0, 85.25
2026/10/09 01:21:05.611, 1, 82708, 97871, 49, 315.33
2026/10/09 01:21:05.611, 2, 7, 97871, 0, 43.24
2026/10/09 01:21:05.611, 3, 5, 97871, 0, 84.87
2026/10/09 01:21:06.611, 0, 5, 97871, 0, 84.82
2026/10/09 01:21:06.611, 1, 82708, 97871, 47, 267.46
2026/10/09 01:21:06.611, 2, 7, 97871, 0, 43.16
2026/10/09 01:21:06.611, 3, 5, 97871, 0, 84.88
2026/10/09 01:21:07.611, 0, 5, 97871, 0, 84.97
2026/10/09 01:21:07.611, 1, 82708, 97871, 44, 283.71
2026/10/09 01:21:07.611, 2, 7, 97871, 0, 43.06
2026/10/09 01:21:07.611, 3, 5, 97871, 0, 84.92
2026/10/09 01:21:08.611, 0, 5, 97871, 0, 85.23
2026/10/09 01:21:08.611, 1, 82708, 97871, 42, 276.73
2026/10/09 01:21:08.611, 2, 7, 97871, 0, 43.13
2026/10/09 01:21:08.611, 3, 5, 97871, 0, 85.06
2026/10/09 01:21:09.612, 0, 5, 97871, 0, 85.08
2026/10/09 01:21:09.612, 1, 82708, 97871, 42, 277.08
2026/10/09 01:21:09.612, 2, 7, 97871, 0, 43.11
2026/10/09 01:21:09.612, 3, 5, 97871, 0, 84.96
2026/10/09 01:21:10.612, 0, 5, 97871, 0, 85.13
2026/10/09 01:21:10.612, 1, 82708, 97871, 41, 269.79
2026/10/09 01:21:10.612, 2, 7, 97871, 0, 43.14
2026/10/09 01:21:10.612, 3, 5, 97871, 0, 84.83
2026/10/09 01:21:11.612, 0, 5, 97871, 0, 85.19
2026/10/09 01:21:11.612, 1, 82708, 97871, 41, 267.52
2026/10/09 01:21:11.612, 2, 7, 97871, 0, 43.22
2026/10/09 01:21:11.612, 3, 5, 97871, 0, 84.78
2026/10/09 01:21:12.612, 0, 5, 97871, 0, 85.25
2026/10/09 01:21:12.612, 1, 82708, 97871, 46, 272.87
2026/10/09 01:21:12.612, 2, 7, 97871, 0, 43.13
2026/10/09 01:21:12.612, 3, 5, 97871, 0, 84.81
2026/10/09 01:21:13.612, 0, 5, 97871, 0, 85.21
2026/10/09 01:21:13.612, 1, 82708, 97871, 41, 286.33
2026/10/09 01:21:13.612, 2, 7, 97871, 0, 43.10
2026/10/09 01:21:13.613, 3, 5, 97871, 0, 84.78
2026/10/09 01:21:14.613, 0, 5, 97871, 0, 85.18
2026/10/09 01:21:14.613, 1, 82708, 97871, 42, 273.72
2026/10/09 01:21:14.613, 2, 7, 97871, 0, 43.11
2026/10/09 01:21:14.613, 3, 5, 97871, 0, 84.82
2026/10/09 01:21:15.613, 0, 5, 97871, 0, 85.21
2026/10/09 01:21:15.613, 1, 82708, 97871, 41, 273.43
2026/10/09 01:21:15.613, 2, 7, 97871, 0, 42.91
2026/10/09 01:21:15.613, 3, 5, 97871, 0, 84.99
2026/10/09 01:21:16.613, 0, 5, 97871, 0, 85.19
2026/10/09 01:21:16.613, 1, 82708, 97871, 41, 270.51
2026/10/09 01:21:16.613, 2, 7, 97871, 0, 43.05
2026/10/09 01:21:16.613, 3, 5, 97871, 0, 84.84
2026/10/09 01:21:17.613, 0, 5, 97871, 0, 85.19
2026/10/09 01:21:17.613, 1, 82708, 97871, 40, 282.07
2026/10/09 01:21:17.613, 2, 7, 97871, 0, 42.93
2026/10/09 01:21:17.613, 3, 5, 97871, 0, 84.79
2026/10/09 01:21:18.613, 0, 5, 97871, 0, 85.19
2026/10/09 01:21:18.613, 1, 82708, 97871, 40, 271.88
2026/10/09 01:21:18.613, 2, 7, 97871, 0, 42.86
2026/10/09 01:21:18.613, 3, 5, 97871, 0, 85.00
2026/10/09 01:21:19.613, 0, 5, 97871, 0, 85.15
2026/10/09 01:21:19.613, 1, 82708, 97871, 40, 280.88
2026/10/09 01:21:19.613, 2, 7, 97871, 0, 42.99
2026/10/09 01:21:19.613, 3, 5, 97871, 0, 84.93
2026/10/09 01:21:20.614, 0, 5, 97871, 0, 85.09
2026/10/09 01:21:20.614, 1, 82708, 97871, 40, 295.13
2026/10/09 01:21:20.614, 2, 7, 97871, 0, 42.83
2026/10/09 01:21:20.614, 3, 5, 97871, 0, 84.74
2026/10/09 01:21:21.614, 0, 5, 97871, 0, 85.25
2026/10/09 01:21:21.614, 1, 82708, 97871, 39, 266.38
2026/10/09 01:21:21.614, 2, 7, 97871, 0, 43.17
2026/10/09 01:21:21.614, 3, 5, 97871, 0, 84.87
2026/10/09 01:21:22.614, 0, 5, 97871, 0, 85.29
2026/10/09 01:21:22.614, 1, 82708, 97871, 41, 268.64
2026/10/09 01:21:22.614, 2, 7, 97871, 0, 43.15
2026/10/09 01:21:22.614, 3, 5, 97871, 0, 84.88
2026/10/09 01:21:23.614, 0, 5, 97871, 0, 85.17
2026/10/09 01:21:23.614, 1, 82708, 97871, 46, 271.32
2026/10/09 01:21:23.614, 2, 7, 97871, 0, 42.92
2026/10/09 01:21:23.614, 3, 5, 97871, 0, 84.75
2026/10/09 01:21:24.614, 0, 5, 97871, 0, 85.09
2026/10/09 01:21:24.614, 1, 82708, 97871, 40, 270.49
2026/10/09 01:21:24.614, 2, 7, 97871, 0, 43.24
2026/10/09 01:21:24.614, 3, 5, 97871, 0, 84.96
2026/10/09 01:21:25.614, 0, 5, 97871, 0, 85.13
2026/10/09 01:21:25.615, 1, 82708, 97871, 40, 265.61
2026/10/09 01:21:25.615, 2, 7, 97871, 0, 43.04
2026/10/09 01:21:25.615, 3, 5, 97871, 0, 84.91
2026/10/09 01:21:26.615, 0, 5, 97871, 0, 85.18
2026/10/09 01:21:26.615, 1, 82708, 97871, 41, 267.42
2026/10/09 01:21:26.615, 2, 7, 97871, 0, 43.09
2026/10/09 01:21:26.615, 3, 5, 97871, 0, 84.97
2026/10/09 01:21:27.615, 0, 5, 97871, 0, 85.22
2026/10/09 01:21:27.615, 1, 82708, 97871, 40, 285.32
2026/10/09 01:21:27.615, 2, 7, 97871, 0, 42.91
2026/10/09 01:21:27.615, 3, 5, 97871, 0, 84.89
2026/10/09 01:21:28.615, 0, 5, 97871, 0, 85.14
2026/10/09 01:21:28.615, 1, 82708, 97871, 40, 270.76
2026/10/09 01:21:28.615, 2, 7, 97871, 0, 43.01
2026/10/09 01:21:28.615, 3, 5, 97871, 0, 85.03
2026/10/09 01:21:29.615, 0, 5, 97871, 0, 85.08
2026/10/09 01:21:29.615, 1, 82708, 97871, 40, 288.43
2026/10/09 01:21:29.615, 2, 7, 97871, 0, 42.92
2026/10/09 01:21:29.615, 3, 5, 97871, 0, 84.85
2026/10/09 01:21:30.615, 0, 5, 97871, 0, 85.02
2026/10/09 01:21:30.615, 1, 82708, 97871, 39, 270.31
2026/10/09 01:21:30.616, 2, 7, 97871, 0, 42.95
2026/10/09 01:21:30.616, 3, 5, 97871, 0, 84.92
2026/10/09 01:21:31.616, 0, 5, 97871, 0, 85.15
2026/10/09 01:21:31.616, 1, 82708, 97871, 40, 284.57
2026/10/09 01:21:31.616, 2, 7, 97871, 0, 42.66
2026/10/09 01:21:31.616, 3, 5, 97871, 0, 85.05
2026/10/09 01:21:32.616, 0, 5, 97871, 0, 85.16
2026/10/09 01:21:32.616, 1, 82708, 97871, 40, 289.79
2026/10/09 01:21:32.616, 2, 7, 97871, 0, 42.99
2026/10/09 01:21:32.616, 3, 5, 97871, 0, 85.02
2026/10/09 01:21:33.616, 0, 5, 97871, 0, 85.09
2026/10/09 01:21:33.616, 1, 82708, 97871, 40, 282.02
2026/10/09 01:21:33.616, 2, 7, 97871, 0, 43.06
2026/10/09 01:21:33.616, 3, 5, 97871, 0, 85.01
2026/10/09 01:21:34.616, 0, 5, 97871, 0, 84.94
2026/10/09 01:21:34.616, 1, 82708, 97871, 47, 286.35
2026/10/09 01:21:34.616, 2, 7, 97871, 0, 43.04
2026/10/09 01:21:34.616, 3, 5, 97871, 0, 84.95
2026/10/09 01:21:35.616, 0, 5, 97871, 0, 84.96
2026/10/09 01:21:35.616, 1, 82708, 97871, 40, 275.70
2026/10/09 01:21:35.616, 2, 7, 97871, 0, 43.03
2026/10/09 01:21:35.616, 3, 5, 97871, 0, 85.00
2026/10/09 01:21:36.616, 0, 5, 97871, 0, 85.08
2026/10/09 01:21:36.617, 1, 82708, 97871, 41, 270.16
2026/10/09 01:21:36.617, 2, 7, 97871, 0, 42.98
2026/10/09 01:21:36.617, 3, 5, 97871, 0, 85.09
2026/10/09 01:21:37.617, 0, 5, 97871, 0, 85.13
2026/10/09 01:21:37.617, 1, 82708, 97871, 40, 266.33
2026/10/09 01:21:37.617, 2, 7, 97871, 0, 42.78
2026/10/09 01:21:37.617, 3, 5, 97871, 0, 84.93
2026/10/09 01:21:38.617, 0, 5, 97871, 0, 85.24
2026/10/09 01:21:38.617, 1, 82708, 97871, 41, 279.63
2026/10/09 01:21:38.617, 2, 7, 97871, 0, 42.94
2026/10/09 01:21:38.617, 3, 5, 97871, 0, 84.96
2026/10/09 01:21:39.617, 0, 5, 97871, 0, 85.19
2026/10/09 01:21:39.617, 1, 82708, 97871, 41, 266.69
2026/10/09 01:21:39.617, 2, 7, 97871, 0, 42.90
2026/10/09 01:21:39.617, 3, 5, 97871, 0, 84.96
2026/10/09 01:21:40.617, 0, 5, 97871, 0, 85.17
2026/10/09 01:21:40.617, 1, 82708, 97871, 40, 280.25
2026/10/09 01:21:40.617, 2, 7, 97871, 0, 42.81
2026/10/09 01:21:40.617, 3, 5, 97871, 0, 85.09
2026/10/09 01:21:41.617, 0, 5, 97871, 0, 85.15
2026/10/09 01:21:41.618, 1, 82708, 97871, 40, 275.48
2026/10/09 01:21:41.618, 2, 7, 97871, 0, 42.97
2026/10/09 01:21:41.618, 3, 5, 97871, 0, 85.05
2026/10/09 01:21:42.618, 0, 5, 97871, 0, 85.32
2026/10/09 01:21:42.618, 1, 82708, 97871, 41, 275.86
2026/10/09 01:21:42.618, 2, 7, 97871, 0, 42.75
2026/10/09 01:21:42.618, 3, 5, 97871, 0, 85.12
2026/10/09 01:21:43.618, 0, 5, 97871, 0, 85.29
2026/10/09 01:21:43.618, 1, 82708, 97871, 40, 263.42
2026/10/09 01:21:43.618, 2, 7, 97871, 0, 42.89
2026/10/09 01:21:43.618, 3, 5, 97871, 0, 85.18
2026/10/09 01:21:44.618, 0, 5, 97871, 0, 85.16
2026/10/09 01:21:44.618, 1, 82708, 97871, 40, 280.79
2026/10/09 01:21:44.618, 2, 7, 97871, 0, 42.85
2026/10/09 01:21:44.618, 3, 5, 97871, 0, 85.11
2026/10/09 01:21:45.618, 0, 5, 97871, 0, 85.16
2026/10/09 01:21:45.618, 1, 82708, 97871, 40, 291.29
2026/10/09 01:21:45.618, 2, 7, 97871, 0, 43.01
2026/10/09 01:21:45.618, 3, 5, 97871, 0, 85.06
2026/10/09 01:21:46.618, 0, 5, 97871, 0, 85.23
2026/10/09 01:21:46.618, 1, 82708, 97871, 40, 291.36
2026/10/09 01:21:46.619, 2, 7, 97871, 0, 42.90
2026/10/09 01:21:46.619, 3, 5, 97871, 0, 85.08
2026/10/09 01:21:47.619, 0, 5, 97871, 0, 85.21
2026/10/09 01:21:47.619, 1, 82708, 97871, 40, 270.09
2026/10/09 01:21:47.619, 2, 7, 97871, 0, 42.70
2026/10/09 01:21:47.619, 3, 5, 97871, 0, 85.04
2026/10/09 01:21:48.619, 0, 5, 97871, 0, 85.22
2026/10/09 01:21:48.619, 1, 82708, 97871, 51, 275.48
2026/10/09 01:21:48.619, 2, 7, 97871, 0, 42.60
2026/10/09 01:21:48.619, 3, 5, 97871, 0, 85.00
2026/10/09 01:21:49.619, 0, 5, 97871, 0, 85.21
2026/10/09 01:21:49.619, 1, 82708, 97871, 40, 268.16
2026/10/09 01:21:49.619, 2, 7, 97871, 0, 42.80
2026/10/09 01:21:49.619, 3, 5, 97871, 0, 85.04
2026/10/09 01:21:50.619, 0, 5, 97871, 0, 85.23
2026/10/09 01:21:50.619, 1, 82708, 97871, 42, 269.19
2026/10/09 01:21:50.619, 2, 7, 97871, 0, 42.74
2026/10/09 01:21:50.619, 3, 5, 97871, 0, 85.24
2026/10/09 01:21:51.620, 0, 5, 97871, 0, 85.32
2026/10/09 01:21:51.620, 1, 82708, 97871, 42, 273.90
2026/10/09 01:21:51.620, 2, 7, 97871, 0, 42.57
2026/10/09 01:21:51.620, 3, 5, 97871, 0, 85.08
2026/10/09 01:21:52.620, 0, 5, 97871, 0, 85.28
2026/10/09 01:21:52.620, 1, 82708, 97871, 41, 274.75
2026/10/09 01:21:52.620, 2, 7, 97871, 0, 42.72
2026/10/09 01:21:52.620, 3, 5, 97871, 0, 85.15
2026/10/09 01:21:53.620, 0, 5, 97871, 0, 85.25
2026/10/09 01:21:53.620, 1, 82708, 97871, 42, 269.58
2026/10/09 01:21:53.620, 2, 7, 97871, 0, 42.64
2026/10/09 01:21:53.620, 3, 5, 97871, 0, 85.10
2026/10/09 01:21:54.620, 0, 5, 97871, 0, 85.17
2026/10/09 01:21:54.620, 1, 82708, 97871, 43, 271.72
2026/10/09 01:21:54.620, 2, 7, 97871, 0, 42.74
2026/10/09 01:21:54.620, 3, 5, 97871, 0, 85.22
2026/10/09 01:21:55.620, 0, 5, 97871, 0, 85.19
2026/10/09 01:21:55.620, 1, 82708, 97871, 42, 286.77
2026/10/09 01:21:55.620, 2, 7, 97871, 0, 42.65
2026/10/09 01:21:55.620, 3, 5, 97871, 0, 85.12
2026/10/09 01:21:56.620, 0, 5, 97871, 0, 85.07
2026/10/09 01:21:56.621, 1, 82708, 97871, 43, 282.79
2026/10/09 01:21:56.621, 2, 7, 97871, 0, 42.50
2026/10/09 01:21:56.621, 3, 5, 97871, 0, 85.17
2026/10/09 01:21:57.621, 0, 5, 97871, 0, 85.32
2026/10/09 01:21:57.621, 1, 82708, 97871, 42, 280.75
2026/10/09 01:21:57.621, 2, 7, 97871, 0, 42.61
2026/10/09 01:21:57.621, 3, 5, 97871, 0, 85.17
2026/10/09 01:21:58.621, 0, 5, 97871, 0, 85.22
2026/10/09 01:21:58.621, 1, 82708, 97871, 42, 284.70
2026/10/09 01:21:58.621, 2, 7, 97871, 0, 42.59
2026/10/09 01:21:58.621, 3, 5, 97871, 0, 85.15
2026/10/09 01:21:59.621, 0, 5, 97871, 0, 85.11
2026/10/09 01:21:59.621, 1, 82708, 97871, 43, 271.46
2026/10/09 01:21:59.621, 2, 7, 97871, 0, 42.73
2026/10/09 01:21:59.621, 3, 5, 97871, 0, 85.25
2026/10/09 01:22:00.621, 0, 5, 97871, 0, 85.08
2026/10/09 01:22:00.621, 1, 82708, 97871, 70, 298.13
2026/10/09 01:22:00.621, 2, 7, 97871, 0, 42.75
2026/10/09 01:22:00.621, 3, 5, 97871, 0, 85.33
2026/10/09 01:22:01.621, 0, 5, 97871, 0, 85.11
2026/10/09 01:22:01.621, 1, 82708, 97871, 43, 275.09
2026/10/09 01:22:01.621, 2, 7, 97871, 0, 42.64
2026/10/09 01:22:01.622, 3, 5, 97871, 0, 85.33
2026/10/09 01:22:02.622, 0, 5, 97871, 0, 85.14
2026/10/09 01:22:02.622, 1, 82708, 97871, 42, 274.12
2026/10/09 01:22:02.622, 2, 7, 97871, 0, 42.71
2026/10/09 01:22:02.622, 3, 5, 97871, 0, 85.23
2026/10/09 01:22:03.622, 0, 5, 97871, 0, 85.18
2026/10/09 01:22:03.622, 1, 82708, 97871, 41, 287.02
2026/10/09 01:22:03.622, 2, 7, 97871, 0, 42.62
2026/10/09 01:22:03.622, 3, 5, 97871, 0, 85.22
2026/10/09 01:22:04.622, 0, 5, 97871, 0, 85.16
2026/10/09 01:22:04.622, 1, 82708, 97871, 41, 270.39
2026/10/09 01:22:04.622, 2, 7, 97871, 0, 42.58
2026/10/09 01:22:04.622, 3, 5, 97871, 0, 85.27
2026/10/09 01:22:05.622, 0, 5, 97871, 0, 85.23
2026/10/09 01:22:05.622, 1, 82708, 97871, 41, 275.38
2026/10/09 01:22:05.622, 2, 7, 97871, 0, 42.51
2026/10/09 01:22:05.622, 3, 5, 97871, 0, 85.38
2026/10/09 01:22:06.622, 0, 5, 97871, 0, 85.17
2026/10/09 01:22:06.622, 1, 82708, 97871, 44, 271.28
2026/10/09 01:22:06.622, 2, 7, 97871, 0, 42.55
2026/10/09 01:22:06.622, 3, 5, 97871, 0, 85.35
2026/10/09 01:22:07.622, 0, 5, 97871, 0, 85.13
2026/10/09 01:22:07.622, 1, 82708, 97871, 42, 293.23
2026/10/09 01:22:07.622, 2, 7, 97871, 0, 42.58
2026/10/09 01:22:07.623, 3, 5, 97871, 0, 85.21
2026/10/09 01:22:08.623, 0, 5, 97871, 0, 85.18
2026/10/09 01:22:08.623, 1, 82708, 97871, 42, 275.94
2026/10/09 01:22:08.623, 2, 7, 97871, 0, 42.68
2026/10/09 01:22:08.623, 3, 5, 97871, 0, 85.28
2026/10/09 01:22:09.623, 0, 5, 97871, 0, 85.15
2026/10/09 01:22:09.623, 1, 82708, 97871, 42, 275.26
2026/10/09 01:22:09.623, 2, 7, 97871, 0, 42.78
2026/10/09 01:22:09.623, 3, 5, 97871, 0, 85.26
2026/10/09 01:22:10.623, 0, 5, 97871, 0, 85.14
2026/10/09 01:22:10.623, 1, 82708, 97871, 43, 273.95
2026/10/09 01:22:10.623, 2, 7, 97871, 0, 42.51
2026/10/09 01:22:10.623, 3, 5, 97871, 0, 85.35
2026/10/09 01:22:11.623, 0, 5, 97871, 0, 85.13
2026/10/09 01:22:11.623, 1, 82708, 97871, 43, 273.81
2026/10/09 01:22:11.623, 2, 7, 97871, 0, 42.49
2026/10/09 01:22:11.623, 3, 5, 97871, 0, 85.49
2026/10/09 01:22:12.623, 0, 5, 97871, 0, 85.15
2026/10/09 01:22:12.623, 1, 82708, 97871, 41, 276.15
2026/10/09 01:22:12.623, 2, 7, 97871, 0, 42.59
2026/10/09 01:22:12.623, 3, 5, 97871, 0, 85.46
2026/10/09 01:22:13.623, 0, 5, 97871, 0, 85.23
2026/10/09 01:22:13.623, 1, 82708, 97871, 52, 279.26
2026/10/09 01:22:13.624, 2, 7, 97871, 0, 42.49
2026/10/09 01:22:13.624, 3, 5, 97871, 0, 85.35
2026/10/09 01:22:14.624, 0, 5, 97871, 0, 85.18
2026/10/09 01:22:14.624, 1, 82708, 97871, 42, 274.27
2026/10/09 01:22:14.624, 2, 7, 97871, 0, 42.65
2026/10/09 01:22:14.624, 3, 5, 97871, 0, 85.24
2026/10/09 01:22:15.624, 0, 5, 97871, 0, 85.09
2026/10/09 01:22:15.624, 1, 82708, 97871, 42, 281.36
2026/10/09 01:22:15.624, 2, 7, 97871, 0, 42.53
2026/10/09 01:22:15.624, 3, 5, 97871, 0, 85.27
2026/10/09 01:22:16.624, 0, 5, 97871, 0, 85.19
2026/10/09 01:22:16.624, 1, 82708, 97871, 42, 276.35
2026/10/09 01:22:16.624, 2, 7, 97871, 0, 42.44
2026/10/09 01:22:16.624, 3, 5, 97871, 0, 85.27
2026/10/09 01:22:17.624, 0, 5, 97871, 0, 85.29
2026/10/09 01:22:17.624, 1, 82708, 97871, 41, 274.74
2026/10/09 01:22:17.624, 2, 7, 97871, 0, 42.59
2026/10/09 01:22:17.624, 3, 5, 97871, 0, 85.49
2026/10/09 01:22:18.624, 0, 5, 97871, 0, 85.33
2026/10/09 01:22:18.624, 1, 82708, 97871, 42, 293.67
2026/10/09 01:22:18.624, 2, 7, 97871, 0, 42.50
2026/10/09 01:22:18.624, 3, 5, 97871, 0, 85.30
2026/10/09 01:22:19.624, 0, 5, 97871, 0, 85.21
2026/10/09 01:22:19.625, 1, 82708, 97871, 42, 272.80
2026/10/09 01:22:19.625, 2, 7, 97871, 0, 42.47
2026/10/09 01:22:19.625, 3, 5, 97871, 0, 85.33
2026/10/09 01:22:20.625, 0, 5, 97871, 0, 85.15
2026/10/09 01:22:20.625, 1, 82708, 97871, 42, 274.27
2026/10/09 01:22:20.625, 2, 7, 97871, 0, 42.62
2026/10/09 01:22:20.625, 3, 5, 97871, 0, 85.33
2026/10/09 01:22:21.625, 0, 5, 97871, 0, 85.26
2026/10/09 01:22:21.625, 1, 82708, 97871, 42, 273.70
2026/10/09 01:22:21.625, 2, 7, 97871, 0, 42.59
2026/10/09 01:22:21.625, 3, 5, 97871, 0, 85.26
2026/10/09 01:22:22.625, 0, 5, 97871, 0, 85.37
2026/10/09 01:22:22.625, 1, 82708, 97871, 42, 288.92
2026/10/09 01:22:22.625, 2, 7, 97871, 0, 42.54
2026/10/09 01:22:22.625, 3, 5, 97871, 0, 85.43
2026/10/09 01:22:23.625, 0, 5, 97871, 0, 85.35
2026/10/09 01:22:23.625, 1, 82708, 97871, 49, 304.18
2026/10/09 01:22:23.625, 2, 7, 97871, 0, 42.44
2026/10/09 01:22:23.625, 3, 5, 97871, 0, 85.42
2026/10/09 01:22:24.625, 0, 5, 97871, 0, 85.21
2026/10/09 01:22:24.625, 1, 82708, 97871, 42, 273.25
2026/10/09 01:22:24.625, 2, 7, 97871, 0, 42.59
2026/10/09 01:22:24.625, 3, 5, 97871, 0, 85.49
2026/10/09 01:22:25.626, 0, 5, 97871, 0, 85.17
2026/10/09 01:22:25.626, 1, 82708, 97871, 53, 282.34
2026/10/09 01:22:25.626, 2, 7, 97871, 0, 42.50
2026/10/09 01:22:25.626, 3, 5, 97871, 0, 85.35
2026/10/09 01:22:26.626, 0, 5, 97871, 0, 85.11
2026/10/09 01:22:26.626, 1, 82708, 97871, 42, 271.96
2026/10/09 01:22:26.626, 2, 7, 97871, 0, 42.55
2026/10/09 01:22:26.626, 3, 5, 97871, 0, 85.33
2026/10/09 01:22:27.626, 0, 5, 97871, 0, 85.20
2026/10/09 01:22:27.626, 1, 82708, 97871, 41, 280.66
2026/10/09 01:22:27.626, 2, 7, 97871, 0, 42.56
2026/10/09 01:22:27.626, 3, 5, 97871, 0, 85.52
2026/10/09 01:22:28.626, 0, 5, 97871, 0, 85.38
2026/10/09 01:22:28.626, 1, 82708, 97871, 42, 271.35
2026/10/09 01:22:28.626, 2, 7, 97871, 0, 42.55
2026/10/09 01:22:28.626, 3, 5, 97871, 0, 85.37
2026/10/09 01:22:29.626, 0, 5, 97871, 0, 85.23
2026/10/09 01:22:29.626, 1, 82708, 97871, 43, 274.64
2026/10/09 01:22:29.626, 2, 7, 97871, 0, 42.41
2026/10/09 01:22:29.626, 3, 5, 97871, 0, 85.38
2026/10/09 01:22:30.627, 0, 5, 97871, 0, 85.09
2026/10/09 01:22:30.627, 1, 82708, 97871, 43, 277.76
2026/10/09 01:22:30.627, 2, 7, 97871, 0, 42.51
2026/10/09 01:22:30.627, 3, 5, 97871, 0, 85.39
2026/10/09 01:22:31.627, 0, 5, 97871, 0, 85.25
2026/10/09 01:22:31.627, 1, 82710, 97871, 73, 313.02
2026/10/09 01:22:31.627, 2, 7, 97871, 0, 42.62
2026/10/09 01:22:31.627, 3, 5, 97871, 0, 85.52
2026/10/09 01:22:32.627, 0, 5, 97871, 0, 85.32
2026/10/09 01:22:32.627, 1, 82710, 97871, 46, 285.80
2026/10/09 01:22:32.627, 2, 7, 97871, 0, 42.54
2026/10/09 01:22:32.627, 3, 5, 97871, 0, 85.31
2026/10/09 01:22:33.627, 0, 5, 97871, 0, 85.28
2026/10/09 01:22:33.628, 1, 82710, 97871, 61, 303.53
2026/10/09 01:22:33.628, 2, 7, 97871, 0, 42.50
2026/10/09 01:22:33.628, 3, 5, 97871, 0, 85.39
2026/10/09 01:22:34.628, 0, 5, 97871, 0, 85.21
2026/10/09 01:22:34.628, 1, 82710, 97871, 48, 294.25
2026/10/09 01:22:34.628, 2, 7, 97871, 0, 42.52
2026/10/09 01:22:34.628, 3, 5, 97871, 0, 85.39
2026/10/09 01:22:35.628, 0, 5, 97871, 0, 85.30
2026/10/09 01:22:35.628, 1, 82710, 97871, 49, 318.11
2026/10/09 01:22:35.628, 2, 7, 97871, 0, 42.40
2026/10/09 01:22:35.628, 3, 5, 97871, 0, 85.52
2026/10/09 01:22:36.628, 0, 5, 97871, 0, 85.19
2026/10/09 01:22:36.628, 1, 82710, 97871, 50, 289.15
2026/10/09 01:22:36.628, 2, 7, 97871, 0, 42.49
2026/10/09 01:22:36.628, 3, 5, 97871, 0, 85.54
2026/10/09 01:22:37.628, 0, 5, 97871, 0, 85.07
2026/10/09 01:22:37.628, 1, 82710, 97871, 47, 303.04
2026/10/09 01:22:37.628, 2, 7, 97871, 0, 42.37
2026/10/09 01:22:37.628, 3, 5, 97871, 0, 85.55
2026/10/09 01:22:38.629, 0, 5, 97871, 0, 85.25
2026/10/09 01:22:38.629, 1, 82710, 97871, 48, 291.15
2026/10/09 01:22:38.630, 2, 7, 97871, 0, 42.40
2026/10/09 01:22:38.630, 3, 5, 97871, 0, 85.31
2026/10/09 01:22:39.630, 0, 5, 97871, 0, 85.15
2026/10/09 01:22:39.630, 1, 82710, 97871, 47, 301.01
2026/10/09 01:22:39.630, 2, 7, 97871, 0, 42.63
2026/10/09 01:22:39.630, 3, 5, 97871, 0, 85.51
2026/10/09 01:22:40.630, 0, 5, 97871, 0, 85.31
2026/10/09 01:22:40.631, 1, 82710, 97871, 45, 294.62
2026/10/09 01:22:40.631, 2, 7, 97871, 0, 42.52
2026/10/09 01:22:40.631, 3, 5, 97871, 0, 85.61
2026/10/09 01:22:41.631, 0, 5, 97871, 0, 85.08
2026/10/09 01:22:41.631, 1, 82710, 97871, 46, 290.94
2026/10/09 01:22:41.631, 2, 7, 97871, 0, 42.44
2026/10/09 01:22:41.631, 3, 5, 97871, 0, 85.58
2026/10/09 01:22:42.631, 0, 5, 97871, 0, 85.18
2026/10/09 01:22:42.631, 1, 82710, 97871, 47, 291.32
2026/10/09 01:22:42.631, 2, 7, 97871, 0, 42.34
2026/10/09 01:22:42.631, 3, 5, 97871, 0, 85.42
2026/10/09 01:22:43.631, 0, 5, 97871, 0, 85.12
2026/10/09 01:22:43.631, 1, 82710, 97871, 47, 311.20
2026/10/09 01:22:43.631, 2, 7, 97871, 0, 42.50
2026/10/09 01:22:43.631, 3, 5, 97871, 0, 85.43
2026/10/09 01:22:44.631, 0, 5, 97871, 0, 85.20
2026/10/09 01:22:44.631, 1, 82710, 97871, 46, 297.50
2026/10/09 01:22:44.632, 2, 7, 97871, 0, 42.50
2026/10/09 01:22:44.632, 3, 5, 97871, 0, 85.47
2026/10/09 01:22:45.632, 0, 5, 97871, 0, 85.14
2026/10/09 01:22:45.632, 1, 82710, 97871, 47, 305.11
2026/10/09 01:22:45.632, 2, 7, 97871, 0, 42.51
2026/10/09 01:22:45.632, 3, 5, 97871, 0, 85.46
2026/10/09 01:22:46.632, 0, 4, 97871, 0, 85.13
2026/10/09 01:22:46.632, 1, 82710, 97871, 47, 288.95
2026/10/09 01:22:46.632, 2, 7, 97871, 0, 42.57
2026/10/09 01:22:46.632, 3, 5, 97871, 0, 85.61
2026/10/09 01:22:47.632, 0, 4, 97871, 0, 85.26
2026/10/09 01:22:47.632, 1, 82710, 97871, 53, 304.07
2026/10/09 01:22:47.632, 2, 7, 97871, 0, 42.60
2026/10/09 01:22:47.632, 3, 5, 97871, 0, 85.38
2026/10/09 01:22:48.632, 0, 4, 97871, 0, 85.23
2026/10/09 01:22:48.632, 1, 82710, 97871, 48, 299.21
2026/10/09 01:22:48.637, 2, 7, 97871, 0, 42.35
2026/10/09 01:22:48.637, 3, 5, 97871, 0, 85.68
2026/10/09 01:22:49.637, 0, 4, 97871, 0, 85.21
2026/10/09 01:22:49.637, 1, 82710, 97871, 48, 294.23
2026/10/09 01:22:49.637, 2, 7, 97871, 0, 42.45
2026/10/09 01:22:49.637, 3, 5, 97871, 0, 85.63
2026/10/09 01:22:50.637, 0, 4, 97871, 0, 85.02
2026/10/09 01:22:50.637, 1, 82710, 97871, 49, 292.48
2026/10/09 01:22:50.637, 2, 7, 97871, 0, 42.41
2026/10/09 01:22:50.637, 3, 5, 97871, 0, 85.71
2026/10/09 01:22:51.637, 0, 4, 97871, 0, 84.91
2026/10/09 01:22:51.637, 1, 82710, 97871, 48, 291.03
2026/10/09 01:22:51.638, 2, 7, 97871, 0, 42.38
2026/10/09 01:22:51.638, 3, 5, 97871, 0, 85.39
2026/10/09 01:22:52.638, 0, 4, 97871, 0, 85.17
2026/10/09 01:22:52.638, 1, 82710, 97871, 48, 303.49
2026/10/09 01:22:52.638, 2, 7, 97871, 0, 42.44
2026/10/09 01:22:52.638, 3, 5, 97871, 0, 85.65
2026/10/09 01:22:53.638, 0, 4, 97871, 0, 85.05
2026/10/09 01:22:53.638, 1, 82710, 97871, 48, 296.31
2026/10/09 01:22:53.638, 2, 7, 97871, 0, 42.42
2026/10/09 01:22:53.638, 3, 5, 97871, 0, 85.71
2026/10/09 01:22:54.638, 0, 4, 97871, 0, 85.08
2026/10/09 01:22:54.638, 1, 82710, 97871, 61, 362.71
2026/10/09 01:22:54.638, 2, 7, 97871, 0, 42.46
2026/10/09 01:22:54.638, 3, 5, 97871, 0, 85.59
2026/10/09 01:22:55.638, 0, 4, 97871, 0, 85.19
2026/10/09 01:22:55.638, 1, 82710, 97871, 48, 291.33
2026/10/09 01:22:55.638, 2, 7, 97871, 0, 42.53
2026/10/09 01:22:55.638, 3, 5, 97871, 0, 85.44
2026/10/09 01:22:56.639, 0, 4, 97871, 0, 85.27
2026/10/09 01:22:56.639, 1, 82710, 97871, 48, 294.09
2026/10/09 01:22:56.639, 2, 7, 97871, 0, 42.51
2026/10/09 01:22:56.639, 3, 5, 97871, 0, 85.50
2026/10/09 01:22:57.639, 0, 4, 97871, 0, 85.17
2026/10/09 01:22:57.639, 1, 82710, 97871, 48, 297.17
2026/10/09 01:22:57.639, 2, 7, 97871, 0, 42.53
2026/10/09 01:22:57.639, 3, 5, 97871, 0, 85.62
2026/10/09 01:22:58.639, 0, 4, 97871, 0, 85.03
2026/10/09 01:22:58.639, 1, 82710, 97871, 48, 289.64
2026/10/09 01:22:58.644, 2, 7, 97871, 0, 42.53
2026/10/09 01:22:58.644, 3, 5, 97871, 0, 85.45
2026/10/09 01:22:59.644, 0, 4, 97871, 0, 85.00
2026/10/09 01:22:59.644, 1, 82710, 97871, 49, 295.74
2026/10/09 01:22:59.645, 2, 7, 97871, 0, 42.43
2026/10/09 01:22:59.645, 3, 5, 97871, 0, 85.56
2026/10/09 01:23:00.645, 0, 4, 97871, 0, 85.18
2026/10/09 01:23:00.645, 1, 82710, 97871, 48, 289.24
2026/10/09 01:23:00.645, 2, 7, 97871, 0, 42.39
2026/10/09 01:23:00.645, 3, 5, 97871, 0, 85.60
2026/10/09 01:23:01.645, 0, 4, 97871, 0, 85.08
2026/10/09 01:23:01.645, 1, 82710, 97871, 49, 309.08
2026/10/09 01:23:01.645, 2, 7, 97871, 0, 42.41
2026/10/09 01:23:01.645, 3, 5, 97871, 0, 85.74
2026/10/09 01:23:02.645, 0, 4, 97871, 0, 84.96
2026/10/09 01:23:02.645, 1, 82710, 97871, 49, 296.68
2026/10/09 01:23:02.645, 2, 7, 97871, 0, 42.49
2026/10/09 01:23:02.645, 3, 5, 97871, 0, 85.69
2026/10/09 01:23:03.645, 0, 4, 97871, 0, 85.03
2026/10/09 01:23:03.645, 1, 82710, 97871, 48, 303.93
2026/10/09 01:23:03.645, 2, 7, 97871, 0, 42.52
2026/10/09 01:23:03.645, 3, 5, 97871, 0, 85.71
2026/10/09 01:23:04.646, 0, 4, 97871, 0, 84.97
2026/10/09 01:23:04.646, 1, 82710, 97871, 47, 294.03
2026/10/09 01:23:04.646, 2, 7, 97871, 0, 42.55
2026/10/09 01:23:04.646, 3, 5, 97871, 0, 85.80
2026/10/09 01:23:05.646, 0, 4, 97871, 0, 85.11
2026/10/09 01:23:05.646, 1, 82710, 97871, 54, 314.49
2026/10/09 01:23:05.646, 2, 7, 97871, 0, 42.52
2026/10/09 01:23:05.646, 3, 5, 97871, 0, 85.83
2026/10/09 01:23:06.646, 0, 4, 97871, 0, 85.31
2026/10/09 01:23:06.646, 1, 82710, 97871, 48, 313.76
2026/10/09 01:23:06.646, 2, 7, 97871, 0, 42.45
2026/10/09 01:23:06.646, 3, 5, 97871, 0, 85.93
2026/10/09 01:23:07.646, 0, 4, 97871, 0, 85.20
2026/10/09 01:23:07.646, 1, 82710, 97871, 48, 296.27
2026/10/09 01:23:07.646, 2, 7, 97871, 0, 42.42
2026/10/09 01:23:07.646, 3, 5, 97871, 0, 85.68
2026/10/09 01:23:08.646, 0, 4, 97871, 0, 85.12
2026/10/09 01:23:08.647, 1, 82710, 97871, 48, 287.72
2026/10/09 01:23:08.651, 2, 7, 97871, 0, 42.35
2026/10/09 01:23:08.651, 3, 5, 97871, 0, 85.47
2026/10/09 01:23:09.651, 0, 4, 97871, 0, 85.20
2026/10/09 01:23:09.651, 1, 82710, 97871, 48, 305.03
2026/10/09 01:23:09.651, 2, 7, 97871, 0, 42.43
2026/10/09 01:23:09.651, 3, 5, 97871, 0, 85.76
2026/10/09 01:23:10.651, 0, 4, 97871, 0, 85.07
2026/10/09 01:23:10.651, 1, 82710, 97871, 48, 293.91
2026/10/09 01:23:10.651, 2, 7, 97871, 0, 42.40
2026/10/09 01:23:10.651, 3, 5, 97871, 0, 85.61
2026/10/09 01:23:11.652, 0, 4, 97871, 0, 85.06
2026/10/09 01:23:11.652, 1, 82710, 97871, 54, 306.12
2026/10/09 01:23:11.652, 2, 7, 97871, 0, 42.60
2026/10/09 01:23:11.652, 3, 5, 97871, 0, 85.70
2026/10/09 01:23:12.652, 0, 4, 97871, 0, 85.19
2026/10/09 01:23:12.652, 1, 82710, 97871, 54, 301.90
2026/10/09 01:23:12.652, 2, 7, 97871, 0, 42.43
2026/10/09 01:23:12.652, 3, 5, 97871, 0, 85.68
2026/10/09 01:23:13.652, 0, 4, 97871, 0, 85.15
2026/10/09 01:23:13.652, 1, 82710, 97871, 48, 287.35
2026/10/09 01:23:13.652, 2, 7, 97871, 0, 42.42
2026/10/09 01:23:13.652, 3, 5, 97871, 0, 85.69
2026/10/09 01:23:14.652, 0, 4, 97871, 0, 85.14
2026/10/09 01:23:14.652, 1, 82710, 97871, 48, 291.10
2026/10/09 01:23:14.652, 2, 7, 97871, 0, 42.50
2026/10/09 01:23:14.652, 3, 5, 97871, 0, 85.68
2026/10/09 01:23:15.652, 0, 4, 97871, 0, 85.13
2026/10/09 01:23:15.652, 1, 82710, 97871, 49, 293.75
2026/10/09 01:23:15.652, 2, 7, 97871, 0, 42.54
2026/10/09 01:23:15.652, 3, 5, 97871, 0, 85.74
2026/10/09 01:23:16.653, 0, 4, 97871, 0, 85.17
2026/10/09 01:23:16.653, 1, 82710, 97871, 48, 293.89
2026/10/09 01:23:16.653, 2, 7, 97871, 0, 42.37
2026/10/09 01:23:16.653, 3, 5, 97871, 0, 85.75
2026/10/09 01:23:17.653, 0, 4, 97871, 0, 85.14
2026/10/09 01:23:17.653, 1, 82710, 97871, 48, 296.87
2026/10/09 01:23:17.653, 2, 7, 97871, 0, 42.40
2026/10/09 01:23:17.653, 3, 5, 97871, 0, 85.75
2026/10/09 01:23:18.653, 0, 4, 97871, 0, 85.24
2026/10/09 01:23:18.653, 1, 82710, 97871, 48, 297.41
2026/10/09 01:23:18.660, 2, 7, 97871, 0, 42.36
2026/10/09 01:23:18.660, 3, 5, 97871, 0, 85.64
2026/10/09 01:23:19.660, 0, 4, 97871, 0, 85.18
2026/10/09 01:23:19.661, 1, 82710, 97871, 47, 286.23
2026/10/09 01:23:19.661, 2, 7, 97871, 0, 42.29
2026/10/09 01:23:19.661, 3, 5, 97871, 0, 85.36
2026/10/09 01:23:20.661, 0, 4, 97871, 0, 85.08
2026/10/09 01:23:20.661, 1, 82710, 97871, 47, 291.90
2026/10/09 01:23:20.661, 2, 7, 97871, 0, 42.41
2026/10/09 01:23:20.661, 3, 5, 97871, 0, 85.80
2026/10/09 01:23:21.661, 0, 4, 97871, 0, 85.00
2026/10/09 01:23:21.661, 1, 82710, 97871, 47, 287.51
2026/10/09 01:23:21.661, 2, 7, 97871, 0, 42.31
2026/10/09 01:23:21.661, 3, 5, 97871, 0, 85.62
2026/10/09 01:23:22.661, 0, 4, 97871, 0, 85.11
2026/10/09 01:23:22.661, 1, 82710, 97871, 48, 289.99
2026/10/09 01:23:22.661, 2, 7, 97871, 0, 42.41
2026/10/09 01:23:22.661, 3, 5, 97871, 0, 85.48
2026/10/09 01:23:23.661, 0, 4, 97871, 0, 85.01
2026/10/09 01:23:23.661, 1, 82710, 97871, 47, 305.98
2026/10/09 01:23:23.661, 2, 7, 97871, 0, 42.42
2026/10/09 01:23:23.662, 3, 5, 97871, 0, 85.61
2026/10/09 01:23:24.662, 0, 4, 97871, 0, 85.15
2026/10/09 01:23:24.662, 1, 82710, 97871, 48, 290.68
2026/10/09 01:23:24.662, 2, 7, 97871, 0, 42.38
2026/10/09 01:23:24.662, 3, 5, 97871, 0, 85.79
2026/10/09 01:23:25.662, 0, 4, 97871, 0, 85.08
2026/10/09 01:23:25.662, 1, 82710, 97871, 47, 295.20
2026/10/09 01:23:25.662, 2, 7, 97871, 0, 42.46
2026/10/09 01:23:25.662, 3, 5, 97871, 0, 85.52
2026/10/09 01:23:26.662, 0, 4, 97871, 0, 85.17
2026/10/09 01:23:26.662, 1, 82710, 97871, 51, 294.91
2026/10/09 01:23:26.662, 2, 7, 97871, 0, 42.53
2026/10/09 01:23:26.662, 3, 5, 97871, 0, 85.65
2026/10/09 01:23:27.662, 0, 4, 97871, 0, 85.26
2026/10/09 01:23:27.662, 1, 82710, 97871, 47, 289.38
2026/10/09 01:23:27.662, 2, 7, 97871, 0, 42.41
2026/10/09 01:23:27.662, 3, 5, 97871, 0, 85.79
2026/10/09 01:23:28.662, 0, 4, 97871, 0, 85.33
2026/10/09 01:23:28.663, 1, 82710, 97871, 48, 288.85
2026/10/09 01:23:28.667, 2, 7, 97871, 0, 42.37
2026/10/09 01:23:28.667, 3, 5, 97871, 0, 85.67
2026/10/09 01:23:29.667, 0, 4, 97871, 0, 85.36
2026/10/09 01:23:29.667, 1, 82710, 97871, 46, 291.41
2026/10/09 01:23:29.667, 2, 7, 97871, 0, 42.38
2026/10/09 01:23:29.667, 3, 5, 97871, 0, 86.00
2026/10/09 01:23:30.667, 0, 4, 97871, 0, 85.17
2026/10/09 01:23:30.668, 1, 82710, 97871, 52, 298.23
2026/10/09 01:23:30.668, 2, 7, 97871, 0, 42.38
2026/10/09 01:23:30.668, 3, 5, 97871, 0, 85.97
2026/10/09 01:23:31.668, 0, 4, 97871, 0, 85.25
2026/10/09 01:23:31.668, 1, 82710, 97871, 47, 287.79
2026/10/09 01:23:31.668, 2, 7, 97871, 0, 42.36
2026/10/09 01:23:31.668, 3, 5, 97871, 0, 85.89
2026/10/09 01:23:32.668, 0, 4, 97871, 0, 85.17
2026/10/09 01:23:32.668, 1, 82710, 97871, 47, 288.27
2026/10/09 01:23:32.668, 2, 7, 97871, 0, 42.41
2026/10/09 01:23:32.668, 3, 5, 97871, 0, 85.84
2026/10/09 01:23:33.668, 0, 4, 97871, 0, 85.12
2026/10/09 01:23:33.668, 1, 82710, 97871, 47, 289.04
2026/10/09 01:23:33.668, 2, 7, 97871, 0, 42.44
2026/10/09 01:23:33.668, 3, 5, 97871, 0, 85.62
2026/10/09 01:23:34.668, 0, 4, 97871, 0, 85.24
2026/10/09 01:23:34.668, 1, 82710, 97871, 47, 300.90
2026/10/09 01:23:34.668, 2, 7, 97871, 0, 42.45
2026/10/09 01:23:34.669, 3, 5, 97871, 0, 85.87
2026/10/09 01:23:35.669, 0, 4, 97871, 0, 85.09
2026/10/09 01:23:35.669, 1, 82710, 97871, 47, 293.22
2026/10/09 01:23:35.669, 2, 7, 97871, 0, 42.36
2026/10/09 01:23:35.669, 3, 5, 97871, 0, 85.78
2026/10/09 01:23:36.669, 0, 4, 97871, 0, 85.39
2026/10/09 01:23:36.669, 1, 82710, 97871, 49, 312.67
2026/10/09 01:23:36.669, 2, 7, 97871, 0, 42.38
2026/10/09 01:23:36.669, 3, 5, 97871, 0, 85.85
2026/10/09 01:23:37.669, 0, 4, 97871, 0, 85.11
2026/10/09 01:23:37.669, 1, 82710, 97871, 48, 288.21
2026/10/09 01:23:37.669, 2, 7, 97871, 0, 42.34
2026/10/09 01:23:37.669, 3, 5, 97871, 0, 85.47
2026/10/09 01:23:38.669, 0, 4, 97871, 0, 85.21
2026/10/09 01:23:38.669, 1, 82710, 97871, 48, 307.71
2026/10/09 01:23:38.674, 2, 7, 97871, 0, 42.47
2026/10/09 01:23:38.674, 3, 5, 97871, 0, 85.78
2026/10/09 01:23:39.674, 0, 4, 97871, 0, 85.11
2026/10/09 01:23:39.674, 1, 82710, 97871, 39, 290.49
2026/10/09 01:23:39.674, 2, 7, 97871, 0, 42.41
2026/10/09 01:23:39.674, 3, 5, 97871, 0, 85.99
2026/10/09 01:23:40.674, 0, 4, 97871, 0, 85.25
2026/10/09 01:23:40.674, 1, 82710, 97871, 49, 300.95
2026/10/09 01:23:40.674, 2, 7, 97871, 0, 42.40
2026/10/09 01:23:40.674, 3, 5, 97871, 0, 85.81
2026/10/09 01:23:41.674, 0, 4, 97871, 0, 85.21
2026/10/09 01:23:41.675, 1, 82710, 97871, 50, 297.28
2026/10/09 01:23:41.675, 2, 7, 97871, 0, 42.40
2026/10/09 01:23:41.675, 3, 5, 97871, 0, 85.89
2026/10/09 01:23:42.675, 0, 4, 97871, 0, 85.14
2026/10/09 01:23:42.675, 1, 82710, 97871, 50, 297.74
2026/10/09 01:23:42.675, 2, 7, 97871, 0, 42.44
2026/10/09 01:23:42.675, 3, 5, 97871, 0, 85.87
2026/10/09 01:23:43.675, 0, 4, 97871, 0, 84.96
2026/10/09 01:23:43.675, 1, 82710, 97871, 50, 304.77
2026/10/09 01:23:43.675, 2, 7, 97871, 0, 42.34
2026/10/09 01:23:43.675, 3, 5, 97871, 0, 85.89
2026/10/09 01:23:44.675, 0, 4, 97871, 0, 85.14
2026/10/09 01:23:44.675, 1, 82710, 97871, 50, 293.95
2026/10/09 01:23:44.675, 2, 7, 97871, 0, 42.31
2026/10/09 01:23:44.675, 3, 5, 97871, 0, 85.93
2026/10/09 01:23:45.675, 0, 4, 97871, 0, 84.96
2026/10/09 01:23:45.676, 1, 82710, 97871, 0, 273.81
2026/10/09 01:23:45.676, 2, 7, 97871, 0, 42.41
2026/10/09 01:23:45.676, 3, 5, 97871, 0, 85.88
2026/10/09 01:23:46.676, 0, 4, 97871, 0, 85.15
2026/10/09 01:23:46.676, 1, 82710, 97871, 49, 345.55
2026/10/09 01:23:46.676, 2, 7, 97871, 0, 42.33
2026/10/09 01:23:46.676, 3, 5, 97871, 0, 85.87
2026/10/09 01:23:47.676, 0, 4, 97871, 0, 85.18
2026/10/09 01:23:47.676, 1, 82710, 97871, 51, 317.79
2026/10/09 01:23:47.676, 2, 7, 97871, 0, 42.34
2026/10/09 01:23:47.676, 3, 5, 97871, 0, 85.83
2026/10/09 01:23:48.676, 0, 4, 97871, 0, 85.16
2026/10/09 01:23:48.676, 1, 82710, 97871, 53, 335.38
2026/10/09 01:23:48.685, 2, 7, 97871, 0, 42.35
2026/10/09 01:23:48.685, 3, 5, 97871, 0, 85.59
2026/10/09 01:23:49.685, 0, 4, 97871, 0, 85.02
2026/10/09 01:23:49.685, 1, 82710, 97871, 51, 337.75
2026/10/09 01:23:49.685, 2, 7, 97871, 0, 42.34
2026/10/09 01:23:49.685, 3, 5, 97871, 0, 85.80
2026/10/09 01:23:50.685, 0, 4, 97871, 0, 85.38
2026/10/09 01:23:50.685, 1, 82710, 97871, 64, 372.20
2026/10/09 01:23:50.685, 2, 7, 97871, 0, 42.33
2026/10/09 01:23:50.685, 3, 5, 97871, 0, 85.68
2026/10/09 01:23:51.686, 0, 4, 97871, 0, 85.32
2026/10/09 01:23:51.686, 1, 82710, 97871, 53, 361.98
2026/10/09 01:23:51.686, 2, 7, 97871, 0, 42.39
2026/10/09 01:23:51.686, 3, 5, 97871, 0, 85.79
2026/10/09 01:23:52.686, 0, 4, 97871, 0, 84.96
2026/10/09 01:23:52.686, 1, 82710, 97871, 62, 358.69
2026/10/09 01:23:52.686, 2, 7, 97871, 0, 42.38
2026/10/09 01:23:52.686, 3, 5, 97871, 0, 85.87
2026/10/09 01:23:53.686, 0, 4, 97871, 0, 85.15
2026/10/09 01:23:53.686, 1, 82710, 97871, 51, 353.50
2026/10/09 01:23:53.686, 2, 7, 97871, 0, 42.46
2026/10/09 01:23:53.686, 3, 5, 97871, 0, 85.70
2026/10/09 01:23:54.686, 0, 4, 97871, 0, 85.15
2026/10/09 01:23:54.686, 1, 82710, 97871, 54, 368.87
2026/10/09 01:23:54.686, 2, 7, 97871, 0, 42.38
2026/10/09 01:23:54.686, 3, 5, 97871, 0, 85.88
2026/10/09 01:23:55.686, 0, 4, 97871, 0, 84.94
2026/10/09 01:23:55.687, 1, 82710, 97871, 53, 353.35
2026/10/09 01:23:55.687, 2, 7, 97871, 0, 42.42
2026/10/09 01:23:55.687, 3, 5, 97871, 0, 85.84
2026/10/09 01:23:56.687, 0, 4, 97871, 0, 85.15
2026/10/09 01:23:56.687, 1, 82710, 97871, 60, 365.90
2026/10/09 01:23:56.687, 2, 7, 97871, 0, 42.40
2026/10/09 01:23:56.687, 3, 5, 97871, 0, 85.89
2026/10/09 01:23:57.687, 0, 4, 97871, 0, 85.10
2026/10/09 01:23:57.687, 1, 82710, 97871, 52, 362.69
2026/10/09 01:23:57.687, 2, 7, 97871, 0, 42.30
2026/10/09 01:23:57.687, 3, 5, 97871, 0, 85.86
2026/10/09 01:23:58.687, 0, 4, 97871, 0, 84.95
2026/10/09 01:23:58.687, 1, 82710, 97871, 67, 361.10
2026/10/09 01:23:58.695, 2, 7, 97871, 0, 42.32
2026/10/09 01:23:58.695, 3, 5, 97871, 0, 85.75
2026/10/09 01:23:59.695, 0, 4, 97871, 0, 85.06
2026/10/09 01:23:59.695, 1, 82710, 97871, 62, 361.21
2026/10/09 01:23:59.695, 2, 7, 97871, 0, 42.36
2026/10/09 01:23:59.695, 3, 5, 97871, 0, 85.90
2026/10/09 01:24:00.696, 0, 4, 97871, 0, 85.19
2026/10/09 01:24:00.696, 1, 82710, 97871, 52, 364.93
2026/10/09 01:24:00.696, 2, 7, 97871, 0, 42.34
2026/10/09 01:24:00.696, 3, 5, 97871, 0, 86.01
2026/10/09 01:24:01.696, 0, 4, 97871, 0, 85.35
2026/10/09 01:24:01.696, 1, 82710, 97871, 53, 373.11
2026/10/09 01:24:01.696, 2, 7, 97871, 0, 42.36
2026/10/09 01:24:01.696, 3, 5, 97871, 0, 85.75
2026/10/09 01:24:02.696, 0, 4, 97871, 0, 85.12
2026/10/09 01:24:02.696, 1, 82710, 97871, 53, 356.65
2026/10/09 01:24:02.696, 2, 7, 97871, 0, 42.36
2026/10/09 01:24:02.696, 3, 5, 97871, 0, 85.84
2026/10/09 01:24:03.696, 0, 4, 97871, 0, 85.01
2026/10/09 01:24:03.696, 1, 82710, 97871, 54, 344.82
2026/10/09 01:24:03.696, 2, 7, 97871, 0, 42.35
2026/10/09 01:24:03.696, 3, 5, 97871, 0, 85.82
2026/10/09 01:24:04.696, 0, 4, 97871, 0, 85.21
2026/10/09 01:24:04.697, 1, 82710, 97871, 53, 371.62
2026/10/09 01:24:04.697, 2, 7, 97871, 0, 42.33
2026/10/09 01:24:04.697, 3, 5, 97871, 0, 85.84
2026/10/09 01:24:05.697, 0, 4, 97871, 0, 85.15
2026/10/09 01:24:05.697, 1, 82710, 97871, 83, 361.23
2026/10/09 01:24:05.697, 2, 7, 97871, 0, 42.35
2026/10/09 01:24:05.697, 3, 5, 97871, 0, 85.90
2026/10/09 01:24:06.697, 0, 4, 97871, 0, 85.07
2026/10/09 01:24:06.697, 1, 82710, 97871, 53, 378.84
2026/10/09 01:24:06.697, 2, 7, 97871, 0, 42.33
2026/10/09 01:24:06.697, 3, 5, 97871, 0, 85.93
2026/10/09 01:24:07.697, 0, 4, 97871, 0, 85.14
2026/10/09 01:24:07.697, 1, 82710, 97871, 64, 356.38
2026/10/09 01:24:07.697, 2, 7, 97871, 0, 42.29
2026/10/09 01:24:07.697, 3, 5, 97871, 0, 85.96
2026/10/09 01:24:08.697, 0, 4, 97871, 0, 85.16
2026/10/09 01:24:08.697, 1, 82710, 97871, 52, 383.83
2026/10/09 01:24:08.702, 2, 7, 97871, 0, 42.30
2026/10/09 01:24:08.702, 3, 5, 97871, 0, 85.75
2026/10/09 01:24:09.702, 0, 4, 97871, 0, 85.09
2026/10/09 01:24:09.702, 1, 82710, 97871, 53, 350.81
2026/10/09 01:24:09.702, 2, 7, 97871, 0, 42.33
2026/10/09 01:24:09.702, 3, 5, 97871, 0, 85.79
2026/10/09 01:24:10.702, 0, 4, 97871, 0, 85.12
2026/10/09 01:24:10.702, 1, 82710, 97871, 50, 358.16
2026/10/09 01:24:10.702, 2, 7, 97871, 0, 42.38
2026/10/09 01:24:10.702, 3, 5, 97871, 0, 85.69
2026/10/09 01:24:11.703, 0, 4, 97871, 0, 85.08
2026/10/09 01:24:11.703, 1, 82710, 97871, 50, 331.60
2026/10/09 01:24:11.703, 2, 7, 97871, 0, 42.24
2026/10/09 01:24:11.703, 3, 5, 97871, 0, 85.81
2026/10/09 01:24:12.703, 0, 4, 97871, 0, 85.11
2026/10/09 01:24:12.703, 1, 82710, 97871, 51, 347.58
2026/10/09 01:24:12.703, 2, 7, 97871, 0, 42.31
2026/10/09 01:24:12.703, 3, 5, 97871, 0, 85.88
2026/10/09 01:24:13.703, 0, 4, 97871, 0, 85.14
2026/10/09 01:24:13.703, 1, 82710, 97871, 53, 342.80
2026/10/09 01:24:13.703, 2, 7, 97871, 0, 42.40
2026/10/09 01:24:13.703, 3, 5, 97871, 0, 86.01
2026/10/09 01:24:14.703, 0, 4, 97871, 0, 84.90
2026/10/09 01:24:14.703, 1, 82710, 97871, 50, 345.89
2026/10/09 01:24:14.703, 2, 7, 97871, 0, 42.36
2026/10/09 01:24:14.703, 3, 5, 97871, 0, 85.77
2026/10/09 01:24:15.703, 0, 4, 97871, 0, 85.14
2026/10/09 01:24:15.704, 1, 82710, 97871, 50, 314.18
2026/10/09 01:24:15.704, 2, 7, 97871, 0, 42.37
2026/10/09 01:24:15.704, 3, 5, 97871, 0, 85.71
2026/10/09 01:24:16.704, 0, 4, 97871, 0, 85.02
2026/10/09 01:24:16.704, 1, 82710, 97871, 49, 298.64
2026/10/09 01:24:16.704, 2, 7, 97871, 0, 42.40
2026/10/09 01:24:16.704, 3, 5, 97871, 0, 85.76
2026/10/09 01:24:17.704, 0, 4, 97871, 0, 84.99
2026/10/09 01:24:17.704, 1, 82710, 97871, 100, 357.21
2026/10/09 01:24:17.704, 2, 7, 97871, 0, 42.36
2026/10/09 01:24:17.704, 3, 5, 97871, 0, 85.83
2026/10/09 01:24:18.704, 0, 4, 97871, 0, 85.03
2026/10/09 01:24:18.704, 1, 82710, 97871, 57, 425.67
2026/10/09 01:24:18.709, 2, 7, 97871, 0, 42.21
2026/10/09 01:24:18.709, 3, 5, 97871, 0, 85.58
2026/10/09 01:24:19.709, 0, 4, 97871, 0, 84.91
2026/10/09 01:24:19.709, 1, 82710, 97871, 51, 379.69
2026/10/09 01:24:19.709, 2, 7, 97871, 0, 42.40
2026/10/09 01:24:19.709, 3, 5, 97871, 0, 85.78
2026/10/09 01:24:20.709, 0, 4, 97871, 0, 85.21
2026/10/09 01:24:20.709, 1, 82710, 97871, 50, 312.02
2026/10/09 01:24:20.709, 2, 7, 97871, 0, 42.38
2026/10/09 01:24:20.709, 3, 5, 97871, 0, 85.98
2026/10/09 01:24:21.709, 0, 4, 97871, 0, 85.05
2026/10/09 01:24:21.709, 1, 82710, 97871, 100, 375.71
2026/10/09 01:24:21.709, 2, 7, 97871, 0, 42.34
2026/10/09 01:24:21.709, 3, 5, 97871, 0, 85.95
2026/10/09 01:24:22.710, 0, 4, 97871, 0, 85.05
2026/10/09 01:24:22.710, 1, 82710, 97871, 48, 482.96
2026/10/09 01:24:22.710, 2, 7, 97871, 0, 42.26
2026/10/09 01:24:22.710, 3, 5, 97871, 0, 85.93
2026/10/09 01:24:23.710, 0, 4, 97871, 0, 85.14
2026/10/09 01:24:23.710, 1, 82710, 97871, 100, 482.18
2026/10/09 01:24:23.710, 2, 7, 97871, 0, 42.33
2026/10/09 01:24:23.710, 3, 5, 97871, 0, 85.72
2026/10/09 01:24:24.710, 0, 4, 97871, 0, 85.18
2026/10/09 01:24:24.710, 1, 82710, 97871, 93, 498.68
2026/10/09 01:24:24.710, 2, 7, 97871, 0, 42.22
2026/10/09 01:24:24.710, 3, 5, 97871, 0, 85.89
2026/10/09 01:24:25.710, 0, 4, 97871, 0, 85.10
2026/10/09 01:24:25.710, 1, 82710, 97871, 97, 454.52
2026/10/09 01:24:25.710, 2, 7, 97871, 0, 42.28
2026/10/09 01:24:25.710, 3, 5, 97871, 0, 85.82
2026/10/09 01:24:26.711, 0, 4, 97871, 0, 85.28
2026/10/09 01:24:26.711, 1, 82710, 97871, 62, 487.75
2026/10/09 01:24:26.711, 2, 7, 97871, 0, 42.36
2026/10/09 01:24:26.711, 3, 5, 97871, 0, 85.91
2026/10/09 01:24:27.711, 0, 4, 97871, 0, 85.04
2026/10/09 01:24:27.711, 1, 82710, 97871, 75, 493.60
2026/10/09 01:24:27.711, 2, 7, 97871, 0, 42.32
2026/10/09 01:24:27.711, 3, 5, 97871, 0, 85.87
2026/10/09 01:24:28.711, 0, 4, 97871, 0, 85.04
2026/10/09 01:24:28.711, 1, 82710, 97871, 58, 449.15
2026/10/09 01:24:28.718, 2, 7, 97871, 0, 42.32
2026/10/09 01:24:28.718, 3, 5, 97871, 0, 85.60
2026/10/09 01:24:29.718, 0, 4, 97871, 0, 85.09
2026/10/09 01:24:29.719, 1, 82710, 97871, 54, 383.25
2026/10/09 01:24:29.719, 2, 7, 97871, 0, 42.31
2026/10/09 01:24:29.719, 3, 5, 97871, 0, 85.84
2026/10/09 01:24:30.719, 0, 4, 97871, 0, 85.14
2026/10/09 01:24:30.719, 1, 82710, 97871, 51, 328.31
2026/10/09 01:24:30.719, 2, 7, 97871, 0, 42.39
2026/10/09 01:24:30.719, 3, 5, 97871, 0, 85.79
2026/10/09 01:24:31.719, 0, 4, 97871, 0, 84.86
2026/10/09 01:24:31.719, 1, 82710, 97871, 37, 294.23
2026/10/09 01:24:31.719, 2, 7, 97871, 0, 42.32
2026/10/09 01:24:31.719, 3, 5, 97871, 0, 85.73
2026/10/09 01:24:32.719, 0, 4, 97871, 0, 84.67
2026/10/09 01:24:32.719, 1, 82710, 97871, 100, 512.23
2026/10/09 01:24:32.720, 2, 7, 97871, 0, 42.32
2026/10/09 01:24:32.720, 3, 5, 97871, 0, 85.78
2026/10/09 01:24:33.720, 0, 4, 97871, 0, 85.06
2026/10/09 01:24:33.720, 1, 82710, 97871, 76, 501.19
2026/10/09 01:24:33.720, 2, 7, 97871, 0, 42.26
2026/10/09 01:24:33.720, 3, 5, 97871, 0, 85.98
2026/10/09 01:24:34.720, 0, 4, 97871, 0, 85.26
2026/10/09 01:24:34.720, 1, 82710, 97871, 63, 481.03
2026/10/09 01:24:34.720, 2, 7, 97871, 0, 42.24
2026/10/09 01:24:34.720, 3, 5, 97871, 0, 85.96
2026/10/09 01:24:35.720, 0, 4, 97871, 0, 85.12
2026/10/09 01:24:35.720, 1, 82710, 97871, 54, 354.17
2026/10/09 01:24:35.720, 2, 7, 97871, 0, 42.31
2026/10/09 01:24:35.720, 3, 5, 97871, 0, 85.88
2026/10/09 01:24:36.720, 0, 4, 97871, 0, 85.09
2026/10/09 01:24:36.720, 1, 82710, 97871, 52, 308.71
2026/10/09 01:24:36.720, 2, 7, 97871, 0, 42.33
2026/10/09 01:24:36.720, 3, 5, 97871, 0, 86.00
2026/10/09 01:24:37.721, 0, 4, 97871, 0, 84.97
2026/10/09 01:24:37.721, 1, 82710, 97871, 100, 455.89
2026/10/09 01:24:37.721, 2, 7, 97871, 0, 42.28
2026/10/09 01:24:37.721, 3, 5, 97871, 0, 85.91
2026/10/09 01:24:38.721, 0, 4, 97871, 0, 84.87
2026/10/09 01:24:38.721, 1, 82710, 97871, 100, 529.05
2026/10/09 01:24:38.727, 2, 7, 97871, 0, 42.36
2026/10/09 01:24:38.728, 3, 5, 97871, 0, 85.98
2026/10/09 01:24:39.728, 0, 4, 97871, 0, 85.29
2026/10/09 01:24:39.728, 1, 82710, 97871, 100, 519.95
2026/10/09 01:24:39.728, 2, 7, 97871, 0, 42.36
2026/10/09 01:24:39.728, 3, 5, 97871, 0, 85.89
2026/10/09 01:24:40.728, 0, 4, 97871, 0, 85.12
2026/10/09 01:24:40.728, 1, 82710, 97871, 100, 523.16
2026/10/09 01:24:40.728, 2, 7, 97871, 0, 42.25
2026/10/09 01:24:40.728, 3, 5, 97871, 0, 86.04
2026/10/09 01:24:41.728, 0, 4, 97871, 0, 85.09
2026/10/09 01:24:41.728, 1, 82710, 97871, 100, 518.76
2026/10/09 01:24:41.728, 2, 7, 97871, 0, 42.33
2026/10/09 01:24:41.728, 3, 5, 97871, 0, 86.14
2026/10/09 01:24:42.728, 0, 4, 97871, 0, 85.10
2026/10/09 01:24:42.728, 1, 82710, 97871, 100, 518.99
2026/10/09 01:24:42.728, 2, 7, 97871, 0, 42.30
2026/10/09 01:24:42.728, 3, 5, 97871, 0, 86.03
2026/10/09 01:24:43.729, 0, 4, 97871, 0, 85.09
2026/10/09 01:24:43.729, 1, 82710, 97871, 100, 520.94
2026/10/09 01:24:43.729, 2, 7, 97871, 0, 42.38
2026/10/09 01:24:43.729, 3, 5, 97871, 0, 86.01
2026/10/09 01:24:44.729, 0, 4, 97871, 0, 85.10
2026/10/09 01:24:44.729, 1, 82710, 97871, 100, 518.22
2026/10/09 01:24:44.729, 2, 7, 97871, 0, 42.28
2026/10/09 01:24:44.729, 3, 5, 97871, 0, 86.05
2026/10/09 01:24:45.729, 0, 4, 97871, 0, 85.21
2026/10/09 01:24:45.729, 1, 82710, 97871, 100, 520.08
2026/10/09 01:24:45.729, 2, 7, 97871, 0, 42.34
2026/10/09 01:24:45.729, 3, 5, 97871, 0, 86.11
2026/10/09 01:24:46.729, 0, 4, 97871, 0, 85.24
2026/10/09 01:24:46.729, 1, 82710, 97871, 100, 519.87
2026/10/09 01:24:46.729, 2, 7, 97871, 0, 42.32
2026/10/09 01:24:46.729, 3, 5, 97871, 0, 86.03
2026/10/09 01:24:47.729, 0, 4, 97871, 0, 85.17
2026/10/09 01:24:47.730, 1, 82710, 97871, 67, 495.02
2026/10/09 01:24:47.730, 2, 6, 97871, 0, 42.34
2026/10/09 01:24:47.730, 3, 5, 97871, 0, 86.17
2026/10/09 01:24:48.730, 0, 4, 97871, 0, 85.11
2026/10/09 01:24:48.730, 1, 82710, 97871, 57, 416.00
2026/10/09 01:24:48.738, 2, 6, 97871, 0, 42.27
2026/10/09 01:24:48.738, 3, 5, 97871, 0, 86.00
2026/10/09 01:24:49.738, 0, 4, 97871, 0, 85.11
2026/10/09 01:24:49.738, 1, 82710, 97871, 52, 330.75
2026/10/09 01:24:49.738, 2, 6, 97871, 0, 42.31
2026/10/09 01:24:49.738, 3, 5, 97871, 0, 85.96
2026/10/09 01:24:50.738, 0, 4, 97871, 0, 84.89
2026/10/09 01:24:50.738, 1, 82710, 97871, 14, 282.22
2026/10/09 01:24:50.738, 2, 6, 97871, 0, 42.29
2026/10/09 01:24:50.738, 3, 5, 97871, 0, 85.93
2026/10/09 01:24:51.738, 0, 4, 97871, 0, 84.82
2026/10/09 01:24:51.738, 1, 82710, 97871, 100, 523.69
2026/10/09 01:24:51.738, 2, 6, 97871, 0, 42.25
2026/10/09 01:24:51.739, 3, 5, 97871, 0, 86.05
2026/10/09 01:24:52.739, 0, 4, 97871, 0, 84.81
2026/10/09 01:24:52.739, 1, 82710, 97871, 100, 540.28
2026/10/09 01:24:52.739, 2, 6, 97871, 0, 42.24
2026/10/09 01:24:52.739, 3, 5, 97871, 0, 86.03
2026/10/09 01:24:53.739, 0, 4, 97871, 0, 85.07
2026/10/09 01:24:53.739, 1, 82710, 97871, 100, 523.81
2026/10/09 01:24:53.739, 2, 6, 97871, 0, 42.34
2026/10/09 01:24:53.739, 3, 5, 97871, 0, 86.05
2026/10/09 01:24:54.739, 0, 4, 97871, 0, 85.16
2026/10/09 01:24:54.739, 1, 82710, 97871, 91, 511.47
2026/10/09 01:24:54.739, 2, 6, 97871, 0, 42.28
2026/10/09 01:24:54.739, 3, 5, 97871, 0, 85.94
2026/10/09 01:24:55.739, 0, 4, 97871, 0, 85.10
2026/10/09 01:24:55.739, 1, 82710, 97871, 82, 494.14
2026/10/09 01:24:55.739, 2, 6, 97871, 0, 42.32
2026/10/09 01:24:55.739, 3, 5, 97871, 0, 85.94
2026/10/09 01:24:56.740, 0, 4, 97871, 0, 84.98
2026/10/09 01:24:56.740, 1, 82710, 97871, 55, 386.32
2026/10/09 01:24:56.740, 2, 6, 97871, 0, 42.35
2026/10/09 01:24:56.740, 3, 5, 97871, 0, 86.07
2026/10/09 01:24:57.740, 0, 4, 97871, 0, 85.21
2026/10/09 01:24:57.740, 1, 82710, 97871, 52, 323.61
2026/10/09 01:24:57.740, 2, 6, 97871, 0, 42.32
2026/10/09 01:24:57.740, 3, 5, 97871, 0, 85.86
2026/10/09 01:24:58.740, 0, 4, 97871, 0, 84.97
2026/10/09 01:24:58.740, 1, 82710, 97871, 100, 454.74
2026/10/09 01:24:58.744, 2, 6, 97871, 0, 42.33
2026/10/09 01:24:58.744, 3, 5, 97871, 0, 86.02
2026/10/09 01:24:59.745, 0, 4, 97871, 0, 84.73
2026/10/09 01:24:59.745, 1, 82710, 97871, 100, 541.28
2026/10/09 01:24:59.745, 2, 6, 97871, 0, 42.22
2026/10/09 01:24:59.745, 3, 5, 97871, 0, 85.99
2026/10/09 01:25:00.745, 0, 4, 97871, 0, 84.84
2026/10/09 01:25:00.745, 1, 82710, 97871, 100, 529.52
2026/10/09 01:25:00.745, 2, 6, 97871, 0, 42.29
2026/10/09 01:25:00.745, 3, 5, 97871, 0, 86.01
2026/10/09 01:25:01.745, 0, 4, 97871, 0, 85.07
2026/10/09 01:25:01.745, 1, 82710, 97871, 100, 518.91
2026/10/09 01:25:01.745, 2, 6, 97871, 0, 42.25
2026/10/09 01:25:01.745, 3, 5, 97871, 0, 85.86
2026/10/09 01:25:02.745, 0, 4, 97871, 0, 85.24
2026/10/09 01:25:02.745, 1, 82710, 97871, 100, 520.03
2026/10/09 01:25:02.745, 2, 6, 97871, 0, 42.35
2026/10/09 01:25:02.745, 3, 5, 97871, 0, 85.99
2026/10/09 01:25:03.745, 0, 4, 97871, 0, 85.10
2026/10/09 01:25:03.746, 1, 82710, 97871, 100, 521.64
2026/10/09 01:25:03.746, 2, 6, 97871, 0, 42.31
2026/10/09 01:25:03.746, 3, 5, 97871, 0, 85.90
2026/10/09 01:25:04.746, 0, 4, 97871, 0, 84.97
2026/10/09 01:25:04.746, 1, 82710, 97871, 100, 517.66
2026/10/09 01:25:04.746, 2, 6, 97871, 0, 42.35
2026/10/09 01:25:04.746, 3, 5, 97871, 0, 85.82
2026/10/09 01:25:05.746, 0, 4, 97871, 0, 85.04
2026/10/09 01:25:05.746, 1, 82710, 97871, 100, 522.39
2026/10/09 01:25:05.746, 2, 6, 97871, 0, 42.29
2026/10/09 01:25:05.746, 3, 5, 97871, 0, 85.93
2026/10/09 01:25:06.746, 0, 4, 97871, 0, 85.15
2026/10/09 01:25:06.746, 1, 82710, 97871, 100, 517.27
2026/10/09 01:25:06.746, 2, 6, 97871, 0, 42.27
2026/10/09 01:25:06.746, 3, 5, 97871, 0, 86.01
2026/10/09 01:25:07.746, 0, 4, 97871, 0, 85.10
2026/10/09 01:25:07.747, 1, 82710, 97871, 100, 516.74
2026/10/09 01:25:07.747, 2, 6, 97871, 0, 42.27
2026/10/09 01:25:07.747, 3, 5, 97871, 0, 85.93
2026/10/09 01:25:08.747, 0, 4, 97871, 0, 85.03
2026/10/09 01:25:08.747, 1, 82710, 97871, 100, 522.52
2026/10/09 01:25:08.751, 2, 6, 97871, 0, 42.22
2026/10/09 01:25:08.751, 3, 5, 97871, 0, 86.01
2026/10/09 01:25:09.752, 0, 4, 97871, 0, 85.10
2026/10/09 01:25:09.752, 1, 82710, 97871, 100, 518.92
2026/10/09 01:25:09.752, 2, 6, 97871, 0, 42.37
2026/10/09 01:25:09.752, 3, 5, 97871, 0, 85.89
2026/10/09 01:25:10.752, 0, 4, 97871, 0, 85.04
2026/10/09 01:25:10.752, 1, 82710, 97871, 100, 521.93
2026/10/09 01:25:10.752, 2, 6, 97871, 0, 42.26
2026/10/09 01:25:10.752, 3, 5, 97871, 0, 85.79
2026/10/09 01:25:11.752, 0, 4, 97871, 0, 85.16
2026/10/09 01:25:11.752, 1, 82710, 97871, 100, 517.52
2026/10/09 01:25:11.752, 2, 6, 97871, 0, 42.27
2026/10/09 01:25:11.752, 3, 5, 97871, 0, 85.98
2026/10/09 01:25:12.752, 0, 4, 97871, 0, 85.07
2026/10/09 01:25:12.752, 1, 82710, 97871, 100, 521.98
2026/10/09 01:25:12.752, 2, 6, 97871, 0, 42.21
2026/10/09 01:25:12.752, 3, 5, 97871, 0, 85.93
2026/10/09 01:25:13.752, 0, 4, 97871, 0, 85.09
2026/10/09 01:25:13.753, 1, 82710, 97871, 100, 520.26
2026/10/09 01:25:13.753, 2, 6, 97871, 0, 42.27
2026/10/09 01:25:13.753, 3, 5, 97871, 0, 85.92
2026/10/09 01:25:14.753, 0, 4, 97871, 0, 85.18
2026/10/09 01:25:14.753, 1, 82710, 97871, 100, 515.80
2026/10/09 01:25:14.753, 2, 6, 97871, 0, 42.27
2026/10/09 01:25:14.753, 3, 5, 97871, 0, 85.95
2026/10/09 01:25:15.753, 0, 4, 97871, 0, 85.15
2026/10/09 01:25:15.753, 1, 82710, 97871, 100, 521.73
2026/10/09 01:25:15.753, 2, 6, 97871, 0, 42.28
2026/10/09 01:25:15.753, 3, 5, 97871, 0, 85.92
2026/10/09 01:25:16.753, 0, 4, 97871, 0, 85.15
2026/10/09 01:25:16.753, 1, 82710, 97871, 100, 519.32
2026/10/09 01:25:16.753, 2, 6, 97871, 0, 42.29
2026/10/09 01:25:16.753, 3, 5, 97871, 0, 86.00
2026/10/09 01:25:17.753, 0, 4, 97871, 0, 85.22
2026/10/09 01:25:17.754, 1, 82710, 97871, 87, 488.17
2026/10/09 01:25:17.754, 2, 6, 97871, 0, 42.28
2026/10/09 01:25:17.754, 3, 5, 97871, 0, 85.92
2026/10/09 01:25:18.754, 0, 4, 97871, 0, 85.43
2026/10/09 01:25:18.754, 1, 82710, 97871, 59, 440.91
2026/10/09 01:25:18.759, 2, 6, 97871, 0, 42.21
2026/10/09 01:25:18.759, 3, 5, 97871, 0, 85.98
2026/10/09 01:25:19.759, 0, 4, 97871, 0, 85.22
2026/10/09 01:25:19.760, 1, 82710, 97871, 52, 336.36
2026/10/09 01:25:19.760, 2, 6, 97871, 0, 42.23
2026/10/09 01:25:19.760, 3, 5, 97871, 0, 86.01
2026/10/09 01:25:20.760, 0, 4, 97871, 0, 85.02
2026/10/09 01:25:20.760, 1, 82710, 97871, 37, 285.15
2026/10/09 01:25:20.760, 2, 6, 97871, 0, 42.20
2026/10/09 01:25:20.760, 3, 5, 97871, 0, 86.03
2026/10/09 01:25:21.760, 0, 4, 97871, 0, 84.95
2026/10/09 01:25:21.760, 1, 82710, 97871, 100, 428.15
2026/10/09 01:25:21.760, 2, 6, 97871, 0, 42.25
2026/10/09 01:25:21.760, 3, 5, 97871, 0, 85.94
2026/10/09 01:25:22.760, 0, 4, 97871, 0, 84.63
2026/10/09 01:25:22.760, 1, 82710, 97871, 100, 541.52
2026/10/09 01:25:22.760, 2, 6, 97871, 0, 42.21
2026/10/09 01:25:22.760, 3, 5, 97871, 0, 85.73
2026/10/09 01:25:23.760, 0, 4, 97871, 0, 84.81
2026/10/09 01:25:23.761, 1, 82710, 97871, 100, 540.27
2026/10/09 01:25:23.761, 2, 6, 97871, 0, 42.27
2026/10/09 01:25:23.761, 3, 5, 97871, 0, 85.82
2026/10/09 01:25:24.761, 0, 4, 97871, 0, 84.74
2026/10/09 01:25:24.761, 1, 82710, 97871, 100, 538.66
2026/10/09 01:25:24.761, 2, 6, 97871, 0, 42.26
2026/10/09 01:25:24.761, 3, 5, 97871, 0, 85.98
2026/10/09 01:25:25.761, 0, 4, 97871, 0, 84.80
2026/10/09 01:25:25.761, 1, 82710, 97871, 100, 538.24
2026/10/09 01:25:25.761, 2, 6, 97871, 0, 42.22
2026/10/09 01:25:25.761, 3, 5, 97871, 0, 85.80
2026/10/09 01:25:26.761, 0, 4, 97871, 0, 85.17
2026/10/09 01:25:26.761, 1, 82710, 97871, 100, 517.86
2026/10/09 01:25:26.761, 2, 6, 97871, 0, 42.32
2026/10/09 01:25:26.761, 3, 5, 97871, 0, 86.02
2026/10/09 01:25:27.761, 0, 4, 97871, 0, 85.36
2026/10/09 01:25:27.761, 1, 82710, 97871, 100, 516.42
2026/10/09 01:25:27.761, 2, 6, 97871, 0, 42.22
2026/10/09 01:25:27.761, 3, 5, 97871, 0, 85.89
2026/10/09 01:25:28.762, 0, 4, 97871, 0, 85.32
2026/10/09 01:25:28.762, 1, 82710, 97871, 100, 521.79
2026/10/09 01:25:28.766, 2, 6, 97871, 0, 42.30
2026/10/09 01:25:28.766, 3, 5, 97871, 0, 85.90
2026/10/09 01:25:29.766, 0, 4, 97871, 0, 85.17
2026/10/09 01:25:29.766, 1, 82710, 97871, 100, 520.67
2026/10/09 01:25:29.766, 2, 6, 97871, 0, 42.19
2026/10/09 01:25:29.766, 3, 5, 97871, 0, 85.93
2026/10/09 01:25:30.767, 0, 4, 97871, 0, 85.31
2026/10/09 01:25:30.767, 1, 82710, 97871, 61, 452.12
2026/10/09 01:25:30.767, 2, 6, 97871, 0, 42.19
2026/10/09 01:25:30.767, 3, 5, 97871, 0, 86.03
2026/10/09 01:25:31.767, 0, 4, 97871, 0, 84.85
2026/10/09 01:25:31.767, 1, 82710, 97871, 52, 379.57
2026/10/09 01:25:31.767, 2, 6, 97871, 0, 42.28
2026/10/09 01:25:31.767, 3, 5, 97871, 0, 86.06
2026/10/09 01:25:32.767, 0, 4, 97871, 0, 85.19
2026/10/09 01:25:32.767, 1, 82710, 97871, 92, 339.79
2026/10/09 01:25:32.767, 2, 6, 97871, 0, 42.26
2026/10/09 01:25:32.767, 3, 5, 97871, 0, 86.21
2026/10/09 01:25:33.767, 0, 4, 97871, 0, 84.79
2026/10/09 01:25:33.767, 1, 82710, 97871, 100, 539.80
2026/10/09 01:25:33.767, 2, 6, 97871, 0, 42.19
2026/10/09 01:25:33.767, 3, 5, 97871, 0, 86.08
2026/10/09 01:25:34.767, 0, 4, 97871, 0, 84.78
2026/10/09 01:25:34.768, 1, 82710, 97871, 100, 538.88
2026/10/09 01:25:34.768, 2, 6, 97871, 0, 42.25
2026/10/09 01:25:34.768, 3, 5, 97871, 0, 85.95
2026/10/09 01:25:35.768, 0, 4, 97871, 0, 84.73
2026/10/09 01:25:35.768, 1, 82710, 97871, 100, 538.00
2026/10/09 01:25:35.768, 2, 6, 97871, 0, 42.27
2026/10/09 01:25:35.768, 3, 5, 97871, 0, 85.96
2026/10/09 01:25:36.768, 0, 4, 97871, 0, 84.72
2026/10/09 01:25:36.768, 1, 82710, 97871, 100, 539.32
2026/10/09 01:25:36.768, 2, 6, 97871, 0, 42.17
2026/10/09 01:25:36.768, 3, 5, 97871, 0, 86.14
2026/10/09 01:25:37.768, 0, 4, 97871, 0, 84.88
2026/10/09 01:25:37.768, 1, 82710, 97871, 100, 531.05
2026/10/09 01:25:37.768, 2, 6, 97871, 0, 42.28
2026/10/09 01:25:37.768, 3, 5, 97871, 0, 86.09
2026/10/09 01:25:38.768, 0, 4, 97871, 0, 85.09
2026/10/09 01:25:38.769, 1, 82710, 97871, 100, 522.09
2026/10/09 01:25:38.776, 2, 6, 97871, 0, 42.30
2026/10/09 01:25:38.776, 3, 5, 97871, 0, 85.87
2026/10/09 01:25:39.776, 0, 4, 97871, 0, 84.97
2026/10/09 01:25:39.776, 1, 82710, 97871, 100, 520.81
2026/10/09 01:25:39.776, 2, 6, 97871, 0, 42.18
2026/10/09 01:25:39.776, 3, 5, 97871, 0, 85.92
2026/10/09 01:25:40.776, 0, 4, 97871, 0, 84.96
2026/10/09 01:25:40.776, 1, 82710, 97871, 100, 524.54
2026/10/09 01:25:40.776, 2, 6, 97871, 0, 42.29
2026/10/09 01:25:40.777, 3, 5, 97871, 0, 85.96
2026/10/09 01:25:41.777, 0, 4, 97871, 0, 85.10
2026/10/09 01:25:41.777, 1, 82710, 97871, 100, 519.05
2026/10/09 01:25:41.777, 2, 6, 97871, 0, 42.23
2026/10/09 01:25:41.777, 3, 5, 97871, 0, 85.97
2026/10/09 01:25:42.777, 0, 4, 97871, 0, 84.98
2026/10/09 01:25:42.777, 1, 82710, 97871, 100, 521.45
2026/10/09 01:25:42.777, 2, 6, 97871, 0, 42.26
2026/10/09 01:25:42.777, 3, 5, 97871, 0, 85.88
2026/10/09 01:25:43.777, 0, 4, 97871, 0, 85.00
2026/10/09 01:25:43.777, 1, 82710, 97871, 100, 527.64
2026/10/09 01:25:43.777, 2, 6, 97871, 0, 42.25
2026/10/09 01:25:43.777, 3, 5, 97871, 0, 86.00
2026/10/09 01:25:44.777, 0, 4, 97871, 0, 84.93
2026/10/09 01:25:44.777, 1, 82710, 97871, 100, 522.35
2026/10/09 01:25:44.777, 2, 6, 97871, 0, 42.20
2026/10/09 01:25:44.777, 3, 5, 97871, 0, 85.92
2026/10/09 01:25:45.778, 0, 4, 97871, 0, 84.98
2026/10/09 01:25:45.778, 1, 82710, 97871, 100, 524.49
2026/10/09 01:25:45.778, 2, 6, 97871, 0, 42.17
2026/10/09 01:25:45.778, 3, 5, 97871, 0, 85.99
2026/10/09 01:25:46.778, 0, 4, 97871, 0, 84.99
2026/10/09 01:25:46.778, 1, 82710, 97871, 100, 527.20
2026/10/09 01:25:46.778, 2, 6, 97871, 0, 42.24
2026/10/09 01:25:46.778, 3, 5, 97871, 0, 86.01
2026/10/09 01:25:47.778, 0, 4, 97871, 0, 84.92
2026/10/09 01:25:47.778, 1, 82710, 97871, 100, 529.55
2026/10/09 01:25:47.778, 2, 6, 97871, 0, 42.26
2026/10/09 01:25:47.778, 3, 5, 97871, 0, 85.89
2026/10/09 01:25:48.778, 0, 4, 97871, 0, 84.93
2026/10/09 01:25:48.778, 1, 82710, 97871, 100, 527.94
2026/10/09 01:25:48.792, 2, 6, 97871, 0, 42.33
2026/10/09 01:25:48.792, 3, 5, 97871, 0, 86.13
2026/10/09 01:25:49.792, 0, 4, 97871, 0, 84.91
2026/10/09 01:25:49.792, 1, 82710, 97871, 100, 524.45
2026/10/09 01:25:49.792, 2, 6, 97871, 0, 42.21
2026/10/09 01:25:49.792, 3, 5, 97871, 0, 85.99
2026/10/09 01:25:50.792, 0, 4, 97871, 0, 85.06
2026/10/09 01:25:50.792, 1, 82710, 97871, 100, 521.32
2026/10/09 01:25:50.792, 2, 6, 97871, 0, 42.28
2026/10/09 01:25:50.792, 3, 5, 97871, 0, 86.00
2026/10/09 01:25:51.792, 0, 4, 97871, 0, 85.04
2026/10/09 01:25:51.792, 1, 82710, 97871, 100, 521.22
2026/10/09 01:25:51.792, 2, 6, 97871, 0, 42.26
2026/10/09 01:25:51.792, 3, 5, 97871, 0, 86.05
2026/10/09 01:25:52.792, 0, 4, 97871, 0, 84.97
2026/10/09 01:25:52.793, 1, 82710, 97871, 100, 525.02
2026/10/09 01:25:52.793, 2, 6, 97871, 0, 42.31
2026/10/09 01:25:52.793, 3, 5, 97871, 0, 85.95
2026/10/09 01:25:53.793, 0, 4, 97871, 0, 84.98
2026/10/09 01:25:53.793, 1, 82710, 97871, 100, 528.91
2026/10/09 01:25:53.793, 2, 6, 97871, 0, 42.21
2026/10/09 01:25:53.793, 3, 5, 97871, 0, 86.00
2026/10/09 01:25:54.793, 0, 4, 97871, 0, 85.03
2026/10/09 01:25:54.793, 1, 82710, 97871, 100, 521.28
2026/10/09 01:25:54.793, 2, 6, 97871, 0, 42.19
2026/10/09 01:25:54.793, 3, 5, 97871, 0, 85.98
2026/10/09 01:25:55.793, 0, 4, 97871, 0, 84.79
2026/10/09 01:25:55.793, 1, 82710, 97871, 100, 522.36
2026/10/09 01:25:55.793, 2, 6, 97871, 0, 42.21
2026/10/09 01:25:55.793, 3, 5, 97871, 0, 86.10
2026/10/09 01:25:56.793, 0, 4, 97871, 0, 84.82
2026/10/09 01:25:56.793, 1, 82710, 97871, 100, 523.33
2026/10/09 01:25:56.793, 2, 6, 97871, 0, 42.27
2026/10/09 01:25:56.793, 3, 5, 97871, 0, 86.14
2026/10/09 01:25:57.793, 0, 4, 97871, 0, 84.80
2026/10/09 01:25:57.794, 1, 82710, 97871, 100, 525.82
2026/10/09 01:25:57.794, 2, 6, 97871, 0, 42.24
2026/10/09 01:25:57.794, 3, 5, 97871, 0, 86.06
2026/10/09 01:25:58.794, 0, 4, 97871, 0, 84.89
2026/10/09 01:25:58.794, 1, 82710, 97871, 100, 525.62
2026/10/09 01:25:58.799, 2, 6, 97871, 0, 42.25
2026/10/09 01:25:58.799, 3, 5, 97871, 0, 86.11
2026/10/09 01:25:59.799, 0, 4, 97871, 0, 84.84
2026/10/09 01:25:59.799, 1, 82710, 97871, 100, 522.31
2026/10/09 01:25:59.799, 2, 6, 97871, 0, 42.26
2026/10/09 01:25:59.799, 3, 5, 97871, 0, 85.89
2026/10/09 01:26:00.799, 0, 4, 97871, 0, 84.90
2026/10/09 01:26:00.799, 1, 82710, 97871, 100, 526.37
2026/10/09 01:26:00.799, 2, 6, 97871, 0, 42.30
2026/10/09 01:26:00.799, 3, 5, 97871, 0, 85.94
2026/10/09 01:26:01.799, 0, 4, 97871, 0, 84.84
2026/10/09 01:26:01.799, 1, 82710, 97871, 100, 528.47
2026/10/09 01:26:01.799, 2, 6, 97871, 0, 42.18
2026/10/09 01:26:01.799, 3, 5, 97871, 0, 85.96
2026/10/09 01:26:02.799, 0, 4, 97871, 0, 85.01
2026/10/09 01:26:02.799, 1, 82710, 97871, 100, 523.90
2026/10/09 01:26:02.799, 2, 6, 97871, 0, 42.15
2026/10/09 01:26:02.799, 3, 5, 97871, 0, 85.95
2026/10/09 01:26:03.799, 0, 4, 97871, 0, 85.10
2026/10/09 01:26:03.800, 1, 82710, 97871, 100, 525.69
2026/10/09 01:26:03.800, 2, 6, 97871, 0, 42.20
2026/10/09 01:26:03.800, 3, 5, 97871, 0, 85.99
2026/10/09 01:26:04.800, 0, 4, 97871, 0, 84.99
2026/10/09 01:26:04.800, 1, 82710, 97871, 100, 523.83
2026/10/09 01:26:04.800, 2, 6, 97871, 0, 42.31
2026/10/09 01:26:04.800, 3, 5, 97871, 0, 86.00
2026/10/09 01:26:05.800, 0, 4, 97871, 0, 84.90
2026/10/09 01:26:05.800, 1, 82710, 97871, 100, 526.97
2026/10/09 01:26:05.800, 2, 6, 97871, 0, 42.25
2026/10/09 01:26:05.800, 3, 5, 97871, 0, 85.95
2026/10/09 01:26:06.800, 0, 4, 97871, 0, 84.98
2026/10/09 01:26:06.800, 1, 82710, 97871, 100, 523.39
2026/10/09 01:26:06.800, 2, 6, 97871, 0, 42.22
2026/10/09 01:26:06.800, 3, 5, 97871, 0, 85.96
2026/10/09 01:26:07.800, 0, 4, 97871, 0, 84.89
2026/10/09 01:26:07.800, 1, 82710, 97871, 100, 526.12
2026/10/09 01:26:07.800, 2, 6, 97871, 0, 42.28
2026/10/09 01:26:07.800, 3, 5, 97871, 0, 85.99
2026/10/09 01:26:08.800, 0, 4, 97871, 0, 85.24
2026/10/09 01:26:08.800, 1, 82710, 97871, 100, 518.83
2026/10/09 01:26:08.805, 2, 6, 97871, 0, 42.32
2026/10/09 01:26:08.805, 3, 5, 97871, 0, 86.09
2026/10/09 01:26:09.805, 0, 4, 97871, 0, 85.15
2026/10/09 01:26:09.805, 1, 82710, 97871, 100, 518.04
2026/10/09 01:26:09.805, 2, 6, 97871, 0, 42.27
2026/10/09 01:26:09.806, 3, 5, 97871, 0, 86.11
2026/10/09 01:26:10.806, 0, 4, 97871, 0, 85.48
2026/10/09 01:26:10.806, 1, 82710, 97871, 62, 494.04
2026/10/09 01:26:10.806, 2, 6, 97871, 0, 42.31
2026/10/09 01:26:10.806, 3, 5, 97871, 0, 86.02
2026/10/09 01:26:11.806, 0, 4, 97871, 0, 85.35
2026/10/09 01:26:11.806, 1, 82710, 97871, 54, 427.29
2026/10/09 01:26:11.806, 2, 6, 97871, 0, 42.26
2026/10/09 01:26:11.806, 3, 5, 97871, 0, 86.03
2026/10/09 01:26:12.806, 0, 4, 97871, 0, 85.06
2026/10/09 01:26:12.806, 1, 82710, 97871, 51, 330.54
2026/10/09 01:26:12.806, 2, 6, 97871, 0, 42.31
2026/10/09 01:26:12.806, 3, 5, 97871, 0, 85.88
2026/10/09 01:26:13.806, 0, 4, 97871, 0, 84.94
2026/10/09 01:26:13.806, 1, 8, 97871, 2, 231.66
2026/10/09 01:26:13.806, 2, 6, 97871, 0, 42.39
2026/10/09 01:26:13.806, 3, 5, 97871, 0, 86.06
2026/10/09 01:26:14.806, 0, 4, 97871, 0, 85.10
2026/10/09 01:26:14.806, 1, 8, 97871, 0, 150.32
2026/10/09 01:26:14.807, 2, 6, 97871, 0, 42.38
2026/10/09 01:26:14.807, 3, 5, 97871, 0, 86.05
