2026/10/09 02:03:19.717, 0, 14, 97871, 0, 94.94
2026/10/09 02:03:19.721, 1, 11, 97871, 0, 81.41
2026/10/09 02:03:19.725, 2, 13, 97871, 0, 89.63
2026/10/09 02:03:19.728, 3, 9, 97871, 0, 88.79
2026/10/09 02:03:20.731, 0, 14, 97871, 0, 94.73
2026/10/09 02:03:20.732, 1, 11, 97871, 0, 81.27
2026/10/09 02:03:20.732, 2, 13, 97871, 0, 89.56
2026/10/09 02:03:20.732, 3, 9, 97871, 0, 88.36
2026/10/09 02:03:21.732, 0, 14, 97871, 0, 94.74
2026/10/09 02:03:21.732, 1, 11, 97871, 0, 81.18
2026/10/09 02:03:21.732, 2, 13, 97871, 0, 89.42
2026/10/09 02:03:21.732, 3, 9, 97871, 0, 88.53
2026/10/09 02:03:22.732, 0, 14, 97871, 0, 94.83
2026/10/09 02:03:22.732, 1, 11, 97871, 0, 81.24
2026/10/09 02:03:22.732, 2, 13, 97871, 0, 89.68
2026/10/09 02:03:22.732, 3, 9, 97871, 0, 88.41
2026/10/09 02:03:23.732, 0, 14, 97871, 0, 94.76
2026/10/09 02:03:23.733, 1, 11, 97871, 0, 81.14
2026/10/09 02:03:23.733, 2, 13, 97871, 0, 89.61
2026/10/09 02:03:23.733, 3, 9, 97871, 0, 88.51
2026/10/09 02:03:24.733, 0, 14, 97871, 0, 94.81
2026/10/09 02:03:24.733, 1, 11, 97871, 0, 81.11
2026/10/09 02:03:24.733, 2, 13, 97871, 0, 89.59
2026/10/09 02:03:24.733, 3, 9, 97871, 0, 88.37
2026/10/09 02:03:25.733, 0, 14, 97871, 0, 94.71
2026/10/09 02:03:25.733, 1, 11, 97871, 0, 81.14
2026/10/09 02:03:25.733, 2, 13, 97871, 0, 89.55
2026/10/09 02:03:25.733, 3, 9, 97871, 0, 88.46
2026/10/09 02:03:26.733, 0, 14, 97871, 0, 94.70
2026/10/09 02:03:26.733, 1, 11, 97871, 0, 81.35
2026/10/09 02:03:26.734, 2, 13, 97871, 0, 89.70
2026/10/09 02:03:26.734, 3, 9, 97871, 0, 88.43
2026/10/09 02:03:27.734, 0, 14, 97871, 0, 94.72
2026/10/09 02:03:27.734, 1, 11, 97871, 0, 81.17
2026/10/09 02:03:27.734, 2, 13, 97871, 0, 89.58
2026/10/09 02:03:27.734, 3, 9, 97871, 0, 88.51
2026/10/09 02:03:28.734, 0, 14, 97871, 0, 94.63
2026/10/09 02:03:28.734, 1, 11, 97871, 0, 81.18
2026/10/09 02:03:28.734, 2, 13, 97871, 0, 89.62
2026/10/09 02:03:28.734, 3, 9, 97871, 0, 88.59
2026/10/09 02:03:29.734, 0, 14, 97871, 0, 94.77
2026/10/09 02:03:29.734, 1, 11, 97871, 0, 81.17
2026/10/09 02:03:29.734, 2, 13, 97871, 0, 89.67
2026/10/09 02:03:29.734, 3, 9, 97871, 0, 88.45
2026/10/09 02:03:30.734, 0, 14, 97871, 0, 94.75
2026/10/09 02:03:30.735, 1, 11, 97871, 0, 81.23
2026/10/09 02:03:30.735, 2, 13, 97871, 0, 89.61
2026/10/09 02:03:30.735, 3, 9, 97871, 0, 88.33
2026/10/09 02:03:31.735, 0, 14, 97871, 0, 94.78
2026/10/09 02:03:31.735, 1, 11, 97871, 0, 81.12
2026/10/09 02:03:31.735, 2, 13, 97871, 0, 89.41
2026/10/09 02:03:31.735, 3, 9, 97871, 0, 88.38
2026/10/09 02:03:32.735, 0, 14, 97871, 0, 94.67
2026/10/09 02:03:32.735, 1, 11, 97871, 0, 81.18
2026/10/09 02:03:32.735, 2, 13, 97871, 0, 89.55
2026/10/09 02:03:32.735, 3, 9, 97871, 0, 88.37
2026/10/09 02:03:33.735, 0, 14, 97871, 0, 94.84
2026/10/09 02:03:33.735, 1, 11, 97871, 0, 81.29
2026/10/09 02:03:33.736, 2, 13, 97871, 0, 89.56
2026/10/09 02:03:33.736, 3, 9, 97871, 0, 88.35
2026/10/09 02:03:34.736, 0, 14, 97871, 0, 94.86
2026/10/09 02:03:34.736, 1, 11, 97871, 0, 81.22
2026/10/09 02:03:34.736, 2, 13, 97871, 0, 89.68
2026/10/09 02:03:34.736, 3, 9, 97871, 0, 88.52
2026/10/09 02:03:35.736, 0, 14, 97871, 0, 95.08
2026/10/09 02:03:35.736, 1, 11, 97871, 0, 81.76
2026/10/09 02:03:35.736, 2, 13, 97871, 0, 90.12
2026/10/09 02:03:35.736, 3, 9, 97871, 0, 88.64
2026/10/09 02:03:36.736, 0, 14, 97871, 0, 94.77
2026/10/09 02:03:36.737, 1, 11, 97871, 0, 81.81
2026/10/09 02:03:36.737, 2, 13, 97871, 0, 89.92
2026/10/09 02:03:36.737, 3, 9, 97871, 0, 88.50
2026/10/09 02:03:37.737, 0, 14, 97871, 0, 94.77
2026/10/09 02:03:37.737, 1, 11, 97871, 0, 81.36
2026/10/09 02:03:37.737, 2, 13, 97871, 0, 89.91
2026/10/09 02:03:37.737, 3, 9, 97871, 0, 88.28
2026/10/09 02:03:38.737, 0, 14, 97871, 0, 94.76
2026/10/09 02:03:38.784, 1, 11, 97871, 0, 81.24
2026/10/09 02:03:38.851, 2, 13, 97871, 0, 89.62
2026/10/09 02:03:38.933, 3, 9, 97871, 0, 88.33
2026/10/09 02:03:39.934, 0, 14, 97871, 0, 94.72
2026/10/09 02:03:39.968, 1, 11, 97871, 0, 81.27
2026/10/09 02:03:40.012, 2, 13, 97871, 0, 89.56
2026/10/09 02:03:40.057, 3, 9, 97871, 0, 88.48
2026/10/09 02:03:41.102, 0, 14, 97871, 0, 94.69
2026/10/09 02:03:41.103, 1, 11, 97871, 0, 81.37
2026/10/09 02:03:41.103, 2, 13, 97871, 0, 89.77
2026/10/09 02:03:41.103, 3, 9, 97871, 0, 88.32
2026/10/09 02:03:42.103, 0, 14, 97871, 0, 94.68
2026/10/09 02:03:42.103, 1, 11, 97871, 0, 81.49
2026/10/09 02:03:42.103, 2, 13, 97871, 0, 90.46
2026/10/09 02:03:42.103, 3, 9, 97871, 0, 88.38
2026/10/09 02:03:43.103, 0, 14, 97871, 0, 94.59
2026/10/09 02:03:43.103, 1, 11, 97871, 0, 81.51
2026/10/09 02:03:43.103, 2, 13, 97871, 0, 90.42
2026/10/09 02:03:43.103, 3, 9, 97871, 0, 88.18
2026/10/09 02:03:44.103, 0, 14, 97871, 0, 94.71
2026/10/09 02:03:44.103, 1, 11, 97871, 0, 81.50
2026/10/09 02:03:44.103, 2, 13, 97871, 0, 90.08
2026/10/09 02:03:44.103, 3, 9, 97871, 0, 88.52
2026/10/09 02:03:45.103, 0, 14, 97871, 0, 94.64
2026/10/09 02:03:45.131, 1, 11, 97871, 0, 81.38
2026/10/09 02:03:45.177, 2, 13, 97871, 0, 90.64
2026/10/09 02:03:45.220, 3, 9, 97871, 0, 88.30
2026/10/09 02:03:46.264, 0, 14, 97871, 0, 94.67
2026/10/09 02:03:46.264, 1, 11, 97871, 0, 81.26
2026/10/09 02:03:46.264, 2, 13, 97871, 0, 90.09
2026/10/09 02:03:46.264, 3, 9, 97871, 0, 88.42
2026/10/09 02:03:47.264, 0, 14, 97871, 0, 94.67
2026/10/09 02:03:47.264, 1, 11, 97871, 0, 81.44
2026/10/09 02:03:47.264, 2, 13, 97871, 0, 90.60
2026/10/09 02:03:47.264, 3, 9, 97871, 0, 88.43
2026/10/09 02:03:48.264, 0, 14, 97871, 0, 94.62
2026/10/09 02:03:48.264, 1, 11, 97871, 0, 81.36
2026/10/09 02:03:48.264, 2, 13, 97871, 0, 90.34
2026/10/09 02:03:48.264, 3, 9, 97871, 0, 88.39
2026/10/09 02:03:49.264, 0, 14, 97871, 0, 94.79
2026/10/09 02:03:49.265, 1, 11, 97871, 0, 81.50
2026/10/09 02:03:49.265, 2, 13, 97871, 0, 90.15
2026/10/09 02:03:49.265, 3, 9, 97871, 0, 88.31
2026/10/09 02:03:50.265, 0, 14, 97871, 0, 94.76
2026/10/09 02:03:50.265, 1, 11, 97871, 0, 81.68
2026/10/09 02:03:50.265, 2, 13, 97871, 0, 90.23
2026/10/09 02:03:50.265, 3, 9, 97871, 0, 88.47
2026/10/09 02:03:51.265, 0, 14, 97871, 0, 94.78
2026/10/09 02:03:51.265, 1, 11, 97871, 0, 81.61
2026/10/09 02:03:51.265, 2, 13, 97871, 0, 90.02
2026/10/09 02:03:51.265, 3, 9, 97871, 0, 88.35
2026/10/09 02:03:52.265, 0, 14, 97871, 0, 94.88
2026/10/09 02:03:52.265, 1, 11, 97871, 0, 81.61
2026/10/09 02:03:52.265, 2, 13, 97871, 0, 90.03
2026/10/09 02:03:52.265, 3, 9, 97871, 0, 88.53
2026/10/09 02:03:53.266, 0, 14, 97871, 0, 94.86
2026/10/09 02:03:53.266, 1, 11, 97871, 0, 81.65
2026/10/09 02:03:53.266, 2, 13, 97871, 0, 90.12
2026/10/09 02:03:53.266, 3, 9, 97871, 0, 88.33
2026/10/09 02:03:54.266, 0, 14, 97871, 0, 94.86
2026/10/09 02:03:54.266, 1, 11, 97871, 0, 81.44
2026/10/09 02:03:54.266, 2, 13, 97871, 0, 89.84
2026/10/09 02:03:54.266, 3, 9, 97871, 0, 88.38
2026/10/09 02:03:55.266, 0, 14, 97871, 0, 94.82
2026/10/09 02:03:55.266, 1, 11, 97871, 0, 81.55
2026/10/09 02:03:55.266, 2, 13, 97871, 0, 90.02
2026/10/09 02:03:55.266, 3, 9, 97871, 0, 88.26
2026/10/09 02:03:56.266, 0, 14, 97871, 0, 94.76
2026/10/09 02:03:56.266, 1, 11, 97871, 0, 81.46
2026/10/09 02:03:56.266, 2, 13, 97871, 0, 90.24
2026/10/09 02:03:56.266, 3, 9, 97871, 0, 88.41
2026/10/09 02:03:57.266, 0, 14, 97871, 0, 95.12
2026/10/09 02:03:57.267, 1, 11, 97871, 0, 81.68
2026/10/09 02:03:57.267, 2, 13, 97871, 0, 90.77
2026/10/09 02:03:57.267, 3, 9, 97871, 0, 88.50
2026/10/09 02:03:58.267, 0, 14, 97871, 0, 94.84
2026/10/09 02:03:58.267, 1, 11, 97871, 0, 81.33
2026/10/09 02:03:58.267, 2, 13, 97871, 0, 90.54
2026/10/09 02:03:58.267, 3, 9, 97871, 0, 88.36
2026/10/09 02:03:59.267, 0, 14, 97871, 0, 94.80
2026/10/09 02:03:59.267, 1, 11, 97871, 0, 81.27
2026/10/09 02:03:59.267, 2, 13, 97871, 0, 90.07
2026/10/09 02:03:59.267, 3, 9, 97871, 0, 88.26
2026/10/09 02:04:00.267, 0, 14, 97871, 0, 95.05
2026/10/09 02:04:00.268, 1, 11, 97871, 0, 81.55
2026/10/09 02:04:00.268, 2, 13, 97871, 0, 90.63
2026/10/09 02:04:00.268, 3, 9, 97871, 0, 88.54
2026/10/09 02:04:01.268, 0, 14, 97871, 0, 94.81
2026/10/09 02:04:01.268, 1, 11, 97871, 0, 81.43
2026/10/09 02:04:01.268, 2, 13, 97871, 0, 90.69
2026/10/09 02:04:01.268, 3, 9, 97871, 0, 88.48
2026/10/09 02:04:02.268, 0, 14, 97871, 0, 95.02
2026/10/09 02:04:02.268, 1, 11, 97871, 0, 82.03
2026/10/09 02:04:02.268, 2, 13, 97871, 0, 90.08
2026/10/09 02:04:02.268, 3, 9, 97871, 0, 88.75
2026/10/09 02:04:03.268, 0, 14, 97871, 0, 94.85
2026/10/09 02:04:03.268, 1, 11, 97871, 0, 82.03
2026/10/09 02:04:03.269, 2, 13, 97871, 0, 89.57
2026/10/09 02:04:03.269, 3, 9, 97871, 0, 88.33
2026/10/09 02:04:04.269, 0, 14, 97871, 0, 94.92
2026/10/09 02:04:04.269, 1, 11, 97871, 0, 81.74
2026/10/09 02:04:04.269, 2, 13, 97871, 0, 90.05
2026/10/09 02:04:04.269, 3, 9, 97871, 0, 88.37
2026/10/09 02:04:05.269, 0, 14, 97871, 0, 94.91
2026/10/09 02:04:05.269, 1, 11, 97871, 0, 81.49
2026/10/09 02:04:05.269, 2, 13, 97871, 0, 90.83
2026/10/09 02:04:05.269, 3, 9, 97871, 0, 88.42
2026/10/09 02:04:06.269, 0, 14, 97871, 0, 95.14
2026/10/09 02:04:06.341, 1, 11, 97871, 0, 81.29
2026/10/09 02:04:06.409, 2, 13, 97871, 0, 90.53
2026/10/09 02:04:06.455, 3, 9, 97871, 0, 88.53
2026/10/09 02:04:07.455, 0, 14, 97871, 0, 94.77
2026/10/09 02:04:07.578, 1, 11, 97871, 0, 81.25
2026/10/09 02:04:07.626, 2, 13, 97871, 0, 89.53
2026/10/09 02:04:07.647, 3, 9, 97871, 0, 88.26
2026/10/09 02:04:08.648, 0, 14, 97871, 0, 94.96
2026/10/09 02:04:08.648, 1, 11, 97871, 0, 81.23
2026/10/09 02:04:08.648, 2, 13, 97871, 0, 89.75
2026/10/09 02:04:08.649, 3, 9, 97871, 0, 88.36
2026/10/09 02:04:09.649, 0, 14, 97871, 0, 95.05
2026/10/09 02:04:09.649, 1, 11, 97871, 0, 81.11
2026/10/09 02:04:09.649, 2, 13, 97871, 0, 90.24
2026/10/09 02:04:09.649, 3, 9, 97871, 0, 88.36
2026/10/09 02:04:10.649, 0, 14, 97871, 0, 94.89
2026/10/09 02:04:10.649, 1, 11, 97871, 0, 81.22
2026/10/09 02:04:10.649, 2, 13, 97871, 0, 90.90
2026/10/09 02:04:10.649, 3, 9, 97871, 0, 88.29
2026/10/09 02:04:11.649, 0, 14, 97871, 0, 95.02
2026/10/09 02:04:11.649, 1, 11, 97871, 0, 81.15
2026/10/09 02:04:11.649, 2, 13, 97871, 0, 90.77
2026/10/09 02:04:11.649, 3, 9, 97871, 0, 88.35
2026/10/09 02:04:12.649, 0, 14, 97871, 0, 95.18
2026/10/09 02:04:12.649, 1, 11, 97871, 0, 81.47
2026/10/09 02:04:12.649, 2, 13, 97871, 0, 91.05
2026/10/09 02:04:12.649, 3, 9, 97871, 0, 88.70
2026/10/09 02:04:13.649, 0, 14, 97871, 0, 94.88
2026/10/09 02:04:13.649, 1, 11, 97871, 0, 81.22
2026/10/09 02:04:13.649, 2, 13, 97871, 0, 90.88
2026/10/09 02:04:13.649, 3, 9, 97871, 0, 88.30
2026/10/09 02:04:14.649, 0, 14, 97871, 0, 94.79
2026/10/09 02:04:14.649, 1, 11, 97871, 0, 81.36
2026/10/09 02:04:14.650, 2, 13, 97871, 0, 90.21
2026/10/09 02:04:14.650, 3, 9, 97871, 0, 88.42
2026/10/09 02:04:15.650, 0, 14, 97871, 0, 95.28
2026/10/09 02:04:15.650, 1, 11, 97871, 0, 81.74
2026/10/09 02:04:15.650, 2, 13, 97871, 0, 91.15
2026/10/09 02:04:15.650, 3, 9, 97871, 0, 88.69
2026/10/09 02:04:16.650, 0, 14, 97871, 0, 95.22
2026/10/09 02:04:16.650, 1, 11, 97871, 0, 81.14
2026/10/09 02:04:16.650, 2, 13, 97871, 0, 90.82
2026/10/09 02:04:16.650, 3, 9, 97871, 0, 88.49
2026/10/09 02:04:17.650, 0, 14, 97871, 0, 95.20
2026/10/09 02:04:17.650, 1, 11, 97871, 0, 81.35
2026/10/09 02:04:17.650, 2, 13, 97871, 0, 90.59
2026/10/09 02:04:17.650, 3, 9, 97871, 0, 88.36
2026/10/09 02:04:18.650, 0, 14, 97871, 0, 94.93
2026/10/09 02:04:18.692, 1, 11, 97871, 0, 81.36
2026/10/09 02:04:18.737, 2, 13, 97871, 0, 90.59
2026/10/09 02:04:18.785, 3, 9, 97871, 0, 88.43
2026/10/09 02:04:19.829, 0, 14, 97871, 0, 94.77
2026/10/09 02:04:19.890, 1, 11, 97871, 0, 81.31
2026/10/09 02:04:19.935, 2, 13, 97871, 0, 89.46
2026/10/09 02:04:19.986, 3, 9, 97871, 0, 88.29
2026/10/09 02:04:21.030, 0, 14, 97871, 0, 94.82
2026/10/09 02:04:21.030, 1, 11, 97871, 0, 81.40
2026/10/09 02:04:21.030, 2, 13, 97871, 0, 90.44
2026/10/09 02:04:21.030, 3, 9, 97871, 0, 88.37
2026/10/09 02:04:22.030, 0, 14, 97871, 0, 94.69
2026/10/09 02:04:22.030, 1, 11, 97871, 0, 81.23
2026/10/09 02:04:22.030, 2, 13, 97871, 0, 90.65
2026/10/09 02:04:22.030, 3, 9, 97871, 0, 88.29
2026/10/09 02:04:23.030, 0, 14, 97871, 0, 94.82
2026/10/09 02:04:23.030, 1, 11, 97871, 0, 81.37
2026/10/09 02:04:23.030, 2, 13, 97871, 0, 90.46
2026/10/09 02:04:23.030, 3, 9, 97871, 0, 88.16
2026/10/09 02:04:24.030, 0, 14, 97871, 0, 94.78
2026/10/09 02:04:24.030, 1, 11, 97871, 0, 81.51
2026/10/09 02:04:24.030, 2, 13, 97871, 0, 90.52
2026/10/09 02:04:24.030, 3, 9, 97871, 0, 88.64
2026/10/09 02:04:25.030, 0, 14, 97871, 0, 94.86
2026/10/09 02:04:25.031, 1, 11, 97871, 0, 81.43
2026/10/09 02:04:25.031, 2, 13, 97871, 0, 90.98
2026/10/09 02:04:25.031, 3, 9, 97871, 0, 88.30
2026/10/09 02:04:26.031, 0, 14, 97871, 0, 95.13
2026/10/09 02:04:26.031, 1, 11, 97871, 0, 81.49
2026/10/09 02:04:26.031, 2, 13, 97871, 0, 90.95
2026/10/09 02:04:26.031, 3, 9, 97871, 0, 88.61
2026/10/09 02:04:27.031, 0, 14, 97871, 0, 95.27
2026/10/09 02:04:27.031, 1, 11, 97871, 0, 81.43
2026/10/09 02:04:27.031, 2, 13, 97871, 0, 91.34
2026/10/09 02:04:27.031, 3, 9, 97871, 0, 88.64
2026/10/09 02:04:28.031, 0, 14, 97871, 0, 94.89
2026/10/09 02:04:28.031, 1, 11, 97871, 0, 81.26
2026/10/09 02:04:28.031, 2, 13, 97871, 0, 90.87
2026/10/09 02:04:28.032, 3, 9, 97871, 0, 88.79
2026/10/09 02:04:29.032, 0, 14, 97871, 0, 94.73
2026/10/09 02:04:29.032, 1, 11, 97871, 0, 81.15
2026/10/09 02:04:29.032, 2, 13, 97871, 0, 91.12
2026/10/09 02:04:29.032, 3, 9, 97871, 0, 88.23
2026/10/09 02:04:30.032, 0, 14, 97871, 0, 94.78
2026/10/09 02:04:30.032, 1, 11, 97871, 0, 81.34
2026/10/09 02:04:30.032, 2, 13, 97871, 0, 90.95
2026/10/09 02:04:30.032, 3, 9, 97871, 0, 88.50
2026/10/09 02:04:31.032, 0, 14, 97871, 0, 94.84
2026/10/09 02:04:31.032, 1, 11, 97871, 0, 81.39
2026/10/09 02:04:31.032, 2, 13, 97871, 0, 90.88
2026/10/09 02:04:31.032, 3, 9, 97871, 0, 88.32
2026/10/09 02:04:32.032, 0, 14, 97871, 0, 94.76
2026/10/09 02:04:32.033, 1, 11, 97871, 0, 81.20
2026/10/09 02:04:32.033, 2, 13, 97871, 0, 91.00
2026/10/09 02:04:32.034, 3, 9, 97871, 0, 88.34
2026/10/09 02:04:33.034, 0, 14, 97871, 0, 94.69
2026/10/09 02:04:33.034, 1, 11, 97871, 0, 81.20
2026/10/09 02:04:33.034, 2, 13, 97871, 0, 90.96
2026/10/09 02:04:33.034, 3, 9, 97871, 0, 88.11
2026/10/09 02:04:34.034, 0, 14, 97871, 0, 94.70
2026/10/09 02:04:34.034, 1, 11, 97871, 0, 81.23
2026/10/09 02:04:34.034, 2, 13, 97871, 0, 91.15
2026/10/09 02:04:34.035, 3, 9, 97871, 0, 88.32
2026/10/09 02:04:35.035, 0, 14, 97871, 0, 94.75
2026/10/09 02:04:35.035, 1, 11, 97871, 0, 81.26
2026/10/09 02:04:35.035, 2, 13, 97871, 0, 90.98
2026/10/09 02:04:35.035, 3, 9, 97871, 0, 88.14
2026/10/09 02:04:36.035, 0, 14, 97871, 0, 94.78
2026/10/09 02:04:36.035, 1, 11, 97871, 0, 81.30
2026/10/09 02:04:36.035, 2, 13, 97871, 0, 90.92
2026/10/09 02:04:36.035, 3, 9, 97871, 0, 88.25
2026/10/09 02:04:37.035, 0, 14, 97871, 0, 94.83
2026/10/09 02:04:37.035, 1, 11, 97871, 0, 81.15
2026/10/09 02:04:37.035, 2, 13, 97871, 0, 91.06
2026/10/09 02:04:37.035, 3, 9, 97871, 0, 88.22
2026/10/09 02:04:38.035, 0, 13, 97871, 0, 94.77
2026/10/09 02:04:38.035, 1, 10, 97871, 0, 81.17
2026/10/09 02:04:38.035, 2, 12, 97871, 0, 91.07
2026/10/09 02:04:38.035, 3, 9, 97871, 0, 88.23
2026/10/09 02:04:39.035, 0, 13, 97871, 0, 94.67
2026/10/09 02:04:39.035, 1, 10, 97871, 0, 81.28
2026/10/09 02:04:39.035, 2, 12, 97871, 0, 90.69
2026/10/09 02:04:39.035, 3, 9, 97871, 0, 88.24
2026/10/09 02:04:40.035, 0, 13, 97871, 0, 94.75
2026/10/09 02:04:40.035, 1, 10, 97871, 0, 81.33
2026/10/09 02:04:40.035, 2, 12, 97871, 0, 90.88
2026/10/09 02:04:40.035, 3, 9, 97871, 0, 88.18
2026/10/09 02:04:41.036, 0, 13, 97871, 0, 94.72
2026/10/09 02:04:41.036, 1, 10, 97871, 0, 81.27
2026/10/09 02:04:41.036, 2, 12, 97871, 0, 90.92
2026/10/09 02:04:41.036, 3, 9, 97871, 0, 88.24
2026/10/09 02:04:42.036, 0, 13, 97871, 0, 94.62
2026/10/09 02:04:42.037, 1, 10, 97871, 0, 81.25
2026/10/09 02:04:42.038, 2, 12, 97871, 0, 90.82
2026/10/09 02:04:42.038, 3, 9, 97871, 0, 88.26
2026/10/09 02:04:43.038, 0, 13, 97871, 0, 94.69
2026/10/09 02:04:43.038, 1, 10, 97871, 0, 81.21
2026/10/09 02:04:43.038, 2, 12, 97871, 0, 91.09
2026/10/09 02:04:43.039, 3, 9, 97871, 0, 88.32
2026/10/09 02:04:44.039, 0, 13, 97871, 0, 94.62
2026/10/09 02:04:44.039, 1, 10, 97871, 0, 81.21
2026/10/09 02:04:44.039, 2, 12, 97871, 0, 90.76
2026/10/09 02:04:44.039, 3, 9, 97871, 0, 88.28
2026/10/09 02:04:45.039, 0, 13, 97871, 0, 94.64
2026/10/09 02:04:45.039, 1, 10, 97871, 0, 81.27
2026/10/09 02:04:45.039, 2, 12, 97871, 0, 91.15
2026/10/09 02:04:45.039, 3, 9, 97871, 0, 88.43
2026/10/09 02:04:46.039, 0, 13, 97871, 0, 94.63
2026/10/09 02:04:46.039, 1, 10, 97871, 0, 81.14
2026/10/09 02:04:46.039, 2, 12, 97871, 0, 91.19
2026/10/09 02:04:46.039, 3, 9, 97871, 0, 88.34
2026/10/09 02:04:47.039, 0, 13, 97871, 0, 94.59
2026/10/09 02:04:47.039, 1, 10, 97871, 0, 81.20
2026/10/09 02:04:47.039, 2, 12, 97871, 0, 90.75
2026/10/09 02:04:47.039, 3, 9, 97871, 0, 88.45
2026/10/09 02:04:48.039, 0, 13, 97871, 0, 94.71
2026/10/09 02:04:48.039, 1, 10, 97871, 0, 81.33
2026/10/09 02:04:48.039, 2, 12, 97871, 0, 90.99
2026/10/09 02:04:48.039, 3, 8, 97871, 0, 88.26
2026/10/09 02:04:49.039, 0, 13, 97871, 0, 94.68
2026/10/09 02:04:49.039, 1, 10, 97871, 0, 81.29
2026/10/09 02:04:49.039, 2, 12, 97871, 0, 90.82
2026/10/09 02:04:49.039, 3, 8, 97871, 0, 88.39
2026/10/09 02:04:50.039, 0, 13, 97871, 0, 94.67
2026/10/09 02:04:50.040, 1, 10, 97871, 0, 81.14
2026/10/09 02:04:50.040, 2, 12, 97871, 0, 90.83
2026/10/09 02:04:50.040, 3, 8, 97871, 0, 88.13
2026/10/09 02:04:51.040, 0, 13, 97871, 0, 94.67
2026/10/09 02:04:51.040, 1, 10, 97871, 0, 81.26
2026/10/09 02:04:51.040, 2, 12, 97871, 0, 90.93
2026/10/09 02:04:51.040, 3, 8, 97871, 0, 88.36
2026/10/09 02:04:52.040, 0, 13, 97871, 0, 94.75
2026/10/09 02:04:52.040, 1, 10, 97871, 0, 81.15
2026/10/09 02:04:52.040, 2, 12, 97871, 0, 90.95
2026/10/09 02:04:52.040, 3, 8, 97871, 0, 88.23
2026/10/09 02:04:53.040, 0, 13, 97871, 0, 94.57
2026/10/09 02:04:53.040, 1, 10, 97871, 0, 81.17
2026/10/09 02:04:53.040, 2, 12, 97871, 0, 90.92
2026/10/09 02:04:53.040, 3, 8, 97871, 0, 88.39
2026/10/09 02:04:54.040, 0, 13, 97871, 0, 94.72
2026/10/09 02:04:54.040, 1, 10, 97871, 0, 81.21
2026/10/09 02:04:54.040, 2, 12, 97871, 0, 90.74
2026/10/09 02:04:54.040, 3, 8, 97871, 0, 88.34
2026/10/09 02:04:55.041, 0, 13, 97871, 0, 94.66
2026/10/09 02:04:55.041, 1, 10, 97871, 0, 81.12
2026/10/09 02:04:55.041, 2, 12, 97871, 0, 90.89
2026/10/09 02:04:55.041, 3, 8, 97871, 0, 88.43
2026/10/09 02:04:56.041, 0, 13, 97871, 0, 94.71
2026/10/09 02:04:56.041, 1, 10, 97871, 0, 81.22
2026/10/09 02:04:56.041, 2, 12, 97871, 0, 91.08
2026/10/09 02:04:56.041, 3, 8, 97871, 0, 88.39
2026/10/09 02:04:57.041, 0, 13, 97871, 0, 94.68
2026/10/09 02:04:57.041, 1, 10, 97871, 0, 81.17
2026/10/09 02:04:57.041, 2, 12, 97871, 0, 90.73
2026/10/09 02:04:57.041, 3, 8, 97871, 0, 88.41
2026/10/09 02:04:58.041, 0, 13, 97871, 0, 94.69
2026/10/09 02:04:58.041, 1, 10, 97871, 0, 81.13
2026/10/09 02:04:58.041, 2, 12, 97871, 0, 90.99
2026/10/09 02:04:58.041, 3, 8, 97871, 0, 88.30
2026/10/09 02:04:59.041, 0, 13, 97871, 0, 94.61
2026/10/09 02:04:59.041, 1, 10, 97871, 0, 81.19
2026/10/09 02:04:59.041, 2, 12, 97871, 0, 90.68
2026/10/09 02:04:59.041, 3, 8, 97871, 0, 88.39
2026/10/09 02:05:00.041, 0, 13, 97871, 0, 94.85
2026/10/09 02:05:00.041, 1, 10, 97871, 0, 81.30
2026/10/09 02:05:00.041, 2, 12, 97871, 0, 91.01
2026/10/09 02:05:00.041, 3, 8, 97871, 0, 88.44
2026/10/09 02:05:01.042, 0, 13, 97871, 0, 94.64
2026/10/09 02:05:01.042, 1, 10, 97871, 0, 81.09
2026/10/09 02:05:01.042, 2, 12, 97871, 0, 91.03
2026/10/09 02:05:01.042, 3, 8, 97871, 0, 88.38
2026/10/09 02:05:02.042, 0, 13, 97871, 0, 94.67
2026/10/09 02:05:02.042, 1, 10, 97871, 0, 81.14
2026/10/09 02:05:02.042, 2, 12, 97871, 0, 90.86
2026/10/09 02:05:02.042, 3, 8, 97871, 0, 88.28
2026/10/09 02:05:03.042, 0, 13, 97871, 0, 94.64
2026/10/09 02:05:03.042, 1, 10, 97871, 0, 81.15
2026/10/09 02:05:03.042, 2, 12, 97871, 0, 91.14
2026/10/09 02:05:03.042, 3, 8, 97871, 0, 88.41
2026/10/09 02:05:04.042, 0, 13, 97871, 0, 94.73
2026/10/09 02:05:04.042, 1, 10, 97871, 0, 81.11
2026/10/09 02:05:04.042, 2, 12, 97871, 0, 90.81
2026/10/09 02:05:04.042, 3, 8, 97871, 0, 88.12
2026/10/09 02:05:05.042, 0, 13, 97871, 0, 94.67
2026/10/09 02:05:05.042, 1, 10, 97871, 0, 81.16
2026/10/09 02:05:05.042, 2, 12, 97871, 0, 91.00
2026/10/09 02:05:05.042, 3, 8, 97871, 0, 88.46
2026/10/09 02:05:06.042, 0, 13, 97871, 0, 94.61
2026/10/09 02:05:06.042, 1, 10, 97871, 0, 81.11
2026/10/09 02:05:06.043, 2, 12, 97871, 0, 91.32
2026/10/09 02:05:06.043, 3, 8, 97871, 0, 88.25
2026/10/09 02:05:07.043, 0, 13, 97871, 0, 94.63
2026/10/09 02:05:07.043, 1, 10, 97871, 0, 81.09
2026/10/09 02:05:07.043, 2, 12, 97871, 0, 91.08
2026/10/09 02:05:07.043, 3, 8, 97871, 0, 88.36
2026/10/09 02:05:08.043, 0, 13, 97871, 0, 94.81
2026/10/09 02:05:08.043, 1, 10, 97871, 0, 81.06
2026/10/09 02:05:08.043, 2, 12, 97871, 0, 91.08
2026/10/09 02:05:08.043, 3, 8, 97871, 0, 88.28
2026/10/09 02:05:09.043, 0, 13, 97871, 0, 94.84
2026/10/09 02:05:09.043, 1, 10, 97871, 0, 81.31
2026/10/09 02:05:09.043, 2, 12, 97871, 0, 91.06
2026/10/09 02:05:09.043, 3, 8, 97871, 0, 88.36
2026/10/09 02:05:10.043, 0, 13, 97871, 0, 94.74
2026/10/09 02:05:10.043, 1, 10, 97871, 0, 81.00
2026/10/09 02:05:10.043, 2, 12, 97871, 0, 90.69
2026/10/09 02:05:10.043, 3, 8, 97871, 0, 88.38
2026/10/09 02:05:11.043, 0, 13, 97871, 0, 94.46
2026/10/09 02:05:11.043, 1, 10, 97871, 0, 81.01
2026/10/09 02:05:11.043, 2, 12, 97871, 0, 90.81
2026/10/09 02:05:11.043, 3, 8, 97871, 0, 88.31
2026/10/09 02:05:12.044, 0, 13, 97871, 0, 94.66
2026/10/09 02:05:12.044, 1, 10, 97871, 0, 80.99
2026/10/09 02:05:12.044, 2, 12, 97871, 0, 91.24
2026/10/09 02:05:12.044, 3, 8, 97871, 0, 88.20
2026/10/09 02:05:13.044, 0, 13, 97871, 0, 94.71
2026/10/09 02:05:13.044, 1, 10, 97871, 0, 81.01
2026/10/09 02:05:13.044, 2, 12, 97871, 0, 91.03
2026/10/09 02:05:13.044, 3, 8, 97871, 0, 88.39
2026/10/09 02:05:14.044, 0, 13, 97871, 0, 94.91
2026/10/09 02:05:14.044, 1, 10, 97871, 0, 81.25
2026/10/09 02:05:14.044, 2, 12, 97871, 0, 91.18
2026/10/09 02:05:14.044, 3, 8, 97871, 0, 88.47
2026/10/09 02:05:15.044, 0, 13, 97871, 0, 94.65
2026/10/09 02:05:15.116, 1, 10, 97871, 0, 81.02
2026/10/09 02:05:15.116, 2, 12, 97871, 0, 89.54
2026/10/09 02:05:15.144, 3, 8, 97871, 0, 88.40
2026/10/09 02:05:16.144, 0, 13, 97871, 0, 94.80
2026/10/09 02:05:16.186, 1, 10, 97871, 0, 81.02
2026/10/09 02:05:16.186, 2, 12, 97871, 0, 89.37
2026/10/09 02:05:16.188, 3, 8, 97871, 0, 88.28
2026/10/09 02:05:17.191, 0, 13, 97871, 0, 94.81
2026/10/09 02:05:17.191, 1, 10, 97871, 0, 81.19
2026/10/09 02:05:17.191, 2, 12, 97871, 0, 89.99
2026/10/09 02:05:17.191, 3, 8, 97871, 0, 88.57
2026/10/09 02:05:18.192, 0, 13, 97871, 0, 94.66
2026/10/09 02:05:18.192, 1, 10, 97871, 0, 81.13
2026/10/09 02:05:18.192, 2, 12, 97871, 0, 89.96
2026/10/09 02:05:18.192, 3, 8, 97871, 0, 88.19
2026/10/09 02:05:19.192, 0, 13, 97871, 0, 94.81
2026/10/09 02:05:19.192, 1, 10, 97871, 0, 81.46
2026/10/09 02:05:19.192, 2, 12, 97871, 0, 90.85
2026/10/09 02:05:19.192, 3, 8, 97871, 0, 88.57
2026/10/09 02:05:20.192, 0, 13, 97871, 0, 95.10
2026/10/09 02:05:20.192, 1, 10, 97871, 0, 81.83
2026/10/09 02:05:20.192, 2, 12, 97871, 0, 90.73
2026/10/09 02:05:20.192, 3, 8, 97871, 0, 88.63
2026/10/09 02:05:21.192, 0, 13, 97871, 0, 94.83
2026/10/09 02:05:21.192, 1, 10, 97871, 0, 81.28
2026/10/09 02:05:21.192, 2, 12, 97871, 0, 90.18
2026/10/09 02:05:21.192, 3, 8, 97871, 0, 88.40
2026/10/09 02:05:22.192, 0, 13, 97871, 0, 94.71
2026/10/09 02:05:22.192, 1, 10, 97871, 0, 81.23
2026/10/09 02:05:22.192, 2, 12, 97871, 0, 90.75
2026/10/09 02:05:22.192, 3, 8, 97871, 0, 88.35
2026/10/09 02:05:23.193, 0, 13, 97871, 0, 94.71
2026/10/09 02:05:23.193, 1, 10, 97871, 0, 81.23
2026/10/09 02:05:23.193, 2, 12, 97871, 0, 90.76
2026/10/09 02:05:23.193, 3, 8, 97871, 0, 88.43
2026/10/09 02:05:24.193, 0, 13, 97871, 0, 95.25
2026/10/09 02:05:24.193, 1, 10, 97871, 0, 81.64
2026/10/09 02:05:24.193, 2, 12, 97871, 0, 91.94
2026/10/09 02:05:24.193, 3, 8, 97871, 0, 89.75
2026/10/09 02:05:25.193, 0, 13, 97871, 0, 94.86
2026/10/09 02:05:25.392, 1, 10, 97871, 0, 81.25
2026/10/09 02:05:25.571, 2, 12, 97871, 0, 89.71
2026/10/09 02:05:25.751, 3, 8, 97871, 0, 90.14
2026/10/09 02:05:26.774, 0, 13, 97871, 0, 94.79
2026/10/09 02:05:26.774, 1, 10, 97871, 0, 81.22
2026/10/09 02:05:26.774, 2, 12, 97871, 0, 90.39
2026/10/09 02:05:26.774, 3, 8, 97871, 0, 89.79
2026/10/09 02:05:27.774, 0, 13, 97871, 0, 94.82
2026/10/09 02:05:27.774, 1, 10, 97871, 0, 81.10
2026/10/09 02:05:27.774, 2, 12, 97871, 0, 91.13
2026/10/09 02:05:27.774, 3, 8, 97871, 0, 88.96
2026/10/09 02:05:28.774, 0, 13, 97871, 0, 94.78
2026/10/09 02:05:28.775, 1, 10, 97871, 0, 81.13
2026/10/09 02:05:28.775, 2, 12, 97871, 0, 90.23
2026/10/09 02:05:28.775, 3, 8, 97871, 0, 89.13
2026/10/09 02:05:29.775, 0, 13, 97871, 0, 94.64
2026/10/09 02:05:30.042, 1, 10, 97871, 0, 81.16
2026/10/09 02:05:30.044, 2, 12, 97871, 0, 90.08
2026/10/09 02:05:30.045, 3, 9, 97871, 0, 89.02
2026/10/09 02:05:31.049, 0, 15, 97871, 0, 94.66
2026/10/09 02:05:31.151, 1, 10, 97871, 0, 81.13
2026/10/09 02:05:31.152, 2, 12, 97871, 0, 89.65
2026/10/09 02:05:31.153, 3, 9, 97871, 0, 88.47
2026/10/09 02:05:32.154, 0, 48, 97871, 0, 148.07
2026/10/09 02:05:32.265, 1, 12, 97871, 0, 88.39
2026/10/09 02:05:32.265, 2, 14, 97871, 0, 89.64
2026/10/09 02:05:32.282, 3, 9, 97871, 0, 88.35
2026/10/09 02:05:33.286, 0, 995, 97871, 0, 147.03
2026/10/09 02:05:33.287, 1, 992, 97871, 3, 131.56
2026/10/09 02:05:33.289, 2, 992, 97871, 0, 126.26
2026/10/09 02:05:33.289, 3, 43, 97871, 0, 90.60
2026/10/09 02:05:34.291, 0, 3351, 97871, 0, 142.97
2026/10/09 02:05:34.291, 1, 3348, 97871, 0, 127.86
2026/10/09 02:05:34.291, 2, 3348, 97871, 0, 140.29
2026/10/09 02:05:34.291, 3, 3345, 97871, 0, 133.00
2026/10/09 02:05:35.291, 0, 3351, 97871, 0, 142.75
2026/10/09 02:05:35.291, 1, 3348, 97871, 0, 127.55
2026/10/09 02:05:35.291, 2, 3348, 97871, 0, 139.70
2026/10/09 02:05:35.291, 3, 3345, 97871, 0, 132.58
2026/10/09 02:05:36.291, 0, 16487, 97871, 0, 143.15
2026/10/09 02:05:36.291, 1, 16484, 97871, 4, 127.55
2026/10/09 02:05:36.291, 2, 16484, 97871, 1, 140.14
2026/10/09 02:05:36.291, 3, 16481, 97871, 5, 133.06
2026/10/09 02:05:37.291, 0, 16487, 97871, 0, 143.04
2026/10/09 02:05:37.292, 1, 16484, 97871, 0, 127.84
2026/10/09 02:05:37.292, 2, 16484, 97871, 0, 139.93
2026/10/09 02:05:37.292, 3, 16481, 97871, 0, 132.95
2026/10/09 02:05:38.292, 0, 20353, 97871, 0, 143.79
2026/10/09 02:05:38.292, 1, 20350, 97871, 0, 128.42
2026/10/09 02:05:38.292, 2, 20350, 97871, 0, 140.38
2026/10/09 02:05:38.292, 3, 20347, 97871, 0, 133.23
2026/10/09 02:05:39.292, 0, 20763, 97871, 0, 143.82
2026/10/09 02:05:39.292, 1, 20760, 97871, 5, 127.94
2026/10/09 02:05:39.292, 2, 20760, 97871, 1, 140.18
2026/10/09 02:05:39.292, 3, 20757, 97871, 2, 132.83
2026/10/09 02:05:40.293, 0, 20763, 97871, 3, 143.85
2026/10/09 02:05:40.293, 1, 20760, 97871, 0, 127.77
2026/10/09 02:05:40.293, 2, 20760, 97871, 0, 142.52
2026/10/09 02:05:40.293, 3, 20757, 97871, 0, 133.05
2026/10/09 02:05:41.293, 0, 20763, 97871, 2, 143.52
2026/10/09 02:05:41.293, 1, 20760, 97871, 2, 127.92
2026/10/09 02:05:41.293, 2, 20760, 97871, 3, 141.49
2026/10/09 02:05:41.293, 3, 20757, 97871, 0, 133.91
2026/10/09 02:05:42.293, 0, 20763, 97871, 9, 143.86
2026/10/09 02:05:42.294, 1, 20760, 97871, 2, 128.64
2026/10/09 02:05:42.294, 2, 20760, 97871, 1, 143.56
2026/10/09 02:05:42.294, 3, 20757, 97871, 2, 134.88
2026/10/09 02:05:43.294, 0, 20763, 97871, 10, 144.40
2026/10/09 02:05:43.294, 1, 20760, 97871, 10, 129.32
2026/10/09 02:05:43.294, 2, 20760, 97871, 3, 144.73
2026/10/09 02:05:43.294, 3, 20757, 97871, 11, 134.24
2026/10/09 02:05:44.294, 0, 20763, 97871, 0, 142.75
2026/10/09 02:05:44.294, 1, 20760, 97871, 0, 127.94
2026/10/09 02:05:44.294, 2, 20760, 97871, 0, 138.97
2026/10/09 02:05:44.294, 3, 20757, 97871, 0, 132.82
2026/10/09 02:05:45.294, 0, 25063, 97871, 0, 143.08
2026/10/09 02:05:45.295, 1, 25060, 97871, 0, 128.07
2026/10/09 02:05:45.295, 2, 25060, 97871, 0, 139.78
2026/10/09 02:05:45.295, 3, 25057, 97871, 0, 132.77
2026/10/09 02:05:46.295, 0, 25063, 97871, 3, 142.77
2026/10/09 02:05:46.295, 1, 25060, 97871, 1, 127.84
2026/10/09 02:05:46.295, 2, 25060, 97871, 1, 139.03
2026/10/09 02:05:46.295, 3, 25057, 97871, 0, 132.71
2026/10/09 02:05:47.295, 0, 25063, 97871, 0, 143.02
2026/10/09 02:05:47.295, 1, 25060, 97871, 0, 127.78
2026/10/09 02:05:47.295, 2, 25060, 97871, 0, 139.71
2026/10/09 02:05:47.296, 3, 25057, 97871, 4, 132.96
2026/10/09 02:05:48.296, 0, 22015, 97871, 0, 143.03
2026/10/09 02:05:48.296, 1, 22012, 97871, 0, 127.68
2026/10/09 02:05:48.296, 2, 22012, 97871, 0, 139.83
2026/10/09 02:05:48.296, 3, 22009, 97871, 0, 133.26
2026/10/09 02:05:49.296, 0, 22477, 97871, 0, 142.93
2026/10/09 02:05:49.296, 1, 22474, 97871, 0, 127.51
2026/10/09 02:05:49.296, 2, 22442, 97871, 0, 139.83
2026/10/09 02:05:49.296, 3, 22455, 97871, 0, 132.59
2026/10/09 02:05:50.296, 0, 22477, 97871, 0, 142.82
2026/10/09 02:05:50.296, 1, 22474, 97871, 0, 127.68
2026/10/09 02:05:50.297, 2, 22442, 97871, 0, 139.65
2026/10/09 02:05:50.297, 3, 22455, 97871, 0, 132.67
2026/10/09 02:05:51.297, 0, 22477, 97871, 0, 142.79
2026/10/09 02:05:51.297, 1, 22474, 97871, 0, 127.44
2026/10/09 02:05:51.297, 2, 22442, 97871, 0, 139.52
2026/10/09 02:05:51.297, 3, 22455, 97871, 0, 132.59
2026/10/09 02:05:52.297, 0, 22477, 97871, 0, 142.69
2026/10/09 02:05:52.297, 1, 22474, 97871, 0, 127.37
2026/10/09 02:05:52.297, 2, 22442, 97871, 0, 139.54
2026/10/09 02:05:52.297, 3, 22455, 97871, 0, 132.81
2026/10/09 02:05:53.297, 0, 22477, 97871, 0, 142.76
2026/10/09 02:05:53.297, 1, 22474, 97871, 0, 127.42
2026/10/09 02:05:53.297, 2, 22442, 97871, 0, 139.62
2026/10/09 02:05:53.297, 3, 22455, 97871, 0, 132.47
2026/10/09 02:05:54.298, 0, 22477, 97871, 0, 142.69
2026/10/09 02:05:54.298, 1, 22474, 97871, 0, 127.43
2026/10/09 02:05:54.298, 2, 22442, 97871, 0, 139.79
2026/10/09 02:05:54.298, 3, 22455, 97871, 0, 132.69
2026/10/09 02:05:55.298, 0, 22477, 97871, 0, 142.88
2026/10/09 02:05:55.298, 1, 22474, 97871, 0, 127.65
2026/10/09 02:05:55.298, 2, 22442, 97871, 0, 138.78
2026/10/09 02:05:55.298, 3, 22455, 97871, 0, 132.67
2026/10/09 02:05:56.298, 0, 22477, 97871, 0, 142.74
2026/10/09 02:05:56.298, 1, 22474, 97871, 0, 127.49
2026/10/09 02:05:56.298, 2, 22442, 97871, 0, 139.32
2026/10/09 02:05:56.298, 3, 22455, 97871, 0, 132.73
2026/10/09 02:05:57.299, 0, 22669, 97871, 0, 142.87
2026/10/09 02:05:57.299, 1, 22666, 97871, 0, 127.59
2026/10/09 02:05:57.299, 2, 22634, 97871, 0, 139.76
2026/10/09 02:05:57.299, 3, 22647, 97871, 0, 132.58
2026/10/09 02:05:58.299, 0, 22729, 97871, 0, 176.60
2026/10/09 02:05:58.299, 1, 22726, 97871, 0, 162.76
2026/10/09 02:05:58.299, 2, 22694, 97871, 0, 177.40
2026/10/09 02:05:58.299, 3, 22707, 97871, 0, 167.20
2026/10/09 02:05:59.299, 0, 22729, 97871, 0, 182.23
2026/10/09 02:05:59.299, 1, 22726, 97871, 46, 161.82
2026/10/09 02:05:59.300, 2, 22694, 97871, 0, 163.26
2026/10/09 02:05:59.300, 3, 22707, 97871, 82, 170.06
2026/10/09 02:06:00.300, 0, 23141, 97871, 0, 193.77
2026/10/09 02:06:00.300, 1, 23138, 97871, 18, 191.88
2026/10/09 02:06:00.300, 2, 23106, 97871, 0, 216.64
2026/10/09 02:06:00.300, 3, 23119, 97871, 1, 185.58
2026/10/09 02:06:01.300, 0, 23141, 97871, 0, 174.06
2026/10/09 02:06:01.300, 1, 23138, 97871, 0, 161.20
2026/10/09 02:06:01.300, 2, 23106, 97871, 0, 173.57
2026/10/09 02:06:01.300, 3, 23119, 97871, 0, 163.37
2026/10/09 02:06:02.301, 0, 23141, 97871, 0, 175.09
2026/10/09 02:06:02.301, 1, 23138, 97871, 71, 155.54
2026/10/09 02:06:02.301, 2, 23106, 97871, 0, 156.28
2026/10/09 02:06:02.301, 3, 23119, 97871, 94, 163.84
2026/10/09 02:06:03.301, 0, 23141, 97871, 0, 175.99
2026/10/09 02:06:03.301, 1, 23138, 97871, 0, 172.01
2026/10/09 02:06:03.301, 2, 23106, 97871, 0, 200.12
2026/10/09 02:06:03.301, 3, 23119, 97871, 0, 174.37
2026/10/09 02:06:04.301, 0, 23141, 97871, 0, 142.18
2026/10/09 02:06:04.302, 1, 23138, 97871, 0, 127.14
2026/10/09 02:06:04.302, 2, 23106, 97871, 0, 139.95
2026/10/09 02:06:04.302, 3, 23119, 97871, 0, 131.37
2026/10/09 02:06:05.302, 0, 23141, 97871, 0, 142.40
2026/10/09 02:06:05.302, 1, 23138, 97871, 0, 127.12
2026/10/09 02:06:05.302, 2, 23106, 97871, 0, 140.26
2026/10/09 02:06:05.302, 3, 23119, 97871, 0, 131.66
2026/10/09 02:06:06.302, 0, 23813, 97871, 94, 247.75
2026/10/09 02:06:06.302, 1, 23810, 97871, 22, 234.60
2026/10/09 02:06:06.303, 2, 23778, 97871, 94, 255.58
2026/10/09 02:06:06.303, 3, 23791, 97871, 0, 237.08
2026/10/09 02:06:07.303, 0, 23813, 97871, 0, 143.05
2026/10/09 02:06:07.303, 1, 23810, 97871, 0, 127.93
2026/10/09 02:06:07.303, 2, 23778, 97871, 0, 140.71
2026/10/09 02:06:07.303, 3, 23791, 97871, 0, 132.24
2026/10/09 02:06:08.303, 0, 23813, 97871, 94, 244.68
2026/10/09 02:06:08.303, 1, 23810, 97871, 76, 226.69
2026/10/09 02:06:08.303, 2, 23778, 97871, 95, 258.10
2026/10/09 02:06:08.303, 3, 23791, 97871, 68, 237.39
2026/10/09 02:06:09.304, 0, 23813, 97871, 0, 147.24
2026/10/09 02:06:09.304, 1, 23810, 97871, 0, 128.21
2026/10/09 02:06:09.304, 2, 23778, 97871, 0, 140.70
2026/10/09 02:06:09.304, 3, 23791, 97871, 0, 133.50
2026/10/09 02:06:10.304, 0, 23813, 97871, 0, 142.15
2026/10/09 02:06:10.304, 1, 23810, 97871, 0, 127.14
2026/10/09 02:06:10.304, 2, 23778, 97871, 0, 140.05
2026/10/09 02:06:10.304, 3, 23791, 97871, 0, 131.27
2026/10/09 02:06:11.304, 0, 23813, 97871, 97, 192.70
2026/10/09 02:06:11.304, 1, 23810, 97871, 0, 175.95
2026/10/09 02:06:11.304, 2, 23778, 97871, 0, 199.15
2026/10/09 02:06:11.305, 3, 23791, 97871, 0, 181.82
2026/10/09 02:06:12.305, 0, 23813, 97871, 0, 142.53
2026/10/09 02:06:12.305, 1, 23810, 97871, 0, 127.08
2026/10/09 02:06:12.305, 2, 23778, 97871, 0, 139.40
2026/10/09 02:06:12.305, 3, 23791, 97871, 0, 133.61
2026/10/09 02:06:13.305, 0, 23813, 97871, 0, 142.06
2026/10/09 02:06:13.305, 1, 23810, 97871, 0, 127.10
2026/10/09 02:06:13.305, 2, 23778, 97871, 0, 139.66
2026/10/09 02:06:13.305, 3, 23791, 97871, 0, 133.71
2026/10/09 02:06:14.305, 0, 23813, 97871, 0, 142.00
2026/10/09 02:06:14.305, 1, 23874, 97871, 0, 138.31
2026/10/09 02:06:14.305, 2, 23842, 97871, 0, 147.05
2026/10/09 02:06:14.306, 3, 23855, 97871, 0, 132.96
2026/10/09 02:06:15.306, 0, 25221, 97871, 91, 369.07
2026/10/09 02:06:15.306, 1, 25218, 97871, 100, 436.36
2026/10/09 02:06:15.306, 2, 25186, 97871, 100, 469.78
2026/10/09 02:06:15.306, 3, 25199, 97871, 100, 410.19
2026/10/09 02:06:16.306, 0, 25221, 97871, 0, 293.24
2026/10/09 02:06:16.306, 1, 25218, 97871, 0, 180.71
2026/10/09 02:06:16.306, 2, 25186, 97871, 0, 188.87
2026/10/09 02:06:16.306, 3, 25199, 97871, 0, 226.46
2026/10/09 02:06:17.306, 0, 25221, 97871, 0, 142.62
2026/10/09 02:06:17.306, 1, 25218, 97871, 0, 127.48
2026/10/09 02:06:17.307, 2, 25186, 97871, 0, 139.91
2026/10/09 02:06:17.307, 3, 25199, 97871, 0, 132.48
2026/10/09 02:06:18.307, 0, 25221, 97871, 0, 142.41
2026/10/09 02:06:18.307, 1, 25218, 97871, 37, 135.04
2026/10/09 02:06:18.307, 2, 25186, 97871, 0, 147.62
2026/10/09 02:06:18.307, 3, 25199, 97871, 0, 132.16
2026/10/09 02:06:19.307, 0, 25221, 97871, 0, 158.29
2026/10/09 02:06:19.307, 1, 25218, 97871, 0, 134.72
2026/10/09 02:06:19.307, 2, 25186, 97871, 0, 153.06
2026/10/09 02:06:19.307, 3, 25199, 97871, 0, 147.68
2026/10/09 02:06:20.308, 0, 25221, 97871, 0, 155.48
2026/10/09 02:06:20.308, 1, 25218, 97871, 0, 144.75
2026/10/09 02:06:20.308, 2, 25186, 97871, 0, 151.56
2026/10/09 02:06:20.308, 3, 25199, 97871, 0, 148.31
2026/10/09 02:06:21.308, 0, 25221, 97871, 0, 151.31
2026/10/09 02:06:21.308, 1, 25218, 97871, 0, 133.18
2026/10/09 02:06:21.308, 2, 25186, 97871, 0, 140.32
2026/10/09 02:06:21.308, 3, 25199, 97871, 0, 137.46
2026/10/09 02:06:22.308, 0, 27305, 97871, 0, 154.66
2026/10/09 02:06:22.309, 1, 27302, 97871, 0, 139.36
2026/10/09 02:06:22.309, 2, 27270, 97871, 0, 150.51
2026/10/09 02:06:22.309, 3, 27283, 97871, 0, 143.00
2026/10/09 02:06:23.309, 0, 27305, 97871, 0, 142.22
2026/10/09 02:06:23.309, 1, 27302, 97871, 0, 127.09
2026/10/09 02:06:23.309, 2, 27270, 97871, 0, 140.08
2026/10/09 02:06:23.309, 3, 27283, 97871, 0, 132.13
2026/10/09 02:06:24.309, 0, 27305, 97871, 0, 145.23
2026/10/09 02:06:24.309, 1, 27302, 97871, 28, 154.57
2026/10/09 02:06:24.310, 2, 27270, 97871, 0, 161.04
2026/10/09 02:06:24.310, 3, 27283, 97871, 0, 156.38
2026/10/09 02:06:25.310, 0, 27305, 97871, 0, 186.65
2026/10/09 02:06:25.310, 1, 27302, 97871, 0, 144.92
2026/10/09 02:06:25.310, 2, 27270, 97871, 44, 182.14
2026/10/09 02:06:25.310, 3, 27283, 97871, 0, 145.36
2026/10/09 02:06:26.310, 0, 27305, 97871, 0, 190.74
2026/10/09 02:06:26.310, 1, 27302, 97871, 0, 174.94
2026/10/09 02:06:26.310, 2, 27270, 97871, 0, 148.01
2026/10/09 02:06:26.310, 3, 27283, 97871, 0, 173.70
2026/10/09 02:06:27.311, 0, 27305, 97871, 0, 142.26
2026/10/09 02:06:27.311, 1, 27302, 97871, 0, 128.43
2026/10/09 02:06:27.311, 2, 27270, 97871, 0, 141.37
2026/10/09 02:06:27.311, 3, 27283, 97871, 0, 133.46
2026/10/09 02:06:28.311, 0, 78077, 97871, 15, 149.28
2026/10/09 02:06:28.311, 1, 78746, 97871, 13, 165.93
2026/10/09 02:06:28.311, 2, 78734, 97871, 22, 168.78
2026/10/09 02:06:28.311, 3, 78737, 97871, 68, 181.64
2026/10/09 02:06:29.311, 0, 78749, 97871, 0, 315.11
2026/10/09 02:06:29.311, 1, 78746, 97871, 0, 270.49
2026/10/09 02:06:29.311, 2, 78734, 97871, 0, 297.61
2026/10/09 02:06:29.311, 3, 76145, 97871, 0, 288.36
2026/10/09 02:06:30.311, 0, 77065, 97871, 29, 258.18
2026/10/09 02:06:30.312, 1, 77062, 97871, 27, 246.34
2026/10/09 02:06:30.312, 2, 77050, 97871, 29, 271.62
2026/10/09 02:06:30.312, 3, 77059, 97871, 27, 254.42
2026/10/09 02:06:31.312, 0, 77119, 97871, 16, 208.57
2026/10/09 02:06:31.312, 1, 77116, 97871, 13, 186.38
2026/10/09 02:06:31.312, 2, 77104, 97871, 17, 205.31
2026/10/09 02:06:31.312, 3, 77601, 97871, 17, 193.45
2026/10/09 02:06:32.312, 0, 77179, 97871, 13, 209.23
2026/10/09 02:06:32.312, 1, 77176, 97871, 16, 195.00
2026/10/09 02:06:32.312, 2, 77152, 97871, 0, 204.33
2026/10/09 02:06:32.312, 3, 77161, 97871, 0, 188.01
2026/10/09 02:06:33.312, 0, 77179, 97871, 0, 142.55
2026/10/09 02:06:33.313, 1, 77176, 97871, 0, 127.81
2026/10/09 02:06:33.313, 2, 77152, 97871, 0, 142.04
2026/10/09 02:06:33.313, 3, 77161, 97871, 0, 132.33
2026/10/09 02:06:34.313, 0, 77179, 97871, 0, 142.26
2026/10/09 02:06:34.313, 1, 77176, 97871, 0, 127.46
2026/10/09 02:06:34.313, 2, 77152, 97871, 0, 141.80
2026/10/09 02:06:34.313, 3, 77161, 97871, 0, 132.20
2026/10/09 02:06:35.313, 0, 77925, 97871, 0, 171.56
2026/10/09 02:06:35.314, 1, 77922, 97871, 0, 158.29
2026/10/09 02:06:35.314, 2, 77808, 97871, 0, 159.80
2026/10/09 02:06:35.314, 3, 77827, 97871, 0, 156.48
2026/10/09 02:06:36.314, 0, 77925, 97871, 0, 142.18
2026/10/09 02:06:36.314, 1, 77922, 97871, 0, 127.22
2026/10/09 02:06:36.314, 2, 77808, 97871, 0, 140.72
2026/10/09 02:06:36.314, 3, 77827, 97871, 0, 132.78
2026/10/09 02:06:37.314, 0, 78453, 97871, 0, 142.31
2026/10/09 02:06:37.314, 1, 78450, 97871, 0, 127.54
2026/10/09 02:06:37.315, 2, 78334, 97871, 0, 140.30
2026/10/09 02:06:37.315, 3, 78355, 97871, 2, 133.40
2026/10/09 02:06:38.315, 0, 79497, 97871, 1, 145.32
2026/10/09 02:06:38.315, 1, 79494, 97871, 0, 132.61
2026/10/09 02:06:38.315, 2, 78856, 97871, 2, 144.66
2026/10/09 02:06:38.315, 3, 79268, 97871, 0, 136.06
2026/10/09 02:06:39.315, 0, 82623, 97871, 0, 184.15
2026/10/09 02:06:39.315, 1, 82620, 97871, 0, 164.38
2026/10/09 02:06:39.315, 2, 79898, 97871, 0, 162.04
2026/10/09 02:06:39.315, 3, 81614, 97871, 0, 162.03
2026/10/09 02:06:40.315, 0, 82623, 97871, 0, 141.98
2026/10/09 02:06:40.315, 1, 82620, 97871, 0, 127.35
2026/10/09 02:06:40.316, 2, 79898, 97871, 0, 139.63
2026/10/09 02:06:40.316, 3, 81614, 97871, 0, 132.05
2026/10/09 02:06:41.316, 0, 82623, 97871, 0, 142.03
2026/10/09 02:06:41.316, 1, 82620, 97871, 0, 127.04
2026/10/09 02:06:41.316, 2, 79898, 97871, 0, 139.90
2026/10/09 02:06:41.316, 3, 81614, 97871, 0, 131.87
2026/10/09 02:06:42.316, 0, 82623, 97871, 0, 142.08
2026/10/09 02:06:42.316, 1, 82620, 97871, 0, 126.88
2026/10/09 02:06:42.316, 2, 79898, 97871, 0, 140.41
2026/10/09 02:06:42.316, 3, 81614, 97871, 0, 131.95
2026/10/09 02:06:43.316, 0, 82625, 97871, 0, 150.26
2026/10/09 02:06:43.316, 1, 82622, 97871, 0, 134.52
2026/10/09 02:06:43.316, 2, 79900, 97871, 0, 144.36
2026/10/09 02:06:43.316, 3, 81614, 97871, 0, 134.01
2026/10/09 02:06:44.317, 0, 82625, 97871, 0, 142.40
2026/10/09 02:06:44.317, 1, 82622, 97871, 0, 129.38
2026/10/09 02:06:44.317, 2, 79902, 97871, 0, 140.01
2026/10/09 02:06:44.317, 3, 81616, 97871, 0, 136.72
2026/10/09 02:06:45.317, 0, 82625, 97871, 0, 144.17
2026/10/09 02:06:45.317, 1, 82622, 97871, 0, 129.05
2026/10/09 02:06:45.317, 2, 79902, 97871, 0, 140.92
2026/10/09 02:06:45.317, 3, 81616, 97871, 0, 132.40
2026/10/09 02:06:46.317, 0, 82625, 97871, 0, 152.34
2026/10/09 02:06:46.317, 1, 82622, 97871, 0, 136.05
2026/10/09 02:06:46.317, 2, 79902, 97871, 0, 144.91
2026/10/09 02:06:46.318, 3, 81616, 97871, 0, 140.71
2026/10/09 02:06:47.318, 0, 82625, 97871, 0, 142.86
2026/10/09 02:06:47.318, 1, 82622, 97871, 0, 127.97
2026/10/09 02:06:47.318, 2, 79902, 97871, 0, 140.66
2026/10/09 02:06:47.318, 3, 81616, 97871, 0, 134.12
2026/10/09 02:06:48.318, 0, 82625, 97871, 0, 142.77
2026/10/09 02:06:48.318, 1, 82622, 97871, 0, 127.87
2026/10/09 02:06:48.318, 2, 79902, 97871, 0, 141.45
2026/10/09 02:06:48.318, 3, 81616, 97871, 0, 134.13
2026/10/09 02:06:49.318, 0, 82625, 97871, 0, 142.64
2026/10/09 02:06:49.318, 1, 82622, 97871, 0, 127.78
2026/10/09 02:06:49.318, 2, 79902, 97871, 0, 141.55
2026/10/09 02:06:49.318, 3, 81616, 97871, 0, 133.94
2026/10/09 02:06:50.318, 0, 82625, 97871, 0, 142.75
2026/10/09 02:06:50.318, 1, 82622, 97871, 0, 127.77
2026/10/09 02:06:50.318, 2, 79902, 97871, 0, 141.63
2026/10/09 02:06:50.318, 3, 81616, 97871, 0, 133.74
2026/10/09 02:06:51.319, 0, 82625, 97871, 0, 142.74
2026/10/09 02:06:51.319, 1, 82622, 97871, 0, 127.83
2026/10/09 02:06:51.319, 2, 79902, 97871, 0, 141.31
2026/10/09 02:06:51.319, 3, 81616, 97871, 0, 133.92
2026/10/09 02:06:52.319, 0, 82625, 97871, 0, 142.69
2026/10/09 02:06:52.319, 1, 82622, 97871, 0, 127.74
2026/10/09 02:06:52.319, 2, 79902, 97871, 0, 141.48
2026/10/09 02:06:52.319, 3, 81616, 97871, 0, 133.85
2026/10/09 02:06:53.319, 0, 82625, 97871, 0, 142.55
2026/10/09 02:06:53.319, 1, 82622, 97871, 0, 127.63
2026/10/09 02:06:53.319, 2, 79902, 97871, 0, 141.50
2026/10/09 02:06:53.319, 3, 81616, 97871, 0, 134.04
2026/10/09 02:06:54.319, 0, 82625, 97871, 0, 142.72
2026/10/09 02:06:54.319, 1, 82622, 97871, 0, 127.59
2026/10/09 02:06:54.319, 2, 79902, 97871, 0, 141.32
2026/10/09 02:06:54.320, 3, 81616, 97871, 0, 133.67
2026/10/09 02:06:55.320, 0, 82625, 97871, 0, 142.79
2026/10/09 02:06:55.320, 1, 82622, 97871, 0, 127.76
2026/10/09 02:06:55.320, 2, 79902, 97871, 0, 141.27
2026/10/09 02:06:55.320, 3, 81616, 97871, 0, 133.55
2026/10/09 02:06:56.320, 0, 82625, 97871, 0, 142.76
2026/10/09 02:06:56.320, 1, 82622, 97871, 0, 127.57
2026/10/09 02:06:56.320, 2, 79902, 97871, 0, 141.53
2026/10/09 02:06:56.320, 3, 81616, 97871, 0, 133.18
2026/10/09 02:06:57.320, 0, 82625, 97871, 0, 142.74
2026/10/09 02:06:57.320, 1, 82622, 97871, 0, 127.72
2026/10/09 02:06:57.320, 2, 79902, 97871, 0, 141.08
2026/10/09 02:06:57.320, 3, 81616, 97871, 0, 133.43
2026/10/09 02:06:58.320, 0, 82625, 97871, 0, 142.72
2026/10/09 02:06:58.320, 1, 82622, 97871, 0, 127.72
2026/10/09 02:06:58.320, 2, 79902, 97871, 0, 141.64
2026/10/09 02:06:58.321, 3, 81616, 97871, 0, 133.37
2026/10/09 02:06:59.321, 0, 82625, 97871, 0, 142.56
2026/10/09 02:06:59.321, 1, 82622, 97871, 0, 127.62
2026/10/09 02:06:59.321, 2, 79902, 97871, 0, 141.24
2026/10/09 02:06:59.321, 3, 81616, 97871, 0, 133.35
2026/10/09 02:07:00.321, 0, 82625, 97871, 0, 142.66
2026/10/09 02:07:00.321, 1, 82622, 97871, 0, 127.74
2026/10/09 02:07:00.321, 2, 79902, 97871, 0, 141.20
2026/10/09 02:07:00.321, 3, 81616, 97871, 0, 133.34
2026/10/09 02:07:01.321, 0, 82625, 97871, 0, 142.79
2026/10/09 02:07:01.321, 1, 82622, 97871, 0, 127.69
2026/10/09 02:07:01.322, 2, 79902, 97871, 0, 141.87
2026/10/09 02:07:01.322, 3, 81616, 97871, 0, 133.16
2026/10/09 02:07:02.322, 0, 82625, 97871, 0, 142.73
2026/10/09 02:07:02.322, 1, 82622, 97871, 0, 127.78
2026/10/09 02:07:02.322, 2, 79902, 97871, 0, 141.52
2026/10/09 02:07:02.322, 3, 81616, 97871, 0, 132.64
2026/10/09 02:07:03.322, 0, 82625, 97871, 0, 142.74
2026/10/09 02:07:03.322, 1, 82622, 97871, 0, 127.72
2026/10/09 02:07:03.322, 2, 79902, 97871, 0, 141.24
2026/10/09 02:07:03.322, 3, 81616, 97871, 0, 132.71
2026/10/09 02:07:04.322, 0, 82625, 97871, 0, 142.68
2026/10/09 02:07:04.322, 1, 82622, 97871, 0, 127.61
2026/10/09 02:07:04.322, 2, 79902, 97871, 0, 141.64
2026/10/09 02:07:04.322, 3, 81616, 97871, 0, 132.89
2026/10/09 02:07:05.322, 0, 82625, 97871, 0, 142.66
2026/10/09 02:07:05.322, 1, 82622, 97871, 0, 127.47
2026/10/09 02:07:05.322, 2, 79902, 97871, 0, 141.40
2026/10/09 02:07:05.322, 3, 81616, 97871, 0, 132.67
2026/10/09 02:07:06.323, 0, 82625, 97871, 0, 142.66
2026/10/09 02:07:06.323, 1, 82622, 97871, 0, 127.56
2026/10/09 02:07:06.323, 2, 79902, 97871, 0, 141.41
2026/10/09 02:07:06.323, 3, 81616, 97871, 0, 132.76
2026/10/09 02:07:07.323, 0, 82625, 97871, 0, 142.77
2026/10/09 02:07:07.323, 1, 82622, 97871, 0, 127.56
2026/10/09 02:07:07.323, 2, 79902, 97871, 0, 141.61
2026/10/09 02:07:07.323, 3, 81616, 97871, 0, 132.94
2026/10/09 02:07:08.323, 0, 82625, 97871, 0, 142.63
2026/10/09 02:07:08.323, 1, 82622, 97871, 0, 127.47
2026/10/09 02:07:08.323, 2, 79902, 97871, 0, 141.44
2026/10/09 02:07:08.323, 3, 81616, 97871, 0, 132.95
2026/10/09 02:07:09.323, 0, 82625, 97871, 0, 142.74
2026/10/09 02:07:09.324, 1, 82622, 97871, 0, 127.73
2026/10/09 02:07:09.324, 2, 79902, 97871, 0, 141.80
2026/10/09 02:07:09.324, 3, 81616, 97871, 0, 132.57
2026/10/09 02:07:10.324, 0, 82625, 97871, 0, 142.68
2026/10/09 02:07:10.324, 1, 82622, 97871, 0, 127.60
2026/10/09 02:07:10.324, 2, 79902, 97871, 0, 141.54
2026/10/09 02:07:10.324, 3, 81616, 97871, 0, 132.64
2026/10/09 02:07:11.324, 0, 82625, 97871, 0, 142.64
2026/10/09 02:07:11.324, 1, 82622, 97871, 0, 127.67
2026/10/09 02:07:11.324, 2, 79902, 97871, 0, 141.61
2026/10/09 02:07:11.324, 3, 81616, 97871, 0, 132.53
2026/10/09 02:07:12.324, 0, 82625, 97871, 0, 142.60
2026/10/09 02:07:12.324, 1, 82622, 97871, 0, 127.82
2026/10/09 02:07:12.324, 2, 79902, 97871, 0, 141.38
2026/10/09 02:07:12.324, 3, 81616, 97871, 0, 132.58
2026/10/09 02:07:13.324, 0, 82625, 97871, 0, 142.60
2026/10/09 02:07:13.324, 1, 82622, 97871, 0, 127.75
2026/10/09 02:07:13.324, 2, 79902, 97871, 0, 141.38
2026/10/09 02:07:13.324, 3, 81616, 97871, 0, 132.57
2026/10/09 02:07:14.324, 0, 82625, 97871, 0, 142.83
2026/10/09 02:07:14.325, 1, 82622, 97871, 0, 127.40
2026/10/09 02:07:14.325, 2, 79902, 97871, 0, 141.79
2026/10/09 02:07:14.325, 3, 81616, 97871, 0, 133.17
2026/10/09 02:07:15.325, 0, 82625, 97871, 0, 143.04
2026/10/09 02:07:15.325, 1, 82622, 97871, 0, 127.64
2026/10/09 02:07:15.325, 2, 79902, 97871, 0, 141.28
2026/10/09 02:07:15.325, 3, 81616, 97871, 0, 132.99
2026/10/09 02:07:16.325, 0, 82625, 97871, 0, 142.77
2026/10/09 02:07:16.325, 1, 82622, 97871, 0, 127.58
2026/10/09 02:07:16.325, 2, 79902, 97871, 0, 139.69
2026/10/09 02:07:16.325, 3, 81616, 97871, 0, 132.55
2026/10/09 02:07:17.325, 0, 82625, 97871, 0, 142.65
2026/10/09 02:07:17.326, 1, 82622, 97871, 0, 127.62
2026/10/09 02:07:17.326, 2, 79902, 97871, 0, 139.87
2026/10/09 02:07:17.326, 3, 81616, 97871, 0, 132.64
2026/10/09 02:07:18.326, 0, 82625, 97871, 0, 142.61
2026/10/09 02:07:18.326, 1, 82622, 97871, 0, 127.62
2026/10/09 02:07:18.326, 2, 79902, 97871, 0, 139.81
2026/10/09 02:07:18.326, 3, 81616, 97871, 0, 132.48
2026/10/09 02:07:19.326, 0, 82625, 97871, 0, 142.54
2026/10/09 02:07:19.326, 1, 82622, 97871, 0, 127.66
2026/10/09 02:07:19.326, 2, 79902, 97871, 0, 139.87
2026/10/09 02:07:19.326, 3, 81616, 97871, 0, 132.71
2026/10/09 02:07:20.326, 0, 82625, 97871, 0, 169.33
2026/10/09 02:07:20.326, 1, 82622, 97871, 7, 211.82
2026/10/09 02:07:20.326, 2, 79902, 97871, 0, 216.74
2026/10/09 02:07:20.326, 3, 81616, 97871, 8, 159.76
2026/10/09 02:07:21.326, 0, 82625, 97871, 100, 510.54
2026/10/09 02:07:21.327, 1, 82622, 97871, 98, 505.41
2026/10/09 02:07:21.327, 2, 79902, 97871, 100, 511.29
2026/10/09 02:07:21.327, 3, 81616, 97871, 100, 465.48
2026/10/09 02:07:22.327, 0, 82625, 97871, 99, 534.22
2026/10/09 02:07:22.327, 1, 82622, 97871, 100, 515.71
2026/10/09 02:07:22.327, 2, 79902, 97871, 100, 520.61
2026/10/09 02:07:22.327, 3, 81616, 97871, 100, 517.52
2026/10/09 02:07:23.327, 0, 82625, 97871, 99, 532.77
2026/10/09 02:07:23.327, 1, 82622, 97871, 100, 510.65
2026/10/09 02:07:23.327, 2, 79902, 97871, 100, 522.35
2026/10/09 02:07:23.327, 3, 81616, 97871, 100, 518.22
2026/10/09 02:07:24.327, 0, 82625, 97871, 100, 514.10
2026/10/09 02:07:24.328, 1, 82622, 97871, 99, 453.89
2026/10/09 02:07:24.328, 2, 79902, 97871, 99, 521.41
2026/10/09 02:07:24.328, 3, 81616, 97871, 100, 517.52
2026/10/09 02:07:25.328, 0, 82625, 97871, 99, 365.56
2026/10/09 02:07:25.328, 1, 82622, 97871, 99, 315.71
2026/10/09 02:07:25.328, 2, 79902, 97871, 48, 497.13
2026/10/09 02:07:25.328, 3, 81616, 97871, 0, 419.99
2026/10/09 02:07:26.328, 0, 82625, 97871, 97, 467.05
2026/10/09 02:07:26.328, 1, 82622, 97871, 97, 465.26
2026/10/09 02:07:26.328, 2, 79902, 97871, 100, 510.98
2026/10/09 02:07:26.328, 3, 81616, 97871, 100, 408.69
2026/10/09 02:07:27.328, 0, 82625, 97871, 99, 470.37
2026/10/09 02:07:27.329, 1, 82622, 97871, 99, 457.46
2026/10/09 02:07:27.329, 2, 79902, 97871, 100, 363.91
2026/10/09 02:07:27.329, 3, 81616, 97871, 99, 453.87
2026/10/09 02:07:28.329, 0, 82625, 97871, 99, 477.96
2026/10/09 02:07:28.329, 1, 82622, 97871, 95, 461.50
2026/10/09 02:07:28.329, 2, 79902, 97871, 99, 475.44
2026/10/09 02:07:28.329, 3, 81616, 97871, 100, 474.01
2026/10/09 02:07:29.329, 0, 82625, 97871, 99, 468.78
2026/10/09 02:07:29.329, 1, 82622, 97871, 99, 463.12
2026/10/09 02:07:29.329, 2, 79902, 97871, 100, 477.04
2026/10/09 02:07:29.329, 3, 81616, 97871, 99, 456.35
2026/10/09 02:07:30.329, 0, 82625, 97871, 99, 485.03
2026/10/09 02:07:30.330, 1, 82622, 97871, 99, 451.48
2026/10/09 02:07:30.330, 2, 79902, 97871, 99, 483.66
2026/10/09 02:07:30.330, 3, 81616, 97871, 99, 466.43
2026/10/09 02:07:31.330, 0, 82625, 97871, 100, 475.33
2026/10/09 02:07:31.330, 1, 82622, 97871, 99, 458.50
2026/10/09 02:07:31.330, 2, 79902, 97871, 99, 490.34
2026/10/09 02:07:31.330, 3, 81616, 97871, 99, 467.25
2026/10/09 02:07:32.330, 0, 82625, 97871, 99, 474.74
2026/10/09 02:07:32.330, 1, 82622, 97871, 97, 467.23
2026/10/09 02:07:32.330, 2, 79902, 97871, 99, 484.95
2026/10/09 02:07:32.330, 3, 81616, 97871, 94, 472.95
2026/10/09 02:07:33.330, 0, 82625, 97871, 99, 477.82
2026/10/09 02:07:33.330, 1, 82622, 97871, 99, 460.55
2026/10/09 02:07:33.330, 2, 79902, 97871, 96, 479.18
2026/10/09 02:07:33.331, 3, 81616, 97871, 99, 454.78
2026/10/09 02:07:34.331, 0, 82625, 97871, 99, 484.89
2026/10/09 02:07:34.331, 1, 82622, 97871, 97, 465.58
2026/10/09 02:07:34.331, 2, 79902, 97871, 100, 484.87
2026/10/09 02:07:34.331, 3, 81616, 97871, 99, 463.18
2026/10/09 02:07:35.331, 0, 82625, 97871, 99, 451.19
2026/10/09 02:07:35.331, 1, 82622, 97871, 99, 454.12
2026/10/09 02:07:35.331, 2, 79902, 97871, 100, 493.18
2026/10/09 02:07:35.331, 3, 81616, 97871, 97, 472.01
2026/10/09 02:07:36.331, 0, 82625, 97871, 100, 480.44
2026/10/09 02:07:36.331, 1, 82622, 97871, 99, 471.36
2026/10/09 02:07:36.331, 2, 79902, 97871, 100, 483.84
2026/10/09 02:07:36.331, 3, 81616, 97871, 99, 458.45
2026/10/09 02:07:37.331, 0, 82625, 97871, 99, 468.77
2026/10/09 02:07:37.332, 1, 82622, 97871, 99, 455.56
2026/10/09 02:07:37.332, 2, 79902, 97871, 100, 485.84
2026/10/09 02:07:37.332, 3, 81616, 97871, 99, 469.62
2026/10/09 02:07:38.332, 0, 82625, 97871, 99, 475.86
2026/10/09 02:07:38.332, 1, 82622, 97871, 100, 467.79
2026/10/09 02:07:38.332, 2, 79902, 97871, 100, 481.31
2026/10/09 02:07:38.332, 3, 81616, 97871, 99, 456.83
2026/10/09 02:07:39.332, 0, 82625, 97871, 99, 471.56
2026/10/09 02:07:39.332, 1, 82622, 97871, 99, 456.62
2026/10/09 02:07:39.332, 2, 79902, 97871, 100, 484.08
2026/10/09 02:07:39.332, 3, 81616, 97871, 99, 459.99
2026/10/09 02:07:40.332, 0, 82625, 97871, 97, 474.07
2026/10/09 02:07:40.333, 1, 82622, 97871, 99, 468.19
2026/10/09 02:07:40.333, 2, 79902, 97871, 99, 483.57
2026/10/09 02:07:40.333, 3, 81616, 97871, 99, 458.98
2026/10/09 02:07:41.333, 0, 82625, 97871, 99, 472.13
2026/10/09 02:07:41.333, 1, 82622, 97871, 99, 464.08
2026/10/09 02:07:41.333, 2, 79902, 97871, 100, 479.75
2026/10/09 02:07:41.333, 3, 81616, 97871, 100, 467.56
2026/10/09 02:07:42.333, 0, 82625, 97871, 99, 477.47
2026/10/09 02:07:42.333, 1, 82622, 97871, 99, 451.25
2026/10/09 02:07:42.333, 2, 79902, 97871, 100, 483.42
2026/10/09 02:07:42.333, 3, 81616, 97871, 97, 468.24
2026/10/09 02:07:43.333, 0, 82625, 97871, 99, 485.60
2026/10/09 02:07:43.333, 1, 82622, 97871, 100, 464.60
2026/10/09 02:07:43.333, 2, 79902, 97871, 100, 479.75
2026/10/09 02:07:43.333, 3, 81616, 97871, 99, 458.08
2026/10/09 02:07:44.334, 0, 82625, 97871, 99, 474.68
2026/10/09 02:07:44.334, 1, 82622, 97871, 94, 475.64
2026/10/09 02:07:44.334, 2, 79902, 97871, 100, 491.18
2026/10/09 02:07:44.334, 3, 81616, 97871, 100, 465.25
2026/10/09 02:07:45.334, 0, 82625, 97871, 96, 483.51
2026/10/09 02:07:45.334, 1, 82622, 97871, 99, 467.95
2026/10/09 02:07:45.334, 2, 79902, 97871, 100, 490.33
2026/10/09 02:07:45.334, 3, 81616, 97871, 96, 472.80
2026/10/09 02:07:46.334, 0, 82625, 97871, 99, 471.30
2026/10/09 02:07:46.334, 1, 82622, 97871, 99, 453.92
2026/10/09 02:07:46.334, 2, 79902, 97871, 100, 478.87
2026/10/09 02:07:46.334, 3, 81616, 97871, 99, 459.60
2026/10/09 02:07:47.334, 0, 82625, 97871, 99, 483.13
2026/10/09 02:07:47.335, 1, 82622, 97871, 99, 457.86
2026/10/09 02:07:47.335, 2, 79902, 97871, 100, 486.00
2026/10/09 02:07:47.335, 3, 81616, 97871, 97, 471.11
2026/10/09 02:07:48.335, 0, 82625, 97871, 99, 474.45
2026/10/09 02:07:48.335, 1, 82622, 97871, 99, 459.61
2026/10/09 02:07:48.335, 2, 79902, 97871, 100, 486.31
2026/10/09 02:07:48.335, 3, 81616, 97871, 99, 454.53
2026/10/09 02:07:49.335, 0, 82625, 97871, 99, 464.44
2026/10/09 02:07:49.335, 1, 82622, 97871, 97, 465.08
2026/10/09 02:07:49.335, 2, 79902, 97871, 100, 479.10
2026/10/09 02:07:49.335, 3, 81616, 97871, 99, 461.49
2026/10/09 02:07:50.335, 0, 82625, 97871, 99, 489.26
2026/10/09 02:07:50.335, 1, 82622, 97871, 99, 453.97
2026/10/09 02:07:50.335, 2, 79902, 97871, 100, 480.66
2026/10/09 02:07:50.335, 3, 81616, 97871, 99, 463.67
2026/10/09 02:07:51.336, 0, 82625, 97871, 100, 470.74
2026/10/09 02:07:51.336, 1, 82622, 97871, 99, 460.46
2026/10/09 02:07:51.336, 2, 79902, 97871, 100, 485.91
2026/10/09 02:07:51.336, 3, 81616, 97871, 96, 472.28
2026/10/09 02:07:52.336, 0, 82625, 97871, 99, 473.37
2026/10/09 02:07:52.336, 1, 82622, 97871, 99, 468.36
2026/10/09 02:07:52.336, 2, 79902, 97871, 100, 480.27
2026/10/09 02:07:52.336, 3, 81616, 97871, 100, 457.71
2026/10/09 02:07:53.336, 0, 82625, 97871, 99, 484.05
2026/10/09 02:07:53.336, 1, 82622, 97871, 99, 456.32
2026/10/09 02:07:53.336, 2, 79902, 97871, 100, 488.92
2026/10/09 02:07:53.336, 3, 81616, 97871, 99, 462.68
2026/10/09 02:07:54.336, 0, 82625, 97871, 99, 477.21
2026/10/09 02:07:54.337, 1, 82622, 97871, 100, 465.99
2026/10/09 02:07:54.337, 2, 79902, 97871, 100, 478.28
2026/10/09 02:07:54.337, 3, 81616, 97871, 99, 465.91
2026/10/09 02:07:55.337, 0, 82625, 97871, 100, 469.72
2026/10/09 02:07:55.337, 1, 82622, 97871, 97, 458.19
2026/10/09 02:07:55.337, 2, 79902, 97871, 100, 489.90
2026/10/09 02:07:55.337, 3, 81616, 97871, 97, 474.78
2026/10/09 02:07:56.337, 0, 82625, 97871, 99, 478.36
2026/10/09 02:07:56.337, 1, 82622, 97871, 99, 458.18
2026/10/09 02:07:56.337, 2, 79902, 97871, 100, 480.67
2026/10/09 02:07:56.337, 3, 81616, 97871, 99, 443.39
2026/10/09 02:07:57.337, 0, 82625, 97871, 99, 478.12
2026/10/09 02:07:57.337, 1, 82622, 97871, 100, 465.61
2026/10/09 02:07:57.337, 2, 79902, 97871, 98, 495.04
2026/10/09 02:07:57.337, 3, 81616, 97871, 100, 468.80
2026/10/09 02:07:58.337, 0, 82625, 97871, 99, 497.07
2026/10/09 02:07:58.337, 1, 82622, 97871, 99, 461.16
2026/10/09 02:07:58.338, 2, 79902, 97871, 100, 480.29
2026/10/09 02:07:58.338, 3, 81616, 97871, 99, 458.95
2026/10/09 02:07:59.338, 0, 82625, 97871, 99, 464.82
2026/10/09 02:07:59.338, 1, 82622, 97871, 99, 463.13
2026/10/09 02:07:59.338, 2, 79902, 97871, 100, 488.50
2026/10/09 02:07:59.338, 3, 81616, 97871, 99, 472.22
2026/10/09 02:08:00.338, 0, 82625, 97871, 99, 478.29
2026/10/09 02:08:00.338, 1, 82622, 97871, 99, 464.43
2026/10/09 02:08:00.338, 2, 79902, 97871, 99, 488.04
2026/10/09 02:08:00.338, 3, 81616, 97871, 99, 470.66
2026/10/09 02:08:01.338, 0, 82625, 97871, 99, 466.55
2026/10/09 02:08:01.338, 1, 82622, 97871, 99, 449.80
2026/10/09 02:08:01.338, 2, 79902, 97871, 100, 477.50
2026/10/09 02:08:01.338, 3, 81616, 97871, 99, 466.97
2026/10/09 02:08:02.338, 0, 82625, 97871, 99, 463.13
2026/10/09 02:08:02.339, 1, 82622, 97871, 99, 458.92
2026/10/09 02:08:02.339, 2, 79902, 97871, 100, 480.40
2026/10/09 02:08:02.339, 3, 81616, 97871, 99, 457.12
2026/10/09 02:08:03.339, 0, 82625, 97871, 99, 468.76
2026/10/09 02:08:03.339, 1, 82622, 97871, 99, 460.55
2026/10/09 02:08:03.339, 2, 79902, 97871, 100, 478.60
2026/10/09 02:08:03.339, 3, 81616, 97871, 99, 454.92
2026/10/09 02:08:04.339, 0, 82625, 97871, 97, 472.79
2026/10/09 02:08:04.339, 1, 82622, 97871, 99, 464.70
2026/10/09 02:08:04.339, 2, 79902, 97871, 100, 481.90
2026/10/09 02:08:04.339, 3, 81616, 97871, 97, 466.80
2026/10/09 02:08:05.339, 0, 82625, 97871, 99, 458.17
2026/10/09 02:08:05.339, 1, 82622, 97871, 99, 446.32
2026/10/09 02:08:05.339, 2, 79902, 97871, 100, 484.01
2026/10/09 02:08:05.339, 3, 81616, 97871, 99, 448.63
2026/10/09 02:08:06.340, 0, 82625, 97871, 99, 468.27
2026/10/09 02:08:06.340, 1, 82622, 97871, 99, 454.40
2026/10/09 02:08:06.340, 2, 79902, 97871, 100, 472.93
2026/10/09 02:08:06.340, 3, 81616, 97871, 99, 460.54
2026/10/09 02:08:07.340, 0, 82625, 97871, 99, 475.82
2026/10/09 02:08:07.340, 1, 82622, 97871, 99, 458.36
2026/10/09 02:08:07.340, 2, 79902, 97871, 100, 483.26
2026/10/09 02:08:07.340, 3, 81616, 97871, 99, 452.79
2026/10/09 02:08:08.340, 0, 82625, 97871, 99, 466.27
2026/10/09 02:08:08.340, 1, 82622, 97871, 99, 456.75
2026/10/09 02:08:08.340, 2, 79902, 97871, 100, 479.10
2026/10/09 02:08:08.340, 3, 81616, 97871, 99, 456.09
2026/10/09 02:08:09.340, 0, 82625, 97871, 99, 471.50
2026/10/09 02:08:09.340, 1, 82622, 97871, 99, 458.79
2026/10/09 02:08:09.340, 2, 79902, 97871, 100, 477.88
2026/10/09 02:08:09.340, 3, 81616, 97871, 100, 456.23
2026/10/09 02:08:10.341, 0, 82625, 97871, 99, 470.13
2026/10/09 02:08:10.341, 1, 82622, 97871, 99, 456.07
2026/10/09 02:08:10.341, 2, 79902, 97871, 100, 480.20
2026/10/09 02:08:10.341, 3, 81616, 97871, 99, 455.62
2026/10/09 02:08:11.341, 0, 82625, 97871, 99, 464.40
2026/10/09 02:08:11.341, 1, 82622, 97871, 99, 456.14
2026/10/09 02:08:11.341, 2, 79902, 97871, 100, 476.57
2026/10/09 02:08:11.341, 3, 81616, 97871, 99, 465.81
2026/10/09 02:08:12.341, 0, 82625, 97871, 99, 466.80
2026/10/09 02:08:12.341, 1, 82622, 97871, 99, 455.08
2026/10/09 02:08:12.341, 2, 79902, 97871, 100, 480.45
2026/10/09 02:08:12.341, 3, 81616, 97871, 99, 452.13
2026/10/09 02:08:13.341, 0, 82625, 97871, 97, 475.55
2026/10/09 02:08:13.341, 1, 82622, 97871, 97, 460.52
2026/10/09 02:08:13.341, 2, 79902, 97871, 100, 477.86
2026/10/09 02:08:13.342, 3, 81616, 97871, 99, 460.42
2026/10/09 02:08:14.342, 0, 82625, 97871, 99, 454.98
2026/10/09 02:08:14.342, 1, 82622, 97871, 99, 449.39
2026/10/09 02:08:14.342, 2, 79902, 97871, 100, 479.30
2026/10/09 02:08:14.342, 3, 81616, 97871, 99, 455.30
2026/10/09 02:08:15.342, 0, 82625, 97871, 99, 468.24
2026/10/09 02:08:15.342, 1, 82622, 97871, 99, 458.60
2026/10/09 02:08:15.342, 2, 79902, 97871, 100, 480.46
2026/10/09 02:08:15.342, 3, 81616, 97871, 99, 452.54
2026/10/09 02:08:16.342, 0, 82625, 97871, 99, 472.18
2026/10/09 02:08:16.342, 1, 82622, 97871, 99, 463.53
2026/10/09 02:08:16.342, 2, 79902, 97871, 100, 484.58
2026/10/09 02:08:16.342, 3, 81616, 97871, 99, 457.07
2026/10/09 02:08:17.342, 0, 82625, 97871, 99, 466.84
2026/10/09 02:08:17.342, 1, 82622, 97871, 97, 453.11
2026/10/09 02:08:17.342, 2, 79902, 97871, 100, 482.37
2026/10/09 02:08:17.342, 3, 81616, 97871, 99, 459.75
2026/10/09 02:08:18.343, 0, 82625, 97871, 99, 465.52
2026/10/09 02:08:18.343, 1, 82622, 97871, 96, 460.62
2026/10/09 02:08:18.343, 2, 79902, 97871, 100, 477.84
2026/10/09 02:08:18.343, 3, 81616, 97871, 99, 459.75
2026/10/09 02:08:19.343, 0, 82625, 97871, 99, 466.67
2026/10/09 02:08:19.343, 1, 82622, 97871, 99, 456.48
2026/10/09 02:08:19.343, 2, 79902, 97871, 100, 478.49
2026/10/09 02:08:19.343, 3, 81616, 97871, 99, 456.65
2026/10/09 02:08:20.343, 0, 82625, 97871, 99, 473.74
2026/10/09 02:08:20.343, 1, 82622, 97871, 99, 459.52
2026/10/09 02:08:20.343, 2, 79902, 97871, 100, 479.97
2026/10/09 02:08:20.343, 3, 81616, 97871, 99, 450.04
2026/10/09 02:08:21.343, 0, 82625, 97871, 99, 464.18
2026/10/09 02:08:21.343, 1, 82622, 97871, 99, 459.26
2026/10/09 02:08:21.343, 2, 79902, 97871, 97, 484.31
2026/10/09 02:08:21.344, 3, 81616, 97871, 99, 457.53
2026/10/09 02:08:22.344, 0, 82625, 97871, 99, 478.57
2026/10/09 02:08:22.344, 1, 82622, 97871, 99, 456.49
2026/10/09 02:08:22.344, 2, 79902, 97871, 100, 479.48
2026/10/09 02:08:22.344, 3, 81616, 97871, 99, 457.95
2026/10/09 02:08:23.344, 0, 82625, 97871, 99, 474.20
2026/10/09 02:08:23.344, 1, 82622, 97871, 99, 453.90
2026/10/09 02:08:23.344, 2, 79902, 97871, 100, 483.65
2026/10/09 02:08:23.344, 3, 81616, 97871, 99, 460.77
2026/10/09 02:08:24.344, 0, 82625, 97871, 96, 476.12
2026/10/09 02:08:24.344, 1, 82622, 97871, 99, 457.95
2026/10/09 02:08:24.344, 2, 79902, 97871, 100, 479.74
2026/10/09 02:08:24.344, 3, 81616, 97871, 99, 458.95
2026/10/09 02:08:25.344, 0, 82625, 97871, 99, 466.32
2026/10/09 02:08:25.344, 1, 82622, 97871, 99, 458.22
2026/10/09 02:08:25.345, 2, 79902, 97871, 98, 485.86
2026/10/09 02:08:25.345, 3, 81616, 97871, 99, 449.10
2026/10/09 02:08:26.345, 0, 82625, 97871, 99, 468.33
2026/10/09 02:08:26.345, 1, 82622, 97871, 99, 456.76
2026/10/09 02:08:26.345, 2, 79902, 97871, 100, 474.14
2026/10/09 02:08:26.345, 3, 81616, 97871, 99, 458.61
2026/10/09 02:08:27.345, 0, 82625, 97871, 99, 472.43
2026/10/09 02:08:27.345, 1, 82622, 97871, 99, 451.01
2026/10/09 02:08:27.345, 2, 79902, 97871, 100, 476.61
2026/10/09 02:08:27.345, 3, 81616, 97871, 99, 452.84
2026/10/09 02:08:28.345, 0, 82625, 97871, 99, 465.27
2026/10/09 02:08:28.345, 1, 82622, 97871, 99, 463.78
2026/10/09 02:08:28.345, 2, 79902, 97871, 100, 481.25
2026/10/09 02:08:28.345, 3, 81616, 97871, 99, 451.93
2026/10/09 02:08:29.345, 0, 82625, 97871, 99, 475.66
2026/10/09 02:08:29.345, 1, 82622, 97871, 99, 451.33
2026/10/09 02:08:29.345, 2, 79902, 97871, 100, 480.65
2026/10/09 02:08:29.346, 3, 81616, 97871, 99, 457.86
2026/10/09 02:08:30.346, 0, 82625, 97871, 99, 470.71
2026/10/09 02:08:30.346, 1, 82622, 97871, 99, 456.49
2026/10/09 02:08:30.346, 2, 79902, 97871, 100, 482.01
2026/10/09 02:08:30.346, 3, 81616, 97871, 96, 458.17
2026/10/09 02:08:31.346, 0, 82625, 97871, 99, 477.24
2026/10/09 02:08:31.346, 1, 82622, 97871, 99, 458.70
2026/10/09 02:08:31.346, 2, 79902, 97871, 100, 481.47
2026/10/09 02:08:31.346, 3, 81616, 97871, 96, 455.80
2026/10/09 02:08:32.346, 0, 82625, 97871, 100, 471.46
2026/10/09 02:08:32.346, 1, 82622, 97871, 99, 459.54
2026/10/09 02:08:32.346, 2, 79902, 97871, 100, 478.89
2026/10/09 02:08:32.346, 3, 81616, 97871, 99, 447.28
2026/10/09 02:08:33.346, 0, 82625, 97871, 99, 463.43
2026/10/09 02:08:33.346, 1, 82622, 97871, 99, 454.97
2026/10/09 02:08:33.347, 2, 79902, 97871, 100, 479.67
2026/10/09 02:08:33.347, 3, 81616, 97871, 99, 453.82
2026/10/09 02:08:34.347, 0, 82625, 97871, 99, 466.98
2026/10/09 02:08:34.347, 1, 82622, 97871, 99, 457.95
2026/10/09 02:08:34.347, 2, 79902, 97871, 100, 485.36
2026/10/09 02:08:34.347, 3, 81616, 97871, 99, 458.23
2026/10/09 02:08:35.347, 0, 82625, 97871, 99, 479.69
2026/10/09 02:08:35.347, 1, 82622, 97871, 100, 466.88
2026/10/09 02:08:35.347, 2, 79902, 97871, 100, 478.61
2026/10/09 02:08:35.347, 3, 81616, 97871, 95, 454.01
2026/10/09 02:08:36.347, 0, 82625, 97871, 99, 476.24
2026/10/09 02:08:36.347, 1, 82622, 97871, 99, 455.09
2026/10/09 02:08:36.347, 2, 79902, 97871, 100, 478.51
2026/10/09 02:08:36.347, 3, 81616, 97871, 100, 458.65
2026/10/09 02:08:37.347, 0, 82625, 97871, 99, 469.46
2026/10/09 02:08:37.348, 1, 82622, 97871, 99, 456.85
2026/10/09 02:08:37.348, 2, 79902, 97871, 100, 480.62
2026/10/09 02:08:37.348, 3, 81616, 97871, 99, 457.98
2026/10/09 02:08:38.348, 0, 82625, 97871, 99, 473.80
2026/10/09 02:08:38.348, 1, 82622, 97871, 99, 457.23
2026/10/09 02:08:38.348, 2, 79902, 97871, 100, 480.08
2026/10/09 02:08:38.348, 3, 81616, 97871, 99, 457.70
2026/10/09 02:08:39.348, 0, 82624, 97871, 99, 467.14
2026/10/09 02:08:39.348, 1, 82622, 97871, 99, 458.41
2026/10/09 02:08:39.348, 2, 79902, 97871, 100, 481.62
2026/10/09 02:08:39.348, 3, 81616, 97871, 99, 457.63
2026/10/09 02:08:40.348, 0, 82624, 97871, 99, 472.26
2026/10/09 02:08:40.348, 1, 82622, 97871, 99, 460.26
2026/10/09 02:08:40.348, 2, 79902, 97871, 100, 480.60
2026/10/09 02:08:40.348, 3, 81616, 97871, 97, 466.13
2026/10/09 02:08:41.349, 0, 82624, 97871, 99, 482.24
2026/10/09 02:08:41.349, 1, 82622, 97871, 99, 465.04
2026/10/09 02:08:41.349, 2, 79902, 97871, 100, 476.61
2026/10/09 02:08:41.349, 3, 81616, 97871, 99, 462.44
2026/10/09 02:08:42.349, 0, 82624, 97871, 99, 478.86
2026/10/09 02:08:42.349, 1, 82622, 97871, 99, 455.64
2026/10/09 02:08:42.349, 2, 79902, 97871, 100, 486.19
2026/10/09 02:08:42.349, 3, 81616, 97871, 99, 457.67
2026/10/09 02:08:43.349, 0, 82624, 97871, 97, 476.57
2026/10/09 02:08:43.349, 1, 82622, 97871, 99, 458.23
2026/10/09 02:08:43.349, 2, 79902, 97871, 98, 477.34
2026/10/09 02:08:43.349, 3, 81616, 97871, 99, 457.59
2026/10/09 02:08:44.349, 0, 82624, 97871, 99, 475.84
2026/10/09 02:08:44.349, 1, 82622, 97871, 99, 459.87
2026/10/09 02:08:44.350, 2, 79902, 97871, 100, 481.83
2026/10/09 02:08:44.350, 3, 81616, 97871, 96, 462.83
2026/10/09 02:08:45.350, 0, 82624, 97871, 99, 469.56
2026/10/09 02:08:45.350, 1, 82622, 97871, 97, 461.58
2026/10/09 02:08:45.350, 2, 79902, 97871, 100, 479.86
2026/10/09 02:08:45.350, 3, 81616, 97871, 99, 459.01
2026/10/09 02:08:46.350, 0, 82624, 97871, 99, 469.71
2026/10/09 02:08:46.350, 1, 82622, 97871, 100, 460.86
2026/10/09 02:08:46.350, 2, 79902, 97871, 100, 479.99
2026/10/09 02:08:46.350, 3, 81616, 97871, 99, 465.61
2026/10/09 02:08:47.350, 0, 82624, 97871, 99, 471.62
2026/10/09 02:08:47.350, 1, 82622, 97871, 99, 452.20
2026/10/09 02:08:47.350, 2, 79902, 97871, 100, 479.30
2026/10/09 02:08:47.350, 3, 81616, 97871, 95, 461.22
2026/10/09 02:08:48.350, 0, 82624, 97871, 99, 472.36
2026/10/09 02:08:48.351, 1, 82622, 97871, 99, 465.11
2026/10/09 02:08:48.351, 2, 79902, 97871, 100, 478.40
2026/10/09 02:08:48.351, 3, 81616, 97871, 100, 457.44
2026/10/09 02:08:49.351, 0, 82624, 97871, 99, 470.33
2026/10/09 02:08:49.351, 1, 82622, 97871, 99, 456.48
2026/10/09 02:08:49.351, 2, 79902, 97871, 100, 479.49
2026/10/09 02:08:49.351, 3, 81616, 97871, 97, 458.54
2026/10/09 02:08:50.351, 0, 82624, 97871, 99, 466.89
2026/10/09 02:08:50.351, 1, 82622, 97871, 100, 457.33
2026/10/09 02:08:50.351, 2, 79902, 97871, 100, 482.99
2026/10/09 02:08:50.351, 3, 81616, 97871, 99, 456.41
2026/10/09 02:08:51.351, 0, 82624, 97871, 99, 468.98
2026/10/09 02:08:51.351, 1, 82622, 97871, 99, 450.40
2026/10/09 02:08:51.351, 2, 79902, 97871, 100, 477.59
2026/10/09 02:08:51.351, 3, 81616, 97871, 99, 459.01
2026/10/09 02:08:52.351, 0, 82624, 97871, 99, 473.51
2026/10/09 02:08:52.352, 1, 82622, 97871, 99, 457.57
2026/10/09 02:08:52.352, 2, 79902, 97871, 100, 480.53
2026/10/09 02:08:52.352, 3, 81616, 97871, 99, 462.59
2026/10/09 02:08:53.352, 0, 82624, 97871, 99, 470.38
2026/10/09 02:08:53.352, 1, 82622, 97871, 99, 456.07
2026/10/09 02:08:53.352, 2, 79902, 97871, 100, 480.13
2026/10/09 02:08:53.352, 3, 81616, 97871, 99, 459.98
2026/10/09 02:08:54.352, 0, 82624, 97871, 99, 472.62
2026/10/09 02:08:54.352, 1, 82622, 97871, 99, 458.04
2026/10/09 02:08:54.352, 2, 79902, 97871, 100, 474.32
2026/10/09 02:08:54.352, 3, 81616, 97871, 99, 460.69
2026/10/09 02:08:55.352, 0, 82624, 97871, 99, 477.16
2026/10/09 02:08:55.352, 1, 82622, 97871, 99, 457.47
2026/10/09 02:08:55.352, 2, 79902, 97871, 100, 477.40
2026/10/09 02:08:55.352, 3, 81616, 97871, 99, 456.09
2026/10/09 02:08:56.352, 0, 82624, 97871, 99, 475.08
2026/10/09 02:08:56.353, 1, 82622, 97871, 99, 456.17
2026/10/09 02:08:56.353, 2, 79902, 97871, 100, 478.64
2026/10/09 02:08:56.353, 3, 81616, 97871, 96, 461.17
2026/10/09 02:08:57.353, 0, 82624, 97871, 99, 469.62
2026/10/09 02:08:57.353, 1, 82622, 97871, 99, 456.47
2026/10/09 02:08:57.353, 2, 79902, 97871, 100, 480.78
2026/10/09 02:08:57.353, 3, 81616, 97871, 100, 464.34
2026/10/09 02:08:58.353, 0, 82624, 97871, 99, 467.57
2026/10/09 02:08:58.353, 1, 82622, 97871, 99, 458.08
2026/10/09 02:08:58.353, 2, 79902, 97871, 100, 479.65
2026/10/09 02:08:58.353, 3, 81616, 97871, 99, 455.82
2026/10/09 02:08:59.353, 0, 82624, 97871, 99, 465.30
2026/10/09 02:08:59.353, 1, 82622, 97871, 96, 465.12
2026/10/09 02:08:59.353, 2, 79902, 97871, 100, 483.98
2026/10/09 02:08:59.353, 3, 81616, 97871, 99, 456.90
2026/10/09 02:09:00.353, 0, 82624, 97871, 99, 467.05
2026/10/09 02:09:00.353, 1, 82622, 97871, 99, 448.65
2026/10/09 02:09:00.353, 2, 79902, 97871, 100, 472.02
2026/10/09 02:09:00.354, 3, 81616, 97871, 99, 448.54
2026/10/09 02:09:01.354, 0, 82624, 97871, 99, 463.80
2026/10/09 02:09:01.354, 1, 82622, 97871, 99, 465.72
2026/10/09 02:09:01.354, 2, 79902, 97871, 100, 480.64
2026/10/09 02:09:01.354, 3, 81616, 97871, 99, 453.71
2026/10/09 02:09:02.354, 0, 82624, 97871, 99, 470.57
2026/10/09 02:09:02.354, 1, 82622, 97871, 99, 453.05
2026/10/09 02:09:02.354, 2, 79902, 97871, 100, 476.89
2026/10/09 02:09:02.354, 3, 81616, 97871, 99, 457.96
2026/10/09 02:09:03.354, 0, 82624, 97871, 99, 463.68
2026/10/09 02:09:03.354, 1, 82622, 97871, 99, 454.44
2026/10/09 02:09:03.354, 2, 79902, 97871, 97, 477.55
2026/10/09 02:09:03.354, 3, 81616, 97871, 99, 467.83
2026/10/09 02:09:04.354, 0, 82624, 97871, 99, 470.73
2026/10/09 02:09:04.354, 1, 82622, 97871, 99, 456.57
2026/10/09 02:09:04.354, 2, 79902, 97871, 97, 475.95
2026/10/09 02:09:04.354, 3, 81616, 97871, 100, 459.50
2026/10/09 02:09:05.355, 0, 82624, 97871, 99, 463.30
2026/10/09 02:09:05.355, 1, 82622, 97871, 99, 456.07
2026/10/09 02:09:05.355, 2, 79902, 97871, 100, 474.02
2026/10/09 02:09:05.355, 3, 81616, 97871, 99, 451.16
2026/10/09 02:09:06.355, 0, 82624, 97871, 99, 469.55
2026/10/09 02:09:06.355, 1, 82622, 97871, 99, 454.29
2026/10/09 02:09:06.355, 2, 79902, 97871, 97, 476.93
2026/10/09 02:09:06.355, 3, 81616, 97871, 99, 458.39
2026/10/09 02:09:07.355, 0, 82624, 97871, 99, 468.42
2026/10/09 02:09:07.355, 1, 82622, 97871, 99, 456.20
2026/10/09 02:09:07.355, 2, 79902, 97871, 100, 475.69
2026/10/09 02:09:07.355, 3, 81616, 97871, 99, 456.08
2026/10/09 02:09:08.355, 0, 82624, 97871, 99, 473.99
2026/10/09 02:09:08.355, 1, 82622, 97871, 99, 453.58
2026/10/09 02:09:08.355, 2, 79902, 97871, 100, 476.19
2026/10/09 02:09:08.355, 3, 81616, 97871, 99, 450.22
2026/10/09 02:09:09.355, 0, 82624, 97871, 99, 471.38
2026/10/09 02:09:09.356, 1, 82622, 97871, 100, 459.20
2026/10/09 02:09:09.356, 2, 79902, 97871, 100, 481.29
2026/10/09 02:09:09.356, 3, 81616, 97871, 99, 456.12
2026/10/09 02:09:10.356, 0, 82624, 97871, 99, 468.95
2026/10/09 02:09:10.356, 1, 82622, 97871, 96, 460.72
2026/10/09 02:09:10.356, 2, 79902, 97871, 100, 480.16
2026/10/09 02:09:10.356, 3, 81616, 97871, 99, 456.69
2026/10/09 02:09:11.356, 0, 82624, 97871, 99, 468.61
2026/10/09 02:09:11.356, 1, 82622, 97871, 96, 460.95
2026/10/09 02:09:11.356, 2, 79902, 97871, 100, 478.78
2026/10/09 02:09:11.356, 3, 81616, 97871, 100, 457.58
2026/10/09 02:09:12.356, 0, 82624, 97871, 99, 471.41
2026/10/09 02:09:12.356, 1, 82622, 97871, 99, 448.11
2026/10/09 02:09:12.356, 2, 79902, 97871, 100, 479.73
2026/10/09 02:09:12.356, 3, 81616, 97871, 99, 449.57
2026/10/09 02:09:13.356, 0, 82624, 97871, 99, 475.06
2026/10/09 02:09:13.356, 1, 82622, 97871, 99, 459.84
2026/10/09 02:09:13.356, 2, 79902, 97871, 100, 479.73
2026/10/09 02:09:13.357, 3, 81616, 97871, 99, 461.83
2026/10/09 02:09:14.357, 0, 82624, 97871, 99, 468.75
2026/10/09 02:09:14.357, 1, 82622, 97871, 100, 462.98
2026/10/09 02:09:14.357, 2, 79902, 97871, 100, 481.13
2026/10/09 02:09:14.357, 3, 81616, 97871, 99, 445.43
2026/10/09 02:09:15.357, 0, 82624, 97871, 99, 469.20
2026/10/09 02:09:15.357, 1, 82622, 97871, 99, 450.04
2026/10/09 02:09:15.357, 2, 79902, 97871, 100, 476.68
2026/10/09 02:09:15.357, 3, 81616, 97871, 99, 455.08
2026/10/09 02:09:16.357, 0, 82624, 97871, 99, 466.60
2026/10/09 02:09:16.357, 1, 82622, 97871, 99, 451.94
2026/10/09 02:09:16.357, 2, 79902, 97871, 100, 478.96
2026/10/09 02:09:16.357, 3, 81616, 97871, 99, 457.63
2026/10/09 02:09:17.357, 0, 82624, 97871, 99, 470.05
2026/10/09 02:09:17.357, 1, 82622, 97871, 99, 466.25
2026/10/09 02:09:17.357, 2, 79902, 97871, 96, 484.85
2026/10/09 02:09:17.357, 3, 81616, 97871, 99, 458.19
2026/10/09 02:09:18.357, 0, 82624, 97871, 99, 470.28
2026/10/09 02:09:18.358, 1, 82622, 97871, 99, 459.52
2026/10/09 02:09:18.358, 2, 79902, 97871, 100, 468.82
2026/10/09 02:09:18.358, 3, 81616, 97871, 99, 460.30
2026/10/09 02:09:19.358, 0, 82624, 97871, 99, 462.77
2026/10/09 02:09:19.358, 1, 82622, 97871, 99, 456.99
2026/10/09 02:09:19.358, 2, 79902, 97871, 100, 477.95
2026/10/09 02:09:19.358, 3, 81616, 97871, 99, 452.12
2026/10/09 02:09:20.358, 0, 82624, 97871, 99, 468.49
2026/10/09 02:09:20.358, 1, 82622, 97871, 99, 458.18
2026/10/09 02:09:20.358, 2, 79902, 97871, 100, 479.51
2026/10/09 02:09:20.358, 3, 81616, 97871, 99, 458.80
2026/10/09 02:09:21.358, 0, 82624, 97871, 99, 468.39
2026/10/09 02:09:21.358, 1, 82622, 97871, 100, 456.62
2026/10/09 02:09:21.358, 2, 79902, 97871, 100, 479.79
2026/10/09 02:09:21.358, 3, 81616, 97871, 99, 458.94
2026/10/09 02:09:22.358, 0, 82624, 97871, 95, 471.27
2026/10/09 02:09:22.358, 1, 82622, 97871, 100, 451.85
2026/10/09 02:09:22.358, 2, 79902, 97871, 100, 477.67
2026/10/09 02:09:22.359, 3, 81616, 97871, 99, 459.27
2026/10/09 02:09:23.359, 0, 82624, 97871, 95, 465.89
2026/10/09 02:09:23.359, 1, 82622, 97871, 96, 463.08
2026/10/09 02:09:23.359, 2, 79902, 97871, 100, 474.27
2026/10/09 02:09:23.359, 3, 81616, 97871, 99, 458.20
2026/10/09 02:09:24.359, 0, 82624, 97871, 99, 457.00
2026/10/09 02:09:24.359, 1, 82622, 97871, 99, 447.74
2026/10/09 02:09:24.359, 2, 79902, 97871, 100, 468.90
2026/10/09 02:09:24.359, 3, 81616, 97871, 99, 448.41
2026/10/09 02:09:25.359, 0, 82624, 97871, 99, 467.71
2026/10/09 02:09:25.359, 1, 82622, 97871, 100, 443.42
2026/10/09 02:09:25.359, 2, 79902, 97871, 100, 525.63
2026/10/09 02:09:25.359, 3, 81616, 97871, 99, 458.83
2026/10/09 02:09:26.359, 0, 82624, 97871, 77, 436.69
2026/10/09 02:09:26.359, 1, 82622, 97871, 100, 516.52
2026/10/09 02:09:26.359, 2, 79902, 97871, 100, 525.49
2026/10/09 02:09:26.359, 3, 81616, 97871, 99, 455.73
2026/10/09 02:09:27.360, 0, 82624, 97871, 100, 524.09
2026/10/09 02:09:27.360, 1, 82622, 97871, 100, 507.99
2026/10/09 02:09:27.360, 2, 79902, 97871, 100, 524.49
2026/10/09 02:09:27.360, 3, 81616, 97871, 99, 453.43
2026/10/09 02:09:28.360, 0, 82624, 97871, 100, 534.43
2026/10/09 02:09:28.360, 1, 82622, 97871, 100, 523.84
2026/10/09 02:09:28.360, 2, 79902, 97871, 100, 531.58
2026/10/09 02:09:28.360, 3, 81616, 97871, 99, 458.19
2026/10/09 02:09:29.360, 0, 82624, 97871, 100, 540.65
2026/10/09 02:09:29.360, 1, 82622, 97871, 100, 519.76
2026/10/09 02:09:29.360, 2, 79902, 97871, 100, 524.82
2026/10/09 02:09:29.360, 3, 81616, 97871, 99, 456.56
2026/10/09 02:09:30.360, 0, 82624, 97871, 100, 531.62
2026/10/09 02:09:30.360, 1, 82622, 97871, 100, 517.48
2026/10/09 02:09:30.360, 2, 79902, 97871, 100, 532.90
2026/10/09 02:09:30.360, 3, 81616, 97871, 99, 458.68
2026/10/09 02:09:31.361, 0, 82624, 97871, 100, 526.10
2026/10/09 02:09:31.361, 1, 82622, 97871, 100, 512.96
2026/10/09 02:09:31.361, 2, 79902, 97871, 100, 534.41
2026/10/09 02:09:31.361, 3, 81616, 97871, 99, 448.32
2026/10/09 02:09:32.361, 0, 82624, 97871, 100, 536.15
2026/10/09 02:09:32.361, 1, 82622, 97871, 100, 522.55
2026/10/09 02:09:32.361, 2, 79902, 97871, 100, 526.98
2026/10/09 02:09:32.361, 3, 81616, 97871, 100, 466.94
2026/10/09 02:09:33.361, 0, 82624, 97871, 100, 533.54
2026/10/09 02:09:33.361, 1, 82622, 97871, 100, 516.51
2026/10/09 02:09:33.361, 2, 79902, 97871, 100, 514.93
2026/10/09 02:09:33.361, 3, 81616, 97871, 100, 514.32
2026/10/09 02:09:34.361, 0, 82624, 97871, 100, 528.17
2026/10/09 02:09:34.361, 1, 82622, 97871, 100, 525.22
2026/10/09 02:09:34.361, 2, 79902, 97871, 100, 522.09
2026/10/09 02:09:34.361, 3, 81616, 97871, 100, 521.39
2026/10/09 02:09:35.362, 0, 82624, 97871, 100, 537.64
2026/10/09 02:09:35.362, 1, 82622, 97871, 100, 520.50
2026/10/09 02:09:35.362, 2, 79902, 97871, 100, 525.48
2026/10/09 02:09:35.362, 3, 81616, 97871, 100, 513.20
2026/10/09 02:09:36.362, 0, 82624, 97871, 100, 537.59
2026/10/09 02:09:36.362, 1, 82622, 97871, 100, 520.22
2026/10/09 02:09:36.362, 2, 79902, 97871, 100, 534.01
2026/10/09 02:09:36.362, 3, 81616, 97871, 100, 523.15
2026/10/09 02:09:37.362, 0, 82624, 97871, 100, 535.74
2026/10/09 02:09:37.362, 1, 82622, 97871, 100, 508.50
2026/10/09 02:09:37.362, 2, 79902, 97871, 100, 532.69
2026/10/09 02:09:37.362, 3, 81616, 97871, 100, 518.40
2026/10/09 02:09:38.363, 0, 82624, 97871, 100, 526.19
2026/10/09 02:09:38.363, 1, 82622, 97871, 100, 522.11
2026/10/09 02:09:38.363, 2, 79902, 97871, 100, 524.26
2026/10/09 02:09:38.363, 3, 81616, 97871, 100, 516.01
2026/10/09 02:09:39.363, 0, 82624, 97871, 100, 539.87
2026/10/09 02:09:39.363, 1, 82622, 97871, 100, 519.04
2026/10/09 02:09:39.363, 2, 79902, 97871, 100, 534.95
2026/10/09 02:09:39.363, 3, 81616, 97871, 100, 521.71
2026/10/09 02:09:40.363, 0, 82624, 97871, 100, 530.91
2026/10/09 02:09:40.363, 1, 82622, 97871, 100, 506.39
2026/10/09 02:09:40.363, 2, 79902, 97871, 100, 521.62
2026/10/09 02:09:40.363, 3, 81616, 97871, 100, 525.35
2026/10/09 02:09:41.363, 0, 82624, 97871, 100, 558.71
2026/10/09 02:09:41.364, 1, 82622, 97871, 100, 522.92
2026/10/09 02:09:41.364, 2, 79902, 97871, 100, 538.44
2026/10/09 02:09:41.364, 3, 81616, 97871, 100, 522.03
2026/10/09 02:09:42.364, 0, 82624, 97871, 100, 532.51
2026/10/09 02:09:42.364, 1, 82622, 97871, 100, 525.25
2026/10/09 02:09:42.364, 2, 79902, 97871, 100, 522.67
2026/10/09 02:09:42.364, 3, 81616, 97871, 100, 515.22
2026/10/09 02:09:43.364, 0, 82624, 97871, 100, 531.87
2026/10/09 02:09:43.364, 1, 82622, 97871, 100, 507.01
2026/10/09 02:09:43.364, 2, 79902, 97871, 100, 530.37
2026/10/09 02:09:43.364, 3, 81616, 97871, 100, 517.47
2026/10/09 02:09:44.364, 0, 82624, 97871, 100, 541.63
2026/10/09 02:09:44.364, 1, 82622, 97871, 100, 514.30
2026/10/09 02:09:44.364, 2, 79902, 97871, 100, 537.31
2026/10/09 02:09:44.364, 3, 81616, 97871, 100, 520.68
2026/10/09 02:09:45.365, 0, 82624, 97871, 100, 534.09
2026/10/09 02:09:45.365, 1, 82622, 97871, 100, 524.70
2026/10/09 02:09:45.365, 2, 79902, 97871, 100, 516.09
2026/10/09 02:09:45.365, 3, 81616, 97871, 100, 525.33
2026/10/09 02:09:46.365, 0, 82624, 97871, 100, 543.99
2026/10/09 02:09:46.365, 1, 82622, 97871, 100, 513.85
2026/10/09 02:09:46.365, 2, 79902, 97871, 100, 523.16
2026/10/09 02:09:46.365, 3, 81616, 97871, 100, 510.38
2026/10/09 02:09:47.365, 0, 82624, 97871, 100, 517.99
2026/10/09 02:09:47.365, 1, 82622, 97871, 100, 518.67
2026/10/09 02:09:47.368, 2, 79902, 97871, 100, 526.53
2026/10/09 02:09:47.368, 3, 81616, 97871, 100, 515.50
2026/10/09 02:09:48.368, 0, 82624, 97871, 100, 523.50
2026/10/09 02:09:48.369, 1, 82622, 97871, 100, 515.87
2026/10/09 02:09:48.369, 2, 79902, 97871, 100, 541.94
2026/10/09 02:09:48.369, 3, 81616, 97871, 100, 518.45
2026/10/09 02:09:49.369, 0, 82624, 97871, 100, 523.43
2026/10/09 02:09:49.369, 1, 82622, 97871, 100, 519.95
2026/10/09 02:09:49.369, 2, 79902, 97871, 100, 518.06
2026/10/09 02:09:49.369, 3, 81616, 97871, 100, 514.50
2026/10/09 02:09:50.369, 0, 82624, 97871, 100, 537.21
2026/10/09 02:09:50.369, 1, 82622, 97871, 100, 531.44
2026/10/09 02:09:50.369, 2, 79902, 97871, 100, 524.18
2026/10/09 02:09:50.369, 3, 81616, 97871, 100, 516.97
2026/10/09 02:09:51.369, 0, 82624, 97871, 100, 551.92
2026/10/09 02:09:51.370, 1, 82622, 97871, 100, 514.94
2026/10/09 02:09:51.370, 2, 79902, 97871, 100, 502.17
2026/10/09 02:09:51.370, 3, 81616, 97871, 100, 531.17
2026/10/09 02:09:52.370, 0, 82624, 97871, 100, 526.32
2026/10/09 02:09:52.370, 1, 82622, 97871, 100, 503.07
2026/10/09 02:09:52.370, 2, 79902, 97871, 100, 478.92
2026/10/09 02:09:52.370, 3, 81616, 97871, 100, 522.51
2026/10/09 02:09:53.370, 0, 82624, 97871, 100, 529.46
2026/10/09 02:09:53.370, 1, 82622, 97871, 100, 509.42
2026/10/09 02:09:53.370, 2, 79902, 97871, 100, 528.51
2026/10/09 02:09:53.370, 3, 81616, 97871, 100, 518.39
2026/10/09 02:09:54.370, 0, 82624, 97871, 100, 539.59
2026/10/09 02:09:54.370, 1, 82622, 97871, 99, 465.70
2026/10/09 02:09:54.370, 2, 79902, 97871, 100, 526.18
2026/10/09 02:09:54.370, 3, 81616, 97871, 100, 520.95
2026/10/09 02:09:55.371, 0, 82624, 97871, 99, 491.55
2026/10/09 02:09:55.371, 1, 82622, 97871, 100, 472.45
2026/10/09 02:09:55.371, 2, 79902, 97871, 98, 506.24
2026/10/09 02:09:55.371, 3, 81616, 97871, 100, 521.63
2026/10/09 02:09:56.371, 0, 82624, 97871, 100, 453.49
2026/10/09 02:09:56.371, 1, 82622, 97871, 100, 528.91
2026/10/09 02:09:56.371, 2, 79902, 97871, 100, 500.93
2026/10/09 02:09:56.371, 3, 81616, 97871, 100, 520.45
2026/10/09 02:09:57.371, 0, 82624, 97871, 100, 548.93
2026/10/09 02:09:57.371, 1, 82622, 97871, 100, 522.00
2026/10/09 02:09:57.380, 2, 79902, 97871, 100, 530.60
2026/10/09 02:09:57.380, 3, 81616, 97871, 100, 520.67
2026/10/09 02:09:58.380, 0, 82624, 97871, 100, 547.31
2026/10/09 02:09:58.380, 1, 82622, 97871, 100, 506.45
2026/10/09 02:09:58.380, 2, 79902, 97871, 100, 527.61
2026/10/09 02:09:58.380, 3, 81616, 97871, 100, 516.07
2026/10/09 02:09:59.380, 0, 82624, 97871, 100, 528.95
2026/10/09 02:09:59.380, 1, 82622, 97871, 100, 507.80
2026/10/09 02:09:59.380, 2, 79902, 97871, 100, 519.60
2026/10/09 02:09:59.381, 3, 81616, 97871, 100, 512.30
2026/10/09 02:10:00.381, 0, 82624, 97871, 100, 514.30
2026/10/09 02:10:00.381, 1, 82622, 97871, 100, 525.99
2026/10/09 02:10:00.381, 2, 79902, 97871, 100, 519.86
2026/10/09 02:10:00.381, 3, 81616, 97871, 99, 486.39
2026/10/09 02:10:01.381, 0, 82624, 97871, 100, 544.35
2026/10/09 02:10:01.381, 1, 82622, 97871, 100, 525.72
2026/10/09 02:10:01.381, 2, 79902, 97871, 100, 523.94
2026/10/09 02:10:01.381, 3, 81616, 97871, 100, 461.41
2026/10/09 02:10:02.381, 0, 82624, 97871, 100, 546.57
2026/10/09 02:10:02.381, 1, 82622, 97871, 100, 511.46
2026/10/09 02:10:02.381, 2, 79902, 97871, 100, 518.76
2026/10/09 02:10:02.381, 3, 81616, 97871, 100, 533.25
2026/10/09 02:10:03.382, 0, 82624, 97871, 100, 529.87
2026/10/09 02:10:03.382, 1, 82622, 97871, 100, 517.32
2026/10/09 02:10:03.382, 2, 79902, 97871, 100, 515.50
2026/10/09 02:10:03.382, 3, 81616, 97871, 100, 529.62
2026/10/09 02:10:04.382, 0, 82624, 97871, 100, 531.12
2026/10/09 02:10:04.382, 1, 82622, 97871, 100, 513.21
2026/10/09 02:10:04.382, 2, 79902, 97871, 100, 519.10
2026/10/09 02:10:04.382, 3, 81616, 97871, 100, 511.50
2026/10/09 02:10:05.382, 0, 82624, 97871, 100, 534.62
2026/10/09 02:10:05.382, 1, 82622, 97871, 100, 518.75
2026/10/09 02:10:05.382, 2, 79902, 97871, 100, 518.34
2026/10/09 02:10:05.382, 3, 81616, 97871, 100, 511.17
2026/10/09 02:10:06.382, 0, 82624, 97871, 100, 532.64
2026/10/09 02:10:06.382, 1, 82622, 97871, 100, 513.86
2026/10/09 02:10:06.383, 2, 79902, 97871, 100, 517.38
2026/10/09 02:10:06.383, 3, 81616, 97871, 100, 527.46
2026/10/09 02:10:07.383, 0, 82624, 97871, 100, 530.48
2026/10/09 02:10:07.383, 1, 82622, 97871, 100, 512.23
2026/10/09 02:10:07.387, 2, 79902, 97871, 100, 516.75
2026/10/09 02:10:07.387, 3, 81616, 97871, 100, 527.23
2026/10/09 02:10:08.387, 0, 82624, 97871, 100, 533.01
2026/10/09 02:10:08.387, 1, 82622, 97871, 100, 510.57
2026/10/09 02:10:08.387, 2, 79902, 97871, 100, 517.78
2026/10/09 02:10:08.387, 3, 81616, 97871, 100, 514.94
2026/10/09 02:10:09.387, 0, 82624, 97871, 100, 531.86
2026/10/09 02:10:09.387, 1, 82622, 97871, 100, 508.21
2026/10/09 02:10:09.387, 2, 79902, 97871, 100, 516.59
2026/10/09 02:10:09.387, 3, 81616, 97871, 100, 523.50
2026/10/09 02:10:10.387, 0, 82624, 97871, 100, 529.42
2026/10/09 02:10:10.387, 1, 82622, 97871, 100, 512.40
2026/10/09 02:10:10.387, 2, 79902, 97871, 100, 517.37
2026/10/09 02:10:10.387, 3, 81616, 97871, 100, 519.43
2026/10/09 02:10:11.388, 0, 82624, 97871, 100, 528.50
2026/10/09 02:10:11.388, 1, 82622, 97871, 100, 515.24
2026/10/09 02:10:11.388, 2, 79902, 97871, 100, 513.78
2026/10/09 02:10:11.388, 3, 81616, 97871, 100, 516.35
2026/10/09 02:10:12.388, 0, 82624, 97871, 100, 530.25
2026/10/09 02:10:12.388, 1, 82622, 97871, 100, 513.62
2026/10/09 02:10:12.388, 2, 79902, 97871, 100, 520.05
2026/10/09 02:10:12.388, 3, 81616, 97871, 100, 516.39
2026/10/09 02:10:13.388, 0, 82624, 97871, 100, 530.15
2026/10/09 02:10:13.388, 1, 82622, 97871, 100, 512.00
2026/10/09 02:10:13.388, 2, 79902, 97871, 100, 459.02
2026/10/09 02:10:13.388, 3, 81616, 97871, 100, 514.76
2026/10/09 02:10:14.388, 0, 82624, 97871, 100, 527.54
2026/10/09 02:10:14.389, 1, 82622, 97871, 100, 511.11
2026/10/09 02:10:14.389, 2, 79902, 97871, 100, 528.90
2026/10/09 02:10:14.389, 3, 81616, 97871, 100, 512.11
2026/10/09 02:10:15.389, 0, 82624, 97871, 100, 528.58
2026/10/09 02:10:15.389, 1, 82622, 97871, 100, 512.42
2026/10/09 02:10:15.389, 2, 79902, 97871, 100, 527.95
2026/10/09 02:10:15.389, 3, 81616, 97871, 100, 516.41
2026/10/09 02:10:16.389, 0, 82624, 97871, 100, 527.13
2026/10/09 02:10:16.389, 1, 82622, 97871, 99, 493.38
2026/10/09 02:10:16.389, 2, 79902, 97871, 100, 528.33
2026/10/09 02:10:16.389, 3, 81616, 97871, 100, 514.90
2026/10/09 02:10:17.389, 0, 82624, 97871, 100, 531.04
2026/10/09 02:10:17.389, 1, 82622, 97871, 100, 467.52
2026/10/09 02:10:17.394, 2, 79902, 97871, 100, 525.41
2026/10/09 02:10:17.394, 3, 81616, 97871, 100, 516.28
2026/10/09 02:10:18.394, 0, 82624, 97871, 100, 481.84
2026/10/09 02:10:18.394, 1, 82622, 97871, 100, 528.95
2026/10/09 02:10:18.394, 2, 79902, 97871, 100, 528.24
2026/10/09 02:10:18.394, 3, 81616, 97871, 100, 514.84
2026/10/09 02:10:19.394, 0, 82624, 97871, 100, 547.31
2026/10/09 02:10:19.394, 1, 82622, 97871, 100, 525.43
2026/10/09 02:10:19.394, 2, 79902, 97871, 100, 521.08
2026/10/09 02:10:19.394, 3, 81616, 97871, 100, 516.45
2026/10/09 02:10:20.394, 0, 82624, 97871, 100, 546.16
2026/10/09 02:10:20.395, 1, 82622, 97871, 100, 523.23
2026/10/09 02:10:20.395, 2, 79902, 97871, 100, 509.57
2026/10/09 02:10:20.395, 3, 81616, 97871, 100, 517.35
2026/10/09 02:10:21.395, 0, 82624, 97871, 100, 547.83
2026/10/09 02:10:21.395, 1, 82622, 97871, 100, 526.31
2026/10/09 02:10:21.395, 2, 79902, 97871, 100, 509.09
2026/10/09 02:10:21.395, 3, 81616, 97871, 100, 512.36
2026/10/09 02:10:22.395, 0, 82624, 97871, 100, 545.52
2026/10/09 02:10:22.395, 1, 82622, 97871, 100, 521.89
2026/10/09 02:10:22.395, 2, 79902, 97871, 100, 530.37
2026/10/09 02:10:22.395, 3, 81616, 97871, 100, 501.53
2026/10/09 02:10:23.395, 0, 82624, 97871, 100, 541.75
2026/10/09 02:10:23.395, 1, 82622, 97871, 100, 511.75
2026/10/09 02:10:23.395, 2, 79902, 97871, 100, 530.58
2026/10/09 02:10:23.395, 3, 81616, 97871, 100, 475.12
2026/10/09 02:10:24.396, 0, 82624, 97871, 100, 530.39
2026/10/09 02:10:24.396, 1, 82622, 97871, 100, 506.83
2026/10/09 02:10:24.396, 2, 79902, 97871, 100, 526.32
2026/10/09 02:10:24.396, 3, 81616, 97871, 100, 527.48
2026/10/09 02:10:25.396, 0, 82624, 97871, 100, 525.22
2026/10/09 02:10:25.396, 1, 82622, 97871, 96, 489.59
2026/10/09 02:10:25.396, 2, 79902, 97871, 100, 529.13
2026/10/09 02:10:25.396, 3, 81616, 97871, 100, 530.61
2026/10/09 02:10:26.396, 0, 82624, 97871, 99, 503.41
2026/10/09 02:10:26.396, 1, 82622, 97871, 100, 524.16
2026/10/09 02:10:26.396, 2, 79902, 97871, 100, 529.39
2026/10/09 02:10:26.396, 3, 81616, 97871, 100, 530.12
2026/10/09 02:10:27.396, 0, 82624, 97871, 100, 543.81
2026/10/09 02:10:27.397, 1, 82622, 97871, 100, 525.52
2026/10/09 02:10:27.403, 2, 79902, 97871, 100, 521.90
2026/10/09 02:10:27.403, 3, 81616, 97871, 100, 525.31
2026/10/09 02:10:28.403, 0, 82624, 97871, 100, 546.78
2026/10/09 02:10:28.403, 1, 82622, 97871, 100, 526.25
2026/10/09 02:10:28.403, 2, 79902, 97871, 100, 518.90
2026/10/09 02:10:28.403, 3, 81616, 97871, 100, 523.73
2026/10/09 02:10:29.403, 0, 82624, 97871, 100, 542.20
2026/10/09 02:10:29.403, 1, 82622, 97871, 100, 526.85
2026/10/09 02:10:29.403, 2, 79902, 97871, 100, 522.44
2026/10/09 02:10:29.403, 3, 81616, 97871, 100, 518.24
2026/10/09 02:10:30.403, 0, 82624, 97871, 100, 545.00
2026/10/09 02:10:30.404, 1, 82622, 97871, 100, 526.30
2026/10/09 02:10:30.404, 2, 79902, 97871, 100, 519.98
2026/10/09 02:10:30.404, 3, 81616, 97871, 100, 515.84
2026/10/09 02:10:31.404, 0, 82624, 97871, 100, 544.51
2026/10/09 02:10:31.404, 1, 82622, 97871, 100, 513.61
2026/10/09 02:10:31.404, 2, 79902, 97871, 100, 520.51
2026/10/09 02:10:31.404, 3, 81616, 97871, 100, 508.46
2026/10/09 02:10:32.404, 0, 82624, 97871, 100, 536.02
2026/10/09 02:10:32.404, 1, 82622, 97871, 100, 513.49
2026/10/09 02:10:32.404, 2, 79902, 97871, 100, 522.84
2026/10/09 02:10:32.404, 3, 81616, 97871, 100, 529.15
2026/10/09 02:10:33.404, 0, 82624, 97871, 100, 533.54
2026/10/09 02:10:33.404, 1, 82622, 97871, 100, 516.16
2026/10/09 02:10:33.404, 2, 79902, 97871, 100, 516.48
2026/10/09 02:10:33.405, 3, 81616, 97871, 100, 525.14
2026/10/09 02:10:34.405, 0, 82624, 97871, 100, 533.10
2026/10/09 02:10:34.405, 1, 82622, 97871, 100, 516.89
2026/10/09 02:10:34.405, 2, 79902, 97871, 100, 519.82
2026/10/09 02:10:34.405, 3, 81616, 97871, 100, 528.83
2026/10/09 02:10:35.405, 0, 82624, 97871, 100, 532.54
2026/10/09 02:10:35.405, 1, 82622, 97871, 100, 520.07
2026/10/09 02:10:35.405, 2, 79902, 97871, 100, 519.98
2026/10/09 02:10:35.405, 3, 81616, 97871, 100, 529.63
2026/10/09 02:10:36.405, 0, 82624, 97871, 100, 536.73
2026/10/09 02:10:36.405, 1, 82622, 97871, 100, 516.90
2026/10/09 02:10:36.405, 2, 79902, 97871, 100, 519.31
2026/10/09 02:10:36.405, 3, 81616, 97871, 100, 523.27
2026/10/09 02:10:37.405, 0, 82624, 97871, 100, 534.83
2026/10/09 02:10:37.406, 1, 82622, 97871, 100, 513.50
2026/10/09 02:10:37.413, 2, 79902, 97871, 100, 516.96
2026/10/09 02:10:37.413, 3, 81616, 97871, 100, 519.39
2026/10/09 02:10:38.413, 0, 82624, 97871, 100, 535.23
2026/10/09 02:10:38.413, 1, 82622, 97871, 100, 514.39
2026/10/09 02:10:38.413, 2, 79902, 97871, 100, 521.43
2026/10/09 02:10:38.413, 3, 81616, 97871, 100, 520.90
2026/10/09 02:10:39.413, 0, 82624, 97871, 100, 532.62
2026/10/09 02:10:39.413, 1, 82622, 97871, 100, 514.53
2026/10/09 02:10:39.413, 2, 79902, 97871, 100, 520.46
2026/10/09 02:10:39.413, 3, 81616, 97871, 100, 518.14
2026/10/09 02:10:40.413, 0, 82624, 97871, 100, 533.93
2026/10/09 02:10:40.413, 1, 82621, 97871, 100, 513.10
2026/10/09 02:10:40.413, 2, 79901, 97871, 100, 520.40
2026/10/09 02:10:40.414, 3, 81615, 97871, 100, 519.94
2026/10/09 02:10:41.414, 0, 82624, 97871, 100, 532.38
2026/10/09 02:10:41.414, 1, 82621, 97871, 100, 520.78
2026/10/09 02:10:41.414, 2, 79901, 97871, 100, 516.08
2026/10/09 02:10:41.414, 3, 81615, 97871, 100, 518.06
2026/10/09 02:10:42.414, 0, 82624, 97871, 100, 535.95
2026/10/09 02:10:42.414, 1, 82621, 97871, 100, 512.47
2026/10/09 02:10:42.414, 2, 79901, 97871, 100, 518.76
2026/10/09 02:10:42.414, 3, 81615, 97871, 100, 515.97
2026/10/09 02:10:43.414, 0, 82624, 97871, 100, 535.82
2026/10/09 02:10:43.414, 1, 82621, 97871, 100, 518.31
2026/10/09 02:10:43.414, 2, 79901, 97871, 100, 514.72
2026/10/09 02:10:43.414, 3, 81615, 97871, 100, 516.82
2026/10/09 02:10:44.415, 0, 82624, 97871, 100, 533.91
2026/10/09 02:10:44.415, 1, 82621, 97871, 100, 517.46
2026/10/09 02:10:44.415, 2, 79901, 97871, 100, 522.15
2026/10/09 02:10:44.415, 3, 81615, 97871, 100, 518.98
2026/10/09 02:10:45.415, 0, 82624, 97871, 100, 535.49
2026/10/09 02:10:45.415, 1, 82621, 97871, 100, 517.89
2026/10/09 02:10:45.415, 2, 79901, 97871, 100, 520.75
2026/10/09 02:10:45.415, 3, 81615, 97871, 100, 520.43
2026/10/09 02:10:46.415, 0, 82624, 97871, 100, 536.65
2026/10/09 02:10:46.415, 1, 82621, 97871, 100, 517.23
2026/10/09 02:10:46.415, 2, 79901, 97871, 100, 516.47
2026/10/09 02:10:46.415, 3, 81615, 97871, 100, 517.97
2026/10/09 02:10:47.415, 0, 82624, 97871, 100, 535.60
2026/10/09 02:10:47.416, 1, 82621, 97871, 100, 514.51
2026/10/09 02:10:47.419, 2, 79901, 97871, 100, 515.40
2026/10/09 02:10:47.419, 3, 81615, 97871, 100, 518.99
2026/10/09 02:10:48.420, 0, 82624, 97871, 100, 536.43
2026/10/09 02:10:48.420, 1, 82621, 97871, 100, 518.41
2026/10/09 02:10:48.420, 2, 79901, 97871, 100, 516.25
2026/10/09 02:10:48.420, 3, 81615, 97871, 100, 519.33
2026/10/09 02:10:49.420, 0, 82624, 97871, 100, 531.22
2026/10/09 02:10:49.420, 1, 82621, 97871, 100, 515.04
2026/10/09 02:10:49.420, 2, 79901, 97871, 100, 517.19
2026/10/09 02:10:49.420, 3, 81615, 97871, 100, 520.53
2026/10/09 02:10:50.420, 0, 82624, 97871, 100, 533.04
2026/10/09 02:10:50.420, 1, 82621, 97871, 100, 515.08
2026/10/09 02:10:50.420, 2, 79901, 97871, 100, 513.63
2026/10/09 02:10:50.420, 3, 81615, 97871, 100, 520.85
2026/10/09 02:10:51.420, 0, 82624, 97871, 100, 532.30
2026/10/09 02:10:51.421, 1, 82621, 97871, 100, 518.17
2026/10/09 02:10:51.421, 2, 79901, 97871, 100, 512.25
2026/10/09 02:10:51.421, 3, 81615, 97871, 100, 522.22
2026/10/09 02:10:52.421, 0, 82624, 97871, 100, 533.52
2026/10/09 02:10:52.421, 1, 82621, 97871, 100, 512.58
2026/10/09 02:10:52.421, 2, 79901, 97871, 100, 469.66
2026/10/09 02:10:52.421, 3, 81615, 97871, 100, 520.68
2026/10/09 02:10:53.421, 0, 82624, 97871, 100, 532.00
2026/10/09 02:10:53.421, 1, 82621, 97871, 100, 513.26
2026/10/09 02:10:53.421, 2, 79901, 97871, 100, 499.29
2026/10/09 02:10:53.421, 3, 81615, 97871, 100, 513.67
2026/10/09 02:10:54.421, 0, 82624, 97871, 100, 532.19
2026/10/09 02:10:54.421, 1, 82621, 97871, 100, 511.73
2026/10/09 02:10:54.421, 2, 79901, 97871, 100, 529.31
2026/10/09 02:10:54.422, 3, 81615, 97871, 100, 518.21
2026/10/09 02:10:55.422, 0, 82624, 97871, 100, 527.39
2026/10/09 02:10:55.422, 1, 82621, 97871, 100, 512.48
2026/10/09 02:10:55.422, 2, 79901, 97871, 100, 530.08
2026/10/09 02:10:55.422, 3, 81615, 97871, 100, 518.37
2026/10/09 02:10:56.422, 0, 82624, 97871, 100, 533.40
2026/10/09 02:10:56.422, 1, 82621, 97871, 100, 510.97
2026/10/09 02:10:56.422, 2, 79901, 97871, 100, 531.42
2026/10/09 02:10:56.422, 3, 81615, 97871, 100, 521.13
2026/10/09 02:10:57.422, 0, 82624, 97871, 100, 526.60
2026/10/09 02:10:57.422, 1, 82621, 97871, 100, 511.35
2026/10/09 02:10:57.429, 2, 79901, 97871, 100, 527.34
2026/10/09 02:10:57.429, 3, 81615, 97871, 100, 518.97
2026/10/09 02:10:58.429, 0, 82624, 97871, 100, 525.18
2026/10/09 02:10:58.429, 1, 82621, 97871, 100, 433.81
2026/10/09 02:10:58.429, 2, 79901, 97871, 100, 528.72
2026/10/09 02:10:58.429, 3, 81615, 97871, 100, 515.93
2026/10/09 02:10:59.429, 0, 82624, 97871, 1, 451.03
2026/10/09 02:10:59.429, 1, 82621, 97871, 100, 525.63
2026/10/09 02:10:59.429, 2, 79901, 97871, 100, 527.15
2026/10/09 02:10:59.429, 3, 81615, 97871, 100, 519.17
2026/10/09 02:11:00.429, 0, 82624, 97871, 100, 556.83
2026/10/09 02:11:00.430, 1, 82621, 97871, 100, 524.36
2026/10/09 02:11:00.430, 2, 79901, 97871, 100, 526.35
2026/10/09 02:11:00.430, 3, 81615, 97871, 100, 521.34
2026/10/09 02:11:01.430, 0, 82624, 97871, 100, 547.23
2026/10/09 02:11:01.430, 1, 82621, 97871, 100, 527.21
2026/10/09 02:11:01.430, 2, 79901, 97871, 100, 529.53
2026/10/09 02:11:01.430, 3, 81615, 97871, 100, 514.78
2026/10/09 02:11:02.430, 0, 82624, 97871, 100, 544.01
2026/10/09 02:11:02.430, 1, 82621, 97871, 100, 523.92
2026/10/09 02:11:02.430, 2, 79901, 97871, 100, 528.33
2026/10/09 02:11:02.430, 3, 81615, 97871, 100, 509.22
2026/10/09 02:11:03.430, 0, 82624, 97871, 100, 544.49
2026/10/09 02:11:03.431, 1, 82621, 97871, 100, 525.43
2026/10/09 02:11:03.431, 2, 79901, 97871, 100, 527.10
2026/10/09 02:11:03.431, 3, 81615, 97871, 100, 449.55
2026/10/09 02:11:04.431, 0, 82624, 97871, 100, 545.12
2026/10/09 02:11:04.431, 1, 82621, 97871, 91, 524.13
2026/10/09 02:11:04.431, 2, 79901, 97871, 100, 517.11
2026/10/09 02:11:04.431, 3, 81615, 97871, 100, 531.80
2026/10/09 02:11:05.431, 0, 82624, 97871, 100, 547.47
2026/10/09 02:11:05.431, 1, 82621, 97871, 100, 528.45
2026/10/09 02:11:05.431, 2, 79901, 97871, 100, 515.82
2026/10/09 02:11:05.431, 3, 81615, 97871, 100, 525.72
2026/10/09 02:11:06.431, 0, 82624, 97871, 100, 539.71
2026/10/09 02:11:06.432, 1, 82621, 97871, 100, 525.76
2026/10/09 02:11:06.432, 2, 79901, 97871, 100, 516.00
2026/10/09 02:11:06.432, 3, 81615, 97871, 100, 528.37
2026/10/09 02:11:07.432, 0, 82624, 97871, 100, 542.74
2026/10/09 02:11:07.432, 1, 82621, 97871, 100, 522.08
2026/10/09 02:11:07.438, 2, 79901, 97871, 100, 510.46
2026/10/09 02:11:07.438, 3, 81615, 97871, 100, 527.15
2026/10/09 02:11:08.438, 0, 82624, 97871, 100, 543.98
2026/10/09 02:11:08.439, 1, 82621, 97871, 100, 520.62
2026/10/09 02:11:08.439, 2, 79901, 97871, 20, 482.76
2026/10/09 02:11:08.439, 3, 81615, 97871, 100, 527.67
2026/10/09 02:11:09.439, 0, 82624, 97871, 100, 541.74
2026/10/09 02:11:09.439, 1, 82621, 97871, 100, 514.67
2026/10/09 02:11:09.439, 2, 79901, 97871, 100, 528.72
2026/10/09 02:11:09.439, 3, 81615, 97871, 100, 530.69
2026/10/09 02:11:10.439, 0, 82624, 97871, 100, 536.72
2026/10/09 02:11:10.439, 1, 82621, 97871, 100, 511.03
2026/10/09 02:11:10.439, 2, 79901, 97871, 100, 529.43
2026/10/09 02:11:10.439, 3, 81615, 97871, 100, 529.33
2026/10/09 02:11:11.439, 0, 82624, 97871, 100, 525.64
2026/10/09 02:11:11.440, 1, 82621, 97871, 100, 507.76
2026/10/09 02:11:11.440, 2, 79901, 97871, 100, 526.54
2026/10/09 02:11:11.440, 3, 81615, 97871, 100, 527.16
2026/10/09 02:11:12.440, 0, 82624, 97871, 100, 532.83
2026/10/09 02:11:12.440, 1, 82621, 97871, 100, 507.76
2026/10/09 02:11:12.440, 2, 79901, 97871, 100, 524.67
2026/10/09 02:11:12.440, 3, 81615, 97871, 100, 525.32
2026/10/09 02:11:13.440, 0, 82624, 97871, 97, 526.59
2026/10/09 02:11:13.440, 1, 82621, 97871, 100, 509.74
2026/10/09 02:11:13.440, 2, 79901, 97871, 100, 526.45
2026/10/09 02:11:13.440, 3, 81615, 97871, 100, 523.41
2026/10/09 02:11:14.440, 0, 82624, 97871, 100, 523.75
2026/10/09 02:11:14.441, 1, 82621, 97871, 84, 475.80
2026/10/09 02:11:14.441, 2, 79901, 97871, 100, 528.51
2026/10/09 02:11:14.441, 3, 81615, 97871, 100, 521.00
2026/10/09 02:11:15.441, 0, 82624, 97871, 100, 509.01
2026/10/09 02:11:15.441, 1, 82621, 97871, 100, 524.05
2026/10/09 02:11:15.441, 2, 79901, 97871, 100, 528.22
2026/10/09 02:11:15.441, 3, 81615, 97871, 100, 519.33
2026/10/09 02:11:16.441, 0, 82624, 97871, 100, 505.21
2026/10/09 02:11:16.441, 1, 82621, 97871, 100, 524.46
2026/10/09 02:11:16.441, 2, 79901, 97871, 100, 528.89
2026/10/09 02:11:16.441, 3, 81615, 97871, 100, 517.55
2026/10/09 02:11:17.441, 0, 82624, 97871, 100, 545.20
2026/10/09 02:11:17.441, 1, 82621, 97871, 100, 523.26
2026/10/09 02:11:17.445, 2, 79901, 97871, 100, 529.20
2026/10/09 02:11:17.445, 3, 81615, 97871, 100, 514.05
2026/10/09 02:11:18.445, 0, 82624, 97871, 100, 545.46
2026/10/09 02:11:18.445, 1, 82621, 97871, 100, 526.15
2026/10/09 02:11:18.445, 2, 79901, 97871, 100, 528.93
2026/10/09 02:11:18.445, 3, 81615, 97871, 100, 505.04
2026/10/09 02:11:19.445, 0, 82624, 97871, 100, 542.85
2026/10/09 02:11:19.445, 1, 82621, 97871, 100, 529.27
2026/10/09 02:11:19.446, 2, 79901, 97871, 100, 522.89
2026/10/09 02:11:19.446, 3, 81615, 97871, 100, 483.58
2026/10/09 02:11:20.446, 0, 82624, 97871, 100, 542.91
2026/10/09 02:11:20.446, 1, 82621, 97871, 100, 526.47
2026/10/09 02:11:20.446, 2, 79901, 97871, 100, 518.79
2026/10/09 02:11:20.446, 3, 81615, 97871, 100, 526.77
2026/10/09 02:11:21.446, 0, 82624, 97871, 100, 544.29
2026/10/09 02:11:21.446, 1, 82621, 97871, 100, 527.32
2026/10/09 02:11:21.446, 2, 79901, 97871, 100, 517.94
2026/10/09 02:11:21.446, 3, 81615, 97871, 100, 526.29
2026/10/09 02:11:22.446, 0, 82624, 97871, 100, 542.59
2026/10/09 02:11:22.446, 1, 82621, 97871, 100, 528.83
2026/10/09 02:11:22.446, 2, 79901, 97871, 100, 519.98
2026/10/09 02:11:22.447, 3, 81615, 97871, 100, 528.46
2026/10/09 02:11:23.447, 0, 82624, 97871, 100, 543.35
2026/10/09 02:11:23.447, 1, 82621, 97871, 100, 525.05
2026/10/09 02:11:23.447, 2, 79901, 97871, 100, 521.12
2026/10/09 02:11:23.447, 3, 81615, 97871, 100, 527.11
2026/10/09 02:11:24.447, 0, 82624, 97871, 100, 543.82
2026/10/09 02:11:24.447, 1, 82621, 97871, 100, 524.26
2026/10/09 02:11:24.447, 2, 79901, 97871, 100, 520.65
2026/10/09 02:11:24.447, 3, 81615, 97871, 100, 525.94
2026/10/09 02:11:25.447, 0, 82624, 97871, 100, 543.56
2026/10/09 02:11:25.447, 1, 82621, 97871, 100, 520.00
2026/10/09 02:11:25.447, 2, 79901, 97871, 100, 520.77
2026/10/09 02:11:25.447, 3, 81615, 97871, 100, 527.57
2026/10/09 02:11:26.448, 0, 82624, 97871, 100, 537.75
2026/10/09 02:11:26.448, 1, 82621, 97871, 100, 515.42
2026/10/09 02:11:26.448, 2, 79901, 97871, 100, 519.05
2026/10/09 02:11:26.448, 3, 81615, 97871, 100, 527.03
2026/10/09 02:11:27.448, 0, 82624, 97871, 100, 529.20
2026/10/09 02:11:27.448, 1, 82621, 97871, 100, 515.28
2026/10/09 02:11:27.466, 2, 79901, 97871, 100, 521.30
2026/10/09 02:11:27.466, 3, 81615, 97871, 100, 528.60
2026/10/09 02:11:28.467, 0, 82624, 97871, 100, 534.34
2026/10/09 02:11:28.467, 1, 82621, 97871, 100, 523.31
2026/10/09 02:11:28.467, 2, 79901, 97871, 100, 514.73
2026/10/09 02:11:28.467, 3, 81615, 97871, 100, 528.55
2026/10/09 02:11:29.467, 0, 82624, 97871, 100, 534.01
2026/10/09 02:11:29.467, 1, 82621, 97871, 100, 517.86
2026/10/09 02:11:29.467, 2, 79901, 97871, 100, 524.46
2026/10/09 02:11:29.467, 3, 81615, 97871, 100, 524.55
2026/10/09 02:11:30.467, 0, 82624, 97871, 100, 538.88
2026/10/09 02:11:30.468, 1, 82621, 97871, 100, 518.98
2026/10/09 02:11:30.468, 2, 79901, 97871, 100, 519.35
2026/10/09 02:11:30.468, 3, 81615, 97871, 100, 521.15
2026/10/09 02:11:31.468, 0, 82624, 97871, 100, 534.69
2026/10/09 02:11:31.468, 1, 82621, 97871, 100, 519.39
2026/10/09 02:11:31.468, 2, 79901, 97871, 100, 522.36
2026/10/09 02:11:31.468, 3, 81615, 97871, 100, 520.84
2026/10/09 02:11:32.468, 0, 82624, 97871, 100, 534.43
2026/10/09 02:11:32.468, 1, 82621, 97871, 100, 519.66
2026/10/09 02:11:32.468, 2, 79901, 97871, 100, 516.93
2026/10/09 02:11:32.468, 3, 81615, 97871, 100, 523.82
2026/10/09 02:11:33.469, 0, 82624, 97871, 100, 533.54
2026/10/09 02:11:33.469, 1, 82621, 97871, 100, 513.79
2026/10/09 02:11:33.469, 2, 79901, 97871, 100, 523.04
2026/10/09 02:11:33.469, 3, 81615, 97871, 100, 520.46
2026/10/09 02:11:34.469, 0, 82624, 97871, 100, 538.19
2026/10/09 02:11:34.469, 1, 82621, 97871, 100, 516.27
2026/10/09 02:11:34.469, 2, 79901, 97871, 100, 525.47
2026/10/09 02:11:34.469, 3, 81615, 97871, 100, 524.00
2026/10/09 02:11:35.469, 0, 82624, 97871, 100, 536.76
2026/10/09 02:11:35.469, 1, 82621, 97871, 100, 518.38
2026/10/09 02:11:35.470, 2, 79901, 97871, 100, 521.47
2026/10/09 02:11:35.470, 3, 81615, 97871, 100, 524.58
2026/10/09 02:11:36.470, 0, 82624, 97871, 100, 536.42
2026/10/09 02:11:36.470, 1, 82621, 97871, 100, 522.56
2026/10/09 02:11:36.470, 2, 79901, 97871, 100, 520.62
2026/10/09 02:11:36.470, 3, 81615, 97871, 100, 522.52
2026/10/09 02:11:37.470, 0, 82624, 97871, 100, 532.73
2026/10/09 02:11:37.470, 1, 82621, 97871, 100, 521.18
2026/10/09 02:11:37.478, 2, 79901, 97871, 100, 524.04
2026/10/09 02:11:37.478, 3, 81615, 97871, 100, 520.63
2026/10/09 02:11:38.478, 0, 82624, 97871, 100, 535.25
2026/10/09 02:11:38.478, 1, 82621, 97871, 100, 522.11
2026/10/09 02:11:38.478, 2, 79901, 97871, 100, 520.57
2026/10/09 02:11:38.478, 3, 81615, 97871, 100, 521.44
2026/10/09 02:11:39.478, 0, 82624, 97871, 100, 533.26
2026/10/09 02:11:39.479, 1, 82621, 97871, 100, 520.46
2026/10/09 02:11:39.479, 2, 79901, 97871, 100, 518.34
2026/10/09 02:11:39.479, 3, 81615, 97871, 100, 521.49
2026/10/09 02:11:40.479, 0, 82624, 97871, 100, 534.91
2026/10/09 02:11:40.479, 1, 82621, 97871, 100, 517.23
2026/10/09 02:11:40.479, 2, 79901, 97871, 100, 519.13
2026/10/09 02:11:40.479, 3, 81615, 97871, 100, 518.01
2026/10/09 02:11:41.479, 0, 82624, 97871, 100, 538.42
2026/10/09 02:11:41.479, 1, 82621, 97871, 100, 518.82
2026/10/09 02:11:41.479, 2, 79901, 97871, 100, 516.35
2026/10/09 02:11:41.479, 3, 81615, 97871, 100, 520.92
2026/10/09 02:11:42.480, 0, 82624, 97871, 100, 538.72
2026/10/09 02:11:42.480, 1, 82621, 97871, 100, 516.89
2026/10/09 02:11:42.480, 2, 79901, 97871, 100, 523.13
2026/10/09 02:11:42.480, 3, 81615, 97871, 100, 519.74
2026/10/09 02:11:43.480, 0, 82624, 97871, 100, 537.89
2026/10/09 02:11:43.480, 1, 82621, 97871, 100, 519.47
2026/10/09 02:11:43.480, 2, 79901, 97871, 100, 521.30
2026/10/09 02:11:43.480, 3, 81615, 97871, 100, 525.22
2026/10/09 02:11:44.480, 0, 82624, 97871, 100, 535.81
2026/10/09 02:11:44.480, 1, 82621, 97871, 100, 517.39
2026/10/09 02:11:44.481, 2, 79901, 97871, 100, 520.04
2026/10/09 02:11:44.481, 3, 81615, 97871, 100, 519.14
2026/10/09 02:11:45.481, 0, 82624, 97871, 100, 539.44
2026/10/09 02:11:45.481, 1, 82621, 97871, 100, 517.34
2026/10/09 02:11:45.481, 2, 79901, 97871, 100, 519.06
2026/10/09 02:11:45.481, 3, 81615, 97871, 100, 521.03
2026/10/09 02:11:46.481, 0, 82624, 97871, 100, 535.95
2026/10/09 02:11:46.481, 1, 82621, 97871, 100, 518.27
2026/10/09 02:11:46.481, 2, 79901, 97871, 100, 521.79
2026/10/09 02:11:46.481, 3, 81615, 97871, 100, 523.57
2026/10/09 02:11:47.481, 0, 82624, 97871, 100, 537.67
2026/10/09 02:11:47.482, 1, 82621, 97871, 100, 518.62
2026/10/09 02:11:47.485, 2, 79901, 97871, 100, 519.80
2026/10/09 02:11:47.485, 3, 81615, 97871, 100, 519.78
2026/10/09 02:11:48.485, 0, 82624, 97871, 100, 537.04
2026/10/09 02:11:48.485, 1, 82621, 97871, 100, 518.29
2026/10/09 02:11:48.485, 2, 79901, 97871, 100, 519.82
2026/10/09 02:11:48.486, 3, 81615, 97871, 100, 523.70
2026/10/09 02:11:49.486, 0, 82624, 97871, 100, 534.73
2026/10/09 02:11:49.486, 1, 82621, 97871, 100, 516.07
2026/10/09 02:11:49.486, 2, 79901, 97871, 100, 522.26
2026/10/09 02:11:49.486, 3, 81615, 97871, 100, 523.06
2026/10/09 02:11:50.486, 0, 82624, 97871, 100, 535.98
2026/10/09 02:11:50.486, 1, 82621, 97871, 100, 517.98
2026/10/09 02:11:50.486, 2, 79901, 97871, 100, 522.13
2026/10/09 02:11:50.486, 3, 81615, 97871, 100, 519.12
2026/10/09 02:11:51.486, 0, 82624, 97871, 100, 536.25
2026/10/09 02:11:51.487, 1, 82621, 97871, 100, 518.41
2026/10/09 02:11:51.487, 2, 79901, 97871, 100, 521.27
2026/10/09 02:11:51.487, 3, 81615, 97871, 100, 523.48
2026/10/09 02:11:52.487, 0, 82624, 97871, 100, 535.90
2026/10/09 02:11:52.487, 1, 82621, 97871, 100, 517.90
2026/10/09 02:11:52.487, 2, 79901, 97871, 100, 520.81
2026/10/09 02:11:52.487, 3, 81615, 97871, 100, 519.67
2026/10/09 02:11:53.487, 0, 82624, 97871, 100, 537.71
2026/10/09 02:11:53.487, 1, 82621, 97871, 100, 519.73
2026/10/09 02:11:53.487, 2, 79901, 97871, 100, 518.64
2026/10/09 02:11:53.487, 3, 81615, 97871, 100, 520.44
2026/10/09 02:11:54.488, 0, 82624, 97871, 100, 533.51
2026/10/09 02:11:54.488, 1, 82621, 97871, 100, 519.68
2026/10/09 02:11:54.488, 2, 79901, 97871, 100, 517.69
2026/10/09 02:11:54.488, 3, 81615, 97871, 100, 519.47
2026/10/09 02:11:55.488, 0, 82624, 97871, 100, 536.19
2026/10/09 02:11:55.488, 1, 82621, 97871, 100, 520.08
2026/10/09 02:11:55.488, 2, 79901, 97871, 100, 519.35
2026/10/09 02:11:55.488, 3, 81615, 97871, 100, 520.40
2026/10/09 02:11:56.488, 0, 82624, 97871, 100, 537.46
2026/10/09 02:11:56.488, 1, 82621, 97871, 100, 518.38
2026/10/09 02:11:56.488, 2, 79901, 97871, 100, 519.69
2026/10/09 02:11:56.489, 3, 81615, 97871, 100, 518.43
2026/10/09 02:11:57.489, 0, 82624, 97871, 100, 538.22
2026/10/09 02:11:57.489, 1, 82621, 97871, 100, 517.16
2026/10/09 02:11:57.497, 2, 79901, 97871, 100, 521.03
2026/10/09 02:11:57.497, 3, 81615, 97871, 100, 520.24
2026/10/09 02:11:58.498, 0, 82624, 97871, 100, 537.91
2026/10/09 02:11:58.498, 1, 82621, 97871, 100, 521.88
2026/10/09 02:11:58.498, 2, 79901, 97871, 100, 521.95
2026/10/09 02:11:58.498, 3, 81615, 97871, 100, 518.06
2026/10/09 02:11:59.498, 0, 82624, 97871, 100, 538.94
2026/10/09 02:11:59.498, 1, 82621, 97871, 100, 517.13
2026/10/09 02:11:59.498, 2, 79901, 97871, 100, 522.26
2026/10/09 02:11:59.498, 3, 81615, 97871, 100, 522.89
2026/10/09 02:12:00.498, 0, 82624, 97871, 100, 536.97
2026/10/09 02:12:00.498, 1, 82621, 97871, 100, 519.03
2026/10/09 02:12:00.498, 2, 79901, 97871, 100, 518.87
2026/10/09 02:12:00.498, 3, 81615, 97871, 100, 521.15
2026/10/09 02:12:01.499, 0, 82624, 97871, 100, 539.76
2026/10/09 02:12:01.499, 1, 82621, 97871, 100, 517.90
2026/10/09 02:12:01.499, 2, 79901, 97871, 100, 520.24
2026/10/09 02:12:01.499, 3, 81615, 97871, 100, 520.36
2026/10/09 02:12:02.499, 0, 82624, 97871, 100, 535.53
2026/10/09 02:12:02.499, 1, 82621, 97871, 100, 520.75
2026/10/09 02:12:02.499, 2, 79901, 97871, 100, 521.97
2026/10/09 02:12:02.499, 3, 81615, 97871, 100, 520.52
2026/10/09 02:12:03.499, 0, 82624, 97871, 100, 537.84
2026/10/09 02:12:03.499, 1, 82621, 97871, 100, 516.15
2026/10/09 02:12:03.499, 2, 79901, 97871, 100, 518.05
2026/10/09 02:12:03.499, 3, 81615, 97871, 100, 518.99
2026/10/09 02:12:04.500, 0, 82624, 97871, 100, 536.28
2026/10/09 02:12:04.500, 1, 82621, 97871, 100, 513.46
2026/10/09 02:12:04.500, 2, 79901, 97871, 100, 523.82
2026/10/09 02:12:04.500, 3, 81615, 97871, 100, 522.80
2026/10/09 02:12:05.500, 0, 82624, 97871, 100, 538.47
2026/10/09 02:12:05.500, 1, 82621, 97871, 100, 521.40
2026/10/09 02:12:05.500, 2, 79901, 97871, 100, 513.66
2026/10/09 02:12:05.500, 3, 81615, 97871, 100, 520.39
2026/10/09 02:12:06.500, 0, 82624, 97871, 100, 536.64
2026/10/09 02:12:06.500, 1, 82621, 97871, 100, 517.98
2026/10/09 02:12:06.500, 2, 79901, 97871, 100, 513.80
2026/10/09 02:12:06.500, 3, 81615, 97871, 100, 522.03
2026/10/09 02:12:07.500, 0, 82624, 97871, 100, 536.91
2026/10/09 02:12:07.501, 1, 82621, 97871, 100, 517.24
2026/10/09 02:12:07.504, 2, 79901, 97871, 100, 512.14
2026/10/09 02:12:07.504, 3, 81615, 97871, 100, 521.83
2026/10/09 02:12:08.504, 0, 82624, 97871, 100, 539.15
2026/10/09 02:12:08.504, 1, 82621, 97871, 100, 515.36
2026/10/09 02:12:08.504, 2, 79901, 97871, 100, 502.90
2026/10/09 02:12:08.504, 3, 81615, 97871, 100, 519.75
2026/10/09 02:12:09.504, 0, 82624, 97871, 100, 540.14
2026/10/09 02:12:09.504, 1, 82621, 97871, 100, 522.35
2026/10/09 02:12:09.504, 2, 79901, 97871, 100, 437.24
2026/10/09 02:12:09.504, 3, 81615, 97871, 100, 519.53
2026/10/09 02:12:10.504, 0, 82624, 97871, 100, 536.25
2026/10/09 02:12:10.504, 1, 82621, 97871, 100, 518.93
2026/10/09 02:12:10.504, 2, 79901, 97871, 100, 528.26
2026/10/09 02:12:10.504, 3, 81615, 97871, 100, 520.88
2026/10/09 02:12:11.504, 0, 82624, 97871, 100, 534.81
2026/10/09 02:12:11.505, 1, 82621, 97871, 100, 522.05
2026/10/09 02:12:11.505, 2, 79901, 97871, 100, 528.78
2026/10/09 02:12:11.505, 3, 81615, 97871, 100, 520.56
2026/10/09 02:12:12.505, 0, 82624, 97871, 100, 536.08
2026/10/09 02:12:12.505, 1, 82621, 97871, 100, 517.39
2026/10/09 02:12:12.505, 2, 79901, 97871, 100, 527.90
2026/10/09 02:12:12.505, 3, 81615, 97871, 100, 517.09
2026/10/09 02:12:13.505, 0, 82624, 97871, 100, 538.53
2026/10/09 02:12:13.505, 1, 82621, 97871, 100, 514.57
2026/10/09 02:12:13.505, 2, 79901, 97871, 100, 527.28
2026/10/09 02:12:13.505, 3, 81615, 97871, 100, 525.29
2026/10/09 02:12:14.505, 0, 82624, 97871, 100, 533.58
2026/10/09 02:12:14.505, 1, 82621, 97871, 100, 512.87
2026/10/09 02:12:14.505, 2, 79901, 97871, 100, 526.90
2026/10/09 02:12:14.505, 3, 81615, 97871, 100, 522.37
2026/10/09 02:12:15.505, 0, 82624, 97871, 100, 530.44
2026/10/09 02:12:15.505, 1, 82621, 97871, 100, 511.30
2026/10/09 02:12:15.505, 2, 79901, 97871, 100, 528.39
2026/10/09 02:12:15.505, 3, 81615, 97871, 100, 522.17
2026/10/09 02:12:16.506, 0, 82624, 97871, 100, 525.54
2026/10/09 02:12:16.506, 1, 82621, 97871, 100, 507.15
2026/10/09 02:12:16.506, 2, 79901, 97871, 100, 526.91
2026/10/09 02:12:16.506, 3, 81615, 97871, 100, 517.24
2026/10/09 02:12:17.506, 0, 82624, 97871, 100, 528.49
2026/10/09 02:12:17.506, 1, 82621, 97871, 99, 461.20
2026/10/09 02:12:17.509, 2, 79901, 97871, 100, 529.43
2026/10/09 02:12:17.509, 3, 81615, 97871, 100, 522.76
2026/10/09 02:12:18.509, 0, 82624, 97871, 100, 519.08
2026/10/09 02:12:18.509, 1, 82621, 97871, 100, 455.84
2026/10/09 02:12:18.509, 2, 79901, 97871, 100, 528.59
2026/10/09 02:12:18.509, 3, 81615, 97871, 100, 517.23
2026/10/09 02:12:19.509, 0, 82624, 97871, 28, 407.94
2026/10/09 02:12:19.509, 1, 82621, 97871, 100, 527.21
2026/10/09 02:12:19.509, 2, 79901, 97871, 100, 527.42
2026/10/09 02:12:19.509, 3, 81615, 97871, 100, 518.23
2026/10/09 02:12:20.509, 0, 82624, 97871, 100, 548.35
2026/10/09 02:12:20.510, 1, 82621, 97871, 100, 525.76
2026/10/09 02:12:20.510, 2, 79901, 97871, 100, 517.12
2026/10/09 02:12:20.510, 3, 81615, 97871, 100, 514.05
2026/10/09 02:12:21.510, 0, 82624, 97871, 100, 547.25
2026/10/09 02:12:21.510, 1, 82621, 97871, 100, 528.11
2026/10/09 02:12:21.510, 2, 79901, 97871, 100, 520.93
2026/10/09 02:12:21.510, 3, 81615, 97871, 100, 490.67
2026/10/09 02:12:22.510, 0, 82624, 97871, 100, 546.55
2026/10/09 02:12:22.510, 1, 82621, 97871, 100, 523.79
2026/10/09 02:12:22.510, 2, 79901, 97871, 100, 523.08
2026/10/09 02:12:22.510, 3, 81615, 97871, 100, 417.90
2026/10/09 02:12:23.510, 0, 82624, 97871, 100, 543.98
2026/10/09 02:12:23.510, 1, 82621, 97871, 100, 525.58
2026/10/09 02:12:23.510, 2, 79901, 97871, 100, 520.28
2026/10/09 02:12:23.510, 3, 81615, 97871, 100, 527.78
2026/10/09 02:12:24.510, 0, 82624, 97871, 100, 545.35
2026/10/09 02:12:24.510, 1, 82621, 97871, 100, 524.99
2026/10/09 02:12:24.510, 2, 79901, 97871, 100, 524.14
2026/10/09 02:12:24.510, 3, 81615, 97871, 100, 528.13
2026/10/09 02:12:25.510, 0, 82624, 97871, 100, 546.78
2026/10/09 02:12:25.510, 1, 82621, 97871, 100, 522.80
2026/10/09 02:12:25.511, 2, 79901, 97871, 100, 524.89
2026/10/09 02:12:25.511, 3, 81615, 97871, 100, 527.07
2026/10/09 02:12:26.511, 0, 82624, 97871, 100, 543.54
2026/10/09 02:12:26.511, 1, 82621, 97871, 100, 526.81
2026/10/09 02:12:26.511, 2, 79901, 97871, 100, 520.92
2026/10/09 02:12:26.511, 3, 81615, 97871, 100, 527.21
2026/10/09 02:12:27.511, 0, 82624, 97871, 100, 543.67
2026/10/09 02:12:27.511, 1, 82621, 97871, 100, 530.21
2026/10/09 02:12:27.516, 2, 79901, 97871, 100, 516.42
2026/10/09 02:12:27.516, 3, 81615, 97871, 100, 529.45
2026/10/09 02:12:28.516, 0, 82624, 97871, 100, 542.78
2026/10/09 02:12:28.516, 1, 82621, 97871, 100, 521.31
2026/10/09 02:12:28.516, 2, 79901, 97871, 100, 518.59
2026/10/09 02:12:28.516, 3, 81615, 97871, 100, 526.73
2026/10/09 02:12:29.516, 0, 82624, 97871, 100, 544.18
2026/10/09 02:12:29.516, 1, 82621, 97871, 100, 517.14
2026/10/09 02:12:29.516, 2, 79901, 97871, 100, 520.47
2026/10/09 02:12:29.516, 3, 81615, 97871, 100, 527.28
2026/10/09 02:12:30.516, 0, 82624, 97871, 100, 534.25
2026/10/09 02:12:30.516, 1, 82621, 97871, 100, 515.36
2026/10/09 02:12:30.516, 2, 79901, 97871, 100, 523.45
2026/10/09 02:12:30.516, 3, 81615, 97871, 100, 527.07
2026/10/09 02:12:31.516, 0, 82624, 97871, 100, 530.71
2026/10/09 02:12:31.516, 1, 82621, 97871, 100, 517.42
2026/10/09 02:12:31.516, 2, 79901, 97871, 100, 522.42
2026/10/09 02:12:31.516, 3, 81615, 97871, 100, 529.09
2026/10/09 02:12:32.516, 0, 82624, 97871, 100, 533.90
2026/10/09 02:12:32.516, 1, 82621, 97871, 100, 518.82
2026/10/09 02:12:32.517, 2, 79901, 97871, 100, 522.10
2026/10/09 02:12:32.517, 3, 81615, 97871, 100, 527.62
2026/10/09 02:12:33.517, 0, 82624, 97871, 100, 537.34
2026/10/09 02:12:33.517, 1, 82621, 97871, 100, 519.59
2026/10/09 02:12:33.517, 2, 79901, 97871, 100, 525.23
2026/10/09 02:12:33.517, 3, 81615, 97871, 100, 521.09
2026/10/09 02:12:34.517, 0, 82624, 97871, 100, 534.73
2026/10/09 02:12:34.517, 1, 82621, 97871, 100, 523.94
2026/10/09 02:12:34.517, 2, 79901, 97871, 100, 527.32
2026/10/09 02:12:34.517, 3, 81615, 97871, 100, 519.93
2026/10/09 02:12:35.517, 0, 82624, 97871, 100, 535.21
2026/10/09 02:12:35.517, 1, 82621, 97871, 100, 520.10
2026/10/09 02:12:35.517, 2, 79901, 97871, 100, 517.83
2026/10/09 02:12:35.517, 3, 81615, 97871, 100, 520.20
2026/10/09 02:12:36.517, 0, 82624, 97871, 100, 536.01
2026/10/09 02:12:36.517, 1, 82621, 97871, 100, 517.89
2026/10/09 02:12:36.517, 2, 79901, 97871, 100, 510.88
2026/10/09 02:12:36.517, 3, 81615, 97871, 100, 522.09
2026/10/09 02:12:37.517, 0, 82624, 97871, 100, 534.59
2026/10/09 02:12:37.517, 1, 82621, 97871, 100, 515.94
2026/10/09 02:12:37.523, 2, 79901, 97871, 100, 509.38
2026/10/09 02:12:37.523, 3, 81615, 97871, 100, 522.75
2026/10/09 02:12:38.523, 0, 82624, 97871, 100, 536.92
2026/10/09 02:12:38.523, 1, 82621, 97871, 100, 516.99
2026/10/09 02:12:38.523, 2, 79901, 97871, 100, 506.80
2026/10/09 02:12:38.523, 3, 81615, 97871, 100, 522.33
2026/10/09 02:12:39.523, 0, 82624, 97871, 100, 534.12
2026/10/09 02:12:39.523, 1, 82621, 97871, 100, 522.43
2026/10/09 02:12:39.523, 2, 79901, 97871, 4, 474.12
2026/10/09 02:12:39.523, 3, 81615, 97871, 100, 522.73
2026/10/09 02:12:40.523, 0, 82624, 97871, 100, 536.97
2026/10/09 02:12:40.523, 1, 82621, 97871, 100, 518.71
2026/10/09 02:12:40.523, 2, 79901, 97871, 100, 523.46
2026/10/09 02:12:40.523, 3, 81615, 97871, 100, 521.95
2026/10/09 02:12:41.523, 0, 82624, 97871, 100, 540.27
2026/10/09 02:12:41.523, 1, 82620, 97871, 100, 516.14
2026/10/09 02:12:41.523, 2, 79901, 97871, 100, 527.45
2026/10/09 02:12:41.523, 3, 81615, 97871, 100, 520.41
2026/10/09 02:12:42.523, 0, 82624, 97871, 100, 536.48
2026/10/09 02:12:42.523, 1, 82620, 97871, 100, 521.56
2026/10/09 02:12:42.523, 2, 79901, 97871, 100, 526.14
2026/10/09 02:12:42.523, 3, 81615, 97871, 100, 519.38
2026/10/09 02:12:43.523, 0, 82624, 97871, 100, 535.10
2026/10/09 02:12:43.524, 1, 82620, 97871, 100, 518.75
2026/10/09 02:12:43.524, 2, 79901, 97871, 100, 526.70
2026/10/09 02:12:43.524, 3, 81615, 97871, 100, 521.66
2026/10/09 02:12:44.524, 0, 82623, 97871, 100, 536.22
2026/10/09 02:12:44.524, 1, 82620, 97871, 100, 521.86
2026/10/09 02:12:44.524, 2, 79901, 97871, 100, 526.50
2026/10/09 02:12:44.524, 3, 81615, 97871, 100, 519.68
2026/10/09 02:12:45.524, 0, 82623, 97871, 100, 533.86
2026/10/09 02:12:45.524, 1, 82620, 97871, 100, 520.87
2026/10/09 02:12:45.524, 2, 79901, 97871, 100, 528.65
2026/10/09 02:12:45.524, 3, 81615, 97871, 100, 523.75
2026/10/09 02:12:46.524, 0, 82623, 97871, 100, 540.28
2026/10/09 02:12:46.524, 1, 82620, 97871, 100, 511.60
2026/10/09 02:12:46.524, 2, 79901, 97871, 100, 526.53
2026/10/09 02:12:46.524, 3, 81615, 97871, 100, 521.90
2026/10/09 02:12:47.524, 0, 82623, 97871, 100, 536.90
2026/10/09 02:12:47.524, 1, 82620, 97871, 100, 508.94
2026/10/09 02:12:47.534, 2, 79901, 97871, 100, 531.46
2026/10/09 02:12:47.534, 3, 81615, 97871, 100, 518.56
2026/10/09 02:12:48.534, 0, 82623, 97871, 100, 526.58
2026/10/09 02:12:48.534, 1, 82620, 97871, 100, 507.57
2026/10/09 02:12:48.534, 2, 79901, 97871, 100, 528.38
2026/10/09 02:12:48.534, 3, 81615, 97871, 100, 520.19
2026/10/09 02:12:49.534, 0, 82623, 97871, 100, 526.46
2026/10/09 02:12:49.534, 1, 82620, 97871, 99, 458.38
2026/10/09 02:12:49.534, 2, 79901, 97871, 100, 529.23
2026/10/09 02:12:49.534, 3, 81615, 97871, 100, 524.25
2026/10/09 02:12:50.534, 0, 82623, 97871, 100, 525.26
2026/10/09 02:12:50.534, 1, 82620, 97871, 100, 525.91
2026/10/09 02:12:50.534, 2, 79901, 97871, 100, 519.19
2026/10/09 02:12:50.534, 3, 81615, 97871, 100, 519.56
2026/10/09 02:12:51.535, 0, 82623, 97871, 99, 497.17
2026/10/09 02:12:51.535, 1, 82620, 97871, 100, 527.40
2026/10/09 02:12:51.535, 2, 79901, 97871, 100, 516.04
2026/10/09 02:12:51.535, 3, 81615, 97871, 100, 517.80
2026/10/09 02:12:52.535, 0, 82623, 97871, 100, 508.15
2026/10/09 02:12:52.535, 1, 82620, 97871, 100, 526.18
2026/10/09 02:12:52.535, 2, 79901, 97871, 100, 516.25
2026/10/09 02:12:52.535, 3, 81615, 97871, 100, 517.42
2026/10/09 02:12:53.535, 0, 82623, 97871, 100, 545.94
2026/10/09 02:12:53.535, 1, 82620, 97871, 100, 524.04
2026/10/09 02:12:53.535, 2, 79901, 97871, 100, 520.12
2026/10/09 02:12:53.535, 3, 81615, 97871, 100, 497.23
2026/10/09 02:12:54.535, 0, 82623, 97871, 100, 542.38
2026/10/09 02:12:54.535, 1, 82620, 97871, 100, 526.41
2026/10/09 02:12:54.535, 2, 79901, 97871, 100, 523.17
2026/10/09 02:12:54.536, 3, 81615, 97871, 100, 475.86
2026/10/09 02:12:55.536, 0, 82623, 97871, 100, 544.40
2026/10/09 02:12:55.536, 1, 82620, 97871, 100, 524.27
2026/10/09 02:12:55.536, 2, 79901, 97871, 100, 521.95
2026/10/09 02:12:55.536, 3, 81615, 97871, 100, 527.00
2026/10/09 02:12:56.536, 0, 82623, 97871, 100, 545.89
2026/10/09 02:12:56.536, 1, 82620, 97871, 100, 528.12
2026/10/09 02:12:56.536, 2, 79901, 97871, 100, 518.98
2026/10/09 02:12:56.536, 3, 81615, 97871, 100, 527.59
2026/10/09 02:12:57.536, 0, 82623, 97871, 100, 545.72
2026/10/09 02:12:57.536, 1, 82620, 97871, 100, 528.46
2026/10/09 02:12:57.541, 2, 79901, 97871, 100, 520.86
2026/10/09 02:12:57.541, 3, 81615, 97871, 100, 529.26
2026/10/09 02:12:58.541, 0, 82623, 97871, 100, 542.98
2026/10/09 02:12:58.541, 1, 82620, 97871, 100, 525.38
2026/10/09 02:12:58.541, 2, 79901, 97871, 100, 520.20
2026/10/09 02:12:58.541, 3, 81615, 97871, 100, 524.31
2026/10/09 02:12:59.541, 0, 82623, 97871, 100, 545.29
2026/10/09 02:12:59.541, 1, 82620, 97871, 100, 521.47
2026/10/09 02:12:59.542, 2, 79901, 97871, 100, 523.13
2026/10/09 02:12:59.542, 3, 81615, 97871, 100, 527.45
2026/10/09 02:13:00.542, 0, 82623, 97871, 100, 543.18
2026/10/09 02:13:00.542, 1, 82620, 97871, 100, 518.37
2026/10/09 02:13:00.542, 2, 79901, 97871, 100, 519.29
2026/10/09 02:13:00.542, 3, 81615, 97871, 100, 526.10
2026/10/09 02:13:01.542, 0, 82623, 97871, 100, 543.41
2026/10/09 02:13:01.542, 1, 82620, 97871, 100, 516.36
2026/10/09 02:13:01.542, 2, 79901, 97871, 100, 522.24
2026/10/09 02:13:01.542, 3, 81615, 97871, 100, 528.76
2026/10/09 02:13:02.542, 0, 82623, 97871, 100, 538.30
2026/10/09 02:13:02.542, 1, 82620, 97871, 100, 513.36
2026/10/09 02:13:02.542, 2, 79901, 97871, 100, 522.19
2026/10/09 02:13:02.542, 3, 81615, 97871, 100, 528.17
2026/10/09 02:13:03.542, 0, 82623, 97871, 100, 529.35
2026/10/09 02:13:03.542, 1, 82620, 97871, 100, 519.15
2026/10/09 02:13:03.542, 2, 79901, 97871, 100, 522.00
2026/10/09 02:13:03.542, 3, 81615, 97871, 100, 525.83
2026/10/09 02:13:04.543, 0, 82623, 97871, 100, 533.26
2026/10/09 02:13:04.543, 1, 82620, 97871, 100, 519.64
2026/10/09 02:13:04.543, 2, 79901, 97871, 100, 524.42
2026/10/09 02:13:04.543, 3, 81615, 97871, 100, 525.41
2026/10/09 02:13:05.543, 0, 82623, 97871, 100, 534.88
2026/10/09 02:13:05.543, 1, 82620, 97871, 100, 516.50
2026/10/09 02:13:05.543, 2, 79901, 97871, 100, 523.17
2026/10/09 02:13:05.543, 3, 81615, 97871, 100, 520.70
2026/10/09 02:13:06.543, 0, 82623, 97871, 100, 536.91
2026/10/09 02:13:06.543, 1, 82620, 97871, 100, 522.31
2026/10/09 02:13:06.543, 2, 79901, 97871, 100, 526.20
2026/10/09 02:13:06.543, 3, 81615, 97871, 100, 520.37
2026/10/09 02:13:07.543, 0, 82623, 97871, 100, 535.82
2026/10/09 02:13:07.543, 1, 82620, 97871, 100, 518.23
2026/10/09 02:13:07.548, 2, 79901, 97871, 100, 521.51
2026/10/09 02:13:07.548, 3, 81615, 97871, 100, 520.63
2026/10/09 02:13:08.548, 0, 82623, 97871, 100, 536.73
2026/10/09 02:13:08.548, 1, 82620, 97871, 100, 516.38
2026/10/09 02:13:08.548, 2, 79901, 97871, 100, 520.23
2026/10/09 02:13:08.548, 3, 81615, 97871, 100, 524.75
2026/10/09 02:13:09.548, 0, 82623, 97871, 100, 533.95
2026/10/09 02:13:09.548, 1, 82620, 97871, 100, 518.33
2026/10/09 02:13:09.548, 2, 79901, 97871, 100, 517.75
2026/10/09 02:13:09.548, 3, 81615, 97871, 100, 520.23
2026/10/09 02:13:10.549, 0, 82623, 97871, 100, 535.65
2026/10/09 02:13:10.549, 1, 82620, 97871, 100, 516.57
2026/10/09 02:13:10.549, 2, 79901, 97871, 100, 518.21
2026/10/09 02:13:10.549, 3, 81615, 97871, 100, 522.14
2026/10/09 02:13:11.549, 0, 82623, 97871, 100, 537.14
2026/10/09 02:13:11.549, 1, 82620, 97871, 100, 519.48
2026/10/09 02:13:11.549, 2, 79901, 97871, 100, 516.62
2026/10/09 02:13:11.549, 3, 81615, 97871, 100, 524.24
2026/10/09 02:13:12.549, 0, 82623, 97871, 100, 537.97
2026/10/09 02:13:12.549, 1, 82620, 97871, 100, 518.62
2026/10/09 02:13:12.549, 2, 79901, 97871, 100, 517.46
2026/10/09 02:13:12.549, 3, 81615, 97871, 100, 520.90
2026/10/09 02:13:13.549, 0, 82623, 97871, 100, 537.90
2026/10/09 02:13:13.550, 1, 82620, 97871, 100, 517.27
2026/10/09 02:13:13.550, 2, 79901, 97871, 100, 521.45
2026/10/09 02:13:13.550, 3, 81615, 97871, 100, 523.07
2026/10/09 02:13:14.550, 0, 82623, 97871, 100, 531.55
2026/10/09 02:13:14.550, 1, 82620, 97871, 100, 522.24
2026/10/09 02:13:14.550, 2, 79901, 97871, 100, 521.84
2026/10/09 02:13:14.550, 3, 81615, 97871, 100, 520.09
2026/10/09 02:13:15.550, 0, 82623, 97871, 100, 537.32
2026/10/09 02:13:15.550, 1, 82620, 97871, 100, 518.73
2026/10/09 02:13:15.550, 2, 79901, 97871, 100, 518.92
2026/10/09 02:13:15.550, 3, 81615, 97871, 100, 521.61
2026/10/09 02:13:16.550, 0, 82623, 97871, 100, 538.60
2026/10/09 02:13:16.551, 1, 82620, 97871, 100, 518.88
2026/10/09 02:13:16.551, 2, 79901, 97871, 100, 517.77
2026/10/09 02:13:16.551, 3, 81615, 97871, 100, 521.80
2026/10/09 02:13:17.551, 0, 82623, 97871, 100, 542.47
2026/10/09 02:13:17.551, 1, 82620, 97871, 100, 525.82
2026/10/09 02:13:17.564, 2, 79901, 97871, 100, 523.07
2026/10/09 02:13:17.564, 3, 81615, 97871, 100, 523.64
2026/10/09 02:13:18.564, 0, 82623, 97871, 100, 537.83
2026/10/09 02:13:18.564, 1, 82620, 97871, 100, 520.15
2026/10/09 02:13:18.564, 2, 79901, 97871, 100, 520.95
2026/10/09 02:13:18.564, 3, 81615, 97871, 100, 520.42
2026/10/09 02:13:19.564, 0, 82623, 97871, 100, 537.76
2026/10/09 02:13:19.564, 1, 82620, 97871, 100, 519.02
2026/10/09 02:13:19.564, 2, 79901, 97871, 100, 519.49
2026/10/09 02:13:19.564, 3, 81615, 97871, 100, 520.86
2026/10/09 02:13:20.564, 0, 82623, 97871, 100, 540.17
2026/10/09 02:13:20.565, 1, 82620, 97871, 100, 519.28
2026/10/09 02:13:20.565, 2, 79901, 97871, 100, 520.00
2026/10/09 02:13:20.565, 3, 81615, 97871, 100, 520.93
2026/10/09 02:13:21.565, 0, 82623, 97871, 100, 536.01
2026/10/09 02:13:21.565, 1, 82620, 97871, 100, 516.86
2026/10/09 02:13:21.565, 2, 79901, 97871, 100, 518.08
2026/10/09 02:13:21.565, 3, 81615, 97871, 100, 525.46
2026/10/09 02:13:22.565, 0, 82623, 97871, 100, 538.93
2026/10/09 02:13:22.565, 1, 82620, 97871, 100, 518.33
2026/10/09 02:13:22.565, 2, 79901, 97871, 100, 522.15
2026/10/09 02:13:22.565, 3, 81615, 97871, 100, 523.41
2026/10/09 02:13:23.565, 0, 82623, 97871, 100, 536.13
2026/10/09 02:13:23.566, 1, 82620, 97871, 100, 518.52
2026/10/09 02:13:23.566, 2, 79901, 97871, 100, 521.76
2026/10/09 02:13:23.566, 3, 81615, 97871, 100, 525.34
2026/10/09 02:13:24.566, 0, 82623, 97871, 100, 537.30
2026/10/09 02:13:24.566, 1, 82620, 97871, 100, 518.92
2026/10/09 02:13:24.566, 2, 79901, 97871, 100, 518.77
2026/10/09 02:13:24.566, 3, 81615, 97871, 100, 521.51
2026/10/09 02:13:25.566, 0, 82623, 97871, 100, 530.51
2026/10/09 02:13:25.566, 1, 82620, 97871, 100, 519.71
2026/10/09 02:13:25.566, 2, 79901, 97871, 100, 519.46
2026/10/09 02:13:25.566, 3, 81615, 97871, 100, 521.26
2026/10/09 02:13:26.566, 0, 82623, 97871, 100, 535.33
2026/10/09 02:13:26.566, 1, 82620, 97871, 100, 519.38
2026/10/09 02:13:26.567, 2, 79901, 97871, 100, 517.35
2026/10/09 02:13:26.567, 3, 81615, 97871, 100, 518.53
2026/10/09 02:13:27.567, 0, 82623, 97871, 100, 537.17
2026/10/09 02:13:27.567, 1, 82620, 97871, 100, 519.69
2026/10/09 02:13:27.572, 2, 79901, 97871, 100, 518.25
2026/10/09 02:13:27.572, 3, 81615, 97871, 100, 518.54
2026/10/09 02:13:28.572, 0, 82623, 97871, 100, 537.37
2026/10/09 02:13:28.573, 1, 82620, 97871, 100, 518.65
2026/10/09 02:13:28.573, 2, 79901, 97871, 100, 517.01
2026/10/09 02:13:28.573, 3, 81615, 97871, 100, 520.03
2026/10/09 02:13:29.573, 0, 82623, 97871, 100, 535.74
2026/10/09 02:13:29.573, 1, 82620, 97871, 100, 520.11
2026/10/09 02:13:29.573, 2, 79901, 97871, 100, 516.55
2026/10/09 02:13:29.573, 3, 81615, 97871, 100, 521.20
2026/10/09 02:13:30.573, 0, 82623, 97871, 100, 537.97
2026/10/09 02:13:30.573, 1, 82620, 97871, 100, 520.05
2026/10/09 02:13:30.573, 2, 79901, 97871, 100, 521.62
2026/10/09 02:13:30.573, 3, 81615, 97871, 100, 523.98
2026/10/09 02:13:31.574, 0, 82623, 97871, 100, 540.06
2026/10/09 02:13:31.574, 1, 82620, 97871, 100, 521.45
2026/10/09 02:13:31.574, 2, 79901, 97871, 100, 520.21
2026/10/09 02:13:31.574, 3, 81615, 97871, 100, 519.79
2026/10/09 02:13:32.574, 0, 82623, 97871, 100, 534.24
2026/10/09 02:13:32.574, 1, 82620, 97871, 100, 521.73
2026/10/09 02:13:32.574, 2, 79901, 97871, 100, 519.44
2026/10/09 02:13:32.574, 3, 81615, 97871, 100, 523.02
2026/10/09 02:13:33.574, 0, 82623, 97871, 100, 539.60
2026/10/09 02:13:33.574, 1, 82620, 97871, 100, 523.12
2026/10/09 02:13:33.574, 2, 79901, 97871, 100, 521.16
2026/10/09 02:13:33.575, 3, 81615, 97871, 100, 520.54
2026/10/09 02:13:34.575, 0, 82623, 97871, 100, 539.55
2026/10/09 02:13:34.575, 1, 82620, 97871, 100, 519.71
2026/10/09 02:13:34.575, 2, 79901, 97871, 100, 518.95
2026/10/09 02:13:34.575, 3, 81615, 97871, 100, 519.39
2026/10/09 02:13:35.575, 0, 82623, 97871, 100, 536.72
2026/10/09 02:13:35.575, 1, 82620, 97871, 100, 521.84
2026/10/09 02:13:35.575, 2, 79901, 97871, 100, 523.96
2026/10/09 02:13:35.575, 3, 81615, 97871, 100, 523.77
2026/10/09 02:13:36.575, 0, 82623, 97871, 100, 538.57
2026/10/09 02:13:36.575, 1, 82620, 97871, 100, 521.01
2026/10/09 02:13:36.575, 2, 79901, 97871, 100, 523.52
2026/10/09 02:13:36.575, 3, 81615, 97871, 100, 520.93
2026/10/09 02:13:37.576, 0, 82623, 97871, 100, 539.32
2026/10/09 02:13:37.576, 1, 82620, 97871, 100, 524.60
2026/10/09 02:13:37.579, 2, 79901, 97871, 100, 519.41
2026/10/09 02:13:37.579, 3, 81615, 97871, 100, 521.39
2026/10/09 02:13:38.579, 0, 82623, 97871, 100, 535.85
2026/10/09 02:13:38.579, 1, 82620, 97871, 100, 515.16
2026/10/09 02:13:38.579, 2, 79901, 97871, 100, 519.69
2026/10/09 02:13:38.579, 3, 81615, 97871, 100, 522.80
2026/10/09 02:13:39.580, 0, 82623, 97871, 100, 539.72
2026/10/09 02:13:39.580, 1, 82620, 97871, 100, 518.25
2026/10/09 02:13:39.580, 2, 79901, 97871, 100, 516.97
2026/10/09 02:13:39.580, 3, 81615, 97871, 100, 520.89
2026/10/09 02:13:40.580, 0, 82623, 97871, 100, 538.53
2026/10/09 02:13:40.580, 1, 82620, 97871, 100, 518.64
2026/10/09 02:13:40.580, 2, 79901, 97871, 100, 520.20
2026/10/09 02:13:40.580, 3, 81615, 97871, 100, 520.72
2026/10/09 02:13:41.580, 0, 82623, 97871, 100, 534.56
2026/10/09 02:13:41.581, 1, 82620, 97871, 100, 518.76
2026/10/09 02:13:41.581, 2, 79901, 97871, 100, 520.85
2026/10/09 02:13:41.581, 3, 81615, 97871, 100, 522.35
2026/10/09 02:13:42.581, 0, 82623, 97871, 100, 534.33
2026/10/09 02:13:42.581, 1, 82620, 97871, 100, 518.96
2026/10/09 02:13:42.581, 2, 79901, 97871, 100, 518.60
2026/10/09 02:13:42.581, 3, 81615, 97871, 100, 523.75
2026/10/09 02:13:43.581, 0, 82623, 97871, 100, 534.67
2026/10/09 02:13:43.581, 1, 82620, 97871, 100, 517.01
2026/10/09 02:13:43.581, 2, 79901, 97871, 100, 518.85
2026/10/09 02:13:43.581, 3, 81615, 97871, 100, 520.11
2026/10/09 02:13:44.581, 0, 82623, 97871, 100, 539.02
2026/10/09 02:13:44.581, 1, 82620, 97871, 100, 516.49
2026/10/09 02:13:44.581, 2, 79901, 97871, 100, 521.01
2026/10/09 02:13:44.581, 3, 81615, 97871, 100, 519.45
2026/10/09 02:13:45.582, 0, 82623, 97871, 100, 536.33
2026/10/09 02:13:45.582, 1, 82620, 97871, 100, 520.32
2026/10/09 02:13:45.582, 2, 79901, 97871, 100, 518.03
2026/10/09 02:13:45.582, 3, 81615, 97871, 100, 520.28
2026/10/09 02:13:46.582, 0, 82623, 97871, 100, 537.05
2026/10/09 02:13:46.582, 1, 82620, 97871, 100, 520.64
2026/10/09 02:13:46.582, 2, 79901, 97871, 100, 521.46
2026/10/09 02:13:46.582, 3, 81615, 97871, 100, 523.84
2026/10/09 02:13:47.582, 0, 82623, 97871, 100, 536.80
2026/10/09 02:13:47.582, 1, 82620, 97871, 100, 522.17
2026/10/09 02:13:47.586, 2, 79901, 97871, 100, 523.52
2026/10/09 02:13:47.586, 3, 81615, 97871, 100, 520.75
2026/10/09 02:13:48.586, 0, 82623, 97871, 100, 536.73
2026/10/09 02:13:48.586, 1, 82620, 97871, 100, 522.50
2026/10/09 02:13:48.586, 2, 79901, 97871, 100, 521.05
2026/10/09 02:13:48.586, 3, 81615, 97871, 100, 520.19
2026/10/09 02:13:49.587, 0, 82623, 97871, 100, 534.10
2026/10/09 02:13:49.587, 1, 82620, 97871, 100, 519.63
2026/10/09 02:13:49.587, 2, 79901, 97871, 100, 518.16
2026/10/09 02:13:49.587, 3, 81615, 97871, 100, 520.33
2026/10/09 02:13:50.587, 0, 82623, 97871, 100, 541.13
2026/10/09 02:13:50.587, 1, 82620, 97871, 100, 521.86
2026/10/09 02:13:50.587, 2, 79901, 97871, 100, 524.05
2026/10/09 02:13:50.587, 3, 81615, 97871, 100, 521.44
2026/10/09 02:13:51.587, 0, 82623, 97871, 100, 537.20
2026/10/09 02:13:51.587, 1, 82620, 97871, 100, 518.45
2026/10/09 02:13:51.587, 2, 79901, 97871, 100, 520.14
2026/10/09 02:13:51.588, 3, 81615, 97871, 100, 520.49
2026/10/09 02:13:52.588, 0, 82623, 97871, 100, 537.40
2026/10/09 02:13:52.588, 1, 82620, 97871, 100, 520.24
2026/10/09 02:13:52.588, 2, 79901, 97871, 100, 521.64
2026/10/09 02:13:52.588, 3, 81615, 97871, 100, 524.68
2026/10/09 02:13:53.588, 0, 82623, 97871, 100, 539.91
2026/10/09 02:13:53.588, 1, 82620, 97871, 100, 521.05
2026/10/09 02:13:53.588, 2, 79901, 97871, 100, 521.33
2026/10/09 02:13:53.588, 3, 81615, 97871, 100, 522.16
2026/10/09 02:13:54.588, 0, 82623, 97871, 100, 539.91
2026/10/09 02:13:54.588, 1, 82620, 97871, 100, 518.17
2026/10/09 02:13:54.589, 2, 79901, 97871, 100, 518.43
2026/10/09 02:13:54.589, 3, 81615, 97871, 100, 522.09
2026/10/09 02:13:55.589, 0, 82623, 97871, 100, 540.13
2026/10/09 02:13:55.589, 1, 82620, 97871, 100, 518.81
2026/10/09 02:13:55.589, 2, 79901, 97871, 100, 517.26
2026/10/09 02:13:55.589, 3, 81615, 97871, 100, 524.75
2026/10/09 02:13:56.589, 0, 82623, 97871, 100, 537.62
2026/10/09 02:13:56.589, 1, 82620, 97871, 100, 517.05
2026/10/09 02:13:56.589, 2, 79901, 97871, 100, 519.17
2026/10/09 02:13:56.589, 3, 81615, 97871, 100, 522.96
2026/10/09 02:13:57.590, 0, 82623, 97871, 100, 535.25
2026/10/09 02:13:57.590, 1, 82620, 97871, 100, 520.44
2026/10/09 02:13:57.595, 2, 79901, 97871, 100, 519.15
2026/10/09 02:13:57.595, 3, 81615, 97871, 100, 521.22
2026/10/09 02:13:58.596, 0, 82623, 97871, 100, 534.73
2026/10/09 02:13:58.596, 1, 82620, 97871, 100, 516.83
2026/10/09 02:13:58.596, 2, 79901, 97871, 100, 522.36
2026/10/09 02:13:58.596, 3, 81615, 97871, 100, 521.69
2026/10/09 02:13:59.596, 0, 82623, 97871, 100, 533.24
2026/10/09 02:13:59.596, 1, 82620, 97871, 100, 516.55
2026/10/09 02:13:59.596, 2, 79901, 97871, 100, 517.97
2026/10/09 02:13:59.596, 3, 81615, 97871, 100, 520.03
2026/10/09 02:14:00.596, 0, 82623, 97871, 100, 536.02
2026/10/09 02:14:00.596, 1, 82620, 97871, 100, 518.23
2026/10/09 02:14:00.596, 2, 79901, 97871, 100, 520.20
2026/10/09 02:14:00.597, 3, 81615, 97871, 100, 523.28
2026/10/09 02:14:01.597, 0, 82623, 97871, 100, 537.39
2026/10/09 02:14:01.597, 1, 82620, 97871, 100, 520.78
2026/10/09 02:14:01.597, 2, 79901, 97871, 100, 519.91
2026/10/09 02:14:01.597, 3, 81615, 97871, 100, 524.78
2026/10/09 02:14:02.597, 0, 82623, 97871, 100, 539.82
2026/10/09 02:14:02.597, 1, 82620, 97871, 100, 520.23
2026/10/09 02:14:02.597, 2, 79901, 97871, 100, 524.54
2026/10/09 02:14:02.597, 3, 81615, 97871, 100, 521.19
2026/10/09 02:14:03.597, 0, 82623, 97871, 100, 536.38
2026/10/09 02:14:03.597, 1, 82620, 97871, 100, 517.38
2026/10/09 02:14:03.597, 2, 79901, 97871, 100, 521.45
2026/10/09 02:14:03.597, 3, 81615, 97871, 100, 522.32
2026/10/09 02:14:04.597, 0, 82623, 97871, 100, 535.55
2026/10/09 02:14:04.598, 1, 82620, 97871, 100, 522.15
2026/10/09 02:14:04.598, 2, 79901, 97871, 100, 519.44
2026/10/09 02:14:04.598, 3, 81615, 97871, 100, 518.00
2026/10/09 02:14:05.598, 0, 82623, 97871, 100, 537.11
2026/10/09 02:14:05.598, 1, 82620, 97871, 100, 520.29
2026/10/09 02:14:05.598, 2, 79901, 97871, 100, 523.00
2026/10/09 02:14:05.598, 3, 81615, 97871, 100, 523.72
2026/10/09 02:14:06.598, 0, 82623, 97871, 100, 537.86
2026/10/09 02:14:06.598, 1, 82620, 97871, 100, 517.33
2026/10/09 02:14:06.598, 2, 79901, 97871, 100, 521.25
2026/10/09 02:14:06.598, 3, 81615, 97871, 100, 519.97
2026/10/09 02:14:07.598, 0, 82623, 97871, 100, 541.87
2026/10/09 02:14:07.598, 1, 82620, 97871, 100, 521.69
2026/10/09 02:14:07.602, 2, 79901, 97871, 100, 518.42
2026/10/09 02:14:07.602, 3, 81615, 97871, 100, 522.13
2026/10/09 02:14:08.602, 0, 82623, 97871, 100, 537.24
2026/10/09 02:14:08.602, 1, 82620, 97871, 100, 519.15
2026/10/09 02:14:08.602, 2, 79901, 97871, 100, 517.84
2026/10/09 02:14:08.602, 3, 81615, 97871, 100, 525.45
2026/10/09 02:14:09.603, 0, 82623, 97871, 100, 537.39
2026/10/09 02:14:09.603, 1, 82620, 97871, 100, 519.34
2026/10/09 02:14:09.603, 2, 79901, 97871, 100, 516.43
2026/10/09 02:14:09.603, 3, 81615, 97871, 100, 523.90
2026/10/09 02:14:10.603, 0, 82623, 97871, 100, 532.09
2026/10/09 02:14:10.603, 1, 82620, 97871, 100, 518.87
2026/10/09 02:14:10.603, 2, 79901, 97871, 100, 521.24
2026/10/09 02:14:10.603, 3, 81615, 97871, 100, 520.78
2026/10/09 02:14:11.603, 0, 82623, 97871, 100, 536.54
2026/10/09 02:14:11.603, 1, 82620, 97871, 100, 520.37
2026/10/09 02:14:11.603, 2, 79901, 97871, 100, 519.58
2026/10/09 02:14:11.603, 3, 81615, 97871, 100, 519.94
2026/10/09 02:14:12.603, 0, 82623, 97871, 100, 536.87
2026/10/09 02:14:12.603, 1, 82620, 97871, 100, 518.28
2026/10/09 02:14:12.603, 2, 79901, 97871, 100, 517.97
2026/10/09 02:14:12.603, 3, 81615, 97871, 100, 522.14
2026/10/09 02:14:13.604, 0, 82623, 97871, 100, 537.32
2026/10/09 02:14:13.604, 1, 82620, 97871, 100, 519.48
2026/10/09 02:14:13.604, 2, 79901, 97871, 100, 520.48
2026/10/09 02:14:13.604, 3, 81615, 97871, 100, 522.83
2026/10/09 02:14:14.604, 0, 82623, 97871, 100, 533.48
2026/10/09 02:14:14.604, 1, 82620, 97871, 100, 521.72
2026/10/09 02:14:14.604, 2, 79901, 97871, 100, 520.25
2026/10/09 02:14:14.604, 3, 81615, 97871, 100, 523.77
2026/10/09 02:14:15.604, 0, 82623, 97871, 100, 534.91
2026/10/09 02:14:15.604, 1, 82620, 97871, 100, 521.02
2026/10/09 02:14:15.604, 2, 79901, 97871, 100, 517.16
2026/10/09 02:14:15.604, 3, 81615, 97871, 100, 521.86
2026/10/09 02:14:16.604, 0, 82623, 97871, 100, 539.11
2026/10/09 02:14:16.604, 1, 82620, 97871, 100, 519.38
2026/10/09 02:14:16.604, 2, 79901, 97871, 100, 518.30
2026/10/09 02:14:16.604, 3, 81615, 97871, 100, 518.42
2026/10/09 02:14:17.605, 0, 82623, 97871, 100, 536.74
2026/10/09 02:14:17.605, 1, 82620, 97871, 100, 520.45
2026/10/09 02:14:17.613, 2, 79901, 97871, 100, 523.32
2026/10/09 02:14:17.613, 3, 81615, 97871, 100, 521.10
2026/10/09 02:14:18.613, 0, 82623, 97871, 100, 539.86
2026/10/09 02:14:18.613, 1, 82620, 97871, 100, 519.33
2026/10/09 02:14:18.613, 2, 79901, 97871, 100, 524.94
2026/10/09 02:14:18.613, 3, 81615, 97871, 100, 523.68
2026/10/09 02:14:19.613, 0, 82623, 97871, 100, 538.11
2026/10/09 02:14:19.613, 1, 82620, 97871, 100, 517.75
2026/10/09 02:14:19.613, 2, 79901, 97871, 100, 521.02
2026/10/09 02:14:19.613, 3, 81615, 97871, 100, 523.83
2026/10/09 02:14:20.613, 0, 82623, 97871, 100, 537.30
2026/10/09 02:14:20.613, 1, 82620, 97871, 100, 521.72
2026/10/09 02:14:20.614, 2, 79901, 97871, 100, 521.72
2026/10/09 02:14:20.614, 3, 81615, 97871, 100, 523.73
2026/10/09 02:14:21.614, 0, 82623, 97871, 100, 539.36
2026/10/09 02:14:21.614, 1, 82620, 97871, 100, 519.43
2026/10/09 02:14:21.614, 2, 79901, 97871, 100, 517.99
2026/10/09 02:14:21.614, 3, 81615, 97871, 100, 522.27
2026/10/09 02:14:22.614, 0, 82623, 97871, 100, 542.14
2026/10/09 02:14:22.614, 1, 82620, 97871, 100, 518.10
2026/10/09 02:14:22.614, 2, 79901, 97871, 100, 522.09
2026/10/09 02:14:22.614, 3, 81615, 97871, 100, 522.78
2026/10/09 02:14:23.614, 0, 82623, 97871, 100, 542.12
2026/10/09 02:14:23.614, 1, 82620, 97871, 100, 518.49
2026/10/09 02:14:23.614, 2, 79901, 97871, 100, 518.75
2026/10/09 02:14:23.614, 3, 81615, 97871, 100, 521.08
2026/10/09 02:14:24.614, 0, 82623, 97871, 100, 538.29
2026/10/09 02:14:24.615, 1, 82620, 97871, 100, 522.26
2026/10/09 02:14:24.615, 2, 79901, 97871, 100, 517.27
2026/10/09 02:14:24.615, 3, 81615, 97871, 100, 522.44
2026/10/09 02:14:25.615, 0, 82623, 97871, 100, 537.53
2026/10/09 02:14:25.615, 1, 82620, 97871, 100, 519.31
2026/10/09 02:14:25.615, 2, 79901, 97871, 100, 520.93
2026/10/09 02:14:25.615, 3, 81615, 97871, 100, 524.77
2026/10/09 02:14:26.615, 0, 82623, 97871, 100, 531.97
2026/10/09 02:14:26.615, 1, 82620, 97871, 100, 516.52
2026/10/09 02:14:26.615, 2, 79901, 97871, 100, 520.19
2026/10/09 02:14:26.615, 3, 81615, 97871, 100, 522.11
2026/10/09 02:14:27.615, 0, 82623, 97871, 100, 538.34
2026/10/09 02:14:27.615, 1, 82620, 97871, 100, 516.15
2026/10/09 02:14:27.620, 2, 79901, 97871, 100, 516.88
2026/10/09 02:14:27.620, 3, 81615, 97871, 100, 520.83
2026/10/09 02:14:28.620, 0, 82623, 97871, 100, 538.56
2026/10/09 02:14:28.620, 1, 82620, 97871, 100, 522.47
2026/10/09 02:14:28.620, 2, 79901, 97871, 100, 522.53
2026/10/09 02:14:28.620, 3, 81615, 97871, 100, 521.81
2026/10/09 02:14:29.620, 0, 82623, 97871, 100, 533.43
2026/10/09 02:14:29.620, 1, 82620, 97871, 100, 520.19
2026/10/09 02:14:29.620, 2, 79901, 97871, 100, 520.67
2026/10/09 02:14:29.620, 3, 81615, 97871, 100, 520.92
2026/10/09 02:14:30.620, 0, 82623, 97871, 100, 536.93
2026/10/09 02:14:30.620, 1, 82620, 97871, 100, 517.74
2026/10/09 02:14:30.620, 2, 79901, 97871, 100, 517.76
2026/10/09 02:14:30.620, 3, 81615, 97871, 100, 520.46
2026/10/09 02:14:31.620, 0, 82623, 97871, 100, 537.49
2026/10/09 02:14:31.620, 1, 82620, 97871, 100, 520.88
2026/10/09 02:14:31.620, 2, 79901, 97871, 100, 516.27
2026/10/09 02:14:31.620, 3, 81615, 97871, 100, 522.63
2026/10/09 02:14:32.620, 0, 82623, 97871, 100, 535.72
2026/10/09 02:14:32.620, 1, 82620, 97871, 100, 522.52
2026/10/09 02:14:32.620, 2, 79901, 97871, 100, 524.77
2026/10/09 02:14:32.621, 3, 81615, 97871, 100, 521.74
2026/10/09 02:14:33.621, 0, 82623, 97871, 100, 537.61
2026/10/09 02:14:33.621, 1, 82620, 97871, 100, 519.71
2026/10/09 02:14:33.621, 2, 79901, 97871, 100, 520.43
2026/10/09 02:14:33.621, 3, 81615, 97871, 100, 525.40
2026/10/09 02:14:34.621, 0, 82623, 97871, 100, 538.84
2026/10/09 02:14:34.621, 1, 82620, 97871, 100, 519.47
2026/10/09 02:14:34.621, 2, 79901, 97871, 100, 517.59
2026/10/09 02:14:34.621, 3, 81615, 97871, 100, 520.44
2026/10/09 02:14:35.621, 0, 82623, 97871, 100, 538.34
2026/10/09 02:14:35.621, 1, 82620, 97871, 100, 520.04
2026/10/09 02:14:35.621, 2, 79901, 97871, 100, 521.26
2026/10/09 02:14:35.621, 3, 81615, 97871, 100, 523.78
2026/10/09 02:14:36.621, 0, 82623, 97871, 100, 539.20
2026/10/09 02:14:36.621, 1, 82620, 97871, 100, 523.14
2026/10/09 02:14:36.621, 2, 79901, 97871, 100, 511.78
2026/10/09 02:14:36.621, 3, 81615, 97871, 100, 520.94
2026/10/09 02:14:37.621, 0, 82623, 97871, 100, 538.19
2026/10/09 02:14:37.622, 1, 82620, 97871, 100, 521.14
2026/10/09 02:14:37.631, 2, 79901, 97871, 100, 512.97
2026/10/09 02:14:37.631, 3, 81615, 97871, 100, 520.32
2026/10/09 02:14:38.631, 0, 82623, 97871, 100, 536.39
2026/10/09 02:14:38.631, 1, 82620, 97871, 100, 520.43
2026/10/09 02:14:38.631, 2, 79901, 97871, 100, 510.56
2026/10/09 02:14:38.631, 3, 81615, 97871, 100, 523.22
2026/10/09 02:14:39.631, 0, 82623, 97871, 100, 537.74
2026/10/09 02:14:39.631, 1, 82620, 97871, 100, 518.64
2026/10/09 02:14:39.631, 2, 79901, 97871, 100, 502.21
2026/10/09 02:14:39.631, 3, 81615, 97871, 100, 523.10
2026/10/09 02:14:40.631, 0, 82623, 97871, 100, 538.46
2026/10/09 02:14:40.631, 1, 82620, 97871, 100, 518.52
2026/10/09 02:14:40.631, 2, 79901, 97871, 100, 295.05
2026/10/09 02:14:40.631, 3, 81615, 97871, 100, 522.61
2026/10/09 02:14:41.631, 0, 82623, 97871, 100, 536.79
2026/10/09 02:14:41.631, 1, 82620, 97871, 100, 516.90
2026/10/09 02:14:41.632, 2, 79901, 97871, 100, 469.97
2026/10/09 02:14:41.632, 3, 81615, 97871, 100, 525.30
2026/10/09 02:14:42.632, 0, 82623, 97871, 100, 538.24
2026/10/09 02:14:42.632, 1, 82620, 97871, 100, 518.58
2026/10/09 02:14:42.632, 2, 79901, 97871, 100, 475.89
2026/10/09 02:14:42.632, 3, 81615, 97871, 100, 519.93
2026/10/09 02:14:43.632, 0, 82623, 97871, 100, 534.58
2026/10/09 02:14:43.632, 1, 82620, 97871, 100, 521.77
2026/10/09 02:14:43.632, 2, 79901, 97871, 100, 474.40
2026/10/09 02:14:43.632, 3, 81615, 97871, 100, 522.73
2026/10/09 02:14:44.632, 0, 82623, 97871, 100, 537.17
2026/10/09 02:14:44.632, 1, 82620, 97871, 100, 520.21
2026/10/09 02:14:44.632, 2, 79901, 97871, 100, 472.52
2026/10/09 02:14:44.632, 3, 81615, 97871, 100, 522.60
2026/10/09 02:14:45.632, 0, 82623, 97871, 100, 535.20
2026/10/09 02:14:45.632, 1, 82620, 97871, 100, 520.18
2026/10/09 02:14:45.632, 2, 79901, 97871, 100, 471.50
2026/10/09 02:14:45.632, 3, 81615, 97871, 100, 521.59
2026/10/09 02:14:46.632, 0, 82623, 97871, 100, 534.33
2026/10/09 02:14:46.633, 1, 82620, 97871, 100, 519.60
2026/10/09 02:14:46.633, 2, 79901, 97871, 96, 468.43
2026/10/09 02:14:46.633, 3, 81615, 97871, 100, 520.42
2026/10/09 02:14:47.633, 0, 82623, 97871, 100, 532.94
2026/10/09 02:14:47.633, 1, 82620, 97871, 100, 518.27
2026/10/09 02:14:47.637, 2, 79901, 97871, 100, 471.22
2026/10/09 02:14:47.637, 3, 81615, 97871, 100, 523.95
2026/10/09 02:14:48.637, 0, 82623, 97871, 100, 539.24
2026/10/09 02:14:48.637, 1, 82620, 97871, 100, 518.21
2026/10/09 02:14:48.638, 2, 79901, 97871, 100, 474.35
2026/10/09 02:14:48.638, 3, 81615, 97871, 100, 521.48
2026/10/09 02:14:49.638, 0, 82623, 97871, 100, 536.60
2026/10/09 02:14:49.638, 1, 82620, 97871, 100, 523.59
2026/10/09 02:14:49.638, 2, 79901, 97871, 100, 471.25
2026/10/09 02:14:49.638, 3, 81615, 97871, 100, 524.05
2026/10/09 02:14:50.638, 0, 82623, 97871, 100, 535.72
2026/10/09 02:14:50.638, 1, 82620, 97871, 100, 520.19
2026/10/09 02:14:50.638, 2, 79901, 97871, 100, 478.46
2026/10/09 02:14:50.638, 3, 81615, 97871, 100, 519.30
2026/10/09 02:14:51.638, 0, 82623, 97871, 100, 539.43
2026/10/09 02:14:51.638, 1, 82620, 97871, 100, 516.99
2026/10/09 02:14:51.638, 2, 79901, 97871, 100, 477.61
2026/10/09 02:14:51.638, 3, 81615, 97871, 100, 522.63
2026/10/09 02:14:52.638, 0, 82623, 97871, 100, 534.92
2026/10/09 02:14:52.638, 1, 82620, 97871, 100, 513.05
2026/10/09 02:14:52.638, 2, 79901, 97871, 100, 472.71
2026/10/09 02:14:52.638, 3, 81615, 97871, 100, 522.85
2026/10/09 02:14:53.638, 0, 82623, 97871, 100, 537.21
2026/10/09 02:14:53.638, 1, 82620, 97871, 100, 509.30
2026/10/09 02:14:53.638, 2, 79901, 97871, 98, 476.08
2026/10/09 02:14:53.638, 3, 81615, 97871, 100, 524.77
2026/10/09 02:14:54.639, 0, 82623, 97871, 100, 540.99
2026/10/09 02:14:54.639, 1, 82620, 97871, 100, 495.20
2026/10/09 02:14:54.639, 2, 79901, 97871, 100, 471.78
2026/10/09 02:14:54.639, 3, 81615, 97871, 100, 522.09
2026/10/09 02:14:55.639, 0, 82623, 97871, 100, 530.56
2026/10/09 02:14:55.639, 1, 82620, 97871, 99, 267.13
2026/10/09 02:14:55.639, 2, 79901, 97871, 100, 470.03
2026/10/09 02:14:55.639, 3, 81615, 97871, 100, 518.97
2026/10/09 02:14:56.639, 0, 82623, 97871, 100, 527.00
2026/10/09 02:14:56.639, 1, 82620, 97871, 99, 444.40
2026/10/09 02:14:56.639, 2, 79901, 97871, 100, 471.07
2026/10/09 02:14:56.639, 3, 81615, 97871, 100, 515.92
2026/10/09 02:14:57.639, 0, 82623, 97871, 100, 524.52
2026/10/09 02:14:57.639, 1, 82620, 97871, 99, 452.44
2026/10/09 02:14:57.660, 2, 79901, 97871, 100, 478.20
2026/10/09 02:14:57.660, 3, 81615, 97871, 100, 514.30
2026/10/09 02:14:58.660, 0, 82623, 97871, 99, 502.01
2026/10/09 02:14:58.660, 1, 82620, 97871, 99, 448.07
2026/10/09 02:14:58.660, 2, 79901, 97871, 100, 472.76
2026/10/09 02:14:58.660, 3, 81615, 97871, 11, 420.71
2026/10/09 02:14:59.660, 0, 82623, 97871, 99, 272.34
2026/10/09 02:14:59.660, 1, 82620, 97871, 99, 445.83
2026/10/09 02:14:59.660, 2, 79901, 97871, 100, 469.01
2026/10/09 02:14:59.660, 3, 81615, 97871, 99, 323.14
2026/10/09 02:15:00.660, 0, 82623, 97871, 99, 457.27
2026/10/09 02:15:00.661, 1, 82620, 97871, 99, 443.00
2026/10/09 02:15:00.661, 2, 79901, 97871, 100, 473.48
2026/10/09 02:15:00.661, 3, 81615, 97871, 94, 442.75
2026/10/09 02:15:01.661, 0, 82623, 97871, 99, 464.77
2026/10/09 02:15:01.661, 1, 82620, 97871, 99, 443.20
2026/10/09 02:15:01.661, 2, 79901, 97871, 99, 472.73
2026/10/09 02:15:01.661, 3, 81615, 97871, 99, 453.77
2026/10/09 02:15:02.661, 0, 82623, 97871, 99, 465.68
2026/10/09 02:15:02.661, 1, 82620, 97871, 96, 450.96
2026/10/09 02:15:02.661, 2, 79901, 97871, 100, 469.17
2026/10/09 02:15:02.661, 3, 81615, 97871, 98, 450.67
2026/10/09 02:15:03.661, 0, 82623, 97871, 99, 465.12
2026/10/09 02:15:03.661, 1, 82620, 97871, 99, 447.61
2026/10/09 02:15:03.661, 2, 79901, 97871, 100, 468.62
2026/10/09 02:15:03.661, 3, 81615, 97871, 98, 447.59
2026/10/09 02:15:04.662, 0, 82623, 97871, 99, 465.53
2026/10/09 02:15:04.662, 1, 82620, 97871, 96, 452.28
2026/10/09 02:15:04.662, 2, 79901, 97871, 100, 471.69
2026/10/09 02:15:04.662, 3, 81615, 97871, 99, 444.50
2026/10/09 02:15:05.662, 0, 82623, 97871, 99, 462.86
2026/10/09 02:15:05.662, 1, 82620, 97871, 99, 449.56
2026/10/09 02:15:05.662, 2, 79901, 97871, 98, 476.65
2026/10/09 02:15:05.662, 3, 81615, 97871, 99, 451.03
2026/10/09 02:15:06.662, 0, 82623, 97871, 99, 467.22
2026/10/09 02:15:06.662, 1, 82620, 97871, 99, 454.14
2026/10/09 02:15:06.662, 2, 79901, 97871, 100, 470.88
2026/10/09 02:15:06.662, 3, 81615, 97871, 99, 450.06
2026/10/09 02:15:07.662, 0, 82623, 97871, 99, 462.75
2026/10/09 02:15:07.662, 1, 82620, 97871, 96, 448.90
2026/10/09 02:15:07.671, 2, 79901, 97871, 100, 470.93
2026/10/09 02:15:07.671, 3, 81615, 97871, 99, 447.69
2026/10/09 02:15:08.671, 0, 82623, 97871, 100, 472.52
2026/10/09 02:15:08.671, 1, 82620, 97871, 99, 444.55
2026/10/09 02:15:08.671, 2, 79901, 97871, 100, 476.84
2026/10/09 02:15:08.671, 3, 81615, 97871, 99, 454.19
2026/10/09 02:15:09.671, 0, 82623, 97871, 99, 463.86
2026/10/09 02:15:09.671, 1, 82620, 97871, 94, 443.98
2026/10/09 02:15:09.671, 2, 79901, 97871, 100, 472.25
2026/10/09 02:15:09.672, 3, 81615, 97871, 97, 455.11
2026/10/09 02:15:10.672, 0, 82623, 97871, 99, 466.92
2026/10/09 02:15:10.672, 1, 82620, 97871, 99, 447.78
2026/10/09 02:15:10.672, 2, 79901, 97871, 99, 475.36
2026/10/09 02:15:10.672, 3, 81615, 97871, 99, 451.10
2026/10/09 02:15:11.672, 0, 82623, 97871, 97, 467.11
2026/10/09 02:15:11.672, 1, 82620, 97871, 99, 452.58
2026/10/09 02:15:11.672, 2, 79901, 97871, 100, 471.80
2026/10/09 02:15:11.672, 3, 81615, 97871, 99, 451.93
2026/10/09 02:15:12.672, 0, 82623, 97871, 99, 462.55
2026/10/09 02:15:12.672, 1, 82620, 97871, 99, 444.47
2026/10/09 02:15:12.672, 2, 79901, 97871, 100, 469.60
2026/10/09 02:15:12.672, 3, 81615, 97871, 99, 449.30
2026/10/09 02:15:13.672, 0, 82623, 97871, 95, 460.40
2026/10/09 02:15:13.673, 1, 82620, 97871, 90, 446.68
2026/10/09 02:15:13.673, 2, 79901, 97871, 100, 472.23
2026/10/09 02:15:13.673, 3, 81615, 97871, 99, 446.98
2026/10/09 02:15:14.673, 0, 82623, 97871, 96, 465.18
2026/10/09 02:15:14.673, 1, 82620, 97871, 99, 454.97
2026/10/09 02:15:14.673, 2, 79901, 97871, 95, 476.45
2026/10/09 02:15:14.673, 3, 81615, 97871, 99, 453.34
2026/10/09 02:15:15.673, 0, 82623, 97871, 99, 466.21
2026/10/09 02:15:15.673, 1, 82620, 97871, 99, 444.45
2026/10/09 02:15:15.673, 2, 79901, 97871, 100, 472.93
2026/10/09 02:15:15.673, 3, 81615, 97871, 99, 457.35
2026/10/09 02:15:16.673, 0, 82623, 97871, 99, 463.74
2026/10/09 02:15:16.673, 1, 82620, 97871, 94, 441.05
2026/10/09 02:15:16.673, 2, 79901, 97871, 100, 473.46
2026/10/09 02:15:16.673, 3, 81615, 97871, 99, 445.72
2026/10/09 02:15:17.673, 0, 82623, 97871, 99, 462.17
2026/10/09 02:15:17.674, 1, 82620, 97871, 99, 449.16
2026/10/09 02:15:17.680, 2, 79901, 97871, 100, 472.42
2026/10/09 02:15:17.680, 3, 81615, 97871, 97, 448.74
2026/10/09 02:15:18.680, 0, 82623, 97871, 99, 467.38
2026/10/09 02:15:18.680, 1, 82620, 97871, 99, 451.16
2026/10/09 02:15:18.680, 2, 79901, 97871, 100, 472.56
2026/10/09 02:15:18.680, 3, 81615, 97871, 99, 455.83
2026/10/09 02:15:19.680, 0, 82623, 97871, 99, 460.70
2026/10/09 02:15:19.681, 1, 82620, 97871, 94, 452.77
2026/10/09 02:15:19.681, 2, 79901, 97871, 98, 471.52
2026/10/09 02:15:19.681, 3, 81615, 97871, 100, 443.02
2026/10/09 02:15:20.681, 0, 82623, 97871, 99, 461.25
2026/10/09 02:15:20.681, 1, 82620, 97871, 99, 443.25
2026/10/09 02:15:20.681, 2, 79901, 97871, 100, 475.01
2026/10/09 02:15:20.681, 3, 81615, 97871, 94, 445.12
2026/10/09 02:15:21.681, 0, 82623, 97871, 99, 464.90
2026/10/09 02:15:21.681, 1, 82620, 97871, 99, 447.47
2026/10/09 02:15:21.681, 2, 79901, 97871, 100, 470.98
2026/10/09 02:15:21.681, 3, 81615, 97871, 99, 451.04
2026/10/09 02:15:22.681, 0, 82623, 97871, 99, 464.48
2026/10/09 02:15:22.681, 1, 82620, 97871, 99, 446.95
2026/10/09 02:15:22.681, 2, 79901, 97871, 100, 470.45
2026/10/09 02:15:22.681, 3, 81615, 97871, 91, 459.29
2026/10/09 02:15:23.681, 0, 82623, 97871, 99, 469.60
2026/10/09 02:15:23.682, 1, 82620, 97871, 99, 448.79
2026/10/09 02:15:23.682, 2, 79901, 97871, 100, 472.49
2026/10/09 02:15:23.682, 3, 81615, 97871, 99, 449.07
2026/10/09 02:15:24.682, 0, 82623, 97871, 99, 460.55
2026/10/09 02:15:24.682, 1, 82620, 97871, 99, 448.41
2026/10/09 02:15:24.682, 2, 79901, 97871, 100, 473.08
2026/10/09 02:15:24.682, 3, 81615, 97871, 98, 447.35
2026/10/09 02:15:25.682, 0, 82623, 97871, 99, 461.31
2026/10/09 02:15:25.682, 1, 82620, 97871, 99, 444.13
2026/10/09 02:15:25.682, 2, 79901, 97871, 100, 472.57
2026/10/09 02:15:25.682, 3, 81615, 97871, 99, 454.00
2026/10/09 02:15:26.682, 0, 82623, 97871, 99, 465.90
2026/10/09 02:15:26.682, 1, 82620, 97871, 99, 445.57
2026/10/09 02:15:26.682, 2, 79901, 97871, 100, 473.25
2026/10/09 02:15:26.682, 3, 81615, 97871, 99, 447.26
2026/10/09 02:15:27.682, 0, 82623, 97871, 99, 468.57
2026/10/09 02:15:27.683, 1, 82620, 97871, 99, 448.67
2026/10/09 02:15:27.693, 2, 79901, 97871, 100, 474.62
2026/10/09 02:15:27.693, 3, 81615, 97871, 99, 453.56
2026/10/09 02:15:28.693, 0, 82623, 97871, 92, 467.57
2026/10/09 02:15:28.693, 1, 82620, 97871, 99, 455.25
2026/10/09 02:15:28.693, 2, 79901, 97871, 100, 468.72
2026/10/09 02:15:28.693, 3, 81615, 97871, 99, 445.90
2026/10/09 02:15:29.694, 0, 82623, 97871, 99, 459.58
2026/10/09 02:15:29.694, 1, 82620, 97871, 98, 449.73
2026/10/09 02:15:29.694, 2, 79901, 97871, 100, 473.23
2026/10/09 02:15:29.694, 3, 81615, 97871, 99, 443.08
2026/10/09 02:15:30.694, 0, 82623, 97871, 91, 464.51
2026/10/09 02:15:30.694, 1, 82620, 97871, 99, 448.32
2026/10/09 02:15:30.694, 2, 79901, 97871, 100, 468.68
2026/10/09 02:15:30.694, 3, 81615, 97871, 99, 456.53
2026/10/09 02:15:31.694, 0, 82623, 97871, 99, 464.63
2026/10/09 02:15:31.694, 1, 82620, 97871, 99, 448.40
2026/10/09 02:15:31.694, 2, 79901, 97871, 100, 476.18
2026/10/09 02:15:31.694, 3, 81615, 97871, 99, 454.39
2026/10/09 02:15:32.694, 0, 82623, 97871, 99, 467.25
2026/10/09 02:15:32.694, 1, 82620, 97871, 99, 446.29
2026/10/09 02:15:32.694, 2, 79901, 97871, 100, 470.70
2026/10/09 02:15:32.694, 3, 81615, 97871, 99, 454.53
2026/10/09 02:15:33.695, 0, 82623, 97871, 98, 465.25
2026/10/09 02:15:33.695, 1, 82620, 97871, 99, 452.84
2026/10/09 02:15:33.695, 2, 79901, 97871, 100, 477.87
2026/10/09 02:15:33.695, 3, 81615, 97871, 99, 451.16
2026/10/09 02:15:34.695, 0, 82623, 97871, 99, 465.97
2026/10/09 02:15:34.695, 1, 82620, 97871, 99, 445.69
2026/10/09 02:15:34.695, 2, 79901, 97871, 100, 470.67
2026/10/09 02:15:34.695, 3, 81615, 97871, 99, 449.99
2026/10/09 02:15:35.695, 0, 82623, 97871, 99, 465.73
2026/10/09 02:15:35.695, 1, 82620, 97871, 99, 442.73
2026/10/09 02:15:35.695, 2, 79901, 97871, 100, 469.18
2026/10/09 02:15:35.695, 3, 81615, 97871, 99, 448.52
2026/10/09 02:15:36.695, 0, 82623, 97871, 99, 461.91
2026/10/09 02:15:36.695, 1, 82620, 97871, 98, 454.52
2026/10/09 02:15:36.695, 2, 79901, 97871, 100, 475.33
2026/10/09 02:15:36.695, 3, 81615, 97871, 99, 455.74
2026/10/09 02:15:37.696, 0, 82623, 97871, 98, 466.98
2026/10/09 02:15:37.696, 1, 82620, 97871, 100, 453.62
2026/10/09 02:15:37.700, 2, 79901, 97871, 100, 478.17
2026/10/09 02:15:37.700, 3, 81615, 97871, 99, 450.50
2026/10/09 02:15:38.700, 0, 82623, 97871, 99, 458.54
2026/10/09 02:15:38.700, 1, 82620, 97871, 98, 449.44
2026/10/09 02:15:38.700, 2, 79901, 97871, 100, 474.09
2026/10/09 02:15:38.700, 3, 81615, 97871, 99, 448.01
2026/10/09 02:15:39.700, 0, 82623, 97871, 99, 459.87
2026/10/09 02:15:39.700, 1, 82620, 97871, 99, 451.62
2026/10/09 02:15:39.700, 2, 79901, 97871, 100, 469.86
2026/10/09 02:15:39.700, 3, 81615, 97871, 98, 451.63
2026/10/09 02:15:40.700, 0, 82623, 97871, 98, 467.51
2026/10/09 02:15:40.701, 1, 82620, 97871, 99, 445.56
2026/10/09 02:15:40.701, 2, 79901, 97871, 100, 470.51
2026/10/09 02:15:40.701, 3, 81615, 97871, 99, 447.81
2026/10/09 02:15:41.701, 0, 82623, 97871, 100, 466.28
2026/10/09 02:15:41.701, 1, 82620, 97871, 99, 447.48
2026/10/09 02:15:41.701, 2, 79901, 97871, 100, 472.79
2026/10/09 02:15:41.701, 3, 81615, 97871, 99, 459.48
2026/10/09 02:15:42.701, 0, 82623, 97871, 98, 465.14
2026/10/09 02:15:42.701, 1, 82620, 97871, 98, 451.15
2026/10/09 02:15:42.701, 2, 79901, 97871, 96, 473.20
2026/10/09 02:15:42.701, 3, 81615, 97871, 99, 448.29
2026/10/09 02:15:43.701, 0, 82623, 97871, 99, 467.22
2026/10/09 02:15:43.701, 1, 82620, 97871, 99, 445.24
2026/10/09 02:15:43.701, 2, 79901, 97871, 100, 470.48
2026/10/09 02:15:43.701, 3, 81615, 97871, 98, 454.89
2026/10/09 02:15:44.702, 0, 82623, 97871, 99, 461.90
2026/10/09 02:15:44.702, 1, 82620, 97871, 99, 445.36
2026/10/09 02:15:44.702, 2, 79901, 97871, 100, 474.12
2026/10/09 02:15:44.702, 3, 81615, 97871, 98, 447.90
2026/10/09 02:15:45.702, 0, 82623, 97871, 99, 463.96
2026/10/09 02:15:45.702, 1, 82620, 97871, 99, 451.22
2026/10/09 02:15:45.702, 2, 79901, 97871, 98, 469.03
2026/10/09 02:15:45.702, 3, 81615, 97871, 99, 451.42
2026/10/09 02:15:46.702, 0, 82623, 97871, 99, 465.27
2026/10/09 02:15:46.702, 1, 82620, 97871, 99, 444.70
2026/10/09 02:15:46.702, 2, 79901, 97871, 100, 471.78
2026/10/09 02:15:46.702, 3, 81615, 97871, 99, 455.75
2026/10/09 02:15:47.702, 0, 82623, 97871, 99, 460.56
2026/10/09 02:15:47.702, 1, 82622, 97871, 99, 451.33
2026/10/09 02:15:47.710, 2, 79901, 97871, 100, 468.61
2026/10/09 02:15:47.710, 3, 81615, 97871, 99, 451.24
2026/10/09 02:15:48.710, 0, 82623, 97871, 99, 462.94
2026/10/09 02:15:48.710, 1, 82622, 97871, 99, 448.37
2026/10/09 02:15:48.710, 2, 79901, 97871, 98, 472.25
2026/10/09 02:15:48.710, 3, 81615, 97871, 99, 455.04
2026/10/09 02:15:49.710, 0, 82623, 97871, 99, 464.22
2026/10/09 02:15:49.710, 1, 82622, 97871, 84, 450.70
2026/10/09 02:15:49.710, 2, 79901, 97871, 100, 467.90
2026/10/09 02:15:49.710, 3, 81615, 97871, 99, 452.79
2026/10/09 02:15:50.710, 0, 82623, 97871, 99, 463.00
2026/10/09 02:15:50.711, 1, 82622, 97871, 99, 442.39
2026/10/09 02:15:50.711, 2, 79901, 97871, 100, 472.84
2026/10/09 02:15:50.711, 3, 81615, 97871, 99, 448.24
2026/10/09 02:15:51.711, 0, 82625, 97871, 99, 468.80
2026/10/09 02:15:51.711, 1, 82622, 97871, 99, 445.60
2026/10/09 02:15:51.711, 2, 79901, 97871, 98, 473.97
2026/10/09 02:15:51.711, 3, 81615, 97871, 99, 461.25
2026/10/09 02:15:52.711, 0, 82625, 97871, 99, 464.25
2026/10/09 02:15:52.711, 1, 82622, 97871, 94, 455.30
2026/10/09 02:15:52.711, 2, 79901, 97871, 100, 471.67
2026/10/09 02:15:52.711, 3, 81615, 97871, 99, 453.65
2026/10/09 02:15:53.711, 0, 82625, 97871, 99, 468.68
2026/10/09 02:15:53.711, 1, 82622, 97871, 87, 449.01
2026/10/09 02:15:53.711, 2, 79901, 97871, 100, 470.90
2026/10/09 02:15:53.712, 3, 81615, 97871, 99, 450.08
2026/10/09 02:15:54.712, 0, 82625, 97871, 99, 461.44
2026/10/09 02:15:54.712, 1, 82622, 97871, 99, 440.18
2026/10/09 02:15:54.712, 2, 79901, 97871, 100, 471.26
2026/10/09 02:15:54.712, 3, 81615, 97871, 99, 449.69
2026/10/09 02:15:55.712, 0, 82625, 97871, 99, 464.55
2026/10/09 02:15:55.712, 1, 82622, 97871, 99, 445.04
2026/10/09 02:15:55.712, 2, 79901, 97871, 100, 470.14
2026/10/09 02:15:55.712, 3, 81615, 97871, 99, 450.35
2026/10/09 02:15:56.712, 0, 82625, 97871, 99, 470.06
2026/10/09 02:15:56.712, 1, 82622, 97871, 98, 452.47
2026/10/09 02:15:56.712, 2, 79901, 97871, 100, 471.69
2026/10/09 02:15:56.712, 3, 81615, 97871, 99, 452.66
2026/10/09 02:15:57.712, 0, 82625, 97871, 98, 463.39
2026/10/09 02:15:57.712, 1, 82622, 97871, 99, 440.52
2026/10/09 02:15:57.718, 2, 79901, 97871, 100, 476.09
2026/10/09 02:15:57.718, 3, 81615, 97871, 99, 453.20
2026/10/09 02:15:58.719, 0, 82625, 97871, 99, 458.30
2026/10/09 02:15:58.719, 1, 82622, 97871, 99, 442.94
2026/10/09 02:15:58.719, 2, 79901, 97871, 100, 471.18
2026/10/09 02:15:58.719, 3, 81615, 97871, 99, 445.90
2026/10/09 02:15:59.719, 0, 82625, 97871, 99, 463.08
2026/10/09 02:15:59.719, 1, 82622, 97871, 99, 450.42
2026/10/09 02:15:59.719, 2, 79901, 97871, 96, 471.50
2026/10/09 02:15:59.719, 3, 81615, 97871, 99, 450.99
2026/10/09 02:16:00.719, 0, 82625, 97871, 98, 468.86
2026/10/09 02:16:00.719, 1, 82622, 97871, 96, 450.72
2026/10/09 02:16:00.719, 2, 79901, 97871, 100, 470.31
2026/10/09 02:16:00.719, 3, 81615, 97871, 99, 453.80
2026/10/09 02:16:01.719, 0, 82625, 97871, 99, 458.64
2026/10/09 02:16:01.720, 1, 82622, 97871, 99, 448.99
2026/10/09 02:16:01.720, 2, 79901, 97871, 100, 469.26
2026/10/09 02:16:01.720, 3, 81615, 97871, 99, 445.49
2026/10/09 02:16:02.720, 0, 82625, 97871, 99, 461.68
2026/10/09 02:16:02.720, 1, 82622, 97871, 94, 457.73
2026/10/09 02:16:02.720, 2, 79901, 97871, 100, 471.57
2026/10/09 02:16:02.720, 3, 81615, 97871, 99, 446.73
2026/10/09 02:16:03.720, 0, 82625, 97871, 99, 466.26
2026/10/09 02:16:03.720, 1, 82622, 97871, 99, 445.79
2026/10/09 02:16:03.720, 2, 79901, 97871, 100, 472.06
2026/10/09 02:16:03.720, 3, 81615, 97871, 95, 458.35
2026/10/09 02:16:04.720, 0, 82625, 97871, 99, 467.68
2026/10/09 02:16:04.720, 1, 82622, 97871, 99, 446.21
2026/10/09 02:16:04.720, 2, 79901, 97871, 100, 469.04
2026/10/09 02:16:04.720, 3, 81615, 97871, 99, 459.34
2026/10/09 02:16:05.721, 0, 82625, 97871, 99, 465.03
2026/10/09 02:16:05.721, 1, 82622, 97871, 99, 446.15
2026/10/09 02:16:05.721, 2, 79901, 97871, 12, 441.25
2026/10/09 02:16:05.721, 3, 81615, 97871, 97, 458.33
2026/10/09 02:16:06.721, 0, 82625, 97871, 99, 469.08
2026/10/09 02:16:06.721, 1, 82622, 97871, 99, 447.13
2026/10/09 02:16:06.721, 2, 79901, 97871, 100, 505.38
2026/10/09 02:16:06.721, 3, 81617, 97871, 99, 451.39
2026/10/09 02:16:07.721, 0, 82625, 97871, 99, 462.29
2026/10/09 02:16:07.721, 1, 82622, 97871, 99, 452.10
2026/10/09 02:16:07.729, 2, 79901, 97871, 100, 522.61
2026/10/09 02:16:07.729, 3, 81617, 97871, 99, 448.88
2026/10/09 02:16:08.729, 0, 82625, 97871, 99, 461.42
2026/10/09 02:16:08.729, 1, 82622, 97871, 99, 442.98
2026/10/09 02:16:08.729, 2, 79901, 97871, 100, 516.98
2026/10/09 02:16:08.730, 3, 81617, 97871, 99, 449.36
2026/10/09 02:16:09.730, 0, 82625, 97871, 99, 462.06
2026/10/09 02:16:09.730, 1, 82622, 97871, 98, 442.82
2026/10/09 02:16:09.730, 2, 79901, 97871, 100, 522.88
2026/10/09 02:16:09.730, 3, 81617, 97871, 99, 450.27
2026/10/09 02:16:10.730, 0, 82625, 97871, 99, 463.17
2026/10/09 02:16:10.730, 1, 82622, 97871, 99, 450.57
2026/10/09 02:16:10.730, 2, 79901, 97871, 100, 525.18
2026/10/09 02:16:10.730, 3, 81617, 97871, 99, 449.28
2026/10/09 02:16:11.730, 0, 82625, 97871, 99, 466.37
2026/10/09 02:16:11.730, 1, 82622, 97871, 99, 450.21
2026/10/09 02:16:11.730, 2, 79901, 97871, 100, 520.15
2026/10/09 02:16:11.730, 3, 81617, 97871, 94, 454.61
2026/10/09 02:16:12.730, 0, 82625, 97871, 99, 462.02
2026/10/09 02:16:12.730, 1, 82622, 97871, 99, 450.22
2026/10/09 02:16:12.731, 2, 79901, 97871, 100, 532.86
2026/10/09 02:16:12.731, 3, 81617, 97871, 99, 448.68
2026/10/09 02:16:13.731, 0, 82625, 97871, 98, 468.15
2026/10/09 02:16:13.731, 1, 82622, 97871, 99, 446.20
2026/10/09 02:16:13.731, 2, 79901, 97871, 100, 522.25
2026/10/09 02:16:13.731, 3, 81617, 97871, 99, 452.55
2026/10/09 02:16:14.731, 0, 82625, 97871, 99, 465.46
2026/10/09 02:16:14.731, 1, 82622, 97871, 99, 442.46
2026/10/09 02:16:14.731, 2, 79901, 97871, 99, 519.89
2026/10/09 02:16:14.731, 3, 81617, 97871, 99, 456.86
2026/10/09 02:16:15.731, 0, 82625, 97871, 99, 464.91
2026/10/09 02:16:15.731, 1, 82622, 97871, 100, 472.35
2026/10/09 02:16:15.731, 2, 79901, 97871, 100, 523.83
2026/10/09 02:16:15.731, 3, 81617, 97871, 99, 450.29
2026/10/09 02:16:16.731, 0, 82625, 97871, 99, 466.68
2026/10/09 02:16:16.731, 1, 82622, 97871, 100, 500.64
2026/10/09 02:16:16.732, 2, 79901, 97871, 100, 515.99
2026/10/09 02:16:16.732, 3, 81617, 97871, 99, 454.21
2026/10/09 02:16:17.732, 0, 82625, 97871, 99, 461.33
2026/10/09 02:16:17.732, 1, 82622, 97871, 100, 508.19
2026/10/09 02:16:17.737, 2, 79901, 97871, 100, 536.93
2026/10/09 02:16:17.737, 3, 81617, 97871, 99, 447.21
2026/10/09 02:16:18.738, 0, 82625, 97871, 54, 453.35
2026/10/09 02:16:18.738, 1, 82622, 97871, 100, 517.94
2026/10/09 02:16:18.738, 2, 79901, 97871, 100, 524.96
2026/10/09 02:16:18.738, 3, 81617, 97871, 19, 438.84
2026/10/09 02:16:19.738, 0, 82625, 97871, 99, 507.08
2026/10/09 02:16:19.738, 1, 82622, 97871, 100, 516.19
2026/10/09 02:16:19.738, 2, 79901, 97871, 100, 514.93
2026/10/09 02:16:19.738, 3, 81617, 97871, 99, 491.68
2026/10/09 02:16:20.738, 0, 82625, 97871, 100, 532.79
2026/10/09 02:16:20.738, 1, 82622, 97871, 100, 513.79
2026/10/09 02:16:20.738, 2, 79901, 97871, 100, 488.50
2026/10/09 02:16:20.738, 3, 81617, 97871, 100, 513.99
2026/10/09 02:16:21.738, 0, 82625, 97871, 100, 531.54
2026/10/09 02:16:21.738, 1, 82622, 97871, 100, 516.85
2026/10/09 02:16:21.739, 2, 79901, 97871, 100, 516.94
2026/10/09 02:16:21.739, 3, 81617, 97871, 100, 518.75
2026/10/09 02:16:22.739, 0, 82625, 97871, 100, 533.35
2026/10/09 02:16:22.739, 1, 82622, 97871, 100, 518.72
2026/10/09 02:16:22.739, 2, 79901, 97871, 100, 502.76
2026/10/09 02:16:22.739, 3, 81617, 97871, 100, 512.81
2026/10/09 02:16:23.739, 0, 82625, 97871, 100, 535.59
2026/10/09 02:16:23.739, 1, 82622, 97871, 100, 513.68
2026/10/09 02:16:23.739, 2, 79901, 97871, 100, 513.93
2026/10/09 02:16:23.739, 3, 81617, 97871, 100, 515.94
2026/10/09 02:16:24.739, 0, 82625, 97871, 100, 533.38
2026/10/09 02:16:24.739, 1, 82622, 97871, 100, 508.42
2026/10/09 02:16:24.739, 2, 79901, 97871, 100, 507.98
2026/10/09 02:16:24.739, 3, 81617, 97871, 100, 523.24
2026/10/09 02:16:25.739, 0, 82625, 97871, 100, 532.68
2026/10/09 02:16:25.740, 1, 82622, 97871, 100, 517.05
2026/10/09 02:16:25.740, 2, 79901, 97871, 100, 509.79
2026/10/09 02:16:25.740, 3, 81617, 97871, 100, 509.62
2026/10/09 02:16:26.740, 0, 82625, 97871, 100, 533.38
2026/10/09 02:16:26.740, 1, 82622, 97871, 100, 509.19
2026/10/09 02:16:26.740, 2, 79901, 97871, 100, 507.66
2026/10/09 02:16:26.740, 3, 81617, 97871, 100, 522.50
2026/10/09 02:16:27.740, 0, 82625, 97871, 100, 535.74
2026/10/09 02:16:27.740, 1, 82622, 97871, 100, 513.16
2026/10/09 02:16:27.760, 2, 79901, 97871, 100, 506.20
2026/10/09 02:16:27.760, 3, 81617, 97871, 100, 513.70
2026/10/09 02:16:28.760, 0, 82625, 97871, 100, 528.91
2026/10/09 02:16:28.760, 1, 82622, 97871, 100, 512.80
2026/10/09 02:16:28.760, 2, 79901, 97871, 100, 518.16
2026/10/09 02:16:28.760, 3, 81617, 97871, 99, 518.61
2026/10/09 02:16:29.760, 0, 82625, 97871, 100, 535.42
2026/10/09 02:16:29.760, 1, 82622, 97871, 37, 453.49
2026/10/09 02:16:29.760, 2, 79901, 97871, 100, 491.03
2026/10/09 02:16:29.760, 3, 81617, 97871, 100, 515.96
2026/10/09 02:16:30.760, 0, 82625, 97871, 100, 537.41
2026/10/09 02:16:30.761, 1, 82622, 97871, 100, 514.47
2026/10/09 02:16:30.761, 2, 79901, 97871, 100, 519.86
2026/10/09 02:16:30.761, 3, 81617, 97871, 100, 519.90
2026/10/09 02:16:31.761, 0, 82625, 97871, 100, 535.83
2026/10/09 02:16:31.761, 1, 82622, 97871, 99, 484.57
2026/10/09 02:16:31.761, 2, 79901, 97871, 100, 508.21
2026/10/09 02:16:31.761, 3, 81617, 97871, 100, 517.53
2026/10/09 02:16:32.761, 0, 82625, 97871, 100, 529.30
2026/10/09 02:16:32.761, 1, 82622, 97871, 100, 504.43
2026/10/09 02:16:32.761, 2, 79901, 97871, 74, 498.83
2026/10/09 02:16:32.761, 3, 81617, 97871, 100, 509.06
2026/10/09 02:16:33.761, 0, 82625, 97871, 100, 477.08
2026/10/09 02:16:33.761, 1, 82622, 97871, 100, 510.37
2026/10/09 02:16:33.761, 2, 79901, 97871, 100, 525.53
2026/10/09 02:16:33.761, 3, 81617, 97871, 100, 470.83
2026/10/09 02:16:34.761, 0, 82625, 97871, 100, 532.91
2026/10/09 02:16:34.761, 1, 82622, 97871, 100, 505.92
2026/10/09 02:16:34.762, 2, 79901, 97871, 100, 507.69
2026/10/09 02:16:34.762, 3, 81617, 97871, 100, 512.62
2026/10/09 02:16:35.762, 0, 82625, 97871, 65, 488.08
2026/10/09 02:16:35.762, 1, 82622, 97871, 100, 508.17
2026/10/09 02:16:35.762, 2, 79901, 97871, 100, 508.61
2026/10/09 02:16:35.762, 3, 81617, 97871, 100, 483.56
2026/10/09 02:16:36.762, 0, 82625, 97871, 100, 538.60
2026/10/09 02:16:36.762, 1, 82622, 97871, 100, 501.73
2026/10/09 02:16:36.762, 2, 79901, 97871, 100, 508.49
2026/10/09 02:16:36.762, 3, 81617, 97871, 100, 511.57
2026/10/09 02:16:37.762, 0, 82625, 97871, 100, 526.95
2026/10/09 02:16:37.762, 1, 82622, 97871, 100, 504.53
2026/10/09 02:16:37.770, 2, 79901, 97871, 100, 507.14
2026/10/09 02:16:37.770, 3, 81617, 97871, 100, 510.48
2026/10/09 02:16:38.770, 0, 82625, 97871, 100, 522.68
2026/10/09 02:16:38.770, 1, 82622, 97871, 100, 504.37
2026/10/09 02:16:38.770, 2, 79901, 97871, 100, 508.44
2026/10/09 02:16:38.770, 3, 81617, 97871, 100, 509.90
2026/10/09 02:16:39.770, 0, 82625, 97871, 100, 527.93
2026/10/09 02:16:39.770, 1, 82622, 97871, 100, 480.69
2026/10/09 02:16:39.770, 2, 79901, 97871, 100, 508.96
2026/10/09 02:16:39.770, 3, 81617, 97871, 100, 508.84
2026/10/09 02:16:40.770, 0, 82625, 97871, 100, 528.41
2026/10/09 02:16:40.770, 1, 82622, 97871, 100, 515.58
2026/10/09 02:16:40.770, 2, 79901, 97871, 100, 508.32
2026/10/09 02:16:40.770, 3, 81617, 97871, 100, 512.50
2026/10/09 02:16:41.771, 0, 82625, 97871, 100, 526.37
2026/10/09 02:16:41.771, 1, 82622, 97871, 100, 505.36
2026/10/09 02:16:41.771, 2, 79901, 97871, 100, 505.58
2026/10/09 02:16:41.771, 3, 81617, 97871, 100, 511.46
2026/10/09 02:16:42.771, 0, 82624, 97871, 100, 521.61
2026/10/09 02:16:42.771, 1, 82622, 97871, 83, 483.13
2026/10/09 02:16:42.771, 2, 79901, 97871, 100, 506.26
2026/10/09 02:16:42.771, 3, 81616, 97871, 100, 489.06
2026/10/09 02:16:43.771, 0, 82624, 97871, 100, 509.78
2026/10/09 02:16:43.771, 1, 82622, 97871, 100, 527.59
2026/10/09 02:16:43.771, 2, 79901, 97871, 100, 459.48
2026/10/09 02:16:43.771, 3, 81616, 97871, 100, 526.65
2026/10/09 02:16:44.771, 0, 82624, 97871, 100, 532.02
2026/10/09 02:16:44.771, 1, 82622, 97871, 100, 509.37
2026/10/09 02:16:44.771, 2, 79901, 97871, 100, 530.26
2026/10/09 02:16:44.771, 3, 81616, 97871, 100, 516.13
2026/10/09 02:16:45.771, 0, 82624, 97871, 100, 523.66
2026/10/09 02:16:45.772, 1, 82622, 97871, 100, 510.28
2026/10/09 02:16:45.772, 2, 79901, 97871, 100, 527.58
2026/10/09 02:16:45.772, 3, 81616, 97871, 100, 501.20
2026/10/09 02:16:46.772, 0, 82624, 97871, 88, 500.36
2026/10/09 02:16:46.772, 1, 82622, 97871, 100, 509.82
2026/10/09 02:16:46.772, 2, 79901, 97871, 100, 510.14
2026/10/09 02:16:46.772, 3, 81616, 97871, 100, 498.41
2026/10/09 02:16:47.772, 0, 82624, 97871, 100, 547.69
2026/10/09 02:16:47.772, 1, 82622, 97871, 100, 507.70
2026/10/09 02:16:47.777, 2, 79901, 97871, 100, 505.09
2026/10/09 02:16:47.777, 3, 81616, 97871, 100, 520.32
2026/10/09 02:16:48.777, 0, 82624, 97871, 100, 527.17
2026/10/09 02:16:48.777, 1, 82622, 97871, 100, 509.08
2026/10/09 02:16:48.777, 2, 79901, 97871, 100, 504.86
2026/10/09 02:16:48.777, 3, 81616, 97871, 100, 513.91
2026/10/09 02:16:49.777, 0, 82624, 97871, 100, 526.94
2026/10/09 02:16:49.777, 1, 82622, 97871, 100, 507.83
2026/10/09 02:16:49.777, 2, 79901, 97871, 100, 488.12
2026/10/09 02:16:49.777, 3, 81616, 97871, 100, 515.68
2026/10/09 02:16:50.777, 0, 82624, 97871, 100, 527.19
2026/10/09 02:16:50.778, 1, 82622, 97871, 100, 505.96
2026/10/09 02:16:50.778, 2, 79901, 97871, 100, 524.79
2026/10/09 02:16:50.778, 3, 81616, 97871, 100, 508.69
2026/10/09 02:16:51.778, 0, 82624, 97871, 100, 523.79
2026/10/09 02:16:51.778, 1, 82622, 97871, 100, 508.55
2026/10/09 02:16:51.778, 2, 79901, 97871, 100, 526.49
2026/10/09 02:16:51.778, 3, 81616, 97871, 100, 509.98
2026/10/09 02:16:52.778, 0, 82624, 97871, 100, 529.53
2026/10/09 02:16:52.778, 1, 82622, 97871, 100, 508.33
2026/10/09 02:16:52.778, 2, 79901, 97871, 100, 507.15
2026/10/09 02:16:52.778, 3, 81616, 97871, 100, 512.98
2026/10/09 02:16:53.778, 0, 82624, 97871, 100, 524.14
2026/10/09 02:16:53.778, 1, 82622, 97871, 100, 504.64
2026/10/09 02:16:53.778, 2, 79901, 97871, 100, 506.08
2026/10/09 02:16:53.778, 3, 81616, 97871, 100, 510.68
2026/10/09 02:16:54.778, 0, 82624, 97871, 100, 524.50
2026/10/09 02:16:54.779, 1, 82622, 97871, 0, 444.11
2026/10/09 02:16:54.779, 2, 79901, 97871, 100, 506.64
2026/10/09 02:16:54.779, 3, 81616, 97871, 100, 513.02
2026/10/09 02:16:55.779, 0, 82624, 97871, 100, 526.90
2026/10/09 02:16:55.779, 1, 82622, 97871, 100, 527.99
2026/10/09 02:16:55.779, 2, 79901, 97871, 100, 508.74
2026/10/09 02:16:55.779, 3, 81616, 97871, 100, 510.90
2026/10/09 02:16:56.779, 0, 82624, 97871, 100, 524.50
2026/10/09 02:16:56.779, 1, 82622, 97871, 100, 527.46
2026/10/09 02:16:56.779, 2, 79901, 97871, 100, 513.69
2026/10/09 02:16:56.779, 3, 81616, 97871, 100, 505.89
2026/10/09 02:16:57.779, 0, 82624, 97871, 100, 525.22
2026/10/09 02:16:57.779, 1, 82622, 97871, 100, 508.22
2026/10/09 02:16:57.790, 2, 79901, 97871, 100, 507.68
2026/10/09 02:16:57.790, 3, 81616, 97871, 0, 446.65
2026/10/09 02:16:58.790, 0, 82624, 97871, 100, 505.47
2026/10/09 02:16:58.790, 1, 82622, 97871, 100, 505.18
2026/10/09 02:16:58.790, 2, 79901, 97871, 100, 505.47
2026/10/09 02:16:58.790, 3, 81616, 97871, 100, 527.67
2026/10/09 02:16:59.790, 0, 82624, 97871, 100, 489.55
2026/10/09 02:16:59.790, 1, 82622, 97871, 100, 503.34
2026/10/09 02:16:59.790, 2, 79901, 97871, 100, 510.31
2026/10/09 02:16:59.790, 3, 81616, 97871, 100, 528.35
2026/10/09 02:17:00.790, 0, 82624, 97871, 100, 546.38
2026/10/09 02:17:00.790, 1, 82622, 97871, 78, 482.80
2026/10/09 02:17:00.790, 2, 79901, 97871, 100, 503.23
2026/10/09 02:17:00.790, 3, 81616, 97871, 100, 514.76
2026/10/09 02:17:01.790, 0, 82624, 97871, 100, 535.73
2026/10/09 02:17:01.790, 1, 82622, 97871, 100, 525.26
2026/10/09 02:17:01.790, 2, 79901, 97871, 100, 507.48
2026/10/09 02:17:01.791, 3, 81616, 97871, 100, 514.00
2026/10/09 02:17:02.791, 0, 82624, 97871, 100, 523.18
2026/10/09 02:17:02.791, 1, 82622, 97871, 100, 523.99
2026/10/09 02:17:02.791, 2, 79901, 97871, 100, 503.90
2026/10/09 02:17:02.791, 3, 81616, 97871, 100, 506.92
2026/10/09 02:17:03.791, 0, 82624, 97871, 100, 520.89
2026/10/09 02:17:03.791, 1, 82622, 97871, 100, 506.13
2026/10/09 02:17:03.791, 2, 79901, 97871, 100, 508.51
2026/10/09 02:17:03.791, 3, 81616, 97871, 100, 476.24
2026/10/09 02:17:04.791, 0, 82624, 97871, 100, 506.46
2026/10/09 02:17:04.791, 1, 82622, 97871, 100, 506.54
2026/10/09 02:17:04.791, 2, 79901, 97871, 100, 511.32
2026/10/09 02:17:04.791, 3, 81616, 97871, 100, 527.97
2026/10/09 02:17:05.792, 0, 82624, 97871, 100, 518.70
2026/10/09 02:17:05.792, 1, 82622, 97871, 100, 507.49
2026/10/09 02:17:05.792, 2, 79901, 97871, 100, 506.56
2026/10/09 02:17:05.792, 3, 81616, 97871, 100, 523.81
2026/10/09 02:17:06.792, 0, 82624, 97871, 100, 544.73
2026/10/09 02:17:06.792, 1, 82622, 97871, 100, 508.65
2026/10/09 02:17:06.792, 2, 79901, 97871, 100, 507.90
2026/10/09 02:17:06.792, 3, 81616, 97871, 100, 508.43
2026/10/09 02:17:07.792, 0, 82624, 97871, 100, 533.79
2026/10/09 02:17:07.792, 1, 82622, 97871, 100, 509.62
2026/10/09 02:17:07.796, 2, 79901, 97871, 100, 504.72
2026/10/09 02:17:07.796, 3, 81616, 97871, 100, 508.01
2026/10/09 02:17:08.796, 0, 82624, 97871, 100, 528.22
2026/10/09 02:17:08.797, 1, 82622, 97871, 100, 507.14
2026/10/09 02:17:08.797, 2, 79901, 97871, 100, 502.95
2026/10/09 02:17:08.797, 3, 81616, 97871, 100, 510.22
2026/10/09 02:17:09.797, 0, 82624, 97871, 100, 525.03
2026/10/09 02:17:09.797, 1, 82622, 97871, 100, 507.88
2026/10/09 02:17:09.797, 2, 79901, 97871, 0, 418.47
2026/10/09 02:17:09.797, 3, 81616, 97871, 99, 509.58
2026/10/09 02:17:10.797, 0, 82624, 97871, 100, 527.59
2026/10/09 02:17:10.797, 1, 82622, 97871, 100, 510.51
2026/10/09 02:17:10.797, 2, 79901, 97871, 100, 526.17
2026/10/09 02:17:10.797, 3, 81616, 97871, 100, 514.17
2026/10/09 02:17:11.797, 0, 82624, 97871, 100, 524.05
2026/10/09 02:17:11.797, 1, 82622, 97871, 100, 508.50
2026/10/09 02:17:11.797, 2, 79901, 97871, 100, 525.87
2026/10/09 02:17:11.798, 3, 81616, 97871, 100, 514.26
2026/10/09 02:17:12.798, 0, 82624, 97871, 100, 531.79
2026/10/09 02:17:12.798, 1, 82622, 97871, 100, 508.14
2026/10/09 02:17:12.798, 2, 80557, 97871, 100, 525.07
2026/10/09 02:17:12.798, 3, 81616, 97871, 100, 511.11
2026/10/09 02:17:13.798, 0, 82624, 97871, 100, 527.84
2026/10/09 02:17:13.798, 1, 82622, 97871, 100, 511.76
2026/10/09 02:17:13.798, 2, 81297, 97871, 100, 522.11
2026/10/09 02:17:13.798, 3, 81616, 97871, 100, 509.41
2026/10/09 02:17:14.798, 0, 82624, 97871, 100, 527.11
2026/10/09 02:17:14.798, 1, 82622, 97871, 100, 506.20
2026/10/09 02:17:14.798, 2, 81297, 97871, 100, 522.61
2026/10/09 02:17:14.798, 3, 81616, 97871, 100, 509.23
2026/10/09 02:17:15.798, 0, 82624, 97871, 100, 527.26
2026/10/09 02:17:15.799, 1, 82622, 97871, 100, 510.90
2026/10/09 02:17:15.799, 2, 81299, 97871, 100, 501.26
2026/10/09 02:17:15.799, 3, 81616, 97871, 100, 509.70
2026/10/09 02:17:16.799, 0, 82624, 97871, 100, 524.97
2026/10/09 02:17:16.799, 1, 82622, 97871, 100, 506.84
2026/10/09 02:17:16.799, 2, 81299, 97871, 100, 502.41
2026/10/09 02:17:16.799, 3, 81616, 97871, 100, 512.68
2026/10/09 02:17:17.799, 0, 82624, 97871, 99, 523.88
2026/10/09 02:17:17.799, 1, 82622, 97871, 100, 511.83
2026/10/09 02:17:17.808, 2, 81299, 97871, 100, 498.53
2026/10/09 02:17:17.808, 3, 81616, 97871, 100, 510.23
2026/10/09 02:17:18.808, 0, 82624, 97871, 100, 527.33
2026/10/09 02:17:18.808, 1, 82622, 97871, 99, 507.03
2026/10/09 02:17:18.808, 2, 81299, 97871, 100, 501.86
2026/10/09 02:17:18.808, 3, 81616, 97871, 100, 511.97
2026/10/09 02:17:19.808, 0, 82624, 97871, 100, 526.14
2026/10/09 02:17:19.808, 1, 82622, 97871, 100, 505.81
2026/10/09 02:17:19.808, 2, 81299, 97871, 4, 459.36
2026/10/09 02:17:19.808, 3, 81616, 97871, 100, 510.15
2026/10/09 02:17:20.809, 0, 82624, 97871, 100, 529.12
2026/10/09 02:17:20.809, 1, 82622, 97871, 100, 503.42
2026/10/09 02:17:20.809, 2, 81299, 97871, 100, 526.25
2026/10/09 02:17:20.809, 3, 81616, 97871, 100, 509.94
2026/10/09 02:17:21.809, 0, 82624, 97871, 100, 524.88
2026/10/09 02:17:21.809, 1, 82622, 97871, 66, 416.32
2026/10/09 02:17:21.809, 2, 81299, 97871, 100, 524.18
2026/10/09 02:17:21.809, 3, 81616, 97871, 100, 512.00
2026/10/09 02:17:22.809, 0, 82624, 97871, 100, 525.66
2026/10/09 02:17:22.809, 1, 82622, 97871, 100, 520.48
2026/10/09 02:17:22.809, 2, 81299, 97871, 100, 526.68
2026/10/09 02:17:22.809, 3, 81616, 97871, 100, 509.29
2026/10/09 02:17:23.809, 0, 82624, 97871, 100, 525.83
2026/10/09 02:17:23.809, 1, 82622, 97871, 100, 530.18
2026/10/09 02:17:23.810, 2, 81299, 97871, 100, 523.08
2026/10/09 02:17:23.810, 3, 81616, 97871, 100, 486.35
2026/10/09 02:17:24.810, 0, 82624, 97871, 100, 522.86
2026/10/09 02:17:24.810, 1, 82622, 97871, 100, 525.07
2026/10/09 02:17:24.810, 2, 81299, 97871, 100, 522.62
2026/10/09 02:17:24.810, 3, 81616, 97871, 100, 433.74
2026/10/09 02:17:25.810, 0, 82624, 97871, 100, 518.68
2026/10/09 02:17:25.810, 1, 82622, 97871, 100, 528.84
2026/10/09 02:17:25.810, 2, 81299, 97871, 100, 511.77
2026/10/09 02:17:25.810, 3, 81616, 97871, 100, 529.46
2026/10/09 02:17:26.810, 0, 82624, 97871, 100, 436.17
2026/10/09 02:17:26.810, 1, 82622, 97871, 100, 523.76
2026/10/09 02:17:26.810, 2, 81299, 97871, 100, 509.69
2026/10/09 02:17:26.810, 3, 81616, 97871, 100, 527.50
2026/10/09 02:17:27.810, 0, 82624, 97871, 100, 545.08
2026/10/09 02:17:27.810, 1, 82622, 97871, 100, 509.71
2026/10/09 02:17:27.815, 2, 81299, 97871, 100, 508.17
2026/10/09 02:17:27.815, 3, 81616, 97871, 100, 527.59
2026/10/09 02:17:28.815, 0, 82624, 97871, 100, 545.57
2026/10/09 02:17:28.815, 1, 82622, 97871, 100, 511.98
2026/10/09 02:17:28.815, 2, 81299, 97871, 100, 502.67
2026/10/09 02:17:28.815, 3, 81616, 97871, 100, 524.34
2026/10/09 02:17:29.815, 0, 82624, 97871, 100, 543.70
2026/10/09 02:17:29.815, 1, 82622, 97871, 100, 509.21
2026/10/09 02:17:29.815, 2, 81299, 97871, 100, 506.24
2026/10/09 02:17:29.815, 3, 81616, 97871, 100, 507.65
2026/10/09 02:17:30.815, 0, 82624, 97871, 100, 545.73
2026/10/09 02:17:30.815, 1, 82622, 97871, 100, 507.93
2026/10/09 02:17:30.815, 2, 81299, 97871, 100, 508.25
2026/10/09 02:17:30.815, 3, 81616, 97871, 100, 505.32
2026/10/09 02:17:31.816, 0, 82624, 97871, 100, 531.09
2026/10/09 02:17:31.816, 1, 82622, 97871, 100, 501.49
2026/10/09 02:17:31.816, 2, 81299, 97871, 100, 511.67
2026/10/09 02:17:31.816, 3, 81616, 97871, 100, 510.82
2026/10/09 02:17:32.816, 0, 82624, 97871, 100, 518.17
2026/10/09 02:17:32.816, 1, 82622, 97871, 100, 464.07
2026/10/09 02:17:32.816, 2, 81299, 97871, 100, 515.26
2026/10/09 02:17:32.816, 3, 81616, 97871, 100, 507.16
2026/10/09 02:17:33.816, 0, 82624, 97871, 100, 524.28
2026/10/09 02:17:33.816, 1, 82622, 97871, 100, 527.87
2026/10/09 02:17:33.816, 2, 81299, 97871, 100, 514.41
2026/10/09 02:17:33.816, 3, 81616, 97871, 100, 507.38
2026/10/09 02:17:34.816, 0, 82624, 97871, 100, 525.51
2026/10/09 02:17:34.816, 1, 82622, 97871, 100, 525.74
2026/10/09 02:17:34.816, 2, 81299, 97871, 100, 514.11
2026/10/09 02:17:34.816, 3, 81616, 97871, 100, 451.14
2026/10/09 02:17:35.816, 0, 82624, 97871, 100, 524.60
2026/10/09 02:17:35.816, 1, 82622, 97871, 100, 527.26
2026/10/09 02:17:35.816, 2, 81299, 97871, 100, 515.79
2026/10/09 02:17:35.817, 3, 81616, 97871, 100, 528.49
2026/10/09 02:17:36.817, 0, 82624, 97871, 100, 517.31
2026/10/09 02:17:36.817, 1, 82622, 97871, 100, 523.94
2026/10/09 02:17:36.817, 2, 81299, 97871, 100, 514.24
2026/10/09 02:17:36.817, 3, 81616, 97871, 100, 526.76
2026/10/09 02:17:37.817, 0, 82624, 97871, 100, 489.89
2026/10/09 02:17:37.817, 1, 82622, 97871, 100, 512.94
2026/10/09 02:17:37.827, 2, 81299, 97871, 100, 507.80
2026/10/09 02:17:37.827, 3, 81616, 97871, 100, 526.45
2026/10/09 02:17:38.828, 0, 82624, 97871, 100, 545.34
2026/10/09 02:17:38.828, 1, 82622, 97871, 100, 510.63
2026/10/09 02:17:38.828, 2, 81299, 97871, 100, 509.83
2026/10/09 02:17:38.828, 3, 81616, 97871, 100, 528.87
2026/10/09 02:17:39.828, 0, 82624, 97871, 100, 544.04
2026/10/09 02:17:39.828, 1, 82622, 97871, 100, 507.50
2026/10/09 02:17:39.828, 2, 81299, 97871, 100, 510.20
2026/10/09 02:17:39.828, 3, 81616, 97871, 100, 512.51
2026/10/09 02:17:40.828, 0, 82624, 97871, 100, 542.95
2026/10/09 02:17:40.828, 1, 82622, 97871, 100, 506.44
2026/10/09 02:17:40.828, 2, 81299, 97871, 100, 509.71
2026/10/09 02:17:40.828, 3, 81616, 97871, 100, 512.99
2026/10/09 02:17:41.828, 0, 82624, 97871, 100, 540.87
2026/10/09 02:17:41.828, 1, 82622, 97871, 100, 509.61
2026/10/09 02:17:41.828, 2, 81299, 97871, 100, 514.45
2026/10/09 02:17:41.828, 3, 81616, 97871, 100, 513.70
2026/10/09 02:17:42.828, 0, 82624, 97871, 100, 528.46
2026/10/09 02:17:42.829, 1, 82622, 97871, 100, 512.12
2026/10/09 02:17:42.829, 2, 81299, 97871, 100, 514.61
2026/10/09 02:17:42.829, 3, 81616, 97871, 100, 512.38
2026/10/09 02:17:43.829, 0, 82624, 97871, 100, 528.48
2026/10/09 02:17:43.829, 1, 82622, 97871, 99, 509.37
2026/10/09 02:17:43.829, 2, 81299, 97871, 100, 513.90
2026/10/09 02:17:43.829, 3, 81616, 97871, 100, 512.05
2026/10/09 02:17:44.829, 0, 82624, 97871, 100, 529.89
2026/10/09 02:17:44.829, 1, 82622, 97871, 100, 512.26
2026/10/09 02:17:44.829, 2, 81299, 97871, 100, 513.11
2026/10/09 02:17:44.829, 3, 81616, 97871, 100, 514.18
2026/10/09 02:17:45.829, 0, 82624, 97871, 100, 527.49
2026/10/09 02:17:45.829, 1, 82622, 97871, 100, 515.03
2026/10/09 02:17:45.829, 2, 81299, 97871, 100, 510.30
2026/10/09 02:17:45.829, 3, 81616, 97871, 100, 513.93
2026/10/09 02:17:46.829, 0, 82624, 97871, 100, 524.36
2026/10/09 02:17:46.829, 1, 82622, 97871, 100, 513.03
2026/10/09 02:17:46.829, 2, 81299, 97871, 100, 513.26
2026/10/09 02:17:46.829, 3, 81616, 97871, 100, 513.83
2026/10/09 02:17:47.830, 0, 82624, 97871, 100, 529.40
2026/10/09 02:17:47.830, 1, 82622, 97871, 100, 515.96
2026/10/09 02:17:47.834, 2, 81299, 97871, 100, 510.31
2026/10/09 02:17:47.834, 3, 81616, 97871, 100, 520.14
2026/10/09 02:17:48.834, 0, 82624, 97871, 100, 531.70
2026/10/09 02:17:48.834, 1, 82622, 97871, 100, 513.96
2026/10/09 02:17:48.834, 2, 81299, 97871, 100, 513.60
2026/10/09 02:17:48.835, 3, 81616, 97871, 100, 520.05
2026/10/09 02:17:49.835, 0, 82624, 97871, 100, 525.30
2026/10/09 02:17:49.835, 1, 82622, 97871, 100, 513.73
2026/10/09 02:17:49.835, 2, 81299, 97871, 100, 509.96
2026/10/09 02:17:49.835, 3, 81616, 97871, 100, 516.06
2026/10/09 02:17:50.835, 0, 82624, 97871, 100, 534.02
2026/10/09 02:17:50.835, 1, 82622, 97871, 100, 508.22
2026/10/09 02:17:50.835, 2, 81299, 97871, 100, 510.81
2026/10/09 02:17:50.835, 3, 81616, 97871, 100, 514.84
2026/10/09 02:17:51.835, 0, 82624, 97871, 100, 532.97
2026/10/09 02:17:51.835, 1, 82622, 97871, 100, 511.42
2026/10/09 02:17:51.835, 2, 81299, 97871, 100, 509.47
2026/10/09 02:17:51.835, 3, 81616, 97871, 100, 513.93
2026/10/09 02:17:52.836, 0, 82624, 97871, 100, 531.53
2026/10/09 02:17:52.836, 1, 82622, 97871, 100, 510.40
2026/10/09 02:17:52.836, 2, 81299, 97871, 100, 512.16
2026/10/09 02:17:52.836, 3, 81616, 97871, 100, 517.28
2026/10/09 02:17:53.836, 0, 82624, 97871, 100, 526.43
2026/10/09 02:17:53.836, 1, 82622, 97871, 100, 513.27
2026/10/09 02:17:53.836, 2, 81299, 97871, 100, 508.29
2026/10/09 02:17:53.836, 3, 81616, 97871, 100, 516.88
2026/10/09 02:17:54.836, 0, 82624, 97871, 100, 531.32
2026/10/09 02:17:54.836, 1, 82622, 97871, 100, 513.05
2026/10/09 02:17:54.836, 2, 81299, 97871, 93, 500.24
2026/10/09 02:17:54.836, 3, 81616, 97871, 100, 512.40
2026/10/09 02:17:55.836, 0, 82624, 97871, 100, 530.90
2026/10/09 02:17:55.836, 1, 82622, 97871, 100, 513.55
2026/10/09 02:17:55.836, 2, 81299, 97871, 100, 499.57
2026/10/09 02:17:55.836, 3, 81616, 97871, 100, 513.67
2026/10/09 02:17:56.836, 0, 82624, 97871, 100, 524.82
2026/10/09 02:17:56.837, 1, 82622, 97871, 100, 515.02
2026/10/09 02:17:56.837, 2, 81299, 97871, 100, 502.23
2026/10/09 02:17:56.837, 3, 81616, 97871, 100, 516.13
2026/10/09 02:17:57.837, 0, 82624, 97871, 100, 529.84
2026/10/09 02:17:57.927, 1, 82622, 97871, 100, 510.71
2026/10/09 02:17:57.927, 2, 11, 97871, 2, 343.32
2026/10/09 02:17:57.928, 3, 81616, 97871, 100, 513.26
2026/10/09 02:17:58.928, 0, 82624, 97871, 100, 524.83
2026/10/09 02:17:58.928, 1, 82622, 97871, 100, 515.01
2026/10/09 02:17:58.928, 2, 11, 97871, 0, 146.52
2026/10/09 02:17:58.928, 3, 81616, 97871, 100, 518.82
2026/10/09 02:17:59.928, 0, 82624, 97871, 100, 528.39
2026/10/09 02:17:59.928, 1, 82622, 97871, 100, 513.88
2026/10/09 02:17:59.928, 2, 11, 97871, 0, 111.52
2026/10/09 02:17:59.928, 3, 81616, 97871, 100, 511.65
2026/10/09 02:18:00.928, 0, 82624, 97871, 100, 532.28
2026/10/09 02:18:00.928, 1, 82622, 97871, 100, 512.67
2026/10/09 02:18:00.928, 2, 11, 97871, 0, 91.50
2026/10/09 02:18:00.928, 3, 81616, 97871, 100, 514.26
2026/10/09 02:18:01.929, 0, 82624, 97871, 100, 529.32
2026/10/09 02:18:01.929, 1, 82622, 97871, 100, 514.52
2026/10/09 02:18:01.929, 2, 11, 97871, 0, 91.33
2026/10/09 02:18:01.929, 3, 81616, 97871, 100, 516.20
2026/10/09 02:18:02.929, 0, 82624, 97871, 100, 530.89
2026/10/09 02:18:02.929, 1, 82622, 97871, 100, 512.39
2026/10/09 02:18:02.929, 2, 11, 97871, 0, 90.86
2026/10/09 02:18:02.929, 3, 81616, 97871, 100, 519.15
2026/10/09 02:18:03.929, 0, 82624, 97871, 100, 529.09
2026/10/09 02:18:03.929, 1, 82622, 97871, 100, 510.24
2026/10/09 02:18:03.929, 2, 11, 97871, 0, 90.85
2026/10/09 02:18:03.929, 3, 81616, 97871, 100, 513.84
2026/10/09 02:18:04.929, 0, 82624, 97871, 100, 532.74
2026/10/09 02:18:04.930, 1, 82622, 97871, 100, 514.16
2026/10/09 02:18:04.930, 2, 11, 97871, 0, 90.84
2026/10/09 02:18:04.930, 3, 81616, 97871, 100, 511.51
2026/10/09 02:18:05.930, 0, 82624, 97871, 100, 529.26
2026/10/09 02:18:05.930, 1, 82622, 97871, 100, 514.03
2026/10/09 02:18:05.930, 2, 11, 97871, 0, 90.88
2026/10/09 02:18:05.930, 3, 81616, 97871, 100, 515.16
2026/10/09 02:18:06.930, 0, 82624, 97871, 100, 530.36
2026/10/09 02:18:06.930, 1, 82622, 97871, 100, 514.17
2026/10/09 02:18:06.930, 2, 11, 97871, 0, 90.89
2026/10/09 02:18:06.930, 3, 81616, 97871, 100, 516.86
2026/10/09 02:18:07.930, 0, 82624, 97871, 100, 534.71
2026/10/09 02:18:07.930, 1, 82622, 97871, 100, 509.67
2026/10/09 02:18:07.933, 2, 11, 97871, 0, 90.82
2026/10/09 02:18:07.933, 3, 81616, 97871, 100, 514.67
2026/10/09 02:18:08.933, 0, 82624, 97871, 100, 530.25
2026/10/09 02:18:08.934, 1, 82622, 97871, 100, 513.59
2026/10/09 02:18:08.934, 2, 11, 97871, 0, 90.66
2026/10/09 02:18:08.934, 3, 81616, 97871, 100, 512.56
2026/10/09 02:18:09.934, 0, 82624, 97871, 100, 530.45
2026/10/09 02:18:09.934, 1, 82622, 97871, 100, 505.82
2026/10/09 02:18:09.934, 2, 11, 97871, 0, 90.60
2026/10/09 02:18:09.934, 3, 81616, 97871, 100, 509.32
2026/10/09 02:18:10.934, 0, 82624, 97871, 100, 529.52
2026/10/09 02:18:10.934, 1, 82622, 97871, 100, 503.97
2026/10/09 02:18:10.934, 2, 11, 97871, 0, 90.50
2026/10/09 02:18:10.934, 3, 81616, 97871, 100, 509.96
2026/10/09 02:18:11.934, 0, 82624, 97871, 100, 525.40
2026/10/09 02:18:11.934, 1, 10, 97871, 1, 277.35
2026/10/09 02:18:11.934, 2, 11, 97871, 0, 90.41
2026/10/09 02:18:11.934, 3, 81616, 97871, 100, 506.64
2026/10/09 02:18:12.935, 0, 82624, 97871, 100, 520.39
2026/10/09 02:18:13.040, 1, 10, 97871, 0, 134.65
2026/10/09 02:18:13.040, 2, 11, 97871, 0, 90.53
2026/10/09 02:18:13.040, 3, 5, 97871, 0, 316.49
2026/10/09 02:18:14.040, 0, 82624, 97871, 100, 516.81
2026/10/09 02:18:14.040, 1, 10, 97871, 0, 102.32
2026/10/09 02:18:14.040, 2, 11, 97871, 0, 90.50
2026/10/09 02:18:14.040, 3, 5, 97871, 0, 136.51
2026/10/09 02:18:15.040, 0, 82624, 97871, 100, 516.90
2026/10/09 02:18:15.040, 1, 10, 97871, 0, 82.92
2026/10/09 02:18:15.040, 2, 11, 97871, 0, 90.31
2026/10/09 02:18:15.040, 3, 5, 97871, 0, 125.95
2026/10/09 02:18:16.040, 0, 82624, 97871, 100, 515.09
2026/10/09 02:18:16.041, 1, 10, 97871, 0, 82.88
2026/10/09 02:18:16.041, 2, 11, 97871, 0, 90.13
2026/10/09 02:18:16.041, 3, 5, 97871, 0, 86.77
2026/10/09 02:18:17.041, 0, 82624, 97871, 100, 511.62
2026/10/09 02:18:17.041, 1, 10, 97871, 0, 82.98
2026/10/09 02:18:17.041, 2, 11, 97871, 0, 90.06
2026/10/09 02:18:17.041, 3, 5, 97871, 0, 86.86
2026/10/09 02:18:18.041, 0, 12, 97871, 0, 237.12
2026/10/09 02:18:18.041, 1, 10, 97871, 0, 83.19
2026/10/09 02:18:18.041, 2, 11, 97871, 0, 89.99
2026/10/09 02:18:18.041, 3, 5, 97871, 0, 86.80
2026/10/09 02:18:19.041, 0, 12, 97871, 0, 146.98
2026/10/09 02:18:19.041, 1, 10, 97871, 0, 83.28
2026/10/09 02:18:19.041, 2, 11, 97871, 0, 90.08
2026/10/09 02:18:19.041, 3, 5, 97871, 0, 86.90
2026/10/09 02:18:20.041, 0, 12, 97871, 0, 101.35
2026/10/09 02:18:20.041, 1, 10, 97871, 0, 83.10
2026/10/09 02:18:20.041, 2, 11, 97871, 0, 89.62
2026/10/09 02:18:20.041, 3, 5, 97871, 0, 86.74
