2026/10/09 04:34:45.903, 0, 7, 97871, 0, 94.40
2026/10/09 04:34:45.907, 1, 7, 97871, 0, 95.08
2026/10/09 04:34:45.910, 2, 7, 97871, 0, 95.86
2026/10/09 04:34:45.914, 3, 6, 97871, 0, 85.73
2026/10/09 04:34:46.918, 0, 7, 97871, 0, 94.35
2026/10/09 04:34:46.918, 1, 7, 97871, 0, 94.93
2026/10/09 04:34:46.919, 2, 7, 97871, 0, 95.48
2026/10/09 04:34:46.919, 3, 6, 97871, 0, 85.08
2026/10/09 04:34:47.919, 0, 7, 97871, 0, 94.30
2026/10/09 04:34:47.919, 1, 7, 97871, 0, 94.83
2026/10/09 04:34:47.919, 2, 7, 97871, 0, 95.33
2026/10/09 04:34:47.919, 3, 6, 97871, 0, 84.97
2026/10/09 04:34:48.919, 0, 7, 97871, 0, 94.14
2026/10/09 04:34:48.919, 1, 7, 97871, 0, 94.79
2026/10/09 04:34:48.919, 2, 7, 97871, 0, 95.31
2026/10/09 04:34:48.919, 3, 6, 97871, 0, 85.28
2026/10/09 04:34:49.919, 0, 7, 97871, 0, 94.26
2026/10/09 04:34:49.920, 1, 7, 97871, 0, 94.89
2026/10/09 04:34:49.920, 2, 7, 97871, 0, 95.32
2026/10/09 04:34:49.920, 3, 6, 97871, 0, 85.23
2026/10/09 04:34:50.920, 0, 7, 97871, 0, 94.58
2026/10/09 04:34:50.920, 1, 7, 97871, 0, 94.73
2026/10/09 04:34:50.920, 2, 7, 97871, 0, 95.46
2026/10/09 04:34:50.920, 3, 6, 97871, 0, 85.37
2026/10/09 04:34:51.920, 0, 7, 97871, 0, 94.42
2026/10/09 04:34:51.920, 1, 7, 97871, 0, 94.95
2026/10/09 04:34:51.920, 2, 7, 97871, 0, 95.43
2026/10/09 04:34:51.920, 3, 6, 97871, 0, 85.25
2026/10/09 04:34:52.921, 0, 7, 97871, 0, 94.54
2026/10/09 04:34:52.921, 1, 7, 97871, 0, 94.98
2026/10/09 04:34:52.921, 2, 7, 97871, 0, 95.52
2026/10/09 04:34:52.921, 3, 6, 97871, 0, 85.27
2026/10/09 04:34:53.921, 0, 7, 97871, 0, 94.62
2026/10/09 04:34:53.921, 1, 7, 97871, 0, 94.93
2026/10/09 04:34:53.921, 2, 7, 97871, 0, 95.48
2026/10/09 04:34:53.921, 3, 6, 97871, 0, 85.46
2026/10/09 04:34:54.921, 0, 7, 97871, 0, 94.29
2026/10/09 04:34:54.922, 1, 7, 97871, 0, 94.95
2026/10/09 04:34:54.922, 2, 7, 97871, 0, 95.38
2026/10/09 04:34:54.922, 3, 6, 97871, 0, 85.62
2026/10/09 04:34:55.922, 0, 7, 97871, 0, 94.30
2026/10/09 04:34:55.922, 1, 7, 97871, 0, 94.83
2026/10/09 04:34:55.922, 2, 7, 97871, 0, 95.34
2026/10/09 04:34:55.922, 3, 6, 97871, 0, 85.45
2026/10/09 04:34:56.922, 0, 7, 97871, 0, 94.55
2026/10/09 04:34:56.922, 1, 7, 97871, 0, 94.96
2026/10/09 04:34:56.922, 2, 7, 97871, 0, 95.49
2026/10/09 04:34:56.922, 3, 6, 97871, 0, 85.50
2026/10/09 04:34:57.923, 0, 7, 97871, 0, 94.39
2026/10/09 04:34:57.923, 1, 7, 97871, 0, 94.90
2026/10/09 04:34:57.923, 2, 7, 97871, 0, 95.36
2026/10/09 04:34:57.923, 3, 6, 97871, 0, 85.33
2026/10/09 04:34:58.923, 0, 7, 97871, 0, 94.60
2026/10/09 04:34:58.923, 1, 7, 97871, 0, 94.89
2026/10/09 04:34:58.923, 2, 7, 97871, 0, 95.22
2026/10/09 04:34:58.923, 3, 6, 97871, 0, 85.34
2026/10/09 04:34:59.923, 0, 7, 97871, 0, 94.40
2026/10/09 04:34:59.924, 1, 7, 97871, 0, 94.82
2026/10/09 04:34:59.924, 2, 7, 97871, 0, 95.24
2026/10/09 04:34:59.924, 3, 6, 97871, 0, 85.33
2026/10/09 04:35:00.924, 0, 7, 97871, 0, 94.35
2026/10/09 04:35:00.924, 1, 7, 97871, 0, 94.96
2026/10/09 04:35:00.924, 2, 7, 97871, 0, 95.29
2026/10/09 04:35:00.924, 3, 6, 97871, 0, 85.20
2026/10/09 04:35:01.924, 0, 7, 97871, 0, 94.37
2026/10/09 04:35:01.924, 1, 7, 97871, 0, 94.96
2026/10/09 04:35:01.924, 2, 7, 97871, 0, 95.19
2026/10/09 04:35:01.925, 3, 6, 97871, 0, 85.93
2026/10/09 04:35:02.925, 0, 7, 97871, 0, 94.47
2026/10/09 04:35:02.925, 1, 7, 97871, 0, 94.80
2026/10/09 04:35:02.925, 2, 7, 97871, 0, 95.26
2026/10/09 04:35:02.925, 3, 6, 97871, 0, 85.43
2026/10/09 04:35:03.925, 0, 7, 97871, 0, 94.25
2026/10/09 04:35:03.925, 1, 7, 97871, 0, 94.72
2026/10/09 04:35:03.925, 2, 7, 97871, 0, 95.26
2026/10/09 04:35:03.925, 3, 6, 97871, 0, 85.30
2026/10/09 04:35:04.925, 0, 7, 97871, 0, 94.39
2026/10/09 04:35:04.925, 1, 7, 97871, 0, 94.67
2026/10/09 04:35:04.926, 2, 7, 97871, 0, 95.40
2026/10/09 04:35:04.926, 3, 6, 97871, 0, 85.07
2026/10/09 04:35:05.926, 0, 7, 97871, 0, 94.24
2026/10/09 04:35:05.926, 1, 7, 97871, 0, 94.64
2026/10/09 04:35:05.926, 2, 7, 97871, 0, 95.47
2026/10/09 04:35:05.926, 3, 6, 97871, 0, 85.00
2026/10/09 04:35:06.926, 0, 7, 97871, 0, 94.25
2026/10/09 04:35:06.926, 1, 7, 97871, 0, 94.94
2026/10/09 04:35:06.926, 2, 7, 97871, 0, 95.72
2026/10/09 04:35:06.926, 3, 6, 97871, 0, 85.24
2026/10/09 04:35:07.926, 0, 7, 97871, 0, 94.40
2026/10/09 04:35:07.926, 1, 7, 97871, 0, 94.85
2026/10/09 04:35:07.926, 2, 7, 97871, 0, 95.55
2026/10/09 04:35:07.926, 3, 6, 97871, 0, 85.26
2026/10/09 04:35:08.927, 0, 7, 97871, 0, 94.38
2026/10/09 04:35:08.927, 1, 7, 97871, 0, 94.86
2026/10/09 04:35:08.927, 2, 7, 97871, 0, 95.76
2026/10/09 04:35:08.927, 3, 6, 97871, 0, 85.20
2026/10/09 04:35:09.927, 0, 7, 97871, 0, 94.35
2026/10/09 04:35:09.927, 1, 7, 97871, 0, 94.86
2026/10/09 04:35:09.927, 2, 7, 97871, 0, 95.74
2026/10/09 04:35:09.927, 3, 6, 97871, 0, 85.10
2026/10/09 04:35:10.927, 0, 7, 97871, 0, 94.43
2026/10/09 04:35:10.927, 1, 7, 97871, 0, 94.72
2026/10/09 04:35:10.927, 2, 7, 97871, 0, 95.82
2026/10/09 04:35:10.927, 3, 6, 97871, 0, 85.07
2026/10/09 04:35:11.927, 0, 7, 97871, 0, 94.16
2026/10/09 04:35:11.927, 1, 7, 97871, 0, 94.83
2026/10/09 04:35:11.927, 2, 7, 97871, 0, 95.58
2026/10/09 04:35:11.928, 3, 6, 97871, 0, 85.06
2026/10/09 04:35:12.928, 0, 7, 97871, 0, 94.26
2026/10/09 04:35:12.928, 1, 7, 97871, 0, 94.81
2026/10/09 04:35:12.928, 2, 7, 97871, 0, 95.47
2026/10/09 04:35:12.928, 3, 6, 97871, 0, 85.13
2026/10/09 04:35:13.928, 0, 7, 97871, 0, 94.33
2026/10/09 04:35:13.928, 1, 7, 97871, 0, 94.67
2026/10/09 04:35:13.928, 2, 7, 97871, 0, 95.58
2026/10/09 04:35:13.928, 3, 6, 97871, 0, 85.28
2026/10/09 04:35:14.928, 0, 7, 97871, 0, 94.61
2026/10/09 04:35:14.928, 1, 7, 97871, 0, 94.73
2026/10/09 04:35:14.928, 2, 7, 97871, 0, 95.46
2026/10/09 04:35:14.928, 3, 6, 97871, 0, 85.31
2026/10/09 04:35:15.928, 0, 7, 97871, 0, 94.59
2026/10/09 04:35:15.928, 1, 7, 97871, 0, 94.89
2026/10/09 04:35:15.928, 2, 7, 97871, 0, 95.47
2026/10/09 04:35:15.928, 3, 6, 97871, 0, 85.23
2026/10/09 04:35:16.929, 0, 7, 97871, 0, 94.40
2026/10/09 04:35:16.929, 1, 7, 97871, 0, 94.91
2026/10/09 04:35:16.929, 2, 7, 97871, 0, 95.23
2026/10/09 04:35:16.929, 3, 6, 97871, 0, 85.21
2026/10/09 04:35:17.929, 0, 7, 97871, 0, 94.27
2026/10/09 04:35:17.929, 1, 7, 97871, 0, 94.87
2026/10/09 04:35:17.929, 2, 7, 97871, 0, 95.29
2026/10/09 04:35:17.929, 3, 6, 97871, 0, 85.20
2026/10/09 04:35:18.929, 0, 7, 97871, 0, 94.32
2026/10/09 04:35:18.929, 1, 7, 97871, 0, 94.76
2026/10/09 04:35:18.929, 2, 7, 97871, 0, 95.36
2026/10/09 04:35:18.929, 3, 6, 97871, 0, 85.13
2026/10/09 04:35:19.929, 0, 7, 97871, 0, 94.80
2026/10/09 04:35:19.929, 1, 7, 97871, 0, 94.93
2026/10/09 04:35:19.930, 2, 7, 97871, 0, 95.67
2026/10/09 04:35:19.930, 3, 6, 97871, 0, 85.26
2026/10/09 04:35:20.930, 0, 7, 97871, 0, 94.53
2026/10/09 04:35:20.930, 1, 7, 97871, 0, 94.90
2026/10/09 04:35:20.930, 2, 7, 97871, 0, 95.77
2026/10/09 04:35:20.930, 3, 6, 97871, 0, 85.12
2026/10/09 04:35:21.930, 0, 7, 97871, 0, 94.61
2026/10/09 04:35:21.930, 1, 7, 97871, 0, 94.96
2026/10/09 04:35:21.930, 2, 7, 97871, 0, 95.98
2026/10/09 04:35:21.930, 3, 6, 97871, 0, 85.24
2026/10/09 04:35:22.930, 0, 7, 97871, 0, 94.50
2026/10/09 04:35:22.930, 1, 7, 97871, 0, 95.10
2026/10/09 04:35:22.930, 2, 7, 97871, 0, 95.96
2026/10/09 04:35:22.930, 3, 6, 97871, 0, 85.36
2026/10/09 04:35:23.931, 0, 7, 97871, 0, 94.67
2026/10/09 04:35:23.931, 1, 7, 97871, 0, 94.92
2026/10/09 04:35:23.931, 2, 7, 97871, 0, 95.65
2026/10/09 04:35:23.931, 3, 6, 97871, 0, 85.79
2026/10/09 04:35:24.931, 0, 7, 97871, 0, 94.62
2026/10/09 04:35:24.931, 1, 7, 97871, 0, 94.94
2026/10/09 04:35:24.931, 2, 7, 97871, 0, 95.64
2026/10/09 04:35:24.931, 3, 6, 97871, 0, 85.79
2026/10/09 04:35:25.931, 0, 7, 97871, 0, 94.51
2026/10/09 04:35:25.931, 1, 7, 97871, 0, 94.92
2026/10/09 04:35:25.931, 2, 7, 97871, 0, 95.75
2026/10/09 04:35:25.931, 3, 6, 97871, 0, 85.67
2026/10/09 04:35:26.932, 0, 7, 97871, 0, 94.66
2026/10/09 04:35:26.932, 1, 7, 97871, 0, 94.92
2026/10/09 04:35:26.932, 2, 7, 97871, 0, 95.88
2026/10/09 04:35:26.932, 3, 6, 97871, 0, 85.83
2026/10/09 04:35:27.932, 0, 7, 97871, 0, 94.64
2026/10/09 04:35:27.932, 1, 7, 97871, 0, 94.91
2026/10/09 04:35:27.932, 2, 7, 97871, 0, 95.62
2026/10/09 04:35:27.932, 3, 6, 97871, 0, 85.54
2026/10/09 04:35:28.932, 0, 7, 97871, 0, 94.12
2026/10/09 04:35:28.932, 1, 7, 97871, 0, 94.82
2026/10/09 04:35:28.932, 2, 7, 97871, 0, 95.77
2026/10/09 04:35:28.932, 3, 6, 97871, 0, 85.17
2026/10/09 04:35:29.932, 0, 7, 97871, 0, 94.37
2026/10/09 04:35:29.932, 1, 7, 97871, 0, 94.81
2026/10/09 04:35:29.932, 2, 7, 97871, 0, 96.02
2026/10/09 04:35:29.932, 3, 6, 97871, 0, 85.49
2026/10/09 04:35:30.933, 0, 7, 97871, 0, 94.27
2026/10/09 04:35:30.933, 1, 7, 97871, 0, 94.86
2026/10/09 04:35:30.933, 2, 7, 97871, 0, 96.21
2026/10/09 04:35:30.933, 3, 6, 97871, 0, 85.17
2026/10/09 04:35:31.933, 0, 7, 97871, 0, 94.16
2026/10/09 04:35:31.968, 1, 7, 97871, 0, 94.80
2026/10/09 04:35:32.013, 2, 7, 97871, 0, 95.77
2026/10/09 04:35:32.013, 3, 6, 97871, 0, 85.06
2026/10/09 04:35:33.013, 0, 7, 97871, 0, 94.48
2026/10/09 04:35:33.013, 1, 7, 97871, 0, 94.83
2026/10/09 04:35:33.013, 2, 7, 97871, 0, 95.83
2026/10/09 04:35:33.013, 3, 6, 97871, 0, 85.08
2026/10/09 04:35:34.013, 0, 7, 97871, 0, 94.10
2026/10/09 04:35:34.014, 1, 7, 97871, 0, 94.73
2026/10/09 04:35:34.014, 2, 7, 97871, 0, 95.90
2026/10/09 04:35:34.014, 3, 6, 97871, 0, 85.26
2026/10/09 04:35:35.014, 0, 7, 97871, 0, 94.20
2026/10/09 04:35:35.014, 1, 7, 97871, 0, 94.68
2026/10/09 04:35:35.014, 2, 7, 97871, 0, 95.93
2026/10/09 04:35:35.014, 3, 6, 97871, 0, 85.02
2026/10/09 04:35:36.014, 0, 7, 97871, 0, 94.33
2026/10/09 04:35:36.014, 1, 7, 97871, 0, 94.71
2026/10/09 04:35:36.014, 2, 7, 97871, 0, 96.23
2026/10/09 04:35:36.014, 3, 6, 97871, 0, 85.00
2026/10/09 04:35:37.014, 0, 7, 97871, 0, 94.16
2026/10/09 04:35:37.014, 1, 7, 97871, 0, 94.72
2026/10/09 04:35:37.014, 2, 7, 97871, 0, 96.22
2026/10/09 04:35:37.014, 3, 6, 97871, 0, 85.10
2026/10/09 04:35:38.014, 0, 7, 97871, 0, 94.29
2026/10/09 04:35:38.014, 1, 7, 97871, 0, 94.85
2026/10/09 04:35:38.014, 2, 7, 97871, 0, 95.97
2026/10/09 04:35:38.014, 3, 6, 97871, 0, 85.07
2026/10/09 04:35:39.014, 0, 7, 97871, 0, 94.40
2026/10/09 04:35:39.015, 1, 7, 97871, 0, 94.97
2026/10/09 04:35:39.015, 2, 7, 97871, 0, 96.09
2026/10/09 04:35:39.015, 3, 6, 97871, 0, 85.24
2026/10/09 04:35:40.015, 0, 7, 97871, 0, 94.25
2026/10/09 04:35:40.015, 1, 7, 97871, 0, 94.82
2026/10/09 04:35:40.015, 2, 7, 97871, 0, 96.40
2026/10/09 04:35:40.015, 3, 6, 97871, 0, 85.29
2026/10/09 04:35:41.015, 0, 7, 97871, 0, 94.19
2026/10/09 04:35:41.015, 1, 7, 97871, 0, 94.87
2026/10/09 04:35:41.015, 2, 7, 97871, 0, 96.05
2026/10/09 04:35:41.015, 3, 6, 97871, 0, 85.33
2026/10/09 04:35:42.015, 0, 7, 97871, 0, 94.25
2026/10/09 04:35:42.015, 1, 7, 97871, 0, 94.78
2026/10/09 04:35:42.015, 2, 7, 97871, 0, 95.46
2026/10/09 04:35:42.015, 3, 6, 97871, 0, 86.05
2026/10/09 04:35:43.015, 0, 7, 97871, 0, 94.26
2026/10/09 04:35:43.016, 1, 7, 97871, 0, 94.89
2026/10/09 04:35:43.016, 2, 7, 97871, 0, 95.76
2026/10/09 04:35:43.016, 3, 6, 97871, 0, 85.91
2026/10/09 04:35:44.016, 0, 7, 97871, 0, 94.24
2026/10/09 04:35:44.016, 1, 7, 97871, 0, 94.74
2026/10/09 04:35:44.016, 2, 7, 97871, 0, 95.35
2026/10/09 04:35:44.016, 3, 6, 97871, 0, 85.76
2026/10/09 04:35:45.016, 0, 7, 97871, 0, 94.19
2026/10/09 04:35:45.016, 1, 7, 97871, 0, 94.79
2026/10/09 04:35:45.016, 2, 7, 97871, 0, 95.50
2026/10/09 04:35:45.016, 3, 6, 97871, 0, 86.14
2026/10/09 04:35:46.016, 0, 7, 97871, 0, 94.22
2026/10/09 04:35:46.016, 1, 7, 97871, 0, 94.84
2026/10/09 04:35:46.016, 2, 7, 97871, 0, 95.81
2026/10/09 04:35:46.016, 3, 6, 97871, 0, 85.63
2026/10/09 04:35:47.016, 0, 7, 97871, 0, 94.22
2026/10/09 04:35:47.016, 1, 7, 97871, 0, 94.84
2026/10/09 04:35:47.016, 2, 7, 97871, 0, 96.01
2026/10/09 04:35:47.016, 3, 6, 97871, 0, 85.59
2026/10/09 04:35:48.016, 0, 7, 97871, 0, 94.12
2026/10/09 04:35:48.016, 1, 7, 97871, 0, 94.72
2026/10/09 04:35:48.017, 2, 7, 97871, 0, 96.11
2026/10/09 04:35:48.017, 3, 6, 97871, 0, 85.57
2026/10/09 04:35:49.017, 0, 7, 97871, 0, 94.34
2026/10/09 04:35:49.017, 1, 7, 97871, 0, 94.88
2026/10/09 04:35:49.017, 2, 7, 97871, 0, 95.82
2026/10/09 04:35:49.017, 3, 6, 97871, 0, 84.99
2026/10/09 04:35:50.017, 0, 7, 97871, 0, 94.39
2026/10/09 04:35:50.017, 1, 7, 97871, 0, 94.75
2026/10/09 04:35:50.017, 2, 7, 97871, 0, 96.15
2026/10/09 04:35:50.017, 3, 6, 97871, 0, 85.59
2026/10/09 04:35:51.017, 0, 7, 97871, 0, 94.18
2026/10/09 04:35:51.017, 1, 7, 97871, 0, 94.75
2026/10/09 04:35:51.017, 2, 7, 97871, 0, 96.17
2026/10/09 04:35:51.017, 3, 6, 97871, 0, 85.68
2026/10/09 04:35:52.017, 0, 7, 97871, 0, 94.26
2026/10/09 04:35:52.017, 1, 7, 97871, 0, 95.02
2026/10/09 04:35:52.017, 2, 7, 97871, 0, 95.92
2026/10/09 04:35:52.017, 3, 6, 97871, 0, 85.54
2026/10/09 04:35:53.018, 0, 7, 97871, 0, 94.29
2026/10/09 04:35:53.018, 1, 6, 97871, 0, 95.03
2026/10/09 04:35:53.018, 2, 7, 97871, 0, 96.12
2026/10/09 04:35:53.018, 3, 5, 97871, 0, 85.69
2026/10/09 04:35:54.018, 0, 7, 97871, 0, 94.23
2026/10/09 04:35:54.018, 1, 6, 97871, 0, 94.96
2026/10/09 04:35:54.018, 2, 7, 97871, 0, 96.08
2026/10/09 04:35:54.018, 3, 5, 97871, 0, 85.61
2026/10/09 04:35:55.018, 0, 7, 97871, 0, 94.37
2026/10/09 04:35:55.018, 1, 6, 97871, 0, 94.91
2026/10/09 04:35:55.018, 2, 7, 97871, 0, 95.96
2026/10/09 04:35:55.018, 3, 5, 97871, 0, 85.30
2026/10/09 04:35:56.018, 0, 7, 97871, 0, 94.28
2026/10/09 04:35:56.018, 1, 6, 97871, 0, 94.84
2026/10/09 04:35:56.018, 2, 7, 97871, 0, 96.25
2026/10/09 04:35:56.018, 3, 5, 97871, 0, 85.73
2026/10/09 04:35:57.018, 0, 7, 97871, 0, 94.15
2026/10/09 04:35:57.018, 1, 6, 97871, 0, 94.83
2026/10/09 04:35:57.019, 2, 7, 97871, 0, 95.94
2026/10/09 04:35:57.019, 3, 5, 97871, 0, 85.69
2026/10/09 04:35:58.019, 0, 7, 97871, 0, 94.27
2026/10/09 04:35:58.019, 1, 6, 97871, 0, 94.83
2026/10/09 04:35:58.019, 2, 7, 97871, 0, 95.81
2026/10/09 04:35:58.019, 3, 5, 97871, 0, 85.41
2026/10/09 04:35:59.019, 0, 7, 97871, 0, 94.17
2026/10/09 04:35:59.019, 1, 6, 97871, 0, 94.73
2026/10/09 04:35:59.019, 2, 7, 97871, 0, 96.20
2026/10/09 04:35:59.019, 3, 5, 97871, 0, 85.62
2026/10/09 04:36:00.019, 0, 7, 97871, 0, 94.23
2026/10/09 04:36:00.019, 1, 6, 97871, 0, 94.69
2026/10/09 04:36:00.019, 2, 7, 97871, 0, 96.08
2026/10/09 04:36:00.019, 3, 5, 97871, 0, 85.45
2026/10/09 04:36:01.019, 0, 7, 97871, 0, 94.19
2026/10/09 04:36:01.019, 1, 6, 97871, 0, 94.75
2026/10/09 04:36:01.019, 2, 7, 97871, 0, 96.03
2026/10/09 04:36:01.019, 3, 5, 97871, 0, 85.47
2026/10/09 04:36:02.020, 0, 7, 97871, 0, 94.04
2026/10/09 04:36:02.020, 1, 6, 97871, 0, 94.71
2026/10/09 04:36:02.020, 2, 7, 97871, 0, 96.16
2026/10/09 04:36:02.020, 3, 5, 97871, 0, 85.50
2026/10/09 04:36:03.020, 0, 7, 97871, 0, 94.07
2026/10/09 04:36:03.020, 1, 6, 97871, 0, 94.77
2026/10/09 04:36:03.020, 2, 7, 97871, 0, 95.88
2026/10/09 04:36:03.020, 3, 5, 97871, 0, 85.29
2026/10/09 04:36:04.020, 0, 7, 97871, 0, 94.19
2026/10/09 04:36:04.020, 1, 6, 97871, 0, 94.77
2026/10/09 04:36:04.020, 2, 7, 97871, 0, 95.96
2026/10/09 04:36:04.020, 3, 5, 97871, 0, 85.20
2026/10/09 04:36:05.020, 0, 7, 97871, 0, 94.05
2026/10/09 04:36:05.020, 1, 6, 97871, 0, 94.70
2026/10/09 04:36:05.020, 2, 7, 97871, 0, 95.98
2026/10/09 04:36:05.020, 3, 5, 97871, 0, 85.14
2026/10/09 04:36:06.020, 0, 7, 97871, 0, 94.13
2026/10/09 04:36:06.020, 1, 6, 97871, 0, 94.68
2026/10/09 04:36:06.021, 2, 7, 97871, 0, 96.09
2026/10/09 04:36:06.021, 3, 5, 97871, 0, 85.56
2026/10/09 04:36:07.021, 0, 7, 97871, 0, 93.99
2026/10/09 04:36:07.021, 1, 6, 97871, 0, 94.64
2026/10/09 04:36:07.021, 2, 7, 97871, 0, 96.01
2026/10/09 04:36:07.021, 3, 5, 97871, 0, 85.58
2026/10/09 04:36:08.021, 0, 7, 97871, 0, 94.04
2026/10/09 04:36:08.021, 1, 6, 97871, 0, 94.62
2026/10/09 04:36:08.021, 2, 7, 97871, 0, 95.89
2026/10/09 04:36:08.021, 3, 5, 97871, 0, 85.52
2026/10/09 04:36:09.021, 0, 7, 97871, 0, 94.13
2026/10/09 04:36:09.021, 1, 6, 97871, 0, 94.35
2026/10/09 04:36:09.021, 2, 7, 97871, 0, 95.91
2026/10/09 04:36:09.021, 3, 5, 97871, 0, 85.37
2026/10/09 04:36:10.021, 0, 7, 97871, 0, 94.14
2026/10/09 04:36:10.021, 1, 6, 97871, 0, 94.42
2026/10/09 04:36:10.021, 2, 7, 97871, 0, 96.11
2026/10/09 04:36:10.021, 3, 5, 97871, 0, 85.57
2026/10/09 04:36:11.022, 0, 7, 97871, 0, 94.26
2026/10/09 04:36:11.022, 1, 6, 97871, 0, 94.37
2026/10/09 04:36:11.022, 2, 7, 97871, 0, 95.84
2026/10/09 04:36:11.022, 3, 5, 97871, 0, 85.37
2026/10/09 04:36:12.022, 0, 7, 97871, 0, 94.33
2026/10/09 04:36:12.022, 1, 6, 97871, 0, 94.40
2026/10/09 04:36:12.022, 2, 7, 97871, 0, 96.03
2026/10/09 04:36:12.022, 3, 5, 97871, 0, 85.48
2026/10/09 04:36:13.022, 0, 7, 97871, 0, 94.14
2026/10/09 04:36:13.022, 1, 6, 97871, 0, 94.55
2026/10/09 04:36:13.022, 2, 7, 97871, 0, 96.12
2026/10/09 04:36:13.022, 3, 5, 97871, 0, 85.50
2026/10/09 04:36:14.022, 0, 7, 97871, 0, 94.21
2026/10/09 04:36:14.022, 1, 6, 97871, 0, 94.43
2026/10/09 04:36:14.022, 2, 7, 97871, 0, 96.07
2026/10/09 04:36:14.022, 3, 5, 97871, 0, 85.31
2026/10/09 04:36:15.022, 0, 7, 97871, 0, 94.24
2026/10/09 04:36:15.022, 1, 6, 97871, 0, 94.36
2026/10/09 04:36:15.023, 2, 7, 97871, 0, 96.08
2026/10/09 04:36:15.023, 3, 5, 97871, 0, 85.38
2026/10/09 04:36:16.023, 0, 7, 97871, 0, 94.21
2026/10/09 04:36:16.023, 1, 6, 97871, 0, 94.36
2026/10/09 04:36:16.023, 2, 7, 97871, 0, 96.09
2026/10/09 04:36:16.023, 3, 5, 97871, 0, 85.30
2026/10/09 04:36:17.023, 0, 7, 97871, 0, 94.32
2026/10/09 04:36:17.023, 1, 6, 97871, 0, 94.46
2026/10/09 04:36:17.023, 2, 7, 97871, 0, 95.93
2026/10/09 04:36:17.023, 3, 5, 97871, 0, 85.18
2026/10/09 04:36:18.023, 0, 7, 97871, 0, 94.20
2026/10/09 04:36:18.023, 1, 6, 97871, 0, 94.45
2026/10/09 04:36:18.023, 2, 7, 97871, 0, 96.28
2026/10/09 04:36:18.023, 3, 5, 97871, 0, 85.53
2026/10/09 04:36:19.023, 0, 7, 97871, 0, 94.35
2026/10/09 04:36:19.023, 1, 6, 97871, 0, 94.58
2026/10/09 04:36:19.023, 2, 7, 97871, 0, 96.10
2026/10/09 04:36:19.023, 3, 5, 97871, 0, 85.38
2026/10/09 04:36:20.024, 0, 7, 97871, 0, 94.40
2026/10/09 04:36:20.024, 1, 6, 97871, 0, 94.56
2026/10/09 04:36:20.024, 2, 7, 97871, 0, 96.12
2026/10/09 04:36:20.024, 3, 5, 97871, 0, 85.44
2026/10/09 04:36:21.024, 0, 7, 97871, 0, 94.42
2026/10/09 04:36:21.024, 1, 6, 97871, 0, 94.59
2026/10/09 04:36:21.024, 2, 7, 97871, 0, 96.54
2026/10/09 04:36:21.024, 3, 5, 97871, 0, 85.58
2026/10/09 04:36:22.024, 0, 7, 97871, 0, 94.46
2026/10/09 04:36:22.024, 1, 6, 97871, 0, 94.58
2026/10/09 04:36:22.024, 2, 7, 97871, 0, 96.36
2026/10/09 04:36:22.024, 3, 5, 97871, 0, 85.60
2026/10/09 04:36:23.024, 0, 7, 97871, 0, 94.22
2026/10/09 04:36:23.024, 1, 6, 97871, 0, 94.43
2026/10/09 04:36:23.024, 2, 7, 97871, 0, 96.27
2026/10/09 04:36:23.024, 3, 5, 97871, 0, 85.40
2026/10/09 04:36:24.024, 0, 7, 97871, 0, 94.30
2026/10/09 04:36:24.024, 1, 6, 97871, 0, 94.46
2026/10/09 04:36:24.024, 2, 7, 97871, 0, 96.42
2026/10/09 04:36:24.024, 3, 5, 97871, 0, 85.52
2026/10/09 04:36:25.024, 0, 7, 97871, 0, 94.46
2026/10/09 04:36:25.024, 1, 6, 97871, 0, 94.42
2026/10/09 04:36:25.024, 2, 7, 97871, 0, 96.18
2026/10/09 04:36:25.024, 3, 5, 97871, 0, 85.26
2026/10/09 04:36:26.025, 0, 7, 97871, 0, 94.27
2026/10/09 04:36:26.025, 1, 6, 97871, 0, 94.42
2026/10/09 04:36:26.025, 2, 7, 97871, 0, 96.17
2026/10/09 04:36:26.025, 3, 5, 97871, 0, 85.27
2026/10/09 04:36:27.025, 0, 7, 97871, 0, 94.23
2026/10/09 04:36:27.025, 1, 6, 97871, 0, 94.45
2026/10/09 04:36:27.025, 2, 7, 97871, 0, 95.98
2026/10/09 04:36:27.025, 3, 5, 97871, 0, 84.92
2026/10/09 04:36:28.025, 0, 7, 97871, 0, 94.24
2026/10/09 04:36:28.025, 1, 6, 97871, 0, 94.44
2026/10/09 04:36:28.025, 2, 7, 97871, 0, 96.31
2026/10/09 04:36:28.025, 3, 5, 97871, 0, 85.41
2026/10/09 04:36:29.025, 0, 7, 97871, 0, 94.14
2026/10/09 04:36:29.025, 1, 6, 97871, 0, 94.34
2026/10/09 04:36:29.025, 2, 7, 97871, 0, 96.45
2026/10/09 04:36:29.025, 3, 5, 97871, 0, 85.50
2026/10/09 04:36:30.025, 0, 7, 97871, 0, 94.26
2026/10/09 04:36:30.074, 1, 6, 97871, 0, 94.38
2026/10/09 04:36:30.097, 2, 7, 97871, 0, 95.67
2026/10/09 04:36:30.097, 3, 5, 97871, 0, 85.22
2026/10/09 04:36:31.097, 0, 7, 97871, 0, 94.23
2026/10/09 04:36:31.097, 1, 6, 97871, 0, 94.39
2026/10/09 04:36:31.097, 2, 7, 97871, 0, 95.86
2026/10/09 04:36:31.097, 3, 5, 97871, 0, 84.86
2026/10/09 04:36:32.097, 0, 7, 97871, 0, 94.37
2026/10/09 04:36:32.097, 1, 6, 97871, 0, 94.28
2026/10/09 04:36:32.097, 2, 7, 97871, 0, 95.92
2026/10/09 04:36:32.097, 3, 5, 97871, 0, 85.13
2026/10/09 04:36:33.097, 0, 7, 97871, 0, 94.46
2026/10/09 04:36:33.097, 1, 6, 97871, 0, 94.50
2026/10/09 04:36:33.097, 2, 7, 97871, 0, 96.18
2026/10/09 04:36:33.097, 3, 5, 97871, 0, 85.09
2026/10/09 04:36:34.097, 0, 7, 97871, 0, 94.18
2026/10/09 04:36:34.098, 1, 6, 97871, 0, 94.57
2026/10/09 04:36:34.098, 2, 7, 97871, 0, 95.94
2026/10/09 04:36:34.098, 3, 5, 97871, 0, 85.00
2026/10/09 04:36:35.098, 0, 7, 97871, 0, 94.26
2026/10/09 04:36:35.098, 1, 6, 97871, 0, 94.36
2026/10/09 04:36:35.098, 2, 7, 97871, 0, 95.89
2026/10/09 04:36:35.098, 3, 5, 97871, 0, 84.96
2026/10/09 04:36:36.098, 0, 7, 97871, 0, 94.23
2026/10/09 04:36:36.098, 1, 6, 97871, 0, 94.28
2026/10/09 04:36:36.098, 2, 7, 97871, 0, 95.89
2026/10/09 04:36:36.098, 3, 5, 97871, 0, 85.08
2026/10/09 04:36:37.098, 0, 7, 97871, 0, 94.31
2026/10/09 04:36:37.099, 1, 6, 97871, 0, 94.38
2026/10/09 04:36:37.099, 2, 7, 97871, 0, 96.26
2026/10/09 04:36:37.099, 3, 5, 97871, 0, 86.46
2026/10/09 04:36:38.099, 0, 7, 97871, 0, 94.36
2026/10/09 04:36:38.236, 1, 6, 97871, 0, 94.40
2026/10/09 04:36:38.284, 2, 7, 97871, 0, 95.55
2026/10/09 04:36:38.284, 3, 5, 97871, 0, 85.07
2026/10/09 04:36:39.285, 0, 7, 97871, 0, 94.07
2026/10/09 04:36:39.322, 1, 6, 97871, 0, 94.46
2026/10/09 04:36:39.372, 2, 7, 97871, 0, 95.57
2026/10/09 04:36:39.477, 3, 5, 97871, 0, 85.07
2026/10/09 04:36:40.523, 0, 7, 97871, 0, 94.18
2026/10/09 04:36:40.554, 1, 6, 97871, 0, 94.50
2026/10/09 04:36:40.580, 2, 7, 97871, 0, 96.04
2026/10/09 04:36:40.626, 3, 5, 97871, 0, 86.50
2026/10/09 04:36:41.649, 0, 7, 97871, 0, 94.26
2026/10/09 04:36:41.649, 1, 6, 97871, 0, 94.50
2026/10/09 04:36:41.649, 2, 7, 97871, 0, 95.87
2026/10/09 04:36:41.649, 3, 5, 97871, 0, 85.65
2026/10/09 04:36:42.649, 0, 7, 97871, 0, 94.30
2026/10/09 04:36:42.649, 1, 6, 97871, 0, 94.40
2026/10/09 04:36:42.649, 2, 7, 97871, 0, 96.19
2026/10/09 04:36:42.650, 3, 5, 97871, 0, 86.32
2026/10/09 04:36:43.650, 0, 7, 97871, 0, 94.43
2026/10/09 04:36:43.650, 1, 6, 97871, 0, 94.56
2026/10/09 04:36:43.650, 2, 7, 97871, 0, 95.94
2026/10/09 04:36:43.650, 3, 5, 97871, 0, 86.09
2026/10/09 04:36:44.650, 0, 7, 97871, 0, 94.40
2026/10/09 04:36:44.650, 1, 6, 97871, 0, 94.57
2026/10/09 04:36:44.650, 2, 7, 97871, 0, 95.91
2026/10/09 04:36:44.650, 3, 5, 97871, 0, 86.38
2026/10/09 04:36:45.651, 0, 7, 97871, 0, 94.26
2026/10/09 04:36:45.651, 1, 6, 97871, 0, 94.49
2026/10/09 04:36:45.651, 2, 7, 97871, 0, 95.94
2026/10/09 04:36:45.651, 3, 5, 97871, 0, 86.84
2026/10/09 04:36:46.651, 0, 7, 97871, 0, 94.47
2026/10/09 04:36:46.651, 1, 6, 97871, 0, 94.45
2026/10/09 04:36:46.651, 2, 7, 97871, 0, 96.14
2026/10/09 04:36:46.651, 3, 5, 97871, 0, 86.69
2026/10/09 04:36:47.651, 0, 7, 97871, 0, 94.48
2026/10/09 04:36:47.652, 1, 6, 97871, 0, 94.61
2026/10/09 04:36:47.652, 2, 7, 97871, 0, 96.33
2026/10/09 04:36:47.652, 3, 5, 97871, 0, 86.22
2026/10/09 04:36:48.652, 0, 7, 97871, 0, 94.68
2026/10/09 04:36:48.652, 1, 6, 97871, 0, 94.71
2026/10/09 04:36:48.652, 2, 7, 97871, 0, 97.07
2026/10/09 04:36:48.652, 3, 5, 97871, 0, 87.58
2026/10/09 04:36:49.652, 0, 7, 97871, 0, 94.31
2026/10/09 04:36:49.954, 1, 6, 97871, 0, 94.61
2026/10/09 04:36:50.170, 2, 7, 97871, 0, 96.35
2026/10/09 04:36:50.171, 3, 5, 97871, 0, 87.28
2026/10/09 04:36:51.176, 0, 7, 97871, 0, 94.33
2026/10/09 04:36:51.179, 1, 6, 97871, 0, 94.69
2026/10/09 04:36:51.179, 2, 7, 97871, 0, 97.00
2026/10/09 04:36:51.179, 3, 5, 97871, 0, 87.69
2026/10/09 04:36:52.179, 0, 7, 97871, 0, 94.32
2026/10/09 04:36:52.180, 1, 6, 97871, 0, 94.62
2026/10/09 04:36:52.180, 2, 7, 97871, 0, 96.41
2026/10/09 04:36:52.180, 3, 5, 97871, 0, 86.23
2026/10/09 04:36:53.180, 0, 7, 97871, 0, 94.49
2026/10/09 04:36:53.367, 1, 6, 97871, 0, 94.76
2026/10/09 04:36:53.367, 2, 7, 97871, 0, 96.55
2026/10/09 04:36:53.368, 3, 5, 97871, 0, 86.44
2026/10/09 04:36:54.369, 0, 9, 97871, 0, 94.50
2026/10/09 04:36:54.373, 1, 8, 97871, 0, 94.62
2026/10/09 04:36:54.373, 2, 7, 97871, 0, 96.19
2026/10/09 04:36:54.374, 3, 5, 97871, 0, 85.77
2026/10/09 04:36:55.374, 0, 9, 97871, 0, 94.26
2026/10/09 04:36:55.395, 1, 8, 97871, 0, 94.58
2026/10/09 04:36:55.443, 2, 9, 97871, 0, 95.54
2026/10/09 04:36:55.491, 3, 5, 97871, 0, 84.96
2026/10/09 04:36:56.518, 0, 9, 97871, 0, 94.28
2026/10/09 04:36:56.519, 1, 50, 97871, 0, 101.06
2026/10/09 04:36:56.519, 2, 58, 97871, 0, 104.39
2026/10/09 04:36:56.521, 3, 52, 97871, 0, 94.13
2026/10/09 04:36:57.521, 0, 9, 97871, 0, 94.21
2026/10/09 04:36:57.521, 1, 572, 97871, 0, 142.12
2026/10/09 04:36:57.521, 2, 573, 97871, 0, 143.45
2026/10/09 04:36:57.521, 3, 570, 97871, 0, 132.87
2026/10/09 04:36:58.521, 0, 9, 97871, 0, 94.32
2026/10/09 04:36:58.522, 1, 572, 97871, 0, 140.83
2026/10/09 04:36:58.522, 2, 573, 97871, 0, 142.93
2026/10/09 04:36:58.522, 3, 570, 97871, 0, 133.12
2026/10/09 04:36:59.522, 0, 9, 97871, 0, 94.32
2026/10/09 04:36:59.522, 1, 572, 97871, 0, 140.80
2026/10/09 04:36:59.522, 2, 573, 97871, 0, 142.85
2026/10/09 04:36:59.522, 3, 570, 97871, 0, 132.68
2026/10/09 04:37:00.522, 0, 158, 97871, 2, 99.19
2026/10/09 04:37:00.523, 1, 572, 97871, 0, 140.97
2026/10/09 04:37:00.523, 2, 573, 97871, 0, 143.14
2026/10/09 04:37:00.524, 3, 570, 97871, 0, 133.10
2026/10/09 04:37:01.524, 0, 762, 97871, 0, 141.66
2026/10/09 04:37:01.524, 1, 762, 97871, 0, 140.88
2026/10/09 04:37:01.524, 2, 763, 97871, 0, 142.79
2026/10/09 04:37:01.524, 3, 760, 97871, 0, 132.19
2026/10/09 04:37:02.524, 0, 764, 97871, 0, 140.91
2026/10/09 04:37:02.542, 1, 764, 97871, 0, 140.67
2026/10/09 04:37:02.589, 2, 765, 97871, 0, 142.51
2026/10/09 04:37:02.626, 3, 762, 97871, 0, 132.19
2026/10/09 04:37:03.670, 0, 764, 97871, 0, 140.70
2026/10/09 04:37:03.700, 1, 764, 97871, 0, 141.04
2026/10/09 04:37:03.744, 2, 765, 97871, 0, 142.51
2026/10/09 04:37:03.773, 3, 762, 97871, 0, 131.90
2026/10/09 04:37:04.816, 0, 1318, 97871, 1, 140.79
2026/10/09 04:37:04.877, 1, 1318, 97871, 0, 140.93
2026/10/09 04:37:04.906, 2, 1319, 97871, 1, 142.67
2026/10/09 04:37:04.907, 3, 1316, 97871, 0, 132.31
2026/10/09 04:37:05.907, 0, 1504, 97871, 0, 140.80
2026/10/09 04:37:05.924, 1, 1504, 97871, 0, 141.14
2026/10/09 04:37:05.979, 2, 1505, 97871, 0, 142.77
2026/10/09 04:37:06.015, 3, 1502, 97871, 0, 132.57
2026/10/09 04:37:07.052, 0, 2084, 97871, 0, 140.73
2026/10/09 04:37:07.052, 1, 2404, 97871, 0, 141.01
2026/10/09 04:37:07.052, 2, 1543, 97871, 0, 143.47
2026/10/09 04:37:07.052, 3, 2082, 97871, 0, 133.58
2026/10/09 04:37:08.053, 0, 7688, 97871, 2, 141.88
2026/10/09 04:37:08.053, 1, 7688, 97871, 0, 142.32
2026/10/09 04:37:08.053, 2, 7689, 97871, 1, 144.40
2026/10/09 04:37:08.053, 3, 7686, 97871, 1, 134.38
2026/10/09 04:37:09.053, 0, 7688, 97871, 0, 140.33
2026/10/09 04:37:09.053, 1, 7688, 97871, 0, 140.87
2026/10/09 04:37:09.053, 2, 7689, 97871, 1, 144.10
2026/10/09 04:37:09.053, 3, 7686, 97871, 1, 133.28
2026/10/09 04:37:10.053, 0, 7688, 97871, 1, 140.35
2026/10/09 04:37:10.054, 1, 7688, 97871, 0, 140.85
2026/10/09 04:37:10.054, 2, 7689, 97871, 0, 144.60
2026/10/09 04:37:10.054, 3, 7686, 97871, 1, 132.76
2026/10/09 04:37:11.054, 0, 7688, 97871, 1, 140.00
2026/10/09 04:37:11.054, 1, 7688, 97871, 1, 141.00
2026/10/09 04:37:11.054, 2, 7689, 97871, 1, 143.81
2026/10/09 04:37:11.054, 3, 7686, 97871, 1, 132.93
2026/10/09 04:37:12.054, 0, 7688, 97871, 0, 140.23
2026/10/09 04:37:12.054, 1, 7688, 97871, 0, 141.06
2026/10/09 04:37:12.055, 2, 7689, 97871, 1, 143.31
2026/10/09 04:37:12.055, 3, 7686, 97871, 1, 132.94
2026/10/09 04:37:13.055, 0, 7688, 97871, 0, 140.52
2026/10/09 04:37:13.055, 1, 7688, 97871, 0, 141.44
2026/10/09 04:37:13.055, 2, 7689, 97871, 0, 144.90
2026/10/09 04:37:13.055, 3, 7686, 97871, 1, 134.37
2026/10/09 04:37:14.055, 0, 7688, 97871, 0, 140.28
2026/10/09 04:37:14.055, 1, 7688, 97871, 3, 141.32
2026/10/09 04:37:14.055, 2, 7689, 97871, 1, 143.61
2026/10/09 04:37:14.055, 3, 7686, 97871, 0, 133.48
2026/10/09 04:37:15.056, 0, 7374, 97871, 0, 140.10
2026/10/09 04:37:15.056, 1, 7374, 97871, 0, 140.92
2026/10/09 04:37:15.056, 2, 7375, 97871, 0, 144.04
2026/10/09 04:37:15.056, 3, 7372, 97871, 0, 133.98
2026/10/09 04:37:16.056, 0, 7372, 97871, 0, 140.16
2026/10/09 04:37:16.056, 1, 7372, 97871, 0, 141.09
2026/10/09 04:37:16.056, 2, 7373, 97871, 0, 143.54
2026/10/09 04:37:16.056, 3, 7370, 97871, 0, 133.99
2026/10/09 04:37:17.056, 0, 7372, 97871, 0, 140.22
2026/10/09 04:37:17.056, 1, 7372, 97871, 0, 141.24
2026/10/09 04:37:17.057, 2, 7373, 97871, 0, 143.57
2026/10/09 04:37:17.057, 3, 7370, 97871, 0, 133.74
2026/10/09 04:37:18.057, 0, 7372, 97871, 0, 140.14
2026/10/09 04:37:18.057, 1, 7372, 97871, 0, 141.05
2026/10/09 04:37:18.057, 2, 7373, 97871, 0, 143.69
2026/10/09 04:37:18.057, 3, 7370, 97871, 0, 133.79
2026/10/09 04:37:19.057, 0, 7372, 97871, 0, 140.13
2026/10/09 04:37:19.057, 1, 7372, 97871, 0, 141.17
2026/10/09 04:37:19.057, 2, 7373, 97871, 0, 143.62
2026/10/09 04:37:19.057, 3, 7370, 97871, 0, 133.77
2026/10/09 04:37:20.057, 0, 7372, 97871, 0, 140.11
2026/10/09 04:37:20.057, 1, 7372, 97871, 0, 141.15
2026/10/09 04:37:20.057, 2, 7373, 97871, 0, 143.65
2026/10/09 04:37:20.057, 3, 7370, 97871, 0, 133.77
2026/10/09 04:37:21.058, 0, 7372, 97871, 0, 139.90
2026/10/09 04:37:21.058, 1, 7372, 97871, 0, 141.02
2026/10/09 04:37:21.058, 2, 7373, 97871, 0, 143.81
2026/10/09 04:37:21.058, 3, 7370, 97871, 0, 133.77
2026/10/09 04:37:22.058, 0, 7372, 97871, 0, 140.46
2026/10/09 04:37:22.058, 1, 7372, 97871, 0, 141.08
2026/10/09 04:37:22.058, 2, 7373, 97871, 0, 143.86
2026/10/09 04:37:22.058, 3, 7370, 97871, 0, 133.80
2026/10/09 04:37:23.058, 0, 7372, 97871, 0, 140.38
2026/10/09 04:37:23.059, 1, 7372, 97871, 0, 141.20
2026/10/09 04:37:23.059, 2, 7373, 97871, 0, 143.44
2026/10/09 04:37:23.059, 3, 7370, 97871, 0, 133.00
2026/10/09 04:37:24.059, 0, 7372, 97871, 0, 140.13
2026/10/09 04:37:24.059, 1, 7372, 97871, 0, 140.96
2026/10/09 04:37:24.059, 2, 7373, 97871, 0, 143.54
2026/10/09 04:37:24.059, 3, 7370, 97871, 0, 133.59
2026/10/09 04:37:25.059, 0, 7480, 97871, 0, 144.74
2026/10/09 04:37:25.059, 1, 7420, 97871, 0, 141.16
2026/10/09 04:37:25.059, 2, 7481, 97871, 0, 155.15
2026/10/09 04:37:25.059, 3, 7478, 97871, 0, 133.15
2026/10/09 04:37:26.059, 0, 7480, 97871, 0, 157.73
2026/10/09 04:37:26.060, 1, 7420, 97871, 0, 140.92
2026/10/09 04:37:26.060, 2, 7481, 97871, 0, 158.97
2026/10/09 04:37:26.060, 3, 7478, 97871, 0, 155.46
2026/10/09 04:37:27.060, 0, 7604, 97871, 11, 161.68
2026/10/09 04:37:27.060, 1, 7420, 97871, 0, 141.05
2026/10/09 04:37:27.060, 2, 7605, 97871, 0, 165.25
2026/10/09 04:37:27.060, 3, 7602, 97871, 0, 153.94
2026/10/09 04:37:28.060, 0, 7664, 97871, 11, 160.51
2026/10/09 04:37:28.061, 1, 7420, 97871, 0, 141.02
2026/10/09 04:37:28.061, 2, 7665, 97871, 0, 163.62
2026/10/09 04:37:28.061, 3, 7662, 97871, 0, 153.72
2026/10/09 04:37:29.061, 0, 7664, 97871, 0, 140.22
2026/10/09 04:37:29.061, 1, 7420, 97871, 0, 140.95
2026/10/09 04:37:29.061, 2, 7665, 97871, 0, 145.08
2026/10/09 04:37:29.061, 3, 7662, 97871, 0, 133.80
2026/10/09 04:37:30.061, 0, 7922, 97871, 0, 170.33
2026/10/09 04:37:30.061, 1, 7420, 97871, 0, 140.99
2026/10/09 04:37:30.061, 2, 7923, 97871, 0, 175.91
2026/10/09 04:37:30.061, 3, 7920, 97871, 0, 166.18
2026/10/09 04:37:31.062, 0, 7922, 97871, 0, 141.01
2026/10/09 04:37:31.062, 1, 7420, 97871, 0, 141.04
2026/10/09 04:37:31.062, 2, 7923, 97871, 0, 143.41
2026/10/09 04:37:31.062, 3, 7920, 97871, 0, 132.99
2026/10/09 04:37:32.062, 0, 7922, 97871, 0, 141.15
2026/10/09 04:37:32.062, 1, 7420, 97871, 0, 140.85
2026/10/09 04:37:32.062, 2, 7923, 97871, 0, 143.53
2026/10/09 04:37:32.062, 3, 7920, 97871, 0, 132.87
2026/10/09 04:37:33.062, 0, 7922, 97871, 0, 140.97
2026/10/09 04:37:33.063, 1, 7420, 97871, 0, 141.04
2026/10/09 04:37:33.063, 2, 7923, 97871, 0, 143.77
2026/10/09 04:37:33.063, 3, 7920, 97871, 0, 132.52
2026/10/09 04:37:34.063, 0, 8346, 97871, 0, 201.62
2026/10/09 04:37:34.063, 1, 7420, 97871, 0, 141.10
2026/10/09 04:37:34.063, 2, 8347, 97871, 0, 207.22
2026/10/09 04:37:34.063, 3, 8344, 97871, 0, 197.30
2026/10/09 04:37:35.063, 0, 8346, 97871, 0, 139.13
2026/10/09 04:37:35.063, 1, 7420, 97871, 0, 141.14
2026/10/09 04:37:35.063, 2, 8347, 97871, 0, 143.75
2026/10/09 04:37:35.063, 3, 8344, 97871, 0, 132.16
2026/10/09 04:37:36.063, 0, 8514, 97871, 92, 205.16
2026/10/09 04:37:36.064, 1, 7420, 97871, 0, 141.17
2026/10/09 04:37:36.064, 2, 8515, 97871, 0, 188.98
2026/10/09 04:37:36.064, 3, 8512, 97871, 12, 197.41
2026/10/09 04:37:37.064, 0, 8514, 97871, 0, 139.10
2026/10/09 04:37:37.064, 1, 7420, 97871, 0, 141.05
2026/10/09 04:37:37.064, 2, 8515, 97871, 0, 171.22
2026/10/09 04:37:37.064, 3, 8512, 97871, 0, 132.85
2026/10/09 04:37:38.064, 0, 8514, 97871, 0, 138.99
2026/10/09 04:37:38.064, 1, 7420, 97871, 0, 140.95
2026/10/09 04:37:38.064, 2, 8515, 97871, 0, 143.33
2026/10/09 04:37:38.064, 3, 8512, 97871, 0, 132.19
2026/10/09 04:37:39.064, 0, 8514, 97871, 0, 138.88
2026/10/09 04:37:39.065, 1, 7420, 97871, 0, 140.98
2026/10/09 04:37:39.065, 2, 8515, 97871, 0, 143.40
2026/10/09 04:37:39.065, 3, 8512, 97871, 0, 131.71
2026/10/09 04:37:40.065, 0, 8578, 97871, 100, 167.45
2026/10/09 04:37:40.065, 1, 7420, 97871, 0, 141.67
2026/10/09 04:37:40.065, 2, 8579, 97871, 0, 157.73
2026/10/09 04:37:40.065, 3, 8576, 97871, 100, 161.27
2026/10/09 04:37:41.065, 0, 8578, 97871, 100, 142.08
2026/10/09 04:37:41.065, 1, 7420, 97871, 0, 141.81
2026/10/09 04:37:41.065, 2, 8579, 97871, 100, 163.87
2026/10/09 04:37:41.065, 3, 8576, 97871, 100, 134.37
2026/10/09 04:37:42.065, 0, 8578, 97871, 100, 141.16
2026/10/09 04:37:42.065, 1, 7420, 97871, 0, 140.88
2026/10/09 04:37:42.065, 2, 8579, 97871, 100, 145.02
2026/10/09 04:37:42.065, 3, 8576, 97871, 100, 133.26
2026/10/09 04:37:43.065, 0, 8578, 97871, 100, 141.04
2026/10/09 04:37:43.066, 1, 7420, 97871, 0, 140.91
2026/10/09 04:37:43.066, 2, 8579, 97871, 100, 145.06
2026/10/09 04:37:43.066, 3, 8576, 97871, 100, 133.32
2026/10/09 04:37:44.066, 0, 8578, 97871, 100, 141.09
2026/10/09 04:37:44.066, 1, 7420, 97871, 0, 141.02
2026/10/09 04:37:44.066, 2, 8579, 97871, 100, 145.13
2026/10/09 04:37:44.066, 3, 8576, 97871, 100, 133.23
2026/10/09 04:37:45.066, 0, 8578, 97871, 100, 141.21
2026/10/09 04:37:45.066, 1, 7420, 97871, 0, 141.18
2026/10/09 04:37:45.066, 2, 8579, 97871, 100, 145.12
2026/10/09 04:37:45.066, 3, 8576, 97871, 100, 133.63
2026/10/09 04:37:46.066, 0, 8578, 97871, 100, 141.27
2026/10/09 04:37:46.066, 1, 7420, 97871, 0, 141.15
2026/10/09 04:37:46.066, 2, 8579, 97871, 100, 145.16
2026/10/09 04:37:46.066, 3, 8576, 97871, 100, 133.29
2026/10/09 04:37:47.066, 0, 8578, 97871, 100, 141.08
2026/10/09 04:37:47.066, 1, 7420, 97871, 0, 141.22
2026/10/09 04:37:47.066, 2, 8579, 97871, 100, 145.13
2026/10/09 04:37:47.066, 3, 8576, 97871, 100, 133.32
2026/10/09 04:37:48.066, 0, 8578, 97871, 100, 141.11
2026/10/09 04:37:48.067, 1, 7420, 97871, 0, 141.13
2026/10/09 04:37:48.067, 2, 8579, 97871, 100, 145.11
2026/10/09 04:37:48.067, 3, 8576, 97871, 100, 133.52
2026/10/09 04:37:49.067, 0, 8578, 97871, 100, 141.43
2026/10/09 04:37:49.067, 1, 7420, 97871, 0, 141.19
2026/10/09 04:37:49.067, 2, 8579, 97871, 100, 145.09
2026/10/09 04:37:49.067, 3, 8576, 97871, 100, 133.24
2026/10/09 04:37:50.067, 0, 8578, 97871, 100, 141.24
2026/10/09 04:37:50.067, 1, 7420, 97871, 0, 141.00
2026/10/09 04:37:50.067, 2, 8579, 97871, 100, 145.21
2026/10/09 04:37:50.067, 3, 8576, 97871, 100, 133.47
2026/10/09 04:37:51.067, 0, 8578, 97871, 100, 141.42
2026/10/09 04:37:51.067, 1, 7420, 97871, 0, 140.60
2026/10/09 04:37:51.067, 2, 8579, 97871, 100, 145.28
2026/10/09 04:37:51.067, 3, 8576, 97871, 100, 133.60
2026/10/09 04:37:52.067, 0, 8578, 97871, 100, 141.26
2026/10/09 04:37:52.068, 1, 7420, 97871, 0, 140.60
2026/10/09 04:37:52.068, 2, 8579, 97871, 100, 145.18
2026/10/09 04:37:52.068, 3, 8576, 97871, 100, 133.34
2026/10/09 04:37:53.068, 0, 8578, 97871, 100, 141.28
2026/10/09 04:37:53.068, 1, 7420, 97871, 0, 140.49
2026/10/09 04:37:53.068, 2, 8578, 97871, 100, 145.17
2026/10/09 04:37:53.068, 3, 8576, 97871, 100, 133.60
2026/10/09 04:37:54.068, 0, 8578, 97871, 100, 141.12
2026/10/09 04:37:54.068, 1, 7420, 97871, 0, 140.54
2026/10/09 04:37:54.068, 2, 8578, 97871, 100, 145.18
2026/10/09 04:37:54.068, 3, 8576, 97871, 100, 133.37
2026/10/09 04:37:55.068, 0, 8578, 97871, 100, 140.97
2026/10/09 04:37:55.068, 1, 7420, 97871, 0, 140.40
2026/10/09 04:37:55.068, 2, 8578, 97871, 100, 145.12
2026/10/09 04:37:55.068, 3, 8576, 97871, 100, 133.18
2026/10/09 04:37:56.068, 0, 8578, 97871, 100, 141.43
2026/10/09 04:37:56.068, 1, 7420, 97871, 0, 140.54
2026/10/09 04:37:56.068, 2, 8578, 97871, 100, 145.05
2026/10/09 04:37:56.068, 3, 8576, 97871, 100, 133.27
2026/10/09 04:37:57.069, 0, 8578, 97871, 100, 140.99
2026/10/09 04:37:57.069, 1, 7420, 97871, 0, 140.42
2026/10/09 04:37:57.069, 2, 8578, 97871, 100, 145.06
2026/10/09 04:37:57.069, 3, 8576, 97871, 100, 133.27
2026/10/09 04:37:58.069, 0, 8578, 97871, 100, 140.94
2026/10/09 04:37:58.069, 1, 7420, 97871, 0, 140.27
2026/10/09 04:37:58.069, 2, 8578, 97871, 100, 145.12
2026/10/09 04:37:58.069, 3, 8576, 97871, 100, 133.18
2026/10/09 04:37:59.069, 0, 8578, 97871, 100, 141.14
2026/10/09 04:37:59.069, 1, 7420, 97871, 0, 140.30
2026/10/09 04:37:59.069, 2, 8578, 97871, 100, 145.14
2026/10/09 04:37:59.069, 3, 8576, 97871, 100, 133.39
2026/10/09 04:38:00.069, 0, 8578, 97871, 100, 140.91
2026/10/09 04:38:00.069, 1, 7420, 97871, 0, 140.42
2026/10/09 04:38:00.069, 2, 8578, 97871, 100, 145.10
2026/10/09 04:38:00.069, 3, 8576, 97871, 100, 133.27
2026/10/09 04:38:01.069, 0, 8578, 97871, 100, 141.07
2026/10/09 04:38:01.070, 1, 7420, 97871, 0, 140.34
2026/10/09 04:38:01.070, 2, 8578, 97871, 100, 144.96
2026/10/09 04:38:01.070, 3, 8576, 97871, 100, 133.30
2026/10/09 04:38:02.070, 0, 8578, 97871, 100, 140.95
2026/10/09 04:38:02.070, 1, 7420, 97871, 0, 140.36
2026/10/09 04:38:02.070, 2, 8578, 97871, 100, 145.05
2026/10/09 04:38:02.070, 3, 8576, 97871, 100, 133.32
2026/10/09 04:38:03.070, 0, 8578, 97871, 100, 140.89
2026/10/09 04:38:03.070, 1, 7420, 97871, 0, 140.37
2026/10/09 04:38:03.070, 2, 8578, 97871, 100, 145.05
2026/10/09 04:38:03.070, 3, 8576, 97871, 100, 133.25
2026/10/09 04:38:04.070, 0, 8578, 97871, 100, 141.16
2026/10/09 04:38:04.070, 1, 7420, 97871, 0, 140.60
2026/10/09 04:38:04.070, 2, 8578, 97871, 100, 145.21
2026/10/09 04:38:04.070, 3, 8576, 97871, 100, 133.58
2026/10/09 04:38:05.070, 0, 8578, 97871, 100, 141.03
2026/10/09 04:38:05.070, 1, 7420, 97871, 0, 140.43
2026/10/09 04:38:05.071, 2, 8578, 97871, 100, 145.06
2026/10/09 04:38:05.071, 3, 8576, 97871, 100, 133.19
2026/10/09 04:38:06.071, 0, 8578, 97871, 100, 141.23
2026/10/09 04:38:06.071, 1, 7420, 97871, 0, 140.47
2026/10/09 04:38:06.071, 2, 8578, 97871, 100, 145.15
2026/10/09 04:38:06.071, 3, 8576, 97871, 100, 133.23
2026/10/09 04:38:07.071, 0, 8578, 97871, 100, 140.98
2026/10/09 04:38:07.071, 1, 7420, 97871, 0, 140.45
2026/10/09 04:38:07.071, 2, 8578, 97871, 100, 145.09
2026/10/09 04:38:07.071, 3, 8576, 97871, 100, 133.26
2026/10/09 04:38:08.071, 0, 8578, 97871, 100, 140.95
2026/10/09 04:38:08.071, 1, 7420, 97871, 0, 140.41
2026/10/09 04:38:08.071, 2, 8578, 97871, 100, 145.01
2026/10/09 04:38:08.071, 3, 8576, 97871, 100, 133.34
2026/10/09 04:38:09.071, 0, 8578, 97871, 100, 141.00
2026/10/09 04:38:09.071, 1, 7420, 97871, 0, 140.35
2026/10/09 04:38:09.071, 2, 8578, 97871, 100, 145.13
2026/10/09 04:38:09.071, 3, 8576, 97871, 100, 133.42
2026/10/09 04:38:10.072, 0, 8578, 97871, 100, 140.99
2026/10/09 04:38:10.072, 1, 7420, 97871, 0, 140.35
2026/10/09 04:38:10.072, 2, 8578, 97871, 100, 145.12
2026/10/09 04:38:10.072, 3, 8576, 97871, 100, 133.27
2026/10/09 04:38:11.072, 0, 8578, 97871, 100, 140.95
2026/10/09 04:38:11.072, 1, 7420, 97871, 0, 140.37
2026/10/09 04:38:11.072, 2, 8578, 97871, 100, 145.17
2026/10/09 04:38:11.072, 3, 8576, 97871, 100, 133.32
2026/10/09 04:38:12.072, 0, 8578, 97871, 100, 140.87
2026/10/09 04:38:12.072, 1, 7420, 97871, 0, 140.32
2026/10/09 04:38:12.072, 2, 8578, 97871, 100, 145.04
2026/10/09 04:38:12.072, 3, 8576, 97871, 100, 133.29
2026/10/09 04:38:13.072, 0, 8578, 97871, 100, 140.83
2026/10/09 04:38:13.072, 1, 7420, 97871, 0, 140.54
2026/10/09 04:38:13.072, 2, 8578, 97871, 100, 145.10
2026/10/09 04:38:13.072, 3, 8576, 97871, 100, 133.33
2026/10/09 04:38:14.072, 0, 8578, 97871, 100, 140.89
2026/10/09 04:38:14.073, 1, 7420, 97871, 0, 140.56
2026/10/09 04:38:14.073, 2, 8578, 97871, 100, 145.10
2026/10/09 04:38:14.073, 3, 8576, 97871, 100, 133.24
2026/10/09 04:38:15.073, 0, 8578, 97871, 100, 140.99
2026/10/09 04:38:15.073, 1, 7420, 97871, 0, 140.45
2026/10/09 04:38:15.073, 2, 8578, 97871, 100, 145.15
2026/10/09 04:38:15.073, 3, 8576, 97871, 100, 133.15
2026/10/09 04:38:16.073, 0, 8578, 97871, 100, 140.88
2026/10/09 04:38:16.073, 1, 7420, 97871, 0, 140.37
2026/10/09 04:38:16.073, 2, 8578, 97871, 100, 145.23
2026/10/09 04:38:16.073, 3, 8576, 97871, 100, 133.18
2026/10/09 04:38:17.073, 0, 8578, 97871, 100, 141.04
2026/10/09 04:38:17.073, 1, 7420, 97871, 0, 140.43
2026/10/09 04:38:17.073, 2, 8578, 97871, 100, 145.06
2026/10/09 04:38:17.073, 3, 8576, 97871, 100, 133.12
2026/10/09 04:38:18.073, 0, 8578, 97871, 100, 140.71
2026/10/09 04:38:18.073, 1, 7420, 97871, 0, 140.45
2026/10/09 04:38:18.074, 2, 8578, 97871, 100, 145.16
2026/10/09 04:38:18.074, 3, 8576, 97871, 100, 133.13
2026/10/09 04:38:19.074, 0, 8578, 97871, 100, 140.84
2026/10/09 04:38:19.074, 1, 7420, 97871, 0, 140.60
2026/10/09 04:38:19.074, 2, 8578, 97871, 100, 145.10
2026/10/09 04:38:19.074, 3, 8576, 97871, 100, 133.19
2026/10/09 04:38:20.074, 0, 8578, 97871, 100, 141.20
2026/10/09 04:38:20.074, 1, 7420, 97871, 0, 140.63
2026/10/09 04:38:20.074, 2, 8578, 97871, 100, 145.28
2026/10/09 04:38:20.074, 3, 8576, 97871, 100, 133.28
2026/10/09 04:38:21.074, 0, 8578, 97871, 100, 141.03
2026/10/09 04:38:21.074, 1, 7420, 97871, 0, 140.57
2026/10/09 04:38:21.074, 2, 8578, 97871, 100, 145.26
2026/10/09 04:38:21.074, 3, 8576, 97871, 100, 133.19
2026/10/09 04:38:22.074, 0, 8578, 97871, 100, 141.12
2026/10/09 04:38:22.074, 1, 7420, 97871, 0, 140.75
2026/10/09 04:38:22.075, 2, 8578, 97871, 100, 145.34
2026/10/09 04:38:22.075, 3, 8576, 97871, 100, 133.11
2026/10/09 04:38:23.075, 0, 8578, 97871, 100, 140.89
2026/10/09 04:38:23.075, 1, 7420, 97871, 0, 140.55
2026/10/09 04:38:23.075, 2, 8578, 97871, 100, 145.47
2026/10/09 04:38:23.075, 3, 8576, 97871, 100, 133.27
2026/10/09 04:38:24.075, 0, 8578, 97871, 100, 140.97
2026/10/09 04:38:24.075, 1, 7420, 97871, 0, 140.67
2026/10/09 04:38:24.075, 2, 8578, 97871, 100, 145.20
2026/10/09 04:38:24.075, 3, 8576, 97871, 100, 133.36
2026/10/09 04:38:25.075, 0, 8578, 97871, 100, 140.98
2026/10/09 04:38:25.075, 1, 7420, 97871, 0, 140.62
2026/10/09 04:38:25.075, 2, 8578, 97871, 100, 145.39
2026/10/09 04:38:25.075, 3, 8576, 97871, 100, 133.25
2026/10/09 04:38:26.075, 0, 8578, 97871, 100, 141.01
2026/10/09 04:38:26.075, 1, 7420, 97871, 0, 140.63
2026/10/09 04:38:26.075, 2, 8578, 97871, 100, 145.10
2026/10/09 04:38:26.075, 3, 8576, 97871, 100, 133.25
2026/10/09 04:38:27.076, 0, 8578, 97871, 100, 141.13
2026/10/09 04:38:27.076, 1, 7420, 97871, 0, 140.65
2026/10/09 04:38:27.076, 2, 8578, 97871, 100, 145.17
2026/10/09 04:38:27.076, 3, 8576, 97871, 100, 133.27
2026/10/09 04:38:28.076, 0, 8578, 97871, 100, 140.96
2026/10/09 04:38:28.076, 1, 7420, 97871, 0, 140.37
2026/10/09 04:38:28.076, 2, 8578, 97871, 100, 145.05
2026/10/09 04:38:28.076, 3, 8576, 97871, 100, 133.06
2026/10/09 04:38:29.076, 0, 8578, 97871, 100, 140.66
2026/10/09 04:38:29.076, 1, 7420, 97871, 0, 140.39
2026/10/09 04:38:29.076, 2, 8578, 97871, 100, 144.99
2026/10/09 04:38:29.076, 3, 8576, 97871, 100, 133.05
2026/10/09 04:38:30.076, 0, 8578, 97871, 100, 140.70
2026/10/09 04:38:30.076, 1, 7420, 97871, 0, 140.53
2026/10/09 04:38:30.076, 2, 8578, 97871, 100, 145.17
2026/10/09 04:38:30.077, 3, 8576, 97871, 100, 133.10
2026/10/09 04:38:31.077, 0, 8578, 97871, 100, 140.91
2026/10/09 04:38:31.077, 1, 7420, 97871, 0, 140.46
2026/10/09 04:38:31.077, 2, 8578, 97871, 100, 145.03
2026/10/09 04:38:31.077, 3, 8576, 97871, 100, 133.14
2026/10/09 04:38:32.077, 0, 8578, 97871, 100, 140.74
2026/10/09 04:38:32.077, 1, 7420, 97871, 0, 140.26
2026/10/09 04:38:32.077, 2, 8578, 97871, 100, 144.95
2026/10/09 04:38:32.077, 3, 8576, 97871, 100, 133.21
2026/10/09 04:38:33.077, 0, 8578, 97871, 100, 140.71
2026/10/09 04:38:33.077, 1, 7420, 97871, 0, 140.28
2026/10/09 04:38:33.077, 2, 8578, 97871, 100, 144.89
2026/10/09 04:38:33.077, 3, 8576, 97871, 100, 133.03
2026/10/09 04:38:34.077, 0, 8578, 97871, 100, 140.53
2026/10/09 04:38:34.077, 1, 7420, 97871, 0, 140.39
2026/10/09 04:38:34.077, 2, 8578, 97871, 100, 144.91
2026/10/09 04:38:34.077, 3, 8576, 97871, 100, 133.01
2026/10/09 04:38:35.078, 0, 8578, 97871, 100, 140.74
2026/10/09 04:38:35.078, 1, 7420, 97871, 0, 140.35
2026/10/09 04:38:35.078, 2, 8578, 97871, 100, 145.03
2026/10/09 04:38:35.078, 3, 8576, 97871, 100, 133.07
2026/10/09 04:38:36.078, 0, 8578, 97871, 100, 140.96
2026/10/09 04:38:36.078, 1, 7420, 97871, 0, 140.31
2026/10/09 04:38:36.078, 2, 8578, 97871, 100, 144.99
2026/10/09 04:38:36.078, 3, 8576, 97871, 100, 133.09
2026/10/09 04:38:37.078, 0, 8578, 97871, 100, 140.93
2026/10/09 04:38:37.078, 1, 7420, 97871, 0, 140.39
2026/10/09 04:38:37.078, 2, 8578, 97871, 100, 145.00
2026/10/09 04:38:37.078, 3, 8576, 97871, 100, 133.04
2026/10/09 04:38:38.078, 0, 8578, 97871, 100, 140.92
2026/10/09 04:38:38.078, 1, 7420, 97871, 0, 140.35
2026/10/09 04:38:38.078, 2, 8578, 97871, 100, 145.08
2026/10/09 04:38:38.078, 3, 8576, 97871, 100, 133.14
2026/10/09 04:38:39.079, 0, 8578, 97871, 100, 140.84
2026/10/09 04:38:39.079, 1, 7420, 97871, 0, 140.39
2026/10/09 04:38:39.079, 2, 8578, 97871, 100, 144.91
2026/10/09 04:38:39.079, 3, 8576, 97871, 100, 133.15
2026/10/09 04:38:40.079, 0, 8578, 97871, 100, 140.82
2026/10/09 04:38:40.079, 1, 7420, 97871, 0, 140.36
2026/10/09 04:38:40.079, 2, 8578, 97871, 100, 144.95
2026/10/09 04:38:40.079, 3, 8576, 97871, 100, 133.18
2026/10/09 04:38:41.079, 0, 8578, 97871, 100, 140.86
2026/10/09 04:38:41.079, 1, 7420, 97871, 0, 140.46
2026/10/09 04:38:41.079, 2, 8578, 97871, 100, 144.91
2026/10/09 04:38:41.079, 3, 8576, 97871, 100, 133.15
2026/10/09 04:38:42.079, 0, 8578, 97871, 100, 140.75
2026/10/09 04:38:42.079, 1, 7420, 97871, 0, 140.42
2026/10/09 04:38:42.079, 2, 8578, 97871, 100, 144.86
2026/10/09 04:38:42.079, 3, 8576, 97871, 100, 133.17
2026/10/09 04:38:43.080, 0, 8578, 97871, 100, 140.94
2026/10/09 04:38:43.080, 1, 7420, 97871, 0, 140.36
2026/10/09 04:38:43.080, 2, 8578, 97871, 100, 145.04
2026/10/09 04:38:43.080, 3, 8576, 97871, 100, 133.08
2026/10/09 04:38:44.080, 0, 8578, 97871, 100, 140.97
2026/10/09 04:38:44.080, 1, 7420, 97871, 0, 140.45
2026/10/09 04:38:44.080, 2, 8578, 97871, 100, 145.02
2026/10/09 04:38:44.080, 3, 8576, 97871, 100, 133.12
2026/10/09 04:38:45.080, 0, 8578, 97871, 100, 140.80
2026/10/09 04:38:45.080, 1, 7420, 97871, 0, 140.48
2026/10/09 04:38:45.080, 2, 8578, 97871, 100, 145.12
2026/10/09 04:38:45.080, 3, 8576, 97871, 100, 133.12
2026/10/09 04:38:46.080, 0, 8578, 97871, 100, 140.93
2026/10/09 04:38:46.080, 1, 7420, 97871, 0, 140.41
2026/10/09 04:38:46.080, 2, 8578, 97871, 100, 145.10
2026/10/09 04:38:46.081, 3, 8576, 97871, 100, 133.11
2026/10/09 04:38:47.081, 0, 8578, 97871, 100, 140.99
2026/10/09 04:38:47.081, 1, 7420, 97871, 0, 140.59
2026/10/09 04:38:47.081, 2, 8578, 97871, 100, 145.07
2026/10/09 04:38:47.081, 3, 8576, 97871, 100, 133.21
2026/10/09 04:38:48.081, 0, 8578, 97871, 100, 140.85
2026/10/09 04:38:48.081, 1, 7420, 97871, 0, 140.61
2026/10/09 04:38:48.081, 2, 8578, 97871, 100, 145.08
2026/10/09 04:38:48.081, 3, 8576, 97871, 100, 133.10
2026/10/09 04:38:49.081, 0, 8578, 97871, 100, 140.99
2026/10/09 04:38:49.081, 1, 7420, 97871, 0, 140.40
2026/10/09 04:38:49.081, 2, 8578, 97871, 100, 145.06
2026/10/09 04:38:49.081, 3, 8576, 97871, 100, 132.98
2026/10/09 04:38:50.081, 0, 8578, 97871, 100, 140.78
2026/10/09 04:38:50.081, 1, 7420, 97871, 0, 140.32
2026/10/09 04:38:50.081, 2, 8578, 97871, 100, 144.99
2026/10/09 04:38:50.082, 3, 8576, 97871, 100, 132.97
2026/10/09 04:38:51.082, 0, 8578, 97871, 100, 140.81
2026/10/09 04:38:51.082, 1, 7420, 97871, 0, 140.40
2026/10/09 04:38:51.082, 2, 8578, 97871, 100, 145.13
2026/10/09 04:38:51.082, 3, 8576, 97871, 100, 132.99
2026/10/09 04:38:52.082, 0, 8578, 97871, 100, 141.09
2026/10/09 04:38:52.082, 1, 7420, 97871, 0, 140.49
2026/10/09 04:38:52.082, 2, 8578, 97871, 100, 145.15
2026/10/09 04:38:52.082, 3, 8576, 97871, 100, 132.99
2026/10/09 04:38:53.082, 0, 8578, 97871, 100, 141.13
2026/10/09 04:38:53.082, 1, 7420, 97871, 0, 140.55
2026/10/09 04:38:53.082, 2, 8578, 97871, 100, 145.05
2026/10/09 04:38:53.082, 3, 8576, 97871, 100, 133.17
2026/10/09 04:38:54.082, 0, 8578, 97871, 100, 141.19
2026/10/09 04:38:54.082, 1, 7420, 97871, 0, 140.62
2026/10/09 04:38:54.082, 2, 8578, 97871, 100, 145.20
2026/10/09 04:38:54.082, 3, 8576, 97871, 100, 133.09
2026/10/09 04:38:55.083, 0, 8578, 97871, 100, 140.96
2026/10/09 04:38:55.083, 1, 7420, 97871, 0, 140.69
2026/10/09 04:38:55.083, 2, 8578, 97871, 100, 145.25
2026/10/09 04:38:55.083, 3, 8576, 97871, 100, 133.20
2026/10/09 04:38:56.083, 0, 8578, 97871, 100, 140.99
2026/10/09 04:38:56.083, 1, 7420, 97871, 0, 140.76
2026/10/09 04:38:56.083, 2, 8578, 97871, 100, 145.23
2026/10/09 04:38:56.083, 3, 8576, 97871, 100, 133.39
2026/10/09 04:38:57.083, 0, 8578, 97871, 100, 141.14
2026/10/09 04:38:57.083, 1, 7420, 97871, 0, 140.79
2026/10/09 04:38:57.083, 2, 8578, 97871, 100, 145.15
2026/10/09 04:38:57.083, 3, 8576, 97871, 100, 133.27
2026/10/09 04:38:58.083, 0, 8578, 97871, 100, 141.19
2026/10/09 04:38:58.083, 1, 7420, 97871, 0, 140.66
2026/10/09 04:38:58.083, 2, 8578, 97871, 100, 145.09
2026/10/09 04:38:58.083, 3, 8576, 97871, 100, 133.17
2026/10/09 04:38:59.084, 0, 8578, 97871, 100, 141.04
2026/10/09 04:38:59.084, 1, 7420, 97871, 0, 140.59
2026/10/09 04:38:59.084, 2, 8578, 97871, 100, 145.00
2026/10/09 04:38:59.084, 3, 8576, 97871, 100, 133.08
2026/10/09 04:39:00.084, 0, 8578, 97871, 100, 141.04
2026/10/09 04:39:00.084, 1, 7420, 97871, 0, 140.58
2026/10/09 04:39:00.084, 2, 8578, 97871, 100, 145.14
2026/10/09 04:39:00.084, 3, 8576, 97871, 100, 133.25
2026/10/09 04:39:01.084, 0, 8578, 97871, 100, 140.94
2026/10/09 04:39:01.084, 1, 7420, 97871, 0, 140.62
2026/10/09 04:39:01.084, 2, 8578, 97871, 100, 145.14
2026/10/09 04:39:01.084, 3, 8576, 97871, 100, 133.17
2026/10/09 04:39:02.084, 0, 8578, 97871, 100, 140.94
2026/10/09 04:39:02.084, 1, 7420, 97871, 0, 140.52
2026/10/09 04:39:02.084, 2, 8578, 97871, 100, 145.15
2026/10/09 04:39:02.084, 3, 8576, 97871, 100, 133.20
2026/10/09 04:39:03.085, 0, 8578, 97871, 100, 141.04
2026/10/09 04:39:03.085, 1, 7420, 97871, 0, 140.43
2026/10/09 04:39:03.085, 2, 8578, 97871, 100, 144.98
2026/10/09 04:39:03.085, 3, 8576, 97871, 100, 133.12
2026/10/09 04:39:04.085, 0, 8578, 97871, 100, 140.68
2026/10/09 04:39:04.085, 1, 7420, 97871, 0, 140.44
2026/10/09 04:39:04.085, 2, 8578, 97871, 100, 144.96
2026/10/09 04:39:04.085, 3, 8576, 97871, 100, 133.02
2026/10/09 04:39:05.085, 0, 8578, 97871, 100, 140.94
2026/10/09 04:39:05.085, 1, 7420, 97871, 0, 140.48
2026/10/09 04:39:05.085, 2, 8578, 97871, 100, 145.00
2026/10/09 04:39:05.085, 3, 8576, 97871, 100, 133.16
2026/10/09 04:39:06.085, 0, 8578, 97871, 100, 140.84
2026/10/09 04:39:06.085, 1, 7420, 97871, 0, 140.39
2026/10/09 04:39:06.085, 2, 8578, 97871, 100, 144.99
2026/10/09 04:39:06.085, 3, 8576, 97871, 100, 133.10
2026/10/09 04:39:07.086, 0, 8578, 97871, 100, 140.85
2026/10/09 04:39:07.086, 1, 7420, 97871, 0, 140.45
2026/10/09 04:39:07.086, 2, 8578, 97871, 100, 145.05
2026/10/09 04:39:07.086, 3, 8576, 97871, 100, 133.07
2026/10/09 04:39:08.086, 0, 8578, 97871, 100, 140.94
2026/10/09 04:39:08.086, 1, 7420, 97871, 0, 140.24
2026/10/09 04:39:08.086, 2, 8578, 97871, 100, 145.02
2026/10/09 04:39:08.086, 3, 8576, 97871, 100, 133.17
2026/10/09 04:39:09.086, 0, 8578, 97871, 100, 140.96
2026/10/09 04:39:09.086, 1, 7420, 97871, 0, 140.21
2026/10/09 04:39:09.086, 2, 8578, 97871, 100, 145.04
2026/10/09 04:39:09.086, 3, 8576, 97871, 100, 133.11
2026/10/09 04:39:10.086, 0, 8578, 97871, 100, 141.05
2026/10/09 04:39:10.086, 1, 7420, 97871, 0, 140.36
2026/10/09 04:39:10.086, 2, 8578, 97871, 100, 145.01
2026/10/09 04:39:10.086, 3, 8576, 97871, 100, 133.18
2026/10/09 04:39:11.087, 0, 8578, 97871, 100, 140.91
2026/10/09 04:39:11.087, 1, 7420, 97871, 0, 140.47
2026/10/09 04:39:11.087, 2, 8578, 97871, 100, 145.15
2026/10/09 04:39:11.087, 3, 8576, 97871, 100, 133.16
2026/10/09 04:39:12.087, 0, 8578, 97871, 100, 140.77
2026/10/09 04:39:12.087, 1, 7420, 97871, 0, 140.48
2026/10/09 04:39:12.087, 2, 8578, 97871, 100, 144.94
2026/10/09 04:39:12.087, 3, 8576, 97871, 100, 133.07
2026/10/09 04:39:13.087, 0, 8578, 97871, 100, 140.92
2026/10/09 04:39:13.087, 1, 7420, 97871, 0, 140.04
2026/10/09 04:39:13.087, 2, 8578, 97871, 100, 145.00
2026/10/09 04:39:13.087, 3, 8576, 97871, 100, 133.00
2026/10/09 04:39:14.087, 0, 8578, 97871, 100, 140.97
2026/10/09 04:39:14.087, 1, 7420, 97871, 0, 139.86
2026/10/09 04:39:14.087, 2, 8578, 97871, 100, 145.09
2026/10/09 04:39:14.087, 3, 8576, 97871, 100, 133.20
2026/10/09 04:39:15.087, 0, 8578, 97871, 100, 141.01
2026/10/09 04:39:15.088, 1, 7420, 97871, 0, 139.96
2026/10/09 04:39:15.088, 2, 8578, 97871, 100, 145.12
2026/10/09 04:39:15.088, 3, 8576, 97871, 100, 133.22
2026/10/09 04:39:16.088, 0, 8578, 97871, 100, 140.99
2026/10/09 04:39:16.088, 1, 7420, 97871, 0, 139.86
2026/10/09 04:39:16.088, 2, 8578, 97871, 100, 145.16
2026/10/09 04:39:16.088, 3, 8576, 97871, 100, 133.17
2026/10/09 04:39:17.088, 0, 8578, 97871, 100, 140.77
2026/10/09 04:39:17.088, 1, 7420, 97871, 0, 139.84
2026/10/09 04:39:17.088, 2, 8578, 97871, 100, 145.21
2026/10/09 04:39:17.088, 3, 8576, 97871, 100, 133.20
2026/10/09 04:39:18.088, 0, 8578, 97871, 100, 140.92
2026/10/09 04:39:18.088, 1, 7420, 97871, 0, 139.90
2026/10/09 04:39:18.088, 2, 8578, 97871, 100, 145.20
2026/10/09 04:39:18.088, 3, 8576, 97871, 100, 133.13
2026/10/09 04:39:19.088, 0, 8578, 97871, 100, 140.86
2026/10/09 04:39:19.088, 1, 7420, 97871, 0, 139.86
2026/10/09 04:39:19.088, 2, 8578, 97871, 100, 145.12
2026/10/09 04:39:19.089, 3, 8576, 97871, 100, 132.98
2026/10/09 04:39:20.089, 0, 8578, 97871, 100, 140.73
2026/10/09 04:39:20.089, 1, 7420, 97871, 0, 139.86
2026/10/09 04:39:20.089, 2, 8578, 97871, 100, 145.23
2026/10/09 04:39:20.089, 3, 8576, 97871, 100, 133.03
2026/10/09 04:39:21.089, 0, 8578, 97871, 100, 140.91
2026/10/09 04:39:21.089, 1, 7420, 97871, 0, 139.84
2026/10/09 04:39:21.089, 2, 8578, 97871, 100, 145.05
2026/10/09 04:39:21.089, 3, 8576, 97871, 100, 133.22
2026/10/09 04:39:22.089, 0, 8578, 97871, 100, 140.69
2026/10/09 04:39:22.089, 1, 7420, 97871, 0, 139.73
2026/10/09 04:39:22.089, 2, 8578, 97871, 100, 145.09
2026/10/09 04:39:22.089, 3, 8576, 97871, 100, 133.14
2026/10/09 04:39:23.089, 0, 8578, 97871, 100, 140.77
2026/10/09 04:39:23.089, 1, 7420, 97871, 0, 139.74
2026/10/09 04:39:23.089, 2, 8578, 97871, 100, 145.23
2026/10/09 04:39:23.089, 3, 8576, 97871, 100, 133.12
2026/10/09 04:39:24.090, 0, 8578, 97871, 100, 141.13
2026/10/09 04:39:24.090, 1, 7420, 97871, 0, 139.91
2026/10/09 04:39:24.090, 2, 8578, 97871, 100, 145.20
2026/10/09 04:39:24.090, 3, 8576, 97871, 100, 133.11
2026/10/09 04:39:25.090, 0, 8578, 97871, 100, 141.02
2026/10/09 04:39:25.090, 1, 7420, 97871, 0, 139.90
2026/10/09 04:39:25.090, 2, 8578, 97871, 100, 145.13
2026/10/09 04:39:25.090, 3, 8576, 97871, 100, 133.06
2026/10/09 04:39:26.090, 0, 8578, 97871, 100, 140.98
2026/10/09 04:39:26.090, 1, 7420, 97871, 0, 140.04
2026/10/09 04:39:26.090, 2, 8578, 97871, 100, 145.27
2026/10/09 04:39:26.090, 3, 8576, 97871, 100, 133.07
2026/10/09 04:39:27.090, 0, 8578, 97871, 100, 141.09
2026/10/09 04:39:27.090, 1, 7420, 97871, 0, 140.02
2026/10/09 04:39:27.090, 2, 8578, 97871, 100, 145.31
2026/10/09 04:39:27.090, 3, 8576, 97871, 100, 133.05
2026/10/09 04:39:28.091, 0, 8578, 97871, 100, 140.78
2026/10/09 04:39:28.091, 1, 7420, 97871, 0, 140.06
2026/10/09 04:39:28.091, 2, 8578, 97871, 100, 145.22
2026/10/09 04:39:28.091, 3, 8576, 97871, 100, 133.24
2026/10/09 04:39:29.091, 0, 8578, 97871, 100, 141.05
2026/10/09 04:39:29.091, 1, 7420, 97871, 0, 140.00
2026/10/09 04:39:29.091, 2, 8578, 97871, 100, 145.29
2026/10/09 04:39:29.091, 3, 8576, 97871, 100, 133.16
2026/10/09 04:39:30.091, 0, 8578, 97871, 100, 141.04
2026/10/09 04:39:30.091, 1, 7420, 97871, 0, 140.12
2026/10/09 04:39:30.091, 2, 8578, 97871, 100, 145.31
2026/10/09 04:39:30.091, 3, 8576, 97871, 100, 133.26
2026/10/09 04:39:31.091, 0, 8578, 97871, 100, 141.04
2026/10/09 04:39:31.091, 1, 7420, 97871, 0, 140.05
2026/10/09 04:39:31.091, 2, 8578, 97871, 100, 145.31
2026/10/09 04:39:31.091, 3, 8576, 97871, 100, 133.26
2026/10/09 04:39:32.092, 0, 8578, 97871, 100, 141.18
2026/10/09 04:39:32.092, 1, 7420, 97871, 0, 139.98
2026/10/09 04:39:32.092, 2, 8578, 97871, 100, 145.26
2026/10/09 04:39:32.092, 3, 8576, 97871, 100, 133.28
2026/10/09 04:39:33.092, 0, 8578, 97871, 100, 140.92
2026/10/09 04:39:33.092, 1, 7420, 97871, 0, 139.95
2026/10/09 04:39:33.092, 2, 8578, 97871, 100, 145.17
2026/10/09 04:39:33.092, 3, 8576, 97871, 100, 132.96
2026/10/09 04:39:34.092, 0, 8578, 97871, 100, 141.03
2026/10/09 04:39:34.092, 1, 7420, 97871, 0, 139.88
2026/10/09 04:39:34.092, 2, 8578, 97871, 100, 145.23
2026/10/09 04:39:34.092, 3, 8576, 97871, 100, 133.12
2026/10/09 04:39:35.092, 0, 8578, 97871, 100, 140.95
2026/10/09 04:39:35.092, 1, 7420, 97871, 0, 139.91
2026/10/09 04:39:35.092, 2, 8578, 97871, 100, 145.25
2026/10/09 04:39:35.092, 3, 8576, 97871, 100, 133.31
2026/10/09 04:39:36.092, 0, 8578, 97871, 100, 140.94
2026/10/09 04:39:36.093, 1, 7420, 97871, 0, 139.90
2026/10/09 04:39:36.093, 2, 8578, 97871, 100, 145.13
2026/10/09 04:39:36.093, 3, 8576, 97871, 100, 133.15
2026/10/09 04:39:37.093, 0, 8578, 97871, 100, 140.80
2026/10/09 04:39:37.093, 1, 7420, 97871, 0, 139.85
2026/10/09 04:39:37.093, 2, 8578, 97871, 100, 145.02
2026/10/09 04:39:37.093, 3, 8576, 97871, 100, 133.04
2026/10/09 04:39:38.093, 0, 8578, 97871, 100, 140.91
2026/10/09 04:39:38.093, 1, 7420, 97871, 0, 139.86
2026/10/09 04:39:38.093, 2, 8578, 97871, 100, 145.07
2026/10/09 04:39:38.093, 3, 8576, 97871, 100, 133.02
2026/10/09 04:39:39.093, 0, 8578, 97871, 100, 140.83
2026/10/09 04:39:39.093, 1, 7420, 97871, 0, 139.01
2026/10/09 04:39:39.093, 2, 8578, 97871, 100, 145.03
2026/10/09 04:39:39.093, 3, 8576, 97871, 100, 133.01
2026/10/09 04:39:40.093, 0, 8578, 97871, 100, 140.87
2026/10/09 04:39:40.093, 1, 7420, 97871, 0, 138.83
2026/10/09 04:39:40.094, 2, 8578, 97871, 100, 145.10
2026/10/09 04:39:40.094, 3, 8576, 97871, 100, 132.96
2026/10/09 04:39:41.094, 0, 8578, 97871, 100, 141.06
2026/10/09 04:39:41.094, 1, 7420, 97871, 0, 138.73
2026/10/09 04:39:41.094, 2, 8578, 97871, 100, 145.13
2026/10/09 04:39:41.094, 3, 8576, 97871, 100, 133.12
2026/10/09 04:39:42.094, 0, 8578, 97871, 100, 141.03
2026/10/09 04:39:42.094, 1, 7420, 97871, 0, 138.85
2026/10/09 04:39:42.094, 2, 8578, 97871, 100, 145.13
2026/10/09 04:39:42.094, 3, 8576, 97871, 100, 133.23
2026/10/09 04:39:43.094, 0, 8578, 97871, 100, 140.98
2026/10/09 04:39:43.094, 1, 7420, 97871, 0, 138.97
2026/10/09 04:39:43.094, 2, 8578, 97871, 100, 145.21
2026/10/09 04:39:43.094, 3, 8576, 97871, 100, 133.24
2026/10/09 04:39:44.094, 0, 8578, 97871, 100, 140.81
2026/10/09 04:39:44.094, 1, 7420, 97871, 0, 138.87
2026/10/09 04:39:44.094, 2, 8578, 97871, 100, 145.20
2026/10/09 04:39:44.095, 3, 8576, 97871, 100, 133.20
2026/10/09 04:39:45.095, 0, 8578, 97871, 100, 140.99
2026/10/09 04:39:45.095, 1, 7420, 97871, 0, 138.96
2026/10/09 04:39:45.095, 2, 8578, 97871, 100, 145.11
2026/10/09 04:39:45.095, 3, 8576, 97871, 100, 133.23
2026/10/09 04:39:46.095, 0, 8578, 97871, 100, 141.15
2026/10/09 04:39:46.095, 1, 7420, 97871, 0, 138.83
2026/10/09 04:39:46.095, 2, 8578, 97871, 100, 145.19
2026/10/09 04:39:46.095, 3, 8576, 97871, 100, 133.27
2026/10/09 04:39:47.095, 0, 8578, 97871, 100, 141.01
2026/10/09 04:39:47.095, 1, 7420, 97871, 0, 138.88
2026/10/09 04:39:47.095, 2, 8578, 97871, 100, 145.18
2026/10/09 04:39:47.095, 3, 8576, 97871, 100, 133.21
2026/10/09 04:39:48.095, 0, 8578, 97871, 100, 141.03
2026/10/09 04:39:48.095, 1, 7420, 97871, 0, 138.98
2026/10/09 04:39:48.095, 2, 8578, 97871, 100, 145.24
2026/10/09 04:39:48.095, 3, 8576, 97871, 100, 133.31
2026/10/09 04:39:49.096, 0, 8578, 97871, 100, 141.03
2026/10/09 04:39:49.096, 1, 7420, 97871, 0, 138.92
2026/10/09 04:39:49.096, 2, 8578, 97871, 100, 145.21
2026/10/09 04:39:49.096, 3, 8576, 97871, 100, 133.40
2026/10/09 04:39:50.096, 0, 8578, 97871, 100, 141.04
2026/10/09 04:39:50.096, 1, 7420, 97871, 0, 138.83
2026/10/09 04:39:50.096, 2, 8578, 97871, 100, 145.23
2026/10/09 04:39:50.096, 3, 8576, 97871, 100, 133.35
2026/10/09 04:39:51.096, 0, 8578, 97871, 100, 140.95
2026/10/09 04:39:51.096, 1, 7420, 97871, 0, 138.87
2026/10/09 04:39:51.096, 2, 8578, 97871, 100, 145.24
2026/10/09 04:39:51.096, 3, 8576, 97871, 100, 133.26
2026/10/09 04:39:52.096, 0, 8578, 97871, 100, 140.88
2026/10/09 04:39:52.096, 1, 7420, 97871, 0, 138.91
2026/10/09 04:39:52.096, 2, 8578, 97871, 100, 145.21
2026/10/09 04:39:52.096, 3, 8576, 97871, 100, 133.17
2026/10/09 04:39:53.097, 0, 8578, 97871, 100, 140.83
2026/10/09 04:39:53.097, 1, 7420, 97871, 0, 138.98
2026/10/09 04:39:53.097, 2, 8578, 97871, 100, 145.23
2026/10/09 04:39:53.097, 3, 8576, 97871, 100, 133.20
2026/10/09 04:39:54.097, 0, 8578, 97871, 100, 140.90
2026/10/09 04:39:54.097, 1, 7419, 97871, 0, 138.93
2026/10/09 04:39:54.097, 2, 8578, 97871, 100, 145.05
2026/10/09 04:39:54.097, 3, 8576, 97871, 100, 133.13
2026/10/09 04:39:55.097, 0, 8578, 97871, 100, 140.79
2026/10/09 04:39:55.097, 1, 7419, 97871, 0, 139.00
2026/10/09 04:39:55.097, 2, 8578, 97871, 100, 145.03
2026/10/09 04:39:55.097, 3, 8576, 97871, 100, 133.18
2026/10/09 04:39:56.097, 0, 8578, 97871, 100, 140.86
2026/10/09 04:39:56.097, 1, 7419, 97871, 0, 138.88
2026/10/09 04:39:56.097, 2, 8578, 97871, 100, 144.99
2026/10/09 04:39:56.097, 3, 8576, 97871, 100, 133.22
2026/10/09 04:39:57.098, 0, 8578, 97871, 100, 141.19
2026/10/09 04:39:57.098, 1, 7419, 97871, 0, 138.88
2026/10/09 04:39:57.098, 2, 8578, 97871, 100, 145.32
2026/10/09 04:39:57.098, 3, 8576, 97871, 100, 133.18
2026/10/09 04:39:58.098, 0, 8578, 97871, 100, 141.16
2026/10/09 04:39:58.098, 1, 7419, 97871, 0, 139.03
2026/10/09 04:39:58.098, 2, 8578, 97871, 100, 145.37
2026/10/09 04:39:58.098, 3, 8576, 97871, 100, 133.37
2026/10/09 04:39:59.098, 0, 8578, 97871, 100, 141.40
2026/10/09 04:39:59.098, 1, 7479, 97871, 18, 160.70
2026/10/09 04:39:59.098, 2, 8578, 97871, 100, 145.55
2026/10/09 04:39:59.098, 3, 8576, 97871, 100, 134.25
2026/10/09 04:40:00.098, 0, 8578, 97871, 100, 141.22
2026/10/09 04:40:00.099, 1, 7603, 97871, 0, 160.89
2026/10/09 04:40:00.099, 2, 8578, 97871, 100, 145.48
2026/10/09 04:40:00.099, 3, 8576, 97871, 100, 134.08
2026/10/09 04:40:01.099, 0, 8578, 97871, 100, 140.87
2026/10/09 04:40:01.099, 1, 7663, 97871, 10, 159.60
2026/10/09 04:40:01.099, 2, 8578, 97871, 100, 145.52
2026/10/09 04:40:01.099, 3, 8576, 97871, 100, 133.92
2026/10/09 04:40:02.099, 0, 8578, 97871, 100, 141.16
2026/10/09 04:40:02.099, 1, 7663, 97871, 0, 139.11
2026/10/09 04:40:02.099, 2, 8578, 97871, 100, 145.83
2026/10/09 04:40:02.099, 3, 8576, 97871, 100, 134.01
2026/10/09 04:40:03.099, 0, 8578, 97871, 100, 141.17
2026/10/09 04:40:03.099, 1, 7921, 97871, 0, 172.66
2026/10/09 04:40:03.100, 2, 8578, 97871, 100, 145.45
2026/10/09 04:40:03.100, 3, 8576, 97871, 100, 133.99
2026/10/09 04:40:04.100, 0, 8578, 97871, 100, 140.97
2026/10/09 04:40:04.100, 1, 7921, 97871, 0, 141.33
2026/10/09 04:40:04.100, 2, 8578, 97871, 100, 145.54
2026/10/09 04:40:04.100, 3, 8576, 97871, 100, 133.92
2026/10/09 04:40:05.100, 0, 8578, 97871, 100, 141.31
2026/10/09 04:40:05.100, 1, 7921, 97871, 0, 141.28
2026/10/09 04:40:05.100, 2, 8578, 97871, 100, 145.51
2026/10/09 04:40:05.100, 3, 8576, 97871, 100, 134.04
2026/10/09 04:40:06.100, 0, 8578, 97871, 100, 141.25
2026/10/09 04:40:06.100, 1, 7921, 97871, 0, 140.99
2026/10/09 04:40:06.100, 2, 8578, 97871, 100, 145.36
2026/10/09 04:40:06.101, 3, 8576, 97871, 100, 134.05
2026/10/09 04:40:07.101, 0, 8578, 97871, 100, 140.99
2026/10/09 04:40:07.101, 1, 8345, 97871, 0, 203.99
2026/10/09 04:40:07.101, 2, 8578, 97871, 100, 145.29
2026/10/09 04:40:07.101, 3, 8576, 97871, 100, 134.25
2026/10/09 04:40:08.101, 0, 8578, 97871, 100, 141.26
2026/10/09 04:40:08.101, 1, 8345, 97871, 0, 139.28
2026/10/09 04:40:08.101, 2, 8578, 97871, 100, 145.35
2026/10/09 04:40:08.101, 3, 8576, 97871, 100, 133.90
2026/10/09 04:40:09.101, 0, 8578, 97871, 100, 141.14
2026/10/09 04:40:09.101, 1, 8513, 97871, 24, 204.09
2026/10/09 04:40:09.101, 2, 8578, 97871, 100, 145.42
2026/10/09 04:40:09.101, 3, 8576, 97871, 100, 134.03
2026/10/09 04:40:10.102, 0, 8578, 97871, 100, 141.07
2026/10/09 04:40:10.102, 1, 8513, 97871, 0, 139.48
2026/10/09 04:40:10.102, 2, 8578, 97871, 100, 145.58
2026/10/09 04:40:10.102, 3, 8576, 97871, 100, 134.01
2026/10/09 04:40:11.102, 0, 8578, 97871, 100, 140.98
2026/10/09 04:40:11.102, 1, 8513, 97871, 0, 139.19
2026/10/09 04:40:11.102, 2, 8578, 97871, 100, 145.27
2026/10/09 04:40:11.102, 3, 8576, 97871, 100, 133.77
2026/10/09 04:40:12.102, 0, 8578, 97871, 100, 140.82
2026/10/09 04:40:12.102, 1, 8513, 97871, 0, 139.17
2026/10/09 04:40:12.102, 2, 8578, 97871, 100, 145.07
2026/10/09 04:40:12.102, 3, 8576, 97871, 100, 133.68
2026/10/09 04:40:13.102, 0, 8578, 97871, 87, 214.60
2026/10/09 04:40:13.103, 1, 8577, 97871, 89, 240.62
2026/10/09 04:40:13.103, 2, 8578, 97871, 88, 221.58
2026/10/09 04:40:13.103, 3, 8576, 97871, 86, 201.20
2026/10/09 04:40:14.103, 0, 9324, 97871, 0, 224.36
2026/10/09 04:40:14.103, 1, 9323, 97871, 0, 222.99
2026/10/09 04:40:14.103, 2, 9324, 97871, 0, 223.11
2026/10/09 04:40:14.103, 3, 9322, 97871, 0, 220.54
2026/10/09 04:40:15.103, 0, 9324, 97871, 0, 139.23
2026/10/09 04:40:15.103, 1, 9323, 97871, 0, 139.71
2026/10/09 04:40:15.103, 2, 9324, 97871, 0, 144.07
2026/10/09 04:40:15.103, 3, 9322, 97871, 0, 132.03
2026/10/09 04:40:16.103, 0, 9324, 97871, 0, 138.88
2026/10/09 04:40:16.104, 1, 9323, 97871, 0, 139.41
2026/10/09 04:40:16.104, 2, 7982, 97871, 0, 144.52
2026/10/09 04:40:16.104, 3, 9322, 97871, 0, 132.69
2026/10/09 04:40:17.104, 0, 79278, 97871, 12, 148.82
2026/10/09 04:40:17.104, 1, 79277, 97871, 12, 149.19
2026/10/09 04:40:17.104, 2, 79278, 97871, 11, 153.18
2026/10/09 04:40:17.104, 3, 79276, 97871, 12, 141.29
2026/10/09 04:40:18.104, 0, 79396, 97871, 0, 198.80
2026/10/09 04:40:18.104, 1, 79401, 97871, 5, 204.53
2026/10/09 04:40:18.104, 2, 79398, 97871, 5, 207.87
2026/10/09 04:40:18.105, 3, 79400, 97871, 0, 194.23
2026/10/09 04:40:19.105, 0, 79450, 97871, 6, 163.77
2026/10/09 04:40:19.105, 1, 79461, 97871, 7, 166.27
2026/10/09 04:40:19.105, 2, 79462, 97871, 4, 171.77
2026/10/09 04:40:19.105, 3, 79466, 97871, 6, 159.70
2026/10/09 04:40:20.105, 0, 79502, 97871, 5, 156.28
2026/10/09 04:40:20.105, 1, 79527, 97871, 6, 157.89
2026/10/09 04:40:20.105, 2, 79526, 97871, 3, 160.99
2026/10/09 04:40:20.105, 3, 79532, 97871, 3, 149.14
2026/10/09 04:40:21.105, 0, 79550, 97871, 3, 149.04
2026/10/09 04:40:21.105, 1, 79595, 97871, 3, 149.32
2026/10/09 04:40:21.105, 2, 79584, 97871, 5, 153.90
2026/10/09 04:40:21.106, 3, 79592, 97871, 4, 140.21
2026/10/09 04:40:22.106, 0, 79726, 97871, 5, 148.22
2026/10/09 04:40:22.106, 1, 79705, 97871, 4, 157.83
2026/10/09 04:40:22.106, 2, 79706, 97871, 7, 162.60
2026/10/09 04:40:22.106, 3, 79710, 97871, 7, 152.10
2026/10/09 04:40:23.106, 0, 79712, 97871, 5, 157.80
2026/10/09 04:40:23.106, 1, 79739, 97871, 5, 154.69
2026/10/09 04:40:23.106, 2, 79742, 97871, 5, 158.69
2026/10/09 04:40:23.106, 3, 79742, 97871, 5, 145.88
2026/10/09 04:40:24.106, 0, 79736, 97871, 5, 148.91
2026/10/09 04:40:24.106, 1, 79749, 97871, 0, 144.22
2026/10/09 04:40:24.106, 2, 79750, 97871, 0, 147.73
2026/10/09 04:40:24.106, 3, 79748, 97871, 0, 134.44
2026/10/09 04:40:25.106, 0, 79750, 97871, 0, 144.91
2026/10/09 04:40:25.107, 1, 79749, 97871, 0, 141.10
2026/10/09 04:40:25.107, 2, 79750, 97871, 0, 145.27
2026/10/09 04:40:25.107, 3, 79748, 97871, 0, 132.84
2026/10/09 04:40:26.107, 0, 79750, 97871, 0, 140.90
2026/10/09 04:40:26.107, 1, 79749, 97871, 0, 141.26
2026/10/09 04:40:26.107, 2, 79750, 97871, 0, 146.00
2026/10/09 04:40:26.107, 3, 79748, 97871, 0, 132.65
2026/10/09 04:40:27.107, 0, 79750, 97871, 0, 141.03
2026/10/09 04:40:27.107, 1, 79749, 97871, 0, 141.17
2026/10/09 04:40:27.107, 2, 79750, 97871, 0, 145.37
2026/10/09 04:40:27.107, 3, 79748, 97871, 0, 132.66
2026/10/09 04:40:28.107, 0, 80070, 97871, 26, 146.13
2026/10/09 04:40:28.108, 1, 80069, 97871, 26, 147.13
2026/10/09 04:40:28.108, 2, 80070, 97871, 0, 150.44
2026/10/09 04:40:28.108, 3, 80068, 97871, 38, 139.62
2026/10/09 04:40:29.108, 0, 80332, 97871, 0, 141.14
2026/10/09 04:40:29.108, 1, 80331, 97871, 0, 141.60
2026/10/09 04:40:29.108, 2, 80332, 97871, 0, 146.02
2026/10/09 04:40:29.108, 3, 80330, 97871, 0, 133.07
2026/10/09 04:40:30.108, 0, 80332, 97871, 0, 141.34
2026/10/09 04:40:30.108, 1, 80331, 97871, 0, 141.15
2026/10/09 04:40:30.108, 2, 80332, 97871, 0, 145.79
2026/10/09 04:40:30.109, 3, 80330, 97871, 0, 132.69
2026/10/09 04:40:31.109, 0, 80860, 97871, 0, 141.69
2026/10/09 04:40:31.109, 1, 80859, 97871, 0, 141.72
2026/10/09 04:40:31.109, 2, 80860, 97871, 0, 145.92
2026/10/09 04:40:31.109, 3, 80858, 97871, 0, 133.15
2026/10/09 04:40:32.109, 0, 80860, 97871, 0, 147.29
2026/10/09 04:40:32.109, 1, 80859, 97871, 0, 148.92
2026/10/09 04:40:32.109, 2, 80860, 97871, 0, 152.10
2026/10/09 04:40:32.109, 3, 80858, 97871, 0, 139.01
2026/10/09 04:40:33.110, 0, 80860, 97871, 0, 141.33
2026/10/09 04:40:33.110, 1, 80859, 97871, 0, 141.20
2026/10/09 04:40:33.110, 2, 80860, 97871, 0, 145.63
2026/10/09 04:40:33.110, 3, 80858, 97871, 0, 133.39
2026/10/09 04:40:34.110, 0, 80860, 97871, 0, 140.67
2026/10/09 04:40:34.110, 1, 80859, 97871, 0, 141.13
2026/10/09 04:40:34.110, 2, 80860, 97871, 0, 145.86
2026/10/09 04:40:34.110, 3, 80858, 97871, 0, 133.12
2026/10/09 04:40:35.110, 0, 80860, 97871, 0, 140.65
2026/10/09 04:40:35.110, 1, 80859, 97871, 0, 141.09
2026/10/09 04:40:35.110, 2, 80860, 97871, 0, 145.04
2026/10/09 04:40:35.111, 3, 80858, 97871, 0, 132.89
2026/10/09 04:40:36.111, 0, 80860, 97871, 0, 140.69
2026/10/09 04:40:36.111, 1, 80859, 97871, 0, 141.28
2026/10/09 04:40:36.111, 2, 80860, 97871, 0, 144.71
2026/10/09 04:40:36.111, 3, 80858, 97871, 0, 132.81
2026/10/09 04:40:37.111, 0, 80860, 97871, 0, 140.67
2026/10/09 04:40:37.111, 1, 80859, 97871, 0, 141.12
2026/10/09 04:40:37.111, 2, 80860, 97871, 0, 144.62
2026/10/09 04:40:37.111, 3, 80858, 97871, 0, 132.61
2026/10/09 04:40:38.111, 0, 80860, 97871, 0, 140.88
2026/10/09 04:40:38.111, 1, 80859, 97871, 0, 141.05
2026/10/09 04:40:38.112, 2, 80860, 97871, 0, 144.26
2026/10/09 04:40:38.112, 3, 80858, 97871, 0, 132.70
2026/10/09 04:40:39.112, 0, 80860, 97871, 0, 140.70
2026/10/09 04:40:39.112, 1, 80859, 97871, 0, 141.03
2026/10/09 04:40:39.112, 2, 80860, 97871, 0, 144.32
2026/10/09 04:40:39.112, 3, 80858, 97871, 0, 132.32
2026/10/09 04:40:40.112, 0, 80860, 97871, 0, 140.40
2026/10/09 04:40:40.112, 1, 80859, 97871, 0, 140.94
2026/10/09 04:40:40.112, 2, 80860, 97871, 0, 144.64
2026/10/09 04:40:40.112, 3, 80858, 97871, 0, 132.49
2026/10/09 04:40:41.112, 0, 80860, 97871, 0, 140.69
2026/10/09 04:40:41.112, 1, 80859, 97871, 0, 140.86
2026/10/09 04:40:41.112, 2, 80860, 97871, 0, 144.80
2026/10/09 04:40:41.112, 3, 80858, 97871, 0, 132.30
2026/10/09 04:40:42.112, 0, 80860, 97871, 0, 140.85
2026/10/09 04:40:42.112, 1, 80859, 97871, 0, 141.06
2026/10/09 04:40:42.112, 2, 80860, 97871, 0, 144.74
2026/10/09 04:40:42.112, 3, 80858, 97871, 0, 131.99
2026/10/09 04:40:43.113, 0, 80860, 97871, 0, 140.72
2026/10/09 04:40:43.113, 1, 80859, 97871, 0, 140.93
2026/10/09 04:40:43.113, 2, 80860, 97871, 0, 144.84
2026/10/09 04:40:43.113, 3, 80858, 97871, 0, 132.11
2026/10/09 04:40:44.113, 0, 80860, 97871, 0, 140.65
2026/10/09 04:40:44.113, 1, 80859, 97871, 0, 140.97
2026/10/09 04:40:44.113, 2, 80860, 97871, 0, 144.64
2026/10/09 04:40:44.113, 3, 80858, 97871, 0, 132.35
2026/10/09 04:40:45.113, 0, 80860, 97871, 0, 140.31
2026/10/09 04:40:45.113, 1, 80859, 97871, 0, 140.85
2026/10/09 04:40:45.113, 2, 80860, 97871, 0, 144.55
2026/10/09 04:40:45.113, 3, 80858, 97871, 0, 132.22
2026/10/09 04:40:46.113, 0, 80860, 97871, 0, 140.38
2026/10/09 04:40:46.113, 1, 80859, 97871, 0, 140.81
2026/10/09 04:40:46.113, 2, 80860, 97871, 0, 144.56
2026/10/09 04:40:46.113, 3, 80858, 97871, 0, 132.13
2026/10/09 04:40:47.113, 0, 80860, 97871, 0, 140.43
2026/10/09 04:40:47.113, 1, 80859, 97871, 0, 140.85
2026/10/09 04:40:47.113, 2, 80860, 97871, 0, 144.82
2026/10/09 04:40:47.113, 3, 80858, 97871, 0, 132.20
2026/10/09 04:40:48.113, 0, 80860, 97871, 0, 140.49
2026/10/09 04:40:48.113, 1, 80859, 97871, 0, 140.87
2026/10/09 04:40:48.113, 2, 80860, 97871, 0, 144.32
2026/10/09 04:40:48.114, 3, 80858, 97871, 0, 132.11
2026/10/09 04:40:49.114, 0, 80860, 97871, 0, 140.59
2026/10/09 04:40:49.114, 1, 80859, 97871, 0, 140.82
2026/10/09 04:40:49.114, 2, 80860, 97871, 0, 144.55
2026/10/09 04:40:49.114, 3, 80858, 97871, 0, 132.30
2026/10/09 04:40:50.114, 0, 80860, 97871, 0, 140.56
2026/10/09 04:40:50.114, 1, 80859, 97871, 0, 141.01
2026/10/09 04:40:50.114, 2, 80860, 97871, 0, 144.70
2026/10/09 04:40:50.114, 3, 80858, 97871, 0, 132.27
2026/10/09 04:40:51.114, 0, 80860, 97871, 0, 140.48
2026/10/09 04:40:51.114, 1, 80859, 97871, 0, 140.77
2026/10/09 04:40:51.114, 2, 80860, 97871, 0, 144.43
2026/10/09 04:40:51.114, 3, 80858, 97871, 0, 132.15
2026/10/09 04:40:52.114, 0, 80860, 97871, 0, 140.48
2026/10/09 04:40:52.114, 1, 80859, 97871, 0, 140.96
2026/10/09 04:40:52.114, 2, 80860, 97871, 0, 144.61
2026/10/09 04:40:52.114, 3, 80858, 97871, 0, 132.24
2026/10/09 04:40:53.114, 0, 80860, 97871, 0, 140.64
2026/10/09 04:40:53.114, 1, 80859, 97871, 0, 140.89
2026/10/09 04:40:53.114, 2, 80860, 97871, 0, 144.60
2026/10/09 04:40:53.114, 3, 80858, 97871, 0, 132.08
2026/10/09 04:40:54.115, 0, 80860, 97871, 0, 140.58
2026/10/09 04:40:54.115, 1, 80859, 97871, 0, 141.06
2026/10/09 04:40:54.115, 2, 80860, 97871, 0, 144.60
2026/10/09 04:40:54.115, 3, 80858, 97871, 0, 132.25
2026/10/09 04:40:55.115, 0, 80860, 97871, 0, 140.72
2026/10/09 04:40:55.115, 1, 80859, 97871, 0, 140.94
2026/10/09 04:40:55.115, 2, 80860, 97871, 0, 144.77
2026/10/09 04:40:55.115, 3, 80858, 97871, 0, 132.30
2026/10/09 04:40:56.115, 0, 80860, 97871, 0, 140.54
2026/10/09 04:40:56.115, 1, 80859, 97871, 0, 140.97
2026/10/09 04:40:56.115, 2, 80860, 97871, 0, 144.62
2026/10/09 04:40:56.115, 3, 80858, 97871, 0, 131.81
2026/10/09 04:40:57.115, 0, 80860, 97871, 0, 140.52
2026/10/09 04:40:57.115, 1, 80859, 97871, 0, 140.98
2026/10/09 04:40:57.115, 2, 80860, 97871, 0, 144.59
2026/10/09 04:40:57.115, 3, 80858, 97871, 0, 132.07
2026/10/09 04:40:58.115, 0, 80860, 97871, 0, 140.59
2026/10/09 04:40:58.115, 1, 80859, 97871, 0, 140.90
2026/10/09 04:40:58.115, 2, 80860, 97871, 0, 144.17
2026/10/09 04:40:58.115, 3, 80858, 97871, 0, 131.58
2026/10/09 04:40:59.115, 0, 80860, 97871, 0, 140.46
2026/10/09 04:40:59.115, 1, 80859, 97871, 0, 140.88
2026/10/09 04:40:59.115, 2, 80860, 97871, 0, 143.95
2026/10/09 04:40:59.115, 3, 80858, 97871, 0, 132.09
2026/10/09 04:41:00.115, 0, 80860, 97871, 0, 140.63
2026/10/09 04:41:00.116, 1, 80859, 97871, 0, 141.01
2026/10/09 04:41:00.116, 2, 80860, 97871, 0, 144.21
2026/10/09 04:41:00.116, 3, 80858, 97871, 0, 132.22
2026/10/09 04:41:01.116, 0, 80860, 97871, 0, 140.24
2026/10/09 04:41:01.116, 1, 80859, 97871, 0, 140.90
2026/10/09 04:41:01.116, 2, 80860, 97871, 0, 144.19
2026/10/09 04:41:01.116, 3, 80858, 97871, 0, 132.86
2026/10/09 04:41:02.116, 0, 80860, 97871, 0, 139.56
2026/10/09 04:41:02.116, 1, 80859, 97871, 0, 140.89
2026/10/09 04:41:02.116, 2, 80860, 97871, 0, 144.14
2026/10/09 04:41:02.116, 3, 80858, 97871, 0, 131.98
2026/10/09 04:41:03.116, 0, 80860, 97871, 0, 139.71
2026/10/09 04:41:03.116, 1, 80859, 97871, 0, 140.90
2026/10/09 04:41:03.116, 2, 80860, 97871, 0, 144.26
2026/10/09 04:41:03.116, 3, 80858, 97871, 0, 132.09
2026/10/09 04:41:04.116, 0, 80860, 97871, 0, 140.01
2026/10/09 04:41:04.116, 1, 80859, 97871, 0, 141.01
2026/10/09 04:41:04.116, 2, 80860, 97871, 0, 144.12
2026/10/09 04:41:04.117, 3, 80858, 97871, 0, 131.82
2026/10/09 04:41:05.117, 0, 80860, 97871, 0, 139.96
2026/10/09 04:41:05.117, 1, 80859, 97871, 0, 141.06
2026/10/09 04:41:05.117, 2, 80860, 97871, 0, 144.34
2026/10/09 04:41:05.117, 3, 80858, 97871, 0, 131.64
2026/10/09 04:41:06.117, 0, 80860, 97871, 0, 139.99
2026/10/09 04:41:06.117, 1, 80859, 97871, 0, 141.07
2026/10/09 04:41:06.117, 2, 80860, 97871, 0, 144.30
2026/10/09 04:41:06.117, 3, 80858, 97871, 0, 132.24
2026/10/09 04:41:07.117, 0, 80860, 97871, 0, 139.89
2026/10/09 04:41:07.117, 1, 80859, 97871, 0, 141.13
2026/10/09 04:41:07.117, 2, 80860, 97871, 0, 144.07
2026/10/09 04:41:07.117, 3, 80858, 97871, 0, 131.98
2026/10/09 04:41:08.117, 0, 80860, 97871, 0, 139.71
2026/10/09 04:41:08.117, 1, 80859, 97871, 0, 140.85
2026/10/09 04:41:08.117, 2, 80860, 97871, 0, 143.72
2026/10/09 04:41:08.117, 3, 80858, 97871, 0, 131.49
2026/10/09 04:41:09.118, 0, 80860, 97871, 15, 141.70
2026/10/09 04:41:09.118, 1, 80859, 97871, 0, 142.98
2026/10/09 04:41:09.118, 2, 80860, 97871, 0, 145.70
2026/10/09 04:41:09.118, 3, 80858, 97871, 0, 132.90
2026/10/09 04:41:10.118, 0, 80862, 97871, 99, 269.44
2026/10/09 04:41:10.118, 1, 80861, 97871, 100, 273.93
2026/10/09 04:41:10.118, 2, 80862, 97871, 99, 271.82
2026/10/09 04:41:10.118, 3, 80860, 97871, 99, 259.83
2026/10/09 04:41:11.118, 0, 80862, 97871, 97, 363.87
2026/10/09 04:41:11.118, 1, 80861, 97871, 96, 359.58
2026/10/09 04:41:11.118, 2, 80862, 97871, 97, 368.81
2026/10/09 04:41:11.118, 3, 80860, 97871, 81, 354.38
2026/10/09 04:41:12.119, 0, 80862, 97871, 100, 364.92
2026/10/09 04:41:12.119, 1, 80861, 97871, 100, 365.85
2026/10/09 04:41:12.119, 2, 80862, 97871, 99, 367.04
2026/10/09 04:41:12.119, 3, 80860, 97871, 99, 352.16
2026/10/09 04:41:13.119, 0, 80862, 97871, 99, 375.73
2026/10/09 04:41:13.119, 1, 80861, 97871, 99, 377.96
2026/10/09 04:41:13.119, 2, 80862, 97871, 99, 381.82
2026/10/09 04:41:13.119, 3, 80860, 97871, 87, 368.63
2026/10/09 04:41:14.119, 0, 80862, 97871, 99, 349.43
2026/10/09 04:41:14.119, 1, 80861, 97871, 99, 348.56
2026/10/09 04:41:14.119, 2, 80862, 97871, 99, 352.37
2026/10/09 04:41:14.119, 3, 80860, 97871, 98, 340.61
2026/10/09 04:41:15.119, 0, 80862, 97871, 99, 356.01
2026/10/09 04:41:15.119, 1, 80861, 97871, 100, 358.32
2026/10/09 04:41:15.119, 2, 80862, 97871, 100, 363.04
2026/10/09 04:41:15.119, 3, 80860, 97871, 79, 348.20
2026/10/09 04:41:16.119, 0, 80862, 97871, 100, 374.38
2026/10/09 04:41:16.119, 1, 80861, 97871, 100, 379.87
2026/10/09 04:41:16.120, 2, 80862, 97871, 100, 376.35
2026/10/09 04:41:16.120, 3, 80860, 97871, 81, 363.18
2026/10/09 04:41:17.120, 0, 80862, 97871, 100, 362.01
2026/10/09 04:41:17.120, 1, 80861, 97871, 100, 358.03
2026/10/09 04:41:17.120, 2, 80862, 97871, 100, 367.19
2026/10/09 04:41:17.120, 3, 80860, 97871, 88, 352.21
2026/10/09 04:41:18.120, 0, 80862, 97871, 100, 351.50
2026/10/09 04:41:18.120, 1, 80861, 97871, 100, 357.58
2026/10/09 04:41:18.120, 2, 80862, 97871, 99, 355.96
2026/10/09 04:41:18.120, 3, 80860, 97871, 93, 345.09
2026/10/09 04:41:19.120, 0, 80862, 97871, 99, 360.20
2026/10/09 04:41:19.120, 1, 80861, 97871, 100, 358.72
2026/10/09 04:41:19.120, 2, 80862, 97871, 98, 366.56
2026/10/09 04:41:19.120, 3, 80860, 97871, 100, 351.50
2026/10/09 04:41:20.120, 0, 80862, 97871, 99, 380.51
2026/10/09 04:41:20.120, 1, 80861, 97871, 99, 386.98
2026/10/09 04:41:20.120, 2, 80862, 97871, 99, 384.52
2026/10/09 04:41:20.120, 3, 80860, 97871, 99, 371.14
2026/10/09 04:41:21.121, 0, 80862, 97871, 99, 356.25
2026/10/09 04:41:21.121, 1, 80861, 97871, 99, 363.58
2026/10/09 04:41:21.121, 2, 80862, 97871, 99, 360.68
2026/10/09 04:41:21.121, 3, 80860, 97871, 99, 346.38
2026/10/09 04:41:22.121, 0, 80862, 97871, 97, 361.04
2026/10/09 04:41:22.121, 1, 80861, 97871, 98, 360.67
2026/10/09 04:41:22.121, 2, 80862, 97871, 97, 363.14
2026/10/09 04:41:22.121, 3, 80860, 97871, 97, 348.34
2026/10/09 04:41:23.121, 0, 80862, 97871, 99, 362.82
2026/10/09 04:41:23.121, 1, 80861, 97871, 99, 371.55
2026/10/09 04:41:23.121, 2, 80862, 97871, 99, 364.17
2026/10/09 04:41:23.121, 3, 80860, 97871, 100, 352.81
2026/10/09 04:41:24.121, 0, 80862, 97871, 99, 359.21
2026/10/09 04:41:24.121, 1, 80861, 97871, 100, 353.21
2026/10/09 04:41:24.121, 2, 80862, 97871, 99, 361.17
2026/10/09 04:41:24.121, 3, 80860, 97871, 99, 341.47
2026/10/09 04:41:25.121, 0, 80862, 97871, 99, 363.78
2026/10/09 04:41:25.121, 1, 80861, 97871, 99, 357.71
2026/10/09 04:41:25.121, 2, 80862, 97871, 99, 368.11
2026/10/09 04:41:25.121, 3, 80860, 97871, 99, 351.32
2026/10/09 04:41:26.121, 0, 80862, 97871, 99, 351.86
2026/10/09 04:41:26.122, 1, 80861, 97871, 97, 361.13
2026/10/09 04:41:26.122, 2, 80862, 97871, 95, 358.38
2026/10/09 04:41:26.122, 3, 80860, 97871, 97, 342.25
2026/10/09 04:41:27.122, 0, 80862, 97871, 99, 373.13
2026/10/09 04:41:27.122, 1, 80861, 97871, 94, 372.83
2026/10/09 04:41:27.122, 2, 80862, 97871, 91, 374.95
2026/10/09 04:41:27.122, 3, 80860, 97871, 97, 363.19
2026/10/09 04:41:28.122, 0, 80862, 97871, 100, 363.16
2026/10/09 04:41:28.122, 1, 80861, 97871, 99, 357.20
2026/10/09 04:41:28.122, 2, 80862, 97871, 99, 365.90
2026/10/09 04:41:28.122, 3, 80860, 97871, 99, 348.19
2026/10/09 04:41:29.122, 0, 80862, 97871, 100, 358.51
2026/10/09 04:41:29.122, 1, 80861, 97871, 99, 360.28
2026/10/09 04:41:29.122, 2, 80862, 97871, 96, 360.84
2026/10/09 04:41:29.122, 3, 80860, 97871, 95, 344.37
2026/10/09 04:41:30.122, 0, 80862, 97871, 99, 361.91
2026/10/09 04:41:30.122, 1, 80861, 97871, 99, 364.03
2026/10/09 04:41:30.122, 2, 80862, 97871, 96, 366.48
2026/10/09 04:41:30.122, 3, 80860, 97871, 88, 353.92
2026/10/09 04:41:31.123, 0, 80862, 97871, 99, 349.80
2026/10/09 04:41:31.123, 1, 80861, 97871, 99, 354.38
2026/10/09 04:41:31.123, 2, 80862, 97871, 99, 355.69
2026/10/09 04:41:31.123, 3, 80860, 97871, 100, 342.53
2026/10/09 04:41:32.123, 0, 80862, 97871, 100, 344.23
2026/10/09 04:41:32.123, 1, 80861, 97871, 100, 341.73
2026/10/09 04:41:32.123, 2, 80862, 97871, 99, 348.33
2026/10/09 04:41:32.123, 3, 80860, 97871, 100, 330.07
2026/10/09 04:41:33.123, 0, 80862, 97871, 99, 348.51
2026/10/09 04:41:33.123, 1, 80861, 97871, 99, 346.41
2026/10/09 04:41:33.123, 2, 80862, 97871, 99, 352.19
2026/10/09 04:41:33.123, 3, 80860, 97871, 100, 335.20
2026/10/09 04:41:34.123, 0, 80862, 97871, 100, 357.37
2026/10/09 04:41:34.123, 1, 80861, 97871, 99, 357.93
2026/10/09 04:41:34.123, 2, 80862, 97871, 99, 360.96
2026/10/09 04:41:34.123, 3, 80860, 97871, 84, 345.83
2026/10/09 04:41:35.123, 0, 80862, 97871, 99, 358.16
2026/10/09 04:41:35.123, 1, 80861, 97871, 99, 357.79
2026/10/09 04:41:35.124, 2, 80862, 97871, 99, 362.23
2026/10/09 04:41:35.124, 3, 80860, 97871, 99, 347.00
2026/10/09 04:41:36.124, 0, 80862, 97871, 99, 347.36
2026/10/09 04:41:36.124, 1, 80861, 97871, 99, 343.99
2026/10/09 04:41:36.124, 2, 80862, 97871, 100, 349.52
2026/10/09 04:41:36.124, 3, 80860, 97871, 100, 331.07
2026/10/09 04:41:37.124, 0, 80862, 97871, 43, 314.83
2026/10/09 04:41:37.124, 1, 80861, 97871, 53, 309.57
2026/10/09 04:41:37.124, 2, 80862, 97871, 82, 302.48
2026/10/09 04:41:37.124, 3, 80860, 97871, 76, 282.91
2026/10/09 04:41:38.124, 0, 80862, 97871, 96, 462.75
2026/10/09 04:41:38.124, 1, 80861, 97871, 96, 473.56
2026/10/09 04:41:38.124, 2, 80862, 97871, 95, 492.22
2026/10/09 04:41:38.124, 3, 80860, 97871, 95, 498.00
2026/10/09 04:41:39.124, 0, 80862, 97871, 99, 429.02
2026/10/09 04:41:39.124, 1, 80861, 97871, 99, 422.58
2026/10/09 04:41:39.124, 2, 80862, 97871, 99, 413.34
2026/10/09 04:41:39.124, 3, 80860, 97871, 99, 403.51
2026/10/09 04:41:40.125, 0, 80862, 97871, 100, 433.79
2026/10/09 04:41:40.125, 1, 80861, 97871, 100, 442.36
2026/10/09 04:41:40.125, 2, 80862, 97871, 100, 448.93
2026/10/09 04:41:40.125, 3, 80860, 97871, 100, 441.77
2026/10/09 04:41:41.125, 0, 80862, 97871, 100, 466.63
2026/10/09 04:41:41.125, 1, 80861, 97871, 100, 464.35
2026/10/09 04:41:41.125, 2, 80862, 97871, 100, 463.61
2026/10/09 04:41:41.125, 3, 80860, 97871, 83, 455.99
2026/10/09 04:41:42.125, 0, 80862, 97871, 100, 483.53
2026/10/09 04:41:42.125, 1, 80861, 97871, 100, 486.76
2026/10/09 04:41:42.125, 2, 80862, 97871, 100, 486.00
2026/10/09 04:41:42.125, 3, 80860, 97871, 100, 474.60
2026/10/09 04:41:43.125, 0, 80862, 97871, 100, 444.76
2026/10/09 04:41:43.125, 1, 80861, 97871, 100, 445.74
2026/10/09 04:41:43.125, 2, 80862, 97871, 100, 444.55
2026/10/09 04:41:43.125, 3, 80860, 97871, 77, 440.64
2026/10/09 04:41:44.125, 0, 80862, 97871, 99, 446.82
2026/10/09 04:41:44.126, 1, 80861, 97871, 99, 444.64
2026/10/09 04:41:44.126, 2, 80862, 97871, 98, 451.81
2026/10/09 04:41:44.126, 3, 80860, 97871, 76, 438.98
2026/10/09 04:41:45.126, 0, 80862, 97871, 100, 446.14
2026/10/09 04:41:45.126, 1, 80861, 97871, 100, 449.95
2026/10/09 04:41:45.126, 2, 80862, 97871, 100, 454.79
2026/10/09 04:41:45.126, 3, 80860, 97871, 87, 443.18
2026/10/09 04:41:46.126, 0, 80864, 97871, 100, 435.14
2026/10/09 04:41:46.126, 1, 80863, 97871, 100, 435.14
2026/10/09 04:41:46.126, 2, 80864, 97871, 100, 440.48
2026/10/09 04:41:46.126, 3, 80862, 97871, 88, 430.67
2026/10/09 04:41:47.126, 0, 80864, 97871, 100, 435.93
2026/10/09 04:41:47.126, 1, 80863, 97871, 100, 434.14
2026/10/09 04:41:47.126, 2, 80864, 97871, 100, 435.84
2026/10/09 04:41:47.126, 3, 80862, 97871, 80, 432.63
2026/10/09 04:41:48.126, 0, 80864, 97871, 99, 380.17
2026/10/09 04:41:48.126, 1, 80863, 97871, 99, 381.78
2026/10/09 04:41:48.126, 2, 80864, 97871, 99, 377.50
2026/10/09 04:41:48.126, 3, 80862, 97871, 99, 370.89
2026/10/09 04:41:49.127, 0, 80864, 97871, 100, 361.81
2026/10/09 04:41:49.127, 1, 80863, 97871, 100, 367.42
2026/10/09 04:41:49.127, 2, 80864, 97871, 96, 389.55
2026/10/09 04:41:49.127, 3, 80862, 97871, 76, 352.96
2026/10/09 04:41:50.127, 0, 80864, 97871, 100, 515.19
2026/10/09 04:41:50.127, 1, 80863, 97871, 100, 513.81
2026/10/09 04:41:50.127, 2, 80864, 97871, 100, 514.57
2026/10/09 04:41:50.127, 3, 80862, 97871, 100, 500.72
2026/10/09 04:41:51.127, 0, 80864, 97871, 99, 512.98
2026/10/09 04:41:51.127, 1, 80863, 97871, 100, 514.83
2026/10/09 04:41:51.127, 2, 80864, 97871, 100, 513.89
2026/10/09 04:41:51.127, 3, 80862, 97871, 100, 496.75
2026/10/09 04:41:52.127, 0, 80864, 97871, 100, 517.23
2026/10/09 04:41:52.127, 1, 80863, 97871, 100, 513.21
2026/10/09 04:41:52.127, 2, 80864, 97871, 96, 511.33
2026/10/09 04:41:52.127, 3, 80862, 97871, 95, 498.70
2026/10/09 04:41:53.127, 0, 80864, 97871, 100, 517.57
2026/10/09 04:41:53.127, 1, 80863, 97871, 100, 513.91
2026/10/09 04:41:53.127, 2, 80864, 97871, 100, 514.55
2026/10/09 04:41:53.127, 3, 80862, 97871, 100, 500.72
2026/10/09 04:41:54.128, 0, 80864, 97871, 100, 514.76
2026/10/09 04:41:54.128, 1, 80863, 97871, 100, 507.91
2026/10/09 04:41:54.128, 2, 80864, 97871, 100, 507.01
2026/10/09 04:41:54.128, 3, 80862, 97871, 100, 499.99
2026/10/09 04:41:55.128, 0, 80864, 97871, 62, 350.80
2026/10/09 04:41:55.128, 1, 80863, 97871, 72, 342.06
2026/10/09 04:41:55.128, 2, 80864, 97871, 99, 341.35
2026/10/09 04:41:55.128, 3, 80862, 97871, 95, 338.21
2026/10/09 04:41:56.128, 0, 80864, 97871, 100, 494.53
2026/10/09 04:41:56.128, 1, 80863, 97871, 100, 504.01
2026/10/09 04:41:56.128, 2, 80863, 97871, 100, 517.67
2026/10/09 04:41:56.128, 3, 80861, 97871, 100, 481.55
2026/10/09 04:41:57.128, 0, 80864, 97871, 100, 515.26
2026/10/09 04:41:57.128, 1, 80863, 97871, 100, 518.80
2026/10/09 04:41:57.128, 2, 80863, 97871, 100, 513.60
2026/10/09 04:41:57.128, 3, 80861, 97871, 100, 498.99
2026/10/09 04:41:58.129, 0, 80864, 97871, 100, 517.90
2026/10/09 04:41:58.129, 1, 80863, 97871, 100, 514.82
2026/10/09 04:41:58.129, 2, 80863, 97871, 100, 518.62
2026/10/09 04:41:58.129, 3, 80861, 97871, 100, 503.18
2026/10/09 04:41:59.129, 0, 80864, 97871, 100, 515.41
2026/10/09 04:41:59.129, 1, 80863, 97871, 100, 514.61
2026/10/09 04:41:59.129, 2, 80863, 97871, 100, 511.54
2026/10/09 04:41:59.129, 3, 80861, 97871, 100, 499.15
2026/10/09 04:42:00.129, 0, 80864, 97871, 100, 524.93
2026/10/09 04:42:00.129, 1, 80863, 97871, 100, 519.00
2026/10/09 04:42:00.129, 2, 80863, 97871, 100, 521.06
2026/10/09 04:42:00.129, 3, 80861, 97871, 100, 506.76
2026/10/09 04:42:01.129, 0, 80864, 97871, 100, 510.02
2026/10/09 04:42:01.129, 1, 80863, 97871, 100, 510.83
2026/10/09 04:42:01.129, 2, 80863, 97871, 100, 504.83
2026/10/09 04:42:01.129, 3, 80861, 97871, 100, 496.63
2026/10/09 04:42:02.130, 0, 80864, 97871, 100, 509.11
2026/10/09 04:42:02.130, 1, 80863, 97871, 100, 510.27
2026/10/09 04:42:02.130, 2, 80863, 97871, 100, 510.19
2026/10/09 04:42:02.130, 3, 80861, 97871, 100, 498.52
2026/10/09 04:42:03.130, 0, 80864, 97871, 100, 505.39
2026/10/09 04:42:03.130, 1, 80863, 97871, 100, 509.19
2026/10/09 04:42:03.130, 2, 80863, 97871, 100, 508.69
2026/10/09 04:42:03.130, 3, 80861, 97871, 100, 490.61
2026/10/09 04:42:04.130, 0, 80864, 97871, 100, 512.23
2026/10/09 04:42:04.130, 1, 80863, 97871, 100, 510.73
2026/10/09 04:42:04.130, 2, 80863, 97871, 100, 510.72
2026/10/09 04:42:04.130, 3, 80861, 97871, 100, 495.53
2026/10/09 04:42:05.130, 0, 80864, 97871, 100, 504.23
2026/10/09 04:42:05.130, 1, 80863, 97871, 100, 506.85
2026/10/09 04:42:05.130, 2, 80863, 97871, 100, 504.37
2026/10/09 04:42:05.130, 3, 80861, 97871, 100, 493.76
2026/10/09 04:42:06.131, 0, 80864, 97871, 100, 510.89
2026/10/09 04:42:06.131, 1, 80863, 97871, 100, 510.38
2026/10/09 04:42:06.131, 2, 80863, 97871, 100, 509.42
2026/10/09 04:42:06.131, 3, 80861, 97871, 100, 495.40
2026/10/09 04:42:07.131, 0, 80864, 97871, 100, 510.30
2026/10/09 04:42:07.131, 1, 80863, 97871, 100, 506.11
2026/10/09 04:42:07.131, 2, 80863, 97871, 100, 511.11
2026/10/09 04:42:07.131, 3, 80861, 97871, 100, 494.52
2026/10/09 04:42:08.131, 0, 80864, 97871, 100, 513.08
2026/10/09 04:42:08.131, 1, 80863, 97871, 100, 510.50
2026/10/09 04:42:08.131, 2, 80863, 97871, 100, 511.13
2026/10/09 04:42:08.131, 3, 80861, 97871, 100, 494.61
2026/10/09 04:42:09.131, 0, 80864, 97871, 100, 514.80
2026/10/09 04:42:09.131, 1, 80863, 97871, 100, 507.42
2026/10/09 04:42:09.131, 2, 80863, 97871, 100, 505.63
2026/10/09 04:42:09.131, 3, 80861, 97871, 100, 496.31
2026/10/09 04:42:10.132, 0, 80864, 97871, 100, 507.58
2026/10/09 04:42:10.132, 1, 80863, 97871, 100, 507.88
2026/10/09 04:42:10.132, 2, 80863, 97871, 100, 507.77
2026/10/09 04:42:10.132, 3, 80861, 97871, 100, 493.05
2026/10/09 04:42:11.132, 0, 80864, 97871, 100, 511.97
2026/10/09 04:42:11.132, 1, 80863, 97871, 100, 509.18
2026/10/09 04:42:11.132, 2, 80863, 97871, 100, 508.01
2026/10/09 04:42:11.132, 3, 80861, 97871, 100, 493.79
2026/10/09 04:42:12.132, 0, 80864, 97871, 100, 513.54
2026/10/09 04:42:12.132, 1, 80863, 97871, 100, 508.54
2026/10/09 04:42:12.132, 2, 80863, 97871, 100, 507.64
2026/10/09 04:42:12.132, 3, 80861, 97871, 100, 492.86
2026/10/09 04:42:13.132, 0, 80864, 97871, 100, 512.88
2026/10/09 04:42:13.132, 1, 80863, 97871, 100, 506.46
2026/10/09 04:42:13.132, 2, 80863, 97871, 100, 509.06
2026/10/09 04:42:13.132, 3, 80861, 97871, 100, 492.44
2026/10/09 04:42:14.133, 0, 80864, 97871, 100, 514.75
2026/10/09 04:42:14.133, 1, 80863, 97871, 100, 508.90
2026/10/09 04:42:14.133, 2, 80863, 97871, 100, 509.90
2026/10/09 04:42:14.133, 3, 80861, 97871, 100, 494.64
2026/10/09 04:42:15.133, 0, 80864, 97871, 100, 509.71
2026/10/09 04:42:15.133, 1, 80863, 97871, 100, 506.05
2026/10/09 04:42:15.133, 2, 80863, 97871, 100, 505.38
2026/10/09 04:42:15.133, 3, 80861, 97871, 100, 490.37
2026/10/09 04:42:16.133, 0, 80864, 97871, 100, 513.60
2026/10/09 04:42:16.133, 1, 80863, 97871, 100, 510.55
2026/10/09 04:42:16.133, 2, 80863, 97871, 100, 512.28
2026/10/09 04:42:16.133, 3, 80861, 97871, 100, 495.26
2026/10/09 04:42:17.133, 0, 80864, 97871, 100, 477.81
2026/10/09 04:42:17.133, 1, 80863, 97871, 99, 475.03
2026/10/09 04:42:17.133, 2, 80863, 97871, 100, 472.35
2026/10/09 04:42:17.133, 3, 80861, 97871, 99, 468.18
2026/10/09 04:42:18.134, 0, 80864, 97871, 0, 307.73
2026/10/09 04:42:18.134, 1, 80863, 97871, 0, 299.37
2026/10/09 04:42:18.134, 2, 80863, 97871, 0, 293.58
2026/10/09 04:42:18.134, 3, 80861, 97871, 0, 296.33
2026/10/09 04:42:19.134, 0, 80864, 97871, 100, 482.89
2026/10/09 04:42:19.134, 1, 80863, 97871, 100, 490.78
2026/10/09 04:42:19.134, 2, 80863, 97871, 100, 499.20
2026/10/09 04:42:19.134, 3, 80861, 97871, 100, 470.71
2026/10/09 04:42:20.134, 0, 80864, 97871, 100, 517.75
2026/10/09 04:42:20.134, 1, 80863, 97871, 100, 515.03
2026/10/09 04:42:20.134, 2, 80863, 97871, 100, 518.46
2026/10/09 04:42:20.134, 3, 80861, 97871, 100, 499.79
2026/10/09 04:42:21.134, 0, 80864, 97871, 100, 517.44
2026/10/09 04:42:21.135, 1, 80863, 97871, 100, 513.08
2026/10/09 04:42:21.135, 2, 80863, 97871, 100, 515.49
2026/10/09 04:42:21.135, 3, 80861, 97871, 100, 499.84
2026/10/09 04:42:22.135, 0, 80864, 97871, 100, 515.40
2026/10/09 04:42:22.135, 1, 80863, 97871, 100, 511.95
2026/10/09 04:42:22.135, 2, 80863, 97871, 100, 516.28
2026/10/09 04:42:22.135, 3, 80861, 97871, 100, 505.90
2026/10/09 04:42:23.135, 0, 80864, 97871, 100, 518.22
2026/10/09 04:42:23.135, 1, 80863, 97871, 100, 514.10
2026/10/09 04:42:23.135, 2, 80863, 97871, 100, 518.32
2026/10/09 04:42:23.135, 3, 80861, 97871, 100, 500.69
2026/10/09 04:42:24.135, 0, 80864, 97871, 100, 517.83
2026/10/09 04:42:24.135, 1, 80863, 97871, 100, 515.33
2026/10/09 04:42:24.135, 2, 80863, 97871, 100, 517.63
2026/10/09 04:42:24.135, 3, 80861, 97871, 100, 503.93
2026/10/09 04:42:25.135, 0, 80864, 97871, 100, 515.70
2026/10/09 04:42:25.135, 1, 80863, 97871, 100, 514.27
2026/10/09 04:42:25.135, 2, 80863, 97871, 100, 513.05
2026/10/09 04:42:25.136, 3, 80861, 97871, 100, 501.84
2026/10/09 04:42:26.136, 0, 80864, 97871, 100, 516.42
2026/10/09 04:42:26.136, 1, 80863, 97871, 100, 512.80
2026/10/09 04:42:26.136, 2, 80863, 97871, 100, 514.07
2026/10/09 04:42:26.136, 3, 80861, 97871, 100, 499.16
2026/10/09 04:42:27.136, 0, 80864, 97871, 100, 517.76
2026/10/09 04:42:27.136, 1, 80863, 97871, 100, 518.77
2026/10/09 04:42:27.136, 2, 80863, 97871, 100, 509.82
2026/10/09 04:42:27.136, 3, 80861, 97871, 100, 500.46
2026/10/09 04:42:28.136, 0, 80864, 97871, 100, 520.45
2026/10/09 04:42:28.136, 1, 80863, 97871, 100, 514.94
2026/10/09 04:42:28.136, 2, 80863, 97871, 100, 513.05
2026/10/09 04:42:28.136, 3, 80861, 97871, 100, 502.51
2026/10/09 04:42:29.136, 0, 80864, 97871, 99, 416.40
2026/10/09 04:42:29.136, 1, 80863, 97871, 99, 411.42
2026/10/09 04:42:29.137, 2, 80863, 97871, 99, 410.29
2026/10/09 04:42:29.137, 3, 80861, 97871, 100, 404.34
2026/10/09 04:42:30.137, 0, 80864, 97871, 100, 342.71
2026/10/09 04:42:30.137, 1, 80863, 97871, 100, 348.96
2026/10/09 04:42:30.137, 2, 80863, 97871, 100, 352.01
2026/10/09 04:42:30.137, 3, 80861, 97871, 100, 334.09
2026/10/09 04:42:31.137, 0, 80864, 97871, 100, 513.07
2026/10/09 04:42:31.137, 1, 80863, 97871, 100, 513.60
2026/10/09 04:42:31.137, 2, 80863, 97871, 100, 512.93
2026/10/09 04:42:31.137, 3, 80861, 97871, 100, 500.52
2026/10/09 04:42:32.137, 0, 80864, 97871, 100, 514.02
2026/10/09 04:42:32.138, 1, 80863, 97871, 100, 513.96
2026/10/09 04:42:32.138, 2, 80863, 97871, 100, 513.44
2026/10/09 04:42:32.138, 3, 80861, 97871, 100, 499.76
2026/10/09 04:42:33.138, 0, 80864, 97871, 100, 515.22
2026/10/09 04:42:33.138, 1, 80863, 97871, 100, 513.58
2026/10/09 04:42:33.138, 2, 80863, 97871, 100, 513.46
2026/10/09 04:42:33.138, 3, 80861, 97871, 100, 498.25
2026/10/09 04:42:34.138, 0, 80864, 97871, 100, 517.44
2026/10/09 04:42:34.138, 1, 80863, 97871, 100, 513.64
2026/10/09 04:42:34.138, 2, 80863, 97871, 100, 514.39
2026/10/09 04:42:34.138, 3, 80861, 97871, 100, 496.44
2026/10/09 04:42:35.138, 0, 80864, 97871, 100, 513.43
2026/10/09 04:42:35.138, 1, 80863, 97871, 100, 515.02
2026/10/09 04:42:35.139, 2, 80863, 97871, 100, 518.20
2026/10/09 04:42:35.139, 3, 80861, 97871, 100, 500.89
2026/10/09 04:42:36.139, 0, 80864, 97871, 100, 514.62
2026/10/09 04:42:36.139, 1, 80863, 97871, 100, 513.90
2026/10/09 04:42:36.139, 2, 80863, 97871, 100, 516.48
2026/10/09 04:42:36.139, 3, 80861, 97871, 100, 499.86
2026/10/09 04:42:37.139, 0, 80864, 97871, 100, 515.32
2026/10/09 04:42:37.139, 1, 80863, 97871, 100, 511.77
2026/10/09 04:42:37.139, 2, 80863, 97871, 100, 514.90
2026/10/09 04:42:37.139, 3, 80861, 97871, 100, 499.23
2026/10/09 04:42:38.139, 0, 80864, 97871, 100, 515.16
2026/10/09 04:42:38.139, 1, 80863, 97871, 100, 517.83
2026/10/09 04:42:38.139, 2, 80863, 97871, 100, 515.61
2026/10/09 04:42:38.139, 3, 80861, 97871, 100, 499.74
2026/10/09 04:42:39.139, 0, 80864, 97871, 100, 510.40
2026/10/09 04:42:39.140, 1, 80863, 97871, 100, 513.29
2026/10/09 04:42:39.140, 2, 80863, 97871, 100, 509.38
2026/10/09 04:42:39.140, 3, 80861, 97871, 100, 494.14
2026/10/09 04:42:40.140, 0, 80864, 97871, 100, 512.03
2026/10/09 04:42:40.140, 1, 80863, 97871, 100, 511.83
2026/10/09 04:42:40.140, 2, 80863, 97871, 100, 511.80
2026/10/09 04:42:40.140, 3, 80861, 97871, 100, 494.46
2026/10/09 04:42:41.140, 0, 80864, 97871, 100, 519.61
2026/10/09 04:42:41.140, 1, 80863, 97871, 100, 513.19
2026/10/09 04:42:41.140, 2, 80863, 97871, 100, 511.21
2026/10/09 04:42:41.140, 3, 80861, 97871, 100, 499.66
2026/10/09 04:42:42.140, 0, 80864, 97871, 100, 515.23
2026/10/09 04:42:42.141, 1, 80863, 97871, 100, 515.06
2026/10/09 04:42:42.141, 2, 80863, 97871, 100, 511.91
2026/10/09 04:42:42.141, 3, 80861, 97871, 100, 494.84
2026/10/09 04:42:43.141, 0, 80864, 97871, 100, 513.24
2026/10/09 04:42:43.141, 1, 80863, 97871, 100, 510.19
2026/10/09 04:42:43.141, 2, 80863, 97871, 100, 514.73
2026/10/09 04:42:43.141, 3, 80861, 97871, 100, 496.51
2026/10/09 04:42:44.141, 0, 80864, 97871, 100, 511.15
2026/10/09 04:42:44.141, 1, 80863, 97871, 100, 514.08
2026/10/09 04:42:44.141, 2, 80863, 97871, 100, 510.95
2026/10/09 04:42:44.141, 3, 80861, 97871, 100, 495.52
2026/10/09 04:42:45.141, 0, 80864, 97871, 100, 513.19
2026/10/09 04:42:45.141, 1, 80863, 97871, 100, 510.86
2026/10/09 04:42:45.141, 2, 80863, 97871, 100, 507.51
2026/10/09 04:42:45.142, 3, 80861, 97871, 100, 496.11
2026/10/09 04:42:46.142, 0, 80864, 97871, 100, 516.29
2026/10/09 04:42:46.142, 1, 80863, 97871, 100, 513.04
2026/10/09 04:42:46.142, 2, 80863, 97871, 100, 512.77
2026/10/09 04:42:46.142, 3, 80861, 97871, 100, 503.13
2026/10/09 04:42:47.142, 0, 80864, 97871, 100, 512.13
2026/10/09 04:42:47.142, 1, 80863, 97871, 100, 508.84
2026/10/09 04:42:47.142, 2, 80863, 97871, 100, 507.15
2026/10/09 04:42:47.142, 3, 80861, 97871, 100, 497.61
2026/10/09 04:42:48.142, 0, 80864, 97871, 100, 514.31
2026/10/09 04:42:48.142, 1, 80863, 97871, 100, 512.22
2026/10/09 04:42:48.142, 2, 80863, 97871, 100, 511.86
2026/10/09 04:42:48.142, 3, 80861, 97871, 100, 495.51
2026/10/09 04:42:49.142, 0, 80864, 97871, 100, 514.78
2026/10/09 04:42:49.142, 1, 80863, 97871, 100, 514.09
2026/10/09 04:42:49.143, 2, 80863, 97871, 100, 510.76
2026/10/09 04:42:49.143, 3, 80861, 97871, 100, 499.04
2026/10/09 04:42:50.143, 0, 80864, 97871, 100, 512.01
2026/10/09 04:42:50.143, 1, 80863, 97871, 100, 511.78
2026/10/09 04:42:50.143, 2, 80863, 97871, 100, 507.81
2026/10/09 04:42:50.143, 3, 80861, 97871, 100, 494.98
2026/10/09 04:42:51.143, 0, 80864, 97871, 100, 515.09
2026/10/09 04:42:51.143, 1, 80863, 97871, 100, 516.73
2026/10/09 04:42:51.143, 2, 80863, 97871, 100, 514.67
2026/10/09 04:42:51.143, 3, 80861, 97871, 100, 499.45
2026/10/09 04:42:52.143, 0, 80864, 97871, 100, 514.49
2026/10/09 04:42:52.143, 1, 80863, 97871, 100, 514.83
2026/10/09 04:42:52.143, 2, 80863, 97871, 100, 511.25
2026/10/09 04:42:52.143, 3, 80861, 97871, 100, 494.76
2026/10/09 04:42:53.143, 0, 80864, 97871, 100, 517.70
2026/10/09 04:42:53.143, 1, 80863, 97871, 100, 510.59
2026/10/09 04:42:53.143, 2, 80863, 97871, 100, 512.95
2026/10/09 04:42:53.143, 3, 80861, 97871, 100, 497.73
2026/10/09 04:42:54.144, 0, 80864, 97871, 100, 510.54
2026/10/09 04:42:54.144, 1, 80863, 97871, 100, 508.57
2026/10/09 04:42:54.144, 2, 80863, 97871, 100, 511.04
2026/10/09 04:42:54.144, 3, 80861, 97871, 100, 491.24
2026/10/09 04:42:55.144, 0, 80864, 97871, 100, 514.77
2026/10/09 04:42:55.144, 1, 80863, 97871, 100, 512.45
2026/10/09 04:42:55.144, 2, 80863, 97871, 100, 509.46
2026/10/09 04:42:55.144, 3, 80861, 97871, 100, 498.11
2026/10/09 04:42:56.144, 0, 80864, 97871, 100, 510.51
2026/10/09 04:42:56.144, 1, 80863, 97871, 100, 512.88
2026/10/09 04:42:56.144, 2, 80863, 97871, 100, 510.56
2026/10/09 04:42:56.144, 3, 80861, 97871, 100, 499.16
2026/10/09 04:42:57.144, 0, 80864, 97871, 100, 510.96
2026/10/09 04:42:57.144, 1, 80863, 97871, 100, 512.80
2026/10/09 04:42:57.144, 2, 80863, 97871, 100, 507.29
2026/10/09 04:42:57.144, 3, 80861, 97871, 100, 499.28
2026/10/09 04:42:58.144, 0, 80864, 97871, 100, 512.54
2026/10/09 04:42:58.144, 1, 80863, 97871, 100, 512.67
2026/10/09 04:42:58.144, 2, 80863, 97871, 100, 507.51
2026/10/09 04:42:58.144, 3, 80861, 97871, 100, 497.73
2026/10/09 04:42:59.145, 0, 80864, 97871, 100, 507.26
2026/10/09 04:42:59.145, 1, 80863, 97871, 100, 511.17
2026/10/09 04:42:59.145, 2, 80863, 97871, 100, 507.31
2026/10/09 04:42:59.145, 3, 80861, 97871, 100, 496.21
2026/10/09 04:43:00.145, 0, 80864, 97871, 100, 511.46
2026/10/09 04:43:00.145, 1, 80863, 97871, 100, 512.44
2026/10/09 04:43:00.145, 2, 80863, 97871, 100, 514.78
2026/10/09 04:43:00.145, 3, 80861, 97871, 100, 500.13
2026/10/09 04:43:01.145, 0, 80864, 97871, 100, 513.74
2026/10/09 04:43:01.145, 1, 80863, 97871, 100, 513.14
2026/10/09 04:43:01.145, 2, 80863, 97871, 100, 510.59
2026/10/09 04:43:01.145, 3, 80861, 97871, 100, 496.18
2026/10/09 04:43:02.145, 0, 80864, 97871, 100, 512.77
2026/10/09 04:43:02.145, 1, 80863, 97871, 100, 515.86
2026/10/09 04:43:02.145, 2, 80863, 97871, 100, 515.75
2026/10/09 04:43:02.146, 3, 80861, 97871, 100, 497.54
2026/10/09 04:43:03.146, 0, 80864, 97871, 100, 513.76
2026/10/09 04:43:03.146, 1, 80863, 97871, 100, 512.14
2026/10/09 04:43:03.146, 2, 80863, 97871, 100, 508.41
2026/10/09 04:43:03.146, 3, 80861, 97871, 100, 497.34
2026/10/09 04:43:04.146, 0, 80864, 97871, 100, 516.02
2026/10/09 04:43:04.146, 1, 80863, 97871, 100, 513.50
2026/10/09 04:43:04.146, 2, 80863, 97871, 100, 515.44
2026/10/09 04:43:04.146, 3, 80861, 97871, 100, 503.05
2026/10/09 04:43:05.146, 0, 80864, 97871, 100, 505.33
2026/10/09 04:43:05.146, 1, 80863, 97871, 100, 510.13
2026/10/09 04:43:05.146, 2, 80863, 97871, 100, 504.37
2026/10/09 04:43:05.146, 3, 80861, 97871, 100, 493.06
2026/10/09 04:43:06.146, 0, 80864, 97871, 100, 506.63
2026/10/09 04:43:06.147, 1, 80863, 97871, 100, 508.08
2026/10/09 04:43:06.147, 2, 80863, 97871, 100, 506.97
2026/10/09 04:43:06.147, 3, 80861, 97871, 100, 496.99
2026/10/09 04:43:07.147, 0, 80864, 97871, 100, 511.23
2026/10/09 04:43:07.147, 1, 80863, 97871, 100, 511.29
2026/10/09 04:43:07.147, 2, 80863, 97871, 100, 508.15
2026/10/09 04:43:07.147, 3, 80861, 97871, 100, 497.19
2026/10/09 04:43:08.147, 0, 80864, 97871, 100, 512.80
2026/10/09 04:43:08.147, 1, 80863, 97871, 100, 513.59
2026/10/09 04:43:08.147, 2, 80863, 97871, 100, 513.15
2026/10/09 04:43:08.147, 3, 80861, 97871, 100, 499.24
2026/10/09 04:43:09.147, 0, 80864, 97871, 100, 511.09
2026/10/09 04:43:09.147, 1, 80863, 97871, 100, 507.71
2026/10/09 04:43:09.147, 2, 80863, 97871, 100, 506.64
2026/10/09 04:43:09.148, 3, 80861, 97871, 100, 493.97
2026/10/09 04:43:10.148, 0, 80864, 97871, 100, 520.68
2026/10/09 04:43:10.148, 1, 80863, 97871, 100, 516.95
2026/10/09 04:43:10.148, 2, 80863, 97871, 100, 510.56
2026/10/09 04:43:10.148, 3, 80861, 97871, 100, 503.94
2026/10/09 04:43:11.148, 0, 80864, 97871, 99, 466.91
2026/10/09 04:43:11.148, 1, 80863, 97871, 99, 469.28
2026/10/09 04:43:11.148, 2, 80863, 97871, 99, 475.70
2026/10/09 04:43:11.148, 3, 80861, 97871, 99, 451.35
2026/10/09 04:43:12.148, 0, 80864, 97871, 0, 264.52
2026/10/09 04:43:12.148, 1, 80863, 97871, 0, 268.33
2026/10/09 04:43:12.148, 2, 80863, 97871, 0, 283.17
2026/10/09 04:43:12.148, 3, 80861, 97871, 0, 254.01
2026/10/09 04:43:13.148, 0, 80864, 97871, 100, 453.81
2026/10/09 04:43:13.149, 1, 80863, 97871, 100, 445.58
2026/10/09 04:43:13.149, 2, 80863, 97871, 100, 432.59
2026/10/09 04:43:13.149, 3, 80861, 97871, 100, 441.21
2026/10/09 04:43:14.149, 0, 80864, 97871, 100, 518.35
2026/10/09 04:43:14.149, 1, 80863, 97871, 100, 511.90
2026/10/09 04:43:14.149, 2, 80863, 97871, 100, 518.20
2026/10/09 04:43:14.149, 3, 80861, 97871, 100, 495.58
2026/10/09 04:43:15.149, 0, 80864, 97871, 100, 517.55
2026/10/09 04:43:15.149, 1, 80863, 97871, 100, 515.41
2026/10/09 04:43:15.149, 2, 80863, 97871, 100, 516.31
2026/10/09 04:43:15.149, 3, 80861, 97871, 100, 494.78
2026/10/09 04:43:16.149, 0, 80864, 97871, 100, 517.44
2026/10/09 04:43:16.150, 1, 80863, 97871, 100, 517.46
2026/10/09 04:43:16.150, 2, 80863, 97871, 100, 517.78
2026/10/09 04:43:16.150, 3, 80861, 97871, 100, 498.67
2026/10/09 04:43:17.150, 0, 80864, 97871, 100, 513.59
2026/10/09 04:43:17.150, 1, 80863, 97871, 100, 513.73
2026/10/09 04:43:17.150, 2, 80863, 97871, 100, 516.18
2026/10/09 04:43:17.150, 3, 80861, 97871, 100, 500.13
2026/10/09 04:43:18.150, 0, 80864, 97871, 100, 517.50
2026/10/09 04:43:18.150, 1, 80863, 97871, 100, 511.16
2026/10/09 04:43:18.150, 2, 80863, 97871, 100, 514.12
2026/10/09 04:43:18.150, 3, 80861, 97871, 100, 498.92
2026/10/09 04:43:19.150, 0, 80864, 97871, 100, 514.23
2026/10/09 04:43:19.151, 1, 80863, 97871, 100, 515.78
2026/10/09 04:43:19.151, 2, 80863, 97871, 100, 515.06
2026/10/09 04:43:19.151, 3, 80861, 97871, 100, 498.24
2026/10/09 04:43:20.151, 0, 80864, 97871, 100, 512.35
2026/10/09 04:43:20.151, 1, 80863, 97871, 100, 513.18
2026/10/09 04:43:20.151, 2, 80863, 97871, 100, 514.44
2026/10/09 04:43:20.151, 3, 80861, 97871, 100, 497.80
2026/10/09 04:43:21.151, 0, 80864, 97871, 100, 511.50
2026/10/09 04:43:21.151, 1, 80863, 97871, 100, 511.17
2026/10/09 04:43:21.151, 2, 80863, 97871, 100, 511.48
2026/10/09 04:43:21.151, 3, 80861, 97871, 100, 495.45
2026/10/09 04:43:22.151, 0, 80864, 97871, 100, 509.00
2026/10/09 04:43:22.151, 1, 80863, 97871, 100, 505.52
2026/10/09 04:43:22.151, 2, 80863, 97871, 100, 505.66
2026/10/09 04:43:22.151, 3, 80861, 97871, 100, 487.09
2026/10/09 04:43:23.152, 0, 80864, 97871, 100, 509.67
2026/10/09 04:43:23.152, 1, 80863, 97871, 100, 505.97
2026/10/09 04:43:23.152, 2, 80863, 97871, 100, 510.27
2026/10/09 04:43:23.152, 3, 80861, 97871, 100, 492.40
2026/10/09 04:43:24.152, 0, 80864, 97871, 100, 509.86
2026/10/09 04:43:24.152, 1, 80863, 97871, 100, 510.77
2026/10/09 04:43:24.152, 2, 80863, 97871, 100, 510.43
2026/10/09 04:43:24.152, 3, 80861, 97871, 100, 488.98
2026/10/09 04:43:25.152, 0, 80864, 97871, 100, 510.26
2026/10/09 04:43:25.152, 1, 80863, 97871, 100, 510.28
2026/10/09 04:43:25.152, 2, 80863, 97871, 100, 508.36
2026/10/09 04:43:25.152, 3, 80861, 97871, 100, 490.92
2026/10/09 04:43:26.152, 0, 80864, 97871, 100, 506.97
2026/10/09 04:43:26.153, 1, 80863, 97871, 100, 510.99
2026/10/09 04:43:26.153, 2, 80863, 97871, 100, 508.74
2026/10/09 04:43:26.153, 3, 80861, 97871, 100, 491.23
2026/10/09 04:43:27.153, 0, 80864, 97871, 100, 507.82
2026/10/09 04:43:27.153, 1, 80863, 97871, 100, 508.28
2026/10/09 04:43:27.153, 2, 80863, 97871, 100, 512.29
2026/10/09 04:43:27.153, 3, 80861, 97871, 100, 490.33
2026/10/09 04:43:28.153, 0, 80864, 97871, 100, 511.48
2026/10/09 04:43:28.153, 1, 80863, 97871, 100, 507.14
2026/10/09 04:43:28.153, 2, 80863, 97871, 100, 511.29
2026/10/09 04:43:28.153, 3, 80861, 97871, 100, 491.45
2026/10/09 04:43:29.153, 0, 80864, 97871, 100, 506.37
2026/10/09 04:43:29.154, 1, 80863, 97871, 100, 508.64
2026/10/09 04:43:29.154, 2, 80863, 97871, 100, 507.78
2026/10/09 04:43:29.154, 3, 80861, 97871, 100, 492.63
2026/10/09 04:43:30.154, 0, 80864, 97871, 100, 504.58
2026/10/09 04:43:30.154, 1, 80863, 97871, 100, 505.38
2026/10/09 04:43:30.154, 2, 80863, 97871, 100, 507.04
2026/10/09 04:43:30.154, 3, 80861, 97871, 100, 488.48
2026/10/09 04:43:31.154, 0, 80864, 97871, 100, 507.78
2026/10/09 04:43:31.154, 1, 80863, 97871, 100, 508.92
2026/10/09 04:43:31.154, 2, 80863, 97871, 100, 506.52
2026/10/09 04:43:31.154, 3, 80861, 97871, 100, 488.26
2026/10/09 04:43:32.154, 0, 80864, 97871, 100, 517.59
2026/10/09 04:43:32.154, 1, 80863, 97871, 100, 514.04
2026/10/09 04:43:32.154, 2, 80863, 97871, 100, 514.72
2026/10/09 04:43:32.155, 3, 80861, 97871, 100, 497.24
2026/10/09 04:43:33.155, 0, 80864, 97871, 100, 498.15
2026/10/09 04:43:33.155, 1, 80863, 97871, 100, 502.13
2026/10/09 04:43:33.155, 2, 80863, 97871, 100, 505.32
2026/10/09 04:43:33.155, 3, 80861, 97871, 100, 479.48
2026/10/09 04:43:34.155, 0, 80864, 97871, 0, 311.76
2026/10/09 04:43:34.155, 1, 80863, 97871, 0, 322.83
2026/10/09 04:43:34.155, 2, 80863, 97871, 0, 333.40
2026/10/09 04:43:34.155, 3, 80861, 97871, 0, 304.14
2026/10/09 04:43:35.155, 0, 80864, 97871, 100, 494.33
2026/10/09 04:43:35.155, 1, 80863, 97871, 100, 481.61
2026/10/09 04:43:35.155, 2, 80863, 97871, 100, 472.21
2026/10/09 04:43:35.155, 3, 80861, 97871, 100, 480.17
2026/10/09 04:43:36.156, 0, 80864, 97871, 100, 514.46
2026/10/09 04:43:36.156, 1, 80863, 97871, 100, 515.68
2026/10/09 04:43:36.156, 2, 80863, 97871, 100, 513.78
2026/10/09 04:43:36.156, 3, 80861, 97871, 100, 498.19
2026/10/09 04:43:37.156, 0, 80864, 97871, 100, 517.98
2026/10/09 04:43:37.156, 1, 80863, 97871, 100, 514.40
2026/10/09 04:43:37.156, 2, 80863, 97871, 100, 513.71
2026/10/09 04:43:37.156, 3, 80861, 97871, 100, 500.10
2026/10/09 04:43:38.156, 0, 80864, 97871, 100, 520.19
2026/10/09 04:43:38.156, 1, 80863, 97871, 100, 513.95
2026/10/09 04:43:38.156, 2, 80863, 97871, 100, 517.17
2026/10/09 04:43:38.156, 3, 80861, 97871, 100, 500.86
2026/10/09 04:43:39.156, 0, 80864, 97871, 100, 514.81
2026/10/09 04:43:39.157, 1, 80863, 97871, 100, 512.66
2026/10/09 04:43:39.157, 2, 80863, 97871, 100, 521.36
2026/10/09 04:43:39.157, 3, 80861, 97871, 100, 501.99
2026/10/09 04:43:40.157, 0, 80864, 97871, 100, 516.16
2026/10/09 04:43:40.157, 1, 80863, 97871, 100, 512.92
2026/10/09 04:43:40.157, 2, 80863, 97871, 100, 513.70
2026/10/09 04:43:40.157, 3, 80861, 97871, 100, 497.74
2026/10/09 04:43:41.157, 0, 80864, 97871, 100, 516.64
2026/10/09 04:43:41.157, 1, 80863, 97871, 100, 514.37
2026/10/09 04:43:41.157, 2, 80863, 97871, 100, 512.95
2026/10/09 04:43:41.157, 3, 80861, 97871, 100, 499.53
2026/10/09 04:43:42.157, 0, 80864, 97871, 100, 516.69
2026/10/09 04:43:42.157, 1, 80863, 97871, 100, 516.17
2026/10/09 04:43:42.157, 2, 80863, 97871, 100, 514.83
2026/10/09 04:43:42.157, 3, 80861, 97871, 100, 498.63
2026/10/09 04:43:43.158, 0, 80864, 97871, 100, 515.95
2026/10/09 04:43:43.158, 1, 80863, 97871, 100, 514.58
2026/10/09 04:43:43.158, 2, 80863, 97871, 100, 511.83
2026/10/09 04:43:43.158, 3, 80861, 97871, 100, 495.83
2026/10/09 04:43:44.158, 0, 80864, 97871, 100, 508.26
2026/10/09 04:43:44.158, 1, 80863, 97871, 100, 505.43
2026/10/09 04:43:44.158, 2, 80863, 97871, 100, 501.25
2026/10/09 04:43:44.158, 3, 80861, 97871, 100, 488.89
2026/10/09 04:43:45.158, 0, 80864, 97871, 100, 509.38
2026/10/09 04:43:45.158, 1, 80863, 97871, 100, 506.52
2026/10/09 04:43:45.158, 2, 80863, 97871, 100, 506.19
2026/10/09 04:43:45.158, 3, 80861, 97871, 100, 489.80
2026/10/09 04:43:46.158, 0, 80864, 97871, 100, 515.71
2026/10/09 04:43:46.158, 1, 80863, 97871, 100, 510.19
2026/10/09 04:43:46.158, 2, 80863, 97871, 100, 515.11
2026/10/09 04:43:46.159, 3, 80861, 97871, 100, 489.21
2026/10/09 04:43:47.159, 0, 80864, 97871, 100, 511.17
2026/10/09 04:43:47.159, 1, 80863, 97871, 100, 508.64
2026/10/09 04:43:47.159, 2, 80863, 97871, 100, 508.48
2026/10/09 04:43:47.159, 3, 80861, 97871, 100, 492.02
2026/10/09 04:43:48.159, 0, 80864, 97871, 100, 513.48
2026/10/09 04:43:48.159, 1, 80863, 97871, 100, 509.82
2026/10/09 04:43:48.159, 2, 80863, 97871, 100, 511.53
2026/10/09 04:43:48.159, 3, 80861, 97871, 100, 490.93
2026/10/09 04:43:49.159, 0, 80864, 97871, 100, 510.67
2026/10/09 04:43:49.159, 1, 80863, 97871, 100, 508.64
2026/10/09 04:43:49.159, 2, 80863, 97871, 100, 512.90
2026/10/09 04:43:49.159, 3, 80861, 97871, 100, 492.84
2026/10/09 04:43:50.159, 0, 80864, 97871, 100, 512.77
2026/10/09 04:43:50.159, 1, 80863, 97871, 100, 507.64
2026/10/09 04:43:50.159, 2, 80863, 97871, 100, 510.39
2026/10/09 04:43:50.159, 3, 80861, 97871, 100, 492.13
2026/10/09 04:43:51.160, 0, 80864, 97871, 100, 507.70
2026/10/09 04:43:51.160, 1, 80863, 97871, 100, 511.11
2026/10/09 04:43:51.160, 2, 80863, 97871, 100, 509.93
2026/10/09 04:43:51.160, 3, 80861, 97871, 100, 490.34
2026/10/09 04:43:52.160, 0, 80864, 97871, 100, 509.05
2026/10/09 04:43:52.160, 1, 80863, 97871, 100, 509.03
2026/10/09 04:43:52.160, 2, 80863, 97871, 100, 507.88
2026/10/09 04:43:52.160, 3, 80861, 97871, 100, 491.00
2026/10/09 04:43:53.160, 0, 80864, 97871, 100, 509.72
2026/10/09 04:43:53.160, 1, 80863, 97871, 100, 507.34
2026/10/09 04:43:53.160, 2, 80863, 97871, 100, 507.59
2026/10/09 04:43:53.160, 3, 80861, 97871, 100, 493.72
2026/10/09 04:43:54.160, 0, 80864, 97871, 100, 503.63
2026/10/09 04:43:54.161, 1, 80863, 97871, 100, 503.94
2026/10/09 04:43:54.161, 2, 80863, 97871, 100, 505.97
2026/10/09 04:43:54.161, 3, 80861, 97871, 100, 487.74
2026/10/09 04:43:55.161, 0, 80864, 97871, 100, 506.11
2026/10/09 04:43:55.161, 1, 80863, 97871, 100, 508.31
2026/10/09 04:43:55.161, 2, 80863, 97871, 100, 508.68
2026/10/09 04:43:55.161, 3, 80861, 97871, 100, 487.26
2026/10/09 04:43:56.161, 0, 80864, 97871, 100, 509.57
2026/10/09 04:43:56.161, 1, 80863, 97871, 100, 509.25
2026/10/09 04:43:56.161, 2, 80863, 97871, 100, 506.19
2026/10/09 04:43:56.161, 3, 80861, 97871, 100, 496.10
2026/10/09 04:43:57.161, 0, 80864, 97871, 100, 505.30
2026/10/09 04:43:57.161, 1, 80863, 97871, 100, 512.60
2026/10/09 04:43:57.161, 2, 80863, 97871, 100, 509.26
2026/10/09 04:43:57.161, 3, 80861, 97871, 100, 494.94
2026/10/09 04:43:58.161, 0, 80864, 97871, 100, 508.01
2026/10/09 04:43:58.162, 1, 80863, 97871, 100, 509.31
2026/10/09 04:43:58.162, 2, 80863, 97871, 100, 509.01
2026/10/09 04:43:58.162, 3, 80861, 97871, 100, 495.81
2026/10/09 04:43:59.162, 0, 80864, 97871, 100, 510.06
2026/10/09 04:43:59.162, 1, 80863, 97871, 100, 506.88
2026/10/09 04:43:59.162, 2, 80863, 97871, 100, 509.74
2026/10/09 04:43:59.162, 3, 80861, 97871, 100, 489.57
2026/10/09 04:44:00.162, 0, 80864, 97871, 100, 511.61
2026/10/09 04:44:00.162, 1, 80863, 97871, 100, 508.30
2026/10/09 04:44:00.162, 2, 80863, 97871, 100, 504.55
2026/10/09 04:44:00.162, 3, 80861, 97871, 100, 490.86
2026/10/09 04:44:01.162, 0, 80864, 97871, 100, 504.84
2026/10/09 04:44:01.162, 1, 80863, 97871, 100, 505.99
2026/10/09 04:44:01.162, 2, 80863, 97871, 100, 502.78
2026/10/09 04:44:01.162, 3, 80861, 97871, 100, 488.20
2026/10/09 04:44:02.162, 0, 80864, 97871, 100, 506.06
2026/10/09 04:44:02.162, 1, 80863, 97871, 100, 507.24
2026/10/09 04:44:02.162, 2, 80863, 97871, 100, 504.66
2026/10/09 04:44:02.162, 3, 80861, 97871, 100, 494.68
2026/10/09 04:44:03.162, 0, 80864, 97871, 100, 508.12
2026/10/09 04:44:03.162, 1, 80863, 97871, 100, 505.89
2026/10/09 04:44:03.163, 2, 80863, 97871, 100, 505.74
2026/10/09 04:44:03.163, 3, 80861, 97871, 100, 493.58
2026/10/09 04:44:04.163, 0, 80864, 97871, 100, 508.49
2026/10/09 04:44:04.163, 1, 80863, 97871, 100, 509.75
2026/10/09 04:44:04.163, 2, 80863, 97871, 100, 505.15
2026/10/09 04:44:04.163, 3, 80861, 97871, 100, 494.38
2026/10/09 04:44:05.163, 0, 80864, 97871, 100, 507.18
2026/10/09 04:44:05.163, 1, 80863, 97871, 100, 509.00
2026/10/09 04:44:05.163, 2, 80863, 97871, 100, 503.97
2026/10/09 04:44:05.163, 3, 80861, 97871, 100, 496.49
2026/10/09 04:44:06.163, 0, 80864, 97871, 100, 506.09
2026/10/09 04:44:06.163, 1, 80863, 97871, 100, 506.57
2026/10/09 04:44:06.163, 2, 80863, 97871, 100, 506.13
2026/10/09 04:44:06.163, 3, 80861, 97871, 100, 491.07
2026/10/09 04:44:07.163, 0, 80864, 97871, 100, 504.93
2026/10/09 04:44:07.163, 1, 80863, 97871, 100, 507.22
2026/10/09 04:44:07.163, 2, 80863, 97871, 100, 502.96
2026/10/09 04:44:07.163, 3, 80861, 97871, 100, 491.14
2026/10/09 04:44:08.163, 0, 80864, 97871, 100, 509.10
2026/10/09 04:44:08.163, 1, 80863, 97871, 100, 508.24
2026/10/09 04:44:08.163, 2, 80863, 97871, 100, 506.56
2026/10/09 04:44:08.163, 3, 80861, 97871, 100, 495.57
2026/10/09 04:44:09.163, 0, 80864, 97871, 100, 510.40
2026/10/09 04:44:09.164, 1, 80863, 97871, 100, 505.05
2026/10/09 04:44:09.164, 2, 80863, 97871, 100, 499.38
2026/10/09 04:44:09.164, 3, 80861, 97871, 100, 490.71
2026/10/09 04:44:10.164, 0, 80864, 97871, 100, 510.61
2026/10/09 04:44:10.164, 1, 80863, 97871, 100, 505.27
2026/10/09 04:44:10.164, 2, 80863, 97871, 100, 505.90
2026/10/09 04:44:10.164, 3, 80861, 97871, 100, 493.80
2026/10/09 04:44:11.164, 0, 80864, 97871, 100, 504.13
2026/10/09 04:44:11.164, 1, 80863, 97871, 100, 506.13
2026/10/09 04:44:11.164, 2, 80863, 97871, 100, 509.02
2026/10/09 04:44:11.164, 3, 80861, 97871, 100, 493.86
2026/10/09 04:44:12.164, 0, 80864, 97871, 100, 508.51
2026/10/09 04:44:12.164, 1, 80863, 97871, 100, 505.82
2026/10/09 04:44:12.164, 2, 80863, 97871, 100, 507.56
2026/10/09 04:44:12.164, 3, 80861, 97871, 100, 492.62
2026/10/09 04:44:13.164, 0, 80864, 97871, 100, 510.29
2026/10/09 04:44:13.164, 1, 80863, 97871, 100, 508.53
2026/10/09 04:44:13.164, 2, 80863, 97871, 100, 507.74
2026/10/09 04:44:13.164, 3, 80861, 97871, 100, 493.49
2026/10/09 04:44:14.164, 0, 80864, 97871, 100, 505.96
2026/10/09 04:44:14.165, 1, 80863, 97871, 100, 507.61
2026/10/09 04:44:14.165, 2, 80863, 97871, 100, 504.35
2026/10/09 04:44:14.165, 3, 80861, 97871, 100, 495.31
2026/10/09 04:44:15.165, 0, 80864, 97871, 100, 505.31
2026/10/09 04:44:15.165, 1, 80863, 97871, 100, 505.64
2026/10/09 04:44:15.165, 2, 80863, 97871, 100, 502.02
2026/10/09 04:44:15.165, 3, 80861, 97871, 100, 494.11
2026/10/09 04:44:16.165, 0, 80864, 97871, 100, 507.74
2026/10/09 04:44:16.165, 1, 80863, 97871, 100, 507.66
2026/10/09 04:44:16.165, 2, 80863, 97871, 100, 499.40
2026/10/09 04:44:16.165, 3, 80861, 97871, 100, 494.36
2026/10/09 04:44:17.165, 0, 80864, 97871, 100, 508.12
2026/10/09 04:44:17.165, 1, 80863, 97871, 100, 507.76
2026/10/09 04:44:17.165, 2, 80863, 97871, 100, 499.84
2026/10/09 04:44:17.165, 3, 80861, 97871, 100, 493.37
2026/10/09 04:44:18.165, 0, 80864, 97871, 100, 503.51
2026/10/09 04:44:18.165, 1, 80863, 97871, 100, 508.13
2026/10/09 04:44:18.165, 2, 80863, 97871, 100, 504.98
2026/10/09 04:44:18.165, 3, 80861, 97871, 100, 495.49
2026/10/09 04:44:19.165, 0, 80864, 97871, 100, 507.72
2026/10/09 04:44:19.166, 1, 80863, 97871, 100, 507.73
2026/10/09 04:44:19.166, 2, 80863, 97871, 100, 503.31
2026/10/09 04:44:19.166, 3, 80861, 97871, 100, 495.19
2026/10/09 04:44:20.166, 0, 80864, 97871, 100, 508.34
2026/10/09 04:44:20.166, 1, 80863, 97871, 100, 508.74
2026/10/09 04:44:20.166, 2, 80863, 97871, 100, 500.86
2026/10/09 04:44:20.166, 3, 80861, 97871, 100, 494.03
2026/10/09 04:44:21.166, 0, 80864, 97871, 100, 506.84
2026/10/09 04:44:21.166, 1, 80863, 97871, 100, 506.62
2026/10/09 04:44:21.166, 2, 80863, 97871, 100, 503.71
2026/10/09 04:44:21.166, 3, 80861, 97871, 100, 492.73
2026/10/09 04:44:22.166, 0, 80864, 97871, 100, 504.51
2026/10/09 04:44:22.166, 1, 80863, 97871, 100, 504.72
2026/10/09 04:44:22.166, 2, 80863, 97871, 100, 502.95
2026/10/09 04:44:22.166, 3, 80861, 97871, 100, 494.06
2026/10/09 04:44:23.166, 0, 80864, 97871, 100, 509.99
2026/10/09 04:44:23.167, 1, 80863, 97871, 100, 509.38
2026/10/09 04:44:23.167, 2, 80863, 97871, 100, 505.97
2026/10/09 04:44:23.167, 3, 80861, 97871, 100, 497.21
2026/10/09 04:44:24.167, 0, 80864, 97871, 100, 505.20
2026/10/09 04:44:24.167, 1, 80863, 97871, 100, 503.95
2026/10/09 04:44:24.167, 2, 80863, 97871, 100, 502.18
2026/10/09 04:44:24.167, 3, 80861, 97871, 100, 497.81
2026/10/09 04:44:25.167, 0, 80864, 97871, 100, 504.25
2026/10/09 04:44:25.167, 1, 80863, 97871, 100, 503.18
2026/10/09 04:44:25.167, 2, 80863, 97871, 100, 500.89
2026/10/09 04:44:25.167, 3, 80861, 97871, 100, 492.95
2026/10/09 04:44:26.167, 0, 80864, 97871, 100, 505.32
2026/10/09 04:44:26.167, 1, 80863, 97871, 100, 509.59
2026/10/09 04:44:26.167, 2, 80863, 97871, 100, 505.19
2026/10/09 04:44:26.167, 3, 80861, 97871, 100, 496.55
2026/10/09 04:44:27.167, 0, 80864, 97871, 100, 504.52
2026/10/09 04:44:27.167, 1, 80863, 97871, 100, 505.78
2026/10/09 04:44:27.168, 2, 80863, 97871, 100, 504.33
2026/10/09 04:44:27.168, 3, 80861, 97871, 100, 494.13
2026/10/09 04:44:28.168, 0, 80864, 97871, 100, 508.28
2026/10/09 04:44:28.168, 1, 80863, 97871, 100, 506.10
2026/10/09 04:44:28.168, 2, 80863, 97871, 100, 501.60
2026/10/09 04:44:28.168, 3, 80861, 97871, 100, 493.45
2026/10/09 04:44:29.168, 0, 80864, 97871, 100, 506.94
2026/10/09 04:44:29.168, 1, 80863, 97871, 100, 507.96
2026/10/09 04:44:29.168, 2, 80863, 97871, 100, 502.24
2026/10/09 04:44:29.168, 3, 80861, 97871, 100, 493.17
2026/10/09 04:44:30.168, 0, 80864, 97871, 100, 503.51
2026/10/09 04:44:30.168, 1, 80863, 97871, 100, 506.96
2026/10/09 04:44:30.168, 2, 80863, 97871, 100, 502.23
2026/10/09 04:44:30.168, 3, 80861, 97871, 100, 491.94
2026/10/09 04:44:31.168, 0, 80864, 97871, 100, 507.12
2026/10/09 04:44:31.168, 1, 80863, 97871, 100, 512.69
2026/10/09 04:44:31.168, 2, 80863, 97871, 100, 506.00
2026/10/09 04:44:31.168, 3, 80861, 97871, 100, 493.70
2026/10/09 04:44:32.169, 0, 80864, 97871, 100, 512.95
2026/10/09 04:44:32.169, 1, 80863, 97871, 100, 508.32
2026/10/09 04:44:32.169, 2, 80863, 97871, 100, 507.52
2026/10/09 04:44:32.169, 3, 80861, 97871, 100, 497.93
2026/10/09 04:44:33.169, 0, 80864, 97871, 100, 510.14
2026/10/09 04:44:33.169, 1, 80863, 97871, 100, 512.82
2026/10/09 04:44:33.169, 2, 80863, 97871, 100, 503.05
2026/10/09 04:44:33.169, 3, 80861, 97871, 100, 496.15
2026/10/09 04:44:34.169, 0, 80864, 97871, 100, 508.69
2026/10/09 04:44:34.169, 1, 80863, 97871, 100, 511.72
2026/10/09 04:44:34.169, 2, 80863, 97871, 100, 504.87
2026/10/09 04:44:34.169, 3, 80861, 97871, 100, 494.03
2026/10/09 04:44:35.169, 0, 80864, 97871, 100, 508.27
2026/10/09 04:44:35.169, 1, 80863, 97871, 100, 505.46
2026/10/09 04:44:35.169, 2, 80863, 97871, 100, 500.45
2026/10/09 04:44:35.169, 3, 80861, 97871, 100, 494.25
2026/10/09 04:44:36.169, 0, 80864, 97871, 100, 510.72
2026/10/09 04:44:36.169, 1, 80863, 97871, 100, 507.67
2026/10/09 04:44:36.169, 2, 80863, 97871, 100, 504.85
2026/10/09 04:44:36.169, 3, 80861, 97871, 100, 497.90
2026/10/09 04:44:37.169, 0, 80864, 97871, 100, 507.89
2026/10/09 04:44:37.170, 1, 80863, 97871, 100, 503.60
2026/10/09 04:44:37.170, 2, 80863, 97871, 100, 506.84
2026/10/09 04:44:37.170, 3, 80861, 97871, 100, 495.98
2026/10/09 04:44:38.170, 0, 80864, 97871, 100, 505.73
2026/10/09 04:44:38.170, 1, 80863, 97871, 100, 504.39
2026/10/09 04:44:38.170, 2, 80863, 97871, 100, 507.61
2026/10/09 04:44:38.170, 3, 80861, 97871, 100, 491.23
2026/10/09 04:44:39.170, 0, 80864, 97871, 100, 509.10
2026/10/09 04:44:39.170, 1, 80863, 97871, 100, 510.62
2026/10/09 04:44:39.170, 2, 80863, 97871, 100, 501.28
2026/10/09 04:44:39.170, 3, 80861, 97871, 100, 493.12
2026/10/09 04:44:40.170, 0, 80864, 97871, 100, 508.54
2026/10/09 04:44:40.170, 1, 80863, 97871, 100, 506.70
2026/10/09 04:44:40.170, 2, 80863, 97871, 100, 504.81
2026/10/09 04:44:40.170, 3, 80861, 97871, 100, 494.62
2026/10/09 04:44:41.170, 0, 80864, 97871, 100, 507.50
2026/10/09 04:44:41.170, 1, 80863, 97871, 100, 507.19
2026/10/09 04:44:41.170, 2, 80863, 97871, 100, 504.05
2026/10/09 04:44:41.171, 3, 80861, 97871, 100, 493.98
2026/10/09 04:44:42.171, 0, 80864, 97871, 100, 509.02
2026/10/09 04:44:42.171, 1, 80863, 97871, 100, 508.35
2026/10/09 04:44:42.171, 2, 80863, 97871, 100, 501.69
2026/10/09 04:44:42.171, 3, 80861, 97871, 100, 494.11
2026/10/09 04:44:43.171, 0, 80864, 97871, 100, 508.31
2026/10/09 04:44:43.171, 1, 80863, 97871, 100, 506.75
2026/10/09 04:44:43.171, 2, 80863, 97871, 100, 498.56
2026/10/09 04:44:43.171, 3, 80861, 97871, 100, 492.09
2026/10/09 04:44:44.171, 0, 80864, 97871, 100, 507.98
2026/10/09 04:44:44.171, 1, 80863, 97871, 100, 505.68
2026/10/09 04:44:44.171, 2, 80863, 97871, 100, 504.52
2026/10/09 04:44:44.171, 3, 80861, 97871, 100, 492.71
2026/10/09 04:44:45.171, 0, 80864, 97871, 100, 510.67
2026/10/09 04:44:45.172, 1, 80863, 97871, 100, 507.83
2026/10/09 04:44:45.172, 2, 80863, 97871, 100, 504.01
2026/10/09 04:44:45.172, 3, 80861, 97871, 100, 494.13
2026/10/09 04:44:46.172, 0, 80864, 97871, 100, 507.13
2026/10/09 04:44:46.172, 1, 80863, 97871, 100, 510.47
2026/10/09 04:44:46.172, 2, 80863, 97871, 100, 503.95
2026/10/09 04:44:46.172, 3, 80861, 97871, 100, 493.47
2026/10/09 04:44:47.172, 0, 80864, 97871, 100, 507.81
2026/10/09 04:44:47.172, 1, 80863, 97871, 100, 506.17
2026/10/09 04:44:47.172, 2, 80863, 97871, 100, 500.32
2026/10/09 04:44:47.172, 3, 80861, 97871, 100, 492.24
2026/10/09 04:44:48.172, 0, 80864, 97871, 100, 510.82
2026/10/09 04:44:48.172, 1, 80863, 97871, 100, 507.60
2026/10/09 04:44:48.172, 2, 80863, 97871, 100, 508.10
2026/10/09 04:44:48.172, 3, 80861, 97871, 100, 496.16
2026/10/09 04:44:49.172, 0, 80864, 97871, 100, 507.77
2026/10/09 04:44:49.173, 1, 80863, 97871, 100, 509.15
2026/10/09 04:44:49.173, 2, 80863, 97871, 100, 505.80
2026/10/09 04:44:49.173, 3, 80861, 97871, 100, 496.30
2026/10/09 04:44:50.173, 0, 80864, 97871, 100, 512.34
2026/10/09 04:44:50.173, 1, 80863, 97871, 100, 509.21
2026/10/09 04:44:50.173, 2, 80863, 97871, 100, 507.18
2026/10/09 04:44:50.173, 3, 80861, 97871, 100, 495.07
2026/10/09 04:44:51.173, 0, 80864, 97871, 100, 507.34
2026/10/09 04:44:51.173, 1, 80863, 97871, 100, 507.51
2026/10/09 04:44:51.173, 2, 80863, 97871, 100, 505.14
2026/10/09 04:44:51.173, 3, 80861, 97871, 100, 494.05
2026/10/09 04:44:52.173, 0, 80864, 97871, 100, 508.32
2026/10/09 04:44:52.173, 1, 80863, 97871, 100, 501.97
2026/10/09 04:44:52.173, 2, 80863, 97871, 100, 502.79
2026/10/09 04:44:52.173, 3, 80861, 97871, 100, 492.62
2026/10/09 04:44:53.173, 0, 80864, 97871, 100, 508.80
2026/10/09 04:44:53.173, 1, 80863, 97871, 100, 510.58
2026/10/09 04:44:53.173, 2, 80863, 97871, 100, 502.50
2026/10/09 04:44:53.173, 3, 80861, 97871, 100, 492.18
2026/10/09 04:44:54.174, 0, 80864, 97871, 100, 504.05
2026/10/09 04:44:54.174, 1, 80863, 97871, 100, 508.57
2026/10/09 04:44:54.174, 2, 80863, 97871, 100, 507.88
2026/10/09 04:44:54.174, 3, 80861, 97871, 100, 495.31
2026/10/09 04:44:55.174, 0, 80864, 97871, 100, 503.57
2026/10/09 04:44:55.174, 1, 80863, 97871, 100, 508.07
2026/10/09 04:44:55.174, 2, 80863, 97871, 100, 502.71
2026/10/09 04:44:55.174, 3, 80861, 97871, 100, 492.37
2026/10/09 04:44:56.174, 0, 80864, 97871, 100, 508.39
2026/10/09 04:44:56.174, 1, 80863, 97871, 100, 511.27
2026/10/09 04:44:56.174, 2, 80863, 97871, 100, 510.20
2026/10/09 04:44:56.174, 3, 80861, 97871, 100, 497.93
2026/10/09 04:44:57.174, 0, 80864, 97871, 100, 518.93
2026/10/09 04:44:57.174, 1, 80863, 97871, 100, 513.14
2026/10/09 04:44:57.174, 2, 80863, 97871, 100, 508.88
2026/10/09 04:44:57.174, 3, 80861, 97871, 100, 503.72
2026/10/09 04:44:58.174, 0, 80864, 97871, 99, 443.98
2026/10/09 04:44:58.174, 1, 80863, 97871, 99, 440.24
2026/10/09 04:44:58.175, 2, 80863, 97871, 99, 445.92
2026/10/09 04:44:58.175, 3, 80861, 97871, 99, 428.80
2026/10/09 04:44:59.175, 0, 80864, 97871, 0, 233.77
2026/10/09 04:44:59.175, 1, 80863, 97871, 0, 230.55
2026/10/09 04:44:59.175, 2, 80863, 97871, 0, 240.37
2026/10/09 04:44:59.175, 3, 80861, 97871, 0, 218.92
2026/10/09 04:45:00.175, 0, 80864, 97871, 100, 388.00
2026/10/09 04:45:00.175, 1, 80863, 97871, 100, 401.75
2026/10/09 04:45:00.175, 2, 80863, 97871, 100, 393.85
2026/10/09 04:45:00.175, 3, 80861, 97871, 100, 384.91
2026/10/09 04:45:01.175, 0, 80864, 97871, 100, 515.08
2026/10/09 04:45:01.175, 1, 80863, 97871, 100, 514.22
2026/10/09 04:45:01.175, 2, 80863, 97871, 100, 510.40
2026/10/09 04:45:01.175, 3, 80861, 97871, 100, 500.07
2026/10/09 04:45:02.175, 0, 80864, 97871, 100, 515.45
2026/10/09 04:45:02.175, 1, 80863, 97871, 100, 516.41
2026/10/09 04:45:02.175, 2, 80863, 97871, 100, 516.67
2026/10/09 04:45:02.175, 3, 80861, 97871, 100, 499.09
2026/10/09 04:45:03.176, 0, 80864, 97871, 100, 514.90
2026/10/09 04:45:03.176, 1, 80863, 97871, 100, 513.88
2026/10/09 04:45:03.176, 2, 80863, 97871, 100, 511.33
2026/10/09 04:45:03.176, 3, 80861, 97871, 100, 498.71
2026/10/09 04:45:04.176, 0, 80864, 97871, 100, 515.04
2026/10/09 04:45:04.176, 1, 80863, 97871, 100, 517.14
2026/10/09 04:45:04.176, 2, 80863, 97871, 100, 512.98
2026/10/09 04:45:04.176, 3, 80861, 97871, 100, 498.81
2026/10/09 04:45:05.176, 0, 80864, 97871, 100, 514.73
2026/10/09 04:45:05.176, 1, 80863, 97871, 100, 513.92
2026/10/09 04:45:05.176, 2, 80863, 97871, 100, 514.23
2026/10/09 04:45:05.176, 3, 80861, 97871, 100, 499.42
2026/10/09 04:45:06.176, 0, 80864, 97871, 100, 514.81
2026/10/09 04:45:06.176, 1, 80863, 97871, 100, 512.87
2026/10/09 04:45:06.177, 2, 80863, 97871, 100, 514.90
2026/10/09 04:45:06.177, 3, 80861, 97871, 100, 498.95
2026/10/09 04:45:07.177, 0, 80864, 97871, 100, 518.36
2026/10/09 04:45:07.177, 1, 80863, 97871, 100, 512.01
2026/10/09 04:45:07.177, 2, 80863, 97871, 100, 513.85
2026/10/09 04:45:07.177, 3, 80861, 97871, 100, 498.13
2026/10/09 04:45:08.177, 0, 80864, 97871, 100, 513.87
2026/10/09 04:45:08.177, 1, 80863, 97871, 100, 518.43
2026/10/09 04:45:08.177, 2, 80863, 97871, 100, 510.60
2026/10/09 04:45:08.177, 3, 80861, 97871, 100, 498.70
2026/10/09 04:45:09.177, 0, 80864, 97871, 100, 506.40
2026/10/09 04:45:09.177, 1, 80863, 97871, 100, 506.82
2026/10/09 04:45:09.177, 2, 80863, 97871, 100, 502.39
2026/10/09 04:45:09.177, 3, 80861, 97871, 100, 495.01
2026/10/09 04:45:10.177, 0, 80864, 97871, 100, 509.98
2026/10/09 04:45:10.177, 1, 80863, 97871, 100, 506.68
2026/10/09 04:45:10.177, 2, 80863, 97871, 100, 503.67
2026/10/09 04:45:10.178, 3, 80861, 97871, 100, 493.98
2026/10/09 04:45:11.178, 0, 80864, 97871, 100, 510.04
2026/10/09 04:45:11.178, 1, 80863, 97871, 100, 507.80
2026/10/09 04:45:11.178, 2, 80863, 97871, 100, 504.99
2026/10/09 04:45:11.178, 3, 80861, 97871, 100, 492.99
2026/10/09 04:45:12.178, 0, 80864, 97871, 100, 507.42
2026/10/09 04:45:12.178, 1, 80863, 97871, 100, 509.61
2026/10/09 04:45:12.178, 2, 80863, 97871, 100, 503.92
2026/10/09 04:45:12.178, 3, 80861, 97871, 100, 492.12
2026/10/09 04:45:13.178, 0, 80864, 97871, 100, 511.55
2026/10/09 04:45:13.178, 1, 80863, 97871, 100, 508.46
2026/10/09 04:45:13.178, 2, 80863, 97871, 100, 504.66
2026/10/09 04:45:13.178, 3, 80861, 97871, 100, 495.31
2026/10/09 04:45:14.178, 0, 80864, 97871, 100, 509.07
2026/10/09 04:45:14.178, 1, 80863, 97871, 100, 508.61
2026/10/09 04:45:14.178, 2, 80863, 97871, 100, 503.07
2026/10/09 04:45:14.178, 3, 80861, 97871, 100, 496.23
2026/10/09 04:45:15.179, 0, 80864, 97871, 100, 510.19
2026/10/09 04:45:15.179, 1, 80863, 97871, 100, 511.29
2026/10/09 04:45:15.179, 2, 80863, 97871, 100, 509.97
2026/10/09 04:45:15.179, 3, 80861, 97871, 100, 495.51
2026/10/09 04:45:16.179, 0, 80864, 97871, 100, 510.23
2026/10/09 04:45:16.179, 1, 80863, 97871, 100, 508.93
2026/10/09 04:45:16.179, 2, 80863, 97871, 100, 505.59
2026/10/09 04:45:16.179, 3, 80861, 97871, 100, 496.91
2026/10/09 04:45:17.179, 0, 80864, 97871, 100, 510.49
2026/10/09 04:45:17.179, 1, 80863, 97871, 100, 507.55
2026/10/09 04:45:17.179, 2, 80863, 97871, 100, 508.10
2026/10/09 04:45:17.179, 3, 80861, 97871, 100, 491.79
2026/10/09 04:45:18.179, 0, 80864, 97871, 100, 508.95
2026/10/09 04:45:18.179, 1, 80863, 97871, 100, 508.60
2026/10/09 04:45:18.179, 2, 80863, 97871, 100, 506.73
2026/10/09 04:45:18.179, 3, 80861, 97871, 100, 495.50
2026/10/09 04:45:19.179, 0, 80864, 97871, 100, 505.17
2026/10/09 04:45:19.179, 1, 80863, 97871, 100, 504.05
2026/10/09 04:45:19.179, 2, 80863, 97871, 100, 505.35
2026/10/09 04:45:19.179, 3, 80861, 97871, 100, 490.20
2026/10/09 04:45:20.180, 0, 80864, 97871, 100, 507.52
2026/10/09 04:45:20.180, 1, 80863, 97871, 100, 508.12
2026/10/09 04:45:20.180, 2, 80863, 97871, 100, 504.20
2026/10/09 04:45:20.180, 3, 80861, 97871, 100, 497.46
2026/10/09 04:45:21.180, 0, 80864, 97871, 100, 507.95
2026/10/09 04:45:21.180, 1, 80863, 97871, 100, 506.47
2026/10/09 04:45:21.180, 2, 80863, 97871, 100, 503.79
2026/10/09 04:45:21.180, 3, 80861, 97871, 100, 494.39
2026/10/09 04:45:22.180, 0, 80864, 97871, 100, 507.61
2026/10/09 04:45:22.180, 1, 80863, 97871, 100, 507.98
2026/10/09 04:45:22.180, 2, 80863, 97871, 100, 501.93
2026/10/09 04:45:22.180, 3, 80861, 97871, 100, 493.51
2026/10/09 04:45:23.180, 0, 80864, 97871, 100, 509.77
2026/10/09 04:45:23.180, 1, 80863, 97871, 100, 509.69
2026/10/09 04:45:23.180, 2, 80863, 97871, 100, 506.51
2026/10/09 04:45:23.180, 3, 80861, 97871, 100, 496.82
2026/10/09 04:45:24.181, 0, 80864, 97871, 100, 502.70
2026/10/09 04:45:24.181, 1, 80863, 97871, 100, 504.41
2026/10/09 04:45:24.181, 2, 80863, 97871, 100, 506.79
2026/10/09 04:45:24.181, 3, 80861, 97871, 100, 491.03
2026/10/09 04:45:25.181, 0, 80864, 97871, 100, 507.80
2026/10/09 04:45:25.181, 1, 80863, 97871, 100, 505.89
2026/10/09 04:45:25.181, 2, 80863, 97871, 100, 502.55
2026/10/09 04:45:25.181, 3, 80861, 97871, 100, 495.16
2026/10/09 04:45:26.181, 0, 80864, 97871, 100, 504.55
2026/10/09 04:45:26.181, 1, 80863, 97871, 100, 506.13
2026/10/09 04:45:26.181, 2, 80863, 97871, 100, 508.85
2026/10/09 04:45:26.181, 3, 80861, 97871, 100, 492.54
2026/10/09 04:45:27.181, 0, 80864, 97871, 100, 511.20
2026/10/09 04:45:27.181, 1, 80863, 97871, 100, 506.61
2026/10/09 04:45:27.181, 2, 80863, 97871, 100, 505.29
2026/10/09 04:45:27.181, 3, 80861, 97871, 100, 498.66
2026/10/09 04:45:28.181, 0, 80864, 97871, 100, 508.02
2026/10/09 04:45:28.181, 1, 80863, 97871, 100, 508.12
2026/10/09 04:45:28.181, 2, 80863, 97871, 100, 503.74
2026/10/09 04:45:28.182, 3, 80861, 97871, 100, 495.55
2026/10/09 04:45:29.182, 0, 80864, 97871, 100, 506.64
2026/10/09 04:45:29.182, 1, 80863, 97871, 100, 507.48
2026/10/09 04:45:29.182, 2, 80863, 97871, 100, 505.08
2026/10/09 04:45:29.182, 3, 80861, 97871, 100, 492.64
2026/10/09 04:45:30.182, 0, 80864, 97871, 100, 502.68
2026/10/09 04:45:30.182, 1, 80863, 97871, 100, 505.49
2026/10/09 04:45:30.182, 2, 80863, 97871, 100, 504.28
2026/10/09 04:45:30.183, 3, 80861, 97871, 100, 489.17
2026/10/09 04:45:31.183, 0, 80864, 97871, 100, 502.16
2026/10/09 04:45:31.184, 1, 80863, 97871, 100, 499.28
2026/10/09 04:45:31.184, 2, 80863, 97871, 100, 494.42
2026/10/09 04:45:31.184, 3, 80861, 97871, 100, 486.01
2026/10/09 04:45:32.184, 0, 80864, 97871, 100, 510.96
2026/10/09 04:45:32.184, 1, 80863, 97871, 100, 509.08
2026/10/09 04:45:32.184, 2, 80863, 97871, 100, 507.97
2026/10/09 04:45:32.184, 3, 80861, 97871, 100, 493.28
2026/10/09 04:45:33.184, 0, 80864, 97871, 100, 506.51
2026/10/09 04:45:33.184, 1, 80863, 97871, 100, 510.73
2026/10/09 04:45:33.184, 2, 80863, 97871, 100, 501.99
2026/10/09 04:45:33.184, 3, 80861, 97871, 100, 496.04
2026/10/09 04:45:34.184, 0, 80864, 97871, 100, 510.73
2026/10/09 04:45:34.184, 1, 80863, 97871, 100, 508.94
2026/10/09 04:45:34.184, 2, 80863, 97871, 100, 502.96
2026/10/09 04:45:34.184, 3, 80861, 97871, 100, 496.03
2026/10/09 04:45:35.184, 0, 80864, 97871, 100, 508.10
2026/10/09 04:45:35.184, 1, 80863, 97871, 100, 507.59
2026/10/09 04:45:35.184, 2, 80863, 97871, 100, 501.39
2026/10/09 04:45:35.185, 3, 80861, 97871, 100, 496.57
2026/10/09 04:45:36.185, 0, 80864, 97871, 100, 506.19
2026/10/09 04:45:36.185, 1, 80863, 97871, 100, 505.03
2026/10/09 04:45:36.185, 2, 80863, 97871, 100, 502.30
2026/10/09 04:45:36.185, 3, 80861, 97871, 100, 489.84
2026/10/09 04:45:37.185, 0, 80864, 97871, 100, 512.28
2026/10/09 04:45:37.185, 1, 80863, 97871, 100, 506.51
2026/10/09 04:45:37.185, 2, 80863, 97871, 100, 504.35
2026/10/09 04:45:37.185, 3, 80861, 97871, 100, 498.45
2026/10/09 04:45:38.185, 0, 80864, 97871, 100, 507.21
2026/10/09 04:45:38.185, 1, 80863, 97871, 100, 508.17
2026/10/09 04:45:38.185, 2, 80863, 97871, 100, 504.96
2026/10/09 04:45:38.185, 3, 80861, 97871, 100, 494.70
2026/10/09 04:45:39.185, 0, 80864, 97871, 100, 511.16
2026/10/09 04:45:39.185, 1, 80863, 97871, 100, 508.32
2026/10/09 04:45:39.185, 2, 80863, 97871, 100, 505.53
2026/10/09 04:45:39.185, 3, 80861, 97871, 100, 495.99
2026/10/09 04:45:40.186, 0, 80864, 97871, 100, 513.99
2026/10/09 04:45:40.186, 1, 80863, 97871, 100, 514.45
2026/10/09 04:45:40.186, 2, 80863, 97871, 100, 509.79
2026/10/09 04:45:40.186, 3, 80861, 97871, 100, 499.97
2026/10/09 04:45:41.186, 0, 80864, 97871, 100, 502.83
2026/10/09 04:45:41.186, 1, 80863, 97871, 100, 503.64
2026/10/09 04:45:41.186, 2, 80863, 97871, 100, 502.17
2026/10/09 04:45:41.186, 3, 80861, 97871, 100, 495.86
2026/10/09 04:45:42.186, 0, 80864, 97871, 99, 331.41
2026/10/09 04:45:42.186, 1, 80863, 97871, 30, 330.09
2026/10/09 04:45:42.186, 2, 80863, 97871, 58, 341.20
2026/10/09 04:45:42.186, 3, 80861, 97871, 53, 337.53
2026/10/09 04:45:43.186, 0, 80864, 97871, 100, 418.42
2026/10/09 04:45:43.186, 1, 80863, 97871, 100, 415.15
2026/10/09 04:45:43.186, 2, 80863, 97871, 100, 402.92
2026/10/09 04:45:43.187, 3, 80861, 97871, 100, 384.80
2026/10/09 04:45:44.187, 0, 80864, 97871, 100, 516.18
2026/10/09 04:45:44.187, 1, 80863, 97871, 100, 515.05
2026/10/09 04:45:44.187, 2, 80863, 97871, 100, 511.52
2026/10/09 04:45:44.187, 3, 80861, 97871, 100, 502.30
2026/10/09 04:45:45.187, 0, 80864, 97871, 100, 514.81
2026/10/09 04:45:45.187, 1, 80863, 97871, 100, 515.39
2026/10/09 04:45:45.187, 2, 80863, 97871, 100, 512.66
2026/10/09 04:45:45.187, 3, 80861, 97871, 100, 500.87
2026/10/09 04:45:46.187, 0, 80864, 97871, 100, 515.43
2026/10/09 04:45:46.187, 1, 80863, 97871, 100, 514.88
2026/10/09 04:45:46.187, 2, 80863, 97871, 100, 513.21
2026/10/09 04:45:46.187, 3, 80861, 97871, 100, 499.75
2026/10/09 04:45:47.187, 0, 80864, 97871, 100, 519.73
2026/10/09 04:45:47.187, 1, 80863, 97871, 100, 511.33
2026/10/09 04:45:47.187, 2, 80863, 97871, 100, 512.22
2026/10/09 04:45:47.188, 3, 80861, 97871, 100, 499.10
2026/10/09 04:45:48.188, 0, 80864, 97871, 100, 515.56
2026/10/09 04:45:48.188, 1, 80863, 97871, 100, 515.12
2026/10/09 04:45:48.188, 2, 80863, 97871, 100, 511.87
2026/10/09 04:45:48.188, 3, 80861, 97871, 100, 498.35
2026/10/09 04:45:49.188, 0, 80864, 97871, 100, 515.24
2026/10/09 04:45:49.188, 1, 80863, 97871, 100, 512.20
2026/10/09 04:45:49.188, 2, 80863, 97871, 100, 512.97
2026/10/09 04:45:49.188, 3, 80861, 97871, 100, 501.23
2026/10/09 04:45:50.188, 0, 80864, 97871, 100, 514.69
2026/10/09 04:45:50.188, 1, 80863, 97871, 100, 512.34
2026/10/09 04:45:50.188, 2, 80863, 97871, 100, 509.75
2026/10/09 04:45:50.188, 3, 80861, 97871, 100, 499.48
2026/10/09 04:45:51.188, 0, 80864, 97871, 100, 518.56
2026/10/09 04:45:51.188, 1, 80863, 97871, 100, 514.68
2026/10/09 04:45:51.188, 2, 80863, 97871, 100, 507.97
2026/10/09 04:45:51.189, 3, 80861, 97871, 100, 504.41
2026/10/09 04:45:52.189, 0, 80864, 97871, 100, 507.41
2026/10/09 04:45:52.189, 1, 80863, 97871, 100, 504.47
2026/10/09 04:45:52.189, 2, 80863, 97871, 100, 503.79
2026/10/09 04:45:52.189, 3, 80861, 97871, 100, 491.32
2026/10/09 04:45:53.189, 0, 80864, 97871, 100, 509.35
2026/10/09 04:45:53.189, 1, 80863, 97871, 100, 510.03
2026/10/09 04:45:53.189, 2, 80863, 97871, 100, 505.65
2026/10/09 04:45:53.189, 3, 80861, 97871, 100, 495.95
2026/10/09 04:45:54.189, 0, 80864, 97871, 100, 508.03
2026/10/09 04:45:54.189, 1, 80863, 97871, 100, 506.36
2026/10/09 04:45:54.189, 2, 80863, 97871, 100, 503.83
2026/10/09 04:45:54.189, 3, 80861, 97871, 100, 491.52
2026/10/09 04:45:55.189, 0, 80864, 97871, 100, 507.18
2026/10/09 04:45:55.189, 1, 80863, 97871, 100, 508.60
2026/10/09 04:45:55.189, 2, 80863, 97871, 100, 501.09
2026/10/09 04:45:55.189, 3, 80861, 97871, 100, 494.71
2026/10/09 04:45:56.190, 0, 80864, 97871, 100, 508.12
2026/10/09 04:45:56.190, 1, 80863, 97871, 100, 509.86
2026/10/09 04:45:56.190, 2, 80863, 97871, 100, 506.05
2026/10/09 04:45:56.190, 3, 80861, 97871, 100, 493.86
2026/10/09 04:45:57.190, 0, 80863, 97871, 100, 510.84
2026/10/09 04:45:57.190, 1, 80862, 97871, 100, 507.64
2026/10/09 04:45:57.190, 2, 80862, 97871, 100, 503.20
2026/10/09 04:45:57.190, 3, 80860, 97871, 100, 492.73
2026/10/09 04:45:58.190, 0, 80863, 97871, 100, 507.38
2026/10/09 04:45:58.190, 1, 80862, 97871, 100, 507.70
2026/10/09 04:45:58.190, 2, 80862, 97871, 100, 502.93
2026/10/09 04:45:58.190, 3, 80860, 97871, 100, 500.14
2026/10/09 04:45:59.190, 0, 80863, 97871, 100, 508.27
2026/10/09 04:45:59.190, 1, 80862, 97871, 100, 509.81
2026/10/09 04:45:59.190, 2, 80862, 97871, 100, 502.11
2026/10/09 04:45:59.190, 3, 80860, 97871, 100, 491.38
2026/10/09 04:46:00.191, 0, 80863, 97871, 100, 508.55
2026/10/09 04:46:00.191, 1, 80862, 97871, 100, 508.38
2026/10/09 04:46:00.191, 2, 80862, 97871, 100, 501.76
2026/10/09 04:46:00.191, 3, 80860, 97871, 100, 494.71
2026/10/09 04:46:01.191, 0, 80863, 97871, 100, 502.65
2026/10/09 04:46:01.191, 1, 80862, 97871, 100, 503.20
2026/10/09 04:46:01.191, 2, 80862, 97871, 100, 501.46
2026/10/09 04:46:01.191, 3, 80860, 97871, 100, 494.53
2026/10/09 04:46:02.191, 0, 80863, 97871, 100, 504.65
2026/10/09 04:46:02.191, 1, 80862, 97871, 100, 505.20
2026/10/09 04:46:02.191, 2, 80862, 97871, 100, 504.11
2026/10/09 04:46:02.191, 3, 80860, 97871, 100, 491.91
2026/10/09 04:46:03.191, 0, 80863, 97871, 100, 506.07
2026/10/09 04:46:03.191, 1, 80862, 97871, 100, 506.96
2026/10/09 04:46:03.191, 2, 80862, 97871, 100, 503.26
2026/10/09 04:46:03.191, 3, 80860, 97871, 100, 491.52
2026/10/09 04:46:04.192, 0, 80863, 97871, 100, 506.25
2026/10/09 04:46:04.192, 1, 80862, 97871, 100, 507.74
2026/10/09 04:46:04.192, 2, 80862, 97871, 100, 501.07
2026/10/09 04:46:04.192, 3, 80860, 97871, 100, 494.06
2026/10/09 04:46:05.192, 0, 80863, 97871, 100, 512.05
2026/10/09 04:46:05.192, 1, 80862, 97871, 100, 509.51
2026/10/09 04:46:05.192, 2, 80862, 97871, 100, 504.90
2026/10/09 04:46:05.192, 3, 80860, 97871, 100, 494.75
2026/10/09 04:46:06.192, 0, 80863, 97871, 100, 509.85
2026/10/09 04:46:06.192, 1, 80862, 97871, 100, 507.60
2026/10/09 04:46:06.192, 2, 80862, 97871, 100, 504.59
2026/10/09 04:46:06.192, 3, 80860, 97871, 100, 494.77
2026/10/09 04:46:07.192, 0, 80863, 97871, 100, 508.50
2026/10/09 04:46:07.192, 1, 80862, 97871, 100, 509.44
2026/10/09 04:46:07.193, 2, 80862, 97871, 100, 507.48
2026/10/09 04:46:07.193, 3, 80860, 97871, 100, 494.67
2026/10/09 04:46:08.193, 0, 80863, 97871, 100, 506.18
2026/10/09 04:46:08.193, 1, 80862, 97871, 100, 509.08
2026/10/09 04:46:08.193, 2, 80862, 97871, 100, 507.00
2026/10/09 04:46:08.193, 3, 80860, 97871, 100, 493.94
2026/10/09 04:46:09.193, 0, 80863, 97871, 100, 505.22
2026/10/09 04:46:09.193, 1, 80862, 97871, 100, 507.45
2026/10/09 04:46:09.193, 2, 80862, 97871, 100, 501.03
2026/10/09 04:46:09.193, 3, 80860, 97871, 100, 491.41
2026/10/09 04:46:10.193, 0, 80863, 97871, 100, 505.73
2026/10/09 04:46:10.193, 1, 80862, 97871, 100, 508.34
2026/10/09 04:46:10.193, 2, 80862, 97871, 100, 504.78
2026/10/09 04:46:10.193, 3, 80860, 97871, 100, 492.03
2026/10/09 04:46:11.194, 0, 80863, 97871, 100, 511.34
2026/10/09 04:46:11.194, 1, 80862, 97871, 100, 509.60
2026/10/09 04:46:11.194, 2, 80862, 97871, 100, 507.37
2026/10/09 04:46:11.194, 3, 80860, 97871, 100, 496.80
2026/10/09 04:46:12.194, 0, 80863, 97871, 100, 507.86
2026/10/09 04:46:12.194, 1, 80862, 97871, 100, 500.85
2026/10/09 04:46:12.194, 2, 80862, 97871, 100, 501.80
2026/10/09 04:46:12.194, 3, 80860, 97871, 100, 493.65
2026/10/09 04:46:13.194, 0, 80863, 97871, 100, 508.57
2026/10/09 04:46:13.194, 1, 80862, 97871, 100, 508.71
2026/10/09 04:46:13.194, 2, 80862, 97871, 100, 506.99
2026/10/09 04:46:13.194, 3, 80860, 97871, 100, 495.66
2026/10/09 04:46:14.194, 0, 80863, 97871, 100, 508.83
2026/10/09 04:46:14.194, 1, 80862, 97871, 100, 502.95
2026/10/09 04:46:14.195, 2, 80862, 97871, 100, 505.41
2026/10/09 04:46:14.195, 3, 80860, 97871, 100, 493.82
2026/10/09 04:46:15.195, 0, 80863, 97871, 100, 508.34
2026/10/09 04:46:15.195, 1, 80862, 97871, 100, 507.80
2026/10/09 04:46:15.195, 2, 80862, 97871, 100, 506.02
2026/10/09 04:46:15.195, 3, 80860, 97871, 100, 491.81
2026/10/09 04:46:16.195, 0, 80863, 97871, 100, 507.39
2026/10/09 04:46:16.195, 1, 80862, 97871, 100, 504.55
2026/10/09 04:46:16.195, 2, 80862, 97871, 100, 504.32
2026/10/09 04:46:16.195, 3, 80860, 97871, 100, 492.75
2026/10/09 04:46:17.195, 0, 80863, 97871, 100, 502.25
2026/10/09 04:46:17.195, 1, 80862, 97871, 100, 505.52
2026/10/09 04:46:17.195, 2, 80862, 97871, 100, 502.47
2026/10/09 04:46:17.195, 3, 80860, 97871, 100, 489.13
2026/10/09 04:46:18.195, 0, 80863, 97871, 100, 512.67
2026/10/09 04:46:18.195, 1, 80862, 97871, 100, 509.86
2026/10/09 04:46:18.195, 2, 80862, 97871, 100, 508.87
2026/10/09 04:46:18.195, 3, 80860, 97871, 100, 490.84
2026/10/09 04:46:19.196, 0, 80863, 97871, 100, 509.32
2026/10/09 04:46:19.196, 1, 80862, 97871, 100, 507.45
2026/10/09 04:46:19.196, 2, 80862, 97871, 100, 507.67
2026/10/09 04:46:19.196, 3, 80860, 97871, 100, 492.00
2026/10/09 04:46:20.196, 0, 80863, 97871, 100, 504.21
2026/10/09 04:46:20.196, 1, 80862, 97871, 100, 504.62
2026/10/09 04:46:20.196, 2, 80862, 97871, 100, 503.17
2026/10/09 04:46:20.196, 3, 80860, 97871, 100, 490.82
2026/10/09 04:46:21.196, 0, 80863, 97871, 100, 506.23
2026/10/09 04:46:21.196, 1, 80862, 97871, 100, 507.68
2026/10/09 04:46:21.196, 2, 80862, 97871, 100, 503.17
2026/10/09 04:46:21.196, 3, 80860, 97871, 100, 496.88
2026/10/09 04:46:22.196, 0, 80863, 97871, 100, 507.59
2026/10/09 04:46:22.196, 1, 80862, 97871, 100, 508.33
2026/10/09 04:46:22.196, 2, 80862, 97871, 100, 509.68
2026/10/09 04:46:22.196, 3, 80860, 97871, 100, 493.27
2026/10/09 04:46:23.196, 0, 80863, 97871, 100, 508.23
2026/10/09 04:46:23.197, 1, 80862, 97871, 100, 505.64
2026/10/09 04:46:23.197, 2, 80862, 97871, 100, 507.88
2026/10/09 04:46:23.197, 3, 80860, 97871, 100, 494.72
2026/10/09 04:46:24.197, 0, 80863, 97871, 100, 508.33
2026/10/09 04:46:24.197, 1, 80862, 97871, 100, 507.98
2026/10/09 04:46:24.197, 2, 80862, 97871, 100, 501.16
2026/10/09 04:46:24.197, 3, 80860, 97871, 100, 492.99
2026/10/09 04:46:25.197, 0, 80863, 97871, 100, 507.99
2026/10/09 04:46:25.197, 1, 80862, 97871, 100, 504.14
2026/10/09 04:46:25.197, 2, 80862, 97871, 100, 503.31
2026/10/09 04:46:25.197, 3, 80860, 97871, 100, 492.11
2026/10/09 04:46:26.197, 0, 80863, 97871, 100, 508.03
2026/10/09 04:46:26.197, 1, 80862, 97871, 100, 508.07
2026/10/09 04:46:26.197, 2, 80862, 97871, 100, 505.76
2026/10/09 04:46:26.197, 3, 80860, 97871, 100, 494.14
2026/10/09 04:46:27.197, 0, 80863, 97871, 100, 506.49
2026/10/09 04:46:27.197, 1, 80862, 97871, 100, 505.38
2026/10/09 04:46:27.197, 2, 80862, 97871, 100, 497.57
2026/10/09 04:46:27.198, 3, 80860, 97871, 100, 493.19
2026/10/09 04:46:28.198, 0, 80863, 97871, 100, 508.29
2026/10/09 04:46:28.198, 1, 80862, 97871, 100, 505.33
2026/10/09 04:46:28.198, 2, 80862, 97871, 100, 501.48
2026/10/09 04:46:28.198, 3, 80860, 97871, 100, 493.60
2026/10/09 04:46:29.198, 0, 80863, 97871, 100, 507.23
2026/10/09 04:46:29.198, 1, 80862, 97871, 100, 507.69
2026/10/09 04:46:29.198, 2, 80862, 97871, 100, 503.89
2026/10/09 04:46:29.198, 3, 80860, 97871, 100, 495.72
2026/10/09 04:46:30.198, 0, 80863, 97871, 100, 511.71
2026/10/09 04:46:30.198, 1, 80862, 97871, 100, 510.00
2026/10/09 04:46:30.198, 2, 80862, 97871, 100, 505.59
2026/10/09 04:46:30.198, 3, 80860, 97871, 100, 491.83
2026/10/09 04:46:31.199, 0, 80863, 97871, 100, 509.86
2026/10/09 04:46:31.199, 1, 80862, 97871, 100, 507.06
2026/10/09 04:46:31.199, 2, 80862, 97871, 100, 500.96
2026/10/09 04:46:31.199, 3, 80860, 97871, 100, 493.24
2026/10/09 04:46:32.199, 0, 80863, 97871, 100, 508.83
2026/10/09 04:46:32.199, 1, 80862, 97871, 100, 507.23
2026/10/09 04:46:32.199, 2, 80862, 97871, 100, 502.98
2026/10/09 04:46:32.199, 3, 80860, 97871, 100, 495.06
2026/10/09 04:46:33.199, 0, 80863, 97871, 100, 505.75
2026/10/09 04:46:33.199, 1, 80862, 97871, 100, 506.67
2026/10/09 04:46:33.199, 2, 80862, 97871, 100, 501.68
2026/10/09 04:46:33.199, 3, 80860, 97871, 100, 493.80
2026/10/09 04:46:34.199, 0, 80863, 97871, 100, 510.23
2026/10/09 04:46:34.199, 1, 80862, 97871, 100, 505.43
2026/10/09 04:46:34.199, 2, 80862, 97871, 100, 501.18
2026/10/09 04:46:34.199, 3, 80860, 97871, 100, 495.80
2026/10/09 04:46:35.199, 0, 80863, 97871, 100, 508.13
2026/10/09 04:46:35.200, 1, 80862, 97871, 100, 509.14
2026/10/09 04:46:35.200, 2, 80862, 97871, 100, 503.08
2026/10/09 04:46:35.200, 3, 80860, 97871, 100, 494.00
2026/10/09 04:46:36.200, 0, 80863, 97871, 100, 507.73
2026/10/09 04:46:36.200, 1, 80862, 97871, 100, 507.38
2026/10/09 04:46:36.200, 2, 80862, 97871, 100, 502.22
2026/10/09 04:46:36.200, 3, 80860, 97871, 100, 492.68
2026/10/09 04:46:37.200, 0, 80863, 97871, 100, 508.48
2026/10/09 04:46:37.200, 1, 80862, 97871, 100, 507.79
2026/10/09 04:46:37.200, 2, 80862, 97871, 100, 504.96
2026/10/09 04:46:37.200, 3, 80860, 97871, 100, 491.28
2026/10/09 04:46:38.200, 0, 80863, 97871, 100, 509.16
2026/10/09 04:46:38.200, 1, 80862, 97871, 100, 508.86
2026/10/09 04:46:38.200, 2, 80862, 97871, 100, 505.75
2026/10/09 04:46:38.200, 3, 80860, 97871, 100, 498.48
2026/10/09 04:46:39.201, 0, 80863, 97871, 100, 504.52
2026/10/09 04:46:39.201, 1, 80862, 97871, 100, 507.13
2026/10/09 04:46:39.201, 2, 80862, 97871, 100, 505.34
2026/10/09 04:46:39.201, 3, 80860, 97871, 100, 491.82
2026/10/09 04:46:40.201, 0, 80863, 97871, 100, 509.96
2026/10/09 04:46:40.202, 1, 80862, 97871, 100, 507.40
2026/10/09 04:46:40.203, 2, 80862, 97871, 100, 501.73
2026/10/09 04:46:40.203, 3, 80860, 97871, 100, 494.17
2026/10/09 04:46:41.203, 0, 80863, 97871, 100, 511.92
2026/10/09 04:46:41.203, 1, 80862, 97871, 100, 505.46
2026/10/09 04:46:41.204, 2, 80862, 97871, 100, 503.96
2026/10/09 04:46:41.204, 3, 80860, 97871, 100, 495.03
2026/10/09 04:46:42.204, 0, 80863, 97871, 100, 510.08
2026/10/09 04:46:42.204, 1, 80862, 97871, 100, 507.24
2026/10/09 04:46:42.204, 2, 80862, 97871, 100, 503.58
2026/10/09 04:46:42.204, 3, 80860, 97871, 100, 494.04
2026/10/09 04:46:43.204, 0, 80863, 97871, 100, 508.28
2026/10/09 04:46:43.204, 1, 80862, 97871, 100, 509.67
2026/10/09 04:46:43.204, 2, 80862, 97871, 100, 501.50
2026/10/09 04:46:43.204, 3, 80860, 97871, 100, 492.69
2026/10/09 04:46:44.204, 0, 80863, 97871, 100, 507.42
2026/10/09 04:46:44.204, 1, 80862, 97871, 100, 509.04
2026/10/09 04:46:44.204, 2, 80862, 97871, 100, 505.84
2026/10/09 04:46:44.204, 3, 80860, 97871, 100, 495.54
2026/10/09 04:46:45.205, 0, 80863, 97871, 100, 508.43
2026/10/09 04:46:45.205, 1, 80862, 97871, 100, 507.70
2026/10/09 04:46:45.205, 2, 80862, 97871, 100, 501.08
2026/10/09 04:46:45.205, 3, 80860, 97871, 100, 494.41
2026/10/09 04:46:46.205, 0, 80863, 97871, 100, 506.54
2026/10/09 04:46:46.205, 1, 80862, 97871, 100, 505.05
2026/10/09 04:46:46.205, 2, 80862, 97871, 100, 498.94
2026/10/09 04:46:46.205, 3, 80860, 97871, 100, 491.81
2026/10/09 04:46:47.205, 0, 80863, 97871, 100, 507.27
2026/10/09 04:46:47.205, 1, 80862, 97871, 100, 509.55
2026/10/09 04:46:47.205, 2, 80862, 97871, 100, 500.65
2026/10/09 04:46:47.205, 3, 80860, 97871, 100, 494.79
2026/10/09 04:46:48.206, 0, 80863, 97871, 100, 507.34
2026/10/09 04:46:48.206, 1, 80862, 97871, 100, 509.99
2026/10/09 04:46:48.206, 2, 80862, 97871, 100, 501.88
2026/10/09 04:46:48.206, 3, 80860, 97871, 100, 495.67
2026/10/09 04:46:49.206, 0, 80863, 97871, 100, 506.41
2026/10/09 04:46:49.206, 1, 80862, 97871, 100, 508.94
2026/10/09 04:46:49.206, 2, 80862, 97871, 100, 503.08
2026/10/09 04:46:49.206, 3, 80860, 97871, 100, 492.99
2026/10/09 04:46:50.206, 0, 80863, 97871, 100, 510.98
2026/10/09 04:46:50.206, 1, 80862, 97871, 100, 507.58
2026/10/09 04:46:50.206, 2, 80862, 97871, 100, 505.08
2026/10/09 04:46:50.206, 3, 80860, 97871, 100, 495.59
2026/10/09 04:46:51.207, 0, 80863, 97871, 100, 504.87
2026/10/09 04:46:51.207, 1, 80862, 97871, 100, 507.37
2026/10/09 04:46:51.207, 2, 80862, 97871, 100, 503.16
2026/10/09 04:46:51.207, 3, 80860, 97871, 100, 495.23
2026/10/09 04:46:52.207, 0, 80863, 97871, 100, 511.07
2026/10/09 04:46:52.207, 1, 80862, 97871, 100, 508.80
2026/10/09 04:46:52.207, 2, 80862, 97871, 100, 504.45
2026/10/09 04:46:52.207, 3, 80860, 97871, 100, 496.71
2026/10/09 04:46:53.207, 0, 80863, 97871, 100, 507.58
2026/10/09 04:46:53.207, 1, 80862, 97871, 100, 509.12
2026/10/09 04:46:53.207, 2, 80862, 97871, 100, 505.00
2026/10/09 04:46:53.207, 3, 80860, 97871, 100, 494.54
2026/10/09 04:46:54.207, 0, 80863, 97871, 100, 505.65
2026/10/09 04:46:54.207, 1, 80862, 97871, 100, 508.29
2026/10/09 04:46:54.208, 2, 80862, 97871, 100, 500.47
2026/10/09 04:46:54.208, 3, 80860, 97871, 100, 492.11
2026/10/09 04:46:55.208, 0, 80863, 97871, 100, 505.80
2026/10/09 04:46:55.208, 1, 80862, 97871, 100, 507.07
2026/10/09 04:46:55.208, 2, 80862, 97871, 100, 503.33
2026/10/09 04:46:55.208, 3, 80860, 97871, 100, 489.37
2026/10/09 04:46:56.208, 0, 80863, 97871, 100, 500.12
2026/10/09 04:46:56.208, 1, 80862, 97871, 100, 507.48
2026/10/09 04:46:56.208, 2, 80862, 97871, 100, 496.26
2026/10/09 04:46:56.208, 3, 80860, 97871, 100, 489.00
2026/10/09 04:46:57.208, 0, 80863, 97871, 100, 508.20
2026/10/09 04:46:57.208, 1, 80862, 97871, 100, 509.05
2026/10/09 04:46:57.208, 2, 80862, 97871, 100, 505.10
2026/10/09 04:46:57.208, 3, 80860, 97871, 100, 497.83
2026/10/09 04:46:58.208, 0, 80863, 97871, 100, 508.17
2026/10/09 04:46:58.208, 1, 80862, 97871, 100, 505.52
2026/10/09 04:46:58.208, 2, 80862, 97871, 100, 499.30
2026/10/09 04:46:58.208, 3, 80860, 97871, 100, 495.21
2026/10/09 04:46:59.208, 0, 80863, 97871, 100, 504.76
2026/10/09 04:46:59.209, 1, 80862, 97871, 100, 507.42
2026/10/09 04:46:59.209, 2, 80862, 97871, 100, 502.89
2026/10/09 04:46:59.209, 3, 80860, 97871, 100, 497.24
2026/10/09 04:47:00.209, 0, 80863, 97871, 100, 507.47
2026/10/09 04:47:00.209, 1, 80862, 97871, 100, 506.92
2026/10/09 04:47:00.209, 2, 80862, 97871, 100, 501.77
2026/10/09 04:47:00.209, 3, 80860, 97871, 100, 491.71
2026/10/09 04:47:01.209, 0, 80863, 97871, 100, 507.32
2026/10/09 04:47:01.209, 1, 80862, 97871, 100, 505.72
2026/10/09 04:47:01.209, 2, 80862, 97871, 100, 500.09
2026/10/09 04:47:01.209, 3, 80860, 97871, 100, 490.73
2026/10/09 04:47:02.209, 0, 80863, 97871, 100, 510.23
2026/10/09 04:47:02.209, 1, 80862, 97871, 100, 508.89
2026/10/09 04:47:02.209, 2, 80862, 97871, 100, 506.96
2026/10/09 04:47:02.209, 3, 80860, 97871, 100, 498.85
2026/10/09 04:47:03.210, 0, 80863, 97871, 100, 505.52
2026/10/09 04:47:03.210, 1, 80862, 97871, 100, 506.53
2026/10/09 04:47:03.210, 2, 80862, 97871, 100, 504.56
2026/10/09 04:47:03.210, 3, 80860, 97871, 100, 495.01
2026/10/09 04:47:04.210, 0, 80863, 97871, 100, 507.13
2026/10/09 04:47:04.210, 1, 80862, 97871, 100, 509.73
2026/10/09 04:47:04.210, 2, 80862, 97871, 100, 503.44
2026/10/09 04:47:04.210, 3, 80860, 97871, 100, 496.68
2026/10/09 04:47:05.210, 0, 80863, 97871, 100, 505.40
2026/10/09 04:47:05.210, 1, 80862, 97871, 100, 501.62
2026/10/09 04:47:05.210, 2, 80862, 97871, 100, 504.51
2026/10/09 04:47:05.210, 3, 80860, 97871, 100, 490.66
2026/10/09 04:47:06.210, 0, 80863, 97871, 100, 503.09
2026/10/09 04:47:06.210, 1, 80862, 97871, 100, 506.08
2026/10/09 04:47:06.210, 2, 80862, 97871, 100, 502.36
2026/10/09 04:47:06.210, 3, 80860, 97871, 100, 495.75
2026/10/09 04:47:07.211, 0, 80863, 97871, 100, 510.38
2026/10/09 04:47:07.211, 1, 80862, 97871, 100, 509.03
2026/10/09 04:47:07.211, 2, 80862, 97871, 100, 506.12
2026/10/09 04:47:07.211, 3, 80860, 97871, 100, 496.06
2026/10/09 04:47:08.211, 0, 80863, 97871, 100, 506.08
2026/10/09 04:47:08.211, 1, 80862, 97871, 100, 506.29
2026/10/09 04:47:08.211, 2, 80862, 97871, 100, 505.64
2026/10/09 04:47:08.211, 3, 80860, 97871, 97, 492.73
2026/10/09 04:47:09.211, 0, 80863, 97871, 100, 508.51
2026/10/09 04:47:09.211, 1, 80862, 97871, 100, 506.95
2026/10/09 04:47:09.211, 2, 80862, 97871, 100, 504.23
2026/10/09 04:47:09.211, 3, 80860, 97871, 100, 494.27
2026/10/09 04:47:10.211, 0, 80863, 97871, 100, 503.62
2026/10/09 04:47:10.211, 1, 80862, 97871, 100, 506.53
2026/10/09 04:47:10.212, 2, 80862, 97871, 100, 498.66
2026/10/09 04:47:10.212, 3, 80860, 97871, 100, 493.33
2026/10/09 04:47:11.212, 0, 80863, 97871, 100, 508.36
2026/10/09 04:47:11.212, 1, 80862, 97871, 100, 507.94
2026/10/09 04:47:11.212, 2, 80862, 97871, 100, 503.36
2026/10/09 04:47:11.212, 3, 80860, 97871, 100, 496.60
2026/10/09 04:47:12.212, 0, 80863, 97871, 100, 510.38
2026/10/09 04:47:12.212, 1, 80862, 97871, 100, 506.83
2026/10/09 04:47:12.212, 2, 80862, 97871, 100, 503.32
2026/10/09 04:47:12.212, 3, 80860, 97871, 100, 494.58
2026/10/09 04:47:13.212, 0, 80863, 97871, 100, 508.17
2026/10/09 04:47:13.212, 1, 80862, 97871, 100, 505.80
2026/10/09 04:47:13.212, 2, 80862, 97871, 100, 502.77
2026/10/09 04:47:13.212, 3, 80860, 97871, 100, 496.91
2026/10/09 04:47:14.212, 0, 80863, 97871, 100, 506.86
2026/10/09 04:47:14.213, 1, 80862, 97871, 100, 507.31
2026/10/09 04:47:14.213, 2, 80862, 97871, 100, 503.95
2026/10/09 04:47:14.213, 3, 80860, 97871, 100, 490.82
2026/10/09 04:47:15.213, 0, 80863, 97871, 100, 509.06
2026/10/09 04:47:15.213, 1, 80862, 97871, 100, 506.87
2026/10/09 04:47:15.213, 2, 80862, 97871, 100, 505.24
2026/10/09 04:47:15.213, 3, 80860, 97871, 100, 492.96
2026/10/09 04:47:16.213, 0, 80863, 97871, 99, 509.69
2026/10/09 04:47:16.213, 1, 80862, 97871, 100, 510.59
2026/10/09 04:47:16.213, 2, 80862, 97871, 100, 501.96
2026/10/09 04:47:16.213, 3, 80860, 97871, 100, 497.69
2026/10/09 04:47:17.213, 0, 80863, 97871, 100, 502.82
2026/10/09 04:47:17.213, 1, 80862, 97871, 100, 504.87
2026/10/09 04:47:17.213, 2, 80862, 97871, 100, 506.18
2026/10/09 04:47:17.213, 3, 80860, 97871, 100, 493.39
2026/10/09 04:47:18.214, 0, 80863, 97871, 100, 511.61
2026/10/09 04:47:18.214, 1, 80862, 97871, 100, 508.42
2026/10/09 04:47:18.214, 2, 80862, 97871, 100, 509.63
2026/10/09 04:47:18.214, 3, 80860, 97871, 100, 495.16
2026/10/09 04:47:19.214, 0, 80863, 97871, 100, 505.23
2026/10/09 04:47:19.214, 1, 80862, 97871, 100, 505.77
2026/10/09 04:47:19.214, 2, 80862, 97871, 100, 505.27
2026/10/09 04:47:19.214, 3, 80860, 97871, 100, 492.58
2026/10/09 04:47:20.214, 0, 80863, 97871, 100, 505.87
2026/10/09 04:47:20.214, 1, 80862, 97871, 100, 507.88
2026/10/09 04:47:20.214, 2, 80862, 97871, 100, 500.89
2026/10/09 04:47:20.214, 3, 80860, 97871, 100, 488.09
2026/10/09 04:47:21.214, 0, 80863, 97871, 100, 504.08
2026/10/09 04:47:21.214, 1, 80862, 97871, 100, 503.58
2026/10/09 04:47:21.214, 2, 80862, 97871, 100, 502.91
2026/10/09 04:47:21.214, 3, 80860, 97871, 100, 488.83
2026/10/09 04:47:22.214, 0, 80863, 97871, 100, 507.37
2026/10/09 04:47:22.215, 1, 80862, 97871, 100, 504.62
2026/10/09 04:47:22.215, 2, 80862, 97871, 100, 501.71
2026/10/09 04:47:22.215, 3, 80860, 97871, 100, 490.78
2026/10/09 04:47:23.215, 0, 80863, 97871, 100, 507.90
2026/10/09 04:47:23.215, 1, 80862, 97871, 100, 508.58
2026/10/09 04:47:23.215, 2, 80862, 97871, 100, 504.83
2026/10/09 04:47:23.215, 3, 80860, 97871, 100, 493.70
2026/10/09 04:47:24.215, 0, 80863, 97871, 100, 508.52
2026/10/09 04:47:24.215, 1, 80862, 97871, 100, 509.30
2026/10/09 04:47:24.215, 2, 80862, 97871, 100, 504.08
2026/10/09 04:47:24.215, 3, 80860, 97871, 100, 492.90
2026/10/09 04:47:25.215, 0, 80863, 97871, 100, 511.64
2026/10/09 04:47:25.215, 1, 80862, 97871, 100, 506.34
2026/10/09 04:47:25.215, 2, 80862, 97871, 100, 506.63
2026/10/09 04:47:25.215, 3, 80860, 97871, 100, 492.13
2026/10/09 04:47:26.215, 0, 80863, 97871, 100, 510.18
2026/10/09 04:47:26.215, 1, 80862, 97871, 100, 505.82
2026/10/09 04:47:26.215, 2, 80862, 97871, 100, 501.53
2026/10/09 04:47:26.215, 3, 80860, 97871, 100, 492.59
2026/10/09 04:47:27.215, 0, 80863, 97871, 100, 510.89
2026/10/09 04:47:27.215, 1, 80862, 97871, 100, 508.57
2026/10/09 04:47:27.215, 2, 80862, 97871, 100, 506.99
2026/10/09 04:47:27.215, 3, 80860, 97871, 100, 491.92
2026/10/09 04:47:28.216, 0, 80863, 97871, 100, 507.12
2026/10/09 04:47:28.216, 1, 80862, 97871, 100, 504.57
2026/10/09 04:47:28.216, 2, 80862, 97871, 100, 505.33
2026/10/09 04:47:28.216, 3, 80860, 97871, 100, 490.29
2026/10/09 04:47:29.216, 0, 80863, 97871, 100, 507.18
2026/10/09 04:47:29.216, 1, 80862, 97871, 100, 510.18
2026/10/09 04:47:29.216, 2, 80862, 97871, 100, 503.86
2026/10/09 04:47:29.216, 3, 80860, 97871, 100, 490.96
2026/10/09 04:47:30.216, 0, 80863, 97871, 100, 509.14
2026/10/09 04:47:30.216, 1, 80862, 97871, 100, 509.09
2026/10/09 04:47:30.216, 2, 80862, 97871, 100, 505.40
2026/10/09 04:47:30.216, 3, 80860, 97871, 100, 492.97
2026/10/09 04:47:31.216, 0, 80863, 97871, 100, 506.03
2026/10/09 04:47:31.216, 1, 80862, 97871, 100, 503.19
2026/10/09 04:47:31.217, 2, 80862, 97871, 100, 504.78
2026/10/09 04:47:31.217, 3, 80860, 97871, 100, 491.56
2026/10/09 04:47:32.217, 0, 80863, 97871, 100, 506.41
2026/10/09 04:47:32.217, 1, 80862, 97871, 100, 510.21
2026/10/09 04:47:32.217, 2, 80862, 97871, 100, 504.05
2026/10/09 04:47:32.217, 3, 80860, 97871, 100, 491.78
2026/10/09 04:47:33.217, 0, 80863, 97871, 100, 502.89
2026/10/09 04:47:33.217, 1, 80862, 97871, 100, 507.14
2026/10/09 04:47:33.217, 2, 80862, 97871, 100, 507.67
2026/10/09 04:47:33.217, 3, 80860, 97871, 100, 492.55
2026/10/09 04:47:34.217, 0, 80863, 97871, 100, 504.00
2026/10/09 04:47:34.217, 1, 80862, 97871, 100, 506.77
2026/10/09 04:47:34.217, 2, 80862, 97871, 100, 506.33
2026/10/09 04:47:34.217, 3, 80860, 97871, 100, 494.50
2026/10/09 04:47:35.217, 0, 80863, 97871, 100, 504.55
2026/10/09 04:47:35.217, 1, 80862, 97871, 100, 507.06
2026/10/09 04:47:35.217, 2, 80862, 97871, 100, 502.03
2026/10/09 04:47:35.218, 3, 80860, 97871, 100, 492.12
2026/10/09 04:47:36.218, 0, 80863, 97871, 100, 509.12
2026/10/09 04:47:36.218, 1, 80862, 97871, 100, 506.94
2026/10/09 04:47:36.218, 2, 80862, 97871, 100, 505.21
2026/10/09 04:47:36.218, 3, 80860, 97871, 100, 492.41
2026/10/09 04:47:37.218, 0, 80863, 97871, 100, 505.47
2026/10/09 04:47:37.218, 1, 80862, 97871, 100, 504.43
2026/10/09 04:47:37.218, 2, 80862, 97871, 100, 499.63
2026/10/09 04:47:37.218, 3, 80860, 97871, 100, 493.54
2026/10/09 04:47:38.218, 0, 80863, 97871, 100, 504.72
2026/10/09 04:47:38.218, 1, 80862, 97871, 100, 507.26
2026/10/09 04:47:38.218, 2, 80862, 97871, 100, 507.04
2026/10/09 04:47:38.218, 3, 80860, 97871, 100, 491.58
2026/10/09 04:47:39.218, 0, 80863, 97871, 100, 507.75
2026/10/09 04:47:39.218, 1, 80862, 97871, 100, 506.99
2026/10/09 04:47:39.218, 2, 80862, 97871, 100, 504.57
2026/10/09 04:47:39.218, 3, 80860, 97871, 100, 493.08
2026/10/09 04:47:40.219, 0, 80863, 97871, 100, 506.16
2026/10/09 04:47:40.219, 1, 80862, 97871, 100, 508.00
2026/10/09 04:47:40.219, 2, 80862, 97871, 100, 505.54
2026/10/09 04:47:40.219, 3, 80860, 97871, 100, 492.22
2026/10/09 04:47:41.219, 0, 80863, 97871, 100, 506.97
2026/10/09 04:47:41.219, 1, 80862, 97871, 100, 505.75
2026/10/09 04:47:41.219, 2, 80862, 97871, 100, 504.53
2026/10/09 04:47:41.219, 3, 80860, 97871, 100, 493.59
2026/10/09 04:47:42.219, 0, 80863, 97871, 100, 503.43
2026/10/09 04:47:42.219, 1, 80862, 97871, 100, 505.86
2026/10/09 04:47:42.219, 2, 80862, 97871, 100, 500.47
2026/10/09 04:47:42.219, 3, 80860, 97871, 100, 486.46
2026/10/09 04:47:43.219, 0, 80863, 97871, 100, 505.23
2026/10/09 04:47:43.219, 1, 80862, 97871, 100, 501.97
2026/10/09 04:47:43.219, 2, 80862, 97871, 100, 500.44
2026/10/09 04:47:43.219, 3, 80860, 97871, 100, 493.99
2026/10/09 04:47:44.220, 0, 80863, 97871, 100, 508.50
2026/10/09 04:47:44.220, 1, 80862, 97871, 100, 509.02
2026/10/09 04:47:44.220, 2, 80862, 97871, 100, 503.76
2026/10/09 04:47:44.220, 3, 80860, 97871, 100, 493.14
2026/10/09 04:47:45.220, 0, 80863, 97871, 100, 507.08
2026/10/09 04:47:45.220, 1, 80862, 97871, 100, 507.53
2026/10/09 04:47:45.220, 2, 80862, 97871, 100, 506.75
2026/10/09 04:47:45.220, 3, 80860, 97871, 100, 494.69
2026/10/09 04:47:46.220, 0, 80863, 97871, 100, 505.75
2026/10/09 04:47:46.220, 1, 80862, 97871, 100, 508.30
2026/10/09 04:47:46.220, 2, 80862, 97871, 100, 504.56
2026/10/09 04:47:46.220, 3, 80860, 97871, 100, 492.54
2026/10/09 04:47:47.220, 0, 80863, 97871, 100, 505.14
2026/10/09 04:47:47.220, 1, 80862, 97871, 100, 505.04
2026/10/09 04:47:47.220, 2, 80862, 97871, 100, 507.28
2026/10/09 04:47:47.220, 3, 80860, 97871, 100, 492.61
2026/10/09 04:47:48.220, 0, 80863, 97871, 100, 506.28
2026/10/09 04:47:48.221, 1, 80862, 97871, 100, 503.38
2026/10/09 04:47:48.221, 2, 80862, 97871, 100, 503.51
2026/10/09 04:47:48.221, 3, 80860, 97871, 100, 491.93
2026/10/09 04:47:49.221, 0, 80863, 97871, 100, 511.81
2026/10/09 04:47:49.221, 1, 80862, 97871, 100, 510.90
2026/10/09 04:47:49.221, 2, 80862, 97871, 100, 507.32
2026/10/09 04:47:49.221, 3, 80860, 97871, 100, 494.62
2026/10/09 04:47:50.221, 0, 80863, 97871, 100, 507.10
2026/10/09 04:47:50.221, 1, 80862, 97871, 100, 509.93
2026/10/09 04:47:50.221, 2, 80862, 97871, 100, 508.08
2026/10/09 04:47:50.221, 3, 80860, 97871, 100, 492.77
2026/10/09 04:47:51.221, 0, 80863, 97871, 100, 505.56
2026/10/09 04:47:51.221, 1, 80862, 97871, 100, 506.65
2026/10/09 04:47:51.221, 2, 80862, 97871, 100, 503.41
2026/10/09 04:47:51.221, 3, 80860, 97871, 100, 488.06
2026/10/09 04:47:52.221, 0, 80863, 97871, 100, 509.05
2026/10/09 04:47:52.221, 1, 80862, 97871, 100, 505.33
2026/10/09 04:47:52.222, 2, 80862, 97871, 100, 504.72
2026/10/09 04:47:52.222, 3, 80860, 97871, 100, 490.40
2026/10/09 04:47:53.222, 0, 80863, 97871, 100, 504.70
2026/10/09 04:47:53.222, 1, 80862, 97871, 100, 506.60
2026/10/09 04:47:53.222, 2, 80862, 97871, 100, 506.99
2026/10/09 04:47:53.222, 3, 80860, 97871, 100, 490.57
2026/10/09 04:47:54.222, 0, 80863, 97871, 100, 506.23
2026/10/09 04:47:54.222, 1, 80862, 97871, 100, 506.03
2026/10/09 04:47:54.222, 2, 80862, 97871, 100, 504.67
2026/10/09 04:47:54.222, 3, 80860, 97871, 100, 491.14
2026/10/09 04:47:55.222, 0, 80863, 97871, 100, 507.31
2026/10/09 04:47:55.222, 1, 80862, 97871, 100, 508.28
2026/10/09 04:47:55.222, 2, 80862, 97871, 100, 504.52
2026/10/09 04:47:55.222, 3, 80860, 97871, 100, 494.43
2026/10/09 04:47:56.222, 0, 80863, 97871, 100, 511.52
2026/10/09 04:47:56.222, 1, 80862, 97871, 100, 508.06
2026/10/09 04:47:56.222, 2, 80862, 97871, 100, 506.04
2026/10/09 04:47:56.223, 3, 80860, 97871, 100, 492.43
2026/10/09 04:47:57.223, 0, 80863, 97871, 100, 509.25
2026/10/09 04:47:57.223, 1, 80862, 97871, 100, 505.93
2026/10/09 04:47:57.223, 2, 80862, 97871, 100, 508.22
2026/10/09 04:47:57.223, 3, 80860, 97871, 100, 492.30
2026/10/09 04:47:58.223, 0, 80863, 97871, 100, 508.54
2026/10/09 04:47:58.223, 1, 80862, 97871, 100, 507.55
2026/10/09 04:47:58.223, 2, 80862, 97871, 100, 507.06
2026/10/09 04:47:58.223, 3, 80860, 97871, 100, 497.04
2026/10/09 04:47:59.223, 0, 80863, 97871, 100, 507.53
2026/10/09 04:47:59.223, 1, 80862, 97871, 100, 501.90
2026/10/09 04:47:59.223, 2, 80862, 97871, 100, 501.61
2026/10/09 04:47:59.223, 3, 80860, 97871, 100, 492.61
2026/10/09 04:48:00.223, 0, 80863, 97871, 100, 507.76
2026/10/09 04:48:00.223, 1, 80862, 97871, 100, 505.18
2026/10/09 04:48:00.223, 2, 80862, 97871, 100, 502.73
2026/10/09 04:48:00.223, 3, 80860, 97871, 100, 490.05
2026/10/09 04:48:01.224, 0, 80863, 97871, 100, 506.34
2026/10/09 04:48:01.224, 1, 80862, 97871, 100, 508.03
2026/10/09 04:48:01.224, 2, 80862, 97871, 100, 506.45
2026/10/09 04:48:01.224, 3, 80860, 97871, 100, 491.30
2026/10/09 04:48:02.224, 0, 80863, 97871, 100, 504.27
2026/10/09 04:48:02.224, 1, 80862, 97871, 100, 500.06
2026/10/09 04:48:02.224, 2, 80862, 97871, 100, 503.47
2026/10/09 04:48:02.224, 3, 80860, 97871, 100, 490.03
2026/10/09 04:48:03.224, 0, 80863, 97871, 100, 507.29
2026/10/09 04:48:03.224, 1, 80862, 97871, 100, 507.09
2026/10/09 04:48:03.224, 2, 80862, 97871, 100, 509.87
2026/10/09 04:48:03.224, 3, 80860, 97871, 100, 494.47
2026/10/09 04:48:04.224, 0, 80863, 97871, 100, 502.69
2026/10/09 04:48:04.224, 1, 80862, 97871, 100, 505.36
2026/10/09 04:48:04.224, 2, 80862, 97871, 100, 503.70
2026/10/09 04:48:04.224, 3, 80860, 97871, 100, 490.58
2026/10/09 04:48:05.224, 0, 80863, 97871, 100, 508.31
2026/10/09 04:48:05.225, 1, 80862, 97871, 100, 507.31
2026/10/09 04:48:05.225, 2, 80862, 97871, 100, 509.32
2026/10/09 04:48:05.225, 3, 80860, 97871, 100, 491.34
2026/10/09 04:48:06.225, 0, 80863, 97871, 100, 505.72
2026/10/09 04:48:06.225, 1, 80862, 97871, 100, 506.37
2026/10/09 04:48:06.225, 2, 80862, 97871, 100, 506.14
2026/10/09 04:48:06.225, 3, 80860, 97871, 100, 494.00
2026/10/09 04:48:07.225, 0, 80863, 97871, 100, 506.78
2026/10/09 04:48:07.225, 1, 80862, 97871, 100, 506.15
2026/10/09 04:48:07.225, 2, 80862, 97871, 100, 504.04
2026/10/09 04:48:07.225, 3, 80860, 97871, 100, 495.59
2026/10/09 04:48:08.225, 0, 80863, 97871, 100, 509.50
2026/10/09 04:48:08.225, 1, 80862, 97871, 100, 508.08
2026/10/09 04:48:08.225, 2, 80862, 97871, 100, 504.08
2026/10/09 04:48:08.225, 3, 80860, 97871, 100, 491.14
2026/10/09 04:48:09.225, 0, 80863, 97871, 100, 506.76
2026/10/09 04:48:09.225, 1, 80862, 97871, 100, 507.56
2026/10/09 04:48:09.225, 2, 80862, 97871, 100, 504.90
2026/10/09 04:48:09.225, 3, 80860, 97871, 100, 490.72
2026/10/09 04:48:10.226, 0, 80863, 97871, 100, 508.42
2026/10/09 04:48:10.226, 1, 80862, 97871, 100, 503.45
2026/10/09 04:48:10.226, 2, 80862, 97871, 100, 501.40
2026/10/09 04:48:10.226, 3, 80860, 97871, 100, 491.12
2026/10/09 04:48:11.226, 0, 80863, 97871, 100, 509.32
2026/10/09 04:48:11.226, 1, 80862, 97871, 100, 507.94
2026/10/09 04:48:11.226, 2, 80862, 97871, 100, 509.56
2026/10/09 04:48:11.226, 3, 80860, 97871, 100, 490.41
2026/10/09 04:48:12.226, 0, 80863, 97871, 100, 505.17
2026/10/09 04:48:12.226, 1, 80862, 97871, 100, 508.70
2026/10/09 04:48:12.226, 2, 80862, 97871, 100, 502.74
2026/10/09 04:48:12.226, 3, 80860, 97871, 100, 493.60
2026/10/09 04:48:13.226, 0, 80863, 97871, 100, 504.55
2026/10/09 04:48:13.226, 1, 80862, 97871, 100, 505.87
2026/10/09 04:48:13.226, 2, 80862, 97871, 100, 505.38
2026/10/09 04:48:13.226, 3, 80860, 97871, 100, 489.29
2026/10/09 04:48:14.227, 0, 80863, 97871, 100, 508.52
2026/10/09 04:48:14.227, 1, 80862, 97871, 100, 506.60
2026/10/09 04:48:14.227, 2, 80862, 97871, 100, 505.11
2026/10/09 04:48:14.227, 3, 80860, 97871, 100, 490.30
2026/10/09 04:48:15.227, 0, 80863, 97871, 100, 508.75
2026/10/09 04:48:15.227, 1, 80862, 97871, 100, 507.94
2026/10/09 04:48:15.227, 2, 80862, 97871, 100, 506.05
2026/10/09 04:48:15.227, 3, 80860, 97871, 100, 494.38
2026/10/09 04:48:16.227, 0, 80863, 97871, 100, 509.16
2026/10/09 04:48:16.227, 1, 80862, 97871, 100, 509.09
2026/10/09 04:48:16.227, 2, 80862, 97871, 100, 506.28
2026/10/09 04:48:16.227, 3, 80860, 97871, 100, 494.71
2026/10/09 04:48:17.227, 0, 80863, 97871, 100, 507.06
2026/10/09 04:48:17.227, 1, 80862, 97871, 100, 506.52
2026/10/09 04:48:17.227, 2, 80862, 97871, 100, 507.18
2026/10/09 04:48:17.227, 3, 80860, 97871, 100, 489.67
2026/10/09 04:48:18.227, 0, 80863, 97871, 100, 508.82
2026/10/09 04:48:18.227, 1, 80862, 97871, 100, 508.97
2026/10/09 04:48:18.227, 2, 80862, 97871, 100, 507.71
2026/10/09 04:48:18.227, 3, 80860, 97871, 100, 490.70
2026/10/09 04:48:19.228, 0, 80863, 97871, 100, 509.62
2026/10/09 04:48:19.228, 1, 80862, 97871, 100, 507.06
2026/10/09 04:48:19.228, 2, 80862, 97871, 100, 502.78
2026/10/09 04:48:19.228, 3, 80860, 97871, 100, 494.06
2026/10/09 04:48:20.228, 0, 80863, 97871, 100, 509.12
2026/10/09 04:48:20.228, 1, 80862, 97871, 100, 508.64
2026/10/09 04:48:20.228, 2, 80862, 97871, 100, 504.54
2026/10/09 04:48:20.228, 3, 80860, 97871, 100, 494.51
2026/10/09 04:48:21.228, 0, 80863, 97871, 100, 510.34
2026/10/09 04:48:21.228, 1, 80862, 97871, 100, 509.09
2026/10/09 04:48:21.228, 2, 80862, 97871, 100, 505.83
2026/10/09 04:48:21.228, 3, 80860, 97871, 100, 491.95
2026/10/09 04:48:22.228, 0, 80863, 97871, 100, 507.21
2026/10/09 04:48:22.228, 1, 80862, 97871, 100, 506.58
2026/10/09 04:48:22.228, 2, 80862, 97871, 100, 501.99
2026/10/09 04:48:22.228, 3, 80860, 97871, 100, 493.75
2026/10/09 04:48:23.228, 0, 80863, 97871, 100, 508.20
2026/10/09 04:48:23.229, 1, 80862, 97871, 100, 508.28
2026/10/09 04:48:23.229, 2, 80862, 97871, 100, 509.81
2026/10/09 04:48:23.229, 3, 80860, 97871, 100, 494.08
2026/10/09 04:48:24.229, 0, 80863, 97871, 100, 514.34
2026/10/09 04:48:24.229, 1, 80862, 97871, 100, 508.73
2026/10/09 04:48:24.229, 2, 80862, 97871, 100, 507.64
2026/10/09 04:48:24.229, 3, 80860, 97871, 100, 494.48
2026/10/09 04:48:25.229, 0, 80863, 97871, 100, 507.47
2026/10/09 04:48:25.229, 1, 80862, 97871, 100, 509.49
2026/10/09 04:48:25.229, 2, 80862, 97871, 100, 503.93
2026/10/09 04:48:25.229, 3, 80860, 97871, 100, 495.70
2026/10/09 04:48:26.229, 0, 80863, 97871, 100, 509.89
2026/10/09 04:48:26.229, 1, 80862, 97871, 100, 509.68
2026/10/09 04:48:26.229, 2, 80862, 97871, 100, 507.98
2026/10/09 04:48:26.229, 3, 80860, 97871, 100, 498.40
2026/10/09 04:48:27.229, 0, 80863, 97871, 100, 508.69
2026/10/09 04:48:27.229, 1, 80862, 97871, 100, 504.65
2026/10/09 04:48:27.229, 2, 80862, 97871, 100, 506.74
2026/10/09 04:48:27.229, 3, 80860, 97871, 100, 495.18
2026/10/09 04:48:28.230, 0, 80863, 97871, 100, 510.42
2026/10/09 04:48:28.230, 1, 80862, 97871, 100, 512.29
2026/10/09 04:48:28.230, 2, 80862, 97871, 100, 507.42
2026/10/09 04:48:28.230, 3, 80860, 97871, 100, 496.64
2026/10/09 04:48:29.230, 0, 80863, 97871, 100, 519.50
2026/10/09 04:48:29.230, 1, 80862, 97871, 100, 516.30
2026/10/09 04:48:29.230, 2, 80862, 97871, 100, 511.80
2026/10/09 04:48:29.230, 3, 80860, 97871, 100, 503.06
2026/10/09 04:48:30.230, 0, 80863, 97871, 99, 429.99
2026/10/09 04:48:30.230, 1, 80862, 97871, 99, 439.97
2026/10/09 04:48:30.230, 2, 80862, 97871, 99, 436.31
2026/10/09 04:48:30.230, 3, 80860, 97871, 99, 428.29
2026/10/09 04:48:31.230, 0, 80863, 97871, 0, 212.38
2026/10/09 04:48:31.230, 1, 80862, 97871, 0, 224.89
2026/10/09 04:48:31.230, 2, 80862, 97871, 0, 222.92
2026/10/09 04:48:31.230, 3, 80860, 97871, 0, 217.39
2026/10/09 04:48:32.231, 0, 80863, 97871, 0, 138.70
2026/10/09 04:48:32.231, 1, 80862, 97871, 0, 141.71
2026/10/09 04:48:32.231, 2, 80862, 97871, 0, 146.20
2026/10/09 04:48:32.231, 3, 80860, 97871, 0, 132.72
2026/10/09 04:48:33.231, 0, 77625, 97871, 0, 138.39
2026/10/09 04:48:33.231, 1, 77724, 97871, 0, 140.94
2026/10/09 04:48:33.231, 2, 77820, 97871, 0, 145.85
2026/10/09 04:48:33.231, 3, 77722, 97871, 0, 132.48
2026/10/09 04:48:34.231, 0, 77337, 97871, 0, 138.38
2026/10/09 04:48:34.253, 1, 77336, 97871, 0, 140.26
2026/10/09 04:48:34.290, 2, 77336, 97871, 0, 146.10
2026/10/09 04:48:34.305, 3, 77334, 97871, 0, 132.43
2026/10/09 04:48:35.305, 0, 77337, 97871, 0, 138.39
2026/10/09 04:48:35.305, 1, 77336, 97871, 0, 140.26
2026/10/09 04:48:35.305, 2, 77336, 97871, 0, 146.03
2026/10/09 04:48:35.305, 3, 77334, 97871, 0, 132.34
2026/10/09 04:48:36.306, 0, 27, 97871, 0, 141.00
2026/10/09 04:48:36.306, 1, 77336, 97871, 0, 139.89
2026/10/09 04:48:36.306, 2, 77336, 97871, 0, 145.66
2026/10/09 04:48:36.306, 3, 77334, 97871, 0, 131.94
2026/10/09 04:48:37.306, 0, 7, 97871, 0, 141.88
2026/10/09 04:48:37.306, 1, 6, 97871, 0, 142.78
2026/10/09 04:48:37.306, 2, 6, 97871, 0, 146.55
2026/10/09 04:48:37.306, 3, 4, 97871, 0, 134.34
2026/10/09 04:48:38.306, 0, 7, 97871, 0, 101.70
2026/10/09 04:48:38.306, 1, 6, 97871, 0, 144.08
2026/10/09 04:48:38.306, 2, 6, 97871, 0, 142.35
2026/10/09 04:48:38.306, 3, 4, 97871, 0, 135.20
2026/10/09 04:48:39.306, 0, 7, 97871, 0, 92.88
2026/10/09 04:48:39.306, 1, 6, 97871, 0, 102.92
2026/10/09 04:48:39.306, 2, 6, 97871, 0, 96.22
2026/10/09 04:48:39.306, 3, 4, 97871, 0, 115.31
2026/10/09 04:48:40.306, 0, 7, 97871, 0, 92.86
2026/10/09 04:48:40.307, 1, 6, 97871, 0, 93.56
2026/10/09 04:48:40.307, 2, 6, 97871, 0, 96.92
2026/10/09 04:48:40.307, 3, 4, 97871, 0, 84.99
2026/10/09 04:48:41.307, 0, 7, 97871, 0, 92.79
2026/10/09 04:48:41.307, 1, 6, 97871, 0, 93.79
2026/10/09 04:48:41.307, 2, 6, 97871, 0, 97.10
2026/10/09 04:48:41.307, 3, 4, 97871, 0, 85.18
2026/10/09 04:48:42.307, 0, 7, 97871, 0, 92.52
2026/10/09 04:48:42.307, 1, 6, 97871, 0, 93.72
2026/10/09 04:48:42.307, 2, 6, 97871, 0, 96.99
2026/10/09 04:48:42.307, 3, 4, 97871, 0, 85.24
2026/10/09 04:48:43.307, 0, 7, 97871, 0, 92.54
2026/10/09 04:48:43.339, 1, 6, 97871, 0, 93.96
2026/10/09 04:48:43.385, 2, 6, 97871, 0, 96.83
2026/10/09 04:48:43.385, 3, 4, 97871, 0, 84.82
2026/10/09 04:48:44.385, 0, 7, 97871, 0, 92.71
2026/10/09 04:48:44.385, 1, 6, 97871, 0, 94.06
2026/10/09 04:48:44.385, 2, 6, 97871, 0, 96.42
2026/10/09 04:48:44.385, 3, 4, 97871, 0, 85.29
2026/10/09 04:48:45.385, 0, 7, 97871, 0, 92.91
2026/10/09 04:48:45.385, 1, 6, 97871, 0, 94.15
2026/10/09 04:48:45.385, 2, 6, 97871, 0, 96.58
2026/10/09 04:48:45.385, 3, 4, 97871, 0, 85.43
2026/10/09 04:48:46.385, 0, 7, 97871, 0, 93.04
2026/10/09 04:48:46.385, 1, 6, 97871, 0, 94.28
2026/10/09 04:48:46.385, 2, 6, 97871, 0, 96.79
2026/10/09 04:48:46.386, 3, 4, 97871, 0, 85.06
2026/10/09 04:48:47.386, 0, 7, 97871, 0, 93.14
2026/10/09 04:48:47.386, 1, 6, 97871, 0, 94.22
2026/10/09 04:48:47.386, 2, 6, 97871, 0, 96.52
2026/10/09 04:48:47.386, 3, 4, 97871, 0, 84.98
2026/10/09 04:48:48.386, 0, 7, 97871, 0, 92.92
2026/10/09 04:48:48.386, 1, 6, 97871, 0, 94.13
2026/10/09 04:48:48.386, 2, 6, 97871, 0, 96.93
2026/10/09 04:48:48.386, 3, 4, 97871, 0, 85.16
2026/10/09 04:48:49.386, 0, 7, 97871, 0, 93.14
2026/10/09 04:48:49.386, 1, 6, 97871, 0, 94.14
2026/10/09 04:48:49.386, 2, 6, 97871, 0, 96.90
2026/10/09 04:48:49.386, 3, 4, 97871, 0, 85.03
2026/10/09 04:48:50.386, 0, 7, 97871, 0, 93.15
2026/10/09 04:48:50.386, 1, 6, 97871, 0, 94.08
2026/10/09 04:48:50.386, 2, 6, 97871, 0, 96.88
2026/10/09 04:48:50.386, 3, 4, 97871, 0, 85.16
2026/10/09 04:48:51.386, 0, 7, 97871, 0, 92.94
2026/10/09 04:48:51.386, 1, 6, 97871, 0, 94.05
2026/10/09 04:48:51.386, 2, 6, 97871, 0, 96.80
2026/10/09 04:48:51.386, 3, 4, 97871, 0, 85.43
2026/10/09 04:48:52.386, 0, 7, 97871, 0, 92.94
2026/10/09 04:48:52.387, 1, 6, 97871, 0, 93.96
2026/10/09 04:48:52.387, 2, 6, 97871, 0, 96.80
2026/10/09 04:48:52.387, 3, 4, 97871, 0, 84.95
2026/10/09 04:48:53.387, 0, 7, 97871, 0, 92.98
2026/10/09 04:48:53.387, 1, 6, 97871, 0, 94.05
2026/10/09 04:48:53.387, 2, 6, 97871, 0, 96.36
2026/10/09 04:48:53.387, 3, 4, 97871, 0, 84.82
2026/10/09 04:48:54.387, 0, 7, 97871, 0, 92.79
2026/10/09 04:48:54.387, 1, 6, 97871, 0, 93.96
2026/10/09 04:48:54.387, 2, 6, 97871, 0, 96.56
2026/10/09 04:48:54.387, 3, 4, 97871, 0, 84.64
2026/10/09 04:48:55.387, 0, 7, 97871, 0, 92.84
2026/10/09 04:48:55.387, 1, 6, 97871, 0, 93.84
2026/10/09 04:48:55.387, 2, 6, 97871, 0, 96.45
2026/10/09 04:48:55.387, 3, 4, 97871, 0, 85.01
2026/10/09 04:48:56.387, 0, 7, 97871, 0, 93.09
2026/10/09 04:48:56.387, 1, 6, 97871, 0, 93.83
2026/10/09 04:48:56.387, 2, 6, 97871, 0, 96.37
2026/10/09 04:48:56.387, 3, 4, 97871, 0, 84.91
2026/10/09 04:48:57.387, 0, 7, 97871, 0, 93.05
2026/10/09 04:48:57.387, 1, 6, 97871, 0, 93.75
2026/10/09 04:48:57.387, 2, 6, 97871, 0, 96.65
2026/10/09 04:48:57.387, 3, 4, 97871, 0, 84.79
2026/10/09 04:48:58.387, 0, 7, 97871, 0, 93.00
2026/10/09 04:48:58.387, 1, 6, 97871, 0, 93.84
2026/10/09 04:48:58.387, 2, 6, 97871, 0, 96.72
2026/10/09 04:48:58.387, 3, 4, 97871, 0, 84.73
2026/10/09 04:48:59.388, 0, 7, 97871, 0, 92.85
2026/10/09 04:48:59.388, 1, 6, 97871, 0, 93.88
2026/10/09 04:48:59.388, 2, 6, 97871, 0, 96.73
2026/10/09 04:48:59.388, 3, 4, 97871, 0, 85.05
2026/10/09 04:49:00.388, 0, 7, 97871, 0, 92.89
2026/10/09 04:49:00.388, 1, 6, 97871, 0, 93.79
2026/10/09 04:49:00.388, 2, 6, 97871, 0, 96.62
2026/10/09 04:49:00.388, 3, 4, 97871, 0, 85.05
2026/10/09 04:49:01.388, 0, 7, 97871, 0, 92.85
2026/10/09 04:49:01.388, 1, 6, 97871, 0, 93.82
2026/10/09 04:49:01.388, 2, 6, 97871, 0, 96.66
2026/10/09 04:49:01.388, 3, 4, 97871, 0, 84.97
2026/10/09 04:49:02.388, 0, 7, 97871, 0, 92.97
2026/10/09 04:49:02.388, 1, 6, 97871, 0, 93.71
2026/10/09 04:49:02.389, 2, 6, 97871, 0, 96.58
2026/10/09 04:49:02.389, 3, 4, 97871, 0, 84.62
2026/10/09 04:49:03.389, 0, 7, 97871, 0, 92.89
2026/10/09 04:49:03.389, 1, 6, 97871, 0, 93.78
2026/10/09 04:49:03.389, 2, 6, 97871, 0, 96.55
2026/10/09 04:49:03.389, 3, 4, 97871, 0, 84.83
2026/10/09 04:49:04.389, 0, 7, 97871, 0, 93.02
2026/10/09 04:49:04.389, 1, 6, 97871, 0, 93.74
2026/10/09 04:49:04.389, 2, 6, 97871, 0, 96.39
2026/10/09 04:49:04.389, 3, 4, 97871, 0, 84.55
2026/10/09 04:49:05.389, 0, 7, 97871, 0, 92.96
2026/10/09 04:49:05.389, 1, 6, 97871, 0, 93.82
2026/10/09 04:49:05.389, 2, 6, 97871, 0, 96.43
2026/10/09 04:49:05.389, 3, 4, 97871, 0, 84.71
2026/10/09 04:49:06.389, 0, 7, 97871, 0, 92.92
2026/10/09 04:49:06.389, 1, 6, 97871, 0, 93.74
2026/10/09 04:49:06.389, 2, 6, 97871, 0, 96.51
2026/10/09 04:49:06.389, 3, 4, 97871, 0, 84.46
2026/10/09 04:49:07.389, 0, 7, 97871, 0, 92.90
2026/10/09 04:49:07.389, 1, 6, 97871, 0, 93.77
2026/10/09 04:49:07.389, 2, 6, 97871, 0, 96.63
2026/10/09 04:49:07.389, 3, 4, 97871, 0, 84.76
2026/10/09 04:49:08.389, 0, 7, 97871, 0, 92.90
2026/10/09 04:49:08.390, 1, 6, 97871, 0, 93.67
2026/10/09 04:49:08.390, 2, 6, 97871, 0, 96.43
2026/10/09 04:49:08.390, 3, 4, 97871, 0, 84.72
2026/10/09 04:49:09.390, 0, 7, 97871, 0, 92.83
2026/10/09 04:49:09.390, 1, 6, 97871, 0, 93.57
2026/10/09 04:49:09.390, 2, 6, 97871, 0, 96.55
2026/10/09 04:49:09.390, 3, 4, 97871, 0, 84.52
2026/10/09 04:49:10.390, 0, 7, 97871, 0, 92.81
2026/10/09 04:49:10.390, 1, 6, 97871, 0, 93.62
2026/10/09 04:49:10.390, 2, 6, 97871, 0, 96.61
2026/10/09 04:49:10.390, 3, 4, 97871, 0, 84.65
2026/10/09 04:49:11.390, 0, 7, 97871, 0, 92.73
2026/10/09 04:49:11.390, 1, 6, 97871, 0, 93.68
2026/10/09 04:49:11.390, 2, 6, 97871, 0, 96.41
2026/10/09 04:49:11.390, 3, 4, 97871, 0, 84.46
2026/10/09 04:49:12.390, 0, 7, 97871, 0, 92.78
2026/10/09 04:49:12.390, 1, 6, 97871, 0, 93.78
2026/10/09 04:49:12.390, 2, 6, 97871, 0, 96.49
2026/10/09 04:49:12.390, 3, 4, 97871, 0, 84.68
2026/10/09 04:49:13.390, 0, 7, 97871, 0, 92.98
2026/10/09 04:49:13.390, 1, 6, 97871, 0, 93.79
2026/10/09 04:49:13.390, 2, 6, 97871, 0, 96.39
2026/10/09 04:49:13.390, 3, 4, 97871, 0, 84.60
2026/10/09 04:49:14.390, 0, 7, 97871, 0, 92.93
2026/10/09 04:49:14.391, 1, 6, 97871, 0, 93.64
2026/10/09 04:49:14.391, 2, 6, 97871, 0, 96.64
2026/10/09 04:49:14.391, 3, 4, 97871, 0, 84.63
2026/10/09 04:49:15.391, 0, 7, 97871, 0, 93.00
2026/10/09 04:49:15.391, 1, 6, 97871, 0, 93.66
2026/10/09 04:49:15.391, 2, 6, 97871, 0, 96.34
2026/10/09 04:49:15.391, 3, 4, 97871, 0, 84.55
2026/10/09 04:49:16.391, 0, 7, 97871, 0, 93.10
2026/10/09 04:49:16.391, 1, 6, 97871, 0, 93.65
2026/10/09 04:49:16.391, 2, 6, 97871, 0, 96.60
2026/10/09 04:49:16.391, 3, 4, 97871, 0, 84.54
2026/10/09 04:49:17.391, 0, 7, 97871, 0, 93.18
2026/10/09 04:49:17.391, 1, 6, 97871, 0, 93.63
2026/10/09 04:49:17.391, 2, 6, 97871, 0, 96.66
2026/10/09 04:49:17.391, 3, 4, 97871, 0, 84.62
2026/10/09 04:49:18.391, 0, 7, 97871, 0, 93.29
2026/10/09 04:49:18.391, 1, 6, 97871, 0, 93.75
2026/10/09 04:49:18.391, 2, 6, 97871, 0, 96.69
2026/10/09 04:49:18.391, 3, 4, 97871, 0, 84.84
2026/10/09 04:49:19.391, 0, 7, 97871, 0, 93.31
2026/10/09 04:49:19.391, 1, 6, 97871, 0, 93.88
2026/10/09 04:49:19.391, 2, 6, 97871, 0, 96.73
2026/10/09 04:49:19.391, 3, 4, 97871, 0, 84.88
2026/10/09 04:49:20.391, 0, 7, 97871, 0, 93.28
2026/10/09 04:49:20.391, 1, 6, 97871, 0, 93.69
2026/10/09 04:49:20.391, 2, 6, 97871, 0, 96.55
2026/10/09 04:49:20.391, 3, 4, 97871, 0, 84.78
2026/10/09 04:49:21.391, 0, 7, 97871, 0, 93.29
2026/10/09 04:49:21.392, 1, 6, 97871, 0, 93.91
2026/10/09 04:49:21.392, 2, 6, 97871, 0, 96.49
2026/10/09 04:49:21.392, 3, 4, 97871, 0, 84.65
2026/10/09 04:49:22.392, 0, 7, 97871, 0, 93.08
2026/10/09 04:49:22.392, 1, 6, 97871, 0, 93.71
2026/10/09 04:49:22.392, 2, 6, 97871, 0, 96.52
2026/10/09 04:49:22.392, 3, 4, 97871, 0, 84.66
2026/10/09 04:49:23.392, 0, 7, 97871, 0, 93.01
2026/10/09 04:49:23.392, 1, 6, 97871, 0, 93.71
2026/10/09 04:49:23.392, 2, 6, 97871, 0, 96.45
2026/10/09 04:49:23.392, 3, 4, 97871, 0, 84.53
2026/10/09 04:49:24.392, 0, 7, 97871, 0, 93.11
2026/10/09 04:49:24.392, 1, 6, 97871, 0, 93.82
2026/10/09 04:49:24.392, 2, 6, 97871, 0, 96.41
2026/10/09 04:49:24.392, 3, 4, 97871, 0, 84.75
2026/10/09 04:49:25.392, 0, 7, 97871, 0, 93.20
2026/10/09 04:49:25.392, 1, 6, 97871, 0, 93.94
2026/10/09 04:49:25.392, 2, 6, 97871, 0, 96.64
2026/10/09 04:49:25.392, 3, 4, 97871, 0, 84.62
2026/10/09 04:49:26.392, 0, 7, 97871, 0, 92.97
2026/10/09 04:49:26.392, 1, 6, 97871, 0, 93.80
2026/10/09 04:49:26.392, 2, 6, 97871, 0, 96.48
2026/10/09 04:49:26.392, 3, 4, 97871, 0, 84.54
2026/10/09 04:49:27.392, 0, 7, 97871, 0, 93.07
2026/10/09 04:49:27.392, 1, 6, 97871, 0, 93.68
2026/10/09 04:49:27.392, 2, 6, 97871, 0, 96.40
2026/10/09 04:49:27.392, 3, 4, 97871, 0, 84.60
2026/10/09 04:49:28.393, 0, 7, 97871, 0, 93.18
2026/10/09 04:49:28.393, 1, 6, 97871, 0, 93.70
2026/10/09 04:49:28.393, 2, 6, 97871, 0, 96.56
2026/10/09 04:49:28.393, 3, 4, 97871, 0, 84.50
2026/10/09 04:49:29.393, 0, 7, 97871, 0, 93.07
2026/10/09 04:49:29.393, 1, 6, 97871, 0, 93.66
2026/10/09 04:49:29.393, 2, 6, 97871, 0, 96.32
2026/10/09 04:49:29.393, 3, 4, 97871, 0, 84.61
2026/10/09 04:49:30.393, 0, 7, 97871, 0, 93.25
2026/10/09 04:49:30.393, 1, 6, 97871, 0, 93.76
2026/10/09 04:49:30.393, 2, 6, 97871, 0, 96.48
2026/10/09 04:49:30.393, 3, 4, 97871, 0, 84.54
2026/10/09 04:49:31.393, 0, 7, 97871, 0, 93.13
2026/10/09 04:49:31.393, 1, 6, 97871, 0, 93.66
2026/10/09 04:49:31.393, 2, 6, 97871, 0, 96.35
2026/10/09 04:49:31.393, 3, 4, 97871, 0, 84.56
2026/10/09 04:49:32.393, 0, 7, 97871, 0, 93.21
2026/10/09 04:49:32.393, 1, 6, 97871, 0, 93.60
2026/10/09 04:49:32.393, 2, 6, 97871, 0, 96.44
2026/10/09 04:49:32.393, 3, 4, 97871, 0, 84.48
2026/10/09 04:49:33.393, 0, 7, 97871, 0, 93.15
2026/10/09 04:49:33.393, 1, 6, 97871, 0, 93.55
2026/10/09 04:49:33.393, 2, 6, 97871, 0, 96.46
2026/10/09 04:49:33.394, 3, 4, 97871, 0, 84.39
2026/10/09 04:49:34.394, 0, 7, 97871, 0, 93.08
2026/10/09 04:49:34.394, 1, 6, 97871, 0, 93.62
2026/10/09 04:49:34.394, 2, 6, 97871, 0, 96.40
2026/10/09 04:49:34.394, 3, 4, 97871, 0, 84.67
2026/10/09 04:49:35.394, 0, 7, 97871, 0, 93.23
2026/10/09 04:49:35.394, 1, 6, 97871, 0, 93.62
2026/10/09 04:49:35.394, 2, 6, 97871, 0, 96.70
2026/10/09 04:49:35.394, 3, 4, 97871, 0, 84.47
2026/10/09 04:49:36.394, 0, 7, 97871, 0, 93.29
2026/10/09 04:49:36.394, 1, 6, 97871, 0, 93.60
2026/10/09 04:49:36.394, 2, 6, 97871, 0, 96.31
2026/10/09 04:49:36.394, 3, 4, 97871, 0, 84.56
2026/10/09 04:49:37.394, 0, 7, 97871, 0, 93.23
2026/10/09 04:49:37.394, 1, 6, 97871, 0, 93.55
2026/10/09 04:49:37.394, 2, 6, 97871, 0, 96.32
2026/10/09 04:49:37.394, 3, 4, 97871, 0, 84.61
2026/10/09 04:49:38.394, 0, 7, 97871, 0, 93.21
2026/10/09 04:49:38.394, 1, 6, 97871, 0, 93.59
2026/10/09 04:49:38.394, 2, 6, 97871, 0, 96.47
2026/10/09 04:49:38.394, 3, 4, 97871, 0, 84.96
2026/10/09 04:49:39.394, 0, 7, 97871, 0, 92.99
2026/10/09 04:49:39.394, 1, 6, 97871, 0, 93.50
2026/10/09 04:49:39.394, 2, 6, 97871, 0, 96.16
2026/10/09 04:49:39.394, 3, 4, 97871, 0, 84.63
2026/10/09 04:49:40.395, 0, 7, 97871, 0, 93.18
2026/10/09 04:49:40.395, 1, 6, 97871, 0, 93.61
2026/10/09 04:49:40.395, 2, 6, 97871, 0, 96.22
2026/10/09 04:49:40.395, 3, 4, 97871, 0, 84.59
2026/10/09 04:49:41.395, 0, 7, 97871, 0, 93.17
2026/10/09 04:49:41.395, 1, 6, 97871, 0, 93.69
2026/10/09 04:49:41.395, 2, 6, 97871, 0, 96.56
2026/10/09 04:49:41.395, 3, 4, 97871, 0, 84.47
2026/10/09 04:49:42.395, 0, 7, 97871, 0, 93.38
2026/10/09 04:49:42.395, 1, 6, 97871, 0, 93.64
2026/10/09 04:49:42.395, 2, 6, 97871, 0, 96.36
2026/10/09 04:49:42.395, 3, 4, 97871, 0, 84.84
2026/10/09 04:49:43.395, 0, 7, 97871, 0, 93.42
2026/10/09 04:49:43.395, 1, 6, 97871, 0, 93.74
2026/10/09 04:49:43.395, 2, 6, 97871, 0, 95.77
2026/10/09 04:49:43.395, 3, 4, 97871, 0, 84.71
2026/10/09 04:49:44.395, 0, 7, 97871, 0, 93.32
2026/10/09 04:49:44.395, 1, 6, 97871, 0, 93.70
2026/10/09 04:49:44.395, 2, 6, 97871, 0, 95.91
2026/10/09 04:49:44.395, 3, 4, 97871, 0, 84.73
2026/10/09 04:49:45.395, 0, 7, 97871, 0, 93.28
2026/10/09 04:49:45.395, 1, 6, 97871, 0, 93.64
2026/10/09 04:49:45.395, 2, 6, 97871, 0, 96.17
2026/10/09 04:49:45.396, 3, 4, 97871, 0, 84.72
2026/10/09 04:49:46.396, 0, 7, 97871, 0, 93.32
2026/10/09 04:49:46.396, 1, 6, 97871, 0, 93.67
2026/10/09 04:49:46.396, 2, 6, 97871, 0, 96.17
2026/10/09 04:49:46.396, 3, 4, 97871, 0, 85.04
2026/10/09 04:49:47.396, 0, 7, 97871, 0, 93.42
2026/10/09 04:49:47.396, 1, 6, 97871, 0, 93.74
2026/10/09 04:49:47.396, 2, 6, 97871, 0, 95.87
2026/10/09 04:49:47.396, 3, 4, 97871, 0, 84.92
2026/10/09 04:49:48.396, 0, 7, 97871, 0, 93.18
2026/10/09 04:49:48.396, 1, 6, 97871, 0, 93.72
2026/10/09 04:49:48.396, 2, 6, 97871, 0, 96.01
2026/10/09 04:49:48.396, 3, 4, 97871, 0, 84.85
2026/10/09 04:49:49.396, 0, 7, 97871, 0, 93.62
2026/10/09 04:49:49.396, 1, 6, 97871, 0, 93.83
2026/10/09 04:49:49.396, 2, 6, 97871, 0, 96.13
2026/10/09 04:49:49.396, 3, 4, 97871, 0, 85.43
2026/10/09 04:49:50.397, 0, 7, 97871, 0, 93.68
2026/10/09 04:49:50.407, 1, 6, 97871, 0, 93.92
2026/10/09 04:49:50.430, 2, 6, 97871, 0, 96.40
2026/10/09 04:49:50.480, 3, 4, 97871, 0, 86.04
2026/10/09 04:49:51.503, 0, 7, 97871, 0, 93.64
2026/10/09 04:49:51.532, 1, 6, 97871, 0, 94.07
2026/10/09 04:49:51.580, 2, 6, 97871, 0, 95.56
2026/10/09 04:49:51.632, 3, 4, 97871, 0, 84.95
2026/10/09 04:49:52.680, 0, 7, 97871, 0, 93.67
2026/10/09 04:49:52.681, 1, 6, 97871, 0, 94.04
2026/10/09 04:49:52.682, 2, 6, 97871, 0, 95.55
2026/10/09 04:49:52.682, 3, 4, 97871, 0, 84.82
2026/10/09 04:49:53.682, 0, 7, 97871, 0, 93.96
2026/10/09 04:49:53.732, 1, 6, 97871, 0, 93.80
2026/10/09 04:49:53.780, 2, 6, 97871, 0, 96.28
2026/10/09 04:49:53.832, 3, 4, 97871, 0, 86.13
2026/10/09 04:49:54.880, 0, 7, 97871, 0, 93.67
2026/10/09 04:49:54.880, 1, 6, 97871, 0, 93.88
2026/10/09 04:49:54.880, 2, 6, 97871, 0, 96.02
2026/10/09 04:49:54.880, 3, 4, 97871, 0, 85.87
2026/10/09 04:49:55.880, 0, 7, 97871, 0, 93.79
2026/10/09 04:49:55.880, 1, 6, 97871, 0, 93.91
2026/10/09 04:49:55.880, 2, 6, 97871, 0, 96.56
2026/10/09 04:49:55.880, 3, 4, 97871, 0, 86.44
2026/10/09 04:49:56.880, 0, 7, 97871, 0, 94.03
2026/10/09 04:49:56.880, 1, 6, 97871, 0, 93.94
2026/10/09 04:49:56.880, 2, 6, 97871, 0, 96.17
2026/10/09 04:49:56.880, 3, 4, 97871, 0, 85.81
2026/10/09 04:49:57.880, 0, 7, 97871, 0, 93.73
2026/10/09 04:49:57.880, 1, 6, 97871, 0, 93.67
2026/10/09 04:49:57.881, 2, 6, 97871, 0, 96.31
2026/10/09 04:49:57.881, 3, 4, 97871, 0, 86.04
2026/10/09 04:49:58.881, 0, 7, 97871, 0, 93.56
2026/10/09 04:49:58.881, 1, 6, 97871, 0, 93.72
2026/10/09 04:49:58.881, 2, 6, 97871, 0, 96.36
2026/10/09 04:49:58.881, 3, 4, 97871, 0, 86.48
2026/10/09 04:49:59.881, 0, 7, 97871, 0, 93.75
2026/10/09 04:49:59.881, 1, 6, 97871, 0, 93.63
2026/10/09 04:49:59.881, 2, 6, 97871, 0, 96.56
2026/10/09 04:49:59.881, 3, 4, 97871, 0, 86.47
2026/10/09 04:50:00.881, 0, 7, 97871, 0, 93.51
2026/10/09 04:50:00.881, 1, 6, 97871, 0, 93.75
2026/10/09 04:50:00.881, 2, 6, 97871, 0, 96.69
2026/10/09 04:50:00.881, 3, 4, 97871, 0, 87.19
2026/10/09 04:50:01.881, 0, 7, 97871, 0, 93.76
2026/10/09 04:50:01.937, 1, 6, 97871, 0, 93.81
2026/10/09 04:50:01.984, 2, 6, 97871, 0, 97.51
2026/10/09 04:50:02.242, 3, 4, 97871, 0, 86.52
2026/10/09 04:50:03.383, 0, 7, 97871, 0, 93.62
2026/10/09 04:50:03.383, 1, 6, 97871, 0, 93.81
2026/10/09 04:50:03.383, 2, 6, 97871, 0, 97.44
2026/10/09 04:50:03.383, 3, 4, 97871, 0, 86.83
2026/10/09 04:50:04.383, 0, 7, 97871, 0, 93.52
2026/10/09 04:50:04.383, 1, 6, 97871, 0, 93.72
2026/10/09 04:50:04.383, 2, 6, 97871, 0, 96.92
2026/10/09 04:50:04.383, 3, 4, 97871, 0, 86.14
2026/10/09 04:50:05.383, 0, 7, 97871, 0, 93.54
2026/10/09 04:50:05.384, 1, 6, 97871, 0, 93.67
2026/10/09 04:50:05.384, 2, 6, 97871, 0, 96.89
2026/10/09 04:50:05.384, 3, 4, 97871, 0, 86.11
2026/10/09 04:50:06.384, 0, 9, 97871, 0, 93.65
2026/10/09 04:50:06.671, 1, 6, 97871, 0, 93.85
2026/10/09 04:50:06.676, 2, 6, 97871, 0, 95.88
2026/10/09 04:50:06.682, 3, 4, 97871, 0, 84.98
2026/10/09 04:50:07.686, 0, 9, 97871, 0, 93.69
2026/10/09 04:50:07.695, 1, 8, 97871, 0, 93.93
2026/10/09 04:50:07.695, 2, 6, 97871, 0, 95.56
2026/10/09 04:50:07.695, 3, 4, 97871, 0, 84.86
2026/10/09 04:50:08.696, 0, 9, 97871, 0, 93.65
2026/10/09 04:50:08.701, 1, 8, 97871, 0, 93.78
2026/10/09 04:50:08.746, 2, 8, 97871, 0, 98.25
2026/10/09 04:50:08.746, 3, 6, 97871, 0, 84.90
2026/10/09 04:50:09.746, 0, 9, 97871, 0, 93.74
2026/10/09 04:50:09.747, 1, 570, 97871, 0, 134.93
2026/10/09 04:50:09.747, 2, 572, 97871, 0, 138.52
2026/10/09 04:50:09.747, 3, 570, 97871, 0, 125.77
2026/10/09 04:50:10.747, 0, 762, 97871, 0, 117.09
2026/10/09 04:50:10.793, 1, 760, 97871, 0, 138.15
2026/10/09 04:50:10.795, 2, 764, 97871, 0, 143.46
2026/10/09 04:50:10.838, 3, 762, 97871, 0, 131.27
2026/10/09 04:50:11.859, 0, 764, 97871, 0, 139.68
2026/10/09 04:50:11.886, 1, 762, 97871, 0, 137.99
2026/10/09 04:50:11.917, 2, 764, 97871, 0, 142.99
2026/10/09 04:50:11.956, 3, 762, 97871, 0, 130.11
2026/10/09 04:50:12.992, 0, 914, 97871, 0, 139.37
2026/10/09 04:50:12.993, 1, 930, 97871, 0, 138.01
2026/10/09 04:50:12.994, 2, 952, 97871, 0, 143.27
2026/10/09 04:50:12.994, 3, 940, 97871, 0, 130.29
2026/10/09 04:50:13.995, 0, 1504, 97871, 0, 139.64
2026/10/09 04:50:14.035, 1, 1502, 97871, 0, 138.31
2026/10/09 04:50:14.066, 2, 1504, 97871, 2, 143.18
2026/10/09 04:50:14.111, 3, 1502, 97871, 1, 130.61
2026/10/09 04:50:15.151, 0, 1798, 97871, 0, 139.36
2026/10/09 04:50:15.151, 1, 1796, 97871, 1, 138.03
2026/10/09 04:50:15.151, 2, 1798, 97871, 1, 143.78
2026/10/09 04:50:15.151, 3, 1796, 97871, 1, 131.39
2026/10/09 04:50:16.151, 0, 7816, 97871, 8, 141.61
2026/10/09 04:50:16.151, 1, 7814, 97871, 1, 140.25
2026/10/09 04:50:16.151, 2, 7816, 97871, 1, 147.05
2026/10/09 04:50:16.151, 3, 7814, 97871, 5, 134.21
2026/10/09 04:50:17.151, 0, 9024, 97871, 0, 140.37
2026/10/09 04:50:17.152, 1, 9022, 97871, 7, 138.94
2026/10/09 04:50:17.152, 2, 9024, 97871, 0, 145.35
2026/10/09 04:50:17.152, 3, 9022, 97871, 4, 133.23
2026/10/09 04:50:18.152, 0, 9024, 97871, 0, 139.44
2026/10/09 04:50:18.152, 1, 9022, 97871, 0, 138.12
2026/10/09 04:50:18.152, 2, 9024, 97871, 0, 143.00
2026/10/09 04:50:18.152, 3, 9022, 97871, 0, 130.26
2026/10/09 04:50:19.152, 0, 9024, 97871, 0, 139.36
2026/10/09 04:50:19.152, 1, 9022, 97871, 0, 138.33
2026/10/09 04:50:19.152, 2, 9024, 97871, 0, 143.23
2026/10/09 04:50:19.152, 3, 9022, 97871, 0, 130.33
2026/10/09 04:50:20.153, 0, 9024, 97871, 0, 139.47
2026/10/09 04:50:20.153, 1, 9022, 97871, 1, 138.28
2026/10/09 04:50:20.153, 2, 9024, 97871, 0, 143.28
2026/10/09 04:50:20.153, 3, 9022, 97871, 0, 130.23
2026/10/09 04:50:21.153, 0, 9024, 97871, 1, 139.37
2026/10/09 04:50:21.153, 1, 9022, 97871, 1, 138.40
2026/10/09 04:50:21.153, 2, 9024, 97871, 0, 143.08
2026/10/09 04:50:21.153, 3, 9022, 97871, 0, 130.31
2026/10/09 04:50:22.153, 0, 9024, 97871, 1, 139.33
2026/10/09 04:50:22.153, 1, 9022, 97871, 0, 138.19
2026/10/09 04:50:22.153, 2, 9024, 97871, 0, 143.00
2026/10/09 04:50:22.153, 3, 9022, 97871, 0, 130.27
2026/10/09 04:50:23.153, 0, 8522, 97871, 0, 139.47
2026/10/09 04:50:23.153, 1, 8056, 97871, 0, 138.25
2026/10/09 04:50:23.153, 2, 8522, 97871, 0, 144.51
2026/10/09 04:50:23.153, 3, 8520, 97871, 0, 131.84
2026/10/09 04:50:24.153, 0, 8520, 97871, 0, 139.57
2026/10/09 04:50:24.154, 1, 8518, 97871, 0, 138.28
2026/10/09 04:50:24.154, 2, 8520, 97871, 0, 144.12
2026/10/09 04:50:24.154, 3, 8518, 97871, 0, 132.16
2026/10/09 04:50:25.154, 0, 8520, 97871, 0, 139.67
2026/10/09 04:50:25.154, 1, 8518, 97871, 0, 138.30
2026/10/09 04:50:25.154, 2, 8520, 97871, 0, 143.84
2026/10/09 04:50:25.154, 3, 8518, 97871, 0, 132.02
2026/10/09 04:50:26.154, 0, 8520, 97871, 0, 139.61
2026/10/09 04:50:26.154, 1, 8518, 97871, 0, 138.34
2026/10/09 04:50:26.154, 2, 8520, 97871, 0, 144.02
2026/10/09 04:50:26.154, 3, 8518, 97871, 0, 132.11
2026/10/09 04:50:27.154, 0, 8520, 97871, 0, 139.71
2026/10/09 04:50:27.154, 1, 8518, 97871, 0, 138.33
2026/10/09 04:50:27.154, 2, 8520, 97871, 0, 143.99
2026/10/09 04:50:27.154, 3, 8518, 97871, 0, 132.06
2026/10/09 04:50:28.155, 0, 8520, 97871, 0, 139.63
2026/10/09 04:50:28.155, 1, 8518, 97871, 0, 138.14
2026/10/09 04:50:28.155, 2, 8520, 97871, 0, 143.87
2026/10/09 04:50:28.155, 3, 8518, 97871, 0, 132.06
2026/10/09 04:50:29.155, 0, 8520, 97871, 0, 139.61
2026/10/09 04:50:29.155, 1, 8518, 97871, 0, 138.17
2026/10/09 04:50:29.155, 2, 8520, 97871, 0, 143.79
2026/10/09 04:50:29.155, 3, 8518, 97871, 0, 132.20
2026/10/09 04:50:30.155, 0, 8520, 97871, 0, 139.55
2026/10/09 04:50:30.155, 1, 8518, 97871, 0, 138.27
2026/10/09 04:50:30.155, 2, 8520, 97871, 0, 143.94
2026/10/09 04:50:30.155, 3, 8518, 97871, 0, 132.18
2026/10/09 04:50:31.155, 0, 8520, 97871, 0, 139.64
2026/10/09 04:50:31.156, 1, 8518, 97871, 0, 138.18
2026/10/09 04:50:31.156, 2, 8520, 97871, 0, 143.76
2026/10/09 04:50:31.156, 3, 8518, 97871, 0, 131.71
2026/10/09 04:50:32.156, 0, 8520, 97871, 0, 139.78
2026/10/09 04:50:32.156, 1, 8518, 97871, 0, 138.28
2026/10/09 04:50:32.156, 2, 8568, 97871, 0, 143.93
2026/10/09 04:50:32.156, 3, 8518, 97871, 0, 131.59
2026/10/09 04:50:33.156, 0, 8520, 97871, 0, 139.76
2026/10/09 04:50:33.156, 1, 8566, 97871, 0, 138.16
2026/10/09 04:50:33.156, 2, 8628, 97871, 0, 159.01
2026/10/09 04:50:33.156, 3, 8566, 97871, 0, 132.03
2026/10/09 04:50:34.156, 0, 8628, 97871, 0, 153.50
2026/10/09 04:50:34.157, 1, 8626, 97871, 0, 151.36
2026/10/09 04:50:34.157, 2, 8692, 97871, 18, 168.58
2026/10/09 04:50:34.157, 3, 8626, 97871, 0, 145.66
2026/10/09 04:50:35.157, 0, 8692, 97871, 16, 164.13
2026/10/09 04:50:35.157, 1, 8690, 97871, 60, 162.76
2026/10/09 04:50:35.157, 2, 8812, 97871, 0, 158.10
2026/10/09 04:50:35.157, 3, 8690, 97871, 61, 156.15
2026/10/09 04:50:36.157, 0, 8812, 97871, 0, 153.00
2026/10/09 04:50:36.157, 1, 8810, 97871, 0, 151.95
2026/10/09 04:50:36.157, 2, 8812, 97871, 0, 155.17
2026/10/09 04:50:36.158, 3, 8810, 97871, 0, 144.92
2026/10/09 04:50:37.158, 0, 8812, 97871, 0, 150.57
2026/10/09 04:50:37.158, 1, 8810, 97871, 0, 149.65
2026/10/09 04:50:37.158, 2, 9070, 97871, 78, 175.61
2026/10/09 04:50:37.158, 3, 8810, 97871, 0, 143.12
2026/10/09 04:50:38.158, 0, 9070, 97871, 70, 170.99
2026/10/09 04:50:38.158, 1, 9068, 97871, 32, 170.93
2026/10/09 04:50:38.158, 2, 9070, 97871, 0, 145.15
2026/10/09 04:50:38.158, 3, 9068, 97871, 8, 164.32
2026/10/09 04:50:39.158, 0, 9070, 97871, 0, 139.47
2026/10/09 04:50:39.159, 1, 9068, 97871, 0, 140.59
2026/10/09 04:50:39.159, 2, 9070, 97871, 0, 144.65
2026/10/09 04:50:39.159, 3, 9068, 97871, 0, 133.41
2026/10/09 04:50:40.159, 0, 9070, 97871, 0, 138.73
2026/10/09 04:50:40.159, 1, 9068, 97871, 0, 140.41
2026/10/09 04:50:40.159, 2, 9070, 97871, 0, 144.34
2026/10/09 04:50:40.159, 3, 9068, 97871, 0, 132.56
2026/10/09 04:50:41.159, 0, 9070, 97871, 0, 139.21
2026/10/09 04:50:41.159, 1, 9068, 97871, 0, 140.47
2026/10/09 04:50:41.159, 2, 9622, 97871, 33, 195.70
2026/10/09 04:50:41.159, 3, 9068, 97871, 0, 132.17
2026/10/09 04:50:42.160, 0, 9366, 97871, 33, 152.26
2026/10/09 04:50:42.160, 1, 9620, 97871, 29, 160.33
2026/10/09 04:50:42.160, 2, 9622, 97871, 0, 171.90
2026/10/09 04:50:42.160, 3, 9620, 97871, 0, 151.17
2026/10/09 04:50:43.160, 0, 9622, 97871, 0, 189.80
2026/10/09 04:50:43.160, 1, 9620, 97871, 0, 190.01
2026/10/09 04:50:43.160, 2, 9622, 97871, 0, 143.82
2026/10/09 04:50:43.160, 3, 9620, 97871, 0, 188.87
2026/10/09 04:50:44.160, 0, 9622, 97871, 0, 138.61
2026/10/09 04:50:44.160, 1, 9620, 97871, 0, 138.80
2026/10/09 04:50:44.161, 2, 9790, 97871, 0, 143.49
2026/10/09 04:50:44.161, 3, 9620, 97871, 0, 132.32
2026/10/09 04:50:45.161, 0, 9622, 97871, 0, 138.69
2026/10/09 04:50:45.161, 1, 9788, 97871, 0, 138.60
2026/10/09 04:50:45.161, 2, 9790, 97871, 0, 227.47
2026/10/09 04:50:45.161, 3, 9620, 97871, 0, 132.38
2026/10/09 04:50:46.161, 0, 9790, 97871, 0, 220.64
2026/10/09 04:50:46.161, 1, 9788, 97871, 0, 225.57
2026/10/09 04:50:46.161, 2, 9790, 97871, 0, 144.13
2026/10/09 04:50:46.161, 3, 9788, 97871, 0, 214.31
2026/10/09 04:50:47.161, 0, 9790, 97871, 0, 138.87
2026/10/09 04:50:47.162, 1, 9788, 97871, 0, 138.81
2026/10/09 04:50:47.162, 2, 9790, 97871, 0, 210.00
2026/10/09 04:50:47.162, 3, 9788, 97871, 0, 132.34
2026/10/09 04:50:48.162, 0, 9790, 97871, 0, 201.83
2026/10/09 04:50:48.162, 1, 9788, 97871, 0, 203.76
2026/10/09 04:50:48.162, 2, 9790, 97871, 0, 144.05
2026/10/09 04:50:48.162, 3, 9788, 97871, 86, 196.85
2026/10/09 04:50:49.162, 0, 9790, 97871, 0, 138.71
2026/10/09 04:50:49.162, 1, 9788, 97871, 0, 138.99
2026/10/09 04:50:49.162, 2, 9790, 97871, 0, 143.61
2026/10/09 04:50:49.162, 3, 9788, 97871, 0, 132.41
2026/10/09 04:50:50.162, 0, 9790, 97871, 0, 138.69
2026/10/09 04:50:50.163, 1, 9788, 97871, 0, 139.00
2026/10/09 04:50:50.163, 2, 9854, 97871, 100, 171.38
2026/10/09 04:50:50.163, 3, 9788, 97871, 0, 132.26
2026/10/09 04:50:51.163, 0, 9854, 97871, 50, 155.01
2026/10/09 04:50:51.163, 1, 9852, 97871, 70, 169.15
2026/10/09 04:50:51.163, 2, 9854, 97871, 100, 146.81
2026/10/09 04:50:51.163, 3, 9852, 97871, 0, 153.42
2026/10/09 04:50:52.163, 0, 10878, 97871, 0, 329.30
2026/10/09 04:50:52.163, 1, 10876, 97871, 0, 320.77
2026/10/09 04:50:52.163, 2, 10878, 97871, 0, 326.11
2026/10/09 04:50:52.163, 3, 10876, 97871, 0, 318.76
2026/10/09 04:50:53.163, 0, 10878, 97871, 0, 139.68
2026/10/09 04:50:53.163, 1, 10876, 97871, 0, 140.32
2026/10/09 04:50:53.163, 2, 10878, 97871, 0, 145.35
2026/10/09 04:50:53.164, 3, 10876, 97871, 0, 132.62
2026/10/09 04:50:54.164, 0, 10878, 97871, 0, 138.63
2026/10/09 04:50:54.164, 1, 10876, 97871, 0, 139.61
2026/10/09 04:50:54.164, 2, 10878, 97871, 0, 144.50
2026/10/09 04:50:54.164, 3, 10876, 97871, 0, 132.17
2026/10/09 04:50:55.164, 0, 10878, 97871, 0, 146.01
2026/10/09 04:50:55.164, 1, 10876, 97871, 19, 146.50
2026/10/09 04:50:55.164, 2, 10878, 97871, 0, 155.45
2026/10/09 04:50:55.164, 3, 10876, 97871, 32, 138.74
2026/10/09 04:50:56.164, 0, 10880, 97871, 0, 152.33
2026/10/09 04:50:56.164, 1, 10878, 97871, 5, 151.27
2026/10/09 04:50:56.164, 2, 10880, 97871, 0, 155.76
2026/10/09 04:50:56.164, 3, 10878, 97871, 26, 143.51
2026/10/09 04:50:57.165, 0, 10880, 97871, 0, 149.62
2026/10/09 04:50:57.165, 1, 10878, 97871, 0, 149.52
2026/10/09 04:50:57.165, 2, 10880, 97871, 0, 151.87
2026/10/09 04:50:57.165, 3, 10878, 97871, 0, 142.52
2026/10/09 04:50:58.165, 0, 10880, 97871, 0, 138.95
2026/10/09 04:50:58.165, 1, 10878, 97871, 0, 139.39
2026/10/09 04:50:58.165, 2, 10880, 97871, 0, 144.11
2026/10/09 04:50:58.165, 3, 10878, 97871, 0, 131.79
2026/10/09 04:50:59.165, 0, 10880, 97871, 0, 153.18
2026/10/09 04:50:59.166, 1, 10878, 97871, 0, 153.61
2026/10/09 04:50:59.166, 2, 10880, 97871, 0, 159.57
2026/10/09 04:50:59.166, 3, 10878, 97871, 0, 145.53
2026/10/09 04:51:00.166, 0, 10880, 97871, 0, 138.33
2026/10/09 04:51:00.166, 1, 10878, 97871, 0, 139.50
2026/10/09 04:51:00.166, 2, 10880, 97871, 0, 144.14
2026/10/09 04:51:00.166, 3, 10878, 97871, 0, 131.60
2026/10/09 04:51:01.166, 0, 10880, 97871, 0, 138.51
2026/10/09 04:51:01.166, 1, 10878, 97871, 0, 139.37
2026/10/09 04:51:01.166, 2, 10880, 97871, 0, 143.96
2026/10/09 04:51:01.166, 3, 10878, 97871, 0, 131.59
2026/10/09 04:51:02.167, 0, 10880, 97871, 0, 157.91
2026/10/09 04:51:02.167, 1, 10878, 97871, 0, 161.12
2026/10/09 04:51:02.167, 2, 10880, 97871, 0, 174.37
2026/10/09 04:51:02.167, 3, 10878, 97871, 0, 151.04
2026/10/09 04:51:03.167, 0, 10880, 97871, 66, 166.57
2026/10/09 04:51:03.167, 1, 10878, 97871, 0, 160.70
2026/10/09 04:51:03.167, 2, 10880, 97871, 100, 156.51
2026/10/09 04:51:03.167, 3, 10878, 97871, 100, 160.01
2026/10/09 04:51:04.167, 0, 11812, 97871, 0, 172.84
2026/10/09 04:51:04.167, 1, 11810, 97871, 0, 175.49
2026/10/09 04:51:04.168, 2, 11812, 97871, 2, 179.01
2026/10/09 04:51:04.168, 3, 11810, 97871, 2, 163.46
2026/10/09 04:51:05.168, 0, 11812, 97871, 0, 146.88
2026/10/09 04:51:05.168, 1, 11810, 97871, 0, 145.55
2026/10/09 04:51:05.168, 2, 11812, 97871, 0, 150.67
2026/10/09 04:51:05.168, 3, 11810, 97871, 0, 138.63
2026/10/09 04:51:06.168, 0, 11812, 97871, 0, 139.90
2026/10/09 04:51:06.168, 1, 11810, 97871, 0, 138.97
2026/10/09 04:51:06.168, 2, 11812, 97871, 0, 144.23
2026/10/09 04:51:06.168, 3, 11810, 97871, 0, 132.74
2026/10/09 04:51:07.168, 0, 9130, 97871, 0, 139.80
2026/10/09 04:51:07.169, 1, 9128, 97871, 0, 138.70
2026/10/09 04:51:07.169, 2, 9130, 97871, 0, 144.16
2026/10/09 04:51:07.169, 3, 10386, 97871, 0, 132.15
2026/10/09 04:51:08.169, 0, 80350, 97871, 0, 213.25
2026/10/09 04:51:08.169, 1, 80348, 97871, 9, 206.62
2026/10/09 04:51:08.169, 2, 80350, 97871, 39, 213.68
2026/10/09 04:51:08.170, 3, 80348, 97871, 33, 197.65
2026/10/09 04:51:09.170, 0, 78352, 97871, 0, 145.47
2026/10/09 04:51:09.170, 1, 78372, 97871, 0, 145.46
2026/10/09 04:51:09.170, 2, 78390, 97871, 5, 159.31
2026/10/09 04:51:09.170, 3, 78372, 97871, 0, 140.92
2026/10/09 04:51:10.170, 0, 78430, 97871, 5, 165.95
2026/10/09 04:51:10.170, 1, 78424, 97871, 6, 165.56
2026/10/09 04:51:10.170, 2, 78446, 97871, 5, 168.59
2026/10/09 04:51:10.170, 3, 78428, 97871, 5, 157.84
2026/10/09 04:51:11.170, 0, 78490, 97871, 6, 157.54
2026/10/09 04:51:11.170, 1, 78476, 97871, 3, 158.59
2026/10/09 04:51:11.170, 2, 78502, 97871, 6, 162.13
2026/10/09 04:51:11.170, 3, 78482, 97871, 3, 150.80
2026/10/09 04:51:12.171, 0, 78556, 97871, 3, 149.20
2026/10/09 04:51:12.171, 1, 78538, 97871, 3, 151.06
2026/10/09 04:51:12.171, 2, 78564, 97871, 3, 153.65
2026/10/09 04:51:12.171, 3, 78540, 97871, 3, 143.75
2026/10/09 04:51:13.171, 0, 78838, 97871, 9, 157.89
2026/10/09 04:51:13.171, 1, 78838, 97871, 5, 146.84
2026/10/09 04:51:13.171, 2, 78788, 97871, 7, 165.47
2026/10/09 04:51:13.171, 3, 78838, 97871, 3, 141.63
2026/10/09 04:51:14.171, 0, 78814, 97871, 6, 170.57
2026/10/09 04:51:14.171, 1, 78834, 97871, 5, 171.97
2026/10/09 04:51:14.171, 2, 78842, 97871, 6, 171.93
2026/10/09 04:51:14.171, 3, 78804, 97871, 7, 167.75
2026/10/09 04:51:15.172, 0, 78850, 97871, 5, 154.59
2026/10/09 04:51:15.172, 1, 78858, 97871, 7, 160.21
2026/10/09 04:51:15.172, 2, 78852, 97871, 4, 158.60
2026/10/09 04:51:15.172, 3, 78846, 97871, 5, 155.35
2026/10/09 04:51:16.172, 0, 78858, 97871, 0, 143.26
2026/10/09 04:51:16.172, 1, 78854, 97871, 4, 148.08
2026/10/09 04:51:16.172, 2, 78858, 97871, 0, 148.13
2026/10/09 04:51:16.172, 3, 78856, 97871, 0, 138.93
2026/10/09 04:51:17.172, 0, 79166, 97871, 17, 166.38
2026/10/09 04:51:17.172, 1, 79164, 97871, 25, 164.48
2026/10/09 04:51:17.172, 2, 79166, 97871, 34, 170.79
2026/10/09 04:51:17.172, 3, 79164, 97871, 23, 159.40
2026/10/09 04:51:18.172, 0, 79180, 97871, 0, 153.48
2026/10/09 04:51:18.173, 1, 79178, 97871, 0, 153.91
2026/10/09 04:51:18.173, 2, 79180, 97871, 9, 160.51
2026/10/09 04:51:18.173, 3, 79178, 97871, 3, 147.85
2026/10/09 04:51:19.173, 0, 79180, 97871, 0, 142.12
2026/10/09 04:51:19.173, 1, 79178, 97871, 0, 140.50
2026/10/09 04:51:19.173, 2, 79180, 97871, 0, 147.98
2026/10/09 04:51:19.173, 3, 79178, 97871, 0, 135.94
2026/10/09 04:51:20.173, 0, 79180, 97871, 0, 141.12
2026/10/09 04:51:20.173, 1, 79178, 97871, 0, 139.56
2026/10/09 04:51:20.173, 2, 79180, 97871, 0, 145.47
2026/10/09 04:51:20.173, 3, 79178, 97871, 0, 133.67
2026/10/09 04:51:21.174, 0, 79608, 97871, 0, 143.31
2026/10/09 04:51:21.174, 1, 79606, 97871, 0, 140.31
2026/10/09 04:51:21.174, 2, 79608, 97871, 0, 146.53
2026/10/09 04:51:21.174, 3, 79606, 97871, 0, 134.15
2026/10/09 04:51:22.174, 0, 79870, 97871, 0, 150.85
2026/10/09 04:51:22.174, 1, 79868, 97871, 0, 152.70
2026/10/09 04:51:22.174, 2, 79870, 97871, 0, 157.49
2026/10/09 04:51:22.174, 3, 79868, 97871, 0, 146.11
2026/10/09 04:51:23.174, 0, 79872, 97871, 0, 140.19
2026/10/09 04:51:23.175, 1, 79870, 97871, 0, 140.26
2026/10/09 04:51:23.175, 2, 79872, 97871, 0, 145.89
2026/10/09 04:51:23.175, 3, 79870, 97871, 0, 132.83
2026/10/09 04:51:24.175, 0, 81442, 97871, 100, 144.84
2026/10/09 04:51:24.175, 1, 80918, 97871, 0, 142.73
2026/10/09 04:51:24.175, 2, 81442, 97871, 0, 149.07
2026/10/09 04:51:24.175, 3, 81440, 97871, 44, 136.79
2026/10/09 04:51:25.175, 0, 84568, 97871, 0, 165.82
2026/10/09 04:51:25.175, 1, 84566, 97871, 26, 163.40
2026/10/09 04:51:25.175, 2, 84568, 97871, 100, 172.89
2026/10/09 04:51:25.175, 3, 84566, 97871, 100, 156.51
2026/10/09 04:51:26.175, 0, 84568, 97871, 0, 140.55
2026/10/09 04:51:26.176, 1, 84566, 97871, 0, 141.15
2026/10/09 04:51:26.176, 2, 84568, 97871, 0, 145.53
2026/10/09 04:51:26.176, 3, 84566, 97871, 0, 133.44
2026/10/09 04:51:27.176, 0, 84568, 97871, 0, 140.05
2026/10/09 04:51:27.176, 1, 84566, 97871, 0, 140.71
2026/10/09 04:51:27.176, 2, 84568, 97871, 0, 144.77
2026/10/09 04:51:27.176, 3, 84566, 97871, 0, 133.45
2026/10/09 04:51:28.176, 0, 84568, 97871, 0, 139.98
2026/10/09 04:51:28.176, 1, 84566, 97871, 0, 140.70
2026/10/09 04:51:28.176, 2, 84568, 97871, 0, 144.57
2026/10/09 04:51:28.176, 3, 84566, 97871, 0, 133.78
2026/10/09 04:51:29.177, 0, 84568, 97871, 0, 139.83
2026/10/09 04:51:29.177, 1, 84566, 97871, 0, 140.55
2026/10/09 04:51:29.177, 2, 84568, 97871, 0, 144.12
2026/10/09 04:51:29.177, 3, 84566, 97871, 0, 134.41
2026/10/09 04:51:30.177, 0, 84570, 97871, 0, 149.26
2026/10/09 04:51:30.177, 1, 84568, 97871, 1, 149.60
2026/10/09 04:51:30.177, 2, 84570, 97871, 1, 154.26
2026/10/09 04:51:30.177, 3, 84568, 97871, 1, 141.89
2026/10/09 04:51:31.177, 0, 84570, 97871, 0, 140.35
2026/10/09 04:51:31.177, 1, 84568, 97871, 0, 140.71
2026/10/09 04:51:31.178, 2, 84570, 97871, 0, 144.40
2026/10/09 04:51:31.178, 3, 84568, 97871, 0, 132.96
2026/10/09 04:51:32.178, 0, 84570, 97871, 0, 146.76
2026/10/09 04:51:32.178, 1, 84568, 97871, 25, 146.67
2026/10/09 04:51:32.178, 2, 84570, 97871, 72, 150.70
2026/10/09 04:51:32.178, 3, 84568, 97871, 24, 137.57
2026/10/09 04:51:33.178, 0, 84570, 97871, 0, 139.88
2026/10/09 04:51:33.178, 1, 84568, 97871, 0, 140.73
2026/10/09 04:51:33.178, 2, 84570, 97871, 0, 146.21
2026/10/09 04:51:33.179, 3, 84568, 97871, 0, 133.22
2026/10/09 04:51:34.179, 0, 84570, 97871, 0, 139.64
2026/10/09 04:51:34.179, 1, 84568, 97871, 0, 140.46
2026/10/09 04:51:34.179, 2, 84570, 97871, 0, 145.71
2026/10/09 04:51:34.179, 3, 84568, 97871, 0, 131.80
2026/10/09 04:51:35.179, 0, 84570, 97871, 0, 139.76
2026/10/09 04:51:35.179, 1, 84568, 97871, 0, 140.34
2026/10/09 04:51:35.179, 2, 84570, 97871, 0, 145.57
2026/10/09 04:51:35.179, 3, 84568, 97871, 0, 131.16
2026/10/09 04:51:36.179, 0, 84570, 97871, 0, 139.74
2026/10/09 04:51:36.179, 1, 84568, 97871, 0, 140.38
2026/10/09 04:51:36.179, 2, 84570, 97871, 0, 145.50
2026/10/09 04:51:36.179, 3, 84568, 97871, 0, 131.12
2026/10/09 04:51:37.179, 0, 84570, 97871, 0, 139.76
2026/10/09 04:51:37.179, 1, 84568, 97871, 0, 140.50
2026/10/09 04:51:37.179, 2, 84570, 97871, 0, 145.63
2026/10/09 04:51:37.179, 3, 84568, 97871, 0, 130.86
2026/10/09 04:51:38.179, 0, 84570, 97871, 0, 139.70
2026/10/09 04:51:38.180, 1, 84568, 97871, 0, 140.38
2026/10/09 04:51:38.180, 2, 84570, 97871, 0, 145.46
2026/10/09 04:51:38.180, 3, 84568, 97871, 0, 131.88
2026/10/09 04:51:39.180, 0, 84570, 97871, 0, 139.73
2026/10/09 04:51:39.180, 1, 84568, 97871, 0, 140.26
2026/10/09 04:51:39.180, 2, 84570, 97871, 0, 145.85
2026/10/09 04:51:39.180, 3, 84568, 97871, 0, 131.22
2026/10/09 04:51:40.180, 0, 84570, 97871, 0, 139.79
2026/10/09 04:51:40.180, 1, 84568, 97871, 0, 140.48
2026/10/09 04:51:40.180, 2, 84570, 97871, 0, 145.68
2026/10/09 04:51:40.180, 3, 84568, 97871, 0, 131.05
2026/10/09 04:51:41.180, 0, 84570, 97871, 0, 139.89
2026/10/09 04:51:41.180, 1, 84568, 97871, 0, 140.66
2026/10/09 04:51:41.180, 2, 84570, 97871, 0, 145.57
2026/10/09 04:51:41.180, 3, 84568, 97871, 0, 131.35
2026/10/09 04:51:42.180, 0, 84570, 97871, 0, 139.88
2026/10/09 04:51:42.180, 1, 84568, 97871, 0, 140.48
2026/10/09 04:51:42.180, 2, 84570, 97871, 0, 145.91
2026/10/09 04:51:42.180, 3, 84568, 97871, 0, 130.96
2026/10/09 04:51:43.180, 0, 84570, 97871, 0, 139.57
2026/10/09 04:51:43.181, 1, 84568, 97871, 0, 140.32
2026/10/09 04:51:43.181, 2, 84570, 97871, 0, 145.68
2026/10/09 04:51:43.181, 3, 84568, 97871, 0, 130.86
2026/10/09 04:51:44.181, 0, 84570, 97871, 0, 139.61
2026/10/09 04:51:44.181, 1, 84568, 97871, 0, 140.37
2026/10/09 04:51:44.181, 2, 84570, 97871, 0, 145.80
2026/10/09 04:51:44.181, 3, 84568, 97871, 0, 130.95
2026/10/09 04:51:45.181, 0, 84570, 97871, 0, 139.49
2026/10/09 04:51:45.181, 1, 84568, 97871, 0, 140.52
2026/10/09 04:51:45.181, 2, 84570, 97871, 0, 145.76
2026/10/09 04:51:45.181, 3, 84568, 97871, 0, 130.98
2026/10/09 04:51:46.181, 0, 84570, 97871, 0, 139.69
2026/10/09 04:51:46.181, 1, 84568, 97871, 0, 140.52
2026/10/09 04:51:46.181, 2, 84570, 97871, 0, 145.87
2026/10/09 04:51:46.181, 3, 84568, 97871, 0, 130.99
2026/10/09 04:51:47.181, 0, 84570, 97871, 0, 139.79
2026/10/09 04:51:47.181, 1, 84568, 97871, 0, 140.39
2026/10/09 04:51:47.181, 2, 84570, 97871, 0, 145.80
2026/10/09 04:51:47.181, 3, 84568, 97871, 0, 131.36
2026/10/09 04:51:48.181, 0, 84570, 97871, 0, 139.76
2026/10/09 04:51:48.181, 1, 84568, 97871, 0, 140.47
2026/10/09 04:51:48.182, 2, 84570, 97871, 0, 145.60
2026/10/09 04:51:48.182, 3, 84568, 97871, 0, 131.25
2026/10/09 04:51:49.182, 0, 84570, 97871, 0, 139.54
2026/10/09 04:51:49.182, 1, 84568, 97871, 0, 140.41
2026/10/09 04:51:49.182, 2, 84570, 97871, 0, 145.73
2026/10/09 04:51:49.182, 3, 84568, 97871, 0, 131.26
2026/10/09 04:51:50.182, 0, 84570, 97871, 0, 139.65
2026/10/09 04:51:50.182, 1, 84568, 97871, 0, 140.41
2026/10/09 04:51:50.182, 2, 84570, 97871, 0, 145.68
2026/10/09 04:51:50.182, 3, 84568, 97871, 0, 131.36
2026/10/09 04:51:51.182, 0, 84570, 97871, 0, 139.88
2026/10/09 04:51:51.182, 1, 84568, 97871, 0, 140.38
2026/10/09 04:51:51.182, 2, 84570, 97871, 0, 145.62
2026/10/09 04:51:51.182, 3, 84568, 97871, 0, 131.39
2026/10/09 04:51:52.182, 0, 84570, 97871, 0, 139.98
2026/10/09 04:51:52.182, 1, 84568, 97871, 0, 140.57
2026/10/09 04:51:52.182, 2, 84570, 97871, 0, 145.58
2026/10/09 04:51:52.182, 3, 84568, 97871, 0, 131.54
2026/10/09 04:51:53.182, 0, 84570, 97871, 0, 139.80
2026/10/09 04:51:53.182, 1, 84568, 97871, 0, 140.63
2026/10/09 04:51:53.182, 2, 84570, 97871, 0, 145.71
2026/10/09 04:51:53.182, 3, 84568, 97871, 0, 131.36
2026/10/09 04:51:54.183, 0, 84570, 97871, 0, 139.75
2026/10/09 04:51:54.183, 1, 84568, 97871, 0, 140.50
2026/10/09 04:51:54.183, 2, 84570, 97871, 0, 145.53
2026/10/09 04:51:54.183, 3, 84568, 97871, 0, 131.32
2026/10/09 04:51:55.183, 0, 84570, 97871, 0, 139.77
2026/10/09 04:51:55.183, 1, 84568, 97871, 0, 140.68
2026/10/09 04:51:55.183, 2, 84570, 97871, 0, 145.76
2026/10/09 04:51:55.183, 3, 84568, 97871, 0, 131.22
2026/10/09 04:51:56.183, 0, 84570, 97871, 0, 139.68
2026/10/09 04:51:56.183, 1, 84568, 97871, 0, 140.53
2026/10/09 04:51:56.183, 2, 84570, 97871, 0, 145.69
2026/10/09 04:51:56.183, 3, 84568, 97871, 0, 131.09
2026/10/09 04:51:57.183, 0, 84570, 97871, 0, 139.33
2026/10/09 04:51:57.183, 1, 84568, 97871, 0, 140.39
2026/10/09 04:51:57.183, 2, 84570, 97871, 0, 145.80
2026/10/09 04:51:57.183, 3, 84568, 97871, 0, 132.18
2026/10/09 04:51:58.184, 0, 84570, 97871, 0, 139.54
2026/10/09 04:51:58.184, 1, 84568, 97871, 0, 140.53
2026/10/09 04:51:58.184, 2, 84570, 97871, 0, 145.93
2026/10/09 04:51:58.184, 3, 84568, 97871, 0, 131.36
2026/10/09 04:51:59.184, 0, 84570, 97871, 0, 139.67
2026/10/09 04:51:59.184, 1, 84568, 97871, 0, 141.05
2026/10/09 04:51:59.184, 2, 84570, 97871, 0, 146.15
2026/10/09 04:51:59.184, 3, 84568, 97871, 0, 131.36
2026/10/09 04:52:00.184, 0, 84570, 97871, 0, 139.36
2026/10/09 04:52:00.184, 1, 84568, 97871, 0, 140.54
2026/10/09 04:52:00.184, 2, 84570, 97871, 0, 145.85
2026/10/09 04:52:00.184, 3, 84568, 97871, 0, 131.02
2026/10/09 04:52:01.184, 0, 84570, 97871, 0, 139.54
2026/10/09 04:52:01.184, 1, 84568, 97871, 0, 140.57
2026/10/09 04:52:01.184, 2, 84570, 97871, 0, 145.71
2026/10/09 04:52:01.184, 3, 84568, 97871, 0, 130.87
2026/10/09 04:52:02.185, 0, 84570, 97871, 0, 139.42
2026/10/09 04:52:02.185, 1, 84568, 97871, 0, 140.44
2026/10/09 04:52:02.185, 2, 84570, 97871, 0, 145.66
2026/10/09 04:52:02.185, 3, 84568, 97871, 0, 131.45
2026/10/09 04:52:03.185, 0, 84570, 97871, 0, 139.20
2026/10/09 04:52:03.185, 1, 84568, 97871, 0, 140.65
2026/10/09 04:52:03.185, 2, 84570, 97871, 0, 145.34
2026/10/09 04:52:03.185, 3, 84568, 97871, 0, 131.97
2026/10/09 04:52:04.185, 0, 84570, 97871, 98, 261.81
2026/10/09 04:52:04.186, 1, 84568, 97871, 99, 255.29
2026/10/09 04:52:04.186, 2, 84570, 97871, 99, 264.63
2026/10/09 04:52:04.186, 3, 84568, 97871, 99, 251.69
2026/10/09 04:52:05.186, 0, 84570, 97871, 99, 423.21
2026/10/09 04:52:05.186, 1, 84568, 97871, 99, 411.31
2026/10/09 04:52:05.186, 2, 84570, 97871, 99, 424.01
2026/10/09 04:52:05.186, 3, 84568, 97871, 99, 403.36
2026/10/09 04:52:06.186, 0, 84570, 97871, 99, 408.03
2026/10/09 04:52:06.186, 1, 84568, 97871, 99, 410.77
2026/10/09 04:52:06.186, 2, 84570, 97871, 99, 411.61
2026/10/09 04:52:06.186, 3, 84568, 97871, 99, 399.65
2026/10/09 04:52:07.186, 0, 84570, 97871, 99, 409.59
2026/10/09 04:52:07.186, 1, 84568, 97871, 99, 417.68
2026/10/09 04:52:07.186, 2, 84570, 97871, 99, 412.45
2026/10/09 04:52:07.186, 3, 84568, 97871, 99, 400.63
2026/10/09 04:52:08.187, 0, 84570, 97871, 99, 425.40
2026/10/09 04:52:08.187, 1, 84568, 97871, 99, 427.92
2026/10/09 04:52:08.187, 2, 84570, 97871, 99, 431.25
2026/10/09 04:52:08.187, 3, 84568, 97871, 99, 416.02
2026/10/09 04:52:09.187, 0, 84570, 97871, 99, 418.26
2026/10/09 04:52:09.187, 1, 84568, 97871, 99, 416.01
2026/10/09 04:52:09.187, 2, 84570, 97871, 99, 419.32
2026/10/09 04:52:09.187, 3, 84568, 97871, 99, 407.48
2026/10/09 04:52:10.187, 0, 84570, 97871, 99, 414.57
2026/10/09 04:52:10.187, 1, 84568, 97871, 100, 414.13
2026/10/09 04:52:10.187, 2, 84570, 97871, 100, 421.04
2026/10/09 04:52:10.187, 3, 84568, 97871, 100, 402.01
2026/10/09 04:52:11.187, 0, 84570, 97871, 99, 384.27
2026/10/09 04:52:11.187, 1, 84568, 97871, 99, 388.45
2026/10/09 04:52:11.187, 2, 84570, 97871, 99, 386.32
2026/10/09 04:52:11.187, 3, 84568, 97871, 99, 375.71
2026/10/09 04:52:12.187, 0, 84570, 97871, 99, 392.53
2026/10/09 04:52:12.188, 1, 84568, 97871, 99, 391.44
2026/10/09 04:52:12.188, 2, 84570, 97871, 99, 398.75
2026/10/09 04:52:12.188, 3, 84568, 97871, 100, 378.41
2026/10/09 04:52:13.188, 0, 84570, 97871, 99, 387.29
2026/10/09 04:52:13.188, 1, 84568, 97871, 99, 386.11
2026/10/09 04:52:13.188, 2, 84570, 97871, 99, 392.30
2026/10/09 04:52:13.188, 3, 84568, 97871, 99, 376.72
2026/10/09 04:52:14.188, 0, 84570, 97871, 99, 392.69
2026/10/09 04:52:14.188, 1, 84568, 97871, 99, 384.98
2026/10/09 04:52:14.188, 2, 84570, 97871, 99, 398.79
2026/10/09 04:52:14.188, 3, 84568, 97871, 99, 377.57
2026/10/09 04:52:15.188, 0, 84570, 97871, 99, 382.44
2026/10/09 04:52:15.188, 1, 84568, 97871, 86, 386.61
2026/10/09 04:52:15.188, 2, 84570, 97871, 99, 386.49
2026/10/09 04:52:15.188, 3, 84568, 97871, 99, 372.79
2026/10/09 04:52:16.188, 0, 84570, 97871, 99, 395.26
2026/10/09 04:52:16.188, 1, 84568, 97871, 99, 396.75
2026/10/09 04:52:16.188, 2, 84570, 97871, 99, 400.00
2026/10/09 04:52:16.189, 3, 84568, 97871, 99, 389.83
2026/10/09 04:52:17.189, 0, 84570, 97871, 99, 396.62
2026/10/09 04:52:17.189, 1, 84568, 97871, 97, 399.27
2026/10/09 04:52:17.189, 2, 84570, 97871, 99, 402.60
2026/10/09 04:52:17.189, 3, 84568, 97871, 100, 389.02
2026/10/09 04:52:18.189, 0, 84570, 97871, 99, 386.03
2026/10/09 04:52:18.189, 1, 84568, 97871, 99, 391.74
2026/10/09 04:52:18.189, 2, 84570, 97871, 99, 390.14
2026/10/09 04:52:18.189, 3, 84568, 97871, 99, 375.17
2026/10/09 04:52:19.189, 0, 84570, 97871, 99, 389.68
2026/10/09 04:52:19.189, 1, 84568, 97871, 99, 391.55
2026/10/09 04:52:19.189, 2, 84570, 97871, 99, 393.34
2026/10/09 04:52:19.189, 3, 84568, 97871, 99, 378.59
2026/10/09 04:52:20.189, 0, 84570, 97871, 99, 376.04
2026/10/09 04:52:20.189, 1, 84568, 97871, 93, 378.18
2026/10/09 04:52:20.189, 2, 84570, 97871, 99, 378.56
2026/10/09 04:52:20.189, 3, 84568, 97871, 99, 362.94
2026/10/09 04:52:21.189, 0, 84570, 97871, 99, 379.94
2026/10/09 04:52:21.190, 1, 84568, 97871, 99, 379.87
2026/10/09 04:52:21.190, 2, 84570, 97871, 99, 385.68
2026/10/09 04:52:21.190, 3, 84568, 97871, 99, 370.11
2026/10/09 04:52:22.190, 0, 84570, 97871, 96, 392.89
2026/10/09 04:52:22.190, 1, 84568, 97871, 99, 388.39
2026/10/09 04:52:22.190, 2, 84570, 97871, 99, 395.56
2026/10/09 04:52:22.190, 3, 84568, 97871, 100, 378.72
2026/10/09 04:52:23.190, 0, 84570, 97871, 94, 377.09
2026/10/09 04:52:23.190, 1, 84568, 97871, 99, 385.93
2026/10/09 04:52:23.190, 2, 84570, 97871, 100, 379.18
2026/10/09 04:52:23.190, 3, 84568, 97871, 100, 371.69
2026/10/09 04:52:24.190, 0, 84570, 97871, 15, 320.98
2026/10/09 04:52:24.190, 1, 84568, 97871, 36, 317.18
2026/10/09 04:52:24.190, 2, 84570, 97871, 0, 326.80
2026/10/09 04:52:24.190, 3, 84568, 97871, 0, 313.99
2026/10/09 04:52:25.190, 0, 84570, 97871, 100, 511.59
2026/10/09 04:52:25.190, 1, 84568, 97871, 100, 512.17
2026/10/09 04:52:25.191, 2, 84570, 97871, 100, 510.18
2026/10/09 04:52:25.191, 3, 84568, 97871, 100, 493.74
2026/10/09 04:52:26.191, 0, 84574, 97871, 68, 434.26
2026/10/09 04:52:26.191, 1, 84572, 97871, 99, 428.66
2026/10/09 04:52:26.191, 2, 84574, 97871, 56, 433.76
2026/10/09 04:52:26.191, 3, 84572, 97871, 61, 421.95
2026/10/09 04:52:27.191, 0, 84574, 97871, 100, 491.97
2026/10/09 04:52:27.191, 1, 84572, 97871, 100, 500.92
2026/10/09 04:52:27.191, 2, 84574, 97871, 100, 487.54
2026/10/09 04:52:27.191, 3, 84572, 97871, 100, 475.21
2026/10/09 04:52:28.191, 0, 84574, 97871, 100, 476.67
2026/10/09 04:52:28.191, 1, 84572, 97871, 100, 465.38
2026/10/09 04:52:28.191, 2, 84574, 97871, 100, 478.14
2026/10/09 04:52:28.191, 3, 84572, 97871, 100, 461.80
2026/10/09 04:52:29.192, 0, 84574, 97871, 100, 499.85
2026/10/09 04:52:29.192, 1, 84572, 97871, 100, 503.80
2026/10/09 04:52:29.192, 2, 84574, 97871, 100, 494.40
2026/10/09 04:52:29.192, 3, 84572, 97871, 100, 486.99
2026/10/09 04:52:30.192, 0, 84574, 97871, 100, 505.90
2026/10/09 04:52:30.192, 1, 84572, 97871, 100, 505.31
2026/10/09 04:52:30.192, 2, 84574, 97871, 100, 506.05
2026/10/09 04:52:30.192, 3, 84572, 97871, 100, 490.33
2026/10/09 04:52:31.192, 0, 84574, 97871, 100, 510.82
2026/10/09 04:52:31.192, 1, 84572, 97871, 100, 510.18
2026/10/09 04:52:31.192, 2, 84574, 97871, 100, 509.91
2026/10/09 04:52:31.192, 3, 84572, 97871, 100, 489.64
2026/10/09 04:52:32.192, 0, 84574, 97871, 100, 504.02
2026/10/09 04:52:32.192, 1, 84572, 97871, 100, 496.77
2026/10/09 04:52:32.192, 2, 84574, 97871, 100, 504.70
2026/10/09 04:52:32.192, 3, 84572, 97871, 100, 490.02
2026/10/09 04:52:33.192, 0, 84574, 97871, 100, 501.65
2026/10/09 04:52:33.193, 1, 84572, 97871, 100, 502.58
2026/10/09 04:52:33.193, 2, 84574, 97871, 100, 505.19
2026/10/09 04:52:33.193, 3, 84572, 97871, 100, 483.61
2026/10/09 04:52:34.193, 0, 84574, 97871, 99, 425.91
2026/10/09 04:52:34.193, 1, 84572, 97871, 99, 422.42
2026/10/09 04:52:34.193, 2, 84574, 97871, 99, 418.50
2026/10/09 04:52:34.193, 3, 84572, 97871, 99, 423.51
2026/10/09 04:52:35.193, 0, 84574, 97871, 100, 452.80
2026/10/09 04:52:35.193, 1, 84572, 97871, 100, 454.33
2026/10/09 04:52:35.193, 2, 84574, 97871, 100, 464.92
2026/10/09 04:52:35.193, 3, 84572, 97871, 100, 428.72
2026/10/09 04:52:36.193, 0, 84574, 97871, 100, 511.18
2026/10/09 04:52:36.193, 1, 84572, 97871, 100, 511.43
2026/10/09 04:52:36.193, 2, 84574, 97871, 100, 506.05
2026/10/09 04:52:36.193, 3, 84572, 97871, 100, 499.37
2026/10/09 04:52:37.193, 0, 84574, 97871, 95, 516.63
2026/10/09 04:52:37.194, 1, 84572, 97871, 93, 516.00
2026/10/09 04:52:37.194, 2, 84574, 97871, 100, 510.43
2026/10/09 04:52:37.194, 3, 84572, 97871, 100, 491.54
2026/10/09 04:52:38.194, 0, 84574, 97871, 96, 511.48
2026/10/09 04:52:38.194, 1, 84572, 97871, 93, 503.57
2026/10/09 04:52:38.194, 2, 84574, 97871, 96, 509.38
2026/10/09 04:52:38.194, 3, 84572, 97871, 96, 498.97
2026/10/09 04:52:39.194, 0, 84574, 97871, 100, 451.25
2026/10/09 04:52:39.194, 1, 84572, 97871, 100, 448.87
2026/10/09 04:52:39.194, 2, 84574, 97871, 100, 447.37
2026/10/09 04:52:39.194, 3, 84572, 97871, 63, 444.16
2026/10/09 04:52:40.194, 0, 84574, 97871, 99, 373.69
2026/10/09 04:52:40.199, 1, 84572, 97871, 45, 374.29
2026/10/09 04:52:40.199, 2, 84574, 97871, 99, 372.39
2026/10/09 04:52:40.200, 3, 84572, 97871, 99, 368.38
2026/10/09 04:52:41.200, 0, 84574, 97871, 100, 323.69
2026/10/09 04:52:41.200, 1, 84572, 97871, 38, 321.48
2026/10/09 04:52:41.200, 2, 84574, 97871, 99, 322.68
2026/10/09 04:52:41.200, 3, 84572, 97871, 99, 305.65
2026/10/09 04:52:42.200, 0, 84574, 97871, 100, 299.96
2026/10/09 04:52:42.200, 1, 84572, 97871, 42, 305.00
2026/10/09 04:52:42.200, 2, 84574, 97871, 99, 307.78
2026/10/09 04:52:42.200, 3, 84572, 97871, 99, 292.11
2026/10/09 04:52:43.200, 0, 84574, 97871, 99, 421.97
2026/10/09 04:52:43.200, 1, 84572, 97871, 99, 424.91
2026/10/09 04:52:43.200, 2, 84574, 97871, 99, 424.89
2026/10/09 04:52:43.200, 3, 84572, 97871, 100, 414.57
2026/10/09 04:52:44.200, 0, 84574, 97871, 100, 424.94
2026/10/09 04:52:44.200, 1, 84572, 97871, 100, 427.88
2026/10/09 04:52:44.200, 2, 84574, 97871, 100, 438.92
2026/10/09 04:52:44.200, 3, 84572, 97871, 100, 423.32
2026/10/09 04:52:45.201, 0, 84574, 97871, 100, 511.50
2026/10/09 04:52:45.201, 1, 84572, 97871, 100, 507.90
2026/10/09 04:52:45.201, 2, 84574, 97871, 100, 510.57
2026/10/09 04:52:45.201, 3, 84572, 97871, 100, 501.37
2026/10/09 04:52:46.201, 0, 84574, 97871, 100, 514.69
2026/10/09 04:52:46.201, 1, 84572, 97871, 100, 515.26
2026/10/09 04:52:46.201, 2, 84574, 97871, 100, 509.95
2026/10/09 04:52:46.201, 3, 84572, 97871, 100, 497.45
2026/10/09 04:52:47.201, 0, 84574, 97871, 100, 515.94
2026/10/09 04:52:47.201, 1, 84572, 97871, 100, 512.22
2026/10/09 04:52:47.201, 2, 84574, 97871, 100, 506.99
2026/10/09 04:52:47.201, 3, 84572, 97871, 100, 501.32
2026/10/09 04:52:48.201, 0, 84574, 97871, 100, 460.27
2026/10/09 04:52:48.201, 1, 84572, 97871, 100, 454.95
2026/10/09 04:52:48.201, 2, 84574, 97871, 58, 447.50
2026/10/09 04:52:48.201, 3, 84572, 97871, 100, 439.95
2026/10/09 04:52:49.202, 0, 84574, 97871, 100, 442.07
2026/10/09 04:52:49.202, 1, 84572, 97871, 100, 447.33
2026/10/09 04:52:49.202, 2, 84574, 97871, 100, 454.21
2026/10/09 04:52:49.202, 3, 84572, 97871, 100, 443.77
2026/10/09 04:52:50.202, 0, 84574, 97871, 100, 509.70
2026/10/09 04:52:50.206, 1, 84572, 97871, 100, 510.21
2026/10/09 04:52:50.206, 2, 84574, 97871, 100, 500.32
2026/10/09 04:52:50.206, 3, 84572, 97871, 100, 490.86
2026/10/09 04:52:51.206, 0, 84574, 97871, 100, 492.78
2026/10/09 04:52:51.206, 1, 84572, 97871, 100, 497.36
2026/10/09 04:52:51.206, 2, 84574, 97871, 100, 497.42
2026/10/09 04:52:51.206, 3, 84572, 97871, 100, 480.56
2026/10/09 04:52:52.207, 0, 84574, 97871, 100, 484.78
2026/10/09 04:52:52.207, 1, 84572, 97871, 100, 479.90
2026/10/09 04:52:52.207, 2, 84574, 97871, 100, 487.88
2026/10/09 04:52:52.207, 3, 84572, 97871, 100, 470.61
2026/10/09 04:52:53.207, 0, 84574, 97871, 100, 503.74
2026/10/09 04:52:53.207, 1, 84572, 97871, 100, 506.05
2026/10/09 04:52:53.207, 2, 84574, 97871, 100, 505.07
2026/10/09 04:52:53.207, 3, 84572, 97871, 100, 489.08
2026/10/09 04:52:54.207, 0, 84574, 97871, 100, 508.06
2026/10/09 04:52:54.207, 1, 84572, 97871, 100, 506.73
2026/10/09 04:52:54.207, 2, 84574, 97871, 100, 505.69
2026/10/09 04:52:54.207, 3, 84572, 97871, 100, 494.43
2026/10/09 04:52:55.207, 0, 84574, 97871, 100, 509.52
2026/10/09 04:52:55.207, 1, 84572, 97871, 100, 507.99
2026/10/09 04:52:55.207, 2, 84574, 97871, 100, 507.60
2026/10/09 04:52:55.207, 3, 84572, 97871, 100, 492.91
2026/10/09 04:52:56.207, 0, 84574, 97871, 100, 511.35
2026/10/09 04:52:56.208, 1, 84572, 97871, 100, 508.71
2026/10/09 04:52:56.208, 2, 84574, 97871, 100, 504.28
2026/10/09 04:52:56.208, 3, 84572, 97871, 100, 497.36
2026/10/09 04:52:57.208, 0, 84574, 97871, 100, 495.64
2026/10/09 04:52:57.208, 1, 84572, 97871, 100, 496.66
2026/10/09 04:52:57.208, 2, 84574, 97871, 100, 493.65
2026/10/09 04:52:57.208, 3, 84572, 97871, 100, 487.43
2026/10/09 04:52:58.208, 0, 84574, 97871, 100, 463.62
2026/10/09 04:52:58.208, 1, 84572, 97871, 100, 467.80
2026/10/09 04:52:58.208, 2, 84574, 97871, 59, 461.45
2026/10/09 04:52:58.208, 3, 84572, 97871, 100, 457.97
2026/10/09 04:52:59.208, 0, 84574, 97871, 100, 489.99
2026/10/09 04:52:59.208, 1, 84572, 97871, 100, 489.10
2026/10/09 04:52:59.208, 2, 84574, 97871, 100, 486.17
2026/10/09 04:52:59.208, 3, 84572, 97871, 100, 471.90
2026/10/09 04:53:00.208, 0, 84574, 97871, 100, 504.05
2026/10/09 04:53:00.214, 1, 84572, 97871, 100, 496.90
2026/10/09 04:53:00.214, 2, 84574, 97871, 81, 504.72
2026/10/09 04:53:00.214, 3, 84572, 97871, 100, 490.66
2026/10/09 04:53:01.214, 0, 84574, 97871, 100, 511.31
2026/10/09 04:53:01.214, 1, 84572, 97871, 100, 508.39
2026/10/09 04:53:01.214, 2, 84574, 97871, 100, 506.96
2026/10/09 04:53:01.214, 3, 84572, 97871, 100, 489.12
2026/10/09 04:53:02.214, 0, 84574, 97871, 85, 484.34
2026/10/09 04:53:02.214, 1, 84572, 97871, 100, 484.33
2026/10/09 04:53:02.214, 2, 84574, 97871, 100, 476.43
2026/10/09 04:53:02.214, 3, 84572, 97871, 100, 471.62
2026/10/09 04:53:03.214, 0, 84574, 97871, 100, 507.70
2026/10/09 04:53:03.214, 1, 84572, 97871, 100, 504.17
2026/10/09 04:53:03.214, 2, 84574, 97871, 100, 494.29
2026/10/09 04:53:03.215, 3, 84572, 97871, 100, 496.49
2026/10/09 04:53:04.215, 0, 84574, 97871, 99, 494.16
2026/10/09 04:53:04.215, 1, 84572, 97871, 100, 495.69
2026/10/09 04:53:04.215, 2, 84574, 97871, 100, 492.60
2026/10/09 04:53:04.215, 3, 84572, 97871, 100, 483.42
2026/10/09 04:53:05.215, 0, 84574, 97871, 100, 506.64
2026/10/09 04:53:05.215, 1, 84572, 97871, 100, 506.31
2026/10/09 04:53:05.215, 2, 84574, 97871, 100, 500.57
2026/10/09 04:53:05.215, 3, 84572, 97871, 100, 488.59
2026/10/09 04:53:06.215, 0, 84574, 97871, 100, 508.59
2026/10/09 04:53:06.215, 1, 84572, 97871, 100, 505.52
2026/10/09 04:53:06.215, 2, 84574, 97871, 100, 502.46
2026/10/09 04:53:06.215, 3, 84572, 97871, 100, 492.44
2026/10/09 04:53:07.215, 0, 84574, 97871, 100, 505.51
2026/10/09 04:53:07.215, 1, 84572, 97871, 100, 502.96
2026/10/09 04:53:07.215, 2, 84574, 97871, 100, 501.32
2026/10/09 04:53:07.215, 3, 84572, 97871, 100, 493.49
2026/10/09 04:53:08.215, 0, 84574, 97871, 100, 511.49
2026/10/09 04:53:08.216, 1, 84572, 97871, 100, 509.28
2026/10/09 04:53:08.216, 2, 84574, 97871, 100, 502.72
2026/10/09 04:53:08.216, 3, 84572, 97871, 100, 495.25
2026/10/09 04:53:09.216, 0, 84574, 97871, 98, 444.04
2026/10/09 04:53:09.216, 1, 84572, 97871, 50, 417.68
2026/10/09 04:53:09.216, 2, 84574, 97871, 100, 432.36
2026/10/09 04:53:09.216, 3, 84572, 97871, 100, 433.04
2026/10/09 04:53:10.216, 0, 84574, 97871, 100, 351.10
2026/10/09 04:53:10.221, 1, 84572, 97871, 45, 333.36
2026/10/09 04:53:10.221, 2, 84574, 97871, 100, 349.78
2026/10/09 04:53:10.221, 3, 84572, 97871, 100, 328.18
2026/10/09 04:53:11.221, 0, 84574, 97871, 100, 315.99
2026/10/09 04:53:11.222, 1, 84572, 97871, 42, 316.99
2026/10/09 04:53:11.222, 2, 84574, 97871, 100, 320.82
2026/10/09 04:53:11.222, 3, 84572, 97871, 100, 303.87
2026/10/09 04:53:12.222, 0, 84574, 97871, 100, 425.08
2026/10/09 04:53:12.222, 1, 84572, 97871, 99, 438.81
2026/10/09 04:53:12.222, 2, 84574, 97871, 100, 439.55
2026/10/09 04:53:12.222, 3, 84572, 97871, 100, 424.08
2026/10/09 04:53:13.222, 0, 84574, 97871, 93, 335.37
2026/10/09 04:53:13.222, 1, 84572, 97871, 100, 347.02
2026/10/09 04:53:13.222, 2, 84574, 97871, 100, 348.25
2026/10/09 04:53:13.222, 3, 84572, 97871, 100, 327.62
2026/10/09 04:53:14.222, 0, 84574, 97871, 100, 515.03
2026/10/09 04:53:14.222, 1, 84572, 97871, 100, 509.27
2026/10/09 04:53:14.222, 2, 84574, 97871, 100, 511.41
2026/10/09 04:53:14.222, 3, 84572, 97871, 100, 495.44
2026/10/09 04:53:15.222, 0, 84574, 97871, 100, 512.72
2026/10/09 04:53:15.222, 1, 84572, 97871, 100, 511.37
2026/10/09 04:53:15.222, 2, 84574, 97871, 100, 511.13
2026/10/09 04:53:15.223, 3, 84572, 97871, 100, 500.26
2026/10/09 04:53:16.223, 0, 84574, 97871, 100, 510.31
2026/10/09 04:53:16.223, 1, 84572, 97871, 100, 509.80
2026/10/09 04:53:16.223, 2, 84574, 97871, 100, 510.68
2026/10/09 04:53:16.223, 3, 84572, 97871, 100, 504.09
2026/10/09 04:53:17.223, 0, 84574, 97871, 100, 517.09
2026/10/09 04:53:17.223, 1, 84572, 97871, 100, 514.26
2026/10/09 04:53:17.223, 2, 84574, 97871, 100, 510.05
2026/10/09 04:53:17.223, 3, 84572, 97871, 100, 498.10
2026/10/09 04:53:18.223, 0, 84574, 97871, 100, 515.66
2026/10/09 04:53:18.223, 1, 84572, 97871, 94, 511.82
2026/10/09 04:53:18.223, 2, 84574, 97871, 99, 512.66
2026/10/09 04:53:18.223, 3, 84572, 97871, 99, 498.56
2026/10/09 04:53:19.223, 0, 85974, 97871, 100, 520.54
2026/10/09 04:53:19.223, 1, 85972, 97871, 100, 518.96
2026/10/09 04:53:19.223, 2, 85974, 97871, 99, 510.92
2026/10/09 04:53:19.223, 3, 85972, 97871, 100, 498.66
2026/10/09 04:53:20.223, 0, 85974, 97871, 100, 511.91
2026/10/09 04:53:20.228, 1, 85972, 97871, 100, 515.41
2026/10/09 04:53:20.228, 2, 85974, 97871, 100, 510.23
2026/10/09 04:53:20.228, 3, 85972, 97871, 100, 497.71
2026/10/09 04:53:21.228, 0, 85974, 97871, 100, 514.03
2026/10/09 04:53:21.228, 1, 85972, 97871, 100, 508.17
2026/10/09 04:53:21.228, 2, 85974, 97871, 100, 508.14
2026/10/09 04:53:21.228, 3, 85972, 97871, 100, 497.52
2026/10/09 04:53:22.228, 0, 85974, 97871, 100, 514.72
2026/10/09 04:53:22.228, 1, 85972, 97871, 100, 512.62
2026/10/09 04:53:22.228, 2, 85974, 97871, 100, 507.00
2026/10/09 04:53:22.228, 3, 85972, 97871, 100, 494.65
2026/10/09 04:53:23.228, 0, 85974, 97871, 84, 496.36
2026/10/09 04:53:23.228, 1, 85972, 97871, 98, 497.25
2026/10/09 04:53:23.228, 2, 85974, 97871, 99, 495.58
2026/10/09 04:53:23.228, 3, 85972, 97871, 99, 484.76
2026/10/09 04:53:24.228, 0, 85974, 97871, 68, 451.62
2026/10/09 04:53:24.229, 1, 85972, 97871, 98, 451.74
2026/10/09 04:53:24.229, 2, 85974, 97871, 95, 453.66
2026/10/09 04:53:24.229, 3, 85972, 97871, 98, 447.41
2026/10/09 04:53:25.229, 0, 85974, 97871, 55, 401.52
2026/10/09 04:53:25.229, 1, 85972, 97871, 100, 395.37
2026/10/09 04:53:25.229, 2, 85974, 97871, 100, 405.45
2026/10/09 04:53:25.229, 3, 85972, 97871, 100, 392.74
2026/10/09 04:53:26.229, 0, 85974, 97871, 44, 351.10
2026/10/09 04:53:26.229, 1, 85972, 97871, 100, 349.86
2026/10/09 04:53:26.229, 2, 85974, 97871, 100, 353.48
2026/10/09 04:53:26.229, 3, 85972, 97871, 100, 342.31
2026/10/09 04:53:27.229, 0, 85974, 97871, 37, 310.95
2026/10/09 04:53:27.229, 1, 85972, 97871, 100, 309.79
2026/10/09 04:53:27.229, 2, 85974, 97871, 100, 314.78
2026/10/09 04:53:27.229, 3, 85972, 97871, 100, 301.16
2026/10/09 04:53:28.229, 0, 85974, 97871, 99, 397.42
2026/10/09 04:53:28.229, 1, 85972, 97871, 83, 386.45
2026/10/09 04:53:28.230, 2, 85974, 97871, 99, 397.45
2026/10/09 04:53:28.230, 3, 85972, 97871, 99, 389.90
2026/10/09 04:53:29.230, 0, 85974, 97871, 100, 450.63
2026/10/09 04:53:29.230, 1, 85972, 97871, 100, 472.13
2026/10/09 04:53:29.230, 2, 85974, 97871, 100, 452.26
2026/10/09 04:53:29.230, 3, 85972, 97871, 100, 428.22
2026/10/09 04:53:30.230, 0, 85974, 97871, 100, 509.19
2026/10/09 04:53:30.240, 1, 85972, 97871, 100, 511.57
2026/10/09 04:53:30.240, 2, 85974, 97871, 100, 509.49
2026/10/09 04:53:30.240, 3, 85972, 97871, 100, 498.70
2026/10/09 04:53:31.241, 0, 85974, 97871, 100, 517.16
2026/10/09 04:53:31.241, 1, 85972, 97871, 100, 516.64
2026/10/09 04:53:31.241, 2, 85974, 97871, 100, 508.78
2026/10/09 04:53:31.241, 3, 85972, 97871, 100, 494.00
2026/10/09 04:53:32.241, 0, 85974, 97871, 100, 514.56
2026/10/09 04:53:32.241, 1, 85972, 97871, 100, 512.46
2026/10/09 04:53:32.241, 2, 85974, 97871, 100, 510.64
2026/10/09 04:53:32.241, 3, 85972, 97871, 100, 496.36
2026/10/09 04:53:33.241, 0, 85974, 97871, 100, 514.02
2026/10/09 04:53:33.241, 1, 85972, 97871, 100, 516.05
2026/10/09 04:53:33.241, 2, 85974, 97871, 100, 508.61
2026/10/09 04:53:33.241, 3, 85972, 97871, 100, 499.26
2026/10/09 04:53:34.241, 0, 85974, 97871, 100, 515.23
2026/10/09 04:53:34.241, 1, 85972, 97871, 100, 520.37
2026/10/09 04:53:34.241, 2, 85974, 97871, 100, 498.94
2026/10/09 04:53:34.241, 3, 85972, 97871, 100, 492.44
2026/10/09 04:53:35.241, 0, 85974, 97871, 100, 510.83
2026/10/09 04:53:35.242, 1, 85972, 97871, 100, 515.72
2026/10/09 04:53:35.242, 2, 85974, 97871, 100, 503.90
2026/10/09 04:53:35.242, 3, 85972, 97871, 100, 497.41
2026/10/09 04:53:36.242, 0, 85974, 97871, 100, 518.79
2026/10/09 04:53:36.242, 1, 85972, 97871, 100, 511.44
2026/10/09 04:53:36.242, 2, 85974, 97871, 100, 512.97
2026/10/09 04:53:36.242, 3, 85972, 97871, 100, 496.86
2026/10/09 04:53:37.242, 0, 85974, 97871, 100, 513.09
2026/10/09 04:53:37.242, 1, 85972, 97871, 100, 512.63
2026/10/09 04:53:37.242, 2, 85974, 97871, 100, 505.18
2026/10/09 04:53:37.242, 3, 85972, 97871, 100, 498.89
2026/10/09 04:53:38.242, 0, 85974, 97871, 100, 512.06
2026/10/09 04:53:38.242, 1, 85972, 97871, 100, 503.41
2026/10/09 04:53:38.242, 2, 85974, 97871, 100, 503.08
2026/10/09 04:53:38.242, 3, 85972, 97871, 100, 491.67
2026/10/09 04:53:39.243, 0, 85974, 97871, 100, 511.06
2026/10/09 04:53:39.243, 1, 85972, 97871, 100, 504.85
2026/10/09 04:53:39.243, 2, 85974, 97871, 100, 502.70
2026/10/09 04:53:39.243, 3, 85972, 97871, 100, 494.77
2026/10/09 04:53:40.243, 0, 85974, 97871, 100, 510.08
2026/10/09 04:53:40.247, 1, 85972, 97871, 100, 510.33
2026/10/09 04:53:40.247, 2, 85974, 97871, 100, 506.05
2026/10/09 04:53:40.247, 3, 85972, 97871, 100, 498.47
2026/10/09 04:53:41.247, 0, 85974, 97871, 100, 509.02
2026/10/09 04:53:41.247, 1, 85972, 97871, 100, 508.45
2026/10/09 04:53:41.247, 2, 85974, 97871, 100, 503.07
2026/10/09 04:53:41.250, 3, 85972, 97871, 100, 498.36
2026/10/09 04:53:42.251, 0, 85974, 97871, 100, 508.00
2026/10/09 04:53:42.251, 1, 85972, 97871, 100, 511.22
2026/10/09 04:53:42.251, 2, 85974, 97871, 100, 501.28
2026/10/09 04:53:42.251, 3, 85972, 97871, 100, 497.01
2026/10/09 04:53:43.251, 0, 85974, 97871, 100, 510.15
2026/10/09 04:53:43.251, 1, 85972, 97871, 100, 509.62
2026/10/09 04:53:43.251, 2, 85974, 97871, 100, 506.53
2026/10/09 04:53:43.251, 3, 85972, 97871, 100, 495.74
2026/10/09 04:53:44.251, 0, 85974, 97871, 100, 507.40
2026/10/09 04:53:44.251, 1, 85972, 97871, 100, 504.82
2026/10/09 04:53:44.251, 2, 85974, 97871, 100, 510.18
2026/10/09 04:53:44.251, 3, 85972, 97871, 100, 497.40
2026/10/09 04:53:45.251, 0, 85974, 97871, 100, 514.73
2026/10/09 04:53:45.251, 1, 85972, 97871, 100, 513.34
2026/10/09 04:53:45.251, 2, 85974, 97871, 100, 504.24
2026/10/09 04:53:45.251, 3, 85972, 97871, 100, 497.01
2026/10/09 04:53:46.252, 0, 85974, 97871, 100, 509.85
2026/10/09 04:53:46.252, 1, 85972, 97871, 100, 506.81
2026/10/09 04:53:46.252, 2, 85974, 97871, 100, 504.70
2026/10/09 04:53:46.252, 3, 85972, 97871, 100, 496.99
2026/10/09 04:53:47.252, 0, 85974, 97871, 100, 515.59
2026/10/09 04:53:47.252, 1, 85972, 97871, 100, 515.20
2026/10/09 04:53:47.252, 2, 85974, 97871, 100, 511.14
2026/10/09 04:53:47.252, 3, 85972, 97871, 100, 499.76
2026/10/09 04:53:48.252, 0, 85974, 97871, 100, 513.25
2026/10/09 04:53:48.252, 1, 85972, 97871, 100, 515.15
2026/10/09 04:53:48.252, 2, 85974, 97871, 100, 509.96
2026/10/09 04:53:48.252, 3, 85972, 97871, 100, 496.91
2026/10/09 04:53:49.252, 0, 85974, 97871, 100, 507.20
2026/10/09 04:53:49.252, 1, 85972, 97871, 100, 508.07
2026/10/09 04:53:49.253, 2, 85974, 97871, 100, 506.22
2026/10/09 04:53:49.253, 3, 85972, 97871, 100, 492.89
2026/10/09 04:53:50.253, 0, 85974, 97871, 100, 505.08
2026/10/09 04:53:50.260, 1, 85972, 97871, 100, 505.26
2026/10/09 04:53:50.260, 2, 85974, 97871, 100, 501.50
2026/10/09 04:53:50.260, 3, 85972, 97871, 100, 494.48
2026/10/09 04:53:51.260, 0, 85974, 97871, 100, 509.20
2026/10/09 04:53:51.260, 1, 85972, 97871, 100, 503.08
2026/10/09 04:53:51.260, 2, 85974, 97871, 100, 506.65
2026/10/09 04:53:51.261, 3, 85972, 97871, 100, 496.71
2026/10/09 04:53:52.261, 0, 85974, 97871, 100, 509.98
2026/10/09 04:53:52.261, 1, 85972, 97871, 100, 513.27
2026/10/09 04:53:52.261, 2, 85974, 97871, 100, 509.31
2026/10/09 04:53:52.261, 3, 85972, 97871, 100, 498.20
2026/10/09 04:53:53.261, 0, 85974, 97871, 100, 509.61
2026/10/09 04:53:53.261, 1, 85972, 97871, 100, 511.36
2026/10/09 04:53:53.261, 2, 85974, 97871, 100, 507.31
2026/10/09 04:53:53.261, 3, 85972, 97871, 100, 500.25
2026/10/09 04:53:54.262, 0, 85974, 97871, 100, 508.07
2026/10/09 04:53:54.262, 1, 85972, 97871, 100, 510.59
2026/10/09 04:53:54.262, 2, 85974, 97871, 100, 504.46
2026/10/09 04:53:54.262, 3, 85972, 97871, 100, 499.40
2026/10/09 04:53:55.262, 0, 85974, 97871, 100, 502.39
2026/10/09 04:53:55.262, 1, 85972, 97871, 100, 506.27
2026/10/09 04:53:55.262, 2, 85974, 97871, 100, 506.16
2026/10/09 04:53:55.262, 3, 85972, 97871, 100, 499.53
2026/10/09 04:53:56.262, 0, 85974, 97871, 100, 511.81
2026/10/09 04:53:56.262, 1, 85972, 97871, 100, 507.09
2026/10/09 04:53:56.262, 2, 85974, 97871, 100, 503.18
2026/10/09 04:53:56.262, 3, 85972, 97871, 100, 495.65
2026/10/09 04:53:57.262, 0, 85974, 97871, 100, 507.24
2026/10/09 04:53:57.263, 1, 85972, 97871, 100, 509.16
2026/10/09 04:53:57.263, 2, 85974, 97871, 100, 505.05
2026/10/09 04:53:57.263, 3, 85972, 97871, 100, 494.23
2026/10/09 04:53:58.263, 0, 85974, 97871, 100, 509.20
2026/10/09 04:53:58.263, 1, 85972, 97871, 100, 507.33
2026/10/09 04:53:58.263, 2, 85974, 97871, 100, 508.02
2026/10/09 04:53:58.263, 3, 85972, 97871, 100, 496.45
2026/10/09 04:53:59.263, 0, 85974, 97871, 100, 511.43
2026/10/09 04:53:59.263, 1, 85972, 97871, 100, 513.95
2026/10/09 04:53:59.263, 2, 85974, 97871, 100, 508.88
2026/10/09 04:53:59.263, 3, 85972, 97871, 100, 500.66
2026/10/09 04:54:00.263, 0, 85974, 97871, 100, 511.53
2026/10/09 04:54:00.267, 1, 85972, 97871, 100, 510.64
2026/10/09 04:54:00.267, 2, 85974, 97871, 100, 504.48
2026/10/09 04:54:00.267, 3, 85972, 97871, 100, 499.04
2026/10/09 04:54:01.267, 0, 85974, 97871, 100, 512.54
2026/10/09 04:54:01.267, 1, 85972, 97871, 100, 510.03
2026/10/09 04:54:01.267, 2, 85974, 97871, 100, 508.23
2026/10/09 04:54:01.268, 3, 85972, 97871, 100, 496.09
2026/10/09 04:54:02.268, 0, 85974, 97871, 100, 511.48
2026/10/09 04:54:02.268, 1, 85972, 97871, 100, 502.10
2026/10/09 04:54:02.268, 2, 85974, 97871, 100, 506.71
2026/10/09 04:54:02.268, 3, 85972, 97871, 100, 496.63
2026/10/09 04:54:03.268, 0, 85974, 97871, 100, 505.99
2026/10/09 04:54:03.268, 1, 85972, 97871, 100, 504.81
2026/10/09 04:54:03.268, 2, 85974, 97871, 100, 499.47
2026/10/09 04:54:03.268, 3, 85972, 97871, 100, 490.01
2026/10/09 04:54:04.268, 0, 85974, 97871, 100, 511.64
2026/10/09 04:54:04.268, 1, 85972, 97871, 100, 514.44
2026/10/09 04:54:04.268, 2, 85974, 97871, 100, 502.35
2026/10/09 04:54:04.268, 3, 85972, 97871, 100, 493.46
2026/10/09 04:54:05.269, 0, 85974, 97871, 100, 511.64
2026/10/09 04:54:05.269, 1, 85972, 97871, 100, 510.67
2026/10/09 04:54:05.269, 2, 85974, 97871, 100, 510.54
2026/10/09 04:54:05.269, 3, 85972, 97871, 100, 503.23
2026/10/09 04:54:06.269, 0, 85974, 97871, 100, 512.31
2026/10/09 04:54:06.269, 1, 85972, 97871, 100, 509.38
2026/10/09 04:54:06.269, 2, 85974, 97871, 100, 507.07
2026/10/09 04:54:06.269, 3, 85972, 97871, 100, 497.42
2026/10/09 04:54:07.269, 0, 85974, 97871, 100, 510.44
2026/10/09 04:54:07.269, 1, 85972, 97871, 100, 508.47
2026/10/09 04:54:07.269, 2, 85974, 97871, 100, 507.61
2026/10/09 04:54:07.269, 3, 85972, 97871, 100, 489.93
2026/10/09 04:54:08.269, 0, 85974, 97871, 100, 508.75
2026/10/09 04:54:08.269, 1, 85972, 97871, 100, 509.52
2026/10/09 04:54:08.269, 2, 85974, 97871, 100, 507.89
2026/10/09 04:54:08.270, 3, 85972, 97871, 100, 492.84
2026/10/09 04:54:09.270, 0, 85974, 97871, 100, 506.77
2026/10/09 04:54:09.270, 1, 85972, 97871, 100, 507.84
2026/10/09 04:54:09.270, 2, 85974, 97871, 100, 501.54
2026/10/09 04:54:09.270, 3, 85972, 97871, 100, 494.32
2026/10/09 04:54:10.270, 0, 85974, 97871, 100, 511.80
2026/10/09 04:54:10.288, 1, 85972, 97871, 100, 504.98
2026/10/09 04:54:10.288, 2, 85974, 97871, 100, 505.83
2026/10/09 04:54:10.288, 3, 85972, 97871, 100, 499.06
2026/10/09 04:54:11.288, 0, 85974, 97871, 100, 510.35
2026/10/09 04:54:11.288, 1, 85972, 97871, 100, 511.28
2026/10/09 04:54:11.288, 2, 85974, 97871, 100, 509.05
2026/10/09 04:54:11.288, 3, 85972, 97871, 100, 497.57
2026/10/09 04:54:12.289, 0, 85974, 97871, 100, 512.81
2026/10/09 04:54:12.289, 1, 85972, 97871, 100, 511.93
2026/10/09 04:54:12.289, 2, 85974, 97871, 100, 511.02
2026/10/09 04:54:12.289, 3, 85972, 97871, 100, 496.77
2026/10/09 04:54:13.289, 0, 85974, 97871, 100, 508.17
2026/10/09 04:54:13.289, 1, 85972, 97871, 100, 505.70
2026/10/09 04:54:13.289, 2, 85974, 97871, 100, 505.97
2026/10/09 04:54:13.289, 3, 85972, 97871, 100, 494.97
2026/10/09 04:54:14.289, 0, 85974, 97871, 100, 508.15
2026/10/09 04:54:14.289, 1, 85972, 97871, 100, 510.38
2026/10/09 04:54:14.289, 2, 85974, 97871, 100, 504.89
2026/10/09 04:54:14.289, 3, 85972, 97871, 100, 494.25
2026/10/09 04:54:15.289, 0, 85974, 97871, 100, 507.89
2026/10/09 04:54:15.289, 1, 85972, 97871, 100, 508.51
2026/10/09 04:54:15.290, 2, 85974, 97871, 100, 509.58
2026/10/09 04:54:15.290, 3, 85972, 97871, 100, 492.13
2026/10/09 04:54:16.290, 0, 85974, 97871, 100, 512.06
2026/10/09 04:54:16.290, 1, 85972, 97871, 100, 509.73
2026/10/09 04:54:16.290, 2, 85974, 97871, 100, 504.78
2026/10/09 04:54:16.290, 3, 85972, 97871, 100, 491.10
2026/10/09 04:54:17.290, 0, 85974, 97871, 76, 485.76
2026/10/09 04:54:17.290, 1, 85972, 97871, 100, 487.38
2026/10/09 04:54:17.290, 2, 85974, 97871, 100, 483.34
2026/10/09 04:54:17.290, 3, 85972, 97871, 100, 472.96
2026/10/09 04:54:18.290, 0, 85974, 97871, 64, 421.74
2026/10/09 04:54:18.290, 1, 85972, 97871, 100, 424.59
2026/10/09 04:54:18.290, 2, 85974, 97871, 100, 421.31
2026/10/09 04:54:18.290, 3, 85972, 97871, 100, 407.59
2026/10/09 04:54:19.290, 0, 85974, 97871, 100, 360.34
2026/10/09 04:54:19.291, 1, 85972, 97871, 49, 367.95
2026/10/09 04:54:19.291, 2, 85974, 97871, 100, 363.09
2026/10/09 04:54:19.291, 3, 85972, 97871, 100, 348.38
2026/10/09 04:54:20.291, 0, 85974, 97871, 100, 362.05
2026/10/09 04:54:20.299, 1, 85972, 97871, 100, 383.93
2026/10/09 04:54:20.299, 2, 85974, 97871, 100, 385.16
2026/10/09 04:54:20.299, 3, 85972, 97871, 100, 374.11
2026/10/09 04:54:21.299, 0, 85974, 97871, 0, 311.78
2026/10/09 04:54:21.299, 1, 85972, 97871, 0, 291.25
2026/10/09 04:54:21.299, 2, 85974, 97871, 0, 283.87
2026/10/09 04:54:21.299, 3, 85972, 97871, 0, 264.31
2026/10/09 04:54:22.299, 0, 85974, 97871, 100, 478.08
2026/10/09 04:54:22.299, 1, 85972, 97871, 100, 498.33
2026/10/09 04:54:22.299, 2, 85974, 97871, 100, 500.44
2026/10/09 04:54:22.299, 3, 85972, 97871, 100, 499.20
2026/10/09 04:54:23.299, 0, 85974, 97871, 100, 515.61
2026/10/09 04:54:23.299, 1, 85972, 97871, 100, 514.93
2026/10/09 04:54:23.299, 2, 85974, 97871, 100, 505.16
2026/10/09 04:54:23.300, 3, 85972, 97871, 100, 488.47
2026/10/09 04:54:24.300, 0, 85974, 97871, 100, 518.98
2026/10/09 04:54:24.300, 1, 85972, 97871, 100, 515.82
2026/10/09 04:54:24.300, 2, 85974, 97871, 100, 511.29
2026/10/09 04:54:24.300, 3, 85972, 97871, 100, 497.71
2026/10/09 04:54:25.300, 0, 85974, 97871, 100, 513.29
2026/10/09 04:54:25.300, 1, 85972, 97871, 100, 514.88
2026/10/09 04:54:25.300, 2, 85974, 97871, 100, 511.10
2026/10/09 04:54:25.300, 3, 85972, 97871, 100, 494.77
2026/10/09 04:54:26.300, 0, 85974, 97871, 100, 513.36
2026/10/09 04:54:26.300, 1, 85972, 97871, 100, 509.32
2026/10/09 04:54:26.300, 2, 85974, 97871, 100, 508.10
2026/10/09 04:54:26.300, 3, 85972, 97871, 100, 495.86
2026/10/09 04:54:27.300, 0, 85974, 97871, 100, 513.97
2026/10/09 04:54:27.300, 1, 85972, 97871, 100, 519.45
2026/10/09 04:54:27.300, 2, 85974, 97871, 100, 511.45
2026/10/09 04:54:27.300, 3, 85972, 97871, 100, 500.10
2026/10/09 04:54:28.301, 0, 85974, 97871, 100, 517.00
2026/10/09 04:54:28.301, 1, 85972, 97871, 100, 522.00
2026/10/09 04:54:28.301, 2, 85974, 97871, 100, 509.61
2026/10/09 04:54:28.301, 3, 85972, 97871, 100, 496.24
2026/10/09 04:54:29.301, 0, 85974, 97871, 100, 515.32
2026/10/09 04:54:29.301, 1, 85972, 97871, 100, 512.17
2026/10/09 04:54:29.301, 2, 85974, 97871, 100, 511.19
2026/10/09 04:54:29.301, 3, 85972, 97871, 100, 496.80
2026/10/09 04:54:30.301, 0, 85974, 97871, 100, 515.03
2026/10/09 04:54:30.305, 1, 85972, 97871, 100, 513.09
2026/10/09 04:54:30.305, 2, 85974, 97871, 100, 506.68
2026/10/09 04:54:30.306, 3, 85972, 97871, 100, 495.45
2026/10/09 04:54:31.306, 0, 85974, 97871, 100, 510.07
2026/10/09 04:54:31.306, 1, 85972, 97871, 100, 508.32
2026/10/09 04:54:31.306, 2, 85974, 97871, 100, 503.91
2026/10/09 04:54:31.306, 3, 85972, 97871, 100, 496.72
2026/10/09 04:54:32.306, 0, 85974, 97871, 100, 508.78
2026/10/09 04:54:32.306, 1, 85972, 97871, 100, 505.76
2026/10/09 04:54:32.306, 2, 85974, 97871, 100, 506.96
2026/10/09 04:54:32.306, 3, 85972, 97871, 100, 501.76
2026/10/09 04:54:33.306, 0, 85974, 97871, 100, 507.91
2026/10/09 04:54:33.306, 1, 85972, 97871, 100, 505.47
2026/10/09 04:54:33.306, 2, 85974, 97871, 100, 502.02
2026/10/09 04:54:33.306, 3, 85972, 97871, 100, 496.49
2026/10/09 04:54:34.306, 0, 85974, 97871, 100, 508.70
2026/10/09 04:54:34.306, 1, 85972, 97871, 100, 505.58
2026/10/09 04:54:34.306, 2, 85974, 97871, 100, 503.30
2026/10/09 04:54:34.306, 3, 85972, 97871, 100, 494.04
2026/10/09 04:54:35.306, 0, 85974, 97871, 100, 508.68
2026/10/09 04:54:35.306, 1, 85972, 97871, 100, 509.61
2026/10/09 04:54:35.306, 2, 85974, 97871, 100, 503.80
2026/10/09 04:54:35.307, 3, 85972, 97871, 100, 501.92
2026/10/09 04:54:36.307, 0, 85974, 97871, 100, 510.23
2026/10/09 04:54:36.307, 1, 85972, 97871, 100, 508.38
2026/10/09 04:54:36.307, 2, 85974, 97871, 100, 500.92
2026/10/09 04:54:36.307, 3, 85972, 97871, 100, 497.03
2026/10/09 04:54:37.307, 0, 85974, 97871, 100, 506.64
2026/10/09 04:54:37.307, 1, 85972, 97871, 100, 508.29
2026/10/09 04:54:37.307, 2, 85974, 97871, 100, 502.22
2026/10/09 04:54:37.307, 3, 85972, 97871, 100, 497.40
2026/10/09 04:54:38.307, 0, 85974, 97871, 100, 510.70
2026/10/09 04:54:38.307, 1, 85972, 97871, 100, 511.25
2026/10/09 04:54:38.307, 2, 85974, 97871, 100, 509.86
2026/10/09 04:54:38.307, 3, 85972, 97871, 100, 498.49
2026/10/09 04:54:39.307, 0, 85974, 97871, 100, 510.06
2026/10/09 04:54:39.307, 1, 85972, 97871, 100, 512.47
2026/10/09 04:54:39.307, 2, 85974, 97871, 100, 507.04
2026/10/09 04:54:39.307, 3, 85972, 97871, 100, 497.65
2026/10/09 04:54:40.307, 0, 85974, 97871, 100, 507.23
2026/10/09 04:54:40.319, 1, 85972, 97871, 100, 508.25
2026/10/09 04:54:40.319, 2, 85974, 97871, 100, 505.87
2026/10/09 04:54:40.319, 3, 85972, 97871, 100, 493.62
2026/10/09 04:54:41.319, 0, 85974, 97871, 100, 514.89
2026/10/09 04:54:41.319, 1, 85972, 97871, 100, 509.30
2026/10/09 04:54:41.319, 2, 85974, 97871, 100, 505.75
2026/10/09 04:54:41.319, 3, 85972, 97871, 100, 498.65
2026/10/09 04:54:42.319, 0, 85974, 97871, 100, 511.84
2026/10/09 04:54:42.319, 1, 85972, 97871, 100, 510.76
2026/10/09 04:54:42.319, 2, 85974, 97871, 100, 505.83
2026/10/09 04:54:42.320, 3, 85972, 97871, 100, 497.65
2026/10/09 04:54:43.320, 0, 85974, 97871, 100, 508.26
2026/10/09 04:54:43.320, 1, 85972, 97871, 100, 508.98
2026/10/09 04:54:43.320, 2, 85974, 97871, 100, 507.65
2026/10/09 04:54:43.320, 3, 85972, 97871, 100, 496.23
2026/10/09 04:54:44.320, 0, 85974, 97871, 69, 490.30
2026/10/09 04:54:44.320, 1, 85972, 97871, 100, 490.91
2026/10/09 04:54:44.320, 2, 85974, 97871, 100, 486.29
2026/10/09 04:54:44.320, 3, 85972, 97871, 100, 479.49
2026/10/09 04:54:45.320, 0, 85974, 97871, 61, 415.62
2026/10/09 04:54:45.320, 1, 85972, 97871, 100, 425.26
2026/10/09 04:54:45.320, 2, 85974, 97871, 100, 423.42
2026/10/09 04:54:45.320, 3, 85972, 97871, 100, 418.95
2026/10/09 04:54:46.320, 0, 85974, 97871, 50, 369.30
2026/10/09 04:54:46.320, 1, 85972, 97871, 100, 371.82
2026/10/09 04:54:46.321, 2, 85974, 97871, 100, 369.61
2026/10/09 04:54:46.321, 3, 85972, 97871, 100, 356.55
2026/10/09 04:54:47.321, 0, 85974, 97871, 42, 332.98
2026/10/09 04:54:47.321, 1, 85972, 97871, 100, 335.25
2026/10/09 04:54:47.321, 2, 85974, 97871, 100, 335.79
2026/10/09 04:54:47.321, 3, 85972, 97871, 100, 327.40
2026/10/09 04:54:48.321, 0, 85974, 97871, 36, 308.08
2026/10/09 04:54:48.321, 1, 85972, 97871, 100, 311.07
2026/10/09 04:54:48.321, 2, 85974, 97871, 100, 307.64
2026/10/09 04:54:48.321, 3, 85972, 97871, 100, 298.03
2026/10/09 04:54:49.321, 0, 85974, 97871, 100, 345.37
2026/10/09 04:54:49.321, 1, 85972, 97871, 100, 364.10
2026/10/09 04:54:49.321, 2, 85974, 97871, 100, 360.40
2026/10/09 04:54:49.321, 3, 85972, 97871, 100, 356.75
2026/10/09 04:54:50.321, 0, 85974, 97871, 8, 310.66
2026/10/09 04:54:50.326, 1, 85972, 97871, 97, 318.74
2026/10/09 04:54:50.326, 2, 85974, 97871, 70, 319.60
2026/10/09 04:54:50.326, 3, 85972, 97871, 75, 308.39
2026/10/09 04:54:51.326, 0, 85974, 97871, 100, 512.71
2026/10/09 04:54:51.326, 1, 85972, 97871, 100, 509.27
2026/10/09 04:54:51.326, 2, 85974, 97871, 100, 502.27
2026/10/09 04:54:51.326, 3, 85972, 97871, 100, 500.20
2026/10/09 04:54:52.326, 0, 85974, 97871, 100, 512.94
2026/10/09 04:54:52.326, 1, 85972, 97871, 100, 509.69
2026/10/09 04:54:52.326, 2, 85974, 97871, 100, 502.54
2026/10/09 04:54:52.326, 3, 85972, 97871, 100, 494.95
2026/10/09 04:54:53.326, 0, 85974, 97871, 100, 512.86
2026/10/09 04:54:53.327, 1, 85972, 97871, 100, 513.02
2026/10/09 04:54:53.327, 2, 85974, 97871, 100, 506.06
2026/10/09 04:54:53.327, 3, 85972, 97871, 100, 500.66
2026/10/09 04:54:54.327, 0, 85974, 97871, 100, 513.36
2026/10/09 04:54:54.327, 1, 85972, 97871, 100, 515.35
2026/10/09 04:54:54.327, 2, 85974, 97871, 100, 507.13
2026/10/09 04:54:54.327, 3, 85972, 97871, 100, 496.15
2026/10/09 04:54:55.327, 0, 85974, 97871, 100, 517.76
2026/10/09 04:54:55.327, 1, 85972, 97871, 100, 510.91
2026/10/09 04:54:55.327, 2, 85974, 97871, 100, 507.79
2026/10/09 04:54:55.327, 3, 85972, 97871, 100, 499.67
2026/10/09 04:54:56.327, 0, 85974, 97871, 100, 516.48
2026/10/09 04:54:56.327, 1, 85972, 97871, 100, 512.61
2026/10/09 04:54:56.327, 2, 85974, 97871, 100, 508.05
2026/10/09 04:54:56.327, 3, 85972, 97871, 100, 499.94
2026/10/09 04:54:57.327, 0, 85974, 97871, 100, 521.35
2026/10/09 04:54:57.327, 1, 85972, 97871, 100, 516.04
2026/10/09 04:54:57.328, 2, 85974, 97871, 100, 513.27
2026/10/09 04:54:57.328, 3, 85972, 97871, 100, 497.06
2026/10/09 04:54:58.328, 0, 85974, 97871, 100, 512.13
2026/10/09 04:54:58.328, 1, 85972, 97871, 100, 508.15
2026/10/09 04:54:58.328, 2, 85974, 97871, 100, 507.58
2026/10/09 04:54:58.328, 3, 85972, 97871, 100, 500.18
2026/10/09 04:54:59.328, 0, 85974, 97871, 100, 512.80
2026/10/09 04:54:59.328, 1, 85972, 97871, 100, 510.58
2026/10/09 04:54:59.328, 2, 85974, 97871, 100, 511.40
2026/10/09 04:54:59.328, 3, 85972, 97871, 100, 502.18
2026/10/09 04:55:00.328, 0, 85974, 97871, 100, 506.94
2026/10/09 04:55:00.335, 1, 85972, 97871, 100, 507.99
2026/10/09 04:55:00.335, 2, 85974, 97871, 100, 505.80
2026/10/09 04:55:00.335, 3, 85972, 97871, 100, 499.35
2026/10/09 04:55:01.335, 0, 85974, 97871, 100, 511.98
2026/10/09 04:55:01.336, 1, 85972, 97871, 100, 506.56
2026/10/09 04:55:01.336, 2, 85974, 97871, 100, 504.64
2026/10/09 04:55:01.336, 3, 85972, 97871, 100, 496.86
2026/10/09 04:55:02.336, 0, 85974, 97871, 100, 512.97
2026/10/09 04:55:02.336, 1, 85972, 97871, 100, 508.94
2026/10/09 04:55:02.336, 2, 85974, 97871, 100, 503.68
2026/10/09 04:55:02.336, 3, 85972, 97871, 100, 494.89
2026/10/09 04:55:03.336, 0, 85974, 97871, 100, 505.64
2026/10/09 04:55:03.336, 1, 85972, 97871, 100, 508.20
2026/10/09 04:55:03.336, 2, 85974, 97871, 100, 503.78
2026/10/09 04:55:03.336, 3, 85972, 97871, 100, 495.59
2026/10/09 04:55:04.336, 0, 85974, 97871, 100, 506.18
2026/10/09 04:55:04.336, 1, 85972, 97871, 100, 510.77
2026/10/09 04:55:04.336, 2, 85974, 97871, 100, 503.28
2026/10/09 04:55:04.336, 3, 85972, 97871, 100, 499.25
2026/10/09 04:55:05.336, 0, 85974, 97871, 100, 512.24
2026/10/09 04:55:05.337, 1, 85972, 97871, 100, 507.22
2026/10/09 04:55:05.337, 2, 85974, 97871, 100, 505.18
2026/10/09 04:55:05.337, 3, 85972, 97871, 100, 496.43
2026/10/09 04:55:06.337, 0, 85974, 97871, 100, 506.14
2026/10/09 04:55:06.337, 1, 85972, 97871, 100, 508.53
2026/10/09 04:55:06.337, 2, 85974, 97871, 100, 506.61
2026/10/09 04:55:06.337, 3, 85972, 97871, 100, 496.28
2026/10/09 04:55:07.337, 0, 85974, 97871, 100, 509.60
2026/10/09 04:55:07.337, 1, 85972, 97871, 100, 512.02
2026/10/09 04:55:07.337, 2, 85974, 97871, 100, 505.63
2026/10/09 04:55:07.337, 3, 85972, 97871, 100, 497.69
2026/10/09 04:55:08.337, 0, 85974, 97871, 100, 511.61
2026/10/09 04:55:08.337, 1, 85972, 97871, 100, 509.43
2026/10/09 04:55:08.337, 2, 85974, 97871, 100, 507.05
2026/10/09 04:55:08.337, 3, 85972, 97871, 100, 495.27
2026/10/09 04:55:09.337, 0, 85974, 97871, 100, 507.85
2026/10/09 04:55:09.338, 1, 85972, 97871, 100, 509.05
2026/10/09 04:55:09.338, 2, 85974, 97871, 100, 501.36
2026/10/09 04:55:09.338, 3, 85972, 97871, 100, 499.40
2026/10/09 04:55:10.338, 0, 85974, 97871, 100, 512.42
2026/10/09 04:55:10.342, 1, 85972, 97871, 100, 506.86
2026/10/09 04:55:10.342, 2, 85974, 97871, 100, 503.36
2026/10/09 04:55:10.342, 3, 85972, 97871, 100, 495.30
2026/10/09 04:55:11.342, 0, 85974, 97871, 100, 509.74
2026/10/09 04:55:11.342, 1, 85972, 97871, 100, 506.18
2026/10/09 04:55:11.342, 2, 85974, 97871, 100, 504.01
2026/10/09 04:55:11.342, 3, 85972, 97871, 100, 493.75
2026/10/09 04:55:12.342, 0, 85974, 97871, 100, 512.14
2026/10/09 04:55:12.342, 1, 85972, 97871, 100, 512.50
2026/10/09 04:55:12.343, 2, 85974, 97871, 100, 506.13
2026/10/09 04:55:12.343, 3, 85972, 97871, 100, 498.41
2026/10/09 04:55:13.343, 0, 85974, 97871, 100, 509.51
2026/10/09 04:55:13.343, 1, 85972, 97871, 100, 507.79
2026/10/09 04:55:13.343, 2, 85974, 97871, 100, 505.29
2026/10/09 04:55:13.343, 3, 85972, 97871, 100, 499.50
2026/10/09 04:55:14.343, 0, 85974, 97871, 100, 511.49
2026/10/09 04:55:14.343, 1, 85972, 97871, 100, 510.73
2026/10/09 04:55:14.343, 2, 85974, 97871, 100, 509.60
2026/10/09 04:55:14.343, 3, 85972, 97871, 100, 495.92
2026/10/09 04:55:15.343, 0, 85974, 97871, 100, 511.54
2026/10/09 04:55:15.343, 1, 85972, 97871, 100, 504.36
2026/10/09 04:55:15.343, 2, 85974, 97871, 100, 509.45
2026/10/09 04:55:15.343, 3, 85972, 97871, 100, 499.73
2026/10/09 04:55:16.343, 0, 85974, 97871, 100, 512.77
2026/10/09 04:55:16.344, 1, 85972, 97871, 100, 509.55
2026/10/09 04:55:16.344, 2, 85974, 97871, 100, 500.59
2026/10/09 04:55:16.344, 3, 85972, 97871, 100, 496.00
2026/10/09 04:55:17.344, 0, 85974, 97871, 100, 509.81
2026/10/09 04:55:17.344, 1, 85972, 97871, 100, 505.68
2026/10/09 04:55:17.344, 2, 85974, 97871, 100, 505.45
2026/10/09 04:55:17.344, 3, 85972, 97871, 100, 498.90
2026/10/09 04:55:18.344, 0, 85974, 97871, 100, 505.49
2026/10/09 04:55:18.344, 1, 85972, 97871, 100, 508.57
2026/10/09 04:55:18.344, 2, 85974, 97871, 100, 499.70
2026/10/09 04:55:18.344, 3, 85972, 97871, 100, 496.08
2026/10/09 04:55:19.344, 0, 85974, 97871, 100, 510.08
2026/10/09 04:55:19.344, 1, 85972, 97871, 100, 507.24
2026/10/09 04:55:19.344, 2, 85974, 97871, 100, 509.00
2026/10/09 04:55:19.344, 3, 85972, 97871, 100, 497.81
2026/10/09 04:55:20.344, 0, 85974, 97871, 100, 507.20
2026/10/09 04:55:20.349, 1, 85972, 97871, 100, 507.80
2026/10/09 04:55:20.350, 2, 85974, 97871, 100, 505.14
2026/10/09 04:55:20.350, 3, 85972, 97871, 100, 500.53
2026/10/09 04:55:21.350, 0, 85974, 97871, 100, 512.09
2026/10/09 04:55:21.350, 1, 85972, 97871, 100, 507.94
2026/10/09 04:55:21.350, 2, 85974, 97871, 100, 508.17
2026/10/09 04:55:21.350, 3, 85972, 97871, 100, 497.69
2026/10/09 04:55:22.350, 0, 85974, 97871, 100, 511.68
2026/10/09 04:55:22.350, 1, 85972, 97871, 100, 508.57
2026/10/09 04:55:22.350, 2, 85974, 97871, 100, 513.85
2026/10/09 04:55:22.350, 3, 85972, 97871, 100, 493.99
2026/10/09 04:55:23.350, 0, 85974, 97871, 100, 512.17
2026/10/09 04:55:23.350, 1, 85972, 97871, 100, 509.76
2026/10/09 04:55:23.350, 2, 85974, 97871, 100, 508.75
2026/10/09 04:55:23.350, 3, 85972, 97871, 100, 503.29
2026/10/09 04:55:24.350, 0, 85974, 97871, 100, 505.60
2026/10/09 04:55:24.351, 1, 85972, 97871, 100, 506.40
2026/10/09 04:55:24.351, 2, 85974, 97871, 100, 508.11
2026/10/09 04:55:24.351, 3, 85972, 97871, 100, 493.23
2026/10/09 04:55:25.351, 0, 85974, 97871, 100, 507.69
2026/10/09 04:55:25.351, 1, 85972, 97871, 100, 505.56
2026/10/09 04:55:25.351, 2, 85974, 97871, 100, 497.67
2026/10/09 04:55:25.351, 3, 85972, 97871, 100, 493.82
2026/10/09 04:55:26.351, 0, 85974, 97871, 100, 507.78
2026/10/09 04:55:26.351, 1, 85972, 97871, 100, 511.48
2026/10/09 04:55:26.351, 2, 85974, 97871, 100, 507.67
2026/10/09 04:55:26.351, 3, 85972, 97871, 100, 497.14
2026/10/09 04:55:27.351, 0, 85974, 97871, 100, 513.27
2026/10/09 04:55:27.351, 1, 85972, 97871, 100, 511.51
2026/10/09 04:55:27.351, 2, 85974, 97871, 100, 508.51
2026/10/09 04:55:27.351, 3, 85972, 97871, 100, 502.84
2026/10/09 04:55:28.351, 0, 85974, 97871, 100, 513.93
2026/10/09 04:55:28.352, 1, 85972, 97871, 100, 512.84
2026/10/09 04:55:28.352, 2, 85974, 97871, 100, 510.46
2026/10/09 04:55:28.352, 3, 85972, 97871, 100, 499.98
2026/10/09 04:55:29.352, 0, 85974, 97871, 100, 510.36
2026/10/09 04:55:29.352, 1, 85972, 97871, 100, 509.77
2026/10/09 04:55:29.352, 2, 85974, 97871, 100, 506.69
2026/10/09 04:55:29.352, 3, 85972, 97871, 100, 496.77
2026/10/09 04:55:30.352, 0, 85974, 97871, 100, 505.36
2026/10/09 04:55:30.357, 1, 85972, 97871, 100, 505.09
2026/10/09 04:55:30.357, 2, 85974, 97871, 100, 501.69
2026/10/09 04:55:30.358, 3, 85972, 97871, 100, 494.82
2026/10/09 04:55:31.358, 0, 85974, 97871, 100, 507.58
2026/10/09 04:55:31.358, 1, 85972, 97871, 100, 508.85
2026/10/09 04:55:31.358, 2, 85974, 97871, 100, 501.43
2026/10/09 04:55:31.358, 3, 85972, 97871, 100, 496.11
2026/10/09 04:55:32.359, 0, 85974, 97871, 100, 511.25
2026/10/09 04:55:32.359, 1, 85972, 97871, 100, 507.16
2026/10/09 04:55:32.359, 2, 85974, 97871, 100, 524.66
2026/10/09 04:55:32.359, 3, 85972, 97871, 100, 488.89
2026/10/09 04:55:33.359, 0, 85974, 97871, 100, 514.20
2026/10/09 04:55:33.359, 1, 85972, 97871, 100, 518.07
2026/10/09 04:55:33.359, 2, 85974, 97871, 100, 511.00
2026/10/09 04:55:33.359, 3, 85972, 97871, 100, 497.95
2026/10/09 04:55:34.359, 0, 85974, 97871, 100, 511.94
2026/10/09 04:55:34.359, 1, 85972, 97871, 100, 509.21
2026/10/09 04:55:34.359, 2, 85974, 97871, 100, 506.21
2026/10/09 04:55:34.359, 3, 85972, 97871, 100, 500.68
2026/10/09 04:55:35.359, 0, 85974, 97871, 100, 508.17
2026/10/09 04:55:35.360, 1, 85972, 97871, 100, 511.42
2026/10/09 04:55:35.360, 2, 85974, 97871, 100, 508.79
2026/10/09 04:55:35.360, 3, 85972, 97871, 100, 501.08
2026/10/09 04:55:36.360, 0, 85974, 97871, 100, 510.17
2026/10/09 04:55:36.360, 1, 85972, 97871, 100, 506.16
2026/10/09 04:55:36.360, 2, 85974, 97871, 100, 504.55
2026/10/09 04:55:36.360, 3, 85972, 97871, 100, 491.95
2026/10/09 04:55:37.360, 0, 85974, 97871, 100, 508.17
2026/10/09 04:55:37.360, 1, 85972, 97871, 100, 506.88
2026/10/09 04:55:37.360, 2, 85974, 97871, 100, 505.09
2026/10/09 04:55:37.360, 3, 85972, 97871, 100, 494.69
2026/10/09 04:55:38.360, 0, 85974, 97871, 100, 511.69
2026/10/09 04:55:38.360, 1, 85972, 97871, 100, 508.99
2026/10/09 04:55:38.360, 2, 85974, 97871, 100, 504.41
2026/10/09 04:55:38.360, 3, 85972, 97871, 100, 497.12
2026/10/09 04:55:39.360, 0, 85974, 97871, 100, 510.24
2026/10/09 04:55:39.361, 1, 85972, 97871, 100, 507.69
2026/10/09 04:55:39.361, 2, 85974, 97871, 100, 505.67
2026/10/09 04:55:39.361, 3, 85972, 97871, 100, 496.42
2026/10/09 04:55:40.361, 0, 85974, 97871, 100, 511.35
2026/10/09 04:55:40.364, 1, 85972, 97871, 100, 511.40
2026/10/09 04:55:40.364, 2, 85974, 97871, 100, 508.52
2026/10/09 04:55:40.364, 3, 85972, 97871, 100, 500.31
2026/10/09 04:55:41.364, 0, 85974, 97871, 100, 506.31
2026/10/09 04:55:41.364, 1, 85972, 97871, 100, 509.00
2026/10/09 04:55:41.364, 2, 85974, 97871, 100, 504.19
2026/10/09 04:55:41.364, 3, 85972, 97871, 100, 499.19
2026/10/09 04:55:42.365, 0, 85974, 97871, 100, 509.84
2026/10/09 04:55:42.365, 1, 85972, 97871, 100, 503.84
2026/10/09 04:55:42.365, 2, 85974, 97871, 100, 505.57
2026/10/09 04:55:42.365, 3, 85972, 97871, 100, 495.80
2026/10/09 04:55:43.365, 0, 85974, 97871, 100, 510.02
2026/10/09 04:55:43.365, 1, 85972, 97871, 100, 510.16
2026/10/09 04:55:43.365, 2, 85974, 97871, 100, 503.21
2026/10/09 04:55:43.365, 3, 85972, 97871, 100, 493.16
2026/10/09 04:55:44.366, 0, 85974, 97871, 100, 509.12
2026/10/09 04:55:44.366, 1, 85972, 97871, 100, 508.98
2026/10/09 04:55:44.366, 2, 85974, 97871, 100, 504.24
2026/10/09 04:55:44.366, 3, 85972, 97871, 100, 495.98
2026/10/09 04:55:45.366, 0, 85974, 97871, 100, 509.22
2026/10/09 04:55:45.366, 1, 85972, 97871, 100, 511.27
2026/10/09 04:55:45.366, 2, 85974, 97871, 100, 505.60
2026/10/09 04:55:45.366, 3, 85972, 97871, 100, 496.07
2026/10/09 04:55:46.366, 0, 85974, 97871, 100, 512.03
2026/10/09 04:55:46.366, 1, 85972, 97871, 100, 507.48
2026/10/09 04:55:46.366, 2, 85974, 97871, 100, 505.06
2026/10/09 04:55:46.366, 3, 85972, 97871, 100, 496.65
2026/10/09 04:55:47.366, 0, 85974, 97871, 100, 517.03
2026/10/09 04:55:47.366, 1, 85972, 97871, 100, 510.61
2026/10/09 04:55:47.366, 2, 85974, 97871, 100, 508.27
2026/10/09 04:55:47.366, 3, 85972, 97871, 100, 500.35
2026/10/09 04:55:48.367, 0, 85974, 97871, 100, 512.59
2026/10/09 04:55:48.367, 1, 85972, 97871, 100, 507.28
2026/10/09 04:55:48.367, 2, 85974, 97871, 100, 499.84
2026/10/09 04:55:48.367, 3, 85972, 97871, 100, 492.48
2026/10/09 04:55:49.367, 0, 85974, 97871, 100, 510.13
2026/10/09 04:55:49.367, 1, 85972, 97871, 100, 506.73
2026/10/09 04:55:49.367, 2, 85974, 97871, 100, 506.61
2026/10/09 04:55:49.367, 3, 85972, 97871, 100, 496.77
2026/10/09 04:55:50.367, 0, 85974, 97871, 100, 500.36
2026/10/09 04:55:50.385, 1, 85972, 97871, 100, 506.20
2026/10/09 04:55:50.385, 2, 85974, 97871, 100, 502.53
2026/10/09 04:55:50.385, 3, 85972, 97871, 100, 489.88
2026/10/09 04:55:51.385, 0, 85974, 97871, 100, 512.24
2026/10/09 04:55:51.385, 1, 85972, 97871, 100, 508.03
2026/10/09 04:55:51.385, 2, 85974, 97871, 100, 504.21
2026/10/09 04:55:51.385, 3, 85972, 97871, 100, 496.63
2026/10/09 04:55:52.385, 0, 85974, 97871, 100, 511.54
2026/10/09 04:55:52.385, 1, 85972, 97871, 100, 516.37
2026/10/09 04:55:52.386, 2, 85974, 97871, 100, 513.96
2026/10/09 04:55:52.386, 3, 85972, 97871, 100, 500.86
2026/10/09 04:55:53.386, 0, 85974, 97871, 100, 510.20
2026/10/09 04:55:53.386, 1, 85972, 97871, 100, 508.61
2026/10/09 04:55:53.386, 2, 85974, 97871, 100, 505.40
2026/10/09 04:55:53.386, 3, 85972, 97871, 100, 494.28
2026/10/09 04:55:54.386, 0, 85974, 97871, 100, 506.99
2026/10/09 04:55:54.386, 1, 85972, 97871, 100, 501.97
2026/10/09 04:55:54.386, 2, 85974, 97871, 100, 506.23
2026/10/09 04:55:54.386, 3, 85972, 97871, 100, 496.45
2026/10/09 04:55:55.386, 0, 85974, 97871, 100, 505.13
2026/10/09 04:55:55.386, 1, 85972, 97871, 100, 504.98
2026/10/09 04:55:55.386, 2, 85974, 97871, 100, 501.24
2026/10/09 04:55:55.386, 3, 85972, 97871, 100, 497.44
2026/10/09 04:55:56.387, 0, 85974, 97871, 100, 506.00
2026/10/09 04:55:56.387, 1, 85972, 97871, 100, 505.34
2026/10/09 04:55:56.387, 2, 85974, 97871, 100, 500.25
2026/10/09 04:55:56.387, 3, 85972, 97871, 100, 492.89
2026/10/09 04:55:57.387, 0, 85974, 97871, 100, 506.87
2026/10/09 04:55:57.387, 1, 85972, 97871, 100, 508.92
2026/10/09 04:55:57.387, 2, 85974, 97871, 100, 504.91
2026/10/09 04:55:57.387, 3, 85972, 97871, 100, 496.97
2026/10/09 04:55:58.387, 0, 85974, 97871, 100, 514.44
2026/10/09 04:55:58.387, 1, 85972, 97871, 100, 515.00
2026/10/09 04:55:58.387, 2, 85974, 97871, 100, 509.35
2026/10/09 04:55:58.387, 3, 85972, 97871, 100, 499.96
2026/10/09 04:55:59.387, 0, 85974, 97871, 100, 511.49
2026/10/09 04:55:59.387, 1, 85972, 97871, 100, 512.64
2026/10/09 04:55:59.387, 2, 85974, 97871, 100, 505.77
2026/10/09 04:55:59.387, 3, 85972, 97871, 100, 495.90
2026/10/09 04:56:00.387, 0, 85974, 97871, 100, 512.55
2026/10/09 04:56:00.395, 1, 85972, 97871, 100, 509.87
2026/10/09 04:56:00.395, 2, 85974, 97871, 100, 510.68
2026/10/09 04:56:00.395, 3, 85972, 97871, 100, 498.83
2026/10/09 04:56:01.396, 0, 85973, 97871, 100, 510.19
2026/10/09 04:56:01.396, 1, 85971, 97871, 100, 507.66
2026/10/09 04:56:01.396, 2, 85973, 97871, 100, 507.21
2026/10/09 04:56:01.396, 3, 85972, 97871, 100, 493.65
2026/10/09 04:56:02.396, 0, 85973, 97871, 100, 508.69
2026/10/09 04:56:02.396, 1, 85971, 97871, 100, 504.59
2026/10/09 04:56:02.396, 2, 85973, 97871, 100, 502.27
2026/10/09 04:56:02.396, 3, 85972, 97871, 100, 490.03
2026/10/09 04:56:03.396, 0, 85973, 97871, 100, 509.77
2026/10/09 04:56:03.396, 1, 85971, 97871, 100, 510.14
2026/10/09 04:56:03.396, 2, 85973, 97871, 100, 506.01
2026/10/09 04:56:03.396, 3, 85972, 97871, 100, 495.99
2026/10/09 04:56:04.397, 0, 85973, 97871, 100, 511.45
2026/10/09 04:56:04.397, 1, 85971, 97871, 100, 513.41
2026/10/09 04:56:04.397, 2, 85973, 97871, 100, 507.70
2026/10/09 04:56:04.397, 3, 85972, 97871, 100, 494.46
2026/10/09 04:56:05.397, 0, 85973, 97871, 100, 514.12
2026/10/09 04:56:05.397, 1, 85971, 97871, 100, 512.01
2026/10/09 04:56:05.397, 2, 85973, 97871, 100, 509.11
2026/10/09 04:56:05.397, 3, 85972, 97871, 100, 501.12
2026/10/09 04:56:06.397, 0, 85973, 97871, 100, 505.95
2026/10/09 04:56:06.397, 1, 85971, 97871, 100, 509.93
2026/10/09 04:56:06.397, 2, 85973, 97871, 100, 510.60
2026/10/09 04:56:06.397, 3, 85972, 97871, 100, 495.84
2026/10/09 04:56:07.398, 0, 85973, 97871, 100, 512.36
2026/10/09 04:56:07.398, 1, 85971, 97871, 100, 512.18
2026/10/09 04:56:07.398, 2, 85973, 97871, 100, 504.55
2026/10/09 04:56:07.398, 3, 85972, 97871, 100, 496.71
2026/10/09 04:56:08.398, 0, 85973, 97871, 100, 508.98
2026/10/09 04:56:08.398, 1, 85971, 97871, 100, 502.37
2026/10/09 04:56:08.398, 2, 85973, 97871, 100, 505.48
2026/10/09 04:56:08.398, 3, 85972, 97871, 100, 491.88
2026/10/09 04:56:09.398, 0, 85973, 97871, 100, 514.41
2026/10/09 04:56:09.398, 1, 85971, 97871, 100, 510.18
2026/10/09 04:56:09.398, 2, 85973, 97871, 100, 507.35
2026/10/09 04:56:09.398, 3, 85972, 97871, 100, 493.93
2026/10/09 04:56:10.399, 0, 85973, 97871, 100, 508.22
2026/10/09 04:56:10.402, 1, 85971, 97871, 100, 510.71
2026/10/09 04:56:10.402, 2, 85973, 97871, 100, 506.72
2026/10/09 04:56:10.402, 3, 85972, 97871, 100, 496.37
2026/10/09 04:56:11.402, 0, 85973, 97871, 100, 510.90
2026/10/09 04:56:11.402, 1, 85971, 97871, 100, 510.51
2026/10/09 04:56:11.402, 2, 85973, 97871, 100, 504.86
2026/10/09 04:56:11.402, 3, 85972, 97871, 100, 496.88
2026/10/09 04:56:12.403, 0, 85973, 97871, 100, 512.48
2026/10/09 04:56:12.403, 1, 85971, 97871, 100, 511.14
2026/10/09 04:56:12.403, 2, 85973, 97871, 100, 510.69
2026/10/09 04:56:12.403, 3, 85972, 97871, 100, 499.47
2026/10/09 04:56:13.403, 0, 85973, 97871, 100, 507.76
2026/10/09 04:56:13.403, 1, 85971, 97871, 100, 509.28
2026/10/09 04:56:13.403, 2, 85973, 97871, 100, 508.72
2026/10/09 04:56:13.403, 3, 85972, 97871, 100, 496.39
2026/10/09 04:56:14.403, 0, 85973, 97871, 100, 509.33
2026/10/09 04:56:14.403, 1, 85971, 97871, 100, 505.20
2026/10/09 04:56:14.403, 2, 85973, 97871, 100, 501.45
2026/10/09 04:56:14.403, 3, 85972, 97871, 100, 496.49
2026/10/09 04:56:15.404, 0, 85973, 97871, 100, 506.36
2026/10/09 04:56:15.404, 1, 85971, 97871, 100, 508.23
2026/10/09 04:56:15.404, 2, 85973, 97871, 100, 504.67
2026/10/09 04:56:15.404, 3, 85972, 97871, 100, 488.19
2026/10/09 04:56:16.404, 0, 85973, 97871, 100, 507.13
2026/10/09 04:56:16.404, 1, 85971, 97871, 100, 511.06
2026/10/09 04:56:16.404, 2, 85973, 97871, 100, 508.16
2026/10/09 04:56:16.404, 3, 85972, 97871, 100, 498.92
2026/10/09 04:56:17.404, 0, 85973, 97871, 100, 516.35
2026/10/09 04:56:17.404, 1, 85971, 97871, 100, 511.21
2026/10/09 04:56:17.404, 2, 85973, 97871, 100, 511.12
2026/10/09 04:56:17.404, 3, 85972, 97871, 100, 501.43
2026/10/09 04:56:18.404, 0, 85973, 97871, 100, 514.50
2026/10/09 04:56:18.405, 1, 85971, 97871, 100, 510.32
2026/10/09 04:56:18.405, 2, 85973, 97871, 100, 508.36
2026/10/09 04:56:18.405, 3, 85972, 97871, 100, 495.73
2026/10/09 04:56:19.405, 0, 85973, 97871, 100, 510.85
2026/10/09 04:56:19.405, 1, 85971, 97871, 100, 508.48
2026/10/09 04:56:19.405, 2, 85973, 97871, 100, 507.28
2026/10/09 04:56:19.405, 3, 85972, 97871, 100, 497.70
2026/10/09 04:56:20.405, 0, 85973, 97871, 100, 509.39
2026/10/09 04:56:20.415, 1, 85971, 97871, 100, 508.30
2026/10/09 04:56:20.415, 2, 85973, 97871, 100, 504.39
2026/10/09 04:56:20.415, 3, 85972, 97871, 100, 488.94
2026/10/09 04:56:21.416, 0, 85973, 97871, 100, 505.28
2026/10/09 04:56:21.416, 1, 85971, 97871, 100, 507.29
2026/10/09 04:56:21.416, 2, 85973, 97871, 100, 501.12
2026/10/09 04:56:21.416, 3, 85972, 97871, 100, 492.72
2026/10/09 04:56:22.416, 0, 85973, 97871, 100, 507.23
2026/10/09 04:56:22.416, 1, 85971, 97871, 100, 508.75
2026/10/09 04:56:22.416, 2, 85973, 97871, 100, 503.38
2026/10/09 04:56:22.416, 3, 85972, 97871, 100, 498.12
2026/10/09 04:56:23.416, 0, 85973, 97871, 100, 510.52
2026/10/09 04:56:23.416, 1, 85971, 97871, 100, 513.00
2026/10/09 04:56:23.416, 2, 85973, 97871, 100, 510.70
2026/10/09 04:56:23.416, 3, 85972, 97871, 100, 498.19
2026/10/09 04:56:24.416, 0, 85973, 97871, 100, 511.84
2026/10/09 04:56:24.416, 1, 85971, 97871, 100, 513.45
2026/10/09 04:56:24.416, 2, 85973, 97871, 100, 507.84
2026/10/09 04:56:24.416, 3, 85972, 97871, 100, 498.88
2026/10/09 04:56:25.417, 0, 85973, 97871, 100, 507.46
2026/10/09 04:56:25.417, 1, 85971, 97871, 100, 513.32
2026/10/09 04:56:25.417, 2, 85973, 97871, 100, 507.73
2026/10/09 04:56:25.417, 3, 85972, 97871, 100, 495.83
2026/10/09 04:56:26.417, 0, 85973, 97871, 100, 511.59
2026/10/09 04:56:26.417, 1, 85971, 97871, 100, 509.02
2026/10/09 04:56:26.417, 2, 85973, 97871, 100, 506.71
2026/10/09 04:56:26.417, 3, 85972, 97871, 100, 496.64
2026/10/09 04:56:27.417, 0, 85973, 97871, 100, 510.07
2026/10/09 04:56:27.417, 1, 85971, 97871, 100, 509.12
2026/10/09 04:56:27.417, 2, 85973, 97871, 100, 506.56
2026/10/09 04:56:27.417, 3, 85972, 97871, 100, 495.38
2026/10/09 04:56:28.417, 0, 85973, 97871, 100, 506.83
2026/10/09 04:56:28.417, 1, 85971, 97871, 100, 509.67
2026/10/09 04:56:28.417, 2, 85973, 97871, 100, 503.34
2026/10/09 04:56:28.417, 3, 85972, 97871, 100, 494.71
2026/10/09 04:56:29.418, 0, 85973, 97871, 100, 509.61
2026/10/09 04:56:29.418, 1, 85971, 97871, 100, 505.25
2026/10/09 04:56:29.418, 2, 85973, 97871, 100, 504.72
2026/10/09 04:56:29.418, 3, 85972, 97871, 100, 493.78
2026/10/09 04:56:30.418, 0, 85973, 97871, 70, 462.50
2026/10/09 04:56:30.422, 1, 85971, 97871, 100, 457.63
2026/10/09 04:56:30.422, 2, 85973, 97871, 100, 455.69
2026/10/09 04:56:30.422, 3, 85972, 97871, 100, 446.41
2026/10/09 04:56:31.422, 0, 85973, 97871, 52, 388.57
2026/10/09 04:56:31.422, 1, 85971, 97871, 100, 380.39
2026/10/09 04:56:31.422, 2, 85973, 97871, 100, 385.61
2026/10/09 04:56:31.422, 3, 85972, 97871, 100, 373.85
2026/10/09 04:56:32.422, 0, 85973, 97871, 41, 324.47
2026/10/09 04:56:32.422, 1, 85971, 97871, 100, 330.63
2026/10/09 04:56:32.422, 2, 85973, 97871, 100, 330.22
2026/10/09 04:56:32.422, 3, 85972, 97871, 100, 314.60
2026/10/09 04:56:33.423, 0, 85973, 97871, 99, 397.90
2026/10/09 04:56:33.423, 1, 85971, 97871, 99, 399.63
2026/10/09 04:56:33.423, 2, 85973, 97871, 99, 403.82
2026/10/09 04:56:33.423, 3, 85972, 97871, 99, 388.33
2026/10/09 04:56:34.423, 0, 85973, 97871, 0, 207.57
2026/10/09 04:56:34.423, 1, 85971, 97871, 10, 229.23
2026/10/09 04:56:34.423, 2, 85973, 97871, 0, 228.61
2026/10/09 04:56:34.423, 3, 85972, 97871, 0, 223.27
2026/10/09 04:56:35.423, 0, 85973, 97871, 100, 514.98
2026/10/09 04:56:35.423, 1, 85971, 97871, 100, 511.42
2026/10/09 04:56:35.423, 2, 85973, 97871, 100, 503.76
2026/10/09 04:56:35.423, 3, 85972, 97871, 100, 492.04
2026/10/09 04:56:36.423, 0, 85973, 97871, 100, 511.35
2026/10/09 04:56:36.424, 1, 85971, 97871, 100, 507.33
2026/10/09 04:56:36.424, 2, 85973, 97871, 100, 508.51
2026/10/09 04:56:36.424, 3, 85972, 97871, 100, 498.01
2026/10/09 04:56:37.424, 0, 85973, 97871, 100, 515.07
2026/10/09 04:56:37.424, 1, 85971, 97871, 100, 508.96
2026/10/09 04:56:37.424, 2, 85973, 97871, 100, 505.14
2026/10/09 04:56:37.424, 3, 85972, 97871, 100, 495.61
2026/10/09 04:56:38.424, 0, 85973, 97871, 100, 512.91
2026/10/09 04:56:38.424, 1, 85971, 97871, 100, 512.76
2026/10/09 04:56:38.424, 2, 85973, 97871, 100, 508.38
2026/10/09 04:56:38.424, 3, 85972, 97871, 100, 499.10
2026/10/09 04:56:39.424, 0, 85973, 97871, 100, 516.12
2026/10/09 04:56:39.424, 1, 85971, 97871, 100, 511.67
2026/10/09 04:56:39.424, 2, 85973, 97871, 100, 510.74
2026/10/09 04:56:39.424, 3, 85972, 97871, 100, 501.79
2026/10/09 04:56:40.425, 0, 85973, 97871, 100, 519.95
2026/10/09 04:56:40.433, 1, 85971, 97871, 100, 513.97
2026/10/09 04:56:40.433, 2, 85973, 97871, 100, 513.25
2026/10/09 04:56:40.433, 3, 85972, 97871, 100, 495.23
2026/10/09 04:56:41.433, 0, 85973, 97871, 100, 519.15
2026/10/09 04:56:41.433, 1, 85971, 97871, 100, 517.27
2026/10/09 04:56:41.433, 2, 85973, 97871, 100, 512.84
2026/10/09 04:56:41.433, 3, 85972, 97871, 100, 494.64
2026/10/09 04:56:42.434, 0, 85973, 97871, 100, 512.10
2026/10/09 04:56:42.434, 1, 85971, 97871, 100, 510.26
2026/10/09 04:56:42.434, 2, 85973, 97871, 100, 506.72
2026/10/09 04:56:42.434, 3, 85972, 97871, 100, 497.36
2026/10/09 04:56:43.434, 0, 85973, 97871, 100, 513.60
2026/10/09 04:56:43.434, 1, 85971, 97871, 100, 511.82
2026/10/09 04:56:43.434, 2, 85973, 97871, 100, 508.23
2026/10/09 04:56:43.434, 3, 85972, 97871, 100, 498.78
2026/10/09 04:56:44.434, 0, 85973, 97871, 100, 507.90
2026/10/09 04:56:44.434, 1, 85971, 97871, 100, 510.57
2026/10/09 04:56:44.434, 2, 85973, 97871, 100, 505.31
2026/10/09 04:56:44.434, 3, 85972, 97871, 100, 495.14
2026/10/09 04:56:45.434, 0, 85973, 97871, 100, 508.95
2026/10/09 04:56:45.434, 1, 85971, 97871, 100, 506.58
2026/10/09 04:56:45.434, 2, 85973, 97871, 100, 507.35
2026/10/09 04:56:45.434, 3, 85972, 97871, 100, 495.98
2026/10/09 04:56:46.435, 0, 85973, 97871, 100, 509.04
2026/10/09 04:56:46.435, 1, 85971, 97871, 100, 511.45
2026/10/09 04:56:46.435, 2, 85973, 97871, 100, 503.59
2026/10/09 04:56:46.435, 3, 85972, 97871, 100, 495.56
2026/10/09 04:56:47.435, 0, 85973, 97871, 100, 506.23
2026/10/09 04:56:47.435, 1, 85971, 97871, 100, 512.84
2026/10/09 04:56:47.435, 2, 85973, 97871, 100, 504.19
2026/10/09 04:56:47.435, 3, 85972, 97871, 100, 494.63
2026/10/09 04:56:48.435, 0, 85973, 97871, 100, 510.27
2026/10/09 04:56:48.435, 1, 85971, 97871, 100, 507.90
2026/10/09 04:56:48.435, 2, 85973, 97871, 100, 502.78
2026/10/09 04:56:48.435, 3, 85972, 97871, 100, 495.56
2026/10/09 04:56:49.435, 0, 85973, 97871, 100, 507.29
2026/10/09 04:56:49.435, 1, 85971, 97871, 100, 507.82
2026/10/09 04:56:49.435, 2, 85973, 97871, 100, 506.74
2026/10/09 04:56:49.435, 3, 85972, 97871, 100, 493.86
2026/10/09 04:56:50.435, 0, 85973, 97871, 100, 510.12
2026/10/09 04:56:50.440, 1, 85971, 97871, 100, 511.42
2026/10/09 04:56:50.440, 2, 85973, 97871, 100, 505.69
2026/10/09 04:56:50.440, 3, 85972, 97871, 100, 494.29
2026/10/09 04:56:51.440, 0, 85973, 97871, 100, 511.05
2026/10/09 04:56:51.440, 1, 85971, 97871, 100, 511.60
2026/10/09 04:56:51.440, 2, 85973, 97871, 100, 510.77
2026/10/09 04:56:51.440, 3, 85972, 97871, 100, 499.32
2026/10/09 04:56:52.440, 0, 85973, 97871, 100, 509.13
2026/10/09 04:56:52.440, 1, 85971, 97871, 100, 511.12
2026/10/09 04:56:52.440, 2, 85973, 97871, 100, 509.14
2026/10/09 04:56:52.440, 3, 85972, 97871, 100, 496.93
2026/10/09 04:56:53.440, 0, 85973, 97871, 100, 514.92
2026/10/09 04:56:53.441, 1, 85971, 97871, 100, 512.62
2026/10/09 04:56:53.441, 2, 85973, 97871, 100, 512.27
2026/10/09 04:56:53.441, 3, 85972, 97871, 100, 497.50
2026/10/09 04:56:54.441, 0, 85973, 97871, 100, 505.80
2026/10/09 04:56:54.441, 1, 85971, 97871, 100, 506.05
2026/10/09 04:56:54.441, 2, 85973, 97871, 100, 511.02
2026/10/09 04:56:54.441, 3, 85972, 97871, 100, 497.83
2026/10/09 04:56:55.441, 0, 85973, 97871, 100, 508.44
2026/10/09 04:56:55.441, 1, 85971, 97871, 100, 507.92
2026/10/09 04:56:55.441, 2, 85973, 97871, 100, 507.43
2026/10/09 04:56:55.441, 3, 85972, 97871, 100, 493.26
2026/10/09 04:56:56.441, 0, 85973, 97871, 100, 506.49
2026/10/09 04:56:56.441, 1, 85971, 97871, 100, 509.77
2026/10/09 04:56:56.441, 2, 85973, 97871, 100, 505.58
2026/10/09 04:56:56.441, 3, 85972, 97871, 100, 494.53
2026/10/09 04:56:57.441, 0, 85973, 97871, 100, 511.41
2026/10/09 04:56:57.441, 1, 85971, 97871, 100, 514.50
2026/10/09 04:56:57.441, 2, 85973, 97871, 100, 513.52
2026/10/09 04:56:57.441, 3, 85972, 97871, 100, 497.71
2026/10/09 04:56:58.442, 0, 85973, 97871, 100, 515.19
2026/10/09 04:56:58.442, 1, 85971, 97871, 100, 512.66
2026/10/09 04:56:58.442, 2, 85973, 97871, 100, 511.08
2026/10/09 04:56:58.442, 3, 85972, 97871, 100, 498.32
2026/10/09 04:56:59.442, 0, 85973, 97871, 100, 506.43
2026/10/09 04:56:59.442, 1, 85971, 97871, 100, 506.34
2026/10/09 04:56:59.442, 2, 85973, 97871, 100, 509.56
2026/10/09 04:56:59.442, 3, 85972, 97871, 100, 502.39
2026/10/09 04:57:00.442, 0, 85973, 97871, 100, 507.41
2026/10/09 04:57:00.446, 1, 85971, 97871, 100, 506.69
2026/10/09 04:57:00.446, 2, 85973, 97871, 100, 502.17
2026/10/09 04:57:00.446, 3, 85972, 97871, 100, 494.05
2026/10/09 04:57:01.447, 0, 85973, 97871, 100, 508.23
2026/10/09 04:57:01.447, 1, 85971, 97871, 100, 503.62
2026/10/09 04:57:01.447, 2, 85973, 97871, 100, 502.01
2026/10/09 04:57:01.447, 3, 85972, 97871, 100, 497.34
2026/10/09 04:57:02.447, 0, 85973, 97871, 100, 508.03
2026/10/09 04:57:02.447, 1, 85971, 97871, 100, 507.86
2026/10/09 04:57:02.447, 2, 85973, 97871, 100, 506.72
2026/10/09 04:57:02.447, 3, 85972, 97871, 100, 494.14
2026/10/09 04:57:03.447, 0, 85973, 97871, 100, 512.15
2026/10/09 04:57:03.447, 1, 85971, 97871, 100, 511.54
2026/10/09 04:57:03.447, 2, 85973, 97871, 100, 510.30
2026/10/09 04:57:03.447, 3, 85972, 97871, 100, 498.71
2026/10/09 04:57:04.447, 0, 85973, 97871, 100, 508.27
2026/10/09 04:57:04.447, 1, 85971, 97871, 100, 511.44
2026/10/09 04:57:04.447, 2, 85973, 97871, 100, 509.13
2026/10/09 04:57:04.447, 3, 85972, 97871, 100, 498.26
2026/10/09 04:57:05.448, 0, 85973, 97871, 100, 509.96
2026/10/09 04:57:05.448, 1, 85971, 97871, 100, 509.13
2026/10/09 04:57:05.448, 2, 85973, 97871, 100, 508.77
2026/10/09 04:57:05.448, 3, 85972, 97871, 100, 492.52
2026/10/09 04:57:06.448, 0, 85973, 97871, 100, 509.86
2026/10/09 04:57:06.448, 1, 85971, 97871, 100, 506.55
2026/10/09 04:57:06.448, 2, 85973, 97871, 100, 508.73
2026/10/09 04:57:06.448, 3, 85972, 97871, 100, 500.29
2026/10/09 04:57:07.448, 0, 85973, 97871, 100, 506.03
2026/10/09 04:57:07.448, 1, 85971, 97871, 100, 507.31
2026/10/09 04:57:07.448, 2, 85973, 97871, 100, 501.80
2026/10/09 04:57:07.448, 3, 85972, 97871, 100, 495.12
2026/10/09 04:57:08.448, 0, 85973, 97871, 100, 511.72
2026/10/09 04:57:08.448, 1, 85971, 97871, 100, 509.66
2026/10/09 04:57:08.448, 2, 85973, 97871, 100, 505.62
2026/10/09 04:57:08.448, 3, 85972, 97871, 100, 495.89
2026/10/09 04:57:09.448, 0, 85973, 97871, 100, 508.94
2026/10/09 04:57:09.449, 1, 85971, 97871, 100, 511.31
2026/10/09 04:57:09.449, 2, 85973, 97871, 100, 508.15
2026/10/09 04:57:09.449, 3, 85972, 97871, 100, 499.04
2026/10/09 04:57:10.449, 0, 85973, 97871, 100, 515.87
2026/10/09 04:57:10.454, 1, 85971, 97871, 100, 510.54
2026/10/09 04:57:10.454, 2, 85973, 97871, 100, 508.77
2026/10/09 04:57:10.455, 3, 85972, 97871, 100, 499.60
2026/10/09 04:57:11.455, 0, 85973, 97871, 100, 510.83
2026/10/09 04:57:11.455, 1, 85971, 97871, 100, 506.29
2026/10/09 04:57:11.455, 2, 85973, 97871, 100, 505.77
2026/10/09 04:57:11.455, 3, 85972, 97871, 100, 498.69
2026/10/09 04:57:12.455, 0, 85973, 97871, 100, 510.64
2026/10/09 04:57:12.455, 1, 85971, 97871, 100, 511.98
2026/10/09 04:57:12.456, 2, 85973, 97871, 100, 506.68
2026/10/09 04:57:12.456, 3, 85972, 97871, 100, 496.76
2026/10/09 04:57:13.456, 0, 85973, 97871, 100, 504.78
2026/10/09 04:57:13.456, 1, 85971, 97871, 100, 507.99
2026/10/09 04:57:13.456, 2, 85973, 97871, 100, 503.56
2026/10/09 04:57:13.456, 3, 85972, 97871, 100, 492.93
2026/10/09 04:57:14.456, 0, 85973, 97871, 100, 506.03
2026/10/09 04:57:14.456, 1, 85971, 97871, 100, 507.23
2026/10/09 04:57:14.456, 2, 85973, 97871, 100, 507.20
2026/10/09 04:57:14.456, 3, 85972, 97871, 100, 495.21
2026/10/09 04:57:15.456, 0, 85973, 97871, 100, 508.95
2026/10/09 04:57:15.456, 1, 85971, 97871, 100, 511.33
2026/10/09 04:57:15.456, 2, 85973, 97871, 100, 506.86
2026/10/09 04:57:15.456, 3, 85972, 97871, 100, 499.22
2026/10/09 04:57:16.456, 0, 85973, 97871, 100, 512.65
2026/10/09 04:57:16.456, 1, 85971, 97871, 100, 510.40
2026/10/09 04:57:16.456, 2, 85973, 97871, 100, 506.65
2026/10/09 04:57:16.456, 3, 85972, 97871, 100, 498.80
2026/10/09 04:57:17.457, 0, 85973, 97871, 100, 513.39
2026/10/09 04:57:17.457, 1, 85971, 97871, 100, 508.44
2026/10/09 04:57:17.457, 2, 85973, 97871, 100, 508.71
2026/10/09 04:57:17.457, 3, 85972, 97871, 100, 498.83
2026/10/09 04:57:18.457, 0, 85973, 97871, 100, 511.99
2026/10/09 04:57:18.457, 1, 85971, 97871, 100, 510.54
2026/10/09 04:57:18.457, 2, 85973, 97871, 100, 506.68
2026/10/09 04:57:18.457, 3, 85972, 97871, 100, 498.76
2026/10/09 04:57:19.457, 0, 85973, 97871, 100, 508.70
2026/10/09 04:57:19.457, 1, 85971, 97871, 100, 508.11
2026/10/09 04:57:19.457, 2, 85973, 97871, 100, 506.59
2026/10/09 04:57:19.457, 3, 85972, 97871, 100, 496.65
2026/10/09 04:57:20.457, 0, 85973, 97871, 100, 506.95
2026/10/09 04:57:20.461, 1, 85971, 97871, 100, 512.95
2026/10/09 04:57:20.461, 2, 85973, 97871, 100, 501.26
2026/10/09 04:57:20.461, 3, 85972, 97871, 100, 493.05
2026/10/09 04:57:21.462, 0, 85973, 97871, 100, 509.03
2026/10/09 04:57:21.462, 1, 85971, 97871, 100, 512.30
2026/10/09 04:57:21.462, 2, 85973, 97871, 100, 505.83
2026/10/09 04:57:21.462, 3, 85972, 97871, 100, 498.08
2026/10/09 04:57:22.462, 0, 85973, 97871, 100, 508.09
2026/10/09 04:57:22.462, 1, 85971, 97871, 100, 505.81
2026/10/09 04:57:22.462, 2, 85973, 97871, 100, 501.50
2026/10/09 04:57:22.462, 3, 85972, 97871, 100, 492.04
2026/10/09 04:57:23.462, 0, 85973, 97871, 100, 506.54
2026/10/09 04:57:23.462, 1, 85971, 97871, 100, 503.86
2026/10/09 04:57:23.462, 2, 85973, 97871, 100, 502.16
2026/10/09 04:57:23.463, 3, 85972, 97871, 100, 494.46
2026/10/09 04:57:24.463, 0, 85973, 97871, 100, 444.51
2026/10/09 04:57:24.463, 1, 85971, 97871, 100, 436.48
2026/10/09 04:57:24.463, 2, 85973, 97871, 100, 440.31
2026/10/09 04:57:24.463, 3, 85972, 97871, 62, 438.41
2026/10/09 04:57:25.463, 0, 85973, 97871, 100, 365.79
2026/10/09 04:57:25.463, 1, 85971, 97871, 100, 362.10
2026/10/09 04:57:25.463, 2, 85973, 97871, 100, 368.86
2026/10/09 04:57:25.463, 3, 85972, 97871, 46, 358.99
2026/10/09 04:57:26.463, 0, 85973, 97871, 99, 426.51
2026/10/09 04:57:26.463, 1, 85971, 97871, 99, 431.65
2026/10/09 04:57:26.463, 2, 85973, 97871, 99, 430.96
2026/10/09 04:57:26.463, 3, 85972, 97871, 99, 421.50
2026/10/09 04:57:27.463, 0, 85973, 97871, 8, 243.73
2026/10/09 04:57:27.463, 1, 85971, 97871, 98, 254.47
2026/10/09 04:57:27.463, 2, 85973, 97871, 71, 256.63
2026/10/09 04:57:27.463, 3, 85972, 97871, 100, 237.66
2026/10/09 04:57:28.464, 0, 85973, 97871, 100, 516.00
2026/10/09 04:57:28.464, 1, 85971, 97871, 100, 507.86
2026/10/09 04:57:28.464, 2, 85973, 97871, 100, 507.98
2026/10/09 04:57:28.464, 3, 85972, 97871, 100, 498.57
2026/10/09 04:57:29.464, 0, 85973, 97871, 100, 515.28
2026/10/09 04:57:29.464, 1, 85971, 97871, 100, 508.49
2026/10/09 04:57:29.464, 2, 85973, 97871, 100, 507.69
2026/10/09 04:57:29.464, 3, 85972, 97871, 100, 496.15
2026/10/09 04:57:30.464, 0, 85973, 97871, 100, 512.33
2026/10/09 04:57:30.483, 1, 85971, 97871, 100, 511.58
2026/10/09 04:57:30.483, 2, 85973, 97871, 100, 511.38
2026/10/09 04:57:30.483, 3, 85972, 97871, 100, 498.16
2026/10/09 04:57:31.483, 0, 85973, 97871, 100, 508.68
2026/10/09 04:57:31.483, 1, 85971, 97871, 100, 507.52
2026/10/09 04:57:31.483, 2, 85973, 97871, 100, 507.77
2026/10/09 04:57:31.483, 3, 85972, 97871, 100, 503.49
2026/10/09 04:57:32.483, 0, 85973, 97871, 100, 517.21
2026/10/09 04:57:32.483, 1, 85971, 97871, 100, 512.62
2026/10/09 04:57:32.483, 2, 85973, 97871, 100, 509.04
2026/10/09 04:57:32.483, 3, 85972, 97871, 100, 498.09
2026/10/09 04:57:33.484, 0, 85973, 97871, 100, 519.34
2026/10/09 04:57:33.484, 1, 85971, 97871, 100, 514.72
2026/10/09 04:57:33.484, 2, 85973, 97871, 100, 505.02
2026/10/09 04:57:33.484, 3, 85972, 97871, 100, 496.95
2026/10/09 04:57:34.484, 0, 85973, 97871, 100, 512.78
2026/10/09 04:57:34.484, 1, 85971, 97871, 100, 513.11
2026/10/09 04:57:34.484, 2, 85973, 97871, 100, 514.87
2026/10/09 04:57:34.484, 3, 85972, 97871, 100, 503.47
2026/10/09 04:57:35.484, 0, 85973, 97871, 100, 511.74
2026/10/09 04:57:35.484, 1, 85971, 97871, 100, 511.59
2026/10/09 04:57:35.484, 2, 85973, 97871, 100, 504.30
2026/10/09 04:57:35.484, 3, 85972, 97871, 100, 496.35
2026/10/09 04:57:36.484, 0, 85973, 97871, 100, 511.82
2026/10/09 04:57:36.485, 1, 85971, 97871, 100, 508.94
2026/10/09 04:57:36.485, 2, 85973, 97871, 100, 509.69
2026/10/09 04:57:36.485, 3, 85972, 97871, 100, 494.63
2026/10/09 04:57:37.485, 0, 85973, 97871, 100, 509.02
2026/10/09 04:57:37.485, 1, 85971, 97871, 100, 509.62
2026/10/09 04:57:37.485, 2, 85973, 97871, 100, 503.50
2026/10/09 04:57:37.485, 3, 85972, 97871, 100, 494.52
2026/10/09 04:57:38.485, 0, 85973, 97871, 100, 508.04
2026/10/09 04:57:38.485, 1, 85971, 97871, 100, 510.20
2026/10/09 04:57:38.485, 2, 85973, 97871, 100, 503.40
2026/10/09 04:57:38.485, 3, 85972, 97871, 100, 496.00
2026/10/09 04:57:39.485, 0, 85973, 97871, 100, 506.63
2026/10/09 04:57:39.485, 1, 85971, 97871, 100, 506.09
2026/10/09 04:57:39.485, 2, 85973, 97871, 100, 503.94
2026/10/09 04:57:39.485, 3, 85972, 97871, 100, 493.54
2026/10/09 04:57:40.485, 0, 85973, 97871, 100, 506.75
2026/10/09 04:57:40.493, 1, 85971, 97871, 100, 506.14
2026/10/09 04:57:40.493, 2, 85973, 97871, 100, 503.51
2026/10/09 04:57:40.493, 3, 85972, 97871, 100, 496.47
2026/10/09 04:57:41.493, 0, 85973, 97871, 100, 510.40
2026/10/09 04:57:41.493, 1, 85971, 97871, 100, 507.24
2026/10/09 04:57:41.493, 2, 85973, 97871, 100, 504.11
2026/10/09 04:57:41.493, 3, 85972, 97871, 100, 494.34
2026/10/09 04:57:42.493, 0, 85973, 97871, 100, 513.19
2026/10/09 04:57:42.493, 1, 85971, 97871, 100, 509.90
2026/10/09 04:57:42.493, 2, 85973, 97871, 100, 511.29
2026/10/09 04:57:42.493, 3, 85972, 97871, 100, 495.79
2026/10/09 04:57:43.493, 0, 85973, 97871, 100, 508.48
2026/10/09 04:57:43.493, 1, 85971, 97871, 100, 506.45
2026/10/09 04:57:43.493, 2, 85973, 97871, 100, 506.90
2026/10/09 04:57:43.493, 3, 85972, 97871, 100, 493.35
2026/10/09 04:57:44.494, 0, 85973, 97871, 100, 510.28
2026/10/09 04:57:44.494, 1, 85971, 97871, 100, 511.49
2026/10/09 04:57:44.494, 2, 85973, 97871, 100, 509.84
2026/10/09 04:57:44.494, 3, 85972, 97871, 100, 499.62
2026/10/09 04:57:45.494, 0, 85973, 97871, 100, 507.64
2026/10/09 04:57:45.494, 1, 85971, 97871, 100, 507.31
2026/10/09 04:57:45.494, 2, 85973, 97871, 100, 512.34
2026/10/09 04:57:45.494, 3, 85972, 97871, 100, 495.67
2026/10/09 04:57:46.494, 0, 85973, 97871, 100, 510.56
2026/10/09 04:57:46.494, 1, 85971, 97871, 100, 508.48
2026/10/09 04:57:46.494, 2, 85973, 97871, 100, 506.47
2026/10/09 04:57:46.494, 3, 85972, 97871, 100, 498.49
2026/10/09 04:57:47.494, 0, 85973, 97871, 100, 507.40
2026/10/09 04:57:47.494, 1, 85971, 97871, 100, 508.75
2026/10/09 04:57:47.495, 2, 85973, 97871, 100, 504.40
2026/10/09 04:57:47.495, 3, 85972, 97871, 100, 492.25
2026/10/09 04:57:48.495, 0, 85973, 97871, 100, 513.31
2026/10/09 04:57:48.495, 1, 85971, 97871, 100, 512.32
2026/10/09 04:57:48.495, 2, 85973, 97871, 100, 511.58
2026/10/09 04:57:48.495, 3, 85972, 97871, 100, 497.43
2026/10/09 04:57:49.495, 0, 85973, 97871, 100, 507.32
2026/10/09 04:57:49.495, 1, 85971, 97871, 100, 510.99
2026/10/09 04:57:49.495, 2, 85973, 97871, 100, 507.99
2026/10/09 04:57:49.495, 3, 85972, 97871, 100, 499.13
2026/10/09 04:57:50.495, 0, 85973, 97871, 100, 513.57
2026/10/09 04:57:50.499, 1, 85971, 97871, 100, 511.67
2026/10/09 04:57:50.499, 2, 85973, 97871, 100, 511.29
2026/10/09 04:57:50.499, 3, 85972, 97871, 100, 496.22
2026/10/09 04:57:51.500, 0, 85973, 97871, 100, 505.69
2026/10/09 04:57:51.500, 1, 85971, 97871, 100, 508.66
2026/10/09 04:57:51.500, 2, 85973, 97871, 100, 503.59
2026/10/09 04:57:51.500, 3, 85972, 97871, 100, 494.82
2026/10/09 04:57:52.500, 0, 85973, 97871, 100, 511.92
2026/10/09 04:57:52.500, 1, 85971, 97871, 100, 509.21
2026/10/09 04:57:52.500, 2, 85973, 97871, 100, 509.26
2026/10/09 04:57:52.500, 3, 85972, 97871, 100, 498.76
2026/10/09 04:57:53.500, 0, 85973, 97871, 100, 510.76
2026/10/09 04:57:53.500, 1, 85971, 97871, 100, 508.16
2026/10/09 04:57:53.500, 2, 85973, 97871, 100, 504.99
2026/10/09 04:57:53.500, 3, 85972, 97871, 100, 489.26
2026/10/09 04:57:54.501, 0, 85973, 97871, 100, 506.36
2026/10/09 04:57:54.501, 1, 85971, 97871, 100, 506.89
2026/10/09 04:57:54.501, 2, 85973, 97871, 100, 500.33
2026/10/09 04:57:54.501, 3, 85972, 97871, 100, 489.35
2026/10/09 04:57:55.501, 0, 85973, 97871, 100, 509.77
2026/10/09 04:57:55.501, 1, 85971, 97871, 100, 512.27
2026/10/09 04:57:55.501, 2, 85973, 97871, 100, 509.36
2026/10/09 04:57:55.501, 3, 85972, 97871, 100, 494.64
2026/10/09 04:57:56.501, 0, 85973, 97871, 100, 511.90
2026/10/09 04:57:56.501, 1, 85971, 97871, 100, 508.55
2026/10/09 04:57:56.501, 2, 85973, 97871, 100, 510.37
2026/10/09 04:57:56.501, 3, 85972, 97871, 100, 495.39
2026/10/09 04:57:57.502, 0, 85973, 97871, 100, 511.94
2026/10/09 04:57:57.502, 1, 85971, 97871, 100, 511.07
2026/10/09 04:57:57.502, 2, 85973, 97871, 100, 508.66
2026/10/09 04:57:57.502, 3, 85972, 97871, 100, 497.41
2026/10/09 04:57:58.502, 0, 85973, 97871, 100, 510.44
2026/10/09 04:57:58.502, 1, 85971, 97871, 100, 508.58
2026/10/09 04:57:58.502, 2, 85973, 97871, 100, 508.73
2026/10/09 04:57:58.502, 3, 85972, 97871, 100, 493.23
2026/10/09 04:57:59.502, 0, 85973, 97871, 100, 509.29
2026/10/09 04:57:59.502, 1, 85971, 97871, 100, 506.96
2026/10/09 04:57:59.502, 2, 85973, 97871, 100, 506.00
2026/10/09 04:57:59.502, 3, 85972, 97871, 100, 488.77
2026/10/09 04:58:00.503, 0, 85973, 97871, 100, 506.02
2026/10/09 04:58:00.513, 1, 85971, 97871, 100, 504.73
2026/10/09 04:58:00.513, 2, 85973, 97871, 100, 508.27
2026/10/09 04:58:00.513, 3, 85972, 97871, 100, 494.04
2026/10/09 04:58:01.513, 0, 85973, 97871, 100, 510.89
2026/10/09 04:58:01.513, 1, 85971, 97871, 100, 508.80
2026/10/09 04:58:01.513, 2, 85973, 97871, 100, 508.64
2026/10/09 04:58:01.513, 3, 85971, 97871, 100, 498.39
2026/10/09 04:58:02.514, 0, 85973, 97871, 100, 511.99
2026/10/09 04:58:02.514, 1, 85971, 97871, 100, 511.43
2026/10/09 04:58:02.514, 2, 85973, 97871, 100, 511.34
2026/10/09 04:58:02.514, 3, 85971, 97871, 100, 498.07
2026/10/09 04:58:03.514, 0, 85973, 97871, 100, 514.74
2026/10/09 04:58:03.514, 1, 85971, 97871, 100, 508.43
2026/10/09 04:58:03.514, 2, 85973, 97871, 100, 510.53
2026/10/09 04:58:03.514, 3, 85971, 97871, 100, 495.22
2026/10/09 04:58:04.514, 0, 85973, 97871, 100, 506.35
2026/10/09 04:58:04.514, 1, 85971, 97871, 100, 501.39
2026/10/09 04:58:04.514, 2, 85973, 97871, 100, 508.88
2026/10/09 04:58:04.515, 3, 85971, 97871, 100, 491.21
2026/10/09 04:58:05.515, 0, 85973, 97871, 100, 505.70
2026/10/09 04:58:05.515, 1, 85971, 97871, 100, 508.29
2026/10/09 04:58:05.515, 2, 85973, 97871, 100, 504.90
2026/10/09 04:58:05.515, 3, 85971, 97871, 100, 490.80
2026/10/09 04:58:06.515, 0, 85973, 97871, 100, 512.02
2026/10/09 04:58:06.515, 1, 85971, 97871, 100, 507.38
2026/10/09 04:58:06.515, 2, 85973, 97871, 100, 508.81
2026/10/09 04:58:06.515, 3, 85971, 97871, 100, 494.18
2026/10/09 04:58:07.515, 0, 85973, 97871, 100, 510.84
2026/10/09 04:58:07.515, 1, 85971, 97871, 100, 508.24
2026/10/09 04:58:07.515, 2, 85973, 97871, 100, 508.98
2026/10/09 04:58:07.515, 3, 85971, 97871, 100, 496.57
2026/10/09 04:58:08.516, 0, 85973, 97871, 100, 511.14
2026/10/09 04:58:08.516, 1, 85971, 97871, 100, 510.51
2026/10/09 04:58:08.516, 2, 85973, 97871, 100, 509.42
2026/10/09 04:58:08.516, 3, 85971, 97871, 100, 496.91
2026/10/09 04:58:09.516, 0, 85973, 97871, 100, 510.25
2026/10/09 04:58:09.516, 1, 85971, 97871, 100, 509.73
2026/10/09 04:58:09.516, 2, 85973, 97871, 100, 508.07
2026/10/09 04:58:09.516, 3, 85971, 97871, 100, 498.64
2026/10/09 04:58:10.516, 0, 85973, 97871, 100, 513.15
2026/10/09 04:58:10.520, 1, 85971, 97871, 100, 508.67
2026/10/09 04:58:10.520, 2, 85973, 97871, 100, 512.36
2026/10/09 04:58:10.520, 3, 85971, 97871, 100, 490.52
2026/10/09 04:58:11.520, 0, 85973, 97871, 100, 503.99
2026/10/09 04:58:11.520, 1, 85971, 97871, 100, 506.98
2026/10/09 04:58:11.520, 2, 85973, 97871, 100, 506.99
2026/10/09 04:58:11.520, 3, 85971, 97871, 100, 495.33
2026/10/09 04:58:12.520, 0, 85973, 97871, 100, 505.91
2026/10/09 04:58:12.520, 1, 85971, 97871, 100, 503.45
2026/10/09 04:58:12.520, 2, 85973, 97871, 100, 502.87
2026/10/09 04:58:12.520, 3, 85971, 97871, 100, 490.37
2026/10/09 04:58:13.520, 0, 85973, 97871, 100, 509.12
2026/10/09 04:58:13.520, 1, 85971, 97871, 100, 509.35
2026/10/09 04:58:13.520, 2, 85973, 97871, 100, 506.46
2026/10/09 04:58:13.521, 3, 85971, 97871, 100, 498.68
2026/10/09 04:58:14.521, 0, 85973, 97871, 100, 515.51
2026/10/09 04:58:14.521, 1, 85971, 97871, 100, 515.08
2026/10/09 04:58:14.521, 2, 85973, 97871, 100, 514.13
2026/10/09 04:58:14.521, 3, 85971, 97871, 100, 495.41
2026/10/09 04:58:15.521, 0, 85973, 97871, 100, 513.70
2026/10/09 04:58:15.521, 1, 85971, 97871, 100, 508.92
2026/10/09 04:58:15.521, 2, 85973, 97871, 100, 512.03
2026/10/09 04:58:15.521, 3, 85971, 97871, 100, 493.38
2026/10/09 04:58:16.521, 0, 85973, 97871, 100, 510.43
2026/10/09 04:58:16.521, 1, 85971, 97871, 100, 506.89
2026/10/09 04:58:16.521, 2, 85973, 97871, 100, 511.55
2026/10/09 04:58:16.521, 3, 85971, 97871, 100, 497.34
2026/10/09 04:58:17.521, 0, 85973, 97871, 100, 512.61
2026/10/09 04:58:17.521, 1, 85971, 97871, 100, 510.59
2026/10/09 04:58:17.522, 2, 85973, 97871, 100, 510.45
2026/10/09 04:58:17.522, 3, 85971, 97871, 100, 497.29
2026/10/09 04:58:18.522, 0, 85973, 97871, 100, 509.27
2026/10/09 04:58:18.522, 1, 85971, 97871, 100, 505.59
2026/10/09 04:58:18.522, 2, 85973, 97871, 100, 507.67
2026/10/09 04:58:18.522, 3, 85971, 97871, 100, 494.01
2026/10/09 04:58:19.522, 0, 85973, 97871, 100, 508.60
2026/10/09 04:58:19.522, 1, 85971, 97871, 100, 507.31
2026/10/09 04:58:19.522, 2, 85973, 97871, 100, 510.71
2026/10/09 04:58:19.522, 3, 85971, 97871, 100, 494.51
2026/10/09 04:58:20.522, 0, 85973, 97871, 100, 505.45
2026/10/09 04:58:20.531, 1, 85971, 97871, 100, 506.77
2026/10/09 04:58:20.531, 2, 85973, 97871, 100, 509.04
2026/10/09 04:58:20.532, 3, 85971, 97871, 100, 494.07
2026/10/09 04:58:21.532, 0, 85973, 97871, 100, 513.11
2026/10/09 04:58:21.532, 1, 85971, 97871, 100, 511.33
2026/10/09 04:58:21.532, 2, 85973, 97871, 100, 509.91
2026/10/09 04:58:21.532, 3, 85971, 97871, 100, 498.08
2026/10/09 04:58:22.532, 0, 85973, 97871, 100, 509.13
2026/10/09 04:58:22.532, 1, 85971, 97871, 100, 507.48
2026/10/09 04:58:22.532, 2, 85973, 97871, 100, 505.89
2026/10/09 04:58:22.532, 3, 85971, 97871, 100, 495.22
2026/10/09 04:58:23.532, 0, 85973, 97871, 100, 508.50
2026/10/09 04:58:23.532, 1, 85971, 97871, 100, 511.95
2026/10/09 04:58:23.532, 2, 85973, 97871, 100, 509.84
2026/10/09 04:58:23.532, 3, 85971, 97871, 100, 496.92
2026/10/09 04:58:24.532, 0, 85973, 97871, 100, 509.89
2026/10/09 04:58:24.532, 1, 85971, 97871, 100, 504.68
2026/10/09 04:58:24.533, 2, 85973, 97871, 100, 506.59
2026/10/09 04:58:24.533, 3, 85971, 97871, 100, 498.06
2026/10/09 04:58:25.533, 0, 85973, 97871, 100, 508.36
2026/10/09 04:58:25.533, 1, 85971, 97871, 100, 507.18
2026/10/09 04:58:25.533, 2, 85973, 97871, 100, 510.40
2026/10/09 04:58:25.533, 3, 85971, 97871, 100, 498.31
2026/10/09 04:58:26.533, 0, 85973, 97871, 100, 508.99
2026/10/09 04:58:26.533, 1, 85971, 97871, 100, 509.52
2026/10/09 04:58:26.533, 2, 85973, 97871, 100, 506.50
2026/10/09 04:58:26.533, 3, 85971, 97871, 100, 491.59
2026/10/09 04:58:27.533, 0, 85973, 97871, 100, 506.86
2026/10/09 04:58:27.533, 1, 85971, 97871, 100, 512.00
2026/10/09 04:58:27.533, 2, 85973, 97871, 100, 507.83
2026/10/09 04:58:27.533, 3, 85971, 97871, 100, 492.79
2026/10/09 04:58:28.533, 0, 85973, 97871, 100, 509.38
2026/10/09 04:58:28.534, 1, 85971, 97871, 100, 509.22
2026/10/09 04:58:28.534, 2, 85973, 97871, 100, 506.88
2026/10/09 04:58:28.534, 3, 85971, 97871, 100, 495.28
2026/10/09 04:58:29.534, 0, 85973, 97871, 100, 508.78
2026/10/09 04:58:29.534, 1, 85971, 97871, 100, 511.24
2026/10/09 04:58:29.534, 2, 85973, 97871, 100, 510.34
2026/10/09 04:58:29.534, 3, 85971, 97871, 100, 498.76
2026/10/09 04:58:30.534, 0, 85973, 97871, 100, 513.09
2026/10/09 04:58:30.538, 1, 85971, 97871, 100, 510.56
2026/10/09 04:58:30.538, 2, 85973, 97871, 100, 513.74
2026/10/09 04:58:30.538, 3, 85971, 97871, 100, 496.51
2026/10/09 04:58:31.538, 0, 85973, 97871, 100, 508.49
2026/10/09 04:58:31.538, 1, 85971, 97871, 100, 510.52
2026/10/09 04:58:31.538, 2, 85973, 97871, 100, 508.14
2026/10/09 04:58:31.542, 3, 85971, 97871, 100, 496.34
2026/10/09 04:58:32.543, 0, 85973, 97871, 100, 506.01
2026/10/09 04:58:32.543, 1, 85971, 97871, 100, 509.63
2026/10/09 04:58:32.543, 2, 85973, 97871, 100, 507.45
2026/10/09 04:58:32.544, 3, 85971, 97871, 100, 492.68
2026/10/09 04:58:33.544, 0, 85973, 97871, 100, 510.50
2026/10/09 04:58:33.544, 1, 85971, 97871, 100, 512.98
2026/10/09 04:58:33.544, 2, 85973, 97871, 100, 503.85
2026/10/09 04:58:33.544, 3, 85971, 97871, 100, 493.19
2026/10/09 04:58:34.544, 0, 85973, 97871, 100, 508.81
2026/10/09 04:58:34.544, 1, 85971, 97871, 100, 506.86
2026/10/09 04:58:34.544, 2, 85973, 97871, 100, 512.18
2026/10/09 04:58:34.544, 3, 85971, 97871, 100, 494.53
2026/10/09 04:58:35.544, 0, 85973, 97871, 100, 512.16
2026/10/09 04:58:35.544, 1, 85971, 97871, 100, 510.05
2026/10/09 04:58:35.544, 2, 85973, 97871, 100, 512.03
2026/10/09 04:58:35.544, 3, 85971, 97871, 100, 500.79
2026/10/09 04:58:36.544, 0, 85973, 97871, 100, 510.05
2026/10/09 04:58:36.544, 1, 85971, 97871, 100, 510.24
2026/10/09 04:58:36.545, 2, 85973, 97871, 100, 507.86
2026/10/09 04:58:36.545, 3, 85971, 97871, 100, 496.26
2026/10/09 04:58:37.545, 0, 85973, 97871, 100, 510.99
2026/10/09 04:58:37.545, 1, 85971, 97871, 100, 508.24
2026/10/09 04:58:37.545, 2, 85973, 97871, 100, 510.97
2026/10/09 04:58:37.545, 3, 85971, 97871, 100, 494.43
2026/10/09 04:58:38.545, 0, 85973, 97871, 100, 510.16
2026/10/09 04:58:38.545, 1, 85971, 97871, 100, 509.50
2026/10/09 04:58:38.545, 2, 85973, 97871, 100, 512.30
2026/10/09 04:58:38.545, 3, 85971, 97871, 100, 493.91
2026/10/09 04:58:39.545, 0, 85973, 97871, 100, 508.82
2026/10/09 04:58:39.545, 1, 85971, 97871, 100, 507.06
2026/10/09 04:58:39.545, 2, 85973, 97871, 100, 505.96
2026/10/09 04:58:39.545, 3, 85971, 97871, 100, 490.75
2026/10/09 04:58:40.546, 0, 85973, 97871, 100, 512.97
2026/10/09 04:58:40.549, 1, 85971, 97871, 100, 509.04
2026/10/09 04:58:40.549, 2, 85973, 97871, 100, 506.97
2026/10/09 04:58:40.549, 3, 85971, 97871, 100, 491.50
2026/10/09 04:58:41.549, 0, 85973, 97871, 100, 511.25
2026/10/09 04:58:41.549, 1, 85971, 97871, 100, 513.73
2026/10/09 04:58:41.549, 2, 85973, 97871, 100, 509.20
2026/10/09 04:58:41.552, 3, 85971, 97871, 100, 492.83
2026/10/09 04:58:42.552, 0, 85973, 97871, 100, 511.57
2026/10/09 04:58:42.553, 1, 85971, 97871, 100, 511.11
2026/10/09 04:58:42.553, 2, 85973, 97871, 100, 512.04
2026/10/09 04:58:42.553, 3, 85971, 97871, 100, 498.94
2026/10/09 04:58:43.553, 0, 85973, 97871, 100, 508.35
2026/10/09 04:58:43.553, 1, 85971, 97871, 100, 510.12
2026/10/09 04:58:43.553, 2, 85973, 97871, 100, 510.55
2026/10/09 04:58:43.553, 3, 85971, 97871, 100, 497.26
2026/10/09 04:58:44.553, 0, 85973, 97871, 100, 509.58
2026/10/09 04:58:44.553, 1, 85971, 97871, 100, 511.93
2026/10/09 04:58:44.553, 2, 85973, 97871, 100, 504.34
2026/10/09 04:58:44.553, 3, 85971, 97871, 100, 490.11
2026/10/09 04:58:45.553, 0, 85973, 97871, 100, 508.21
2026/10/09 04:58:45.554, 1, 85971, 97871, 100, 507.84
2026/10/09 04:58:45.554, 2, 85973, 97871, 100, 506.24
2026/10/09 04:58:45.554, 3, 85971, 97871, 100, 495.46
2026/10/09 04:58:46.554, 0, 85973, 97871, 100, 508.51
2026/10/09 04:58:46.554, 1, 85971, 97871, 100, 503.96
2026/10/09 04:58:46.554, 2, 85973, 97871, 100, 503.08
2026/10/09 04:58:46.554, 3, 85971, 97871, 100, 488.94
2026/10/09 04:58:47.554, 0, 85973, 97871, 100, 506.89
2026/10/09 04:58:47.554, 1, 85971, 97871, 100, 508.40
2026/10/09 04:58:47.554, 2, 85973, 97871, 100, 511.21
2026/10/09 04:58:47.554, 3, 85971, 97871, 100, 495.90
2026/10/09 04:58:48.554, 0, 85973, 97871, 100, 511.48
2026/10/09 04:58:48.554, 1, 85971, 97871, 100, 511.79
2026/10/09 04:58:48.554, 2, 85973, 97871, 100, 510.54
2026/10/09 04:58:48.554, 3, 85971, 97871, 100, 493.88
2026/10/09 04:58:49.555, 0, 85973, 97871, 100, 511.30
2026/10/09 04:58:49.555, 1, 85971, 97871, 100, 510.26
2026/10/09 04:58:49.555, 2, 85973, 97871, 100, 508.55
2026/10/09 04:58:49.555, 3, 85971, 97871, 100, 494.96
2026/10/09 04:58:50.555, 0, 85973, 97871, 100, 516.21
2026/10/09 04:58:50.556, 1, 85971, 97871, 100, 509.50
2026/10/09 04:58:50.556, 2, 85973, 97871, 100, 512.93
2026/10/09 04:58:50.556, 3, 85971, 97871, 100, 498.08
2026/10/09 04:58:51.556, 0, 85973, 97871, 100, 506.79
2026/10/09 04:58:51.556, 1, 85971, 97871, 100, 510.52
2026/10/09 04:58:51.556, 2, 85973, 97871, 100, 506.52
2026/10/09 04:58:51.559, 3, 85971, 97871, 100, 494.12
2026/10/09 04:58:52.559, 0, 85973, 97871, 100, 502.91
2026/10/09 04:58:52.559, 1, 85971, 97871, 100, 509.39
2026/10/09 04:58:52.559, 2, 85973, 97871, 100, 502.27
2026/10/09 04:58:52.559, 3, 85971, 97871, 100, 490.51
2026/10/09 04:58:53.560, 0, 85973, 97871, 100, 507.18
2026/10/09 04:58:53.560, 1, 85971, 97871, 100, 511.06
2026/10/09 04:58:53.560, 2, 85973, 97871, 100, 503.43
2026/10/09 04:58:53.560, 3, 85971, 97871, 100, 495.65
2026/10/09 04:58:54.560, 0, 85973, 97871, 100, 516.56
2026/10/09 04:58:54.560, 1, 85971, 97871, 100, 511.58
2026/10/09 04:58:54.560, 2, 85973, 97871, 100, 514.74
2026/10/09 04:58:54.560, 3, 85971, 97871, 100, 496.78
2026/10/09 04:58:55.560, 0, 85973, 97871, 100, 511.42
2026/10/09 04:58:55.560, 1, 85971, 97871, 100, 508.99
2026/10/09 04:58:55.560, 2, 85973, 97871, 100, 511.47
2026/10/09 04:58:55.560, 3, 85971, 97871, 100, 496.63
2026/10/09 04:58:56.560, 0, 85973, 97871, 100, 510.15
2026/10/09 04:58:56.560, 1, 85971, 97871, 100, 509.76
2026/10/09 04:58:56.560, 2, 85973, 97871, 100, 507.88
2026/10/09 04:58:56.560, 3, 85971, 97871, 100, 493.13
2026/10/09 04:58:57.561, 0, 85973, 97871, 100, 502.08
2026/10/09 04:58:57.561, 1, 85971, 97871, 100, 500.87
2026/10/09 04:58:57.561, 2, 85973, 97871, 100, 505.79
2026/10/09 04:58:57.561, 3, 85971, 97871, 100, 491.58
2026/10/09 04:58:58.561, 0, 85973, 97871, 100, 509.67
2026/10/09 04:58:58.561, 1, 85971, 97871, 100, 505.63
2026/10/09 04:58:58.561, 2, 85973, 97871, 100, 507.68
2026/10/09 04:58:58.561, 3, 85971, 97871, 100, 491.60
2026/10/09 04:58:59.561, 0, 85973, 97871, 100, 509.08
2026/10/09 04:58:59.561, 1, 85971, 97871, 100, 507.18
2026/10/09 04:58:59.561, 2, 85973, 97871, 100, 511.44
2026/10/09 04:58:59.561, 3, 85971, 97871, 100, 493.64
2026/10/09 04:59:00.561, 0, 85973, 97871, 100, 510.00
2026/10/09 04:59:00.563, 1, 85971, 97871, 100, 509.04
2026/10/09 04:59:00.563, 2, 85973, 97871, 100, 509.92
2026/10/09 04:59:00.563, 3, 85971, 97871, 100, 494.96
2026/10/09 04:59:01.563, 0, 85973, 97871, 100, 510.95
2026/10/09 04:59:01.563, 1, 85971, 97871, 100, 511.75
2026/10/09 04:59:01.563, 2, 85973, 97871, 100, 509.10
2026/10/09 04:59:01.574, 3, 85971, 97871, 100, 496.42
2026/10/09 04:59:02.574, 0, 85973, 97871, 100, 509.77
2026/10/09 04:59:02.574, 1, 85971, 97871, 100, 504.77
2026/10/09 04:59:02.574, 2, 85973, 97871, 100, 511.12
2026/10/09 04:59:02.574, 3, 85971, 97871, 100, 494.93
2026/10/09 04:59:03.574, 0, 85973, 97871, 100, 508.35
2026/10/09 04:59:03.574, 1, 85971, 97871, 100, 507.60
2026/10/09 04:59:03.574, 2, 85973, 97871, 100, 507.87
2026/10/09 04:59:03.574, 3, 85971, 97871, 100, 492.49
2026/10/09 04:59:04.575, 0, 85973, 97871, 100, 506.04
2026/10/09 04:59:04.575, 1, 85971, 97871, 100, 509.60
2026/10/09 04:59:04.575, 2, 85973, 97871, 100, 505.38
2026/10/09 04:59:04.575, 3, 85971, 97871, 100, 493.69
2026/10/09 04:59:05.575, 0, 85973, 97871, 100, 506.95
2026/10/09 04:59:05.575, 1, 85971, 97871, 100, 507.43
2026/10/09 04:59:05.575, 2, 85973, 97871, 100, 505.24
2026/10/09 04:59:05.575, 3, 85971, 97871, 100, 494.77
2026/10/09 04:59:06.575, 0, 85973, 97871, 100, 515.78
2026/10/09 04:59:06.575, 1, 85971, 97871, 100, 512.54
2026/10/09 04:59:06.575, 2, 85973, 97871, 100, 508.54
2026/10/09 04:59:06.575, 3, 85971, 97871, 100, 492.75
2026/10/09 04:59:07.575, 0, 85973, 97871, 100, 511.28
2026/10/09 04:59:07.576, 1, 85971, 97871, 100, 511.83
2026/10/09 04:59:07.576, 2, 85973, 97871, 100, 512.03
2026/10/09 04:59:07.576, 3, 85971, 97871, 100, 495.44
2026/10/09 04:59:08.576, 0, 85973, 97871, 100, 506.86
2026/10/09 04:59:08.576, 1, 85971, 97871, 100, 507.80
2026/10/09 04:59:08.576, 2, 85973, 97871, 100, 509.93
2026/10/09 04:59:08.576, 3, 85971, 97871, 100, 497.28
2026/10/09 04:59:09.576, 0, 85973, 97871, 100, 508.50
2026/10/09 04:59:09.576, 1, 85971, 97871, 100, 508.23
2026/10/09 04:59:09.576, 2, 85973, 97871, 100, 507.98
2026/10/09 04:59:09.576, 3, 85971, 97871, 100, 496.19
2026/10/09 04:59:10.576, 0, 85973, 97871, 100, 504.37
2026/10/09 04:59:10.579, 1, 85971, 97871, 100, 507.91
2026/10/09 04:59:10.579, 2, 85973, 97871, 100, 500.73
2026/10/09 04:59:10.579, 3, 85971, 97871, 100, 495.46
2026/10/09 04:59:11.579, 0, 85973, 97871, 100, 508.68
2026/10/09 04:59:11.579, 1, 85971, 97871, 100, 509.43
2026/10/09 04:59:11.579, 2, 85973, 97871, 100, 504.38
2026/10/09 04:59:11.581, 3, 85971, 97871, 100, 495.84
2026/10/09 04:59:12.581, 0, 85973, 97871, 100, 506.98
2026/10/09 04:59:12.581, 1, 85971, 97871, 100, 504.32
2026/10/09 04:59:12.581, 2, 85973, 97871, 100, 505.51
2026/10/09 04:59:12.581, 3, 85971, 97871, 100, 492.85
2026/10/09 04:59:13.581, 0, 85973, 97871, 100, 511.32
2026/10/09 04:59:13.581, 1, 85971, 97871, 100, 512.75
2026/10/09 04:59:13.581, 2, 85973, 97871, 100, 507.36
2026/10/09 04:59:13.581, 3, 85971, 97871, 100, 500.16
2026/10/09 04:59:14.581, 0, 85973, 97871, 100, 513.06
2026/10/09 04:59:14.581, 1, 85971, 97871, 100, 509.87
2026/10/09 04:59:14.581, 2, 85973, 97871, 100, 510.18
2026/10/09 04:59:14.581, 3, 85971, 97871, 100, 497.27
2026/10/09 04:59:15.581, 0, 85973, 97871, 100, 508.72
2026/10/09 04:59:15.582, 1, 85971, 97871, 100, 505.40
2026/10/09 04:59:15.582, 2, 85973, 97871, 100, 510.09
2026/10/09 04:59:15.582, 3, 85971, 97871, 100, 498.15
2026/10/09 04:59:16.582, 0, 85973, 97871, 100, 508.33
2026/10/09 04:59:16.582, 1, 85971, 97871, 100, 505.16
2026/10/09 04:59:16.582, 2, 85973, 97871, 100, 507.08
2026/10/09 04:59:16.582, 3, 85971, 97871, 100, 494.28
2026/10/09 04:59:17.582, 0, 85973, 97871, 100, 514.78
2026/10/09 04:59:17.582, 1, 85971, 97871, 100, 511.65
2026/10/09 04:59:17.582, 2, 85973, 97871, 100, 508.91
2026/10/09 04:59:17.582, 3, 85971, 97871, 100, 494.17
2026/10/09 04:59:18.582, 0, 85973, 97871, 100, 507.33
2026/10/09 04:59:18.582, 1, 85971, 97871, 100, 508.80
2026/10/09 04:59:18.582, 2, 85973, 97871, 100, 504.77
2026/10/09 04:59:18.582, 3, 85971, 97871, 100, 490.78
2026/10/09 04:59:19.583, 0, 85973, 97871, 100, 513.40
2026/10/09 04:59:19.583, 1, 85971, 97871, 100, 508.80
2026/10/09 04:59:19.583, 2, 85973, 97871, 100, 510.30
2026/10/09 04:59:19.583, 3, 85971, 97871, 100, 496.98
2026/10/09 04:59:20.583, 0, 85973, 97871, 100, 511.55
2026/10/09 04:59:20.588, 1, 85971, 97871, 100, 510.22
2026/10/09 04:59:20.588, 2, 85973, 97871, 100, 510.92
2026/10/09 04:59:20.588, 3, 85971, 97871, 100, 495.67
2026/10/09 04:59:21.588, 0, 85973, 97871, 100, 508.16
2026/10/09 04:59:21.588, 1, 85971, 97871, 100, 510.17
2026/10/09 04:59:21.588, 2, 85973, 97871, 100, 507.01
2026/10/09 04:59:21.589, 3, 85971, 97871, 100, 492.41
2026/10/09 04:59:22.589, 0, 85973, 97871, 100, 506.27
2026/10/09 04:59:22.590, 1, 85971, 97871, 100, 508.96
2026/10/09 04:59:22.590, 2, 85973, 97871, 100, 513.29
2026/10/09 04:59:22.590, 3, 85971, 97871, 100, 493.68
2026/10/09 04:59:23.590, 0, 85973, 97871, 100, 506.44
2026/10/09 04:59:23.590, 1, 85971, 97871, 100, 502.62
2026/10/09 04:59:23.590, 2, 85973, 97871, 100, 507.95
2026/10/09 04:59:23.590, 3, 85971, 97871, 100, 496.32
2026/10/09 04:59:24.590, 0, 85973, 97871, 100, 509.44
2026/10/09 04:59:24.590, 1, 85971, 97871, 100, 507.67
2026/10/09 04:59:24.590, 2, 85973, 97871, 100, 511.35
2026/10/09 04:59:24.590, 3, 85971, 97871, 100, 493.84
2026/10/09 04:59:25.590, 0, 85973, 97871, 100, 508.05
2026/10/09 04:59:25.590, 1, 85971, 97871, 100, 511.87
2026/10/09 04:59:25.590, 2, 85973, 97871, 100, 508.14
2026/10/09 04:59:25.591, 3, 85971, 97871, 100, 496.93
2026/10/09 04:59:26.591, 0, 85973, 97871, 100, 511.37
2026/10/09 04:59:26.591, 1, 85971, 97871, 100, 510.76
2026/10/09 04:59:26.591, 2, 85973, 97871, 100, 512.19
2026/10/09 04:59:26.591, 3, 85971, 97871, 100, 497.06
2026/10/09 04:59:27.591, 0, 85973, 97871, 100, 509.45
2026/10/09 04:59:27.591, 1, 85971, 97871, 100, 509.14
2026/10/09 04:59:27.591, 2, 85973, 97871, 100, 507.93
2026/10/09 04:59:27.591, 3, 85971, 97871, 100, 495.74
2026/10/09 04:59:28.591, 0, 85973, 97871, 100, 508.49
2026/10/09 04:59:28.591, 1, 85971, 97871, 100, 509.39
2026/10/09 04:59:28.591, 2, 85973, 97871, 100, 503.66
2026/10/09 04:59:28.591, 3, 85971, 97871, 100, 493.47
2026/10/09 04:59:29.591, 0, 85973, 97871, 100, 511.08
2026/10/09 04:59:29.591, 1, 85971, 97871, 100, 505.84
2026/10/09 04:59:29.592, 2, 85973, 97871, 100, 511.09
2026/10/09 04:59:29.592, 3, 85971, 97871, 100, 496.71
2026/10/09 04:59:30.592, 0, 85973, 97871, 100, 508.66
2026/10/09 04:59:30.594, 1, 85971, 97871, 100, 508.21
2026/10/09 04:59:30.595, 2, 85973, 97871, 100, 505.67
2026/10/09 04:59:30.595, 3, 85971, 97871, 100, 495.14
2026/10/09 04:59:31.595, 0, 85973, 97871, 100, 508.00
2026/10/09 04:59:31.595, 1, 85971, 97871, 100, 501.43
2026/10/09 04:59:31.595, 2, 85973, 97871, 100, 504.13
2026/10/09 04:59:31.596, 3, 85971, 97871, 100, 494.88
2026/10/09 04:59:32.596, 0, 85973, 97871, 100, 511.61
2026/10/09 04:59:32.596, 1, 85971, 97871, 100, 509.85
2026/10/09 04:59:32.596, 2, 85973, 97871, 100, 505.48
2026/10/09 04:59:32.596, 3, 85971, 97871, 100, 500.62
2026/10/09 04:59:33.596, 0, 85973, 97871, 100, 517.05
2026/10/09 04:59:33.596, 1, 85971, 97871, 100, 511.72
2026/10/09 04:59:33.596, 2, 85973, 97871, 100, 508.33
2026/10/09 04:59:33.596, 3, 85971, 97871, 100, 500.03
2026/10/09 04:59:34.597, 0, 85973, 97871, 100, 505.94
2026/10/09 04:59:34.597, 1, 85971, 97871, 100, 506.28
2026/10/09 04:59:34.597, 2, 85973, 97871, 100, 504.72
2026/10/09 04:59:34.597, 3, 85971, 97871, 100, 499.52
2026/10/09 04:59:35.597, 0, 85973, 97871, 100, 510.65
2026/10/09 04:59:35.597, 1, 85971, 97871, 100, 507.48
2026/10/09 04:59:35.597, 2, 85973, 97871, 100, 503.49
2026/10/09 04:59:35.597, 3, 85971, 97871, 100, 495.94
2026/10/09 04:59:36.597, 0, 85973, 97871, 100, 503.87
2026/10/09 04:59:36.597, 1, 85971, 97871, 100, 509.09
2026/10/09 04:59:36.597, 2, 85973, 97871, 100, 501.06
2026/10/09 04:59:36.597, 3, 85971, 97871, 100, 493.68
2026/10/09 04:59:37.597, 0, 85973, 97871, 100, 508.96
2026/10/09 04:59:37.597, 1, 85971, 97871, 100, 511.73
2026/10/09 04:59:37.597, 2, 85973, 97871, 100, 504.67
2026/10/09 04:59:37.597, 3, 85971, 97871, 100, 493.44
2026/10/09 04:59:38.597, 0, 85973, 97871, 100, 514.11
2026/10/09 04:59:38.598, 1, 85971, 97871, 100, 510.52
2026/10/09 04:59:38.598, 2, 85973, 97871, 100, 512.04
2026/10/09 04:59:38.598, 3, 85971, 97871, 100, 496.08
2026/10/09 04:59:39.598, 0, 85973, 97871, 100, 512.23
2026/10/09 04:59:39.598, 1, 85971, 97871, 100, 513.36
2026/10/09 04:59:39.598, 2, 85973, 97871, 100, 511.40
2026/10/09 04:59:39.598, 3, 85971, 97871, 100, 497.73
2026/10/09 04:59:40.598, 0, 85973, 97871, 100, 510.73
2026/10/09 04:59:40.602, 1, 85971, 97871, 100, 509.76
2026/10/09 04:59:40.602, 2, 85973, 97871, 100, 509.01
2026/10/09 04:59:40.602, 3, 85971, 97871, 100, 495.96
2026/10/09 04:59:41.602, 0, 85973, 97871, 100, 509.40
2026/10/09 04:59:41.602, 1, 85971, 97871, 100, 508.03
2026/10/09 04:59:41.602, 2, 85973, 97871, 100, 505.91
2026/10/09 04:59:41.603, 3, 85971, 97871, 100, 494.89
2026/10/09 04:59:42.603, 0, 85973, 97871, 100, 508.72
2026/10/09 04:59:42.603, 1, 85971, 97871, 100, 509.94
2026/10/09 04:59:42.603, 2, 85973, 97871, 100, 506.79
2026/10/09 04:59:42.603, 3, 85971, 97871, 100, 490.54
2026/10/09 04:59:43.603, 0, 85973, 97871, 100, 509.70
2026/10/09 04:59:43.603, 1, 85971, 97871, 100, 506.48
2026/10/09 04:59:43.603, 2, 85973, 97871, 100, 507.18
2026/10/09 04:59:43.603, 3, 85971, 97871, 100, 495.58
2026/10/09 04:59:44.603, 0, 85973, 97871, 100, 509.67
2026/10/09 04:59:44.603, 1, 85971, 97871, 100, 507.23
2026/10/09 04:59:44.603, 2, 85973, 97871, 100, 508.52
2026/10/09 04:59:44.603, 3, 85971, 97871, 100, 498.19
2026/10/09 04:59:45.604, 0, 85973, 97871, 100, 511.59
2026/10/09 04:59:45.604, 1, 85971, 97871, 100, 512.81
2026/10/09 04:59:45.604, 2, 85973, 97871, 100, 511.82
2026/10/09 04:59:45.604, 3, 85971, 97871, 100, 497.00
2026/10/09 04:59:46.604, 0, 85973, 97871, 100, 509.88
2026/10/09 04:59:46.604, 1, 85971, 97871, 100, 510.30
2026/10/09 04:59:46.604, 2, 85973, 97871, 100, 508.36
2026/10/09 04:59:46.604, 3, 85971, 97871, 100, 498.33
2026/10/09 04:59:47.604, 0, 85973, 97871, 100, 507.77
2026/10/09 04:59:47.604, 1, 85971, 97871, 100, 511.26
2026/10/09 04:59:47.604, 2, 85973, 97871, 100, 504.21
2026/10/09 04:59:47.604, 3, 85971, 97871, 100, 493.52
2026/10/09 04:59:48.604, 0, 85973, 97871, 100, 509.71
2026/10/09 04:59:48.604, 1, 85971, 97871, 100, 509.34
2026/10/09 04:59:48.604, 2, 85973, 97871, 100, 507.33
2026/10/09 04:59:48.604, 3, 85971, 97871, 100, 489.91
2026/10/09 04:59:49.604, 0, 85973, 97871, 100, 509.88
2026/10/09 04:59:49.605, 1, 85971, 97871, 100, 506.86
2026/10/09 04:59:49.605, 2, 85973, 97871, 100, 504.50
2026/10/09 04:59:49.605, 3, 85971, 97871, 100, 495.61
2026/10/09 04:59:50.605, 0, 85973, 97871, 100, 509.95
2026/10/09 04:59:50.611, 1, 85971, 97871, 100, 507.85
2026/10/09 04:59:50.611, 2, 85973, 97871, 100, 506.27
2026/10/09 04:59:50.611, 3, 85971, 97871, 100, 495.71
2026/10/09 04:59:51.611, 0, 85973, 97871, 100, 508.44
2026/10/09 04:59:51.611, 1, 85971, 97871, 100, 507.86
2026/10/09 04:59:51.611, 2, 85973, 97871, 100, 508.54
2026/10/09 04:59:51.612, 3, 85971, 97871, 100, 496.78
2026/10/09 04:59:52.612, 0, 85973, 97871, 100, 514.27
2026/10/09 04:59:52.612, 1, 85971, 97871, 100, 514.19
2026/10/09 04:59:52.612, 2, 85973, 97871, 100, 510.92
2026/10/09 04:59:52.612, 3, 85971, 97871, 100, 497.90
2026/10/09 04:59:53.612, 0, 85973, 97871, 100, 507.98
2026/10/09 04:59:53.612, 1, 85971, 97871, 100, 509.55
2026/10/09 04:59:53.612, 2, 85973, 97871, 100, 504.87
2026/10/09 04:59:53.612, 3, 85971, 97871, 100, 495.48
2026/10/09 04:59:54.612, 0, 85973, 97871, 100, 510.66
2026/10/09 04:59:54.612, 1, 85971, 97871, 100, 508.34
2026/10/09 04:59:54.612, 2, 85973, 97871, 100, 508.29
2026/10/09 04:59:54.612, 3, 85971, 97871, 100, 495.35
2026/10/09 04:59:55.612, 0, 85973, 97871, 100, 506.42
2026/10/09 04:59:55.612, 1, 85971, 97871, 100, 502.74
2026/10/09 04:59:55.612, 2, 85973, 97871, 100, 503.32
2026/10/09 04:59:55.613, 3, 85971, 97871, 100, 497.79
2026/10/09 04:59:56.613, 0, 85973, 97871, 43, 496.17
2026/10/09 04:59:56.613, 1, 85971, 97871, 100, 492.10
2026/10/09 04:59:56.613, 2, 85973, 97871, 52, 489.81
2026/10/09 04:59:56.613, 3, 85971, 97871, 97, 477.95
2026/10/09 04:59:57.613, 0, 85973, 97871, 100, 508.84
2026/10/09 04:59:57.613, 1, 85971, 97871, 100, 512.61
2026/10/09 04:59:57.613, 2, 85973, 97871, 100, 504.02
2026/10/09 04:59:57.613, 3, 85971, 97871, 100, 497.28
2026/10/09 04:59:58.613, 0, 85973, 97871, 100, 513.00
2026/10/09 04:59:58.613, 1, 85971, 97871, 100, 512.61
2026/10/09 04:59:58.613, 2, 85973, 97871, 100, 510.69
2026/10/09 04:59:58.613, 3, 85971, 97871, 100, 496.80
2026/10/09 04:59:59.613, 0, 85973, 97871, 100, 511.42
2026/10/09 04:59:59.613, 1, 85971, 97871, 100, 506.04
2026/10/09 04:59:59.614, 2, 85973, 97871, 100, 507.80
2026/10/09 04:59:59.614, 3, 85971, 97871, 100, 501.67
2026/10/09 05:00:00.614, 0, 85973, 97871, 100, 511.20
2026/10/09 05:00:00.617, 1, 85971, 97871, 100, 507.77
2026/10/09 05:00:00.617, 2, 85973, 97871, 100, 510.17
2026/10/09 05:00:00.617, 3, 85971, 97871, 100, 498.96
2026/10/09 05:00:01.617, 0, 85973, 97871, 100, 510.67
2026/10/09 05:00:01.617, 1, 85971, 97871, 100, 512.36
2026/10/09 05:00:01.617, 2, 85973, 97871, 100, 512.12
2026/10/09 05:00:01.620, 3, 85971, 97871, 100, 498.73
2026/10/09 05:00:02.620, 0, 85973, 97871, 100, 510.69
2026/10/09 05:00:02.620, 1, 85971, 97871, 100, 508.13
2026/10/09 05:00:02.620, 2, 85973, 97871, 100, 500.43
2026/10/09 05:00:02.620, 3, 85971, 97871, 100, 492.94
2026/10/09 05:00:03.620, 0, 85973, 97871, 100, 509.13
2026/10/09 05:00:03.621, 1, 85971, 97871, 100, 510.10
2026/10/09 05:00:03.621, 2, 85973, 97871, 100, 505.11
2026/10/09 05:00:03.621, 3, 85971, 97871, 100, 496.92
2026/10/09 05:00:04.621, 0, 85973, 97871, 100, 513.16
2026/10/09 05:00:04.621, 1, 85971, 97871, 100, 511.46
2026/10/09 05:00:04.621, 2, 85973, 97871, 100, 511.06
2026/10/09 05:00:04.621, 3, 85971, 97871, 100, 498.66
2026/10/09 05:00:05.621, 0, 85973, 97871, 100, 512.22
2026/10/09 05:00:05.621, 1, 85971, 97871, 100, 507.60
2026/10/09 05:00:05.621, 2, 85973, 97871, 100, 505.24
2026/10/09 05:00:05.621, 3, 85971, 97871, 100, 498.80
2026/10/09 05:00:06.621, 0, 85973, 97871, 100, 507.97
2026/10/09 05:00:06.621, 1, 85971, 97871, 100, 510.62
2026/10/09 05:00:06.621, 2, 85973, 97871, 100, 506.14
2026/10/09 05:00:06.621, 3, 85971, 97871, 100, 497.01
2026/10/09 05:00:07.621, 0, 85973, 97871, 100, 509.44
2026/10/09 05:00:07.622, 1, 85971, 97871, 100, 507.63
2026/10/09 05:00:07.622, 2, 85973, 97871, 100, 503.50
2026/10/09 05:00:07.622, 3, 85971, 97871, 100, 490.57
2026/10/09 05:00:08.622, 0, 85973, 97871, 100, 508.05
2026/10/09 05:00:08.622, 1, 85971, 97871, 100, 506.51
2026/10/09 05:00:08.622, 2, 85973, 97871, 100, 502.85
2026/10/09 05:00:08.622, 3, 85971, 97871, 100, 490.28
2026/10/09 05:00:09.622, 0, 85973, 97871, 100, 510.54
2026/10/09 05:00:09.622, 1, 85971, 97871, 100, 511.10
2026/10/09 05:00:09.622, 2, 85973, 97871, 100, 505.26
2026/10/09 05:00:09.622, 3, 85971, 97871, 100, 494.33
2026/10/09 05:00:10.622, 0, 85973, 97871, 100, 515.53
2026/10/09 05:00:10.628, 1, 85971, 97871, 100, 514.15
2026/10/09 05:00:10.628, 2, 85973, 97871, 100, 513.14
2026/10/09 05:00:10.628, 3, 85971, 97871, 100, 503.28
2026/10/09 05:00:11.628, 0, 85973, 97871, 100, 513.95
2026/10/09 05:00:11.628, 1, 85971, 97871, 100, 510.30
2026/10/09 05:00:11.628, 2, 85973, 97871, 100, 511.73
2026/10/09 05:00:11.637, 3, 85971, 97871, 100, 499.50
2026/10/09 05:00:12.637, 0, 85973, 97871, 100, 509.60
2026/10/09 05:00:12.637, 1, 85971, 97871, 100, 509.20
2026/10/09 05:00:12.637, 2, 85973, 97871, 100, 515.58
2026/10/09 05:00:12.637, 3, 85971, 97871, 100, 496.49
2026/10/09 05:00:13.638, 0, 85973, 97871, 100, 510.94
2026/10/09 05:00:13.638, 1, 85971, 97871, 100, 506.02
2026/10/09 05:00:13.638, 2, 85973, 97871, 100, 508.74
2026/10/09 05:00:13.638, 3, 85971, 97871, 100, 495.35
2026/10/09 05:00:14.638, 0, 85973, 97871, 100, 508.87
2026/10/09 05:00:14.638, 1, 85971, 97871, 100, 510.23
2026/10/09 05:00:14.638, 2, 85973, 97871, 100, 508.55
2026/10/09 05:00:14.638, 3, 85971, 97871, 100, 491.10
2026/10/09 05:00:15.638, 0, 85973, 97871, 100, 506.23
2026/10/09 05:00:15.638, 1, 85971, 97871, 100, 508.05
2026/10/09 05:00:15.638, 2, 85973, 97871, 100, 506.20
2026/10/09 05:00:15.638, 3, 85971, 97871, 100, 495.13
2026/10/09 05:00:16.638, 0, 85973, 97871, 100, 509.96
2026/10/09 05:00:16.638, 1, 85971, 97871, 100, 510.64
2026/10/09 05:00:16.638, 2, 85973, 97871, 100, 509.09
2026/10/09 05:00:16.638, 3, 85971, 97871, 100, 499.93
2026/10/09 05:00:17.638, 0, 85973, 97871, 100, 513.38
2026/10/09 05:00:17.639, 1, 85971, 97871, 100, 512.03
2026/10/09 05:00:17.639, 2, 85973, 97871, 100, 508.80
2026/10/09 05:00:17.639, 3, 85971, 97871, 100, 495.34
2026/10/09 05:00:18.639, 0, 85973, 97871, 100, 511.69
2026/10/09 05:00:18.639, 1, 85971, 97871, 100, 511.96
2026/10/09 05:00:18.639, 2, 85973, 97871, 100, 508.61
2026/10/09 05:00:18.639, 3, 85971, 97871, 100, 500.10
2026/10/09 05:00:19.639, 0, 85973, 97871, 100, 509.36
2026/10/09 05:00:19.639, 1, 85971, 97871, 100, 508.09
2026/10/09 05:00:19.639, 2, 85973, 97871, 100, 507.26
2026/10/09 05:00:19.639, 3, 85971, 97871, 100, 495.93
2026/10/09 05:00:20.639, 0, 85973, 97871, 100, 507.66
2026/10/09 05:00:20.639, 1, 85971, 97871, 100, 507.92
2026/10/09 05:00:20.639, 2, 85973, 97871, 100, 505.84
2026/10/09 05:00:20.639, 3, 85971, 97871, 100, 491.02
2026/10/09 05:00:21.641, 0, 85973, 97871, 100, 506.00
2026/10/09 05:00:21.641, 1, 85971, 97871, 100, 505.64
2026/10/09 05:00:21.641, 2, 85973, 97871, 100, 505.00
2026/10/09 05:00:21.650, 3, 85971, 97871, 100, 497.18
2026/10/09 05:00:22.650, 0, 85973, 97871, 100, 509.26
2026/10/09 05:00:22.650, 1, 85971, 97871, 100, 505.54
2026/10/09 05:00:22.650, 2, 85973, 97871, 100, 504.79
2026/10/09 05:00:22.650, 3, 85971, 97871, 100, 491.28
2026/10/09 05:00:23.650, 0, 85973, 97871, 100, 511.99
2026/10/09 05:00:23.650, 1, 85971, 97871, 100, 512.23
2026/10/09 05:00:23.650, 2, 85973, 97871, 100, 507.80
2026/10/09 05:00:23.650, 3, 85971, 97871, 100, 495.70
2026/10/09 05:00:24.650, 0, 85973, 97871, 100, 512.97
2026/10/09 05:00:24.650, 1, 85971, 97871, 100, 511.26
2026/10/09 05:00:24.651, 2, 85973, 97871, 100, 515.38
2026/10/09 05:00:24.651, 3, 85971, 97871, 100, 498.77
2026/10/09 05:00:25.651, 0, 85973, 97871, 100, 505.97
2026/10/09 05:00:25.651, 1, 85971, 97871, 100, 508.79
2026/10/09 05:00:25.651, 2, 85973, 97871, 100, 508.12
2026/10/09 05:00:25.651, 3, 85971, 97871, 100, 494.47
2026/10/09 05:00:26.651, 0, 85973, 97871, 100, 505.02
2026/10/09 05:00:26.651, 1, 85971, 97871, 100, 510.24
2026/10/09 05:00:26.651, 2, 85973, 97871, 100, 509.27
2026/10/09 05:00:26.651, 3, 85971, 97871, 100, 491.66
2026/10/09 05:00:27.651, 0, 85973, 97871, 100, 507.34
2026/10/09 05:00:27.651, 1, 85971, 97871, 100, 506.00
2026/10/09 05:00:27.651, 2, 85973, 97871, 100, 502.91
2026/10/09 05:00:27.651, 3, 85971, 97871, 100, 496.11
2026/10/09 05:00:28.651, 0, 85973, 97871, 100, 508.28
2026/10/09 05:00:28.651, 1, 85971, 97871, 100, 510.18
2026/10/09 05:00:28.651, 2, 85973, 97871, 100, 505.09
2026/10/09 05:00:28.651, 3, 85971, 97871, 100, 503.03
2026/10/09 05:00:29.651, 0, 85973, 97871, 100, 511.53
2026/10/09 05:00:29.652, 1, 85971, 97871, 100, 513.74
2026/10/09 05:00:29.652, 2, 85973, 97871, 100, 508.39
2026/10/09 05:00:29.652, 3, 85971, 97871, 100, 495.22
2026/10/09 05:00:30.652, 0, 85973, 97871, 100, 509.74
2026/10/09 05:00:30.652, 1, 85971, 97871, 100, 511.34
2026/10/09 05:00:30.652, 2, 85973, 97871, 100, 508.64
2026/10/09 05:00:30.652, 3, 85971, 97871, 100, 494.33
2026/10/09 05:00:31.653, 0, 85973, 97871, 100, 510.40
2026/10/09 05:00:31.654, 1, 85971, 97871, 100, 509.98
2026/10/09 05:00:31.654, 2, 85973, 97871, 100, 512.43
2026/10/09 05:00:31.656, 3, 85971, 97871, 100, 494.67
2026/10/09 05:00:32.656, 0, 85973, 97871, 100, 510.74
2026/10/09 05:00:32.656, 1, 85971, 97871, 100, 510.09
2026/10/09 05:00:32.657, 2, 85973, 97871, 100, 510.02
2026/10/09 05:00:32.657, 3, 85971, 97871, 100, 491.17
2026/10/09 05:00:33.657, 0, 85973, 97871, 100, 507.86
2026/10/09 05:00:33.657, 1, 85971, 97871, 100, 508.49
2026/10/09 05:00:33.657, 2, 85973, 97871, 100, 509.76
2026/10/09 05:00:33.657, 3, 85971, 97871, 100, 495.68
2026/10/09 05:00:34.657, 0, 85973, 97871, 100, 509.50
2026/10/09 05:00:34.657, 1, 85971, 97871, 100, 510.08
2026/10/09 05:00:34.657, 2, 85973, 97871, 100, 511.24
2026/10/09 05:00:34.657, 3, 85971, 97871, 100, 497.55
2026/10/09 05:00:35.657, 0, 85973, 97871, 100, 513.21
2026/10/09 05:00:35.657, 1, 85971, 97871, 100, 508.42
2026/10/09 05:00:35.657, 2, 85973, 97871, 100, 508.97
2026/10/09 05:00:35.657, 3, 85971, 97871, 100, 494.10
2026/10/09 05:00:36.658, 0, 85973, 97871, 100, 513.22
2026/10/09 05:00:36.658, 1, 85971, 97871, 100, 514.71
2026/10/09 05:00:36.658, 2, 85973, 97871, 100, 510.08
2026/10/09 05:00:36.658, 3, 85971, 97871, 100, 499.20
2026/10/09 05:00:37.658, 0, 85973, 97871, 100, 509.57
2026/10/09 05:00:37.658, 1, 85971, 97871, 100, 508.60
2026/10/09 05:00:37.658, 2, 85973, 97871, 100, 509.42
2026/10/09 05:00:37.658, 3, 85971, 97871, 100, 496.10
2026/10/09 05:00:38.658, 0, 85973, 97871, 100, 509.69
2026/10/09 05:00:38.658, 1, 85971, 97871, 100, 509.21
2026/10/09 05:00:38.658, 2, 85973, 97871, 100, 502.49
2026/10/09 05:00:38.658, 3, 85971, 97871, 100, 496.75
2026/10/09 05:00:39.658, 0, 85973, 97871, 100, 506.30
2026/10/09 05:00:39.658, 1, 85971, 97871, 100, 506.35
2026/10/09 05:00:39.658, 2, 85973, 97871, 100, 504.61
2026/10/09 05:00:39.658, 3, 85971, 97871, 100, 490.18
2026/10/09 05:00:40.659, 0, 85973, 97871, 100, 513.24
2026/10/09 05:00:40.659, 1, 85971, 97871, 100, 511.33
2026/10/09 05:00:40.659, 2, 85973, 97871, 100, 510.81
2026/10/09 05:00:40.659, 3, 85971, 97871, 100, 503.62
2026/10/09 05:00:41.660, 0, 85973, 97871, 100, 511.68
2026/10/09 05:00:41.660, 1, 85971, 97871, 100, 510.67
2026/10/09 05:00:41.660, 2, 85973, 97871, 100, 506.10
2026/10/09 05:00:41.669, 3, 85971, 97871, 100, 499.24
2026/10/09 05:00:42.669, 0, 85973, 97871, 100, 514.64
2026/10/09 05:00:42.669, 1, 85971, 97871, 100, 515.18
2026/10/09 05:00:42.669, 2, 85973, 97871, 100, 515.08
2026/10/09 05:00:42.669, 3, 85971, 97871, 100, 502.45
2026/10/09 05:00:43.669, 0, 85973, 97871, 100, 512.32
2026/10/09 05:00:43.669, 1, 85971, 97871, 100, 514.13
2026/10/09 05:00:43.669, 2, 85973, 97871, 100, 509.44
2026/10/09 05:00:43.669, 3, 85971, 97871, 100, 495.73
2026/10/09 05:00:44.669, 0, 85973, 97871, 100, 505.76
2026/10/09 05:00:44.670, 1, 85971, 97871, 100, 509.16
2026/10/09 05:00:44.670, 2, 85973, 97871, 100, 508.79
2026/10/09 05:00:44.670, 3, 85971, 97871, 100, 493.84
2026/10/09 05:00:45.670, 0, 85973, 97871, 100, 513.36
2026/10/09 05:00:45.670, 1, 85971, 97871, 100, 508.49
2026/10/09 05:00:45.670, 2, 85973, 97871, 100, 507.89
2026/10/09 05:00:45.670, 3, 85971, 97871, 100, 490.74
2026/10/09 05:00:46.670, 0, 85973, 97871, 100, 508.59
2026/10/09 05:00:46.670, 1, 85971, 97871, 100, 504.40
2026/10/09 05:00:46.670, 2, 85973, 97871, 100, 508.99
2026/10/09 05:00:46.670, 3, 85971, 97871, 100, 490.53
2026/10/09 05:00:47.670, 0, 85973, 97871, 100, 507.83
2026/10/09 05:00:47.670, 1, 85971, 97871, 100, 500.26
2026/10/09 05:00:47.670, 2, 85973, 97871, 100, 503.45
2026/10/09 05:00:47.670, 3, 85971, 97871, 100, 495.95
2026/10/09 05:00:48.671, 0, 85973, 97871, 100, 473.56
2026/10/09 05:00:48.671, 1, 85971, 97871, 73, 474.88
2026/10/09 05:00:48.671, 2, 85973, 97871, 100, 478.37
2026/10/09 05:00:48.671, 3, 85971, 97871, 100, 464.35
2026/10/09 05:00:49.671, 0, 85973, 97871, 100, 386.82
2026/10/09 05:00:49.671, 1, 85971, 97871, 54, 419.20
2026/10/09 05:00:49.671, 2, 85973, 97871, 100, 405.23
2026/10/09 05:00:49.671, 3, 85971, 97871, 100, 396.12
2026/10/09 05:00:50.671, 0, 85973, 97871, 100, 323.27
2026/10/09 05:00:50.671, 1, 85971, 97871, 43, 329.08
2026/10/09 05:00:50.671, 2, 85973, 97871, 100, 342.89
2026/10/09 05:00:50.671, 3, 85971, 97871, 100, 318.02
2026/10/09 05:00:51.671, 0, 85973, 97871, 8, 384.87
2026/10/09 05:00:51.671, 1, 85971, 97871, 99, 394.27
2026/10/09 05:00:51.671, 2, 85973, 97871, 99, 401.64
2026/10/09 05:00:51.674, 3, 85971, 97871, 40, 374.09
2026/10/09 05:00:52.674, 0, 85973, 97871, 0, 142.27
2026/10/09 05:00:52.674, 1, 85971, 97871, 0, 143.44
2026/10/09 05:00:52.674, 2, 85973, 97871, 0, 149.18
2026/10/09 05:00:52.674, 3, 85971, 97871, 0, 134.67
2026/10/09 05:00:53.674, 0, 554, 97871, 0, 142.82
2026/10/09 05:00:53.680, 1, 78027, 97871, 3, 143.25
2026/10/09 05:00:53.680, 2, 555, 97871, 0, 149.13
2026/10/09 05:00:53.680, 3, 78027, 97871, 0, 133.53
2026/10/09 05:00:54.687, 0, 6, 97871, 0, 144.63
2026/10/09 05:00:54.687, 1, 5, 97871, 0, 145.24
2026/10/09 05:00:54.687, 2, 7, 97871, 0, 150.37
2026/10/09 05:00:54.687, 3, 5, 97871, 0, 136.82
2026/10/09 05:00:55.688, 0, 6, 97871, 0, 130.35
2026/10/09 05:00:55.688, 1, 5, 97871, 0, 135.44
2026/10/09 05:00:55.688, 2, 7, 97871, 0, 123.68
2026/10/09 05:00:55.688, 3, 5, 97871, 0, 136.03
